v 0.022217 -0.251709 -0.349365
v 0.014893 -0.252197 -0.348389
v 0.021729 -0.251221 -0.339111
v 0.016846 -0.252686 -0.342529
v 0.017334 -0.251709 -0.336670
v 0.016357 -0.250244 -0.331787
v 0.001709 -0.250732 -0.336182
v 0.211182 -0.437744 -0.037842
v 0.208740 -0.437744 -0.038330
v 0.210693 -0.439209 -0.032959
v 0.208252 -0.438721 -0.033447
v 0.204834 -0.440186 -0.009033
v 0.205811 -0.438721 -0.009033
v 0.203369 -0.438232 -0.010010
v 0.202393 -0.439697 -0.010010
v 0.212158 -0.435303 -0.037842
v 0.212646 -0.435791 -0.032471
v 0.209229 -0.433838 -0.043701
v 0.206299 -0.435303 -0.039307
v 0.205811 -0.432373 -0.039795
v 0.204834 -0.435791 -0.034424
v 0.209717 -0.431885 -0.038330
v 0.208252 -0.430908 -0.038818
v 0.209229 -0.431396 -0.033936
v 0.203857 -0.431885 -0.035400
v 0.206787 -0.430420 -0.034424
v 0.206787 -0.435303 -0.009033
v 0.199463 -0.434814 -0.011475
v 0.200439 -0.429932 -0.011963
v 0.202881 -0.430908 -0.010986
v 0.197998 -0.430908 -0.012451
v 0.382568 -0.241455 -0.353760
v 0.379150 -0.231689 -0.350830
v 0.381592 -0.234131 -0.343994
v 0.382568 -0.242432 -0.343018
v 0.375244 -0.243408 -0.338135
v 0.375244 -0.242432 -0.331787
v 0.381592 -0.236084 -0.337646
v 0.380127 -0.240967 -0.332764
v 0.380127 -0.237061 -0.331787
v 0.376709 -0.227783 -0.329346
v 0.376221 -0.224365 -0.336670
v 0.375732 -0.232178 -0.322998
v 0.412842 -0.197510 -0.355713
v 0.412842 -0.197510 -0.343018
v 0.408936 -0.196045 -0.332275
v 0.409424 -0.189209 -0.343506
v 0.408936 -0.190186 -0.336182
v 0.407471 -0.191162 -0.331299
v 0.405029 -0.202881 -0.343994
v 0.401611 -0.200928 -0.350830
v 0.402100 -0.194580 -0.351807
v 0.405518 -0.188721 -0.350830
v 0.387451 -0.201904 -0.346436
v 0.389404 -0.190674 -0.347900
v 0.392822 -0.205322 -0.338135
v 0.395264 -0.203369 -0.329346
v 0.375732 -0.204834 -0.319092
v 0.405518 -0.201416 -0.336670
v 0.405029 -0.199463 -0.331299
v 0.397705 -0.199463 -0.323975
v 0.400635 -0.193604 -0.321045
v 0.378174 -0.201904 -0.320068
v 0.380615 -0.197998 -0.310303
v 0.382080 -0.196533 -0.312256
v 0.375244 -0.197998 -0.306885
v 0.385498 -0.188721 -0.308838
v 0.384521 -0.188232 -0.306396
v 0.394775 -0.180908 -0.346436
v 0.401123 -0.180908 -0.337646
v 0.402100 -0.183350 -0.328857
v 0.402100 -0.187256 -0.323486
v 0.386475 -0.172607 -0.330811
v 0.379150 -0.173096 -0.342041
v 0.387939 -0.175049 -0.319580
v 0.383057 -0.169678 -0.339111
v 0.386475 -0.168701 -0.330322
v 0.380127 -0.164307 -0.336182
v 0.383545 -0.163330 -0.328369
v 0.383545 -0.157471 -0.332275
v 0.384033 -0.159912 -0.330322
v 0.380615 -0.160889 -0.337158
v 0.375732 -0.156494 -0.340576
v 0.387451 -0.171143 -0.318604
v 0.381592 -0.161377 -0.316162
v 0.407959 -0.137939 -0.347412
v 0.407959 -0.136963 -0.340088
v 0.404053 -0.142822 -0.347412
v 0.402100 -0.139404 -0.348877
v 0.402100 -0.134521 -0.347900
v 0.389404 -0.140381 -0.345947
v 0.387939 -0.130615 -0.344971
v 0.397705 -0.150146 -0.337158
v 0.393311 -0.149170 -0.343506
v 0.404541 -0.144287 -0.342041
v 0.405029 -0.142334 -0.336182
v 0.399170 -0.146729 -0.329834
v 0.399170 -0.141846 -0.323975
v 0.384521 -0.152588 -0.320557
v 0.385010 -0.155029 -0.318604
v 0.404053 -0.139893 -0.330811
v 0.405029 -0.136475 -0.331787
v 0.402100 -0.133057 -0.331299
v 0.401123 -0.132080 -0.343018
v 0.402100 -0.132568 -0.337158
v 0.393311 -0.128174 -0.331299
v 0.398682 -0.135986 -0.322021
v 0.396240 -0.131104 -0.324951
v 0.390381 -0.127197 -0.338623
v 0.379150 -0.129639 -0.312744
v 0.387451 -0.180908 -0.312256
v 0.380615 -0.187256 -0.302979
v 0.386963 -0.178955 -0.309814
v 0.383057 -0.175537 -0.306396
v 0.384033 -0.146729 -0.309814
v 0.384521 -0.145264 -0.312256
v 0.380127 -0.148193 -0.306396
v 0.382568 -0.136963 -0.308838
v 0.382080 -0.137451 -0.306396
v 0.378662 -0.137939 -0.303467
v 0.378662 -0.128662 -0.310303
v 0.375244 -0.128174 -0.306885
v 0.373779 -0.243896 -0.344482
v 0.370850 -0.242432 -0.350830
v 0.373291 -0.235596 -0.353271
v 0.355713 -0.240479 -0.345947
v 0.361572 -0.228760 -0.350342
v 0.371826 -0.221436 -0.345459
v 0.348877 -0.221924 -0.347900
v 0.345947 -0.219971 -0.347900
v 0.360107 -0.242432 -0.337158
v 0.364014 -0.242432 -0.329834
v 0.368408 -0.240479 -0.323486
v 0.372803 -0.237061 -0.320068
v 0.349854 -0.236572 -0.322021
v 0.346924 -0.237549 -0.320068
v 0.367920 -0.219482 -0.322021
v 0.365967 -0.224365 -0.313721
v 0.356201 -0.233643 -0.314209
v 0.327881 -0.231201 -0.343994
v 0.340088 -0.235107 -0.342041
v 0.336182 -0.237549 -0.337646
v 0.340088 -0.238525 -0.329834
v 0.343506 -0.237549 -0.331299
v 0.343506 -0.237061 -0.331299
v 0.330811 -0.237549 -0.328857
v 0.339600 -0.236084 -0.317627
v 0.326904 -0.236084 -0.337646
v 0.336670 -0.233154 -0.343506
v 0.349365 -0.200928 -0.344482
v 0.367432 -0.215576 -0.331299
v 0.368896 -0.213135 -0.330322
v 0.365967 -0.211182 -0.338135
v 0.362549 -0.212646 -0.342041
v 0.368896 -0.204346 -0.339600
v 0.372314 -0.207275 -0.330811
v 0.367920 -0.209229 -0.328857
v 0.374756 -0.204346 -0.331299
v 0.364502 -0.206787 -0.337158
v 0.368408 -0.217041 -0.320068
v 0.366943 -0.209717 -0.316650
v 0.359131 -0.210693 -0.343506
v 0.357178 -0.203369 -0.342529
v 0.369385 -0.199951 -0.342529
v 0.364502 -0.197998 -0.343018
v 0.340088 -0.217529 -0.348389
v 0.331299 -0.213623 -0.349365
v 0.314697 -0.194092 -0.346436
v 0.362061 -0.229736 -0.310303
v 0.361572 -0.229248 -0.307861
v 0.365967 -0.222900 -0.311768
v 0.362549 -0.219971 -0.308350
v 0.354736 -0.234131 -0.311279
v 0.357666 -0.226807 -0.304932
v 0.349854 -0.232178 -0.308350
v 0.334717 -0.223877 -0.302002
v 0.344971 -0.217041 -0.298096
v 0.351318 -0.213135 -0.300537
v 0.356201 -0.205322 -0.305420
v 0.348389 -0.201904 -0.297119
v 0.359131 -0.195068 -0.298096
v 0.335693 -0.199951 -0.289307
v 0.341064 -0.202393 -0.263428
v 0.298584 -0.219971 -0.344482
v 0.299561 -0.226807 -0.328369
v 0.297119 -0.225342 -0.337646
v 0.308350 -0.223877 -0.313232
v 0.281494 -0.187744 -0.347412
v 0.275635 -0.206787 -0.344971
v 0.273682 -0.211182 -0.338135
v 0.274658 -0.212646 -0.328857
v 0.278564 -0.211670 -0.318115
v 0.259521 -0.187744 -0.338135
v 0.259033 -0.189697 -0.329346
v 0.261475 -0.191162 -0.320557
v 0.311768 -0.219482 -0.268799
v 0.279053 -0.220947 -0.276123
v 0.311279 -0.211670 -0.297119
v 0.283936 -0.212158 -0.304932
v 0.260498 -0.194580 -0.310303
v 0.366455 -0.183838 -0.344482
v 0.357178 -0.181396 -0.344971
v 0.371338 -0.185303 -0.343506
v 0.374756 -0.171631 -0.342529
v 0.371338 -0.163818 -0.341553
v 0.373779 -0.158447 -0.341553
v 0.363037 -0.163330 -0.343018
v 0.321045 -0.173096 -0.345459
v 0.365479 -0.142822 -0.344971
v 0.359131 -0.143311 -0.347412
v 0.368408 -0.142334 -0.343506
v 0.365967 -0.127197 -0.342041
v 0.328857 -0.149170 -0.346924
v 0.335205 -0.125732 -0.347900
v 0.359619 -0.179932 -0.292236
v 0.347900 -0.176514 -0.286377
v 0.367920 -0.168213 -0.297119
v 0.370361 -0.158447 -0.304932
v 0.361572 -0.156982 -0.295166
v 0.355713 -0.174072 -0.263428
v 0.367920 -0.146729 -0.299072
v 0.359619 -0.142334 -0.298584
v 0.350830 -0.152100 -0.286377
v 0.354248 -0.128662 -0.302979
v 0.357178 -0.146240 -0.266846
v 0.343018 -0.126221 -0.290283
v 0.283936 -0.165283 -0.346924
v 0.262939 -0.185303 -0.344971
v 0.261963 -0.161377 -0.344971
v 0.257568 -0.161377 -0.338135
v 0.256592 -0.162354 -0.329346
v 0.256592 -0.165283 -0.321045
v 0.291260 -0.145752 -0.347412
v 0.311768 -0.125244 -0.346436
v 0.290771 -0.128174 -0.345459
v 0.271729 -0.140869 -0.344971
v 0.268311 -0.137939 -0.338135
v 0.266846 -0.136963 -0.329346
v 0.266357 -0.139404 -0.320557
v 0.254150 -0.169189 -0.312256
v 0.261963 -0.142822 -0.312256
v 0.368896 -0.121338 -0.334229
v 0.363037 -0.121338 -0.342041
v 0.366455 -0.118408 -0.334229
v 0.374756 -0.123779 -0.322021
v 0.373291 -0.121338 -0.320068
v 0.367432 -0.118896 -0.318115
v 0.354736 -0.117920 -0.343506
v 0.358154 -0.114502 -0.334717
v 0.333252 -0.115967 -0.342041
v 0.335205 -0.112061 -0.332275
v 0.337158 -0.115967 -0.314209
v 0.319580 -0.113525 -0.299561
v 0.317139 -0.106201 -0.281982
v 0.343506 -0.121338 -0.273682
v 0.339600 -0.116455 -0.253174
v 0.312744 -0.101807 -0.263916
v 0.309814 -0.117432 -0.339600
v 0.309814 -0.114014 -0.329834
v 0.288818 -0.121826 -0.338623
v 0.287842 -0.119385 -0.329346
v 0.286865 -0.121338 -0.318115
v 0.281494 -0.121338 -0.309326
v 0.270264 -0.111572 -0.290283
v 0.262451 -0.105713 -0.274170
v 0.259033 -0.105225 -0.257080
v 0.305420 -0.049561 -0.262451
v 0.256592 -0.052979 -0.278564
v 0.306396 -0.000732 -0.271240
v 0.257080 -0.000732 -0.287354
v 0.341064 -0.201904 -0.239014
v 0.332764 -0.197998 -0.216064
v 0.328369 -0.192627 -0.200439
v 0.330811 -0.188721 -0.193604
v 0.313721 -0.197510 -0.132080
v 0.309814 -0.223389 -0.242432
v 0.302490 -0.220947 -0.217529
v 0.271729 -0.227295 -0.249756
v 0.265869 -0.226807 -0.224365
v 0.300537 -0.213135 -0.197021
v 0.263428 -0.218506 -0.197510
v 0.305908 -0.204834 -0.181885
v 0.310303 -0.199463 -0.166748
v 0.311279 -0.199951 -0.150146
v 0.270264 -0.207764 -0.173584
v 0.275146 -0.200439 -0.156982
v 0.273682 -0.201904 -0.142822
v 0.357666 -0.170654 -0.239502
v 0.349854 -0.167236 -0.214111
v 0.339600 -0.163818 -0.197021
v 0.337158 -0.160889 -0.189209
v 0.356201 -0.140869 -0.243896
v 0.349365 -0.138428 -0.221924
v 0.340576 -0.137451 -0.205322
v 0.339600 -0.134033 -0.196533
v 0.335693 -0.136475 -0.199951
v 0.355713 -0.156494 -0.175049
v 0.345947 -0.180908 -0.143799
v 0.336182 -0.186768 -0.184326
v 0.341553 -0.184326 -0.163818
v 0.342529 -0.159424 -0.185303
v 0.352295 -0.127686 -0.183350
v 0.364502 -0.151611 -0.156006
v 0.368896 -0.145264 -0.130127
v 0.317627 -0.188721 -0.108643
v 0.274658 -0.198975 -0.124268
v 0.279541 -0.190186 -0.099854
v 0.349365 -0.172607 -0.119385
v 0.347900 -0.157959 -0.088623
v 0.319580 -0.171631 -0.078857
v 0.366455 -0.135986 -0.098389
v 0.360596 -0.131104 -0.078857
v 0.343994 -0.140381 -0.061768
v 0.318604 -0.149170 -0.050537
v 0.314697 -0.125244 -0.029053
v 0.285400 -0.173584 -0.070557
v 0.250244 -0.160889 -0.064697
v 0.288330 -0.150635 -0.042725
v 0.254639 -0.138916 -0.036377
v 0.384521 -0.079834 -0.143311
v 0.375732 -0.000732 -0.220459
v 0.390869 -0.047119 -0.183350
v 0.402100 -0.046631 -0.149170
v 0.410400 -0.000732 -0.151611
v 0.399170 -0.000732 -0.186768
v 0.388428 -0.078857 -0.110107
v 0.385010 -0.075928 -0.071045
v 0.406494 -0.045166 -0.114014
v 0.404541 -0.042725 -0.072998
v 0.414307 -0.000732 -0.115479
v 0.411865 -0.000732 -0.074463
v 0.393799 -0.038330 -0.032959
v 0.378174 -0.033936 -0.003174
v 0.400635 -0.000732 -0.033936
v 0.384521 -0.000732 -0.004150
v 0.333740 -0.115479 -0.234131
v 0.327881 -0.115967 -0.219482
v 0.322510 -0.115967 -0.212646
v 0.319092 -0.110107 -0.204834
v 0.356201 -0.082275 -0.201904
v 0.330811 -0.083740 -0.225342
v 0.363525 -0.121826 -0.163330
v 0.356201 -0.103760 -0.165771
v 0.369873 -0.117920 -0.135498
v 0.365479 -0.102783 -0.136963
v 0.340576 -0.106689 -0.186768
v 0.374268 -0.080811 -0.175049
v 0.308838 -0.101318 -0.246826
v 0.305420 -0.102783 -0.234131
v 0.301514 -0.104248 -0.224854
v 0.297119 -0.104248 -0.217041
v 0.257568 -0.106201 -0.243896
v 0.255615 -0.107666 -0.230713
v 0.254150 -0.108643 -0.220459
v 0.301514 -0.084229 -0.242920
v 0.369873 -0.047607 -0.214600
v 0.340088 -0.048096 -0.241943
v 0.343506 -0.000732 -0.249756
v 0.367920 -0.115967 -0.103760
v 0.365967 -0.102783 -0.106689
v 0.357666 -0.117432 -0.069580
v 0.355225 -0.104248 -0.068115
v 0.338623 -0.121826 -0.043213
v 0.332275 -0.106689 -0.034424
v 0.332275 -0.106689 -0.033936
v 0.327881 -0.096436 -0.016357
v 0.347412 -0.088135 -0.023193
v 0.373779 -0.069580 -0.030029
v 0.288818 -0.124268 -0.021240
v 0.307861 -0.106201 -0.016357
v 0.285889 -0.103271 -0.006592
v 0.259033 -0.114014 -0.014404
v 0.263916 -0.095947 -0.000244
v 0.249268 -0.201904 -0.284424
v 0.237549 -0.207764 -0.259033
v 0.239014 -0.172607 -0.289307
v 0.224854 -0.174561 -0.265381
v 0.246338 -0.140869 -0.291260
v 0.232666 -0.139893 -0.268311
v 0.079346 -0.197021 -0.252197
v 0.016846 -0.248291 -0.350342
v 0.020264 -0.244873 -0.348389
v 0.002686 -0.239502 -0.348877
v 0.011963 -0.231689 -0.344971
v 0.021729 -0.246338 -0.342529
v 0.021240 -0.246826 -0.336670
v 0.018799 -0.249268 -0.331787
v 0.019287 -0.246826 -0.331787
v 0.015869 -0.234619 -0.336182
v 0.015869 -0.237549 -0.329346
v 0.005127 -0.249756 -0.329834
v 0.008545 -0.247314 -0.324463
v 0.011963 -0.243896 -0.322021
v 0.014404 -0.240479 -0.323975
v 0.008057 -0.220947 -0.330811
v 0.000244 -0.219482 -0.342529
v 0.006592 -0.223389 -0.331787
v 0.005615 -0.226807 -0.322998
v 0.002686 -0.230713 -0.315674
v 0.002197 -0.229736 -0.313721
v 0.006104 -0.224365 -0.321045
v 0.050537 -0.211182 -0.349854
v 0.039795 -0.211670 -0.348389
v 0.040771 -0.205322 -0.349365
v 0.044189 -0.200439 -0.348389
v 0.049561 -0.211182 -0.340088
v 0.047119 -0.203857 -0.336182
v 0.043213 -0.214600 -0.343018
v 0.042725 -0.213623 -0.336670
v 0.041260 -0.212158 -0.330811
v 0.045166 -0.209229 -0.330811
v 0.044678 -0.204834 -0.330322
v 0.032959 -0.211182 -0.322021
v 0.035889 -0.205322 -0.319092
v 0.048096 -0.202393 -0.343018
v 0.038330 -0.188721 -0.335205
v 0.038330 -0.198486 -0.321533
v 0.039307 -0.192627 -0.327881
v 0.020752 -0.209717 -0.343994
v 0.023193 -0.196045 -0.345459
v 0.027100 -0.215088 -0.335693
v 0.030029 -0.214600 -0.328369
v 0.008545 -0.217041 -0.329346
v 0.010498 -0.214111 -0.330322
v 0.011475 -0.211182 -0.330811
v 0.005127 -0.218506 -0.338623
v 0.003174 -0.213135 -0.338623
v 0.006592 -0.210693 -0.338135
v 0.004150 -0.204346 -0.342041
v 0.012451 -0.211670 -0.319092
v 0.005127 -0.216553 -0.316650
v 0.013428 -0.209229 -0.321045
v 0.056885 -0.204346 -0.251221
v 0.015869 -0.204346 -0.312256
v 0.014893 -0.205322 -0.309814
v 0.010986 -0.204346 -0.306885
v 0.019287 -0.197021 -0.308350
v 0.018311 -0.196533 -0.305908
v 0.022705 -0.188721 -0.311768
v 0.015381 -0.194580 -0.303467
v 0.007568 -0.189209 -0.298584
v 0.001221 -0.193604 -0.252197
v 0.110107 -0.156982 -0.250732
v 0.087158 -0.181885 -0.259521
v 0.087646 -0.162354 -0.264404
v 0.079834 -0.144287 -0.265869
v 0.091064 -0.131592 -0.255127
v 0.041260 -0.158447 -0.336182
v 0.043213 -0.156982 -0.328857
v 0.000732 -0.183838 -0.344971
v 0.008545 -0.158936 -0.343994
v 0.030518 -0.185303 -0.343506
v 0.024170 -0.177490 -0.330322
v 0.025635 -0.174072 -0.329346
v 0.015869 -0.174072 -0.341553
v 0.024658 -0.181885 -0.320068
v 0.025146 -0.178955 -0.318115
v 0.005615 -0.186279 -0.343506
v 0.026123 -0.168701 -0.328857
v 0.021240 -0.171631 -0.337646
v 0.020264 -0.164795 -0.338135
v 0.023682 -0.160889 -0.338135
v 0.028076 -0.163330 -0.330322
v 0.028076 -0.159424 -0.331299
v 0.023193 -0.167725 -0.313232
v 0.030029 -0.157471 -0.322021
v 0.029053 -0.160889 -0.319580
v 0.012451 -0.168701 -0.343018
v 0.056396 -0.150146 -0.347412
v 0.050537 -0.153076 -0.346924
v 0.050049 -0.147705 -0.347900
v 0.052002 -0.144287 -0.346924
v 0.035889 -0.155518 -0.343994
v 0.034912 -0.143311 -0.345459
v 0.055908 -0.151123 -0.338623
v 0.052979 -0.154053 -0.342041
v 0.052979 -0.154053 -0.336182
v 0.052002 -0.153076 -0.331299
v 0.053467 -0.151123 -0.331299
v 0.052490 -0.148682 -0.331299
v 0.053955 -0.145752 -0.342041
v 0.053955 -0.147217 -0.336670
v 0.044678 -0.154053 -0.323486
v 0.044678 -0.154053 -0.322998
v 0.045654 -0.150146 -0.321045
v 0.045654 -0.145264 -0.323486
v 0.043213 -0.136475 -0.336670
v 0.039307 -0.133545 -0.343506
v 0.044678 -0.140381 -0.329346
v 0.011963 -0.135010 -0.344482
v 0.005127 -0.131592 -0.346924
v 0.019775 -0.155029 -0.341553
v 0.031006 -0.153076 -0.314209
v 0.014893 -0.155029 -0.343018
v 0.027100 -0.126709 -0.331787
v 0.031006 -0.139404 -0.314697
v 0.030029 -0.137939 -0.312744
v 0.029541 -0.132568 -0.322510
v 0.028564 -0.129150 -0.322021
v 0.024170 -0.125244 -0.320557
v 0.015381 -0.136475 -0.343506
v 0.058350 -0.183350 -0.267822
v 0.034912 -0.179443 -0.269775
v 0.060303 -0.157471 -0.273193
v 0.022217 -0.186768 -0.309326
v 0.019775 -0.183838 -0.306396
v 0.014404 -0.177002 -0.301514
v 0.001221 -0.174072 -0.283936
v 0.011475 -0.162354 -0.300537
v 0.011963 -0.169678 -0.269775
v 0.014404 -0.170166 -0.266846
v 0.006592 -0.171143 -0.275635
v 0.031494 -0.146729 -0.311279
v 0.036377 -0.148682 -0.275146
v 0.059326 -0.132568 -0.268311
v 0.030029 -0.154541 -0.311768
v 0.026123 -0.154053 -0.308350
v 0.015869 -0.151611 -0.301514
v 0.030518 -0.146240 -0.308838
v 0.026611 -0.144775 -0.306396
v 0.015381 -0.140869 -0.302002
v 0.007080 -0.145264 -0.296631
v 0.006104 -0.142822 -0.291748
v 0.026123 -0.135010 -0.310791
v 0.016357 -0.129150 -0.307861
v 0.008545 -0.140381 -0.286377
v 0.018799 -0.137451 -0.270264
v 0.016846 -0.135498 -0.272705
v 0.012939 -0.136963 -0.278564
v 0.192627 -0.097900 -0.260498
v 0.132080 -0.093994 -0.265869
v 0.199951 -0.055908 -0.287842
v 0.200439 -0.000732 -0.296631
v 0.137451 -0.055908 -0.289795
v 0.138428 -0.000732 -0.298096
v 0.063232 -0.114502 -0.256592
v 0.070068 -0.081787 -0.267822
v 0.025635 -0.122803 -0.332275
v 0.021729 -0.123291 -0.340576
v 0.019775 -0.120850 -0.340576
v 0.020264 -0.117920 -0.331787
v 0.013916 -0.117920 -0.340576
v 0.010010 -0.112549 -0.330811
v 0.004150 -0.112061 -0.340088
v 0.013916 -0.119385 -0.318604
v 0.030029 -0.118408 -0.265381
v 0.008057 -0.107178 -0.256104
v 0.000244 -0.102295 -0.263916
v 0.005127 -0.103760 -0.257568
v 0.072021 -0.051514 -0.285889
v 0.072998 -0.000732 -0.293213
v 0.012939 -0.058838 -0.265869
v 0.010498 -0.000732 -0.280518
v 0.231201 -0.206299 -0.233643
v 0.232178 -0.200439 -0.205322
v 0.239990 -0.191650 -0.179932
v 0.219971 -0.169189 -0.209229
v 0.218506 -0.173096 -0.238525
v 0.226807 -0.139404 -0.244385
v 0.226318 -0.139404 -0.221924
v 0.228271 -0.139404 -0.205322
v 0.229736 -0.138916 -0.192139
v 0.244873 -0.185791 -0.163818
v 0.226807 -0.163818 -0.185791
v 0.230225 -0.159912 -0.171631
v 0.240479 -0.185303 -0.144775
v 0.224854 -0.137939 -0.180420
v 0.223877 -0.156006 -0.154541
v 0.218018 -0.151123 -0.132568
v 0.127686 -0.174561 -0.223389
v 0.137939 -0.165283 -0.191650
v 0.183350 -0.137939 -0.192627
v 0.135010 -0.133057 -0.198486
v 0.137451 -0.162842 -0.155518
v 0.180420 -0.150635 -0.148193
v 0.140869 -0.148193 -0.154541
v 0.219971 -0.191162 -0.031494
v 0.219482 -0.192139 -0.031006
v 0.217041 -0.192139 -0.032471
v 0.217529 -0.191162 -0.032471
v 0.216553 -0.189209 -0.024658
v 0.214111 -0.189209 -0.026123
v 0.239502 -0.181885 -0.122314
v 0.243408 -0.174561 -0.094971
v 0.218994 -0.151611 -0.096436
v 0.215576 -0.186279 -0.027588
v 0.218018 -0.186279 -0.026611
v 0.209717 -0.182861 -0.016357
v 0.215576 -0.177002 -0.020264
v 0.213135 -0.177002 -0.021240
v 0.212158 -0.182861 -0.015381
v 0.207764 -0.175537 -0.005615
v 0.205322 -0.175537 -0.006592
v 0.211182 -0.164795 -0.015869
v 0.213623 -0.164795 -0.014404
v 0.222412 -0.141846 -0.062256
v 0.212158 -0.151123 -0.010986
v 0.209717 -0.151123 -0.012451
v 0.212158 -0.137451 -0.010498
v 0.209717 -0.137939 -0.011963
v 0.213135 -0.125732 -0.013428
v 0.210693 -0.126221 -0.014893
v 0.176514 -0.152588 -0.103271
v 0.179443 -0.141846 -0.063721
v 0.128662 -0.155029 -0.116455
v 0.096436 -0.201416 -0.236084
v 0.111084 -0.200928 -0.211182
v 0.068115 -0.215088 -0.228760
v 0.080322 -0.217041 -0.198486
v 0.119873 -0.194092 -0.178467
v 0.088135 -0.210693 -0.164307
v 0.032959 -0.217041 -0.220947
v 0.025635 -0.204834 -0.246338
v 0.041748 -0.219971 -0.187256
v 0.048096 -0.213623 -0.152100
v 0.001221 -0.209229 -0.177002
v 0.004639 -0.202881 -0.144287
v 0.110596 -0.179932 -0.244385
v 0.124756 -0.147217 -0.232666
v 0.124268 -0.177979 -0.139893
v 0.094482 -0.189209 -0.120850
v 0.054443 -0.190186 -0.107666
v 0.102295 -0.156006 -0.087646
v 0.107666 -0.153076 -0.082275
v 0.124268 -0.136963 -0.055420
v 0.008545 -0.180420 -0.103760
v 0.061768 -0.152100 -0.074463
v 0.062256 -0.148193 -0.069092
v 0.011475 -0.143311 -0.078369
v 0.010498 -0.139404 -0.072510
v 0.242920 -0.096436 -0.249756
v 0.219971 -0.118408 -0.029541
v 0.217529 -0.118896 -0.030518
v 0.216064 -0.119385 -0.019775
v 0.213623 -0.119873 -0.021240
v 0.203857 -0.114990 -0.004150
v 0.202881 -0.111084 -0.010010
v 0.205811 -0.104248 -0.019775
v 0.205811 -0.103760 -0.019775
v 0.206787 -0.105713 -0.011475
v 0.210693 -0.097412 -0.014893
v 0.192627 -0.101807 -0.006104
v 0.195557 -0.093994 -0.014404
v 0.195068 -0.100830 -0.004639
v 0.227295 -0.092529 -0.007568
v 0.209717 -0.081299 -0.006104
v 0.199951 -0.080811 -0.007568
v 0.199951 -0.062744 -0.000244
v 0.183350 -0.122803 -0.035889
v 0.181396 -0.110107 -0.011475
v 0.182373 -0.103760 -0.020752
v 0.167236 -0.103760 -0.021240
v 0.168213 -0.109131 -0.011475
v 0.153076 -0.114502 -0.029541
v 0.157959 -0.092529 -0.004150
v 0.156006 -0.087646 -0.013428
v 0.132568 -0.088623 -0.013916
v 0.156006 -0.064697 -0.005127
v 0.166260 -0.045654 -0.000732
v 0.179932 -0.026123 -0.000244
v 0.161865 -0.027588 -0.000244
v 0.099854 -0.120850 -0.238525
v 0.104248 -0.114502 -0.225342
v 0.066650 -0.102783 -0.241455
v 0.065674 -0.099854 -0.234131
v 0.025146 -0.101807 -0.249756
v 0.021240 -0.095459 -0.237549
v 0.021729 -0.093506 -0.229248
v 0.099365 -0.104736 -0.022705
v 0.087646 -0.070557 -0.004639
v 0.054932 -0.119873 -0.039307
v 0.004639 -0.111084 -0.046631
v 0.045166 -0.072998 -0.008545
v 0.124756 -0.058838 -0.002197
v 0.043701 -0.040771 -0.001709
v 0.059326 -0.023682 -0.002197
v 0.052490 -0.021729 -0.007568
v 0.042236 -0.000732 -0.008545
v 0.030029 -0.000732 -0.002197
v 0.023682 -0.000732 -0.003662
v 0.007080 -0.000732 -0.006592
v 0.196533 -0.439209 0.016846
v 0.194092 -0.438721 0.015869
v 0.196045 -0.425049 0.013916
v 0.192627 -0.428955 0.013916
v 0.193604 -0.424561 0.013428
v 0.199951 -0.429932 0.016357
v 0.198486 -0.432861 0.016846
v 0.196045 -0.432373 0.015869
v 0.187744 -0.437256 0.035400
v 0.192139 -0.418213 0.041748
v 0.190186 -0.420654 0.042725
v 0.187744 -0.420166 0.041748
v 0.188232 -0.413818 0.038818
v 0.185303 -0.436768 0.034424
v 0.177002 -0.434814 0.053955
v 0.174561 -0.433838 0.052490
v 0.184326 -0.416748 0.039307
v 0.186279 -0.412842 0.037842
v 0.186768 -0.396240 0.031982
v 0.184326 -0.396240 0.031494
v 0.177979 -0.395264 0.062256
v 0.185791 -0.378174 0.038818
v 0.183350 -0.377686 0.038330
v 0.161865 -0.431396 0.069580
v 0.163818 -0.431885 0.071045
v 0.174072 -0.420166 0.065186
v 0.172119 -0.419678 0.064209
v 0.149658 -0.430420 0.086182
v 0.147705 -0.429932 0.084717
v 0.133545 -0.431885 0.096436
v 0.135986 -0.432861 0.097900
v 0.128174 -0.437256 0.103271
v 0.125732 -0.436768 0.101807
v 0.180908 -0.402100 0.067627
v 0.183350 -0.400146 0.066650
v 0.178955 -0.401611 0.066650
v 0.179932 -0.396240 0.063232
v 0.175537 -0.398193 0.063721
v 0.174561 -0.377197 0.090088
v 0.171631 -0.379150 0.091064
v 0.169678 -0.378174 0.090088
v 0.166260 -0.375732 0.087158
v 0.133545 -0.400635 0.116943
v 0.131592 -0.399658 0.115479
v 0.103760 -0.499756 0.097412
v 0.105225 -0.496826 0.104736
v 0.102295 -0.496826 0.104736
v 0.106689 -0.494385 0.102295
v 0.100830 -0.492432 0.100830
v 0.100342 -0.495361 0.103271
v 0.104248 -0.491943 0.099854
v 0.106689 -0.484619 0.112061
v 0.104736 -0.487061 0.114014
v 0.098877 -0.485107 0.112061
v 0.101318 -0.487061 0.114014
v 0.101807 -0.480713 0.108643
v 0.099854 -0.480713 0.108643
v 0.104248 -0.481689 0.109619
v 0.097900 -0.482666 0.110107
v 0.100342 -0.476807 0.123291
v 0.107178 -0.469482 0.111572
v 0.104736 -0.468994 0.110107
v 0.107666 -0.474365 0.121826
v 0.104248 -0.476318 0.123291
v 0.107178 -0.470459 0.118408
v 0.097900 -0.473877 0.120850
v 0.096436 -0.469971 0.117920
v 0.113037 -0.456299 0.111084
v 0.110596 -0.455322 0.109619
v 0.104736 -0.468018 0.116455
v 0.102783 -0.467041 0.114990
v 0.099365 -0.467529 0.115479
v 0.120361 -0.444580 0.107666
v 0.118408 -0.444092 0.106201
v 0.109619 -0.447021 0.139404
v 0.110107 -0.441162 0.134033
v 0.096924 -0.446533 0.139404
v 0.095947 -0.440186 0.133545
v 0.104248 -0.449951 0.141846
v 0.098877 -0.451904 0.143799
v 0.107178 -0.437256 0.130615
v 0.105225 -0.436279 0.129150
v 0.100342 -0.436279 0.129639
v 0.113037 -0.407471 0.150146
v 0.112549 -0.413330 0.157471
v 0.105713 -0.415771 0.161377
v 0.099365 -0.417725 0.164307
v 0.097412 -0.411865 0.157959
v 0.110107 -0.403076 0.145752
v 0.107666 -0.402100 0.144287
v 0.101807 -0.401611 0.144775
v 0.096436 -0.405029 0.150146
v 0.115479 -0.377686 0.174072
v 0.108154 -0.379150 0.178467
v 0.101318 -0.380127 0.181396
v 0.188721 -0.348877 0.043213
v 0.201416 -0.313232 0.026611
v 0.198975 -0.312744 0.025635
v 0.191650 -0.337158 0.041260
v 0.189209 -0.336182 0.040283
v 0.194580 -0.327393 0.037842
v 0.192139 -0.326416 0.036865
v 0.197998 -0.319580 0.032959
v 0.195557 -0.318604 0.031982
v 0.193115 -0.315674 0.045654
v 0.190674 -0.315186 0.044189
v 0.186768 -0.362061 0.042236
v 0.184326 -0.361572 0.041748
v 0.186279 -0.347900 0.042236
v 0.182861 -0.343994 0.053955
v 0.185303 -0.344482 0.054932
v 0.169189 -0.373291 0.085205
v 0.171631 -0.373779 0.086182
v 0.158447 -0.352295 0.106689
v 0.161377 -0.349854 0.104736
v 0.163818 -0.350830 0.106201
v 0.166748 -0.353760 0.110107
v 0.163818 -0.355225 0.111084
v 0.161377 -0.354736 0.110107
v 0.174561 -0.325928 0.077393
v 0.177002 -0.326416 0.078369
v 0.156494 -0.325928 0.124268
v 0.154541 -0.325439 0.123291
v 0.214600 -0.302490 0.003662
v 0.211670 -0.302002 0.001709
v 0.212158 -0.304443 0.004639
v 0.211670 -0.298584 0.003662
v 0.208252 -0.301025 0.001221
v 0.210205 -0.304443 0.004150
v 0.209717 -0.298096 0.002686
v 0.205322 -0.309326 0.019287
v 0.204834 -0.299072 0.022705
v 0.202881 -0.308838 0.018311
v 0.202881 -0.299072 0.021729
v 0.207275 -0.292725 0.006592
v 0.209717 -0.292725 0.008057
v 0.206299 -0.296631 0.022705
v 0.203369 -0.293701 0.020752
v 0.199951 -0.295654 0.019775
v 0.201416 -0.293213 0.019775
v 0.188721 -0.286865 0.045166
v 0.192139 -0.284424 0.045654
v 0.190186 -0.284424 0.045166
v 0.193604 -0.290283 0.048096
v 0.191650 -0.289795 0.047119
v 0.195068 -0.287842 0.047607
v 0.205322 -0.281006 0.015381
v 0.202881 -0.280518 0.014404
v 0.201416 -0.263916 0.022705
v 0.198975 -0.263428 0.021729
v 0.194092 -0.257080 0.037354
v 0.191650 -0.257080 0.036377
v 0.168701 -0.310303 0.097900
v 0.166260 -0.309814 0.096924
v 0.160889 -0.293701 0.116455
v 0.158936 -0.293213 0.115479
v 0.181885 -0.274658 0.069580
v 0.179932 -0.274170 0.068604
v 0.184814 -0.278076 0.071533
v 0.183350 -0.280518 0.072021
v 0.180908 -0.280029 0.071045
v 0.177979 -0.276611 0.069092
v 0.174561 -0.271240 0.091553
v 0.172607 -0.270752 0.090576
v 0.176514 -0.268799 0.091064
v 0.169678 -0.267334 0.088135
v 0.173584 -0.265381 0.088623
v 0.171631 -0.264893 0.088135
v 0.166748 -0.261963 0.109131
v 0.169189 -0.260010 0.109131
v 0.164795 -0.261475 0.108643
v 0.161865 -0.258057 0.106201
v 0.166260 -0.256104 0.106689
v 0.164307 -0.255615 0.105713
v 0.129639 -0.362549 0.135498
v 0.132080 -0.363037 0.136963
v 0.159424 -0.328857 0.128662
v 0.154053 -0.329346 0.128662
v 0.156006 -0.329834 0.130127
v 0.151123 -0.326904 0.125244
v 0.130615 -0.326416 0.155029
v 0.128662 -0.325439 0.153564
v 0.151123 -0.301514 0.140381
v 0.148682 -0.301025 0.139404
v 0.149658 -0.305420 0.146240
v 0.147705 -0.304932 0.144775
v 0.153564 -0.304443 0.144775
v 0.145264 -0.302002 0.140869
v 0.130127 -0.289795 0.171143
v 0.128174 -0.288818 0.169678
v 0.161865 -0.250732 0.127686
v 0.158936 -0.252686 0.127686
v 0.156982 -0.251709 0.126709
v 0.154053 -0.276611 0.134033
v 0.151611 -0.276123 0.133057
v 0.143799 -0.275146 0.155518
v 0.147705 -0.258545 0.151611
v 0.145264 -0.257568 0.150635
v 0.148193 -0.279053 0.160889
v 0.144287 -0.280029 0.161865
v 0.141846 -0.279053 0.160400
v 0.145752 -0.275635 0.156494
v 0.139404 -0.276123 0.156494
v 0.143799 -0.252686 0.177002
v 0.138916 -0.253174 0.177490
v 0.136963 -0.252197 0.176025
v 0.130127 -0.257568 0.182861
v 0.128174 -0.256592 0.181396
v 0.128174 -0.269287 0.196533
v 0.126709 -0.272705 0.207275
v 0.113037 -0.367920 0.160400
v 0.116455 -0.372314 0.165771
v 0.110596 -0.366943 0.158936
v 0.097900 -0.368408 0.165283
v 0.104248 -0.365967 0.159424
v 0.098877 -0.374756 0.174561
v 0.119873 -0.337158 0.179443
v 0.115967 -0.332275 0.173096
v 0.113525 -0.331299 0.172119
v 0.101318 -0.338623 0.187256
v 0.106689 -0.330322 0.172119
v 0.100342 -0.332764 0.177979
v 0.118896 -0.342041 0.187744
v 0.111084 -0.343018 0.191650
v 0.104248 -0.343506 0.194580
v 0.118896 -0.300537 0.182373
v 0.116943 -0.299561 0.180908
v 0.110107 -0.298096 0.180908
v 0.103271 -0.299072 0.186768
v 0.114502 -0.262451 0.186768
v 0.122314 -0.308350 0.198486
v 0.114990 -0.307861 0.201904
v 0.123291 -0.304443 0.189209
v 0.104736 -0.303467 0.197021
v 0.107666 -0.307373 0.203857
v 0.118896 -0.272217 0.210693
v 0.111572 -0.270752 0.213135
v 0.108154 -0.267822 0.205811
v 0.123291 -0.264893 0.189209
v 0.120850 -0.263916 0.187744
v 0.106689 -0.263428 0.194092
v 0.315674 -0.128174 0.129639
v 0.315674 -0.126221 0.145752
v 0.444092 -0.065186 0.089111
v 0.448486 -0.069092 0.101807
v 0.451416 -0.071045 0.118896
v 0.398682 -0.097412 0.111084
v 0.401611 -0.097900 0.124756
v 0.381104 -0.101318 0.109131
v 0.378662 -0.098389 0.106201
v 0.377686 -0.093994 0.101807
v 0.384033 -0.105713 0.117920
v 0.410400 -0.080322 0.091064
v 0.428467 -0.073975 0.089600
v 0.426514 -0.070557 0.086182
v 0.415283 -0.063721 0.079346
v 0.419678 -0.066650 0.090576
v 0.432861 -0.078369 0.102295
v 0.434326 -0.079346 0.117432
v 0.416260 -0.087646 0.105713
v 0.412354 -0.083740 0.093994
v 0.419189 -0.087158 0.118896
v 0.419678 -0.065674 0.096436
v 0.406494 -0.070068 0.098877
v 0.392822 -0.078857 0.083252
v 0.386475 -0.070557 0.066650
v 0.395264 -0.093506 0.100342
v 0.393311 -0.090576 0.097412
v 0.396729 -0.081787 0.095947
v 0.397705 -0.080322 0.102295
v 0.379150 -0.092041 0.108643
v 0.388916 -0.079834 0.104248
v 0.394775 -0.072021 0.102295
v 0.386475 -0.063232 0.104248
v 0.438721 -0.000732 0.061279
v 0.470947 -0.038330 0.089600
v 0.469482 -0.057373 0.120850
v 0.476807 -0.048096 0.119873
v 0.474365 -0.050049 0.122803
v 0.471924 -0.050049 0.124268
v 0.475830 -0.041260 0.100830
v 0.479736 -0.041748 0.116455
v 0.458740 -0.054932 0.091064
v 0.455811 -0.052490 0.088135
v 0.441162 -0.062256 0.086182
v 0.441650 -0.048584 0.086182
v 0.441650 -0.047607 0.092529
v 0.467041 -0.036865 0.086670
v 0.463623 -0.057861 0.101318
v 0.467041 -0.058838 0.113037
v 0.445068 -0.041748 0.096436
v 0.438232 -0.034424 0.096924
v 0.477295 -0.020264 0.085205
v 0.472900 -0.019775 0.081787
v 0.473877 -0.008545 0.075439
v 0.478760 -0.007080 0.077881
v 0.477295 -0.000732 0.073486
v 0.471436 -0.000732 0.067627
v 0.486572 -0.019775 0.117920
v 0.483643 -0.016846 0.096924
v 0.485596 -0.000732 0.094971
v 0.488525 -0.000732 0.117920
v 0.457764 -0.024658 0.083252
v 0.457275 -0.024170 0.089600
v 0.450439 -0.023682 0.072998
v 0.444580 -0.021240 0.092041
v 0.454834 -0.000732 0.072021
v 0.457764 -0.012939 0.091064
v 0.462646 -0.000732 0.082275
v 0.462158 -0.000732 0.088623
v 0.458740 -0.000732 0.089600
v 0.447998 -0.000732 0.091064
v 0.453369 -0.029053 0.093994
v 0.446045 -0.018311 0.095459
v 0.448486 -0.000732 0.093994
v 0.413818 -0.034912 0.056885
v 0.378174 -0.055420 0.052979
v 0.398193 -0.044189 0.054932
v 0.435791 -0.021729 0.062256
v 0.417236 -0.019775 0.053955
v 0.418701 -0.000732 0.052490
v 0.393311 -0.022705 0.047607
v 0.391846 -0.000732 0.045654
v 0.423584 -0.058838 0.093506
v 0.407471 -0.056396 0.066162
v 0.436279 -0.046143 0.075928
v 0.426025 -0.041260 0.065186
v 0.435303 -0.051025 0.095947
v 0.414795 -0.058838 0.097900
v 0.432861 -0.041748 0.093994
v 0.427979 -0.040283 0.098877
v 0.418213 -0.044189 0.101318
v 0.398193 -0.051025 0.089111
v 0.404053 -0.055420 0.100342
v 0.402588 -0.043213 0.113525
v 0.383545 -0.045166 0.123291
v 0.432861 -0.019287 0.104736
v 0.419189 -0.020752 0.114502
v 0.435303 -0.000732 0.105713
v 0.420654 -0.000732 0.116455
v 0.401123 -0.025635 0.078369
v 0.401611 -0.000732 0.073486
v 0.403076 -0.021729 0.124268
v 0.460693 -0.064697 0.125732
v 0.453369 -0.069092 0.133545
v 0.460693 -0.062744 0.133545
v 0.455811 -0.066162 0.141846
v 0.443115 -0.074463 0.132568
v 0.447021 -0.068115 0.144287
v 0.438232 -0.068115 0.142822
v 0.402100 -0.094482 0.137939
v 0.386475 -0.107666 0.130127
v 0.386475 -0.105713 0.142334
v 0.375732 -0.103271 0.153564
v 0.384521 -0.099365 0.143799
v 0.383057 -0.095947 0.144287
v 0.386963 -0.093994 0.152588
v 0.376709 -0.104736 0.168701
v 0.388916 -0.095459 0.168213
v 0.377686 -0.104248 0.183838
v 0.388916 -0.094971 0.184326
v 0.421143 -0.079346 0.132080
v 0.433350 -0.077393 0.131592
v 0.428467 -0.066162 0.140381
v 0.409912 -0.075928 0.135986
v 0.418213 -0.065186 0.142334
v 0.410400 -0.068115 0.146729
v 0.411377 -0.068115 0.162354
v 0.411865 -0.069580 0.178955
v 0.397705 -0.088623 0.140381
v 0.392822 -0.080811 0.139893
v 0.392822 -0.083740 0.142334
v 0.395264 -0.082764 0.153076
v 0.384033 -0.091553 0.139404
v 0.380615 -0.088135 0.128662
v 0.382080 -0.093506 0.144775
v 0.401123 -0.072998 0.139893
v 0.397217 -0.064209 0.138428
v 0.400146 -0.072021 0.153564
v 0.396729 -0.073486 0.143799
v 0.403564 -0.069092 0.145752
v 0.389893 -0.076416 0.130615
v 0.377686 -0.065186 0.151123
v 0.397217 -0.083740 0.168213
v 0.397217 -0.083740 0.183350
v 0.402100 -0.072021 0.168213
v 0.405029 -0.068604 0.161865
v 0.402100 -0.072510 0.182861
v 0.405029 -0.070068 0.176025
v 0.377197 -0.102783 0.197510
v 0.388428 -0.094482 0.210693
v 0.385498 -0.099854 0.214600
v 0.383057 -0.095459 0.211670
v 0.384033 -0.097412 0.223389
v 0.381104 -0.093994 0.232178
v 0.407471 -0.075928 0.195557
v 0.408447 -0.072510 0.202881
v 0.410889 -0.077881 0.205811
v 0.412354 -0.075439 0.207764
v 0.411865 -0.074463 0.212158
v 0.409912 -0.074463 0.218018
v 0.415771 -0.067139 0.207275
v 0.410400 -0.070068 0.204346
v 0.410400 -0.069092 0.208252
v 0.407959 -0.069580 0.214111
v 0.396240 -0.082275 0.197021
v 0.395752 -0.083252 0.201904
v 0.393311 -0.087646 0.210693
v 0.396240 -0.092041 0.213623
v 0.405029 -0.083740 0.210205
v 0.399658 -0.084717 0.205811
v 0.402100 -0.079834 0.207275
v 0.405029 -0.082275 0.215576
v 0.394775 -0.078369 0.207275
v 0.387939 -0.093018 0.197998
v 0.385986 -0.092529 0.206787
v 0.385498 -0.090576 0.209717
v 0.402100 -0.075439 0.191162
v 0.400146 -0.074463 0.193115
v 0.401123 -0.065674 0.199951
v 0.379150 -0.065674 0.200439
v 0.395752 -0.089600 0.220947
v 0.394287 -0.086670 0.228271
v 0.404541 -0.079834 0.221436
v 0.392334 -0.083740 0.234131
v 0.387451 -0.086670 0.228271
v 0.389893 -0.079346 0.231201
v 0.378174 -0.090088 0.238525
v 0.375732 -0.085693 0.236084
v 0.404541 -0.075928 0.219971
v 0.403564 -0.077881 0.225830
v 0.401123 -0.073486 0.222900
v 0.389893 -0.066650 0.249268
v 0.477295 -0.047119 0.133057
v 0.470459 -0.054443 0.125732
v 0.469482 -0.052490 0.127197
v 0.468994 -0.053467 0.130615
v 0.473877 -0.050537 0.126709
v 0.471436 -0.050537 0.125732
v 0.471436 -0.053955 0.133057
v 0.472900 -0.051025 0.142334
v 0.479248 -0.038818 0.138428
v 0.471436 -0.043701 0.149170
v 0.469971 -0.036865 0.151123
v 0.465576 -0.058838 0.129150
v 0.465576 -0.055908 0.130127
v 0.463135 -0.058838 0.136475
v 0.461670 -0.059326 0.133057
v 0.461670 -0.059326 0.135498
v 0.463623 -0.060791 0.139404
v 0.461182 -0.062256 0.137451
v 0.466064 -0.056396 0.135010
v 0.467041 -0.057861 0.137939
v 0.459229 -0.054932 0.134521
v 0.462646 -0.051514 0.130127
v 0.465576 -0.049072 0.127686
v 0.467529 -0.047119 0.125244
v 0.467041 -0.047607 0.126221
v 0.465088 -0.049561 0.130127
v 0.462158 -0.052490 0.134033
v 0.459229 -0.054443 0.132568
v 0.460205 -0.053955 0.135010
v 0.466553 -0.055908 0.147217
v 0.460205 -0.061768 0.146729
v 0.453857 -0.059326 0.152100
v 0.462646 -0.050049 0.154053
v 0.445557 -0.055908 0.153564
v 0.455811 -0.040283 0.158936
v 0.443115 -0.037842 0.160889
v 0.485107 -0.020264 0.139893
v 0.474365 -0.020264 0.153564
v 0.487061 -0.000732 0.139893
v 0.476807 -0.000732 0.152588
v 0.460693 -0.020752 0.161865
v 0.447998 -0.020264 0.163818
v 0.441650 -0.019287 0.166748
v 0.442627 -0.020752 0.183350
v 0.463135 -0.001221 0.160400
v 0.449951 -0.001221 0.162842
v 0.443604 -0.001709 0.166748
v 0.445068 -0.001709 0.182861
v 0.441650 -0.023193 0.204346
v 0.445068 -0.001221 0.203369
v 0.436279 -0.052490 0.152588
v 0.428467 -0.051514 0.154541
v 0.423584 -0.056885 0.167236
v 0.436279 -0.036865 0.163818
v 0.436279 -0.039795 0.179443
v 0.402588 -0.060303 0.152588
v 0.384033 -0.057373 0.150146
v 0.385498 -0.053955 0.155029
v 0.405029 -0.060303 0.168701
v 0.404541 -0.061279 0.185303
v 0.386963 -0.053467 0.167725
v 0.386963 -0.054932 0.179443
v 0.382568 -0.023193 0.132080
v 0.404053 -0.000732 0.126221
v 0.382568 -0.000732 0.134033
v 0.422607 -0.059814 0.188232
v 0.433838 -0.044189 0.198975
v 0.425049 -0.051025 0.220459
v 0.410889 -0.058838 0.236572
v 0.417236 -0.031494 0.248779
v 0.384033 -0.059326 0.191650
v 0.433350 -0.027588 0.228760
v 0.436768 -0.000732 0.230713
v 0.357178 -0.067139 0.052490
v 0.326416 -0.082764 0.004150
v 0.335693 -0.080322 0.055908
v 0.361084 -0.109619 0.114502
v 0.364990 -0.114502 0.124756
v 0.360107 -0.113525 0.118408
v 0.351807 -0.110107 0.097412
v 0.348877 -0.120361 0.114502
v 0.369873 -0.107178 0.122803
v 0.367432 -0.104248 0.121338
v 0.363525 -0.105713 0.112549
v 0.366455 -0.109131 0.123291
v 0.365479 -0.103271 0.119873
v 0.365479 -0.105225 0.121338
v 0.366943 -0.101318 0.118896
v 0.359619 -0.095947 0.123291
v 0.313232 -0.114502 0.090576
v 0.341553 -0.097412 0.071533
v 0.315186 -0.123291 0.110107
v 0.364502 -0.084717 0.068604
v 0.371826 -0.093506 0.088135
v 0.372803 -0.087158 0.111084
v 0.363525 -0.091064 0.121826
v 0.374268 -0.083740 0.110107
v 0.367432 -0.069092 0.110596
v 0.355225 -0.066650 0.104248
v 0.347412 -0.072998 0.119873
v 0.289307 -0.087158 0.011963
v 0.308350 -0.079834 0.058838
v 0.311768 -0.076904 0.035400
v 0.253174 -0.075928 0.019287
v 0.277588 -0.081787 0.042725
v 0.284912 -0.113525 0.093018
v 0.311279 -0.103760 0.075439
v 0.283936 -0.103760 0.081787
v 0.284912 -0.120361 0.108154
v 0.273193 -0.103271 0.086670
v 0.262451 -0.098877 0.090576
v 0.256104 -0.094482 0.086670
v 0.266357 -0.114014 0.106201
v 0.266357 -0.117920 0.119873
v 0.254639 -0.109619 0.118896
v 0.269287 -0.108154 0.093994
v 0.254150 -0.105225 0.105713
v 0.309326 -0.089111 0.064209
v 0.283447 -0.093018 0.074951
v 0.281494 -0.087646 0.072021
v 0.259521 -0.087158 0.070557
v 0.359131 -0.062256 0.000244
v 0.355713 -0.031494 0.026611
v 0.351318 -0.033936 0.042725
v 0.338623 -0.058838 0.029541
v 0.333252 -0.061768 0.048584
v 0.361084 -0.000732 0.025635
v 0.370850 -0.027588 0.044189
v 0.369385 -0.000732 0.041748
v 0.357666 -0.000732 0.040283
v 0.371826 -0.060303 0.092041
v 0.331787 -0.037354 0.101807
v 0.367432 -0.031006 0.077393
v 0.364014 -0.000732 0.071045
v 0.312744 -0.000732 0.103271
v 0.297607 -0.034424 0.113525
v 0.273682 -0.032471 0.121826
v 0.265381 -0.000732 0.119873
v 0.371826 -0.112061 0.125732
v 0.369873 -0.115967 0.133057
v 0.367920 -0.115479 0.146240
v 0.364014 -0.109619 0.154541
v 0.352295 -0.123291 0.132080
v 0.345947 -0.123291 0.148193
v 0.355225 -0.113525 0.150146
v 0.356201 -0.111572 0.150635
v 0.355713 -0.109619 0.151123
v 0.355225 -0.111572 0.154541
v 0.346924 -0.113525 0.155518
v 0.346436 -0.111084 0.156006
v 0.373291 -0.101318 0.140381
v 0.364990 -0.098877 0.129639
v 0.368896 -0.107666 0.146729
v 0.371826 -0.104248 0.145752
v 0.370850 -0.101807 0.146240
v 0.365967 -0.107178 0.146240
v 0.365479 -0.106201 0.144775
v 0.359619 -0.106201 0.140869
v 0.364990 -0.105225 0.146729
v 0.357666 -0.095947 0.125244
v 0.349854 -0.100830 0.138916
v 0.364990 -0.111084 0.169678
v 0.365967 -0.110596 0.184326
v 0.355225 -0.113525 0.170166
v 0.357666 -0.112061 0.186279
v 0.352783 -0.110596 0.186768
v 0.345459 -0.114990 0.174561
v 0.346436 -0.112061 0.173096
v 0.342041 -0.115967 0.152100
v 0.315186 -0.117432 0.152100
v 0.343506 -0.107178 0.154053
v 0.342529 -0.114502 0.160889
v 0.343506 -0.112061 0.161377
v 0.342529 -0.109619 0.172119
v 0.316650 -0.116455 0.163818
v 0.324463 -0.115479 0.184326
v 0.359619 -0.079346 0.154541
v 0.356201 -0.093018 0.125244
v 0.352295 -0.083740 0.155518
v 0.367432 -0.073975 0.153564
v 0.344971 -0.086670 0.159424
v 0.323975 -0.086670 0.138916
v 0.326416 -0.084717 0.132568
v 0.331787 -0.077393 0.125732
v 0.337646 -0.088135 0.162842
v 0.335693 -0.088623 0.167236
v 0.338135 -0.088623 0.177002
v 0.361572 -0.110596 0.201416
v 0.352295 -0.114014 0.188721
v 0.344482 -0.116455 0.202881
v 0.358154 -0.112549 0.208740
v 0.368408 -0.107666 0.194092
v 0.363525 -0.107666 0.199463
v 0.361572 -0.107666 0.198486
v 0.374756 -0.103760 0.209717
v 0.370361 -0.102295 0.210205
v 0.372803 -0.106689 0.213135
v 0.373291 -0.101318 0.205811
v 0.373779 -0.100830 0.207764
v 0.345947 -0.108154 0.189697
v 0.356201 -0.107666 0.205811
v 0.354736 -0.102783 0.204346
v 0.355225 -0.110107 0.218994
v 0.369873 -0.104248 0.222900
v 0.366455 -0.100830 0.232178
v 0.362549 -0.097900 0.230713
v 0.362549 -0.096924 0.239502
v 0.351807 -0.106689 0.227783
v 0.345947 -0.097900 0.233154
v 0.347900 -0.103271 0.235596
v 0.342041 -0.112061 0.200439
v 0.336182 -0.112549 0.203369
v 0.338623 -0.109619 0.208740
v 0.341064 -0.114502 0.211182
v 0.337158 -0.106689 0.217529
v 0.339600 -0.111084 0.219971
v 0.338623 -0.102783 0.225830
v 0.340576 -0.107666 0.228271
v 0.312744 -0.107178 0.220947
v 0.360596 -0.079834 0.203369
v 0.350830 -0.085205 0.197510
v 0.370850 -0.072998 0.204346
v 0.360107 -0.092041 0.237061
v 0.343506 -0.087646 0.188232
v 0.334229 -0.093506 0.245850
v 0.285400 -0.124756 0.125244
v 0.285889 -0.123291 0.139404
v 0.285400 -0.115967 0.145752
v 0.281494 -0.114502 0.161377
v 0.269775 -0.118896 0.130615
v 0.263428 -0.112549 0.132080
v 0.252686 -0.110596 0.138916
v 0.255615 -0.103760 0.179932
v 0.300537 -0.066650 0.127197
v 0.296631 -0.067627 0.136963
v 0.295654 -0.111572 0.197021
v 0.305420 -0.096436 0.243408
v 0.281494 -0.099365 0.231201
v 0.256104 -0.121338 0.204834
v 0.268799 -0.103760 0.195557
v 0.268799 -0.097412 0.214600
v 0.257080 -0.112549 0.222412
v 0.257080 -0.088623 0.227295
v 0.257080 -0.089111 0.238525
v 0.360596 -0.048584 0.131104
v 0.335693 -0.050537 0.140869
v 0.357666 -0.024658 0.140381
v 0.357178 -0.000732 0.142334
v 0.329834 -0.025635 0.149658
v 0.328857 -0.000732 0.151611
v 0.310303 -0.055420 0.140381
v 0.269775 -0.032959 0.133545
v 0.300049 -0.027588 0.148682
v 0.297119 -0.000732 0.150146
v 0.260986 -0.000732 0.132080
v 0.393799 -0.034912 0.264893
v 0.419678 -0.000732 0.252686
v 0.394775 -0.000732 0.269287
v 0.329346 -0.094482 0.271240
v 0.325928 -0.094971 0.281006
v 0.321045 -0.094482 0.277100
v 0.323486 -0.095947 0.278564
v 0.318604 -0.095459 0.283447
v 0.319092 -0.094971 0.284424
v 0.317627 -0.094482 0.282471
v 0.319580 -0.093994 0.285400
v 0.316650 -0.093994 0.285400
v 0.364014 -0.073486 0.258057
v 0.338135 -0.087646 0.264893
v 0.333252 -0.090088 0.262451
v 0.339111 -0.081787 0.257080
v 0.334229 -0.084717 0.255615
v 0.328369 -0.084717 0.256592
v 0.333252 -0.093018 0.274170
v 0.334229 -0.088623 0.277100
v 0.339111 -0.082764 0.268311
v 0.335693 -0.078369 0.271240
v 0.331299 -0.084717 0.278564
v 0.327393 -0.089111 0.262451
v 0.323975 -0.084717 0.264893
v 0.324951 -0.080811 0.260010
v 0.315674 -0.079834 0.263428
v 0.324463 -0.093018 0.270264
v 0.322021 -0.088623 0.271240
v 0.319580 -0.091064 0.277588
v 0.320068 -0.088623 0.279541
v 0.324951 -0.079834 0.268311
v 0.326904 -0.082764 0.277588
v 0.322998 -0.084229 0.274658
v 0.340088 -0.077393 0.260986
v 0.336670 -0.073486 0.263916
v 0.330811 -0.072998 0.265381
v 0.329834 -0.077393 0.271240
v 0.325928 -0.076416 0.263428
v 0.326416 -0.092529 0.282959
v 0.324951 -0.089111 0.283447
v 0.322510 -0.087646 0.281982
v 0.317139 -0.093018 0.282471
v 0.317139 -0.092041 0.283447
v 0.318115 -0.091553 0.284424
v 0.319092 -0.092529 0.285400
v 0.296143 -0.103760 0.264404
v 0.275146 -0.106201 0.253174
v 0.254639 -0.093994 0.256104
v 0.262451 -0.103760 0.277588
v 0.279053 -0.101807 0.286865
v 0.260498 -0.096436 0.307373
v 0.304932 -0.087646 0.280029
v 0.286865 -0.088135 0.298096
v 0.297119 -0.067139 0.290283
v 0.281494 -0.071533 0.302979
v 0.255127 -0.066650 0.310791
v 0.266846 -0.086182 0.313721
v 0.264893 -0.073975 0.315186
v 0.365967 -0.037354 0.277100
v 0.333252 -0.038330 0.284912
v 0.365479 -0.000732 0.281494
v 0.331787 -0.000732 0.289795
v 0.306396 -0.058350 0.279053
v 0.297119 -0.038818 0.287354
v 0.282471 -0.046143 0.282471
v 0.258057 -0.051514 0.274170
v 0.260986 -0.040283 0.280518
v 0.277100 -0.055908 0.289795
v 0.267334 -0.061768 0.300537
v 0.255615 -0.059814 0.281494
v 0.293213 -0.000732 0.291260
v 0.254639 -0.000732 0.283447
v 0.195557 -0.243896 0.026611
v 0.197998 -0.243896 0.027588
v 0.196045 -0.223389 0.029053
v 0.193604 -0.223389 0.028076
v 0.192627 -0.204346 0.026611
v 0.195068 -0.204346 0.028076
v 0.195068 -0.189209 0.024658
v 0.192627 -0.189209 0.023682
v 0.190186 -0.190186 0.034424
v 0.187744 -0.190186 0.032959
v 0.180420 -0.219971 0.058350
v 0.177979 -0.219971 0.057373
v 0.171631 -0.226807 0.080322
v 0.169189 -0.226807 0.079346
v 0.156982 -0.245850 0.124268
v 0.163330 -0.230225 0.102783
v 0.160889 -0.230225 0.101807
v 0.154053 -0.247803 0.124268
v 0.153076 -0.229736 0.124268
v 0.171143 -0.188721 0.069580
v 0.168701 -0.188721 0.068604
v 0.161865 -0.205811 0.097412
v 0.159424 -0.205811 0.096436
v 0.168213 -0.202393 0.099365
v 0.153076 -0.215088 0.124268
v 0.150635 -0.215088 0.123291
v 0.141846 -0.204834 0.121826
v 0.149658 -0.195068 0.094971
v 0.195557 -0.172119 0.014893
v 0.196045 -0.178467 0.020752
v 0.197998 -0.172119 0.015869
v 0.193604 -0.178467 0.019775
v 0.203857 -0.170654 0.003174
v 0.201416 -0.170654 0.001709
v 0.200439 -0.169189 0.010010
v 0.197998 -0.169678 0.009033
v 0.194580 -0.149658 0.017334
v 0.192139 -0.150146 0.015869
v 0.187744 -0.141846 0.024658
v 0.200928 -0.127686 0.003174
v 0.198486 -0.128174 0.001709
v 0.190186 -0.135986 0.027588
v 0.180908 -0.165283 0.044678
v 0.178467 -0.165771 0.043213
v 0.184326 -0.160400 0.046631
v 0.166748 -0.159912 0.041748
v 0.185303 -0.142334 0.023682
v 0.179443 -0.142334 0.022217
v 0.169189 -0.138916 0.021729
v 0.162842 -0.128662 0.026123
v 0.186768 -0.146729 0.051514
v 0.160400 -0.149658 0.044189
v 0.180908 -0.132568 0.055908
v 0.173584 -0.126709 0.057373
v 0.160400 -0.137939 0.049072
v 0.166260 -0.128662 0.054443
v 0.176514 -0.184326 0.071533
v 0.157471 -0.177979 0.067627
v 0.179443 -0.169678 0.075439
v 0.172119 -0.187256 0.101807
v 0.167725 -0.169678 0.103760
v 0.161377 -0.161377 0.103760
v 0.155029 -0.158936 0.072021
v 0.148193 -0.175049 0.097412
v 0.140869 -0.185303 0.122803
v 0.154053 -0.164307 0.100830
v 0.174561 -0.154053 0.078369
v 0.160889 -0.149658 0.076416
v 0.168213 -0.147217 0.079346
v 0.158936 -0.246826 0.125244
v 0.155029 -0.240479 0.147217
v 0.151611 -0.241943 0.146729
v 0.149170 -0.241455 0.145752
v 0.152100 -0.236084 0.144287
v 0.150146 -0.235596 0.143311
v 0.146729 -0.237061 0.143311
v 0.155518 -0.230225 0.125244
v 0.148682 -0.226318 0.146729
v 0.146240 -0.225830 0.145752
v 0.141357 -0.239014 0.169678
v 0.141357 -0.249268 0.172119
v 0.138916 -0.248291 0.171143
v 0.134033 -0.248779 0.171631
v 0.138916 -0.238525 0.168701
v 0.148682 -0.229248 0.167236
v 0.144287 -0.230713 0.166748
v 0.142334 -0.229736 0.165771
v 0.143311 -0.223877 0.163330
v 0.145752 -0.224365 0.164307
v 0.141846 -0.218994 0.168213
v 0.144775 -0.219482 0.183838
v 0.138916 -0.225342 0.162842
v 0.137939 -0.226318 0.184326
v 0.135498 -0.225830 0.183350
v 0.138428 -0.220459 0.184326
v 0.135986 -0.219971 0.183350
v 0.128662 -0.221924 0.184814
v 0.160400 -0.212158 0.126221
v 0.164795 -0.197510 0.128174
v 0.157959 -0.201904 0.152100
v 0.153076 -0.215088 0.150146
v 0.145752 -0.217041 0.147705
v 0.143311 -0.216553 0.147217
v 0.135498 -0.207764 0.145264
v 0.134033 -0.189697 0.145752
v 0.145752 -0.213623 0.174072
v 0.143799 -0.213623 0.182373
v 0.150146 -0.204834 0.177979
v 0.139404 -0.218506 0.167725
v 0.139404 -0.214111 0.171143
v 0.136475 -0.214111 0.170654
v 0.129150 -0.207275 0.168701
v 0.137939 -0.213623 0.179443
v 0.135010 -0.212158 0.179443
v 0.138916 -0.213135 0.179932
v 0.131104 -0.212646 0.181396
v 0.125244 -0.209717 0.186279
v 0.125732 -0.206299 0.179932
v 0.127197 -0.191162 0.169678
v 0.125244 -0.239014 0.190186
v 0.127197 -0.239990 0.191650
v 0.131104 -0.241455 0.195557
v 0.135010 -0.235107 0.205811
v 0.130615 -0.238037 0.215088
v 0.140869 -0.229248 0.190674
v 0.134521 -0.228271 0.190674
v 0.132568 -0.227783 0.189209
v 0.129639 -0.228760 0.192627
v 0.128174 -0.228271 0.190674
v 0.135498 -0.226318 0.196533
v 0.142822 -0.217529 0.194092
v 0.145264 -0.211670 0.188232
v 0.144775 -0.213623 0.191650
v 0.141357 -0.216064 0.200439
v 0.146240 -0.208252 0.188721
v 0.145752 -0.206299 0.195068
v 0.143311 -0.208252 0.200928
v 0.141846 -0.200439 0.208740
v 0.133545 -0.209229 0.221924
v 0.125732 -0.210205 0.225342
v 0.192139 -0.125244 0.155029
v 0.231689 -0.133545 0.218506
v 0.220947 -0.130127 0.203857
v 0.208252 -0.131592 0.232666
v 0.211670 -0.125732 0.240479
v 0.201904 -0.129150 0.223877
v 0.161377 -0.179443 0.129150
v 0.146729 -0.173096 0.125732
v 0.155029 -0.184326 0.151611
v 0.148682 -0.173584 0.150146
v 0.140381 -0.177490 0.147705
v 0.154541 -0.169678 0.128174
v 0.148193 -0.185791 0.176514
v 0.141846 -0.175049 0.172607
v 0.134033 -0.177979 0.171143
v 0.137939 -0.173096 0.187256
v 0.129150 -0.176514 0.186768
v 0.143799 -0.185791 0.194092
v 0.140869 -0.182861 0.216553
v 0.140869 -0.174072 0.205811
v 0.135498 -0.166260 0.199463
v 0.127686 -0.167725 0.199463
v 0.133545 -0.156494 0.210693
v 0.138428 -0.160889 0.215576
v 0.126709 -0.156494 0.210693
v 0.135010 -0.187256 0.227295
v 0.128174 -0.187256 0.230225
v 0.139404 -0.166748 0.224365
v 0.135010 -0.169678 0.231689
v 0.129639 -0.169678 0.233643
v 0.133057 -0.147217 0.216064
v 0.127197 -0.146729 0.216064
v 0.137451 -0.150146 0.220459
v 0.136963 -0.155029 0.230225
v 0.135498 -0.141357 0.223389
v 0.135498 -0.144287 0.229736
v 0.125244 -0.140869 0.223877
v 0.131104 -0.144775 0.233154
v 0.125244 -0.143311 0.230225
v 0.127686 -0.144287 0.232666
v 0.130615 -0.156006 0.235107
v 0.125244 -0.155029 0.234619
v 0.132568 -0.139893 0.220459
v 0.128662 -0.139404 0.220459
v 0.130615 -0.137451 0.226807
v 0.118408 -0.236084 0.189209
v 0.110596 -0.230225 0.198975
v 0.121826 -0.220947 0.187744
v 0.111572 -0.232666 0.214111
v 0.122803 -0.237061 0.219482
v 0.115479 -0.235596 0.221436
v 0.118408 -0.209717 0.187744
v 0.119385 -0.196533 0.187744
v 0.115479 -0.201904 0.195068
v 0.114014 -0.194092 0.206787
v 0.118408 -0.209229 0.226318
v 0.114502 -0.204346 0.219971
v 0.120850 -0.186279 0.193115
v 0.115967 -0.176025 0.214111
v 0.121338 -0.171143 0.203369
v 0.121826 -0.157959 0.213623
v 0.121338 -0.185791 0.230713
v 0.116943 -0.182373 0.224854
v 0.123779 -0.168213 0.233154
v 0.119385 -0.165771 0.228760
v 0.117920 -0.161377 0.220947
v 0.121338 -0.149170 0.221924
v 0.121338 -0.153076 0.231201
v 0.189697 -0.119873 0.007080
v 0.191650 -0.118896 0.008545
v 0.195068 -0.109131 0.012451
v 0.191650 -0.122314 0.033936
v 0.239502 -0.081299 0.004639
v 0.241455 -0.071533 0.045654
v 0.198486 -0.088135 0.000732
v 0.196045 -0.091553 0.020264
v 0.187744 -0.082275 0.031006
v 0.198975 -0.068115 0.009033
v 0.242920 -0.101807 0.103271
v 0.242432 -0.107178 0.118896
v 0.224365 -0.097412 0.116943
v 0.188721 -0.099854 0.093018
v 0.190186 -0.096436 0.092041
v 0.203857 -0.099365 0.114990
v 0.191650 -0.102295 0.106689
v 0.195557 -0.094482 0.097900
v 0.195557 -0.100342 0.101807
v 0.198975 -0.101318 0.124756
v 0.225342 -0.088135 0.092041
v 0.232666 -0.077393 0.070557
v 0.187744 -0.093506 0.091064
v 0.209717 -0.087158 0.114502
v 0.213623 -0.084717 0.118896
v 0.202881 -0.091553 0.106689
v 0.192627 -0.088135 0.096436
v 0.187744 -0.086182 0.099854
v 0.197998 -0.082275 0.103760
v 0.203369 -0.068115 0.095947
v 0.203369 -0.076904 0.110107
v 0.205811 -0.074951 0.114014
v 0.196533 -0.070557 0.117920
v 0.191650 -0.077881 0.109619
v 0.200439 -0.066650 0.122314
v 0.179932 -0.123291 0.004150
v 0.169189 -0.121826 0.004150
v 0.160889 -0.107666 0.010010
v 0.162354 -0.115479 0.032959
v 0.185303 -0.108643 0.040283
v 0.177002 -0.102783 0.043213
v 0.168701 -0.105713 0.039795
v 0.160889 -0.088135 0.019287
v 0.169189 -0.079834 0.031006
v 0.157959 -0.069092 0.004639
v 0.178467 -0.075928 0.034424
v 0.183838 -0.097412 0.088623
v 0.187256 -0.101318 0.096436
v 0.183838 -0.099854 0.096436
v 0.182861 -0.096436 0.097412
v 0.183838 -0.093994 0.108643
v 0.186768 -0.099854 0.109619
v 0.185303 -0.091553 0.093506
v 0.182861 -0.093506 0.094482
v 0.183838 -0.088135 0.104736
v 0.186768 -0.079834 0.119385
v 0.223389 -0.053467 0.023682
v 0.216553 -0.058838 0.008057
v 0.205811 -0.061279 0.002197
v 0.192627 -0.048584 0.000732
v 0.191650 -0.051514 0.012451
v 0.189697 -0.061279 0.023682
v 0.206787 -0.032471 0.021240
v 0.196045 -0.046143 0.003174
v 0.200439 -0.035889 0.006592
v 0.217529 -0.053955 0.044678
v 0.194580 -0.000732 0.008545
v 0.199951 -0.000732 0.022705
v 0.202393 -0.031006 0.041260
v 0.196533 -0.000732 0.041260
v 0.210693 -0.058350 0.070557
v 0.194580 -0.032959 0.067627
v 0.188721 -0.000732 0.068115
v 0.179443 -0.053955 0.027100
v 0.167236 -0.048584 0.011963
v 0.168213 -0.058838 0.023682
v 0.179932 -0.039795 0.000244
v 0.179932 -0.043213 0.014404
v 0.179443 -0.000732 0.000244
v 0.157959 -0.000732 0.000732
v 0.157959 -0.007080 0.058838
v 0.161865 -0.000732 0.056396
v 0.152100 -0.000732 0.001221
v 0.125244 -0.000732 0.023682
v 0.147705 -0.000732 0.046631
v 0.152588 -0.004639 0.051514
v 0.154053 -0.000732 0.049561
v 0.147705 -0.006592 0.052490
v 0.141846 -0.000732 0.053955
v 0.143311 -0.004639 0.054932
v 0.185791 -0.037354 0.100830
v 0.186279 -0.000732 0.077881
v 0.180908 -0.000732 0.073975
v 0.183838 -0.013916 0.088135
v 0.176514 -0.012451 0.081299
v 0.165771 -0.009521 0.069580
v 0.156494 -0.015381 0.076904
v 0.170654 -0.000732 0.065186
v 0.179443 -0.023682 0.107666
v 0.167725 -0.020264 0.095459
v 0.156982 -0.012451 0.103271
v 0.165283 -0.014404 0.117920
v 0.150635 -0.010986 0.062744
v 0.144287 -0.006592 0.065674
v 0.141357 -0.000732 0.066650
v 0.148682 -0.009521 0.082764
v 0.144287 -0.000732 0.085693
v 0.151611 -0.000732 0.108154
v 0.129150 -0.000732 0.121338
v 0.233154 -0.101807 0.141846
v 0.220459 -0.104736 0.148193
v 0.228271 -0.097412 0.146240
v 0.244385 -0.103271 0.163330
v 0.238037 -0.098389 0.160889
v 0.227783 -0.109131 0.161377
v 0.226807 -0.106689 0.176025
v 0.225830 -0.106689 0.183838
v 0.218994 -0.099854 0.183350
v 0.210693 -0.113037 0.150635
v 0.201904 -0.123291 0.155518
v 0.200439 -0.118408 0.150146
v 0.190186 -0.118408 0.147705
v 0.192627 -0.124268 0.151123
v 0.193115 -0.121338 0.148682
v 0.188721 -0.123291 0.156006
v 0.196045 -0.113037 0.148682
v 0.188232 -0.115967 0.150146
v 0.191650 -0.109619 0.153076
v 0.212646 -0.094971 0.126221
v 0.208740 -0.095459 0.138916
v 0.209717 -0.096436 0.144287
v 0.192627 -0.096924 0.130127
v 0.202881 -0.105225 0.147705
v 0.197021 -0.099854 0.154541
v 0.215088 -0.118408 0.160400
v 0.213135 -0.117920 0.171143
v 0.206787 -0.112549 0.177490
v 0.199463 -0.123779 0.162354
v 0.195068 -0.120850 0.165771
v 0.189209 -0.110107 0.159912
v 0.191162 -0.114990 0.164795
v 0.195068 -0.099365 0.165771
v 0.199463 -0.104736 0.175049
v 0.218994 -0.090088 0.131592
v 0.237549 -0.093018 0.177490
v 0.237549 -0.090088 0.177979
v 0.227783 -0.085693 0.185303
v 0.216553 -0.088135 0.141357
v 0.218018 -0.087646 0.144287
v 0.210205 -0.080811 0.151123
v 0.208740 -0.078369 0.150146
v 0.187744 -0.088135 0.127686
v 0.201416 -0.089111 0.145752
v 0.202393 -0.089111 0.152588
v 0.195068 -0.079346 0.142334
v 0.192627 -0.071045 0.131104
v 0.198975 -0.065674 0.135986
v 0.202393 -0.071533 0.147217
v 0.208740 -0.091553 0.179443
v 0.214600 -0.078857 0.180420
v 0.201416 -0.086670 0.167236
v 0.206787 -0.075439 0.165771
v 0.242432 -0.117920 0.189209
v 0.219482 -0.094482 0.195068
v 0.234619 -0.124268 0.231689
v 0.231201 -0.109619 0.238525
v 0.248779 -0.098389 0.232666
v 0.222900 -0.097900 0.234619
v 0.209229 -0.118408 0.197510
v 0.207764 -0.105713 0.205322
v 0.211182 -0.115967 0.243408
v 0.197021 -0.121338 0.218994
v 0.197510 -0.112549 0.222412
v 0.187744 -0.123291 0.240967
v 0.191650 -0.122314 0.246338
v 0.189697 -0.124268 0.243896
v 0.191650 -0.118896 0.247314
v 0.190674 -0.115967 0.245361
v 0.188721 -0.115479 0.242432
v 0.213623 -0.096924 0.220947
v 0.207764 -0.107666 0.239990
v 0.201904 -0.106689 0.231201
v 0.225342 -0.081787 0.191162
v 0.223877 -0.086182 0.214600
v 0.226318 -0.078369 0.211670
v 0.236084 -0.087158 0.229736
v 0.239990 -0.081299 0.226807
v 0.234619 -0.076904 0.238037
v 0.186279 -0.122803 0.148193
v 0.186279 -0.117432 0.153076
v 0.187256 -0.119873 0.156982
v 0.186768 -0.120850 0.239502
v 0.186768 -0.117432 0.239990
v 0.184814 -0.119873 0.246338
v 0.214600 -0.048584 0.245361
v 0.198975 -0.048584 0.219482
v 0.189209 -0.025146 0.216064
v 0.196045 -0.019287 0.234619
v 0.204834 -0.000732 0.249756
v 0.198975 -0.000732 0.242432
v 0.181885 -0.042236 0.140869
v 0.186768 -0.046143 0.182861
v 0.175537 -0.016846 0.128662
v 0.174072 -0.000732 0.139893
v 0.175049 -0.014893 0.151123
v 0.174072 -0.000732 0.142822
v 0.164307 -0.000732 0.139404
v 0.161865 -0.000732 0.126221
v 0.160889 -0.011475 0.144775
v 0.177002 -0.023193 0.167236
v 0.177979 -0.017334 0.180908
v 0.168701 -0.021240 0.163330
v 0.165771 -0.014893 0.175537
v 0.163818 -0.000732 0.183838
v 0.155518 -0.017822 0.154541
v 0.149658 -0.008545 0.137939
v 0.153076 -0.000732 0.134033
v 0.140869 -0.000732 0.127197
v 0.143799 -0.013916 0.143799
v 0.134521 -0.008545 0.132080
v 0.138428 -0.005127 0.129150
v 0.130615 -0.005127 0.135010
v 0.128174 -0.000732 0.136475
v 0.137939 -0.008545 0.149658
v 0.134521 -0.000732 0.153076
v 0.149170 -0.011475 0.163330
v 0.145264 -0.000732 0.168701
v 0.177002 -0.022217 0.215576
v 0.158936 -0.018311 0.214111
v 0.182861 -0.015381 0.199951
v 0.174072 -0.013916 0.201904
v 0.178467 -0.000732 0.191162
v 0.178955 -0.000732 0.193115
v 0.172119 -0.000732 0.194580
v 0.158936 -0.000732 0.197510
v 0.158936 -0.011475 0.203369
v 0.179932 -0.015381 0.232178
v 0.181396 -0.000732 0.239014
v 0.158936 -0.011475 0.225830
v 0.158447 -0.000732 0.231201
v 0.145264 -0.000732 0.199951
v 0.142822 -0.012939 0.210693
v 0.144775 -0.008545 0.203857
v 0.140869 -0.008057 0.217529
v 0.133545 -0.000732 0.200928
v 0.127197 -0.000732 0.202881
v 0.134033 -0.004639 0.203369
v 0.131592 -0.006592 0.206299
v 0.131104 -0.004639 0.210205
v 0.129639 -0.000732 0.210693
v 0.139893 -0.000732 0.220459
v 0.124268 -0.034912 0.001221
v 0.086182 -0.045654 0.000732
v 0.086182 -0.040283 0.001709
v 0.078369 -0.033447 0.010498
v 0.123779 -0.029541 0.001709
v 0.106201 -0.022705 0.017822
v 0.080322 -0.016357 0.029541
v 0.090088 -0.000732 0.035400
v 0.059814 -0.016846 0.004639
v 0.056396 -0.021240 0.023682
v 0.035889 -0.019775 0.006104
v 0.032959 -0.017334 0.000244
v 0.051514 -0.013916 0.013916
v 0.049561 -0.000732 0.011963
v 0.040283 -0.012451 0.010498
v 0.043213 -0.000732 0.013916
v 0.041748 -0.010010 0.021240
v 0.039307 -0.000732 0.019775
v 0.031982 -0.007080 0.026611
v 0.057373 -0.010986 0.034424
v 0.061279 -0.000732 0.038818
v 0.033936 -0.010498 0.031494
v 0.039307 -0.007568 0.036377
v 0.038818 -0.000732 0.038818
v 0.024658 -0.009033 0.013916
v 0.020264 -0.008545 0.004639
v 0.022217 -0.014893 0.009033
v 0.019287 -0.000732 0.002686
v 0.026123 -0.000732 0.016846
v 0.029541 -0.000732 0.025635
v 0.011475 -0.010010 0.010986
v 0.010498 -0.005615 0.007568
v 0.010010 -0.000732 0.006104
v 0.012451 -0.006104 0.014893
v 0.005127 -0.006104 0.011475
v 0.006104 -0.004150 0.009033
v 0.006104 -0.004150 0.013916
v 0.005127 -0.000732 0.008057
v 0.005615 -0.000732 0.014893
v 0.000732 -0.000732 0.010986
v 0.012451 -0.000732 0.016846
v 0.021729 -0.000732 0.032959
v 0.248779 -0.097412 0.300049
v 0.247314 -0.093506 0.277100
v 0.247314 -0.069580 0.256592
v 0.246826 -0.075928 0.268311
v 0.239502 -0.090088 0.296631
v 0.237061 -0.078369 0.298584
v 0.242432 -0.077881 0.282959
v 0.249756 -0.064697 0.292236
v 0.243408 -0.068115 0.303955
v 0.245850 -0.078369 0.327393
v 0.240967 -0.084717 0.324463
v 0.234131 -0.085205 0.319580
v 0.229736 -0.080811 0.315674
v 0.245850 -0.071045 0.326416
v 0.234619 -0.067139 0.317139
v 0.240967 -0.066162 0.322021
v 0.229736 -0.072998 0.314697
v 0.226807 -0.064697 0.327881
v 0.223877 -0.067627 0.326904
v 0.227295 -0.072998 0.334717
v 0.224365 -0.073486 0.331787
v 0.222900 -0.071045 0.328857
v 0.229736 -0.070068 0.335693
v 0.230713 -0.066162 0.333740
v 0.229736 -0.064209 0.330811
v 0.222900 -0.065186 0.335205
v 0.235107 -0.045166 0.265381
v 0.226807 -0.000732 0.269287
v -0.002197 -0.249268 -0.344482
v -0.014404 -0.229248 -0.347900
v -0.018799 -0.227783 -0.349365
v -0.015381 -0.242432 -0.321533
v -0.006104 -0.238525 -0.316162
v -0.001221 -0.234619 -0.313232
v -0.012451 -0.241943 -0.322998
v -0.008057 -0.238525 -0.314209
v -0.019775 -0.243408 -0.333740
v -0.023682 -0.244385 -0.332764
v -0.021729 -0.241943 -0.341553
v -0.026123 -0.240967 -0.342041
v -0.024658 -0.239502 -0.319580
v -0.031494 -0.223389 -0.349365
v -0.037354 -0.237549 -0.340576
v -0.033936 -0.241455 -0.330811
v -0.056885 -0.221436 -0.313721
v -0.008057 -0.207275 -0.344482
v -0.003662 -0.215088 -0.343506
v -0.001221 -0.204346 -0.343506
v -0.052979 -0.192139 -0.347412
v -0.013916 -0.235596 -0.311279
v -0.002197 -0.234131 -0.311279
v -0.007080 -0.231689 -0.308350
v -0.001709 -0.226807 -0.310303
v -0.019775 -0.219482 -0.302002
v -0.031006 -0.225830 -0.305420
v -0.008057 -0.211182 -0.303467
v -0.000244 -0.201416 -0.299561
v -0.021729 -0.202881 -0.294678
v -0.022705 -0.200439 -0.287354
v -0.013916 -0.196533 -0.266846
v -0.005615 -0.195068 -0.258057
v -0.020264 -0.198486 -0.278564
v -0.046631 -0.209229 -0.297119
v -0.047607 -0.206299 -0.286377
v -0.045654 -0.204834 -0.272705
v -0.038818 -0.203857 -0.257080
v -0.067139 -0.222412 -0.338135
v -0.065674 -0.224365 -0.328857
v -0.063232 -0.212646 -0.346436
v -0.093506 -0.199463 -0.344971
v -0.092529 -0.199951 -0.317139
v -0.095459 -0.201416 -0.337646
v -0.095947 -0.201416 -0.328857
v -0.083252 -0.196533 -0.302490
v -0.082764 -0.197021 -0.285400
v -0.079834 -0.196533 -0.264893
v -0.006592 -0.180420 -0.347900
v -0.042236 -0.165283 -0.347412
v -0.031006 -0.138428 -0.347412
v -0.000732 -0.177002 -0.294678
v -0.001221 -0.176025 -0.289795
v -0.087158 -0.179932 -0.347412
v -0.106201 -0.173096 -0.344971
v -0.110107 -0.172607 -0.337646
v -0.109131 -0.170654 -0.318115
v -0.111084 -0.171631 -0.328857
v -0.077881 -0.150635 -0.347412
v -0.102783 -0.139893 -0.344971
v -0.107178 -0.136963 -0.337646
v -0.109131 -0.135498 -0.328857
v -0.108154 -0.135010 -0.318604
v -0.101318 -0.169678 -0.305420
v -0.101807 -0.170166 -0.285400
v -0.099854 -0.168213 -0.260986
v -0.102783 -0.136475 -0.307373
v -0.103271 -0.134033 -0.286865
v -0.100830 -0.129639 -0.262451
v -0.023193 -0.114990 -0.345947
v -0.011475 -0.110107 -0.313232
v -0.015381 -0.103271 -0.329346
v -0.018311 -0.104248 -0.338623
v -0.052002 -0.103760 -0.344971
v -0.051514 -0.099365 -0.338135
v -0.051514 -0.097900 -0.328857
v -0.051025 -0.098877 -0.318115
v -0.011475 -0.114502 -0.301025
v -0.012939 -0.109619 -0.293213
v -0.009521 -0.105713 -0.283936
v -0.005127 -0.102783 -0.273193
v -0.048584 -0.102783 -0.304932
v -0.049072 -0.096924 -0.291748
v -0.044189 -0.092529 -0.277100
v -0.037842 -0.090088 -0.261963
v -0.062744 -0.123779 -0.347412
v -0.080811 -0.114502 -0.344971
v -0.083740 -0.110596 -0.337646
v -0.085205 -0.109619 -0.318604
v -0.085205 -0.109131 -0.328857
v -0.082275 -0.112549 -0.306885
v -0.082764 -0.106201 -0.289307
v -0.078857 -0.100342 -0.268311
v -0.022217 -0.053955 -0.254639
v -0.024170 -0.000732 -0.270264
v -0.056396 -0.000732 -0.265381
v -0.084717 -0.000732 -0.262939
v -0.135498 -0.000732 -0.262939
v -0.186768 -0.000732 -0.260986
v -0.242920 -0.000732 -0.256104
v -0.009521 -0.199951 -0.229248
v -0.017334 -0.200439 -0.235107
v -0.028076 -0.201904 -0.243896
v -0.003174 -0.206299 -0.210693
v -0.059814 -0.193604 -0.223389
v -0.037842 -0.187744 -0.203857
v -0.047119 -0.190186 -0.210693
v -0.072998 -0.195557 -0.244385
v -0.031494 -0.186279 -0.197998
v -0.049561 -0.153076 -0.187744
v -0.056396 -0.155518 -0.192139
v -0.032959 -0.183350 -0.170166
v -0.033936 -0.175537 -0.143799
v -0.050537 -0.148193 -0.175049
v -0.052979 -0.140869 -0.157471
v -0.059326 -0.128662 -0.140381
v -0.093506 -0.166260 -0.237549
v -0.066650 -0.158936 -0.198975
v -0.080322 -0.162842 -0.212646
v -0.094482 -0.126221 -0.239014
v -0.036865 -0.155518 -0.114990
v -0.043213 -0.127686 -0.096924
v -0.007080 -0.097900 -0.235596
v -0.015381 -0.096436 -0.236084
v -0.008057 -0.094482 -0.222900
v -0.009521 -0.094971 -0.218018
v -0.060303 -0.095459 -0.228271
v -0.050049 -0.119873 -0.194092
v -0.057373 -0.120850 -0.196533
v -0.052979 -0.115479 -0.189209
v -0.033936 -0.103271 -0.211182
v -0.032959 -0.101807 -0.207275
v -0.038818 -0.097900 -0.203369
v -0.039795 -0.100830 -0.214111
v -0.048584 -0.097900 -0.218018
v -0.021729 -0.093506 -0.240479
v -0.030029 -0.090576 -0.248779
v -0.072021 -0.096436 -0.248291
v -0.067627 -0.121826 -0.201416
v -0.081299 -0.123291 -0.214600
v -0.090576 -0.087158 -0.187744
v -0.065674 -0.103760 -0.174072
v -0.071045 -0.099854 -0.177490
v -0.068115 -0.114014 -0.127197
v -0.072998 -0.109131 -0.126221
v -0.092041 -0.092041 -0.131592
v -0.054932 -0.052490 -0.246338
v -0.085205 -0.051025 -0.242432
v -0.044678 -0.122314 -0.092041
v -0.047119 -0.096924 -0.071045
v -0.049072 -0.064209 -0.051025
v -0.096924 -0.068604 -0.092041
v -0.001221 -0.062256 -0.021729
v -0.049561 -0.033447 -0.037842
v -0.002197 -0.029541 -0.013916
v -0.027100 -0.017334 -0.022217
v -0.011963 -0.000732 -0.011963
v -0.017822 -0.000732 -0.013916
v -0.054932 -0.013916 -0.014404
v -0.049072 -0.000732 -0.007080
v -0.101807 -0.029053 -0.065186
v -0.123779 -0.000732 -0.068604
v -0.081787 -0.017334 -0.049561
v -0.090576 -0.013916 -0.039795
v -0.070068 -0.026123 -0.028076
v -0.093506 -0.018311 -0.021240
v -0.086670 -0.010010 -0.011475
v -0.084717 -0.000732 -0.006592
v -0.097412 -0.000732 -0.053955
v -0.105713 -0.000732 -0.058838
v -0.101318 -0.000732 -0.044189
v -0.108643 -0.000732 -0.033936
v -0.103271 -0.010010 -0.030029
v -0.114502 -0.010498 -0.018799
v -0.114990 -0.006592 -0.024170
v -0.118408 -0.000732 -0.026611
v -0.111572 -0.006592 -0.012939
v -0.113525 -0.000732 -0.011475
v -0.141357 -0.072998 -0.204834
v -0.144775 -0.077881 -0.155518
v -0.191162 -0.065186 -0.211182
v -0.195068 -0.070068 -0.165283
v -0.245850 -0.062744 -0.166748
v -0.137451 -0.045654 -0.243408
v -0.188232 -0.040771 -0.243896
v -0.243896 -0.036377 -0.239502
v -0.244873 -0.058350 -0.209717
v -0.197998 -0.049072 -0.126221
v -0.246826 -0.043213 -0.129639
v -0.147705 -0.055420 -0.115479
v -0.150635 -0.025146 -0.092041
v -0.132080 -0.013916 -0.076904
v -0.180420 -0.013916 -0.097412
v -0.170166 -0.019287 -0.079834
v -0.156494 -0.010986 -0.067627
v -0.181396 -0.008057 -0.062744
v -0.150146 -0.000244 -0.060303
v -0.125732 -0.000732 -0.019775
v -0.178467 -0.000244 -0.057373
v -0.199463 -0.022705 -0.104248
v -0.196045 -0.000732 -0.098877
v -0.204834 -0.000732 -0.100830
v -0.193115 -0.010010 -0.084229
v -0.201904 -0.000732 -0.087158
v -0.189209 -0.013428 -0.072021
v -0.209717 -0.005127 -0.071045
v -0.206787 -0.007568 -0.066162
v -0.213135 -0.000732 -0.073486
v -0.247314 -0.019287 -0.109619
v -0.225830 -0.000732 -0.104248
v -0.231201 -0.000732 -0.105225
v -0.247314 -0.010498 -0.107666
v -0.241455 -0.000732 -0.095459
v -0.219482 -0.000732 -0.064209
v -0.202393 -0.005127 -0.061279
v -0.202393 -0.000244 -0.058838
v -0.302979 -0.032471 -0.229248
v -0.300537 -0.051514 -0.200928
v -0.303955 -0.000732 -0.244873
v -0.297607 -0.054932 -0.160889
v -0.294189 -0.036865 -0.126709
v -0.360107 -0.000732 -0.227295
v -0.357178 -0.029053 -0.211670
v -0.343506 -0.047119 -0.148193
v -0.351318 -0.045166 -0.185303
v -0.253662 -0.008545 -0.099854
v -0.254150 -0.000732 -0.086670
v -0.269287 -0.006104 -0.088135
v -0.271240 -0.000732 -0.081299
v -0.292725 -0.014893 -0.109619
v -0.287842 -0.010498 -0.108154
v -0.293213 -0.000732 -0.107178
v -0.290283 -0.007568 -0.096924
v -0.293701 -0.000732 -0.097412
v -0.298096 -0.000732 -0.106689
v -0.287842 -0.000732 -0.079346
v -0.296631 -0.004150 -0.086182
v -0.289307 -0.003174 -0.081299
v -0.298584 -0.000732 -0.087158
v -0.300049 -0.000732 -0.080811
v -0.336670 -0.030518 -0.118408
v -0.316162 -0.000732 -0.104736
v -0.321045 -0.000732 -0.104248
v -0.327881 -0.000732 -0.094482
v -0.332764 -0.008545 -0.103271
v -0.337646 -0.007080 -0.095947
v -0.374756 -0.024658 -0.105225
v -0.349365 -0.004639 -0.082275
v -0.343994 -0.000732 -0.079834
v -0.359131 -0.000732 -0.073975
v -0.372314 -0.009521 -0.093506
v -0.366943 -0.006592 -0.092529
v -0.371338 -0.000732 -0.089600
v -0.367920 -0.005127 -0.085205
v -0.371338 -0.000732 -0.084717
v -0.361084 -0.003174 -0.075928
v -0.369385 -0.003662 -0.077881
v -0.368408 -0.000732 -0.073975
v -0.371826 -0.000732 -0.077881
v -0.410889 -0.000732 -0.200439
v -0.396729 -0.038818 -0.161377
v -0.384521 -0.039795 -0.129639
v -0.434326 -0.032471 -0.129150
v -0.405518 -0.025146 -0.185791
v -0.452393 -0.000732 -0.161865
v -0.445557 -0.021240 -0.149170
v -0.466553 -0.074463 -0.035400
v -0.460693 -0.067627 -0.031494
v -0.467041 -0.069092 -0.034912
v -0.460205 -0.071045 -0.031006
v -0.460205 -0.072021 -0.028076
v -0.459229 -0.071533 -0.020752
v -0.466064 -0.075439 -0.029053
v -0.465576 -0.074463 -0.020264
v -0.463135 -0.070557 -0.007568
v -0.456787 -0.067627 -0.009033
v -0.473389 -0.069092 -0.031494
v -0.472412 -0.072998 -0.028076
v -0.472900 -0.072021 -0.031006
v -0.471924 -0.072510 -0.020264
v -0.469971 -0.069092 -0.007568
v -0.419189 -0.032471 -0.104248
v -0.375732 -0.000732 -0.088135
v -0.402100 -0.000732 -0.076904
v -0.408447 -0.019287 -0.086182
v -0.435303 -0.014893 -0.060791
v -0.429443 -0.000732 -0.054932
v -0.446045 -0.025635 -0.072021
v -0.460693 -0.025635 -0.088135
v -0.472900 -0.017334 -0.102295
v -0.480713 -0.000732 -0.112061
v -0.481201 -0.014404 -0.065186
v -0.488525 -0.000732 -0.072021
v -0.458740 -0.039307 -0.021729
v -0.468018 -0.039795 -0.026123
v -0.475342 -0.040283 -0.020752
v -0.455811 -0.021240 -0.046631
v -0.445557 -0.012451 -0.039307
v -0.439697 -0.000732 -0.035889
v -0.455322 -0.016846 -0.017822
v -0.468018 -0.018799 -0.022705
v -0.446045 -0.010010 -0.019287
v -0.441162 -0.000732 -0.017822
v -0.469482 -0.021240 -0.056396
v -0.487061 -0.000732 -0.032959
v -0.469482 -0.017822 -0.030029
v -0.475830 -0.018799 -0.014404
v -0.481201 -0.011963 -0.031006
v -0.479736 -0.009033 -0.011475
v -0.482666 -0.000732 -0.010986
v -0.437256 -0.034424 0.034912
v -0.431885 -0.000732 0.021240
v -0.427002 -0.022705 0.046631
v -0.430908 -0.024170 0.049561
v -0.434814 -0.023193 0.052002
v -0.415283 -0.012939 0.056885
v -0.417725 -0.013916 0.059326
v -0.420166 -0.013428 0.061768
v -0.413330 -0.000732 0.054932
v -0.426514 -0.004150 0.041748
v -0.423096 -0.000732 0.039795
v -0.389893 -0.000732 0.071045
v -0.402588 -0.006104 0.064697
v -0.404053 -0.007080 0.066650
v -0.405518 -0.006592 0.068115
v -0.402100 -0.000732 0.063721
v -0.406494 -0.000732 0.070557
v -0.422607 -0.000732 0.064697
v -0.452881 -0.059326 0.006104
v -0.446045 -0.047119 0.021240
v -0.451416 -0.049561 0.024170
v -0.458740 -0.062256 0.008057
v -0.465576 -0.060791 0.008545
v -0.457764 -0.048584 0.025146
v -0.442139 -0.036377 0.037842
v -0.447021 -0.035400 0.039795
v -0.448486 -0.012939 0.002197
v -0.441162 -0.006104 0.001709
v -0.438232 -0.000732 0.001221
v -0.438721 -0.008057 0.023193
v -0.438232 -0.000732 0.054932
v -0.458252 -0.000732 0.034424
v -0.474854 -0.000732 0.009033
v 0.305420 0.048584 -0.262451
v 0.256592 0.051514 -0.278564
v 0.366455 0.116943 -0.334229
v 0.368896 0.119873 -0.334229
v 0.368896 0.120361 -0.334229
v 0.363037 0.120361 -0.342041
v 0.374756 0.122803 -0.322021
v 0.373291 0.120361 -0.320068
v 0.367432 0.117432 -0.318115
v 0.354736 0.116943 -0.343506
v 0.358154 0.113037 -0.334717
v 0.335205 0.124268 -0.347900
v 0.333252 0.114502 -0.342041
v 0.335205 0.111084 -0.332275
v 0.337158 0.114990 -0.314209
v 0.317139 0.105225 -0.281982
v 0.319580 0.112549 -0.299561
v 0.312744 0.100830 -0.263916
v 0.343506 0.119873 -0.273682
v 0.339600 0.115479 -0.253174
v 0.311768 0.124268 -0.346436
v 0.309814 0.115967 -0.339600
v 0.309814 0.112549 -0.329834
v 0.288818 0.120850 -0.338623
v 0.287842 0.118408 -0.329346
v 0.286865 0.119873 -0.318115
v 0.281494 0.120361 -0.309326
v 0.270264 0.110107 -0.290283
v 0.262451 0.104736 -0.274170
v 0.259033 0.103760 -0.257080
v 0.407959 0.136963 -0.347412
v 0.407959 0.135986 -0.340088
v 0.402100 0.133545 -0.347900
v 0.402100 0.137939 -0.348877
v 0.387939 0.129639 -0.344971
v 0.389404 0.139404 -0.345947
v 0.404053 0.141846 -0.347412
v 0.401123 0.130615 -0.343018
v 0.402100 0.131104 -0.337158
v 0.402100 0.132080 -0.331299
v 0.393311 0.126709 -0.331299
v 0.405029 0.135010 -0.331787
v 0.404053 0.138916 -0.330811
v 0.396240 0.130127 -0.324951
v 0.398682 0.135010 -0.322021
v 0.399170 0.140381 -0.323975
v 0.390381 0.125732 -0.338623
v 0.379150 0.128662 -0.312744
v 0.404541 0.142822 -0.342041
v 0.405029 0.140869 -0.336182
v 0.399170 0.145264 -0.329834
v 0.393311 0.148193 -0.343506
v 0.397705 0.148682 -0.337158
v 0.375732 0.155029 -0.340576
v 0.384521 0.151123 -0.320557
v 0.385010 0.153564 -0.318604
v 0.406006 0.187256 -0.345459
v 0.383545 0.156494 -0.332275
v 0.384033 0.158936 -0.330322
v 0.383545 0.162354 -0.328369
v 0.380615 0.159424 -0.337158
v 0.380127 0.162842 -0.336182
v 0.383057 0.168213 -0.339111
v 0.386475 0.167725 -0.330322
v 0.386475 0.171631 -0.330811
v 0.381592 0.160400 -0.316162
v 0.387451 0.170166 -0.318604
v 0.394775 0.179443 -0.343506
v 0.401123 0.179932 -0.335693
v 0.402100 0.181885 -0.327881
v 0.402100 0.186279 -0.322510
v 0.379150 0.172119 -0.342041
v 0.387939 0.174072 -0.319580
v 0.378662 0.127686 -0.310303
v 0.375244 0.126709 -0.306885
v 0.382568 0.135986 -0.308838
v 0.382080 0.135986 -0.306396
v 0.378662 0.136963 -0.303467
v 0.384521 0.143799 -0.312256
v 0.384033 0.145264 -0.309814
v 0.380127 0.147217 -0.306396
v 0.383057 0.174072 -0.306396
v 0.386963 0.177490 -0.309814
v 0.387451 0.179443 -0.312256
v 0.384521 0.187256 -0.306396
v 0.380615 0.185791 -0.302979
v 0.413330 0.196533 -0.346436
v 0.409424 0.188232 -0.339600
v 0.409424 0.189209 -0.333740
v 0.407471 0.190186 -0.329346
v 0.408936 0.195068 -0.330322
v 0.412842 0.196045 -0.338135
v 0.402588 0.193115 -0.346436
v 0.401611 0.199951 -0.345459
v 0.389893 0.189697 -0.344971
v 0.387939 0.200928 -0.343994
v 0.405029 0.201416 -0.340088
v 0.405029 0.197998 -0.329346
v 0.405518 0.199951 -0.334229
v 0.395264 0.201904 -0.328369
v 0.400635 0.192139 -0.320068
v 0.398193 0.197998 -0.322998
v 0.378174 0.200439 -0.320068
v 0.392822 0.203857 -0.336182
v 0.375732 0.203369 -0.319092
v 0.379150 0.230713 -0.350830
v 0.381592 0.232666 -0.343994
v 0.382568 0.239990 -0.353760
v 0.376221 0.222900 -0.336670
v 0.376709 0.226807 -0.329346
v 0.375732 0.231201 -0.322998
v 0.381592 0.234619 -0.337646
v 0.382568 0.240967 -0.343018
v 0.375244 0.241943 -0.338135
v 0.380127 0.235596 -0.331787
v 0.380127 0.239990 -0.332764
v 0.375244 0.240967 -0.332275
v 0.385498 0.187744 -0.308838
v 0.382080 0.195068 -0.312256
v 0.380615 0.196533 -0.310303
v 0.375244 0.196533 -0.306885
v 0.365479 0.141357 -0.344971
v 0.359131 0.142334 -0.347412
v 0.365967 0.125732 -0.342041
v 0.368408 0.140869 -0.343506
v 0.328857 0.147705 -0.346924
v 0.366455 0.182373 -0.344482
v 0.357178 0.179932 -0.344971
v 0.373779 0.156982 -0.341553
v 0.371338 0.162842 -0.341553
v 0.363037 0.161865 -0.343018
v 0.374756 0.170654 -0.342529
v 0.371338 0.183838 -0.343506
v 0.321045 0.171631 -0.345459
v 0.354248 0.127686 -0.302979
v 0.367920 0.145752 -0.299072
v 0.359619 0.140869 -0.298584
v 0.361572 0.155518 -0.295166
v 0.350830 0.150635 -0.286377
v 0.357178 0.145264 -0.266846
v 0.343018 0.125244 -0.290283
v 0.370361 0.156982 -0.304932
v 0.367920 0.166748 -0.297119
v 0.359619 0.178955 -0.292236
v 0.347900 0.175049 -0.286377
v 0.355713 0.173096 -0.263428
v 0.290771 0.127197 -0.345459
v 0.291260 0.144287 -0.347412
v 0.271729 0.139893 -0.344971
v 0.268311 0.136475 -0.338135
v 0.266846 0.135986 -0.329346
v 0.266357 0.138428 -0.320557
v 0.283936 0.164307 -0.346924
v 0.281494 0.186768 -0.347412
v 0.261963 0.159912 -0.344971
v 0.262939 0.183838 -0.344971
v 0.257568 0.159912 -0.338135
v 0.256592 0.161377 -0.329346
v 0.256592 0.164307 -0.321045
v 0.259521 0.186279 -0.338135
v 0.261963 0.141357 -0.312256
v 0.254150 0.168213 -0.312256
v 0.349365 0.199463 -0.344482
v 0.369385 0.198975 -0.342529
v 0.368896 0.202881 -0.339600
v 0.364502 0.196533 -0.343018
v 0.357178 0.202393 -0.342529
v 0.374756 0.203369 -0.331299
v 0.372314 0.205811 -0.330811
v 0.367920 0.208252 -0.328857
v 0.364502 0.205811 -0.337158
v 0.365967 0.209717 -0.338135
v 0.368896 0.211670 -0.330322
v 0.367432 0.214111 -0.331299
v 0.362549 0.211182 -0.342041
v 0.366943 0.208252 -0.316650
v 0.367920 0.218018 -0.322021
v 0.368408 0.216064 -0.320068
v 0.359131 0.209229 -0.343506
v 0.314697 0.192627 -0.346436
v 0.340088 0.216064 -0.348389
v 0.331299 0.212158 -0.349365
v 0.371826 0.219971 -0.345459
v 0.373291 0.234131 -0.353271
v 0.361572 0.227783 -0.350342
v 0.348877 0.220459 -0.347900
v 0.345947 0.218994 -0.347900
v 0.370850 0.240967 -0.350830
v 0.373779 0.242432 -0.344482
v 0.355713 0.239014 -0.345947
v 0.365967 0.223389 -0.313721
v 0.356201 0.232666 -0.314209
v 0.360107 0.241455 -0.337158
v 0.364014 0.240967 -0.329834
v 0.368408 0.239014 -0.323486
v 0.372803 0.235596 -0.320068
v 0.349854 0.235107 -0.322021
v 0.346924 0.236084 -0.320068
v 0.327881 0.229736 -0.343994
v 0.340088 0.233643 -0.342041
v 0.336670 0.231689 -0.343506
v 0.336182 0.236084 -0.337646
v 0.343506 0.236084 -0.331299
v 0.340088 0.237549 -0.329834
v 0.330811 0.236572 -0.328857
v 0.339600 0.235107 -0.317627
v 0.326904 0.234619 -0.337646
v 0.359131 0.194092 -0.298096
v 0.348389 0.200439 -0.297119
v 0.362549 0.218506 -0.308350
v 0.356201 0.204346 -0.305420
v 0.351318 0.211670 -0.300537
v 0.344971 0.216064 -0.298096
v 0.335693 0.198975 -0.289307
v 0.341064 0.201416 -0.263428
v 0.365967 0.221924 -0.311768
v 0.362061 0.228271 -0.310303
v 0.361572 0.227783 -0.307861
v 0.357666 0.225342 -0.304932
v 0.354736 0.232666 -0.311279
v 0.349854 0.231201 -0.308350
v 0.334717 0.222900 -0.302002
v 0.298584 0.218506 -0.344482
v 0.275635 0.205322 -0.344971
v 0.259033 0.188232 -0.329346
v 0.261475 0.190186 -0.320557
v 0.273682 0.209717 -0.338135
v 0.274658 0.211182 -0.328857
v 0.278564 0.210693 -0.318115
v 0.297119 0.223877 -0.337646
v 0.299561 0.225830 -0.328369
v 0.308350 0.222412 -0.313232
v 0.311279 0.210693 -0.297119
v 0.283936 0.210693 -0.304932
v 0.311768 0.218506 -0.268799
v 0.260498 0.193115 -0.310303
v 0.279053 0.219482 -0.276123
v 0.390869 0.045654 -0.183350
v 0.402100 0.045166 -0.149170
v 0.384521 0.078857 -0.143311
v 0.406494 0.044189 -0.114014
v 0.404541 0.041260 -0.072998
v 0.393799 0.036865 -0.032959
v 0.378174 0.032471 -0.003174
v 0.388428 0.077881 -0.110107
v 0.385010 0.074951 -0.071045
v 0.369873 0.046143 -0.214600
v 0.340088 0.047119 -0.241943
v 0.356201 0.081299 -0.201904
v 0.330811 0.082275 -0.225342
v 0.333740 0.114502 -0.234131
v 0.327881 0.114990 -0.219482
v 0.318604 0.108643 -0.205322
v 0.322510 0.114990 -0.212646
v 0.374268 0.079834 -0.175049
v 0.356201 0.102783 -0.165771
v 0.363525 0.120361 -0.164795
v 0.365479 0.101318 -0.136963
v 0.369873 0.116455 -0.135498
v 0.340088 0.105225 -0.187256
v 0.301514 0.083252 -0.242920
v 0.308838 0.100342 -0.246826
v 0.305420 0.101807 -0.234131
v 0.301514 0.102783 -0.224854
v 0.301025 0.103271 -0.224854
v 0.297119 0.103271 -0.217041
v 0.257568 0.104736 -0.243896
v 0.255615 0.106689 -0.230713
v 0.254150 0.107178 -0.220459
v 0.365967 0.101807 -0.106689
v 0.367920 0.114990 -0.103760
v 0.355225 0.103271 -0.068115
v 0.357666 0.116455 -0.069580
v 0.373779 0.068115 -0.030029
v 0.347412 0.086670 -0.023193
v 0.332275 0.105225 -0.034424
v 0.338623 0.120361 -0.043213
v 0.327881 0.094971 -0.016357
v 0.314697 0.124268 -0.029053
v 0.307861 0.105225 -0.016357
v 0.286865 0.102783 -0.008057
v 0.289307 0.123291 -0.021240
v 0.265869 0.096436 -0.003662
v 0.260010 0.113525 -0.015869
v 0.356201 0.139404 -0.243896
v 0.349365 0.137451 -0.221924
v 0.340576 0.136475 -0.205322
v 0.339600 0.133057 -0.197510
v 0.335693 0.135498 -0.199951
v 0.357666 0.169678 -0.239502
v 0.349854 0.166260 -0.214111
v 0.339600 0.162354 -0.197021
v 0.336670 0.159912 -0.189697
v 0.352295 0.126221 -0.185303
v 0.364990 0.150146 -0.158447
v 0.356201 0.155029 -0.178467
v 0.368896 0.143799 -0.130127
v 0.346924 0.179443 -0.145752
v 0.342529 0.157959 -0.186279
v 0.336670 0.185303 -0.186279
v 0.342529 0.183350 -0.166260
v 0.341064 0.200928 -0.239014
v 0.332764 0.197021 -0.216064
v 0.328369 0.191162 -0.201416
v 0.330811 0.187744 -0.194580
v 0.315186 0.196045 -0.133057
v 0.300537 0.211670 -0.197021
v 0.263428 0.217529 -0.197510
v 0.309814 0.221924 -0.242432
v 0.302490 0.219482 -0.217529
v 0.271729 0.226318 -0.249756
v 0.265869 0.225342 -0.224365
v 0.310303 0.198486 -0.167725
v 0.305908 0.203857 -0.181885
v 0.312256 0.198975 -0.151123
v 0.275635 0.199463 -0.156982
v 0.270264 0.206787 -0.173584
v 0.274658 0.200439 -0.142334
v 0.366455 0.135010 -0.098389
v 0.360596 0.129639 -0.078857
v 0.349365 0.171631 -0.119385
v 0.347900 0.156982 -0.088623
v 0.318115 0.187256 -0.108643
v 0.319580 0.170654 -0.078857
v 0.343994 0.138916 -0.061768
v 0.318604 0.148193 -0.050537
v 0.285400 0.172607 -0.070557
v 0.250244 0.159912 -0.064697
v 0.288330 0.149170 -0.042725
v 0.254639 0.137939 -0.036377
v 0.277100 0.197998 -0.123291
v 0.281006 0.189209 -0.099365
v 0.199951 0.054443 -0.287842
v 0.137451 0.054932 -0.289795
v 0.192627 0.096436 -0.260498
v 0.132080 0.093018 -0.265869
v 0.072021 0.050537 -0.285889
v 0.012939 0.057373 -0.265869
v 0.070068 0.080322 -0.267822
v 0.063232 0.113525 -0.256592
v 0.020264 0.116943 -0.331787
v 0.025635 0.121338 -0.332275
v 0.019775 0.119385 -0.340576
v 0.021729 0.121826 -0.340576
v 0.024170 0.123779 -0.320557
v 0.013916 0.116455 -0.340576
v 0.010010 0.111084 -0.330811
v 0.004150 0.111084 -0.340088
v 0.013916 0.117920 -0.318604
v 0.000244 0.100830 -0.263916
v 0.008057 0.106201 -0.256104
v 0.005127 0.102295 -0.257568
v 0.030029 0.117432 -0.265381
v 0.246338 0.139404 -0.291260
v 0.232666 0.138428 -0.268311
v 0.239014 0.171631 -0.289307
v 0.224854 0.173584 -0.265381
v 0.249268 0.200928 -0.284424
v 0.237549 0.206299 -0.259033
v 0.110107 0.155518 -0.250732
v 0.091064 0.130127 -0.255127
v 0.079834 0.143311 -0.265869
v 0.087646 0.161377 -0.264404
v 0.087158 0.180908 -0.259521
v 0.052002 0.142822 -0.346924
v 0.050049 0.146729 -0.347900
v 0.056396 0.148682 -0.347412
v 0.050537 0.151611 -0.346924
v 0.034912 0.141846 -0.345459
v 0.035889 0.154053 -0.343994
v 0.039307 0.132568 -0.343506
v 0.043213 0.135010 -0.336670
v 0.044678 0.138916 -0.329346
v 0.053955 0.144287 -0.342041
v 0.053955 0.146240 -0.336670
v 0.052490 0.147217 -0.331299
v 0.055908 0.149658 -0.338623
v 0.052979 0.153076 -0.342041
v 0.052979 0.152588 -0.336182
v 0.053467 0.150146 -0.331299
v 0.052002 0.152100 -0.331299
v 0.043213 0.156006 -0.328857
v 0.045654 0.143799 -0.323486
v 0.045654 0.148682 -0.321045
v 0.044678 0.153076 -0.323486
v 0.044678 0.153076 -0.322998
v 0.005127 0.130127 -0.346924
v 0.011963 0.133545 -0.344482
v 0.027100 0.125244 -0.331787
v 0.028564 0.127686 -0.322021
v 0.029541 0.131104 -0.322510
v 0.030029 0.136475 -0.312744
v 0.031006 0.138428 -0.314697
v 0.015381 0.135498 -0.343506
v 0.019775 0.153564 -0.341553
v 0.031006 0.151611 -0.314209
v 0.014893 0.153564 -0.343018
v 0.041260 0.156982 -0.336182
v 0.038330 0.187256 -0.335205
v 0.008545 0.157959 -0.343994
v 0.000732 0.182861 -0.344971
v 0.023682 0.159912 -0.338135
v 0.028076 0.158447 -0.331299
v 0.028076 0.161865 -0.330322
v 0.020264 0.163818 -0.338135
v 0.026123 0.167236 -0.328857
v 0.021240 0.170654 -0.337646
v 0.030029 0.156494 -0.322021
v 0.029053 0.159424 -0.319580
v 0.023193 0.166260 -0.313232
v 0.012451 0.167236 -0.343018
v 0.025635 0.173096 -0.329346
v 0.024170 0.176025 -0.330322
v 0.015869 0.172607 -0.341553
v 0.030518 0.183838 -0.343506
v 0.025146 0.177490 -0.318115
v 0.024658 0.180420 -0.320068
v 0.005615 0.185303 -0.343506
v 0.031494 0.145264 -0.311279
v 0.059326 0.131104 -0.268311
v 0.060303 0.156006 -0.273193
v 0.036377 0.147705 -0.275146
v 0.016357 0.128174 -0.307861
v 0.026123 0.133545 -0.310791
v 0.015381 0.139404 -0.302002
v 0.008545 0.138916 -0.286377
v 0.026611 0.143311 -0.306396
v 0.030518 0.144775 -0.308838
v 0.030029 0.153076 -0.311768
v 0.026123 0.152588 -0.308350
v 0.015869 0.150146 -0.301514
v 0.007080 0.143799 -0.296631
v 0.006104 0.141357 -0.291748
v 0.016846 0.134521 -0.272705
v 0.018799 0.135986 -0.270264
v 0.012939 0.135986 -0.278564
v 0.058350 0.181885 -0.267822
v 0.034912 0.177979 -0.269775
v 0.011475 0.161377 -0.300537
v 0.019775 0.182861 -0.306396
v 0.022705 0.187256 -0.311768
v 0.022217 0.185791 -0.309326
v 0.014404 0.175537 -0.301514
v 0.001221 0.173096 -0.283936
v 0.011963 0.168213 -0.269775
v 0.014404 0.168701 -0.266846
v 0.006592 0.170166 -0.275635
v 0.079346 0.196045 -0.252197
v 0.044189 0.198975 -0.348389
v 0.050537 0.209717 -0.349854
v 0.040771 0.203857 -0.349365
v 0.039795 0.210693 -0.348389
v 0.048096 0.201416 -0.343018
v 0.047119 0.202393 -0.336182
v 0.039307 0.191650 -0.327881
v 0.038330 0.197021 -0.321533
v 0.049561 0.209717 -0.340088
v 0.044678 0.203369 -0.330322
v 0.045166 0.208252 -0.330811
v 0.041260 0.210693 -0.330811
v 0.043213 0.213135 -0.343018
v 0.042725 0.212646 -0.336670
v 0.032959 0.209717 -0.322021
v 0.035889 0.203857 -0.319092
v 0.023193 0.194580 -0.345459
v 0.020752 0.208740 -0.343994
v 0.004150 0.202881 -0.342041
v 0.030029 0.213135 -0.328369
v 0.027100 0.214111 -0.335693
v 0.011475 0.209717 -0.330811
v 0.006592 0.209229 -0.338135
v 0.010498 0.212646 -0.330322
v 0.008545 0.216064 -0.329346
v 0.003174 0.211670 -0.338623
v 0.005127 0.217041 -0.338623
v 0.000244 0.218018 -0.342529
v 0.013428 0.208252 -0.321045
v 0.012451 0.210693 -0.319092
v 0.005127 0.215576 -0.316650
v 0.011963 0.230225 -0.344971
v 0.020752 0.243896 -0.348389
v 0.016846 0.246826 -0.350342
v 0.002686 0.238037 -0.348877
v 0.015869 0.233154 -0.336182
v 0.008057 0.219971 -0.330811
v 0.006592 0.221924 -0.331787
v 0.006104 0.223389 -0.321045
v 0.005615 0.225342 -0.322998
v 0.002197 0.228271 -0.313721
v 0.002686 0.229248 -0.315674
v 0.015869 0.236084 -0.329346
v 0.021729 0.244873 -0.342529
v 0.021240 0.245361 -0.336670
v 0.021729 0.249756 -0.339111
v 0.019287 0.245361 -0.331787
v 0.018799 0.247803 -0.331787
v 0.016357 0.248779 -0.331787
v 0.001709 0.249268 -0.336182
v 0.005127 0.248291 -0.329834
v 0.014404 0.239502 -0.323975
v 0.011963 0.242920 -0.322021
v 0.008545 0.245850 -0.324463
v 0.056885 0.202881 -0.251221
v 0.018311 0.195068 -0.305908
v 0.019287 0.195557 -0.308350
v 0.015869 0.202881 -0.312256
v 0.008057 0.187744 -0.298584
v 0.015381 0.193115 -0.303467
v 0.014893 0.203857 -0.309814
v 0.010986 0.203369 -0.306885
v 0.001221 0.192627 -0.252197
v 0.242920 0.094971 -0.249756
v 0.218994 0.062256 -0.000732
v 0.179932 0.025146 -0.000244
v 0.161865 0.026611 -0.000244
v 0.166260 0.044189 -0.000732
v 0.241943 0.082764 -0.001709
v 0.228760 0.093018 -0.010986
v 0.207275 0.064697 -0.005615
v 0.201416 0.065674 -0.007568
v 0.211182 0.082764 -0.010498
v 0.200928 0.081787 -0.011475
v 0.199463 0.089600 -0.003662
v 0.219971 0.117432 -0.029541
v 0.211182 0.097412 -0.016846
v 0.205811 0.102783 -0.019775
v 0.204346 0.105713 -0.015381
v 0.205322 0.108643 -0.009033
v 0.196045 0.093994 -0.015869
v 0.195557 0.101318 -0.007568
v 0.193604 0.102783 -0.008545
v 0.216553 0.116943 -0.021240
v 0.217529 0.117920 -0.030518
v 0.214111 0.117920 -0.022217
v 0.211182 0.119873 -0.011475
v 0.208740 0.120361 -0.012451
v 0.198486 0.116455 -0.002197
v 0.157959 0.091553 -0.004150
v 0.156006 0.063721 -0.005127
v 0.156006 0.086182 -0.013428
v 0.132568 0.087158 -0.013916
v 0.183350 0.121338 -0.035889
v 0.182373 0.102783 -0.020752
v 0.181396 0.108643 -0.011475
v 0.167236 0.102295 -0.021240
v 0.168213 0.108154 -0.011475
v 0.153076 0.113037 -0.029541
v 0.099854 0.119385 -0.238037
v 0.104736 0.113037 -0.224854
v 0.066650 0.101807 -0.241455
v 0.065674 0.098389 -0.234131
v 0.022217 0.092529 -0.228760
v 0.025146 0.100830 -0.249756
v 0.021240 0.093994 -0.237549
v 0.124756 0.057373 -0.002197
v 0.059326 0.022217 -0.002197
v 0.052490 0.020752 -0.007568
v 0.043701 0.039307 -0.001709
v 0.087646 0.069580 -0.004639
v 0.099365 0.103760 -0.022705
v 0.045166 0.071533 -0.008545
v 0.054932 0.118896 -0.039307
v 0.004639 0.109619 -0.046631
v 0.226807 0.137939 -0.244385
v 0.226318 0.138428 -0.221924
v 0.228271 0.138428 -0.205322
v 0.229736 0.137939 -0.192139
v 0.219971 0.168213 -0.209229
v 0.218506 0.172119 -0.238525
v 0.224854 0.136963 -0.179443
v 0.224365 0.155029 -0.152588
v 0.218506 0.150146 -0.130127
v 0.226807 0.162842 -0.185791
v 0.230225 0.158447 -0.170654
v 0.245361 0.184814 -0.163330
v 0.241455 0.183838 -0.142822
v 0.183350 0.136963 -0.192627
v 0.135010 0.132080 -0.198486
v 0.127686 0.173584 -0.223389
v 0.137939 0.163818 -0.191650
v 0.180420 0.149658 -0.148193
v 0.140869 0.147217 -0.154541
v 0.137451 0.161865 -0.155518
v 0.231201 0.205322 -0.233643
v 0.232178 0.198975 -0.205322
v 0.239990 0.190674 -0.179932
v 0.219971 0.150146 -0.094971
v 0.240967 0.180420 -0.119873
v 0.244873 0.173584 -0.093506
v 0.222412 0.140869 -0.062256
v 0.203857 0.127197 -0.004150
v 0.205811 0.126709 -0.002686
v 0.203369 0.187256 -0.000732
v 0.176514 0.151611 -0.103271
v 0.179443 0.140381 -0.063721
v 0.128662 0.153564 -0.116455
v 0.209229 0.198486 -0.006104
v 0.206299 0.198486 -0.007568
v 0.215576 0.212646 -0.022217
v 0.215576 0.214111 -0.022217
v 0.213135 0.212646 -0.023193
v 0.213135 0.214111 -0.023193
v 0.212646 0.206787 -0.014404
v 0.209717 0.206787 -0.015381
v 0.213135 0.228760 -0.011475
v 0.210693 0.228760 -0.012451
v 0.211670 0.246338 -0.002197
v 0.209229 0.246338 -0.003174
v 0.124756 0.145752 -0.232666
v 0.110596 0.178955 -0.244385
v 0.124268 0.176514 -0.139893
v 0.096436 0.199951 -0.236084
v 0.111084 0.199463 -0.211182
v 0.068115 0.214111 -0.228760
v 0.080322 0.216064 -0.198486
v 0.119873 0.193115 -0.178467
v 0.088135 0.209229 -0.164307
v 0.032959 0.215576 -0.220947
v 0.025635 0.203369 -0.246338
v 0.048096 0.212158 -0.152100
v 0.001221 0.208252 -0.177002
v 0.004639 0.201904 -0.144287
v 0.041748 0.218994 -0.187256
v 0.102295 0.154541 -0.087646
v 0.107666 0.151611 -0.082275
v 0.124268 0.135986 -0.055420
v 0.062256 0.147217 -0.069092
v 0.061768 0.151123 -0.074463
v 0.010498 0.137939 -0.072510
v 0.011475 0.142334 -0.078369
v 0.008545 0.178955 -0.103760
v 0.094482 0.188232 -0.120850
v 0.054443 0.189209 -0.107666
v 0.022217 0.250244 -0.349365
v 0.014893 0.251221 -0.348389
v 0.016846 0.251709 -0.342529
v 0.017334 0.250732 -0.336670
v 0.204834 0.378662 -0.002197
v 0.207275 0.379150 -0.001221
v 0.207275 0.396240 -0.008545
v 0.204834 0.395264 -0.009521
v 0.206787 0.429443 -0.034424
v 0.212158 0.433838 -0.037842
v 0.211182 0.436768 -0.037842
v 0.212646 0.434814 -0.032471
v 0.209229 0.432861 -0.043701
v 0.205811 0.430908 -0.039795
v 0.206299 0.434326 -0.039307
v 0.209717 0.430420 -0.038330
v 0.208252 0.429932 -0.038818
v 0.209229 0.430420 -0.033936
v 0.203857 0.430908 -0.035400
v 0.208740 0.436279 -0.038330
v 0.204834 0.434814 -0.034424
v 0.207764 0.411377 -0.017334
v 0.205322 0.410400 -0.018311
v 0.208740 0.423096 -0.026611
v 0.206299 0.422119 -0.027100
v 0.205322 0.436768 -0.029053
v 0.207275 0.434326 -0.009033
v 0.203369 0.436768 -0.010010
v 0.200439 0.428955 -0.011963
v 0.202881 0.429443 -0.010986
v 0.197998 0.429932 -0.012451
v 0.199463 0.433838 -0.011475
v 0.210693 0.438232 -0.032959
v 0.208252 0.437744 -0.033447
v 0.205811 0.437744 -0.009033
v 0.204834 0.439209 -0.009033
v 0.202393 0.438232 -0.010010
v 0.478760 0.006104 0.077881
v 0.473877 0.007568 0.075439
v 0.477295 0.019287 0.085205
v 0.472900 0.018799 0.081787
v 0.486572 0.018799 0.117432
v 0.483643 0.015869 0.096924
v 0.457764 0.011963 0.091064
v 0.457275 0.023193 0.089600
v 0.457764 0.023682 0.083252
v 0.450439 0.022705 0.072998
v 0.444580 0.020264 0.092041
v 0.453369 0.028076 0.093994
v 0.446045 0.016846 0.095459
v 0.470947 0.037354 0.089600
v 0.475830 0.040283 0.100830
v 0.479736 0.040283 0.116455
v 0.476807 0.047119 0.120361
v 0.474365 0.049072 0.123779
v 0.469971 0.056396 0.121338
v 0.467041 0.035400 0.086670
v 0.441650 0.046143 0.092529
v 0.458740 0.053955 0.091553
v 0.455811 0.051514 0.088623
v 0.441650 0.047607 0.086182
v 0.441650 0.061768 0.087646
v 0.438232 0.033447 0.096924
v 0.445068 0.040283 0.096436
v 0.463623 0.056885 0.102295
v 0.467529 0.057861 0.113525
v 0.435791 0.020752 0.062256
v 0.417236 0.018311 0.053955
v 0.393311 0.021729 0.047607
v 0.413818 0.033936 0.056885
v 0.398193 0.043213 0.054932
v 0.378174 0.053955 0.052979
v 0.432861 0.018311 0.104736
v 0.419189 0.019775 0.114502
v 0.401123 0.024658 0.078369
v 0.403076 0.020752 0.124268
v 0.436279 0.045166 0.075928
v 0.426025 0.040283 0.065186
v 0.423584 0.057861 0.093506
v 0.407471 0.054932 0.066162
v 0.432861 0.040771 0.093994
v 0.427979 0.039307 0.098877
v 0.418213 0.042725 0.101318
v 0.435303 0.050049 0.095947
v 0.414795 0.057373 0.097900
v 0.398193 0.050049 0.089111
v 0.402588 0.041748 0.113525
v 0.383545 0.044189 0.123291
v 0.404053 0.054443 0.100342
v 0.386475 0.061768 0.104248
v 0.444092 0.064697 0.091064
v 0.448486 0.068604 0.103760
v 0.451904 0.070557 0.122314
v 0.426025 0.070557 0.088135
v 0.428467 0.074463 0.091553
v 0.415283 0.062744 0.079346
v 0.419678 0.065674 0.090576
v 0.409424 0.080811 0.092529
v 0.419678 0.064209 0.096436
v 0.406494 0.069092 0.098877
v 0.432373 0.078857 0.105225
v 0.434814 0.080322 0.121338
v 0.411377 0.084717 0.095947
v 0.414795 0.089600 0.108643
v 0.417725 0.091064 0.123779
v 0.392822 0.077881 0.083252
v 0.386475 0.069092 0.066650
v 0.394775 0.071045 0.102295
v 0.396729 0.080811 0.095947
v 0.397217 0.079346 0.102295
v 0.391846 0.091064 0.098877
v 0.388916 0.078857 0.104248
v 0.378174 0.091553 0.109131
v 0.393311 0.094971 0.102295
v 0.396729 0.099854 0.114014
v 0.376709 0.093994 0.102295
v 0.376709 0.099365 0.107178
v 0.378662 0.102783 0.110107
v 0.381592 0.107666 0.119873
v 0.485107 0.019287 0.138916
v 0.475342 0.019287 0.151123
v 0.442139 0.014893 0.163818
v 0.443604 0.014893 0.180420
v 0.462158 0.018799 0.157959
v 0.448975 0.016846 0.159912
v 0.439697 0.025635 0.177979
v 0.480225 0.038330 0.139893
v 0.478271 0.046631 0.136963
v 0.471924 0.036865 0.151123
v 0.473389 0.044189 0.153564
v 0.474854 0.049561 0.130127
v 0.471924 0.049072 0.125732
v 0.472412 0.049561 0.129150
v 0.469482 0.051514 0.127686
v 0.470947 0.053467 0.126221
v 0.472900 0.052979 0.139404
v 0.470459 0.052490 0.135986
v 0.468018 0.046143 0.127686
v 0.468018 0.046631 0.130127
v 0.446533 0.034912 0.155518
v 0.437744 0.037842 0.150635
v 0.466064 0.048584 0.129150
v 0.466553 0.049072 0.135986
v 0.463135 0.051025 0.133057
v 0.460693 0.053955 0.138916
v 0.466064 0.054932 0.132568
v 0.466064 0.057861 0.132080
v 0.463135 0.058350 0.139404
v 0.463623 0.052002 0.141846
v 0.461182 0.054443 0.144287
v 0.467041 0.055908 0.143311
v 0.468506 0.057373 0.147217
v 0.462646 0.059326 0.144287
v 0.462158 0.062256 0.140869
v 0.464111 0.058838 0.146240
v 0.462158 0.062256 0.147217
v 0.464600 0.060791 0.150146
v 0.460205 0.054932 0.142822
v 0.443115 0.047119 0.151611
v 0.459229 0.039795 0.156494
v 0.438721 0.038818 0.169189
v 0.438721 0.038818 0.184326
v 0.465088 0.049561 0.159912
v 0.468506 0.055420 0.156982
v 0.462158 0.061279 0.158447
v 0.457275 0.057373 0.160889
v 0.451416 0.051514 0.156982
v 0.438721 0.053467 0.169678
v 0.438721 0.052490 0.185791
v 0.442627 0.013916 0.201904
v 0.442139 0.007568 0.207275
v 0.447510 0.011963 0.206787
v 0.446533 0.009521 0.211182
v 0.445557 0.010010 0.216553
v 0.442627 0.010010 0.203369
v 0.440674 0.008057 0.212646
v 0.444580 0.017334 0.197998
v 0.441162 0.029053 0.191650
v 0.447998 0.015869 0.204834
v 0.447021 0.021729 0.214111
v 0.447998 0.024658 0.209229
v 0.442627 0.023682 0.206299
v 0.440674 0.028076 0.218506
v 0.443604 0.015381 0.224365
v 0.438721 0.014404 0.221436
v 0.445557 0.018311 0.219971
v 0.440186 0.025635 0.234131
v 0.443115 0.029053 0.228271
v 0.446533 0.035889 0.214111
v 0.441650 0.036377 0.204346
v 0.441650 0.034912 0.211182
v 0.443604 0.048584 0.217529
v 0.439697 0.047607 0.212646
v 0.438721 0.047119 0.214600
v 0.438232 0.062256 0.218506
v 0.445557 0.032959 0.220947
v 0.442139 0.045654 0.225830
v 0.438721 0.041748 0.235107
v 0.426025 0.022705 0.139404
v 0.427979 0.016357 0.154053
v 0.431885 0.031006 0.145264
v 0.433838 0.027588 0.154541
v 0.431396 0.030518 0.156006
v 0.429932 0.014893 0.169678
v 0.430420 0.015381 0.185791
v 0.437256 0.026611 0.160889
v 0.431885 0.028564 0.162842
v 0.435791 0.026611 0.169189
v 0.433838 0.029053 0.177002
v 0.436279 0.026611 0.183838
v 0.411865 0.030029 0.163330
v 0.412354 0.028564 0.168701
v 0.413818 0.029541 0.179443
v 0.382568 0.022217 0.132080
v 0.427979 0.037842 0.132080
v 0.432373 0.037354 0.149658
v 0.432861 0.039795 0.141357
v 0.436279 0.039795 0.154541
v 0.410889 0.045654 0.155029
v 0.427490 0.052979 0.130127
v 0.432373 0.053467 0.140869
v 0.429932 0.051025 0.144775
v 0.436279 0.053467 0.154053
v 0.433838 0.057373 0.143799
v 0.436768 0.062256 0.145752
v 0.406494 0.058350 0.153076
v 0.412354 0.035400 0.158447
v 0.430420 0.020752 0.200928
v 0.435791 0.029541 0.194092
v 0.435303 0.024658 0.231689
v 0.435303 0.031982 0.189209
v 0.437256 0.037842 0.197998
v 0.436279 0.038818 0.199951
v 0.433838 0.035400 0.208252
v 0.414795 0.031982 0.189209
v 0.415771 0.036865 0.197021
v 0.415283 0.044678 0.202881
v 0.436768 0.051514 0.199463
v 0.435791 0.048584 0.207275
v 0.433350 0.050537 0.210693
v 0.432861 0.060303 0.209717
v 0.435791 0.061279 0.215088
v 0.433350 0.060303 0.215576
v 0.408936 0.062256 0.202881
v 0.412842 0.053467 0.204834
v 0.430908 0.036377 0.236572
v 0.429932 0.036377 0.239990
v 0.434814 0.037842 0.242920
v 0.436279 0.059326 0.228760
v 0.427979 0.061768 0.230225
v 0.423096 0.049072 0.246826
v 0.427979 0.051025 0.249268
v 0.432861 0.055420 0.239990
v 0.416260 0.061768 0.248779
v 0.461182 0.064209 0.129639
v 0.454346 0.069580 0.142822
v 0.456787 0.066650 0.153564
v 0.443604 0.075439 0.140381
v 0.448975 0.068115 0.154541
v 0.442139 0.066162 0.150635
v 0.426025 0.068604 0.140381
v 0.429932 0.073486 0.139893
v 0.433838 0.077881 0.137939
v 0.427979 0.070557 0.140381
v 0.432373 0.067627 0.155518
v 0.428955 0.067627 0.142334
v 0.424072 0.067139 0.142334
v 0.425537 0.076416 0.146729
v 0.420166 0.070557 0.131592
v 0.418701 0.089111 0.136963
v 0.420654 0.079346 0.142822
v 0.415283 0.080322 0.143311
v 0.418213 0.085693 0.140869
v 0.417725 0.083252 0.141846
v 0.409424 0.078857 0.140869
v 0.407959 0.087158 0.156006
v 0.406982 0.091553 0.153564
v 0.434326 0.068115 0.170654
v 0.434814 0.066650 0.185791
v 0.426514 0.079346 0.156494
v 0.427979 0.079834 0.171143
v 0.428955 0.078369 0.186279
v 0.419678 0.086182 0.156494
v 0.406494 0.089600 0.169189
v 0.407959 0.093018 0.169678
v 0.421143 0.087646 0.172119
v 0.408936 0.089600 0.174072
v 0.412354 0.086670 0.185303
v 0.413330 0.090576 0.186279
v 0.399658 0.069580 0.153564
v 0.406006 0.089111 0.153564
v 0.392334 0.075928 0.161865
v 0.392822 0.076416 0.173584
v 0.397217 0.073975 0.185791
v 0.399170 0.102783 0.129639
v 0.399170 0.097412 0.150146
v 0.400146 0.101807 0.144775
v 0.383057 0.104736 0.155029
v 0.384033 0.111084 0.134033
v 0.384521 0.110596 0.149170
v 0.399658 0.098389 0.171631
v 0.386963 0.103760 0.174561
v 0.433838 0.065674 0.199463
v 0.429443 0.074463 0.196045
v 0.425537 0.077393 0.200928
v 0.429932 0.065674 0.209229
v 0.429932 0.075439 0.217041
v 0.427490 0.071533 0.207275
v 0.429443 0.073975 0.211670
v 0.425049 0.073486 0.214111
v 0.414795 0.076416 0.205811
v 0.422607 0.084717 0.188232
v 0.419678 0.080811 0.198486
v 0.421143 0.084229 0.201416
v 0.410889 0.085693 0.191650
v 0.415771 0.085205 0.211182
v 0.420654 0.086670 0.214111
v 0.412842 0.089600 0.208740
v 0.428467 0.072998 0.228760
v 0.425537 0.069092 0.240967
v 0.421143 0.077881 0.222412
v 0.414795 0.063721 0.243896
v 0.417725 0.073486 0.246826
v 0.412842 0.072021 0.244385
v 0.418701 0.085205 0.224854
v 0.413818 0.083740 0.222412
v 0.412842 0.079346 0.234131
v 0.408936 0.081299 0.233154
v 0.417725 0.080811 0.237061
v 0.403076 0.069580 0.196045
v 0.393311 0.084229 0.242432
v 0.404541 0.096436 0.190186
v 0.392334 0.101318 0.195068
v 0.400635 0.093994 0.216064
v 0.377197 0.105225 0.199463
v 0.385986 0.097412 0.222900
v 0.355713 0.030518 0.026611
v 0.370850 0.026611 0.044189
v 0.359131 0.061279 0.000244
v 0.351318 0.032471 0.042725
v 0.338623 0.057861 0.029541
v 0.333252 0.060791 0.048584
v 0.367432 0.029541 0.077393
v 0.371826 0.059326 0.092041
v 0.331787 0.036377 0.101807
v 0.297607 0.032959 0.113525
v 0.273682 0.031494 0.121826
v 0.357178 0.066162 0.052490
v 0.326416 0.081787 0.004150
v 0.335693 0.078857 0.055908
v 0.364502 0.083740 0.068604
v 0.371826 0.092529 0.088135
v 0.367432 0.068115 0.110596
v 0.355225 0.065674 0.104248
v 0.347412 0.072021 0.119873
v 0.374268 0.082764 0.110107
v 0.372803 0.086182 0.111084
v 0.361084 0.091553 0.122314
v 0.360596 0.107178 0.113525
v 0.363525 0.102783 0.119873
v 0.362061 0.105225 0.120850
v 0.363525 0.106201 0.122314
v 0.361572 0.107178 0.122314
v 0.355713 0.097900 0.124268
v 0.365967 0.109619 0.124268
v 0.363037 0.111084 0.124268
v 0.350830 0.109619 0.097900
v 0.359131 0.110107 0.115479
v 0.359131 0.113037 0.119385
v 0.349365 0.118896 0.115479
v 0.341553 0.096436 0.071533
v 0.315186 0.113525 0.090576
v 0.318115 0.121826 0.110107
v 0.290771 0.087158 0.008545
v 0.311768 0.075928 0.035400
v 0.308838 0.078369 0.058838
v 0.255615 0.077393 0.010986
v 0.280029 0.082275 0.035400
v 0.309814 0.088135 0.064209
v 0.283936 0.086670 0.072021
v 0.286865 0.092041 0.074463
v 0.261475 0.085693 0.071045
v 0.260010 0.093018 0.087646
v 0.312256 0.102295 0.075439
v 0.288330 0.102295 0.081299
v 0.289795 0.112061 0.092041
v 0.290771 0.118896 0.107178
v 0.291748 0.123291 0.124756
v 0.266846 0.097412 0.090576
v 0.277588 0.101807 0.086182
v 0.274170 0.106689 0.093506
v 0.259521 0.103760 0.106201
v 0.260986 0.108154 0.119385
v 0.271729 0.112549 0.106201
v 0.272705 0.116455 0.120361
v 0.357666 0.023682 0.140381
v 0.329834 0.024658 0.149658
v 0.360596 0.047607 0.131104
v 0.335693 0.049561 0.140869
v 0.300049 0.026611 0.148682
v 0.310303 0.053955 0.140381
v 0.269775 0.031982 0.133545
v 0.353760 0.093506 0.125732
v 0.331299 0.076416 0.125732
v 0.325928 0.083740 0.132568
v 0.323975 0.085205 0.138916
v 0.354248 0.096924 0.125732
v 0.367920 0.114502 0.127686
v 0.362549 0.115967 0.126221
v 0.367432 0.118408 0.136475
v 0.366943 0.118408 0.152100
v 0.351318 0.124268 0.134033
v 0.347412 0.123779 0.152588
v 0.370361 0.108643 0.177979
v 0.365479 0.111084 0.158447
v 0.345459 0.114990 0.159424
v 0.350830 0.112061 0.180420
v 0.319580 0.116455 0.156494
v 0.323975 0.114014 0.179443
v 0.358643 0.108154 0.204834
v 0.366943 0.100342 0.230225
v 0.343994 0.100830 0.238037
v 0.335693 0.109131 0.211670
v 0.320557 0.100342 0.247314
v 0.300537 0.065674 0.127197
v 0.296631 0.066650 0.136963
v 0.292725 0.121826 0.139893
v 0.291748 0.114502 0.147217
v 0.287354 0.113037 0.167725
v 0.259521 0.109131 0.140869
v 0.270264 0.111084 0.133057
v 0.276123 0.117432 0.131104
v 0.255127 0.103271 0.179443
v 0.254639 0.088623 0.227783
v 0.297119 0.110596 0.198486
v 0.307373 0.106689 0.222412
v 0.267822 0.103760 0.196045
v 0.267334 0.097412 0.215088
v 0.257568 0.120850 0.202393
v 0.267822 0.094971 0.231689
v 0.277100 0.093994 0.242920
v 0.272705 0.099854 0.248291
v 0.250244 0.093994 0.232666
v 0.262939 0.100342 0.237061
v 0.258057 0.113037 0.219971
v 0.319580 0.126709 0.130615
v 0.320068 0.125244 0.148193
v 0.418213 0.036377 0.251221
v 0.397705 0.037354 0.265381
v 0.421143 0.063721 0.251709
v 0.397217 0.065186 0.255615
v 0.372314 0.038818 0.276611
v 0.343506 0.044189 0.285400
v 0.317139 0.034912 0.289795
v 0.338623 0.055908 0.300049
v 0.316162 0.047607 0.301514
v 0.326416 0.062256 0.316650
v 0.291748 0.046143 0.285889
v 0.294678 0.056396 0.296631
v 0.292725 0.061768 0.309814
v 0.260986 0.039307 0.280518
v 0.309814 0.054932 0.314697
v 0.301514 0.060303 0.327881
v 0.291260 0.061279 0.339600
v 0.281982 0.061768 0.353760
v 0.279541 0.060303 0.350830
v 0.276611 0.061279 0.348877
v 0.274658 0.061768 0.355713
v 0.374756 0.067139 0.265381
v 0.355713 0.068115 0.272217
v 0.373291 0.086182 0.251221
v 0.345947 0.091064 0.256104
v 0.348877 0.077393 0.292236
v 0.341064 0.098877 0.280029
v 0.318604 0.106689 0.272705
v 0.326904 0.096924 0.305420
v 0.312744 0.065674 0.331299
v 0.333740 0.079346 0.313232
v 0.317139 0.078369 0.330811
v 0.281982 0.070068 0.273193
v 0.293701 0.092529 0.256592
v 0.286377 0.076904 0.287354
v 0.285889 0.077881 0.303955
v 0.269287 0.076416 0.261475
v 0.257568 0.070068 0.259033
v 0.255127 0.073975 0.262451
v 0.277588 0.086182 0.255127
v 0.272705 0.091553 0.260010
v 0.265381 0.080811 0.265869
v 0.251221 0.088623 0.272705
v 0.295654 0.097412 0.277100
v 0.309814 0.102783 0.299072
v 0.292725 0.094482 0.299072
v 0.254150 0.107178 0.260986
v 0.255127 0.099365 0.269775
v 0.297607 0.064697 0.343018
v 0.289307 0.064697 0.323486
v 0.283936 0.076904 0.320068
v 0.283936 0.064209 0.336182
v 0.311768 0.090576 0.326904
v 0.287842 0.088623 0.319580
v 0.295654 0.080322 0.343018
v 0.281494 0.079346 0.336182
v 0.287842 0.082764 0.339600
v 0.299561 0.072510 0.344971
v 0.281982 0.064697 0.355713
v 0.280029 0.071533 0.334717
v 0.274658 0.064697 0.348877
v 0.274658 0.067627 0.350830
v 0.280029 0.068115 0.355225
v 0.277100 0.069092 0.353271
v 0.299561 0.094971 0.321533
v 0.202393 0.030029 0.041260
v 0.225830 0.056396 0.011963
v 0.206787 0.031494 0.021240
v 0.200439 0.034424 0.006592
v 0.196045 0.044678 0.003174
v 0.192627 0.047119 0.000732
v 0.191650 0.050049 0.012451
v 0.189697 0.060303 0.023682
v 0.218018 0.053467 0.043701
v 0.211670 0.058838 0.062256
v 0.194580 0.031982 0.067627
v 0.157959 0.005615 0.058838
v 0.152588 0.003662 0.051514
v 0.147705 0.005127 0.052490
v 0.143311 0.003662 0.054932
v 0.179932 0.038818 0.000244
v 0.179932 0.041748 0.014404
v 0.179443 0.052490 0.027100
v 0.167236 0.047607 0.011963
v 0.168213 0.057861 0.023682
v 0.183838 0.012939 0.088135
v 0.176514 0.010986 0.081299
v 0.165771 0.008057 0.069580
v 0.156494 0.013916 0.076904
v 0.156982 0.010986 0.103271
v 0.165283 0.013428 0.117920
v 0.179443 0.022705 0.107666
v 0.167725 0.018799 0.095459
v 0.144287 0.005615 0.065674
v 0.150635 0.009521 0.062744
v 0.148682 0.008545 0.082764
v 0.185791 0.036377 0.100830
v 0.243896 0.072998 0.033447
v 0.200439 0.071045 0.000244
v 0.187744 0.081299 0.031006
v 0.196045 0.090576 0.020264
v 0.195068 0.108154 0.012451
v 0.199463 0.122803 0.003662
v 0.189697 0.118408 0.007080
v 0.191650 0.117920 0.008545
v 0.191650 0.120850 0.033936
v 0.234131 0.075928 0.071045
v 0.225830 0.087646 0.090088
v 0.199463 0.093506 0.093506
v 0.203369 0.067139 0.094971
v 0.206787 0.076904 0.112549
v 0.198975 0.070068 0.120361
v 0.197021 0.074463 0.114990
v 0.205811 0.079346 0.108154
v 0.203369 0.086182 0.100342
v 0.214600 0.085693 0.117920
v 0.213135 0.088623 0.113037
v 0.195068 0.083740 0.105225
v 0.194092 0.092529 0.095947
v 0.189209 0.086670 0.114014
v 0.247803 0.100342 0.104736
v 0.247803 0.105713 0.120850
v 0.224854 0.097412 0.115967
v 0.196045 0.099365 0.087646
v 0.193115 0.098389 0.089600
v 0.190674 0.100830 0.090088
v 0.198486 0.101807 0.089111
v 0.197998 0.105713 0.089600
v 0.196045 0.107666 0.092529
v 0.193115 0.104248 0.084229
v 0.190186 0.103760 0.093018
v 0.192627 0.107178 0.092041
v 0.203369 0.099365 0.094971
v 0.209229 0.094482 0.103760
v 0.203369 0.105225 0.098877
v 0.215576 0.095947 0.124756
v 0.209717 0.102783 0.112061
v 0.203857 0.105713 0.120361
v 0.189697 0.095459 0.100342
v 0.189697 0.101318 0.104248
v 0.198975 0.108154 0.103271
v 0.193115 0.106689 0.105225
v 0.190186 0.094971 0.121826
v 0.157959 0.067627 0.004639
v 0.169189 0.078369 0.031006
v 0.160889 0.086670 0.019287
v 0.178467 0.074951 0.034424
v 0.160889 0.106201 0.010010
v 0.179932 0.122314 0.004150
v 0.169189 0.120361 0.004150
v 0.185303 0.107666 0.040283
v 0.177002 0.101807 0.043213
v 0.168701 0.104248 0.039795
v 0.162354 0.114502 0.032959
v 0.189209 0.024170 0.216064
v 0.196045 0.018311 0.234619
v 0.214600 0.047119 0.245361
v 0.198975 0.047119 0.219482
v 0.175049 0.013428 0.151123
v 0.160889 0.010010 0.144775
v 0.175537 0.015869 0.128662
v 0.165771 0.013916 0.175537
v 0.177002 0.021729 0.167236
v 0.177979 0.015869 0.180908
v 0.168701 0.020264 0.163330
v 0.149658 0.007568 0.137939
v 0.143799 0.012939 0.143799
v 0.138428 0.004150 0.129150
v 0.134521 0.007080 0.132080
v 0.130615 0.004150 0.135010
v 0.137939 0.007568 0.149658
v 0.155518 0.016846 0.154541
v 0.149170 0.010498 0.163330
v 0.181885 0.041260 0.140869
v 0.186768 0.045166 0.182861
v 0.182861 0.014404 0.199951
v 0.174072 0.012939 0.201904
v 0.158936 0.010498 0.203369
v 0.177002 0.021240 0.215576
v 0.158936 0.016846 0.214111
v 0.180420 0.014404 0.232178
v 0.158936 0.010498 0.225830
v 0.144775 0.007080 0.203857
v 0.140869 0.007080 0.217529
v 0.142822 0.011963 0.210693
v 0.134033 0.003662 0.203369
v 0.131104 0.003662 0.210205
v 0.131592 0.005615 0.206299
v 0.218994 0.090576 0.130615
v 0.218994 0.088135 0.140381
v 0.236572 0.090088 0.177490
v 0.228760 0.086182 0.184814
v 0.203369 0.070557 0.146240
v 0.197021 0.067627 0.134521
v 0.191650 0.075928 0.127686
v 0.210693 0.079346 0.149658
v 0.218506 0.086670 0.143311
v 0.205811 0.090576 0.151123
v 0.194092 0.083252 0.138428
v 0.201416 0.092529 0.142822
v 0.208252 0.075439 0.165283
v 0.203369 0.089111 0.165771
v 0.216064 0.079346 0.179932
v 0.230713 0.097412 0.145264
v 0.233154 0.101318 0.141357
v 0.225830 0.104736 0.146729
v 0.239502 0.098877 0.160400
v 0.243896 0.102783 0.162842
v 0.238525 0.093994 0.177002
v 0.232178 0.109131 0.159912
v 0.229736 0.107666 0.174561
v 0.220947 0.101807 0.182373
v 0.226318 0.107666 0.181885
v 0.244385 0.117920 0.186768
v 0.222412 0.119873 0.158447
v 0.218994 0.120361 0.169189
v 0.210205 0.097412 0.136475
v 0.214600 0.096924 0.142822
v 0.209717 0.107178 0.145752
v 0.196045 0.102783 0.125244
v 0.201904 0.102783 0.152100
v 0.218018 0.114014 0.148682
v 0.204834 0.115967 0.144287
v 0.209717 0.120850 0.146240
v 0.203857 0.124756 0.142334
v 0.199463 0.114014 0.148682
v 0.196045 0.115479 0.155029
v 0.197510 0.120850 0.143799
v 0.200439 0.122314 0.141357
v 0.195557 0.122803 0.146240
v 0.209717 0.093994 0.178467
v 0.198975 0.103271 0.163330
v 0.202881 0.109131 0.172607
v 0.211182 0.115967 0.175049
v 0.197998 0.120361 0.159912
v 0.225342 0.077393 0.211182
v 0.224365 0.081299 0.190674
v 0.222412 0.088135 0.213623
v 0.247803 0.072021 0.248779
v 0.235107 0.075439 0.238037
v 0.238525 0.080322 0.226318
v 0.234619 0.089111 0.228760
v 0.246338 0.079834 0.236084
v 0.244385 0.084229 0.239502
v 0.235596 0.091553 0.249756
v 0.218994 0.096436 0.193604
v 0.248291 0.099854 0.231201
v 0.238037 0.100830 0.245361
v 0.223389 0.101318 0.232178
v 0.232178 0.112061 0.235596
v 0.208740 0.109131 0.201904
v 0.214111 0.099854 0.218018
v 0.211182 0.121338 0.193604
v 0.198975 0.116943 0.218506
v 0.208740 0.112061 0.236572
v 0.213135 0.119873 0.239502
v 0.202881 0.111084 0.227783
v 0.190186 0.120850 0.238525
v 0.192139 0.121338 0.241455
v 0.188232 0.122803 0.236084
v 0.193604 0.124268 0.242920
v 0.123779 0.028076 0.001709
v 0.106201 0.021240 0.017822
v 0.080322 0.014893 0.029541
v 0.124268 0.033447 0.001221
v 0.086182 0.038818 0.001709
v 0.078369 0.031982 0.010498
v 0.086182 0.044678 0.000732
v 0.059814 0.015381 0.004639
v 0.051514 0.012451 0.013916
v 0.040283 0.011475 0.010498
v 0.031982 0.006104 0.026611
v 0.041748 0.009033 0.021240
v 0.056396 0.019775 0.023682
v 0.035889 0.018311 0.006104
v 0.032959 0.016357 0.000244
v 0.057373 0.010010 0.034424
v 0.039307 0.006104 0.036377
v 0.033936 0.009521 0.031494
v 0.020264 0.007080 0.004639
v 0.024658 0.008057 0.013916
v 0.022217 0.013916 0.009033
v 0.010498 0.004639 0.007568
v 0.012451 0.004639 0.014893
v 0.006104 0.002686 0.009033
v 0.006104 0.003174 0.013916
v 0.005127 0.004639 0.011475
v 0.011475 0.009033 0.010986
v 0.202881 0.136963 0.003174
v 0.200439 0.137451 0.001709
v 0.190186 0.134521 0.027588
v 0.201416 0.149170 0.006104
v 0.198975 0.149658 0.004639
v 0.187744 0.140869 0.024658
v 0.193604 0.150635 0.019287
v 0.191162 0.151123 0.018311
v 0.201904 0.162354 0.006592
v 0.199463 0.162354 0.005127
v 0.203369 0.175049 0.004639
v 0.205811 0.187256 0.000244
v 0.200928 0.175049 0.003662
v 0.162842 0.127197 0.026123
v 0.169189 0.137939 0.021729
v 0.185303 0.141357 0.023682
v 0.179443 0.141357 0.022217
v 0.180908 0.131592 0.055908
v 0.173584 0.125244 0.057373
v 0.166260 0.127686 0.054443
v 0.160400 0.136475 0.049072
v 0.186768 0.145264 0.051514
v 0.160400 0.148682 0.044189
v 0.184326 0.158936 0.046631
v 0.180908 0.164307 0.044678
v 0.178467 0.164307 0.043213
v 0.166748 0.158936 0.041748
v 0.174561 0.153076 0.078369
v 0.160889 0.148193 0.076416
v 0.168213 0.145752 0.079346
v 0.179443 0.168701 0.075439
v 0.176514 0.182861 0.071533
v 0.157471 0.176514 0.067627
v 0.171143 0.187256 0.069580
v 0.161377 0.160400 0.103760
v 0.167725 0.168701 0.103760
v 0.172119 0.185791 0.101807
v 0.155029 0.157959 0.072021
v 0.154053 0.163330 0.100830
v 0.148193 0.174072 0.097412
v 0.140869 0.183838 0.122803
v 0.197510 0.187744 0.017822
v 0.195068 0.187744 0.016846
v 0.205811 0.211182 0.003662
v 0.203369 0.211182 0.002686
v 0.191162 0.204834 0.033447
v 0.188721 0.205322 0.032471
v 0.201416 0.237061 0.018311
v 0.198975 0.237061 0.016846
v 0.180420 0.218506 0.057861
v 0.177979 0.218506 0.056885
v 0.168701 0.187744 0.068604
v 0.168213 0.200928 0.099365
v 0.161865 0.204834 0.097412
v 0.159424 0.204834 0.096436
v 0.149658 0.194092 0.094971
v 0.141846 0.203369 0.121826
v 0.153076 0.214111 0.124268
v 0.150635 0.213623 0.123291
v 0.171631 0.226318 0.079834
v 0.169189 0.226318 0.078857
v 0.160889 0.230225 0.101318
v 0.163330 0.230225 0.102295
v 0.156982 0.244873 0.124268
v 0.155518 0.230225 0.124268
v 0.153564 0.229736 0.123779
v 0.154053 0.246826 0.124268
v 0.211182 0.126221 0.151611
v 0.203369 0.128174 0.144287
v 0.197510 0.127686 0.140381
v 0.202393 0.129639 0.148193
v 0.196533 0.125244 0.149658
v 0.198486 0.128662 0.148682
v 0.208252 0.127686 0.157471
v 0.202881 0.125244 0.160889
v 0.234619 0.135498 0.214111
v 0.223389 0.132568 0.199951
v 0.236572 0.126709 0.227783
v 0.198975 0.126221 0.215088
v 0.204346 0.133545 0.219482
v 0.210693 0.135986 0.228271
v 0.213623 0.129639 0.236084
v 0.193115 0.127686 0.241943
v 0.188232 0.126221 0.235107
v 0.191650 0.129639 0.239502
v 0.189697 0.129150 0.236572
v 0.161377 0.178467 0.129150
v 0.154541 0.168213 0.128174
v 0.146729 0.172119 0.125732
v 0.148682 0.172119 0.150146
v 0.155029 0.182861 0.151611
v 0.140381 0.176025 0.147705
v 0.141846 0.173584 0.172607
v 0.148193 0.184814 0.176514
v 0.134033 0.177002 0.171143
v 0.137939 0.172119 0.187256
v 0.129150 0.175537 0.186768
v 0.186279 0.125732 0.242432
v 0.133057 0.146240 0.216064
v 0.127197 0.145752 0.216064
v 0.133545 0.155518 0.210693
v 0.126709 0.155518 0.210693
v 0.135498 0.140381 0.223389
v 0.132568 0.138428 0.220459
v 0.128662 0.138428 0.220459
v 0.125244 0.139893 0.223877
v 0.130615 0.135986 0.226807
v 0.135498 0.143311 0.229736
v 0.131104 0.143799 0.233154
v 0.125244 0.141846 0.230225
v 0.127686 0.143311 0.232666
v 0.137451 0.149170 0.220459
v 0.136963 0.154053 0.230225
v 0.130615 0.155029 0.235107
v 0.125244 0.154053 0.234619
v 0.135498 0.165283 0.199463
v 0.127686 0.166748 0.199463
v 0.138428 0.159424 0.215576
v 0.143799 0.184814 0.194092
v 0.140869 0.172607 0.205811
v 0.140869 0.181396 0.216553
v 0.139404 0.165283 0.224365
v 0.135010 0.168213 0.231689
v 0.129639 0.168213 0.233643
v 0.135010 0.186279 0.227295
v 0.128174 0.185791 0.230225
v 0.164795 0.196533 0.128174
v 0.157959 0.200928 0.152100
v 0.160400 0.211182 0.126221
v 0.134033 0.188232 0.145752
v 0.153076 0.214111 0.150146
v 0.145752 0.216064 0.147705
v 0.143311 0.215576 0.147217
v 0.135498 0.206787 0.145264
v 0.127197 0.190186 0.169678
v 0.150146 0.203369 0.177979
v 0.145752 0.212646 0.174072
v 0.143799 0.212158 0.182373
v 0.144775 0.218506 0.183838
v 0.129150 0.206299 0.168701
v 0.139404 0.213135 0.171143
v 0.136475 0.212646 0.170654
v 0.139404 0.218506 0.166748
v 0.135010 0.210693 0.179443
v 0.125732 0.205322 0.179932
v 0.125244 0.208740 0.186279
v 0.138428 0.212158 0.179443
v 0.135986 0.218506 0.183350
v 0.131104 0.211670 0.181396
v 0.159424 0.245361 0.125244
v 0.161865 0.249268 0.127686
v 0.148682 0.226318 0.145752
v 0.146240 0.225830 0.144775
v 0.150146 0.234131 0.143311
v 0.152100 0.235107 0.144287
v 0.155029 0.239502 0.147217
v 0.149658 0.239990 0.145752
v 0.151611 0.240967 0.146729
v 0.146729 0.236084 0.143311
v 0.143311 0.222412 0.163330
v 0.141846 0.218994 0.167725
v 0.145752 0.223389 0.164307
v 0.148682 0.228271 0.167236
v 0.144287 0.229736 0.166748
v 0.142334 0.228760 0.165771
v 0.138916 0.223877 0.162842
v 0.138428 0.219482 0.184326
v 0.137939 0.225342 0.184326
v 0.135498 0.224365 0.183350
v 0.128662 0.220947 0.184814
v 0.141846 0.238037 0.168701
v 0.141357 0.247803 0.172119
v 0.139404 0.237061 0.167725
v 0.138916 0.247314 0.171143
v 0.134521 0.247803 0.171631
v 0.141846 0.199463 0.208740
v 0.145752 0.204834 0.195068
v 0.146240 0.207275 0.188721
v 0.145264 0.210693 0.188232
v 0.143311 0.207275 0.200928
v 0.144775 0.212646 0.191650
v 0.142822 0.216553 0.194092
v 0.141357 0.214600 0.200439
v 0.133545 0.208252 0.221924
v 0.125732 0.208740 0.225342
v 0.140869 0.227783 0.190674
v 0.135498 0.225342 0.196533
v 0.134521 0.227295 0.190674
v 0.132568 0.226807 0.189209
v 0.129639 0.227783 0.192627
v 0.128174 0.226807 0.190674
v 0.135010 0.234131 0.205811
v 0.125244 0.238037 0.190186
v 0.127686 0.239014 0.191650
v 0.131104 0.240479 0.195557
v 0.130615 0.237061 0.215088
v 0.121338 0.147705 0.221924
v 0.121338 0.151611 0.231201
v 0.121826 0.156494 0.213623
v 0.121338 0.170166 0.203369
v 0.120850 0.184814 0.193115
v 0.115967 0.175049 0.214111
v 0.117920 0.159912 0.220947
v 0.123779 0.167236 0.233154
v 0.119385 0.164307 0.228760
v 0.121338 0.184814 0.230713
v 0.116943 0.180908 0.224854
v 0.119385 0.195557 0.187744
v 0.115479 0.200928 0.195068
v 0.114014 0.192627 0.206787
v 0.118408 0.208252 0.187744
v 0.118408 0.208252 0.226318
v 0.114502 0.203369 0.219971
v 0.121826 0.219971 0.187744
v 0.110596 0.229248 0.198975
v 0.111572 0.231689 0.214111
v 0.118408 0.235107 0.189209
v 0.122803 0.236084 0.219482
v 0.115479 0.234619 0.221436
v 0.235107 0.044189 0.265381
v 0.246338 0.075928 0.252197
v 0.238525 0.083252 0.259521
v 0.244873 0.081787 0.269287
v 0.237061 0.093018 0.278564
v 0.230225 0.089111 0.269287
v 0.234131 0.088135 0.275146
v 0.221436 0.093506 0.279541
v 0.222412 0.093506 0.281494
v 0.246826 0.107178 0.250732
v 0.238525 0.099854 0.277100
v 0.237061 0.104736 0.272705
v 0.227783 0.093994 0.263916
v 0.228271 0.100342 0.262451
v 0.220459 0.095459 0.278076
v 0.220459 0.097412 0.278076
v 0.221436 0.098877 0.279541
v 0.232666 0.104736 0.266357
v 0.223389 0.094971 0.282959
v 0.223389 0.097412 0.282471
v 0.218994 0.095947 0.282959
v 0.222900 0.098877 0.281494
v 0.211182 0.266846 0.003662
v 0.208740 0.266846 0.002686
v 0.211670 0.287842 0.005127
v 0.209229 0.287354 0.004150
v 0.203369 0.292236 0.020752
v 0.206299 0.295654 0.022705
v 0.201416 0.292236 0.019775
v 0.199951 0.294678 0.019775
v 0.211670 0.297607 0.003174
v 0.214600 0.301514 0.003174
v 0.211670 0.301025 0.001221
v 0.212158 0.303467 0.004639
v 0.209717 0.297119 0.002197
v 0.208740 0.300049 0.000732
v 0.210205 0.302979 0.003662
v 0.211182 0.312256 0.008545
v 0.208740 0.311768 0.007080
v 0.204834 0.298096 0.022705
v 0.202881 0.297607 0.021729
v 0.192139 0.283447 0.046143
v 0.190186 0.282959 0.045166
v 0.188721 0.285889 0.045166
v 0.195068 0.286865 0.048096
v 0.191650 0.288818 0.047119
v 0.193604 0.289307 0.048096
v 0.173584 0.264404 0.088623
v 0.171631 0.263916 0.088135
v 0.181885 0.273193 0.069580
v 0.179932 0.273193 0.068604
v 0.184814 0.276611 0.071533
v 0.183350 0.279053 0.072021
v 0.180908 0.279053 0.071045
v 0.178467 0.275635 0.069092
v 0.176514 0.267822 0.091064
v 0.174561 0.270264 0.091064
v 0.172607 0.269775 0.090576
v 0.169678 0.266357 0.088135
v 0.166260 0.255127 0.106689
v 0.164307 0.254639 0.105713
v 0.161865 0.257080 0.106201
v 0.169189 0.259033 0.109131
v 0.166748 0.260986 0.109131
v 0.164795 0.260498 0.108154
v 0.161377 0.292725 0.115967
v 0.158936 0.292236 0.114502
v 0.169189 0.309326 0.097412
v 0.166748 0.308838 0.096436
v 0.210205 0.321045 0.010010
v 0.207764 0.320557 0.008545
v 0.206787 0.331787 0.008545
v 0.209229 0.332275 0.010010
v 0.202881 0.328369 0.023193
v 0.200439 0.329834 0.021729
v 0.188232 0.342041 0.052490
v 0.205811 0.345947 0.007080
v 0.208252 0.346436 0.008057
v 0.207764 0.362549 0.004639
v 0.205322 0.361572 0.003662
v 0.199951 0.362061 0.020752
v 0.197510 0.361572 0.019775
v 0.185303 0.344971 0.051514
v 0.175049 0.324951 0.076904
v 0.177490 0.325439 0.078369
v 0.156982 0.324951 0.124268
v 0.154541 0.323975 0.123291
v 0.151123 0.325439 0.124756
v 0.169189 0.372314 0.085205
v 0.171631 0.372803 0.086182
v 0.166260 0.373779 0.086670
v 0.161377 0.348877 0.104736
v 0.163818 0.349365 0.106201
v 0.158447 0.350342 0.106201
v 0.166748 0.352783 0.110107
v 0.163818 0.354248 0.111084
v 0.161377 0.353760 0.110107
v 0.158936 0.251221 0.127686
v 0.156982 0.250732 0.126709
v 0.147705 0.257080 0.150635
v 0.145752 0.256592 0.149658
v 0.152100 0.275146 0.132080
v 0.154541 0.275635 0.133057
v 0.143799 0.273682 0.155518
v 0.143799 0.251221 0.177002
v 0.138916 0.251709 0.177490
v 0.136963 0.251221 0.176025
v 0.130615 0.256592 0.181396
v 0.128662 0.255615 0.179932
v 0.145752 0.274658 0.156494
v 0.148193 0.278076 0.160889
v 0.144287 0.278564 0.161865
v 0.141846 0.278076 0.160400
v 0.139404 0.274658 0.156494
v 0.151123 0.300537 0.140381
v 0.148682 0.299561 0.139404
v 0.145264 0.301025 0.140381
v 0.153564 0.303467 0.144775
v 0.150146 0.304443 0.145752
v 0.147705 0.303955 0.144775
v 0.130615 0.288330 0.169678
v 0.128174 0.287842 0.168701
v 0.128174 0.267822 0.196533
v 0.126709 0.271729 0.207275
v 0.159424 0.327881 0.128662
v 0.131104 0.324951 0.154053
v 0.128662 0.324463 0.153076
v 0.154053 0.328369 0.128662
v 0.156006 0.328857 0.129639
v 0.132080 0.362549 0.135498
v 0.129639 0.361572 0.134521
v 0.114502 0.261475 0.186768
v 0.119385 0.299561 0.181396
v 0.116943 0.298584 0.180908
v 0.110107 0.297119 0.180908
v 0.103271 0.297607 0.186768
v 0.121338 0.262939 0.187744
v 0.123291 0.263916 0.188721
v 0.106689 0.261963 0.194092
v 0.118896 0.270752 0.210693
v 0.111572 0.269775 0.213135
v 0.108154 0.266357 0.205811
v 0.123291 0.303467 0.189209
v 0.122314 0.306885 0.198486
v 0.114990 0.306885 0.201904
v 0.104736 0.302490 0.197021
v 0.107666 0.305908 0.204346
v 0.119873 0.335693 0.179443
v 0.116455 0.330811 0.172607
v 0.113525 0.330322 0.172119
v 0.106689 0.329346 0.172119
v 0.100342 0.331787 0.177979
v 0.101318 0.337646 0.187256
v 0.113525 0.366455 0.159424
v 0.110596 0.365967 0.158936
v 0.116455 0.371338 0.165771
v 0.104248 0.364990 0.159424
v 0.097900 0.367432 0.165283
v 0.098877 0.373779 0.174561
v 0.118896 0.341064 0.187744
v 0.111084 0.342041 0.191650
v 0.104248 0.342529 0.194580
v 0.196045 0.424072 0.013916
v 0.193604 0.423096 0.013428
v 0.191162 0.424072 0.012939
v 0.192627 0.427979 0.014404
v 0.199951 0.428955 0.016357
v 0.196045 0.431396 0.015869
v 0.198486 0.431885 0.016846
v 0.188232 0.412354 0.038818
v 0.192139 0.416748 0.041748
v 0.190186 0.419678 0.042725
v 0.187744 0.418701 0.041748
v 0.187744 0.436279 0.035400
v 0.177979 0.394287 0.062256
v 0.186279 0.411865 0.037842
v 0.183838 0.412354 0.037354
v 0.184326 0.415771 0.039307
v 0.185303 0.435791 0.034424
v 0.174561 0.432861 0.052490
v 0.177002 0.433838 0.053467
v 0.174561 0.376221 0.090088
v 0.171631 0.377686 0.091064
v 0.169678 0.377197 0.090088
v 0.179932 0.394775 0.063232
v 0.175537 0.396729 0.063232
v 0.183350 0.398682 0.066650
v 0.180908 0.401123 0.067627
v 0.178955 0.400146 0.066650
v 0.134033 0.400146 0.114502
v 0.131592 0.399658 0.113525
v 0.174072 0.419189 0.064697
v 0.172119 0.418213 0.063721
v 0.163818 0.431396 0.069580
v 0.161865 0.430908 0.068604
v 0.150146 0.430420 0.083740
v 0.147705 0.429932 0.082275
v 0.135986 0.432861 0.094971
v 0.133545 0.432373 0.093994
v 0.128174 0.437256 0.099854
v 0.125732 0.436768 0.099365
v 0.196533 0.438232 0.016846
v 0.194092 0.437744 0.015869
v 0.120850 0.444580 0.104248
v 0.118408 0.444092 0.103760
v 0.113525 0.456299 0.107666
v 0.110596 0.455322 0.106689
v 0.105225 0.466553 0.114990
v 0.102783 0.466064 0.114502
v 0.098389 0.467041 0.115479
v 0.107666 0.469482 0.108643
v 0.104736 0.468994 0.108154
v 0.104248 0.481201 0.107178
v 0.101807 0.480713 0.106689
v 0.099854 0.480713 0.106689
v 0.107178 0.469482 0.117432
v 0.107666 0.473389 0.121338
v 0.104248 0.475342 0.122803
v 0.097412 0.471924 0.119873
v 0.100342 0.475830 0.123291
v 0.098389 0.484131 0.109619
v 0.104248 0.491455 0.097900
v 0.106689 0.494385 0.100342
v 0.103760 0.499756 0.094971
v 0.105225 0.496826 0.102783
v 0.102295 0.496826 0.102783
v 0.100830 0.492432 0.098389
v 0.100342 0.495361 0.101318
v 0.106689 0.484619 0.110107
v 0.104736 0.487549 0.112549
v 0.101318 0.487549 0.112549
v 0.110596 0.401611 0.144775
v 0.107666 0.401123 0.144287
v 0.101807 0.400635 0.144775
v 0.096436 0.404053 0.150146
v 0.115479 0.376709 0.174072
v 0.108154 0.378174 0.178467
v 0.101318 0.379150 0.181396
v 0.113037 0.406494 0.150146
v 0.107666 0.435791 0.129639
v 0.105225 0.435303 0.129150
v 0.100342 0.435303 0.129639
v 0.112549 0.412354 0.157471
v 0.097412 0.410889 0.157959
v 0.105713 0.414795 0.161377
v 0.099365 0.416748 0.164307
v 0.110107 0.440186 0.134033
v 0.109619 0.446045 0.139404
v 0.095459 0.438721 0.133545
v 0.096924 0.445557 0.139404
v 0.104248 0.448975 0.141846
v 0.098877 0.450928 0.143799
v -0.022217 0.052979 -0.254639
v -0.023193 0.113525 -0.345947
v -0.015381 0.102295 -0.329346
v -0.011475 0.108643 -0.313232
v -0.018311 0.102783 -0.338623
v -0.052002 0.102783 -0.344971
v -0.051514 0.098389 -0.338135
v -0.051514 0.096924 -0.328857
v -0.051025 0.097900 -0.318115
v -0.044189 0.091064 -0.277100
v -0.037842 0.088623 -0.262451
v -0.012939 0.108154 -0.293213
v -0.009521 0.104248 -0.283936
v -0.011475 0.113037 -0.301025
v -0.004639 0.101318 -0.273193
v -0.048584 0.101318 -0.304932
v -0.049072 0.095947 -0.291748
v -0.062744 0.122314 -0.347412
v -0.080811 0.113037 -0.344971
v -0.083740 0.109131 -0.337646
v -0.085205 0.107666 -0.328857
v -0.085205 0.108154 -0.318604
v -0.082764 0.105225 -0.289307
v -0.082275 0.111084 -0.306885
v -0.079346 0.098877 -0.268799
v -0.031006 0.136963 -0.347412
v -0.006592 0.179443 -0.347900
v -0.042236 0.164307 -0.347412
v -0.001221 0.175049 -0.289795
v -0.000732 0.176025 -0.294678
v -0.077881 0.149170 -0.347412
v -0.102783 0.138428 -0.344971
v -0.107178 0.135498 -0.337646
v -0.109131 0.134033 -0.328857
v -0.108154 0.134033 -0.318604
v -0.087158 0.178467 -0.347412
v -0.106201 0.171631 -0.344971
v -0.109131 0.169189 -0.318115
v -0.110107 0.171143 -0.337646
v -0.111084 0.170166 -0.328857
v -0.102783 0.135010 -0.307373
v -0.103271 0.132568 -0.286865
v -0.100830 0.128662 -0.262451
v -0.101318 0.168213 -0.305420
v -0.101807 0.168701 -0.285400
v -0.099854 0.167236 -0.260986
v -0.008057 0.205811 -0.344482
v -0.001221 0.202881 -0.343506
v -0.003662 0.214111 -0.343506
v -0.052979 0.190674 -0.347412
v -0.014404 0.228271 -0.347900
v -0.018799 0.226318 -0.349365
v -0.002197 0.247803 -0.344482
v -0.001221 0.233643 -0.313232
v -0.006104 0.237549 -0.316162
v -0.012451 0.240479 -0.322998
v -0.015381 0.240967 -0.321533
v -0.008057 0.237061 -0.314209
v -0.021729 0.240479 -0.341553
v -0.026123 0.239502 -0.342041
v -0.019775 0.242432 -0.333740
v -0.023682 0.242920 -0.332764
v -0.024658 0.238037 -0.319580
v -0.031494 0.221924 -0.349365
v -0.056885 0.219971 -0.313721
v -0.037354 0.236084 -0.340576
v -0.033936 0.239990 -0.330811
v -0.000244 0.200439 -0.299561
v -0.021729 0.201416 -0.294678
v -0.022705 0.198975 -0.287354
v -0.008057 0.209717 -0.303467
v -0.019775 0.218018 -0.302002
v -0.013916 0.195557 -0.266846
v -0.005615 0.193604 -0.258057
v -0.020264 0.197510 -0.278076
v -0.046631 0.207764 -0.297119
v -0.047607 0.204834 -0.286377
v -0.038818 0.202393 -0.257080
v -0.045654 0.203369 -0.272217
v -0.001709 0.225342 -0.310303
v -0.007080 0.230225 -0.308350
v -0.002197 0.233154 -0.311279
v -0.031006 0.224365 -0.305420
v -0.013916 0.234619 -0.311279
v -0.093506 0.197998 -0.344971
v -0.063232 0.211182 -0.346436
v -0.092529 0.198486 -0.317139
v -0.095459 0.199951 -0.337646
v -0.095947 0.199951 -0.328857
v -0.067139 0.221436 -0.338135
v -0.065674 0.222900 -0.328857
v -0.083252 0.195068 -0.302490
v -0.082764 0.195557 -0.285400
v -0.079834 0.195557 -0.264893
v -0.054932 0.051025 -0.246338
v -0.085205 0.050049 -0.242432
v -0.008057 0.093506 -0.222900
v -0.021729 0.092041 -0.240479
v -0.029541 0.089111 -0.248779
v -0.007080 0.096924 -0.235596
v -0.015381 0.095459 -0.236084
v -0.009521 0.093994 -0.218018
v -0.060303 0.094482 -0.228760
v -0.038818 0.096436 -0.203369
v -0.032959 0.100830 -0.207275
v -0.039795 0.099854 -0.214111
v -0.033936 0.101807 -0.211182
v -0.048584 0.096436 -0.218018
v -0.052979 0.114014 -0.189209
v -0.050049 0.118408 -0.194092
v -0.057373 0.119385 -0.196533
v -0.090576 0.086182 -0.187744
v -0.072021 0.095459 -0.248779
v -0.067627 0.120361 -0.201416
v -0.081299 0.122314 -0.214600
v -0.092041 0.091064 -0.131592
v -0.071045 0.098877 -0.177490
v -0.065674 0.102783 -0.174072
v -0.072998 0.108154 -0.126221
v -0.068115 0.112549 -0.127197
v -0.002197 0.028076 -0.013916
v -0.027100 0.016357 -0.022217
v -0.054932 0.012939 -0.014404
v -0.001221 0.061279 -0.021729
v -0.049561 0.032471 -0.037842
v -0.101807 0.028076 -0.065186
v -0.090576 0.012939 -0.039795
v -0.081787 0.016357 -0.049561
v -0.086670 0.009033 -0.011475
v -0.070068 0.024658 -0.028076
v -0.093506 0.017334 -0.021240
v -0.103271 0.009033 -0.030029
v -0.114990 0.005127 -0.024170
v -0.114502 0.009033 -0.018799
v -0.111572 0.005127 -0.012939
v -0.047119 0.095459 -0.071045
v -0.044678 0.120850 -0.092041
v -0.049072 0.063232 -0.051025
v -0.096924 0.067627 -0.092041
v -0.137451 0.044678 -0.243408
v -0.188232 0.039795 -0.243896
v -0.243896 0.035400 -0.239502
v -0.244873 0.056885 -0.209717
v -0.197998 0.048096 -0.126221
v -0.245850 0.061279 -0.166748
v -0.246826 0.041748 -0.129639
v -0.141357 0.072021 -0.204834
v -0.144775 0.076416 -0.155518
v -0.191162 0.063721 -0.211182
v -0.195068 0.068604 -0.165283
v -0.132080 0.012451 -0.076904
v -0.150635 0.024170 -0.092041
v -0.180420 0.012939 -0.097412
v -0.156494 0.010010 -0.067627
v -0.181885 0.007080 -0.063232
v -0.170166 0.017822 -0.080322
v -0.147705 0.054443 -0.115479
v -0.199463 0.021729 -0.104248
v -0.193115 0.009033 -0.084717
v -0.189209 0.012451 -0.072510
v -0.209717 0.004150 -0.071533
v -0.206787 0.006592 -0.066650
v -0.247314 0.009033 -0.107666
v -0.247314 0.017822 -0.109619
v -0.202393 0.004150 -0.061279
v -0.049561 0.151611 -0.187744
v -0.056396 0.154541 -0.192139
v -0.037842 0.186768 -0.203857
v -0.031494 0.184814 -0.197998
v -0.052979 0.139404 -0.157471
v -0.050537 0.147217 -0.175049
v -0.059326 0.127686 -0.140381
v -0.032959 0.181885 -0.170166
v -0.033936 0.174072 -0.143799
v -0.094482 0.125244 -0.239014
v -0.093506 0.164795 -0.237549
v -0.066650 0.157959 -0.198975
v -0.080322 0.161377 -0.212646
v -0.009521 0.198486 -0.229248
v -0.017334 0.198975 -0.235107
v -0.028076 0.200928 -0.243896
v -0.003174 0.205322 -0.210693
v -0.059814 0.192139 -0.223389
v -0.047119 0.189209 -0.210693
v -0.072998 0.194092 -0.243896
v -0.043213 0.126221 -0.096924
v -0.036865 0.154541 -0.114990
v -0.302979 0.031494 -0.229248
v -0.300537 0.050049 -0.200928
v -0.297607 0.053467 -0.160889
v -0.294189 0.035400 -0.126709
v -0.357178 0.027588 -0.211670
v -0.343506 0.046143 -0.148193
v -0.351318 0.043701 -0.185303
v -0.253662 0.007568 -0.099854
v -0.269287 0.004639 -0.088135
v -0.292725 0.013916 -0.109619
v -0.290283 0.006104 -0.096924
v -0.287842 0.009033 -0.108154
v -0.296631 0.002686 -0.086182
v -0.289307 0.002197 -0.081299
v -0.332764 0.007568 -0.103271
v -0.337646 0.006104 -0.095947
v -0.336670 0.029541 -0.118408
v -0.374756 0.023193 -0.105225
v -0.349365 0.003662 -0.082275
v -0.366943 0.005127 -0.092529
v -0.367920 0.004150 -0.085205
v -0.372314 0.008057 -0.093506
v -0.361084 0.002197 -0.075928
v -0.369385 0.002686 -0.077881
v -0.405518 0.024170 -0.185791
v -0.434326 0.031006 -0.129150
v -0.396729 0.037354 -0.161377
v -0.384521 0.038818 -0.129639
v -0.445557 0.020264 -0.149170
v -0.408447 0.017822 -0.086182
v -0.419189 0.031494 -0.104248
v -0.435303 0.013428 -0.060791
v -0.446045 0.024170 -0.072021
v -0.460693 0.024658 -0.088135
v -0.472900 0.015869 -0.102295
v -0.481201 0.013428 -0.065186
v -0.445557 0.011475 -0.039307
v -0.455811 0.019775 -0.046631
v -0.446045 0.009033 -0.019287
v -0.455322 0.015869 -0.017822
v -0.468018 0.017334 -0.022705
v -0.469482 0.020264 -0.056396
v -0.481201 0.010986 -0.031006
v -0.479736 0.008057 -0.011475
v -0.469482 0.016357 -0.030029
v -0.475830 0.017334 -0.014404
v -0.458740 0.038330 -0.021729
v -0.468018 0.038330 -0.026123
v -0.475342 0.038818 -0.020752
v -0.460693 0.066650 -0.031494
v -0.467041 0.067627 -0.034912
v -0.466553 0.073486 -0.035400
v -0.460205 0.069580 -0.031006
v -0.459229 0.070068 -0.020752
v -0.460205 0.070557 -0.028076
v -0.466064 0.074463 -0.029053
v -0.465576 0.073486 -0.020264
v -0.456787 0.066650 -0.009033
v -0.463135 0.069580 -0.007568
v -0.473389 0.067627 -0.031494
v -0.472412 0.072021 -0.028076
v -0.472900 0.071045 -0.031006
v -0.471924 0.071533 -0.020264
v -0.469971 0.068115 -0.007568
v -0.415283 0.011475 0.056885
v -0.417725 0.012939 0.059326
v -0.420166 0.011963 0.061768
v -0.426514 0.002686 0.041748
v -0.427002 0.021240 0.046631
v -0.430908 0.023193 0.049561
v -0.434814 0.022217 0.052002
v -0.437256 0.032959 0.034912
v -0.402588 0.005127 0.064697
v -0.404053 0.005615 0.066650
v -0.405518 0.005127 0.068115
v -0.441162 0.004639 0.001709
v -0.448486 0.011475 0.002197
v -0.438721 0.007080 0.023193
v -0.446045 0.046143 0.021240
v -0.452881 0.058350 0.006104
v -0.451416 0.048584 0.024170
v -0.458740 0.061279 0.008057
v -0.465576 0.059814 0.008545
v -0.457764 0.047119 0.025146
v -0.442139 0.034912 0.037842
v -0.447021 0.033936 0.039795
f 4 2 1
f 1 2 381
f 1 381 382
f 1 382 385
f 8 9 18
f 18 16 8
f 19 18 9
f 13 12 10
f 16 18 22
f 18 19 20
f 18 20 23
f 23 22 18
f 15 14 11
f 29 31 686
f 686 699 701
f 700 694 684
f 32 33 34
f 125 33 32
f 32 34 35
f 32 123 124
f 32 124 125
f 38 35 34
f 47 45 44
f 53 47 44
f 44 50 51
f 44 51 52
f 44 52 53
f 45 47 48
f 165 164 155
f 181 180 179
f 180 181 215
f 204 76 74
f 207 205 204
f 80 82 83
f 80 81 82
f 206 83 82
f 207 206 205
f 85 117 218
f 117 120 221
f 221 218 117
f 217 218 219
f 221 219 218
f 86 88 89
f 95 88 86
f 86 89 90
f 86 90 104
f 215 217 219
f 222 221 120
f 141 142 149
f 153 154 162
f 163 162 150
f 167 166 140
f 150 166 167
f 184 167 140
f 150 167 168
f 184 168 167
f 198 187 176
f 165 163 150
f 178 179 180
f 188 189 228
f 213 210 207
f 210 213 214
f 210 214 248
f 234 214 213
f 213 233 234
f 250 248 214
f 235 234 233
f 236 235 233
f 259 252 251
f 252 259 262
f 259 261 262
f 354 567 631
f 365 366 370
f 1215 371 370
f 596 632 633
f 645 641 632
f 354 562 567
f 567 568 569
f 366 367 1189
f 373 1218 1655
f 641 645 646
f 645 1655 1708
f 1999 1996 431
f 402 403 404
f 408 403 402
f 402 404 405
f 402 405 415
f 1997 1999 2001
f 1999 2000 2001
f 442 613 2072
f 509 522 2023
f 2073 2004 442
f 442 2072 2073
f 2004 2073 2074
f 476 470 469
f 544 542 491
f 509 518 522
f 469 470 471
f 469 471 472
f 469 472 481
f 518 521 522
f 528 548 549
f 2095 2094 547
f 531 573 663
f 552 550 537
f 2651 2652 2653
f 574 576 605
f 574 605 620
f 624 623 605
f 625 624 605
f 598 1476 1480
f 1476 1478 1480
f 633 635 639
f 1473 1477 1479
f 1480 1474 1452
f 1480 1478 1471
f 1471 1474 1480
f 637 635 602
f 636 640 644
f 635 637 639
f 625 669 671
f 638 643 651
f 1710 1714 1727
f 1726 1695 1693
f 1726 1725 1695
f 658 659 674
f 1902 674 659
f 659 661 1902
f 661 1730 1902
f 1727 1714 660
f 660 1714 1715
f 1730 2829 3659
f 2117 2121 2123
f 2121 2122 2123
f 676 677 1904
f 2128 2126 681
f 2125 2126 2127
f 1910 1914 1915
f 3660 2871 2870
f 4274 2128 681
f 4278 4275 4274
f 693 695 697
f 715 707 692
f 693 697 708
f 693 708 717
f 707 706 696
f 706 707 724
f 697 705 708
f 725 708 705
f 724 709 706
f 705 710 725
f 787 791 801
f 791 790 789
f 781 790 791
f 792 788 777
f 710 711 725
f 711 714 725
f 755 725 714
f 725 755 763
f 725 763 771
f 724 712 709
f 724 713 712
f 713 724 754
f 762 754 724
f 770 762 724
f 749 754 762
f 763 755 750
f 777 780 792
f 802 792 786
f 729 727 726
f 726 727 728
f 726 728 731
f 732 729 726
f 731 730 726
f 726 730 732
f 740 738 730
f 732 737 739
f 733 739 746
f 746 744 733
f 752 743 737
f 739 742 751
f 751 746 739
f 786 784 778
f 813 786 778
f 778 812 813
f 815 814 779
f 782 784 786
f 786 813 825
f 813 812 807
f 787 785 783
f 810 814 815
f 826 815 787
f 866 862 860
f 859 863 867
f 807 806 805
f 805 806 808
f 806 807 810
f 810 809 806
f 808 817 819
f 821 816 811
f 828 819 817
f 832 823 819
f 819 828 830
f 819 830 832
f 816 821 829
f 821 824 833
f 1444 832 830
f 831 833 1443
f 1462 1455 1453
f 1454 1456 1463
f 1563 920 888
f 1570 1563 888
f 887 889 1569
f 889 921 1562
f 889 1562 1571
f 1571 1569 889
f 1536 1526 1524
f 1535 1523 1522
f 1573 1567 1535
f 1572 1568 1567
f 1572 1570 1568
f 890 1564 1565
f 1572 1565 1564
f 1565 1572 1576
f 1565 1576 1580
f 1628 1629 1630
f 1634 1630 1629
f 1636 1634 1629
f 1637 1636 1629
f 1259 1258 1255
f 1258 1259 1283
f 971 959 958
f 971 963 959
f 1292 1210 1197
f 1191 1194 1198
f 954 1010 1014
f 1010 1011 1014
f 1013 1015 1016
f 1200 1202 1203
f 1245 1213 1209
f 1022 1014 1011
f 1137 1138 1139
f 1125 1124 1123
f 1022 1011 987
f 989 976 975
f 989 994 995
f 2991 2988 2986
f 2997 2996 2991
f 1267 1259 1255
f 1037 1053 1057
f 1267 1268 1270
f 1046 1047 1048
f 1167 1049 1048
f 1266 1272 1275
f 1307 1313 1316
f 1302 1309 1320
f 1302 1320 1326
f 1385 1339 1320
f 1320 1382 1385
f 1404 1385 1382
f 1405 1404 1382
f 1429 1405 1382
f 1187 3130 3193
f 1192 1193 1199
f 1201 1199 1193
f 1246 1249 1250
f 1246 1250 1348
f 1219 1234 1235
f 1235 1234 1226
f 1222 1224 1233
f 1230 1225 1224
f 1224 1225 1233
f 1226 1661 1671
f 1675 1671 1663
f 1249 3292 3293
f 1250 1251 1348
f 3372 3293 3292
f 3372 3294 3293
f 1286 1283 1263
f 1326 1303 1302
f 1343 1347 1763
f 1352 1350 1333
f 1333 1339 1351
f 1387 1351 1339
f 1339 1385 1386
f 1339 1386 1387
f 1333 1351 1352
f 1351 1387 1396
f 1387 1395 1396
f 1663 1760 1794
f 1408 1396 1395
f 1396 1408 1433
f 1946 1838 1358
f 1835 1837 1838
f 1405 1429 1430
f 3400 1432 1431
f 1431 3399 3400
f 1377 1378 1381
f 1378 1380 1381
f 1381 1379 1377
f 1379 1381 1412
f 1415 1381 1380
f 1413 1412 1381
f 1414 1413 1381
f 1415 1414 1381
f 1430 1406 1405
f 1433 1408 1406
f 1406 1430 1433
f 1434 1433 1430
f 1433 1434 1435
f 1432 3400 3401
f 3427 3408 3405
f 3408 3427 3432
f 1448 1449 1451
f 1452 1450 1447
f 1450 1452 1474
f 1472 1451 1449
f 1490 1489 1486
f 1500 1494 1488
f 1531 1532 1557
f 1555 1551 1530
f 1532 1552 1557
f 1535 1537 1573
f 1559 1538 1536
f 1536 1539 1559
f 1630 1559 1539
f 1559 1558 1538
f 1574 1557 1549
f 1575 1578 1579
f 1558 1559 1560
f 1634 1560 1559
f 1559 1630 1634
f 1550 1549 1548
f 1549 1550 1577
f 1561 1635 1640
f 1577 1574 1549
f 1600 1578 1577
f 1560 1634 1635
f 1636 1635 1634
f 1576 1579 1580
f 1839 1773 1583
f 1583 1775 1839
f 1839 1774 1773
f 1841 1839 1775
f 1839 1777 1772
f 1772 1774 1839
f 1777 1839 1840
f 1841 1840 1839
f 1824 1826 1844
f 1844 1826 1825
f 1825 1827 1844
f 1844 1842 1824
f 1616 1611 1610
f 1643 1648 1649
f 1617 1625 1627
f 1625 1626 1627
f 1627 1626 1619
f 1627 1618 1617
f 1627 1620 1618
f 1619 1621 1627
f 1627 1622 1620
f 1621 1622 1627
f 1712 1659 1658
f 1794 1675 1663
f 1697 1665 1664
f 1698 1697 1664
f 1697 1673 1665
f 1673 1697 1703
f 1697 1698 1699
f 1697 1699 1700
f 1697 1700 1704
f 1704 1703 1697
f 1722 1741 1744
f 1749 1744 1741
f 1807 1808 1851
f 1693 1694 1726
f 1744 1723 1722
f 1744 1742 1723
f 3470 3480 3491
f 1735 1736 1738
f 1737 1736 1735
f 3472 1737 1735
f 1735 1738 1740
f 1735 1739 3474
f 1740 1739 1735
f 3473 3472 1735
f 3474 3473 1735
f 1853 1752 1749
f 1808 1812 1851
f 1852 1851 1812
f 1851 1852 1860
f 1855 1853 1851
f 1860 1855 1851
f 3480 3486 3491
f 3484 3485 3487
f 3562 1868 1759
f 1759 1868 1871
f 1871 1870 1759
f 1759 1870 1872
f 1759 1872 1873
f 1759 1873 3564
f 3563 3562 1759
f 3564 3563 1759
f 1833 1810 1797
f 1810 1833 1852
f 1852 1812 1810
f 1812 1808 1800
f 1861 1860 1852
f 1880 1861 1852
f 1827 1828 1844
f 1844 1843 1842
f 1829 1843 1844
f 1828 1829 1844
f 1855 1860 1862
f 3555 3486 3485
f 3568 3555 3553
f 3559 3557 3553
f 3553 3557 3568
f 3485 3486 3487
f 3557 3558 3569
f 3570 3569 3558
f 1895 1896 3580
f 1897 1896 1895
f 1896 1897 1898
f 1896 1898 1899
f 1896 1899 1900
f 1896 1900 3581
f 3582 3580 1896
f 1896 3581 3582
f 1921 1911 1908
f 1918 1914 1911
f 3658 3668 3671
f 3664 3663 1915
f 1920 1923 1943
f 1923 1924 1943
f 3663 3661 2870
f 3664 3667 3668
f 1943 1931 1920
f 1931 1943 3666
f 1924 1925 1943
f 3672 1943 1925
f 3673 3666 1943
f 1943 3672 3673
f 1941 1937 1936
f 1936 1938 1941
f 1941 1939 1937
f 1939 1941 3679
f 1938 1940 1941
f 3680 1941 1940
f 3681 3679 1941
f 1941 3680 3681
f 1963 1966 1969
f 1966 1967 1969
f 1969 1964 1963
f 1969 1965 1964
f 1962 1965 1969
f 1967 1968 1969
f 1961 1962 1969
f 1969 1968 1961
f 1988 1998 2006
f 2026 2025 2013
f 2045 2057 2058
f 2085 2086 2101
f 2115 2113 2087
f 2104 2113 2114
f 2114 2112 2104
f 2132 2123 2122
f 2163 2162 2132
f 2165 2164 2162
f 2162 2164 2171
f 4305 4304 4279
f 2169 2146 2145
f 2145 2148 2169
f 2148 2149 2169
f 4288 2169 2149
f 4279 4291 4292
f 2169 2147 2146
f 2147 2169 4286
f 4287 4286 2169
f 4288 4287 2169
f 2186 2185 2178
f 2185 2186 2187
f 2185 2187 4318
f 4305 4306 4309
f 4311 4306 4305
f 2177 2178 2185
f 2185 2179 2177
f 2179 2185 4314
f 4315 4314 2185
f 4318 4315 2185
f 2183 2197 2202
f 2201 2206 2213
f 2201 2213 2216
f 4352 4348 4316
f 2200 2199 2198
f 4349 2200 2198
f 4351 4349 4348
f 4352 4351 4348
f 2211 2209 2207
f 2208 2209 2211
f 4354 2211 2207
f 4350 2213 2206
f 4355 2214 2213
f 2213 2214 2216
f 2213 4350 4355
f 2211 2210 2208
f 2210 2211 4353
f 4354 4353 2211
f 2218 2222 2256
f 2222 2254 2255
f 2222 2255 2256
f 2229 2227 2221
f 2229 2228 2227
f 4363 2229 2221
f 2228 2229 2230
f 4364 2230 2229
f 2229 4363 4364
f 4362 2255 2254
f 2255 4362 4370
f 2242 2241 2239
f 2250 2249 2248
f 2243 2242 2239
f 2265 2243 2239
f 2265 2247 2243
f 2247 2265 2300
f 2265 2271 2300
f 2248 2249 2251
f 2248 2251 2267
f 2251 2252 2267
f 2304 2267 2252
f 2304 2278 2267
f 4370 4362 4358
f 2280 2279 2278
f 2271 2272 2277
f 2314 2280 2278
f 2308 2309 2311
f 2283 2309 2310
f 2311 2309 2283
f 2283 2310 4416
f 2314 2281 2280
f 2281 2314 4384
f 4383 4384 4386
f 4386 4384 2314
f 4424 4386 2314
f 2283 4416 4418
f 2290 2292 4408
f 2290 2291 2292
f 4416 4417 4418
f 2295 2294 2293
f 2293 2294 2297
f 2296 2295 2293
f 2298 2296 2293
f 2293 2297 4413
f 4415 2298 2293
f 2293 4413 4414
f 2293 4414 4415
f 4424 4423 4386
f 2583 2826 2884
f 2324 2326 2437
f 2327 2326 2324
f 2328 2329 2337
f 2340 2337 2329
f 2326 2335 2440
f 2440 2437 2326
f 2437 2440 2445
f 2462 2440 2335
f 2335 2461 2462
f 2340 2339 2337
f 2463 2462 2461
f 2345 2347 2348
f 2352 2347 2345
f 2345 2348 2351
f 2345 2351 2363
f 2375 2372 2368
f 2443 2375 2368
f 2375 2373 2372
f 2445 2444 2443
f 2456 2395 2380
f 2371 2401 2402
f 2407 2401 2371
f 2401 2407 2408
f 2401 2408 2411
f 2446 2386 2377
f 2444 2445 2446
f 2392 2395 2450
f 2456 2450 2395
f 2456 2452 2450
f 2452 2456 2457
f 2392 2450 2451
f 2452 2457 2458
f 2458 2522 2523
f 2480 2479 2478
f 2422 2421 2420
f 2498 2422 2420
f 2422 2498 2502
f 2422 2502 2503
f 2525 2523 2522
f 2481 2480 2477
f 2493 2481 2477
f 2495 2493 2477
f 2477 2494 2496
f 2496 2495 2477
f 2537 2496 2494
f 2523 2525 2526
f 2468 2470 2538
f 2493 2489 2486
f 2493 2495 2501
f 2495 2496 2513
f 2515 2501 2495
f 2495 2513 2515
f 2537 2513 2496
f 2514 2515 2516
f 2536 2546 2547
f 2884 2881 2583
f 2886 2885 2884
f 2589 2592 3296
f 2594 2592 2590
f 2594 2595 3321
f 2597 2831 3324
f 2827 2831 2832
f 2839 2835 2832
f 2832 2838 2839
f 2904 2847 2838
f 2846 2839 2838
f 2650 2863 2892
f 2660 2662 2701
f 2748 2666 2664
f 2665 4253 4254
f 2679 2680 2681
f 2679 2681 2688
f 2682 2681 2680
f 2681 2682 2692
f 2709 2716 2717
f 2718 2717 2716
f 2763 2764 2767
f 2757 2753 2724
f 2724 2754 2757
f 2753 2746 2745
f 2746 2753 4183
f 2765 2764 2763
f 2739 2745 2746
f 2764 2765 2766
f 2764 2766 2775
f 4233 4224 2793
f 4224 4222 4221
f 4222 4224 4225
f 2795 2796 2948
f 2948 2806 2795
f 2949 2948 2796
f 2948 2949 2950
f 3464 3465 3475
f 2830 2853 2869
f 3478 3479 3538
f 2839 2842 2843
f 2843 2841 2840
f 2857 2843 2840
f 2841 2843 2845
f 2844 2843 2842
f 2841 2845 2851
f 2850 2848 2841
f 3498 2851 2845
f 3684 2905 2851
f 3690 3684 2851
f 3683 3497 2906
f 3497 3683 3689
f 3690 3687 3684
f 3687 3690 3692
f 3729 3725 3690
f 3540 3538 3479
f 2940 2876 2874
f 2910 2939 2940
f 3661 3660 2870
f 4292 4289 4269
f 4292 4291 4289
f 2896 2897 2910
f 2925 2910 2897
f 2910 2938 2939
f 3683 3686 3689
f 2907 3695 3725
f 3727 2918 2912
f 3693 3694 3724
f 2911 2917 3726
f 2913 2914 2917
f 3726 2917 2914
f 2914 2919 3726
f 2918 2916 2915
f 2916 2918 3727
f 3727 2920 2916
f 3924 3730 2921
f 2922 3731 3925
f 3728 3730 3943
f 3730 3928 3943
f 3944 3731 3729
f 3944 3930 3731
f 4065 2955 2952
f 2952 3981 3983
f 2952 3983 4077
f 4077 4065 2952
f 2953 2954 4064
f 3982 3980 2953
f 3983 3981 3978
f 3984 3983 3976
f 2954 2969 4064
f 3979 3980 3982
f 3982 3977 3975
f 2969 2977 4064
f 2969 2971 2977
f 2976 2972 2970
f 2956 2972 2976
f 2964 2961 2960
f 2960 2963 2964
f 2977 2971 2965
f 2960 2958 2957
f 2963 2960 2957
f 2958 2960 2967
f 2960 2961 2962
f 2960 2962 2967
f 2983 2982 2980
f 2968 2973 2981
f 3013 3001 3000
f 3028 3032 3033
f 3013 3003 3001
f 3077 3076 3074
f 3075 3078 3083
f 3030 3034 3036
f 3055 3033 3032
f 3033 3055 3291
f 3307 3308 3311
f 3306 3314 3315
f 3350 3309 3305
f 3087 3088 3153
f 3154 3153 3150
f 3106 3088 3087
f 3111 3110 3077
f 3089 3086 3085
f 3211 3208 3171
f 3222 3218 3216
f 3219 3214 3208
f 3258 3253 3252
f 3317 3315 3314
f 3317 3316 3315
f 3316 3313 3310
f 3313 3316 3356
f 3329 3327 3325
f 3327 3329 3330
f 3337 3332 3328
f 3328 3336 3337
f 3330 3502 3515
f 3338 3337 3336
f 3502 3504 3510
f 3502 3510 3517
f 3517 3515 3502
f 3517 3516 3515
f 3366 3376 3382
f 3385 3383 3382
f 3382 3384 3385
f 3369 3371 3419
f 3371 3383 3428
f 3383 3388 3428
f 3434 3428 3388
f 3377 3599 3602
f 3377 3601 3602
f 3598 3601 3602
f 3387 3385 3381
f 3381 3635 3637
f 3630 3634 3635
f 3637 3635 3634
f 3637 3634 3633
f 3427 3431 3432
f 3415 3413 3412
f 3415 3414 3413
f 3453 3415 3412
f 3414 3415 3455
f 3415 3453 3457
f 3456 3455 3415
f 3458 3456 3415
f 3415 3457 3458
f 3495 3494 3467
f 3506 3504 3491
f 3506 3505 3504
f 3504 3505 3510
f 3479 3539 3540
f 3569 3568 3557
f 3568 3587 3588
f 3691 3689 3686
f 3688 3689 3707
f 3698 3699 3708
f 3518 3519 3524
f 3524 3521 3518
f 3519 3520 3524
f 3524 3522 3521
f 3525 3524 3520
f 3524 3523 3522
f 3523 3524 3526
f 3524 3525 3526
f 3597 3595 3569
f 3631 3597 3569
f 3595 3590 3587
f 3586 3597 3631
f 3619 3623 3752
f 3752 3623 3622
f 3752 3751 3619
f 3751 3752 3753
f 3622 3624 3752
f 3754 3752 3624
f 3755 3753 3752
f 3752 3754 3755
f 3780 3654 3652
f 3780 3766 3654
f 3652 3653 3780
f 3653 3655 3780
f 3655 3765 3780
f 3765 3767 3780
f 3780 3768 3766
f 3767 3768 3780
f 3715 3709 3705
f 3716 3732 3742
f 3733 3734 3743
f 3932 3928 3926
f 3927 3930 3936
f 3860 3859 3801
f 3818 3819 3820
f 3818 3820 3860
f 3817 3883 3890
f 3789 3786 3785
f 3789 3787 3786
f 3789 3788 3787
f 3885 3881 3879
f 3790 3789 3785
f 3788 3789 3792
f 3789 3790 3791
f 3789 3791 3793
f 3793 3792 3789
f 3795 3804 3805
f 3858 3862 3865
f 3858 3865 3874
f 3863 3862 3859
f 3861 3860 3820
f 3843 3829 3823
f 3826 3825 3824
f 3827 3890 3893
f 3890 3891 3893
f 3820 3829 3861
f 3829 3843 3844
f 3893 3828 3827
f 3825 3826 3842
f 3828 3830 3831
f 3896 3871 3852
f 3856 3855 3851
f 3850 3853 3854
f 3870 3869 3868
f 3896 3873 3871
f 3896 3897 3899
f 3865 3869 3874
f 3877 3874 3869
f 3874 3877 4024
f 3869 3870 3872
f 4009 3872 3870
f 3870 4007 4009
f 4009 3876 3872
f 3876 4009 4039
f 3873 3875 4010
f 4038 4010 3875
f 3891 3892 3897
f 3892 3895 3898
f 3898 3897 3892
f 3910 3920 3922
f 3920 3921 3922
f 3909 3910 3922
f 3922 3916 3909
f 3922 3917 3916
f 3922 3918 3917
f 3923 3922 3921
f 3918 3922 3923
f 3934 3933 3932
f 3936 3934 3932
f 3934 3936 3937
f 3933 3934 3935
f 3935 3939 3941
f 3934 3937 3938
f 3942 3940 3938
f 3938 3935 3934
f 3971 3974 3975
f 3976 3973 3972
f 4021 4028 4029
f 4030 4027 4020
f 4091 4093 4095
f 4091 4095 4097
f 4091 4097 4099
f 4091 4099 4101
f 4091 4101 4105
f 4091 4105 4141
f 4141 4133 4091
f 4096 4094 4092
f 4098 4096 4092
f 4100 4098 4092
f 4102 4100 4092
f 4106 4102 4092
f 4142 4106 4092
f 4092 4134 4142
f 4074 4079 4090
f 4074 4090 4094
f 4093 4089 4073
f 4095 4093 4082
f 4081 4094 4096
f 4105 4107 4141
f 4142 4108 4106
f 4142 4110 4108
f 4110 4142 4143
f 4108 4110 4113
f 4109 4112 4114
f 4115 4113 4110
f 4114 4115 4123
f 4130 4118 4117
f 4125 4124 4123
f 4128 4125 4123
f 4125 4128 4129
f 4129 4127 4125
f 4124 4125 4126
f 4127 4126 4125
f 4172 4171 4159
f 4189 4190 4238
f 4218 4229 4236
f 4257 4265 4270
f 4257 4270 4271
f 4271 4273 4325
f 4325 4323 4271
f 4385 4381 4380
f 4380 4387 4417
f 4387 4390 4394
f 4387 4394 4398
f 4387 4398 4420
f 4420 4417 4387
f 4420 4419 4417
f 4403 4400 4389
f 4404 4403 4389
f 4390 4393 4395
f 4395 4394 4390
f 4400 4401 4402
f 4403 4401 4400
f 1 3 5 4
f 386 3 1 385
f 2 4 7 1972
f 383 381 2 1972
f 6 5 3 387
f 3 386 388 387
f 4 5 391 7
f 5 6 392 391
f 6 387 393 392
f 7 391 1978 1980
f 1982 1972 7 1980
f 11 9 8 10
f 17 10 8 16
f 9 11 21 19
f 15 11 10 12
f 27 13 10 17
f 11 14 28 21
f 683 15 12 682
f 12 13 688 682
f 13 27 687 688
f 14 15 683 689
f 685 28 14 689
f 24 17 16 22
f 17 24 30 27
f 25 20 19 21
f 26 23 20 25
f 31 25 21 28
f 22 23 26 24
f 24 26 29 30
f 29 26 25 31
f 27 30 684 687
f 686 31 28 685
f 684 30 29 686
f 32 35 36 123
f 42 34 33 128
f 33 125 127 128
f 41 38 34 42
f 37 36 35 39
f 35 38 40 39
f 131 123 36 132
f 36 37 133 132
f 37 39 134 133
f 43 40 38 41
f 39 40 43 134
f 138 43 41 137
f 41 42 151 137
f 42 128 154 151
f 169 134 43 138
f 44 45 59 50
f 49 46 45 48
f 45 46 60 59
f 61 60 46 62
f 46 49 72 62
f 47 53 69 70
f 71 48 47 70
f 72 49 48 71
f 54 51 50 56
f 57 56 50 59
f 55 52 51 54
f 69 53 52 55
f 54 56 158 164
f 203 55 54 164
f 74 69 55 203
f 56 57 63 158
f 57 59 60 61
f 57 61 65 63
f 58 63 65 64
f 58 64 66 161
f 157 156 58 161
f 158 63 58 156
f 61 62 67 65
f 111 67 62 72
f 64 65 67 68
f 112 66 64 68
f 179 161 66 181
f 66 112 215 181
f 113 68 67 111
f 114 112 68 113
f 73 70 69 74
f 75 71 70 73
f 111 72 71 75
f 73 74 76 77
f 84 75 73 77
f 74 203 201 204
f 113 111 75 84
f 79 77 76 78
f 205 78 76 204
f 77 79 85 84
f 81 79 78 82
f 206 82 78 205
f 79 81 100 85
f 80 83 94 93
f 80 93 97 99
f 100 81 80 99
f 91 94 83 211
f 83 206 209 211
f 114 113 84 85
f 85 100 115 117
f 217 114 85 218
f 86 87 96 95
f 105 87 86 104
f 101 96 87 102
f 103 102 87 105
f 88 94 91 89
f 93 94 88 95
f 92 90 89 91
f 90 92 109 104
f 91 211 212 92
f 242 109 92 212
f 93 95 96 97
f 98 97 96 101
f 116 99 97 98
f 98 101 102 107
f 98 107 118 116
f 115 100 99 116
f 102 103 108 107
f 103 105 106 108
f 106 105 104 109
f 110 108 106 245
f 106 109 242 245
f 107 108 110 118
f 119 118 110 121
f 110 245 246 121
f 112 114 217 215
f 115 116 118 119
f 120 117 115 119
f 119 121 122 120
f 120 122 224 222
f 247 122 121 246
f 252 224 122 247
f 126 124 123 131
f 127 125 124 126
f 129 127 126 141
f 126 131 144 141
f 154 128 127 129
f 129 141 149 130
f 129 130 162 154
f 130 149 140 166
f 150 162 130 166
f 131 132 135 144
f 132 133 139 135
f 133 134 169 139
f 135 136 143 145
f 173 136 135 139
f 146 143 136 147
f 175 147 136 173
f 137 151 152 160
f 171 138 137 160
f 170 169 138 171
f 139 169 170 173
f 140 149 142 148
f 140 148 186 184
f 141 145 143 142
f 142 143 146 148
f 186 148 146 185
f 146 147 187 185
f 147 175 176 187
f 201 165 150 202
f 150 168 208 202
f 153 152 151 154
f 152 153 159 157
f 161 160 152 157
f 153 162 163 159
f 155 156 157 159
f 155 164 158 156
f 155 159 163 165
f 160 161 172 171
f 178 172 161 179
f 164 165 201 203
f 168 184 189 188
f 168 188 227 208
f 170 171 172 174
f 175 173 170 174
f 177 174 172 178
f 176 175 174 177
f 176 177 182 198
f 177 178 180 182
f 180 215 216 182
f 196 198 182 183
f 220 183 182 216
f 276 196 183 271
f 183 220 288 271
f 184 186 190 189
f 190 186 185 191
f 185 187 192 191
f 199 192 187 198
f 229 227 188 228
f 189 190 193 228
f 190 191 194 193
f 191 192 195 194
f 200 195 192 199
f 229 228 193 230
f 193 194 231 230
f 194 195 232 231
f 195 200 240 232
f 199 198 196 197
f 278 197 196 276
f 200 199 197 374
f 197 278 375 374
f 376 240 200 374
f 207 204 201 202
f 213 207 202 208
f 206 207 210 209
f 233 213 208 227
f 212 211 209 243
f 209 210 248 243
f 244 242 212 243
f 214 234 258 250
f 223 216 215 219
f 225 220 216 223
f 219 221 222 223
f 220 225 292 288
f 226 223 222 224
f 255 225 223 226
f 253 226 224 252
f 225 255 256 292
f 226 253 254 255
f 227 229 236 233
f 229 230 237 236
f 230 231 238 237
f 231 232 239 238
f 241 239 232 240
f 234 235 260 258
f 235 236 237 260
f 237 238 261 260
f 238 239 262 261
f 239 241 263 262
f 378 241 240 376
f 264 263 241 378
f 246 245 242 244
f 249 244 243 248
f 247 246 244 249
f 247 249 251 252
f 251 249 248 250
f 259 251 250 258
f 263 253 252 262
f 264 254 253 263
f 256 255 254 257
f 265 257 254 264
f 293 292 256 336
f 256 257 348 336
f 257 265 266 348
f 258 260 261 259
f 264 378 379 265
f 559 266 265 379
f 349 348 266 352
f 560 352 266 559
f 267 268 270 269
f 341 355 267 357
f 267 269 358 357
f 631 268 267 355
f 530 532 268 631
f 533 270 268 532
f 269 270 2316 2315
f 2562 358 269 2315
f 270 533 2647 2316
f 271 272 277 276
f 289 272 271 288
f 272 273 280 277
f 290 273 272 289
f 273 274 282 280
f 291 274 273 290
f 283 282 274 299
f 274 291 301 299
f 287 284 275 306
f 275 284 300 298
f 275 305 307 306
f 275 298 308 305
f 276 277 279 278
f 281 279 277 280
f 278 279 554 375
f 279 281 555 554
f 285 281 280 282
f 281 285 556 555
f 282 283 286 285
f 283 284 287 286
f 283 299 300 284
f 285 286 563 556
f 286 287 566 563
f 287 306 583 566
f 293 289 288 292
f 294 290 289 293
f 296 291 290 294
f 291 296 295 301
f 293 336 337 294
f 338 296 294 337
f 297 301 295 302
f 295 296 338 339
f 346 302 295 339
f 298 300 297 303
f 297 300 299 301
f 297 302 342 303
f 298 303 304 308
f 343 342 302 346
f 344 304 303 342
f 309 308 304 311
f 359 311 304 344
f 305 308 309 310
f 316 307 305 310
f 306 307 584 583
f 307 316 317 584
f 309 311 312 313
f 314 310 309 313
f 310 314 318 316
f 361 312 311 359
f 363 313 312 361
f 315 314 313 363
f 314 315 369 318
f 315 363 364 370
f 371 369 315 370
f 319 317 316 318
f 585 584 317 596
f 317 319 632 596
f 372 319 318 369
f 319 372 645 632
f 322 323 320 347
f 320 323 328 326
f 320 345 343 347
f 320 326 360 345
f 321 325 322 356
f 357 358 321 356
f 2552 325 321 2561
f 321 358 2562 2561
f 324 323 322 325
f 322 347 340 356
f 323 324 330 328
f 324 325 2552 2553
f 2555 330 324 2553
f 329 327 326 328
f 326 327 362 360
f 327 329 332 368
f 367 362 327 368
f 331 329 328 330
f 329 331 334 332
f 2556 331 330 2555
f 2557 334 331 2556
f 335 333 332 334
f 1236 368 332 333
f 1239 1236 333 1237
f 333 335 1241 1237
f 2558 335 334 2557
f 3284 1241 335 2558
f 349 337 336 348
f 350 338 337 349
f 351 339 338 350
f 339 341 340 346
f 355 341 339 351
f 343 346 340 347
f 340 341 357 356
f 345 344 342 343
f 344 345 360 359
f 349 352 353 350
f 354 351 350 353
f 631 355 351 354
f 561 353 352 560
f 562 354 353 561
f 359 360 362 361
f 361 362 364 363
f 366 365 362 367
f 1215 370 366 1189
f 367 368 1236 1189
f 369 371 373 372
f 1218 373 371 1215
f 372 373 1655 645
f 374 375 377 376
f 558 377 375 554
f 379 378 376 377
f 559 379 377 558
f 380 433 502 444
f 608 433 380 606
f 380 444 618 606
f 384 382 381 383
f 382 384 389 385
f 396 384 383 1973
f 383 1972 1982 1973
f 397 389 384 396
f 390 386 385 389
f 394 388 386 390
f 387 388 394 393
f 398 390 389 397
f 399 394 390 398
f 391 392 1976 1978
f 392 393 1977 1976
f 393 394 399 1977
f 395 397 396 426
f 398 397 395 401
f 427 423 395 426
f 431 401 395 423
f 427 426 396 1990
f 396 1973 1974 1990
f 400 399 398 401
f 1994 1977 399 400
f 400 401 431 1996
f 1995 1994 400 1996
f 407 406 402 415
f 402 406 409 408
f 420 404 403 419
f 403 408 421 419
f 452 405 404 420
f 416 415 405 452
f 410 409 406 411
f 406 407 412 411
f 407 415 416 418
f 417 412 407 418
f 408 409 422 421
f 409 410 413 422
f 410 411 414 413
f 411 412 417 414
f 432 422 413 434
f 413 414 437 434
f 414 417 439 437
f 416 452 455 453
f 456 418 416 453
f 417 418 456 439
f 419 421 425 429
f 458 420 419 429
f 455 452 420 458
f 421 422 432 425
f 428 424 423 427
f 423 424 430 431
f 429 425 424 428
f 424 425 432 430
f 429 428 427 1991
f 427 1990 1989 1991
f 450 458 429 1991
f 430 432 434 435
f 436 431 430 435
f 431 436 2000 1999
f 503 502 433 613
f 433 608 612 613
f 438 435 434 437
f 440 436 435 438
f 436 440 441 2000
f 505 438 437 439
f 506 440 438 505
f 439 456 457 505
f 507 441 440 506
f 441 507 509 2023
f 2001 2000 441 2023
f 503 613 442 511
f 510 511 442 2004
f 443 618 444 445
f 443 445 446 447
f 570 618 443 619
f 443 447 662 619
f 504 445 444 502
f 515 446 445 504
f 536 447 446 515
f 447 536 664 662
f 448 449 466 464
f 448 473 470 476
f 477 449 448 476
f 448 464 492 473
f 449 477 478 483
f 493 466 449 483
f 451 468 450 2020
f 455 458 450 468
f 450 1991 1989 2020
f 461 468 451 494
f 451 491 490 494
f 451 2020 2021 2022
f 2041 491 451 2022
f 453 454 457 456
f 460 454 453 455
f 461 459 454 460
f 465 457 454 459
f 455 468 461 460
f 506 505 457 465
f 459 461 462 463
f 459 463 467 465
f 461 494 492 462
f 464 463 462 492
f 463 464 466 467
f 507 506 465 509
f 465 467 516 517
f 518 509 465 517
f 516 467 466 493
f 477 476 469 475
f 482 475 469 481
f 470 473 474 471
f 488 472 471 474
f 487 481 472 488
f 501 474 473 492
f 539 488 474 501
f 478 477 475 479
f 480 479 475 482
f 478 479 485 484
f 479 480 486 485
f 480 482 489 486
f 489 482 481 487
f 513 493 484 485
f 485 486 496 513
f 486 489 498 496
f 498 489 487 495
f 487 488 539 495
f 492 494 490 501
f 539 501 490 540
f 490 491 542 540
f 2044 544 491 2041
f 493 513 519 516
f 499 498 495 538
f 495 539 540 538
f 499 497 496 498
f 519 513 496 497
f 497 499 500 524
f 520 519 497 524
f 499 538 541 500
f 525 524 500 545
f 500 541 543 545
f 502 503 514 504
f 503 511 527 514
f 504 514 546 515
f 523 526 508 2024
f 529 512 508 526
f 508 2005 2002 2024
f 508 512 2003 2005
f 527 511 510 528
f 510 512 529 528
f 510 2004 2003 512
f 514 527 547 546
f 666 536 515 546
f 520 517 516 519
f 521 518 517 520
f 520 524 525 521
f 2049 522 521 525
f 2024 2023 522 523
f 2050 523 522 2049
f 2051 526 523 2050
f 525 545 2042 2049
f 2052 529 526 2051
f 527 528 549 547
f 528 529 2052 548
f 534 532 530 531
f 530 631 567 572
f 573 531 530 572
f 550 534 531 537
f 665 537 531 663
f 535 533 532 534
f 533 535 2648 2647
f 551 535 534 550
f 535 551 2651 2648
f 667 664 536 666
f 668 552 537 665
f 538 540 542 541
f 541 542 544 543
f 2042 545 543 2043
f 543 544 2044 2043
f 546 547 2094 666
f 547 549 2107 2095
f 548 2052 2056 2108
f 2107 549 548 2108
f 553 551 550 552
f 551 553 2652 2651
f 2066 553 552 2065
f 552 668 2097 2065
f 553 2066 4154 2652
f 554 555 557 558
f 555 556 564 557
f 556 563 565 564
f 559 558 557 560
f 561 560 557 564
f 565 562 561 564
f 562 565 568 567
f 568 565 563 566
f 569 568 566 583
f 567 569 575 572
f 569 583 584 585
f 603 575 569 585
f 570 619 573 571
f 606 618 570 607
f 570 571 610 607
f 571 573 576 574
f 571 574 620 610
f 576 573 572 575
f 573 619 662 663
f 605 576 575 603
f 577 578 579 580
f 581 578 577 587
f 577 580 586 587
f 582 579 578 581
f 586 580 579 582
f 588 582 581 591
f 581 587 589 591
f 590 586 582 588
f 585 596 604 603
f 589 587 586 590
f 588 591 592 593
f 594 590 588 593
f 592 591 589 595
f 589 590 594 595
f 592 595 597 1475
f 1476 593 592 1475
f 598 594 593 1476
f 597 595 594 598
f 649 604 596 633
f 597 598 600 599
f 1477 1475 597 1479
f 597 599 1482 1479
f 1483 600 598 1480
f 599 600 602 601
f 599 601 636 1482
f 637 602 600 1483
f 601 602 635 634
f 601 634 640 636
f 625 605 603 604
f 654 625 604 649
f 621 620 605 623
f 606 607 609 608
f 611 609 607 610
f 608 609 614 612
f 609 611 615 614
f 621 611 610 620
f 622 615 611 621
f 612 614 616 2075
f 2072 613 612 2075
f 614 615 617 616
f 626 617 615 622
f 2080 2075 616 2083
f 616 617 2084 2083
f 617 626 2092 2084
f 621 623 627 622
f 629 626 622 627
f 623 624 628 627
f 624 625 671 628
f 625 654 657 669
f 626 629 2093 2092
f 627 628 630 629
f 672 630 628 671
f 629 630 2120 2093
f 630 672 2121 2120
f 635 633 632 634
f 640 634 632 641
f 633 638 651 649
f 1652 1482 636 644
f 643 639 637 642
f 637 1483 1651 642
f 640 641 643 644
f 647 643 641 646
f 651 643 642 650
f 1686 650 642 1651
f 1657 644 643 647
f 1653 1652 644 1657
f 1709 646 645 1708
f 648 647 646 1709
f 647 648 1660 1657
f 1711 1660 648 1710
f 648 1709 1714 1710
f 649 651 652 654
f 652 651 650 653
f 1687 653 650 1686
f 652 653 655 656
f 657 654 652 656
f 1688 655 653 1687
f 658 656 655 1695
f 655 1688 1693 1695
f 674 657 656 658
f 670 669 657 674
f 658 1695 1725 659
f 660 661 659 1727
f 659 1725 1728 1727
f 660 1715 1717 1729
f 1730 661 660 1729
f 665 663 662 664
f 668 665 664 667
f 2096 667 666 2094
f 2097 668 667 2096
f 669 670 673 671
f 675 673 670 1903
f 670 674 1902 1903
f 2124 672 671 673
f 2122 2121 672 2124
f 673 675 2126 2124
f 675 677 678 680
f 675 680 681 2126
f 675 1903 1904 677
f 676 1904 1905 1910
f 1913 677 676 1912
f 676 1910 1916 1912
f 679 678 677 1913
f 2872 680 678 2871
f 678 679 3670 2871
f 679 1913 1927 1929
f 679 1929 3674 3670
f 4274 681 680 2872
f 682 688 692 690
f 695 683 682 690
f 693 689 683 695
f 691 687 684 694
f 684 686 701 700
f 685 689 693 698
f 699 686 685 698
f 692 688 687 691
f 697 695 690 696
f 690 692 707 696
f 715 692 691 716
f 691 694 718 716
f 719 698 693 717
f 694 700 703 718
f 705 697 696 706
f 702 699 698 719
f 704 701 699 702
f 700 701 704 703
f 702 719 723 793
f 789 704 702 791
f 801 791 702 793
f 703 704 789 788
f 792 718 703 788
f 705 706 709 710
f 707 715 721 724
f 722 717 708 725
f 711 710 709 712
f 711 712 713 714
f 755 714 713 754
f 715 716 720 721
f 716 718 794 720
f 723 719 717 722
f 718 792 802 794
f 720 794 797 798
f 799 721 720 798
f 857 724 721 799
f 795 723 722 800
f 722 725 856 800
f 796 793 723 795
f 892 770 724 857
f 725 771 894 856
f 727 729 733 734
f 736 728 727 734
f 735 731 728 736
f 729 732 739 733
f 730 731 735 740
f 737 732 730 738
f 745 734 733 744
f 741 736 734 745
f 735 736 741 747
f 748 740 735 747
f 742 739 737 743
f 737 738 753 752
f 738 740 748 753
f 758 747 741 761
f 741 745 760 761
f 742 743 750 749
f 742 749 762 751
f 763 750 743 752
f 744 746 757 756
f 760 745 744 756
f 762 757 746 751
f 759 748 747 758
f 764 753 748 759
f 755 754 749 750
f 764 763 752 753
f 756 757 765 766
f 767 760 756 766
f 757 762 770 765
f 758 761 768 769
f 773 759 758 769
f 772 764 759 773
f 768 761 760 767
f 763 764 772 771
f 774 766 765 893
f 765 770 892 893
f 775 767 766 774
f 776 768 767 775
f 897 769 768 776
f 895 773 769 897
f 771 772 896 894
f 772 773 895 896
f 774 893 898 904
f 905 775 774 904
f 906 776 775 905
f 901 897 776 906
f 781 780 777 790
f 777 788 789 790
f 785 779 778 784
f 778 779 814 812
f 779 785 787 815
f 780 781 783 782
f 786 792 780 782
f 781 791 787 783
f 785 784 782 783
f 841 802 786 825
f 787 801 842 826
f 793 796 835 801
f 834 797 794 802
f 804 796 795 861
f 795 800 859 861
f 796 804 837 835
f 836 803 797 834
f 858 798 797 803
f 860 799 798 858
f 862 857 799 860
f 800 856 863 859
f 801 835 845 842
f 844 834 802 841
f 868 858 803 864
f 803 836 875 864
f 804 861 869 865
f 876 837 804 865
f 805 818 813 807
f 805 808 819 818
f 811 808 806 809
f 807 812 814 810
f 808 811 816 817
f 809 810 815 820
f 821 811 809 820
f 813 818 827 825
f 822 820 815 826
f 828 817 816 829
f 818 819 823 827
f 824 821 820 822
f 831 829 821 833
f 839 824 822 843
f 822 826 842 843
f 840 827 823 838
f 823 832 1453 838
f 1454 833 824 839
f 825 827 840 841
f 828 829 831 830
f 830 831 1443 1444
f 832 1444 1445 1453
f 1446 1443 833 1454
f 850 836 834 844
f 835 837 852 845
f 836 850 873 875
f 874 852 837 876
f 846 840 838 848
f 1455 848 838 1453
f 839 843 847 849
f 839 849 1456 1454
f 844 841 840 846
f 847 843 842 845
f 844 846 851 850
f 853 847 845 852
f 846 848 854 851
f 855 849 847 853
f 1458 854 848 1455
f 849 855 1459 1456
f 850 851 872 873
f 851 854 1512 872
f 1460 853 852 874
f 1457 855 853 1460
f 854 1458 1519 1512
f 855 1457 1461 1459
f 900 863 856 894
f 857 862 899 892
f 866 860 858 868
f 869 861 859 867
f 862 866 881 870
f 862 870 907 899
f 882 867 863 871
f 908 871 863 900
f 864 875 878 883
f 880 868 864 883
f 879 876 865 877
f 865 869 884 877
f 866 868 880 881
f 884 869 867 882
f 870 881 886 888
f 870 888 920 907
f 887 882 871 889
f 921 889 871 908
f 1514 873 872 1513
f 872 1512 1516 1513
f 878 875 873 1514
f 874 876 879 1515
f 1518 1460 874 1515
f 877 884 1525 1524
f 1526 879 877 1524
f 1523 883 878 1522
f 878 1514 1528 1522
f 1529 1515 879 1526
f 886 881 880 885
f 880 883 1523 885
f 1525 884 882 887
f 885 1523 1535 1567
f 1568 886 885 1567
f 1570 888 886 1568
f 1539 1525 887 1569
f 907 920 890 914
f 890 891 912 914
f 890 920 1563 1564
f 1566 891 890 1565
f 913 912 891 917
f 1632 917 891 1566
f 898 893 892 899
f 894 896 902 900
f 895 897 901 903
f 902 896 895 903
f 898 899 907 914
f 912 904 898 914
f 900 902 909 908
f 910 903 901 915
f 901 906 916 915
f 902 903 910 909
f 913 905 904 912
f 916 906 905 913
f 908 909 911 921
f 909 910 922 911
f 910 915 919 922
f 1562 921 911 1628
f 911 922 1629 1628
f 913 917 918 916
f 915 916 918 919
f 1633 918 917 1632
f 1631 919 918 1633
f 1629 922 919 1631
f 923 1206 1195 1257
f 1223 1206 923 1340
f 1258 924 923 1257
f 923 924 1341 1340
f 924 1258 1283 1284
f 924 1284 1342 1341
f 925 935 936 966
f 925 926 939 935
f 965 964 925 966
f 970 926 925 964
f 926 927 940 939
f 971 927 926 970
f 927 971 958 1025
f 927 1025 1026 1029
f 1044 940 927 1029
f 928 933 930 948
f 942 941 928 948
f 943 929 928 941
f 928 929 1033 933
f 929 1032 1034 1033
f 929 943 1043 1032
f 949 948 930 931
f 1197 931 930 1196
f 930 933 1253 1196
f 953 949 931 1211
f 931 1197 1210 1211
f 946 950 932 1208
f 932 950 951 952
f 932 1198 1194 1208
f 932 952 1202 1198
f 933 1033 1254 1253
f 935 942 934 936
f 948 949 934 942
f 934 949 953 945
f 1005 936 934 945
f 935 939 941 942
f 1009 966 936 1005
f 937 946 947 1006
f 937 938 950 946
f 967 938 937 1007
f 937 1006 1008 1007
f 951 950 938 944
f 968 944 938 967
f 939 940 943 941
f 1043 943 940 1044
f 954 951 944 1010
f 944 968 1011 1010
f 945 953 955 1015
f 1013 1005 945 1015
f 946 1208 1207 947
f 999 1006 947 998
f 1188 998 947 1207
f 1209 952 951 954
f 1203 1202 952 1209
f 953 1211 1212 955
f 954 1014 1245 1209
f 1016 1015 955 1017
f 1359 1017 955 1212
f 956 988 986 1000
f 956 1000 1001 1002
f 2994 988 956 3014
f 956 1002 3015 3014
f 957 964 965 969
f 970 964 957 962
f 957 969 975 974
f 981 962 957 974
f 958 959 960 1116
f 1126 1025 958 1116
f 1119 960 959 1115
f 959 963 1123 1115
f 1117 1116 960 961
f 1120 961 960 1119
f 1137 1117 961 1138
f 961 1120 1139 1138
f 971 970 962 963
f 980 963 962 981
f 963 980 1151 1123
f 994 969 965 972
f 965 966 1009 972
f 985 968 967 984
f 967 1007 986 984
f 968 985 987 1011
f 989 975 969 994
f 972 973 995 994
f 1012 973 972 1009
f 1018 995 973 1012
f 974 975 976 977
f 974 977 982 981
f 978 977 976 979
f 992 979 976 989
f 977 978 2985 982
f 978 979 2986 2985
f 979 992 2991 2986
f 980 981 982 983
f 980 983 1153 1151
f 982 2985 2987 2990
f 2989 983 982 2990
f 3067 1153 983 2989
f 984 986 988 990
f 991 985 984 990
f 993 987 985 991
f 986 1007 1008 1000
f 987 993 1023 1022
f 2993 990 988 2994
f 989 995 996 992
f 2992 991 990 2993
f 2995 993 991 2992
f 992 996 2997 2991
f 3022 1023 993 2995
f 1020 996 995 1018
f 996 1020 3020 2997
f 997 1001 1000 1008
f 997 999 1003 1001
f 1006 999 997 1008
f 1003 999 998 1242
f 998 1188 1238 1242
f 1004 1002 1001 1003
f 1002 1004 3016 3015
f 1003 1242 1243 1004
f 1004 1243 3285 3016
f 1012 1009 1005 1013
f 1012 1013 1019 1018
f 1013 1016 1024 1019
f 1014 1022 1247 1245
f 1016 1017 1177 1024
f 1361 1177 1017 1359
f 1018 1019 1021 1020
f 1178 1021 1019 1024
f 1020 1021 3021 3020
f 1021 1178 3023 3021
f 1022 1023 1248 1247
f 3290 1248 1023 3022
f 1024 1177 1179 1178
f 1027 1026 1025 1126
f 1030 1029 1026 1028
f 1026 1027 1132 1028
f 1027 1126 1127 1129
f 1027 1129 1130 1132
f 1028 1132 1131 1145
f 1146 1030 1028 1145
f 1029 1030 1031 1044
f 1148 1031 1030 1146
f 1043 1044 1031 1045
f 1165 1045 1031 1148
f 1036 1034 1032 1051
f 1032 1043 1046 1051
f 1033 1034 1255 1254
f 1034 1036 1267 1255
f 1035 1038 1040 1039
f 1055 1038 1035 1265
f 1035 1256 1271 1265
f 1035 1039 1276 1256
f 1036 1051 1053 1037
f 1036 1037 1268 1267
f 1037 1057 1269 1268
f 1052 1054 1038 1055
f 1065 1040 1038 1054
f 1039 1040 1042 1041
f 1039 1041 1277 1276
f 1066 1042 1040 1065
f 1041 1042 1096 1071
f 1041 1071 1306 1277
f 1042 1066 1087 1096
f 1043 1045 1047 1046
f 1166 1047 1045 1165
f 1053 1051 1046 1058
f 1046 1048 1062 1058
f 1167 1048 1047 1166
f 1048 1049 1068 1062
f 1049 1050 1070 1068
f 1180 1050 1049 1167
f 1083 1077 1050 1180
f 1099 1070 1050 1077
f 1052 1055 1056 1063
f 1059 1061 1052 1063
f 1060 1054 1052 1061
f 1053 1058 1171 1064
f 1294 1057 1053 1064
f 1054 1060 1067 1065
f 1055 1265 1266 1056
f 1291 1269 1057 1294
f 1058 1062 1172 1171
f 1060 1061 1059 1170
f 1173 1067 1060 1170
f 1062 1068 1175 1172
f 1069 1066 1065 1067
f 1066 1069 1100 1087
f 1174 1069 1067 1173
f 1068 1070 1176 1175
f 1101 1100 1069 1174
f 1070 1099 1185 1176
f 1071 1096 1098 1313
f 1307 1306 1071 1313
f 1088 1092 1072 1097
f 1072 1092 1111 1107
f 1312 1097 1072 1309
f 1072 1107 1320 1309
f 1073 1074 1089 1090
f 1103 1075 1073 1090
f 1310 1074 1073 1311
f 1073 1075 1318 1311
f 1104 1076 1075 1103
f 1075 1076 1319 1318
f 1076 1104 1106 1109
f 1076 1109 1321 1319
f 1077 1092 1088 1099
f 1077 1083 1111 1092
f 1080 1079 1078 1084
f 1078 1079 1091 1093
f 1079 1080 1094 1091
f 1080 1084 1085 1081
f 1080 1081 1105 1094
f 1086 1082 1081 1085
f 1081 1082 1112 1105
f 1082 1086 1113 1112
f 1083 1180 1181 1182
f 1183 1111 1083 1182
f 1098 1096 1087 1095
f 1101 1095 1087 1100
f 1185 1099 1088 1102
f 1088 1097 1336 1102
f 1091 1090 1089 1093
f 1090 1091 1094 1103
f 1104 1103 1094 1105
f 1097 1312 1334 1336
f 1104 1105 1112 1106
f 1110 1109 1106 1108
f 1106 1112 1113 1108
f 1107 1111 1183 1114
f 1107 1114 1382 1320
f 1109 1110 1337 1321
f 1114 1183 1184 1370
f 1114 1370 1429 1382
f 1121 1119 1115 1122
f 1124 1122 1115 1123
f 1116 1117 1127 1126
f 1136 1127 1117 1137
f 1118 1120 1119 1121
f 1118 1121 1134 1133
f 1139 1120 1118 1140
f 1118 1133 1141 1140
f 1121 1122 1144 1134
f 1122 1124 1147 1144
f 1152 1125 1123 1151
f 1124 1125 1149 1147
f 1155 1149 1125 1152
f 1142 1129 1127 1136
f 1132 1130 1128 1131
f 1128 1133 1134 1131
f 1128 1130 1135 1143
f 1141 1133 1128 1143
f 1135 1130 1129 1142
f 1144 1145 1131 1134
f 1141 1143 1135 1142
f 1136 1137 1139 1140
f 1136 1140 1141 1142
f 1146 1145 1144 1147
f 1146 1147 1149 1148
f 1148 1149 1150 1165
f 1156 1150 1149 1155
f 1150 1156 1157 1168
f 1166 1165 1150 1168
f 1154 1152 1151 1153
f 1152 1154 1159 1155
f 3068 1154 1153 3067
f 3071 1159 1154 3068
f 1160 1156 1155 1159
f 1161 1157 1156 1160
f 1162 1158 1157 1161
f 1169 1168 1157 1158
f 1158 1162 1164 1163
f 1158 1163 1181 1169
f 3072 1160 1159 3071
f 3069 1161 1160 3072
f 3070 1162 1161 3069
f 3124 1164 1162 3070
f 1163 1186 1182 1181
f 1163 1164 1187 1186
f 3130 1187 1164 3124
f 1169 1167 1166 1168
f 1167 1169 1181 1180
f 1362 1179 1177 1361
f 1178 1179 3161 3023
f 1179 1362 3343 3161
f 1184 1183 1182 1186
f 1184 1186 1187 1371
f 1372 1370 1184 1371
f 3395 1371 1187 3193
f 1188 1207 1205 1190
f 1188 1190 1240 1238
f 1219 1215 1189 1217
f 1189 1236 1239 1217
f 1190 1232 1216 1240
f 1190 1205 1221 1232
f 1191 1193 1195 1194
f 1201 1193 1191 1200
f 1191 1198 1202 1200
f 1192 1257 1195 1193
f 1196 1253 1192 1199
f 1254 1257 1192 1253
f 1194 1195 1206 1204
f 1207 1208 1194 1205
f 1221 1205 1194 1204
f 1201 1197 1196 1199
f 1197 1201 1274 1292
f 1274 1201 1200 1203
f 1203 1209 1213 1297
f 1296 1274 1203 1297
f 1204 1220 1222 1221
f 1204 1206 1223 1220
f 1212 1211 1210 1214
f 1298 1214 1210 1292
f 1212 1214 1360 1359
f 1213 1245 1247 1246
f 1348 1297 1213 1246
f 1214 1298 1365 1360
f 1656 1218 1215 1219
f 1219 1217 1216 1234
f 1216 1232 1233 1234
f 1216 1217 1239 1240
f 1708 1655 1218 1707
f 1218 1656 1716 1707
f 1219 1235 1672 1656
f 1224 1222 1220 1230
f 1220 1223 1227 1230
f 1233 1232 1221 1222
f 1223 1340 1228 1227
f 1225 1230 1227 1231
f 1234 1233 1225 1226
f 1661 1226 1225 1231
f 1672 1235 1226 1671
f 1227 1228 1229 1231
f 1228 1340 1341 1344
f 1345 1229 1228 1344
f 1229 1345 1346 1662
f 1661 1231 1229 1662
f 1237 1238 1240 1239
f 1244 1238 1237 1241
f 1243 1242 1238 1244
f 3287 1244 1241 3284
f 1243 1244 3287 3285
f 1246 1247 1248 1249
f 3292 1249 1248 3290
f 1251 1250 1249 1252
f 3294 1252 1249 3293
f 1349 1348 1251 1366
f 1251 1252 1369 1366
f 3349 1369 1252 3294
f 1258 1257 1254 1255
f 1256 1262 1272 1271
f 1278 1262 1256 1276
f 1259 1260 1263 1283
f 1259 1267 1270 1260
f 1260 1261 1264 1263
f 1273 1261 1260 1270
f 1261 1273 1293 1295
f 1299 1264 1261 1295
f 1275 1272 1262 1285
f 1262 1278 1288 1285
f 1263 1264 1287 1286
f 1300 1287 1264 1299
f 1272 1266 1265 1271
f 1268 1269 1273 1270
f 1293 1273 1269 1291
f 1298 1292 1274 1296
f 1276 1277 1279 1278
f 1307 1279 1277 1306
f 1278 1279 1314 1288
f 1279 1307 1316 1314
f 1281 1282 1280 1303
f 1280 1282 1301 1338
f 1302 1303 1280 1308
f 1335 1308 1280 1338
f 1281 1286 1287 1282
f 1289 1286 1281 1290
f 1281 1303 1326 1290
f 1282 1287 1300 1301
f 1289 1284 1283 1286
f 1284 1289 1343 1342
f 1289 1290 1350 1343
f 1290 1326 1333 1350
f 1296 1297 1348 1349
f 1365 1298 1296 1349
f 1312 1309 1302 1308
f 1315 1305 1304 1325
f 1304 1305 1317 1328
f 1327 1325 1304 1328
f 1310 1311 1305 1315
f 1305 1311 1318 1317
f 1334 1312 1308 1335
f 1317 1318 1319 1322
f 1330 1328 1317 1322
f 1319 1321 1324 1322
f 1333 1326 1320 1339
f 1323 1324 1321 1337
f 1322 1324 1332 1330
f 1332 1324 1323 1331
f 1327 1328 1330 1329
f 1329 1330 1332 1331
f 1345 1344 1341 1342
f 1346 1345 1342 1343
f 1354 1347 1343 1350
f 1760 1346 1343 1763
f 1663 1662 1346 1760
f 1347 1354 1353 1813
f 1764 1763 1347 1796
f 1767 1796 1347 1813
f 1349 1366 1367 1365
f 1350 1352 1355 1354
f 1417 1352 1351 1416
f 1351 1396 1422 1416
f 1357 1355 1352 1358
f 1418 1358 1352 1417
f 1353 1354 1355 1356
f 1585 1813 1353 1584
f 1353 1356 1815 1584
f 1817 1356 1355 1357
f 1816 1815 1356 1817
f 1836 1817 1357 1837
f 1357 1358 1838 1837
f 1358 1418 1947 1946
f 1359 1360 1363 1361
f 1367 1363 1360 1365
f 1364 1362 1361 1363
f 1362 1364 3344 3343
f 1368 1364 1363 1367
f 1364 1368 3347 3344
f 1368 1367 1366 1369
f 1368 1369 3349 3347
f 1370 1372 1431 1429
f 3396 1372 1371 3395
f 3399 1431 1372 3396
f 1374 1376 1373 1388
f 1373 1376 1375 1397
f 1373 1384 1383 1388
f 1393 1384 1373 1397
f 1377 1376 1374 1378
f 1380 1378 1374 1409
f 1374 1388 1389 1409
f 1375 1376 1377 1379
f 1398 1397 1375 1399
f 1375 1379 1412 1399
f 1380 1409 1410 1415
f 1386 1385 1383 1384
f 1389 1388 1383 1390
f 1383 1385 1404 1390
f 1387 1386 1384 1393
f 1387 1393 1394 1395
f 1389 1390 1391 1392
f 1410 1409 1389 1392
f 1390 1404 1405 1391
f 1402 1392 1391 1407
f 1391 1405 1406 1407
f 1392 1402 1411 1410
f 1393 1397 1398 1394
f 1394 1398 1403 1401
f 1408 1395 1394 1401
f 1424 1422 1396 1433
f 1398 1399 1400 1403
f 1399 1412 1413 1400
f 1402 1403 1400 1411
f 1400 1413 1414 1411
f 1402 1407 1401 1403
f 1401 1407 1406 1408
f 1414 1415 1410 1411
f 1419 1417 1416 1420
f 1423 1420 1416 1422
f 1945 1418 1417 1419
f 1418 1945 1950 1947
f 1419 1420 1421 1944
f 1419 1944 1948 1945
f 1427 1421 1420 1423
f 1421 1427 1953 1954
f 1955 1944 1421 1954
f 1425 1423 1422 1424
f 1423 1425 1428 1427
f 1424 1433 1435 1438
f 1439 1425 1424 1438
f 1426 1428 1425 1439
f 1426 1439 1951 1952
f 1957 1428 1426 1959
f 1426 1952 1958 1959
f 1427 1428 1957 1953
f 1432 1430 1429 1431
f 1430 1432 1441 1434
f 3405 1441 1432 3401
f 1436 1435 1434 1437
f 1442 1437 1434 1441
f 1440 1438 1435 1436
f 1436 1946 1947 1440
f 1970 1946 1436 1437
f 1437 1442 1971 1970
f 1951 1439 1438 1440
f 1440 1947 1950 1951
f 3408 1442 1441 3405
f 3902 1971 1442 3408
f 1445 1444 1443 1446
f 1445 1446 1447 1448
f 1451 1453 1445 1448
f 1446 1454 1452 1447
f 1449 1448 1447 1450
f 1449 1450 1474 1472
f 1462 1453 1451 1485
f 1473 1479 1451 1472
f 1451 1479 1481 1485
f 1452 1454 1463 1486
f 1489 1480 1452 1486
f 1464 1458 1455 1462
f 1456 1459 1465 1463
f 1457 1460 1518 1517
f 1521 1461 1457 1517
f 1458 1464 1467 1519
f 1459 1461 1468 1465
f 1545 1468 1461 1521
f 1466 1464 1462 1499
f 1462 1485 1487 1499
f 1463 1465 1470 1500
f 1488 1486 1463 1500
f 1464 1466 1540 1467
f 1465 1468 1469 1470
f 1466 1499 1501 1502
f 1466 1502 1541 1540
f 1520 1519 1467 1544
f 1467 1540 1543 1544
f 1546 1469 1468 1545
f 1506 1470 1469 1507
f 1547 1507 1469 1546
f 1505 1500 1470 1506
f 1472 1474 1471 1473
f 1477 1473 1471 1478
f 1478 1476 1475 1477
f 1479 1482 1652 1481
f 1651 1483 1480 1489
f 1487 1485 1481 1484
f 1481 1652 1653 1484
f 1493 1487 1484 1654
f 1484 1653 1658 1654
f 1486 1488 1491 1490
f 1501 1499 1487 1493
f 1492 1491 1488 1494
f 1686 1651 1489 1490
f 1687 1686 1490 1491
f 1688 1687 1491 1492
f 1492 1494 1497 1689
f 1693 1688 1492 1689
f 1493 1495 1509 1501
f 1493 1654 1690 1495
f 1494 1500 1505 1497
f 1495 1496 1511 1509
f 1691 1496 1495 1690
f 1496 1498 1510 1511
f 1692 1498 1496 1691
f 1510 1498 1497 1505
f 1692 1689 1497 1498
f 1503 1502 1501 1509
f 1502 1503 1589 1541
f 1503 1509 1511 1504
f 1503 1504 1594 1589
f 1504 1511 1510 1508
f 1504 1508 1590 1594
f 1505 1506 1508 1510
f 1506 1507 1590 1508
f 1507 1547 1593 1590
f 1520 1516 1512 1519
f 1528 1514 1513 1527
f 1513 1516 1531 1527
f 1534 1518 1515 1529
f 1516 1520 1532 1531
f 1517 1518 1534 1530
f 1551 1521 1517 1530
f 1520 1544 1552 1532
f 1553 1545 1521 1551
f 1522 1528 1537 1535
f 1524 1525 1539 1536
f 1538 1529 1526 1536
f 1537 1528 1527 1533
f 1527 1531 1557 1533
f 1558 1534 1529 1538
f 1530 1534 1558 1555
f 1573 1537 1533 1575
f 1533 1557 1574 1575
f 1539 1569 1571 1630
f 1540 1541 1542 1543
f 1591 1542 1541 1589
f 1548 1543 1542 1550
f 1595 1550 1542 1591
f 1552 1544 1543 1548
f 1554 1546 1545 1553
f 1561 1547 1546 1554
f 1547 1561 1597 1593
f 1557 1552 1548 1549
f 1600 1577 1550 1595
f 1556 1553 1551 1555
f 1560 1554 1553 1556
f 1554 1560 1635 1561
f 1560 1556 1555 1558
f 1599 1597 1561 1640
f 1630 1571 1562 1628
f 1572 1564 1563 1570
f 1581 1566 1565 1580
f 1566 1581 1582 1632
f 1576 1572 1567 1573
f 1573 1575 1579 1576
f 1578 1575 1574 1577
f 1580 1579 1578 1600
f 1580 1600 1602 1601
f 1608 1581 1580 1601
f 1609 1582 1581 1608
f 1633 1632 1582 1638
f 1582 1609 1644 1638
f 1583 1773 1770 1788
f 1789 1775 1583 1788
f 1587 1586 1584 1815
f 1588 1585 1584 1586
f 1767 1813 1585 1819
f 1585 1588 1822 1819
f 1824 1588 1586 1826
f 1586 1587 1825 1826
f 1587 1815 1816 1821
f 1587 1821 1827 1825
f 1842 1822 1588 1824
f 1592 1591 1589 1594
f 1592 1594 1590 1593
f 1591 1592 1596 1595
f 1592 1593 1597 1596
f 1595 1596 1598 1600
f 1596 1597 1599 1598
f 1602 1600 1598 1603
f 1598 1599 1604 1603
f 1599 1640 1642 1604
f 1601 1602 1606 1610
f 1611 1608 1601 1610
f 1602 1603 1605 1606
f 1603 1604 1607 1605
f 1643 1607 1604 1642
f 1605 1607 1614 1613
f 1615 1606 1605 1613
f 1616 1610 1606 1615
f 1649 1614 1607 1643
f 1612 1609 1608 1611
f 1609 1612 1646 1644
f 1623 1612 1611 1616
f 1612 1623 1624 1646
f 1617 1615 1613 1625
f 1613 1614 1626 1625
f 1619 1626 1614 1649
f 1618 1616 1615 1617
f 1616 1618 1620 1623
f 1619 1649 1650 1621
f 1624 1623 1620 1622
f 1624 1622 1621 1650
f 1647 1646 1624 1650
f 1629 1631 1639 1637
f 1631 1633 1638 1639
f 1635 1636 1637 1640
f 1642 1640 1637 1641
f 1637 1639 1645 1641
f 1645 1639 1638 1644
f 1643 1642 1641 1648
f 1641 1645 1647 1648
f 1647 1645 1644 1646
f 1649 1648 1647 1650
f 1653 1657 1660 1658
f 1654 1658 1659 1690
f 1656 1672 1721 1716
f 1658 1660 1711 1712
f 1691 1690 1659 1696
f 1724 1696 1659 1712
f 1661 1662 1663 1671
f 1664 1669 1667 1698
f 1664 1665 1668 1669
f 1677 1668 1665 1673
f 1667 1669 1666 1670
f 1666 1669 1668 1676
f 1666 1676 1674 1779
f 1780 1670 1666 1779
f 1699 1698 1667 1702
f 1667 1670 1782 1702
f 1679 1676 1668 1677
f 1670 1780 1803 1782
f 1671 1675 1682 1680
f 1721 1672 1671 1680
f 1678 1677 1673 1703
f 1674 1676 1679 1681
f 1682 1675 1674 1681
f 1674 1675 1794 1779
f 1677 1678 1684 1679
f 1678 1703 1704 1705
f 1706 1684 1678 1705
f 1683 1681 1679 1684
f 1680 1682 1685 1741
f 1722 1721 1680 1741
f 1685 1682 1681 1683
f 1683 1684 1706 1806
f 1807 1685 1683 1806
f 1851 1741 1685 1807
f 1689 1692 1694 1693
f 1694 1692 1691 1696
f 1694 1696 1724 1726
f 1699 1702 1701 1700
f 1700 1701 1705 1704
f 1706 1705 1701 1802
f 1701 1702 1782 1802
f 1805 1806 1706 1802
f 1715 1708 1707 1713
f 1719 1713 1707 1716
f 1714 1709 1708 1715
f 1728 1711 1710 1727
f 1724 1712 1711 1728
f 1717 1715 1713 1718
f 1720 1718 1713 1719
f 1722 1719 1716 1721
f 2828 1729 1717 3463
f 1717 1718 3462 3463
f 1718 1720 3460 3462
f 1723 1720 1719 1722
f 1720 1723 3470 3460
f 1723 1742 3480 3470
f 1725 1726 1724 1728
f 2829 1730 1729 2828
f 1906 1902 1730 1733
f 3656 1733 1730 3659
f 1737 1732 1731 1736
f 1738 1736 1731 1753
f 1731 1746 1747 1753
f 1731 1732 1748 1746
f 1732 1737 3472 3471
f 3482 1748 1732 3471
f 1733 1734 1907 1906
f 3657 1734 1733 3656
f 1908 1907 1734 1909
f 3658 1909 1734 3657
f 1738 1753 1754 1740
f 1739 1740 1754 1755
f 1739 1755 3488 3474
f 1853 1749 1741 1851
f 1742 1744 1745 1743
f 1742 1743 3481 3480
f 1746 1748 1743 1745
f 1743 1748 3482 3481
f 1750 1745 1744 1749
f 1747 1746 1745 1750
f 1747 1750 1751 1756
f 1754 1753 1747 1756
f 1751 1750 1749 1752
f 1757 1756 1751 1758
f 1751 1752 1858 1758
f 1752 1853 1854 1858
f 1757 1755 1754 1756
f 1755 1757 3490 3488
f 1757 1758 3484 3490
f 1758 1858 3485 3484
f 1760 1763 1764 1762
f 1760 1762 1799 1794
f 1761 1762 1764 1765
f 1761 1769 1783 1781
f 1761 1765 1785 1769
f 1798 1762 1761 1781
f 1766 1765 1764 1795
f 1765 1766 1786 1785
f 1766 1768 1787 1786
f 1766 1795 1797 1768
f 1767 1819 1820 1814
f 1833 1796 1767 1814
f 1793 1787 1768 1809
f 1768 1797 1810 1809
f 1770 1771 1769 1785
f 1769 1771 1776 1783
f 1770 1773 1774 1771
f 1786 1788 1770 1785
f 1771 1774 1772 1776
f 1778 1776 1772 1777
f 1775 1789 1791 1841
f 1784 1783 1776 1778
f 1790 1778 1777 1840
f 1792 1784 1778 1790
f 1779 1794 1799 1780
f 1780 1799 1800 1803
f 1781 1783 1784 1804
f 1801 1798 1781 1804
f 1805 1802 1782 1803
f 1784 1792 1811 1804
f 1789 1788 1786 1787
f 1791 1789 1787 1793
f 1793 1792 1790 1791
f 1790 1840 1841 1791
f 1792 1793 1809 1811
f 1805 1803 1800 1808
f 1801 1804 1811 1812
f 1807 1806 1805 1808
f 1809 1810 1812 1811
f 1814 1820 1830 1834
f 1835 1833 1814 1834
f 1831 1821 1816 1818
f 1816 1817 1836 1818
f 1818 1830 1832 1831
f 1818 1836 1834 1830
f 1823 1820 1819 1822
f 1820 1823 1832 1830
f 1828 1827 1821 1831
f 1843 1823 1822 1842
f 1829 1832 1823 1843
f 1828 1831 1832 1829
f 1833 1835 1846 1852
f 1837 1835 1834 1836
f 1835 1838 1845 1846
f 1838 1946 1970 1845
f 1847 1846 1845 1848
f 1850 1848 1845 1849
f 1845 1970 1971 1849
f 1880 1852 1846 1847
f 1847 1878 1881 1880
f 1847 1848 1887 1878
f 1848 1850 1888 1887
f 3550 1850 1849 3551
f 1849 1971 3902 3551
f 3575 1888 1850 3550
f 1856 1854 1853 1855
f 3485 1858 1854 3555
f 1854 1856 3553 3555
f 1857 1856 1855 1859
f 1865 1859 1855 1862
f 1856 1857 3554 3553
f 1857 1859 1866 1867
f 1857 1867 3560 3554
f 1859 1865 1869 1866
f 1860 1861 1863 1862
f 1864 1863 1861 1882
f 1861 1880 1883 1882
f 1862 1863 1876 1865
f 1863 1864 1877 1876
f 1864 1882 3558 3556
f 3567 1877 1864 3556
f 1874 1869 1865 1876
f 1868 1867 1866 1871
f 1870 1871 1866 1869
f 1867 1868 3562 3560
f 1872 1870 1869 1874
f 1875 1873 1872 1874
f 1873 1875 3565 3564
f 1874 1876 1877 1875
f 1875 1877 3567 3565
f 1878 1879 1886 1881
f 1889 1879 1878 1887
f 1893 1886 1879 1892
f 1879 1889 1894 1892
f 1880 1881 1884 1883
f 1885 1884 1881 1886
f 1882 1883 3570 3558
f 1883 1884 3571 3570
f 1884 1885 3572 3571
f 1885 1886 1893 1891
f 1885 1891 3577 3572
f 1887 1888 1890 1889
f 3576 1890 1888 3575
f 1889 1890 1901 1894
f 3578 1901 1890 3576
f 1891 1893 1897 1895
f 1891 1895 3580 3577
f 1897 1893 1892 1898
f 1892 1894 1899 1898
f 1900 1899 1894 1901
f 1900 1901 3578 3581
f 1904 1903 1902 1906
f 1904 1906 1907 1905
f 1905 1907 1908 1911
f 1914 1910 1905 1911
f 1908 1909 1922 1921
f 3671 1922 1909 3658
f 1910 1915 1917 1916
f 1920 1918 1911 1923
f 1911 1921 1924 1923
f 1912 1916 1926 1928
f 1927 1913 1912 1928
f 1919 1915 1914 1918
f 3665 1917 1915 3663
f 1915 1919 3667 3664
f 1916 1917 1930 1926
f 3675 1930 1917 3665
f 1931 1919 1918 1920
f 1919 1931 3666 3667
f 1921 1922 1925 1924
f 3672 1925 1922 3671
f 1932 1928 1926 1935
f 1926 1930 1942 1935
f 1927 1928 1932 1933
f 1934 1929 1927 1933
f 1929 1934 3677 3674
f 3678 1942 1930 3675
f 1937 1933 1932 1936
f 1932 1935 1938 1936
f 1939 1934 1933 1937
f 1934 1939 3679 3677
f 1940 1938 1935 1942
f 1940 1942 3678 3680
f 1956 1948 1944 1955
f 1945 1948 1949 1950
f 1960 1949 1948 1956
f 1949 1952 1951 1950
f 1958 1952 1949 1960
f 1963 1954 1953 1966
f 1953 1957 1967 1966
f 1964 1955 1954 1963
f 1965 1956 1955 1964
f 1962 1960 1956 1965
f 1957 1959 1968 1967
f 1958 1960 1962 1961
f 1968 1959 1958 1961
f 1983 1974 1973 1982
f 1974 1983 1986 1985
f 1989 1990 1974 1985
f 1975 1978 1976 1979
f 1980 1978 1975 1981
f 1987 1981 1975 1984
f 1975 1979 1993 1984
f 1976 1977 1994 1979
f 1979 1994 1995 1993
f 1983 1982 1980 1981
f 1986 1983 1981 1987
f 1998 1988 1984 1993
f 2011 1987 1984 1988
f 1992 1989 1985 2012
f 1985 1986 2010 2012
f 1986 1987 2011 2010
f 2016 2011 1988 2014
f 1988 2006 2017 2014
f 2021 2020 1989 1992
f 1992 2012 2013 2025
f 2030 2021 1992 2025
f 1993 1995 1997 1998
f 1995 1996 1999 1997
f 2006 1998 1997 2001
f 2007 2006 2001 2002
f 2001 2023 2024 2002
f 2002 2005 2008 2007
f 2008 2005 2003 2009
f 2003 2004 2074 2009
f 2006 2007 2018 2017
f 2007 2008 2019 2018
f 2008 2009 2079 2019
f 2009 2074 2076 2079
f 2013 2012 2010 2015
f 2010 2011 2016 2015
f 2013 2015 2027 2026
f 2029 2016 2014 2028
f 2014 2017 2035 2028
f 2015 2016 2029 2027
f 2017 2018 2036 2035
f 2018 2019 2037 2036
f 2088 2037 2019 2079
f 2057 2022 2021 2030
f 2045 2041 2022 2057
f 2025 2026 2031 2030
f 2026 2027 2032 2031
f 2027 2029 2033 2032
f 2033 2029 2028 2034
f 2038 2034 2028 2035
f 2030 2031 2058 2057
f 2031 2032 2059 2058
f 2032 2033 2061 2059
f 2033 2034 2060 2061
f 2034 2038 2062 2060
f 2035 2036 2039 2038
f 2036 2037 2040 2039
f 2091 2040 2037 2088
f 2038 2039 2063 2062
f 2039 2040 2064 2063
f 2109 2064 2040 2091
f 2046 2044 2041 2045
f 2042 2043 2047 2048
f 2053 2049 2042 2048
f 2043 2044 2046 2047
f 2045 2058 2059 2046
f 2046 2059 2061 2047
f 2047 2061 2060 2048
f 2048 2060 2062 2053
f 2054 2050 2049 2053
f 2055 2051 2050 2054
f 2056 2052 2051 2055
f 2053 2062 2063 2054
f 2054 2063 2064 2055
f 2055 2064 2109 2056
f 2098 2108 2056 2109
f 2067 2066 2065 2118
f 2065 2097 2104 2118
f 2066 2067 4248 4154
f 2067 2118 2119 2068
f 2067 2068 4249 4248
f 2155 2069 2068 2119
f 2068 2069 4293 4249
f 2156 2070 2069 2155
f 2069 2070 4294 4293
f 2157 2071 2070 2156
f 2070 2071 4295 4294
f 2071 2157 2188 2190
f 2071 2190 4341 4295
f 2078 2073 2072 2077
f 2072 2075 2080 2077
f 2076 2074 2073 2078
f 2088 2079 2076 2090
f 2076 2078 2089 2090
f 2077 2080 2081 2082
f 2089 2078 2077 2082
f 2080 2083 2085 2081
f 2100 2082 2081 2099
f 2081 2085 2101 2099
f 2110 2089 2082 2100
f 2083 2084 2086 2085
f 2087 2086 2084 2092
f 2086 2087 2113 2101
f 2087 2092 2093 2115
f 2088 2090 2111 2091
f 2111 2090 2089 2110
f 2098 2109 2091 2111
f 2116 2115 2093 2120
f 2103 2096 2094 2102
f 2094 2095 2105 2102
f 2106 2105 2095 2107
f 2104 2097 2096 2103
f 2107 2108 2098 2106
f 2098 2111 2110 2106
f 2099 2101 2103 2102
f 2105 2100 2099 2102
f 2100 2105 2106 2110
f 2104 2103 2101 2113
f 2119 2118 2104 2112
f 2112 2114 2116 2117
f 2112 2117 2151 2150
f 2155 2119 2112 2150
f 2116 2114 2113 2115
f 2116 2120 2121 2117
f 2117 2123 2161 2151
f 2122 2124 2126 2125
f 2122 2125 2134 2132
f 2123 2132 2162 2161
f 2125 2127 2130 2136
f 2135 2134 2125 2136
f 2129 2127 2126 2128
f 2127 2129 2131 2130
f 4275 2129 2128 4274
f 4276 2131 2129 4275
f 2137 2136 2130 2138
f 2130 2131 2139 2138
f 4282 2139 2131 4276
f 2132 2141 2133 2163
f 2132 2134 2140 2141
f 2166 2163 2133 2168
f 2133 2141 4279 4304
f 4307 2168 2133 4304
f 2134 2135 2142 2140
f 2135 2136 2137 2144
f 2143 2142 2135 2144
f 2146 2144 2137 2145
f 2137 2138 2148 2145
f 2138 2139 2149 2148
f 4288 2149 2139 4282
f 4279 2141 2140 4281
f 2140 2142 4280 4281
f 2142 2143 4285 4280
f 2143 2144 2146 2147
f 2143 2147 4286 4285
f 2150 2151 2153 2152
f 2156 2155 2150 2152
f 2159 2153 2151 2161
f 2152 2153 2154 2158
f 2157 2156 2152 2158
f 2160 2154 2153 2159
f 2189 2158 2154 2191
f 2154 2160 2192 2191
f 2157 2158 2189 2188
f 2159 2161 2162 2171
f 2180 2160 2159 2171
f 2160 2180 2201 2192
f 2162 2163 2166 2165
f 2173 2171 2164 2172
f 2175 2172 2164 2174
f 2164 2165 2176 2174
f 2165 2166 2167 2176
f 2166 2168 2170 2167
f 2178 2176 2167 2186
f 2167 2170 2187 2186
f 4308 2170 2168 4307
f 4318 2187 2170 4308
f 2171 2173 2181 2180
f 4311 2173 2172 4306
f 2172 2175 4312 4306
f 4317 2181 2173 4311
f 2174 2176 2178 2177
f 2179 2175 2174 2177
f 2175 2179 4314 4312
f 2180 2181 2182 2183
f 2180 2183 2202 2201
f 4316 2182 2181 4317
f 2197 2183 2182 2184
f 4348 2184 2182 4316
f 2199 2197 2184 2198
f 4349 2198 2184 4348
f 2193 2190 2188 2194
f 2188 2189 2196 2194
f 2189 2191 2195 2196
f 2190 2193 4345 4341
f 2191 2192 2212 2195
f 2192 2201 2216 2212
f 2193 2194 2235 2231
f 2193 2231 4365 4345
f 2194 2196 2232 2235
f 2195 2212 2218 2233
f 2232 2196 2195 2233
f 2197 2199 2204 2202
f 2199 2200 2207 2209
f 2208 2204 2199 2209
f 4354 2207 2200 4349
f 2201 2202 2203 2206
f 2205 2203 2202 2204
f 4350 2206 2203 4352
f 2203 2205 4351 4352
f 2210 2205 2204 2208
f 2205 2210 4353 4351
f 2212 2216 2222 2218
f 2217 2216 2214 2215
f 4356 2215 2214 4355
f 2219 2217 2215 2220
f 4359 2220 2215 4356
f 2216 2217 2223 2222
f 2217 2219 2225 2223
f 2253 2233 2218 2256
f 2219 2220 2221 2227
f 2228 2225 2219 2227
f 4363 2221 2220 4359
f 2222 2223 2224 2254
f 2226 2224 2223 2225
f 2224 2226 4361 4360
f 4362 2254 2224 4360
f 2230 2226 2225 2228
f 2226 2230 4364 4361
f 2231 2235 2237 2236
f 2231 2236 4369 4365
f 2237 2235 2232 2234
f 2232 2233 2253 2234
f 2234 2253 2259 2260
f 2261 2237 2234 2260
f 2236 2237 2261 2262
f 2236 2262 4375 4369
f 2238 2240 2239 2241
f 2238 2241 2242 2244
f 2248 2240 2238 2250
f 2238 2244 2249 2250
f 2239 2240 2266 2265
f 2240 2248 2267 2266
f 2245 2244 2242 2243
f 2246 2245 2243 2247
f 2244 2245 2251 2249
f 2245 2246 2252 2251
f 2246 2247 2300 2303
f 2304 2252 2246 2303
f 2253 2256 2257 2259
f 2257 2256 2255 2258
f 4372 2258 2255 4370
f 2268 2259 2257 2269
f 2257 2258 2270 2269
f 4377 2270 2258 4372
f 2275 2260 2259 2268
f 2263 2261 2260 2275
f 2264 2262 2261 2263
f 2262 2264 4376 4375
f 2276 2264 2263 2279
f 2263 2275 2277 2279
f 2264 2276 4383 4376
f 2265 2266 2272 2271
f 2266 2267 2278 2272
f 2268 2269 2273 2271
f 2268 2271 2277 2275
f 2269 2270 2274 2273
f 4379 2274 2270 4377
f 2301 2300 2271 2308
f 2271 2273 2309 2308
f 2279 2277 2272 2278
f 2273 2274 2310 2309
f 4416 2310 2274 4379
f 2276 2279 2280 2281
f 2276 2281 4384 4383
f 2278 2304 2305 2314
f 2282 2284 2285 2306
f 2291 2284 2282 2311
f 2302 2301 2282 2306
f 2282 2301 2308 2311
f 2291 2311 2283 2292
f 4408 2292 2283 4418
f 2288 2285 2284 2287
f 2290 2287 2284 2291
f 2289 2286 2285 2288
f 2307 2306 2285 2286
f 2286 2289 2299 2312
f 2313 2307 2286 2312
f 2295 2288 2287 2294
f 2287 2290 2297 2294
f 2296 2289 2288 2295
f 2289 2296 2298 2299
f 4409 4405 2290 4408
f 4413 2297 2290 4405
f 4407 2299 2298 4415
f 4411 2312 2299 4407
f 2302 2303 2300 2301
f 2304 2303 2302 2305
f 2302 2306 2307 2305
f 2313 2314 2305 2307
f 4426 2313 2312 4411
f 4424 2314 2313 4426
f 2564 2562 2315 2575
f 2315 2316 2826 2575
f 2316 2647 2649 2826
f 2317 2319 2321 2322
f 2317 2322 2323 2325
f 2324 2320 2317 2325
f 2438 2319 2317 2320
f 2349 2361 2318 2438
f 2355 2321 2318 2361
f 2320 2324 2437 2436
f 2320 2436 2439 2438
f 2321 2355 2358 2362
f 2388 2322 2321 2362
f 2389 2323 2322 2388
f 2328 2325 2323 2329
f 2449 2329 2323 2389
f 2324 2325 2328 2327
f 2326 2327 2336 2335
f 2327 2328 2337 2336
f 2329 2331 2341 2340
f 2455 2331 2329 2449
f 2334 2332 2330 2333
f 2341 2331 2330 2342
f 2330 2332 2343 2342
f 2330 2331 2455 2333
f 2344 2343 2332 2576
f 2332 2334 2565 2576
f 2453 2454 2333 2455
f 2599 2334 2333 2454
f 2600 2565 2334 2599
f 2335 2336 2338 2461
f 2336 2337 2339 2338
f 2463 2461 2338 2464
f 2338 2339 2465 2464
f 2339 2340 2466 2465
f 2340 2341 2475 2466
f 2341 2342 2668 2475
f 2342 2343 2669 2668
f 2343 2344 2878 2669
f 2344 2576 2577 2581
f 2344 2581 2879 2878
f 2345 2346 2353 2352
f 2364 2346 2345 2363
f 2354 2353 2346 2356
f 2357 2356 2346 2364
f 2350 2348 2347 2349
f 2361 2349 2347 2352
f 2348 2350 2366 2351
f 2349 2438 2439 2350
f 2368 2366 2350 2439
f 2367 2363 2351 2366
f 2355 2361 2352 2353
f 2358 2355 2353 2354
f 2354 2356 2359 2358
f 2356 2357 2360 2359
f 2357 2364 2365 2360
f 2390 2362 2358 2359
f 2359 2360 2393 2390
f 2360 2365 2369 2393
f 2391 2388 2362 2390
f 2365 2364 2363 2367
f 2365 2367 2372 2369
f 2372 2367 2366 2368
f 2368 2439 2436 2443
f 2373 2370 2369 2372
f 2394 2393 2369 2370
f 2370 2373 2374 2380
f 2370 2380 2395 2394
f 2383 2382 2371 2402
f 2371 2382 2409 2407
f 2373 2375 2376 2374
f 2374 2376 2377 2378
f 2381 2380 2374 2378
f 2444 2376 2375 2443
f 2446 2377 2376 2444
f 2379 2378 2377 2386
f 2378 2379 2387 2381
f 2379 2386 2382 2383
f 2379 2383 2384 2387
f 2380 2381 2397 2396
f 2380 2396 2457 2456
f 2381 2387 2398 2397
f 2382 2386 2447 2409
f 2383 2402 2403 2384
f 2398 2387 2384 2385
f 2404 2385 2384 2403
f 2385 2404 2405 2415
f 2432 2398 2385 2415
f 2386 2446 2441 2447
f 2392 2389 2388 2391
f 2389 2392 2451 2449
f 2390 2393 2394 2391
f 2391 2394 2395 2392
f 2396 2397 2399 2400
f 2396 2400 2458 2457
f 2397 2398 2432 2399
f 2399 2432 2433 2434
f 2435 2400 2399 2434
f 2400 2435 2522 2458
f 2403 2402 2401 2406
f 2413 2406 2401 2411
f 2405 2404 2403 2406
f 2405 2406 2413 2412
f 2416 2415 2405 2412
f 2410 2408 2407 2409
f 2408 2410 2418 2411
f 2478 2410 2409 2447
f 2482 2418 2410 2478
f 2414 2413 2411 2418
f 2412 2413 2414 2416
f 2433 2416 2414 2417
f 2414 2418 2482 2417
f 2415 2416 2433 2432
f 2434 2433 2417 2419
f 2483 2419 2417 2482
f 2435 2434 2419 2490
f 2419 2483 2484 2490
f 2420 2421 2423 2497
f 2420 2497 2499 2498
f 2424 2423 2421 2426
f 2421 2422 2427 2426
f 2428 2427 2422 2503
f 2489 2497 2423 2488
f 2423 2424 2491 2488
f 2424 2426 2429 2425
f 2424 2425 2505 2491
f 2425 2429 2430 2510
f 2531 2505 2425 2510
f 2426 2427 2430 2429
f 2427 2428 2431 2430
f 2428 2503 2507 2508
f 2509 2431 2428 2508
f 2509 2510 2430 2431
f 2435 2490 2525 2522
f 2436 2437 2445 2443
f 2442 2445 2440 2448
f 2467 2448 2440 2462
f 2441 2446 2445 2442
f 2441 2442 2477 2480
f 2478 2447 2441 2480
f 2442 2448 2494 2477
f 2448 2467 2468 2494
f 2449 2451 2453 2455
f 2453 2451 2450 2452
f 2452 2458 2459 2453
f 2460 2454 2453 2459
f 2454 2460 2604 2599
f 2528 2459 2458 2523
f 2529 2460 2459 2528
f 2460 2529 2616 2604
f 2462 2463 2469 2467
f 2463 2464 2471 2469
f 2464 2465 2472 2471
f 2465 2466 2473 2472
f 2476 2473 2466 2475
f 2470 2468 2467 2469
f 2537 2494 2468 2538
f 2474 2470 2469 2471
f 2470 2474 2541 2538
f 2471 2472 2539 2474
f 2472 2473 2540 2539
f 2473 2476 2550 2540
f 2474 2539 2542 2541
f 2670 2476 2475 2668
f 2672 2550 2476 2670
f 2483 2482 2478 2479
f 2479 2480 2481 2485
f 2484 2483 2479 2485
f 2486 2485 2481 2493
f 2484 2485 2486 2487
f 2492 2490 2484 2487
f 2488 2487 2486 2489
f 2487 2488 2491 2492
f 2499 2497 2489 2500
f 2489 2493 2501 2500
f 2490 2524 2526 2525
f 2490 2492 2530 2524
f 2530 2492 2491 2505
f 2498 2499 2504 2502
f 2499 2500 2514 2504
f 2500 2501 2515 2514
f 2507 2503 2502 2504
f 2517 2507 2504 2514
f 2532 2530 2505 2531
f 2506 2509 2508 2511
f 2510 2509 2506 2531
f 2506 2511 2512 2534
f 2532 2531 2506 2534
f 2511 2508 2507 2517
f 2518 2512 2511 2517
f 2512 2518 2519 2520
f 2535 2534 2512 2520
f 2516 2515 2513 2521
f 2513 2537 2544 2521
f 2518 2517 2514 2516
f 2519 2518 2516 2521
f 2519 2521 2544 2545
f 2546 2520 2519 2545
f 2536 2535 2520 2546
f 2523 2526 2527 2528
f 2527 2526 2524 2533
f 2524 2530 2532 2533
f 2527 2533 2535 2536
f 2547 2528 2527 2536
f 2549 2529 2528 2547
f 2529 2549 2623 2616
f 2532 2534 2535 2533
f 2537 2538 2541 2544
f 2539 2540 2543 2542
f 2548 2543 2540 2550
f 2541 2542 2545 2544
f 2546 2545 2542 2543
f 2547 2546 2543 2548
f 2547 2548 2551 2549
f 2548 2550 2672 2551
f 2549 2551 2625 2623
f 2673 2625 2551 2672
f 2554 2553 2552 2569
f 2552 2561 2563 2569
f 2553 2554 2559 2555
f 2554 2569 2570 2572
f 2584 2559 2554 2572
f 2560 2556 2555 2559
f 2588 2557 2556 2560
f 3286 2558 2557 2588
f 3288 3284 2558 3286
f 2586 2560 2559 2584
f 2560 2586 2589 2588
f 2561 2562 2564 2563
f 2563 2564 2567 2574
f 2570 2569 2563 2574
f 2564 2575 2580 2567
f 2577 2576 2565 2566
f 2601 2566 2565 2600
f 2566 2568 2579 2577
f 2603 2568 2566 2601
f 2578 2568 2567 2580
f 2567 2568 2603 2602
f 2608 2574 2567 2602
f 2573 2572 2570 2571
f 2570 2574 2608 2571
f 2571 2608 2610 2609
f 2611 2573 2571 2609
f 2572 2573 2585 2584
f 2633 2585 2573 2611
f 2583 2580 2575 2826
f 2582 2581 2577 2579
f 2578 2580 2583 2582
f 2581 2582 2880 2879
f 2582 2583 2881 2880
f 2584 2585 2587 2586
f 2634 2587 2585 2633
f 2586 2587 2591 2590
f 2592 2589 2586 2590
f 2639 2591 2587 2634
f 2588 2589 3296 3286
f 2590 2591 2593 2594
f 2640 2593 2591 2639
f 2592 2594 3321 3296
f 2595 2594 2593 2596
f 2643 2596 2593 2640
f 2595 2596 2598 2597
f 2595 2597 3324 3321
f 2644 2598 2596 2643
f 2597 2598 2832 2831
f 2598 2644 2838 2832
f 2605 2600 2599 2604
f 2606 2601 2600 2605
f 2607 2603 2601 2606
f 2602 2603 2607 2613
f 2610 2608 2602 2613
f 2617 2605 2604 2616
f 2618 2606 2605 2617
f 2619 2607 2606 2618
f 2614 2613 2607 2619
f 2609 2610 2615 2612
f 2635 2611 2609 2612
f 2610 2613 2614 2615
f 2636 2633 2611 2635
f 2612 2615 2629 2620
f 2612 2620 2637 2635
f 2614 2619 2628 2627
f 2629 2615 2614 2627
f 2624 2617 2616 2623
f 2621 2618 2617 2624
f 2628 2619 2618 2621
f 2620 2629 2632 2645
f 2646 2637 2620 2645
f 2621 2624 2626 2622
f 2621 2622 2631 2628
f 2622 2626 2898 2899
f 2900 2631 2622 2899
f 2626 2624 2623 2625
f 2898 2626 2625 2673
f 2627 2628 2631 2630
f 2632 2629 2627 2630
f 2890 2632 2630 2889
f 2630 2631 2900 2889
f 2902 2645 2632 2890
f 2639 2634 2633 2636
f 2638 2636 2635 2637
f 2640 2639 2636 2638
f 2641 2638 2637 2646
f 2643 2640 2638 2641
f 2644 2643 2641 2642
f 2641 2646 2903 2642
f 2838 2644 2642 2904
f 2642 2903 2901 2904
f 2903 2646 2645 2902
f 2647 2648 2650 2649
f 2653 2650 2648 2651
f 2884 2826 2649 2891
f 2649 2650 2892 2891
f 2650 2653 2865 2863
f 2865 2653 2652 2866
f 4255 2866 2652 4154
f 2667 2734 2654 2867
f 2676 2675 2654 2734
f 2654 2675 2862 2864
f 2654 2864 2868 2867
f 2657 2656 2655 2660
f 2662 2660 2655 2661
f 2655 2659 2663 2661
f 2655 2656 2704 2659
f 2656 2657 2658 2703
f 2656 2703 2705 2704
f 2657 2660 2701 2702
f 2708 2658 2657 2702
f 2683 2685 2658 2708
f 2686 2703 2658 2685
f 2659 2704 2706 2738
f 2737 2663 2659 2738
f 2661 2663 4157 4156
f 4158 2662 2661 4156
f 4155 2701 2662 4158
f 2663 2737 4167 4157
f 2750 2748 2664 4168
f 4164 4168 2664 4252
f 2664 2666 4251 4252
f 2736 2667 2665 2749
f 2665 2666 2748 2749
f 2665 2667 2867 4253
f 4251 2666 2665 4254
f 2735 2734 2667 2736
f 2668 2669 2671 2670
f 2883 2671 2669 2878
f 2673 2672 2670 2671
f 2898 2673 2671 2883
f 2674 2675 2676 2677
f 2674 2677 2678 2924
f 2862 2675 2674 2923
f 2893 2923 2674 2924
f 2676 2734 2735 2677
f 2751 2678 2677 2735
f 2678 2751 2817 2762
f 2926 2924 2678 2762
f 2679 2685 2683 2680
f 2686 2685 2679 2688
f 2684 2682 2680 2683
f 2689 2688 2681 2691
f 2693 2691 2681 2692
f 2682 2684 2712 2692
f 2683 2708 2709 2684
f 2684 2709 2717 2712
f 2686 2688 2689 2687
f 2705 2703 2686 2687
f 2687 2689 2690 2697
f 2687 2697 2707 2705
f 2689 2691 2694 2690
f 2698 2697 2690 2694
f 2691 2693 2695 2694
f 2696 2693 2692 2712
f 2699 2695 2693 2696
f 2694 2695 2700 2698
f 2710 2699 2696 2722
f 2696 2712 2717 2722
f 2697 2698 2733 2707
f 2698 2700 2710 2733
f 2711 2702 2701 2714
f 4179 2714 2701 4155
f 2709 2708 2702 2711
f 2704 2705 2707 2706
f 2706 2707 2733 2742
f 2741 2738 2706 2742
f 2709 2711 2719 2716
f 2710 2722 2723 2743
f 2742 2733 2710 2743
f 2711 2714 2725 2719
f 2713 2727 2728 2729
f 2731 2727 2713 2769
f 2713 2729 2763 2767
f 2713 2767 2768 2769
f 2715 2725 2714 4180
f 2714 4179 4181 4180
f 2728 2725 2715 2732
f 2781 2732 2715 4201
f 2715 4180 4200 4201
f 2720 2718 2716 2719
f 2723 2722 2717 2718
f 2718 2720 2724 2723
f 2726 2720 2719 2721
f 2728 2721 2719 2725
f 2730 2724 2720 2726
f 2727 2726 2721 2728
f 2744 2743 2723 2724
f 2745 2744 2724 2753
f 2724 2730 2756 2754
f 2726 2727 2731 2730
f 2779 2729 2728 2732
f 2765 2763 2729 2779
f 2730 2731 2755 2756
f 2731 2769 2770 2755
f 2780 2779 2732 2781
f 2735 2736 2752 2751
f 2736 2749 2760 2752
f 2737 2738 2741 2739
f 2737 2739 2746 4167
f 2744 2745 2739 2741
f 2761 2750 2740 2758
f 4165 2747 2740 4166
f 4168 4166 2740 2750
f 2740 2747 4182 2758
f 2741 2742 2743 2744
f 4165 4167 2746 2747
f 4182 2747 2746 4183
f 2760 2749 2748 2759
f 2748 2750 2761 2759
f 2751 2752 2933 2817
f 2752 2760 2825 2933
f 2753 2757 2821 4183
f 2754 2756 2818 2822
f 2821 2757 2754 2822
f 2755 2770 2778 2819
f 2818 2756 2755 2819
f 2758 4182 4223 4228
f 4226 2761 2758 4228
f 2825 2760 2759 4227
f 2759 2761 4226 4227
f 2762 2817 2928 2926
f 2768 2767 2764 2771
f 2776 2771 2764 2775
f 2765 2779 2780 2766
f 2783 2775 2766 2780
f 2770 2769 2768 2772
f 2768 2771 2773 2772
f 2770 2772 2773 2778
f 2774 2773 2771 2776
f 2777 2778 2773 2774
f 2774 2776 2782 2777
f 2782 2776 2775 2783
f 2777 2782 2791 2820
f 2819 2778 2777 2820
f 2780 2781 2784 2783
f 2786 2784 2781 2785
f 2781 4201 2788 2785
f 2782 2783 2784 2791
f 2784 2786 2792 2791
f 2787 2786 2785 2788
f 2786 2787 2793 2792
f 2787 2788 2789 2799
f 2801 2793 2787 2799
f 2790 2789 2788 4202
f 2788 4201 4200 4202
f 2800 2799 2789 2790
f 2797 2794 2790 4204
f 2790 2794 2798 2800
f 2790 4202 4205 4204
f 2823 2820 2791 2792
f 2792 2793 2824 2823
f 2793 2801 2803 4233
f 4221 2824 2793 4224
f 2796 2795 2794 2797
f 2794 2795 2806 2798
f 2796 2797 4206 2949
f 2797 4204 4212 4206
f 2802 2800 2798 2805
f 2807 2805 2798 2806
f 2799 2800 2802 2801
f 2801 2802 2804 2803
f 2802 2805 2814 2804
f 2803 2804 4207 4235
f 4234 4233 2803 4235
f 2804 2814 2815 4207
f 2805 2807 2809 2814
f 2808 2807 2806 2948
f 2807 2808 2810 2809
f 2811 2810 2808 2951
f 2808 2948 2950 2951
f 2815 2814 2809 2810
f 2810 2811 2816 2815
f 2811 2951 2813 2816
f 2949 4206 2812 2950
f 2812 2813 2951 2950
f 4209 2813 2812 4214
f 2812 4206 4212 4214
f 4208 2816 2813 4209
f 4208 4207 2815 2816
f 2932 2928 2817 2933
f 2818 2819 2820 2823
f 2824 2822 2818 2823
f 2821 2822 2824 4221
f 4222 4183 2821 4221
f 4332 2933 2825 4333
f 2825 4227 4334 4333
f 2827 2832 2835 2833
f 3324 2831 2827 3461
f 2827 3463 3462 3461
f 3464 3463 2827 2833
f 2830 2829 2828 3475
f 2828 3463 3464 3475
f 2829 2830 2869 3659
f 2830 3475 3476 3478
f 3538 2853 2830 3478
f 2836 2834 2833 2835
f 2833 2834 3465 3464
f 2834 2836 2837 3493
f 3466 3465 2834 3493
f 2843 2836 2835 2839
f 2844 2837 2836 2843
f 3495 3493 2837 3496
f 2837 2844 3499 3496
f 2848 2846 2838 2847
f 2849 2842 2839 2846
f 2848 2847 2840 2841
f 2840 2847 2856 2857
f 2905 2850 2841 2851
f 2842 2849 2906 3497
f 3499 2844 2842 3497
f 2858 2845 2843 2857
f 2845 2858 3543 3498
f 2846 2848 2850 2849
f 2847 2904 2909 2856
f 2849 2850 2905 2906
f 2851 3498 3698 3690
f 2853 3538 2852 2854
f 2859 2854 2852 2860
f 2852 3538 3540 3542
f 3544 2860 2852 3542
f 2853 2854 2855 2869
f 2861 2855 2854 2859
f 2873 2869 2855 2874
f 2855 2861 2940 2874
f 2859 2857 2856 2861
f 2940 2861 2856 2909
f 2860 2858 2857 2859
f 2858 2860 3544 3543
f 2862 2863 2865 2864
f 2892 2863 2862 2923
f 2864 2865 2866 2868
f 4250 2868 2866 4255
f 2867 2868 4250 4253
f 3662 3659 2869 2873
f 3665 3663 2870 3669
f 2870 2871 3670 3669
f 3662 2872 2871 3660
f 2873 2875 2872 3662
f 2872 2875 4277 4274
f 2873 2874 2876 2875
f 2875 2876 2877 4277
f 2876 2940 2939 2941
f 2943 2877 2876 2941
f 2877 2943 4290 4289
f 4291 4277 2877 4289
f 2878 2879 2882 2883
f 2879 2880 2887 2882
f 2880 2881 2888 2887
f 2881 2884 2885 2888
f 2882 2899 2898 2883
f 2900 2899 2882 2887
f 2895 2886 2884 2891
f 2889 2888 2885 2890
f 2902 2890 2885 2886
f 2903 2902 2886 2901
f 2886 2895 2908 2901
f 2889 2900 2887 2888
f 2891 2892 2896 2895
f 2893 2894 2892 2923
f 2892 2894 2897 2896
f 2893 2924 2926 2927
f 2930 2894 2893 2927
f 2925 2897 2894 2930
f 2895 2896 2910 2908
f 2909 2904 2901 2908
f 3683 2906 2905 3684
f 2907 2912 2911 3694
f 2907 3694 3693 3695
f 3727 2912 2907 3725
f 2940 2909 2908 2910
f 2910 2925 2946 2938
f 2911 2912 2918 2917
f 3724 3694 2911 3726
f 2916 2914 2913 2915
f 2913 2917 2918 2915
f 2914 2916 2920 2919
f 2919 2920 2922 2921
f 3730 3726 2919 2921
f 2920 3727 3731 2922
f 2921 2922 3925 3924
f 2925 2930 2931 2946
f 2929 2927 2926 2928
f 2927 2929 2931 2930
f 2937 2929 2928 2932
f 2934 2931 2929 2937
f 2947 2946 2931 2934
f 2935 2937 2932 4335
f 2932 2933 4332 4335
f 2934 2937 2935 2936
f 2934 2936 2945 2947
f 2935 4335 4322 4326
f 4327 2936 2935 4326
f 4340 2945 2936 4327
f 2941 2939 2938 2942
f 2938 2946 2947 2942
f 2941 2942 2944 2943
f 2942 2947 2945 2944
f 2943 2944 4339 4290
f 2944 2945 4340 4339
f 2954 2953 2952 2955
f 2952 2953 3980 3981
f 4071 3982 2953 4064
f 2954 2955 2970 2969
f 2976 2970 2955 4065
f 2961 2964 2956 2966
f 2956 2964 2963 2965
f 2956 2965 2971 2972
f 2978 2966 2956 2976
f 2965 2963 2957 2959
f 2957 2958 2980 2959
f 2958 2967 2981 2980
f 2977 2965 2959 2974
f 2982 2974 2959 2980
f 2961 2966 2968 2962
f 2981 2967 2962 2968
f 2979 2968 2966 2978
f 2975 2973 2968 2979
f 2969 2970 2972 2971
f 2984 2981 2973 2975
f 4064 2977 2974 4068
f 2974 2982 4070 4068
f 2975 2979 4067 4069
f 4104 2984 2975 4069
f 2976 4065 4066 2978
f 4067 2979 2978 4066
f 2980 2981 2984 2983
f 2982 2983 4103 4070
f 2983 2984 4104 4103
f 2985 2986 2988 2987
f 2999 2990 2987 2998
f 2987 2988 3004 2998
f 2988 2991 2996 3004
f 2989 2990 2999 3000
f 2989 3000 3074 3067
f 2992 2993 3008 3005
f 3028 2995 2992 3005
f 2993 2994 3024 3008
f 2994 3014 3025 3024
f 3033 3022 2995 3028
f 3007 3004 2996 3011
f 2996 2997 3010 3011
f 3029 3010 2997 3020
f 2998 3004 3007 3006
f 3012 2999 2998 3006
f 3013 3000 2999 3012
f 3000 3001 3075 3074
f 3001 3002 3078 3075
f 3082 3002 3001 3003
f 3080 3078 3002 3079
f 3081 3079 3002 3082
f 3003 3013 3040 3202
f 3094 3082 3003 3202
f 3032 3028 3005 3046
f 3005 3008 3044 3046
f 3006 3007 3009 3038
f 3039 3012 3006 3038
f 3007 3011 3031 3009
f 3008 3024 3043 3044
f 3009 3031 3026 3041
f 3042 3038 3009 3041
f 3031 3011 3010 3029
f 3040 3013 3012 3039
f 3014 3015 3017 3025
f 3015 3016 3018 3017
f 3019 3018 3016 3285
f 3027 3025 3017 3018
f 3018 3019 3054 3027
f 3019 3285 3287 3295
f 3298 3054 3019 3295
f 3020 3021 3030 3029
f 3021 3023 3034 3030
f 3022 3033 3291 3290
f 3035 3034 3023 3161
f 3024 3025 3027 3043
f 3026 3031 3029 3030
f 3026 3030 3036 3047
f 3045 3041 3026 3047
f 3053 3043 3027 3054
f 3032 3046 3057 3055
f 3034 3035 3037 3036
f 3300 3037 3035 3345
f 3035 3161 3343 3345
f 3059 3047 3036 3037
f 3303 3059 3037 3300
f 3048 3039 3038 3042
f 3049 3040 3039 3048
f 3203 3202 3040 3205
f 3040 3049 3210 3205
f 3050 3042 3041 3045
f 3051 3048 3042 3050
f 3056 3044 3043 3053
f 3057 3046 3044 3056
f 3045 3047 3059 3058
f 3061 3050 3045 3058
f 3052 3049 3048 3051
f 3049 3052 3217 3210
f 3062 3051 3050 3061
f 3242 3052 3051 3062
f 3244 3217 3052 3242
f 3063 3056 3053 3299
f 3053 3054 3298 3299
f 3055 3057 3060 3304
f 3301 3291 3055 3304
f 3060 3057 3056 3063
f 3065 3061 3058 3064
f 3058 3059 3303 3064
f 3060 3063 3306 3307
f 3311 3304 3060 3307
f 3066 3062 3061 3065
f 3062 3066 3246 3242
f 3063 3299 3314 3306
f 3064 3303 3305 3309
f 3312 3065 3064 3309
f 3355 3066 3065 3312
f 3357 3246 3066 3355
f 3076 3068 3067 3074
f 3107 3071 3068 3076
f 3073 3070 3069 3153
f 3069 3072 3087 3153
f 3070 3073 3125 3124
f 3087 3072 3071 3107
f 3073 3153 3154 3156
f 3178 3125 3073 3156
f 3074 3075 3111 3077
f 3075 3083 3099 3111
f 3076 3077 3110 3107
f 3078 3080 3084 3083
f 3086 3080 3079 3085
f 3079 3081 3089 3085
f 3090 3084 3080 3086
f 3091 3089 3081 3093
f 3081 3082 3094 3093
f 3083 3084 3098 3099
f 3084 3090 3096 3098
f 3086 3089 3091 3090
f 3087 3107 3114 3106
f 3150 3153 3088 3163
f 3169 3163 3088 3171
f 3088 3106 3172 3171
f 3090 3091 3092 3096
f 3091 3093 3095 3092
f 3097 3096 3092 3105
f 3092 3095 3100 3105
f 3093 3094 3101 3095
f 3094 3202 3203 3101
f 3103 3100 3095 3101
f 3102 3098 3096 3097
f 3097 3105 3100 3102
f 3104 3099 3098 3102
f 3112 3111 3099 3104
f 3104 3102 3100 3103
f 3204 3103 3101 3203
f 3112 3104 3103 3204
f 3106 3114 3207 3172
f 3107 3110 3113 3114
f 3116 3109 3108 3115
f 3108 3155 3149 3165
f 3108 3109 3157 3155
f 3170 3115 3108 3165
f 3176 3157 3109 3179
f 3109 3116 3185 3179
f 3110 3111 3112 3113
f 3112 3204 3206 3113
f 3207 3114 3113 3206
f 3115 3170 3212 3225
f 3226 3116 3115 3225
f 3250 3185 3116 3226
f 3119 3122 3117 3126
f 3128 3126 3117 3129
f 3118 3122 3119 3120
f 3118 3120 3121 3123
f 3119 3126 3128 3127
f 3133 3120 3119 3127
f 3131 3121 3120 3133
f 3132 3123 3121 3131
f 3124 3125 3137 3130
f 3180 3137 3125 3178
f 3135 3133 3127 3143
f 3127 3128 3136 3143
f 3128 3129 3138 3136
f 3130 3137 3140 3193
f 3131 3133 3135 3134
f 3177 3132 3131 3134
f 3134 3135 3145 3195
f 3194 3177 3134 3195
f 3135 3143 3144 3145
f 3136 3138 3141 3139
f 3144 3143 3136 3139
f 3186 3140 3137 3180
f 3139 3141 3190 3142
f 3139 3142 3196 3144
f 3140 3186 3188 3189
f 3197 3193 3140 3189
f 3142 3190 3257 3254
f 3266 3196 3142 3254
f 3200 3145 3144 3196
f 3199 3195 3145 3200
f 3149 3147 3146 3148
f 3164 3148 3146 3162
f 3147 3149 3155 3151
f 3148 3164 3165 3149
f 3159 3154 3150 3158
f 3150 3163 3174 3158
f 3151 3155 3157 3152
f 3152 3157 3176 3175
f 3160 3156 3154 3159
f 3156 3160 3182 3178
f 3168 3164 3162 3167
f 3163 3169 3166 3174
f 3170 3165 3164 3168
f 3166 3169 3214 3173
f 3213 3168 3167 3216
f 3212 3170 3168 3213
f 3169 3171 3208 3214
f 3171 3172 3209 3211
f 3210 3209 3172 3207
f 3173 3214 3219 3237
f 3179 3181 3175 3176
f 3183 3180 3178 3182
f 3187 3181 3179 3185
f 3180 3183 3184 3186
f 3188 3186 3184 3192
f 3253 3187 3185 3250
f 3188 3192 3191 3255
f 3256 3189 3188 3255
f 3268 3197 3189 3256
f 3260 3255 3191 3277
f 3193 3197 3269 3395
f 3194 3195 3199 3198
f 3267 3200 3196 3266
f 3197 3268 3275 3269
f 3198 3199 3397 3201
f 3199 3200 3267 3397
f 3270 3271 3201 3397
f 3203 3205 3206 3204
f 3207 3206 3205 3210
f 3208 3211 3221 3219
f 3209 3210 3217 3220
f 3221 3211 3209 3220
f 3212 3213 3215 3227
f 3228 3225 3212 3227
f 3213 3216 3218 3215
f 3230 3227 3215 3218
f 3243 3220 3217 3244
f 3218 3222 3223 3230
f 3219 3221 3224 3238
f 3239 3237 3219 3238
f 3224 3221 3220 3243
f 3233 3230 3223 3234
f 3231 3238 3224 3232
f 3224 3243 3248 3232
f 3229 3226 3225 3228
f 3226 3229 3251 3250
f 3233 3228 3227 3230
f 3259 3229 3228 3233
f 3252 3251 3229 3259
f 3231 3232 3236 3235
f 3239 3238 3231 3240
f 3231 3235 3241 3240
f 3279 3236 3232 3248
f 3233 3234 3262 3259
f 3235 3236 3261 3260
f 3277 3241 3235 3260
f 3265 3261 3236 3279
f 3247 3244 3242 3246
f 3243 3244 3247 3245
f 3243 3245 3249 3248
f 3245 3247 3358 3362
f 3361 3249 3245 3362
f 3358 3247 3246 3357
f 3248 3249 3280 3279
f 3282 3280 3249 3361
f 3250 3251 3252 3253
f 3252 3259 3262 3258
f 3254 3257 3263 3264
f 3254 3264 3272 3266
f 3261 3256 3255 3260
f 3256 3261 3265 3268
f 3272 3264 3263 3273
f 3275 3268 3265 3281
f 3265 3279 3280 3281
f 3276 3267 3266 3272
f 3270 3397 3267 3276
f 3269 3275 3278 3398
f 3396 3395 3269 3398
f 3274 3271 3270 3276
f 3272 3273 3274 3276
f 3275 3281 3283 3278
f 3278 3283 3368 3418
f 3416 3398 3278 3418
f 3283 3281 3280 3282
f 3282 3361 3364 3367
f 3368 3283 3282 3367
f 3289 3287 3284 3288
f 3322 3288 3286 3296
f 3287 3289 3297 3295
f 3323 3289 3288 3322
f 3326 3297 3289 3323
f 3290 3291 3301 3292
f 3292 3301 3352 3372
f 3373 3349 3294 3372
f 3295 3297 3318 3298
f 3296 3321 3325 3322
f 3331 3318 3297 3326
f 3314 3299 3298 3318
f 3300 3302 3305 3303
f 3300 3345 3346 3302
f 3301 3304 3311 3352
f 3302 3346 3348 3351
f 3350 3305 3302 3351
f 3308 3307 3306 3315
f 3308 3315 3316 3310
f 3354 3311 3308 3310
f 3309 3310 3313 3312
f 3354 3310 3309 3350
f 3353 3352 3311 3354
f 3312 3313 3356 3355
f 3320 3317 3314 3319
f 3314 3318 3331 3319
f 3316 3317 3359 3356
f 3317 3320 3393 3359
f 3319 3331 3332 3333
f 3334 3320 3319 3333
f 3320 3334 3335 3393
f 3321 3324 3492 3325
f 3327 3323 3322 3325
f 3328 3326 3323 3327
f 3324 3461 3468 3492
f 3501 3329 3325 3492
f 3326 3328 3332 3331
f 3336 3328 3327 3330
f 3502 3330 3329 3501
f 3339 3336 3330 3515
f 3338 3333 3332 3337
f 3341 3334 3333 3338
f 3342 3335 3334 3341
f 3335 3342 3379 3374
f 3394 3393 3335 3374
f 3341 3338 3336 3339
f 3342 3341 3339 3340
f 3339 3515 3516 3340
f 3377 3378 3340 3516
f 3379 3342 3340 3378
f 3343 3344 3346 3345
f 3348 3346 3344 3347
f 3373 3348 3347 3349
f 3353 3351 3348 3373
f 3350 3351 3353 3354
f 3373 3372 3352 3353
f 3355 3356 3359 3357
f 3360 3358 3357 3359
f 3363 3362 3358 3360
f 3394 3360 3359 3393
f 3365 3363 3360 3394
f 3361 3362 3363 3364
f 3366 3364 3363 3365
f 3370 3367 3364 3366
f 3365 3394 3374 3375
f 3376 3366 3365 3375
f 3383 3370 3366 3382
f 3369 3368 3367 3370
f 3419 3418 3368 3369
f 3369 3370 3383 3371
f 3421 3419 3371 3422
f 3438 3422 3371 3428
f 3374 3379 3378 3375
f 3375 3378 3377 3376
f 3376 3380 3384 3382
f 3376 3377 3602 3380
f 3377 3516 3517 3599
f 3386 3384 3380 3608
f 3601 3585 3380 3602
f 3380 3585 3607 3608
f 3391 3387 3381 3390
f 3381 3385 3392 3641
f 3636 3635 3381 3641
f 3638 3390 3381 3637
f 3383 3385 3387 3388
f 3392 3385 3384 3386
f 3386 3608 3759 3758
f 3760 3392 3386 3758
f 3389 3388 3387 3391
f 3388 3389 3435 3434
f 3442 3435 3389 3441
f 3389 3391 3911 3441
f 3390 3638 3639 3642
f 3911 3391 3390 3642
f 3644 3641 3392 3760
f 3396 3398 3416 3399
f 3417 3400 3399 3416
f 3403 3401 3400 3402
f 3420 3402 3400 3417
f 3401 3403 3406 3405
f 3409 3403 3402 3404
f 3425 3404 3402 3420
f 3407 3406 3403 3409
f 3410 3409 3404 3424
f 3426 3424 3404 3425
f 3405 3406 3429 3427
f 3406 3407 3430 3429
f 3407 3409 3410 3444
f 3445 3430 3407 3444
f 3408 3432 3633 3902
f 3410 3424 3443 3411
f 3446 3444 3410 3411
f 3412 3413 3411 3443
f 3411 3413 3414 3446
f 3412 3443 3452 3453
f 3454 3446 3414 3455
f 3416 3418 3419 3417
f 3417 3419 3421 3420
f 3420 3421 3423 3425
f 3421 3422 3439 3423
f 3422 3438 3440 3439
f 3426 3425 3423 3447
f 3423 3439 3459 3447
f 3424 3426 3452 3443
f 3426 3447 3449 3452
f 3427 3428 3434 3431
f 3438 3428 3427 3429
f 3429 3430 3440 3438
f 3448 3440 3430 3445
f 3433 3432 3431 3436
f 3431 3434 3435 3436
f 3432 3433 3903 3633
f 3433 3436 3437 3905
f 3904 3903 3433 3905
f 3437 3436 3435 3442
f 3908 3905 3437 3906
f 3437 3442 3912 3906
f 3439 3440 3448 3459
f 3912 3442 3441 3913
f 3441 3911 3919 3913
f 3454 3445 3444 3446
f 3450 3448 3445 3454
f 3451 3449 3447 3459
f 3451 3459 3448 3450
f 3453 3452 3449 3457
f 3458 3457 3449 3451
f 3450 3454 3455 3456
f 3450 3456 3458 3451
f 3461 3462 3460 3468
f 3469 3468 3460 3470
f 3476 3475 3465 3466
f 3466 3467 3477 3476
f 3466 3493 3495 3467
f 3541 3477 3467 3494
f 3501 3492 3468 3469
f 3469 3470 3491 3504
f 3502 3501 3469 3504
f 3471 3472 3473 3489
f 3483 3482 3471 3489
f 3473 3474 3488 3489
f 3479 3478 3476 3477
f 3539 3479 3477 3541
f 3480 3481 3487 3486
f 3481 3482 3483 3487
f 3483 3490 3484 3487
f 3483 3489 3488 3490
f 3486 3555 3568 3491
f 3588 3506 3491 3568
f 3494 3495 3500 3545
f 3546 3541 3494 3545
f 3495 3496 3685 3500
f 3496 3499 3688 3685
f 3688 3499 3497 3689
f 3498 3543 3699 3698
f 3700 3545 3500 3704
f 3500 3685 3706 3704
f 3503 3509 3512 3513
f 3503 3513 3519 3518
f 3503 3518 3521 3527
f 3528 3509 3503 3527
f 3505 3506 3507 3508
f 3511 3510 3505 3508
f 3589 3507 3506 3588
f 3509 3508 3507 3512
f 3514 3512 3507 3589
f 3508 3509 3528 3511
f 3510 3511 3530 3583
f 3599 3517 3510 3583
f 3511 3528 3531 3530
f 3533 3513 3512 3514
f 3520 3519 3513 3533
f 3534 3533 3514 3537
f 3514 3589 3593 3537
f 3520 3533 3534 3525
f 3529 3527 3521 3522
f 3522 3523 3535 3529
f 3523 3526 3536 3535
f 3536 3526 3525 3534
f 3531 3528 3527 3529
f 3532 3531 3529 3535
f 3530 3531 3532 3611
f 3591 3583 3530 3611
f 3532 3535 3536 3614
f 3594 3611 3532 3614
f 3534 3537 3614 3536
f 3537 3593 3594 3614
f 3539 3541 3546 3547
f 3548 3540 3539 3547
f 3696 3542 3540 3548
f 3697 3544 3542 3696
f 3543 3544 3697 3699
f 3701 3546 3545 3700
f 3702 3547 3546 3701
f 3703 3548 3547 3702
f 3705 3696 3548 3703
f 3549 3550 3551 3552
f 3569 3570 3549 3552
f 3549 3570 3571 3573
f 3575 3550 3549 3573
f 3630 3552 3551 3634
f 3551 3902 3633 3634
f 3631 3569 3552 3630
f 3553 3554 3566 3559
f 3554 3560 3561 3566
f 3556 3558 3557 3559
f 3556 3559 3566 3567
f 3560 3562 3563 3561
f 3561 3563 3564 3565
f 3561 3565 3567 3566
f 3568 3569 3595 3587
f 3571 3572 3574 3573
f 3579 3574 3572 3577
f 3576 3575 3573 3574
f 3578 3576 3574 3579
f 3577 3580 3582 3579
f 3582 3581 3578 3579
f 3584 3590 3592 3612
f 3600 3598 3584 3612
f 3640 3607 3585 3631
f 3586 3603 3605 3606
f 3625 3597 3586 3606
f 3589 3588 3587 3593
f 3594 3593 3587 3590
f 3590 3595 3596 3592
f 3590 3591 3611 3594
f 3613 3612 3592 3615
f 3592 3596 3626 3615
f 3625 3596 3595 3597
f 3596 3625 3627 3626
f 3598 3600 3604 3601
f 3609 3604 3600 3616
f 3600 3612 3613 3616
f 3605 3603 3601 3604
f 3610 3605 3604 3609
f 3628 3606 3605 3610
f 3627 3625 3606 3628
f 3607 3640 3645 3647
f 3759 3608 3607 3647
f 3609 3616 3618 3750
f 3756 3610 3609 3750
f 3757 3628 3610 3756
f 3618 3616 3613 3617
f 3613 3615 3620 3617
f 3621 3620 3615 3626
f 3619 3618 3617 3623
f 3617 3620 3622 3623
f 3751 3750 3618 3619
f 3620 3621 3624 3622
f 3621 3626 3627 3629
f 3754 3624 3621 3629
f 3627 3628 3757 3629
f 3755 3754 3629 3757
f 3630 3635 3636 3632
f 3640 3631 3630 3632
f 3632 3636 3643 3646
f 3645 3640 3632 3646
f 3638 3637 3633 3903
f 3636 3641 3644 3643
f 3904 3639 3638 3903
f 3639 3904 3907 3914
f 3915 3642 3639 3914
f 3919 3911 3642 3915
f 3643 3644 3650 3649
f 3651 3646 3643 3649
f 3644 3760 3764 3650
f 3645 3646 3651 3648
f 3761 3647 3645 3648
f 3762 3759 3647 3761
f 3648 3651 3652 3654
f 3648 3654 3766 3761
f 3652 3651 3649 3653
f 3649 3650 3655 3653
f 3765 3655 3650 3764
f 3661 3657 3656 3660
f 3656 3659 3662 3660
f 3668 3658 3657 3661
f 3661 3663 3664 3668
f 3665 3669 3676 3675
f 3668 3667 3666 3673
f 3672 3671 3668 3673
f 3669 3670 3674 3676
f 3682 3676 3674 3677
f 3675 3676 3682 3678
f 3677 3679 3681 3682
f 3681 3680 3678 3682
f 3683 3684 3687 3686
f 3685 3688 3707 3706
f 3686 3687 3692 3691
f 3689 3691 3693 3724
f 3728 3707 3689 3724
f 3695 3692 3690 3725
f 3690 3698 3708 3729
f 3691 3692 3695 3693
f 3709 3697 3696 3705
f 3708 3699 3697 3709
f 3712 3701 3700 3710
f 3700 3704 3713 3710
f 3711 3702 3701 3712
f 3720 3703 3702 3711
f 3715 3705 3703 3720
f 3704 3706 3714 3713
f 3706 3707 3716 3714
f 3732 3716 3707 3728
f 3708 3709 3715 3734
f 3733 3729 3708 3734
f 3717 3712 3710 3718
f 3710 3713 3719 3718
f 3711 3712 3717 3721
f 3722 3720 3711 3721
f 3713 3714 3735 3719
f 3714 3716 3736 3735
f 3715 3720 3722 3738
f 3737 3734 3715 3738
f 3745 3736 3716 3742
f 3717 3718 3769 3770
f 3771 3721 3717 3770
f 3718 3719 3809 3769
f 3719 3735 3811 3809
f 3723 3722 3721 3771
f 3739 3738 3722 3723
f 3723 3771 3774 3812
f 3816 3739 3723 3812
f 3724 3726 3730 3728
f 3731 3727 3725 3729
f 3951 3732 3728 3943
f 3729 3733 3952 3944
f 3730 3924 3926 3928
f 3927 3925 3731 3930
f 3949 3742 3732 3951
f 3733 3743 3950 3952
f 3734 3737 3744 3743
f 3735 3736 3740 3811
f 3747 3740 3736 3745
f 3737 3738 3739 3741
f 3737 3741 3748 3744
f 3815 3741 3739 3816
f 3813 3811 3740 3814
f 3740 3747 3834 3814
f 3835 3748 3741 3815
f 3961 3745 3742 3949
f 3743 3744 3962 3950
f 3744 3748 3746 3962
f 3832 3747 3745 3961
f 3746 3748 3835 3836
f 3841 3749 3746 3836
f 3963 3962 3746 3749
f 3747 3832 3837 3834
f 3749 3841 3839 4000
f 3966 3963 3749 4000
f 3750 3751 3753 3756
f 3757 3756 3753 3755
f 3758 3759 3762 3763
f 3764 3760 3758 3763
f 3768 3762 3761 3766
f 3767 3763 3762 3768
f 3765 3764 3763 3767
f 3772 3770 3769 3773
f 3810 3773 3769 3809
f 3774 3771 3770 3772
f 3772 3773 3776 3775
f 3777 3774 3772 3775
f 3818 3776 3773 3810
f 3817 3812 3774 3777
f 3779 3777 3775 3778
f 3775 3776 3801 3778
f 3860 3801 3776 3818
f 3777 3779 3883 3817
f 3799 3779 3778 3798
f 3802 3798 3778 3801
f 3779 3799 3882 3883
f 3781 3782 3784 3783
f 3785 3786 3781 3794
f 3787 3782 3781 3786
f 3781 3783 3800 3794
f 3782 3787 3788 3879
f 3881 3784 3782 3879
f 3799 3798 3783 3784
f 3783 3798 3802 3800
f 3882 3799 3784 3881
f 3785 3794 3795 3790
f 3880 3879 3788 3792
f 3796 3791 3790 3795
f 3797 3793 3791 3796
f 3792 3793 3797 3880
f 3804 3795 3794 3800
f 3806 3796 3795 3805
f 3886 3797 3796 3806
f 3887 3880 3797 3886
f 3800 3802 3803 3804
f 3803 3802 3801 3858
f 3862 3858 3801 3859
f 3805 3804 3803 3807
f 3803 3858 3866 3807
f 3808 3806 3805 3807
f 3806 3808 3888 3886
f 3867 3808 3807 3866
f 3808 3867 3894 3888
f 3813 3810 3809 3811
f 3810 3813 3819 3818
f 3822 3816 3812 3817
f 3813 3814 3823 3819
f 3843 3823 3814 3834
f 3815 3816 3822 3824
f 3815 3824 3825 3835
f 3827 3822 3817 3890
f 3829 3820 3819 3823
f 3821 3829 3844 3845
f 3821 3845 3846 3849
f 3861 3829 3821 3863
f 3821 3849 3864 3863
f 3826 3824 3822 3827
f 3836 3835 3825 3842
f 3826 3827 3828 3831
f 3826 3831 3848 3842
f 3851 3830 3828 3852
f 3896 3852 3828 3893
f 3848 3831 3830 3847
f 3855 3847 3830 3851
f 3832 3833 3838 3837
f 3832 3961 3964 3833
f 3840 3838 3833 3999
f 3833 3964 3965 3999
f 3844 3843 3834 3837
f 3848 3841 3836 3842
f 3845 3844 3837 3838
f 3846 3845 3838 3840
f 3839 3841 3848 3847
f 3839 3847 3855 4002
f 4003 4000 3839 4002
f 3853 3846 3840 4001
f 3840 3999 4004 4001
f 3850 3849 3846 3853
f 3849 3850 3868 3864
f 3850 3854 4006 3868
f 3851 3852 3857 3856
f 4008 3857 3852 3871
f 3853 4001 4011 3854
f 4012 4006 3854 4011
f 4005 4002 3855 3856
f 3856 3857 4015 4005
f 3857 4008 4014 4015
f 3878 3866 3858 3874
f 3859 3860 3861 3863
f 3862 3863 3864 3865
f 3869 3865 3864 3868
f 3900 3867 3866 3878
f 3901 3894 3867 3900
f 4007 3870 3868 4006
f 3869 3872 3876 3877
f 3871 3873 4010 4008
f 3873 3896 3899 3875
f 4025 3878 3874 4024
f 3875 3899 4033 4038
f 4024 3877 3876 4039
f 4041 3900 3878 4025
f 3879 3880 3887 3885
f 3884 3882 3881 3885
f 3892 3883 3882 3884
f 3891 3890 3883 3892
f 3884 3885 3887 3889
f 3884 3889 3895 3892
f 3889 3887 3886 3888
f 3895 3889 3888 3894
f 3896 3893 3891 3897
f 3898 3895 3894 3901
f 4033 3899 3897 4040
f 3897 3898 4043 4040
f 3898 3901 4042 4043
f 4042 3901 3900 4041
f 3904 3905 3908 3907
f 3910 3908 3906 3920
f 3906 3912 3921 3920
f 3907 3908 3910 3909
f 3916 3914 3907 3909
f 3912 3913 3923 3921
f 3913 3919 3918 3923
f 3917 3915 3914 3916
f 3915 3917 3918 3919
f 3924 3925 3927 3926
f 3926 3927 3936 3932
f 3933 3929 3928 3932
f 3946 3943 3928 3929
f 3929 3933 3935 3941
f 3929 3941 3948 3946
f 3930 3931 3937 3936
f 3930 3944 3945 3931
f 3938 3937 3931 3942
f 3947 3942 3931 3945
f 3935 3938 3940 3939
f 3939 3940 3972 3971
f 3975 3941 3939 3971
f 3940 3942 3976 3972
f 3977 3948 3941 3975
f 3942 3947 3984 3976
f 3943 3946 3953 3951
f 3956 3945 3944 3952
f 3955 3947 3945 3956
f 3946 3948 3954 3953
f 3947 3955 3985 3984
f 3986 3954 3948 3977
f 3949 3951 3953 3957
f 3964 3961 3949 3957
f 3956 3952 3950 3960
f 3950 3962 3963 3960
f 3953 3954 3958 3957
f 3969 3958 3954 3986
f 3955 3956 3960 3959
f 3955 3959 3970 3985
f 3965 3964 3957 3958
f 3967 3965 3958 3969
f 3959 3960 3963 3966
f 3959 3966 3968 3970
f 4004 3999 3965 3967
f 3966 4000 4003 3968
f 3967 3969 3994 3987
f 3967 3987 4016 4004
f 3993 3970 3968 3988
f 4017 3988 3968 4003
f 3969 3986 3991 3994
f 3990 3985 3970 3993
f 3971 3972 3973 3974
f 3979 3974 3973 3978
f 3973 3976 3983 3978
f 3982 3975 3974 3979
f 3991 3986 3977 4086
f 3977 3982 4071 4086
f 3978 3981 3980 3979
f 3983 3984 4076 4077
f 3984 3985 3990 4076
f 3987 3994 3996 4026
f 4019 4016 3987 4026
f 3988 3989 3995 3993
f 4018 3989 3988 4017
f 3998 3995 3989 4029
f 3989 4018 4021 4029
f 3990 3993 3995 3992
f 4087 4076 3990 3992
f 3996 3994 3991 4083
f 3991 4086 4088 4083
f 3992 3995 3998 4085
f 3992 4085 4090 4087
f 4030 4026 3996 3997
f 3996 4083 4084 3997
f 4027 4030 3997 4031
f 4091 4031 3997 4084
f 3998 4029 4028 4032
f 4092 4085 3998 4032
f 4001 4004 4016 4011
f 4017 4003 4002 4005
f 4005 4015 4018 4017
f 4013 4007 4006 4012
f 4022 4009 4007 4013
f 4008 4010 4023 4014
f 4009 4022 4034 4039
f 4035 4023 4010 4038
f 4019 4012 4011 4016
f 4020 4013 4012 4019
f 4013 4020 4027 4022
f 4018 4015 4014 4021
f 4028 4021 4014 4023
f 4019 4026 4030 4020
f 4022 4027 4050 4034
f 4051 4028 4023 4035
f 4024 4039 4034 4044
f 4045 4025 4024 4044
f 4046 4041 4025 4045
f 4027 4031 4055 4050
f 4056 4032 4028 4051
f 4133 4055 4031 4091
f 4032 4056 4134 4092
f 4035 4038 4033 4036
f 4033 4040 4037 4036
f 4049 4044 4034 4050
f 4035 4036 4052 4051
f 4036 4037 4053 4052
f 4037 4040 4043 4047
f 4037 4047 4054 4053
f 4048 4042 4041 4046
f 4047 4043 4042 4048
f 4061 4045 4044 4049
f 4062 4046 4045 4061
f 4063 4048 4046 4062
f 4047 4048 4063 4054
f 4049 4050 4055 4057
f 4049 4057 4137 4061
f 4051 4052 4058 4056
f 4052 4053 4059 4058
f 4053 4054 4060 4059
f 4139 4060 4054 4063
f 4140 4057 4055 4133
f 4056 4058 4135 4134
f 4144 4137 4057 4140
f 4058 4059 4136 4135
f 4059 4060 4145 4136
f 4060 4139 4147 4145
f 4138 4062 4061 4137
f 4139 4063 4062 4138
f 4064 4068 4072 4071
f 4078 4066 4065 4077
f 4079 4067 4066 4078
f 4074 4069 4067 4079
f 4068 4070 4073 4072
f 4069 4074 4080 4104
f 4075 4073 4070 4103
f 4088 4086 4071 4072
f 4072 4073 4089 4088
f 4073 4075 4082 4093
f 4081 4080 4074 4094
f 4075 4080 4081 4082
f 4075 4103 4104 4080
f 4078 4077 4076 4087
f 4078 4087 4090 4079
f 4095 4082 4081 4096
f 4089 4084 4083 4088
f 4084 4089 4093 4091
f 4094 4090 4085 4092
f 4095 4096 4098 4097
f 4097 4098 4100 4099
f 4099 4100 4102 4101
f 4101 4102 4106 4105
f 4105 4106 4108 4107
f 4109 4141 4107 4112
f 4107 4108 4113 4112
f 4109 4114 4130 4117
f 4148 4141 4109 4117
f 4110 4111 4116 4115
f 4150 4111 4110 4143
f 4122 4116 4111 4120
f 4151 4120 4111 4150
f 4112 4113 4115 4114
f 4114 4123 4124 4130
f 4115 4116 4128 4123
f 4116 4122 4129 4128
f 4117 4118 4149 4148
f 4118 4130 4131 4119
f 4118 4119 4152 4149
f 4132 4121 4119 4131
f 4119 4121 4153 4152
f 4120 4121 4132 4122
f 4153 4121 4120 4151
f 4127 4129 4122 4132
f 4131 4130 4124 4126
f 4132 4131 4126 4127
f 4148 4140 4133 4141
f 4134 4135 4143 4142
f 4135 4136 4150 4143
f 4136 4145 4151 4150
f 4146 4138 4137 4144
f 4147 4139 4138 4146
f 4140 4148 4149 4144
f 4144 4149 4152 4146
f 4153 4151 4145 4147
f 4146 4152 4153 4147
f 4154 4248 4257 4255
f 4155 4158 4160 4159
f 4155 4159 4171 4179
f 4160 4158 4156 4161
f 4156 4157 4162 4161
f 4169 4162 4157 4167
f 4159 4160 4173 4172
f 4160 4161 4174 4173
f 4161 4162 4175 4174
f 4162 4169 4177 4175
f 4165 4166 4163 4170
f 4163 4166 4168 4164
f 4176 4170 4163 4178
f 4163 4164 4266 4178
f 4164 4252 4256 4266
f 4169 4167 4165 4170
f 4169 4170 4176 4177
f 4181 4179 4171 4184
f 4171 4172 4185 4184
f 4172 4173 4186 4185
f 4173 4174 4187 4186
f 4174 4175 4188 4187
f 4175 4177 4194 4188
f 4194 4177 4176 4195
f 4176 4178 4196 4195
f 4328 4196 4178 4266
f 4180 4181 4203 4200
f 4181 4184 4189 4203
f 4182 4183 4222 4223
f 4184 4185 4190 4189
f 4185 4186 4192 4190
f 4186 4187 4193 4192
f 4187 4188 4191 4193
f 4197 4191 4188 4194
f 4239 4203 4189 4238
f 4190 4192 4241 4238
f 4242 4193 4191 4240
f 4191 4197 4245 4240
f 4192 4193 4242 4241
f 4194 4195 4198 4197
f 4195 4196 4199 4198
f 4329 4199 4196 4328
f 4197 4198 4246 4245
f 4198 4199 4247 4246
f 4338 4247 4199 4329
f 4205 4202 4200 4217
f 4200 4203 4239 4217
f 4204 4205 4213 4212
f 4205 4217 4219 4213
f 4211 4235 4207 4208
f 4208 4209 4210 4211
f 4209 4214 4215 4210
f 4210 4215 4220 4216
f 4237 4211 4210 4216
f 4234 4235 4211 4237
f 4215 4214 4212 4213
f 4220 4215 4213 4219
f 4216 4218 4236 4237
f 4244 4218 4216 4220
f 4243 4219 4217 4239
f 4242 4240 4218 4244
f 4218 4240 4245 4229
f 4244 4220 4219 4243
f 4230 4223 4222 4229
f 4236 4229 4222 4225
f 4232 4228 4223 4230
f 4234 4225 4224 4233
f 4237 4236 4225 4234
f 4226 4228 4232 4231
f 4334 4227 4226 4231
f 4229 4245 4246 4230
f 4230 4246 4247 4232
f 4247 4338 4231 4232
f 4336 4334 4231 4338
f 4243 4239 4238 4241
f 4241 4242 4244 4243
f 4248 4249 4265 4257
f 4300 4265 4249 4293
f 4250 4255 4257 4258
f 4260 4253 4250 4258
f 4256 4252 4251 4261
f 4251 4254 4259 4261
f 4259 4254 4253 4260
f 4256 4261 4267 4268
f 4328 4266 4256 4268
f 4262 4258 4257 4271
f 4263 4260 4258 4262
f 4259 4260 4263 4264
f 4267 4261 4259 4264
f 4319 4263 4262 4324
f 4262 4271 4323 4324
f 4320 4264 4263 4319
f 4330 4267 4264 4320
f 4265 4269 4272 4270
f 4301 4269 4265 4300
f 4331 4268 4267 4330
f 4329 4328 4268 4331
f 4269 4289 4290 4272
f 4310 4292 4269 4301
f 4273 4271 4270 4272
f 4272 4290 4339 4273
f 4273 4339 4340 4325
f 4274 4277 4291 4278
f 4283 4276 4275 4278
f 4284 4282 4276 4283
f 4279 4281 4278 4291
f 4278 4281 4280 4283
f 4279 4292 4310 4305
f 4284 4283 4280 4285
f 4287 4288 4282 4284
f 4284 4285 4286 4287
f 4293 4294 4302 4300
f 4294 4295 4296 4302
f 4342 4296 4295 4341
f 4303 4302 4296 4298
f 4343 4298 4296 4342
f 4298 4299 4297 4303
f 4297 4310 4301 4303
f 4297 4311 4305 4310
f 4317 4311 4297 4299
f 4344 4299 4298 4343
f 4350 4317 4299 4344
f 4303 4301 4300 4302
f 4304 4305 4309 4307
f 4313 4309 4306 4312
f 4313 4308 4307 4309
f 4308 4313 4315 4318
f 4312 4314 4315 4313
f 4316 4317 4350 4352
f 4321 4320 4319 4322
f 4319 4324 4326 4322
f 4320 4321 4337 4330
f 4321 4332 4333 4337
f 4321 4322 4335 4332
f 4326 4324 4323 4327
f 4340 4327 4323 4325
f 4329 4331 4336 4338
f 4336 4331 4330 4337
f 4333 4334 4336 4337
f 4347 4342 4341 4345
f 4346 4343 4342 4347
f 4357 4344 4343 4346
f 4355 4350 4344 4357
f 4367 4347 4345 4365
f 4358 4357 4346 4368
f 4346 4347 4367 4368
f 4349 4351 4353 4354
f 4355 4357 4358 4362
f 4360 4356 4355 4362
f 4361 4359 4356 4360
f 4371 4370 4358 4368
f 4359 4361 4364 4363
f 4366 4367 4365 4369
f 4368 4367 4366 4371
f 4373 4371 4366 4374
f 4366 4369 4375 4374
f 4370 4371 4373 4372
f 4372 4373 4378 4377
f 4373 4374 4382 4378
f 4374 4375 4376 4382
f 4385 4382 4376 4383
f 4377 4378 4380 4379
f 4385 4380 4378 4382
f 4379 4380 4417 4416
f 4380 4381 4388 4387
f 4383 4386 4381 4385
f 4381 4386 4389 4388
f 4404 4389 4386 4423
f 4387 4388 4391 4390
f 4388 4389 4400 4391
f 4390 4391 4392 4393
f 4402 4392 4391 4400
f 4395 4393 4392 4396
f 4401 4396 4392 4402
f 4394 4395 4396 4397
f 4394 4397 4399 4398
f 4396 4401 4403 4397
f 4397 4403 4404 4399
f 4398 4399 4422 4420
f 4399 4404 4423 4422
f 4410 4406 4405 4409
f 4414 4413 4405 4406
f 4411 4407 4406 4410
f 4415 4414 4406 4407
f 4408 4418 4412 4409
f 4425 4410 4409 4412
f 4426 4411 4410 4425
f 4412 4418 4417 4419
f 4412 4419 4421 4425
f 4419 4420 4422 4421
f 4423 4424 4421 4422
f 4421 4424 4426 4425
