v 0.118515 0.082046 0.222867
v 0.115469 0.077060 0.231573
v 0.102674 0.083717 0.248571
v 0.093004 0.101563 0.231469
v 0.104055 0.097327 0.258478
v 0.083666 0.102912 0.276243
v 0.097986 0.098855 0.275024
v 0.083916 0.101605 0.178505
v 0.079382 0.094630 0.176225
v 0.094482 0.098811 0.096226
v 0.113226 0.079536 0.192211
v 0.126500 0.065988 0.183550
v 0.119361 0.061868 0.189620
v 0.109362 0.070705 0.193695
v 0.114022 0.051370 0.111472
v 0.115236 0.044523 0.114653
v 0.100593 0.056233 0.121895
v 0.086157 0.067045 0.127524
v 0.086417 0.058165 0.137311
v 0.118627 0.082663 0.230967
v 0.123377 0.079393 0.234890
v 0.115229 0.077405 0.213668
v 0.122204 0.064443 0.228265
v 0.139310 0.052776 0.221784
v 0.133358 0.052556 0.183954
v 0.143687 0.056539 0.221118
v 0.150801 0.047475 0.219580
v 0.141474 0.039320 0.217123
v 0.169334 0.017556 0.246703
v 0.141605 0.045710 0.219220
v 0.139307 0.042493 0.215674
v 0.135178 0.038479 0.176277
v 0.143576 0.043067 0.175291
v 0.156377 0.021447 0.162577
v 0.156709 0.014424 0.209631
v 0.150721 0.023977 0.212086
v 0.155383 0.018318 0.211533
v 0.162662 0.029477 0.212521
v 0.169953 0.016297 0.229872
v 0.170030 0.016451 0.206292
v 0.154314 0.018056 0.204550
v 0.150297 0.016587 0.181288
v 0.157389 -0.003524 0.139570
v 0.148229 0.001887 0.143344
v 0.160062 0.005297 0.139038
v 0.149407 0.013190 0.164774
v 0.157371 0.017305 0.167337
v 0.152145 0.014982 0.171589
v 0.169333 -0.000230 0.317998
v 0.165562 0.012070 0.236475
v 0.160767 0.007999 0.244086
v 0.138482 0.006170 0.091448
v 0.124317 0.041655 0.097956
v 0.130276 0.046095 0.184592
v 0.069430 0.011277 0.381271
v 0.018514 0.023792 0.418780
v 0.037301 0.103003 0.297271
v 0.031456 0.114882 0.287362
v 0.059146 0.106267 0.220153
v 0.078263 0.105975 0.277104
v 0.026421 0.212998 0.009766
v 0.033810 0.212840 0.011781
v 0.005900 0.256581 0.010466
v 0.070277 0.192213 -0.040116
v 0.068474 0.193907 -0.045109
v 0.058861 0.267473 -0.087595
v 0.056425 0.126712 0.038116
v 0.059025 0.158559 0.012128
v 0.065075 0.153430 0.035214
v 0.054699 0.188512 0.032342
v 0.057000 0.182034 0.033120
v 0.055058 0.170580 -0.003426
v 0.046814 0.183472 -0.019423
v 0.038157 0.168068 -0.046019
v 0.051645 0.181947 -0.043284
v 0.097590 0.072116 -0.091083
v 0.113093 0.065091 -0.084209
v 0.111223 0.080398 -0.080874
v 0.124592 0.067757 -0.053774
v 0.121580 0.062861 -0.055701
v 0.120251 0.059244 -0.083424
v 0.088499 0.078468 -0.028531
v 0.137143 0.042892 0.026604
v 0.124201 0.048038 0.087427
v 0.117968 0.059675 0.075570
v 0.136683 0.008353 0.071376
v 0.130121 0.028007 0.076384
v 0.127580 0.040541 0.072846
v 0.114620 0.053410 -0.087749
v 0.133194 0.016684 -0.044484
v 0.139499 0.016832 -0.035909
v 0.156910 0.005377 0.016048
v 0.148372 0.008457 -0.007713
v 0.142865 0.032963 0.032680
v 0.153725 0.020416 -0.053424
v 0.136869 0.030218 -0.055505
v 0.135632 0.024656 -0.091533
v 0.148048 0.026183 -0.086272
v 0.137411 0.027464 -0.086778
v 0.089760 0.087551 0.088898
v 0.090643 0.123496 0.048138
v 0.082642 0.112574 0.083520
v 0.066294 0.239497 -0.094728
v 0.087429 0.158173 0.036922
v 0.090626 0.127441 0.047197
v 0.074538 0.245739 -0.127489
v 0.074902 0.266672 -0.202063
v 0.085659 0.223926 -0.169422
v 0.076157 0.232048 -0.166375
v 0.073348 0.213200 -0.168023
v 0.083527 0.212182 -0.161323
v 0.072813 0.145992 -0.151556
v 0.070986 0.143630 -0.140828
v 0.061945 0.240666 -0.152102
v 0.064824 0.253160 -0.209194
v 0.056237 0.262664 -0.206747
v 0.065589 0.284197 -0.154779
v 0.056434 0.287479 -0.162111
v 0.064751 0.252878 -0.153788
v 0.057480 0.302863 -0.155647
v 0.056190 0.297064 -0.158969
v 0.040941 0.267145 -0.162760
v 0.039877 0.220646 -0.119305
v 0.030789 0.227392 -0.116954
v 0.024694 0.214925 -0.115148
v 0.017601 0.217820 -0.117214
v 0.018342 0.245830 -0.154734
v 0.034438 0.269018 -0.162865
v 0.026850 0.299544 -0.168291
v 0.029691 0.161966 -0.179775
v 0.037588 0.268288 -0.169612
v 0.033534 0.306380 -0.167138
v 0.062611 0.142064 -0.340505
v 0.041868 0.153267 -0.288304
v 0.035262 0.151356 -0.289166
v 0.034680 0.142096 -0.281260
v 0.033277 0.145740 -0.283103
v 0.022296 0.150014 -0.345647
v 0.022472 0.163152 -0.387424
v 0.034087 0.174824 -0.488574
v 0.022841 0.168698 -0.425462
v 0.017477 0.161960 -0.492844
v 0.029595 0.150616 -0.385027
v 0.022833 0.153760 -0.386126
v 0.031062 0.149947 -0.374200
v 0.032394 0.155591 -0.425667
v 0.024192 0.157878 -0.446619
v 0.037442 0.159684 -0.426645
v 0.034675 0.163466 -0.419523
v 0.064063 0.174421 -0.453639
v 0.061754 0.176695 -0.456254
v 0.040882 0.178840 -0.499171
v 0.171159 0.167464 -0.499438
v 0.121364 0.172444 -0.443685
v 0.069853 0.183470 -0.451457
v 0.069012 0.253330 -0.213132
v 0.174220 0.154760 -0.480668
v 0.165638 0.153574 -0.461468
v 0.170563 0.160002 -0.478682
v 0.135442 0.128394 -0.499533
v 0.092997 0.120358 -0.319642
v 0.078003 0.129691 -0.336127
v 0.087290 0.118799 -0.325782
v 0.083164 0.115525 -0.346022
v 0.088783 0.055309 -0.291034
v 0.088046 0.061027 -0.300525
v 0.159564 0.004883 -0.281765
v 0.157509 0.010408 -0.279213
v 0.081645 0.081377 -0.493135
v 0.077360 0.080774 -0.486875
v 0.057672 0.072144 -0.436767
v 0.056720 0.082224 -0.449587
v 0.052610 0.073273 -0.496923
v 0.052063 0.078723 -0.491530
v 0.022944 0.067965 -0.439256
v 0.046948 0.063089 -0.415788
v 0.011067 0.063871 -0.446246
v 0.022768 0.047475 -0.344421
v 0.030236 0.053033 -0.346427
v 0.090706 0.103854 -0.142217
v 0.110434 0.094319 -0.126952
v 0.112456 0.102071 -0.133701
v 0.114082 0.102705 -0.145904
v 0.104632 0.012766 -0.179133
v 0.116863 0.061709 -0.144685
v 0.113347 0.064118 -0.148682
v 0.135449 -0.003052 -0.218944
v 0.129311 0.046674 -0.242140
v 0.127984 0.057842 -0.235739
v 0.134476 0.059928 -0.226939
v 0.129382 0.062263 -0.229021
v 0.123454 0.063235 -0.230667
v 0.138790 0.024207 -0.108418
v 0.144534 0.045864 -0.207841
v 0.141031 0.053215 -0.215946
v 0.146985 0.029056 -0.212520
v 0.160706 0.001213 -0.268203
v 0.162611 0.000139 -0.266017
v 0.148499 -0.020996 -0.211619
v 0.146819 -0.038153 -0.218425
v 0.110734 -0.099332 -0.193541
v 0.108055 -0.104061 -0.189994
v 0.107512 -0.079514 -0.088979
v 0.117164 -0.125215 -0.264049
v 0.125079 -0.050170 -0.226465
v 0.114803 -0.034016 -0.164894
v 0.115543 -0.062295 -0.146986
v 0.134212 -0.035237 -0.096302
v 0.103638 -0.074424 -0.088826
v 0.108745 -0.101275 -0.141507
v 0.097792 -0.110017 -0.154132
v 0.101318 -0.097898 -0.141814
v 0.099721 -0.094410 -0.141211
v 0.088303 -0.123764 -0.117108
v 0.014352 -0.012497 -0.188139
v 0.088689 -0.053220 -0.258506
v 0.080030 -0.043926 -0.252618
v 0.065168 -0.079948 -0.384164
v 0.016616 -0.069855 -0.434731
v 0.050209 -0.072507 -0.499183
v 0.071456 -0.087329 -0.436470
v 0.062398 -0.079775 -0.480467
v 0.071406 -0.081007 -0.483108
v 0.052663 -0.074166 -0.482154
v 0.067646 -0.074374 -0.421099
v 0.070058 -0.081660 -0.426413
v 0.080280 -0.060222 -0.292222
v 0.073341 -0.054213 -0.335612
v 0.087761 -0.061104 -0.292566
v 0.079141 -0.100224 -0.354249
v 0.075684 -0.125569 -0.367241
v 0.078267 -0.124260 -0.357311
v 0.131376 -0.121778 -0.499537
v 0.077455 -0.086690 -0.419521
v 0.154626 -0.165169 -0.499721
v 0.158871 -0.146153 -0.452817
v 0.122304 -0.180552 -0.447933
v 0.045786 -0.166008 -0.434666
v 0.043589 -0.161635 -0.415953
v 0.040918 -0.161573 -0.421651
v 0.031076 -0.152994 -0.381926
v 0.042784 -0.160545 -0.436931
v 0.028488 -0.158671 -0.443308
v 0.031486 -0.154630 -0.426856
v 0.015638 -0.161097 -0.499065
v 0.010312 -0.161534 -0.497568
v 0.011202 -0.163677 -0.482926
v 0.037593 -0.156136 -0.286013
v 0.035685 -0.148836 -0.287076
v 0.035550 -0.265872 -0.207421
v 0.035763 -0.147667 -0.283985
v 0.058563 -0.148038 -0.328207
v 0.040202 -0.304353 -0.165767
v 0.047853 -0.265393 -0.208289
v 0.039034 -0.265235 -0.204608
v 0.035631 -0.266355 -0.201376
v 0.024751 -0.139576 -0.171575
v 0.030761 -0.145717 -0.176497
v 0.029869 -0.299420 -0.166193
v 0.037156 -0.267846 -0.208941
v 0.036135 -0.302265 -0.167009
v 0.027544 -0.305092 -0.167657
v 0.025573 -0.308960 -0.139280
v 0.032367 -0.225479 -0.115742
v 0.043198 -0.218622 -0.110619
v 0.065390 -0.271682 -0.109934
v 0.058257 -0.275580 -0.115537
v 0.061828 -0.277128 -0.110962
v 0.063710 -0.253332 -0.110236
v 0.053119 -0.278077 -0.117292
v 0.053654 -0.295451 -0.193309
v 0.058327 -0.286815 -0.161370
v 0.067356 -0.238612 -0.153044
v 0.056218 -0.230582 -0.104456
v 0.068380 -0.230319 -0.099395
v 0.057219 -0.237002 -0.104832
v 0.060443 -0.239598 -0.103998
v 0.060920 -0.147266 -0.133269
v 0.087332 -0.224832 -0.159963
v 0.079137 -0.210620 -0.160636
v 0.081448 -0.224085 -0.170536
v 0.066832 -0.218587 -0.166156
v 0.065883 -0.252662 -0.204471
v 0.072033 -0.260657 -0.206432
v 0.063082 -0.286133 -0.158124
v 0.061918 -0.250529 -0.153234
v 0.104125 -0.085343 0.002526
v 0.121930 -0.063754 -0.079553
v 0.075354 -0.199998 -0.050409
v 0.067329 -0.125794 0.050714
v 0.093355 -0.095911 0.071241
v 0.098361 -0.090383 0.083598
v 0.105974 -0.084265 0.076287
v 0.090264 -0.141087 0.040783
v 0.096520 -0.100397 0.095992
v 0.105969 -0.090930 0.086160
v 0.091433 -0.108722 0.102273
v 0.086652 -0.095893 0.089728
v 0.086353 -0.106991 0.091202
v 0.073781 -0.120520 0.121157
v 0.084526 -0.099408 0.121619
v 0.074262 -0.107728 0.227978
v 0.078783 -0.103988 0.223127
v 0.078245 -0.104710 0.177641
v 0.073719 -0.096652 0.180627
v 0.085996 -0.103629 0.231122
v 0.079839 -0.100320 0.181530
v 0.092924 -0.100549 0.226183
v 0.108260 -0.095526 0.260752
v 0.118224 -0.079167 0.230772
v 0.113406 -0.076015 0.229025
v 0.103779 -0.082997 0.249140
v 0.101424 -0.085697 0.256527
v 0.106093 -0.092673 0.255371
v 0.090730 -0.070074 0.176684
v 0.121051 -0.064530 0.226755
v 0.111615 -0.079686 0.186022
v 0.126477 -0.075739 0.232499
v 0.118944 -0.061554 0.189390
v 0.113349 -0.066172 0.194666
v 0.121574 -0.066811 0.187316
v 0.140787 -0.041972 0.176551
v 0.143664 -0.056277 0.221885
v 0.169006 -0.023407 0.222348
v 0.153926 -0.023476 0.164768
v 0.162023 -0.031041 0.212445
v 0.135366 -0.053405 0.176105
v 0.134215 -0.048900 0.220092
v 0.132016 -0.070203 0.228504
v 0.139821 -0.050246 0.221345
v 0.144154 -0.051413 0.220627
v 0.129950 -0.048206 0.181749
v 0.099922 -0.061740 0.170931
v 0.136505 -0.062432 0.287102
v 0.152725 -0.021089 0.315456
v 0.172769 -0.017252 0.229714
v 0.160706 -0.014288 0.242911
v 0.158285 -0.013709 0.237140
v 0.172365 -0.017020 0.250416
v 0.161463 0.002960 0.321152
v 0.148410 -0.016120 0.322891
v 0.151250 -0.023769 0.212889
v 0.144354 -0.021828 0.168960
v 0.151127 -0.011008 0.164802
v 0.162688 -0.016210 0.205736
v 0.157395 -0.013372 0.210086
v 0.165206 -0.027773 0.217770
v 0.175288 -0.015682 0.241560
v 0.163646 -0.001190 0.138003
v 0.138621 -0.012393 0.066555
v 0.134530 -0.000756 -0.052039
v 0.155918 -0.016110 -0.086799
v 0.136805 -0.018323 -0.044091
v 0.132330 -0.018124 -0.043387
v 0.134093 -0.028269 -0.053514
v 0.144167 -0.038296 0.037627
v 0.110258 -0.067076 0.081894
v 0.117707 -0.068290 -0.082483
v 0.118274 -0.056362 -0.086574
v 0.109563 -0.054737 -0.086945
v 0.129532 -0.031684 -0.053524
v 0.135278 -0.008365 -0.053808
v 0.093385 -0.007954 0.127619
v 0.030145 -0.109042 0.001454
v 0.075261 -0.016314 0.376886
v 0.031766 -0.122483 0.279417
v 0.015269 -0.088667 0.185840
v 0.016967 -0.122792 0.255017
v 0.048728 -0.132789 0.019409
v 0.048700 -0.188657 0.052454
v 0.039167 -0.194438 0.055530
v 0.034050 -0.193787 0.058348
v 0.013501 -0.225467 0.002178
v 0.013249 -0.222010 0.002161
v 0.059544 -0.190556 -0.043434
v -0.027575 -0.178520 0.000591
v -0.035876 -0.175555 0.007446
v -0.035586 -0.144711 0.042102
v 0.017180 -0.098242 0.211672
v 0.010325 -0.103345 0.243634
v -0.008504 -0.095796 0.226119
v -0.006085 -0.093597 0.188246
v -0.033848 -0.092834 0.105015
v -0.024219 -0.127385 0.055456
v -0.015360 -0.114416 0.042642
v -0.009302 -0.024024 0.357166
v -0.013891 -0.080180 0.200475
v -0.006241 0.008350 0.397820
v -0.032655 0.008757 0.395896
v -0.003958 0.012019 0.402969
v 0.006030 -0.066082 0.162288
v -0.005303 -0.067756 0.153870
v -0.000832 -0.086153 0.185587
v 0.000615 -0.070048 0.159532
v -0.008524 -0.085756 0.187835
v -0.066474 0.002649 -0.009561
v -0.051277 -0.013161 0.044462
v -0.047932 -0.031746 0.189690
v -0.058348 -0.025591 0.191754
v -0.055670 -0.025287 0.197666
v -0.064646 -0.043437 0.133181
v -0.071311 -0.057390 0.056592
v -0.074441 -0.046053 0.046032
v -0.087025 -0.013597 -0.002114
v -0.061863 0.000589 0.409326
v -0.037403 -0.007705 0.406274
v -0.049984 -0.007110 0.402365
v -0.053982 -0.007706 0.399299
v -0.055242 -0.017363 0.402020
v -0.053340 -0.027752 0.422971
v -0.046577 -0.015776 0.400547
v -0.040934 -0.013652 0.403437
v -0.064791 -0.021115 0.269868
v -0.057903 -0.024814 0.219009
v -0.067938 -0.028443 0.272044
v -0.050179 -0.074230 0.079146
v -0.043046 -0.085566 0.080298
v -0.060179 -0.058414 0.092618
v -0.036065 -0.090204 0.097683
v -0.067040 -0.065158 0.096020
v -0.048218 -0.088956 0.134387
v -0.045015 -0.052610 0.145029
v -0.050963 -0.086595 0.142239
v -0.058936 -0.100490 0.099944
v -0.062165 -0.105516 0.105685
v -0.052452 -0.111423 0.125127
v -0.050110 -0.113399 0.117135
v -0.045134 -0.115440 0.123023
v -0.049130 -0.095451 0.104712
v -0.060777 -0.107664 0.099221
v -0.066032 -0.155140 0.040246
v -0.055903 -0.126059 0.045140
v -0.053660 -0.132452 0.043850
v -0.027616 -0.129018 0.051245
v -0.033327 -0.191810 -0.047959
v -0.048321 -0.202099 -0.054610
v -0.023928 -0.246594 -0.109330
v -0.030241 -0.244867 -0.095709
v 0.025207 -0.304173 -0.131048
v -0.004976 -0.285708 -0.167191
v 0.003310 -0.291460 -0.167215
v 0.020729 -0.121704 -0.161797
v 0.010176 -0.112155 -0.158621
v -0.014062 -0.139429 -0.310635
v -0.010589 -0.144127 -0.303529
v -0.012541 -0.147296 -0.319908
v -0.020048 -0.130079 -0.323002
v -0.023902 -0.113982 -0.325141
v -0.020324 -0.121673 -0.317552
v 0.013267 -0.258844 -0.211956
v 0.011722 -0.246885 -0.206401
v 0.014925 -0.254689 -0.206237
v -0.001624 -0.247555 -0.206546
v 0.004602 -0.260176 -0.213535
v 0.007470 -0.255561 -0.216620
v 0.001655 -0.160333 -0.497222
v -0.000698 -0.138548 -0.375970
v -0.006343 -0.154866 -0.419606
v -0.035874 -0.118438 -0.498854
v -0.008489 -0.138964 -0.436341
v -0.014972 -0.140157 -0.442013
v -0.078685 -0.197272 -0.282390
v -0.094822 -0.192879 -0.260884
v -0.087537 -0.222344 -0.272917
v -0.115208 -0.184635 -0.266617
v -0.133879 -0.193552 -0.259991
v -0.105618 -0.187710 -0.260800
v -0.109530 -0.158932 -0.251651
v -0.107130 -0.134705 -0.279028
v -0.097278 -0.129489 -0.278732
v -0.097653 -0.116981 -0.277740
v -0.094287 -0.138404 -0.270804
v -0.094784 -0.029903 -0.286820
v -0.093653 -0.025521 -0.287957
v -0.012808 -0.082988 -0.498798
v 0.008113 -0.067850 -0.439758
v 0.014047 -0.060851 -0.466923
v 0.007954 -0.061985 -0.469545
v -0.008464 -0.071485 -0.290845
v -0.010512 -0.073055 -0.289189
v -0.007032 -0.090899 -0.254320
v -0.012415 -0.078389 -0.289684
v -0.012848 -0.089862 -0.259302
v -0.011341 -0.077747 -0.290570
v -0.023586 -0.096499 -0.143873
v -0.021395 -0.105473 -0.147899
v -0.007011 -0.089479 -0.148608
v -0.005098 -0.066411 -0.069947
v -0.001213 -0.060057 -0.074702
v -0.003910 0.070460 -0.091238
v 0.000801 0.080426 -0.078483
v 0.002274 0.078082 -0.073343
v -0.005261 0.063027 -0.072847
v -0.003617 0.063557 -0.091048
v 0.004061 0.064517 -0.080028
v -0.014377 0.051491 -0.170623
v -0.015582 0.050373 -0.156698
v -0.014102 0.093234 -0.155267
v -0.026706 0.094836 -0.150331
v -0.021615 0.094244 -0.141426
v -0.021557 0.029947 -0.144874
v -0.011863 0.085328 -0.498883
v -0.151660 0.043790 -0.279635
v -0.152343 0.038057 -0.276884
v -0.107098 0.135394 -0.275295
v -0.117395 0.140437 -0.270929
v -0.169085 0.181353 -0.271012
v -0.155018 0.172416 -0.260126
v -0.172714 0.185634 -0.262714
v -0.134685 0.188956 -0.255506
v -0.163895 0.194477 -0.270746
v -0.135720 0.230984 -0.272996
v -0.133390 0.237259 -0.266203
v -0.100399 0.207858 -0.288966
v -0.106839 0.212684 -0.288170
v -0.012490 0.148833 -0.400162
v -0.008436 0.134876 -0.428203
v -0.014595 0.125022 -0.499260
v -0.002129 0.136738 -0.381230
v -0.001919 0.151920 -0.431546
v 0.003624 0.251913 -0.204142
v 0.021798 0.148070 -0.187324
v -0.002866 0.262300 -0.208168
v -0.020017 0.285543 -0.159013
v -0.004024 0.290921 -0.165405
v -0.019599 0.269350 -0.127366
v -0.010460 0.279362 -0.124803
v -0.015349 0.279264 -0.122954
v -0.016615 0.272409 -0.162666
v 0.014921 0.156199 -0.183833
v 0.020924 0.140156 -0.173852
v 0.002832 0.287840 -0.166066
v -0.013519 0.242650 -0.116946
v -0.017661 0.288125 -0.105494
v -0.028078 0.266991 -0.117892
v -0.028049 0.263599 -0.109825
v -0.042761 0.192464 -0.048163
v -0.046731 0.190606 -0.044304
v -0.049547 0.196917 -0.051581
v -0.036596 0.191478 -0.044247
v -0.069205 0.143488 0.038355
v -0.047664 0.112579 0.095172
v -0.060629 0.143325 0.077030
v -0.069851 0.091805 0.095682
v -0.064049 0.086924 0.091533
v -0.075811 0.081816 0.099950
v -0.056875 0.090865 0.132944
v -0.060306 0.104314 0.102709
v -0.051221 0.094270 0.099310
v -0.073202 0.069621 0.096524
v -0.077701 0.075058 0.086009
v -0.072778 0.059810 0.114993
v -0.059620 0.037629 0.033582
v -0.045746 0.057340 0.146421
v -0.064965 0.059237 0.090348
v -0.046210 0.075487 0.073630
v -0.048784 0.068854 0.073263
v -0.046929 0.071257 0.081272
v -0.047696 0.070189 0.150810
v -0.053687 0.085546 0.136120
v -0.047443 0.075085 0.087983
v -0.046323 0.077448 0.083087
v -0.029871 0.143306 0.037238
v -0.034462 0.126817 0.061404
v -0.043942 0.116760 0.095899
v -0.028523 0.116459 0.065167
v -0.033194 0.114421 0.095058
v -0.029332 0.118443 0.093058
v -0.031698 0.111239 0.086934
v -0.028478 0.096091 0.104239
v -0.037848 0.088833 0.108003
v -0.037199 0.065108 0.149374
v -0.037117 0.094443 0.056744
v -0.008398 0.088389 0.007053
v -0.017466 0.110681 0.042994
v 0.015936 0.232387 0.003972
v -0.003020 0.069891 0.158134
v 0.003622 0.072390 0.160501
v 0.011933 0.070067 0.162849
v -0.001812 0.095295 0.187773
v -0.002488 0.082008 0.184778
v 0.012712 0.100171 0.243702
v -0.004203 0.093189 0.244940
v 0.009613 0.076739 0.338271
v -0.017206 0.047399 0.464515
v 0.006208 0.034060 0.362877
v -0.039338 0.027865 0.492552
v -0.037432 0.030832 0.482426
v -0.038704 0.042630 0.480141
v -0.127744 0.081914 0.312721
v -0.106544 0.092733 0.299186
v -0.117972 0.093049 0.306872
v -0.115280 0.092426 0.320758
v -0.109867 0.097389 0.314374
v -0.112036 0.084409 0.317100
v -0.137445 0.093868 0.368554
v -0.139678 0.100071 0.340724
v -0.135843 0.102576 0.346862
v -0.130474 0.099834 0.343315
v -0.122541 0.102937 0.334071
v -0.123432 0.109607 0.331157
v -0.096993 0.094300 0.307885
v -0.122108 0.100040 0.323409
v -0.123222 0.108327 0.317752
v -0.142466 0.132786 0.322375
v -0.181765 0.123399 0.327669
v -0.181624 0.118684 0.324838
v -0.178879 0.124100 0.324643
v -0.182083 0.125059 0.326227
v -0.143498 0.135262 0.322603
v -0.117273 0.115322 0.341607
v -0.103075 0.117755 0.363110
v -0.176883 0.146830 0.377684
v -0.172776 0.149395 0.372478
v 0.115191 0.084846 0.222098
v 0.114170 0.087544 0.232799
v 0.114238 0.077062 0.226344
v 0.114552 0.077101 0.220074
v 0.124057 0.076447 0.231872
v 0.116992 0.072740 0.230888
v 0.113386 0.071536 0.224713
v 0.106388 0.080257 0.252598
v 0.112878 0.079743 0.245646
v 0.108323 0.085771 0.247938
v 0.081041 0.107199 0.235878
v 0.085326 0.108780 0.248273
v 0.094785 0.102196 0.246757
v 0.102594 0.095954 0.234178
v 0.101897 0.094468 0.223077
v 0.095088 0.098552 0.220181
v 0.102846 0.097867 0.245758
v 0.113474 0.091380 0.261139
v 0.113865 0.089674 0.257763
v 0.106326 0.092284 0.257216
v 0.105944 0.096013 0.245304
v 0.101039 0.099958 0.269230
v 0.111684 0.091620 0.267438
v 0.093357 0.104099 0.260166
v 0.089578 0.104268 0.271300
v 0.086452 0.096724 0.282173
v 0.091617 0.098205 0.277887
v 0.082014 0.109953 0.271636
v 0.081166 0.099148 0.287222
v 0.103161 0.091244 0.281534
v 0.109061 0.091833 0.274342
v 0.094586 0.094508 0.178071
v 0.088951 0.095817 0.175687
v 0.078501 0.101674 0.178850
v 0.086875 0.097298 0.183150
v 0.097172 0.090910 0.181894
v 0.079668 0.099501 0.184509
v 0.078041 0.090006 0.174920
v 0.060583 0.091738 0.181030
v 0.060860 0.095706 0.182525
v 0.098699 0.084460 0.170558
v 0.095009 0.081110 0.170059
v 0.104519 0.086972 0.171842
v 0.060973 0.099165 0.183874
v 0.073491 0.100035 0.181709
v 0.091428 0.104702 0.102416
v 0.095989 0.100374 0.104997
v 0.103687 0.095864 0.096678
v 0.091265 0.106065 0.096797
v 0.091087 0.109297 0.100052
v 0.094526 0.095379 0.092879
v 0.089163 0.103146 0.095714
v 0.103670 0.087104 0.193157
v 0.105593 0.087540 0.201319
v 0.112653 0.082184 0.201566
v 0.113830 0.075830 0.201761
v 0.112127 0.074259 0.192496
v 0.110190 0.080235 0.185829
v 0.100287 0.088308 0.186876
v 0.118303 0.072506 0.188721
v 0.118716 0.073277 0.184451
v 0.115311 0.069893 0.189434
v 0.122139 0.067689 0.186664
v 0.125744 0.066358 0.190756
v 0.131035 0.062902 0.188518
v 0.126909 0.064086 0.175353
v 0.117784 0.073020 0.177936
v 0.134536 0.052844 0.176913
v 0.122905 0.064444 0.190953
v 0.118501 0.066688 0.187456
v 0.115682 0.063468 0.190129
v 0.121307 0.063274 0.198913
v 0.125137 0.066659 0.198361
v 0.117412 0.062931 0.199687
v 0.110523 0.070986 0.201848
v 0.113951 0.066674 0.200675
v 0.112513 0.066884 0.191800
v 0.112083 0.057385 0.107944
v 0.101836 0.068038 0.122008
v 0.124275 0.037956 0.106381
v 0.120273 0.034758 0.113809
v 0.107267 0.042986 0.120243
v 0.114036 0.031506 0.118454
v 0.092813 0.054792 0.128566
v 0.104333 0.041997 0.125362
v 0.087085 0.071769 0.124422
v 0.078297 0.078661 0.133463
v 0.080172 0.070970 0.135718
v 0.071999 0.077180 0.145604
v 0.072982 0.068678 0.145239
v 0.086635 0.054066 0.140139
v 0.100861 0.040189 0.134757
v 0.102781 0.042144 0.131519
v 0.073522 0.063621 0.145609
v 0.111260 0.089648 0.243131
v 0.115617 0.087780 0.242315
v 0.119918 0.080022 0.242139
v 0.124866 0.071234 0.242195
v 0.128930 0.072522 0.239051
v 0.131245 0.073022 0.235904
v 0.112044 0.085165 0.212205
v 0.111087 0.087822 0.222532
v 0.111507 0.071118 0.211523
v 0.112265 0.071578 0.218700
v 0.126663 0.069404 0.227230
v 0.126580 0.067821 0.222811
v 0.120788 0.064117 0.223430
v 0.117175 0.067886 0.223965
v 0.119690 0.068539 0.229724
v 0.125476 0.072267 0.229445
v 0.137573 0.053111 0.211980
v 0.140319 0.059446 0.212581
v 0.134655 0.046687 0.210929
v 0.138874 0.042922 0.177172
v 0.130573 0.049199 0.183351
v 0.135648 0.053217 0.193301
v 0.131857 0.049049 0.193088
v 0.134646 0.060812 0.195600
v 0.137798 0.064269 0.222177
v 0.138917 0.064600 0.228524
v 0.146331 0.056402 0.227603
v 0.135534 0.064699 0.214348
v 0.153128 0.047505 0.226047
v 0.158314 0.040265 0.225440
v 0.156676 0.040377 0.219529
v 0.155869 0.039621 0.214288
v 0.151832 0.043279 0.214727
v 0.146376 0.041478 0.215832
v 0.146328 0.041315 0.209683
v 0.142670 0.039010 0.210542
v 0.138098 0.042722 0.210046
v 0.162521 0.017673 0.246743
v 0.157152 0.026398 0.247892
v 0.163247 0.027825 0.248194
v 0.166257 0.027623 0.252448
v 0.171071 0.017766 0.251848
v 0.177734 0.012491 0.251497
v 0.177677 0.012974 0.243946
v 0.176839 0.013212 0.236869
v 0.170401 0.016026 0.239633
v 0.166437 0.011996 0.243427
v 0.135344 0.038909 0.183761
v 0.141737 0.041286 0.183253
v 0.147344 0.042427 0.182612
v 0.144173 0.042052 0.168425
v 0.135923 0.052974 0.170970
v 0.150448 0.035884 0.174333
v 0.150800 0.033443 0.167592
v 0.151298 0.037116 0.182634
v 0.154268 0.026710 0.168413
v 0.152388 0.023775 0.169050
v 0.164808 0.012235 0.166300
v 0.163079 0.012145 0.159553
v 0.161984 0.010822 0.152578
v 0.157125 0.019552 0.154660
v 0.150805 0.029605 0.156270
v 0.151003 0.031278 0.162194
v 0.160713 0.015831 0.209638
v 0.159827 0.015700 0.203156
v 0.158356 0.020308 0.211886
v 0.152753 0.020949 0.212547
v 0.154133 0.025942 0.210337
v 0.156092 0.023815 0.212584
v 0.150470 0.022645 0.203701
v 0.152246 0.025270 0.202463
v 0.159413 0.034617 0.213263
v 0.160809 0.034480 0.219223
v 0.164274 0.029157 0.218645
v 0.167685 0.023792 0.217962
v 0.166032 0.024417 0.212648
v 0.161064 0.030605 0.207019
v 0.158332 0.034381 0.207066
v 0.159994 0.026438 0.212787
v 0.158015 0.027855 0.208543
v 0.162688 0.022772 0.212038
v 0.171960 0.018385 0.222855
v 0.169229 0.023188 0.223573
v 0.168111 0.021271 0.228791
v 0.175667 0.013320 0.229016
v 0.174799 0.013767 0.221965
v 0.163906 0.017918 0.229905
v 0.168516 0.020305 0.210799
v 0.170503 0.019123 0.216851
v 0.172873 0.014867 0.215071
v 0.164520 0.016353 0.204123
v 0.164668 0.018238 0.209561
v 0.168457 0.016323 0.195460
v 0.163135 0.016165 0.195160
v 0.175657 0.009970 0.213648
v 0.173326 0.010959 0.205420
v 0.171067 0.011539 0.195097
v 0.162884 0.010149 0.234153
v 0.160611 0.014363 0.230344
v 0.156827 0.012179 0.233192
v 0.158362 0.010106 0.237422
v 0.157790 0.015098 0.195419
v 0.153254 0.017147 0.195260
v 0.149640 0.021430 0.194972
v 0.151905 0.013866 0.178768
v 0.149026 0.016830 0.174188
v 0.147536 0.019690 0.179049
v 0.151624 0.016234 0.186994
v 0.156009 0.013095 0.186325
v 0.148536 0.020486 0.186760
v 0.162816 0.003458 0.137755
v 0.159685 -0.006129 0.139176
v 0.153339 -0.014654 0.143421
v 0.151795 -0.008128 0.142474
v 0.155825 -0.018524 0.145507
v 0.154845 0.013773 0.142842
v 0.144230 0.019735 0.147208
v 0.148033 0.025154 0.147481
v 0.143613 -0.000851 0.145668
v 0.140394 0.016103 0.147448
v 0.156700 0.017635 0.148031
v 0.161191 0.009077 0.145834
v 0.162908 0.003830 0.144875
v 0.146424 0.018601 0.169932
v 0.153355 0.015624 0.166463
v 0.149430 0.021478 0.168718
v 0.156732 0.014411 0.175567
v 0.161878 0.016928 0.175377
v 0.166948 0.012308 0.174633
v 0.173185 0.000126 0.304996
v 0.170371 0.005513 0.304816
v 0.165088 -0.005570 0.316086
v 0.170283 -0.005937 0.303877
v 0.157964 -0.003635 0.323713
v 0.158706 0.011579 0.244134
v 0.156667 0.013810 0.238858
v 0.133673 -0.014601 0.095885
v 0.136085 -0.018766 0.085484
v 0.141620 -0.004673 0.080229
v 0.135474 0.006735 0.102001
v 0.132364 -0.012184 0.105902
v 0.137480 0.015927 0.080036
v 0.134687 0.026490 0.083522
v 0.133580 0.024444 0.091443
v 0.131310 0.024346 0.098118
v 0.128711 0.038650 0.088689
v 0.129637 0.023236 0.106445
v 0.119828 0.054054 0.093101
v 0.133202 0.044061 0.193049
v 0.137186 0.038868 0.192968
v 0.053034 0.009750 0.394385
v 0.056650 0.002033 0.392959
v 0.077417 0.002087 0.382627
v 0.048960 0.020364 0.387008
v 0.044009 0.018621 0.395527
v 0.076866 0.018243 0.373750
v 0.051001 0.021500 0.378574
v 0.019852 0.021115 0.428508
v 0.025580 0.010035 0.428594
v 0.026158 0.011476 0.418739
v 0.030089 0.013237 0.409818
v 0.021293 0.021235 0.408676
v 0.011800 0.022020 0.406693
v 0.008609 0.025684 0.411776
v 0.004965 0.030682 0.416237
v 0.011371 0.032116 0.422793
v 0.014257 0.030089 0.429978
v 0.025814 0.099458 0.302885
v 0.031793 0.093560 0.320718
v 0.042022 0.097418 0.319024
v 0.055503 0.099646 0.317311
v 0.051033 0.105353 0.299991
v 0.049566 0.114031 0.290238
v 0.038334 0.111826 0.290521
v 0.024363 0.102951 0.286729
v 0.016897 0.100429 0.290530
v 0.027664 0.109640 0.286407
v 0.021943 0.121180 0.273805
v 0.015816 0.112120 0.275227
v 0.037259 0.120588 0.284659
v 0.032945 0.126454 0.270336
v 0.066135 0.112681 0.224569
v 0.071832 0.104866 0.223588
v 0.060751 0.100575 0.218199
v 0.047375 0.111822 0.218846
v 0.051951 0.121175 0.224188
v 0.045819 0.105026 0.216905
v 0.074182 0.117721 0.274714
v 0.070145 0.109836 0.283117
v 0.073338 0.102054 0.293445
v 0.038295 0.207986 0.009144
v 0.033780 0.206798 0.005817
v 0.033874 0.210344 0.001738
v 0.025694 0.215696 0.005275
v 0.016743 0.218699 0.007112
v 0.017282 0.217332 0.011111
v 0.027118 0.218736 0.015138
v 0.035790 0.216438 0.015254
v 0.017393 0.220420 0.015733
v 0.042752 0.210336 0.012798
v 0.013493 0.253250 0.009482
v 0.013579 0.257720 0.005459
v 0.004813 0.258636 0.004076
v 0.008672 0.250328 0.012930
v 0.011097 0.247663 0.011198
v -0.004694 0.253907 -0.000622
v -0.004756 0.251156 0.003213
v -0.005831 0.247758 0.006198
v 0.000719 0.251472 0.010381
v 0.068146 0.193986 -0.037289
v 0.064341 0.192560 -0.038327
v 0.072126 0.194099 -0.035455
v 0.059850 0.190500 -0.046883
v 0.059810 0.194494 -0.054520
v 0.067410 0.198022 -0.052969
v 0.072602 0.202214 -0.051656
v 0.074485 0.199058 -0.043892
v 0.074705 0.196245 -0.038495
v 0.062197 0.266052 -0.091766
v 0.058310 0.277105 -0.093089
v 0.054769 0.275377 -0.088021
v 0.057452 0.262657 -0.082759
v 0.062320 0.257106 -0.086426
v 0.050689 0.271505 -0.081030
v 0.060537 0.124204 0.044985
v 0.060099 0.118106 0.044457
v 0.054646 0.118374 0.039300
v 0.056636 0.133537 0.032775
v 0.059652 0.139668 0.036871
v 0.060342 0.133736 0.041268
v 0.062549 0.129679 0.046216
v 0.049310 0.123447 0.030005
v 0.050577 0.127900 0.026421
v 0.047724 0.117942 0.032289
v 0.060450 0.164317 0.012186
v 0.062330 0.163027 0.018951
v 0.059262 0.156100 0.016895
v 0.056323 0.150235 0.012462
v 0.057078 0.155889 0.007682
v 0.058562 0.163428 0.005279
v 0.061968 0.168164 0.039191
v 0.062152 0.168213 0.042477
v 0.067133 0.156605 0.038807
v 0.064135 0.157563 0.030641
v 0.062366 0.169956 0.034413
v 0.064329 0.144470 0.039080
v 0.059874 0.145279 0.032558
v 0.059318 0.149593 0.027879
v 0.068353 0.147487 0.039991
v 0.059589 0.182334 0.023779
v 0.055169 0.190244 0.027970
v 0.047805 0.199118 0.035070
v 0.047979 0.195804 0.038824
v 0.048442 0.191930 0.042798
v 0.047957 0.189047 0.047267
v 0.056318 0.179762 0.039903
v 0.063354 0.171000 0.028258
v 0.063728 0.172134 0.020434
v 0.059642 0.172662 0.005729
v 0.055491 0.158587 -0.002847
v 0.057776 0.188361 0.005608
v 0.060222 0.186340 0.012191
v 0.040523 0.155306 -0.013486
v 0.039683 0.160020 -0.015046
v 0.051567 0.174372 -0.006780
v 0.053849 0.188515 0.002828
v 0.050796 0.190353 -0.021248
v 0.048217 0.197410 -0.013727
v 0.045772 0.194069 -0.010351
v 0.043303 0.191353 -0.006192
v 0.044476 0.181350 -0.013679
v 0.037689 0.171801 -0.027421
v 0.038955 0.171165 -0.031703
v 0.048493 0.179570 -0.028003
v 0.052606 0.186326 -0.028345
v 0.037329 0.170337 -0.022360
v 0.041242 0.172551 -0.047969
v 0.047413 0.175622 -0.041368
v 0.040856 0.167296 -0.040978
v 0.028414 0.165089 -0.048985
v 0.028341 0.168391 -0.052863
v 0.028435 0.161461 -0.044913
v 0.043081 0.174290 -0.051577
v 0.053006 0.184233 -0.034643
v 0.048868 0.177239 -0.034895
v 0.044872 0.175575 -0.058268
v 0.053793 0.184076 -0.051422
v 0.058277 0.189246 -0.039869
v 0.057214 0.190359 -0.034493
v 0.101538 0.074420 -0.091129
v 0.101886 0.069303 -0.087968
v 0.101676 0.067858 -0.093378
v 0.105181 0.070480 -0.102833
v 0.102351 0.075425 -0.101585
v 0.103416 0.079081 -0.100162
v 0.109799 0.062110 -0.085399
v 0.107302 0.066849 -0.085630
v 0.111150 0.069071 -0.084039
v 0.114557 0.070200 -0.082479
v 0.115810 0.063340 -0.083941
v 0.113302 0.058535 -0.085496
v 0.100242 0.092699 -0.077326
v 0.105359 0.092578 -0.070957
v 0.115504 0.079912 -0.073046
v 0.122437 0.071368 -0.074221
v 0.117647 0.069958 -0.080428
v 0.110928 0.075940 -0.082722
v 0.104444 0.087356 -0.085654
v 0.095544 0.096030 -0.083323
v 0.108547 0.083475 -0.086613
v 0.124057 0.069611 -0.061282
v 0.117889 0.078902 -0.059681
v 0.117092 0.077285 -0.052785
v 0.122966 0.062078 -0.062719
v 0.114147 0.073864 -0.050731
v 0.126294 0.052916 -0.056893
v 0.127256 0.053836 -0.062741
v 0.117200 0.059853 -0.052033
v 0.124044 0.050863 -0.052678
v 0.109568 0.069976 -0.048372
v 0.122802 0.061548 -0.075487
v 0.127134 0.053725 -0.076474
v 0.126183 0.051721 -0.084443
v 0.085253 0.077052 -0.032578
v 0.076466 0.082703 -0.033079
v 0.080370 0.088093 -0.028850
v 0.096168 0.084430 -0.017035
v 0.105374 0.073524 -0.020492
v 0.099004 0.069615 -0.027501
v 0.137756 0.033728 0.048706
v 0.146010 0.026304 0.045029
v 0.146521 0.025220 0.022406
v 0.140666 0.032154 0.011006
v 0.134861 0.040289 -0.003869
v 0.130119 0.052678 0.005094
v 0.130664 0.056900 0.035315
v 0.132648 0.043472 0.055406
v 0.123711 0.066070 0.012981
v 0.128580 0.038798 0.081172
v 0.120030 0.050540 0.082237
v 0.115362 0.061231 0.089875
v 0.112874 0.069462 0.087475
v 0.119306 0.068175 0.061333
v 0.112482 0.078502 0.060854
v 0.110024 0.076228 0.073610
v 0.127228 0.055147 0.060135
v 0.147984 -0.002675 0.064172
v 0.148198 0.007375 0.060701
v 0.136906 0.014072 0.066707
v 0.132696 0.021866 0.072379
v 0.132704 0.031425 0.066023
v 0.123646 0.054932 -0.092719
v 0.119970 0.055472 -0.092726
v 0.117892 0.054750 -0.086028
v 0.127202 0.049065 -0.092737
v 0.115694 0.054544 -0.093528
v 0.109890 0.054056 -0.094924
v 0.108742 0.054040 -0.087869
v 0.137893 0.018594 -0.044021
v 0.137589 0.020018 -0.046530
v 0.134961 0.019351 -0.049454
v 0.132343 0.017409 -0.050351
v 0.132407 0.013916 -0.047650
v 0.129858 0.012776 -0.045979
v 0.129332 0.016412 -0.044084
v 0.133630 0.020302 -0.041442
v 0.138206 0.017124 -0.041430
v 0.146296 0.008832 -0.039522
v 0.145131 0.015926 -0.041324
v 0.138494 0.017722 -0.041088
v 0.145420 0.003847 -0.033469
v 0.147500 -0.001038 -0.036838
v 0.140341 0.017915 -0.027060
v 0.144803 0.007006 -0.027310
v 0.151103 0.010123 0.004836
v 0.149369 0.016605 0.012386
v 0.156184 0.010018 0.023082
v 0.161638 0.002688 0.028411
v 0.157251 -0.003330 0.014948
v 0.149705 -0.008875 0.001455
v 0.152286 -0.002364 -0.001424
v 0.151091 0.002918 -0.003835
v 0.146467 0.014290 -0.004247
v 0.146396 0.008067 -0.018215
v 0.142774 0.017950 -0.017061
v 0.148384 -0.001219 -0.017220
v 0.131775 0.024351 -0.038012
v 0.126963 0.034383 -0.033828
v 0.132476 0.031948 -0.029788
v 0.135515 0.031306 -0.022118
v 0.154152 0.017270 0.033623
v 0.155069 0.015967 -0.051876
v 0.157487 0.014561 -0.056945
v 0.154403 0.020632 -0.057570
v 0.151353 0.023474 -0.051486
v 0.152063 0.018451 -0.047599
v 0.151972 0.026142 -0.056881
v 0.134007 0.036583 -0.056476
v 0.131488 0.033372 -0.052924
v 0.133514 0.026738 -0.052987
v 0.136870 0.034275 -0.062294
v 0.134048 0.039648 -0.061969
v 0.143372 0.024490 -0.049192
v 0.143392 0.030763 -0.055407
v 0.142983 0.033532 -0.062027
v 0.135230 0.029383 -0.095930
v 0.134516 0.033097 -0.087788
v 0.138034 0.020280 -0.100244
v 0.140452 0.020768 -0.095337
v 0.149550 0.027590 -0.081647
v 0.153724 0.022026 -0.084093
v 0.150097 0.021958 -0.090102
v 0.145165 0.021592 -0.093466
v 0.143815 0.027088 -0.086527
v 0.144824 0.030729 -0.080767
v 0.135936 0.035743 -0.081439
v 0.139601 0.032524 -0.080490
v 0.082091 0.101424 0.086545
v 0.081838 0.104187 0.091650
v 0.085247 0.096599 0.093048
v 0.084972 0.097806 0.086281
v 0.092830 0.092729 0.090899
v 0.094455 0.091695 0.083954
v 0.090325 0.092851 0.083745
v 0.087561 0.100201 0.095623
v 0.092383 0.120426 0.056699
v 0.085649 0.120043 0.059069
v 0.083734 0.123645 0.050682
v 0.087505 0.132415 0.042603
v 0.090882 0.134766 0.044766
v 0.093591 0.128219 0.054463
v 0.080077 0.127088 0.043455
v 0.084697 0.129961 0.043066
v 0.076682 0.115078 0.081195
v 0.076829 0.116417 0.077323
v 0.084045 0.116014 0.077242
v 0.088978 0.112834 0.084324
v 0.088547 0.107561 0.091675
v 0.084911 0.106036 0.091437
v 0.090142 0.115902 0.076776
v 0.079137 0.109043 0.081952
v 0.064200 0.253219 -0.102861
v 0.065445 0.253603 -0.097252
v 0.064889 0.241720 -0.087632
v 0.064618 0.230950 -0.094419
v 0.062430 0.236248 -0.105207
v 0.063796 0.243380 -0.107608
v 0.063658 0.253742 -0.110932
v 0.085264 0.156184 0.034547
v 0.083551 0.165584 0.035385
v 0.086532 0.164723 0.039371
v 0.088839 0.154532 0.040562
v 0.087793 0.150019 0.037975
v 0.087710 0.161627 0.044206
v 0.078914 0.236054 -0.136434
v 0.075707 0.240736 -0.140991
v 0.073151 0.249931 -0.136893
v 0.069278 0.245397 -0.115733
v 0.067880 0.236692 -0.112976
v 0.074706 0.234867 -0.121722
v 0.079999 0.229093 -0.132611
v 0.070076 0.259376 -0.136210
v 0.069796 0.257004 -0.128112
v 0.066961 0.254958 -0.119342
v 0.075369 0.268070 -0.198147
v 0.076323 0.261529 -0.197331
v 0.075404 0.262037 -0.203462
v 0.073885 0.264520 -0.208094
v 0.072961 0.269200 -0.204462
v 0.073455 0.272235 -0.200434
v 0.087075 0.225964 -0.164224
v 0.088426 0.221862 -0.163299
v 0.085416 0.220681 -0.169887
v 0.081434 0.221688 -0.172158
v 0.082682 0.225321 -0.170822
v 0.084269 0.229504 -0.165717
v 0.073700 0.234669 -0.160378
v 0.078974 0.234534 -0.159066
v 0.080235 0.231295 -0.167209
v 0.078526 0.227507 -0.170823
v 0.073670 0.229602 -0.168330
v 0.068957 0.232549 -0.160601
v 0.074102 0.216119 -0.170435
v 0.078922 0.214819 -0.170426
v 0.076947 0.211893 -0.167166
v 0.072572 0.210261 -0.160251
v 0.068921 0.212552 -0.163392
v 0.067511 0.217203 -0.166108
v 0.086114 0.214533 -0.162591
v 0.084801 0.214748 -0.153938
v 0.081183 0.211673 -0.155122
v 0.076917 0.210010 -0.157348
v 0.080996 0.211098 -0.164631
v 0.083530 0.214082 -0.168061
v 0.073723 0.147935 -0.155710
v 0.058941 0.155642 -0.158689
v 0.062599 0.151027 -0.151026
v 0.079500 0.139631 -0.146543
v 0.083467 0.139588 -0.151059
v 0.049626 0.151511 -0.140413
v 0.054100 0.146938 -0.128295
v 0.073962 0.139345 -0.129794
v 0.044811 0.154853 -0.151810
v 0.089120 0.127791 -0.136154
v 0.090230 0.127305 -0.141924
v 0.089730 0.125072 -0.127832
v 0.052871 0.246938 -0.153926
v 0.055220 0.254334 -0.161020
v 0.060171 0.253061 -0.158624
v 0.069100 0.239359 -0.152360
v 0.059704 0.233413 -0.153709
v 0.050858 0.238495 -0.151565
v 0.065588 0.228819 -0.161177
v 0.063743 0.251268 -0.204880
v 0.058456 0.255098 -0.205759
v 0.063316 0.256004 -0.210236
v 0.070072 0.251885 -0.209903
v 0.070298 0.251466 -0.204397
v 0.053707 0.260240 -0.201409
v 0.050561 0.264287 -0.203555
v 0.051817 0.266359 -0.207921
v 0.057469 0.253985 -0.199444
v 0.062509 0.261971 -0.210562
v 0.057331 0.268718 -0.206764
v 0.062934 0.266996 -0.208549
v 0.053697 0.270986 -0.209070
v 0.071419 0.274614 -0.153723
v 0.072892 0.275019 -0.165202
v 0.068809 0.281730 -0.166615
v 0.067241 0.283038 -0.142013
v 0.070578 0.272647 -0.142838
v 0.059441 0.285790 -0.158155
v 0.062137 0.293851 -0.151024
v 0.061544 0.291162 -0.141893
v 0.062436 0.284324 -0.168317
v 0.057018 0.286841 -0.170383
v 0.055229 0.294678 -0.172639
v 0.053763 0.295781 -0.164449
v 0.066762 0.256650 -0.166859
v 0.071390 0.260647 -0.165610
v 0.068599 0.258075 -0.154361
v 0.062316 0.256226 -0.168924
v 0.070025 0.253361 -0.144609
v 0.070999 0.244885 -0.145744
v 0.048495 0.308605 -0.159530
v 0.048252 0.308264 -0.153701
v 0.057651 0.301006 -0.149591
v 0.047682 0.303982 -0.164311
v 0.048707 0.302673 -0.168601
v 0.045723 0.262150 -0.163338
v 0.040202 0.254454 -0.157576
v 0.034066 0.258944 -0.158918
v 0.028371 0.264010 -0.162398
v 0.032889 0.270638 -0.169801
v 0.045029 0.269040 -0.174849
v 0.049997 0.267032 -0.173145
v 0.039120 0.269454 -0.176524
v 0.052910 0.220306 -0.115269
v 0.048944 0.220726 -0.107556
v 0.038165 0.216709 -0.112228
v 0.055439 0.215628 -0.128953
v 0.061645 0.216727 -0.124079
v 0.039034 0.221507 -0.127114
v 0.051844 0.217023 -0.133781
v 0.028772 0.226622 -0.125359
v 0.015644 0.228210 -0.119752
v 0.015348 0.227897 -0.126692
v 0.037843 0.212779 -0.104150
v 0.024348 0.210947 -0.108834
v 0.013194 0.212079 -0.110558
v -0.000115 0.216002 -0.109835
v 0.002007 0.221982 -0.115401
v 0.003735 0.227659 -0.119947
v 0.026539 0.253016 -0.156880
v 0.034662 0.246890 -0.154049
v 0.030380 0.239805 -0.150102
v 0.016480 0.233897 -0.145708
v 0.003909 0.231833 -0.147420
v 0.005400 0.243400 -0.155904
v 0.027578 0.232322 -0.142698
v 0.013419 0.256224 -0.160823
v 0.021020 0.259747 -0.161719
v 0.004791 0.253128 -0.160809
v 0.025289 0.268412 -0.170417
v 0.031329 0.302310 -0.167698
v 0.033974 0.301217 -0.173352
v 0.026573 0.297627 -0.174201
v 0.015097 0.301541 -0.169769
v 0.014544 0.305341 -0.168680
v 0.015843 0.300741 -0.174813
v 0.019729 0.160506 -0.183909
v 0.009668 0.153872 -0.178615
v 0.013899 0.155338 -0.173996
v 0.033430 0.155552 -0.181535
v 0.023162 0.154142 -0.184462
v 0.019188 0.154551 -0.169108
v 0.033682 0.160921 -0.170809
v 0.032998 0.272148 -0.177743
v 0.013268 0.310304 -0.166791
v 0.013888 0.313397 -0.161021
v 0.033571 0.312098 -0.163062
v 0.039675 0.304134 -0.172379
v 0.055569 0.149437 -0.329913
v 0.061192 0.146330 -0.321104
v 0.069570 0.139058 -0.329118
v 0.076250 0.128674 -0.344584
v 0.050325 0.149706 -0.350348
v 0.048028 0.153257 -0.340322
v 0.042962 0.156551 -0.282568
v 0.055328 0.156497 -0.284321
v 0.050927 0.153088 -0.290588
v 0.047232 0.149705 -0.294072
v 0.044220 0.152054 -0.300530
v 0.032799 0.154525 -0.295590
v 0.017726 0.152450 -0.292927
v 0.023459 0.147252 -0.288765
v 0.006438 0.135927 -0.286179
v 0.007999 0.135991 -0.282480
v 0.031111 0.146786 -0.274861
v 0.043438 0.156069 -0.274484
v 0.015408 0.148854 -0.341937
v 0.015479 0.156679 -0.336542
v 0.025334 0.156277 -0.339856
v 0.022973 0.149546 -0.352300
v 0.014779 0.147663 -0.350671
v 0.030106 0.153841 -0.348235
v 0.017947 0.161393 -0.387251
v 0.026199 0.159154 -0.388779
v 0.024187 0.164828 -0.392295
v 0.019183 0.164579 -0.392673
v 0.028962 0.162989 -0.392935
v 0.032411 0.168524 -0.490975
v 0.024647 0.165987 -0.487596
v 0.025201 0.168953 -0.483964
v 0.038052 0.177406 -0.495226
v 0.038310 0.170802 -0.494582
v 0.025387 0.169367 -0.478343
v 0.033112 0.175106 -0.480752
v 0.041981 0.181135 -0.483975
v 0.042313 0.181951 -0.491016
v 0.043865 0.183307 -0.496914
v 0.023624 0.168958 -0.419103
v 0.028675 0.166842 -0.419331
v 0.025989 0.165503 -0.426562
v 0.018018 0.166584 -0.426059
v 0.017533 0.167730 -0.418430
v 0.020673 0.163216 -0.429597
v 0.015512 0.165232 -0.485896
v 0.025371 0.160828 -0.489654
v 0.016020 0.157329 -0.497848
v 0.015330 0.161185 -0.498563
v 0.010941 0.165331 -0.496216
v 0.010513 0.158881 -0.499428
v 0.008202 0.161954 -0.498978
v 0.027654 0.151664 -0.491010
v 0.020794 0.150044 -0.493531
v 0.017980 0.147929 -0.498548
v 0.029961 0.154132 -0.386061
v 0.026828 0.147590 -0.383348
v 0.034140 0.152472 -0.379597
v 0.036621 0.155228 -0.382706
v 0.032111 0.158793 -0.388197
v 0.013574 0.159296 -0.387079
v 0.016340 0.151755 -0.384289
v 0.019770 0.145388 -0.382253
v 0.021980 0.146656 -0.375000
v 0.023238 0.147707 -0.367034
v 0.031542 0.150462 -0.364118
v 0.040363 0.152215 -0.358444
v 0.041379 0.151537 -0.367388
v 0.042635 0.151724 -0.374235
v 0.029254 0.160993 -0.426000
v 0.027556 0.155316 -0.432721
v 0.024077 0.159171 -0.431088
v 0.031720 0.157938 -0.437317
v 0.012910 0.153046 -0.446957
v 0.013678 0.151702 -0.440704
v 0.021582 0.154695 -0.437932
v 0.022079 0.159010 -0.456782
v 0.011557 0.154427 -0.454022
v 0.031613 0.163243 -0.450642
v 0.028793 0.163749 -0.459126
v 0.037055 0.161716 -0.441665
v 0.042822 0.161617 -0.433092
v 0.043037 0.162165 -0.420951
v 0.045446 0.164450 -0.425629
v 0.041022 0.163187 -0.416281
v 0.033131 0.163973 -0.409386
v 0.038949 0.164145 -0.408964
v 0.029110 0.168057 -0.409633
v 0.062766 0.177126 -0.443503
v 0.057548 0.179845 -0.463209
v 0.045973 0.173730 -0.458315
v 0.049452 0.171204 -0.449583
v 0.067525 0.188997 -0.464272
v 0.054070 0.168775 -0.443351
v 0.054307 0.171982 -0.436264
v 0.043037 0.172952 -0.499169
v 0.046549 0.180960 -0.499599
v 0.049584 0.175202 -0.499592
v 0.162667 0.170995 -0.499843
v 0.167473 0.174513 -0.499368
v 0.174854 0.167851 -0.497120
v 0.170491 0.159175 -0.498559
v 0.165125 0.161560 -0.499550
v 0.128157 0.166336 -0.440515
v 0.134867 0.173525 -0.445152
v 0.122922 0.179703 -0.447906
v 0.107048 0.181210 -0.446354
v 0.110429 0.171635 -0.441121
v 0.115490 0.161249 -0.436215
v 0.065653 0.173207 -0.435918
v 0.074770 0.178346 -0.442013
v 0.087759 0.186010 -0.447549
v 0.084755 0.191758 -0.457271
v 0.069432 0.260054 -0.212696
v 0.073790 0.257795 -0.210109
v 0.082523 0.195438 -0.467845
v 0.175201 0.155886 -0.483765
v 0.174763 0.163755 -0.482258
v 0.168910 0.151067 -0.478569
v 0.171941 0.149918 -0.481207
v 0.173523 0.149703 -0.484117
v 0.166655 0.152895 -0.467484
v 0.166738 0.160756 -0.467038
v 0.164653 0.159326 -0.459730
v 0.163315 0.147840 -0.458248
v 0.164395 0.144343 -0.465647
v 0.160494 0.153979 -0.453258
v 0.168788 0.174542 -0.480520
v 0.165258 0.172118 -0.478014
v 0.168251 0.160505 -0.473480
v 0.167545 0.151813 -0.473823
v 0.163684 0.171170 -0.472756
v 0.135653 0.138056 -0.499632
v 0.145756 0.136076 -0.499666
v 0.141683 0.123393 -0.499531
v 0.126396 0.115974 -0.499254
v 0.124095 0.125535 -0.499388
v 0.122472 0.138573 -0.499548
v 0.078335 0.081015 -0.494343
v 0.075794 0.085800 -0.495343
v 0.077279 0.087464 -0.498660
v 0.082752 0.087565 -0.498142
v 0.079074 0.132340 -0.316326
v 0.085615 0.133215 -0.311660
v 0.096948 0.106436 -0.316648
v 0.090380 0.102445 -0.320448
v 0.099509 0.123206 -0.307677
v 0.102741 0.111102 -0.308193
v 0.092088 0.132940 -0.302737
v 0.074857 0.135100 -0.322234
v 0.083606 0.124330 -0.332272
v 0.085879 0.107250 -0.337039
v 0.078891 0.099802 -0.355013
v 0.075625 0.101057 -0.365341
v 0.078718 0.114599 -0.359927
v 0.074298 0.127041 -0.356816
v 0.081831 0.095521 -0.345145
v 0.084316 0.058997 -0.294958
v 0.091590 0.058931 -0.298371
v 0.095068 0.059923 -0.294289
v 0.081395 0.059329 -0.288828
v 0.077179 0.062846 -0.294346
v 0.093271 0.056155 -0.283277
v 0.084563 0.056472 -0.282811
v 0.088521 0.069896 -0.302947
v 0.094199 0.068140 -0.301836
v 0.082674 0.064267 -0.299075
v 0.081445 0.071767 -0.304629
v 0.098555 0.062583 -0.287025
v 0.155072 0.008480 -0.280403
v 0.159010 0.006316 -0.277929
v 0.155460 0.003276 -0.283421
v 0.152176 0.005780 -0.281125
v 0.159678 -0.001080 -0.277648
v 0.159357 -0.004469 -0.280634
v 0.160410 -0.000335 -0.283491
v 0.159520 0.002037 -0.274682
v 0.157005 0.001192 -0.285042
v 0.152541 0.011183 -0.277772
v 0.156460 0.012334 -0.276396
v 0.158108 0.008812 -0.273458
v 0.098106 0.085505 -0.495558
v 0.097043 0.082033 -0.490560
v 0.088323 0.089459 -0.498070
v 0.069115 0.085668 -0.488318
v 0.073327 0.085955 -0.491973
v 0.096832 0.080746 -0.485459
v 0.078883 0.080350 -0.481528
v 0.065449 0.079758 -0.480052
v 0.064307 0.080207 -0.484166
v 0.060737 0.083688 -0.487930
v 0.051581 0.068586 -0.433004
v 0.047296 0.071934 -0.438268
v 0.055526 0.076966 -0.439635
v 0.062533 0.072895 -0.431587
v 0.057435 0.067815 -0.425659
v 0.062130 0.080015 -0.433225
v 0.052619 0.082428 -0.442005
v 0.043867 0.078331 -0.442226
v 0.045373 0.076940 -0.449891
v 0.046114 0.075789 -0.459541
v 0.055554 0.080162 -0.460226
v 0.067491 0.082183 -0.463600
v 0.069237 0.083151 -0.455410
v 0.066909 0.086380 -0.440779
v 0.062109 0.087371 -0.436925
v 0.075007 0.085837 -0.446581
v 0.049900 0.071623 -0.492218
v 0.039468 0.063972 -0.492412
v 0.039012 0.065699 -0.496545
v 0.036173 0.070980 -0.497819
v 0.046271 0.076306 -0.496982
v 0.055022 0.076638 -0.485277
v 0.049077 0.070978 -0.487085
v 0.049979 0.084668 -0.492951
v 0.057749 0.088676 -0.489509
v 0.043071 0.081411 -0.497068
v 0.034631 0.073167 -0.439888
v 0.037581 0.067131 -0.434874
v 0.025655 0.067032 -0.430775
v 0.024596 0.063887 -0.452751
v 0.035668 0.071026 -0.450882
v 0.015141 0.074179 -0.425304
v 0.010897 0.073759 -0.432101
v 0.004043 0.071155 -0.441010
v 0.044552 0.062799 -0.403312
v 0.031040 0.062498 -0.403114
v 0.030521 0.061808 -0.412990
v 0.041209 0.063830 -0.427258
v 0.028328 0.062925 -0.422670
v 0.062616 0.068773 -0.410524
v 0.059112 0.068147 -0.402114
v 0.067409 0.072627 -0.417885
v -0.001331 0.070113 -0.449295
v 0.010621 0.061919 -0.455479
v 0.022362 0.043677 -0.337772
v 0.006318 0.052723 -0.339847
v 0.007859 0.052588 -0.346192
v 0.011976 0.056973 -0.350752
v 0.035197 0.042587 -0.338774
v 0.015198 0.059088 -0.355361
v 0.030566 0.057526 -0.353441
v 0.044159 0.061975 -0.354040
v 0.046847 0.058250 -0.348405
v 0.050082 0.047917 -0.343512
v 0.094452 0.105735 -0.146969
v 0.097470 0.101903 -0.146324
v 0.094118 0.101285 -0.142118
v 0.088164 0.106414 -0.146177
v 0.087022 0.108659 -0.145454
v 0.090177 0.111212 -0.148939
v 0.109607 0.102505 -0.122872
v 0.110064 0.097722 -0.115917
v 0.110311 0.091320 -0.119135
v 0.111685 0.102384 -0.129667
v 0.108484 0.106502 -0.128242
v 0.105596 0.088406 -0.120620
v 0.105241 0.090871 -0.128145
v 0.104194 0.092564 -0.133560
v 0.109033 0.094431 -0.132126
v 0.112741 0.098649 -0.132125
v 0.113546 0.100888 -0.136622
v 0.111825 0.105983 -0.137039
v 0.110906 0.105590 -0.133214
v 0.111639 0.096876 -0.136504
v 0.110026 0.107929 -0.148114
v 0.111074 0.109473 -0.145364
v 0.114554 0.103342 -0.142996
v 0.111147 0.100861 -0.147457
v 0.106759 0.105480 -0.149609
v 0.113086 0.099240 -0.142827
v 0.112800 0.009861 -0.174399
v 0.115178 -0.000884 -0.174723
v 0.106852 0.002144 -0.179871
v 0.108688 0.024221 -0.174296
v 0.111973 0.021119 -0.170633
v 0.101462 0.019899 -0.183408
v 0.107907 0.028325 -0.179562
v 0.091331 0.010185 -0.185164
v 0.090446 0.014046 -0.189494
v 0.092917 0.003809 -0.183680
v 0.117136 0.056759 -0.151893
v 0.112775 0.068657 -0.139316
v 0.120841 0.061241 -0.143103
v 0.123175 0.061469 -0.156622
v 0.118834 0.060975 -0.158202
v 0.118065 0.056185 -0.160538
v 0.111176 0.068231 -0.153662
v 0.103829 0.087769 -0.148651
v 0.106680 0.080282 -0.142548
v 0.118767 0.048729 -0.157113
v 0.115560 0.049646 -0.153611
v 0.114266 0.052794 -0.157006
v 0.136167 0.006788 -0.233863
v 0.138207 -0.001698 -0.242614
v 0.135294 -0.011655 -0.231798
v 0.132925 0.014387 -0.214176
v 0.133080 0.019084 -0.226648
v 0.133461 -0.003408 -0.204337
v 0.132034 0.012815 -0.202575
v 0.131845 -0.024826 -0.224249
v 0.131599 -0.020484 -0.213190
v 0.130845 -0.019122 -0.202013
v 0.131221 0.041654 -0.246147
v 0.130497 0.039056 -0.241784
v 0.127959 0.045685 -0.237298
v 0.126969 0.051988 -0.235818
v 0.130675 0.050462 -0.242323
v 0.133495 0.044377 -0.248332
v 0.125762 0.050123 -0.230073
v 0.124634 0.056636 -0.230251
v 0.126724 0.063323 -0.229967
v 0.132578 0.060524 -0.233930
v 0.137481 0.054898 -0.240064
v 0.133489 0.052861 -0.241624
v 0.128510 0.062846 -0.224192
v 0.137344 0.056889 -0.224946
v 0.140882 0.050421 -0.232637
v 0.139644 0.053368 -0.236060
v 0.127402 0.063474 -0.217078
v 0.131964 0.062200 -0.217159
v 0.134973 0.059501 -0.216290
v 0.125035 0.064010 -0.223698
v 0.123667 0.054747 -0.223514
v 0.123041 0.061069 -0.223597
v 0.136631 0.034347 -0.110444
v 0.134567 0.035699 -0.099015
v 0.140403 0.026215 -0.122671
v 0.137901 0.036438 -0.123617
v 0.140577 0.012838 -0.106124
v 0.141242 0.013967 -0.112675
v 0.143104 0.015172 -0.122779
v 0.146777 0.041904 -0.218271
v 0.146299 0.044435 -0.222750
v 0.143582 0.049375 -0.216674
v 0.141526 0.052181 -0.211923
v 0.141982 0.050648 -0.203290
v 0.144934 0.036816 -0.204700
v 0.146338 0.035696 -0.214769
v 0.137624 0.055955 -0.216006
v 0.137513 0.055237 -0.209052
v 0.142835 0.051700 -0.220122
v 0.140364 0.054773 -0.223501
v 0.146371 0.028367 -0.204182
v 0.149217 0.021514 -0.217588
v 0.149657 0.027366 -0.224218
v 0.149641 0.017102 -0.206470
v 0.158768 0.005321 -0.271000
v 0.157270 0.009901 -0.266407
v 0.158927 0.007849 -0.263684
v 0.161162 0.005165 -0.260660
v 0.161237 -0.004213 -0.260672
v 0.159373 -0.006582 -0.263803
v 0.157199 -0.008071 -0.265982
v 0.159107 -0.002083 -0.271299
v 0.161267 0.000515 -0.255651
v 0.152745 -0.012274 -0.229455
v 0.154949 -0.002870 -0.226482
v 0.154364 -0.007185 -0.210352
v 0.148186 -0.027535 -0.220199
v 0.152981 -0.018809 -0.233045
v 0.153691 -0.008299 -0.189550
v 0.148201 -0.022096 -0.189515
v 0.144742 -0.036836 -0.203587
v 0.145412 -0.037795 -0.211796
v 0.149874 -0.032865 -0.224882
v 0.146460 -0.044129 -0.219894
v 0.149425 -0.038029 -0.229881
v 0.145045 -0.045528 -0.210679
v 0.158149 -0.003142 -0.284442
v 0.155805 -0.001564 -0.284330
v 0.102606 -0.115290 -0.197757
v 0.102554 -0.115073 -0.206724
v 0.110337 -0.103222 -0.206596
v 0.100729 -0.113753 -0.192072
v 0.113088 -0.091366 -0.207379
v 0.109969 -0.085967 -0.194597
v 0.108616 -0.081269 -0.184111
v 0.105829 -0.092842 -0.183425
v 0.102821 -0.101114 -0.184390
v 0.096005 -0.110302 -0.187242
v 0.112602 -0.077394 -0.081619
v 0.104473 -0.086506 -0.081278
v 0.101544 -0.091724 -0.088987
v 0.100394 -0.098606 -0.099752
v 0.106672 -0.089210 -0.099827
v 0.106123 -0.083051 -0.100264
v 0.112815 -0.065414 -0.084112
v 0.108760 -0.062562 -0.084907
v 0.120129 -0.116558 -0.266620
v 0.118335 -0.111855 -0.253454
v 0.114726 -0.119200 -0.250306
v 0.108592 -0.130327 -0.261438
v 0.105391 -0.131988 -0.274115
v 0.113280 -0.126758 -0.277278
v 0.108191 -0.125789 -0.248061
v 0.125221 -0.046742 -0.217982
v 0.128277 -0.036926 -0.220083
v 0.128041 -0.041087 -0.228828
v 0.127675 -0.045494 -0.234769
v 0.123895 -0.055578 -0.229977
v 0.122967 -0.054386 -0.218558
v 0.117425 -0.034068 -0.161880
v 0.115065 -0.044943 -0.161638
v 0.113817 -0.044664 -0.167451
v 0.111610 -0.033189 -0.172655
v 0.112378 -0.025864 -0.168655
v 0.118240 -0.027587 -0.163737
v 0.111937 -0.067003 -0.149889
v 0.115616 -0.054479 -0.153759
v 0.118008 -0.054043 -0.156735
v 0.118493 -0.054516 -0.165560
v 0.117202 -0.059714 -0.162047
v 0.121520 -0.061033 -0.159884
v 0.119145 -0.060397 -0.147122
v 0.114168 -0.062327 -0.131956
v 0.112329 -0.067405 -0.130111
v 0.130780 -0.045151 -0.096970
v 0.131873 -0.045753 -0.106331
v 0.134900 -0.038890 -0.106531
v 0.138303 -0.026755 -0.108529
v 0.137991 -0.023053 -0.101810
v 0.136049 -0.037310 -0.081997
v 0.131323 -0.044831 -0.084258
v 0.100938 -0.073623 -0.090958
v 0.100358 -0.067747 -0.089780
v 0.102057 -0.065176 -0.088851
v 0.103087 -0.079839 -0.101151
v 0.105549 -0.059183 -0.087731
v 0.108617 -0.107626 -0.142159
v 0.106697 -0.106543 -0.146476
v 0.106362 -0.100913 -0.143803
v 0.106595 -0.097430 -0.138556
v 0.109306 -0.099728 -0.137380
v 0.108942 -0.107628 -0.137217
v 0.092618 -0.120094 -0.155853
v 0.089337 -0.118231 -0.154489
v 0.096496 -0.107534 -0.151274
v 0.102671 -0.112130 -0.151658
v 0.096881 -0.122931 -0.154635
v 0.103482 -0.105570 -0.148789
v 0.102617 -0.101999 -0.146015
v 0.103772 -0.087047 -0.134605
v 0.102730 -0.092393 -0.132786
v 0.106601 -0.094360 -0.132271
v 0.095512 -0.107091 -0.147957
v 0.092456 -0.107139 -0.144422
v 0.089586 -0.104864 -0.145187
v 0.106532 -0.080685 -0.144944
v 0.108967 -0.077419 -0.138908
v 0.099457 -0.095230 -0.148316
v 0.106337 -0.082494 -0.150671
v 0.090572 -0.105408 -0.150566
v 0.074082 -0.132493 -0.109439
v 0.068080 -0.141741 -0.124851
v 0.077589 -0.137575 -0.132830
v 0.091453 -0.111341 -0.098725
v 0.077523 -0.122615 -0.092684
v 0.099565 -0.106909 -0.113753
v 0.080946 -0.136245 -0.140766
v 0.092055 -0.123047 -0.130444
v 0.100378 -0.111188 -0.125754
v 0.018544 -0.005948 -0.185127
v 0.038352 -0.006278 -0.191735
v 0.037403 -0.009522 -0.195740
v 0.038329 -0.012335 -0.203290
v 0.018923 -0.016811 -0.200991
v 0.002847 -0.028128 -0.200621
v 0.000339 -0.023529 -0.186387
v -0.006594 -0.020586 -0.171844
v -0.001106 -0.008478 -0.174862
v 0.002148 -0.001996 -0.176437
v 0.097446 -0.056466 -0.256317
v 0.098703 -0.058196 -0.268201
v 0.085966 -0.054618 -0.266695
v 0.092952 -0.050325 -0.245435
v 0.074811 -0.048695 -0.263360
v 0.077737 -0.035997 -0.240507
v 0.090856 -0.041018 -0.235239
v 0.060029 -0.035510 -0.254567
v 0.060059 -0.031527 -0.243767
v 0.059474 -0.040690 -0.262449
v 0.072082 -0.086812 -0.380060
v 0.076112 -0.089720 -0.389591
v 0.072200 -0.083291 -0.395124
v 0.069577 -0.078025 -0.402427
v 0.062803 -0.075163 -0.395999
v 0.065459 -0.076266 -0.369927
v 0.071975 -0.081851 -0.367900
v 0.052473 -0.074003 -0.392256
v 0.053931 -0.075947 -0.380447
v 0.055135 -0.073222 -0.368785
v 0.001535 -0.077764 -0.434854
v 0.007174 -0.079123 -0.425976
v 0.017057 -0.063413 -0.448371
v 0.006346 -0.066141 -0.447492
v 0.028098 -0.069806 -0.437936
v 0.028944 -0.066312 -0.448534
v 0.019677 -0.068945 -0.424547
v 0.029357 -0.066070 -0.430307
v 0.008908 -0.076508 -0.417517
v 0.042589 -0.068502 -0.498039
v 0.043402 -0.067246 -0.493457
v 0.050646 -0.072117 -0.494128
v 0.047623 -0.076279 -0.498703
v 0.040776 -0.073015 -0.498731
v 0.051547 -0.077789 -0.495027
v 0.058985 -0.084413 -0.438488
v 0.060239 -0.079699 -0.435634
v 0.068978 -0.084693 -0.431112
v 0.073572 -0.088187 -0.426963
v 0.079166 -0.087428 -0.429935
v 0.070502 -0.085813 -0.447236
v 0.059559 -0.083845 -0.447299
v 0.083914 -0.088182 -0.441828
v 0.082286 -0.086871 -0.450527
v 0.088121 -0.088774 -0.434665
v 0.069467 -0.081313 -0.478669
v 0.068584 -0.081870 -0.485654
v 0.061203 -0.081414 -0.472669
v 0.069885 -0.082460 -0.472979
v 0.051466 -0.076099 -0.473903
v 0.067155 -0.086147 -0.488606
v 0.059674 -0.082630 -0.486129
v 0.053606 -0.079954 -0.485956
v 0.080285 -0.081039 -0.481288
v 0.079348 -0.080727 -0.486455
v 0.078103 -0.082585 -0.491176
v 0.052755 -0.078727 -0.489730
v 0.051019 -0.072538 -0.488638
v 0.043100 -0.067056 -0.481261
v 0.042572 -0.068133 -0.473850
v 0.043358 -0.066923 -0.487896
v 0.068423 -0.077343 -0.424434
v 0.062203 -0.071854 -0.427202
v 0.064208 -0.070749 -0.419652
v 0.070661 -0.076749 -0.414781
v 0.073023 -0.079390 -0.418053
v 0.067471 -0.073287 -0.410312
v 0.074638 -0.081923 -0.421675
v 0.074309 -0.087531 -0.422301
v 0.072278 -0.088128 -0.424268
v 0.061824 -0.075078 -0.431437
v 0.079149 -0.056993 -0.284572
v 0.090278 -0.059082 -0.287299
v 0.070595 -0.048306 -0.289039
v 0.072325 -0.047229 -0.281717
v 0.077257 -0.061341 -0.295349
v 0.068937 -0.049884 -0.293025
v 0.092373 -0.070347 -0.300473
v 0.088164 -0.071452 -0.302024
v 0.097600 -0.070604 -0.296197
v 0.067100 -0.048911 -0.336309
v 0.066857 -0.047411 -0.328327
v 0.074797 -0.054829 -0.329965
v 0.075383 -0.058884 -0.339971
v 0.067325 -0.054240 -0.344269
v 0.078815 -0.062400 -0.334055
v 0.101240 -0.070669 -0.288342
v 0.075239 -0.090046 -0.362249
v 0.077824 -0.081845 -0.349766
v 0.079788 -0.086760 -0.342879
v 0.082875 -0.089817 -0.336340
v 0.083291 -0.101782 -0.343491
v 0.083005 -0.114459 -0.347025
v 0.079836 -0.116429 -0.357996
v 0.075958 -0.109450 -0.368913
v 0.072241 -0.128996 -0.359663
v 0.077947 -0.130488 -0.376734
v 0.081361 -0.114767 -0.377559
v 0.060753 -0.138947 -0.360491
v 0.063727 -0.139496 -0.370619
v 0.080047 -0.124683 -0.347753
v 0.071910 -0.131756 -0.346902
v 0.117386 -0.118441 -0.279754
v 0.121016 -0.119122 -0.499416
v 0.123987 -0.111452 -0.499245
v 0.137174 -0.116982 -0.499490
v 0.130740 -0.132965 -0.499634
v 0.117690 -0.131734 -0.499555
v 0.141798 -0.131779 -0.499699
v 0.078074 -0.082644 -0.417392
v 0.082300 -0.086173 -0.412903
v 0.080912 -0.088818 -0.415537
v 0.076977 -0.092174 -0.417643
v 0.144054 -0.168341 -0.499693
v 0.142536 -0.158978 -0.499680
v 0.154307 -0.157568 -0.499709
v 0.162155 -0.158059 -0.499646
v 0.159565 -0.168474 -0.499729
v 0.146754 -0.174928 -0.499719
v 0.162876 -0.144823 -0.459810
v 0.155443 -0.131767 -0.456553
v 0.151516 -0.138915 -0.448396
v 0.146862 -0.150221 -0.442080
v 0.157613 -0.156557 -0.450067
v 0.164141 -0.159926 -0.458450
v 0.111904 -0.179449 -0.445715
v 0.110072 -0.189357 -0.451447
v 0.125491 -0.187286 -0.453760
v 0.130848 -0.173848 -0.444040
v 0.118379 -0.167409 -0.440251
v 0.139747 -0.180135 -0.451041
v 0.049275 -0.167266 -0.427029
v 0.045483 -0.163715 -0.424076
v 0.051462 -0.169639 -0.440078
v 0.055589 -0.170697 -0.432856
v 0.046958 -0.169811 -0.446337
v 0.049151 -0.158638 -0.412785
v 0.049579 -0.161706 -0.407916
v 0.041475 -0.164206 -0.412071
v 0.035518 -0.165340 -0.416000
v 0.049315 -0.156725 -0.416861
v 0.052419 -0.159515 -0.419224
v 0.036556 -0.156499 -0.431899
v 0.030780 -0.150376 -0.374188
v 0.019623 -0.146626 -0.373715
v 0.019238 -0.153061 -0.384182
v 0.033364 -0.159827 -0.389655
v 0.043897 -0.158697 -0.387061
v 0.042286 -0.155037 -0.379743
v 0.041356 -0.152681 -0.372975
v 0.023249 -0.163264 -0.392541
v 0.028278 -0.165492 -0.421566
v 0.031508 -0.159983 -0.424985
v 0.035623 -0.165168 -0.448693
v 0.025738 -0.155879 -0.434612
v 0.014982 -0.152775 -0.440342
v 0.015143 -0.154466 -0.446418
v 0.014487 -0.156187 -0.453887
v 0.025418 -0.161341 -0.455338
v 0.032380 -0.167637 -0.458790
v 0.023434 -0.158835 -0.431066
v 0.017592 -0.152498 -0.499021
v 0.019557 -0.152832 -0.494181
v 0.017279 -0.160382 -0.493451
v 0.013789 -0.163123 -0.491954
v 0.012435 -0.150940 -0.499562
v 0.004450 -0.162769 -0.493783
v 0.003771 -0.156420 -0.498531
v 0.007249 -0.163047 -0.488838
v 0.005841 -0.148468 -0.499418
v 0.020816 -0.166374 -0.482213
v 0.020789 -0.164835 -0.476399
v 0.011417 -0.161456 -0.475253
v 0.017715 -0.163946 -0.488286
v 0.022387 -0.165600 -0.487287
v -0.004104 -0.159039 -0.480446
v -0.005510 -0.158817 -0.486051
v -0.003158 -0.157448 -0.473385
v 0.045277 -0.155259 -0.288745
v 0.050491 -0.157867 -0.284801
v 0.040503 -0.157706 -0.280693
v 0.036180 -0.149775 -0.278378
v 0.017189 -0.139430 -0.284730
v 0.015484 -0.142273 -0.288874
v 0.031388 -0.151769 -0.290754
v 0.050719 -0.150055 -0.301090
v 0.054255 -0.147962 -0.296615
v 0.058908 -0.150894 -0.294581
v 0.031687 -0.265342 -0.207339
v 0.029556 -0.268260 -0.210904
v 0.043793 -0.264759 -0.203622
v 0.029580 -0.145044 -0.277841
v 0.073331 -0.134251 -0.334081
v 0.075717 -0.133682 -0.326467
v 0.063175 -0.145078 -0.318147
v 0.046289 -0.152468 -0.306021
v 0.041740 -0.157202 -0.311446
v 0.033978 -0.163635 -0.316516
v 0.046725 -0.156596 -0.332535
v 0.050329 -0.149919 -0.348783
v 0.060386 -0.141600 -0.346952
v 0.041027 -0.309820 -0.160703
v 0.028772 -0.312937 -0.164193
v 0.043418 -0.304322 -0.172805
v 0.050455 -0.301820 -0.171818
v 0.049123 -0.301545 -0.164058
v 0.037358 -0.302999 -0.173417
v 0.050996 -0.304742 -0.158349
v 0.040459 -0.274425 -0.209899
v 0.033977 -0.274302 -0.208902
v 0.052572 -0.262321 -0.202159
v 0.055297 -0.266409 -0.210220
v 0.047817 -0.275247 -0.211408
v 0.045260 -0.265149 -0.197977
v 0.036270 -0.269901 -0.192646
v 0.045805 -0.266456 -0.189972
v 0.026372 -0.263500 -0.201065
v 0.024740 -0.265774 -0.192899
v 0.025818 -0.263350 -0.206417
v 0.026028 -0.133805 -0.165878
v 0.039657 -0.137069 -0.163815
v 0.040479 -0.142534 -0.167483
v 0.042881 -0.146760 -0.172636
v 0.011935 -0.126508 -0.165888
v 0.015628 -0.123823 -0.162786
v 0.016760 -0.139417 -0.178428
v 0.006316 -0.125810 -0.169312
v 0.027614 -0.146868 -0.181705
v 0.043432 -0.149711 -0.178283
v 0.031136 -0.299003 -0.173655
v 0.024819 -0.300610 -0.173793
v 0.028146 -0.274568 -0.212242
v 0.016419 -0.313265 -0.164743
v 0.016733 -0.306613 -0.168623
v 0.017247 -0.301273 -0.173754
v 0.030926 -0.305830 -0.136396
v 0.019975 -0.307581 -0.138332
v 0.026127 -0.310875 -0.144241
v 0.035170 -0.307422 -0.141673
v 0.017862 -0.310094 -0.144545
v 0.018854 -0.221806 -0.118831
v 0.020426 -0.213146 -0.114509
v 0.033695 -0.216137 -0.111787
v 0.040336 -0.220270 -0.120587
v 0.037730 -0.222361 -0.128203
v 0.029078 -0.225446 -0.125623
v 0.017539 -0.226200 -0.124435
v 0.034277 -0.209970 -0.102771
v 0.043586 -0.213456 -0.098196
v 0.052330 -0.219113 -0.118764
v 0.047945 -0.218406 -0.125612
v 0.062237 -0.265954 -0.115015
v 0.064469 -0.258374 -0.115199
v 0.064540 -0.259634 -0.106629
v 0.065450 -0.260033 -0.100003
v 0.060791 -0.273787 -0.098464
v 0.050670 -0.288040 -0.115906
v 0.048745 -0.286923 -0.120151
v 0.053302 -0.290092 -0.111203
v 0.061668 -0.274542 -0.122493
v 0.064260 -0.266971 -0.123650
v 0.057600 -0.280143 -0.123850
v 0.053146 -0.290247 -0.105941
v 0.063695 -0.253631 -0.105225
v 0.068793 -0.251389 -0.118980
v 0.066463 -0.246028 -0.111866
v 0.061287 -0.247363 -0.103899
v 0.051445 -0.288792 -0.126380
v 0.049868 -0.297064 -0.196258
v 0.054057 -0.288049 -0.202067
v 0.057381 -0.288156 -0.195989
v 0.054678 -0.296299 -0.187817
v 0.049143 -0.301270 -0.188405
v 0.058594 -0.287954 -0.188950
v 0.057337 -0.296407 -0.156927
v 0.054630 -0.294757 -0.162453
v 0.055453 -0.294974 -0.170696
v 0.059648 -0.287326 -0.169759
v 0.065237 -0.283509 -0.168984
v 0.059718 -0.241407 -0.152445
v 0.057715 -0.234038 -0.152879
v 0.063425 -0.232500 -0.156523
v 0.068522 -0.230275 -0.163452
v 0.073465 -0.233514 -0.161087
v 0.079565 -0.233390 -0.158049
v 0.075260 -0.237583 -0.150077
v 0.073196 -0.243253 -0.143302
v 0.067738 -0.246900 -0.148249
v 0.056901 -0.233014 -0.101821
v 0.061359 -0.232067 -0.109254
v 0.057833 -0.224713 -0.111707
v 0.051975 -0.224208 -0.103104
v 0.054013 -0.228101 -0.097738
v 0.063809 -0.231894 -0.100297
v 0.062577 -0.227336 -0.095568
v 0.066280 -0.228648 -0.093766
v 0.068206 -0.235862 -0.096410
v 0.065073 -0.237828 -0.100177
v 0.066822 -0.234191 -0.091364
v 0.059394 -0.233458 -0.100540
v 0.064812 -0.238425 -0.110056
v 0.065305 -0.244868 -0.099931
v 0.045666 -0.149903 -0.135747
v 0.043971 -0.153867 -0.148110
v 0.064007 -0.148299 -0.142431
v 0.050125 -0.144710 -0.121342
v 0.086253 -0.226867 -0.163182
v 0.086916 -0.221451 -0.166532
v 0.088151 -0.220574 -0.161084
v 0.085517 -0.226583 -0.153144
v 0.083462 -0.230764 -0.155406
v 0.086153 -0.221442 -0.151821
v 0.076606 -0.210912 -0.163664
v 0.072767 -0.210126 -0.155541
v 0.077582 -0.210449 -0.153525
v 0.082993 -0.211898 -0.161555
v 0.080869 -0.213212 -0.166616
v 0.081850 -0.212963 -0.152120
v 0.084253 -0.222626 -0.169078
v 0.083214 -0.228937 -0.165402
v 0.078455 -0.229222 -0.167861
v 0.073353 -0.226781 -0.169160
v 0.078037 -0.221561 -0.171506
v 0.082036 -0.218249 -0.170139
v 0.069183 -0.222207 -0.168253
v 0.064973 -0.224970 -0.163533
v 0.063892 -0.219210 -0.161836
v 0.065380 -0.214413 -0.160020
v 0.069529 -0.215207 -0.166144
v 0.073717 -0.218132 -0.170039
v 0.058924 -0.256693 -0.206463
v 0.058956 -0.254596 -0.200039
v 0.067185 -0.252566 -0.198763
v 0.072775 -0.255975 -0.200016
v 0.069988 -0.255543 -0.206235
v 0.063731 -0.259938 -0.209730
v 0.067740 -0.264615 -0.208463
v 0.074569 -0.262141 -0.202245
v 0.071213 -0.268199 -0.203887
v 0.065288 -0.289189 -0.148068
v 0.059046 -0.298235 -0.148576
v 0.070248 -0.279719 -0.167933
v 0.068738 -0.280666 -0.157780
v 0.068968 -0.282001 -0.148234
v 0.067148 -0.255647 -0.151878
v 0.067631 -0.257320 -0.159564
v 0.062244 -0.254827 -0.161196
v 0.068820 -0.252958 -0.145760
v 0.052962 -0.250097 -0.156636
v 0.052076 -0.242622 -0.152755
v 0.053504 -0.255458 -0.162810
v 0.116072 -0.071465 -0.002046
v 0.121174 -0.070131 0.010609
v 0.113099 -0.081289 0.017814
v 0.107254 -0.089097 0.025488
v 0.098643 -0.094225 0.012652
v 0.102524 -0.082430 -0.009943
v 0.113509 -0.070865 -0.010918
v 0.087628 -0.096600 -0.005543
v 0.088388 -0.092647 -0.013687
v 0.085844 -0.101380 0.002887
v 0.122247 -0.063704 -0.069180
v 0.118283 -0.077020 -0.066720
v 0.116683 -0.076830 -0.074961
v 0.128364 -0.053823 -0.077371
v 0.128250 -0.053399 -0.069267
v 0.126173 -0.052383 -0.085778
v 0.099786 -0.071890 -0.095319
v 0.101635 -0.068558 -0.094164
v 0.073217 -0.197083 -0.051097
v 0.076314 -0.198135 -0.041894
v 0.075247 -0.204759 -0.046297
v 0.071705 -0.211634 -0.053377
v 0.071990 -0.206564 -0.056596
v 0.070450 -0.203286 -0.058793
v 0.072667 -0.127288 0.051354
v 0.070622 -0.131861 0.045430
v 0.065185 -0.132245 0.044496
v 0.072466 -0.119912 0.059354
v 0.074880 -0.123857 0.059736
v 0.059195 -0.132760 0.038396
v 0.058884 -0.126280 0.043184
v 0.067289 -0.117563 0.051046
v 0.074342 -0.113749 0.057413
v 0.058963 -0.119637 0.044919
v 0.090586 -0.097074 0.074470
v 0.087243 -0.101477 0.069272
v 0.092184 -0.098292 0.066697
v 0.098607 -0.096883 0.066123
v 0.098015 -0.093907 0.072873
v 0.094973 -0.092720 0.078315
v 0.093235 -0.090556 0.084858
v 0.087661 -0.095900 0.085465
v 0.091359 -0.093441 0.082644
v 0.103780 -0.092095 0.075361
v 0.092392 -0.097243 0.093026
v 0.109035 -0.068738 0.086596
v 0.113052 -0.071567 0.089290
v 0.109881 -0.077099 0.072911
v 0.106698 -0.091268 0.064387
v 0.109004 -0.085676 0.062156
v 0.104193 -0.095828 0.065866
v 0.088469 -0.138438 0.039373
v 0.090696 -0.134164 0.042920
v 0.091731 -0.139481 0.044217
v 0.089224 -0.148992 0.040918
v 0.086830 -0.148404 0.037471
v 0.090091 -0.148407 0.044785
v 0.109385 -0.092341 0.097492
v 0.096808 -0.100629 0.101314
v 0.092862 -0.105855 0.097157
v 0.115862 -0.074121 0.096072
v 0.089672 -0.103708 0.095675
v 0.090208 -0.115100 0.106266
v 0.092659 -0.120696 0.101388
v 0.093877 -0.115757 0.097560
v 0.087544 -0.106619 0.111029
v 0.084951 -0.110488 0.111557
v 0.094050 -0.111390 0.094353
v 0.093135 -0.099144 0.108965
v 0.084968 -0.103102 0.093490
v 0.080750 -0.108974 0.087098
v 0.080674 -0.104323 0.084670
v 0.083559 -0.101529 0.082155
v 0.090734 -0.108087 0.092190
v 0.091400 -0.114045 0.086122
v 0.085830 -0.111680 0.086240
v 0.075531 -0.123824 0.118197
v 0.079073 -0.118206 0.114018
v 0.075759 -0.115584 0.119092
v 0.068971 -0.123984 0.127649
v 0.069652 -0.130066 0.125471
v 0.068910 -0.118027 0.129859
v 0.082300 -0.106884 0.121673
v 0.076084 -0.106753 0.138619
v 0.075096 -0.110830 0.136157
v 0.082368 -0.093214 0.125586
v 0.076750 -0.102155 0.141650
v 0.079762 -0.110809 0.235897
v 0.066465 -0.122748 0.231995
v 0.060582 -0.117176 0.223552
v 0.057269 -0.110353 0.219970
v 0.066477 -0.105611 0.223228
v 0.089576 -0.103900 0.237069
v 0.081374 -0.100876 0.213313
v 0.093481 -0.098607 0.215831
v 0.067541 -0.100310 0.219850
v 0.070323 -0.097605 0.212858
v 0.091161 -0.097160 0.175630
v 0.092381 -0.095166 0.179881
v 0.077694 -0.099893 0.178748
v 0.088453 -0.094150 0.174128
v 0.053899 -0.097471 0.185800
v 0.052795 -0.093782 0.182901
v 0.070113 -0.090766 0.177837
v 0.082790 -0.084752 0.172449
v 0.085847 -0.089690 0.173384
v 0.072237 -0.097438 0.186936
v 0.054749 -0.099313 0.190435
v 0.081312 -0.097723 0.185867
v 0.097717 -0.099405 0.235148
v 0.092648 -0.093571 0.184523
v 0.101490 -0.094143 0.217322
v 0.101882 -0.095304 0.226078
v 0.103267 -0.095651 0.233542
v 0.121600 -0.085978 0.259908
v 0.119965 -0.085780 0.265758
v 0.107956 -0.094387 0.269304
v 0.101897 -0.099324 0.258089
v 0.111654 -0.088856 0.257750
v 0.091630 -0.101774 0.274432
v 0.091810 -0.104931 0.267315
v 0.121560 -0.082721 0.256391
v 0.125171 -0.068802 0.226898
v 0.127952 -0.068923 0.224315
v 0.119363 -0.083340 0.235713
v 0.113750 -0.088870 0.237210
v 0.113657 -0.087874 0.231706
v 0.113436 -0.086934 0.225886
v 0.117371 -0.080541 0.226887
v 0.115616 -0.071430 0.227799
v 0.117245 -0.080187 0.218968
v 0.113544 -0.076121 0.220158
v 0.114751 -0.070440 0.220400
v 0.108001 -0.081016 0.249993
v 0.105725 -0.081032 0.253777
v 0.101835 -0.084382 0.252590
v 0.105312 -0.087301 0.251700
v 0.107746 -0.085543 0.249157
v 0.111700 -0.082708 0.247820
v 0.105440 -0.083317 0.256801
v 0.105872 -0.087163 0.256983
v 0.104348 -0.088015 0.254599
v 0.107119 -0.091560 0.252064
v 0.103678 -0.097911 0.249289
v 0.107244 -0.095323 0.246690
v 0.096778 -0.101905 0.252158
v 0.111687 -0.083742 0.256785
v 0.091038 -0.073213 0.169822
v 0.080729 -0.079586 0.173254
v 0.080939 -0.075281 0.178199
v 0.095463 -0.066623 0.173968
v 0.099113 -0.068373 0.166444
v 0.081867 -0.069366 0.179821
v 0.119400 -0.065175 0.220468
v 0.123618 -0.065263 0.220023
v 0.108893 -0.084618 0.196696
v 0.102382 -0.089190 0.196378
v 0.102801 -0.087224 0.188098
v 0.116462 -0.076488 0.188293
v 0.113432 -0.080873 0.197527
v 0.102477 -0.087120 0.182108
v 0.110791 -0.079487 0.178492
v 0.119621 -0.071167 0.172937
v 0.120320 -0.070830 0.178176
v 0.121976 -0.069810 0.181917
v 0.125480 -0.079662 0.238910
v 0.118791 -0.085644 0.241510
v 0.132157 -0.073537 0.236975
v 0.123894 -0.065006 0.190515
v 0.125254 -0.064524 0.196403
v 0.120338 -0.062369 0.195183
v 0.116232 -0.063296 0.194191
v 0.116468 -0.064426 0.189292
v 0.113213 -0.068364 0.202104
v 0.110977 -0.072861 0.200212
v 0.113384 -0.068585 0.191058
v 0.117400 -0.064119 0.203207
v 0.129042 -0.062976 0.178417
v 0.130070 -0.063023 0.183505
v 0.130390 -0.063284 0.189233
v 0.116313 -0.072785 0.190338
v 0.141992 -0.044370 0.171440
v 0.148870 -0.036245 0.168564
v 0.148612 -0.038510 0.174686
v 0.148825 -0.040848 0.181368
v 0.143159 -0.041701 0.181997
v 0.139329 -0.038806 0.184103
v 0.134705 -0.039610 0.182524
v 0.131541 -0.044151 0.180821
v 0.134630 -0.048235 0.176441
v 0.138170 -0.063643 0.221582
v 0.137367 -0.062514 0.213553
v 0.140999 -0.058392 0.213080
v 0.138795 -0.055165 0.213394
v 0.152185 -0.048758 0.224848
v 0.152643 -0.049464 0.230239
v 0.145209 -0.058028 0.229253
v 0.152429 -0.047267 0.221570
v 0.138451 -0.065275 0.229015
v 0.163309 -0.033520 0.225071
v 0.162460 -0.033487 0.221328
v 0.167192 -0.025835 0.220926
v 0.167751 -0.021888 0.214921
v 0.170597 -0.018446 0.215648
v 0.169096 -0.024830 0.227766
v 0.164256 -0.033489 0.229014
v 0.174180 -0.013451 0.216708
v 0.173737 -0.015856 0.222620
v 0.149051 -0.034236 0.162495
v 0.156588 -0.021122 0.156548
v 0.152694 -0.020581 0.165659
v 0.151996 -0.027043 0.172482
v 0.152281 -0.031852 0.173654
v 0.156867 -0.038801 0.213195
v 0.156069 -0.038482 0.208631
v 0.160327 -0.032340 0.207940
v 0.161922 -0.032954 0.217476
v 0.157129 -0.039866 0.217575
v 0.158759 -0.028579 0.209453
v 0.159995 -0.026504 0.212976
v 0.165001 -0.025050 0.214384
v 0.163086 -0.021918 0.211721
v 0.127915 -0.063288 0.173433
v 0.134857 -0.054535 0.170114
v 0.141880 -0.044739 0.166452
v 0.133286 -0.051846 0.181782
v 0.134465 -0.056204 0.182513
v 0.136943 -0.052623 0.219222
v 0.135476 -0.051264 0.213891
v 0.135409 -0.045980 0.214259
v 0.140389 -0.043345 0.220699
v 0.140243 -0.040690 0.213843
v 0.138140 -0.066877 0.236037
v 0.127952 -0.067156 0.219902
v 0.133019 -0.067014 0.220907
v 0.146679 -0.047612 0.219958
v 0.147426 -0.043385 0.216981
v 0.152645 -0.045901 0.218286
v 0.131996 -0.045491 0.190543
v 0.132124 -0.049617 0.189573
v 0.135629 -0.053150 0.188893
v 0.105675 -0.063096 0.164762
v 0.108090 -0.053429 0.165439
v 0.110768 -0.055926 0.160900
v 0.091568 -0.053828 0.170925
v 0.100430 -0.047726 0.165651
v 0.128507 -0.067364 0.290498
v 0.129295 -0.071738 0.281462
v 0.139308 -0.062802 0.279666
v 0.147049 -0.051484 0.283661
v 0.140348 -0.055381 0.292250
v 0.129206 -0.059748 0.299425
v 0.140116 -0.017403 0.331265
v 0.137234 -0.024359 0.326692
v 0.147830 -0.033250 0.309063
v 0.156578 -0.028577 0.296070
v 0.161408 -0.019131 0.300025
v 0.166421 -0.012018 0.302398
v 0.160918 -0.011596 0.314968
v 0.154045 -0.009501 0.323657
v 0.170112 -0.015497 0.239556
v 0.165729 -0.013045 0.238742
v 0.167519 -0.014898 0.231550
v 0.165475 -0.022333 0.229345
v 0.177624 -0.010215 0.223790
v 0.176988 -0.012940 0.231067
v 0.166142 -0.017631 0.245875
v 0.162677 -0.012034 0.236270
v 0.160596 -0.024570 0.246562
v 0.156263 -0.022750 0.243893
v 0.153420 -0.021988 0.239492
v 0.155312 -0.016159 0.234024
v 0.157962 -0.016765 0.230538
v 0.162796 -0.011855 0.232028
v 0.151267 -0.022378 0.234986
v 0.163807 -0.013030 0.231946
v 0.170946 -0.016446 0.259729
v 0.166477 -0.026178 0.259590
v 0.167125 -0.027009 0.252014
v 0.169498 -0.018508 0.246900
v 0.178741 -0.011960 0.250734
v 0.165035 -0.026782 0.247708
v 0.177540 -0.011059 0.260847
v 0.166971 0.010472 0.303292
v 0.157914 0.009189 0.319613
v 0.145812 0.009604 0.333202
v 0.148331 0.003316 0.335880
v 0.147689 -0.003205 0.337213
v 0.145102 -0.009836 0.335761
v 0.154564 -0.026141 0.211024
v 0.153176 -0.025585 0.205039
v 0.150679 -0.022748 0.205792
v 0.153571 -0.019616 0.211590
v 0.156297 -0.022879 0.212697
v 0.153106 -0.018352 0.205616
v 0.147132 -0.023005 0.170192
v 0.148184 -0.015766 0.166696
v 0.148768 -0.015739 0.171813
v 0.150177 -0.016561 0.180860
v 0.146462 -0.021548 0.180013
v 0.148297 -0.023723 0.179585
v 0.151322 -0.018492 0.165788
v 0.154706 -0.014342 0.166846
v 0.152361 -0.012108 0.172359
v 0.156932 -0.013086 0.171720
v 0.163274 -0.010136 0.156306
v 0.165527 -0.007867 0.161542
v 0.161097 -0.014437 0.165898
v 0.162337 -0.009077 0.149508
v 0.158244 -0.015170 0.166862
v 0.161604 -0.014576 0.198060
v 0.167501 -0.014254 0.197159
v 0.168999 -0.015006 0.204361
v 0.156705 -0.014192 0.205365
v 0.156273 -0.013508 0.198569
v 0.170134 -0.016110 0.209994
v 0.166110 -0.019350 0.210102
v 0.160070 -0.017879 0.210265
v 0.181716 -0.006323 0.231672
v 0.182102 -0.007622 0.240442
v 0.163754 -0.000970 0.145419
v 0.161331 -0.008383 0.143244
v 0.142011 -0.020561 0.057531
v 0.151875 -0.010599 0.050852
v 0.132231 -0.023105 0.072919
v 0.134101 -0.028299 0.063885
v 0.133298 -0.004059 -0.052748
v 0.135593 -0.006936 -0.051064
v 0.134305 -0.006520 -0.048540
v 0.130446 -0.007469 -0.047713
v 0.130812 -0.003658 -0.050452
v 0.131162 -0.004242 -0.052561
v 0.156807 -0.018268 -0.080446
v 0.150889 -0.026476 -0.083701
v 0.151359 -0.019762 -0.091961
v 0.153381 -0.009283 -0.096269
v 0.157950 -0.008279 -0.088294
v 0.160881 -0.008018 -0.079864
v 0.138788 -0.017456 -0.038554
v 0.135469 -0.024502 -0.034650
v 0.132391 -0.025477 -0.038243
v 0.128438 -0.025298 -0.039542
v 0.136051 -0.018942 -0.051240
v 0.145562 -0.017594 -0.043843
v 0.144473 -0.012978 -0.040140
v 0.124927 -0.024986 -0.040805
v 0.128021 -0.018522 -0.043598
v 0.129926 -0.012364 -0.045620
v 0.133774 -0.012060 -0.046221
v 0.135883 -0.012461 -0.050163
v 0.131680 -0.039926 -0.056219
v 0.133056 -0.041752 -0.061116
v 0.137413 -0.033421 -0.058446
v 0.141735 -0.027949 -0.053213
v 0.128033 -0.038027 -0.053716
v 0.137619 -0.042163 0.027830
v 0.142657 -0.028311 0.016235
v 0.150752 -0.023942 0.026223
v 0.134793 -0.043805 0.047474
v 0.132311 -0.053761 0.038068
v 0.153867 -0.017088 0.038615
v 0.144233 -0.027719 0.049137
v 0.134952 -0.035095 0.055770
v 0.147952 -0.023105 -0.050218
v 0.132434 -0.017725 -0.053306
v 0.129802 -0.024187 -0.053089
v 0.126519 -0.028991 -0.052904
v 0.116576 -0.061785 0.076223
v 0.114381 -0.056551 0.083583
v 0.112813 -0.054958 -0.087049
v 0.113926 -0.054452 -0.096468
v 0.119136 -0.054489 -0.096373
v 0.125903 -0.051112 -0.096197
v 0.106639 -0.060712 -0.096051
v 0.109261 -0.056158 -0.096381
v 0.123739 -0.035651 -0.052599
v 0.128306 -0.006044 -0.050494
v 0.129529 -0.006525 -0.052773
v 0.133969 -0.012460 -0.053436
v 0.132313 -0.007114 -0.053313
v 0.130418 -0.011446 -0.053272
v 0.091453 -0.005993 0.132359
v 0.090183 -0.012565 0.133241
v 0.091489 -0.014293 0.129027
v 0.093273 0.002230 0.127288
v 0.091400 0.002779 0.131724
v 0.097523 -0.008177 0.127538
v 0.097930 0.002451 0.125894
v 0.094826 -0.015984 0.127726
v 0.030719 -0.112399 0.007090
v 0.009814 -0.112959 0.012442
v 0.008721 -0.110149 0.009877
v 0.006234 -0.104922 0.006616
v 0.020517 -0.102462 -0.003937
v 0.051286 -0.109341 0.001996
v 0.050295 -0.112353 0.006914
v 0.037950 -0.104522 -0.008744
v 0.053618 -0.106504 -0.005833
v 0.027041 -0.098908 -0.013278
v 0.108031 -0.013423 0.364628
v 0.110401 -0.005357 0.368858
v 0.078601 -0.005653 0.381213
v 0.055497 -0.013479 0.389269
v 0.048544 -0.021822 0.386066
v 0.056330 -0.025648 0.376663
v 0.057291 -0.005612 0.391535
v 0.063151 -0.036607 0.372518
v 0.082985 -0.028203 0.370319
v 0.029997 -0.118112 0.283705
v 0.018988 -0.118626 0.275278
v 0.024603 -0.123655 0.270964
v 0.032363 -0.127498 0.265207
v 0.038336 -0.125115 0.277520
v 0.039848 -0.120108 0.285768
v 0.017349 -0.083790 0.187608
v 0.032929 -0.090246 0.185323
v 0.033237 -0.094841 0.184676
v 0.033744 -0.100964 0.186388
v 0.017750 -0.097331 0.187915
v 0.007467 -0.093229 0.188248
v 0.004929 -0.087183 0.184817
v 0.002533 -0.076330 0.185847
v 0.005159 -0.073562 0.188892
v 0.011153 -0.117971 0.251386
v 0.016703 -0.120733 0.239475
v 0.022638 -0.125384 0.247115
v 0.027060 -0.126856 0.255385
v 0.019381 -0.123243 0.262464
v 0.012540 -0.117801 0.265336
v 0.055240 -0.133199 0.030131
v 0.057555 -0.140887 0.028910
v 0.055643 -0.142709 0.022518
v 0.054577 -0.145520 0.013666
v 0.045783 -0.136193 0.008947
v 0.046175 -0.125112 0.023485
v 0.053465 -0.126232 0.033340
v 0.056009 -0.178908 0.045104
v 0.057438 -0.180354 0.046110
v 0.051012 -0.191493 0.051777
v 0.048655 -0.189474 0.046561
v 0.055905 -0.180643 0.040684
v 0.040640 -0.196091 0.050009
v 0.042734 -0.199397 0.055977
v 0.032536 -0.201647 0.060248
v 0.031985 -0.198429 0.055304
v 0.032776 -0.206938 0.060728
v 0.031649 -0.201347 0.051837
v 0.017926 -0.202492 0.061037
v 0.018319 -0.202514 0.057816
v 0.017739 -0.207877 0.064785
v 0.013231 -0.230470 0.002853
v 0.019542 -0.228449 0.002302
v 0.017465 -0.223417 0.001042
v 0.007763 -0.226304 0.002293
v 0.006257 -0.231146 0.002931
v 0.016340 -0.218872 0.007827
v 0.006570 -0.219347 0.006855
v 0.004821 -0.221999 0.002374
v 0.001969 -0.225347 0.001287
v 0.060557 -0.198469 -0.031264
v 0.067068 -0.199124 -0.031781
v 0.066027 -0.193075 -0.042738
v 0.061862 -0.196197 -0.050650
v 0.057536 -0.192389 -0.052820
v 0.052797 -0.184089 -0.057391
v 0.053556 -0.181399 -0.050093
v 0.049938 -0.180261 -0.043033
v 0.054139 -0.189016 -0.036346
v 0.055784 -0.196771 -0.028025
v -0.033153 -0.180733 0.004476
v -0.033412 -0.174030 0.006013
v -0.029222 -0.171459 0.004120
v -0.028185 -0.189090 0.004593
v -0.032868 -0.189006 0.008616
v -0.022614 -0.182070 -0.004185
v -0.023916 -0.189953 0.001150
v -0.023830 -0.170938 -0.005178
v -0.019089 -0.175661 -0.009300
v -0.026400 -0.166339 0.000105
v -0.034717 -0.180722 0.010266
v -0.034438 -0.177338 0.018418
v -0.035668 -0.172131 0.015145
v -0.033712 -0.167908 0.012480
v -0.036485 -0.151414 0.043882
v -0.042026 -0.151026 0.044326
v -0.041634 -0.143707 0.042365
v -0.034754 -0.149724 0.037423
v -0.035641 -0.154220 0.039970
v -0.040996 -0.135459 0.045093
v -0.035124 -0.135162 0.045211
v -0.029419 -0.140736 0.040684
v -0.029189 -0.146923 0.036236
v -0.028855 -0.133189 0.044769
v 0.036900 -0.099808 0.205617
v 0.037766 -0.100445 0.211397
v 0.019798 -0.100913 0.218544
v 0.019519 -0.098313 0.201625
v 0.035947 -0.100957 0.198771
v 0.005512 -0.094663 0.207632
v 0.008070 -0.095551 0.200327
v 0.006075 -0.097370 0.220250
v -0.000123 -0.094020 0.214487
v 0.009665 -0.099446 0.225479
v 0.014956 -0.106313 0.232360
v 0.013207 -0.113516 0.233430
v 0.008647 -0.110709 0.247072
v 0.006060 -0.098162 0.248334
v 0.002269 -0.095471 0.239528
v 0.007388 -0.099252 0.235192
v 0.013762 -0.101544 0.229330
v -0.001782 -0.092609 0.233779
v -0.008937 -0.089834 0.237117
v -0.013565 -0.089373 0.230063
v -0.017108 -0.090612 0.225335
v -0.009263 -0.091012 0.221512
v -0.005768 -0.091773 0.220053
v -0.001071 -0.095557 0.224396
v -0.006739 -0.092081 0.193590
v -0.011592 -0.084681 0.191020
v 0.000365 -0.093627 0.191049
v -0.000240 -0.093283 0.196876
v -0.000391 -0.090515 0.186838
v -0.030775 -0.092824 0.102438
v -0.032678 -0.092148 0.099909
v -0.037764 -0.093422 0.104192
v -0.040375 -0.089908 0.099154
v -0.029622 -0.096030 0.101587
v -0.031462 -0.097304 0.103699
v -0.035649 -0.097516 0.103915
v -0.029303 -0.127211 0.059807
v -0.025593 -0.125074 0.061091
v -0.026526 -0.119726 0.059014
v -0.023399 -0.122746 0.052645
v -0.023982 -0.125565 0.047082
v -0.015870 -0.117400 0.036782
v -0.021466 -0.121128 0.042598
v -0.022275 -0.118208 0.048076
v -0.003744 -0.112899 0.030437
v -0.005302 -0.114898 0.027921
v -0.026254 -0.114673 0.055672
v -0.025677 -0.110997 0.052512
v -0.026363 -0.106823 0.050558
v -0.016924 -0.109678 0.040836
v -0.005375 -0.110767 0.029403
v 0.011020 -0.032398 0.365188
v 0.013212 -0.028778 0.371036
v 0.000147 -0.020915 0.366075
v -0.010668 -0.037375 0.352641
v 0.008861 -0.042247 0.361194
v -0.009342 -0.009154 0.365249
v -0.021060 -0.008584 0.357925
v -0.011701 -0.084244 0.207144
v -0.015405 -0.083901 0.210357
v -0.019492 -0.080143 0.204254
v -0.021410 -0.077173 0.198808
v -0.013833 -0.081595 0.196146
v -0.009539 -0.086875 0.202412
v 0.003070 -0.097686 0.230263
v -0.009907 0.004152 0.400816
v -0.006815 0.009720 0.401922
v -0.001879 0.011985 0.401041
v -0.007207 -0.006345 0.399208
v -0.009424 -0.008519 0.403083
v -0.007023 0.009855 0.391470
v -0.008607 -0.004574 0.392608
v -0.027365 0.020717 0.397555
v -0.022663 0.016191 0.399895
v -0.026621 0.005041 0.398718
v -0.034500 0.018926 0.390476
v -0.032257 0.026894 0.394092
v -0.039356 0.005671 0.397587
v -0.039002 0.014180 0.390942
v -0.010754 0.010704 0.402802
v -0.007130 0.014689 0.404942
v -0.000250 0.013955 0.403611
v -0.002870 0.017935 0.406973
v 0.009234 -0.060277 0.161307
v -0.000626 -0.056777 0.162266
v -0.003581 -0.061563 0.162505
v 0.019834 -0.066367 0.160731
v 0.020817 -0.061754 0.158453
v -0.000502 -0.073146 0.162214
v 0.008143 -0.072712 0.162900
v -0.009101 -0.066289 0.151070
v -0.022048 -0.063348 0.146835
v -0.025882 -0.067105 0.149284
v -0.030091 -0.068074 0.153508
v -0.011956 -0.071861 0.159922
v -0.017535 -0.057155 0.158792
v -0.018249 -0.056577 0.153173
v -0.022251 -0.056049 0.147557
v -0.005897 -0.080908 0.185724
v -0.001609 -0.077910 0.184052
v -0.020969 -0.077226 0.190642
v -0.018516 -0.075984 0.187925
v -0.015193 -0.072578 0.186307
v -0.064758 -0.014790 -0.015607
v -0.064843 -0.012877 -0.038414
v -0.067223 0.004425 -0.037660
v -0.062948 -0.009352 0.014549
v -0.063033 -0.020736 0.008009
v -0.065723 0.020879 -0.039208
v -0.065455 0.021252 -0.017054
v -0.064307 0.024362 0.005094
v -0.063480 0.011613 0.013186
v -0.055273 -0.005817 0.034120
v -0.052156 0.008252 0.041940
v -0.049486 0.005500 0.048055
v -0.046903 0.004157 0.054063
v -0.047280 -0.013542 0.053131
v -0.055121 -0.023556 0.041525
v -0.058721 -0.016073 0.029277
v -0.056134 -0.041582 0.032789
v -0.057204 -0.037350 0.038281
v -0.053814 -0.045157 0.049099
v -0.054178 -0.046638 0.036734
v -0.048610 -0.064177 0.064622
v -0.045398 -0.069413 0.064394
v -0.045060 -0.082931 0.069646
v -0.045142 -0.082269 0.074556
v -0.046116 -0.076409 0.074378
v -0.051742 -0.070071 0.066387
v -0.050889 -0.068402 0.065383
v -0.049783 -0.063985 0.062325
v -0.037407 -0.052296 0.187894
v -0.037929 -0.055981 0.192575
v -0.045837 -0.038756 0.194254
v -0.043784 -0.030599 0.186951
v -0.034276 -0.048334 0.186804
v -0.057545 -0.014499 0.186566
v -0.051718 -0.014433 0.185845
v -0.062780 -0.012706 0.190321
v -0.062466 -0.010495 0.196270
v -0.058746 -0.016744 0.204492
v -0.062552 -0.006097 0.203014
v -0.045234 -0.045246 0.198811
v -0.049920 -0.032815 0.202534
v -0.054161 -0.023118 0.207981
v -0.062425 -0.046957 0.136050
v -0.063981 -0.038748 0.136330
v -0.066808 -0.037863 0.130293
v -0.066507 -0.038623 0.123113
v -0.064516 -0.045544 0.127260
v -0.062681 -0.051082 0.129836
v -0.071314 -0.050636 0.057511
v -0.071768 -0.051479 0.048217
v -0.069403 -0.055673 0.047335
v -0.069007 -0.059733 0.070283
v -0.069463 -0.050099 0.065588
v -0.074260 -0.043394 0.052685
v -0.078196 -0.039855 0.033677
v -0.075820 -0.044882 0.030432
v -0.073084 -0.050625 0.028305
v -0.085997 -0.017344 -0.030052
v -0.083636 -0.026127 -0.030883
v -0.084023 -0.025429 -0.007688
v -0.084506 -0.020970 0.020989
v -0.080306 -0.008677 0.033307
v -0.085570 0.001618 0.019746
v -0.088028 0.012059 0.011213
v -0.088576 0.000183 -0.008847
v -0.088034 -0.006251 -0.030770
v -0.082932 -0.029133 0.014167
v -0.058993 -0.005338 0.406299
v -0.062912 -0.008227 0.411264
v -0.066482 -0.000935 0.413720
v -0.069743 0.007035 0.411927
v -0.063203 0.006732 0.405498
v -0.030144 -0.010367 0.406920
v -0.043062 -0.008547 0.403064
v -0.041080 -0.002882 0.404627
v -0.049761 -0.003736 0.405301
v -0.045583 -0.006232 0.404671
v -0.047215 -0.008748 0.400972
v -0.054289 -0.003280 0.404424
v -0.050059 -0.009742 0.397852
v -0.054494 0.006528 0.401772
v -0.054428 0.001238 0.405713
v -0.058634 -0.010276 0.402835
v -0.055383 -0.014880 0.397922
v -0.058553 -0.015394 0.401545
v -0.051495 -0.016104 0.398358
v -0.054169 -0.019772 0.404719
v -0.059601 -0.017982 0.407205
v -0.044015 -0.035379 0.426998
v -0.043608 -0.032968 0.441303
v -0.053439 -0.027963 0.439606
v -0.047188 -0.028664 0.412976
v -0.038924 -0.033129 0.416734
v -0.057901 -0.022738 0.413017
v -0.051835 -0.023973 0.408763
v -0.060126 -0.020949 0.439519
v -0.060771 -0.020351 0.426042
v -0.062351 -0.017333 0.416144
v -0.044876 -0.020753 0.404522
v -0.040641 -0.023168 0.407166
v -0.067341 -0.015676 0.255637
v -0.065844 -0.026410 0.253527
v -0.066204 -0.029299 0.263373
v -0.061958 -0.030211 0.271863
v -0.058516 -0.032815 0.283509
v -0.061324 -0.019926 0.286965
v -0.054674 -0.030931 0.213858
v -0.056080 -0.038854 0.222314
v -0.059992 -0.028046 0.226233
v -0.062272 -0.019083 0.227789
v -0.057953 -0.018029 0.216821
v -0.060977 -0.042924 0.263108
v -0.056472 -0.042954 0.268331
v -0.064502 -0.041889 0.256720
v -0.048554 -0.072723 0.076533
v -0.046590 -0.077155 0.082016
v -0.048958 -0.077045 0.080811
v -0.054148 -0.073974 0.071234
v -0.052812 -0.071667 0.068364
v -0.053116 -0.076828 0.071892
v -0.039754 -0.089920 0.079305
v -0.040129 -0.088739 0.082703
v -0.045275 -0.080594 0.080656
v -0.044249 -0.083133 0.084708
v -0.047436 -0.083880 0.083743
v -0.046893 -0.081875 0.084325
v -0.042800 -0.085344 0.085948
v -0.037956 -0.089538 0.090318
v -0.040856 -0.087799 0.091923
v -0.046810 -0.085901 0.086186
v -0.063356 -0.064145 0.093847
v -0.062220 -0.047414 0.082868
v -0.064447 -0.048149 0.078559
v -0.063294 -0.059182 0.085431
v -0.065614 -0.063990 0.088305
v -0.061015 -0.047540 0.085280
v -0.034515 -0.092165 0.094435
v -0.031851 -0.093973 0.098173
v -0.043752 -0.087710 0.093469
v -0.073750 -0.071798 0.099705
v -0.074849 -0.069075 0.105136
v -0.071176 -0.060033 0.100970
v -0.064936 -0.062174 0.097100
v -0.069708 -0.068858 0.091823
v -0.072647 -0.074108 0.094991
v -0.067531 -0.066372 0.090209
v -0.047206 -0.092543 0.140916
v -0.054464 -0.087996 0.135653
v -0.053011 -0.094532 0.134944
v -0.048547 -0.098758 0.140483
v -0.057493 -0.091114 0.132357
v -0.038007 -0.051451 0.143863
v -0.044035 -0.033069 0.140487
v -0.049376 -0.033704 0.140775
v -0.053819 -0.033904 0.140657
v -0.052933 -0.048530 0.142990
v -0.053761 -0.056265 0.142315
v -0.047380 -0.060711 0.146459
v -0.033960 -0.070105 0.156784
v -0.038980 -0.098487 0.151357
v -0.039372 -0.093593 0.153240
v -0.040231 -0.088889 0.157638
v -0.053231 -0.081269 0.147814
v -0.061703 -0.074224 0.140145
v -0.061717 -0.079034 0.136879
v -0.062750 -0.082845 0.134153
v -0.056278 -0.099078 0.098159
v -0.052983 -0.101525 0.101555
v -0.052880 -0.107340 0.098499
v -0.060633 -0.100372 0.091443
v -0.059105 -0.100412 0.090715
v -0.061992 -0.099988 0.091302
v -0.065770 -0.100157 0.103842
v -0.066258 -0.095578 0.092670
v -0.064800 -0.097750 0.092526
v -0.063505 -0.098847 0.092476
v -0.060875 -0.105435 0.101405
v -0.061395 -0.114181 0.106723
v -0.059036 -0.112793 0.111968
v -0.059749 -0.103265 0.117830
v -0.050924 -0.112207 0.121541
v -0.047911 -0.113486 0.121972
v -0.045493 -0.115552 0.127824
v -0.037705 -0.121120 0.138786
v -0.040855 -0.118586 0.142154
v -0.051069 -0.108570 0.133757
v -0.055528 -0.101478 0.126187
v -0.048512 -0.115664 0.118594
v -0.054316 -0.117288 0.114598
v -0.051220 -0.119665 0.115677
v -0.046368 -0.118630 0.120914
v -0.042573 -0.121890 0.125858
v -0.042189 -0.117358 0.127126
v -0.048979 -0.097200 0.105101
v -0.051220 -0.096238 0.100528
v -0.050030 -0.095157 0.099416
v -0.047244 -0.094418 0.103926
v -0.046568 -0.096746 0.105131
v -0.048828 -0.093826 0.098143
v -0.060559 -0.114603 0.091512
v -0.066560 -0.116244 0.092003
v -0.063915 -0.153174 0.037587
v -0.062555 -0.163392 0.038460
v -0.065138 -0.162336 0.042833
v -0.067023 -0.151888 0.043240
v -0.065368 -0.147556 0.040279
v -0.066403 -0.159901 0.047541
v -0.061482 -0.128942 0.045955
v -0.062041 -0.125091 0.052062
v -0.055660 -0.123987 0.051665
v -0.059832 -0.134205 0.042574
v -0.050335 -0.126443 0.051840
v -0.046996 -0.134737 0.044806
v -0.046741 -0.142581 0.041296
v -0.051905 -0.141786 0.039739
v -0.045508 -0.129120 0.051688
v -0.056821 -0.141920 0.038768
v -0.034514 -0.130320 0.051325
v -0.034691 -0.127661 0.059155
v -0.024952 -0.129765 0.042058
v -0.031723 -0.195597 -0.057174
v -0.038115 -0.200277 -0.057786
v -0.042070 -0.195587 -0.049241
v -0.037865 -0.195830 -0.038482
v -0.031597 -0.195877 -0.037743
v -0.027020 -0.188210 -0.044046
v -0.044622 -0.197888 -0.040163
v -0.046532 -0.198041 -0.052142
v -0.043227 -0.202484 -0.060246
v -0.045992 -0.207922 -0.059298
v -0.047108 -0.208856 -0.048031
v -0.048022 -0.203011 -0.043726
v -0.044054 -0.214584 -0.053719
v -0.016396 -0.237594 -0.111043
v -0.014206 -0.240022 -0.115252
v -0.019230 -0.248965 -0.113211
v -0.025144 -0.239136 -0.106866
v -0.019320 -0.233891 -0.108481
v -0.024742 -0.258308 -0.114354
v -0.028607 -0.258298 -0.109501
v -0.030968 -0.258228 -0.103207
v -0.029227 -0.248851 -0.104848
v -0.028756 -0.242221 -0.104138
v -0.029439 -0.249355 -0.094006
v -0.028589 -0.247383 -0.087710
v -0.030164 -0.242265 -0.091631
v -0.030681 -0.238160 -0.096088
v -0.030219 -0.243745 -0.100285
v -0.030224 -0.249588 -0.099455
v 0.040353 -0.296483 -0.124085
v 0.040858 -0.298249 -0.119709
v 0.027218 -0.305545 -0.124923
v 0.043323 -0.298146 -0.129907
v 0.012545 -0.305136 -0.125024
v 0.011895 -0.301767 -0.130164
v 0.009902 -0.303285 -0.136064
v -0.003031 -0.293841 -0.164572
v -0.009405 -0.297882 -0.159481
v -0.012731 -0.290579 -0.159998
v -0.015584 -0.283612 -0.159785
v -0.011054 -0.280901 -0.170607
v 0.003416 -0.288378 -0.172293
v 0.005730 -0.297098 -0.167091
v -0.000667 -0.301959 -0.165049
v 0.005730 -0.294464 -0.173464
v 0.018184 -0.119042 -0.164313
v 0.028773 -0.123906 -0.165721
v 0.027973 -0.127727 -0.161830
v 0.003676 -0.114211 -0.160095
v -0.001890 -0.103607 -0.154305
v 0.000446 -0.102752 -0.156495
v 0.000271 -0.103617 -0.164050
v 0.008946 -0.113152 -0.167528
v 0.018041 -0.119891 -0.170893
v -0.008009 -0.150850 -0.312444
v -0.002165 -0.152981 -0.305820
v -0.006097 -0.141516 -0.299539
v -0.011582 -0.131753 -0.303568
v -0.015887 -0.139970 -0.320980
v 0.003578 -0.152669 -0.299348
v -0.006064 -0.153136 -0.325562
v 0.001358 -0.160478 -0.318525
v -0.012005 -0.143471 -0.329798
v -0.026493 -0.118240 -0.330480
v -0.023936 -0.121161 -0.338690
v -0.016824 -0.134792 -0.332990
v -0.023991 -0.095249 -0.330215
v -0.028146 -0.095792 -0.337360
v -0.023963 -0.095313 -0.324040
v -0.019317 -0.117209 -0.308902
v 0.008317 -0.259834 -0.213948
v 0.008716 -0.252287 -0.213934
v 0.019428 -0.260913 -0.206282
v 0.019071 -0.264016 -0.211242
v 0.011676 -0.266361 -0.210760
v 0.006992 -0.265121 -0.211353
v 0.016705 -0.270079 -0.212582
v 0.010528 -0.249326 -0.210274
v 0.011673 -0.249869 -0.201726
v 0.005028 -0.247604 -0.205861
v 0.004699 -0.249412 -0.200821
v 0.004484 -0.249364 -0.209331
v 0.013807 -0.256668 -0.198355
v 0.018504 -0.261626 -0.200763
v 0.009448 -0.252602 -0.195754
v -0.002080 -0.250455 -0.201980
v -0.001581 -0.250818 -0.208528
v -0.004900 -0.253809 -0.204235
v 0.003604 -0.256773 -0.213712
v 0.002520 -0.262961 -0.211586
v -0.000020 -0.259010 -0.211210
v 0.003580 -0.252788 -0.212224
v -0.007473 -0.154872 -0.495782
v -0.006115 -0.150238 -0.498329
v -0.006851 -0.157630 -0.491437
v -0.002492 -0.138457 -0.364258
v -0.010397 -0.125504 -0.364724
v -0.008327 -0.123199 -0.372477
v 0.009670 -0.143781 -0.373797
v 0.007336 -0.143614 -0.363895
v 0.001234 -0.154144 -0.389785
v 0.010312 -0.154083 -0.384942
v -0.011988 -0.148945 -0.411184
v -0.012435 -0.144793 -0.419382
v -0.004526 -0.153735 -0.427073
v -0.001036 -0.159416 -0.412943
v -0.006561 -0.152846 -0.400626
v 0.003439 -0.161649 -0.422810
v -0.040527 -0.120216 -0.497530
v -0.038044 -0.109815 -0.498402
v -0.032261 -0.110406 -0.498961
v -0.024718 -0.112128 -0.499199
v -0.027961 -0.120938 -0.499141
v -0.032385 -0.127203 -0.498994
v -0.011690 -0.125532 -0.428062
v -0.018759 -0.124450 -0.433073
v -0.016472 -0.135530 -0.438495
v -0.004552 -0.137409 -0.432640
v -0.007362 -0.126166 -0.423481
v -0.009281 -0.144011 -0.443131
v 0.002859 -0.146173 -0.440580
v 0.002927 -0.144716 -0.437892
v 0.001696 -0.148447 -0.445985
v -0.017990 -0.141108 -0.446263
v -0.010633 -0.146992 -0.448829
v -0.022021 -0.133678 -0.443757
v -0.076686 -0.203840 -0.280186
v -0.078635 -0.206592 -0.283799
v -0.079795 -0.202112 -0.285436
v -0.081947 -0.192934 -0.276861
v -0.076800 -0.199980 -0.274947
v -0.085717 -0.198863 -0.282290
v -0.088504 -0.195671 -0.277377
v -0.082676 -0.202042 -0.284066
v -0.100283 -0.194796 -0.265080
v -0.100324 -0.186540 -0.256682
v -0.090875 -0.194308 -0.270138
v -0.095520 -0.197465 -0.271451
v -0.086194 -0.190404 -0.261965
v -0.083705 -0.191419 -0.270066
v -0.098454 -0.183346 -0.249443
v -0.094520 -0.189070 -0.250284
v -0.086931 -0.188190 -0.252201
v -0.085013 -0.225562 -0.271039
v -0.092988 -0.225691 -0.270053
v -0.092871 -0.220796 -0.272914
v -0.091388 -0.215352 -0.275923
v -0.085651 -0.217844 -0.276154
v -0.080443 -0.219831 -0.275759
v -0.110010 -0.190105 -0.267088
v -0.113727 -0.190832 -0.272325
v -0.119178 -0.183037 -0.269689
v -0.111440 -0.181442 -0.261820
v -0.117302 -0.177413 -0.262385
v -0.132984 -0.190089 -0.263932
v -0.129356 -0.200798 -0.265713
v -0.132241 -0.202285 -0.259506
v -0.131328 -0.201425 -0.252536
v -0.134003 -0.190499 -0.255165
v -0.133510 -0.183027 -0.258852
v -0.104112 -0.196137 -0.269354
v -0.105048 -0.174222 -0.261459
v -0.100055 -0.177501 -0.259986
v -0.096680 -0.177906 -0.256783
v -0.119566 -0.168617 -0.258592
v -0.125743 -0.171787 -0.254863
v -0.119639 -0.165445 -0.246760
v -0.115219 -0.159219 -0.234926
v -0.106147 -0.152087 -0.238005
v -0.100441 -0.143211 -0.238776
v -0.101159 -0.147006 -0.251037
v -0.100762 -0.148704 -0.259267
v -0.106501 -0.159329 -0.259427
v -0.114907 -0.169067 -0.260390
v -0.106458 -0.134024 -0.273089
v -0.116892 -0.134526 -0.272583
v -0.116296 -0.132388 -0.277864
v -0.102418 -0.132044 -0.279159
v -0.099834 -0.133240 -0.272731
v -0.113588 -0.127629 -0.280902
v -0.110862 -0.122931 -0.281577
v -0.108410 -0.116018 -0.278586
v -0.093550 -0.116904 -0.273304
v -0.088431 -0.129288 -0.273782
v -0.087106 -0.140894 -0.270362
v -0.106011 -0.113202 -0.272724
v -0.088834 -0.154571 -0.266786
v -0.094515 -0.151998 -0.267609
v -0.098582 -0.150191 -0.265028
v -0.096579 -0.139274 -0.266104
v -0.099218 -0.132544 -0.266734
v -0.101199 -0.038098 -0.284033
v -0.103960 -0.034940 -0.283143
v -0.098662 -0.029566 -0.283638
v -0.088404 -0.032298 -0.284508
v -0.097071 -0.042426 -0.284751
v -0.095786 -0.024461 -0.284686
v -0.090851 -0.016390 -0.289791
v -0.088127 -0.017437 -0.288360
v -0.093578 -0.014752 -0.286994
v -0.015101 -0.077992 -0.498634
v -0.004519 -0.075431 -0.498455
v -0.004799 -0.083063 -0.498772
v -0.008018 -0.092644 -0.499086
v -0.017046 -0.089691 -0.499005
v -0.023273 -0.086042 -0.498861
v -0.003284 -0.074817 -0.442118
v 0.028595 -0.065333 -0.467679
v 0.030962 -0.061360 -0.474095
v 0.017291 -0.056663 -0.474989
v 0.015761 -0.061780 -0.457919
v 0.028834 -0.064647 -0.458653
v 0.006721 -0.057133 -0.475137
v -0.005239 -0.060987 -0.473284
v -0.001446 -0.065175 -0.467735
v 0.001614 -0.067861 -0.463280
v -0.013793 -0.070802 -0.284805
v -0.006699 -0.063508 -0.289439
v -0.008838 -0.069659 -0.294801
v -0.018231 -0.088287 -0.293011
v -0.015911 -0.091343 -0.288542
v -0.017595 -0.080018 -0.282161
v -0.010767 -0.084503 -0.259771
v -0.010314 -0.095944 -0.257499
v -0.002428 -0.109510 -0.252987
v -0.002570 -0.108454 -0.248270
v -0.002921 -0.107517 -0.241846
v -0.005821 -0.090429 -0.247239
v -0.002905 -0.074714 -0.250075
v -0.003012 -0.075445 -0.256729
v -0.005493 -0.074456 -0.261227
v -0.015564 -0.081217 -0.262413
v -0.016418 -0.089663 -0.260954
v -0.013866 -0.098984 -0.258640
v -0.017002 -0.092389 -0.284833
v -0.020007 -0.103144 -0.142693
v -0.016984 -0.102092 -0.135104
v -0.020934 -0.095494 -0.135809
v -0.021982 -0.089372 -0.138314
v -0.021804 -0.093004 -0.147661
v -0.021784 -0.100969 -0.154398
v -0.023474 -0.102976 -0.150825
v -0.018795 -0.113515 -0.150652
v -0.015553 -0.111867 -0.145349
v -0.019712 -0.113407 -0.156675
v -0.002945 -0.095450 -0.146393
v -0.007292 -0.091409 -0.160866
v -0.012796 -0.073225 -0.149246
v -0.012768 -0.075342 -0.161334
v -0.012087 -0.078172 -0.133006
v -0.015103 -0.068664 -0.133693
v -0.012705 -0.087847 -0.142801
v -0.011780 -0.082944 -0.131116
v -0.003672 -0.062954 -0.072791
v -0.005330 -0.072574 -0.079158
v -0.003170 -0.075937 -0.078001
v 0.002812 -0.083479 -0.076056
v -0.000262 -0.080153 -0.066343
v -0.008744 -0.049011 -0.069018
v -0.007744 -0.048710 -0.073392
v -0.006376 -0.063194 -0.062300
v -0.008785 -0.047652 -0.063502
v -0.000840 -0.077703 -0.058808
v 0.001804 -0.059737 -0.079235
v 0.000306 -0.060203 -0.082078
v 0.001302 -0.063900 -0.082328
v 0.001004 -0.065407 -0.078397
v -0.004177 -0.047037 -0.076156
v -0.002535 -0.045666 -0.079840
v 0.000592 -0.055286 -0.079104
v -0.002351 -0.068693 -0.084047
v -0.005224 -0.069470 -0.081353
v -0.006177 0.075574 -0.089168
v -0.007852 0.075892 -0.099247
v -0.007399 0.070359 -0.101064
v -0.001386 0.064737 -0.088477
v 0.001519 0.063955 -0.083857
v -0.001560 0.069122 -0.082521
v -0.003781 0.073528 -0.080824
v -0.010834 0.063359 -0.102480
v -0.006617 0.063532 -0.095225
v -0.002131 0.077589 -0.079235
v 0.003954 0.083787 -0.077759
v 0.000828 0.088421 -0.085927
v -0.002956 0.083204 -0.086888
v -0.005848 0.079432 -0.088124
v -0.001294 0.076733 -0.067883
v 0.005676 0.091024 -0.063606
v 0.008299 0.092032 -0.070203
v -0.003118 0.070252 -0.076319
v -0.007864 0.060798 -0.067029
v -0.002670 0.074543 -0.062648
v -0.001019 0.058408 -0.075155
v -0.005143 0.042678 -0.075935
v -0.009111 0.043845 -0.074998
v -0.010152 0.043206 -0.069284
v -0.000483 0.066032 -0.078551
v -0.009759 0.054233 -0.097161
v -0.007360 0.054122 -0.091696
v -0.005159 0.054402 -0.087427
v 0.001469 0.055630 -0.079305
v -0.002049 0.054515 -0.083193
v -0.014020 0.070438 -0.170366
v -0.014195 0.070193 -0.182379
v -0.013060 0.052313 -0.185129
v -0.014067 0.040686 -0.162763
v -0.014763 0.060654 -0.158232
v -0.013306 0.073240 -0.160078
v -0.018499 0.052228 -0.148102
v -0.015040 0.065327 -0.147641
v -0.018229 0.034827 -0.157084
v -0.012503 0.090500 -0.151245
v -0.017754 0.090629 -0.148991
v -0.018389 0.093939 -0.153372
v -0.010196 0.103643 -0.161658
v -0.006967 0.103414 -0.157655
v -0.015086 0.105290 -0.161093
v -0.022254 0.095059 -0.152202
v -0.022316 0.093133 -0.147473
v -0.023725 0.098878 -0.147660
v -0.021436 0.109757 -0.157165
v -0.019415 0.107752 -0.159452
v -0.020145 0.111683 -0.152938
v -0.018309 0.104798 -0.141156
v -0.021580 0.101192 -0.144454
v -0.016819 0.103306 -0.137022
v -0.019197 0.092417 -0.132652
v -0.013929 0.102919 -0.129976
v -0.016312 0.089026 -0.145293
v -0.015159 0.086948 -0.138758
v -0.024322 0.015308 -0.140162
v -0.023884 0.019358 -0.117702
v -0.021379 0.036962 -0.118858
v -0.019652 0.053422 -0.135581
v -0.010161 0.013862 -0.166401
v -0.013276 0.006377 -0.161780
v -0.006449 0.019719 -0.171166
v -0.016846 0.081111 -0.498605
v -0.021207 0.091737 -0.499078
v -0.013475 0.093517 -0.499161
v -0.003502 0.095263 -0.499171
v -0.003488 0.084782 -0.498866
v -0.005343 0.075641 -0.498518
v -0.132594 0.040761 -0.282740
v -0.130668 0.035494 -0.282262
v -0.144103 0.036483 -0.278551
v -0.160893 0.042811 -0.277411
v -0.150110 0.048452 -0.279800
v -0.132357 0.045562 -0.282640
v -0.174808 0.054984 -0.272312
v -0.170158 0.057134 -0.274724
v -0.166136 0.059590 -0.275356
v -0.141444 0.034769 -0.274409
v -0.152555 0.037047 -0.273742
v -0.164515 0.041241 -0.273498
v -0.103622 0.133877 -0.274311
v -0.108160 0.125166 -0.280143
v -0.111493 0.129895 -0.279354
v -0.113615 0.134250 -0.276175
v -0.109376 0.140637 -0.273175
v -0.105135 0.142355 -0.270390
v -0.119597 0.138976 -0.268118
v -0.125256 0.149536 -0.265739
v -0.123026 0.152898 -0.266763
v -0.121494 0.129373 -0.274586
v -0.121319 0.129181 -0.270258
v -0.119816 0.157439 -0.266440
v -0.113608 0.147871 -0.270172
v -0.120660 0.129238 -0.279140
v -0.170317 0.186597 -0.268092
v -0.166074 0.187357 -0.271028
v -0.161974 0.183154 -0.272549
v -0.158445 0.181580 -0.267977
v -0.167275 0.179170 -0.267677
v -0.163380 0.176065 -0.264874
v -0.155170 0.179858 -0.262498
v -0.148210 0.175550 -0.260494
v -0.143764 0.164257 -0.259554
v -0.144821 0.161441 -0.254565
v -0.157032 0.167580 -0.254246
v -0.140967 0.168256 -0.260739
v -0.173090 0.194565 -0.262048
v -0.170557 0.194426 -0.266421
v -0.171850 0.182079 -0.260499
v -0.173755 0.192963 -0.257075
v -0.126765 0.196398 -0.261285
v -0.127074 0.192217 -0.253111
v -0.131786 0.184548 -0.250703
v -0.137862 0.185539 -0.258649
v -0.141096 0.192921 -0.262038
v -0.135197 0.196911 -0.263282
v -0.129551 0.178434 -0.256312
v -0.132009 0.177402 -0.259460
v -0.127248 0.177197 -0.251594
v -0.127373 0.199968 -0.268774
v -0.167601 0.194043 -0.268797
v -0.163719 0.202519 -0.269381
v -0.159905 0.199919 -0.271645
v -0.155784 0.196239 -0.274127
v -0.160866 0.190679 -0.272831
v -0.141614 0.235046 -0.265096
v -0.127212 0.235967 -0.272503
v -0.133974 0.224585 -0.277208
v -0.146516 0.220875 -0.272710
v -0.149269 0.226300 -0.269654
v -0.152309 0.229300 -0.264452
v -0.130509 0.235901 -0.262318
v -0.121146 0.235735 -0.267867
v -0.140469 0.233225 -0.259673
v -0.106485 0.200285 -0.289745
v -0.108949 0.204537 -0.291619
v -0.106734 0.208264 -0.290294
v -0.098772 0.206464 -0.284580
v -0.104495 0.199850 -0.284631
v -0.103159 0.214329 -0.286978
v -0.099926 0.215514 -0.283946
v -0.111965 0.216197 -0.286345
v -0.109357 0.221070 -0.285537
v -0.113183 0.210713 -0.287597
v -0.015034 0.143839 -0.397093
v -0.007765 0.146640 -0.388777
v -0.007112 0.151449 -0.394639
v -0.006538 0.154302 -0.401880
v -0.013170 0.149282 -0.405728
v -0.017193 0.143897 -0.405451
v -0.011536 0.134082 -0.420382
v -0.013760 0.140236 -0.420708
v -0.009297 0.141408 -0.427035
v -0.013608 0.134204 -0.435408
v -0.017306 0.123915 -0.431599
v -0.011002 0.123743 -0.426210
v -0.010529 0.124471 -0.419888
v -0.002194 0.140694 -0.436133
v -0.006599 0.142339 -0.440125
v -0.001548 0.143088 -0.434119
v -0.015102 0.117282 -0.499298
v -0.022865 0.118069 -0.499058
v -0.019694 0.128639 -0.499091
v -0.012348 0.138195 -0.499155
v -0.008350 0.131020 -0.499337
v -0.005741 0.120379 -0.499439
v -0.006349 0.125746 -0.381785
v -0.007135 0.129010 -0.370699
v -0.001071 0.137965 -0.370309
v 0.006251 0.142658 -0.368763
v 0.006429 0.142093 -0.376666
v 0.005262 0.143981 -0.383160
v -0.003847 0.141643 -0.386855
v -0.001223 0.148167 -0.433342
v -0.009945 0.147728 -0.426641
v -0.007264 0.152381 -0.424401
v 0.001764 0.156270 -0.430296
v 0.005118 0.151763 -0.435143
v -0.002507 0.157275 -0.421648
v 0.007670 0.252115 -0.204835
v 0.006769 0.252889 -0.198374
v 0.001668 0.252555 -0.199239
v -0.002545 0.254008 -0.200786
v 0.001564 0.253116 -0.206426
v 0.006458 0.253971 -0.209384
v 0.019805 0.144795 -0.184037
v 0.016934 0.150221 -0.185011
v 0.033194 0.148470 -0.182533
v 0.027883 0.146020 -0.178172
v 0.000474 0.265259 -0.209130
v 0.002610 0.261258 -0.210671
v -0.002232 0.258833 -0.208580
v -0.006429 0.260216 -0.204081
v -0.005583 0.264689 -0.205341
v -0.002184 0.269636 -0.205857
v -0.015262 0.289592 -0.158701
v -0.011546 0.285921 -0.163529
v -0.016808 0.281723 -0.161126
v -0.019797 0.283454 -0.153309
v -0.016008 0.289478 -0.151816
v -0.019302 0.278316 -0.156528
v -0.010493 0.296606 -0.159440
v -0.003931 0.284610 -0.172081
v -0.010554 0.282361 -0.170378
v 0.002789 0.287197 -0.173118
v -0.002745 0.304576 -0.161691
v 0.001425 0.299906 -0.167193
v 0.004946 0.296055 -0.170207
v -0.023858 0.263152 -0.118545
v -0.022316 0.272891 -0.120694
v -0.018807 0.262150 -0.129902
v -0.020816 0.258289 -0.120277
v -0.019291 0.271880 -0.138683
v -0.017947 0.265345 -0.140470
v -0.016750 0.276711 -0.129071
v -0.018308 0.277990 -0.137312
v -0.005013 0.288338 -0.127021
v -0.006630 0.289204 -0.132590
v -0.013012 0.281467 -0.130302
v -0.007248 0.289960 -0.123592
v -0.019570 0.282528 -0.121074
v -0.011223 0.292792 -0.122233
v -0.024718 0.274918 -0.118447
v -0.015682 0.270355 -0.178167
v -0.014661 0.265468 -0.177988
v -0.015491 0.266038 -0.164427
v -0.015747 0.263804 -0.153525
v -0.017252 0.269218 -0.150952
v -0.019811 0.274900 -0.148419
v -0.015482 0.278065 -0.167434
v -0.014513 0.275675 -0.179968
v 0.008202 0.149643 -0.181439
v 0.010251 0.143743 -0.182486
v 0.009257 0.131366 -0.172078
v 0.005575 0.131369 -0.177572
v 0.013514 0.139330 -0.181343
v 0.024900 0.136227 -0.167830
v 0.014210 0.129163 -0.166542
v 0.006089 0.295384 -0.174657
v -0.012237 0.235686 -0.121538
v -0.009621 0.234391 -0.116976
v -0.020318 0.249512 -0.112776
v -0.018858 0.252530 -0.122483
v -0.017528 0.244568 -0.125800
v -0.015448 0.235912 -0.130204
v -0.012205 0.234033 -0.112126
v -0.018130 0.229320 -0.105248
v -0.022228 0.234375 -0.105885
v -0.026518 0.238943 -0.104547
v -0.012800 0.294423 -0.104729
v -0.013236 0.295233 -0.110703
v -0.019328 0.286717 -0.109992
v -0.018833 0.284606 -0.100298
v -0.011795 0.290779 -0.096900
v -0.022297 0.280562 -0.104815
v -0.026474 0.257989 -0.111237
v -0.027722 0.266749 -0.104399
v -0.025366 0.277382 -0.113349
v -0.029250 0.249755 -0.095280
v -0.027959 0.253433 -0.090951
v -0.029878 0.245864 -0.098589
v -0.045373 0.193566 -0.050450
v -0.043992 0.198162 -0.056191
v -0.039308 0.197515 -0.055332
v -0.048500 0.199572 -0.038892
v -0.035388 0.195635 -0.054969
v -0.050112 0.199555 -0.046929
v -0.049038 0.206189 -0.040599
v -0.047266 0.201022 -0.054773
v -0.048077 0.205725 -0.050686
v -0.030735 0.187700 -0.050363
v -0.028100 0.187021 -0.045453
v -0.032343 0.194659 -0.037466
v -0.069830 0.139494 0.043526
v -0.068736 0.145542 0.046673
v -0.068803 0.148704 0.040511
v -0.066852 0.149952 0.036383
v -0.066690 0.142379 0.037138
v -0.068892 0.134889 0.040896
v -0.045729 0.119299 0.091460
v -0.043497 0.110038 0.098204
v -0.051575 0.110434 0.093672
v -0.052952 0.117306 0.083831
v -0.048947 0.117472 0.083736
v -0.049647 0.103582 0.100418
v -0.052977 0.104240 0.100055
v -0.045640 0.102654 0.101140
v -0.055777 0.159772 0.082593
v -0.055621 0.166767 0.072678
v -0.062250 0.152258 0.068439
v -0.058770 0.139290 0.091119
v -0.054432 0.152638 0.095592
v -0.065794 0.142806 0.064124
v -0.066017 0.136095 0.075783
v -0.064399 0.132342 0.089238
v -0.068931 0.088538 0.094157
v -0.072144 0.085141 0.094218
v -0.073012 0.087097 0.098131
v -0.068813 0.092941 0.089576
v -0.067719 0.090736 0.090376
v -0.071550 0.094711 0.104813
v -0.069296 0.097348 0.104029
v -0.068791 0.095348 0.095604
v -0.068966 0.095403 0.089943
v -0.066956 0.089263 0.087149
v -0.070109 0.090469 0.077406
v -0.068611 0.088311 0.077754
v -0.069664 0.086585 0.076965
v -0.067913 0.085406 0.086903
v -0.066646 0.087087 0.092583
v -0.074275 0.082417 0.094164
v -0.076242 0.076658 0.097067
v -0.075736 0.071583 0.100719
v -0.077249 0.074104 0.104676
v -0.076886 0.085938 0.109737
v -0.074598 0.090721 0.107171
v -0.077619 0.078552 0.113504
v -0.075542 0.078873 0.094077
v -0.065321 0.088890 0.130461
v -0.063495 0.083805 0.133947
v -0.058941 0.096029 0.130565
v -0.066038 0.093560 0.126612
v -0.051131 0.094012 0.135670
v -0.053187 0.098770 0.134437
v -0.048193 0.091091 0.136457
v -0.062213 0.101726 0.102785
v -0.062595 0.107634 0.104992
v -0.062374 0.111203 0.101862
v -0.060761 0.099601 0.097452
v -0.063022 0.099359 0.097173
v -0.056010 0.104926 0.100427
v -0.058852 0.098796 0.097612
v -0.053737 0.096021 0.091404
v -0.055365 0.097503 0.091646
v -0.054139 0.096260 0.098826
v -0.049929 0.093036 0.099058
v -0.052425 0.094557 0.090991
v -0.041985 0.097168 0.104542
v -0.044077 0.093398 0.106068
v -0.075239 0.073770 0.094411
v -0.075033 0.071571 0.091055
v -0.073603 0.069951 0.090784
v -0.070296 0.069088 0.096539
v -0.067182 0.059989 0.099423
v -0.069188 0.061780 0.103154
v -0.072388 0.064217 0.103963
v -0.071833 0.068905 0.090512
v -0.076939 0.076589 0.087756
v -0.080108 0.077665 0.079164
v -0.080541 0.075181 0.079175
v -0.076756 0.073616 0.087789
v -0.076543 0.075399 0.090780
v -0.080289 0.072792 0.079131
v -0.075902 0.070322 0.115319
v -0.074586 0.065864 0.106978
v -0.073010 0.056531 0.107043
v -0.077605 0.043358 0.103362
v -0.075886 0.042481 0.108770
v -0.071153 0.041201 0.113354
v -0.067905 0.057476 0.120790
v -0.058462 0.044321 0.033480
v -0.057923 0.043161 0.043700
v -0.058232 0.033496 0.040077
v -0.061239 0.037276 0.019643
v -0.059551 0.044918 0.016805
v -0.061244 0.028284 0.024539
v -0.049671 0.058640 0.145287
v -0.059856 0.050134 0.137330
v -0.055279 0.047973 0.141856
v -0.048293 0.047603 0.143818
v -0.044085 0.065489 0.149799
v -0.065522 0.051277 0.086975
v -0.068678 0.052773 0.093670
v -0.067240 0.056586 0.082698
v -0.067851 0.049869 0.080776
v -0.064557 0.061101 0.090259
v -0.066513 0.059624 0.083096
v -0.067476 0.067911 0.094925
v -0.065792 0.067596 0.096446
v -0.064572 0.065391 0.087876
v -0.064174 0.062953 0.090061
v -0.064775 0.066739 0.094181
v -0.066115 0.066345 0.090032
v -0.046389 0.075497 0.079512
v -0.046288 0.079572 0.080470
v -0.046304 0.080905 0.069597
v -0.045412 0.072248 0.066915
v -0.046707 0.067268 0.070349
v -0.047923 0.064094 0.073318
v -0.049791 0.069562 0.073434
v -0.046367 0.074043 0.079940
v -0.050264 0.066914 0.065059
v -0.051748 0.068869 0.065508
v -0.049800 0.064140 0.064945
v -0.047013 0.072891 0.084338
v -0.046620 0.074662 0.084336
v -0.046335 0.072962 0.080968
v -0.051733 0.071489 0.075051
v -0.053209 0.072855 0.076403
v -0.050578 0.070463 0.074202
v -0.049739 0.066865 0.147573
v -0.043457 0.070873 0.153743
v -0.045683 0.076484 0.155253
v -0.050783 0.073483 0.150208
v -0.054862 0.070169 0.145336
v -0.060939 0.078975 0.137623
v -0.053915 0.082154 0.142936
v -0.047396 0.074006 0.086520
v -0.053729 0.074921 0.077538
v -0.052338 0.076498 0.078010
v -0.047239 0.077377 0.088763
v -0.047150 0.076023 0.086788
v -0.051161 0.078208 0.078456
v -0.046482 0.076244 0.083877
v -0.046661 0.077759 0.086481
v -0.046192 0.079151 0.085731
v -0.035353 0.155405 0.039071
v -0.034494 0.157936 0.033642
v -0.028362 0.148527 0.029880
v -0.036217 0.144694 0.041199
v -0.037198 0.154536 0.042694
v -0.022490 0.131371 0.029931
v -0.021207 0.126034 0.034109
v -0.028016 0.134460 0.040614
v -0.034604 0.137192 0.043094
v -0.021882 0.136416 0.022503
v -0.034077 0.124724 0.070878
v -0.040700 0.124948 0.070669
v -0.042226 0.126987 0.061176
v -0.043584 0.128967 0.053218
v -0.037800 0.128905 0.053642
v -0.030325 0.129239 0.051659
v -0.027096 0.127550 0.056172
v -0.024757 0.121410 0.057454
v -0.027626 0.125345 0.064436
v -0.029012 0.124349 0.072264
v -0.040826 0.120115 0.089257
v -0.039174 0.115008 0.094850
v -0.038774 0.108387 0.098856
v -0.027001 0.120966 0.064570
v -0.026523 0.116143 0.058755
v -0.029471 0.111869 0.063565
v -0.031461 0.109784 0.070542
v -0.029649 0.115002 0.071151
v -0.027979 0.119846 0.071955
v -0.033072 0.107200 0.099127
v -0.029741 0.116118 0.091572
v -0.028973 0.110983 0.094506
v -0.028668 0.105971 0.097910
v -0.035689 0.119865 0.088191
v -0.031070 0.119900 0.086910
v -0.028417 0.118387 0.085967
v -0.030771 0.113660 0.089338
v -0.029797 0.115632 0.084463
v -0.031298 0.112093 0.083158
v -0.032387 0.107460 0.082603
v -0.032002 0.107447 0.087722
v -0.030528 0.108909 0.092010
v -0.029220 0.100688 0.101505
v -0.031606 0.099002 0.095303
v -0.032791 0.093495 0.095081
v -0.034667 0.097035 0.104645
v -0.033776 0.101522 0.102179
v -0.031193 0.089864 0.100598
v -0.029101 0.089649 0.105840
v -0.030946 0.092425 0.106739
v -0.035230 0.087596 0.093251
v -0.035855 0.093433 0.106668
v -0.032178 0.086251 0.103619
v -0.034638 0.084566 0.105192
v -0.031317 0.088548 0.108510
v -0.036410 0.091220 0.108026
v -0.032489 0.090044 0.108324
v -0.035877 0.086675 0.106926
v -0.041218 0.085417 0.101819
v -0.042783 0.087961 0.103181
v -0.043953 0.089891 0.104747
v -0.042492 0.047283 0.143440
v -0.032464 0.063518 0.147454
v -0.018205 0.070186 0.155997
v -0.020199 0.072048 0.160609
v -0.036068 0.073191 0.158947
v -0.037414 0.093201 0.065377
v -0.034834 0.098977 0.062666
v -0.030418 0.102620 0.054209
v -0.031326 0.096520 0.051100
v -0.041534 0.092440 0.063625
v -0.041667 0.091833 0.053642
v -0.044520 0.088032 0.060570
v -0.036260 0.097142 0.047652
v -0.007829 0.097928 0.013367
v 0.004528 0.105185 0.008994
v 0.006397 0.101598 0.003933
v -0.021849 0.081326 0.020113
v -0.021052 0.090181 0.023342
v 0.009371 0.097361 -0.004003
v -0.001543 0.083647 -0.004248
v -0.014669 0.064393 0.149357
v -0.011538 0.063751 0.153130
v -0.002848 0.069918 0.153707
v -0.014406 0.069680 0.150365
v -0.021543 0.119821 0.050297
v -0.022650 0.125330 0.047358
v -0.015731 0.119133 0.041607
v -0.006297 0.113526 0.032901
v -0.006929 0.110922 0.031651
v -0.007194 0.107324 0.028396
v -0.018816 0.103689 0.037489
v -0.026055 0.099778 0.044201
v -0.024833 0.106202 0.048113
v -0.023738 0.113636 0.052363
v 0.002652 0.246838 0.011930
v 0.004746 0.230234 0.002942
v 0.006167 0.226146 0.002116
v 0.015826 0.226399 0.002383
v 0.026155 0.223309 0.000311
v 0.027830 0.227435 0.000717
v 0.010268 0.238336 0.007427
v 0.002292 0.234866 0.004918
v 0.031309 0.232931 0.002344
v 0.022493 0.238071 0.005990
v 0.016033 0.242711 0.008975
v 0.004103 0.075666 0.166492
v -0.005740 0.075224 0.164624
v -0.016098 0.069633 0.152713
v -0.003024 0.069825 0.155877
v -0.010560 0.062584 0.156433
v -0.009578 0.061832 0.160281
v -0.006425 0.058752 0.163254
v 0.002285 0.065305 0.162404
v 0.014356 0.075757 0.165937
v 0.006271 0.060189 0.163110
v 0.016112 0.063129 0.162367
v -0.001522 0.095024 0.192127
v 0.008609 0.098649 0.193410
v 0.006830 0.098963 0.188852
v 0.005358 0.095478 0.186334
v -0.004584 0.091288 0.186868
v -0.007156 0.090669 0.191067
v -0.012304 0.081290 0.187260
v -0.007253 0.086775 0.187235
v 0.002834 0.089298 0.184975
v 0.001134 0.079039 0.183970
v -0.010750 0.069104 0.185526
v -0.015209 0.071191 0.186504
v -0.020045 0.072537 0.188879
v 0.009267 0.097569 0.240479
v 0.004537 0.097810 0.249540
v 0.009280 0.102321 0.251144
v 0.011591 0.106363 0.240196
v 0.011372 0.102221 0.235220
v 0.009685 0.111288 0.249243
v 0.004031 0.095091 0.235524
v -0.018270 0.086758 0.247184
v -0.016190 0.089387 0.262552
v -0.004318 0.094904 0.261105
v -0.002176 0.090949 0.225576
v -0.009809 0.087498 0.229505
v -0.020128 0.081760 0.232047
v 0.003863 0.098560 0.261079
v -0.022293 0.078296 0.165708
v 0.021203 0.079052 0.339200
v 0.019722 0.089881 0.323769
v 0.005610 0.082392 0.328485
v -0.006002 0.071333 0.333534
v 0.004969 0.066957 0.344058
v 0.018347 0.065225 0.351100
v -0.016376 0.040101 0.470325
v -0.003532 0.035586 0.462627
v -0.010016 0.046656 0.458245
v -0.030758 0.057069 0.465888
v -0.035018 0.051544 0.474774
v -0.024866 0.060522 0.456916
v 0.012865 0.050883 0.358348
v -0.001347 0.053249 0.350611
v -0.007832 0.037717 0.354272
v 0.026573 0.040374 0.366813
v 0.030270 0.052482 0.361863
v 0.005483 0.025508 0.373423
v 0.022561 0.031644 0.371884
v -0.015777 0.020249 0.354590
v -0.006935 0.016340 0.364142
v -0.004555 0.013076 0.374185
v -0.028780 0.023348 0.496071
v -0.027432 0.028063 0.489965
v -0.038377 0.030679 0.487119
v -0.043549 0.024346 0.482418
v -0.042961 0.020140 0.489418
v -0.030697 0.029727 0.483080
v -0.050974 0.041056 0.480371
v -0.058637 0.037148 0.477005
v -0.047025 0.028179 0.478723
v -0.017175 0.032454 0.475954
v -0.016389 0.024916 0.480669
v -0.056616 0.068174 0.467405
v -0.062704 0.063843 0.471928
v -0.070602 0.058626 0.472481
v -0.140731 0.089100 0.309931
v -0.137033 0.096640 0.312977
v -0.127213 0.091952 0.315298
v -0.118923 0.084013 0.315989
v -0.114849 0.071782 0.317152
v -0.121513 0.067677 0.315949
v -0.120015 0.090041 0.317411
v -0.101335 0.091254 0.300109
v -0.101944 0.086529 0.296561
v -0.109423 0.090724 0.296688
v -0.110354 0.095356 0.302850
v -0.105544 0.095193 0.304866
v -0.114824 0.094999 0.299561
v -0.116312 0.086873 0.306465
v -0.114875 0.089018 0.310684
v -0.114310 0.094199 0.308211
v -0.119680 0.089278 0.301977
v -0.116373 0.085557 0.300723
v -0.119328 0.089988 0.297332
v -0.113506 0.094634 0.319009
v -0.109856 0.091506 0.316375
v -0.113559 0.088946 0.319304
v -0.121183 0.095012 0.320350
v -0.121072 0.102354 0.321686
v -0.108357 0.103510 0.310724
v -0.095288 0.100560 0.311513
v -0.096605 0.095662 0.312213
v -0.108398 0.095718 0.312113
v -0.109063 0.073812 0.318848
v -0.112337 0.082698 0.311921
v -0.106265 0.072930 0.313665
v -0.112246 0.090601 0.313801
v -0.136224 0.095473 0.356353
v -0.135621 0.086868 0.352434
v -0.129201 0.083004 0.361410
v -0.123836 0.080076 0.375421
v -0.128609 0.087373 0.381092
v -0.128185 0.095977 0.387055
v -0.138024 0.102774 0.378960
v -0.149070 0.105974 0.367563
v -0.145656 0.104250 0.358209
v -0.147456 0.112022 0.375529
v -0.135906 0.095916 0.345302
v -0.150453 0.104586 0.334880
v -0.155846 0.100135 0.335808
v -0.147402 0.095185 0.341221
v -0.141764 0.091138 0.346081
v -0.129550 0.102475 0.335016
v -0.137636 0.104342 0.333917
v -0.147169 0.108418 0.330711
v -0.139701 0.115935 0.342833
v -0.130134 0.109156 0.342278
v -0.124351 0.100591 0.340038
v -0.122413 0.106704 0.341659
v -0.119654 0.107052 0.338239
v -0.128926 0.102325 0.326428
v -0.118866 0.112418 0.337307
v -0.114944 0.120114 0.335448
v -0.121069 0.119808 0.332217
v -0.126670 0.121272 0.328839
v -0.127352 0.114029 0.326284
v -0.092072 0.087647 0.302560
v -0.110730 0.094873 0.310021
v -0.127670 0.098560 0.319866
v -0.118254 0.114925 0.311005
v -0.105500 0.111953 0.309219
v -0.131559 0.118007 0.318722
v -0.128177 0.120305 0.314087
v -0.133069 0.121199 0.323666
v -0.141699 0.134515 0.322899
v -0.141020 0.134223 0.321478
v -0.138364 0.128005 0.322518
v -0.137675 0.130264 0.323198
v -0.137769 0.126952 0.320131
v -0.182468 0.122777 0.326867
v -0.180925 0.120417 0.327301
v -0.179942 0.121261 0.327739
v -0.179029 0.122368 0.327679
v -0.181400 0.124266 0.327454
v -0.182762 0.124222 0.326572
v -0.179772 0.114817 0.324187
v -0.179238 0.114925 0.326490
v -0.181551 0.119918 0.326130
v -0.181559 0.120297 0.323830
v -0.179271 0.115666 0.322072
v -0.182468 0.122025 0.325495
v -0.179225 0.123192 0.323922
v -0.180528 0.124639 0.325505
v -0.178450 0.123676 0.325924
v -0.173618 0.121412 0.322696
v -0.175032 0.120158 0.321306
v -0.173011 0.121552 0.325044
v -0.181324 0.123947 0.325008
v -0.182235 0.123167 0.324911
v -0.180751 0.124431 0.326810
v -0.140123 0.134273 0.323045
v -0.137237 0.132085 0.322805
v -0.136259 0.132385 0.321585
v -0.139459 0.133749 0.320996
v -0.125724 0.118467 0.342470
v -0.120086 0.124905 0.348627
v -0.110576 0.118855 0.348802
v -0.101123 0.116863 0.346076
v -0.108403 0.119553 0.339304
v -0.116015 0.127827 0.357544
v -0.115799 0.128625 0.368636
v -0.105590 0.119370 0.376111
v -0.090893 0.111792 0.359335
v -0.176918 0.148903 0.377078
v -0.175682 0.146204 0.374111
v -0.175605 0.144210 0.375548
v -0.174446 0.143701 0.377470
v -0.176414 0.147635 0.379526
v -0.177428 0.150289 0.379094
v -0.172418 0.150782 0.374860
v -0.167426 0.149094 0.368831
v -0.169601 0.147297 0.367175
v -0.174978 0.148128 0.373684
v -0.175627 0.150590 0.376387
v -0.171743 0.144284 0.366924
v -0.172595 0.149550 0.381288
v -0.173166 0.151441 0.380627
v -0.176033 0.152118 0.381161
v -0.174623 0.148744 0.381816
v -0.170898 0.145703 0.380382
v -0.169637 0.147714 0.380025
v -0.176900 0.151595 0.380456
v -0.175705 0.148125 0.380803
v -0.172855 0.144246 0.379217
v -0.169108 0.139515 0.377105
v -0.166771 0.141279 0.378829
v -0.171298 0.138547 0.374298
v -0.166613 0.130292 0.370554
v -0.163939 0.131809 0.375262
v -0.172864 0.139179 0.371142
v -0.167613 0.130704 0.364838
v -0.158196 0.117889 0.359747
v -0.158285 0.118655 0.367484
v -0.173063 0.141039 0.368534
v -0.167285 0.133325 0.360182
v -0.155603 0.119999 0.351880
v -0.165648 0.138204 0.357434
v -0.153994 0.127555 0.347907
v -0.162650 0.143246 0.357896
v -0.149983 0.135221 0.348252
v -0.136399 0.125838 0.343224
v -0.145654 0.140799 0.352337
v -0.131162 0.132833 0.348556
v -0.142812 0.143794 0.358967
v -0.128136 0.136167 0.356837
v -0.142480 0.143219 0.366023
v -0.128262 0.136806 0.365725
v -0.144038 0.140029 0.372797
v -0.132030 0.133898 0.373895
v -0.120848 0.126058 0.378204
v -0.111072 0.116578 0.385739
v -0.137668 0.128033 0.379969
v -0.127843 0.120425 0.384307
v -0.118167 0.111854 0.391305
v -0.107830 0.102711 0.404162
v -0.100927 0.106111 0.400427
v -0.134414 0.111762 0.384550
v -0.124556 0.104328 0.391656
v -0.113445 0.096371 0.404829
v -0.102096 0.087897 0.425064
v -0.096944 0.093773 0.424552
v -0.116175 0.088981 0.402077
v -0.104714 0.080778 0.423035
v -0.091686 0.069620 0.447879
v -0.089307 0.076406 0.451479
v -0.117490 0.082046 0.398169
v -0.106601 0.074135 0.420042
v -0.094282 0.062753 0.444059
v -0.078924 0.045925 0.462642
v -0.075390 0.052502 0.468318
v -0.110201 0.066995 0.416553
v -0.099240 0.054859 0.440033
v -0.084568 0.038216 0.457565
v -0.070590 0.024261 0.464422
v -0.064537 0.032003 0.471026
v -0.101683 0.045970 0.433618
v -0.088336 0.030281 0.449817
v -0.075794 0.016121 0.456117
v -0.065979 0.006829 0.458388
v -0.060548 0.016198 0.466511
v -0.089433 0.023857 0.440794
v -0.078578 0.010575 0.446528
v -0.069270 0.000332 0.448780
v -0.061780 -0.007892 0.451179
v -0.058755 -0.000168 0.462179
v -0.080789 0.006674 0.436929
v -0.071494 -0.003505 0.438572
v -0.064010 -0.011741 0.439024
v -0.058364 -0.016188 0.454859
v -0.072483 -0.004657 0.428580
v -0.065282 -0.012551 0.427835
v -0.070520 -0.002977 0.419374
v -0.064934 -0.010902 0.418257
v -0.061272 -0.013566 0.408795
v -0.080279 0.005242 0.427463
v -0.075474 0.006452 0.418871
v -0.086429 0.016095 0.422152
v -0.079613 0.015088 0.413919
v -0.073451 0.012999 0.406215
v -0.084158 0.022759 0.402547
v -0.077459 0.018055 0.395874
v -0.067625 0.016222 0.391554
v -0.065104 0.011521 0.400147
v -0.058658 0.016526 0.389055
v -0.056103 0.011632 0.396980
v -0.051466 0.016466 0.386052
v -0.049996 0.010499 0.393810
v -0.049134 0.005722 0.399959
v -0.049337 0.000651 0.404730
v -0.044308 0.011707 0.392045
v -0.044086 0.004791 0.398441
v -0.044689 -0.001056 0.404433
v -0.045605 0.018483 0.384090
v -0.040824 0.022086 0.382883
v -0.049473 0.027130 0.368327
v -0.044822 0.030489 0.367851
v -0.041884 0.036206 0.369257
v -0.037901 0.027485 0.383386
v -0.041713 0.043164 0.372236
v -0.037075 0.034755 0.386472
v -0.042975 0.050356 0.375694
v -0.037991 0.042835 0.391015
v -0.031950 0.035275 0.399681
v -0.024974 0.028832 0.403465
v -0.039940 0.050834 0.396029
v -0.032415 0.043526 0.406116
v -0.023153 0.036156 0.410685
v -0.016252 0.030346 0.411618
v -0.019561 0.024087 0.405048
v -0.032794 0.050286 0.412487
v -0.020387 0.042520 0.416153
v -0.012321 0.036413 0.417110
v -0.005884 0.031166 0.415213
v -0.010954 0.025895 0.410921
v -0.015883 0.050148 0.418917
v -0.006805 0.043515 0.420038
v -0.000122 0.036973 0.418438
v -0.001133 0.026280 0.412707
v -0.002336 0.048685 0.424924
v 0.005492 0.040049 0.424386
v -0.000497 0.050367 0.431445
v 0.008185 0.039779 0.431688
v -0.000006 0.050384 0.438303
v 0.008986 0.038651 0.438720
v 0.015056 0.027412 0.437716
v 0.007783 0.036820 0.445814
v 0.013096 0.025102 0.446638
v 0.017014 0.014549 0.448486
v 0.019656 0.017532 0.437814
v 0.023424 0.006840 0.452605
v 0.025750 0.007648 0.439628
v 0.029195 -0.002343 0.457041
v 0.032922 -0.000520 0.441751
v 0.032511 0.001843 0.429274
v 0.032470 0.003071 0.418809
v 0.035564 -0.009863 0.442286
v 0.036297 -0.006577 0.428961
v 0.035420 -0.004265 0.418241
v 0.039413 -0.002036 0.410800
v 0.036402 0.005221 0.411435
v 0.036055 -0.014634 0.427691
v 0.035728 -0.011336 0.416844
v 0.039971 -0.009230 0.409065
v 0.047541 -0.006999 0.401322
v 0.047233 0.000601 0.403333
v 0.032508 -0.017025 0.414574
v 0.038534 -0.015729 0.406429
v 0.045941 -0.014094 0.398303
v 0.034988 -0.021514 0.402540
v 0.041605 -0.020770 0.394252
v 0.028933 -0.025963 0.397933
v 0.033966 -0.026491 0.389704
v 0.038342 -0.028185 0.381854
v 0.042322 -0.032988 0.374909
v 0.024380 -0.030356 0.384858
v 0.026670 -0.031582 0.376780
v 0.027643 -0.034914 0.369542
v 0.028454 -0.043929 0.365976
v 0.045679 -0.042838 0.371127
v 0.048972 -0.055130 0.365093
v 0.068127 -0.049991 0.365251
v 0.029790 -0.055409 0.360385
v 0.032562 -0.069194 0.351238
v 0.052529 -0.069219 0.355674
v 0.009392 -0.054449 0.355031
v 0.012282 -0.069670 0.345548
v 0.017168 -0.083587 0.332869
v 0.036369 -0.082735 0.339187
v -0.010168 -0.052394 0.345780
v -0.006489 -0.069576 0.334717
v -0.000250 -0.084089 0.321665
v 0.007333 -0.093698 0.309216
v 0.022694 -0.092570 0.320451
v -0.023200 -0.069571 0.319120
v -0.014548 -0.083245 0.305418
v -0.005303 -0.092469 0.293961
v 0.001206 -0.097089 0.287640
v 0.012808 -0.097128 0.301268
v -0.026186 -0.080502 0.285950
v -0.015492 -0.090186 0.275904
v -0.005995 -0.094485 0.269902
v 0.001360 -0.097357 0.266742
v 0.006747 -0.099825 0.283416
v -0.021272 -0.086094 0.261676
v -0.010279 -0.092107 0.256445
v -0.001563 -0.095837 0.252774
v 0.008209 -0.099663 0.264479
v -0.013702 -0.089000 0.247713
v -0.004997 -0.093447 0.243715
v -0.016913 -0.085784 0.240091
v -0.024547 -0.082191 0.252094
v -0.027278 -0.078931 0.244300
v -0.031597 -0.077763 0.238085
v -0.021321 -0.084308 0.233128
v -0.036776 -0.079056 0.234560
v -0.026381 -0.086483 0.229348
v -0.039503 -0.074678 0.228637
v -0.028804 -0.082673 0.224117
v -0.020239 -0.087128 0.219861
v -0.012398 -0.087424 0.216093
v -0.031862 -0.077887 0.217956
v -0.023541 -0.083078 0.214115
v -0.033917 -0.071254 0.211880
v -0.026163 -0.077891 0.208573
v -0.035420 -0.065339 0.204948
v -0.027984 -0.073104 0.202879
v -0.036904 -0.059836 0.198351
v -0.028852 -0.070180 0.196758
v -0.021684 -0.076814 0.194441
v -0.012864 -0.082975 0.193680
v -0.029101 -0.068786 0.191792
v -0.027835 -0.066429 0.188240
v -0.025048 -0.062888 0.186656
v -0.031035 -0.045507 0.185744
v -0.021873 -0.059558 0.185549
v -0.012021 -0.069634 0.184769
v -0.019269 -0.056885 0.187182
v -0.009307 -0.067257 0.187027
v -0.016589 -0.054427 0.190752
v -0.006594 -0.064387 0.189871
v -0.012583 -0.051129 0.192422
v -0.003852 -0.060327 0.191586
v 0.007204 -0.069538 0.190935
v 0.019603 -0.079116 0.190060
v -0.000287 -0.056303 0.192293
v 0.010269 -0.064574 0.191814
v 0.022291 -0.072791 0.191132
v 0.036376 -0.077660 0.189744
v 0.034486 -0.084563 0.188016
v 0.013053 -0.059428 0.191664
v 0.024785 -0.066454 0.190832
v 0.037647 -0.070740 0.189413
v 0.052473 -0.070767 0.187041
v 0.052556 -0.077548 0.187311
v 0.026627 -0.060175 0.189451
v 0.038643 -0.063251 0.187862
v 0.051994 -0.063864 0.185058
v 0.065471 -0.061651 0.182062
v 0.066978 -0.067877 0.183918
v 0.038841 -0.056614 0.184871
v 0.051077 -0.057356 0.182563
v 0.063528 -0.055661 0.179780
v 0.075163 -0.053145 0.174648
v 0.078479 -0.058626 0.176877
v 0.049846 -0.051568 0.179033
v 0.061140 -0.050220 0.176647
v 0.071330 -0.047706 0.172268
v 0.080238 -0.043820 0.167596
v 0.085207 -0.048720 0.169387
v 0.058104 -0.046467 0.171556
v 0.067318 -0.043607 0.168697
v 0.076086 -0.039855 0.165344
v 0.084467 -0.035095 0.161539
v 0.088834 -0.038862 0.163128
v 0.064660 -0.042455 0.163549
v 0.072758 -0.037386 0.161668
v 0.080769 -0.032141 0.159270
v 0.087667 -0.026096 0.157304
v 0.091843 -0.029186 0.158499
v 0.070741 -0.036413 0.157214
v 0.077991 -0.030268 0.156210
v 0.084310 -0.023830 0.155107
v 0.088900 -0.017208 0.154801
v 0.093052 -0.019236 0.156486
v 0.077824 -0.030970 0.151891
v 0.083571 -0.024006 0.151507
v 0.087393 -0.017007 0.151134
v 0.088786 -0.009962 0.150713
v 0.091304 -0.010057 0.154543
v 0.084172 -0.025204 0.146897
v 0.087925 -0.017954 0.146593
v 0.090132 -0.010655 0.146474
v 0.091489 -0.003352 0.146203
v 0.089978 -0.002725 0.150245
v 0.087914 -0.018309 0.142100
v 0.090717 -0.011261 0.141827
v 0.092394 -0.004198 0.141557
v 0.092302 0.004029 0.141463
v 0.091803 0.004629 0.146126
v 0.090143 -0.011689 0.137244
v 0.091438 -0.004797 0.136829
v 0.091507 0.003406 0.136787
v 0.090405 0.011995 0.137108
v 0.091094 0.012636 0.141962
v 0.090031 0.011472 0.132314
v 0.086674 0.020367 0.133315
v 0.086569 0.020465 0.137996
v 0.090534 0.011248 0.127435
v 0.088001 0.021020 0.129057
v 0.081946 0.030897 0.130657
v 0.080392 0.029334 0.134584
v 0.094400 0.011659 0.125528
v 0.091131 0.021760 0.126855
v 0.085398 0.032961 0.128536
v 0.076441 0.042781 0.130819
v 0.073180 0.039253 0.131712
v 0.093835 0.021930 0.129354
v 0.087588 0.033378 0.130779
v 0.078217 0.043740 0.133766
v 0.067814 0.051911 0.136458
v 0.065791 0.050392 0.133581
v 0.089343 0.033206 0.134851
v 0.079811 0.044261 0.138015
v 0.069575 0.052571 0.140935
v 0.057235 0.057842 0.144855
v 0.056137 0.056617 0.140690
v 0.081469 0.045155 0.142784
v 0.070703 0.053645 0.144778
v 0.057715 0.059023 0.148727
v 0.044684 0.063398 0.155568
v 0.043573 0.060430 0.152079
v 0.071754 0.056122 0.146703
v 0.058517 0.062103 0.151743
v 0.044974 0.067570 0.156435
v 0.028691 0.073438 0.162176
v 0.028573 0.068623 0.160536
v 0.059077 0.065948 0.151205
v 0.045679 0.071954 0.159417
v 0.030644 0.077521 0.165531
v 0.016508 0.080770 0.169497
v 0.046847 0.077184 0.162295
v 0.032046 0.083221 0.167816
v 0.017948 0.087038 0.171042
v 0.004115 0.088522 0.172617
v 0.004077 0.081518 0.171141
v 0.032955 0.089564 0.167542
v 0.018712 0.093401 0.169877
v 0.004324 0.095387 0.170830
v -0.009710 0.094290 0.169142
v -0.008980 0.087782 0.170821
v 0.018915 0.098829 0.166402
v 0.004905 0.100633 0.166933
v -0.009650 0.099347 0.165192
v -0.024513 0.095568 0.161607
v -0.024910 0.090518 0.165405
v 0.005451 0.104568 0.162615
v -0.009102 0.102416 0.161212
v -0.023084 0.098364 0.157738
v -0.035653 0.093752 0.151189
v -0.037691 0.090901 0.155518
v -0.010494 0.107544 0.163142
v -0.024325 0.102476 0.158349
v -0.035803 0.097163 0.149519
v -0.043088 0.093104 0.142602
v -0.044199 0.089596 0.144927
v -0.027421 0.106555 0.161058
v -0.038854 0.101583 0.150850
v -0.045843 0.097521 0.142446
v -0.041056 0.107309 0.150367
v -0.047732 0.102630 0.141200
v -0.041723 0.112985 0.147935
v -0.048562 0.107526 0.138875
v -0.053707 0.102976 0.131855
v -0.059246 0.099814 0.127205
v -0.048462 0.112130 0.135443
v -0.053389 0.106895 0.128658
v -0.058644 0.103190 0.123812
v -0.064431 0.100539 0.119424
v -0.065661 0.097356 0.122901
v -0.052484 0.110572 0.125122
v -0.057586 0.106365 0.120371
v -0.063081 0.103484 0.116315
v -0.067321 0.100498 0.111008
v -0.069463 0.097738 0.113209
v -0.056832 0.109613 0.117255
v -0.061649 0.106091 0.113562
v -0.064984 0.102787 0.109032
v -0.066681 0.099599 0.103350
v -0.061004 0.109052 0.111059
v -0.063171 0.104735 0.107446
v -0.064339 0.100754 0.102942
v -0.065310 0.098828 0.096761
v -0.067286 0.097337 0.096179
v -0.068067 0.097590 0.090511
v -0.066437 0.099286 0.090983
v -0.064328 0.100414 0.091327
v -0.065990 0.101801 0.085338
v -0.068011 0.100530 0.085304
v -0.069416 0.098640 0.085142
v -0.069960 0.096271 0.084898
v -0.070202 0.102225 0.078356
v -0.071644 0.100190 0.078395
v -0.071885 0.097636 0.078332
v -0.071812 0.095105 0.078122
v -0.069444 0.093805 0.084952
v -0.075214 0.102539 0.068950
v -0.075800 0.099954 0.068609
v -0.075757 0.097536 0.068229
v -0.075135 0.094884 0.067767
v -0.071110 0.092655 0.077740
v -0.081369 0.103360 0.055162
v -0.081485 0.100219 0.054607
v -0.080609 0.097128 0.054044
v -0.079251 0.094326 0.053481
v -0.073921 0.092502 0.067162
v -0.087359 0.103450 0.038509
v -0.086633 0.099843 0.037571
v -0.084922 0.096884 0.036566
v -0.082820 0.093953 0.035696
v -0.077653 0.092086 0.052907
v -0.093106 0.103648 0.020494
v -0.091189 0.099773 0.019207
v -0.088435 0.096451 0.018075
v -0.084783 0.093701 0.017194
v -0.080079 0.091508 0.035216
v -0.095827 0.103602 0.001308
v -0.092951 0.099900 0.000031
v -0.089789 0.096747 -0.001064
v -0.086832 0.094409 -0.001934
v -0.082849 0.091527 0.016730
v -0.098179 0.103160 -0.018123
v -0.094806 0.100163 -0.019592
v -0.091440 0.097529 -0.020809
v -0.092020 0.095486 -0.021098
v -0.088776 0.092701 -0.001651
v -0.100164 0.103870 -0.038439
v -0.096353 0.100623 -0.039874
v -0.095046 0.097781 -0.040570
v -0.099274 0.096778 -0.039924
v -0.096335 0.094202 -0.020296
v -0.101017 0.103983 -0.059058
v -0.098374 0.101080 -0.060088
v -0.101978 0.099296 -0.059591
v -0.107418 0.098373 -0.058704
v -0.104108 0.096079 -0.039055
v -0.102473 0.103584 -0.079738
v -0.105060 0.101772 -0.079669
v -0.110500 0.101024 -0.078874
v -0.115782 0.099724 -0.077972
v -0.112546 0.096901 -0.057860
v -0.107083 0.104660 -0.100301
v -0.113038 0.103971 -0.099470
v -0.118888 0.102785 -0.098647
v -0.124923 0.100473 -0.097712
v -0.121545 0.097057 -0.076955
v -0.115611 0.107028 -0.120010
v -0.121377 0.106279 -0.119367
v -0.127631 0.104343 -0.118706
v -0.134474 0.099744 -0.117770
v -0.130801 0.095895 -0.096781
v -0.123461 0.109750 -0.140481
v -0.130239 0.108283 -0.139721
v -0.138247 0.104077 -0.138411
v -0.145206 0.095299 -0.137473
v -0.140197 0.091287 -0.117017
v -0.132640 0.112352 -0.160591
v -0.141700 0.108165 -0.159232
v -0.149818 0.099292 -0.158218
v -0.154281 0.086395 -0.158250
v -0.148501 0.082923 -0.137490
v -0.144376 0.112277 -0.179359
v -0.154248 0.103437 -0.178518
v -0.159760 0.089517 -0.178964
v -0.160094 0.073570 -0.180089
v -0.153758 0.071634 -0.159142
v -0.158474 0.107528 -0.198286
v -0.165135 0.092471 -0.199366
v -0.166165 0.075189 -0.201109
v -0.160637 0.057924 -0.203437
v -0.154604 0.057353 -0.181987
v -0.170750 0.095328 -0.217959
v -0.171773 0.076336 -0.219875
v -0.166093 0.057727 -0.222379
v -0.155159 0.044047 -0.225564
v -0.149879 0.044588 -0.206338
v -0.175666 0.077112 -0.232154
v -0.169365 0.057293 -0.234412
v -0.158243 0.043629 -0.237496
v -0.143970 0.036429 -0.241343
v -0.140567 0.037104 -0.229256
v -0.171664 0.056645 -0.243533
v -0.160427 0.043098 -0.246674
v -0.146658 0.036404 -0.250156
v -0.132966 0.034102 -0.252699
v -0.130575 0.034265 -0.244282
v -0.162296 0.042734 -0.255253
v -0.149058 0.036361 -0.257797
v -0.135173 0.033966 -0.259713
v -0.122940 0.033322 -0.261154
v -0.120955 0.033628 -0.254223
v -0.150634 0.036544 -0.264056
v -0.137449 0.034156 -0.265668
v -0.125045 0.033294 -0.267532
v -0.112296 0.031626 -0.268650
v -0.110658 0.031538 -0.262252
v -0.139767 0.034410 -0.270090
v -0.126777 0.033429 -0.272490
v -0.113441 0.031925 -0.273914
v -0.102487 0.024686 -0.274829
v -0.101877 0.023983 -0.269116
v -0.128595 0.033776 -0.277348
v -0.114549 0.032422 -0.278702
v -0.102948 0.025762 -0.279676
v -0.115402 0.034051 -0.282905
v -0.103664 0.026826 -0.284113
v -0.096456 0.014780 -0.286013
v -0.096735 0.013377 -0.281293
v -0.096558 0.012728 -0.275802
v -0.094428 -0.000715 -0.276552
v -0.094365 -0.000422 -0.269936
v -0.096191 0.012270 -0.269524
v -0.094230 -0.000856 -0.282359
v -0.094107 -0.013197 -0.281797
v -0.093962 -0.012131 -0.276395
v -0.092885 -0.000534 -0.287971
v -0.093967 0.016927 -0.288512
v -0.089817 -0.000393 -0.290745
v -0.089365 0.019435 -0.288286
v -0.085741 -0.000479 -0.289242
v -0.086558 0.020555 -0.286703
v -0.082904 0.000152 -0.286256
v -0.084062 -0.017945 -0.284851
v -0.081546 0.001126 -0.281778
v -0.081425 -0.017424 -0.280609
v -0.085604 -0.032560 -0.280237
v -0.079690 -0.016608 -0.275647
v -0.083669 -0.032213 -0.275139
v -0.091975 -0.044555 -0.274759
v -0.093847 -0.044396 -0.280317
v -0.104693 -0.052482 -0.273342
v -0.106696 -0.051611 -0.278824
v -0.109162 -0.048486 -0.282506
v -0.120723 -0.055750 -0.275991
v -0.123473 -0.052572 -0.278850
v -0.125785 -0.048189 -0.279887
v -0.111579 -0.044061 -0.282439
v -0.127556 -0.043486 -0.279748
v -0.113781 -0.039768 -0.282292
v -0.128605 -0.040757 -0.276854
v -0.114696 -0.037987 -0.278965
v -0.104715 -0.034004 -0.279370
v -0.114448 -0.037670 -0.273804
v -0.104821 -0.033996 -0.274563
v -0.098880 -0.028312 -0.274972
v -0.099100 -0.028811 -0.279580
v -0.095359 -0.021177 -0.275543
v -0.095748 -0.022450 -0.280411
v -0.098388 -0.028326 -0.269477
v -0.094954 -0.020532 -0.269624
v -0.093705 -0.011324 -0.269886
v -0.094586 -0.020262 -0.262738
v -0.093418 -0.010745 -0.262592
v -0.094165 0.000018 -0.262350
v -0.093244 -0.010432 -0.254793
v -0.093887 0.000397 -0.254323
v -0.095755 0.012172 -0.254521
v -0.095894 0.012071 -0.262299
v -0.100300 0.023469 -0.255069
v -0.101011 0.023399 -0.262423
v -0.109293 0.031548 -0.255039
v -0.099314 0.023533 -0.245965
v -0.107567 0.031708 -0.246143
v -0.118826 0.034001 -0.245496
v -0.105504 0.031851 -0.233900
v -0.116038 0.034558 -0.233096
v -0.127396 0.034784 -0.231783
v -0.112415 0.035102 -0.213465
v -0.123351 0.035619 -0.212431
v -0.135887 0.037751 -0.209905
v -0.118976 0.036768 -0.189833
v -0.130467 0.038725 -0.187649
v -0.143827 0.044949 -0.184586
v -0.124781 0.039600 -0.165521
v -0.137449 0.045036 -0.162790
v -0.148202 0.056463 -0.160538
v -0.130579 0.045253 -0.141385
v -0.141574 0.055414 -0.139272
v -0.147320 0.069283 -0.138171
v -0.134574 0.054515 -0.118508
v -0.140916 0.066972 -0.117358
v -0.142655 0.079638 -0.116889
v -0.134252 0.064889 -0.096717
v -0.136678 0.076628 -0.096215
v -0.135343 0.087487 -0.096225
v -0.130650 0.073753 -0.075813
v -0.130125 0.083921 -0.075704
v -0.126802 0.092141 -0.076083
v -0.124718 0.080679 -0.056008
v -0.122330 0.088697 -0.056123
v -0.117847 0.094059 -0.056886
v -0.117664 0.085262 -0.036869
v -0.113756 0.090747 -0.037406
v -0.109102 0.094219 -0.038164
v -0.109699 0.087398 -0.017865
v -0.105460 0.091163 -0.018525
v -0.100738 0.093197 -0.019433
v -0.101360 0.087515 0.000590
v -0.097328 0.090050 -0.000132
v -0.093184 0.091519 -0.000878
v -0.093913 0.087501 0.018575
v -0.090147 0.088922 0.017923
v -0.086148 0.090243 0.017215
v -0.086854 0.087066 0.036120
v -0.083491 0.088182 0.035488
v -0.080131 0.089108 0.035039
v -0.080535 0.086816 0.053154
v -0.077774 0.087860 0.052583
v -0.076270 0.090048 0.052416
v -0.074551 0.086779 0.066894
v -0.072684 0.088089 0.066341
v -0.072487 0.090251 0.066459
v -0.071907 0.085671 0.077340
v -0.074190 0.084528 0.077885
v -0.072291 0.083741 0.086289
v -0.070044 0.084565 0.086210
v -0.077114 0.085578 0.067538
v -0.079679 0.084176 0.068217
v -0.075956 0.083117 0.078327
v -0.083438 0.085346 0.053663
v -0.086347 0.083520 0.054221
v -0.081567 0.082826 0.068749
v -0.090301 0.084891 0.036658
v -0.093050 0.082189 0.037183
v -0.088053 0.081201 0.054763
v -0.097657 0.084656 0.019118
v -0.100464 0.080969 0.019659
v -0.095329 0.079042 0.037893
v -0.105015 0.083707 0.001164
v -0.107408 0.078655 0.001417
v -0.102064 0.076495 0.020096
v -0.112795 0.081877 -0.017580
v -0.113561 0.074845 -0.017901
v -0.107779 0.072594 0.001246
v -0.119323 0.077640 -0.037023
v -0.118541 0.069245 -0.037662
v -0.112613 0.067666 -0.018405
v -0.124437 0.071276 -0.056427
v -0.121392 0.061707 -0.057148
v -0.115696 0.060894 -0.038442
v -0.127627 0.063100 -0.076462
v -0.121123 0.053421 -0.077491
v -0.115342 0.053588 -0.058224
v -0.127648 0.053860 -0.097861
v -0.117753 0.046388 -0.099689
v -0.112088 0.047501 -0.078993
v -0.124009 0.045677 -0.120538
v -0.113559 0.041476 -0.122550
v -0.108690 0.043114 -0.101412
v -0.118969 0.040442 -0.143762
v -0.109172 0.039098 -0.145167
v -0.104854 0.040332 -0.123865
v -0.114087 0.037990 -0.167283
v -0.104471 0.037123 -0.168123
v -0.100262 0.037886 -0.145715
v -0.108769 0.035985 -0.190783
v -0.099950 0.031972 -0.191050
v -0.096322 0.032541 -0.168371
v -0.102500 0.031932 -0.213869
v -0.096408 0.023699 -0.213629
v -0.094746 0.023691 -0.190671
v -0.098141 0.023577 -0.233754
v -0.094872 0.012533 -0.233066
v -0.093925 0.012961 -0.212810
v -0.095460 0.012341 -0.245268
v -0.093571 0.000715 -0.244997
v -0.093015 0.001028 -0.232586
v -0.092235 -0.010068 -0.232751
v -0.091208 -0.009838 -0.212297
v -0.092263 0.001453 -0.212230
v -0.092936 -0.010297 -0.245413
v -0.093500 -0.020290 -0.246045
v -0.092496 -0.020234 -0.233192
v -0.094196 -0.020206 -0.255292
v -0.097346 -0.028920 -0.255611
v -0.096270 -0.029454 -0.246393
v -0.098004 -0.028466 -0.262980
v -0.104351 -0.034677 -0.262818
v -0.103985 -0.035000 -0.255381
v -0.104697 -0.034309 -0.269164
v -0.114208 -0.037519 -0.268417
v -0.114091 -0.037504 -0.261973
v -0.127309 -0.040376 -0.260625
v -0.126260 -0.040474 -0.253012
v -0.114037 -0.037834 -0.254532
v -0.127705 -0.040395 -0.266619
v -0.143660 -0.046166 -0.264239
v -0.142512 -0.046350 -0.258166
v -0.128293 -0.040481 -0.271779
v -0.144785 -0.046047 -0.269219
v -0.155123 -0.061923 -0.267232
v -0.155286 -0.060963 -0.262199
v -0.144849 -0.047126 -0.274000
v -0.153637 -0.063202 -0.271351
v -0.157158 -0.081760 -0.270736
v -0.159224 -0.081452 -0.266272
v -0.141912 -0.050972 -0.276617
v -0.150647 -0.065383 -0.273966
v -0.152134 -0.081874 -0.272893
v -0.148436 -0.098619 -0.272727
v -0.152942 -0.100152 -0.270201
v -0.146316 -0.067589 -0.274903
v -0.146904 -0.081910 -0.273829
v -0.143514 -0.096960 -0.273850
v -0.136156 -0.109847 -0.275411
v -0.140159 -0.113686 -0.274501
v -0.140685 -0.081813 -0.273397
v -0.138338 -0.095115 -0.274260
v -0.131751 -0.106606 -0.275051
v -0.121962 -0.114620 -0.276578
v -0.125164 -0.118728 -0.278596
v -0.135267 -0.094272 -0.269708
v -0.128897 -0.105563 -0.270485
v -0.119216 -0.112302 -0.271839
v -0.127003 -0.104793 -0.264959
v -0.116902 -0.110987 -0.266099
v -0.103911 -0.111944 -0.267448
v -0.115001 -0.109767 -0.259558
v -0.101558 -0.110728 -0.261528
v -0.088663 -0.115560 -0.263048
v -0.090848 -0.116501 -0.268653
v -0.081507 -0.127679 -0.262363
v -0.083652 -0.128443 -0.269010
v -0.080795 -0.141304 -0.259586
v -0.081473 -0.141931 -0.266264
v -0.084817 -0.154997 -0.256019
v -0.085672 -0.155632 -0.262509
v -0.090025 -0.166814 -0.253063
v -0.090806 -0.168256 -0.259304
v -0.093878 -0.167325 -0.263427
v -0.098453 -0.164220 -0.264254
v -0.109784 -0.171314 -0.261963
v -0.102868 -0.161299 -0.262985
v -0.123107 -0.174883 -0.266126
v -0.127283 -0.175501 -0.265529
v -0.123774 -0.183686 -0.273003
v -0.126473 -0.185432 -0.271190
v -0.121301 -0.195542 -0.271630
v -0.125341 -0.198399 -0.269180
v -0.129918 -0.187618 -0.267988
v -0.130338 -0.178488 -0.262516
v -0.117356 -0.192800 -0.273431
v -0.111060 -0.201125 -0.273263
v -0.115266 -0.205660 -0.271438
v -0.106787 -0.197101 -0.273305
v -0.102115 -0.205183 -0.274809
v -0.105351 -0.209956 -0.273042
v -0.098964 -0.201062 -0.273592
v -0.094682 -0.205983 -0.276958
v -0.096909 -0.211404 -0.275082
v -0.092363 -0.200431 -0.277567
v -0.088209 -0.203903 -0.280787
v -0.089678 -0.209642 -0.278661
v -0.084311 -0.212003 -0.279819
v -0.083223 -0.206124 -0.282693
v -0.079115 -0.213187 -0.280530
v -0.076522 -0.211419 -0.277541
v -0.078104 -0.219332 -0.273322
v -0.075932 -0.208282 -0.272609
v -0.077267 -0.216685 -0.268905
v -0.081734 -0.225530 -0.264752
v -0.082761 -0.227859 -0.268612
v -0.090862 -0.230679 -0.262869
v -0.092071 -0.229333 -0.267076
v -0.101764 -0.230601 -0.262322
v -0.101464 -0.227373 -0.266941
v -0.100737 -0.222261 -0.270271
v -0.111593 -0.220460 -0.267882
v -0.108609 -0.215370 -0.271019
v -0.099172 -0.216785 -0.272943
v -0.119722 -0.209703 -0.268798
v -0.113431 -0.223928 -0.263110
v -0.123203 -0.212554 -0.264790
v -0.113863 -0.224703 -0.256943
v -0.124385 -0.213761 -0.258358
v -0.112898 -0.223271 -0.249781
v -0.123398 -0.213058 -0.251212
v -0.111674 -0.220382 -0.241380
v -0.122065 -0.210967 -0.242879
v -0.129691 -0.199327 -0.244499
v -0.120491 -0.207228 -0.232618
v -0.128028 -0.195732 -0.234705
v -0.131430 -0.183528 -0.237794
v -0.132897 -0.187495 -0.247259
v -0.128808 -0.172290 -0.241850
v -0.131383 -0.177587 -0.250969
v -0.129321 -0.178916 -0.226461
v -0.125627 -0.167119 -0.230777
v -0.125986 -0.172622 -0.210877
v -0.122220 -0.161215 -0.215679
v -0.112432 -0.153946 -0.220066
v -0.117986 -0.154353 -0.197046
v -0.110020 -0.147396 -0.201521
v -0.103816 -0.141113 -0.203813
v -0.104560 -0.146928 -0.222501
v -0.099411 -0.133765 -0.204813
v -0.099921 -0.138969 -0.223551
v -0.096633 -0.126630 -0.205629
v -0.096797 -0.131283 -0.224334
v -0.096879 -0.134742 -0.239255
v -0.099537 -0.126153 -0.224916
v -0.099035 -0.128770 -0.239650
v -0.098944 -0.130336 -0.251065
v -0.097117 -0.137347 -0.250810
v -0.098993 -0.131582 -0.259783
v -0.097310 -0.138874 -0.259361
v -0.106964 -0.131522 -0.250342
v -0.106634 -0.132713 -0.259259
v -0.106349 -0.133596 -0.266615
v -0.117140 -0.133291 -0.258383
v -0.117020 -0.134490 -0.265923
v -0.131876 -0.129903 -0.256554
v -0.132536 -0.130859 -0.263750
v -0.132856 -0.130735 -0.270004
v -0.147270 -0.117759 -0.262125
v -0.148420 -0.118400 -0.267366
v -0.144207 -0.116755 -0.272181
v -0.131159 -0.128477 -0.275347
v -0.128257 -0.123610 -0.278459
v -0.155819 -0.100993 -0.266196
v -0.154982 -0.100335 -0.260995
v -0.158246 -0.080471 -0.260995
v -0.154027 -0.099419 -0.254760
v -0.157176 -0.079529 -0.254981
v -0.154229 -0.060427 -0.255963
v -0.155479 -0.078381 -0.247199
v -0.152168 -0.059999 -0.248166
v -0.140774 -0.046409 -0.250325
v -0.149842 -0.059401 -0.238901
v -0.138778 -0.046645 -0.241349
v -0.125145 -0.040858 -0.244113
v -0.136119 -0.046912 -0.229629
v -0.123229 -0.041206 -0.232216
v -0.111870 -0.038752 -0.233426
v -0.113325 -0.038284 -0.245495
v -0.101947 -0.035935 -0.233687
v -0.103190 -0.035580 -0.246107
v -0.095188 -0.029374 -0.233590
v -0.099795 -0.036017 -0.213573
v -0.093466 -0.029391 -0.213375
v -0.091216 -0.020100 -0.212819
v -0.091435 -0.029441 -0.191364
v -0.090026 -0.020164 -0.190617
v -0.090013 -0.009633 -0.189897
v -0.088819 -0.019274 -0.167227
v -0.088993 -0.008676 -0.166591
v -0.089294 0.003174 -0.166483
v -0.091310 0.001973 -0.189632
v -0.091227 0.014112 -0.166946
v -0.092611 0.013372 -0.189991
v -0.092922 0.024032 -0.167777
v -0.089702 0.015838 -0.143869
v -0.090820 0.025037 -0.145042
v -0.093584 0.032827 -0.145723
v -0.088808 0.027166 -0.122573
v -0.090777 0.034796 -0.123541
v -0.097054 0.039572 -0.124278
v -0.089038 0.036992 -0.102436
v -0.094232 0.041443 -0.102641
v -0.101132 0.042044 -0.102228
v -0.090671 0.043305 -0.081425
v -0.096965 0.043807 -0.080975
v -0.103764 0.044906 -0.080270
v -0.092829 0.045320 -0.060749
v -0.099485 0.046751 -0.060504
v -0.107058 0.048819 -0.059663
v -0.096745 0.048865 -0.041826
v -0.103058 0.050596 -0.041159
v -0.110141 0.054528 -0.039718
v -0.098894 0.053369 -0.021011
v -0.104465 0.056238 -0.020043
v -0.109568 0.061035 -0.019074
v -0.099041 0.057762 -0.000614
v -0.103555 0.061317 0.000205
v -0.106507 0.066602 0.000863
v -0.097759 0.062363 0.019266
v -0.100691 0.066437 0.019869
v -0.102122 0.071394 0.020159
v -0.094502 0.067223 0.037986
v -0.095929 0.071104 0.038258
v -0.096203 0.075202 0.038244
v -0.089819 0.071701 0.055617
v -0.090296 0.075022 0.055597
v -0.089560 0.078190 0.055280
v -0.084973 0.075211 0.069480
v -0.084500 0.078091 0.069414
v -0.083287 0.080572 0.069130
v -0.079046 0.079688 0.078982
v -0.077814 0.081649 0.078777
v -0.076735 0.078600 0.087140
v -0.075545 0.080373 0.086732
v -0.074021 0.082027 0.086511
v -0.075377 0.079700 0.091457
v -0.073779 0.082001 0.091438
v -0.071819 0.083988 0.091551
v -0.069327 0.085967 0.092013
v -0.075983 0.077388 0.091339
v -0.076218 0.076188 0.093477
v -0.075777 0.073439 0.091401
v -0.076021 0.071921 0.087261
v -0.075261 0.070140 0.086578
v -0.074010 0.069164 0.085862
v -0.079379 0.070758 0.078606
v -0.078136 0.068940 0.077989
v -0.076442 0.067634 0.077505
v -0.074526 0.066524 0.076957
v -0.072479 0.068020 0.085173
v -0.081763 0.067715 0.068137
v -0.079643 0.065877 0.067486
v -0.077106 0.064877 0.066808
v -0.074511 0.063978 0.066332
v -0.072474 0.065520 0.076388
v -0.083449 0.064387 0.054114
v -0.080322 0.063134 0.053379
v -0.077064 0.062239 0.052696
v -0.073923 0.061787 0.052188
v -0.071833 0.063493 0.065740
v -0.084447 0.060498 0.035753
v -0.080497 0.059774 0.034988
v -0.076329 0.059360 0.034400
v -0.072516 0.058656 0.034111
v -0.071186 0.061381 0.051553
v -0.084496 0.056962 0.016369
v -0.079201 0.056300 0.015324
v -0.076023 0.054590 0.014830
v -0.077865 0.050713 0.015656
v -0.074514 0.055152 0.034757
v -0.083370 0.053380 -0.003334
v -0.079384 0.051757 -0.003830
v -0.081176 0.046708 -0.002676
v -0.082985 0.041096 -0.001701
v -0.080125 0.046195 0.016836
v -0.083359 0.049205 -0.023008
v -0.083016 0.043554 -0.022019
v -0.084627 0.037208 -0.020284
v -0.086297 0.030330 -0.018377
v -0.084866 0.035175 -0.000357
v -0.085085 0.039718 -0.039808
v -0.085806 0.033309 -0.038348
v -0.087153 0.026310 -0.036689
v -0.088159 0.017876 -0.034787
v -0.087874 0.022998 -0.016337
v -0.086488 0.030715 -0.058604
v -0.087278 0.023488 -0.056965
v -0.088000 0.014738 -0.055544
v -0.088154 0.003241 -0.054300
v -0.088960 0.006694 -0.032630
v -0.087268 0.022268 -0.078604
v -0.087808 0.013056 -0.077620
v -0.087573 0.001132 -0.077129
v -0.086352 -0.011136 -0.077510
v -0.087052 -0.009283 -0.053947
v -0.087888 0.011373 -0.099498
v -0.087617 -0.000892 -0.099363
v -0.086131 -0.013049 -0.100118
v -0.084610 -0.022363 -0.101229
v -0.084499 -0.020658 -0.078412
v -0.088557 -0.003428 -0.120632
v -0.086603 -0.015560 -0.121739
v -0.085385 -0.025475 -0.123163
v -0.085938 -0.034400 -0.124432
v -0.084089 -0.030746 -0.102327
v -0.087540 -0.017494 -0.143576
v -0.087446 -0.027108 -0.144906
v -0.089195 -0.035707 -0.145884
v -0.095607 -0.041398 -0.145951
v -0.090182 -0.042484 -0.124664
v -0.089090 -0.028543 -0.168100
v -0.092408 -0.036915 -0.168749
v -0.100245 -0.040609 -0.168632
v -0.109182 -0.042458 -0.167926
v -0.103712 -0.042852 -0.145423
v -0.096298 -0.037179 -0.191787
v -0.104944 -0.039868 -0.191274
v -0.114517 -0.042176 -0.190347
v -0.125634 -0.046118 -0.188512
v -0.119120 -0.045515 -0.166487
v -0.109090 -0.039433 -0.213390
v -0.119389 -0.041675 -0.212438
v -0.131394 -0.046692 -0.210392
v -0.141661 -0.057137 -0.208396
v -0.135554 -0.055253 -0.186552
v -0.146682 -0.058716 -0.227243
v -0.150111 -0.075180 -0.225964
v -0.145379 -0.072309 -0.207468
v -0.153135 -0.076912 -0.237744
v -0.150487 -0.095706 -0.237107
v -0.147681 -0.093076 -0.224896
v -0.152500 -0.097830 -0.246669
v -0.144209 -0.115220 -0.246674
v -0.142437 -0.112866 -0.236521
v -0.145832 -0.116883 -0.255383
v -0.131156 -0.127831 -0.247483
v -0.117472 -0.131497 -0.249345
v -0.117503 -0.129224 -0.238255
v -0.130320 -0.125123 -0.236836
v -0.117222 -0.126349 -0.223997
v -0.129234 -0.121437 -0.223233
v -0.140280 -0.109499 -0.223789
v -0.127839 -0.116291 -0.205368
v -0.137335 -0.104840 -0.205845
v -0.143658 -0.089042 -0.206790
v -0.134400 -0.099730 -0.184580
v -0.139459 -0.084716 -0.185094
v -0.140141 -0.069122 -0.185501
v -0.135053 -0.080343 -0.163151
v -0.134662 -0.065810 -0.163606
v -0.128989 -0.053084 -0.164668
v -0.128844 -0.062323 -0.141714
v -0.122623 -0.051101 -0.142773
v -0.112752 -0.045310 -0.144352
v -0.115407 -0.049943 -0.121089
v -0.105972 -0.045583 -0.122593
v -0.097785 -0.043919 -0.123654
v -0.098606 -0.046104 -0.101546
v -0.090824 -0.043587 -0.102311
v -0.085423 -0.038470 -0.102821
v -0.085909 -0.043524 -0.081125
v -0.082926 -0.036574 -0.080613
v -0.083072 -0.028619 -0.079587
v -0.081838 -0.035508 -0.056469
v -0.082965 -0.027826 -0.055405
v -0.084925 -0.019439 -0.054418
v -0.081557 -0.034145 -0.032430
v -0.080839 -0.041968 -0.033981
v -0.079121 -0.040958 -0.013004
v -0.081117 -0.033573 -0.010573
v -0.082865 -0.043211 -0.057307
v -0.088898 -0.048232 -0.057809
v -0.084720 -0.048570 -0.034876
v -0.093323 -0.047006 -0.081027
v -0.101631 -0.049769 -0.080170
v -0.096262 -0.050827 -0.057833
v -0.108000 -0.049514 -0.100338
v -0.116149 -0.056956 -0.098985
v -0.109873 -0.055560 -0.078390
v -0.122601 -0.059111 -0.120016
v -0.124894 -0.071465 -0.119716
v -0.119738 -0.067855 -0.098525
v -0.130274 -0.075746 -0.141247
v -0.127267 -0.089159 -0.141080
v -0.123106 -0.083990 -0.119611
v -0.130883 -0.094380 -0.162835
v -0.123943 -0.105394 -0.162763
v -0.121422 -0.100058 -0.141035
v -0.126005 -0.110682 -0.184441
v -0.116692 -0.116582 -0.184986
v -0.115556 -0.111705 -0.163226
v -0.117105 -0.121801 -0.205778
v -0.107938 -0.122932 -0.205895
v -0.108524 -0.118458 -0.185336
v -0.107171 -0.126943 -0.224583
v -0.100554 -0.122623 -0.206001
v -0.106981 -0.129722 -0.239116
v -0.096346 -0.121657 -0.185038
v -0.101061 -0.118979 -0.185351
v -0.095310 -0.117076 -0.164179
v -0.101015 -0.115354 -0.164036
v -0.108016 -0.114390 -0.163669
v -0.100780 -0.111290 -0.142480
v -0.106786 -0.109907 -0.142014
v -0.113918 -0.106578 -0.141454
v -0.104858 -0.105340 -0.120688
v -0.111713 -0.101470 -0.120141
v -0.118398 -0.094552 -0.119601
v -0.109335 -0.096806 -0.099041
v -0.115261 -0.089695 -0.098451
v -0.118936 -0.079458 -0.098411
v -0.111783 -0.085318 -0.077531
v -0.114571 -0.075638 -0.077391
v -0.114257 -0.065010 -0.077568
v -0.110098 -0.072114 -0.056213
v -0.108687 -0.062637 -0.056503
v -0.103775 -0.055171 -0.057276
v -0.102748 -0.060645 -0.034813
v -0.097633 -0.055182 -0.035323
v -0.091141 -0.051841 -0.035425
v -0.090888 -0.054838 -0.014248
v -0.084791 -0.052272 -0.014765
v -0.079466 -0.047797 -0.014834
v -0.078497 -0.052716 0.005277
v -0.075702 -0.047847 0.006141
v -0.077559 -0.042149 0.007824
v -0.080259 -0.036036 0.010224
v -0.079738 -0.034389 0.037552
v -0.073658 -0.040960 0.056365
v -0.071869 -0.037580 0.060623
v -0.079543 -0.027653 0.042744
v -0.069778 -0.035002 0.064027
v -0.075089 -0.020340 0.048540
v -0.067407 -0.033114 0.067845
v -0.070234 -0.015453 0.054497
v -0.073997 0.001168 0.043595
v -0.067164 -0.012891 0.059608
v -0.069820 0.006702 0.051795
v -0.076393 0.022697 0.048033
v -0.080485 0.014647 0.035511
v -0.080533 0.032263 0.043890
v -0.084513 0.023869 0.028619
v -0.080836 0.038734 0.040625
v -0.085090 0.031507 0.023241
v -0.087705 0.022095 0.004685
v -0.083515 0.036901 0.020153
v -0.086603 0.028894 0.001707
v -0.088715 0.013273 -0.013307
v -0.082002 0.041756 0.018218
v -0.079809 0.043845 0.037860
v -0.078339 0.047834 0.036439
v -0.076460 0.051590 0.035514
v -0.075129 0.052061 0.052766
v -0.073508 0.055340 0.052226
v -0.071596 0.058678 0.051696
v -0.070662 0.058280 0.065489
v -0.069180 0.061050 0.065196
v -0.069321 0.063014 0.065170
v -0.066783 0.062662 0.074963
v -0.067860 0.064241 0.075248
v -0.070175 0.064891 0.075775
v -0.066795 0.065235 0.083029
v -0.068914 0.066033 0.083644
v -0.070875 0.066834 0.084365
v -0.067958 0.067090 0.090441
v -0.069862 0.067827 0.090479
v -0.065196 0.064027 0.082486
v -0.065826 0.061917 0.082789
v -0.067755 0.060425 0.075142
v -0.068797 0.058037 0.075587
v -0.071840 0.055387 0.065769
v -0.072688 0.052334 0.066200
v -0.069581 0.054806 0.075636
v -0.076635 0.048802 0.053335
v -0.077625 0.043953 0.054420
v -0.073757 0.047855 0.065809
v -0.073167 0.040790 0.065673
v -0.069801 0.041433 0.072564
v -0.070426 0.049378 0.074254
v -0.077121 0.037897 0.056200
v -0.072715 0.027091 0.057911
v -0.069431 0.028834 0.064877
v -0.064968 0.010535 0.066028
v -0.063645 0.010633 0.071717
v -0.066394 0.029400 0.070567
v -0.067042 0.009597 0.059509
v -0.065086 -0.011086 0.065016
v -0.063454 -0.010205 0.070452
v -0.063894 -0.029828 0.078446
v -0.066956 -0.030486 0.079399
v -0.064984 -0.010533 0.074736
v -0.062997 -0.030515 0.075368
v -0.063449 -0.047423 0.087920
v -0.065146 -0.031705 0.071538
v -0.067101 -0.047185 0.089128
v -0.071193 -0.046890 0.091200
v -0.071661 -0.030644 0.081356
v -0.074432 -0.046270 0.094478
v -0.076058 -0.030509 0.084685
v -0.075982 -0.011217 0.076782
v -0.070051 -0.010859 0.074921
v -0.072259 0.010759 0.075820
v -0.066355 0.010682 0.075521
v -0.067630 0.029792 0.078979
v -0.063957 0.029626 0.075072
v -0.066491 0.042085 0.083837
v -0.066762 0.041535 0.078539
v -0.073531 0.030272 0.081937
v -0.071160 0.043654 0.087151
v -0.078398 0.029580 0.086445
v -0.075080 0.044341 0.092005
v -0.071214 0.053986 0.098925
v -0.077174 0.044368 0.097498
v -0.072617 0.055187 0.102808
v -0.081422 0.028588 0.092740
v -0.081453 0.027033 0.099870
v -0.082668 0.008165 0.100162
v -0.077283 0.006648 0.105667
v -0.077655 0.025300 0.106138
v -0.084544 0.009224 0.092424
v -0.084866 -0.010330 0.095152
v -0.081994 -0.010442 0.102118
v -0.082606 0.009977 0.084444
v -0.084660 -0.010816 0.087475
v -0.081574 -0.029425 0.095186
v -0.081468 -0.028408 0.101080
v -0.077944 0.010699 0.078805
v -0.081362 -0.011257 0.080955
v -0.079657 -0.030065 0.089555
v -0.076648 -0.045318 0.099020
v -0.077026 -0.044025 0.103691
v -0.073250 -0.054716 0.110708
v -0.071955 -0.052835 0.113921
v -0.075769 -0.042544 0.108029
v -0.073694 -0.056350 0.107209
v -0.074212 -0.065253 0.112911
v -0.073180 -0.063352 0.116445
v -0.072835 -0.057934 0.103763
v -0.074869 -0.067037 0.109281
v -0.076218 -0.075659 0.115669
v -0.074956 -0.073009 0.119829
v -0.076592 -0.077798 0.110321
v -0.075735 -0.086165 0.115942
v -0.073746 -0.083659 0.121962
v -0.076024 -0.079600 0.104002
v -0.075664 -0.087093 0.107954
v -0.072772 -0.093491 0.111546
v -0.070525 -0.093115 0.120909
v -0.074060 -0.080630 0.097472
v -0.073569 -0.086723 0.099305
v -0.072069 -0.091926 0.100650
v -0.069417 -0.096202 0.102193
v -0.067029 -0.099360 0.114897
v -0.070739 -0.085530 0.092091
v -0.069430 -0.089293 0.092358
v -0.067819 -0.092571 0.092672
v -0.067418 -0.086532 0.083049
v -0.068021 -0.090295 0.083292
v -0.068625 -0.093601 0.083360
v -0.068728 -0.096455 0.083237
v -0.069913 -0.089624 0.072371
v -0.071239 -0.092820 0.072556
v -0.071478 -0.095825 0.072577
v -0.071323 -0.098909 0.072694
v -0.067860 -0.098673 0.083052
v -0.074168 -0.093649 0.058766
v -0.074762 -0.096994 0.058884
v -0.074829 -0.100178 0.058908
v -0.074343 -0.103092 0.059066
v -0.070740 -0.101520 0.072620
v -0.077648 -0.099425 0.041905
v -0.078065 -0.102907 0.042164
v -0.077627 -0.106539 0.042781
v -0.076472 -0.109649 0.043151
v -0.072999 -0.106244 0.059443
v -0.081130 -0.106817 0.023935
v -0.080606 -0.110491 0.024441
v -0.079314 -0.114039 0.025090
v -0.077472 -0.117096 0.025753
v -0.074473 -0.112433 0.043416
v -0.083564 -0.114466 0.005313
v -0.082046 -0.118709 0.006175
v -0.080100 -0.122295 0.007150
v -0.077262 -0.125272 0.008098
v -0.074720 -0.119562 0.026173
v -0.085061 -0.123855 -0.012811
v -0.082516 -0.128214 -0.011757
v -0.079347 -0.131663 -0.010698
v -0.075634 -0.134210 -0.009905
v -0.073637 -0.127216 0.008752
v -0.084694 -0.134799 -0.030703
v -0.081092 -0.138696 -0.029796
v -0.077217 -0.141654 -0.028890
v -0.072141 -0.143056 -0.028510
v -0.071480 -0.135484 -0.009479
v -0.082938 -0.145635 -0.049423
v -0.078298 -0.148436 -0.048748
v -0.073371 -0.149996 -0.048329
v -0.069092 -0.148156 -0.049013
v -0.068048 -0.141397 -0.029233
v -0.079085 -0.155129 -0.068600
v -0.073597 -0.156470 -0.068307
v -0.069540 -0.153925 -0.069174
v -0.067885 -0.149255 -0.070745
v -0.066836 -0.143679 -0.050489
v -0.074109 -0.162865 -0.087605
v -0.070049 -0.160349 -0.089039
v -0.068826 -0.155441 -0.091258
v -0.068304 -0.150248 -0.093440
v -0.067441 -0.144156 -0.072514
v -0.071055 -0.167723 -0.108807
v -0.069150 -0.162109 -0.111194
v -0.068729 -0.155788 -0.113757
v -0.070087 -0.150124 -0.115956
v -0.068843 -0.144855 -0.095384
v -0.069393 -0.165999 -0.131426
v -0.069649 -0.159165 -0.134468
v -0.072934 -0.152589 -0.136664
v -0.078444 -0.147654 -0.136948
v -0.073935 -0.143837 -0.117308
v -0.071355 -0.163005 -0.154958
v -0.076137 -0.157081 -0.156562
v -0.081811 -0.154165 -0.156977
v -0.083692 -0.147533 -0.159132
v -0.080957 -0.141190 -0.138443
v -0.079797 -0.163396 -0.177637
v -0.085839 -0.159684 -0.178361
v -0.086776 -0.153046 -0.180447
v -0.083985 -0.146873 -0.183292
v -0.081964 -0.141049 -0.161799
v -0.089594 -0.166426 -0.197920
v -0.089045 -0.160216 -0.201107
v -0.086048 -0.154050 -0.204461
v -0.083076 -0.147501 -0.207611
v -0.081184 -0.140439 -0.186051
v -0.091938 -0.168755 -0.218303
v -0.088655 -0.162524 -0.221749
v -0.085158 -0.155322 -0.224877
v -0.081604 -0.146043 -0.227885
v -0.079831 -0.139453 -0.210654
v -0.091079 -0.168837 -0.233428
v -0.087239 -0.160969 -0.236350
v -0.082991 -0.150779 -0.239313
v -0.078945 -0.137635 -0.241956
v -0.078276 -0.133909 -0.230377
v -0.088875 -0.164525 -0.245423
v -0.084159 -0.153634 -0.248407
v -0.079777 -0.140113 -0.251609
v -0.079987 -0.126230 -0.254049
v -0.078645 -0.123897 -0.244252
v -0.085376 -0.112378 -0.245701
v -0.084413 -0.110204 -0.234174
v -0.078206 -0.121084 -0.232517
v -0.086557 -0.113933 -0.255291
v -0.099653 -0.109334 -0.254339
v -0.097884 -0.107693 -0.245428
v -0.110827 -0.106960 -0.243703
v -0.108652 -0.104917 -0.232469
v -0.096351 -0.105711 -0.234277
v -0.112822 -0.108371 -0.252333
v -0.123477 -0.102808 -0.251028
v -0.121320 -0.101395 -0.242312
v -0.125276 -0.103850 -0.258520
v -0.131290 -0.093180 -0.258236
v -0.129206 -0.092334 -0.250924
v -0.133256 -0.093792 -0.264567
v -0.135473 -0.080953 -0.264670
v -0.133487 -0.081070 -0.258550
v -0.137150 -0.081209 -0.269790
v -0.140736 -0.068936 -0.273873
v -0.136887 -0.068780 -0.271085
v -0.133923 -0.068578 -0.266114
v -0.128369 -0.061419 -0.268378
v -0.126010 -0.061261 -0.262003
v -0.131828 -0.068783 -0.259842
v -0.131596 -0.060546 -0.273341
v -0.118167 -0.056561 -0.270638
v -0.135459 -0.058085 -0.275938
v -0.138606 -0.054761 -0.277144
v -0.102729 -0.053041 -0.267264
v -0.115893 -0.056771 -0.264783
v -0.100920 -0.053258 -0.259614
v -0.113415 -0.056892 -0.257201
v -0.123335 -0.061002 -0.254585
v -0.110934 -0.057092 -0.248117
v -0.121074 -0.060938 -0.245632
v -0.127532 -0.069057 -0.243798
v -0.129727 -0.069173 -0.252564
v -0.128875 -0.079929 -0.242900
v -0.131289 -0.080550 -0.251424
v -0.126842 -0.091244 -0.242431
v -0.125991 -0.078980 -0.231949
v -0.123961 -0.089749 -0.231330
v -0.118676 -0.099502 -0.231110
v -0.120030 -0.087250 -0.214867
v -0.114968 -0.096517 -0.214309
v -0.105525 -0.101754 -0.215303
v -0.110835 -0.092212 -0.192711
v -0.102508 -0.097637 -0.193694
v -0.092401 -0.098975 -0.194834
v -0.094144 -0.102737 -0.216923
v -0.083005 -0.103031 -0.194522
v -0.083749 -0.107230 -0.216823
v -0.077101 -0.111615 -0.193286
v -0.077771 -0.116974 -0.215474
v -0.076441 -0.122203 -0.191183
v -0.077292 -0.128694 -0.213367
v -0.078168 -0.132456 -0.188663
v -0.074985 -0.116313 -0.169219
v -0.076474 -0.126006 -0.167100
v -0.079298 -0.134080 -0.164591
v -0.075054 -0.119320 -0.146193
v -0.077527 -0.127290 -0.143926
v -0.079722 -0.134258 -0.141022
v -0.075199 -0.121206 -0.123216
v -0.077515 -0.128814 -0.120962
v -0.077627 -0.136843 -0.118634
v -0.075707 -0.123866 -0.100427
v -0.075815 -0.132291 -0.098434
v -0.071861 -0.139274 -0.096919
v -0.073973 -0.127557 -0.077842
v -0.070876 -0.134125 -0.076189
v -0.068133 -0.139248 -0.074360
v -0.069374 -0.128438 -0.055864
v -0.067485 -0.133573 -0.054123
v -0.066776 -0.138618 -0.052296
v -0.067155 -0.127592 -0.034587
v -0.066312 -0.132369 -0.032714
v -0.066599 -0.137015 -0.030897
v -0.066534 -0.125072 -0.013671
v -0.066834 -0.129434 -0.011823
v -0.067784 -0.133725 -0.010097
v -0.066383 -0.121387 0.005532
v -0.066752 -0.125256 0.007259
v -0.069620 -0.127630 0.008657
v -0.065786 -0.117279 0.024149
v -0.067655 -0.120199 0.025479
v -0.071316 -0.120900 0.026192
v -0.065391 -0.113996 0.041711
v -0.068536 -0.115201 0.042899
v -0.071747 -0.114499 0.043397
v -0.065124 -0.109278 0.058348
v -0.067862 -0.109480 0.059073
v -0.070781 -0.108327 0.059429
v -0.063877 -0.105344 0.071540
v -0.066572 -0.105173 0.072139
v -0.069056 -0.103715 0.072422
v -0.062724 -0.102562 0.081799
v -0.064929 -0.102023 0.082423
v -0.066498 -0.100889 0.082837
v -0.060569 -0.102402 0.081158
v -0.057532 -0.100082 0.089920
v -0.055934 -0.099510 0.089076
v -0.053846 -0.097548 0.096372
v -0.054994 -0.098408 0.097446
v -0.058348 -0.101716 0.080445
v -0.056527 -0.100766 0.079716
v -0.054286 -0.098772 0.088330
v -0.061444 -0.104562 0.070714
v -0.059292 -0.103468 0.069909
v -0.057460 -0.102178 0.069047
v -0.054852 -0.099508 0.078941
v -0.062588 -0.108114 0.057389
v -0.060666 -0.106552 0.056510
v -0.059010 -0.104488 0.055715
v -0.056307 -0.100417 0.068108
v -0.063303 -0.111511 0.040740
v -0.061625 -0.108911 0.039772
v -0.061891 -0.105786 0.039085
v -0.059039 -0.101772 0.055010
v -0.065119 -0.114058 0.022895
v -0.065136 -0.110564 0.021818
v -0.065450 -0.106924 0.020996
v -0.062348 -0.102535 0.038451
v -0.066461 -0.117423 0.004023
v -0.067217 -0.113483 0.002699
v -0.067695 -0.109270 0.001519
v -0.065238 -0.102983 0.020193
v -0.066969 -0.120741 -0.015416
v -0.068405 -0.116335 -0.017017
v -0.069329 -0.111592 -0.018410
v -0.067067 -0.104730 0.000396
v -0.068478 -0.122769 -0.036406
v -0.070460 -0.117072 -0.037871
v -0.070257 -0.110405 -0.039029
v -0.068076 -0.105545 -0.019810
v -0.072224 -0.122205 -0.057489
v -0.072373 -0.115050 -0.059313
v -0.070083 -0.108012 -0.060835
v -0.068350 -0.104038 -0.040284
v -0.074160 -0.119564 -0.079592
v -0.071498 -0.111774 -0.081126
v -0.069202 -0.104146 -0.082253
v -0.067835 -0.100918 -0.061656
v -0.073090 -0.116052 -0.102269
v -0.070732 -0.108221 -0.103614
v -0.070072 -0.100384 -0.104622
v -0.068959 -0.096830 -0.083188
v -0.072743 -0.113307 -0.124968
v -0.071766 -0.104834 -0.126251
v -0.074072 -0.096994 -0.127115
v -0.072595 -0.093197 -0.105353
v -0.073637 -0.110228 -0.147814
v -0.075121 -0.101190 -0.149124
v -0.080929 -0.094540 -0.149509
v -0.079631 -0.091448 -0.127356
v -0.076294 -0.106346 -0.171002
v -0.081983 -0.098430 -0.171976
v -0.090831 -0.095277 -0.171932
v -0.089319 -0.091691 -0.148934
v -0.096783 -0.089571 -0.147837
v -0.093168 -0.086301 -0.125135
v -0.087088 -0.088694 -0.126462
v -0.099727 -0.093484 -0.170962
v -0.106629 -0.088330 -0.170259
v -0.102355 -0.084963 -0.146860
v -0.105459 -0.078613 -0.146559
v -0.099864 -0.075899 -0.124231
v -0.097831 -0.081779 -0.124339
v -0.110381 -0.081032 -0.170065
v -0.111306 -0.073194 -0.170059
v -0.105561 -0.071470 -0.146821
v -0.115264 -0.083901 -0.192909
v -0.116994 -0.075034 -0.193214
v -0.114814 -0.066634 -0.193849
v -0.108384 -0.065848 -0.170657
v -0.122018 -0.077296 -0.215469
v -0.120487 -0.067853 -0.216176
v -0.113917 -0.061301 -0.217737
v -0.108254 -0.061114 -0.195292
v -0.124629 -0.068602 -0.232802
v -0.118166 -0.060906 -0.234558
v -0.108283 -0.057431 -0.237015
v -0.104525 -0.058059 -0.219755
v -0.093594 -0.054283 -0.221064
v -0.089402 -0.054578 -0.198288
v -0.099565 -0.058678 -0.197067
v -0.096532 -0.053752 -0.239064
v -0.084853 -0.045431 -0.240155
v -0.082380 -0.045875 -0.221419
v -0.098872 -0.053384 -0.250370
v -0.086638 -0.045293 -0.251778
v -0.078791 -0.031871 -0.252346
v -0.077465 -0.032004 -0.240297
v -0.088245 -0.045056 -0.261005
v -0.080397 -0.031538 -0.261521
v -0.077354 -0.015628 -0.262109
v -0.076386 -0.015677 -0.252671
v -0.090213 -0.044827 -0.268630
v -0.082055 -0.031733 -0.269150
v -0.078228 -0.015930 -0.269683
v -0.079264 0.002474 -0.270532
v -0.078093 0.002996 -0.263002
v -0.080552 0.001892 -0.276680
v -0.084154 0.020637 -0.276778
v -0.082868 0.021178 -0.270735
v -0.085370 0.020468 -0.281855
v -0.093922 0.037447 -0.281284
v -0.092857 0.037844 -0.276186
v -0.095271 0.037228 -0.286171
v -0.111237 0.046450 -0.284080
v -0.109630 0.048344 -0.279730
v -0.098075 0.033192 -0.287246
v -0.113738 0.042282 -0.285398
v -0.130596 0.050024 -0.280783
v -0.101576 0.029406 -0.286479
v -0.115207 0.038504 -0.284867
v -0.148085 0.053231 -0.278913
v -0.146120 0.055077 -0.274260
v -0.129017 0.051827 -0.276698
v -0.144265 0.055420 -0.268524
v -0.127591 0.052463 -0.271422
v -0.108498 0.049349 -0.274585
v -0.125993 0.052908 -0.265568
v -0.107299 0.049870 -0.268815
v -0.091782 0.038139 -0.270311
v -0.105846 0.050216 -0.261007
v -0.090522 0.038632 -0.262510
v -0.081911 0.021778 -0.263049
v -0.089225 0.039005 -0.252850
v -0.081033 0.022434 -0.253321
v -0.077172 0.003395 -0.253237
v -0.079810 0.023228 -0.240174
v -0.075933 0.003868 -0.239689
v -0.074986 -0.015880 -0.239819
v -0.074052 0.004353 -0.219821
v -0.073043 -0.015938 -0.220219
v -0.075389 -0.032066 -0.221044
v -0.071071 -0.015669 -0.197113
v -0.072847 -0.031906 -0.198111
v -0.079086 -0.045789 -0.198679
v -0.070488 -0.031330 -0.174677
v -0.075659 -0.045205 -0.175469
v -0.084598 -0.054423 -0.175241
v -0.071926 -0.044307 -0.152671
v -0.079318 -0.054177 -0.152540
v -0.087840 -0.059051 -0.151408
v -0.093780 -0.058870 -0.174223
v -0.095227 -0.061645 -0.149515
v -0.101985 -0.061570 -0.172304
v -0.101793 -0.065165 -0.147757
v -0.088449 -0.062153 -0.127578
v -0.094879 -0.065066 -0.125871
v -0.098941 -0.069862 -0.124730
v -0.087789 -0.064856 -0.104568
v -0.092186 -0.068312 -0.103185
v -0.094238 -0.073332 -0.102402
v -0.085695 -0.066891 -0.082839
v -0.088570 -0.071002 -0.082073
v -0.088472 -0.076027 -0.082018
v -0.093113 -0.078804 -0.102395
v -0.085598 -0.080374 -0.082698
v -0.089571 -0.083265 -0.103074
v -0.081066 -0.083734 -0.083588
v -0.083943 -0.086054 -0.104895
v -0.076652 -0.086050 -0.083933
v -0.078062 -0.088413 -0.105792
v -0.071441 -0.090503 -0.083867
v -0.075212 -0.084252 -0.063086
v -0.070814 -0.088057 -0.063350
v -0.067752 -0.093792 -0.062524
v -0.069895 -0.085720 -0.042783
v -0.067179 -0.090962 -0.042266
v -0.066812 -0.097455 -0.041416
v -0.066237 -0.087722 -0.022395
v -0.065069 -0.093316 -0.021799
v -0.065869 -0.099531 -0.020927
v -0.063359 -0.088856 -0.001874
v -0.063394 -0.094444 -0.001393
v -0.065107 -0.099884 -0.000618
v -0.061438 -0.090018 0.018155
v -0.062157 -0.094513 0.018535
v -0.063753 -0.098902 0.019305
v -0.059459 -0.091578 0.037172
v -0.060538 -0.095204 0.037210
v -0.061819 -0.098874 0.037713
v -0.057422 -0.092749 0.053139
v -0.058497 -0.096179 0.053545
v -0.059045 -0.098732 0.054155
v -0.055390 -0.093100 0.065361
v -0.056057 -0.095640 0.066420
v -0.056338 -0.098062 0.067315
v -0.053402 -0.093337 0.076428
v -0.054117 -0.095351 0.077346
v -0.054549 -0.097449 0.078194
v -0.051877 -0.093689 0.085434
v -0.052626 -0.095487 0.086549
v -0.053225 -0.097290 0.087481
v -0.050448 -0.094260 0.093065
v -0.051216 -0.095771 0.094284
v -0.052418 -0.096859 0.095443
v -0.052207 -0.097348 0.101398
v -0.049326 -0.098508 0.103893
v -0.049544 -0.100154 0.102732
v -0.052954 -0.098595 0.101706
v -0.049528 -0.103158 0.101298
v -0.046456 -0.100863 0.102878
v -0.046309 -0.104318 0.101015
v -0.046269 -0.110040 0.097515
v -0.049466 -0.108807 0.097703
v -0.047076 -0.116958 0.090178
v -0.050759 -0.115426 0.090109
v -0.054676 -0.114617 0.090314
v -0.052880 -0.118655 0.080379
v -0.057919 -0.118620 0.081115
v -0.063969 -0.119016 0.081952
v -0.068228 -0.121661 0.082992
v -0.060248 -0.121457 0.070764
v -0.066131 -0.122149 0.071556
v -0.069670 -0.125155 0.072185
v -0.068052 -0.131589 0.073201
v -0.066893 -0.127547 0.084461
v -0.067710 -0.123657 0.061191
v -0.070375 -0.127019 0.062228
v -0.068561 -0.133765 0.063695
v -0.065880 -0.140259 0.065117
v -0.065383 -0.137681 0.074735
v -0.070866 -0.130328 0.053154
v -0.069020 -0.136264 0.055632
v -0.066675 -0.142907 0.057711
v -0.063560 -0.151146 0.060539
v -0.062694 -0.148237 0.067653
v -0.068692 -0.139822 0.049472
v -0.067308 -0.146173 0.052257
v -0.064086 -0.153960 0.055431
v -0.058063 -0.164451 0.058844
v -0.058172 -0.162300 0.064141
v -0.067436 -0.149154 0.047585
v -0.065378 -0.156888 0.051674
v -0.060414 -0.167563 0.055197
v -0.055084 -0.181486 0.061341
v -0.052434 -0.178551 0.064624
v -0.062660 -0.170417 0.051962
v -0.056777 -0.184452 0.057614
v -0.046275 -0.201426 0.064909
v -0.045268 -0.198502 0.069953
v -0.061857 -0.172908 0.046773
v -0.055717 -0.186793 0.053213
v -0.046221 -0.202972 0.059714
v -0.030450 -0.219867 0.062707
v -0.030806 -0.218143 0.068508
v -0.052988 -0.188082 0.047952
v -0.045168 -0.203662 0.053873
v -0.029524 -0.220058 0.058467
v -0.008955 -0.232191 0.062948
v -0.010452 -0.233270 0.067457
v -0.040932 -0.202245 0.050130
v -0.026422 -0.217426 0.055508
v -0.006752 -0.229172 0.060264
v 0.015296 -0.231986 0.062660
v 0.015146 -0.235197 0.065383
v -0.023065 -0.214247 0.053650
v -0.004732 -0.225145 0.058750
v 0.015390 -0.227053 0.060086
v 0.032124 -0.222726 0.057371
v 0.034400 -0.227138 0.059556
v -0.003090 -0.220497 0.060191
v 0.015604 -0.221797 0.060975
v 0.031166 -0.217458 0.057232
v 0.043732 -0.209145 0.050898
v 0.046978 -0.213583 0.051470
v 0.016957 -0.217919 0.063804
v 0.032116 -0.211992 0.058883
v 0.042687 -0.203757 0.052497
v 0.051697 -0.194984 0.048173
v 0.053647 -0.198312 0.046265
v 0.061847 -0.184881 0.040919
v 0.065439 -0.186956 0.040468
v 0.057636 -0.201482 0.046349
v 0.058598 -0.182807 0.043159
v 0.065219 -0.169463 0.039964
v 0.068342 -0.170404 0.037737
v 0.062564 -0.167420 0.041990
v 0.065571 -0.156847 0.037679
v 0.068629 -0.157073 0.038184
v 0.061637 -0.168215 0.038735
v 0.064309 -0.157911 0.034470
v 0.062325 -0.148487 0.033348
v 0.065038 -0.147401 0.037012
v 0.061779 -0.170048 0.034817
v 0.063817 -0.159508 0.030205
v 0.060537 -0.150020 0.028880
v 0.060173 -0.139741 0.034915
v 0.063283 -0.161801 0.025809
v 0.059535 -0.152240 0.023880
v 0.063051 -0.164606 0.020522
v 0.058802 -0.155436 0.017315
v 0.062653 -0.167889 0.015046
v 0.058276 -0.159005 0.010313
v 0.054075 -0.149254 0.004737
v 0.043597 -0.140008 -0.000810
v 0.057400 -0.162909 0.003625
v 0.052695 -0.153693 -0.003281
v 0.041739 -0.145419 -0.008699
v 0.025964 -0.139258 -0.013023
v 0.027597 -0.132748 -0.004938
v 0.049462 -0.158603 -0.008722
v 0.039950 -0.150548 -0.014252
v 0.024677 -0.145229 -0.019087
v 0.007239 -0.144853 -0.019805
v 0.007806 -0.137760 -0.013765
v 0.036052 -0.156906 -0.015674
v 0.023089 -0.151801 -0.019420
v 0.007519 -0.151439 -0.020417
v -0.004423 -0.154793 -0.018482
v -0.006386 -0.148256 -0.015608
v 0.021619 -0.157457 -0.021660
v 0.007723 -0.156905 -0.023199
v -0.002141 -0.160594 -0.020331
v -0.010138 -0.165083 -0.017663
v -0.013473 -0.159469 -0.014963
v 0.007259 -0.160873 -0.027077
v -0.002543 -0.164087 -0.025611
v -0.009941 -0.168753 -0.023121
v -0.014787 -0.174045 -0.019674
v -0.015278 -0.170293 -0.014128
v -0.003535 -0.166687 -0.031157
v -0.010775 -0.171705 -0.028754
v -0.016074 -0.177177 -0.025335
v -0.019701 -0.183252 -0.020689
v -0.018359 -0.179868 -0.015184
v -0.013973 -0.171763 -0.033964
v -0.020023 -0.178091 -0.030078
v -0.023568 -0.185458 -0.025315
v -0.024322 -0.192536 -0.019175
v -0.021713 -0.189327 -0.015061
v -0.025575 -0.177837 -0.033689
v -0.028571 -0.186534 -0.028312
v -0.027345 -0.195587 -0.022463
v -0.024166 -0.202661 -0.015286
v -0.022134 -0.199396 -0.012403
v -0.030117 -0.191027 -0.033602
v -0.029387 -0.199281 -0.025953
v -0.027123 -0.206338 -0.017785
v -0.021764 -0.212427 -0.010943
v -0.019165 -0.208908 -0.009285
v -0.032340 -0.202501 -0.028635
v -0.029775 -0.209973 -0.020117
v -0.024249 -0.216279 -0.013034
v -0.017639 -0.221505 -0.006715
v -0.014406 -0.217798 -0.005577
v -0.035046 -0.212316 -0.019549
v -0.028743 -0.219177 -0.013187
v -0.022512 -0.224893 -0.006723
v -0.012729 -0.230255 -0.001146
v -0.008870 -0.226493 -0.002068
v -0.031750 -0.222944 -0.015376
v -0.025915 -0.228914 -0.008239
v -0.016358 -0.234377 -0.001026
v -0.006769 -0.238369 0.004727
v -0.003595 -0.233556 0.002838
v -0.027844 -0.233110 -0.011511
v -0.018978 -0.238909 -0.003621
v -0.008955 -0.243533 0.003340
v 0.000975 -0.246562 0.009672
v 0.003040 -0.240161 0.008381
v -0.020731 -0.243274 -0.008932
v -0.010056 -0.248379 -0.001359
v -0.000236 -0.253250 0.004936
v 0.009937 -0.255942 0.008046
v 0.010962 -0.246838 0.011703
v -0.010915 -0.253336 -0.008874
v -0.000137 -0.258052 -0.003431
v 0.009357 -0.261138 -0.000707
v 0.018890 -0.259466 -0.002571
v 0.019780 -0.253684 0.005465
v -0.000151 -0.263840 -0.012962
v 0.009537 -0.267660 -0.010347
v 0.019158 -0.265828 -0.012223
v 0.028730 -0.261784 -0.016206
v 0.028330 -0.255802 -0.007230
v 0.010470 -0.276533 -0.020997
v 0.020827 -0.274523 -0.022744
v 0.030489 -0.269346 -0.026930
v 0.042321 -0.262829 -0.032600
v 0.041384 -0.256851 -0.021500
v 0.021735 -0.280759 -0.042318
v 0.031171 -0.275313 -0.044204
v 0.041512 -0.266866 -0.048510
v 0.052528 -0.255520 -0.055985
v 0.052450 -0.250243 -0.041484
v 0.031700 -0.280225 -0.064828
v 0.042094 -0.272717 -0.067081
v 0.053463 -0.261834 -0.071843
v 0.060668 -0.251010 -0.077815
v 0.060767 -0.244795 -0.064288
v 0.043718 -0.279669 -0.080721
v 0.054950 -0.268651 -0.083300
v 0.062632 -0.256152 -0.087123
v 0.065131 -0.247090 -0.089353
v 0.063117 -0.242651 -0.081076
v 0.057937 -0.273252 -0.091315
v 0.065004 -0.259281 -0.094084
v 0.067786 -0.250061 -0.095030
v 0.067988 -0.242629 -0.095521
v 0.066606 -0.240358 -0.089990
v 0.065999 -0.252123 -0.100430
v 0.066331 -0.231652 -0.084336
v 0.065505 -0.237193 -0.082458
v 0.067295 -0.226860 -0.074780
v 0.065670 -0.231321 -0.072128
v 0.063441 -0.236391 -0.069485
v 0.067264 -0.223212 -0.060598
v 0.064527 -0.228773 -0.056674
v 0.060592 -0.238181 -0.050123
v 0.065716 -0.223002 -0.045964
v 0.060444 -0.232545 -0.039657
v 0.053985 -0.245757 -0.030721
v 0.060585 -0.228122 -0.032111
v 0.053452 -0.240851 -0.023040
v 0.040762 -0.251462 -0.013303
v 0.052626 -0.236685 -0.017244
v 0.040384 -0.246287 -0.006960
v 0.029001 -0.250712 0.000091
v 0.039873 -0.240944 -0.002451
v 0.029111 -0.244629 0.004236
v 0.020147 -0.246339 0.008920
v 0.028453 -0.237709 0.004597
v 0.020167 -0.239463 0.007419
v 0.011708 -0.240282 0.008883
v 0.019913 -0.234063 0.003709
v 0.012494 -0.235274 0.005065
v 0.004875 -0.235462 0.004827
v -0.000737 -0.229762 0.000971
v -0.005432 -0.222038 -0.001506
v -0.002360 -0.217682 -0.000734
v -0.011318 -0.213956 -0.005318
v -0.002700 -0.216323 0.002859
v -0.011022 -0.210925 -0.001739
v -0.017963 -0.205590 -0.006367
v -0.011780 -0.208970 0.002516
v -0.017925 -0.202474 -0.002564
v -0.021133 -0.195889 -0.008488
v -0.018435 -0.199749 0.001382
v -0.021048 -0.192643 -0.004069
v -0.020863 -0.185916 -0.009873
v -0.021744 -0.198558 0.005747
v -0.017190 -0.208623 0.010280
v -0.021627 -0.210038 0.014491
v -0.026386 -0.199063 0.008980
v -0.013646 -0.208032 0.006592
v -0.005013 -0.215107 0.010627
v -0.007809 -0.217355 0.014248
v -0.003562 -0.215139 0.006994
v 0.007403 -0.217999 0.010883
v 0.007275 -0.219886 0.014146
v 0.018527 -0.220612 0.015468
v 0.018505 -0.223329 0.021455
v 0.006058 -0.223123 0.017905
v 0.017888 -0.218243 0.011922
v 0.025043 -0.215505 0.010866
v 0.027361 -0.217882 0.014773
v 0.024063 -0.215846 0.007061
v 0.031397 -0.210965 0.004307
v 0.032599 -0.209594 0.008750
v 0.024037 -0.218755 0.002770
v 0.031775 -0.214761 0.000723
v 0.039028 -0.210256 -0.003492
v 0.038060 -0.206532 0.000056
v 0.024405 -0.220623 0.000045
v 0.032304 -0.218561 -0.001866
v 0.040806 -0.214104 -0.005655
v 0.046706 -0.207263 -0.010911
v 0.044256 -0.203825 -0.008074
v 0.033828 -0.223105 -0.002144
v 0.042801 -0.218084 -0.006808
v 0.049697 -0.210595 -0.013260
v 0.054062 -0.203257 -0.019551
v 0.050665 -0.200277 -0.016430
v 0.045712 -0.222343 -0.007149
v 0.053907 -0.214045 -0.015351
v 0.058369 -0.206303 -0.022515
v 0.058309 -0.217635 -0.017749
v 0.064147 -0.208058 -0.024698
v 0.060515 -0.221302 -0.021401
v 0.067716 -0.211156 -0.027833
v 0.071872 -0.201764 -0.033227
v 0.071483 -0.193903 -0.041861
v 0.068417 -0.215100 -0.032255
v 0.073504 -0.206401 -0.036936
v 0.067117 -0.218803 -0.038001
v 0.071996 -0.211247 -0.042563
v 0.069097 -0.216654 -0.050325
v 0.069736 -0.219193 -0.063574
v 0.069351 -0.214169 -0.066539
v 0.066608 -0.221745 -0.077499
v 0.064461 -0.218163 -0.079752
v 0.067526 -0.210604 -0.068835
v 0.064897 -0.226429 -0.086857
v 0.062433 -0.223594 -0.088496
v 0.057603 -0.223193 -0.088925
v 0.059544 -0.217106 -0.079934
v 0.058097 -0.228442 -0.096035
v 0.053217 -0.221816 -0.090158
v 0.050098 -0.218398 -0.093395
v 0.052113 -0.210327 -0.083996
v 0.055023 -0.214476 -0.081207
v 0.055060 -0.201423 -0.072569
v 0.057302 -0.207070 -0.069370
v 0.062163 -0.209622 -0.068675
v 0.058753 -0.201682 -0.058364
v 0.064688 -0.202855 -0.058485
v 0.067697 -0.196223 -0.051114
v 0.056201 -0.195602 -0.061660
v 0.051419 -0.188242 -0.065936
v 0.050289 -0.195118 -0.076741
v 0.039435 -0.187847 -0.082309
v 0.040569 -0.180444 -0.071599
v 0.046819 -0.205294 -0.087888
v 0.036477 -0.199721 -0.092911
v 0.021150 -0.197204 -0.096461
v 0.021722 -0.184062 -0.086280
v 0.020948 -0.207941 -0.105887
v 0.006201 -0.209929 -0.105788
v 0.004693 -0.199230 -0.097012
v 0.006643 -0.215963 -0.113837
v -0.004910 -0.219815 -0.111644
v -0.006086 -0.215171 -0.103921
v 0.006933 -0.222010 -0.118178
v -0.003383 -0.224501 -0.116702
v -0.010679 -0.230026 -0.114154
v -0.012819 -0.226411 -0.109526
v 0.006400 -0.226050 -0.123383
v -0.002806 -0.227263 -0.121574
v -0.009849 -0.232013 -0.118589
v -0.003769 -0.227196 -0.128547
v -0.011025 -0.232363 -0.124976
v -0.015306 -0.240034 -0.121433
v -0.017647 -0.248966 -0.119257
v -0.012761 -0.232552 -0.132605
v -0.017389 -0.239772 -0.128707
v -0.018656 -0.248520 -0.125958
v -0.019096 -0.256946 -0.124714
v -0.020543 -0.257851 -0.118989
v -0.018003 -0.242771 -0.137953
v -0.019475 -0.250145 -0.134352
v -0.019089 -0.258388 -0.132400
v -0.019920 -0.266528 -0.131400
v -0.020130 -0.265255 -0.124888
v -0.017557 -0.256758 -0.144035
v -0.017772 -0.264080 -0.141423
v -0.020682 -0.271056 -0.140349
v -0.018521 -0.279111 -0.140004
v -0.018334 -0.274860 -0.130924
v -0.017623 -0.270080 -0.151257
v -0.019942 -0.276116 -0.150444
v -0.018032 -0.283391 -0.150036
v -0.013791 -0.290192 -0.150170
v -0.012948 -0.284937 -0.140352
v -0.016626 -0.277716 -0.160575
v -0.016528 -0.272249 -0.161306
v -0.015952 -0.271379 -0.172840
v -0.014439 -0.276792 -0.172398
v -0.014959 -0.269765 -0.185280
v -0.013686 -0.275151 -0.185518
v -0.009783 -0.279860 -0.185221
v -0.003480 -0.283326 -0.183798
v -0.010028 -0.271378 -0.196347
v -0.006293 -0.275686 -0.196493
v -0.000958 -0.279568 -0.195965
v 0.006128 -0.282667 -0.194482
v 0.003201 -0.286148 -0.183066
v -0.002908 -0.270848 -0.204012
v 0.002206 -0.274085 -0.203783
v 0.007833 -0.276736 -0.203537
v 0.011209 -0.281936 -0.205237
v 0.007921 -0.288512 -0.195587
v 0.004810 -0.269164 -0.208581
v 0.009916 -0.271253 -0.207644
v 0.014249 -0.275739 -0.210219
v 0.019649 -0.279716 -0.211428
v 0.016175 -0.287369 -0.206225
v 0.022338 -0.272946 -0.213543
v 0.025841 -0.282073 -0.210395
v 0.024641 -0.266648 -0.211561
v 0.031820 -0.282632 -0.206708
v 0.029221 -0.291364 -0.201915
v 0.022803 -0.290802 -0.205275
v 0.026441 -0.297960 -0.192844
v 0.019354 -0.298353 -0.195453
v 0.012324 -0.294925 -0.196382
v 0.017534 -0.300351 -0.183089
v 0.010620 -0.298176 -0.183495
v 0.005902 -0.292997 -0.183282
v 0.010498 -0.298973 -0.173648
v 0.008665 -0.303424 -0.167635
v 0.005335 -0.309397 -0.164796
v 0.016902 -0.314022 -0.158506
v 0.004945 -0.310466 -0.157666
v -0.004297 -0.304558 -0.157952
v 0.006318 -0.308276 -0.150262
v -0.003068 -0.302088 -0.149478
v -0.009149 -0.296308 -0.149718
v -0.002010 -0.298737 -0.140737
v -0.007678 -0.291069 -0.140491
v -0.000840 -0.296667 -0.133062
v -0.006532 -0.288602 -0.131901
v -0.012671 -0.281399 -0.131502
v -0.004818 -0.287865 -0.126104
v -0.011535 -0.280054 -0.125373
v -0.017507 -0.273420 -0.124754
v -0.013108 -0.282842 -0.121160
v -0.018558 -0.274508 -0.120177
v -0.021981 -0.265877 -0.119995
v -0.022449 -0.277217 -0.115917
v -0.025837 -0.267650 -0.115007
v -0.024010 -0.279041 -0.108965
v -0.028070 -0.268389 -0.108303
v -0.023402 -0.280006 -0.101767
v -0.028901 -0.268989 -0.101340
v -0.019660 -0.278751 -0.095228
v -0.025850 -0.268155 -0.095603
v -0.029426 -0.257927 -0.097304
v -0.023010 -0.266874 -0.089156
v -0.027076 -0.257075 -0.091253
v -0.021850 -0.264193 -0.080365
v -0.025930 -0.254949 -0.084222
v -0.023284 -0.259568 -0.068013
v -0.027455 -0.251241 -0.074712
v -0.029894 -0.243775 -0.079521
v -0.030749 -0.243655 -0.061813
v -0.033270 -0.236462 -0.067735
v -0.035222 -0.230443 -0.072673
v -0.031379 -0.238012 -0.083841
v -0.036466 -0.224922 -0.076916
v -0.031884 -0.233152 -0.087815
v -0.036284 -0.219626 -0.080180
v -0.030768 -0.228691 -0.090484
v -0.029588 -0.235126 -0.099301
v -0.027474 -0.225348 -0.091405
v -0.026535 -0.231951 -0.101704
v -0.022461 -0.222721 -0.090221
v -0.020349 -0.228681 -0.101708
v -0.017539 -0.214914 -0.091915
v -0.013265 -0.223155 -0.102003
v -0.009422 -0.205541 -0.094817
v -0.022291 -0.202754 -0.081367
v -0.012828 -0.193097 -0.084794
v 0.003232 -0.186428 -0.086484
v -0.013633 -0.183616 -0.073931
v 0.002817 -0.176907 -0.076619
v 0.022139 -0.175389 -0.076212
v 0.002434 -0.169926 -0.069235
v 0.022372 -0.169181 -0.068767
v 0.041297 -0.175163 -0.064124
v 0.022242 -0.165938 -0.062128
v 0.041806 -0.171579 -0.057401
v 0.021913 -0.168163 -0.055308
v 0.038879 -0.172539 -0.050714
v 0.021809 -0.164800 -0.049665
v 0.037580 -0.169227 -0.044486
v 0.048016 -0.177329 -0.036663
v 0.035453 -0.167574 -0.037857
v 0.045252 -0.175485 -0.030996
v 0.049533 -0.183102 -0.025387
v 0.052494 -0.185402 -0.030090
v 0.049830 -0.190329 -0.018972
v 0.053122 -0.193113 -0.023277
v 0.047379 -0.197118 -0.013087
v 0.046900 -0.187508 -0.014637
v 0.044813 -0.193745 -0.008825
v 0.041842 -0.200532 -0.004291
v 0.042123 -0.190777 -0.005108
v 0.040871 -0.198133 0.000138
v 0.038952 -0.204543 0.004265
v 0.045455 -0.197186 0.003429
v 0.042322 -0.204605 0.008015
v 0.036064 -0.212127 0.012144
v 0.047047 -0.205238 0.012239
v 0.039678 -0.214324 0.016519
v 0.029438 -0.219817 0.020412
v 0.040672 -0.212925 0.022669
v 0.029945 -0.218636 0.025983
v 0.017873 -0.221817 0.026581
v 0.029807 -0.216214 0.031193
v 0.017091 -0.219338 0.031636
v 0.003086 -0.220415 0.028354
v 0.004303 -0.223294 0.023494
v -0.010614 -0.216746 0.024294
v -0.010401 -0.219768 0.018979
v -0.022298 -0.207498 0.019637
v -0.010811 -0.213714 0.029966
v -0.022734 -0.204556 0.025098
v -0.029333 -0.194312 0.019236
v -0.029102 -0.197634 0.013443
v -0.032751 -0.186577 0.014549
v -0.029002 -0.190512 0.025774
v -0.032033 -0.182913 0.021900
v -0.028626 -0.186272 0.032073
v -0.031196 -0.178221 0.028439
v -0.034190 -0.172618 0.025640
v -0.030939 -0.173881 0.034610
v -0.034076 -0.168132 0.031901
v -0.035819 -0.162666 0.028564
v -0.035562 -0.167523 0.022313
v -0.034369 -0.158579 0.025845
v -0.033969 -0.163001 0.019246
v -0.029157 -0.156585 0.024508
v -0.028993 -0.160988 0.017703
v -0.028830 -0.166291 0.010902
v -0.027422 -0.156316 0.014067
v -0.027587 -0.161374 0.006961
v -0.024653 -0.149693 0.008802
v -0.024446 -0.154547 0.001483
v -0.022879 -0.159786 -0.005190
v -0.017948 -0.147404 -0.004733
v -0.016078 -0.153391 -0.010437
v -0.019904 -0.165063 -0.010081
v -0.006677 -0.141541 -0.009938
v -0.018469 -0.142113 0.002606
v -0.007323 -0.135415 -0.002878
v 0.008201 -0.131121 -0.006188
v -0.007906 -0.130621 0.004339
v 0.008565 -0.125920 0.000861
v 0.028703 -0.127857 0.002499
v 0.009021 -0.122445 0.007263
v 0.030157 -0.124226 0.009548
v 0.009098 -0.119548 0.011964
v 0.030061 -0.121219 0.014390
v 0.009631 -0.117517 0.015304
v 0.029870 -0.118841 0.018277
v 0.044322 -0.119915 0.027197
v 0.029852 -0.116817 0.021979
v 0.043561 -0.114876 0.030612
v 0.053510 -0.113307 0.037122
v 0.052173 -0.120277 0.037046
v 0.061938 -0.112759 0.042183
v 0.056853 -0.111643 0.031045
v 0.066546 -0.110648 0.036423
v 0.075429 -0.108775 0.042438
v 0.070639 -0.111968 0.047501
v 0.083011 -0.105274 0.049947
v 0.078171 -0.109027 0.054135
v 0.089227 -0.101441 0.058957
v 0.083837 -0.105214 0.062089
v 0.079417 -0.109237 0.065068
v 0.083118 -0.104640 0.072608
v 0.079533 -0.108036 0.075273
v 0.076476 -0.113881 0.067328
v 0.077842 -0.112557 0.077678
v 0.075438 -0.118583 0.068549
v 0.080510 -0.115819 0.078235
v 0.079852 -0.120119 0.067501
v 0.078832 -0.122991 0.057940
v 0.085540 -0.119935 0.066159
v 0.083999 -0.122306 0.056328
v 0.081716 -0.125886 0.049006
v 0.077050 -0.126632 0.050483
v 0.079447 -0.130701 0.043421
v 0.075070 -0.131264 0.044655
v 0.077610 -0.137371 0.039157
v 0.073535 -0.137666 0.040111
v 0.069139 -0.138248 0.040701
v 0.072777 -0.146596 0.037533
v 0.068883 -0.146858 0.038655
v 0.064545 -0.138819 0.039283
v 0.071565 -0.157640 0.036390
v 0.076442 -0.146671 0.036160
v 0.075121 -0.158494 0.034868
v 0.072116 -0.171803 0.036507
v 0.079104 -0.159424 0.034564
v 0.076268 -0.173345 0.036618
v 0.069760 -0.188680 0.041034
v 0.080325 -0.174601 0.037907
v 0.074756 -0.189829 0.043046
v 0.066492 -0.204621 0.050634
v 0.062083 -0.203127 0.047537
v 0.053187 -0.218605 0.057013
v 0.050416 -0.216628 0.053754
v 0.036116 -0.230312 0.062933
v 0.054644 -0.218716 0.061611
v 0.036597 -0.230500 0.067754
v 0.014651 -0.236705 0.070181
v 0.035832 -0.228249 0.072179
v 0.013423 -0.234160 0.073941
v -0.011037 -0.230822 0.071965
v 0.012383 -0.231831 0.077685
v -0.011247 -0.227974 0.076374
v -0.030406 -0.215334 0.074096
v -0.010327 -0.223904 0.081171
v -0.027717 -0.210043 0.078259
v -0.042662 -0.195303 0.072571
v -0.028185 -0.207366 0.084583
v -0.043212 -0.192483 0.078553
v -0.052750 -0.175538 0.070385
v -0.044002 -0.188275 0.086759
v -0.053210 -0.171608 0.078148
v -0.058009 -0.159009 0.071949
v -0.053389 -0.165980 0.088036
v -0.057587 -0.154445 0.081514
v -0.061321 -0.144482 0.077081
v -0.056673 -0.147912 0.092721
v -0.060403 -0.139478 0.088424
v -0.064578 -0.133514 0.086348
v -0.058946 -0.133466 0.098821
v -0.063340 -0.128483 0.096554
v -0.065600 -0.122434 0.094079
v -0.061290 -0.123696 0.104050
v -0.063381 -0.117100 0.101944
v -0.058261 -0.120145 0.109376
v -0.053964 -0.123870 0.111553
v -0.056772 -0.128380 0.106414
v -0.052326 -0.133307 0.110488
v -0.049843 -0.127869 0.115034
v -0.055074 -0.140257 0.103403
v -0.050291 -0.148196 0.110763
v -0.046917 -0.139335 0.117280
v -0.052344 -0.158049 0.099689
v -0.044764 -0.170659 0.109853
v -0.041859 -0.157267 0.120743
v -0.044463 -0.181123 0.097413
v -0.029641 -0.194594 0.106465
v -0.030453 -0.182851 0.120272
v -0.029088 -0.203069 0.094087
v -0.009927 -0.214357 0.099860
v -0.010598 -0.204893 0.113698
v -0.009057 -0.219607 0.088030
v 0.011034 -0.223253 0.088961
v 0.011341 -0.217316 0.101457
v 0.011564 -0.228613 0.082098
v 0.033955 -0.222677 0.080358
v 0.032957 -0.218588 0.086369
v 0.034857 -0.225749 0.076202
v 0.053759 -0.213708 0.071080
v 0.052917 -0.210246 0.076098
v 0.054095 -0.216324 0.066166
v 0.067870 -0.201507 0.059880
v 0.067878 -0.198868 0.064510
v 0.068023 -0.203915 0.055113
v 0.077193 -0.188349 0.047659
v 0.077820 -0.185859 0.052406
v 0.083889 -0.172246 0.046580
v 0.084322 -0.169657 0.051171
v 0.078223 -0.183227 0.057149
v 0.083228 -0.174223 0.041929
v 0.084965 -0.160049 0.038514
v 0.086728 -0.159855 0.042603
v 0.082712 -0.160006 0.036053
v 0.083751 -0.147727 0.035796
v 0.080080 -0.147030 0.035326
v 0.081529 -0.137434 0.038479
v 0.085319 -0.137670 0.038378
v 0.083678 -0.130786 0.042618
v 0.087845 -0.131916 0.042436
v 0.086329 -0.126307 0.047982
v 0.090640 -0.128570 0.047659
v 0.092680 -0.133054 0.048386
v 0.092678 -0.126932 0.055436
v 0.093615 -0.132498 0.055590
v 0.091334 -0.137991 0.055617
v 0.092350 -0.139471 0.049248
v 0.089930 -0.144490 0.056179
v 0.090555 -0.147030 0.049712
v 0.087933 -0.152776 0.057293
v 0.087517 -0.156121 0.051628
v 0.087308 -0.158905 0.046648
v 0.082218 -0.165635 0.055022
v 0.082689 -0.162573 0.060448
v 0.075878 -0.175469 0.066326
v 0.075471 -0.179785 0.059926
v 0.066138 -0.190856 0.074339
v 0.066482 -0.194858 0.068757
v 0.051327 -0.206233 0.081088
v 0.067761 -0.186769 0.082726
v 0.052835 -0.202502 0.091060
v 0.033892 -0.214072 0.098170
v 0.054861 -0.195468 0.105000
v 0.034941 -0.205451 0.112843
v 0.011747 -0.208399 0.115904
v 0.034931 -0.192135 0.127008
v 0.012057 -0.195131 0.130572
v -0.010891 -0.191164 0.127513
v 0.011865 -0.180417 0.142188
v -0.010122 -0.175170 0.138174
v -0.028435 -0.167280 0.130904
v -0.009118 -0.161248 0.144532
v -0.026303 -0.153785 0.137237
v -0.038823 -0.145950 0.126654
v -0.024708 -0.144877 0.140108
v -0.037324 -0.138218 0.129763
v -0.044898 -0.132830 0.121105
v -0.036423 -0.132302 0.132021
v -0.043569 -0.127390 0.123705
v -0.047745 -0.123169 0.118469
v -0.035646 -0.126821 0.133922
v -0.022690 -0.132982 0.143711
v -0.021994 -0.128054 0.145036
v -0.034911 -0.122142 0.135397
v -0.023635 -0.138762 0.141985
v -0.007415 -0.145092 0.148733
v -0.006447 -0.138684 0.150161
v -0.008186 -0.151703 0.147201
v 0.010863 -0.156247 0.151832
v 0.010642 -0.148721 0.153208
v 0.010887 -0.166018 0.149293
v 0.032199 -0.162516 0.145727
v 0.030281 -0.152124 0.148991
v 0.033892 -0.177081 0.138105
v 0.052786 -0.169672 0.131467
v 0.049888 -0.155444 0.140010
v 0.055189 -0.184379 0.119452
v 0.070036 -0.171402 0.110041
v 0.066641 -0.158857 0.122893
v 0.069881 -0.180633 0.095024
v 0.077848 -0.164699 0.086463
v 0.077705 -0.156536 0.101979
v 0.076982 -0.170805 0.074444
v 0.082771 -0.158231 0.069169
v 0.082158 -0.152712 0.081570
v 0.085408 -0.143452 0.079171
v 0.085465 -0.136807 0.094642
v 0.082080 -0.145216 0.097588
v 0.087497 -0.148311 0.066621
v 0.088301 -0.140962 0.065655
v 0.087203 -0.137626 0.078700
v 0.091788 -0.135175 0.078625
v 0.092458 -0.128995 0.092227
v 0.088530 -0.131779 0.092858
v 0.090749 -0.135989 0.065219
v 0.093815 -0.131690 0.065355
v 0.093721 -0.129966 0.078282
v 0.093714 -0.124172 0.077622
v 0.094106 -0.118267 0.087709
v 0.093878 -0.123553 0.090167
v 0.093482 -0.126276 0.065480
v 0.090740 -0.121595 0.065718
v 0.091264 -0.118958 0.076743
v 0.088904 -0.123420 0.055521
v 0.085882 -0.116831 0.076985
v 0.088188 -0.124212 0.102214
v 0.084399 -0.128899 0.104784
v 0.084471 -0.118826 0.106614
v 0.081728 -0.122911 0.109696
v 0.077310 -0.129393 0.114873
v 0.080152 -0.136148 0.109635
v 0.071096 -0.137542 0.121929
v 0.074556 -0.146822 0.115333
v 0.062606 -0.146607 0.130790
v 0.060191 -0.137230 0.134663
v 0.046768 -0.144678 0.143615
v 0.058807 -0.130559 0.137089
v 0.044702 -0.137544 0.145445
v 0.028608 -0.144554 0.150580
v 0.043065 -0.131300 0.147269
v 0.027098 -0.139290 0.151769
v 0.010628 -0.143172 0.154211
v 0.026340 -0.135211 0.155353
v 0.010418 -0.139745 0.156381
v -0.006206 -0.134317 0.153091
v 0.010213 -0.137575 0.161308
v -0.008188 -0.134904 0.157928
v -0.024490 -0.127715 0.149440
v -0.008697 -0.131237 0.162432
v -0.026117 -0.125216 0.154549
v -0.008590 -0.126174 0.166166
v -0.026349 -0.120663 0.158565
v -0.041525 -0.114371 0.146124
v -0.025709 -0.115339 0.160779
v -0.041227 -0.109648 0.148967
v -0.050095 -0.104378 0.138296
v -0.040185 -0.104317 0.150583
v -0.054452 -0.098468 0.131393
v -0.059785 -0.094228 0.128334
v -0.062263 -0.097698 0.123649
v -0.067480 -0.090395 0.126764
v -0.064738 -0.086694 0.130950
v -0.071317 -0.080270 0.126172
v -0.069511 -0.076543 0.128985
v -0.072876 -0.069979 0.123005
v -0.068375 -0.072439 0.131521
v -0.071508 -0.066606 0.125770
v -0.070968 -0.060526 0.119273
v -0.067664 -0.063540 0.127002
v -0.068190 -0.058343 0.121200
v -0.069374 -0.051070 0.116390
v -0.064243 -0.055701 0.122317
v -0.065986 -0.049267 0.118278
v -0.069045 -0.040139 0.113866
v -0.072970 -0.041076 0.111365
v -0.073776 -0.026913 0.109881
v -0.078711 -0.027276 0.106030
v -0.076203 -0.011361 0.106241
v -0.070079 -0.027461 0.113470
v -0.071222 -0.012658 0.110548
v -0.071661 0.005356 0.108462
v -0.070229 -0.013576 0.116595
v -0.069715 0.004117 0.114099
v -0.068654 0.022776 0.114209
v -0.072134 0.024173 0.109702
v -0.066312 0.039778 0.117162
v -0.069878 0.021544 0.120377
v -0.067008 0.038372 0.123967
v -0.061701 0.052784 0.130602
v -0.062637 0.055837 0.123021
v -0.055052 0.062025 0.141774
v -0.058754 0.065435 0.137659
v -0.063930 0.068949 0.134294
v -0.058703 0.074617 0.141825
v -0.069049 0.072353 0.130030
v -0.072018 0.078555 0.127136
v -0.073557 0.084500 0.123717
v -0.073309 0.090007 0.119559
v -0.071554 0.094223 0.116028
v -0.053190 0.078282 0.147356
v -0.046960 0.082042 0.153206
v -0.046307 0.086545 0.149469
v -0.038492 0.086084 0.159371
v -0.037635 0.079985 0.160902
v -0.023968 0.084535 0.166878
v -0.007774 0.080977 0.169341
v -0.066630 0.037172 0.129739
v -0.069903 0.020332 0.126782
v -0.067246 0.019088 0.132941
v -0.063883 0.034888 0.135979
v -0.062128 0.018101 0.137167
v -0.057817 0.033371 0.139749
v -0.056392 0.017461 0.138595
v -0.051714 0.032521 0.140598
v -0.050982 0.017135 0.138734
v -0.046840 0.032050 0.140348
v -0.038712 0.046569 0.142229
v -0.042740 0.031532 0.141821
v -0.035385 0.045392 0.143920
v -0.025093 0.059676 0.145771
v -0.028274 0.061801 0.145435
v -0.032875 0.044298 0.147574
v -0.022865 0.057847 0.147973
v -0.031333 0.043755 0.151871
v -0.021174 0.056244 0.151999
v -0.029958 0.043657 0.156232
v -0.020227 0.055181 0.156229
v -0.029328 0.044065 0.160666
v -0.019040 0.054715 0.160812
v -0.025004 0.041683 0.163209
v -0.015820 0.051817 0.163363
v -0.020526 0.039159 0.164269
v -0.011826 0.047971 0.164196
v -0.002671 0.054375 0.163590
v -0.008804 0.044989 0.162653
v 0.000010 0.051029 0.161956
v 0.008651 0.056710 0.160820
v 0.000612 0.050167 0.157007
v 0.009327 0.055345 0.155560
v 0.019168 0.057585 0.153269
v 0.018592 0.058812 0.158686
v 0.030010 0.058971 0.149540
v 0.030393 0.060426 0.154496
v 0.030401 0.062169 0.158982
v 0.042570 0.059522 0.148160
v 0.041332 0.058401 0.143945
v 0.054215 0.054922 0.138209
v 0.040336 0.054817 0.141092
v 0.052758 0.051825 0.138098
v 0.064164 0.047196 0.135274
v 0.052546 0.049242 0.141395
v 0.063335 0.044668 0.138618
v 0.072291 0.037759 0.136073
v 0.063358 0.043605 0.142919
v 0.072000 0.036836 0.140696
v 0.080081 0.028763 0.139141
v 0.072473 0.036787 0.145527
v 0.080514 0.028991 0.143885
v 0.087129 0.021001 0.142816
v 0.080510 0.028941 0.148762
v 0.086644 0.021030 0.147962
v 0.090428 0.012782 0.147040
v 0.085467 0.020686 0.152391
v 0.088509 0.012313 0.151449
v 0.090537 0.004800 0.150561
v 0.090842 0.013112 0.154712
v 0.092373 0.005018 0.154102
v 0.092217 -0.002560 0.153873
v 0.097154 0.005676 0.155879
v 0.097432 -0.002537 0.155680
v 0.096421 -0.010912 0.156084
v 0.102885 -0.002718 0.156302
v 0.101571 -0.011986 0.156488
v 0.097825 -0.021369 0.157029
v 0.107548 -0.013037 0.156686
v 0.103210 -0.023609 0.157326
v 0.096612 -0.032656 0.159001
v 0.109240 -0.026107 0.157671
v 0.101944 -0.036396 0.159355
v 0.094014 -0.043141 0.164216
v 0.107905 -0.040396 0.160536
v 0.115679 -0.028924 0.158023
v 0.121922 -0.032121 0.158244
v 0.114145 -0.043700 0.161839
v 0.126197 -0.035078 0.156771
v 0.117249 -0.046717 0.158863
v 0.129331 -0.036998 0.154540
v 0.120615 -0.049119 0.157644
v 0.114193 -0.058027 0.160851
v 0.124146 -0.051157 0.157610
v 0.117888 -0.060426 0.160808
v 0.111971 -0.067875 0.163785
v 0.108776 -0.065112 0.163720
v 0.105295 -0.075335 0.166827
v 0.102267 -0.071943 0.166421
v 0.096588 -0.082726 0.170080
v 0.093652 -0.078252 0.169407
v 0.108415 -0.078927 0.167227
v 0.099504 -0.086995 0.170757
v 0.110526 -0.081205 0.168780
v 0.101947 -0.089752 0.172546
v 0.110508 -0.080270 0.173148
v 0.102191 -0.088363 0.177080
v 0.118931 -0.072261 0.168547
v 0.118215 -0.073128 0.164856
v 0.124547 -0.064892 0.160894
v 0.126538 -0.064690 0.164408
v 0.115322 -0.070854 0.163898
v 0.121322 -0.062769 0.160764
v 0.127834 -0.053409 0.157287
v 0.131354 -0.055360 0.158009
v 0.138644 -0.044593 0.154032
v 0.140038 -0.044955 0.158005
v 0.133214 -0.055673 0.161427
v 0.135937 -0.042244 0.153251
v 0.144072 -0.027142 0.148463
v 0.146091 -0.030730 0.148621
v 0.132577 -0.039302 0.153670
v 0.140862 -0.022669 0.148500
v 0.137694 -0.021590 0.149481
v 0.134169 -0.020228 0.152015
v 0.139491 -0.001980 0.149162
v 0.136999 0.013729 0.150228
v 0.128748 -0.018482 0.154258
v 0.134094 -0.002653 0.151714
v 0.131847 0.012073 0.153059
v 0.125170 0.025146 0.156928
v 0.129300 0.027531 0.154933
v 0.125483 -0.002581 0.153687
v 0.124064 0.009842 0.154679
v 0.118991 0.022232 0.157205
v 0.111741 0.034018 0.159400
v 0.116661 0.036900 0.161199
v 0.116396 0.008160 0.155957
v 0.112804 0.019689 0.157093
v 0.106875 0.031146 0.158209
v 0.099109 0.041664 0.162762
v 0.103303 0.044523 0.164508
v 0.106697 0.017587 0.157011
v 0.101826 0.028239 0.157913
v 0.094880 0.038281 0.161891
v 0.086765 0.046539 0.168080
v 0.090703 0.050572 0.169476
v 0.096796 0.025573 0.157821
v 0.090519 0.034775 0.161419
v 0.082745 0.042229 0.166715
v 0.073908 0.047773 0.172775
v 0.077491 0.053458 0.174530
v 0.086113 0.031434 0.160645
v 0.078667 0.037857 0.165026
v 0.070153 0.042474 0.170914
v 0.060893 0.046786 0.173956
v 0.064138 0.051590 0.177785
v 0.074889 0.035217 0.161761
v 0.066935 0.040637 0.165502
v 0.058129 0.045051 0.168305
v 0.048242 0.047456 0.170510
v 0.050438 0.048641 0.176705
v 0.065073 0.041352 0.159286
v 0.056268 0.045539 0.161904
v 0.046528 0.048193 0.164134
v 0.036311 0.048862 0.165627
v 0.037771 0.048126 0.172128
v 0.055388 0.047700 0.155934
v 0.045271 0.050475 0.158221
v 0.034861 0.051028 0.159766
v 0.024763 0.049952 0.160875
v 0.026185 0.048296 0.166620
v 0.043945 0.051183 0.152755
v 0.033627 0.051293 0.154556
v 0.023843 0.049676 0.155827
v 0.015140 0.045934 0.156774
v 0.015638 0.046728 0.161732
v 0.032360 0.050734 0.149868
v 0.022872 0.048899 0.151220
v 0.014217 0.045644 0.151723
v 0.006336 0.041670 0.152800
v 0.006943 0.042062 0.157515
v 0.021253 0.050577 0.147732
v 0.012293 0.048605 0.149555
v 0.003816 0.044918 0.150544
v -0.003362 0.039090 0.151191
v -0.001294 0.037184 0.153739
v 0.010244 0.053021 0.151012
v 0.001051 0.049025 0.152107
v -0.006135 0.041987 0.153220
v -0.012447 0.033954 0.153775
v -0.009383 0.031864 0.150852
v -0.007403 0.043500 0.157919
v -0.014175 0.035237 0.158470
v -0.019868 0.025995 0.158086
v -0.017267 0.024930 0.153751
v -0.016629 0.036798 0.163495
v -0.023193 0.026809 0.162196
v -0.025860 0.014578 0.161194
v -0.023626 0.014611 0.156863
v -0.027421 0.027420 0.163962
v -0.029978 0.014791 0.163433
v -0.031185 0.001799 0.162894
v -0.027675 0.002037 0.160787
v -0.031383 0.028454 0.162125
v -0.034780 0.015180 0.161741
v -0.036246 0.001506 0.161041
v -0.035787 -0.013046 0.160806
v -0.030747 -0.011665 0.163176
v -0.039060 0.015626 0.158993
v -0.040576 0.001319 0.158067
v -0.039858 -0.014004 0.157454
v -0.036553 -0.029760 0.159310
v -0.031706 -0.027502 0.162108
v -0.043529 0.001221 0.153873
v -0.042510 -0.014294 0.153392
v -0.038628 -0.030983 0.154243
v -0.029616 -0.045453 0.155123
v -0.029149 -0.044573 0.161808
v -0.043912 -0.014464 0.148560
v -0.039359 -0.031339 0.149091
v -0.029143 -0.045944 0.148705
v -0.041073 -0.032117 0.143816
v -0.032719 -0.049219 0.143615
v -0.045368 -0.014915 0.143286
v -0.047780 -0.015620 0.139208
v -0.045866 0.001016 0.144032
v -0.048303 0.000941 0.139061
v -0.052965 0.000902 0.138124
v -0.052210 -0.016342 0.138415
v -0.057930 0.001042 0.137407
v -0.057032 -0.016545 0.138252
v -0.063051 0.001339 0.135678
v -0.061808 -0.016871 0.137018
v -0.058454 -0.032642 0.139820
v -0.056654 -0.044698 0.141361
v -0.066206 -0.016265 0.133755
v -0.063205 -0.030954 0.137184
v -0.060631 -0.041212 0.139183
v -0.060436 -0.050178 0.137194
v -0.057426 -0.053277 0.139474
v -0.067281 -0.029491 0.132484
v -0.069221 -0.015352 0.128480
v -0.070212 -0.014535 0.122404
v -0.068894 -0.029015 0.125770
v -0.068369 -0.028258 0.119104
v -0.065538 -0.039425 0.117099
v -0.063486 -0.047332 0.121471
v -0.061713 -0.053195 0.124633
v -0.060025 -0.058508 0.128912
v -0.060829 -0.055631 0.132427
v -0.063152 -0.061103 0.127517
v -0.062172 -0.065742 0.133541
v -0.058549 -0.062768 0.133863
v -0.066373 -0.068466 0.133433
v -0.059831 -0.069435 0.141061
v -0.054164 -0.076221 0.150939
v -0.051672 -0.071489 0.150317
v -0.056075 -0.065831 0.140181
v -0.048530 -0.066241 0.147885
v -0.053842 -0.061294 0.140314
v -0.057698 -0.058649 0.136095
v -0.037510 -0.073711 0.160144
v -0.039228 -0.078891 0.163148
v -0.020961 -0.083832 0.168622
v -0.019035 -0.079091 0.167665
v -0.040439 -0.083914 0.161371
v -0.022563 -0.090370 0.167592
v -0.005802 -0.095521 0.170336
v -0.004965 -0.088697 0.172250
v -0.023081 -0.095546 0.164030
v -0.006037 -0.100242 0.166247
v 0.009975 -0.102349 0.165272
v 0.009847 -0.097539 0.169888
v -0.022896 -0.099094 0.159707
v -0.005543 -0.103176 0.161422
v 0.010047 -0.107074 0.161676
v 0.025598 -0.105916 0.161645
v 0.025188 -0.101432 0.164067
v -0.006222 -0.107938 0.163119
v 0.010235 -0.110263 0.165655
v 0.026387 -0.109612 0.164774
v 0.042254 -0.105763 0.161584
v 0.040483 -0.102428 0.158656
v 0.010187 -0.115407 0.169632
v 0.027336 -0.114747 0.168502
v 0.044813 -0.110106 0.165316
v 0.060747 -0.103399 0.156297
v 0.057385 -0.100363 0.153537
v 0.028095 -0.120652 0.169819
v 0.046078 -0.115119 0.164747
v 0.061835 -0.108283 0.155454
v 0.073803 -0.096490 0.143340
v 0.046930 -0.120440 0.162681
v 0.062171 -0.113439 0.153113
v 0.046846 -0.125008 0.159164
v 0.062023 -0.117736 0.150271
v 0.046235 -0.128545 0.155175
v 0.061300 -0.121318 0.146676
v 0.073137 -0.114226 0.133914
v 0.079748 -0.109780 0.120573
v 0.058638 -0.121931 0.142182
v 0.069745 -0.115350 0.131409
v 0.076796 -0.111235 0.119284
v 0.081060 -0.113882 0.111554
v 0.057843 -0.124769 0.139152
v 0.043466 -0.128515 0.150056
v 0.027946 -0.134305 0.160001
v 0.028484 -0.131348 0.164772
v 0.010063 -0.133730 0.165729
v 0.028524 -0.126707 0.168580
v 0.009935 -0.128697 0.169665
v 0.010110 -0.122145 0.171162
v -0.008271 -0.120014 0.168099
v -0.007233 -0.113203 0.166780
v -0.024636 -0.109367 0.160910
v -0.023574 -0.104411 0.158924
v 0.079687 -0.087159 0.128690
v 0.077592 -0.082712 0.131415
v 0.069647 -0.094123 0.142379
v 0.077267 -0.079446 0.135139
v 0.067632 -0.090735 0.142728
v 0.054838 -0.097936 0.151361
v 0.068204 -0.087455 0.146684
v 0.054950 -0.093774 0.154430
v 0.040078 -0.098075 0.160464
v 0.055309 -0.089499 0.158398
v 0.040100 -0.093468 0.164001
v 0.024727 -0.096419 0.168030
v 0.039418 -0.088002 0.166182
v 0.023983 -0.090258 0.170103
v 0.009305 -0.090632 0.172213
v 0.023060 -0.083378 0.169588
v 0.009219 -0.083284 0.171389
v -0.003411 -0.081883 0.171410
v 0.009064 -0.077130 0.167544
v -0.001477 -0.076211 0.167264
v -0.015930 -0.074649 0.164521
v 0.021924 -0.077228 0.166412
v 0.020775 -0.072541 0.161782
v 0.034373 -0.071439 0.159544
v 0.033512 -0.065783 0.158017
v 0.035944 -0.076046 0.163579
v 0.049595 -0.072815 0.159146
v 0.047075 -0.068391 0.155680
v 0.037914 -0.081643 0.166197
v 0.052394 -0.078436 0.161118
v 0.063626 -0.074064 0.153927
v 0.059884 -0.068831 0.153034
v 0.054410 -0.084240 0.160689
v 0.066372 -0.078720 0.152708
v 0.074115 -0.070029 0.145502
v 0.071220 -0.066812 0.147152
v 0.067635 -0.083269 0.150164
v 0.076231 -0.073726 0.142488
v 0.083951 -0.063579 0.138721
v 0.082896 -0.061006 0.142213
v 0.077126 -0.076587 0.139240
v 0.084145 -0.065389 0.134783
v 0.093615 -0.054386 0.133217
v 0.094822 -0.053813 0.137717
v 0.084948 -0.067707 0.130770
v 0.091824 -0.055007 0.128456
v 0.101979 -0.044582 0.126415
v 0.103199 -0.043819 0.131245
v 0.086772 -0.070869 0.126915
v 0.093544 -0.058204 0.124695
v 0.101709 -0.045451 0.122247
v 0.109656 -0.034065 0.121589
v 0.110217 -0.033378 0.125459
v 0.097714 -0.062639 0.123349
v 0.104473 -0.048384 0.121291
v 0.111261 -0.035666 0.119012
v 0.116825 -0.022689 0.117045
v 0.114743 -0.021251 0.119973
v 0.108516 -0.051869 0.118549
v 0.115272 -0.038361 0.116557
v 0.121208 -0.025022 0.114186
v 0.127043 -0.010224 0.111914
v 0.121539 -0.009040 0.115035
v 0.120158 -0.042152 0.110800
v 0.126403 -0.028274 0.108036
v 0.121457 -0.045043 0.101087
v 0.127129 -0.030781 0.098390
v 0.122815 -0.047650 0.092831
v 0.130008 -0.034710 0.088764
v 0.121495 -0.048330 0.085334
v 0.127437 -0.037404 0.079851
v 0.120510 -0.050339 0.077960
v 0.127791 -0.041048 0.071651
v 0.122266 -0.056726 0.070730
v 0.129229 -0.047298 0.064279
v 0.121437 -0.065071 0.062741
v 0.128117 -0.054893 0.056415
v 0.118599 -0.073731 0.053160
v 0.125840 -0.064968 0.046569
v 0.114752 -0.083009 0.039808
v 0.120274 -0.074562 0.033153
v 0.126869 -0.063693 0.024790
v 0.129066 -0.054607 0.002541
v 0.133106 -0.049592 0.014971
v 0.134899 -0.040168 -0.005904
v 0.139061 -0.035546 0.004876
v 0.139015 -0.029067 -0.013092
v 0.142550 -0.023900 -0.003735
v 0.146079 -0.017077 0.006640
v 0.145084 -0.015082 -0.010389
v 0.154565 -0.012139 0.017740
v 0.160362 -0.007153 0.032080
v 0.157047 0.009133 0.041869
v 0.157303 0.000374 0.046859
v 0.147098 0.017211 0.054174
v 0.137028 0.023501 0.059053
v 0.142274 -0.019287 -0.019049
v 0.144574 -0.011150 -0.023018
v 0.147154 -0.008038 -0.014713
v 0.146249 -0.003394 -0.025623
v 0.142200 -0.013435 -0.029297
v 0.144720 -0.005962 -0.031621
v 0.140302 -0.015446 -0.034495
v 0.143678 -0.008978 -0.036444
v 0.149774 -0.005270 -0.040293
v 0.151879 -0.009784 -0.044067
v 0.154407 0.001459 -0.044756
v 0.151736 0.005471 -0.039728
v 0.153689 0.011683 -0.045851
v 0.150248 0.014461 -0.041744
v 0.148782 0.020835 -0.044795
v 0.144152 0.020164 -0.044625
v 0.148452 0.025770 -0.049643
v 0.148657 0.030603 -0.055091
v 0.152385 0.027182 -0.062312
v 0.148988 0.032962 -0.061552
v 0.152586 0.028118 -0.068679
v 0.148470 0.034200 -0.067733
v 0.142205 0.034459 -0.067932
v 0.146939 0.033270 -0.074435
v 0.141006 0.033767 -0.074040
v 0.135762 0.036393 -0.074004
v 0.136373 0.035796 -0.067882
v 0.133345 0.041641 -0.075105
v 0.133637 0.041336 -0.068298
v 0.130412 0.047362 -0.076396
v 0.130742 0.047329 -0.068824
v 0.131089 0.045782 -0.062214
v 0.130561 0.043825 -0.056433
v 0.127400 0.054081 -0.069071
v 0.123019 0.061852 -0.068702
v 0.123586 0.071035 -0.067828
v 0.117016 0.079254 -0.066305
v 0.107105 0.091702 -0.064729
v 0.107470 0.090249 -0.058475
v 0.093397 0.103462 -0.060791
v 0.093735 0.101811 -0.054719
v 0.092991 0.098307 -0.049907
v 0.106261 0.087807 -0.053055
v 0.091514 0.094477 -0.046604
v 0.103870 0.084756 -0.048942
v 0.089413 0.089578 -0.044686
v 0.100602 0.080489 -0.046215
v 0.087432 0.084977 -0.044281
v 0.097445 0.076557 -0.045724
v 0.106051 0.065770 -0.047494
v 0.113123 0.056436 -0.051442
v 0.094123 0.071989 -0.046049
v 0.102952 0.062247 -0.047668
v 0.109341 0.051262 -0.051323
v 0.110429 0.049266 -0.045583
v 0.116872 0.040568 -0.046643
v 0.117511 0.043345 -0.051394
v 0.120488 0.047335 -0.052357
v 0.102369 0.059923 -0.044006
v 0.104248 0.058751 -0.038133
v 0.112416 0.047897 -0.039586
v 0.092369 0.069032 -0.044263
v 0.093186 0.068710 -0.039379
v 0.094964 0.068316 -0.033423
v 0.107220 0.057948 -0.031989
v 0.083400 0.077182 -0.044969
v 0.083166 0.076120 -0.041659
v 0.084157 0.076394 -0.036668
v 0.074532 0.080328 -0.041859
v 0.075590 0.080485 -0.037422
v 0.061646 0.083592 -0.040722
v 0.062502 0.083897 -0.037856
v 0.062615 0.087929 -0.036083
v 0.048348 0.083505 -0.036029
v 0.046754 0.087859 -0.036709
v 0.045444 0.092965 -0.035335
v 0.062502 0.093688 -0.034043
v 0.045344 0.095128 -0.029307
v 0.061465 0.096699 -0.027331
v 0.077112 0.094540 -0.021448
v 0.090616 0.092768 -0.009533
v 0.059745 0.100206 -0.020002
v 0.073916 0.099687 -0.013057
v 0.086442 0.099000 -0.002066
v 0.096835 0.095721 0.011835
v 0.101214 0.089365 0.005898
v 0.070944 0.104327 -0.005036
v 0.083135 0.103544 0.005075
v 0.093548 0.100750 0.017164
v 0.101934 0.096017 0.031824
v 0.105767 0.090834 0.027852
v 0.080544 0.107192 0.010981
v 0.091088 0.104655 0.021566
v 0.099789 0.100050 0.034587
v 0.105989 0.095754 0.048911
v 0.108626 0.091081 0.047055
v 0.089373 0.108193 0.025271
v 0.097618 0.103945 0.037125
v 0.103362 0.099530 0.050638
v 0.105039 0.094201 0.064153
v 0.106873 0.090509 0.062914
v 0.094843 0.106421 0.039658
v 0.100320 0.101351 0.052008
v 0.101932 0.097171 0.064799
v 0.099785 0.093213 0.076032
v 0.102811 0.090584 0.075958
v 0.094717 0.099599 0.052914
v 0.096446 0.095942 0.064166
v 0.095624 0.093701 0.075304
v 0.098514 0.091874 0.084789
v 0.091046 0.096600 0.064863
v 0.090919 0.095912 0.075438
v 0.087226 0.101466 0.066301
v 0.086144 0.100151 0.076392
v 0.082246 0.105651 0.068472
v 0.081704 0.104426 0.078714
v 0.078183 0.110772 0.071908
v 0.086820 0.103494 0.056031
v 0.081698 0.106921 0.058759
v 0.077526 0.111431 0.061899
v 0.078360 0.108625 0.050685
v 0.074356 0.111899 0.054094
v 0.071641 0.116407 0.056433
v 0.074665 0.116386 0.064124
v 0.075887 0.118076 0.074576
v 0.070347 0.120721 0.057655
v 0.073048 0.119609 0.065550
v 0.074581 0.120116 0.074110
v 0.071448 0.123071 0.066528
v 0.073208 0.122261 0.073621
v 0.072855 0.124110 0.065509
v 0.073558 0.121952 0.073534
v 0.076112 0.122530 0.063701
v 0.075317 0.119705 0.073716
v 0.079811 0.120177 0.061829
v 0.076960 0.117607 0.073885
v 0.085107 0.118235 0.069559
v 0.091104 0.118477 0.067446
v 0.094142 0.123495 0.066842
v 0.093807 0.118879 0.077283
v 0.093685 0.124770 0.079183
v 0.093367 0.119588 0.088181
v 0.093166 0.114478 0.085765
v 0.093302 0.129596 0.067993
v 0.090066 0.135218 0.069061
v 0.091686 0.131021 0.081293
v 0.092921 0.134439 0.056686
v 0.090007 0.140997 0.058508
v 0.088893 0.148835 0.061406
v 0.087269 0.142805 0.070962
v 0.091736 0.139611 0.048007
v 0.090234 0.146223 0.051497
v 0.087964 0.153485 0.054396
v 0.081796 0.162479 0.057951
v 0.083342 0.158878 0.065171
v 0.089543 0.150521 0.045842
v 0.087775 0.157407 0.049250
v 0.083177 0.166603 0.053513
v 0.077284 0.181153 0.059382
v 0.075002 0.177240 0.063684
v 0.084255 0.170775 0.049388
v 0.077422 0.184689 0.054733
v 0.066110 0.202069 0.060764
v 0.066401 0.199022 0.066041
v 0.082892 0.174227 0.044448
v 0.075695 0.187517 0.049319
v 0.064984 0.204090 0.055608
v 0.049032 0.219858 0.061291
v 0.050128 0.218834 0.066556
v 0.073069 0.188862 0.045317
v 0.062814 0.204207 0.050877
v 0.047260 0.218801 0.056501
v 0.027979 0.228672 0.060783
v 0.029000 0.230866 0.065176
v 0.059308 0.202830 0.047308
v 0.044995 0.215625 0.052953
v 0.027046 0.225345 0.057879
v 0.005027 0.228313 0.059776
v 0.004404 0.231982 0.063017
v 0.042556 0.211813 0.051122
v 0.025925 0.221102 0.056112
v 0.006209 0.224374 0.057982
v -0.011107 0.218023 0.055377
v -0.014275 0.222626 0.057209
v 0.025777 0.216942 0.058124
v 0.007531 0.221205 0.060089
v -0.009602 0.215215 0.057425
v -0.024212 0.206644 0.053569
v -0.026698 0.209581 0.051708
v 0.007518 0.218459 0.064910
v -0.009751 0.213413 0.062858
v -0.023721 0.204386 0.058742
v -0.032070 0.191917 0.053145
v -0.032511 0.194048 0.048363
v -0.009037 0.210025 0.066744
v -0.023327 0.201723 0.063056
v -0.031232 0.189363 0.057634
v -0.038639 0.176977 0.052509
v -0.039433 0.178643 0.047714
v -0.019207 0.197806 0.062553
v -0.027560 0.186519 0.058357
v -0.034718 0.175011 0.053906
v -0.039489 0.163825 0.048963
v -0.044093 0.165008 0.048321
v -0.022752 0.184106 0.056321
v -0.029534 0.173287 0.052596
v -0.035000 0.163745 0.046776
v -0.041369 0.154472 0.045257
v -0.027548 0.174739 0.047975
v -0.032827 0.165210 0.042924
v -0.027702 0.178122 0.043183
v -0.032313 0.167983 0.038137
v -0.027932 0.182191 0.038140
v -0.032396 0.172155 0.032219
v -0.034130 0.162050 0.026252
v -0.028354 0.152851 0.021432
v -0.032355 0.177752 0.025602
v -0.033844 0.167396 0.018799
v -0.028335 0.157530 0.013081
v -0.022368 0.145953 0.004979
v -0.022037 0.140889 0.013829
v -0.033753 0.172196 0.011615
v -0.027682 0.161747 0.005539
v -0.021663 0.150917 -0.003037
v -0.009291 0.142609 -0.010717
v -0.010379 0.137020 -0.002937
v -0.026427 0.165907 -0.000820
v -0.020036 0.156122 -0.009388
v -0.007056 0.149514 -0.016298
v 0.008374 0.145120 -0.019340
v 0.007244 0.138372 -0.014801
v -0.017538 0.161196 -0.012898
v -0.004791 0.155169 -0.017512
v 0.009436 0.151642 -0.019989
v 0.024837 0.153206 -0.019227
v 0.025227 0.147227 -0.017845
v -0.004135 0.160474 -0.021178
v 0.010083 0.158154 -0.022465
v 0.024355 0.159075 -0.022128
v 0.038322 0.164853 -0.017221
v 0.010088 0.161006 -0.025973
v 0.024089 0.163197 -0.023655
v 0.036945 0.168749 -0.018477
v 0.044322 0.178964 -0.009984
v 0.048323 0.176867 -0.008762
v 0.024389 0.165382 -0.028010
v 0.010066 0.163258 -0.030502
v 0.010048 0.165690 -0.034607
v 0.024692 0.167249 -0.032023
v 0.010237 0.163393 -0.037328
v 0.025739 0.165370 -0.036248
v 0.010323 0.159569 -0.042380
v 0.027546 0.161934 -0.040317
v 0.040665 0.168484 -0.036210
v 0.010424 0.160428 -0.046633
v -0.007381 0.163818 -0.041524
v -0.008154 0.164211 -0.045989
v -0.007855 0.167434 -0.050202
v 0.010629 0.163853 -0.050908
v -0.007684 0.170389 -0.054687
v 0.010698 0.167061 -0.055104
v -0.009456 0.169212 -0.060855
v 0.010354 0.165444 -0.060107
v 0.029045 0.167161 -0.057656
v 0.010176 0.167517 -0.067632
v 0.029402 0.168257 -0.064708
v 0.009893 0.173557 -0.073902
v 0.028501 0.173242 -0.071682
v 0.043923 0.179153 -0.065915
v 0.053435 0.187821 -0.059119
v 0.027563 0.180287 -0.080189
v 0.043100 0.184764 -0.075029
v 0.053172 0.192703 -0.068342
v 0.058568 0.199481 -0.063472
v 0.041135 0.194628 -0.086096
v 0.051545 0.200882 -0.078922
v 0.056855 0.206405 -0.074059
v 0.061607 0.209961 -0.071656
v 0.064756 0.203284 -0.061542
v 0.048706 0.211299 -0.089661
v 0.054304 0.216137 -0.085102
v 0.059832 0.219169 -0.082911
v 0.064382 0.222636 -0.080654
v 0.066526 0.213625 -0.069875
v 0.053423 0.223269 -0.095476
v 0.059807 0.226672 -0.094384
v 0.055191 0.225842 -0.105116
v 0.059504 0.230589 -0.104247
v 0.059742 0.224687 -0.113258
v 0.064435 0.229954 -0.112295
v 0.067246 0.220858 -0.121180
v 0.071550 0.227077 -0.120334
v 0.074888 0.217344 -0.132368
v 0.078061 0.222721 -0.131549
v 0.080821 0.215428 -0.144003
v 0.083256 0.220093 -0.143482
v 0.084058 0.225347 -0.143923
v 0.082960 0.230896 -0.145653
v 0.086817 0.218820 -0.153666
v 0.087263 0.223502 -0.154004
v 0.086074 0.228194 -0.155184
v 0.083275 0.232247 -0.157099
v 0.079879 0.235214 -0.148184
v 0.074923 0.238040 -0.151093
v 0.088109 0.217738 -0.162846
v 0.084924 0.217293 -0.169277
v 0.080261 0.218249 -0.171880
v 0.074760 0.219676 -0.172014
v 0.076453 0.223657 -0.172337
v 0.068065 0.221797 -0.167915
v 0.070335 0.226143 -0.168701
v 0.062820 0.223859 -0.160478
v 0.062043 0.218488 -0.158604
v 0.056315 0.221231 -0.151162
v 0.057155 0.227162 -0.153577
v 0.048191 0.224715 -0.145184
v 0.048981 0.230824 -0.149580
v 0.037802 0.227242 -0.143380
v 0.039697 0.234284 -0.149210
v 0.042778 0.242538 -0.152545
v 0.046265 0.250613 -0.156188
v 0.050292 0.257519 -0.162926
v 0.053350 0.261321 -0.172230
v 0.057660 0.257986 -0.170781
v 0.058250 0.257936 -0.179202
v 0.063543 0.256351 -0.177575
v 0.053758 0.261650 -0.180867
v 0.053505 0.260638 -0.188176
v 0.058051 0.256616 -0.186200
v 0.050404 0.266952 -0.182637
v 0.051119 0.266461 -0.190739
v 0.050409 0.265312 -0.198162
v 0.053222 0.259801 -0.195174
v 0.045941 0.269342 -0.183929
v 0.046028 0.267443 -0.192200
v 0.045862 0.265315 -0.199798
v 0.040668 0.267385 -0.192764
v 0.040605 0.266053 -0.200217
v 0.040860 0.266439 -0.205739
v 0.046289 0.265650 -0.205445
v 0.041105 0.269849 -0.210399
v 0.047403 0.268558 -0.209589
v 0.041711 0.274849 -0.212023
v 0.048677 0.273483 -0.211203
v 0.041908 0.279783 -0.210358
v 0.049185 0.278834 -0.209933
v 0.054885 0.276277 -0.207981
v 0.048675 0.284960 -0.206387
v 0.055204 0.282057 -0.204950
v 0.059006 0.277343 -0.201931
v 0.058707 0.273161 -0.205342
v 0.063564 0.274720 -0.200974
v 0.063484 0.271344 -0.205345
v 0.069143 0.274374 -0.201448
v 0.068960 0.270918 -0.206122
v 0.069404 0.266259 -0.209775
v 0.062992 0.277961 -0.195107
v 0.068874 0.277328 -0.195393
v 0.073389 0.274857 -0.194654
v 0.067974 0.280731 -0.188257
v 0.073389 0.277623 -0.187448
v 0.076007 0.272039 -0.185975
v 0.075792 0.269881 -0.193129
v 0.076651 0.265834 -0.184690
v 0.076663 0.263535 -0.191600
v 0.074494 0.259999 -0.183845
v 0.074498 0.257861 -0.190686
v 0.074429 0.256199 -0.197423
v 0.074414 0.256330 -0.204282
v 0.069854 0.253882 -0.190503
v 0.069928 0.252072 -0.197444
v 0.063635 0.252768 -0.191299
v 0.063533 0.250907 -0.198002
v 0.057648 0.254800 -0.192983
v 0.063729 0.254937 -0.184705
v 0.069708 0.256016 -0.183870
v 0.068982 0.257251 -0.176336
v 0.073673 0.261154 -0.175466
v 0.075752 0.267446 -0.175551
v 0.073744 0.267437 -0.164886
v 0.074882 0.274037 -0.176577
v 0.071269 0.265558 -0.153794
v 0.069831 0.262567 -0.144087
v 0.068309 0.269834 -0.134815
v 0.064367 0.279855 -0.133003
v 0.061729 0.277464 -0.126309
v 0.065986 0.266847 -0.127622
v 0.060099 0.276574 -0.120103
v 0.064019 0.265493 -0.120202
v 0.061149 0.277305 -0.114832
v 0.063805 0.265376 -0.113142
v 0.062762 0.278064 -0.109393
v 0.065306 0.265395 -0.107000
v 0.060118 0.277128 -0.104606
v 0.064464 0.265575 -0.101351
v 0.060916 0.277918 -0.098449
v 0.063755 0.265930 -0.095759
v 0.064855 0.254529 -0.091652
v 0.060896 0.250418 -0.077326
v 0.063155 0.244960 -0.082780
v 0.061371 0.242284 -0.063908
v 0.063752 0.236422 -0.068755
v 0.065335 0.231725 -0.073130
v 0.065098 0.227671 -0.056964
v 0.067240 0.223148 -0.061444
v 0.068269 0.218393 -0.066047
v 0.066054 0.227601 -0.077921
v 0.069105 0.216378 -0.052335
v 0.070769 0.211542 -0.056955
v 0.070064 0.206280 -0.061052
v 0.073061 0.207263 -0.048311
v 0.071527 0.211693 -0.044121
v 0.073686 0.208057 -0.037239
v 0.074996 0.203696 -0.041103
v 0.073434 0.203827 -0.032341
v 0.074505 0.199678 -0.035975
v 0.071229 0.199988 -0.029148
v 0.072223 0.196267 -0.033095
v 0.066148 0.198812 -0.029727
v 0.067304 0.195608 -0.033833
v 0.060803 0.196509 -0.029843
v 0.062329 0.194258 -0.034303
v 0.056128 0.192185 -0.029231
v 0.054458 0.195541 -0.023130
v 0.058815 0.200221 -0.024537
v 0.055258 0.205497 -0.017843
v 0.051379 0.201433 -0.016185
v 0.064168 0.203147 -0.024573
v 0.059851 0.209376 -0.018216
v 0.051646 0.217005 -0.011285
v 0.047890 0.213120 -0.010847
v 0.069150 0.204646 -0.024005
v 0.063590 0.212560 -0.018627
v 0.055089 0.221021 -0.012078
v 0.045646 0.230583 -0.003513
v 0.041520 0.225473 -0.003454
v 0.064841 0.216284 -0.022502
v 0.056283 0.225088 -0.015713
v 0.047518 0.235565 -0.006755
v 0.036437 0.243834 -0.001530
v 0.034779 0.238472 0.001670
v 0.056604 0.228808 -0.020048
v 0.048278 0.240411 -0.011406
v 0.037166 0.248521 -0.006132
v 0.027922 0.252936 -0.003317
v 0.027921 0.248714 0.001700
v 0.048906 0.245063 -0.017217
v 0.037581 0.253437 -0.012055
v 0.027853 0.257460 -0.009768
v 0.019890 0.261585 -0.007415
v 0.020166 0.257266 -0.000893
v 0.038056 0.258945 -0.020127
v 0.028056 0.263498 -0.018105
v 0.020311 0.268394 -0.015918
v 0.012121 0.271298 -0.014982
v 0.012322 0.264649 -0.006422
v 0.029715 0.271464 -0.029140
v 0.021397 0.276768 -0.027145
v 0.012190 0.279657 -0.026630
v 0.002607 0.277752 -0.028467
v 0.003121 0.269900 -0.016549
v 0.021878 0.281186 -0.047322
v 0.013360 0.284040 -0.047699
v 0.004602 0.281983 -0.049062
v -0.003901 0.277312 -0.050919
v -0.005579 0.272304 -0.032011
v 0.015275 0.287857 -0.067984
v 0.006605 0.286055 -0.069260
v -0.001648 0.281685 -0.071336
v -0.010036 0.276640 -0.074084
v -0.011805 0.270337 -0.054171
v 0.007923 0.292617 -0.083537
v -0.001478 0.289063 -0.085459
v -0.010047 0.283842 -0.088128
v -0.018070 0.278386 -0.091192
v -0.017444 0.270229 -0.078027
v -0.002615 0.297796 -0.094286
v 0.008401 0.301541 -0.092829
v 0.009727 0.307665 -0.103140
v -0.002820 0.302823 -0.103653
v 0.011748 0.309800 -0.112002
v -0.002795 0.304127 -0.111467
v 0.012929 0.309601 -0.118831
v -0.003388 0.304308 -0.117063
v -0.013690 0.295327 -0.115430
v -0.020217 0.286330 -0.113958
v -0.003442 0.304141 -0.121872
v -0.014412 0.295490 -0.120470
v -0.021782 0.285302 -0.118121
v -0.023846 0.278623 -0.109034
v -0.026694 0.269584 -0.099664
v -0.023608 0.273517 -0.095152
v -0.026058 0.257976 -0.086835
v -0.022424 0.263339 -0.082542
v -0.029581 0.247060 -0.072715
v -0.026282 0.254063 -0.066396
v -0.019975 0.262048 -0.059773
v -0.029303 0.244627 -0.051419
v -0.024510 0.256025 -0.043660
v -0.015067 0.266088 -0.036564
v -0.027136 0.250759 -0.031567
v -0.015168 0.259953 -0.024348
v -0.004748 0.265233 -0.020111
v -0.015299 0.254693 -0.016269
v -0.004332 0.259957 -0.011682
v 0.004177 0.263711 -0.008162
v -0.004390 0.256569 -0.005288
v 0.004508 0.260607 -0.001131
v 0.013088 0.260953 0.000465
v 0.020304 0.253261 0.004029
v 0.019282 0.248454 0.007657
v 0.026418 0.243525 0.005422
v -0.015593 0.251008 -0.010440
v -0.015319 0.247652 -0.006309
v -0.026912 0.238140 -0.014194
v -0.026371 0.235023 -0.010760
v -0.015196 0.244570 -0.002751
v -0.027266 0.241581 -0.018230
v -0.033862 0.228590 -0.028559
v -0.035599 0.226367 -0.024265
v -0.027337 0.245548 -0.023595
v -0.032621 0.231808 -0.033639
v -0.038594 0.221985 -0.042679
v -0.041119 0.218201 -0.037365
v -0.031143 0.237464 -0.041185
v -0.036076 0.228017 -0.049443
v -0.039693 0.221778 -0.055898
v -0.042922 0.216033 -0.050080
v -0.033277 0.236128 -0.058965
v -0.035309 0.230664 -0.064755
v -0.037018 0.226993 -0.069559
v -0.041748 0.218160 -0.060840
v -0.030701 0.242001 -0.077639
v -0.031511 0.237945 -0.081879
v -0.032284 0.234095 -0.085894
v -0.037833 0.223517 -0.073821
v -0.036330 0.219776 -0.076574
v -0.040308 0.209574 -0.068395
v -0.042397 0.213904 -0.065174
v -0.031485 0.230136 -0.089384
v -0.029064 0.227088 -0.091237
v -0.033368 0.216552 -0.078208
v -0.028988 0.242208 -0.102190
v -0.023824 0.253371 -0.112064
v -0.028806 0.214055 -0.079376
v -0.030369 0.206622 -0.068401
v -0.035410 0.208501 -0.068116
v -0.025518 0.224621 -0.092500
v -0.020849 0.221278 -0.093126
v -0.024636 0.210375 -0.081607
v -0.018329 0.204282 -0.086512
v -0.020958 0.193814 -0.076534
v -0.027187 0.201609 -0.071196
v -0.014609 0.215912 -0.096179
v -0.002144 0.208798 -0.101311
v -0.005140 0.197149 -0.091846
v -0.011780 0.222987 -0.106821
v -0.008735 0.227326 -0.113391
v -0.006381 0.229658 -0.118057
v -0.007151 0.229493 -0.125282
v 0.003511 0.226732 -0.127175
v -0.008183 0.229282 -0.134523
v 0.003370 0.227102 -0.136517
v 0.015451 0.228913 -0.135295
v 0.027348 0.228184 -0.133833
v 0.037296 0.222747 -0.135227
v 0.049219 0.220095 -0.139376
v 0.058050 0.216773 -0.147054
v 0.061062 0.213825 -0.142680
v 0.065315 0.212382 -0.138418
v 0.063840 0.213916 -0.155433
v 0.067575 0.211429 -0.151734
v 0.072060 0.210704 -0.148375
v 0.076841 0.212026 -0.145662
v 0.070398 0.213656 -0.134721
v -0.007641 0.233593 -0.145406
v -0.015651 0.239292 -0.140937
v -0.012513 0.247496 -0.150895
v -0.004793 0.243544 -0.154449
v -0.009356 0.254924 -0.158370
v -0.002245 0.253183 -0.159070
v -0.008181 0.257074 -0.167784
v -0.002016 0.256035 -0.168408
v 0.004169 0.257843 -0.168812
v -0.000825 0.256987 -0.177651
v 0.004966 0.259293 -0.177746
v 0.011037 0.262876 -0.178187
v 0.010706 0.261812 -0.169005
v 0.018174 0.266314 -0.178813
v 0.017967 0.265144 -0.169903
v 0.025883 0.269942 -0.178856
v 0.019789 0.265698 -0.186315
v 0.027509 0.269324 -0.186216
v 0.035464 0.272217 -0.186160
v 0.028605 0.267083 -0.192679
v 0.035024 0.269403 -0.193457
v 0.040575 0.269042 -0.184472
v 0.029226 0.264407 -0.199022
v 0.035185 0.266889 -0.199719
v 0.029682 0.263952 -0.204888
v 0.035095 0.266398 -0.205263
v 0.029131 0.266452 -0.210114
v 0.034653 0.268948 -0.209929
v 0.027771 0.271603 -0.212767
v 0.034301 0.273916 -0.211846
v 0.026313 0.277435 -0.212461
v 0.033703 0.278974 -0.210917
v 0.024705 0.283350 -0.210147
v 0.032448 0.284032 -0.207665
v 0.040848 0.285071 -0.206781
v 0.030663 0.289434 -0.202651
v 0.039133 0.291097 -0.202405
v 0.047704 0.291617 -0.202002
v 0.037675 0.296896 -0.195860
v 0.046738 0.298793 -0.195698
v 0.054176 0.295174 -0.192806
v 0.054781 0.288208 -0.199821
v 0.058289 0.288213 -0.190043
v 0.058847 0.282570 -0.197000
v 0.061652 0.281668 -0.188134
v 0.057372 0.292554 -0.181502
v 0.058694 0.285199 -0.180125
v 0.065758 0.282964 -0.178928
v 0.071792 0.280048 -0.177824
v 0.052831 0.300003 -0.184181
v 0.050863 0.301867 -0.175831
v 0.044673 0.303389 -0.187149
v 0.042653 0.304207 -0.178813
v 0.036380 0.300008 -0.187845
v 0.035184 0.300843 -0.180089
v 0.027783 0.297478 -0.188445
v 0.026988 0.297687 -0.180799
v 0.017986 0.298615 -0.190417
v 0.016655 0.299768 -0.182082
v 0.009261 0.293018 -0.191251
v 0.007445 0.294649 -0.182482
v 0.005047 0.285160 -0.190477
v 0.003556 0.286724 -0.181377
v -0.002276 0.281909 -0.191547
v -0.004141 0.284101 -0.181189
v -0.007927 0.278014 -0.191887
v -0.010615 0.280788 -0.180931
v -0.011491 0.273023 -0.191363
v -0.008975 0.269060 -0.199781
v -0.010113 0.263872 -0.198264
v -0.012814 0.267595 -0.190292
v -0.005181 0.274088 -0.200339
v 0.000481 0.278156 -0.199798
v 0.003089 0.273995 -0.205141
v 0.005541 0.269467 -0.208566
v 0.006913 0.282812 -0.198891
v 0.009234 0.279113 -0.204850
v 0.011286 0.274510 -0.208757
v 0.013220 0.269516 -0.211086
v 0.007706 0.265038 -0.210770
v 0.015126 0.285563 -0.206027
v 0.017430 0.279978 -0.210494
v 0.019399 0.274064 -0.212561
v 0.021320 0.268456 -0.212687
v 0.015410 0.264539 -0.211951
v 0.017605 0.260411 -0.210218
v 0.011997 0.256622 -0.210156
v 0.009986 0.260436 -0.211915
v 0.023264 0.263534 -0.210109
v 0.023729 0.261465 -0.204778
v 0.017964 0.258725 -0.204966
v 0.016404 0.259859 -0.199158
v 0.011919 0.255669 -0.198502
v 0.012859 0.255006 -0.204824
v 0.022722 0.262034 -0.198967
v 0.021249 0.264573 -0.193029
v 0.014588 0.261393 -0.193187
v 0.012876 0.262149 -0.185973
v 0.007199 0.258378 -0.185478
v 0.009765 0.257176 -0.192136
v 0.001567 0.256198 -0.185529
v 0.004378 0.254781 -0.192139
v -0.004209 0.256327 -0.186355
v -0.001118 0.254593 -0.193138
v -0.009000 0.258562 -0.187511
v -0.005736 0.256329 -0.194719
v -0.012007 0.262663 -0.188940
v -0.008838 0.259387 -0.196441
v -0.005206 0.256582 -0.202446
v -0.000810 0.255373 -0.208029
v 0.004574 0.257317 -0.211109
v -0.011502 0.260566 -0.177923
v -0.012856 0.260801 -0.166491
v -0.006721 0.257428 -0.177733
v -0.013710 0.258767 -0.156295
v -0.016982 0.252695 -0.146607
v -0.018122 0.258525 -0.142955
v -0.019450 0.254623 -0.132110
v -0.019295 0.246731 -0.135676
v 0.022858 0.290014 -0.205763
v 0.011824 0.290281 -0.199713
v 0.020093 0.295714 -0.199235
v 0.029174 0.294736 -0.196165
v 0.010388 0.192316 -0.092740
v 0.009748 0.180601 -0.082487
v -0.007320 0.185865 -0.081179
v 0.011664 0.205066 -0.102704
v 0.024659 0.204000 -0.100916
v 0.026082 0.191265 -0.091264
v 0.038993 0.206054 -0.096037
v 0.047374 0.217900 -0.098701
v -0.008109 0.178481 -0.072708
v -0.021803 0.187450 -0.067851
v -0.009091 0.172884 -0.066714
v -0.023035 0.182505 -0.061743
v -0.030191 0.191202 -0.056595
v -0.028448 0.195603 -0.062818
v -0.032497 0.200319 -0.060061
v -0.037352 0.202238 -0.060212
v -0.042196 0.203234 -0.061460
v -0.045054 0.206936 -0.059577
v -0.045192 0.211739 -0.055196
v -0.046250 0.211114 -0.044907
v -0.044543 0.215747 -0.032979
v -0.044225 0.211465 -0.029536
v -0.035029 0.223206 -0.020865
v -0.043905 0.208519 -0.028001
v -0.034268 0.220240 -0.017838
v -0.025228 0.231452 -0.008142
v -0.031488 0.217445 -0.016476
v -0.023340 0.228018 -0.006513
v -0.013575 0.237590 0.002208
v -0.015290 0.241280 0.000785
v -0.004297 0.243452 0.007864
v -0.010562 0.233611 0.001910
v -0.001234 0.239012 0.007050
v 0.005917 0.242864 0.010147
v -0.007789 0.229666 0.000782
v -0.017472 0.222185 -0.005921
v -0.015056 0.219348 -0.005240
v -0.005560 0.226107 0.000069
v -0.020422 0.225042 -0.006138
v -0.028035 0.215846 -0.016730
v -0.024029 0.213598 -0.016566
v -0.030175 0.204857 -0.026315
v -0.029151 0.201855 -0.023005
v -0.022650 0.210625 -0.013734
v -0.034008 0.205058 -0.026658
v -0.029806 0.194323 -0.034198
v -0.038006 0.204969 -0.026969
v -0.027143 0.184717 -0.040780
v -0.028228 0.182094 -0.036708
v -0.030857 0.192212 -0.030523
v -0.026151 0.180943 -0.032152
v -0.028426 0.190071 -0.026049
v -0.026945 0.198885 -0.019687
v -0.024970 0.188868 -0.022588
v -0.024448 0.196633 -0.016582
v -0.019835 0.205164 -0.008831
v -0.021182 0.207547 -0.010918
v -0.011689 0.213087 -0.001914
v -0.013029 0.216186 -0.004089
v -0.003097 0.218974 0.002389
v -0.004038 0.222579 0.000480
v 0.006756 0.221765 0.003591
v -0.002782 0.215872 0.005732
v 0.007311 0.219041 0.007377
v 0.016241 0.221980 0.003574
v 0.025426 0.219254 0.001923
v 0.034336 0.213801 -0.001610
v 0.035674 0.217490 -0.003570
v 0.042447 0.206026 -0.007413
v 0.044851 0.209469 -0.009632
v 0.038100 0.221276 -0.003958
v 0.040719 0.203146 -0.003636
v 0.039345 0.200529 0.000379
v 0.042570 0.199583 0.003881
v 0.044885 0.189842 -0.002625
v 0.047489 0.199896 0.007100
v 0.049100 0.189374 -0.000289
v 0.051889 0.200549 0.010875
v 0.045735 0.210989 0.016881
v 0.045866 0.208527 0.021090
v 0.054311 0.199624 0.015137
v 0.046396 0.205896 0.026093
v 0.054431 0.196920 0.020059
v 0.047181 0.202926 0.030910
v 0.054770 0.193781 0.024180
v 0.060401 0.184176 0.017616
v 0.062527 0.172930 0.012998
v 0.037180 0.210313 0.035969
v 0.037050 0.206836 0.040802
v 0.037213 0.213144 0.030643
v 0.026177 0.217127 0.032781
v 0.025470 0.214391 0.038620
v 0.037048 0.215464 0.025144
v 0.026890 0.219119 0.026906
v 0.015302 0.220657 0.027216
v 0.013889 0.218719 0.033075
v 0.036932 0.217558 0.019810
v 0.027502 0.220346 0.020984
v 0.016774 0.221902 0.021547
v 0.004028 0.223281 0.019984
v 0.002230 0.221037 0.025415
v 0.005541 0.220547 0.015139
v -0.005665 0.215918 0.012808
v -0.009027 0.219621 0.016231
v 0.007252 0.217407 0.011212
v -0.002837 0.213369 0.008966
v -0.011416 0.208224 0.004901
v -0.013756 0.208035 0.009046
v -0.011357 0.210402 0.001393
v -0.018985 0.202485 -0.005664
v -0.018014 0.200173 -0.001823
v -0.021470 0.192123 -0.008350
v -0.021654 0.190517 -0.003729
v -0.018171 0.198627 0.003052
v -0.022574 0.194448 -0.012889
v -0.022325 0.187514 -0.018769
v -0.021042 0.185491 -0.014024
v -0.018725 0.179037 -0.019199
v -0.018992 0.176459 -0.014447
v -0.021234 0.183280 -0.009155
v -0.019989 0.180543 -0.023737
v -0.013184 0.174731 -0.028763
v -0.013533 0.172711 -0.024256
v -0.022494 0.180975 -0.027867
v -0.015626 0.173991 -0.032734
v -0.005304 0.166437 -0.036917
v -0.003819 0.168580 -0.033101
v -0.019654 0.172007 -0.037194
v -0.021384 0.172681 -0.041744
v -0.021148 0.175645 -0.046430
v -0.021307 0.178057 -0.050934
v -0.023866 0.178550 -0.056552
v -0.003921 0.166078 -0.028927
v -0.004058 0.163781 -0.024726
v -0.013880 0.169830 -0.019887
v -0.015156 0.166212 -0.016219
v -0.020742 0.173475 -0.010131
v -0.023991 0.169587 -0.005418
v -0.027785 0.178973 0.000277
v -0.023763 0.181093 -0.004317
v -0.028755 0.189413 0.006147
v -0.024621 0.189935 0.001421
v -0.027632 0.201217 0.009978
v -0.022436 0.199680 0.006442
v -0.020983 0.210040 0.016821
v -0.018024 0.209876 0.011935
v -0.010385 0.217936 0.021897
v -0.021255 0.207128 0.023855
v -0.011052 0.214956 0.028495
v 0.000883 0.218271 0.031356
v -0.011500 0.210923 0.035427
v -0.000254 0.215204 0.038043
v 0.012596 0.215867 0.039072
v -0.000802 0.210297 0.043817
v 0.011530 0.211770 0.044406
v 0.024753 0.210692 0.043689
v 0.010798 0.207486 0.049491
v 0.024070 0.206896 0.048418
v 0.037046 0.203146 0.045073
v 0.023382 0.203416 0.052790
v 0.037145 0.199564 0.049157
v 0.022592 0.200110 0.057178
v 0.036584 0.196469 0.053362
v 0.022766 0.200634 0.062089
v 0.036128 0.194859 0.057382
v 0.046933 0.186599 0.051682
v 0.037868 0.196946 0.060551
v 0.048105 0.187354 0.054391
v 0.056647 0.177779 0.049149
v 0.055783 0.178399 0.044848
v 0.049891 0.191047 0.052573
v 0.058003 0.181044 0.046386
v 0.063767 0.170098 0.040740
v 0.058334 0.183263 0.041921
v 0.064739 0.171613 0.037055
v 0.069752 0.159936 0.033839
v 0.068457 0.158241 0.037060
v 0.072304 0.149500 0.033258
v 0.071166 0.148793 0.037065
v 0.073005 0.140882 0.039061
v 0.069600 0.140021 0.041240
v 0.074586 0.140881 0.035348
v 0.077441 0.133457 0.038314
v 0.074389 0.133812 0.041631
v 0.075545 0.150988 0.032157
v 0.078167 0.142459 0.034656
v 0.081342 0.135605 0.037882
v 0.082119 0.144760 0.035061
v 0.084975 0.138041 0.038164
v 0.085276 0.147041 0.036060
v 0.088250 0.141165 0.039567
v 0.089920 0.144736 0.042520
v 0.079304 0.152834 0.032775
v 0.082575 0.154599 0.033322
v 0.080001 0.164672 0.033929
v 0.076531 0.163259 0.033171
v 0.071748 0.174625 0.036118
v 0.076008 0.175924 0.037328
v 0.072755 0.161549 0.032968
v 0.067783 0.173205 0.035811
v 0.060452 0.185202 0.039841
v 0.064554 0.187248 0.040495
v 0.055495 0.200210 0.045440
v 0.069057 0.188701 0.042161
v 0.051596 0.197307 0.044847
v 0.040932 0.208071 0.052398
v 0.050348 0.194496 0.048143
v 0.040454 0.204896 0.056289
v 0.025947 0.213901 0.062693
v 0.040373 0.201927 0.060487
v 0.025355 0.210112 0.066038
v 0.007609 0.214629 0.068067
v 0.023681 0.205071 0.064251
v 0.007774 0.208831 0.066009
v -0.006710 0.205655 0.065228
v 0.008840 0.202687 0.063767
v -0.003385 0.199682 0.063254
v -0.014979 0.193715 0.060828
v 0.010115 0.200119 0.059256
v -0.001168 0.196651 0.059454
v -0.012045 0.192890 0.057581
v -0.021418 0.185492 0.052676
v -0.001211 0.200759 0.054555
v -0.011522 0.196359 0.052510
v -0.021404 0.188918 0.048328
v -0.011585 0.200695 0.047267
v -0.021634 0.193076 0.043664
v -0.011471 0.205683 0.041596
v -0.021456 0.197964 0.037798
v -0.028042 0.187633 0.032105
v -0.021259 0.203072 0.030955
v -0.028248 0.193483 0.025320
v -0.032457 0.183262 0.018777
v -0.028521 0.198069 0.018142
v -0.031504 0.187353 0.012143
v -0.031474 0.176136 0.005072
v -0.001058 0.205292 0.049263
v 0.010166 0.203478 0.054400
v 0.079993 0.176032 0.039919
v 0.076684 0.128469 0.046258
v 0.072831 0.129035 0.048814
v 0.070729 0.133643 0.043798
v 0.068645 0.128848 0.051153
v 0.066311 0.132636 0.045797
v 0.064816 0.137750 0.041799
v 0.066051 0.126627 0.051706
v 0.069087 0.124765 0.058592
v 0.065631 0.121973 0.050718
v 0.070753 0.126485 0.057867
v 0.074686 0.125284 0.055597
v 0.078838 0.123868 0.052940
v 0.066439 0.117232 0.049760
v 0.068889 0.112438 0.047396
v 0.062878 0.112875 0.041770
v 0.072837 0.109958 0.043233
v 0.066585 0.110950 0.036625
v 0.059023 0.110984 0.030582
v 0.056604 0.112965 0.036127
v 0.049286 0.110942 0.024986
v 0.048193 0.112962 0.029672
v 0.037375 0.111192 0.020283
v 0.037978 0.113255 0.023125
v 0.037725 0.116683 0.023981
v 0.022310 0.110717 0.022700
v 0.022334 0.113377 0.021771
v 0.021993 0.115920 0.018943
v 0.038385 0.119505 0.022025
v 0.022360 0.117672 0.015768
v 0.039126 0.122033 0.019610
v 0.022899 0.119217 0.013042
v 0.039719 0.124570 0.016662
v 0.050937 0.131602 0.022698
v 0.056578 0.138659 0.028234
v 0.038729 0.128290 0.013462
v 0.049817 0.135986 0.018875
v 0.055336 0.143311 0.024311
v 0.050705 0.139474 0.013177
v 0.055716 0.146783 0.018554
v 0.059336 0.153122 0.022618
v 0.063358 0.160178 0.025396
v 0.051619 0.144409 0.006705
v 0.039911 0.131522 0.007513
v 0.040909 0.136584 0.000936
v 0.041584 0.142039 -0.005224
v 0.053147 0.151008 0.001280
v 0.042216 0.147494 -0.010976
v 0.025045 0.134758 -0.008616
v 0.025492 0.140236 -0.014718
v 0.006237 0.132759 -0.007898
v 0.024637 0.129295 -0.002720
v 0.005080 0.127296 -0.000907
v -0.011215 0.131542 0.005643
v 0.004202 0.122459 0.005981
v -0.012082 0.126558 0.013813
v 0.003814 0.119084 0.012307
v -0.012065 0.122274 0.021014
v 0.004308 0.117169 0.016586
v -0.010755 0.118987 0.025921
v 0.005671 0.115272 0.019797
v -0.008832 0.115642 0.030024
v -0.019033 0.121811 0.038179
v -0.025676 0.129105 0.044081
v -0.033059 0.132221 0.047259
v -0.038989 0.132239 0.047534
v -0.039555 0.137478 0.042714
v -0.044102 0.132296 0.046918
v -0.044568 0.137651 0.042195
v -0.045627 0.145733 0.042414
v -0.040669 0.144931 0.042161
v -0.045843 0.155393 0.045539
v -0.048945 0.146193 0.040628
v -0.047574 0.155757 0.040766
v -0.045220 0.166451 0.042963
v -0.049089 0.156235 0.035960
v -0.046121 0.167630 0.038388
v -0.040106 0.179842 0.042793
v -0.050241 0.169074 0.036450
v -0.044686 0.181965 0.041352
v -0.037294 0.196572 0.046788
v -0.050303 0.183799 0.042228
v -0.042577 0.198625 0.047759
v -0.030737 0.213384 0.053601
v -0.047403 0.200269 0.050715
v -0.034677 0.216311 0.057110
v -0.017148 0.226780 0.060525
v -0.036200 0.214528 0.062664
v -0.018509 0.227641 0.066958
v 0.004352 0.233863 0.067461
v -0.018407 0.225939 0.073566
v 0.004563 0.233360 0.073203
v 0.029621 0.230810 0.070441
v 0.005391 0.230673 0.078933
v 0.029640 0.228146 0.076011
v 0.050639 0.216200 0.071941
v 0.029364 0.222988 0.082911
v 0.048873 0.211308 0.077592
v 0.063998 0.194467 0.070305
v 0.048913 0.206829 0.085205
v 0.065090 0.190649 0.077801
v 0.076082 0.173376 0.070297
v 0.066892 0.185956 0.088410
v 0.077332 0.168326 0.079767
v 0.083333 0.153932 0.074545
v 0.078268 0.161797 0.093114
v 0.083077 0.148765 0.086991
v 0.086765 0.137738 0.083442
v 0.083121 0.140967 0.101694
v 0.087784 0.132198 0.095136
v 0.092479 0.125460 0.091032
v 0.086832 0.124181 0.104147
v 0.091073 0.119131 0.099236
v 0.091944 0.114358 0.095482
v 0.088911 0.113047 0.104358
v 0.091606 0.110030 0.092906
v 0.084044 0.117371 0.109637
v 0.082678 0.111846 0.114311
v 0.088400 0.107952 0.107721
v 0.082914 0.107322 0.119172
v 0.089349 0.103706 0.111137
v 0.083503 0.103647 0.122937
v 0.090160 0.100171 0.114351
v 0.099370 0.097343 0.108204
v 0.090976 0.096650 0.117582
v 0.101718 0.093851 0.111841
v 0.111609 0.087328 0.099818
v 0.108455 0.091737 0.097963
v 0.111036 0.078829 0.085846
v 0.109092 0.084285 0.085347
v 0.106341 0.088723 0.085311
v 0.107558 0.083026 0.074145
v 0.105460 0.087601 0.075152
v 0.101168 0.091627 0.085262
v 0.109017 0.085523 0.061741
v 0.112208 0.084916 0.045078
v 0.118555 0.077738 0.043312
v 0.110642 0.084457 0.023442
v 0.124887 0.068138 0.040611
v 0.116569 0.076646 0.018968
v 0.106472 0.081577 -0.000185
v 0.114662 0.071177 -0.004967
v 0.124036 0.057505 -0.009970
v 0.119098 0.059130 -0.019750
v 0.130388 0.044045 -0.015814
v 0.127052 0.046020 -0.024154
v 0.120963 0.045993 -0.029480
v 0.112593 0.058582 -0.026282
v 0.115365 0.046379 -0.033686
v 0.121151 0.035027 -0.035227
v 0.118245 0.038154 -0.040822
v 0.125577 0.026536 -0.038549
v 0.122069 0.029293 -0.042357
v 0.120353 0.031991 -0.047250
v 0.124962 0.022753 -0.043895
v 0.123865 0.025113 -0.047685
v 0.124255 0.027329 -0.051689
v 0.121226 0.034894 -0.051111
v 0.127363 0.030647 -0.052577
v 0.124747 0.038343 -0.052516
v 0.128876 0.041654 -0.052876
v 0.127744 0.021457 -0.050487
v 0.130170 0.023904 -0.051925
v 0.129543 0.015806 -0.050879
v 0.127475 0.014345 -0.049343
v 0.127885 0.011192 -0.049733
v 0.130680 0.011671 -0.050641
v 0.126595 0.019103 -0.048249
v 0.126909 0.017207 -0.045254
v 0.127624 0.012802 -0.046543
v 0.130581 0.010322 -0.047685
v 0.127986 0.010282 -0.048015
v 0.128265 0.020855 -0.041390
v 0.138976 0.029390 -0.011810
v 0.143686 0.022941 0.001642
v 0.114146 0.081257 0.102292
v 0.102982 0.089561 0.115045
v 0.103300 0.083709 0.118331
v 0.114558 0.074786 0.105014
v 0.103017 0.076626 0.120708
v 0.114122 0.066384 0.106699
v 0.090256 0.083218 0.123844
v 0.088530 0.077719 0.124629
v 0.091255 0.087857 0.122526
v 0.082460 0.091895 0.129578
v 0.078850 0.089909 0.129138
v 0.091457 0.092634 0.120567
v 0.083682 0.095436 0.128455
v 0.077022 0.100832 0.140935
v 0.075169 0.096629 0.141795
v 0.083797 0.099873 0.125847
v 0.076723 0.105220 0.137745
v 0.066670 0.111291 0.148385
v 0.066774 0.106139 0.152025
v 0.076142 0.109292 0.134143
v 0.066175 0.116032 0.143416
v 0.054187 0.122970 0.150228
v 0.054925 0.119039 0.155996
v 0.074601 0.112775 0.128894
v 0.065001 0.119707 0.136839
v 0.052223 0.126481 0.143213
v 0.036913 0.133719 0.149715
v 0.038017 0.130642 0.156056
v 0.065991 0.125813 0.131888
v 0.054003 0.133591 0.140699
v 0.039148 0.140894 0.147808
v 0.022879 0.147563 0.152589
v 0.021222 0.140360 0.154218
v 0.057421 0.143464 0.136842
v 0.042400 0.151443 0.144270
v 0.024932 0.157750 0.149870
v 0.005450 0.157429 0.150779
v 0.005753 0.147903 0.152518
v 0.046436 0.164825 0.138299
v 0.026813 0.170293 0.144093
v 0.005608 0.169924 0.146004
v -0.013443 0.163544 0.141955
v -0.011707 0.151745 0.145924
v 0.028993 0.186017 0.134239
v 0.005816 0.186659 0.137018
v -0.015294 0.180023 0.133220
v -0.032555 0.170097 0.126031
v -0.028894 0.155201 0.134566
v 0.006030 0.202312 0.123245
v -0.016685 0.195685 0.119396
v -0.034653 0.184376 0.111821
v -0.047454 0.168866 0.103166
v -0.044379 0.157892 0.117051
v -0.017019 0.207179 0.104462
v -0.034860 0.194595 0.097148
v -0.048516 0.178107 0.089405
v -0.034087 0.200278 0.085780
v -0.047581 0.183878 0.078993
v -0.033580 0.204005 0.077593
v -0.047127 0.188315 0.071402
v -0.055830 0.172157 0.064506
v -0.061833 0.158224 0.059840
v -0.049170 0.192873 0.067201
v -0.058605 0.176792 0.059448
v -0.063251 0.162608 0.053870
v -0.066987 0.152923 0.050228
v -0.065767 0.148907 0.056305
v -0.059019 0.180240 0.054477
v -0.064227 0.166115 0.048485
v -0.067368 0.156075 0.044185
v -0.064282 0.169235 0.042663
v -0.067386 0.158777 0.038249
v -0.061621 0.171024 0.037794
v -0.063335 0.159439 0.034565
v -0.062746 0.149667 0.035278
v -0.063303 0.140975 0.037101
v -0.057990 0.158726 0.033570
v -0.058522 0.148594 0.034856
v -0.059443 0.139661 0.037306
v -0.055379 0.138349 0.037528
v -0.056279 0.131155 0.041223
v -0.060709 0.132164 0.040969
v -0.065206 0.133203 0.041004
v -0.054094 0.147086 0.034951
v -0.052774 0.157449 0.034057
v -0.050031 0.146049 0.036699
v -0.051286 0.137862 0.039306
v -0.048395 0.137985 0.041760
v -0.048780 0.132602 0.046105
v -0.052035 0.131609 0.043210
v -0.048824 0.128918 0.051979
v -0.051876 0.126922 0.049612
v -0.056557 0.125175 0.048091
v -0.051427 0.124548 0.060008
v -0.055014 0.122638 0.059509
v -0.059843 0.123014 0.059526
v -0.061140 0.126239 0.048227
v -0.064757 0.123652 0.059588
v -0.066089 0.127176 0.048301
v -0.069342 0.124931 0.059716
v -0.070409 0.129660 0.048928
v -0.070069 0.130393 0.060744
v -0.070296 0.135176 0.050935
v -0.068619 0.136665 0.061878
v -0.068780 0.141547 0.053348
v -0.068609 0.126033 0.073451
v -0.067860 0.131210 0.074622
v -0.067039 0.121547 0.085581
v -0.066181 0.126797 0.087485
v -0.064494 0.116655 0.094393
v -0.063892 0.121511 0.097448
v -0.061634 0.127030 0.100671
v -0.062007 0.116542 0.104006
v -0.058973 0.121993 0.107357
v -0.053011 0.128646 0.110895
v -0.056515 0.134176 0.103262
v -0.047053 0.136860 0.117186
v -0.051735 0.145485 0.108790
v -0.039222 0.145845 0.125526
v -0.044855 0.130361 0.121567
v -0.037374 0.137027 0.130043
v -0.026323 0.144178 0.138776
v -0.036034 0.129467 0.132885
v -0.024725 0.136197 0.141391
v -0.010499 0.143431 0.147858
v -0.023572 0.129089 0.143451
v -0.009514 0.136350 0.149444
v 0.006072 0.141551 0.154012
v -0.010821 0.133442 0.154727
v 0.005419 0.138226 0.159484
v 0.021389 0.136822 0.159789
v 0.004450 0.133441 0.164657
v 0.021508 0.132522 0.165120
v 0.038828 0.127223 0.161895
v 0.021351 0.127434 0.169251
v 0.038566 0.122623 0.165677
v 0.054152 0.114456 0.160479
v 0.037148 0.116228 0.166825
v 0.051816 0.109555 0.162479
v 0.065333 0.101449 0.153025
v 0.049192 0.104864 0.159911
v 0.061499 0.099028 0.150354
v 0.070289 0.093957 0.139091
v 0.059030 0.095109 0.149348
v 0.068912 0.090025 0.140028
v 0.077599 0.083817 0.130644
v 0.070267 0.084640 0.143675
v 0.060560 0.090182 0.152503
v 0.061809 0.083198 0.155493
v 0.048276 0.089970 0.162019
v 0.047897 0.083564 0.163414
v 0.061653 0.076164 0.155871
v 0.047977 0.095506 0.158689
v 0.033490 0.100567 0.161179
v 0.033399 0.095463 0.165016
v 0.048058 0.100466 0.156940
v 0.034019 0.105746 0.160569
v 0.019432 0.109403 0.164088
v 0.018944 0.104057 0.162588
v 0.035334 0.110394 0.164414
v 0.019960 0.114556 0.168674
v 0.004116 0.114507 0.170121
v 0.004831 0.109774 0.165125
v 0.020647 0.120789 0.170282
v 0.004083 0.121613 0.171075
v -0.013023 0.118481 0.166867
v -0.012472 0.112003 0.167639
v 0.004099 0.128032 0.168958
v -0.013163 0.124791 0.164590
v -0.028908 0.119009 0.156957
v -0.029016 0.113138 0.159830
v -0.012492 0.130040 0.160250
v -0.028037 0.124071 0.153070
v -0.040852 0.117899 0.144285
v -0.025573 0.126786 0.147755
v -0.038291 0.120850 0.139563
v -0.046884 0.116003 0.131209
v -0.035234 0.122585 0.135053
v -0.043220 0.118099 0.126962
v -0.050146 0.113300 0.121367
v -0.043746 0.124046 0.124512
v -0.049710 0.118144 0.117698
v -0.056686 0.113223 0.114338
v -0.050987 0.123248 0.114884
v -0.057377 0.117382 0.111194
v -0.060910 0.112589 0.107886
v 0.060393 0.071115 0.153822
v 0.072836 0.059613 0.146675
v 0.083151 0.047848 0.142811
v 0.085407 0.051144 0.141722
v 0.094807 0.035156 0.138223
v 0.097981 0.037716 0.136860
v 0.102549 0.023971 0.135294
v 0.106025 0.026015 0.133161
v 0.108638 0.027992 0.130151
v 0.110164 0.015390 0.130751
v 0.112554 0.016112 0.127434
v 0.114176 0.016711 0.123711
v 0.109991 0.029191 0.126783
v 0.115303 0.017397 0.119666
v 0.111377 0.030125 0.122389
v 0.118513 0.018419 0.116568
v 0.116532 0.004461 0.119394
v 0.118799 0.004576 0.115319
v 0.124774 0.005245 0.113489
v 0.124417 0.020310 0.113358
v 0.131120 0.006202 0.109023
v 0.117628 -0.008279 0.117456
v 0.116363 -0.007719 0.121803
v 0.114732 -0.020594 0.123839
v 0.117039 -0.007358 0.126375
v 0.115057 -0.020141 0.127901
v 0.110716 -0.032667 0.128993
v 0.112709 -0.018999 0.130807
v 0.109247 -0.031125 0.132053
v 0.103452 -0.042222 0.134931
v 0.106205 -0.029353 0.133961
v 0.101095 -0.039732 0.136198
v 0.093373 -0.050942 0.139645
v 0.097701 -0.036336 0.137540
v 0.090516 -0.046677 0.140413
v 0.080968 -0.057009 0.143773
v 0.087807 -0.043053 0.141166
v 0.079202 -0.053657 0.144573
v 0.069174 -0.062627 0.147736
v 0.076760 -0.050297 0.143797
v 0.067551 -0.058013 0.147459
v 0.057592 -0.063540 0.151507
v 0.065624 -0.055048 0.143902
v 0.055935 -0.058995 0.149943
v 0.045691 -0.063089 0.155262
v 0.053710 -0.058214 0.145557
v 0.043699 -0.060411 0.151451
v 0.032810 -0.062300 0.155639
v 0.041790 -0.059123 0.147016
v 0.031491 -0.060157 0.151180
v 0.020926 -0.059479 0.154124
v 0.030564 -0.057893 0.147043
v 0.020973 -0.056952 0.149571
v 0.011330 -0.054750 0.152032
v 0.010824 -0.057050 0.157165
v 0.002688 -0.050734 0.154478
v 0.001283 -0.053374 0.159562
v -0.005600 -0.044458 0.156229
v -0.007825 -0.046668 0.161013
v -0.011475 -0.050137 0.163232
v -0.015143 -0.036067 0.161539
v -0.019756 -0.038114 0.164437
v -0.024938 -0.041176 0.163297
v -0.014643 -0.053945 0.162539
v -0.025839 -0.024839 0.163880
v -0.021989 -0.023261 0.161623
v -0.026881 -0.010834 0.161324
v -0.020236 -0.022943 0.156187
v -0.024483 -0.010507 0.156057
v -0.025269 0.002109 0.155979
v -0.021762 -0.010106 0.151160
v -0.022719 0.002124 0.151631
v -0.021066 0.014315 0.152508
v -0.019186 0.002021 0.147549
v -0.017728 0.013552 0.148545
v -0.014012 0.023419 0.150089
v -0.014272 0.012441 0.149888
v -0.011185 0.021654 0.151592
v -0.007126 0.030198 0.153060
v -0.011127 0.021224 0.156823
v -0.006690 0.029668 0.157738
v -0.001028 0.037216 0.158041
v -0.006443 0.029461 0.162649
v -0.000922 0.037314 0.162889
v 0.007134 0.042626 0.162437
v -0.000132 0.037039 0.167998
v 0.007749 0.042521 0.167658
v 0.016619 0.046139 0.167230
v 0.008484 0.042232 0.173497
v 0.017557 0.045696 0.173385
v 0.027387 0.047528 0.173003
v 0.017926 0.047006 0.179588
v 0.028278 0.048730 0.179495
v 0.039277 0.049574 0.178616
v 0.028700 0.052198 0.185188
v 0.040491 0.053771 0.183403
v 0.052720 0.053620 0.180962
v 0.040894 0.059753 0.186243
v 0.054381 0.059972 0.183315
v 0.066874 0.057875 0.180244
v 0.055685 0.066504 0.185526
v 0.069295 0.064058 0.182264
v 0.080787 0.058565 0.176357
v 0.071933 0.069540 0.184214
v 0.084312 0.062977 0.178151
v 0.094273 0.054017 0.170462
v 0.088104 0.066940 0.178845
v 0.097730 0.057391 0.171068
v 0.107627 0.047137 0.166964
v 0.100215 0.060421 0.169834
v 0.110910 0.050607 0.166119
v 0.119547 0.039546 0.160453
v 0.110695 0.052673 0.161783
v 0.120823 0.042126 0.156241
v 0.131630 0.030056 0.151505
v 0.125031 0.045482 0.156279
v 0.135370 0.032962 0.151594
v 0.128774 0.048656 0.156056
v 0.139169 0.036756 0.151662
v 0.132504 0.051789 0.156332
v 0.142505 0.039882 0.153127
v 0.150348 0.028423 0.150666
v 0.143147 0.040615 0.157925
v 0.134358 0.052719 0.160242
v 0.135287 0.052757 0.165607
v 0.143809 0.041280 0.163212
v 0.126498 0.064464 0.169222
v 0.125152 0.064983 0.163972
v 0.115506 0.076036 0.167834
v 0.116655 0.074359 0.172555
v 0.122055 0.063442 0.161302
v 0.111797 0.074197 0.165292
v 0.118057 0.060142 0.160732
v 0.107751 0.070669 0.165271
v 0.114317 0.056693 0.160775
v 0.104214 0.066745 0.165258
v 0.091469 0.077557 0.169509
v 0.076210 0.085829 0.173908
v 0.101289 0.063065 0.166105
v 0.089187 0.073590 0.170853
v 0.075923 0.082587 0.176617
v 0.059150 0.085009 0.181047
v 0.059659 0.087467 0.179377
v 0.089473 0.070959 0.175550
v 0.075759 0.079701 0.181275
v 0.058549 0.082436 0.185297
v 0.039754 0.083747 0.186987
v 0.039292 0.086972 0.183326
v 0.074477 0.074655 0.185311
v 0.057857 0.078198 0.188494
v 0.039869 0.078713 0.189104
v 0.024070 0.076443 0.190571
v 0.021437 0.081665 0.189608
v 0.056875 0.072722 0.187292
v 0.040301 0.072650 0.189281
v 0.025853 0.070893 0.190782
v 0.012961 0.065468 0.191541
v 0.010032 0.069739 0.191551
v 0.040830 0.066099 0.188202
v 0.027371 0.064251 0.190172
v 0.015590 0.060108 0.191136
v 0.004834 0.053416 0.191547
v 0.002169 0.057515 0.192157
v 0.028348 0.057816 0.188513
v 0.017135 0.054299 0.189237
v 0.007090 0.048768 0.189388
v -0.001398 0.041189 0.189516
v -0.004161 0.044594 0.192099
v 0.017931 0.049681 0.185301
v 0.008322 0.045156 0.185160
v -0.000244 0.038903 0.184800
v -0.007167 0.030693 0.184320
v -0.008954 0.032090 0.189252
v 0.008608 0.043284 0.179518
v 0.000539 0.037448 0.179277
v -0.005598 0.029339 0.179032
v -0.009814 0.020053 0.178818
v -0.011032 0.020426 0.184287
v 0.000756 0.036669 0.173522
v -0.005024 0.028708 0.173337
v -0.010033 0.020155 0.173124
v -0.012727 0.010638 0.172751
v -0.011752 0.010130 0.178448
v -0.005770 0.029056 0.167753
v -0.011108 0.020765 0.167445
v -0.014643 0.011405 0.167050
v -0.016080 0.001309 0.166757
v -0.013800 0.000686 0.172475
v -0.011314 0.021018 0.162085
v -0.014768 0.011750 0.161372
v -0.016748 0.001776 0.161045
v -0.015484 -0.009107 0.161189
v -0.015326 -0.009416 0.166810
v -0.014289 0.011985 0.155696
v -0.016577 0.002111 0.155310
v -0.015173 -0.008956 0.155752
v -0.012204 -0.020155 0.156652
v -0.012441 -0.020156 0.161810
v -0.016643 0.002116 0.149635
v -0.014965 -0.008942 0.150260
v -0.012049 -0.020373 0.150906
v -0.007453 -0.030554 0.152188
v -0.007014 -0.030056 0.157603
v -0.017681 -0.009411 0.147551
v -0.014366 -0.021239 0.148139
v -0.008639 -0.031905 0.148695
v -0.001316 -0.039282 0.148483
v -0.000016 -0.037552 0.153167
v -0.018048 -0.022338 0.151060
v -0.011620 -0.034048 0.151429
v -0.004251 -0.042094 0.151670
v 0.004290 -0.047572 0.150406
v 0.006774 -0.043070 0.148368
v -0.013611 -0.035121 0.156440
v 0.015064 -0.046616 0.148666
v 0.016133 -0.046062 0.153450
v 0.007782 -0.042083 0.153517
v 0.012889 -0.050568 0.148281
v 0.021818 -0.053109 0.146302
v 0.023652 -0.049519 0.147932
v 0.032622 -0.051297 0.147220
v 0.033880 -0.050955 0.151755
v 0.024811 -0.049182 0.152748
v 0.031073 -0.054151 0.145145
v 0.040439 -0.053732 0.142189
v 0.041781 -0.051136 0.145817
v 0.040451 -0.056939 0.143092
v 0.050169 -0.055543 0.137859
v 0.050341 -0.051421 0.139334
v 0.051782 -0.057353 0.141326
v 0.062060 -0.051927 0.135697
v 0.060190 -0.048558 0.134571
v 0.064034 -0.053781 0.139711
v 0.073791 -0.047838 0.134783
v 0.070815 -0.045225 0.131698
v 0.075470 -0.049251 0.139390
v 0.083453 -0.039931 0.135173
v 0.081736 -0.039361 0.130508
v 0.085483 -0.040882 0.139198
v 0.092493 -0.032271 0.135642
v 0.089907 -0.031538 0.131406
v 0.095208 -0.033794 0.138223
v 0.100230 -0.025149 0.136077
v 0.097075 -0.024382 0.133974
v 0.103086 -0.027289 0.135091
v 0.106250 -0.016971 0.133802
v 0.102058 -0.016168 0.135544
v 0.109315 -0.017804 0.132564
v 0.111020 -0.006246 0.131727
v 0.107336 -0.006214 0.133468
v 0.114537 -0.006764 0.129348
v 0.114260 0.004991 0.127691
v 0.111201 0.004937 0.130555
v 0.116472 0.004895 0.123946
v 0.106417 0.014390 0.133118
v 0.107527 0.004627 0.132387
v 0.102719 0.013144 0.133878
v 0.104266 0.003997 0.133252
v 0.103061 -0.006360 0.134635
v 0.100909 0.003019 0.132126
v 0.100033 -0.006745 0.133711
v 0.098746 -0.016244 0.134225
v 0.098684 -0.007459 0.129975
v 0.096365 -0.016286 0.130643
v 0.093874 -0.023958 0.130438
v 0.091225 -0.023123 0.126514
v 0.086769 -0.029955 0.128063
v 0.088395 -0.020154 0.129092
v 0.083567 -0.027075 0.128910
v 0.078292 -0.036384 0.129147
v 0.082833 -0.025886 0.133004
v 0.076714 -0.033976 0.132392
v 0.069303 -0.042395 0.132867
v 0.076208 -0.032370 0.137126
v 0.069270 -0.040272 0.137488
v 0.060536 -0.046888 0.138077
v 0.069464 -0.038768 0.142292
v 0.060846 -0.045070 0.142669
v 0.051481 -0.049227 0.143900
v 0.062147 -0.044929 0.147687
v 0.052901 -0.049354 0.148728
v 0.043206 -0.051112 0.150343
v 0.054353 -0.049613 0.154159
v 0.044500 -0.051596 0.155447
v 0.034778 -0.051753 0.156631
v 0.045466 -0.049700 0.161100
v 0.035777 -0.050344 0.162245
v 0.026055 -0.049546 0.163082
v 0.025385 -0.050107 0.157662
v 0.016592 -0.047243 0.163561
v 0.016378 -0.046961 0.158305
v 0.007689 -0.043324 0.163503
v 0.007823 -0.042613 0.158374
v -0.000771 -0.038292 0.163137
v -0.000032 -0.037378 0.158054
v -0.007492 -0.030373 0.162601
v -0.000253 -0.037733 0.168663
v -0.007307 -0.030206 0.168071
v -0.012038 -0.020103 0.167168
v -0.006213 -0.029662 0.173632
v -0.010468 -0.019884 0.172817
v -0.013061 -0.009560 0.172472
v -0.010019 -0.020182 0.178588
v -0.012130 -0.009977 0.178128
v -0.012341 0.000158 0.178112
v -0.013419 -0.010650 0.183447
v -0.013781 -0.000280 0.183457
v -0.013116 0.009985 0.183920
v -0.016549 -0.000641 0.187911
v -0.015651 0.009953 0.188787
v -0.012601 0.020851 0.189757
v -0.019524 0.010072 0.192103
v -0.016104 0.021776 0.193404
v -0.011582 0.033728 0.192381
v -0.021176 0.023356 0.193467
v -0.015654 0.036065 0.193340
v -0.007522 0.047881 0.192820
v -0.019568 0.038195 0.193108
v -0.011334 0.051035 0.192700
v -0.000982 0.061550 0.192283
v -0.014350 0.053259 0.191886
v -0.004816 0.065402 0.192170
v 0.006546 0.074718 0.191009
v -0.007645 0.067363 0.188967
v 0.003874 0.077447 0.188338
v 0.019698 0.086024 0.187219
v 0.018694 0.087984 0.183696
v 0.039331 0.089971 0.181210
v 0.018478 0.091155 0.183255
v 0.039855 0.093625 0.182167
v 0.019777 0.096660 0.184821
v 0.040516 0.098361 0.183440
v 0.020505 0.101137 0.186212
v 0.041175 0.102555 0.184630
v 0.021291 0.103356 0.188835
v 0.041892 0.104282 0.187896
v 0.061492 0.100140 0.187657
v 0.042444 0.103173 0.191913
v 0.061493 0.099265 0.191933
v 0.075422 0.097028 0.190318
v 0.073775 0.099194 0.185995
v 0.082946 0.096817 0.188821
v 0.076899 0.095788 0.194938
v 0.086372 0.095156 0.194007
v 0.094576 0.092215 0.193575
v 0.090836 0.093845 0.187651
v 0.089625 0.095283 0.200779
v 0.098231 0.092330 0.200981
v 0.093298 0.096668 0.209411
v 0.100567 0.093196 0.210917
v 0.106389 0.089260 0.212082
v 0.106878 0.091102 0.223597
v 0.106651 0.093233 0.234160
v 0.110185 0.090541 0.233748
v 0.108602 0.092436 0.244434
v 0.105845 0.090159 0.253005
v 0.105820 0.088273 0.250790
v 0.108933 0.081459 0.256399
v 0.111133 0.084887 0.257032
v 0.123413 0.079102 0.255635
v 0.119833 0.074115 0.255462
v 0.125491 0.082448 0.258518
v 0.137798 0.069100 0.258941
v 0.136378 0.067904 0.254080
v 0.124680 0.081932 0.263420
v 0.138041 0.068616 0.265258
v 0.150175 0.052316 0.266734
v 0.150284 0.053230 0.259981
v 0.123592 0.081378 0.268684
v 0.137566 0.067993 0.271724
v 0.149107 0.051572 0.275162
v 0.158079 0.035671 0.278784
v 0.160175 0.036608 0.267580
v 0.135035 0.066848 0.280199
v 0.145589 0.051471 0.286745
v 0.153159 0.035649 0.293587
v 0.157748 0.022842 0.298362
v 0.162558 0.022837 0.281960
v 0.137489 0.051758 0.300217
v 0.144949 0.035831 0.307645
v 0.150532 0.022971 0.313895
v 0.154547 0.015247 0.317146
v 0.162952 0.016153 0.301027
v 0.134369 0.036641 0.320452
v 0.137923 0.024023 0.325484
v 0.141806 0.015328 0.329541
v 0.125766 0.026369 0.341255
v 0.127235 0.016151 0.343684
v 0.131499 0.010825 0.348865
v 0.134325 0.003641 0.352298
v 0.107197 0.017804 0.361085
v 0.107138 0.011152 0.367075
v 0.110268 0.003292 0.369283
v 0.134004 -0.004701 0.352665
v 0.131125 -0.012048 0.349620
v 0.126872 -0.018121 0.344700
v 0.107507 -0.021621 0.359248
v 0.108406 -0.035624 0.354198
v 0.125045 -0.029551 0.340616
v 0.087887 -0.043554 0.363025
v 0.090296 -0.059571 0.351661
v 0.107868 -0.052508 0.344041
v 0.071866 -0.065331 0.355075
v 0.074260 -0.080272 0.341481
v 0.090945 -0.074771 0.336921
v 0.055702 -0.083042 0.342864
v 0.058182 -0.093666 0.328589
v 0.075340 -0.090990 0.325620
v 0.040025 -0.092651 0.326474
v 0.042755 -0.099365 0.315867
v 0.059671 -0.100023 0.315412
v 0.027152 -0.097121 0.310912
v 0.030910 -0.100378 0.302915
v 0.045009 -0.103514 0.306250
v 0.017865 -0.099907 0.295065
v 0.022835 -0.102463 0.289526
v 0.034711 -0.102763 0.295486
v 0.012777 -0.101451 0.279981
v 0.017352 -0.104955 0.277012
v 0.026065 -0.104851 0.285613
v 0.012597 -0.103994 0.262928
v 0.009722 -0.110262 0.264915
v 0.016450 -0.111560 0.277608
v 0.027319 -0.111840 0.285803
v 0.038799 -0.113529 0.289721
v 0.037786 -0.106372 0.290688
v 0.049433 -0.116312 0.289310
v 0.048463 -0.109444 0.291940
v 0.046884 -0.106215 0.298295
v 0.059677 -0.109533 0.289531
v 0.059683 -0.105761 0.296048
v 0.060163 -0.103293 0.304666
v 0.073748 -0.102126 0.290756
v 0.074953 -0.100378 0.299693
v 0.075751 -0.097536 0.311001
v 0.089217 -0.094600 0.295357
v 0.090111 -0.092200 0.306383
v 0.090958 -0.086030 0.321082
v 0.103821 -0.084294 0.301829
v 0.104932 -0.078231 0.314976
v 0.106316 -0.067299 0.329963
v 0.117727 -0.068344 0.307422
v 0.120616 -0.058591 0.320383
v 0.123451 -0.044997 0.332628
v 0.131549 -0.049738 0.309740
v 0.134591 -0.037340 0.319555
v 0.144136 -0.044774 0.301288
v 0.152515 -0.039542 0.290198
v 0.151215 -0.050052 0.275423
v 0.157703 -0.037119 0.278847
v 0.161323 -0.025988 0.282139
v 0.160496 -0.036706 0.268537
v 0.164435 -0.025864 0.269550
v 0.168584 -0.016460 0.270779
v 0.164899 -0.016464 0.284483
v 0.174639 -0.011170 0.272452
v 0.170843 -0.011273 0.287020
v 0.178657 -0.006059 0.273138
v 0.174889 -0.005892 0.288520
v 0.181292 -0.000617 0.273362
v 0.178231 -0.000703 0.289213
v 0.179175 0.005344 0.272787
v 0.175444 0.005132 0.287831
v 0.175286 0.010667 0.272063
v 0.171753 0.010275 0.286517
v 0.170147 0.015806 0.270850
v 0.167090 0.015692 0.284496
v 0.165704 0.023799 0.268934
v 0.171092 0.016539 0.259841
v 0.166453 0.025791 0.259656
v 0.160124 0.038024 0.259810
v 0.159611 0.039591 0.253295
v 0.149854 0.054465 0.254150
v 0.155674 0.038961 0.249587
v 0.145012 0.051898 0.251605
v 0.132083 0.063914 0.253685
v 0.139761 0.048224 0.251564
v 0.128656 0.060038 0.254263
v 0.117162 0.070545 0.254137
v 0.126780 0.058950 0.249258
v 0.116932 0.070454 0.248949
v 0.127030 0.059117 0.243496
v 0.119951 0.070104 0.243572
v 0.130432 0.060786 0.240887
v 0.136752 0.049419 0.238322
v 0.141170 0.052496 0.238041
v 0.135276 0.063320 0.240185
v 0.135492 0.047481 0.242513
v 0.143600 0.036000 0.241458
v 0.143369 0.037886 0.236106
v 0.136482 0.046479 0.248364
v 0.145191 0.034848 0.247305
v 0.151394 0.024998 0.246228
v 0.150071 0.026791 0.240724
v 0.149926 0.036375 0.249395
v 0.153925 0.019510 0.240004
v 0.152560 0.021452 0.234350
v 0.148637 0.028274 0.235522
v 0.155404 0.017325 0.245470
v 0.155701 0.024980 0.232074
v 0.151985 0.032075 0.233517
v 0.147182 0.041447 0.235434
v 0.156301 0.036309 0.233048
v 0.151875 0.045202 0.234845
v 0.145852 0.055083 0.237233
v 0.154525 0.047606 0.231539
v 0.147285 0.056321 0.233041
v 0.139401 0.065125 0.233196
v 0.139136 0.065466 0.237518
v 0.132338 0.072166 0.231664
v 0.132842 0.070777 0.227574
v 0.132682 0.069746 0.222262
v 0.131425 0.069559 0.215372
v 0.125747 0.066908 0.216266
v 0.128028 0.068549 0.207231
v 0.123634 0.065038 0.208388
v 0.118875 0.063151 0.209183
v 0.121122 0.063611 0.216744
v 0.114992 0.067370 0.209813
v 0.116252 0.067503 0.217375
v 0.132771 0.065476 0.205637
v 0.130152 0.066234 0.197296
v 0.137655 0.060069 0.203803
v 0.136880 0.053370 0.202930
v 0.132725 0.049007 0.202999
v 0.136059 0.042841 0.202692
v 0.140458 0.039052 0.202197
v 0.144854 0.041468 0.201544
v 0.143332 0.041393 0.192690
v 0.149116 0.042792 0.192252
v 0.150076 0.042142 0.200808
v 0.153835 0.038386 0.200112
v 0.152471 0.038121 0.191755
v 0.151087 0.041626 0.208647
v 0.154955 0.038521 0.207566
v 0.157185 0.033965 0.199863
v 0.159962 0.030173 0.199969
v 0.159168 0.028913 0.191859
v 0.156028 0.033321 0.191675
v 0.156363 0.027753 0.183277
v 0.155213 0.031949 0.182744
v 0.153925 0.026385 0.175425
v 0.154553 0.030629 0.174537
v 0.150345 0.024166 0.176288
v 0.152486 0.025572 0.184578
v 0.148779 0.023600 0.185839
v 0.146729 0.022433 0.177034
v 0.154785 0.026693 0.193034
v 0.150528 0.024492 0.194189
v 0.156892 0.027571 0.201071
v 0.159426 0.039479 0.231157
v 0.163367 0.032503 0.230136
v 0.162423 0.033926 0.224865
v 0.160021 0.028925 0.231477
v 0.162497 0.022761 0.230422
v 0.166309 0.026231 0.229097
v 0.158169 0.019219 0.231036
v 0.155084 0.015920 0.233354
v 0.166063 0.028231 0.224228
v 0.176914 0.011662 0.260504
v 0.181012 0.006173 0.260994
v 0.182355 0.006856 0.251234
v 0.184535 0.000292 0.250998
v 0.184658 0.000075 0.241067
v 0.182337 0.007122 0.242325
v 0.183388 0.000122 0.261275
v 0.181380 -0.005883 0.261137
v 0.182794 -0.006303 0.250690
v 0.183571 0.000804 0.233243
v 0.181134 0.007538 0.234949
v 0.182278 0.002259 0.226320
v 0.179499 0.008188 0.227823
v 0.180648 0.003429 0.219518
v 0.177739 0.008943 0.220894
v 0.178699 0.004615 0.212434
v 0.180878 -0.001068 0.211140
v 0.179326 0.000718 0.203443
v 0.176396 0.005742 0.204424
v 0.181588 -0.002615 0.218206
v 0.177897 -0.007986 0.217561
v 0.177699 -0.006110 0.211050
v 0.181827 -0.004445 0.224887
v 0.174024 -0.011616 0.210581
v 0.173308 -0.010493 0.204137
v 0.176827 -0.004982 0.203806
v 0.171969 -0.009962 0.196356
v 0.175259 -0.004660 0.195441
v 0.177129 0.001308 0.194722
v 0.173361 -0.004981 0.185879
v 0.174899 0.000880 0.184495
v 0.172080 0.006293 0.184042
v 0.174084 0.006433 0.194850
v 0.169015 0.012003 0.184026
v 0.169909 0.005684 0.174240
v 0.166426 0.016850 0.184628
v 0.160677 0.015673 0.185356
v 0.171186 -0.000528 0.174485
v 0.168908 -0.000703 0.166275
v 0.167789 0.005645 0.166034
v 0.166980 -0.001177 0.159396
v 0.166185 0.005161 0.158867
v 0.165208 -0.001369 0.152444
v 0.164411 0.004303 0.151722
v 0.167712 -0.006612 0.167495
v 0.165021 -0.011822 0.169317
v 0.170160 -0.005987 0.175533
v 0.167673 -0.010788 0.177080
v 0.163585 -0.013863 0.178446
v 0.161291 -0.014174 0.170645
v 0.170214 -0.010079 0.187045
v 0.166061 -0.014072 0.188060
v 0.160231 -0.014206 0.188971
v 0.158529 -0.013613 0.179556
v 0.153472 -0.012612 0.180329
v 0.154824 -0.012817 0.189359
v 0.151583 -0.017000 0.189766
v 0.152586 -0.017455 0.198784
v 0.149832 -0.021877 0.198653
v 0.148263 -0.021551 0.190013
v 0.150154 -0.024219 0.189649
v 0.151697 -0.024980 0.197873
v 0.155790 -0.027827 0.196659
v 0.153979 -0.027243 0.188907
v 0.157384 -0.028203 0.203437
v 0.158650 -0.032587 0.202426
v 0.156892 -0.032637 0.196015
v 0.153510 -0.038434 0.196523
v 0.152541 -0.037602 0.189094
v 0.155578 -0.031869 0.188768
v 0.154942 -0.038388 0.203217
v 0.150502 -0.043597 0.204096
v 0.149268 -0.043268 0.197065
v 0.151565 -0.044086 0.209696
v 0.146255 -0.042455 0.211774
v 0.145092 -0.042183 0.205534
v 0.152346 -0.044692 0.214362
v 0.139960 -0.039814 0.207125
v 0.139455 -0.038915 0.199123
v 0.144232 -0.042068 0.198013
v 0.139858 -0.038162 0.189858
v 0.143680 -0.042241 0.188950
v 0.148526 -0.042532 0.188749
v 0.152340 -0.035347 0.181177
v 0.153880 -0.029837 0.180395
v 0.150027 -0.024202 0.171423
v 0.151787 -0.025940 0.179823
v 0.135575 -0.041100 0.190743
v 0.135373 -0.043064 0.199979
v 0.132282 -0.048878 0.199804
v 0.135665 -0.044439 0.207530
v 0.134044 -0.050154 0.207092
v 0.137634 -0.054351 0.206036
v 0.135187 -0.051936 0.197852
v 0.137546 -0.055996 0.196600
v 0.139563 -0.058201 0.204998
v 0.136155 -0.061670 0.204977
v 0.135243 -0.060795 0.196440
v 0.130921 -0.063938 0.196472
v 0.134607 -0.058699 0.188806
v 0.131911 -0.064514 0.204674
v 0.126577 -0.065014 0.204308
v 0.133040 -0.065643 0.213112
v 0.127653 -0.066218 0.212728
v 0.122733 -0.064154 0.212720
v 0.121519 -0.062595 0.203843
v 0.118349 -0.064799 0.212559
v 0.113917 -0.069333 0.211984
v 0.112959 -0.074576 0.210878
v 0.115918 -0.079236 0.209484
v 0.114716 -0.076911 0.198822
v 0.113005 -0.083990 0.208314
v 0.113112 -0.085680 0.218293
v 0.107370 -0.090111 0.217905
v 0.107745 -0.087806 0.207446
v 0.101741 -0.091872 0.206463
v 0.093641 -0.096048 0.205144
v 0.093396 -0.093509 0.196056
v 0.082636 -0.098147 0.203641
v 0.082527 -0.095067 0.195759
v 0.082193 -0.095634 0.190381
v 0.093191 -0.092751 0.189488
v 0.071116 -0.093686 0.196861
v 0.071588 -0.096193 0.191827
v 0.055900 -0.097731 0.200959
v 0.055235 -0.098955 0.195430
v 0.035037 -0.102958 0.192745
v 0.019116 -0.100206 0.194317
v 0.008488 -0.096394 0.193706
v 0.071546 -0.095367 0.204453
v 0.056822 -0.098455 0.206846
v 0.056793 -0.099978 0.212748
v 0.038434 -0.101357 0.216274
v 0.055975 -0.103921 0.218096
v 0.038807 -0.107986 0.218751
v 0.023002 -0.108851 0.224250
v 0.021912 -0.104229 0.221948
v 0.040364 -0.115388 0.220562
v 0.024005 -0.116177 0.225559
v 0.043309 -0.122436 0.225049
v 0.027311 -0.123152 0.231085
v 0.048267 -0.126767 0.234184
v 0.032641 -0.127300 0.239621
v 0.053401 -0.130819 0.243972
v 0.037001 -0.131568 0.248965
v 0.058313 -0.130475 0.255597
v 0.042552 -0.131551 0.260370
v 0.060985 -0.127109 0.266559
v 0.047228 -0.127603 0.272238
v 0.062488 -0.122998 0.278159
v 0.049516 -0.123472 0.283263
v 0.061798 -0.116608 0.285243
v 0.077545 -0.116263 0.272108
v 0.075500 -0.110853 0.278223
v 0.073587 -0.105216 0.283209
v 0.089946 -0.097804 0.279340
v 0.088733 -0.095381 0.285826
v 0.106129 -0.092066 0.277071
v 0.103608 -0.088430 0.283269
v 0.102799 -0.086036 0.291310
v 0.117773 -0.082342 0.279253
v 0.116392 -0.079007 0.286844
v 0.115823 -0.074181 0.296293
v 0.130328 -0.073661 0.274419
v 0.131600 -0.074839 0.268732
v 0.142817 -0.063049 0.267432
v 0.141699 -0.063139 0.272817
v 0.119083 -0.084440 0.272338
v 0.132227 -0.075285 0.263404
v 0.132396 -0.074650 0.257831
v 0.143744 -0.062272 0.256667
v 0.143425 -0.062719 0.262251
v 0.153336 -0.049653 0.255646
v 0.153275 -0.049197 0.261733
v 0.153043 -0.049275 0.267856
v 0.161101 -0.036965 0.260420
v 0.161290 -0.037552 0.253690
v 0.151809 -0.048505 0.250977
v 0.159308 -0.036986 0.249079
v 0.147169 -0.044522 0.250401
v 0.154530 -0.034152 0.248590
v 0.142867 -0.040981 0.250636
v 0.150322 -0.031282 0.247045
v 0.141164 -0.040477 0.244741
v 0.147750 -0.030932 0.242157
v 0.140227 -0.041275 0.238495
v 0.145948 -0.031408 0.236815
v 0.142938 -0.043575 0.236511
v 0.148072 -0.033505 0.234362
v 0.153061 -0.024513 0.232577
v 0.152771 -0.036734 0.233952
v 0.157123 -0.027783 0.231842
v 0.161086 -0.019551 0.230052
v 0.161324 -0.030892 0.231078
v 0.156794 -0.039658 0.232995
v 0.158894 -0.041451 0.230250
v 0.158025 -0.041266 0.225756
v 0.151739 -0.048998 0.235348
v 0.145378 -0.058828 0.235399
v 0.147728 -0.046607 0.236141
v 0.141683 -0.057015 0.238182
v 0.134771 -0.066175 0.240386
v 0.136411 -0.054032 0.238862
v 0.129065 -0.064288 0.241725
v 0.123283 -0.072260 0.244759
v 0.128337 -0.073831 0.241975
v 0.132537 -0.051832 0.240357
v 0.123760 -0.062019 0.244376
v 0.119509 -0.070562 0.248212
v 0.112157 -0.076595 0.248426
v 0.116828 -0.078311 0.246261
v 0.124304 -0.060986 0.249749
v 0.117533 -0.070510 0.252906
v 0.111043 -0.076773 0.253781
v 0.117436 -0.072515 0.255251
v 0.111043 -0.079360 0.256215
v 0.119872 -0.077732 0.255617
v 0.125962 -0.062985 0.253789
v 0.128848 -0.067990 0.254293
v 0.131462 -0.072357 0.254612
v 0.138448 -0.055638 0.252389
v 0.142398 -0.060044 0.252639
v 0.134496 -0.051699 0.252294
v 0.133011 -0.050841 0.246424
v 0.116310 -0.085118 0.245984
v 0.122138 -0.080255 0.244310
v 0.112102 -0.088163 0.247522
v 0.114098 -0.089682 0.243078
v 0.108659 -0.090358 0.249202
v 0.110476 -0.092706 0.244319
v 0.109416 -0.092313 0.238303
v 0.108329 -0.092037 0.232508
v 0.105216 -0.095535 0.240419
v 0.100579 -0.098799 0.242847
v 0.093262 -0.102919 0.244289
v 0.085551 -0.109022 0.252864
v 0.083568 -0.111030 0.243675
v 0.075902 -0.123293 0.253044
v 0.071660 -0.124132 0.242378
v 0.089131 -0.106007 0.262234
v 0.078030 -0.120352 0.263276
v 0.107730 -0.091304 0.225978
v 0.157521 -0.040679 0.221711
v 0.106797 0.027173 0.357680
v 0.081516 0.026594 0.370420
v 0.106338 0.040812 0.353611
v 0.083623 0.039829 0.366103
v 0.062491 0.040083 0.370803
v 0.057693 0.029312 0.374463
v 0.044605 0.042655 0.370959
v 0.041381 0.033004 0.373298
v 0.037799 0.028722 0.379561
v 0.034263 0.028037 0.388073
v 0.018710 0.030431 0.380633
v 0.016021 0.028258 0.388495
v 0.013439 0.027067 0.395778
v 0.030326 0.026638 0.395519
v 0.004005 0.022157 0.382570
v 0.002001 0.021330 0.390131
v 0.001651 0.019563 0.397162
v 0.004161 0.018187 0.400800
v 0.012260 0.024185 0.402117
v 0.025672 0.024173 0.403646
v 0.004880 0.017921 0.404862
v 0.002393 0.021659 0.409264
v -0.006580 0.021875 0.409321
v -0.011128 0.017383 0.405783
v -0.015284 0.020318 0.405881
v -0.014484 0.012059 0.402515
v -0.018274 0.013574 0.401470
v -0.017638 0.002055 0.401468
v -0.021794 0.002446 0.400671
v -0.018654 -0.010899 0.407308
v -0.024073 -0.011215 0.407622
v -0.018848 -0.024818 0.414346
v -0.025949 -0.025693 0.413339
v -0.033241 -0.025919 0.411005
v -0.029870 -0.036758 0.420018
v -0.019563 -0.038179 0.420680
v -0.018778 -0.045212 0.430449
v -0.032960 -0.041537 0.430528
v -0.015834 -0.043482 0.441946
v -0.032008 -0.040138 0.443853
v -0.010950 -0.039615 0.454341
v -0.027162 -0.033324 0.458553
v -0.040624 -0.028019 0.458489
v -0.022175 -0.027665 0.473465
v -0.036728 -0.020184 0.474911
v -0.047459 -0.013105 0.472770
v -0.051319 -0.023356 0.457444
v -0.054244 -0.006249 0.467790
v -0.042350 -0.001773 0.482517
v -0.050263 0.004756 0.477174
v -0.053093 0.009940 0.469413
v -0.046047 0.012902 0.483905
v -0.047823 0.018377 0.476596
v -0.054222 0.023803 0.473671
v -0.037696 0.006881 0.489309
v -0.033406 0.014549 0.494591
v -0.019022 0.007922 0.495094
v -0.014278 0.016682 0.495800
v -0.024632 0.000547 0.489929
v -0.009227 -0.009029 0.486534
v -0.003086 -0.001156 0.489827
v -0.030786 -0.008814 0.484374
v -0.015587 -0.018232 0.482342
v 0.002582 -0.025909 0.472258
v 0.009265 -0.017973 0.476495
v -0.004183 -0.034883 0.465978
v 0.013032 -0.036600 0.451655
v 0.019075 -0.028448 0.456088
v 0.005180 -0.040767 0.443198
v 0.015294 -0.036327 0.429427
v 0.022299 -0.032303 0.435120
v -0.000979 -0.042442 0.433902
v 0.008907 -0.037942 0.423046
v 0.013287 -0.031059 0.412627
v 0.018877 -0.029114 0.417753
v -0.005539 -0.042620 0.424714
v 0.002627 -0.037193 0.416289
v 0.007354 -0.030423 0.407854
v 0.010344 -0.026995 0.398275
v 0.017248 -0.027709 0.402460
v -0.003019 -0.030501 0.411837
v 0.001895 -0.025357 0.404840
v 0.003068 -0.023500 0.395150
v 0.003533 -0.022149 0.384742
v 0.011940 -0.027796 0.388595
v -0.001942 -0.016526 0.402791
v -0.003159 -0.015994 0.393532
v -0.002923 -0.014285 0.383247
v -0.004615 -0.011393 0.373310
v 0.001967 -0.022166 0.375274
v -0.006989 -0.003272 0.383639
v -0.006228 0.000377 0.373847
v -0.004866 0.010555 0.383992
v -0.011899 0.002899 0.365917
v -0.023236 0.005933 0.356555
v -0.027262 0.024517 0.342856
v -0.034817 0.008951 0.345144
v -0.036226 -0.007514 0.344992
v -0.030029 -0.020969 0.340563
v -0.047551 0.010063 0.329862
v -0.050132 -0.006772 0.328553
v -0.045793 -0.019719 0.322658
v -0.044454 -0.034230 0.317621
v -0.029739 -0.035028 0.337397
v -0.060930 -0.006738 0.309532
v -0.055862 -0.019496 0.303877
v -0.053825 -0.034197 0.298452
v -0.050725 -0.049278 0.290710
v -0.042110 -0.051463 0.310327
v -0.054641 -0.045909 0.277188
v -0.047129 -0.059356 0.268883
v -0.043558 -0.063449 0.280572
v -0.049053 -0.055699 0.260462
v -0.039184 -0.068052 0.251711
v -0.036603 -0.071965 0.259596
v -0.053688 -0.055167 0.254802
v -0.043806 -0.067057 0.245413
v -0.058465 -0.055587 0.249440
v -0.049025 -0.068338 0.241539
v -0.059364 -0.051826 0.241571
v -0.050764 -0.063795 0.234772
v -0.058783 -0.046341 0.232078
v -0.051239 -0.057407 0.226628
v -0.042062 -0.068815 0.221606
v -0.050433 -0.049392 0.217487
v -0.042940 -0.060523 0.214345
v -0.050095 -0.041235 0.208501
v -0.044113 -0.052766 0.205965
v -0.064989 -0.038705 0.248180
v -0.062886 -0.034035 0.237622
v -0.064707 -0.022242 0.241049
v -0.067262 -0.011724 0.241462
v -0.064807 -0.010266 0.227177
v -0.069265 0.000148 0.240627
v -0.066297 -0.000315 0.225977
v -0.062381 -0.002454 0.213285
v -0.059408 -0.010904 0.214067
v -0.063325 0.011088 0.225083
v -0.060830 0.008505 0.213347
v -0.062124 0.007023 0.203897
v -0.055018 0.020479 0.212853
v -0.056568 0.019604 0.204334
v -0.057829 0.019986 0.198151
v -0.063648 0.005573 0.196770
v -0.059262 0.020653 0.192758
v -0.065544 0.004318 0.191002
v -0.056507 0.019541 0.187847
v -0.060857 0.002651 0.187097
v -0.051393 0.017316 0.186457
v -0.054642 0.001311 0.186199
v -0.045918 0.015380 0.185979
v -0.047896 0.000304 0.185848
v -0.045328 -0.014439 0.185430
v -0.039165 -0.029369 0.186008
v -0.041544 -0.000453 0.186004
v -0.039368 -0.014577 0.185084
v -0.034813 -0.028646 0.185460
v -0.027167 -0.042935 0.186203
v -0.033972 -0.014360 0.187101
v -0.031058 -0.027789 0.188588
v -0.024881 -0.041525 0.190410
v -0.026771 -0.026890 0.191784
v -0.020952 -0.039530 0.192797
v -0.021770 -0.025515 0.192928
v -0.016464 -0.037105 0.193089
v -0.008909 -0.047836 0.192859
v -0.012190 -0.034313 0.192436
v -0.004897 -0.043633 0.192897
v 0.002894 -0.051956 0.192257
v -0.001412 -0.039537 0.190849
v 0.005938 -0.047527 0.190648
v 0.015158 -0.054538 0.190284
v 0.007407 -0.044826 0.186465
v 0.016671 -0.050020 0.186938
v 0.027544 -0.054054 0.186660
v 0.017224 -0.047410 0.181591
v 0.027619 -0.049843 0.181721
v 0.038452 -0.051552 0.180478
v 0.027235 -0.048000 0.175302
v 0.037573 -0.048892 0.174615
v 0.048144 -0.048328 0.173600
v 0.036683 -0.048399 0.168197
v 0.046486 -0.047667 0.167110
v 0.055924 -0.045886 0.165443
v 0.054922 -0.047592 0.159713
v 0.063521 -0.043195 0.158281
v 0.063412 -0.044996 0.152893
v 0.071144 -0.038130 0.152307
v 0.070754 -0.038906 0.147218
v 0.078196 -0.032244 0.147021
v 0.077050 -0.032048 0.142156
v 0.083497 -0.025290 0.142174
v 0.082713 -0.025222 0.137625
v 0.087359 -0.018481 0.137720
v 0.087516 -0.019042 0.133561
v 0.026788 -0.047872 0.168873
v 0.017374 -0.046107 0.175429
v 0.017094 -0.046475 0.169236
v 0.008171 -0.042726 0.175077
v 0.007958 -0.043054 0.169098
v 0.000277 -0.037199 0.174419
v 0.007954 -0.043403 0.180966
v -0.000148 -0.037745 0.180141
v -0.006194 -0.029865 0.179282
v -0.000775 -0.038718 0.185759
v -0.007240 -0.030728 0.184754
v -0.011325 -0.020994 0.183919
v -0.009093 -0.031997 0.189579
v -0.013577 -0.022069 0.188661
v -0.016053 -0.011401 0.188016
v -0.017282 -0.023727 0.191995
v -0.019960 -0.012215 0.191222
v -0.020675 -0.000876 0.190782
v -0.024821 -0.013160 0.191961
v -0.025650 -0.000860 0.191236
v -0.024668 0.010746 0.192501
v -0.030801 -0.000831 0.189420
v -0.029890 0.011664 0.190887
v -0.026174 0.024703 0.192595
v -0.034846 0.012881 0.188255
v -0.030865 0.025933 0.190244
v -0.023355 0.040143 0.191588
v -0.035297 0.028260 0.188062
v -0.026830 0.042138 0.189498
v -0.017944 0.055501 0.189648
v -0.030463 0.044467 0.187663
v -0.021128 0.057355 0.186694
v -0.034202 0.046884 0.188498
v -0.025174 0.059706 0.187060
v -0.037319 0.048732 0.191406
v -0.028581 0.061858 0.190374
v -0.038698 0.049674 0.195783
v -0.030352 0.063012 0.194709
v -0.023004 0.073239 0.192704
v -0.030730 0.063631 0.199809
v -0.023111 0.073216 0.197769
v -0.016301 0.080576 0.195448
v -0.015637 0.081487 0.190548
v -0.011003 0.085241 0.194586
v -0.010053 0.086269 0.190633
v -0.008072 0.090548 0.194916
v -0.010599 0.084349 0.198748
v -0.007833 0.090608 0.198990
v 0.001760 0.093110 0.200615
v 0.000042 0.094012 0.196428
v 0.012303 0.096803 0.201200
v 0.010629 0.097578 0.197344
v 0.025793 0.099711 0.200545
v 0.024166 0.101075 0.196687
v 0.022756 0.102508 0.192869
v 0.042680 0.101396 0.195748
v 0.043250 0.099829 0.199991
v 0.061472 0.097107 0.200307
v 0.061476 0.097776 0.195761
v 0.078134 0.095653 0.200928
v 0.061492 0.097307 0.205181
v 0.078614 0.097221 0.207326
v 0.061366 0.098372 0.210010
v 0.078766 0.099416 0.213838
v 0.061158 0.099979 0.214671
v 0.076192 0.101527 0.219900
v 0.045239 0.101276 0.213572
v 0.044463 0.099618 0.208858
v 0.028692 0.099512 0.209713
v 0.030398 0.100942 0.214774
v 0.043815 0.099029 0.204550
v 0.027280 0.099020 0.205022
v 0.014005 0.096543 0.205569
v 0.015891 0.097593 0.210774
v 0.005615 0.094766 0.212062
v 0.009168 0.097325 0.219131
v 0.018512 0.099433 0.216513
v 0.003349 0.093376 0.205550
v -0.005979 0.089516 0.204456
v -0.003816 0.091973 0.213278
v -0.006587 0.087576 0.214170
v 0.001930 0.095986 0.222284
v -0.009884 0.084785 0.205282
v -0.014046 0.079954 0.207317
v -0.012839 0.082927 0.216454
v -0.015325 0.079209 0.200611
v -0.022537 0.073232 0.203216
v -0.022146 0.074538 0.209835
v -0.030840 0.065608 0.211913
v -0.031764 0.068153 0.221172
v -0.021614 0.077364 0.218880
v -0.030614 0.064255 0.205194
v -0.039316 0.050902 0.206098
v -0.040566 0.052300 0.213090
v -0.038995 0.050238 0.200823
v -0.046379 0.033853 0.200064
v -0.046573 0.034312 0.205347
v -0.046590 0.033970 0.195373
v -0.045221 0.033567 0.191530
v -0.042746 0.032186 0.189055
v -0.039011 0.030488 0.187828
v -0.040936 0.014124 0.186291
v -0.035705 -0.000649 0.187296
v -0.029457 -0.013938 0.190393
v -0.048093 0.035828 0.212733
v -0.056014 0.023237 0.223650
v -0.050921 0.038152 0.222752
v -0.042490 0.054254 0.222611
v -0.054568 0.040140 0.236961
v -0.044918 0.056784 0.235744
v -0.032268 0.071581 0.234193
v -0.046579 0.059419 0.252704
v -0.032229 0.075331 0.249784
v -0.046082 0.061238 0.271142
v -0.030690 0.077705 0.266586
v -0.042733 0.062625 0.289676
v -0.027922 0.079945 0.284924
v -0.012626 0.091062 0.280374
v -0.021850 0.078800 0.303086
v -0.006202 0.091271 0.298502
v 0.007044 0.096957 0.294422
v -0.001647 0.096102 0.277682
v 0.007501 0.099681 0.275577
v 0.014433 0.103768 0.274337
v 0.009580 0.103601 0.261021
v 0.010380 0.113086 0.261285
v 0.016934 0.122666 0.259298
v 0.014758 0.119867 0.245899
v 0.029075 0.128486 0.255912
v 0.025703 0.126097 0.242202
v 0.023184 0.119395 0.231088
v 0.015283 0.113823 0.235842
v 0.022970 0.109817 0.225471
v 0.016352 0.105916 0.230825
v 0.022043 0.102087 0.222157
v 0.013925 0.100658 0.225805
v 0.007624 0.099595 0.229649
v 0.033435 0.112875 0.221236
v 0.032257 0.104953 0.219225
v 0.035607 0.122542 0.227137
v 0.040206 0.128499 0.238912
v 0.057289 0.126894 0.236337
v 0.043603 0.133382 0.252588
v 0.060943 0.129119 0.249895
v 0.076755 0.121184 0.248413
v 0.073456 0.119347 0.234742
v 0.062394 0.127653 0.263907
v 0.077288 0.121250 0.261730
v 0.084442 0.110149 0.260802
v 0.061847 0.122929 0.278598
v 0.048753 0.123849 0.281324
v 0.060350 0.113209 0.287868
v 0.046755 0.129697 0.267016
v 0.062149 0.103346 0.298414
v 0.068408 0.098670 0.313267
v 0.080229 0.097576 0.304997
v 0.088505 0.088606 0.318249
v 0.100264 0.085706 0.306808
v 0.089263 0.094400 0.296312
v 0.075112 0.089056 0.328930
v 0.080797 0.073653 0.344675
v 0.096707 0.073457 0.332939
v 0.061050 0.088644 0.335843
v 0.064428 0.072023 0.351144
v 0.064702 0.054934 0.362782
v 0.083809 0.056379 0.357328
v 0.046692 0.086411 0.339198
v 0.048899 0.070543 0.354805
v 0.047792 0.055075 0.364854
v 0.033230 0.066543 0.353399
v 0.034285 0.081757 0.339271
v 0.102613 0.056831 0.345392
v 0.123145 0.039506 0.337022
v 0.117848 0.055370 0.329225
v 0.109998 0.072303 0.318106
v 0.127859 0.052512 0.312895
v 0.119055 0.068863 0.302811
v 0.108499 0.081292 0.294221
v 0.127978 0.067183 0.291037
v 0.116744 0.080590 0.283866
v 0.096361 0.091149 0.288202
v 0.121763 0.081013 0.275295
v 0.000618 0.088631 0.313647
v 0.015183 0.095993 0.308258
v -0.014722 0.076099 0.319646
v -0.026875 0.060716 0.324531
v -0.014707 0.056986 0.338892
v -0.035710 0.062191 0.307682
v -0.045491 0.042916 0.310333
v -0.035069 0.042848 0.327235
v -0.052741 0.042734 0.292518
v -0.057469 0.024547 0.292770
v -0.050791 0.024652 0.310605
v -0.056406 0.042063 0.273918
v -0.061212 0.025008 0.274444
v -0.068375 0.011899 0.274946
v -0.064981 0.010948 0.293709
v -0.056621 0.041525 0.254816
v -0.061200 0.025230 0.256021
v -0.068444 0.012352 0.256796
v -0.071393 -0.001443 0.257317
v -0.071099 -0.003997 0.273932
v -0.058772 0.025037 0.238260
v -0.065827 0.012489 0.239298
v -0.067644 -0.005598 0.292041
v -0.058588 0.010393 0.312006
v -0.040060 0.025703 0.327870
v -0.021983 0.041004 0.342367
v -0.032912 -0.075765 0.269803
v -0.035803 -0.067136 0.298597
v -0.028054 -0.052078 0.330410
v 0.012618 -0.028671 0.379319
v 0.021128 -0.028452 0.393417
v 0.023165 -0.025504 0.406857
v 0.027530 -0.021511 0.411090
v 0.024826 -0.026097 0.422313
v 0.031413 -0.021408 0.425529
v 0.028633 -0.026140 0.439271
v 0.034415 -0.019054 0.441654
v 0.026742 -0.021938 0.459932
v 0.030925 -0.012608 0.460092
v 0.015459 -0.009920 0.478627
v 0.017627 -0.000441 0.475048
v 0.000998 0.007026 0.488336
v 0.015274 0.008117 0.468635
v 0.000986 0.014103 0.481898
v -0.013905 0.022491 0.488594
v -0.001051 0.019378 0.474220
v 0.010428 0.014371 0.462004
v 0.007593 0.024354 0.457283
v -0.002109 0.026607 0.467850
v 0.003476 0.035130 0.453676
v -0.001738 0.049470 0.444769
v -0.004861 0.048145 0.451173
v -0.016226 0.064560 0.442483
v -0.019858 0.063329 0.449223
v -0.034045 0.077435 0.435687
v -0.038896 0.076599 0.443300
v -0.044914 0.073986 0.451007
v -0.057049 0.087250 0.428559
v -0.063950 0.086821 0.435341
v -0.070210 0.085685 0.441833
v -0.051557 0.070451 0.459185
v -0.076539 0.084937 0.447348
v -0.083842 0.096904 0.416972
v -0.090313 0.096438 0.421544
v -0.083265 0.082142 0.450987
v -0.094687 0.106843 0.394610
v -0.078140 0.096025 0.411405
v -0.089976 0.105480 0.386653
v -0.070083 0.096464 0.405355
v -0.079740 0.103897 0.381270
v -0.061283 0.094600 0.399228
v -0.068564 0.102984 0.375805
v -0.079171 0.111323 0.355093
v -0.059290 0.099662 0.370632
v -0.070945 0.108091 0.349012
v -0.083951 0.115321 0.334605
v -0.091479 0.117456 0.341427
v -0.094505 0.120388 0.326302
v -0.100514 0.121562 0.334039
v -0.104066 0.124201 0.321620
v -0.108591 0.124198 0.329642
v -0.113932 0.126047 0.319971
v -0.116577 0.125720 0.327660
v -0.123058 0.127834 0.319891
v -0.123880 0.126804 0.325849
v -0.131292 0.129973 0.320720
v -0.131004 0.128750 0.323591
v -0.132147 0.125485 0.325519
v -0.124632 0.125087 0.314870
v -0.133231 0.129106 0.318157
v -0.135633 0.127562 0.317836
v -0.114342 0.122327 0.313031
v -0.103330 0.119594 0.313955
v -0.092285 0.115753 0.318537
v -0.093277 0.108721 0.312823
v -0.079794 0.103215 0.321738
v -0.081380 0.095534 0.319354
v -0.079854 0.110325 0.327381
v -0.065856 0.102401 0.342955
v -0.063526 0.095163 0.337687
v -0.051466 0.084833 0.361352
v -0.051736 0.077244 0.358468
v -0.064906 0.087525 0.334944
v -0.054145 0.092393 0.365498
v -0.048830 0.084954 0.389071
v -0.045505 0.077776 0.386048
v -0.053071 0.091332 0.393607
v -0.044092 0.083015 0.415003
v -0.040560 0.077706 0.409569
v -0.050359 0.086279 0.421591
v -0.030532 0.074956 0.428029
v -0.014406 0.063523 0.435763
v -0.013519 0.061170 0.428952
v -0.027964 0.070109 0.421098
v -0.013416 0.057120 0.422528
v -0.026165 0.064422 0.415834
v -0.038031 0.071948 0.404818
v -0.027852 0.057579 0.413622
v -0.039355 0.065762 0.402607
v -0.045097 0.070383 0.383808
v -0.042562 0.058584 0.401294
v -0.048615 0.064082 0.382725
v -0.054892 0.072677 0.357826
v -0.045622 0.058073 0.379451
v -0.050922 0.067223 0.354807
v -0.060681 0.075187 0.328510
v -0.064136 0.081082 0.332767
v -0.078443 0.085280 0.312658
v -0.080964 0.089601 0.317389
v -0.059629 0.068686 0.325184
v -0.077436 0.079211 0.308624
v -0.059765 0.062620 0.322140
v -0.077903 0.073546 0.305472
v -0.092257 0.081612 0.299570
v -0.080759 0.067568 0.304307
v -0.095228 0.076222 0.298740
v -0.105562 0.082011 0.296242
v -0.099774 0.072802 0.301688
v -0.109757 0.079565 0.300056
v -0.113678 0.087146 0.296196
v -0.103721 0.072254 0.307175
v -0.111935 0.080416 0.305986
v -0.090977 0.061510 0.311950
v -0.095235 0.061882 0.317934
v -0.085982 0.062825 0.306707
v -0.067651 0.051120 0.320575
v -0.073875 0.047943 0.323491
v -0.062590 0.056427 0.320407
v -0.048503 0.045767 0.345076
v -0.052473 0.039928 0.343811
v -0.047190 0.052818 0.347960
v -0.048232 0.060120 0.351635
v -0.057921 0.036435 0.344625
v -0.054456 0.025226 0.370144
v -0.064270 0.035402 0.347582
v -0.080143 0.047794 0.328849
v -0.069029 0.035423 0.351038
v -0.085345 0.047313 0.333647
v -0.100169 0.061068 0.323177
v -0.091017 0.042642 0.334948
v -0.105385 0.057214 0.322707
v -0.098176 0.039617 0.339473
v -0.111920 0.052638 0.324708
v -0.104447 0.040806 0.347435
v -0.118271 0.049138 0.331748
v -0.129892 0.061014 0.320365
v -0.122825 0.051299 0.340254
v -0.135151 0.059725 0.329379
v -0.145573 0.068559 0.322048
v -0.138549 0.072178 0.313651
v -0.154544 0.077839 0.317895
v -0.148472 0.081665 0.310935
v -0.162954 0.088335 0.316374
v -0.158168 0.091810 0.311302
v -0.152078 0.097103 0.310281
v -0.167516 0.102620 0.313529
v -0.163568 0.106476 0.312753
v -0.159980 0.110196 0.314349
v -0.147548 0.102973 0.311983
v -0.157522 0.113123 0.317909
v -0.145129 0.108234 0.317078
v -0.135570 0.103119 0.318583
v -0.145201 0.110037 0.324128
v -0.136038 0.105782 0.326278
v -0.156298 0.114383 0.323101
v -0.157352 0.112867 0.328203
v -0.166352 0.118224 0.324096
v -0.166806 0.117125 0.327319
v -0.168531 0.114973 0.329283
v -0.160242 0.109705 0.331254
v -0.170998 0.112366 0.329741
v -0.163839 0.106101 0.332129
v -0.173441 0.110172 0.328722
v -0.167890 0.102532 0.330692
v -0.160729 0.094928 0.334380
v -0.153654 0.088830 0.339239
v -0.170907 0.099978 0.327275
v -0.164146 0.090471 0.330118
v -0.157299 0.082312 0.334483
v -0.149725 0.075541 0.339440
v -0.147014 0.083858 0.343917
v -0.165121 0.087913 0.323407
v -0.157789 0.078066 0.326592
v -0.149430 0.069740 0.331519
v -0.139166 0.061952 0.338491
v -0.140467 0.069346 0.345962
v -0.131032 0.064212 0.354908
v -0.130993 0.074287 0.359312
v -0.139185 0.078820 0.350354
v -0.128302 0.054811 0.348167
v -0.119209 0.049147 0.361779
v -0.122922 0.059618 0.367156
v -0.111260 0.043966 0.355198
v -0.103943 0.038710 0.373196
v -0.113065 0.044246 0.379207
v -0.094627 0.034185 0.365502
v -0.089478 0.028756 0.384346
v -0.098850 0.033818 0.392621
v -0.086265 0.029282 0.357536
v -0.080578 0.022849 0.376796
v -0.076592 0.031144 0.353157
v -0.069763 0.022864 0.373949
v -0.060673 0.024137 0.372620
v -0.092811 0.026501 0.410507
v -0.099404 0.030887 0.418996
v -0.107700 0.039043 0.399468
v -0.101177 0.037892 0.426471
v -0.110958 0.047773 0.404873
v -0.116885 0.054019 0.383872
v -0.112143 0.057119 0.410283
v -0.117735 0.064739 0.388736
v -0.123212 0.070318 0.371345
v -0.117099 0.074639 0.393402
v -0.089977 0.018680 0.431802
v -0.172334 0.098636 0.322338
v -0.170928 0.099769 0.316994
v -0.176660 0.108128 0.322933
v -0.176107 0.109238 0.319416
v -0.174133 0.111318 0.317303
v -0.178135 0.117052 0.320623
v -0.176503 0.118699 0.320573
v -0.171671 0.113751 0.316792
v -0.169053 0.116128 0.318074
v -0.167322 0.117722 0.320651
v -0.180896 0.121174 0.323103
v -0.179914 0.122257 0.323239
v -0.175718 0.108510 0.326453
v -0.177868 0.116037 0.327895
v -0.176222 0.117469 0.328453
v -0.174604 0.119124 0.328409
v -0.173408 0.120613 0.327088
v -0.178250 0.123267 0.327060
v -0.006014 -0.019798 0.408893
v -0.009986 -0.035261 0.417225
v -0.012008 -0.022752 0.413056
v -0.013821 -0.010093 0.405889
v -0.013579 0.002586 0.401617
v 0.037873 0.017253 0.404798
v 0.044580 0.008753 0.404623
v 0.098760 0.002396 0.128942
v 0.097651 0.011727 0.128686
v 0.099706 0.011894 0.132204
v 0.095892 0.021736 0.133165
v 0.098240 0.022187 0.136097
v 0.091159 0.032946 0.138361
v 0.106340 0.084510 0.176010
v 0.108010 0.081785 0.180447
v -0.061030 0.112513 0.093613
v -0.063542 0.118056 0.083975
v -0.057857 0.117235 0.084141
v -0.056112 0.110991 0.093473
v -0.066893 0.122312 0.072754
v -0.061520 0.121165 0.072148
v -0.057167 0.120948 0.071779
v -0.052693 0.120739 0.071451
v -0.049553 0.123448 0.071413
v -0.047403 0.121572 0.082684
v -0.043085 0.122788 0.081229
v -0.045593 0.125162 0.071018
v -0.038248 0.122716 0.080177
v -0.047657 0.127278 0.060808
v -0.033157 0.122465 0.079607
v -0.028957 0.121905 0.079744
v -0.028951 0.118042 0.078872
v -0.030688 0.113243 0.077783
v -0.032400 0.108346 0.077075
v -0.034143 0.103057 0.076786
v -0.033757 0.102240 0.082493
v -0.033700 0.104266 0.070602
v -0.035769 0.098128 0.070542
v -0.035891 0.097232 0.076134
v -0.031552 0.105664 0.063512
v -0.028104 0.109072 0.056433
v -0.038304 0.090700 0.074500
v -0.037253 0.089910 0.080237
v -0.035351 0.096802 0.081989
v -0.037839 0.092159 0.069557
v -0.043736 0.090739 0.068297
v -0.044963 0.088930 0.073302
v -0.046248 0.084795 0.065595
v -0.045264 0.087195 0.078423
v -0.046591 0.084682 0.082399
v -0.046155 0.080985 0.087955
v -0.049534 0.082276 0.078602
v -0.049064 0.084848 0.078147
v -0.046343 0.087379 0.087440
v -0.047127 0.088388 0.087749
v -0.043704 0.085680 0.094627
v -0.039920 0.085376 0.093520
v -0.049244 0.087234 0.079073
v -0.049907 0.089514 0.080038
v -0.050847 0.091384 0.080875
v -0.048296 0.089857 0.088654
v -0.051960 0.088637 0.071051
v -0.052681 0.090802 0.071692
v -0.053689 0.092809 0.072409
v -0.054796 0.094864 0.073210
v -0.052140 0.092968 0.081571
v -0.056530 0.093332 0.060472
v -0.057403 0.095418 0.061428
v -0.058338 0.097833 0.062664
v -0.058952 0.100177 0.063737
v -0.056023 0.096830 0.074107
v -0.062144 0.099215 0.047837
v -0.062611 0.101832 0.049018
v -0.062528 0.104583 0.050185
v -0.062412 0.107380 0.051324
v -0.059338 0.102717 0.064823
v -0.066100 0.106509 0.032827
v -0.065442 0.109411 0.033874
v -0.065199 0.112574 0.035122
v -0.065842 0.115607 0.036419
v -0.063023 0.110078 0.052479
v -0.068734 0.113994 0.016451
v -0.068289 0.117600 0.018021
v -0.068807 0.120927 0.019486
v -0.070507 0.123793 0.020852
v -0.067904 0.117878 0.037610
v -0.070273 0.122539 0.000386
v -0.070318 0.126300 0.002049
v -0.071917 0.129586 0.003549
v -0.075370 0.131263 0.004626
v -0.073801 0.125049 0.021880
v -0.071157 0.131580 -0.016214
v -0.072415 0.135475 -0.014575
v -0.075893 0.137784 -0.013341
v -0.080351 0.138038 -0.012692
v -0.079515 0.131436 0.005265
v -0.073208 0.140932 -0.033427
v -0.076436 0.144078 -0.031938
v -0.081202 0.144700 -0.031114
v -0.086235 0.143919 -0.030682
v -0.085009 0.137353 -0.012303
v -0.077289 0.149877 -0.051030
v -0.082198 0.151252 -0.049844
v -0.087599 0.150480 -0.049297
v -0.093239 0.149080 -0.048846
v -0.091374 0.142140 -0.030504
v -0.082940 0.157984 -0.068171
v -0.088966 0.157603 -0.067492
v -0.095153 0.156193 -0.067043
v -0.101529 0.153417 -0.066890
v -0.098802 0.146037 -0.048797
v -0.090227 0.164878 -0.086101
v -0.097033 0.163592 -0.085629
v -0.104203 0.161149 -0.085250
v -0.111780 0.156739 -0.085055
v -0.108257 0.149494 -0.066720
v -0.099117 0.170898 -0.104513
v -0.107085 0.168663 -0.103892
v -0.115614 0.163766 -0.103631
v -0.123645 0.156323 -0.104045
v -0.118815 0.149705 -0.085519
v -0.110023 0.176094 -0.122533
v -0.119832 0.171154 -0.122059
v -0.128579 0.162985 -0.122727
v -0.134707 0.153104 -0.124390
v -0.129114 0.146787 -0.105594
v -0.123957 0.178560 -0.140422
v -0.133579 0.169931 -0.141208
v -0.140173 0.159721 -0.143157
v -0.142273 0.148870 -0.146548
v -0.136672 0.142628 -0.127348
v -0.138853 0.177043 -0.159524
v -0.145643 0.166577 -0.161603
v -0.147804 0.155353 -0.165210
v -0.144063 0.145371 -0.170218
v -0.139114 0.139465 -0.151030
v -0.151041 0.173440 -0.180094
v -0.153176 0.161961 -0.183669
v -0.149748 0.151402 -0.188723
v -0.140675 0.145584 -0.194110
v -0.136230 0.139294 -0.175098
v -0.159107 0.168655 -0.202158
v -0.155414 0.158260 -0.207314
v -0.146157 0.152241 -0.212944
v -0.136009 0.147611 -0.216409
v -0.132541 0.141420 -0.197776
v -0.160051 0.164079 -0.222656
v -0.150581 0.157296 -0.226943
v -0.139085 0.152409 -0.229961
v -0.129182 0.145630 -0.231643
v -0.127654 0.141327 -0.218108
v -0.153839 0.161574 -0.237601
v -0.141839 0.156205 -0.240008
v -0.130876 0.148774 -0.241420
v -0.123302 0.140470 -0.242946
v -0.122504 0.137769 -0.233249
v -0.144011 0.159413 -0.248078
v -0.132356 0.151317 -0.249236
v -0.124197 0.142620 -0.250708
v -0.118949 0.134058 -0.252315
v -0.118421 0.132239 -0.244501
v -0.133636 0.153396 -0.255216
v -0.125444 0.145080 -0.256777
v -0.119448 0.135638 -0.258603
v -0.120806 0.127980 -0.259992
v -0.120570 0.127126 -0.253501
v -0.125913 0.146533 -0.262138
v -0.120010 0.137604 -0.263940
v -0.121156 0.128512 -0.265414
v -0.129898 0.130206 -0.265738
v -0.129518 0.129465 -0.259976
v -0.130283 0.130737 -0.270944
v -0.142930 0.133026 -0.270979
v -0.142215 0.132071 -0.265708
v -0.130716 0.131122 -0.276090
v -0.143528 0.133579 -0.275641
v -0.161079 0.130880 -0.273182
v -0.160465 0.131260 -0.268384
v -0.130989 0.129428 -0.280406
v -0.143822 0.129757 -0.278666
v -0.159719 0.126492 -0.275558
v -0.174461 0.114503 -0.271928
v -0.177531 0.117205 -0.269276
v -0.143754 0.124546 -0.279110
v -0.158338 0.121214 -0.276251
v -0.170926 0.111157 -0.273292
v -0.175519 0.094819 -0.271672
v -0.179956 0.096056 -0.270302
v -0.156366 0.115964 -0.275333
v -0.166021 0.107440 -0.273024
v -0.170914 0.093708 -0.271995
v -0.169764 0.077020 -0.272549
v -0.174820 0.076282 -0.272521
v -0.161943 0.104588 -0.270194
v -0.166082 0.092621 -0.269676
v -0.165324 0.077552 -0.270175
v -0.158689 0.063914 -0.271227
v -0.162413 0.062123 -0.274591
v -0.162770 0.091291 -0.264435
v -0.161754 0.077654 -0.265041
v -0.156274 0.064186 -0.266021
v -0.158869 0.076960 -0.257902
v -0.153723 0.064405 -0.259053
v -0.141932 0.055760 -0.261888
v -0.150780 0.063569 -0.251263
v -0.139173 0.055922 -0.254351
v -0.123934 0.053370 -0.257988
v -0.135882 0.056196 -0.245174
v -0.121326 0.053881 -0.248816
v -0.103924 0.050621 -0.251516
v -0.118138 0.054393 -0.237465
v -0.101773 0.050819 -0.239770
v -0.087734 0.039347 -0.240468
v -0.098401 0.051291 -0.220849
v -0.085328 0.039804 -0.221052
v -0.077751 0.024009 -0.220428
v -0.082409 0.040034 -0.198189
v -0.075727 0.024358 -0.197445
v -0.072156 0.004738 -0.196746
v -0.073654 0.024649 -0.174071
v -0.070941 0.005195 -0.172988
v -0.069381 -0.015030 -0.173396
v -0.069769 0.005811 -0.149784
v -0.068008 -0.014355 -0.149944
v -0.067979 -0.030844 -0.151568
v -0.066502 -0.013805 -0.127186
v -0.065541 -0.030646 -0.128841
v -0.067867 -0.043551 -0.130185
v -0.063624 -0.030087 -0.106543
v -0.064532 -0.042600 -0.107768
v -0.068790 -0.052841 -0.108256
v -0.073648 -0.053798 -0.130334
v -0.075209 -0.059326 -0.108004
v -0.081215 -0.059362 -0.129277
v -0.082131 -0.062640 -0.106609
v -0.069934 -0.058457 -0.086456
v -0.075459 -0.062027 -0.085651
v -0.081028 -0.064467 -0.084209
v -0.070371 -0.061081 -0.064709
v -0.074795 -0.063939 -0.063912
v -0.079403 -0.066066 -0.062598
v -0.069963 -0.062910 -0.042997
v -0.074000 -0.065338 -0.042269
v -0.077789 -0.067872 -0.041880
v -0.083147 -0.068871 -0.061635
v -0.080468 -0.071143 -0.041846
v -0.084952 -0.073481 -0.061236
v -0.080349 -0.075438 -0.041905
v -0.083309 -0.078169 -0.061371
v -0.077398 -0.079361 -0.042436
v -0.079560 -0.081401 -0.062095
v -0.073560 -0.082419 -0.042804
v -0.075615 -0.076731 -0.022182
v -0.072438 -0.079705 -0.022572
v -0.069051 -0.083156 -0.022686
v -0.070692 -0.077505 -0.001100
v -0.067878 -0.080608 -0.001740
v -0.065234 -0.084011 -0.002068
v -0.065009 -0.078859 0.019627
v -0.063173 -0.081858 0.018942
v -0.061730 -0.085556 0.018312
v -0.059668 -0.081016 0.038560
v -0.058867 -0.084391 0.038043
v -0.058730 -0.087855 0.037524
v -0.056088 -0.083224 0.052738
v -0.055841 -0.086533 0.052698
v -0.056340 -0.089805 0.052810
v -0.052823 -0.085363 0.063876
v -0.053645 -0.088037 0.064282
v -0.054706 -0.090783 0.064631
v -0.050989 -0.087204 0.073568
v -0.051917 -0.089361 0.074601
v -0.052646 -0.091116 0.075609
v -0.049505 -0.088366 0.081617
v -0.050405 -0.090196 0.082886
v -0.051154 -0.091945 0.084239
v -0.048128 -0.089505 0.088397
v -0.048838 -0.091141 0.090220
v -0.049684 -0.092688 0.091764
v -0.046475 -0.090999 0.095808
v -0.047627 -0.092420 0.096961
v -0.044096 -0.092164 0.101096
v -0.045552 -0.093508 0.102190
v -0.042255 -0.095111 0.103887
v -0.044273 -0.096447 0.104749
v -0.041353 -0.098067 0.103758
v -0.044064 -0.098151 0.103714
v -0.046577 -0.098488 0.103963
v -0.043643 -0.101226 0.102868
v -0.040721 -0.101413 0.102829
v -0.040214 -0.105772 0.101145
v -0.043333 -0.105170 0.101131
v -0.039744 -0.112029 0.097447
v -0.043099 -0.111297 0.097538
v -0.039514 -0.119330 0.089696
v -0.043448 -0.118329 0.089934
v -0.039639 -0.123170 0.079050
v -0.044379 -0.122538 0.079530
v -0.048503 -0.120126 0.079818
v -0.044891 -0.124822 0.069125
v -0.049740 -0.122710 0.069518
v -0.054608 -0.121199 0.069987
v -0.050006 -0.124554 0.059978
v -0.055391 -0.122884 0.060253
v -0.061447 -0.123122 0.060753
v -0.067925 -0.125740 0.051718
v -0.066833 -0.130272 0.044915
v -0.069294 -0.134817 0.046759
v -0.063462 -0.136361 0.042349
v -0.066052 -0.139617 0.042827
v -0.067117 -0.143485 0.044530
v -0.063051 -0.144573 0.039195
v -0.060047 -0.142822 0.038839
v -0.057638 -0.151597 0.035481
v -0.060725 -0.152228 0.036030
v -0.058511 -0.163207 0.036204
v -0.054206 -0.162147 0.035837
v -0.049476 -0.172739 0.038364
v -0.054881 -0.174083 0.039616
v -0.053679 -0.151089 0.036555
v -0.049904 -0.160603 0.036988
v -0.044517 -0.170871 0.039330
v -0.039366 -0.182540 0.044165
v -0.043957 -0.185306 0.042980
v -0.047031 -0.159814 0.040721
v -0.043247 -0.169124 0.044289
v -0.038346 -0.180696 0.049113
v -0.031060 -0.195124 0.053760
v -0.032829 -0.196958 0.049351
v -0.042389 -0.167633 0.049160
v -0.037612 -0.179011 0.053340
v -0.029405 -0.192965 0.057846
v -0.016768 -0.204063 0.062052
v -0.019016 -0.207727 0.059179
v -0.033076 -0.176648 0.054498
v -0.025669 -0.189526 0.058485
v -0.013935 -0.199655 0.062076
v 0.001119 -0.206063 0.064646
v -0.000753 -0.211319 0.064888
v -0.021893 -0.187039 0.056378
v -0.011173 -0.195955 0.059650
v 0.003103 -0.201029 0.062566
v -0.010005 -0.195938 0.055572
v 0.003835 -0.200137 0.058089
v -0.010444 -0.198887 0.050793
v 0.003201 -0.203449 0.053418
v 0.017970 -0.204740 0.053637
v 0.002601 -0.206938 0.049006
v 0.017592 -0.208056 0.049946
v 0.031387 -0.204459 0.048188
v 0.041247 -0.199049 0.046006
v 0.016970 -0.211524 0.046117
v 0.030969 -0.207795 0.044544
v 0.041592 -0.201885 0.041778
v 0.049354 -0.194417 0.037858
v 0.048968 -0.191909 0.042224
v 0.030309 -0.211192 0.040790
v 0.041366 -0.205081 0.037666
v 0.049880 -0.196857 0.033277
v 0.056610 -0.187211 0.027408
v 0.056199 -0.184948 0.032200
v 0.040972 -0.207702 0.033024
v 0.050300 -0.199417 0.028428
v 0.057114 -0.190194 0.022479
v 0.062246 -0.181101 0.015954
v 0.062672 -0.177884 0.021276
v 0.050303 -0.202130 0.023308
v 0.057136 -0.193188 0.017105
v 0.060565 -0.184394 0.010225
v 0.058798 -0.175280 0.004035
v 0.061285 -0.171559 0.009429
v 0.055237 -0.195629 0.011538
v 0.056743 -0.186778 0.005273
v 0.055618 -0.178440 -0.000496
v 0.052481 -0.170589 -0.006255
v 0.055387 -0.166950 -0.002122
v 0.052426 -0.188803 0.001019
v 0.051966 -0.181150 -0.004293
v 0.048890 -0.174064 -0.009173
v 0.043170 -0.167557 -0.014197
v 0.046061 -0.163464 -0.011864
v 0.047136 -0.182777 -0.006981
v 0.045704 -0.176990 -0.011663
v 0.040786 -0.171294 -0.016216
v 0.031639 -0.166290 -0.020714
v 0.033868 -0.161780 -0.018587
v 0.044602 -0.179489 -0.015603
v 0.040954 -0.173178 -0.020409
v 0.032131 -0.167520 -0.025542
v 0.020177 -0.163627 -0.029540
v 0.020161 -0.162082 -0.024327
v 0.042440 -0.174467 -0.025459
v 0.033230 -0.167913 -0.031139
v 0.020445 -0.164089 -0.035663
v 0.005787 -0.163875 -0.037135
v 0.006743 -0.163780 -0.031890
v 0.021178 -0.163183 -0.042711
v 0.004624 -0.162390 -0.043325
v -0.008639 -0.163960 -0.041276
v -0.005588 -0.166581 -0.036397
v 0.004210 -0.164488 -0.049479
v -0.009989 -0.166874 -0.047381
v -0.020262 -0.172997 -0.044088
v -0.018940 -0.169717 -0.038568
v 0.003950 -0.168031 -0.054665
v -0.010017 -0.171497 -0.052055
v -0.020588 -0.177916 -0.048682
v -0.026442 -0.182051 -0.038846
v -0.013182 -0.171362 -0.059223
v -0.024272 -0.180526 -0.053861
v -0.014064 -0.176044 -0.066299
v -0.025122 -0.185832 -0.061073
v -0.024002 -0.192917 -0.069740
v -0.029091 -0.201703 -0.066863
v -0.034405 -0.207287 -0.066684
v -0.025960 -0.211179 -0.078203
v -0.030753 -0.215513 -0.079028
v -0.040097 -0.209665 -0.069051
v -0.041883 -0.215401 -0.066736
v -0.040164 -0.221390 -0.061819
v -0.037117 -0.227539 -0.055667
v -0.039832 -0.221047 -0.046612
v -0.034765 -0.228272 -0.038649
v -0.036463 -0.223632 -0.031811
v -0.042161 -0.215843 -0.040271
v -0.033307 -0.234507 -0.048526
v -0.029152 -0.241105 -0.041881
v -0.030596 -0.235849 -0.031002
v -0.027167 -0.250436 -0.054078
v -0.024103 -0.256391 -0.045863
v -0.029943 -0.249070 -0.034216
v -0.017527 -0.265163 -0.060615
v -0.011831 -0.270640 -0.052405
v -0.019685 -0.261636 -0.037193
v -0.014739 -0.271901 -0.075765
v -0.007442 -0.278015 -0.071046
v -0.000081 -0.281834 -0.067917
v -0.004853 -0.275919 -0.045435
v -0.015933 -0.276243 -0.087529
v -0.008299 -0.283496 -0.085895
v -0.000828 -0.288810 -0.084210
v 0.007411 -0.291513 -0.082729
v 0.006941 -0.285667 -0.065959
v -0.012629 -0.288135 -0.094627
v -0.004297 -0.295227 -0.093489
v 0.005358 -0.299426 -0.092776
v 0.014657 -0.301583 -0.091508
v 0.015392 -0.293578 -0.081152
v -0.007793 -0.298703 -0.101738
v 0.002801 -0.304354 -0.101851
v 0.013462 -0.308493 -0.101795
v 0.025169 -0.307009 -0.101247
v 0.024335 -0.300504 -0.090808
v -0.000007 -0.306826 -0.110247
v 0.012737 -0.310896 -0.111525
v 0.026060 -0.308873 -0.110417
v 0.039931 -0.302038 -0.107384
v 0.037875 -0.301443 -0.099021
v 0.012329 -0.308544 -0.119419
v 0.027313 -0.307728 -0.118201
v 0.041294 -0.301359 -0.113801
v -0.000592 -0.303649 -0.117649
v 0.000279 -0.299393 -0.123021
v -0.009735 -0.296462 -0.116569
v -0.006954 -0.291958 -0.121897
v 0.000575 -0.296230 -0.127120
v -0.016732 -0.287169 -0.116794
v -0.010365 -0.299562 -0.109660
v -0.017882 -0.289408 -0.109589
v -0.016313 -0.289869 -0.102175
v 0.050349 -0.290735 -0.097471
v 0.046988 -0.287485 -0.089327
v 0.035001 -0.296242 -0.089649
v 0.032843 -0.287496 -0.079948
v 0.023759 -0.291612 -0.080412
v 0.023199 -0.285171 -0.064264
v 0.014745 -0.287636 -0.064723
v 0.012571 -0.283562 -0.041511
v 0.003529 -0.280861 -0.042336
v -0.000076 -0.272539 -0.023303
v -0.010151 -0.266586 -0.028588
v -0.011318 -0.258661 -0.018022
v -0.022734 -0.253635 -0.026081
v -0.022416 -0.248038 -0.016437
v -0.030068 -0.242358 -0.024309
v -0.029128 -0.237356 -0.016672
v -0.031983 -0.230703 -0.023875
v -0.033080 -0.226920 -0.018972
v -0.038353 -0.219857 -0.026651
v -0.038347 -0.216027 -0.022057
v -0.043253 -0.206447 -0.031325
v -0.044292 -0.211286 -0.035202
v -0.038435 -0.203309 -0.029188
v 0.002391 -0.166319 -0.062153
v 0.046221 -0.181327 -0.020123
v 0.044635 -0.184549 -0.010594
v 0.046753 -0.189664 -0.001797
v 0.051063 -0.196999 0.006599
v 0.049718 -0.204375 0.017889
v 0.040572 -0.210093 0.027955
v 0.030034 -0.214123 0.036402
v 0.016725 -0.214958 0.042055
v 0.016832 -0.217890 0.037028
v 0.001732 -0.214515 0.039637
v 0.001984 -0.217807 0.034110
v -0.011329 -0.210553 0.035901
v 0.002092 -0.210633 0.044457
v -0.011502 -0.206562 0.041277
v -0.022632 -0.197321 0.036538
v -0.022886 -0.201153 0.030885
v -0.011102 -0.202559 0.046200
v -0.022124 -0.193549 0.041917
v -0.028147 -0.182435 0.037938
v -0.021417 -0.190113 0.046967
v -0.027439 -0.179304 0.043481
v -0.030417 -0.170160 0.040342
v -0.026737 -0.176414 0.049000
v -0.029843 -0.166741 0.045837
v -0.033276 -0.159886 0.042929
v -0.033849 -0.163976 0.037662
v -0.035877 -0.158298 0.034511
v -0.034555 -0.154207 0.032094
v -0.028951 -0.152476 0.030972
v -0.026117 -0.142009 0.033000
v -0.026266 -0.147234 0.027378
v -0.026918 -0.151647 0.021052
v -0.024062 -0.140735 0.023007
v -0.024290 -0.145104 0.016132
v -0.018642 -0.132970 0.016983
v -0.018733 -0.137278 0.009874
v -0.008367 -0.126971 0.011473
v -0.018812 -0.129047 0.023274
v -0.008780 -0.122620 0.016972
v -0.018239 -0.124712 0.028513
v -0.008395 -0.119616 0.021075
v -0.017078 -0.120999 0.032587
v -0.007093 -0.117148 0.024538
v 0.010221 -0.116417 0.017481
v 0.011512 -0.115252 0.020740
v 0.030822 -0.113782 0.023111
v 0.012402 -0.113245 0.022071
v 0.031977 -0.112940 0.019517
v 0.047276 -0.111223 0.020557
v 0.045404 -0.111862 0.026787
v 0.059962 -0.110032 0.024837
v 0.048670 -0.114987 0.015972
v 0.062488 -0.114461 0.020665
v 0.074622 -0.112449 0.026748
v 0.070252 -0.108263 0.030955
v 0.084427 -0.108822 0.033851
v 0.079678 -0.105190 0.037128
v 0.092019 -0.105115 0.042924
v 0.087355 -0.101684 0.045246
v 0.100185 -0.100969 0.053967
v 0.095057 -0.098400 0.055791
v 0.097577 -0.104651 0.039062
v 0.104297 -0.098741 0.051393
v 0.101044 -0.100320 0.035327
v 0.107465 -0.093997 0.048411
v 0.103333 -0.094860 0.031269
v 0.110661 -0.089059 0.044410
v 0.113142 -0.079916 0.057855
v 0.115539 -0.071533 0.067185
v 0.094872 -0.100284 0.019375
v 0.092292 -0.105365 0.024416
v 0.081265 -0.110897 0.015564
v 0.083394 -0.106084 0.010083
v 0.089596 -0.109718 0.029070
v 0.078967 -0.114669 0.020920
v 0.065051 -0.116276 0.014793
v 0.066655 -0.113522 0.009485
v 0.068379 -0.109863 0.003896
v 0.049544 -0.114689 0.011868
v 0.031213 -0.114616 0.011711
v 0.031726 -0.114793 0.015843
v 0.011827 -0.112682 0.019492
v 0.011078 -0.113486 0.016511
v -0.007612 -0.109081 0.027130
v -0.009324 -0.108612 0.023746
v -0.010731 -0.106238 0.021196
v -0.018693 -0.106572 0.038245
v -0.021898 -0.104284 0.035121
v -0.024602 -0.101297 0.031773
v -0.024909 -0.095747 0.030171
v -0.011255 -0.101748 0.019157
v -0.030686 -0.099116 0.045666
v -0.033650 -0.094934 0.041921
v -0.034110 -0.088673 0.039830
v -0.034346 -0.081223 0.038321
v -0.025229 -0.089006 0.028301
v -0.039215 -0.089536 0.050821
v -0.039443 -0.082179 0.048947
v -0.039541 -0.074310 0.047563
v -0.039869 -0.066562 0.046419
v -0.035285 -0.072508 0.037442
v -0.041973 -0.077407 0.055553
v -0.041935 -0.069475 0.053640
v -0.042147 -0.062650 0.052238
v -0.042559 -0.054849 0.051423
v -0.040174 -0.057386 0.044998
v -0.043784 -0.065679 0.058314
v -0.044218 -0.059715 0.057761
v -0.044625 -0.053269 0.057197
v -0.044906 -0.044275 0.056540
v -0.042824 -0.044968 0.050523
v -0.046212 -0.057986 0.063370
v -0.046677 -0.052412 0.062988
v -0.046951 -0.044044 0.062240
v -0.046084 -0.030738 0.058830
v -0.044285 -0.031028 0.054481
v -0.048978 -0.052404 0.065747
v -0.049655 -0.044688 0.064412
v -0.049555 -0.031929 0.057554
v -0.051429 -0.046939 0.061246
v -0.052573 -0.036540 0.055286
v -0.052012 -0.049028 0.056754
v -0.053827 -0.040850 0.053546
v -0.057486 -0.031084 0.040186
v -0.059128 -0.034404 0.021897
v -0.060674 -0.026356 0.024916
v -0.060751 -0.030972 0.002707
v -0.056988 -0.040775 0.019830
v -0.057857 -0.039857 0.000243
v -0.059150 -0.039054 -0.020855
v -0.061442 -0.028567 -0.018911
v -0.060288 -0.038665 -0.042146
v -0.061554 -0.027739 -0.040472
v -0.061250 -0.039321 -0.063829
v -0.061697 -0.028150 -0.062491
v -0.064434 -0.012989 -0.061028
v -0.066788 0.005394 -0.060538
v -0.062468 -0.029088 -0.084530
v -0.064383 -0.013129 -0.083339
v -0.066486 0.005983 -0.082957
v -0.066078 0.023075 -0.084044
v -0.065460 0.021973 -0.061895
v -0.065329 -0.013432 -0.105121
v -0.067140 0.006309 -0.105186
v -0.067206 0.024173 -0.106174
v -0.068665 0.038929 -0.107855
v -0.066556 0.037352 -0.085734
v -0.068447 0.006203 -0.127067
v -0.069518 0.024870 -0.128417
v -0.072150 0.039882 -0.130121
v -0.078761 0.051940 -0.130471
v -0.073487 0.051132 -0.108721
v -0.071618 0.024913 -0.150987
v -0.075763 0.040193 -0.152593
v -0.084442 0.052050 -0.152582
v -0.095372 0.057786 -0.151130
v -0.088580 0.058343 -0.129361
v -0.079328 0.040080 -0.175199
v -0.089890 0.051763 -0.175018
v -0.101976 0.057149 -0.173591
v -0.112085 0.058815 -0.171289
v -0.104935 0.059869 -0.149156
v -0.094209 0.051769 -0.197947
v -0.107842 0.056347 -0.196577
v -0.119199 0.058050 -0.193798
v -0.128251 0.062104 -0.191036
v -0.120917 0.061560 -0.168597
v -0.113371 0.055302 -0.219348
v -0.126178 0.057357 -0.216256
v -0.135951 0.062443 -0.213102
v -0.141117 0.071555 -0.211267
v -0.134039 0.069622 -0.189275
v -0.131868 0.056723 -0.233744
v -0.142610 0.062964 -0.230395
v -0.147655 0.073334 -0.228564
v -0.148977 0.084297 -0.227236
v -0.142523 0.081576 -0.209978
v -0.147042 0.063265 -0.241983
v -0.152185 0.074729 -0.240390
v -0.153256 0.086444 -0.239268
v -0.150593 0.097232 -0.238779
v -0.146860 0.094649 -0.226545
v -0.155954 0.075884 -0.249668
v -0.156863 0.088143 -0.248795
v -0.153882 0.099259 -0.248740
v -0.146060 0.106656 -0.250287
v -0.143056 0.104735 -0.239875
v -0.159869 0.089708 -0.257153
v -0.156565 0.100912 -0.257377
v -0.148472 0.108122 -0.259050
v -0.137792 0.110135 -0.261645
v -0.135404 0.108468 -0.252898
v -0.159151 0.102688 -0.264702
v -0.150893 0.109608 -0.266556
v -0.139867 0.111707 -0.269192
v -0.127202 0.111006 -0.271008
v -0.125604 0.109209 -0.264151
v -0.153421 0.111872 -0.272216
v -0.141798 0.114211 -0.275147
v -0.128714 0.114084 -0.276905
v -0.115916 0.114252 -0.279114
v -0.114229 0.111078 -0.272580
v -0.143304 0.119199 -0.278292
v -0.129842 0.118887 -0.280347
v -0.117780 0.119628 -0.282271
v -0.104780 0.120567 -0.277703
v -0.130834 0.124397 -0.281227
v -0.119744 0.125485 -0.282412
v -0.100582 0.131475 -0.272002
v -0.098433 0.128814 -0.267707
v -0.103116 0.117151 -0.271784
v -0.096998 0.126671 -0.261381
v -0.101864 0.115154 -0.264386
v -0.112790 0.109447 -0.265052
v -0.100127 0.113555 -0.255735
v -0.110787 0.107518 -0.256329
v -0.123319 0.107459 -0.255212
v -0.108731 0.105872 -0.246223
v -0.120845 0.105578 -0.245237
v -0.132615 0.106437 -0.242551
v -0.118081 0.103422 -0.233040
v -0.129217 0.104015 -0.230473
v -0.139456 0.101987 -0.227518
v -0.124610 0.100627 -0.212270
v -0.134228 0.098110 -0.209807
v -0.140772 0.091088 -0.209027
v -0.128870 0.094215 -0.188153
v -0.134616 0.087519 -0.187415
v -0.135936 0.078612 -0.188103
v -0.127973 0.084137 -0.165258
v -0.129022 0.075999 -0.165782
v -0.126454 0.068068 -0.166957
v -0.121696 0.073538 -0.143686
v -0.118712 0.066671 -0.144827
v -0.112893 0.062080 -0.146608
v -0.111660 0.065607 -0.123810
v -0.105284 0.062529 -0.125593
v -0.097440 0.060894 -0.127745
v -0.097961 0.063358 -0.105310
v -0.090670 0.061871 -0.107275
v -0.081811 0.058675 -0.108367
v -0.083802 0.061813 -0.086871
v -0.076098 0.057674 -0.087269
v -0.069590 0.049215 -0.086886
v -0.071385 0.056586 -0.066127
v -0.066711 0.047450 -0.065400
v -0.064956 0.035959 -0.063782
v -0.064402 0.045878 -0.043981
v -0.064006 0.035202 -0.041947
v -0.062323 0.045038 -0.023243
v -0.063082 0.035055 -0.020995
v -0.060797 0.044803 -0.002765
v -0.062126 0.035904 -0.000143
v -0.060679 0.052579 -0.004398
v -0.058291 0.051158 0.015285
v -0.063927 0.053517 -0.024676
v -0.067638 0.060025 -0.025271
v -0.062463 0.058950 -0.005440
v -0.067466 0.054884 -0.045025
v -0.072696 0.060667 -0.045384
v -0.078233 0.063987 -0.045158
v -0.072653 0.064268 -0.025267
v -0.077642 0.060993 -0.066052
v -0.083586 0.063803 -0.065445
v -0.089289 0.065541 -0.064213
v -0.083463 0.066089 -0.044381
v -0.090269 0.063643 -0.085431
v -0.096092 0.065585 -0.083472
v -0.100681 0.068738 -0.082106
v -0.094143 0.067636 -0.062980
v -0.104134 0.065639 -0.103456
v -0.108407 0.069867 -0.102137
v -0.109921 0.075716 -0.101516
v -0.102880 0.073445 -0.081344
v -0.115241 0.071470 -0.122984
v -0.115881 0.078205 -0.122673
v -0.112726 0.084200 -0.123140
v -0.108071 0.081429 -0.101701
v -0.121514 0.081128 -0.143071
v -0.117455 0.087363 -0.143427
v -0.110922 0.090219 -0.145047
v -0.106986 0.087579 -0.124342
v -0.123504 0.090756 -0.165773
v -0.116104 0.093577 -0.167491
v -0.107861 0.093949 -0.168991
v -0.103857 0.090806 -0.147086
v -0.120345 0.096918 -0.190056
v -0.111153 0.097183 -0.191640
v -0.102022 0.098562 -0.192151
v -0.099252 0.095426 -0.169620
v -0.114539 0.100322 -0.214022
v -0.104323 0.101519 -0.214345
v -0.095847 0.107147 -0.213882
v -0.093934 0.103337 -0.191907
v -0.106759 0.104366 -0.233637
v -0.097515 0.110332 -0.232855
v -0.093422 0.120499 -0.230757
v -0.091936 0.116594 -0.212410
v -0.098775 0.111999 -0.245605
v -0.094682 0.122828 -0.243230
v -0.096761 0.134423 -0.239984
v -0.095604 0.131574 -0.227712
v -0.095653 0.124836 -0.253247
v -0.097810 0.136717 -0.249796
v -0.103219 0.147841 -0.246115
v -0.102112 0.145283 -0.236492
v -0.099183 0.138545 -0.257296
v -0.104295 0.149487 -0.253220
v -0.111535 0.159601 -0.249907
v -0.109916 0.157468 -0.242842
v -0.100571 0.140165 -0.262650
v -0.105637 0.150595 -0.258393
v -0.112598 0.160654 -0.255051
v -0.120521 0.169449 -0.253021
v -0.118837 0.167987 -0.247703
v -0.107322 0.151250 -0.263073
v -0.114148 0.161031 -0.259813
v -0.122325 0.169975 -0.257693
v -0.116567 0.160113 -0.263947
v -0.124571 0.168937 -0.261257
v -0.127546 0.166384 -0.263138
v -0.135159 0.174976 -0.261233
v -0.141453 0.182283 -0.260344
v -0.130324 0.162926 -0.263265
v -0.138095 0.171883 -0.261443
v -0.144831 0.178975 -0.260907
v -0.150517 0.184324 -0.261789
v -0.146345 0.188470 -0.262157
v -0.153287 0.186461 -0.267240
v -0.148883 0.191262 -0.267759
v -0.143295 0.196461 -0.268468
v -0.137111 0.201122 -0.270718
v -0.151607 0.193280 -0.273157
v -0.146190 0.198861 -0.274008
v -0.139205 0.203628 -0.276403
v -0.131543 0.205623 -0.279859
v -0.128986 0.202993 -0.274829
v -0.149872 0.202725 -0.275538
v -0.142005 0.208826 -0.277582
v -0.132818 0.211368 -0.281393
v -0.122958 0.208840 -0.285347
v -0.122643 0.204350 -0.283980
v -0.144119 0.214855 -0.275642
v -0.133121 0.217850 -0.279800
v -0.121980 0.214887 -0.284366
v -0.114962 0.205637 -0.289310
v -0.121492 0.221176 -0.283619
v -0.120348 0.226938 -0.281655
v -0.115573 0.231132 -0.278801
v -0.105475 0.224671 -0.283070
v -0.110557 0.232428 -0.273642
v -0.101194 0.225612 -0.277189
v -0.097462 0.215267 -0.278445
v -0.098712 0.223859 -0.269213
v -0.095943 0.213734 -0.270996
v -0.096720 0.204052 -0.272222
v -0.097830 0.205536 -0.279123
v -0.102045 0.197085 -0.272208
v -0.102887 0.199011 -0.278916
v -0.110059 0.195234 -0.270444
v -0.110767 0.197778 -0.277290
v -0.112445 0.199838 -0.282899
v -0.118984 0.199123 -0.273875
v -0.120523 0.201720 -0.279286
v -0.114572 0.201929 -0.287924
v -0.118534 0.196509 -0.266965
v -0.109943 0.192662 -0.262620
v -0.118674 0.193631 -0.258575
v -0.109681 0.189325 -0.253037
v -0.118685 0.190046 -0.249063
v -0.126846 0.188056 -0.244325
v -0.117508 0.185895 -0.238452
v -0.124822 0.183723 -0.235147
v -0.126539 0.176820 -0.235814
v -0.129762 0.180530 -0.243787
v -0.121590 0.171011 -0.238035
v -0.124646 0.174583 -0.245704
v -0.116273 0.164836 -0.240241
v -0.118508 0.166924 -0.227713
v -0.113507 0.160981 -0.230105
v -0.107906 0.154227 -0.233064
v -0.110676 0.156572 -0.216957
v -0.105598 0.150013 -0.220572
v -0.100598 0.141713 -0.224253
v -0.102704 0.144311 -0.203993
v -0.098155 0.136591 -0.207300
v -0.093669 0.126908 -0.210119
v -0.095285 0.130522 -0.186875
v -0.091562 0.121586 -0.188968
v -0.090073 0.112041 -0.190751
v -0.088627 0.115958 -0.167642
v -0.088303 0.107493 -0.169184
v -0.092028 0.100264 -0.169842
v -0.084551 0.101196 -0.148357
v -0.089429 0.095459 -0.149032
v -0.095977 0.092012 -0.148778
v -0.087186 0.090908 -0.126524
v -0.093922 0.088723 -0.126176
v -0.100530 0.088488 -0.125610
v -0.091559 0.086864 -0.105644
v -0.097582 0.086175 -0.104179
v -0.103443 0.084937 -0.102561
v -0.093085 0.084238 -0.084057
v -0.098200 0.082504 -0.082368
v -0.101962 0.078669 -0.081402
v -0.093987 0.080155 -0.062867
v -0.097212 0.076410 -0.062243
v -0.097457 0.071698 -0.062255
v -0.094278 0.074357 -0.042787
v -0.092107 0.070389 -0.042977
v -0.088327 0.067977 -0.043529
v -0.086470 0.069342 -0.022340
v -0.081856 0.068177 -0.023344
v -0.077559 0.066734 -0.024412
v -0.074643 0.068619 -0.004403
v -0.070223 0.066755 -0.005410
v -0.065813 0.063736 -0.005921
v -0.063550 0.065678 0.013069
v -0.060427 0.061855 0.013336
v -0.058555 0.056972 0.014138
v -0.056774 0.059292 0.030569
v -0.056270 0.054882 0.031092
v -0.057002 0.050139 0.031955
v -0.055110 0.053561 0.044505
v -0.056372 0.049032 0.044152
v -0.054297 0.052811 0.053875
v -0.055859 0.047515 0.052119
v -0.056628 0.040470 0.049879
v -0.054532 0.045579 0.058218
v -0.054347 0.037873 0.054382
v -0.053617 0.025919 0.046741
v -0.056490 0.029450 0.043283
v -0.055487 0.013029 0.036128
v -0.059543 0.019733 0.029854
v -0.058826 0.001176 0.025126
v -0.050667 0.023222 0.050801
v -0.051332 0.035605 0.058275
v -0.048872 0.033772 0.061537
v -0.047666 0.021366 0.055435
v -0.045971 0.034325 0.058826
v -0.044581 0.020653 0.056354
v -0.043835 0.035878 0.053276
v -0.042723 0.021044 0.051626
v -0.042949 0.003936 0.052028
v -0.040962 0.021720 0.046117
v -0.040880 0.003986 0.045761
v -0.041287 -0.014718 0.046313
v -0.043593 -0.014058 0.052191
v -0.042193 -0.032016 0.048635
v -0.039163 -0.015168 0.040552
v -0.039997 -0.032783 0.042441
v -0.040654 -0.046262 0.044056
v -0.037135 -0.033563 0.035286
v -0.037277 -0.048247 0.035979
v -0.036387 -0.061437 0.036748
v -0.032171 -0.050962 0.025682
v -0.029557 -0.067248 0.025528
v -0.026803 -0.080152 0.026582
v -0.019840 -0.072087 0.012714
v -0.015201 -0.086729 0.014454
v -0.012584 -0.095873 0.016980
v -0.003780 -0.088251 0.001680
v 0.002412 -0.098301 0.003411
v 0.004287 -0.084799 -0.009781
v 0.011777 -0.095241 -0.007971
v 0.008918 -0.080341 -0.018724
v 0.017206 -0.090860 -0.017354
v 0.010431 -0.076537 -0.025551
v 0.019895 -0.087280 -0.024775
v 0.030759 -0.095161 -0.021375
v 0.020996 -0.084446 -0.030186
v 0.032472 -0.092375 -0.027530
v 0.044588 -0.097396 -0.024112
v 0.042153 -0.100431 -0.017149
v 0.058346 -0.099639 -0.020846
v 0.056179 -0.102926 -0.013667
v 0.073376 -0.097776 -0.017545
v 0.071901 -0.101719 -0.010291
v 0.070181 -0.105871 -0.002860
v 0.059896 -0.096922 -0.027146
v 0.074470 -0.094443 -0.023746
v 0.088908 -0.089824 -0.020724
v 0.074888 -0.091041 -0.028781
v 0.089625 -0.088420 -0.027171
v 0.101392 -0.079038 -0.024337
v 0.102095 -0.081159 -0.017921
v 0.110973 -0.067508 -0.023132
v 0.112921 -0.070160 -0.017950
v 0.120059 -0.054336 -0.025688
v 0.122893 -0.055782 -0.020925
v 0.123980 -0.056254 -0.015436
v 0.128286 -0.042889 -0.025749
v 0.130019 -0.042724 -0.020533
v 0.131877 -0.042229 -0.014435
v 0.125806 -0.056356 -0.008143
v 0.134146 -0.032258 -0.025686
v 0.136234 -0.031248 -0.020338
v 0.137468 -0.023052 -0.030727
v 0.139519 -0.021649 -0.025723
v 0.132127 -0.032716 -0.030557
v 0.125731 -0.042365 -0.030385
v 0.129526 -0.033096 -0.034391
v 0.121802 -0.040266 -0.032737
v 0.125273 -0.032340 -0.036424
v 0.118257 -0.039485 -0.036580
v 0.121413 -0.031629 -0.039342
v 0.117180 -0.040125 -0.041972
v 0.120705 -0.032173 -0.043757
v 0.123448 -0.025344 -0.044441
v 0.119934 -0.032717 -0.048643
v 0.122560 -0.025812 -0.048981
v 0.124313 -0.019855 -0.049445
v 0.125343 -0.018862 -0.045563
v 0.126907 -0.014937 -0.051006
v 0.127236 -0.013374 -0.047332
v 0.127799 -0.010072 -0.052198
v 0.128183 -0.008598 -0.048965
v 0.128426 -0.016331 -0.053185
v 0.126131 -0.021625 -0.051912
v 0.123391 -0.026989 -0.052655
v 0.120418 -0.033711 -0.052284
v 0.116973 -0.042226 -0.052128
v 0.120452 -0.044545 -0.052355
v 0.116481 -0.040629 -0.047831
v 0.110520 -0.049914 -0.045456
v 0.111329 -0.051896 -0.050476
v 0.111657 -0.049501 -0.038827
v 0.103976 -0.059460 -0.036797
v 0.103144 -0.059306 -0.043904
v 0.113059 -0.049138 -0.032376
v 0.104229 -0.060111 -0.029835
v 0.094651 -0.069397 -0.031186
v 0.094859 -0.068257 -0.037836
v 0.115777 -0.051133 -0.028518
v 0.106641 -0.063047 -0.024904
v 0.097456 -0.073573 -0.027413
v 0.087007 -0.081733 -0.030209
v 0.084810 -0.076830 -0.032744
v 0.073361 -0.082576 -0.034527
v 0.073761 -0.081098 -0.039551
v 0.084617 -0.075423 -0.038812
v 0.074153 -0.086665 -0.031751
v 0.061551 -0.088742 -0.034603
v 0.061921 -0.084174 -0.035821
v 0.061001 -0.093179 -0.031938
v 0.047425 -0.092525 -0.034827
v 0.048817 -0.087082 -0.036157
v 0.046091 -0.095161 -0.030041
v 0.033440 -0.090062 -0.032293
v 0.034786 -0.086850 -0.035180
v 0.024960 -0.077970 -0.033428
v 0.026827 -0.074897 -0.033615
v 0.036996 -0.081796 -0.035274
v 0.022589 -0.081522 -0.033297
v 0.014433 -0.068840 -0.031037
v 0.017520 -0.067020 -0.030529
v 0.011396 -0.072625 -0.029627
v 0.005217 -0.059490 -0.026310
v 0.009137 -0.056571 -0.027570
v 0.002833 -0.061712 -0.023857
v -0.002058 -0.045035 -0.023317
v 0.002193 -0.042764 -0.024376
v 0.000527 -0.065082 -0.018567
v -0.005930 -0.047777 -0.018722
v -0.009324 -0.030567 -0.017067
v -0.004984 -0.028448 -0.021165
v -0.003298 -0.069063 -0.010437
v -0.009738 -0.050458 -0.010065
v -0.014186 -0.032877 -0.008840
v -0.016544 -0.014572 -0.006042
v -0.012085 -0.013262 -0.014062
v -0.017188 -0.053304 0.000645
v -0.021084 -0.034829 0.002718
v -0.023137 -0.015684 0.005430
v -0.023969 0.004679 0.006566
v -0.017862 0.004974 -0.004341
v -0.027869 -0.035233 0.015672
v -0.029235 -0.016077 0.017350
v -0.029596 0.004314 0.017686
v -0.028960 0.024634 0.017233
v -0.023087 0.024750 0.006033
v -0.033562 -0.015797 0.026747
v -0.033592 0.004230 0.026613
v -0.033588 0.023905 0.026683
v -0.033443 0.042148 0.027081
v -0.028321 0.043845 0.016352
v -0.036494 0.004068 0.033873
v -0.036630 0.023151 0.034221
v -0.037159 0.040218 0.035489
v -0.037180 0.055041 0.037667
v -0.032699 0.059028 0.028734
v -0.038973 0.022452 0.040452
v -0.039728 0.038619 0.042107
v -0.040097 0.051862 0.044504
v -0.040116 0.063266 0.046925
v -0.037092 0.067869 0.040270
v -0.041860 0.037263 0.047850
v -0.042369 0.049367 0.050162
v -0.042388 0.059536 0.052335
v -0.042389 0.067653 0.054356
v -0.040299 0.072154 0.048960
v -0.044473 0.047056 0.055473
v -0.044391 0.056354 0.057302
v -0.044098 0.063706 0.058994
v -0.044010 0.070052 0.060934
v -0.042653 0.074730 0.056416
v -0.046327 0.053548 0.062160
v -0.045826 0.060352 0.063581
v -0.045419 0.065987 0.064951
v -0.045785 0.076901 0.062971
v -0.047599 0.057125 0.068331
v -0.047127 0.062437 0.069542
v -0.050063 0.055692 0.068636
v -0.049035 0.060199 0.070464
v -0.052030 0.056370 0.062553
v -0.050774 0.060591 0.063985
v -0.052859 0.056965 0.054875
v -0.051817 0.060766 0.055476
v -0.051090 0.063679 0.055788
v -0.052511 0.066530 0.056130
v -0.054158 0.061006 0.044423
v -0.055122 0.064135 0.044608
v -0.056159 0.066752 0.045468
v -0.058082 0.068981 0.046198
v -0.054235 0.068930 0.056572
v -0.060070 0.066366 0.030242
v -0.062583 0.068594 0.030457
v -0.065134 0.070559 0.031562
v -0.067978 0.071882 0.032878
v -0.060073 0.070918 0.046334
v -0.071228 0.069979 0.014504
v -0.075056 0.071289 0.015620
v -0.078164 0.072054 0.016531
v -0.077711 0.073957 0.016699
v -0.069799 0.072797 0.033600
v -0.083205 0.070665 -0.002477
v -0.085114 0.073552 -0.001842
v -0.081804 0.076042 -0.002480
v -0.077923 0.077437 -0.003425
v -0.074311 0.075787 0.015689
v -0.088297 0.075389 -0.022032
v -0.084978 0.077638 -0.022638
v -0.081521 0.078847 -0.023368
v -0.077594 0.080393 -0.024094
v -0.073723 0.079217 -0.004633
v -0.087580 0.080051 -0.044336
v -0.083162 0.081331 -0.045051
v -0.079128 0.082850 -0.045353
v -0.075108 0.085078 -0.045562
v -0.073232 0.082495 -0.025028
v -0.084689 0.084090 -0.064959
v -0.080817 0.086726 -0.065368
v -0.077835 0.090624 -0.065404
v -0.076502 0.094437 -0.065162
v -0.072411 0.089352 -0.045058
v -0.082842 0.087736 -0.085815
v -0.078556 0.091751 -0.085894
v -0.077254 0.097082 -0.085652
v -0.078792 0.102568 -0.085148
v -0.076933 0.099224 -0.064613
v -0.079985 0.093765 -0.106366
v -0.079196 0.099732 -0.106098
v -0.080969 0.105918 -0.105643
v -0.083661 0.111514 -0.104929
v -0.081041 0.107895 -0.084466
v -0.081698 0.102813 -0.126757
v -0.083502 0.109761 -0.125908
v -0.086466 0.116133 -0.124476
v -0.089795 0.122145 -0.122452
v -0.086695 0.116947 -0.103567
v -0.087117 0.115992 -0.145105
v -0.090365 0.122691 -0.143281
v -0.093639 0.128537 -0.141148
v -0.097090 0.134110 -0.138709
v -0.093247 0.127832 -0.120007
v -0.094874 0.130544 -0.163450
v -0.098125 0.136043 -0.161040
v -0.101537 0.141394 -0.158268
v -0.104602 0.146794 -0.155595
v -0.100045 0.139592 -0.136341
v -0.102503 0.143324 -0.181428
v -0.106198 0.148789 -0.178034
v -0.109615 0.154158 -0.174723
v -0.108270 0.159271 -0.172761
v -0.103718 0.151990 -0.153839
v -0.110973 0.155863 -0.196467
v -0.114528 0.161394 -0.193227
v -0.112826 0.166668 -0.191419
v -0.105973 0.167756 -0.192053
v -0.101820 0.160886 -0.173571
v -0.119220 0.167570 -0.210664
v -0.117885 0.173501 -0.208863
v -0.110440 0.174530 -0.210118
v -0.102101 0.174320 -0.211055
v -0.098113 0.168473 -0.192588
v -0.122573 0.179076 -0.223863
v -0.114611 0.180605 -0.225681
v -0.106126 0.180319 -0.227558
v -0.097206 0.182510 -0.227993
v -0.093942 0.177418 -0.210528
v -0.108812 0.185431 -0.241585
v -0.099445 0.187361 -0.242841
v -0.093671 0.194971 -0.242034
v -0.092134 0.190047 -0.226037
v -0.100282 0.191134 -0.254843
v -0.094569 0.198847 -0.254152
v -0.093837 0.208411 -0.252265
v -0.092702 0.204443 -0.240147
v -0.101251 0.194412 -0.264505
v -0.095502 0.201731 -0.263908
v -0.094908 0.211405 -0.262109
v -0.097608 0.220819 -0.260066
v -0.095834 0.217722 -0.249942
v -0.101646 0.224924 -0.247141
v -0.099274 0.220886 -0.235198
v -0.094187 0.213618 -0.237831
v -0.104110 0.228063 -0.257401
v -0.113283 0.231631 -0.253764
v -0.110560 0.227703 -0.244253
v -0.106786 0.230884 -0.266272
v -0.116867 0.234118 -0.261949
v -0.127236 0.233992 -0.257185
v -0.124132 0.231113 -0.249852
v -0.136353 0.228653 -0.246514
v -0.133932 0.225157 -0.237361
v -0.121271 0.227570 -0.240806
v -0.138680 0.231346 -0.253811
v -0.151068 0.225315 -0.253082
v -0.149784 0.222622 -0.245081
v -0.151859 0.227323 -0.259300
v -0.162576 0.216305 -0.258340
v -0.162135 0.214709 -0.252163
v -0.161975 0.216768 -0.263598
v -0.169813 0.205263 -0.262466
v -0.170481 0.204770 -0.256891
v -0.159787 0.214968 -0.267533
v -0.167233 0.204324 -0.266574
v -0.156700 0.211366 -0.270658
v -0.153254 0.207321 -0.273289
v -0.173171 0.190495 -0.252154
v -0.169771 0.202827 -0.251226
v -0.171996 0.187132 -0.246077
v -0.168568 0.199700 -0.244472
v -0.161115 0.211846 -0.244617
v -0.166902 0.195867 -0.236448
v -0.159519 0.207723 -0.235639
v -0.148027 0.218338 -0.235768
v -0.157509 0.203474 -0.225869
v -0.145715 0.213898 -0.225794
v -0.131404 0.220991 -0.227356
v -0.142301 0.208286 -0.212725
v -0.127923 0.215052 -0.213281
v -0.115468 0.217070 -0.214952
v -0.118695 0.223472 -0.230176
v -0.105402 0.216648 -0.216496
v -0.108231 0.223214 -0.232913
v -0.096755 0.214425 -0.218081
v -0.102574 0.209454 -0.198842
v -0.094290 0.207907 -0.200530
v -0.089939 0.200909 -0.202951
v -0.092137 0.207392 -0.220713
v -0.089154 0.193055 -0.205587
v -0.091210 0.198862 -0.223381
v -0.089799 0.184848 -0.208361
v -0.086356 0.188071 -0.186499
v -0.087036 0.180072 -0.189337
v -0.090807 0.172570 -0.191711
v -0.084654 0.174570 -0.170542
v -0.087963 0.167310 -0.172707
v -0.094553 0.162656 -0.173874
v -0.085151 0.161383 -0.153756
v -0.091312 0.156588 -0.154648
v -0.097678 0.154007 -0.154359
v -0.087716 0.150784 -0.135358
v -0.093656 0.147605 -0.135144
v -0.099306 0.144768 -0.134833
v -0.090030 0.141755 -0.116056
v -0.095754 0.139024 -0.115992
v -0.096138 0.133426 -0.117693
v -0.092081 0.132628 -0.097594
v -0.092468 0.127428 -0.099177
v -0.089721 0.122181 -0.101530
v -0.089158 0.121557 -0.080096
v -0.086575 0.116782 -0.082094
v -0.083822 0.112342 -0.083679
v -0.083112 0.112027 -0.061614
v -0.080616 0.107813 -0.062824
v -0.078688 0.103993 -0.063757
v -0.076787 0.103076 -0.042620
v -0.074690 0.098272 -0.043582
v -0.073255 0.093919 -0.044362
v -0.070994 0.095002 -0.025355
v -0.069574 0.090500 -0.025842
v -0.069561 0.085763 -0.025729
v -0.066686 0.089055 -0.006552
v -0.066840 0.084832 -0.006591
v -0.070127 0.081454 -0.006011
v -0.065048 0.083576 0.012101
v -0.067262 0.080562 0.012740
v -0.070431 0.077774 0.013977
v -0.064250 0.079653 0.029771
v -0.066149 0.077087 0.030933
v -0.068714 0.074892 0.032634
v -0.061787 0.076831 0.046524
v -0.063705 0.074941 0.047413
v -0.062725 0.072758 0.047225
v -0.059586 0.074299 0.059093
v -0.058376 0.072416 0.058560
v -0.056201 0.070803 0.057637
v -0.055035 0.072254 0.066983
v -0.053085 0.070691 0.066069
v -0.056678 0.073508 0.067985
v -0.056578 0.075479 0.068495
v -0.058469 0.076058 0.059207
v -0.057124 0.077957 0.059091
v -0.054860 0.077244 0.068758
v -0.060361 0.078688 0.045820
v -0.058994 0.081302 0.045167
v -0.056140 0.080191 0.058804
v -0.062469 0.082837 0.029038
v -0.061839 0.086159 0.028809
v -0.058343 0.084190 0.044982
v -0.064181 0.087492 0.011794
v -0.065127 0.091492 0.011811
v -0.062041 0.089828 0.028916
v -0.067787 0.093058 -0.006250
v -0.069733 0.097057 -0.005819
v -0.066794 0.095246 0.012000
v -0.073112 0.099460 -0.024495
v -0.075244 0.103926 -0.023613
v -0.072051 0.101259 -0.005132
v -0.078847 0.107915 -0.042069
v -0.079927 0.112994 -0.041232
v -0.076634 0.108784 -0.022723
v -0.085277 0.116962 -0.060269
v -0.084795 0.122146 -0.059247
v -0.079465 0.118110 -0.040492
v -0.088802 0.126873 -0.078336
v -0.084545 0.130474 -0.077718
v -0.081211 0.126801 -0.058815
v -0.087590 0.135871 -0.097351
v -0.082425 0.139284 -0.096499
v -0.080143 0.134565 -0.077424
v -0.084605 0.145261 -0.115812
v -0.080540 0.149985 -0.114731
v -0.078579 0.144394 -0.094949
v -0.082554 0.155557 -0.134520
v -0.080124 0.162126 -0.132429
v -0.078332 0.155959 -0.112746
v -0.082206 0.168368 -0.151499
v -0.082109 0.175649 -0.148782
v -0.080144 0.168862 -0.129902
v -0.084126 0.182353 -0.167869
v -0.085427 0.189766 -0.165050
v -0.083203 0.182539 -0.146006
v -0.087437 0.195897 -0.184204
v -0.092450 0.201236 -0.182388
v -0.090511 0.194145 -0.162974
v -0.097923 0.194724 -0.161967
v -0.095513 0.186983 -0.142773
v -0.088355 0.186709 -0.143754
v -0.100380 0.202200 -0.181087
v -0.109232 0.202064 -0.179437
v -0.106327 0.194247 -0.160812
v -0.112149 0.209554 -0.197146
v -0.123991 0.207490 -0.195722
v -0.120237 0.199776 -0.177806
v -0.133382 0.193669 -0.177032
v -0.128667 0.186203 -0.158681
v -0.116585 0.192041 -0.159421
v -0.137968 0.201196 -0.195234
v -0.149466 0.191376 -0.196305
v -0.144143 0.184192 -0.177972
v -0.154319 0.198309 -0.213496
v -0.161520 0.186786 -0.215394
v -0.156600 0.180291 -0.198516
v -0.164792 0.191597 -0.227288
v -0.167757 0.179289 -0.229746
v -0.164168 0.174744 -0.218356
v -0.170362 0.183484 -0.238637
v -0.166297 0.172077 -0.242885
v -0.163574 0.168346 -0.233708
v -0.168370 0.175193 -0.250590
v -0.156526 0.165404 -0.246929
v -0.169886 0.178049 -0.256293
v -0.113128 0.184083 -0.140904
v -0.103580 0.186410 -0.141879
v -0.101210 0.178429 -0.123219
v -0.093421 0.179374 -0.123805
v -0.091681 0.172244 -0.105099
v -0.084850 0.171921 -0.106075
v -0.086433 0.178894 -0.124925
v -0.080089 0.168081 -0.108039
v -0.081499 0.175123 -0.127203
v -0.078121 0.162275 -0.110422
v -0.078568 0.161895 -0.088535
v -0.076681 0.156261 -0.090831
v -0.076766 0.150275 -0.093007
v -0.075821 0.150740 -0.071756
v -0.075455 0.145302 -0.073913
v -0.076634 0.139684 -0.076067
v -0.074313 0.140949 -0.054778
v -0.075436 0.136044 -0.056753
v -0.077647 0.131603 -0.058145
v -0.073425 0.131852 -0.036796
v -0.075102 0.127712 -0.038470
v -0.077537 0.123068 -0.039725
v -0.072817 0.123204 -0.019804
v -0.074735 0.119031 -0.021127
v -0.076467 0.114264 -0.021936
v -0.072677 0.115268 -0.002862
v -0.074080 0.110988 -0.003680
v -0.073708 0.106046 -0.004411
v -0.070144 0.107240 0.014277
v -0.069777 0.103452 0.013255
v -0.068465 0.099293 0.012456
v -0.065685 0.099907 0.030567
v -0.064529 0.097026 0.029804
v -0.063143 0.093443 0.029212
v -0.060011 0.093907 0.045914
v -0.058861 0.090775 0.045216
v -0.058113 0.087440 0.044953
v -0.054823 0.088312 0.058949
v -0.054586 0.085385 0.058679
v -0.055044 0.082569 0.058671
v -0.051847 0.083596 0.070141
v -0.052472 0.081220 0.069582
v -0.053468 0.079254 0.069195
v -0.050149 0.080156 0.078517
v -0.046553 0.079513 0.088391
v -0.051576 0.086202 0.070566
v -0.055467 0.090848 0.059495
v -0.061216 0.096526 0.046776
v -0.066202 0.103437 0.031716
v -0.069427 0.110828 0.015298
v -0.071221 0.118909 -0.001336
v -0.071577 0.127375 -0.018025
v -0.072670 0.136365 -0.035161
v -0.074574 0.145889 -0.052820
v -0.078040 0.155531 -0.069686
v -0.083704 0.164919 -0.086862
v -0.123151 0.172439 -0.225454
v -0.115279 0.162274 -0.213610
v -0.106986 0.150310 -0.200313
v -0.099044 0.137661 -0.184382
v -0.091402 0.123904 -0.165710
v -0.084886 0.108781 -0.146755
v -0.082501 0.096063 -0.126951
v -0.084891 0.089267 -0.106292
v -0.087871 0.085438 -0.085269
v -0.089525 0.082450 -0.063932
v -0.091994 0.078732 -0.043400
v -0.089553 0.071625 -0.021778
v -0.079440 0.069923 -0.003387
v -0.067562 0.068513 0.013595
v -0.058090 0.063110 0.030116
v -0.054369 0.057708 0.044462
v -0.053213 0.051531 0.060687
v -0.050939 0.050218 0.066353
v -0.051533 0.043683 0.063271
v -0.048100 0.050851 0.066874
v -0.048229 0.043258 0.064836
v -0.046538 0.045043 0.060602
v -0.044382 0.081451 0.058232
v -0.041727 0.086132 0.051924
v -0.040920 0.079383 0.050475
v -0.037868 0.091344 0.044752
v -0.037585 0.084784 0.043465
v -0.037122 0.077345 0.042232
v -0.031326 0.090080 0.035592
v -0.030961 0.083303 0.033880
v -0.031825 0.073750 0.031429
v -0.025215 0.063093 0.017073
v -0.016769 0.064942 0.004844
v -0.021649 0.044153 0.004563
v -0.010412 0.062518 -0.004969
v -0.015167 0.042619 -0.005519
v -0.016923 0.024003 -0.004535
v -0.009525 0.040608 -0.012763
v -0.012345 0.022829 -0.012410
v -0.013631 0.005103 -0.012576
v -0.009070 0.021855 -0.017883
v -0.009460 0.005060 -0.017502
v -0.008168 -0.011847 -0.018311
v -0.004807 0.005020 -0.020457
v -0.004072 -0.010684 -0.020954
v -0.000810 -0.026626 -0.022814
v 0.000461 -0.010176 -0.023169
v 0.002769 -0.025206 -0.024443
v 0.005742 -0.041596 -0.024429
v 0.003935 -0.024982 -0.028135
v 0.006785 -0.040635 -0.027605
v 0.012132 -0.054838 -0.027599
v 0.007584 -0.040079 -0.031686
v 0.013554 -0.053284 -0.030741
v 0.020060 -0.065126 -0.032308
v 0.013943 -0.052404 -0.035368
v 0.020288 -0.064332 -0.035653
v 0.027966 -0.072902 -0.035796
v 0.020051 -0.064410 -0.039208
v 0.027638 -0.072875 -0.038879
v 0.038611 -0.078361 -0.039542
v 0.038841 -0.078361 -0.036201
v 0.050402 -0.082837 -0.040313
v 0.049959 -0.083367 -0.036700
v 0.062663 -0.083094 -0.040307
v 0.050164 -0.085561 -0.040910
v 0.062963 -0.086388 -0.041877
v 0.074995 -0.083166 -0.043500
v 0.063550 -0.092297 -0.041093
v 0.077084 -0.088397 -0.042831
v 0.087901 -0.081246 -0.044253
v 0.084875 -0.076504 -0.044558
v 0.097222 -0.072273 -0.045871
v 0.094679 -0.068189 -0.043709
v 0.104871 -0.062082 -0.047901
v 0.101619 -0.076865 -0.045300
v 0.109062 -0.065860 -0.047873
v 0.115006 -0.055254 -0.051283
v 0.113912 -0.070080 -0.049167
v 0.119080 -0.058400 -0.052568
v 0.124266 -0.047689 -0.053823
v 0.121886 -0.061261 -0.056254
v 0.126684 -0.050555 -0.057299
v 0.122901 -0.063334 -0.061970
v 0.127878 -0.052349 -0.062660
v 0.133250 -0.043153 -0.067130
v 0.132784 -0.044254 -0.074852
v 0.137937 -0.037316 -0.071903
v 0.138274 -0.035593 -0.064372
v 0.144478 -0.033412 -0.068217
v 0.143844 -0.031743 -0.060419
v 0.151345 -0.028385 -0.065185
v 0.150006 -0.026567 -0.057211
v 0.156548 -0.018692 -0.063504
v 0.155444 -0.016954 -0.055815
v 0.154076 -0.014062 -0.049183
v 0.158755 -0.005012 -0.055764
v 0.156416 -0.002158 -0.049988
v 0.159466 0.006032 -0.056168
v 0.155992 0.008449 -0.050817
v 0.161187 -0.006972 -0.062840
v 0.162969 0.004640 -0.062820
v 0.159468 0.014026 -0.063018
v 0.163147 0.004086 -0.070958
v 0.159976 0.013818 -0.070303
v 0.155826 0.021323 -0.069597
v 0.155273 0.020754 -0.063185
v 0.158690 0.013785 -0.078251
v 0.155307 0.021699 -0.076887
v 0.151452 0.028432 -0.075449
v 0.156716 0.014293 -0.086771
v 0.158724 0.003917 -0.088744
v 0.154003 0.003788 -0.096897
v 0.152514 0.014566 -0.094364
v 0.161596 0.003872 -0.079478
v 0.162297 -0.007993 -0.071203
v 0.157282 -0.019277 -0.071979
v 0.151729 -0.028685 -0.074270
v 0.143747 -0.033045 -0.077647
v 0.142488 -0.028355 -0.087142
v 0.143919 -0.020356 -0.095536
v 0.141477 -0.010254 -0.104652
v 0.147485 -0.009701 -0.101070
v 0.143977 0.002847 -0.104085
v 0.149137 0.003490 -0.101743
v 0.142854 0.012988 -0.101874
v 0.147405 0.014391 -0.099090
v 0.142694 0.002465 -0.109061
v 0.140914 -0.011983 -0.110096
v 0.141768 -0.013567 -0.116691
v 0.142964 0.001517 -0.115700
v 0.143024 -0.014509 -0.124931
v 0.143633 0.000648 -0.124170
v 0.144046 -0.014512 -0.135422
v 0.145063 0.000366 -0.134386
v 0.143958 0.014735 -0.134894
v 0.148683 0.000533 -0.149160
v 0.144833 0.013978 -0.150896
v 0.142136 0.027028 -0.152241
v 0.141012 0.027122 -0.136168
v 0.140520 0.037558 -0.153040
v 0.139041 0.037646 -0.137328
v 0.139391 0.045086 -0.153483
v 0.137418 0.044492 -0.138173
v 0.136024 0.043507 -0.124459
v 0.134844 0.049351 -0.138998
v 0.133079 0.048799 -0.125178
v 0.131274 0.048351 -0.112390
v 0.134659 0.042067 -0.111943
v 0.129447 0.048185 -0.101387
v 0.132758 0.042455 -0.100542
v 0.130740 0.043635 -0.092303
v 0.132882 0.038208 -0.090613
v 0.130068 0.045568 -0.084458
v 0.132950 0.040387 -0.083166
v 0.128016 0.053431 -0.112560
v 0.125957 0.053749 -0.100839
v 0.125062 0.057336 -0.112833
v 0.122109 0.057160 -0.101153
v 0.120305 0.058089 -0.113556
v 0.117927 0.056417 -0.102679
v 0.115155 0.057517 -0.114463
v 0.113413 0.055316 -0.104600
v 0.112922 0.062379 -0.114709
v 0.110638 0.060117 -0.104297
v 0.107410 0.058503 -0.094866
v 0.107878 0.065571 -0.103635
v 0.104748 0.063230 -0.094263
v 0.104160 0.064221 -0.087238
v 0.105986 0.058936 -0.087673
v 0.105062 0.071491 -0.085888
v 0.105500 0.076716 -0.090296
v 0.108860 0.079296 -0.089109
v 0.108643 0.073930 -0.084224
v 0.107420 0.082331 -0.098381
v 0.109643 0.086603 -0.096399
v 0.106712 0.090845 -0.094765
v 0.109837 0.092377 -0.106347
v 0.105403 0.096957 -0.104776
v 0.100012 0.101542 -0.103366
v 0.101215 0.094292 -0.093559
v 0.093190 0.110152 -0.101169
v 0.094445 0.102342 -0.091167
v 0.082348 0.121585 -0.099302
v 0.084583 0.111990 -0.087407
v 0.085410 0.105401 -0.078862
v 0.068644 0.120905 -0.084132
v 0.069310 0.115447 -0.074727
v 0.070924 0.114045 -0.067736
v 0.088905 0.103812 -0.073382
v 0.072359 0.112823 -0.061388
v 0.092027 0.104251 -0.067010
v 0.073720 0.111163 -0.055906
v 0.053456 0.114326 -0.058467
v 0.054841 0.112668 -0.052785
v 0.056309 0.110862 -0.048345
v 0.074960 0.108934 -0.051267
v 0.057324 0.107783 -0.044606
v 0.075820 0.105917 -0.047069
v 0.058572 0.104154 -0.040322
v 0.076807 0.101824 -0.042915
v 0.059553 0.100683 -0.039335
v 0.076583 0.096656 -0.041674
v 0.060253 0.094651 -0.040505
v 0.075278 0.090975 -0.042669
v 0.060862 0.089970 -0.041383
v 0.074621 0.086633 -0.043238
v 0.085451 0.080635 -0.044700
v 0.073989 0.082534 -0.043780
v 0.061089 0.085686 -0.042132
v 0.046070 0.088667 -0.039692
v 0.047302 0.084692 -0.040490
v 0.048511 0.081949 -0.038771
v 0.033972 0.079451 -0.039190
v 0.035434 0.077053 -0.037209
v 0.035078 0.078479 -0.034204
v 0.025406 0.070633 -0.037712
v 0.025081 0.071740 -0.033298
v 0.022551 0.074944 -0.032344
v 0.032989 0.083517 -0.034893
v 0.019608 0.078489 -0.032232
v 0.031072 0.088554 -0.034201
v 0.017662 0.081610 -0.029322
v 0.030727 0.090271 -0.029340
v 0.016460 0.084591 -0.024724
v 0.030298 0.092656 -0.023607
v 0.044779 0.097718 -0.022650
v 0.029113 0.096275 -0.017166
v 0.043267 0.101491 -0.015515
v 0.057530 0.104264 -0.012204
v 0.041250 0.105118 -0.007862
v 0.055439 0.107893 -0.004630
v 0.068572 0.108180 0.002042
v 0.053877 0.110734 0.001821
v 0.066860 0.111448 0.007617
v 0.078867 0.110695 0.015603
v 0.065417 0.114639 0.012341
v 0.077290 0.113762 0.019931
v 0.087722 0.111293 0.028802
v 0.074890 0.113787 0.024013
v 0.083909 0.109970 0.032233
v 0.090274 0.104631 0.041784
v 0.079767 0.106633 0.034947
v 0.086390 0.102396 0.043091
v 0.090101 0.098985 0.053935
v 0.082387 0.105386 0.046928
v 0.076311 0.107227 0.038672
v 0.072140 0.110414 0.027531
v 0.069396 0.108859 0.031578
v 0.062658 0.113688 0.021016
v 0.061004 0.110129 0.024945
v 0.050768 0.115276 0.016179
v 0.050218 0.112242 0.020293
v 0.037334 0.115987 0.013505
v 0.037287 0.113209 0.017308
v 0.020479 0.113936 0.011775
v 0.020712 0.112825 0.015517
v 0.021243 0.111196 0.019096
v 0.004583 0.109508 0.016341
v 0.005592 0.109770 0.019784
v 0.007473 0.108424 0.024143
v -0.009025 0.108046 0.024561
v 0.007964 0.111006 0.024309
v 0.007398 0.113283 0.022503
v -0.009681 0.105958 0.020525
v -0.022148 0.100773 0.028481
v -0.021109 0.103320 0.032321
v -0.031444 0.095846 0.037644
v -0.030118 0.099929 0.040555
v -0.021790 0.095792 0.025691
v -0.008773 0.102343 0.017241
v 0.004172 0.107767 0.012693
v 0.021313 0.112170 0.007803
v 0.037755 0.114707 0.009227
v 0.038243 0.111325 0.004562
v 0.022609 0.108897 0.003285
v 0.039436 0.108047 -0.000977
v 0.024159 0.104991 -0.002641
v 0.026760 0.100725 -0.009746
v 0.012836 0.092927 -0.012351
v 0.015009 0.088594 -0.019303
v 0.005869 0.073728 -0.018619
v 0.002952 0.078058 -0.012459
v -0.002644 0.057000 -0.019012
v -0.005277 0.059456 -0.013190
v -0.007341 0.039030 -0.018780
v -0.000752 0.055062 -0.023370
v -0.004169 0.037844 -0.022612
v -0.004939 0.021191 -0.021166
v 0.000933 0.036545 -0.023164
v -0.000821 0.020618 -0.022645
v -0.000606 0.005064 -0.021681
v 0.002035 0.020017 -0.026166
v 0.000781 0.005091 -0.026140
v 0.001032 -0.009987 -0.027324
v 0.001551 0.005035 -0.031308
v 0.001683 -0.009834 -0.031767
v 0.005035 -0.024868 -0.032623
v 0.002534 -0.009856 -0.036263
v 0.006198 -0.024814 -0.036731
v 0.008381 -0.040104 -0.036478
v 0.007538 -0.025201 -0.041211
v 0.009010 -0.040208 -0.040370
v 0.014425 -0.052166 -0.039673
v 0.008221 -0.040975 -0.042684
v 0.012532 -0.053186 -0.041548
v 0.017820 -0.065902 -0.040194
v 0.008421 -0.055200 -0.041089
v 0.014876 -0.067532 -0.039671
v 0.024191 -0.077661 -0.039023
v 0.026154 -0.075199 -0.039525
v 0.035351 -0.084776 -0.039181
v 0.037195 -0.081010 -0.040099
v 0.049257 -0.089711 -0.040074
v 0.033629 -0.088532 -0.038337
v 0.048111 -0.094026 -0.039180
v 0.064138 -0.097270 -0.040312
v 0.046437 -0.099883 -0.038149
v 0.064409 -0.103953 -0.040359
v 0.081468 -0.101263 -0.042308
v 0.079078 -0.095127 -0.041971
v 0.095350 -0.092393 -0.044689
v 0.092157 -0.087645 -0.043320
v 0.106038 -0.081471 -0.046945
v 0.097839 -0.095791 -0.050007
v 0.109021 -0.085181 -0.051351
v 0.117135 -0.073484 -0.053338
v 0.110696 -0.088145 -0.057681
v 0.118751 -0.075958 -0.059319
v 0.109686 -0.088991 -0.065041
v 0.098708 -0.099958 -0.062331
v 0.096813 -0.100543 -0.070474
v 0.108708 -0.089035 -0.073141
v 0.099855 -0.099116 -0.055465
v 0.083561 -0.108936 -0.051814
v 0.083525 -0.109663 -0.057636
v 0.082525 -0.104526 -0.047295
v 0.064090 -0.107128 -0.044076
v 0.063595 -0.110963 -0.047842
v 0.043921 -0.107914 -0.044373
v 0.042751 -0.111131 -0.049031
v 0.062838 -0.113386 -0.052701
v 0.045258 -0.103850 -0.041290
v 0.029100 -0.097058 -0.040611
v 0.026579 -0.101736 -0.043855
v 0.031216 -0.093136 -0.038264
v 0.018015 -0.084734 -0.039569
v 0.015515 -0.087955 -0.042052
v 0.020656 -0.081565 -0.038758
v 0.011811 -0.069527 -0.039142
v 0.007176 -0.072475 -0.040305
v 0.001722 -0.058673 -0.043053
v -0.001422 -0.060187 -0.046262
v 0.004869 -0.073737 -0.044133
v 0.004942 -0.057023 -0.041399
v -0.000250 -0.043373 -0.042303
v -0.003806 -0.044661 -0.042831
v 0.003962 -0.042366 -0.042558
v 0.001927 -0.027360 -0.043839
v -0.002622 -0.028152 -0.043726
v 0.005975 -0.026332 -0.043713
v 0.003224 -0.010249 -0.044319
v -0.000516 -0.011411 -0.044569
v 0.003815 -0.009783 -0.041325
v 0.003328 0.004616 -0.041126
v 0.002316 0.004390 -0.044166
v 0.002402 0.004831 -0.036202
v 0.004999 0.019689 -0.036362
v 0.006228 0.019773 -0.041320
v 0.003453 0.019725 -0.031407
v 0.006880 0.034387 -0.030163
v 0.007409 0.034452 -0.035342
v 0.006381 0.035110 -0.025385
v 0.007222 0.050550 -0.025998
v 0.011001 0.048158 -0.028808
v 0.002856 0.053067 -0.025499
v 0.007612 0.069356 -0.028252
v 0.012299 0.065353 -0.029108
v 0.006668 0.070989 -0.023904
v 0.016058 0.062689 -0.029283
v 0.017989 0.061013 -0.032559
v 0.011378 0.048128 -0.033434
v 0.017720 0.060254 -0.038062
v 0.012086 0.047921 -0.038585
v 0.007650 0.034815 -0.040500
v 0.009403 0.048884 -0.041789
v 0.005076 0.035511 -0.043097
v 0.003512 0.020042 -0.044069
v -0.000271 0.036359 -0.043001
v -0.001908 0.020401 -0.044177
v -0.002126 0.004235 -0.044586
v -0.006737 0.020791 -0.043982
v -0.006436 0.003999 -0.044333
v -0.004928 -0.012291 -0.044283
v -0.009967 0.003806 -0.046752
v -0.008807 -0.013035 -0.045922
v -0.006436 -0.029056 -0.045358
v -0.010713 -0.013833 -0.050082
v -0.008579 -0.030108 -0.048748
v -0.006176 -0.045653 -0.047115
v -0.009755 -0.031185 -0.053455
v -0.007151 -0.046170 -0.052026
v -0.004168 -0.060994 -0.050632
v -0.008127 -0.046670 -0.057730
v -0.005666 -0.061534 -0.056131
v 0.000282 -0.076359 -0.052731
v 0.002404 -0.075021 -0.047793
v 0.010476 -0.091369 -0.050553
v 0.012779 -0.090279 -0.045981
v 0.025214 -0.104080 -0.049003
v 0.009057 -0.092311 -0.056236
v 0.024407 -0.105300 -0.054848
v 0.042372 -0.112473 -0.055210
v 0.023541 -0.106722 -0.062504
v 0.041889 -0.113800 -0.062783
v 0.061146 -0.115747 -0.065727
v 0.062187 -0.114413 -0.058416
v 0.079268 -0.111091 -0.072477
v 0.082128 -0.110348 -0.064644
v 0.092349 -0.098745 -0.078286
v 0.077680 -0.114096 -0.081182
v 0.092096 -0.103237 -0.086453
v 0.059671 -0.118670 -0.075734
v 0.058122 -0.127269 -0.087892
v 0.039086 -0.123879 -0.085928
v 0.036146 -0.133218 -0.102352
v 0.055325 -0.137179 -0.103715
v 0.041329 -0.115642 -0.073230
v 0.023920 -0.107665 -0.072797
v 0.021705 -0.115576 -0.085267
v 0.008503 -0.102403 -0.085867
v 0.005260 -0.111961 -0.100696
v 0.018992 -0.125074 -0.101300
v 0.010449 -0.095318 -0.073891
v 0.001145 -0.091047 -0.087157
v 0.008635 -0.093494 -0.063936
v -0.003779 -0.083192 -0.088175
v -0.006667 -0.090512 -0.101055
v -0.002597 -0.099916 -0.100526
v -0.010787 -0.096719 -0.115030
v -0.006875 -0.106626 -0.115177
v 0.001331 -0.119986 -0.117088
v -0.010501 -0.110397 -0.127679
v -0.002567 -0.124028 -0.132304
v 0.010548 -0.138978 -0.136890
v 0.015215 -0.133268 -0.119803
v 0.026782 -0.148281 -0.137841
v 0.031634 -0.141862 -0.120492
v 0.007820 -0.140881 -0.149730
v 0.024860 -0.151575 -0.150888
v 0.006216 -0.141844 -0.157580
v 0.023244 -0.153803 -0.160729
v 0.044280 -0.156755 -0.157437
v 0.022642 -0.155641 -0.167494
v 0.044908 -0.158517 -0.162650
v 0.066750 -0.150985 -0.154812
v 0.065221 -0.149703 -0.149399
v 0.083322 -0.136745 -0.146484
v 0.068706 -0.152508 -0.159632
v 0.085551 -0.137999 -0.150513
v 0.096687 -0.124455 -0.142340
v 0.094343 -0.123444 -0.137616
v 0.103412 -0.115089 -0.138624
v 0.101621 -0.113346 -0.132858
v 0.108388 -0.105955 -0.131429
v 0.107737 -0.102251 -0.123367
v 0.109778 -0.098566 -0.131940
v 0.111439 -0.095546 -0.123636
v 0.108951 -0.090179 -0.111586
v 0.107137 -0.096954 -0.111637
v 0.106618 -0.090473 -0.123867
v 0.105333 -0.085168 -0.112300
v 0.102480 -0.086516 -0.124397
v 0.102399 -0.081101 -0.112993
v 0.101700 -0.076341 -0.102001
v 0.104886 -0.077225 -0.113686
v 0.103650 -0.072368 -0.102786
v 0.107692 -0.072193 -0.114778
v 0.106301 -0.068496 -0.103858
v 0.103917 -0.064953 -0.095032
v 0.108822 -0.063869 -0.104889
v 0.110587 -0.066762 -0.115866
v 0.113201 -0.061540 -0.116668
v 0.111489 -0.058639 -0.105840
v 0.116847 -0.057355 -0.117460
v 0.115744 -0.055629 -0.106718
v 0.123471 -0.056309 -0.117760
v 0.121592 -0.055204 -0.106532
v 0.129058 -0.052281 -0.117077
v 0.127192 -0.051471 -0.106408
v 0.133638 -0.046497 -0.116491
v 0.130746 -0.052754 -0.129219
v 0.135335 -0.047280 -0.128018
v 0.138208 -0.040098 -0.127038
v 0.136578 -0.039671 -0.115959
v 0.139726 -0.029539 -0.125965
v 0.139031 -0.028708 -0.116091
v 0.139321 -0.039448 -0.139713
v 0.140481 -0.028420 -0.137395
v 0.140999 -0.037537 -0.154641
v 0.142585 -0.026015 -0.152849
v 0.145750 -0.012807 -0.150561
v 0.145004 -0.023360 -0.170992
v 0.149898 -0.010436 -0.169749
v 0.152748 0.001548 -0.168665
v 0.154871 0.003692 -0.188988
v 0.151944 0.015561 -0.188680
v 0.147748 0.014134 -0.169735
v 0.146462 0.027782 -0.188586
v 0.143650 0.026993 -0.170755
v 0.143787 0.037296 -0.188725
v 0.142002 0.037569 -0.171056
v 0.143129 0.046132 -0.189789
v 0.141030 0.045677 -0.170786
v 0.140635 0.051109 -0.188192
v 0.138784 0.051144 -0.170219
v 0.136969 0.050408 -0.153837
v 0.134266 0.054011 -0.169487
v 0.133025 0.053750 -0.154471
v 0.131705 0.053717 -0.139933
v 0.130841 0.058816 -0.154692
v 0.129242 0.058590 -0.140893
v 0.127148 0.057928 -0.126622
v 0.130209 0.053370 -0.125845
v 0.125399 0.061152 -0.141734
v 0.122756 0.059512 -0.127846
v 0.117965 0.058120 -0.128739
v 0.114040 0.062219 -0.128758
v 0.111233 0.069010 -0.127166
v 0.109975 0.068046 -0.114667
v 0.108094 0.076082 -0.125494
v 0.106860 0.073578 -0.113993
v 0.105227 0.082724 -0.122861
v 0.103811 0.079056 -0.112549
v 0.104898 0.083785 -0.110318
v 0.108968 0.087018 -0.108665
v 0.108258 0.078250 -0.135400
v 0.104549 0.086294 -0.130849
v 0.099297 0.092427 -0.135541
v 0.097573 0.096966 -0.143130
v 0.100136 0.097285 -0.146001
v 0.102519 0.095439 -0.142629
v 0.099541 0.094454 -0.142082
v 0.103546 0.094519 -0.139929
v 0.100099 0.093359 -0.139534
v 0.103894 0.093870 -0.136735
v 0.099742 0.092944 -0.137756
v 0.106816 0.095624 -0.140090
v 0.107751 0.095028 -0.136451
v 0.110468 0.097203 -0.140205
v 0.109429 0.097655 -0.143228
v 0.113640 0.098708 -0.140361
v 0.105677 0.096409 -0.143280
v 0.103300 0.097536 -0.147407
v 0.106947 0.098812 -0.148137
v 0.103149 0.102663 -0.150743
v 0.100125 0.101454 -0.149639
v 0.096689 0.105925 -0.151078
v 0.099317 0.107272 -0.152838
v 0.094675 0.112745 -0.155309
v 0.097830 0.115462 -0.154388
v 0.102589 0.110069 -0.151751
v 0.092103 0.111541 -0.152864
v 0.085344 0.119134 -0.155615
v 0.088248 0.120345 -0.158677
v 0.082722 0.118019 -0.152082
v 0.072144 0.126980 -0.156325
v 0.075502 0.128908 -0.159589
v 0.080207 0.115447 -0.149463
v 0.069194 0.123998 -0.153749
v 0.056451 0.130979 -0.156417
v 0.058546 0.135066 -0.159342
v 0.080162 0.113699 -0.150071
v 0.068252 0.121542 -0.153658
v 0.055511 0.126600 -0.154339
v 0.041787 0.127141 -0.157312
v 0.041704 0.132559 -0.160619
v 0.069433 0.121841 -0.158121
v 0.055923 0.125660 -0.158899
v 0.042655 0.125925 -0.160529
v 0.030794 0.123712 -0.162797
v 0.029774 0.125061 -0.159809
v 0.056635 0.127199 -0.165029
v 0.043348 0.127501 -0.166983
v 0.031088 0.125188 -0.169333
v 0.019490 0.120121 -0.170198
v 0.020489 0.119111 -0.163944
v 0.043860 0.129245 -0.173237
v 0.031291 0.126729 -0.175583
v 0.018826 0.121321 -0.176048
v 0.006996 0.112549 -0.173879
v 0.007846 0.111908 -0.168087
v 0.031543 0.128374 -0.182221
v 0.018577 0.122824 -0.183009
v 0.006241 0.114062 -0.181715
v -0.004271 0.101370 -0.180079
v -0.003845 0.099630 -0.170305
v 0.019000 0.124843 -0.192233
v 0.006832 0.116021 -0.192783
v -0.003640 0.104134 -0.192972
v -0.010121 0.089182 -0.194209
v -0.010997 0.087058 -0.180931
v 0.008403 0.118488 -0.205766
v -0.001196 0.106298 -0.207402
v -0.007811 0.091435 -0.209022
v -0.009796 0.074983 -0.211453
v -0.013613 0.072213 -0.196668
v 0.001347 0.107840 -0.220195
v -0.004332 0.093082 -0.222174
v -0.005226 0.077621 -0.224427
v -0.002984 0.062663 -0.226443
v -0.007580 0.058818 -0.213525
v -0.001672 0.094553 -0.233504
v -0.001373 0.080036 -0.235854
v 0.001381 0.066074 -0.237791
v 0.006038 0.052319 -0.238221
v 0.001836 0.047371 -0.226499
v -0.004199 0.081003 -0.246101
v 0.000551 0.067353 -0.247965
v 0.007174 0.054649 -0.248833
v 0.017428 0.043872 -0.248184
v 0.015133 0.039214 -0.236779
v -0.001255 0.067850 -0.257334
v 0.006823 0.056253 -0.259023
v 0.017735 0.045892 -0.259415
v 0.030952 0.038205 -0.259027
v 0.030845 0.036725 -0.247715
v 0.001481 0.053456 -0.266556
v 0.015605 0.044175 -0.268289
v 0.031123 0.038989 -0.268084
v 0.048119 0.038572 -0.265317
v 0.047221 0.034532 -0.256680
v 0.012900 0.040942 -0.276611
v 0.030415 0.035899 -0.276846
v 0.048368 0.036185 -0.274670
v 0.063112 0.041184 -0.271862
v 0.062154 0.040509 -0.262625
v 0.030570 0.036375 -0.286517
v 0.048827 0.035670 -0.284113
v 0.063922 0.040932 -0.280363
v 0.072608 0.048230 -0.278015
v 0.072782 0.047665 -0.269824
v 0.049170 0.038922 -0.292581
v 0.063726 0.042776 -0.288782
v 0.071653 0.048766 -0.286285
v 0.076768 0.055085 -0.283950
v 0.077601 0.055239 -0.276594
v 0.061707 0.047377 -0.296408
v 0.068626 0.051762 -0.294144
v 0.074265 0.056488 -0.291219
v 0.066750 0.055137 -0.301684
v 0.072264 0.059412 -0.298082
v 0.068906 0.054834 -0.310482
v 0.073511 0.060714 -0.305801
v 0.077129 0.064816 -0.301241
v 0.076729 0.061525 -0.314578
v 0.078583 0.067439 -0.309277
v 0.079651 0.065028 -0.324108
v 0.081113 0.072222 -0.316881
v 0.084317 0.076927 -0.310466
v 0.089859 0.078917 -0.305522
v 0.082954 0.079654 -0.324930
v 0.086659 0.085827 -0.318138
v 0.090569 0.091118 -0.312019
v 0.097286 0.092869 -0.310228
v 0.095958 0.079525 -0.304675
v 0.086979 0.095905 -0.327888
v 0.083270 0.088072 -0.334612
v 0.079937 0.071446 -0.332605
v 0.078599 0.078708 -0.340789
v 0.077153 0.084261 -0.350657
v 0.075474 0.069783 -0.348127
v 0.074728 0.075062 -0.355297
v 0.071009 0.077362 -0.364401
v 0.075555 0.087148 -0.360828
v 0.067699 0.078352 -0.373701
v 0.074060 0.088262 -0.370787
v 0.065918 0.078919 -0.382123
v 0.073404 0.088576 -0.379361
v 0.075825 0.101428 -0.374784
v 0.077908 0.114551 -0.369972
v 0.074768 0.088893 -0.385905
v 0.079004 0.101683 -0.381275
v 0.080839 0.115239 -0.376225
v 0.076403 0.128547 -0.373581
v 0.073721 0.126621 -0.366913
v 0.082281 0.102336 -0.386509
v 0.084424 0.116664 -0.381506
v 0.079649 0.130986 -0.379238
v 0.069505 0.142463 -0.379859
v 0.066314 0.139062 -0.373421
v 0.087458 0.117746 -0.386362
v 0.082543 0.133057 -0.384382
v 0.072057 0.145031 -0.385462
v 0.060611 0.154137 -0.388462
v 0.058021 0.151626 -0.382264
v 0.084492 0.134602 -0.389594
v 0.073949 0.146665 -0.390967
v 0.062347 0.155352 -0.394565
v 0.052550 0.160402 -0.397827
v 0.050536 0.158898 -0.391333
v 0.074162 0.146317 -0.396898
v 0.062878 0.154928 -0.400381
v 0.053669 0.160418 -0.404085
v 0.045653 0.162949 -0.407132
v 0.044243 0.162923 -0.399874
v 0.061980 0.152921 -0.405383
v 0.053678 0.158419 -0.409121
v 0.046479 0.161274 -0.412968
v 0.053761 0.156291 -0.413570
v 0.047290 0.159876 -0.417314
v 0.056013 0.157903 -0.417135
v 0.049878 0.161934 -0.420930
v 0.059451 0.161053 -0.420310
v 0.053507 0.165966 -0.424766
v 0.048904 0.168037 -0.430930
v 0.047706 0.164537 -0.438094
v 0.058700 0.169573 -0.429661
v 0.064124 0.164362 -0.424377
v 0.070424 0.167825 -0.429342
v 0.070707 0.156640 -0.419576
v 0.076228 0.159365 -0.423961
v 0.084751 0.163502 -0.429132
v 0.079498 0.171964 -0.435200
v 0.096672 0.169762 -0.433736
v 0.091533 0.178478 -0.440251
v 0.104380 0.189970 -0.452861
v 0.103011 0.196680 -0.461649
v 0.123331 0.188120 -0.454880
v 0.123374 0.192486 -0.462862
v 0.123488 0.194771 -0.470759
v 0.102456 0.198171 -0.470864
v 0.139064 0.180675 -0.451691
v 0.140979 0.184962 -0.460477
v 0.141706 0.186875 -0.468546
v 0.142374 0.188414 -0.475291
v 0.124109 0.197152 -0.477535
v 0.152676 0.176555 -0.458606
v 0.154080 0.178552 -0.466879
v 0.155252 0.179963 -0.473875
v 0.157032 0.181569 -0.479205
v 0.143526 0.190755 -0.479932
v 0.162400 0.169993 -0.466179
v 0.160696 0.167818 -0.458291
v 0.149303 0.171954 -0.449933
v 0.156283 0.162442 -0.450267
v 0.143344 0.165297 -0.443072
v 0.149613 0.155548 -0.443211
v 0.153811 0.146023 -0.447417
v 0.138477 0.147304 -0.437850
v 0.141566 0.137076 -0.444022
v 0.145810 0.127368 -0.451495
v 0.157753 0.138253 -0.453742
v 0.148777 0.120627 -0.461060
v 0.159629 0.133080 -0.462823
v 0.149038 0.117791 -0.468798
v 0.159765 0.131181 -0.470363
v 0.164677 0.142776 -0.472468
v 0.160890 0.129760 -0.476039
v 0.166071 0.141881 -0.477497
v 0.163740 0.128130 -0.480091
v 0.168685 0.141205 -0.480969
v 0.166224 0.127011 -0.483583
v 0.170941 0.140809 -0.483921
v 0.167700 0.126547 -0.487476
v 0.172204 0.140735 -0.487439
v 0.174137 0.149673 -0.487502
v 0.172333 0.141016 -0.491225
v 0.174009 0.150023 -0.491086
v 0.175483 0.157261 -0.490545
v 0.175525 0.156816 -0.487192
v 0.174784 0.166010 -0.489048
v 0.174873 0.164906 -0.485542
v 0.169688 0.175857 -0.488585
v 0.169786 0.175550 -0.484382
v 0.161009 0.186051 -0.489900
v 0.160650 0.185731 -0.485131
v 0.159960 0.185155 -0.480832
v 0.146080 0.196131 -0.487312
v 0.145114 0.194236 -0.482650
v 0.126087 0.203479 -0.490656
v 0.125641 0.202673 -0.485848
v 0.125043 0.200369 -0.481528
v 0.103155 0.205814 -0.488221
v 0.102966 0.204318 -0.483409
v 0.102517 0.201002 -0.478079
v 0.081195 0.201279 -0.481429
v 0.081796 0.198075 -0.475650
v 0.066062 0.191312 -0.479849
v 0.067124 0.190143 -0.473180
v 0.055131 0.180947 -0.476404
v 0.055979 0.180947 -0.470237
v 0.044360 0.174912 -0.472803
v 0.044826 0.175020 -0.465899
v 0.035745 0.169852 -0.462144
v 0.037947 0.169092 -0.453751
v 0.035339 0.169522 -0.469672
v 0.027865 0.163691 -0.466568
v 0.043005 0.178062 -0.477713
v 0.034448 0.171043 -0.475454
v 0.027653 0.164508 -0.472761
v 0.019389 0.159995 -0.471950
v 0.020634 0.158964 -0.464097
v 0.017639 0.164171 -0.475850
v 0.007838 0.160707 -0.473386
v 0.008769 0.157116 -0.467980
v 0.016510 0.164273 -0.480705
v 0.006361 0.162039 -0.479144
v -0.005372 0.158331 -0.478409
v -0.004694 0.156685 -0.471515
v 0.005034 0.162413 -0.484799
v -0.006212 0.158861 -0.484300
v -0.018827 0.152828 -0.484272
v -0.018161 0.152546 -0.478002
v 0.003792 0.162683 -0.490530
v -0.006773 0.158953 -0.489813
v -0.019127 0.152838 -0.489718
v -0.032769 0.140522 -0.490329
v -0.032136 0.140857 -0.484994
v -0.007251 0.157918 -0.495184
v -0.019381 0.152552 -0.494856
v -0.032767 0.139804 -0.495109
v -0.037586 0.121860 -0.494853
v -0.039929 0.122793 -0.490288
v -0.017468 0.148392 -0.498098
v -0.028924 0.136718 -0.498158
v -0.033714 0.120768 -0.497495
v -0.034467 0.104605 -0.497862
v -0.038720 0.104492 -0.495238
v -0.024629 0.132852 -0.498797
v -0.028655 0.119436 -0.498662
v -0.028950 0.104792 -0.499004
v -0.026927 0.089790 -0.498773
v -0.032538 0.088027 -0.497731
v -0.022938 0.105112 -0.499239
v -0.014564 0.106135 -0.499354
v -0.004460 0.108420 -0.499426
v 0.002413 0.126030 -0.499536
v 0.005197 0.112219 -0.499477
v 0.007466 0.098075 -0.499194
v 0.008138 0.086521 -0.498883
v 0.013537 0.116590 -0.499571
v 0.017637 0.101937 -0.499272
v 0.019949 0.090103 -0.498956
v 0.021237 0.080199 -0.498647
v 0.007885 0.076508 -0.498569
v 0.026623 0.106320 -0.499422
v 0.030283 0.095027 -0.499065
v 0.032119 0.084802 -0.498692
v 0.033684 0.077532 -0.498279
v 0.022399 0.072364 -0.498331
v 0.038635 0.099050 -0.498647
v 0.041000 0.088440 -0.498921
v 0.044462 0.101273 -0.493676
v 0.047484 0.091796 -0.493708
v 0.051143 0.104505 -0.491426
v 0.054855 0.095521 -0.490565
v 0.057498 0.107877 -0.490566
v 0.061719 0.098334 -0.489794
v 0.065270 0.091124 -0.489036
v 0.066841 0.100163 -0.491617
v 0.070189 0.092322 -0.491454
v 0.070011 0.100920 -0.496767
v 0.072980 0.092641 -0.496217
v 0.074629 0.102204 -0.499339
v 0.076796 0.093457 -0.499077
v 0.080678 0.104092 -0.499216
v 0.082245 0.095013 -0.498911
v 0.088318 0.106505 -0.499151
v 0.089477 0.097327 -0.498892
v 0.098160 0.109131 -0.499102
v 0.099680 0.100031 -0.498883
v 0.099798 0.092634 -0.498379
v 0.111903 0.103449 -0.498931
v 0.112969 0.096623 -0.498671
v 0.114036 0.090345 -0.497589
v 0.114920 0.086568 -0.494522
v 0.130325 0.104457 -0.499094
v 0.133047 0.099623 -0.499058
v 0.135090 0.095582 -0.499092
v 0.135940 0.094558 -0.493760
v 0.115283 0.085737 -0.489332
v 0.151059 0.113558 -0.499494
v 0.154337 0.109948 -0.499492
v 0.155883 0.108056 -0.496699
v 0.155698 0.108402 -0.491275
v 0.135939 0.094694 -0.488018
v 0.164993 0.129076 -0.498532
v 0.167955 0.127029 -0.495723
v 0.168397 0.126510 -0.491777
v 0.155268 0.108835 -0.486270
v 0.171424 0.141481 -0.494516
v 0.168014 0.142638 -0.497836
v 0.170305 0.151174 -0.497671
v 0.172967 0.150499 -0.494614
v 0.173411 0.158246 -0.496945
v 0.174893 0.157567 -0.493981
v 0.174779 0.167273 -0.495029
v 0.174596 0.166785 -0.492456
v 0.169299 0.176037 -0.496178
v 0.169571 0.176150 -0.492616
v 0.160464 0.184490 -0.498750
v 0.160941 0.185632 -0.494774
v 0.145386 0.192033 -0.499821
v 0.146159 0.195318 -0.497221
v 0.146278 0.196396 -0.492475
v 0.126305 0.201137 -0.498688
v 0.126275 0.202978 -0.495073
v 0.104037 0.200727 -0.499609
v 0.103369 0.205153 -0.497663
v 0.103174 0.206228 -0.493057
v 0.079990 0.202931 -0.497052
v 0.080200 0.202953 -0.491675
v 0.080912 0.202599 -0.486706
v 0.062222 0.195458 -0.489134
v 0.063193 0.194352 -0.483248
v 0.050976 0.187862 -0.486801
v 0.052077 0.185465 -0.480333
v 0.050734 0.188287 -0.493046
v 0.061686 0.196324 -0.494909
v 0.062386 0.194445 -0.499261
v 0.051131 0.188544 -0.497941
v 0.080978 0.199089 -0.499458
v 0.082065 0.194349 -0.499494
v 0.064850 0.189249 -0.499562
v 0.104334 0.195615 -0.499529
v 0.104390 0.189900 -0.499524
v 0.083479 0.188519 -0.499529
v 0.125796 0.195376 -0.499761
v 0.125267 0.189618 -0.499712
v 0.124659 0.183548 -0.499704
v 0.104331 0.184130 -0.499555
v 0.142803 0.186007 -0.499806
v 0.140708 0.180393 -0.499801
v 0.138205 0.172898 -0.499781
v 0.123442 0.175903 -0.499698
v 0.156957 0.180327 -0.499956
v 0.153195 0.175142 -0.499872
v 0.149247 0.168700 -0.499818
v 0.146617 0.160243 -0.499777
v 0.136067 0.163337 -0.499754
v 0.157724 0.164899 -0.499796
v 0.154799 0.156812 -0.499747
v 0.153488 0.147085 -0.499695
v 0.145333 0.149363 -0.499735
v 0.160583 0.154721 -0.499624
v 0.158760 0.145348 -0.499530
v 0.163657 0.143861 -0.499091
v 0.160643 0.130835 -0.499366
v 0.156591 0.132477 -0.499575
v 0.151913 0.134247 -0.499658
v 0.166166 0.152372 -0.499117
v 0.147877 0.116859 -0.499504
v 0.145114 0.120026 -0.499526
v 0.128386 0.109369 -0.499159
v 0.110429 0.112018 -0.499108
v 0.095539 0.120369 -0.499273
v 0.108724 0.122877 -0.499269
v 0.092365 0.134339 -0.499447
v 0.106611 0.136894 -0.499458
v 0.089217 0.151076 -0.499611
v 0.105024 0.153237 -0.499605
v 0.121860 0.153327 -0.499662
v 0.104460 0.166533 -0.499622
v 0.122390 0.165863 -0.499693
v 0.135296 0.151580 -0.499716
v 0.104421 0.175903 -0.499592
v 0.087058 0.164568 -0.499651
v 0.085728 0.173916 -0.499619
v 0.084479 0.181920 -0.499573
v 0.072720 0.170346 -0.499690
v 0.070285 0.177971 -0.499658
v 0.067644 0.184134 -0.499620
v 0.060193 0.173306 -0.499699
v 0.057529 0.179008 -0.499675
v 0.054276 0.184249 -0.499673
v 0.052013 0.169382 -0.499746
v 0.054572 0.162767 -0.499793
v 0.047335 0.159512 -0.498516
v 0.044919 0.166314 -0.498866
v 0.062855 0.166397 -0.499732
v 0.065829 0.157807 -0.499749
v 0.057822 0.154322 -0.499819
v 0.075189 0.161196 -0.499701
v 0.078219 0.148471 -0.499652
v 0.069437 0.145504 -0.499722
v 0.074169 0.129094 -0.499585
v 0.067258 0.126420 -0.499717
v 0.061936 0.142650 -0.499834
v 0.082243 0.131753 -0.499500
v 0.085944 0.118046 -0.499330
v 0.078184 0.115398 -0.499413
v 0.071726 0.112873 -0.499513
v 0.066102 0.110838 -0.497453
v 0.061065 0.123909 -0.498035
v 0.062889 0.109917 -0.491989
v 0.057841 0.122695 -0.492465
v 0.051215 0.137748 -0.492748
v 0.055129 0.139768 -0.498509
v 0.046326 0.149058 -0.492619
v 0.050656 0.151101 -0.498596
v 0.042740 0.157512 -0.492874
v 0.039123 0.145194 -0.491126
v 0.035217 0.154552 -0.491457
v 0.032956 0.162674 -0.491713
v 0.039727 0.164860 -0.494159
v 0.031784 0.141684 -0.491261
v 0.037224 0.130675 -0.491415
v 0.031182 0.127176 -0.494382
v 0.025502 0.138797 -0.494764
v 0.044697 0.134483 -0.491105
v 0.051756 0.120058 -0.491103
v 0.044631 0.116623 -0.491672
v 0.038930 0.113590 -0.493961
v 0.034388 0.110722 -0.498878
v 0.026881 0.124321 -0.499987
v 0.020511 0.120595 -0.499691
v 0.015752 0.133689 -0.499776
v 0.021570 0.136718 -0.500085
v 0.013480 0.145323 -0.499838
v 0.009827 0.130694 -0.499639
v 0.007220 0.142051 -0.499594
v 0.005211 0.149663 -0.499445
v 0.011716 0.153803 -0.499649
v 0.003638 0.154950 -0.499252
v -0.005011 0.149858 -0.499095
v -0.006538 0.154633 -0.498527
v 0.002420 0.159344 -0.499184
v -0.003112 0.144511 -0.499290
v -0.015325 0.143334 -0.498905
v -0.000519 0.137158 -0.499441
v 0.002242 0.161700 -0.495557
v 0.154527 0.109911 -0.481866
v 0.134208 0.098469 -0.479248
v 0.135919 0.094715 -0.482773
v 0.112747 0.091515 -0.476546
v 0.114711 0.086875 -0.479595
v 0.115193 0.085365 -0.484071
v 0.095639 0.084091 -0.477180
v 0.096493 0.080315 -0.480870
v 0.079647 0.083272 -0.473388
v 0.079575 0.081225 -0.477522
v 0.066422 0.081857 -0.470074
v 0.065820 0.080819 -0.475431
v 0.055587 0.079505 -0.468163
v 0.056090 0.078306 -0.474826
v 0.055958 0.076930 -0.480120
v 0.048617 0.072223 -0.474732
v 0.048969 0.071439 -0.480657
v 0.038930 0.064727 -0.475681
v 0.039378 0.064561 -0.481424
v 0.039568 0.064369 -0.486887
v 0.024443 0.057846 -0.482234
v 0.024710 0.057644 -0.486607
v 0.025103 0.057676 -0.491707
v 0.005333 0.056330 -0.486006
v 0.005664 0.056022 -0.491368
v 0.006053 0.057928 -0.495754
v 0.024973 0.060233 -0.495655
v 0.006721 0.062854 -0.497530
v 0.023900 0.065931 -0.497683
v 0.007295 0.068535 -0.498201
v -0.010307 0.066112 -0.497484
v -0.007588 0.070663 -0.498177
v -0.024059 0.074216 -0.496859
v -0.020292 0.078106 -0.498232
v -0.012945 0.061766 -0.495203
v -0.027555 0.071223 -0.493324
v -0.035712 0.087459 -0.494134
v -0.027676 0.072685 -0.488050
v -0.036757 0.088143 -0.488548
v -0.041144 0.104632 -0.490031
v -0.036969 0.088924 -0.482157
v -0.041252 0.105152 -0.483863
v -0.040246 0.123587 -0.484873
v -0.040303 0.106149 -0.477165
v -0.039425 0.124272 -0.479181
v -0.031314 0.140846 -0.478892
v -0.037424 0.124797 -0.471847
v -0.029591 0.139747 -0.471603
v -0.016338 0.149661 -0.470342
v -0.026024 0.136722 -0.462488
v -0.015438 0.146621 -0.461482
v -0.003542 0.154567 -0.463620
v -0.014098 0.145683 -0.452133
v -0.001737 0.152527 -0.456095
v 0.010039 0.155554 -0.460931
v 0.000336 0.150397 -0.449965
v -0.010652 0.144342 -0.445029
v 0.002857 0.148851 -0.444434
v 0.005581 0.147822 -0.439681
v 0.006696 0.148899 -0.436246
v 0.012420 0.153389 -0.436864
v 0.009816 0.156864 -0.433999
v 0.015304 0.160553 -0.431975
v 0.018678 0.156589 -0.434243
v 0.006447 0.160536 -0.427913
v 0.012240 0.164045 -0.426484
v 0.003607 0.161734 -0.419482
v 0.010459 0.165567 -0.418383
v 0.001990 0.161268 -0.411774
v 0.009113 0.165046 -0.410172
v 0.016570 0.167121 -0.409581
v 0.007970 0.163446 -0.402069
v 0.014812 0.165431 -0.400679
v 0.021341 0.167384 -0.399975
v 0.022977 0.168911 -0.409533
v 0.027331 0.167379 -0.399573
v 0.031301 0.164018 -0.400331
v 0.034944 0.162103 -0.393107
v 0.037172 0.163521 -0.400431
v 0.042242 0.161285 -0.392783
v 0.039472 0.158603 -0.386977
v 0.047989 0.156607 -0.384967
v 0.044954 0.153480 -0.379592
v 0.054821 0.148637 -0.375942
v 0.052521 0.147254 -0.369850
v 0.062945 0.136460 -0.365976
v 0.051457 0.147800 -0.361709
v 0.062178 0.137922 -0.356158
v 0.013454 0.162830 -0.393392
v 0.007253 0.160774 -0.394346
v 0.007284 0.158299 -0.386972
v -0.000064 0.154879 -0.389317
v 0.001526 0.149635 -0.383954
v 0.010043 0.151328 -0.382857
v 0.000432 0.157740 -0.397069
v 0.000974 0.160060 -0.404739
v -0.006121 0.155654 -0.408094
v -0.012974 0.149581 -0.410445
v -0.005011 0.156462 -0.414056
v -0.011172 0.150926 -0.416690
v -0.014484 0.146402 -0.419422
v -0.016954 0.144156 -0.412594
v -0.015492 0.138635 -0.413218
v -0.014824 0.138489 -0.405203
v -0.011580 0.133204 -0.405536
v -0.008621 0.133577 -0.394953
v -0.011395 0.139032 -0.396137
v -0.012997 0.133106 -0.413306
v -0.012483 0.123968 -0.413307
v -0.013320 0.124035 -0.404908
v -0.014029 0.110502 -0.403899
v -0.012726 0.110072 -0.392713
v -0.011713 0.124723 -0.393861
v -0.012473 0.111131 -0.412727
v -0.008685 0.095555 -0.413431
v -0.009107 0.094095 -0.404800
v -0.010409 0.111395 -0.418833
v -0.007924 0.096833 -0.419471
v 0.002348 0.084333 -0.421780
v 0.001650 0.081558 -0.415443
v -0.013012 0.111506 -0.424143
v -0.010325 0.097050 -0.424981
v -0.000942 0.084109 -0.428336
v -0.016388 0.096079 -0.428677
v -0.006911 0.080983 -0.433197
v -0.021923 0.096230 -0.436701
v -0.013718 0.079360 -0.440720
v -0.026008 0.095925 -0.447518
v -0.017235 0.079931 -0.451121
v -0.004305 0.069846 -0.457658
v 0.010058 0.062327 -0.462105
v -0.020769 0.078101 -0.460880
v -0.007838 0.066865 -0.466059
v 0.008635 0.059380 -0.468578
v 0.024186 0.061100 -0.470409
v 0.024577 0.062847 -0.462544
v -0.010590 0.063759 -0.471410
v 0.006960 0.057093 -0.475109
v 0.024501 0.057931 -0.476592
v 0.037374 0.067077 -0.469351
v 0.005555 0.056685 -0.481218
v -0.012710 0.062648 -0.477619
v -0.013574 0.061961 -0.483825
v -0.026762 0.074371 -0.475196
v -0.027480 0.073646 -0.482060
v -0.013714 0.061231 -0.489623
v -0.036101 0.090083 -0.474876
v -0.025541 0.074784 -0.467905
v -0.033804 0.091597 -0.466338
v -0.038178 0.107903 -0.469468
v -0.027564 0.094704 -0.458978
v -0.033015 0.110580 -0.461448
v -0.032213 0.124276 -0.462906
v -0.028611 0.112209 -0.448101
v -0.027634 0.124319 -0.449418
v -0.023365 0.135852 -0.450566
v -0.023489 0.124497 -0.438035
v -0.019163 0.135473 -0.441109
v -0.024780 0.112122 -0.436296
v -0.019016 0.111864 -0.428660
v 0.046805 0.074618 -0.468159
v 0.036916 0.068530 -0.460407
v 0.015839 0.070630 -0.418373
v 0.016760 0.069191 -0.410753
v 0.001811 0.079412 -0.407549
v 0.017929 0.069455 -0.402164
v 0.003774 0.078567 -0.398225
v -0.007819 0.093401 -0.394088
v 0.006640 0.078636 -0.387197
v -0.005049 0.094429 -0.381030
v -0.009423 0.111884 -0.379764
v -0.004221 0.096270 -0.371021
v -0.009508 0.114803 -0.369855
v -0.006632 0.095346 -0.364621
v -0.012558 0.115877 -0.362279
v -0.009088 0.130548 -0.361137
v -0.016243 0.115482 -0.354811
v -0.012246 0.130210 -0.351455
v -0.004194 0.139684 -0.349071
v -0.002372 0.138745 -0.359568
v 0.004963 0.145051 -0.348804
v 0.005599 0.143538 -0.359091
v 0.014758 0.146423 -0.359421
v 0.014760 0.145486 -0.367702
v 0.023324 0.148682 -0.359105
v 0.014205 0.144701 -0.375431
v 0.012950 0.144047 -0.382953
v 0.031107 0.151607 -0.355852
v 0.036354 0.158403 -0.340948
v 0.039211 0.154155 -0.349475
v 0.043587 0.158584 -0.331378
v 0.034401 0.163803 -0.323562
v 0.038755 0.160502 -0.314318
v 0.048193 0.154736 -0.321578
v 0.028900 0.163064 -0.333599
v 0.016824 0.164465 -0.329147
v 0.021017 0.166769 -0.318064
v 0.005367 0.162195 -0.315161
v 0.008969 0.160579 -0.305774
v 0.025567 0.163351 -0.308685
v 0.003314 0.159756 -0.325612
v -0.009199 0.150120 -0.325817
v -0.009720 0.150569 -0.316197
v 0.003764 0.152934 -0.333622
v -0.006561 0.145416 -0.332907
v -0.016786 0.132928 -0.336238
v -0.018319 0.133777 -0.330199
v 0.004937 0.146638 -0.339568
v -0.004835 0.141120 -0.339740
v -0.014656 0.131166 -0.343039
v -0.021965 0.115190 -0.349297
v -0.024725 0.114314 -0.344395
v -0.021795 0.091548 -0.354061
v -0.024098 0.089567 -0.347595
v -0.026340 0.113235 -0.338441
v -0.014569 0.092758 -0.352720
v -0.000238 0.073011 -0.358669
v -0.003899 0.071200 -0.354129
v -0.010285 0.094341 -0.358062
v 0.002512 0.074502 -0.364518
v 0.018315 0.063568 -0.367643
v 0.016793 0.060967 -0.360789
v 0.005394 0.076467 -0.371091
v 0.019451 0.066787 -0.375426
v 0.031004 0.066008 -0.377678
v 0.031303 0.063574 -0.369132
v 0.007521 0.078725 -0.378371
v 0.020545 0.069884 -0.383370
v 0.030561 0.068009 -0.386424
v 0.040730 0.072455 -0.387620
v 0.041668 0.070829 -0.379484
v 0.019035 0.070756 -0.392442
v 0.030562 0.066320 -0.394366
v 0.042552 0.066829 -0.394155
v 0.055972 0.070876 -0.394656
v 0.053271 0.075876 -0.390321
v 0.066108 0.079370 -0.388926
v 0.053616 0.075918 -0.381652
v 0.067739 0.078933 -0.394750
v 0.076882 0.089170 -0.391601
v 0.070349 0.078928 -0.400391
v 0.079441 0.089854 -0.396305
v 0.084954 0.103211 -0.391135
v 0.073639 0.080056 -0.405858
v 0.082323 0.090765 -0.400663
v 0.087058 0.104146 -0.395540
v 0.089358 0.119025 -0.391188
v 0.085224 0.091773 -0.404869
v 0.088141 0.105401 -0.399799
v 0.089303 0.120138 -0.395926
v 0.084580 0.134996 -0.395119
v 0.087622 0.106982 -0.403415
v 0.086480 0.120576 -0.400628
v 0.081196 0.133165 -0.400089
v 0.072019 0.144224 -0.401691
v 0.081598 0.120309 -0.404002
v 0.076496 0.131194 -0.403238
v 0.068767 0.142219 -0.405336
v 0.060800 0.151013 -0.409343
v 0.075496 0.131442 -0.407095
v 0.069849 0.142781 -0.409232
v 0.062978 0.152048 -0.413390
v 0.073846 0.145002 -0.411220
v 0.066461 0.154306 -0.416193
v 0.078027 0.146885 -0.414641
v 0.079579 0.133754 -0.408595
v 0.084391 0.136255 -0.411291
v 0.089563 0.138432 -0.415449
v 0.083121 0.148967 -0.419103
v 0.096210 0.141283 -0.420538
v 0.090862 0.152455 -0.424361
v 0.107829 0.146218 -0.426119
v 0.102794 0.158113 -0.429078
v 0.121142 0.151714 -0.432211
v 0.112143 0.133967 -0.427203
v 0.125414 0.140352 -0.433405
v 0.133924 0.158118 -0.436690
v 0.115484 0.121608 -0.431860
v 0.128702 0.128443 -0.439285
v 0.117260 0.109625 -0.438797
v 0.132475 0.116942 -0.446895
v 0.116913 0.100132 -0.447167
v 0.133538 0.107943 -0.455828
v 0.114918 0.093847 -0.456914
v 0.132336 0.103831 -0.464605
v 0.113379 0.091567 -0.465378
v 0.131890 0.102433 -0.471572
v 0.149748 0.115897 -0.474563
v 0.132147 0.102324 -0.476964
v 0.151623 0.113449 -0.478428
v 0.113442 0.090973 -0.472273
v 0.096256 0.090271 -0.459278
v 0.095120 0.088380 -0.467232
v 0.095042 0.086516 -0.473374
v 0.081525 0.084351 -0.460971
v 0.079934 0.083584 -0.468396
v 0.084360 0.087230 -0.452594
v 0.089508 0.089642 -0.442766
v 0.081580 0.087709 -0.437239
v 0.099463 0.092538 -0.449590
v 0.103110 0.097619 -0.439735
v 0.093873 0.095041 -0.433262
v 0.095013 0.104210 -0.425648
v 0.088774 0.102505 -0.421444
v 0.086425 0.093417 -0.428277
v 0.103850 0.106835 -0.431946
v 0.102707 0.117431 -0.425294
v 0.095069 0.114498 -0.419565
v 0.093362 0.126176 -0.415930
v 0.088177 0.124028 -0.412210
v 0.089691 0.112684 -0.415761
v 0.100113 0.128991 -0.420936
v 0.083228 0.122124 -0.409444
v 0.084621 0.111184 -0.412853
v 0.083753 0.101232 -0.418140
v 0.080194 0.109395 -0.410195
v 0.080590 0.099686 -0.414631
v 0.077779 0.091284 -0.421824
v 0.080978 0.092431 -0.424542
v 0.072341 0.084650 -0.429627
v 0.075475 0.086217 -0.432876
v 0.078453 0.087926 -0.419414
v 0.071079 0.081762 -0.425839
v 0.079660 0.083157 -0.415590
v 0.071365 0.076107 -0.422828
v 0.076967 0.081750 -0.411046
v 0.086194 0.094138 -0.409138
v 0.083278 0.097403 -0.412211
v 0.083200 0.108769 -0.407434
v 0.079054 0.120555 -0.407235
v 0.055341 0.074564 -0.373007
v 0.042698 0.068806 -0.370886
v 0.058007 0.072106 -0.364543
v 0.043905 0.065736 -0.362407
v 0.031401 0.060436 -0.360806
v 0.060589 0.068579 -0.356765
v 0.062604 0.064615 -0.350297
v 0.075793 0.062112 -0.340380
v 0.064574 0.055196 -0.345023
v 0.075305 0.056052 -0.330851
v 0.065245 0.047901 -0.335148
v 0.050845 0.041973 -0.333631
v 0.063712 0.045837 -0.323295
v 0.050266 0.040458 -0.322781
v 0.033140 0.039218 -0.320029
v 0.034764 0.039429 -0.329801
v 0.016905 0.047200 -0.319936
v 0.019093 0.044210 -0.329328
v 0.000120 0.054662 -0.322278
v 0.003902 0.053910 -0.331619
v -0.014840 0.068441 -0.322446
v -0.012265 0.069268 -0.331287
v -0.014066 0.066086 -0.339632
v -0.022372 0.087920 -0.326955
v -0.024864 0.087406 -0.333911
v -0.025703 0.088375 -0.341083
v -0.012359 0.066635 -0.346208
v -0.010094 0.067608 -0.352597
v -0.023743 0.110618 -0.326364
v -0.027693 0.112847 -0.333036
v -0.017711 0.130417 -0.317712
v -0.019277 0.133128 -0.323554
v -0.008762 0.148542 -0.307694
v -0.015143 0.127111 -0.311353
v -0.005334 0.144863 -0.301177
v 0.013202 0.157118 -0.298236
v -0.001171 0.140912 -0.296929
v 0.029355 0.158518 -0.301722
v 0.041246 0.155264 -0.307130
v 0.055352 0.149131 -0.306051
v 0.051780 0.151467 -0.313260
v 0.066019 0.143405 -0.313781
v 0.058490 0.146671 -0.299373
v 0.069548 0.140127 -0.308078
v 0.063054 0.149923 -0.295973
v 0.075989 0.143246 -0.303612
v 0.068919 0.151594 -0.289341
v 0.081534 0.142424 -0.295878
v 0.073580 0.150432 -0.280555
v 0.087346 0.141712 -0.285888
v 0.097949 0.132328 -0.290612
v 0.093645 0.141985 -0.272422
v 0.103443 0.132627 -0.275750
v 0.111967 0.125812 -0.279512
v 0.105283 0.124259 -0.294411
v 0.115765 0.115709 -0.281719
v 0.108544 0.113667 -0.296125
v 0.114054 0.103515 -0.282791
v 0.107633 0.100672 -0.295329
v 0.103121 0.096485 -0.304671
v 0.104395 0.085502 -0.293718
v 0.100174 0.081908 -0.300902
v 0.100704 0.072137 -0.291431
v 0.097156 0.069494 -0.297684
v 0.110566 0.088930 -0.283981
v 0.105964 0.074958 -0.283568
v 0.100515 0.064810 -0.280521
v 0.111681 0.077037 -0.271532
v 0.104001 0.066219 -0.271655
v 0.096431 0.057307 -0.270948
v 0.094754 0.056764 -0.277512
v 0.087339 0.055191 -0.269380
v 0.085609 0.055510 -0.276513
v 0.078111 0.054174 -0.268430
v 0.090198 0.053020 -0.260417
v 0.081554 0.050325 -0.259477
v 0.073232 0.044889 -0.260911
v 0.083928 0.044286 -0.249606
v 0.073987 0.038838 -0.251148
v 0.061847 0.035199 -0.253282
v 0.073840 0.032776 -0.238598
v 0.060654 0.030190 -0.240929
v 0.045522 0.032230 -0.244656
v 0.059000 0.023040 -0.227838
v 0.043372 0.024200 -0.232075
v 0.028586 0.029140 -0.235395
v 0.041726 0.018391 -0.219166
v 0.026030 0.022910 -0.222283
v 0.011852 0.032996 -0.224845
v 0.024040 0.019043 -0.211863
v 0.009146 0.028113 -0.214161
v -0.001755 0.042600 -0.214792
v 0.007461 0.024287 -0.203994
v -0.003844 0.038353 -0.202503
v -0.010999 0.055104 -0.199428
v -0.005399 0.033646 -0.191098
v 0.007110 0.020507 -0.195238
v 0.007685 0.016960 -0.188557
v -0.006192 0.029171 -0.181628
v 0.008768 0.013859 -0.182869
v -0.004659 0.024041 -0.174834
v 0.007306 0.009378 -0.180588
v 0.022806 0.005019 -0.185763
v 0.020860 -0.000861 -0.184608
v 0.004625 0.003491 -0.178195
v 0.023915 0.009776 -0.187874
v 0.040820 0.007659 -0.190512
v 0.040259 0.002590 -0.189050
v 0.023697 0.011891 -0.192853
v 0.040633 0.009326 -0.195265
v 0.057981 0.007487 -0.194599
v 0.057982 0.005131 -0.190994
v 0.023288 0.014142 -0.198359
v 0.040508 0.011092 -0.200158
v 0.058230 0.009446 -0.199170
v 0.074944 0.010292 -0.195391
v 0.074885 0.008849 -0.190974
v 0.040659 0.012882 -0.205240
v 0.058278 0.011426 -0.203882
v 0.075044 0.012061 -0.200550
v 0.090019 0.016781 -0.194849
v 0.058340 0.013595 -0.209103
v 0.075281 0.014276 -0.206325
v 0.089382 0.020142 -0.201871
v 0.099615 0.028169 -0.197813
v 0.100768 0.024007 -0.189728
v 0.074994 0.018165 -0.214601
v 0.087756 0.024681 -0.211975
v 0.097514 0.032830 -0.208222
v 0.104047 0.041172 -0.203746
v 0.105589 0.036830 -0.194033
v 0.086062 0.030812 -0.223193
v 0.095237 0.038509 -0.219237
v 0.101436 0.046572 -0.215116
v 0.105893 0.055121 -0.210740
v 0.107865 0.049632 -0.199151
v 0.094287 0.044485 -0.233620
v 0.101723 0.051604 -0.230385
v 0.107525 0.060489 -0.225891
v 0.113019 0.070843 -0.219689
v 0.109595 0.064747 -0.205550
v 0.098909 0.057456 -0.245854
v 0.105914 0.065829 -0.242060
v 0.111720 0.076392 -0.236173
v 0.114126 0.086607 -0.230329
v 0.114012 0.081649 -0.213490
v 0.105985 0.066994 -0.258945
v 0.112446 0.078801 -0.255007
v 0.116740 0.090919 -0.250095
v 0.117369 0.101223 -0.244879
v 0.113714 0.096502 -0.225411
v 0.117524 0.090796 -0.269553
v 0.120038 0.103947 -0.265850
v 0.120997 0.115206 -0.262129
v 0.115481 0.110966 -0.241195
v 0.110220 0.119378 -0.239119
v 0.105931 0.115119 -0.218844
v 0.111568 0.106449 -0.221421
v 0.115139 0.125183 -0.259623
v 0.106249 0.131301 -0.258317
v 0.103015 0.126778 -0.238187
v 0.092862 0.135631 -0.238121
v 0.087759 0.131915 -0.222407
v 0.098058 0.123045 -0.219606
v 0.096513 0.140731 -0.256065
v 0.080481 0.149649 -0.254301
v 0.078214 0.145083 -0.239012
v 0.078712 0.151607 -0.269237
v 0.061019 0.154478 -0.266669
v 0.062114 0.153459 -0.254501
v 0.058230 0.155375 -0.276348
v 0.044978 0.155891 -0.265801
v 0.028692 0.146652 -0.268434
v 0.028773 0.144266 -0.260924
v 0.045576 0.154935 -0.256257
v 0.029589 0.139885 -0.253619
v 0.044623 0.148349 -0.245811
v 0.060831 0.149782 -0.241347
v 0.042986 0.143724 -0.237635
v 0.057876 0.144601 -0.231746
v 0.073419 0.140039 -0.225999
v 0.054867 0.145600 -0.221264
v 0.071365 0.141871 -0.215442
v 0.084916 0.132882 -0.210940
v 0.068123 0.139370 -0.206828
v 0.081990 0.132531 -0.203105
v 0.094576 0.124695 -0.198834
v 0.095495 0.123093 -0.206913
v 0.103782 0.113265 -0.195407
v 0.103977 0.113087 -0.205045
v 0.112033 0.100626 -0.196058
v 0.110365 0.102995 -0.206165
v 0.111689 0.088392 -0.197627
v 0.112756 0.092080 -0.209052
v 0.111330 0.076156 -0.200469
v 0.108180 0.084863 -0.188620
v 0.110047 0.071587 -0.190793
v 0.110023 0.059444 -0.194734
v 0.110946 0.067980 -0.183065
v 0.111641 0.055484 -0.186633
v 0.109484 0.045643 -0.190335
v 0.112588 0.052295 -0.179293
v 0.110662 0.041527 -0.182554
v 0.106939 0.032337 -0.185928
v 0.111973 0.037856 -0.176409
v 0.113385 0.049161 -0.173360
v 0.114224 0.046471 -0.168503
v 0.112473 0.034908 -0.171295
v 0.114432 0.043749 -0.163859
v 0.112161 0.032350 -0.166444
v 0.113480 0.041047 -0.160155
v 0.115151 0.029846 -0.163384
v 0.116685 0.019008 -0.167643
v 0.120273 0.029028 -0.162446
v 0.122897 0.019406 -0.165454
v 0.125969 0.008851 -0.167070
v 0.119162 0.008362 -0.169813
v 0.127091 -0.002657 -0.168187
v 0.120938 -0.002235 -0.170083
v 0.125791 -0.013325 -0.167777
v 0.120258 -0.011999 -0.168123
v 0.114817 -0.010241 -0.173019
v 0.119329 -0.020216 -0.165775
v 0.113571 -0.018166 -0.170741
v 0.106186 -0.013871 -0.177889
v 0.107234 -0.006481 -0.179541
v 0.093072 -0.008839 -0.184411
v 0.093626 -0.003048 -0.184008
v 0.075537 -0.005449 -0.188728
v 0.076227 -0.000306 -0.187508
v 0.075847 0.004279 -0.188181
v 0.058178 0.001395 -0.190076
v 0.057889 -0.002936 -0.190994
v 0.039399 -0.001846 -0.189305
v 0.057448 -0.006357 -0.194007
v 0.075255 -0.008981 -0.191404
v 0.075753 -0.010783 -0.195894
v 0.057473 -0.008929 -0.198356
v 0.076230 -0.012740 -0.200781
v 0.057866 -0.011227 -0.203618
v 0.076464 -0.015272 -0.207573
v 0.058095 -0.013854 -0.209935
v 0.039326 -0.014976 -0.211177
v 0.059217 -0.018189 -0.219131
v 0.040351 -0.019745 -0.221729
v 0.021852 -0.026651 -0.224788
v 0.020093 -0.021130 -0.212633
v 0.007943 -0.038944 -0.226604
v 0.004644 -0.033402 -0.214101
v -0.001064 -0.055098 -0.226182
v -0.005490 -0.050095 -0.213310
v -0.008610 -0.044813 -0.198531
v -0.009910 -0.067281 -0.210241
v -0.013618 -0.062688 -0.194155
v -0.014292 -0.058967 -0.178499
v -0.010405 -0.039967 -0.183620
v -0.014912 -0.057212 -0.164617
v -0.012860 -0.037430 -0.168717
v -0.016883 -0.057092 -0.150985
v -0.017871 -0.036909 -0.153058
v -0.017601 -0.018163 -0.155180
v -0.015576 -0.003041 -0.158062
v -0.022485 -0.039126 -0.136431
v -0.024556 -0.019854 -0.135850
v -0.025000 -0.001366 -0.136470
v -0.023008 -0.021537 -0.117219
v -0.024907 -0.000964 -0.116922
v -0.019454 -0.021124 -0.105363
v -0.021721 -0.000213 -0.104867
v -0.019651 0.020586 -0.105922
v -0.016092 0.039292 -0.106007
v -0.020588 0.000247 -0.097173
v -0.017131 0.021340 -0.098404
v -0.013143 0.040096 -0.098634
v -0.013830 0.053895 -0.104272
v -0.014677 0.022199 -0.092187
v -0.010834 0.040638 -0.092468
v -0.012453 0.022393 -0.087342
v -0.008861 0.040783 -0.087526
v -0.010053 0.022463 -0.083124
v -0.006551 0.041028 -0.083137
v -0.007705 0.022333 -0.079037
v -0.003431 0.041564 -0.078964
v -0.009850 0.022838 -0.076038
v -0.010233 0.002252 -0.078223
v -0.012713 0.002501 -0.075248
v -0.013732 0.002896 -0.070351
v -0.012591 0.023330 -0.072378
v -0.013348 0.003195 -0.065360
v -0.012249 0.022794 -0.067311
v -0.013086 0.003429 -0.060511
v -0.012018 0.022437 -0.062034
v -0.009790 0.042179 -0.063432
v -0.007011 0.058420 -0.061658
v -0.011669 0.022021 -0.056960
v -0.009258 0.040513 -0.057892
v -0.006156 0.056657 -0.056079
v -0.001757 0.071027 -0.052071
v -0.002824 0.072513 -0.057349
v -0.008507 0.039344 -0.052291
v -0.005065 0.054934 -0.050358
v 0.000330 0.069245 -0.047113
v 0.009235 0.082509 -0.044661
v 0.007787 0.085119 -0.048481
v -0.003315 0.053494 -0.044932
v 0.003426 0.067208 -0.042351
v 0.011688 0.079959 -0.040327
v 0.025399 0.091080 -0.037691
v 0.024001 0.093435 -0.040270
v 0.006741 0.065156 -0.038975
v 0.015370 0.077539 -0.037990
v 0.028341 0.086970 -0.037364
v 0.044558 0.093495 -0.038629
v 0.042217 0.097706 -0.037775
v 0.020201 0.074547 -0.038782
v 0.031330 0.083235 -0.038576
v 0.023648 0.072203 -0.039287
v 0.011194 0.063088 -0.040070
v 0.015142 0.061124 -0.040618
v 0.004727 0.050473 -0.041685
v -0.000475 0.052193 -0.040845
v -0.005192 0.037207 -0.042695
v -0.007454 0.038174 -0.046517
v -0.010043 0.021196 -0.046945
v -0.011252 0.021641 -0.052011
v -0.011848 0.003665 -0.051140
v -0.012686 0.003580 -0.055788
v -0.011737 -0.014586 -0.054718
v -0.012315 -0.015176 -0.059398
v -0.010474 -0.032105 -0.058615
v -0.012661 -0.015614 -0.064321
v -0.011081 -0.032900 -0.063932
v -0.012969 -0.016019 -0.069409
v -0.011627 -0.033709 -0.069406
v -0.012582 -0.016431 -0.074328
v -0.010971 -0.034045 -0.074738
v -0.009622 -0.016787 -0.077351
v -0.007056 -0.033548 -0.076514
v -0.009924 -0.017567 -0.081580
v -0.006632 -0.034125 -0.080518
v -0.012256 -0.018622 -0.086303
v -0.009448 -0.035665 -0.085720
v -0.005625 -0.046406 -0.084756
v -0.011849 -0.037036 -0.091269
v -0.008504 -0.047871 -0.090599
v -0.005356 -0.055798 -0.089153
v -0.002210 -0.054771 -0.083413
v -0.002958 -0.061456 -0.087829
v -0.008451 -0.057439 -0.096258
v -0.006642 -0.063771 -0.094961
v -0.004141 -0.068647 -0.093944
v -0.000886 -0.066034 -0.086478
v -0.005781 -0.071575 -0.092058
v -0.006641 -0.072452 -0.103794
v -0.008942 -0.076219 -0.102362
v -0.013334 -0.079370 -0.100724
v -0.009579 -0.074231 -0.089390
v -0.010686 -0.084241 -0.100790
v -0.007617 -0.078363 -0.088557
v -0.017210 -0.084460 -0.114857
v -0.014562 -0.089816 -0.114838
v -0.020823 -0.088439 -0.127295
v -0.017936 -0.093541 -0.126467
v -0.014281 -0.100223 -0.126138
v -0.013010 -0.111201 -0.137657
v -0.006335 -0.125257 -0.151601
v -0.005383 -0.124913 -0.143648
v -0.009440 -0.127631 -0.156337
v 0.004212 -0.143325 -0.164356
v -0.011878 -0.128383 -0.163083
v 0.001861 -0.145783 -0.169949
v 0.022070 -0.159575 -0.172496
v 0.002112 -0.146192 -0.175171
v 0.021948 -0.160983 -0.177817
v 0.046136 -0.161691 -0.173408
v 0.045654 -0.160785 -0.167804
v 0.069687 -0.152819 -0.164810
v 0.045882 -0.158442 -0.177268
v 0.068616 -0.150375 -0.169000
v 0.086718 -0.137786 -0.160174
v 0.087037 -0.138714 -0.155750
v 0.099603 -0.125638 -0.151411
v 0.098582 -0.125250 -0.147359
v 0.105333 -0.114820 -0.148094
v 0.104873 -0.115303 -0.143582
v 0.083534 -0.134930 -0.162110
v 0.065761 -0.145606 -0.171340
v 0.063103 -0.142775 -0.170132
v 0.080082 -0.132020 -0.162012
v 0.060367 -0.141236 -0.165681
v 0.076336 -0.129700 -0.159859
v 0.057105 -0.138123 -0.161415
v 0.072342 -0.128720 -0.156893
v 0.086251 -0.118101 -0.151552
v 0.069655 -0.125813 -0.154043
v 0.082587 -0.116679 -0.149655
v 0.067689 -0.122680 -0.154742
v 0.080316 -0.115100 -0.150936
v 0.068420 -0.123263 -0.160256
v 0.081130 -0.115403 -0.156202
v 0.069493 -0.124603 -0.166173
v 0.082042 -0.116618 -0.161971
v 0.091659 -0.106359 -0.156950
v 0.083201 -0.117874 -0.168034
v 0.092257 -0.107905 -0.163639
v 0.100577 -0.098223 -0.160829
v 0.100112 -0.096709 -0.154535
v 0.106480 -0.085681 -0.161464
v 0.106587 -0.084071 -0.155959
v 0.110378 -0.072436 -0.163511
v 0.110780 -0.070327 -0.158677
v 0.111163 -0.068695 -0.154091
v 0.114364 -0.057459 -0.160606
v 0.115019 -0.055600 -0.156409
v 0.117561 -0.043972 -0.157550
v 0.120117 -0.045148 -0.158242
v 0.122162 -0.037658 -0.164135
v 0.122517 -0.040028 -0.168220
v 0.120305 -0.046767 -0.162719
v 0.120660 -0.035384 -0.161432
v 0.122397 -0.028857 -0.164337
v 0.124251 -0.030946 -0.168147
v 0.126462 -0.023879 -0.170893
v 0.127005 -0.025712 -0.176496
v 0.124739 -0.033276 -0.172978
v 0.124220 -0.021955 -0.166357
v 0.128420 -0.014726 -0.172784
v 0.129803 -0.003155 -0.173259
v 0.130869 -0.003335 -0.179573
v 0.129317 -0.015888 -0.178793
v 0.131608 -0.003496 -0.186025
v 0.129782 -0.017058 -0.185229
v 0.127264 -0.027608 -0.182515
v 0.130258 -0.018037 -0.192437
v 0.127455 -0.029387 -0.189345
v 0.124802 -0.038100 -0.185316
v 0.124803 -0.035648 -0.178439
v 0.122523 -0.044914 -0.181492
v 0.122519 -0.042420 -0.173709
v 0.120559 -0.050697 -0.178852
v 0.120397 -0.048557 -0.169480
v 0.118759 -0.056473 -0.176677
v 0.120848 -0.053231 -0.191083
v 0.119205 -0.058851 -0.189938
v 0.120985 -0.062510 -0.188578
v 0.119114 -0.061307 -0.174633
v 0.126498 -0.063603 -0.187438
v 0.124082 -0.062367 -0.172878
v 0.131751 -0.062270 -0.186931
v 0.129397 -0.061279 -0.171702
v 0.126802 -0.060824 -0.158425
v 0.133514 -0.056771 -0.171387
v 0.131350 -0.057306 -0.157655
v 0.128679 -0.057896 -0.144996
v 0.123515 -0.060271 -0.146077
v 0.125514 -0.057058 -0.130657
v 0.119107 -0.059046 -0.131646
v 0.133077 -0.052911 -0.143402
v 0.135454 -0.051923 -0.156874
v 0.139669 -0.045467 -0.155846
v 0.137318 -0.046709 -0.141690
v 0.137969 -0.051682 -0.171657
v 0.141176 -0.045310 -0.171508
v 0.142206 -0.036211 -0.171430
v 0.142897 -0.045244 -0.187623
v 0.143813 -0.035989 -0.188547
v 0.144130 -0.045542 -0.201178
v 0.141241 -0.052089 -0.200698
v 0.142433 -0.051713 -0.211116
v 0.139966 -0.051692 -0.187097
v 0.135175 -0.056929 -0.187012
v 0.135956 -0.057896 -0.201430
v 0.133060 -0.062549 -0.202400
v 0.135004 -0.060663 -0.217042
v 0.138141 -0.056199 -0.213925
v 0.138062 -0.056265 -0.228112
v 0.141375 -0.053168 -0.225319
v 0.144316 -0.049658 -0.222407
v 0.143998 -0.044578 -0.235963
v 0.148046 -0.042553 -0.233650
v 0.148387 -0.035579 -0.246283
v 0.151361 -0.033114 -0.243904
v 0.153473 -0.029194 -0.240393
v 0.154147 -0.022766 -0.252852
v 0.156872 -0.020390 -0.250796
v 0.157308 -0.016073 -0.247121
v 0.154080 -0.024149 -0.236537
v 0.156938 -0.010976 -0.243626
v 0.159681 -0.009203 -0.254555
v 0.159640 -0.004525 -0.250474
v 0.158604 0.001967 -0.246555
v 0.155784 -0.004363 -0.240518
v 0.157234 0.009799 -0.241744
v 0.154663 0.004044 -0.237014
v 0.154923 0.020132 -0.235007
v 0.152695 0.015169 -0.230972
v 0.152815 0.009377 -0.223288
v 0.155684 0.005774 -0.209160
v 0.151144 0.032115 -0.228049
v 0.154375 0.024051 -0.239061
v 0.150237 0.034995 -0.231010
v 0.153703 0.027783 -0.243129
v 0.149763 0.038328 -0.234799
v 0.145589 0.046849 -0.226877
v 0.146900 0.040223 -0.238068
v 0.143366 0.048292 -0.229790
v 0.144785 0.042485 -0.241046
v 0.149193 0.032344 -0.250122
v 0.148447 0.035681 -0.253519
v 0.143798 0.045332 -0.244274
v 0.151074 0.030045 -0.246580
v 0.154990 0.020325 -0.253440
v 0.152705 0.022476 -0.256916
v 0.157067 0.017666 -0.249902
v 0.159480 0.010417 -0.255341
v 0.157408 0.013225 -0.258956
v 0.157873 0.013940 -0.245696
v 0.160241 0.006454 -0.250939
v 0.155226 0.015529 -0.261924
v 0.156750 0.012831 -0.269596
v 0.154929 0.018592 -0.265939
v 0.152368 0.026209 -0.261536
v 0.153546 0.020469 -0.269690
v 0.150546 0.028433 -0.264415
v 0.145892 0.037943 -0.256080
v 0.146006 0.027438 -0.264561
v 0.141526 0.037259 -0.256329
v 0.137590 0.046294 -0.248171
v 0.141682 0.047024 -0.247074
v 0.137264 0.035798 -0.255603
v 0.141601 0.025857 -0.263614
v 0.138912 0.023243 -0.260626
v 0.134454 0.033483 -0.252515
v 0.137895 0.020429 -0.256124
v 0.133901 0.030606 -0.248074
v 0.137479 0.017364 -0.250829
v 0.133555 0.027728 -0.242905
v 0.130303 0.036312 -0.236683
v 0.127695 0.043372 -0.232072
v 0.133337 0.023799 -0.236389
v 0.130238 0.033362 -0.230346
v 0.127647 0.041100 -0.225974
v 0.125385 0.048065 -0.223836
v 0.130117 0.029844 -0.221246
v 0.127500 0.038535 -0.218192
v 0.125029 0.046349 -0.216553
v 0.123145 0.052939 -0.216305
v 0.126805 0.037365 -0.207966
v 0.124375 0.045164 -0.207215
v 0.122594 0.051403 -0.207619
v 0.121260 0.057402 -0.208105
v 0.122032 0.058842 -0.216474
v 0.123511 0.044656 -0.196425
v 0.121804 0.050640 -0.196566
v 0.120500 0.056297 -0.196869
v 0.120792 0.061597 -0.197409
v 0.121714 0.062619 -0.208332
v 0.120839 0.050116 -0.183959
v 0.119507 0.055780 -0.183681
v 0.119326 0.060902 -0.183838
v 0.124101 0.062587 -0.184157
v 0.125312 0.063231 -0.197946
v 0.118858 0.056040 -0.171746
v 0.119431 0.060938 -0.170885
v 0.123816 0.062409 -0.169998
v 0.128669 0.063160 -0.169366
v 0.129337 0.063381 -0.184482
v 0.127598 0.062299 -0.155444
v 0.132065 0.059044 -0.169117
v 0.135522 0.054328 -0.187081
v 0.132991 0.059546 -0.185634
v 0.137106 0.054302 -0.200255
v 0.133993 0.059264 -0.198983
v 0.130438 0.063478 -0.198480
v 0.134716 0.059547 -0.208390
v 0.131145 0.063279 -0.208258
v 0.126453 0.063779 -0.208295
v 0.122795 0.063473 -0.216759
v 0.119956 0.050109 -0.172965
v 0.119295 0.049472 -0.163861
v 0.122086 0.043006 -0.175324
v 0.121651 0.041619 -0.167675
v 0.120945 0.039860 -0.162062
v 0.124509 0.032960 -0.172401
v 0.123752 0.031110 -0.166646
v 0.117479 0.038943 -0.158368
v 0.127612 0.022931 -0.176318
v 0.126887 0.021438 -0.169920
v 0.130186 0.010569 -0.178701
v 0.129490 0.009888 -0.172103
v 0.127922 0.024372 -0.182847
v 0.130594 0.011260 -0.185278
v 0.128277 0.025487 -0.190209
v 0.131104 0.011941 -0.193032
v 0.132424 -0.003483 -0.193998
v 0.128904 0.026189 -0.199472
v 0.125990 0.036537 -0.197013
v 0.129664 0.027301 -0.210425
v 0.125239 0.035896 -0.187114
v 0.122688 0.043980 -0.185014
v 0.124871 0.034495 -0.179139
v 0.137088 0.013283 -0.244050
v 0.139907 0.009213 -0.257883
v 0.139277 0.004960 -0.251615
v 0.141656 0.003312 -0.263322
v 0.140833 -0.001101 -0.257893
v 0.138938 -0.007911 -0.250780
v 0.141523 -0.006195 -0.263814
v 0.139351 -0.012793 -0.257492
v 0.136238 -0.022438 -0.249219
v 0.135766 -0.017977 -0.241769
v 0.132010 -0.034072 -0.240560
v 0.132049 -0.029815 -0.233573
v 0.136809 -0.025878 -0.255326
v 0.132122 -0.037543 -0.246230
v 0.127325 -0.049002 -0.239592
v 0.133052 -0.040465 -0.251215
v 0.128524 -0.051521 -0.243240
v 0.125957 -0.060997 -0.234570
v 0.123439 -0.058550 -0.232445
v 0.122717 -0.063545 -0.220379
v 0.121379 -0.060161 -0.219726
v 0.119573 -0.060999 -0.205336
v 0.121073 -0.056341 -0.205510
v 0.122952 -0.050355 -0.205620
v 0.125343 -0.042702 -0.206488
v 0.122719 -0.047413 -0.192642
v 0.125043 -0.040212 -0.194849
v 0.127797 -0.031095 -0.198180
v 0.128272 -0.033079 -0.209234
v 0.126616 -0.064116 -0.220027
v 0.123292 -0.063521 -0.204622
v 0.130880 -0.063769 -0.218708
v 0.128752 -0.064335 -0.203703
v 0.130336 -0.060634 -0.233348
v 0.134580 -0.059114 -0.231215
v 0.133577 -0.052193 -0.243266
v 0.138544 -0.050912 -0.241833
v 0.141971 -0.048192 -0.238939
v 0.143301 -0.042681 -0.252613
v 0.146852 -0.039732 -0.249568
v 0.148132 -0.031877 -0.262128
v 0.151364 -0.029787 -0.259728
v 0.152226 -0.025847 -0.256023
v 0.154256 -0.021106 -0.267038
v 0.154888 -0.017621 -0.263485
v 0.155386 -0.014541 -0.260314
v 0.156885 -0.011062 -0.269193
v 0.159207 -0.012872 -0.257945
v 0.156394 -0.014331 -0.272493
v 0.157895 -0.008934 -0.276956
v 0.158557 -0.005513 -0.274039
v 0.155954 -0.010947 -0.279029
v 0.157622 -0.006456 -0.282604
v 0.154190 -0.016133 -0.274637
v 0.149449 -0.015476 -0.274607
v 0.151698 -0.010118 -0.278551
v 0.151677 -0.022822 -0.269273
v 0.146624 -0.022206 -0.269567
v 0.141858 -0.019957 -0.267751
v 0.145057 -0.013558 -0.272803
v 0.142942 -0.031235 -0.262403
v 0.138369 -0.029159 -0.260538
v 0.139964 -0.016632 -0.263134
v 0.137893 -0.042183 -0.252845
v 0.142498 -0.010281 -0.268849
v 0.142811 -0.001600 -0.268611
v 0.144391 -0.005540 -0.273397
v 0.147294 -0.008431 -0.276891
v 0.146193 -0.001255 -0.277491
v 0.149489 -0.003997 -0.280503
v 0.153752 -0.005652 -0.282002
v 0.152210 0.000133 -0.282821
v 0.148867 0.002505 -0.280246
v 0.146113 0.005781 -0.276358
v 0.149238 0.008884 -0.277871
v 0.144123 0.002378 -0.272977
v 0.142511 0.006832 -0.268322
v 0.144018 0.010243 -0.272147
v 0.141981 0.015692 -0.267217
v 0.144871 0.018359 -0.269831
v 0.146889 0.013120 -0.274289
v 0.140655 0.012549 -0.262997
v 0.149212 0.020012 -0.270484
v 0.151029 0.014998 -0.274495
v 0.155090 0.015427 -0.273180
v 0.113541 -0.059434 -0.165531
v 0.109914 -0.074803 -0.169121
v 0.112913 -0.062357 -0.171221
v 0.112998 -0.049471 -0.174036
v 0.111850 -0.065283 -0.178047
v 0.111873 -0.053271 -0.181743
v 0.109605 -0.042361 -0.187340
v 0.110886 -0.038046 -0.179146
v 0.103619 -0.032773 -0.194628
v 0.104868 -0.028857 -0.186423
v 0.105098 -0.024716 -0.180522
v 0.092988 -0.019341 -0.194706
v 0.093059 -0.016345 -0.189654
v 0.092431 -0.013587 -0.185795
v 0.104716 -0.019904 -0.177120
v 0.092431 -0.023121 -0.201889
v 0.101863 -0.036899 -0.204164
v 0.091033 -0.027750 -0.210925
v 0.076835 -0.019977 -0.216573
v 0.089818 -0.033740 -0.221261
v 0.076795 -0.026937 -0.227423
v 0.060188 -0.024555 -0.231072
v 0.041949 -0.032516 -0.246148
v 0.041368 -0.026536 -0.234379
v 0.025500 -0.038362 -0.248123
v 0.024208 -0.033523 -0.238058
v 0.012875 -0.048434 -0.247710
v 0.011578 -0.045224 -0.238760
v 0.003277 -0.060482 -0.245542
v 0.002789 -0.058978 -0.237651
v -0.001932 -0.074588 -0.243187
v -0.001119 -0.074229 -0.235516
v -0.005085 -0.071405 -0.224456
v -0.002780 -0.088662 -0.232083
v -0.005817 -0.086876 -0.220940
v -0.009858 -0.083551 -0.205657
v -0.002086 -0.101961 -0.216270
v -0.005579 -0.098663 -0.200668
v -0.008057 -0.095433 -0.184266
v -0.012764 -0.079920 -0.188934
v -0.007819 -0.093146 -0.171434
v -0.013442 -0.077014 -0.173866
v 0.000273 -0.108444 -0.183213
v 0.000492 -0.106168 -0.172738
v 0.010201 -0.118138 -0.184288
v 0.009366 -0.115715 -0.175286
v 0.020645 -0.124691 -0.185842
v 0.018794 -0.121768 -0.177568
v 0.031867 -0.130029 -0.185848
v 0.029858 -0.127448 -0.178737
v 0.028960 -0.125290 -0.172159
v 0.043381 -0.130719 -0.177826
v 0.042024 -0.128791 -0.171382
v 0.041023 -0.127363 -0.165036
v 0.055812 -0.128622 -0.169134
v 0.054148 -0.126985 -0.162728
v 0.052989 -0.128331 -0.157003
v 0.039786 -0.130655 -0.160810
v 0.054699 -0.133467 -0.158540
v 0.057356 -0.130435 -0.175514
v 0.070832 -0.125918 -0.172416
v 0.059205 -0.132349 -0.181973
v 0.072462 -0.127053 -0.178890
v 0.084237 -0.119310 -0.174931
v 0.074403 -0.127749 -0.185851
v 0.085788 -0.119909 -0.182442
v 0.094215 -0.110067 -0.179011
v 0.092976 -0.109366 -0.170868
v 0.101220 -0.100551 -0.176085
v 0.100833 -0.099477 -0.167877
v 0.105780 -0.090122 -0.175084
v 0.106212 -0.087553 -0.167654
v 0.109366 -0.077589 -0.175981
v 0.110766 -0.069156 -0.186523
v 0.110500 -0.073860 -0.196666
v 0.109538 -0.062198 -0.201465
v 0.110514 -0.057084 -0.190725
v 0.106246 -0.051871 -0.207743
v 0.107722 -0.046484 -0.196964
v 0.099908 -0.042392 -0.214476
v 0.107784 -0.059013 -0.221475
v 0.101284 -0.048999 -0.228123
v 0.107607 -0.067661 -0.234661
v 0.101212 -0.057786 -0.239797
v 0.110565 -0.074451 -0.249039
v 0.104737 -0.063746 -0.252855
v 0.112977 -0.079667 -0.263601
v 0.105919 -0.067939 -0.266373
v 0.113125 -0.083075 -0.276966
v 0.104558 -0.069809 -0.278752
v 0.094744 -0.058813 -0.280169
v 0.079669 -0.057466 -0.277036
v 0.073125 -0.048880 -0.272690
v 0.059941 -0.038609 -0.278561
v 0.059217 -0.040941 -0.270277
v 0.041241 -0.034480 -0.276224
v 0.041631 -0.037771 -0.269780
v 0.041941 -0.037913 -0.263197
v 0.024460 -0.040469 -0.267545
v 0.025800 -0.041878 -0.262764
v 0.025339 -0.039929 -0.256538
v 0.041927 -0.034316 -0.256157
v 0.012617 -0.051274 -0.261379
v 0.012545 -0.049708 -0.254977
v 0.002599 -0.061946 -0.259168
v 0.002643 -0.061250 -0.252267
v 0.010604 -0.049893 -0.265607
v 0.000242 -0.061385 -0.263728
v 0.006640 -0.045485 -0.268406
v -0.005286 -0.058046 -0.265625
v -0.011639 -0.071319 -0.263520
v -0.008750 -0.056269 -0.270139
v -0.016297 -0.069678 -0.267130
v -0.019721 -0.080297 -0.265678
v -0.016631 -0.069688 -0.273191
v -0.019568 -0.080643 -0.270795
v -0.019546 -0.090973 -0.267653
v -0.019374 -0.090115 -0.263238
v -0.017224 -0.102819 -0.264525
v -0.017336 -0.101340 -0.260438
v -0.010612 -0.117456 -0.260909
v -0.008869 -0.115080 -0.256665
v -0.005083 -0.112108 -0.256343
v 0.004230 -0.128678 -0.254091
v 0.007150 -0.125713 -0.252290
v 0.006774 -0.125423 -0.247713
v 0.021725 -0.135484 -0.249405
v 0.020386 -0.135385 -0.243277
v 0.018611 -0.134906 -0.236929
v 0.005963 -0.124299 -0.241967
v 0.016814 -0.133790 -0.230874
v 0.005052 -0.122797 -0.235976
v 0.017696 -0.129856 -0.225478
v 0.007060 -0.119390 -0.230346
v -0.000897 -0.105515 -0.235221
v -0.004580 -0.089519 -0.239769
v 0.008120 -0.116430 -0.222859
v 0.000558 -0.103690 -0.227706
v 0.005085 -0.114928 -0.212099
v 0.018064 -0.125994 -0.218610
v 0.014892 -0.124228 -0.208365
v 0.012183 -0.120955 -0.195887
v 0.001770 -0.111722 -0.197218
v 0.025414 -0.130557 -0.205779
v 0.022580 -0.127871 -0.195415
v 0.037359 -0.133946 -0.202682
v 0.034118 -0.132287 -0.194137
v 0.049888 -0.135813 -0.199395
v 0.047235 -0.134693 -0.191779
v 0.045083 -0.132719 -0.184565
v 0.061472 -0.133944 -0.188857
v 0.063422 -0.133861 -0.196223
v 0.076414 -0.127945 -0.192822
v 0.065573 -0.133710 -0.203760
v 0.078856 -0.129832 -0.198274
v 0.090928 -0.122958 -0.194807
v 0.087463 -0.119956 -0.189949
v 0.081578 -0.134469 -0.201298
v 0.093343 -0.125954 -0.200066
v 0.083048 -0.135313 -0.208720
v 0.093486 -0.125540 -0.207562
v 0.083318 -0.134109 -0.217647
v 0.094170 -0.125275 -0.217427
v 0.103870 -0.116940 -0.217795
v 0.097537 -0.129127 -0.230447
v 0.105998 -0.121260 -0.232851
v 0.112524 -0.113192 -0.235469
v 0.110654 -0.107260 -0.219209
v 0.115433 -0.104227 -0.238343
v 0.112701 -0.096792 -0.221940
v 0.116288 -0.095007 -0.241471
v 0.112940 -0.087503 -0.225362
v 0.114351 -0.080270 -0.209801
v 0.112370 -0.077641 -0.229688
v 0.113039 -0.069257 -0.215183
v 0.114818 -0.085218 -0.245132
v 0.119255 -0.102640 -0.256573
v 0.117767 -0.091782 -0.260148
v 0.119503 -0.107461 -0.269562
v 0.117408 -0.096436 -0.273253
v 0.115083 -0.109489 -0.281638
v 0.112637 -0.099343 -0.284345
v 0.108002 -0.086060 -0.286872
v 0.107799 -0.100909 -0.294532
v 0.103872 -0.086840 -0.295694
v 0.104388 -0.101429 -0.303470
v 0.101183 -0.086038 -0.302902
v 0.101787 -0.100539 -0.310554
v 0.098208 -0.084919 -0.307664
v 0.098339 -0.099019 -0.314633
v 0.093418 -0.084807 -0.309969
v 0.085274 -0.072982 -0.302207
v 0.088837 -0.085683 -0.309854
v 0.082531 -0.073621 -0.304486
v 0.074634 -0.062164 -0.301356
v 0.075423 -0.062340 -0.298031
v 0.065857 -0.053536 -0.299749
v 0.066974 -0.052267 -0.296731
v 0.055356 -0.047277 -0.298839
v 0.056394 -0.043754 -0.295899
v 0.057708 -0.040854 -0.291653
v 0.039420 -0.040129 -0.293418
v 0.039674 -0.036702 -0.288709
v 0.040233 -0.034739 -0.282734
v 0.058826 -0.038908 -0.286198
v 0.020170 -0.038173 -0.284446
v 0.021056 -0.036466 -0.278207
v 0.022566 -0.036737 -0.272089
v 0.004124 -0.044113 -0.273755
v 0.003230 -0.045683 -0.279751
v -0.009408 -0.056915 -0.275835
v 0.002919 -0.048297 -0.286033
v -0.008832 -0.058551 -0.282535
v -0.015922 -0.069952 -0.278826
v -0.019307 -0.080494 -0.275948
v -0.019878 -0.091891 -0.278275
v -0.019772 -0.091300 -0.272802
v -0.017954 -0.106077 -0.275312
v -0.017494 -0.104591 -0.269742
v -0.011701 -0.121851 -0.272394
v -0.011375 -0.119720 -0.266664
v -0.000850 -0.135646 -0.270337
v -0.000235 -0.134142 -0.263977
v 0.000851 -0.132799 -0.257868
v 0.015168 -0.143580 -0.264214
v 0.016544 -0.144063 -0.257952
v 0.019775 -0.138555 -0.253854
v 0.031251 -0.147783 -0.259033
v 0.034645 -0.142166 -0.254672
v 0.035499 -0.140925 -0.246221
v 0.043412 -0.152578 -0.250101
v 0.046550 -0.146483 -0.243297
v 0.046496 -0.144639 -0.235161
v 0.034006 -0.141840 -0.238822
v 0.044076 -0.145249 -0.227203
v 0.031949 -0.142006 -0.231825
v 0.041572 -0.144565 -0.219743
v 0.029405 -0.140972 -0.224890
v 0.041159 -0.140126 -0.214149
v 0.029366 -0.136371 -0.220524
v 0.041028 -0.134802 -0.210229
v 0.028728 -0.131990 -0.215033
v 0.054069 -0.143551 -0.209586
v 0.052995 -0.136176 -0.206629
v 0.068080 -0.141427 -0.204906
v 0.055782 -0.147730 -0.216471
v 0.070548 -0.143486 -0.211666
v 0.057227 -0.145888 -0.223680
v 0.071339 -0.142001 -0.219950
v 0.058291 -0.145073 -0.231939
v 0.072030 -0.142392 -0.229564
v 0.085424 -0.136581 -0.229040
v 0.072006 -0.147219 -0.240857
v 0.086852 -0.141542 -0.242392
v 0.099827 -0.133977 -0.245039
v 0.085759 -0.148026 -0.255601
v 0.099510 -0.138317 -0.258943
v 0.080697 -0.150977 -0.268568
v 0.095235 -0.140945 -0.271726
v 0.074181 -0.151015 -0.277695
v 0.089146 -0.141924 -0.282306
v 0.100015 -0.132696 -0.285523
v 0.083031 -0.142401 -0.291059
v 0.094352 -0.133688 -0.295233
v 0.101099 -0.126915 -0.298570
v 0.107208 -0.126285 -0.288395
v 0.105635 -0.119952 -0.301996
v 0.111094 -0.118882 -0.291357
v 0.104897 -0.111802 -0.302951
v 0.109748 -0.110650 -0.292916
v 0.100508 -0.121617 -0.310054
v 0.101446 -0.112508 -0.311284
v 0.096622 -0.121836 -0.316610
v 0.099133 -0.111614 -0.316607
v 0.094161 -0.120540 -0.322429
v 0.096398 -0.110039 -0.321337
v 0.093422 -0.098232 -0.316398
v 0.089382 -0.107817 -0.322861
v 0.089499 -0.096883 -0.318813
v 0.087343 -0.084181 -0.313263
v 0.088136 -0.094674 -0.323893
v 0.085481 -0.081995 -0.317963
v 0.080039 -0.070930 -0.312560
v 0.081444 -0.072524 -0.308112
v 0.074032 -0.060403 -0.308398
v 0.074238 -0.061499 -0.304816
v 0.064904 -0.053508 -0.306709
v 0.065166 -0.054044 -0.303077
v 0.054277 -0.048663 -0.305528
v 0.054787 -0.048563 -0.301794
v 0.039271 -0.046120 -0.303641
v 0.039603 -0.047160 -0.299523
v 0.039387 -0.044394 -0.296484
v 0.020746 -0.049095 -0.298292
v 0.020254 -0.045791 -0.294323
v 0.019781 -0.040916 -0.290006
v 0.003776 -0.053378 -0.291631
v 0.003983 -0.056897 -0.296943
v 0.019873 -0.047657 -0.303073
v 0.000510 -0.055456 -0.302694
v -0.013335 -0.068196 -0.302027
v -0.001111 -0.054556 -0.309634
v -0.015986 -0.069252 -0.310162
v -0.023465 -0.091235 -0.307496
v -0.021607 -0.089266 -0.299783
v -0.019078 -0.113303 -0.302576
v -0.018157 -0.110712 -0.296050
v -0.015742 -0.108545 -0.289443
v -0.009214 -0.125577 -0.293130
v -0.008329 -0.123464 -0.287534
v -0.007529 -0.122263 -0.282917
v -0.012720 -0.106822 -0.284760
v -0.010744 -0.123080 -0.278729
v -0.016379 -0.106918 -0.281463
v 0.003170 -0.131754 -0.281926
v 0.000222 -0.135016 -0.277529
v 0.014935 -0.141615 -0.277929
v 0.014872 -0.143546 -0.271222
v 0.028505 -0.147093 -0.272100
v 0.029539 -0.148230 -0.265800
v 0.036145 -0.152036 -0.273036
v 0.037577 -0.154034 -0.266772
v 0.040191 -0.154401 -0.259142
v 0.047033 -0.157583 -0.268950
v 0.051067 -0.156548 -0.261101
v 0.055674 -0.154546 -0.251135
v 0.064463 -0.154531 -0.264354
v 0.069373 -0.152397 -0.253267
v 0.058326 -0.149494 -0.240612
v 0.058958 -0.155283 -0.272777
v 0.043685 -0.158033 -0.275133
v 0.054597 -0.157184 -0.279313
v 0.068578 -0.152382 -0.285056
v 0.064091 -0.153309 -0.290983
v 0.078764 -0.144140 -0.298075
v 0.073984 -0.143216 -0.303503
v 0.085129 -0.135002 -0.309580
v 0.089375 -0.134902 -0.302958
v 0.091696 -0.128452 -0.313542
v 0.096035 -0.127866 -0.306506
v 0.081080 -0.133832 -0.315050
v 0.087997 -0.127388 -0.319123
v 0.077981 -0.133379 -0.320357
v 0.085128 -0.125967 -0.323895
v 0.088830 -0.118476 -0.325252
v 0.083162 -0.125118 -0.329810
v 0.086440 -0.116645 -0.329523
v 0.088359 -0.106139 -0.327552
v 0.085166 -0.114763 -0.336979
v 0.086336 -0.104041 -0.334612
v 0.085968 -0.092350 -0.329789
v 0.080994 -0.077676 -0.328342
v 0.083467 -0.079973 -0.322779
v 0.078204 -0.067332 -0.321874
v 0.078589 -0.069449 -0.316759
v 0.075496 -0.057109 -0.316929
v 0.074564 -0.058909 -0.312276
v 0.065857 -0.049575 -0.315436
v 0.065111 -0.051912 -0.310798
v 0.053940 -0.044430 -0.314405
v 0.053850 -0.047178 -0.309750
v 0.038599 -0.042113 -0.313362
v 0.038803 -0.044487 -0.308424
v 0.019389 -0.045658 -0.314506
v 0.019615 -0.046726 -0.308437
v -0.001265 -0.054269 -0.317478
v 0.018465 -0.043302 -0.320299
v 0.000762 -0.054949 -0.325246
v -0.015594 -0.071110 -0.327190
v -0.017317 -0.070132 -0.318976
v -0.024551 -0.093777 -0.315969
v 0.002306 -0.055482 -0.332814
v -0.015068 -0.071877 -0.333244
v 0.001998 -0.054205 -0.340012
v -0.016904 -0.071007 -0.340673
v 0.003716 -0.054891 -0.347078
v -0.014677 -0.072298 -0.347891
v -0.025791 -0.097667 -0.344532
v -0.010640 -0.074527 -0.354981
v -0.021112 -0.099321 -0.350470
v -0.019684 -0.122797 -0.345747
v -0.015322 -0.100929 -0.354330
v -0.015647 -0.124105 -0.351869
v -0.007788 -0.137630 -0.348297
v -0.011838 -0.136527 -0.340723
v 0.002024 -0.144614 -0.345529
v -0.003605 -0.145364 -0.336779
v 0.014279 -0.150272 -0.342894
v 0.005292 -0.154895 -0.333448
v 0.025887 -0.156729 -0.341055
v 0.014450 -0.162788 -0.329459
v 0.036561 -0.159900 -0.337619
v 0.024582 -0.165892 -0.323067
v 0.009816 -0.162855 -0.311760
v 0.017863 -0.161672 -0.305125
v 0.024578 -0.158310 -0.299619
v 0.008798 -0.149721 -0.295062
v -0.001151 -0.138463 -0.296226
v 0.029102 -0.154774 -0.294596
v 0.012617 -0.145939 -0.292083
v 0.000807 -0.135493 -0.292134
v -0.009980 -0.128149 -0.298444
v 0.002283 -0.133165 -0.287271
v 0.029654 -0.151805 -0.353558
v 0.040453 -0.153871 -0.351652
v 0.030477 -0.150318 -0.364648
v 0.041085 -0.152347 -0.363846
v 0.051548 -0.147984 -0.362077
v 0.052523 -0.148650 -0.372069
v 0.054088 -0.151727 -0.379575
v 0.066886 -0.143352 -0.378166
v 0.055828 -0.154665 -0.386062
v 0.069497 -0.146608 -0.384479
v 0.081085 -0.133810 -0.382900
v 0.071724 -0.148868 -0.389930
v 0.084092 -0.136632 -0.388200
v 0.089391 -0.119420 -0.389036
v 0.085754 -0.117871 -0.383635
v 0.087316 -0.104513 -0.393988
v 0.083911 -0.103210 -0.388447
v 0.079214 -0.100904 -0.382262
v 0.074037 -0.097117 -0.374751
v 0.080535 -0.091198 -0.396553
v 0.084176 -0.092114 -0.402214
v 0.079822 -0.085545 -0.408011
v 0.076756 -0.084737 -0.402365
v 0.076143 -0.081553 -0.412818
v 0.073350 -0.080219 -0.407924
v 0.087272 -0.093407 -0.407221
v 0.090482 -0.105917 -0.399271
v 0.089954 -0.107833 -0.404012
v 0.086324 -0.094873 -0.410519
v 0.085210 -0.107960 -0.406712
v 0.081064 -0.097115 -0.412401
v 0.079732 -0.107240 -0.409928
v 0.077365 -0.099253 -0.414548
v 0.074413 -0.093909 -0.419903
v 0.079666 -0.100329 -0.418022
v 0.076534 -0.093760 -0.422815
v 0.084518 -0.099797 -0.420988
v 0.082019 -0.093246 -0.425804
v 0.090871 -0.100831 -0.425130
v 0.089431 -0.094588 -0.429881
v 0.099155 -0.103329 -0.430630
v 0.098348 -0.096796 -0.435815
v 0.097801 -0.091305 -0.440999
v 0.110964 -0.099413 -0.444442
v 0.110620 -0.094382 -0.450506
v 0.109017 -0.092763 -0.457337
v 0.094967 -0.090701 -0.448162
v 0.108566 -0.091516 -0.464276
v 0.093535 -0.089564 -0.456529
v 0.109431 -0.090254 -0.470713
v 0.093080 -0.088461 -0.465207
v 0.081547 -0.084916 -0.460306
v 0.070666 -0.083116 -0.456848
v 0.093384 -0.087233 -0.473181
v 0.080957 -0.084767 -0.469560
v 0.070430 -0.082135 -0.466011
v 0.060624 -0.081540 -0.464925
v 0.060286 -0.082482 -0.456261
v 0.080307 -0.083883 -0.477317
v 0.094307 -0.083755 -0.478952
v 0.094783 -0.080550 -0.483923
v 0.113412 -0.084846 -0.480220
v 0.113537 -0.085218 -0.485862
v 0.113541 -0.086333 -0.490937
v 0.094362 -0.081439 -0.489417
v 0.112650 -0.089743 -0.495768
v 0.093381 -0.083955 -0.494592
v 0.111320 -0.094621 -0.497992
v 0.092111 -0.088832 -0.497676
v 0.076834 -0.087107 -0.494623
v 0.090989 -0.095143 -0.498710
v 0.076163 -0.093228 -0.496413
v 0.066178 -0.091683 -0.490562
v 0.058510 -0.088686 -0.488818
v 0.075500 -0.099908 -0.497547
v 0.065377 -0.098239 -0.492177
v 0.057477 -0.095533 -0.490464
v 0.051431 -0.093120 -0.490158
v 0.052792 -0.086302 -0.487737
v 0.063685 -0.107314 -0.493642
v 0.055785 -0.104612 -0.491331
v 0.049046 -0.101606 -0.491107
v 0.043481 -0.099397 -0.491807
v 0.047110 -0.091214 -0.491846
v 0.052987 -0.115688 -0.491869
v 0.045845 -0.112501 -0.491120
v 0.039894 -0.110065 -0.491635
v 0.036895 -0.108596 -0.496315
v 0.041208 -0.098544 -0.496569
v 0.041291 -0.126165 -0.491092
v 0.035649 -0.123784 -0.490813
v 0.031640 -0.122023 -0.495365
v 0.028037 -0.120427 -0.499831
v 0.032769 -0.106831 -0.499694
v 0.030699 -0.136274 -0.490562
v 0.026395 -0.134448 -0.494813
v 0.023241 -0.133254 -0.499811
v 0.018229 -0.131183 -0.499763
v 0.022672 -0.118149 -0.499724
v 0.022503 -0.144207 -0.494689
v 0.019587 -0.143417 -0.499831
v 0.014521 -0.141772 -0.499738
v 0.008508 -0.139390 -0.499649
v 0.012249 -0.128652 -0.499707
v 0.003944 -0.124909 -0.499624
v 0.008235 -0.111858 -0.499556
v 0.016513 -0.115489 -0.499648
v -0.000022 -0.135661 -0.499526
v -0.010272 -0.130154 -0.499388
v -0.005865 -0.119904 -0.499515
v -0.003407 -0.143688 -0.499264
v -0.014138 -0.137427 -0.499080
v -0.023823 -0.131515 -0.499007
v -0.019790 -0.124645 -0.499260
v -0.017289 -0.143305 -0.498154
v -0.027690 -0.137086 -0.498265
v -0.036641 -0.131037 -0.496872
v -0.019491 -0.148211 -0.495431
v -0.030322 -0.140602 -0.494054
v -0.037946 -0.131755 -0.491819
v -0.041551 -0.121047 -0.490598
v -0.041140 -0.120949 -0.494939
v -0.030939 -0.141959 -0.488716
v -0.037649 -0.132268 -0.486920
v -0.041222 -0.120839 -0.485912
v -0.041737 -0.108234 -0.485642
v -0.041842 -0.109036 -0.490543
v -0.036922 -0.132386 -0.481484
v -0.040520 -0.120663 -0.480530
v -0.041171 -0.107436 -0.480226
v -0.038268 -0.093264 -0.480719
v -0.039219 -0.093850 -0.486193
v -0.039091 -0.120953 -0.474084
v -0.039919 -0.107315 -0.473803
v -0.036946 -0.092939 -0.474508
v -0.030126 -0.078728 -0.475929
v -0.031244 -0.078890 -0.482096
v -0.038047 -0.107613 -0.465916
v -0.034437 -0.093157 -0.467425
v -0.028042 -0.079118 -0.468954
v -0.017314 -0.068132 -0.471218
v -0.019551 -0.067613 -0.477622
v -0.029217 -0.094407 -0.461526
v -0.023314 -0.081100 -0.463232
v -0.013135 -0.070809 -0.465547
v -0.019809 -0.082443 -0.455002
v -0.009672 -0.072507 -0.458901
v -0.018038 -0.082454 -0.444443
v -0.007035 -0.072490 -0.450016
v 0.004121 -0.067062 -0.455440
v -0.012917 -0.084912 -0.435684
v -0.023752 -0.096028 -0.441338
v -0.018876 -0.097478 -0.431936
v -0.012227 -0.099215 -0.424807
v -0.006475 -0.088019 -0.428558
v -0.009042 -0.099919 -0.417178
v -0.002747 -0.088659 -0.420210
v -0.012973 -0.098673 -0.409823
v -0.004242 -0.085723 -0.411783
v -0.011878 -0.099475 -0.401609
v -0.003277 -0.085087 -0.402300
v 0.010408 -0.074253 -0.408679
v 0.021158 -0.066027 -0.415274
v -0.001762 -0.084551 -0.394056
v 0.012016 -0.073542 -0.400389
v 0.023663 -0.065404 -0.406158
v 0.035932 -0.062319 -0.412879
v 0.032762 -0.063362 -0.421944
v 0.013938 -0.073811 -0.392856
v 0.026107 -0.066939 -0.397806
v 0.038708 -0.063010 -0.403353
v 0.049833 -0.063891 -0.409475
v 0.046546 -0.063806 -0.419542
v 0.028305 -0.068925 -0.390652
v 0.040474 -0.066720 -0.394914
v 0.052410 -0.066712 -0.399248
v 0.061836 -0.069215 -0.404728
v 0.058455 -0.066795 -0.415031
v 0.041379 -0.072359 -0.386843
v 0.029626 -0.068086 -0.383176
v 0.030131 -0.065955 -0.374674
v 0.042642 -0.070973 -0.377174
v 0.029960 -0.062570 -0.365824
v 0.043108 -0.067805 -0.367098
v 0.029230 -0.058526 -0.357467
v 0.043372 -0.063086 -0.357521
v 0.056132 -0.067992 -0.358547
v 0.066406 -0.070985 -0.358345
v 0.044170 -0.056814 -0.348338
v 0.056726 -0.060348 -0.350931
v 0.067090 -0.063014 -0.350339
v 0.075617 -0.066879 -0.346629
v 0.073924 -0.075637 -0.355482
v 0.056385 -0.050536 -0.344883
v 0.042697 -0.047734 -0.343581
v 0.040952 -0.041508 -0.336269
v 0.055641 -0.044361 -0.336535
v 0.039517 -0.039580 -0.327706
v 0.054879 -0.042358 -0.327837
v 0.038667 -0.039791 -0.319754
v 0.054507 -0.042273 -0.320271
v 0.066811 -0.047633 -0.320895
v 0.075462 -0.055583 -0.323017
v 0.079469 -0.065149 -0.327569
v 0.078764 -0.074834 -0.333872
v 0.079196 -0.071228 -0.340600
v 0.020419 -0.043807 -0.329368
v 0.022101 -0.045126 -0.337143
v 0.024367 -0.047845 -0.343615
v 0.027379 -0.053438 -0.349440
v 0.008341 -0.058863 -0.353745
v 0.011588 -0.061805 -0.357795
v -0.005713 -0.076237 -0.357995
v 0.013847 -0.064778 -0.364799
v -0.001595 -0.078877 -0.362610
v -0.011979 -0.102006 -0.359732
v 0.001154 -0.080958 -0.367818
v -0.009206 -0.102653 -0.364792
v -0.012708 -0.125178 -0.358407
v -0.004591 -0.138322 -0.356801
v 0.005392 -0.143977 -0.355326
v 0.019121 -0.146964 -0.364285
v 0.017566 -0.148000 -0.354860
v 0.002665 -0.082931 -0.373655
v -0.006546 -0.102905 -0.369615
v 0.003293 -0.085029 -0.380135
v -0.005671 -0.102801 -0.377908
v -0.008545 -0.120877 -0.381335
v -0.009093 -0.101070 -0.384959
v -0.011880 -0.118966 -0.389838
v -0.011770 -0.135411 -0.399723
v -0.006291 -0.137680 -0.390046
v -0.013784 -0.117064 -0.398621
v -0.013194 -0.132700 -0.408212
v -0.015412 -0.115625 -0.406458
v -0.012475 -0.130447 -0.414807
v -0.010139 -0.141734 -0.424682
v -0.009575 -0.128247 -0.418949
v -0.007027 -0.138846 -0.429210
v 0.000231 -0.147963 -0.434735
v -0.002495 -0.151424 -0.431415
v 0.010502 -0.157615 -0.434012
v 0.007125 -0.160759 -0.430569
v 0.020219 -0.163446 -0.427846
v 0.016338 -0.166396 -0.422854
v 0.011360 -0.166437 -0.414482
v 0.006197 -0.162562 -0.403574
v 0.024324 -0.168539 -0.415605
v 0.019596 -0.168038 -0.407115
v 0.014102 -0.164067 -0.396403
v 0.028164 -0.167285 -0.401544
v 0.032011 -0.167312 -0.410024
v 0.039321 -0.164906 -0.405569
v 0.036620 -0.164006 -0.397799
v 0.048420 -0.162986 -0.401759
v 0.046338 -0.161665 -0.394745
v 0.059395 -0.158043 -0.398355
v 0.057817 -0.157127 -0.392448
v 0.073128 -0.151056 -0.395575
v 0.059502 -0.156613 -0.404165
v 0.071767 -0.147939 -0.400626
v 0.083601 -0.136469 -0.398394
v 0.086860 -0.139186 -0.393515
v 0.089545 -0.121213 -0.399608
v 0.092539 -0.120638 -0.393794
v 0.078045 -0.132899 -0.402186
v 0.083504 -0.120416 -0.403296
v 0.073206 -0.130285 -0.404729
v 0.078440 -0.118682 -0.406039
v 0.074718 -0.131636 -0.407691
v 0.080161 -0.119292 -0.409081
v 0.081662 -0.107867 -0.413365
v 0.085325 -0.121007 -0.411099
v 0.086441 -0.108507 -0.416372
v 0.090923 -0.123145 -0.414402
v 0.092179 -0.109657 -0.419940
v 0.097597 -0.125974 -0.419153
v 0.099533 -0.111911 -0.425037
v 0.106401 -0.129853 -0.425271
v 0.109499 -0.115462 -0.431643
v 0.110390 -0.106390 -0.438039
v 0.123842 -0.120879 -0.437258
v 0.127757 -0.110268 -0.445083
v 0.128594 -0.104271 -0.453634
v 0.142039 -0.120871 -0.452639
v 0.144369 -0.115926 -0.462002
v 0.145193 -0.113675 -0.468988
v 0.128361 -0.101454 -0.461357
v 0.145881 -0.112415 -0.474425
v 0.128269 -0.100249 -0.467623
v 0.147636 -0.110651 -0.479167
v 0.128645 -0.099376 -0.473146
v 0.150095 -0.107479 -0.481084
v 0.129924 -0.097910 -0.477276
v 0.151240 -0.106684 -0.485413
v 0.132156 -0.095471 -0.480568
v 0.111297 -0.088397 -0.476743
v 0.132289 -0.094786 -0.484578
v 0.151531 -0.105834 -0.490067
v 0.151770 -0.105104 -0.494210
v 0.132270 -0.094472 -0.489378
v 0.150046 -0.106086 -0.497885
v 0.131719 -0.095194 -0.493490
v 0.146890 -0.108530 -0.499047
v 0.130145 -0.097538 -0.497106
v 0.143426 -0.111567 -0.499329
v 0.128101 -0.102328 -0.498682
v 0.140646 -0.114537 -0.499446
v 0.126087 -0.106632 -0.499053
v 0.109809 -0.100187 -0.498800
v 0.108091 -0.106754 -0.499079
v 0.089878 -0.102300 -0.498970
v 0.105572 -0.116179 -0.499290
v 0.088077 -0.112247 -0.499179
v 0.073862 -0.109390 -0.498452
v 0.085346 -0.125430 -0.499427
v 0.070875 -0.121710 -0.499072
v 0.060705 -0.118663 -0.495114
v 0.066553 -0.137034 -0.499280
v 0.056098 -0.132928 -0.495680
v 0.048272 -0.129323 -0.491829
v 0.051343 -0.145710 -0.495824
v 0.043606 -0.141638 -0.491867
v 0.036896 -0.138719 -0.490983
v 0.038933 -0.151433 -0.491825
v 0.032487 -0.148192 -0.490937
v 0.026566 -0.145577 -0.490473
v 0.028232 -0.155644 -0.491000
v 0.023101 -0.153594 -0.490594
v 0.024891 -0.161575 -0.490241
v 0.020421 -0.160186 -0.489607
v 0.034827 -0.158459 -0.491875
v 0.031348 -0.163951 -0.491303
v 0.028749 -0.168422 -0.488886
v 0.039943 -0.168374 -0.494390
v 0.037033 -0.173048 -0.492258
v 0.035951 -0.176064 -0.487603
v 0.027851 -0.170336 -0.483820
v 0.036722 -0.176350 -0.482105
v 0.028590 -0.169493 -0.478669
v 0.038979 -0.173533 -0.477280
v 0.031125 -0.166392 -0.473411
v 0.022733 -0.161555 -0.470950
v 0.012505 -0.156971 -0.468781
v 0.031272 -0.167434 -0.467115
v 0.023709 -0.161664 -0.463878
v 0.013344 -0.156893 -0.461316
v -0.000452 -0.152928 -0.458715
v -0.001584 -0.154803 -0.466345
v 0.000497 -0.150674 -0.451825
v -0.012583 -0.148794 -0.456850
v -0.020330 -0.141545 -0.454850
v -0.021921 -0.140860 -0.464574
v -0.013441 -0.148769 -0.466009
v -0.025757 -0.142310 -0.471188
v -0.016062 -0.151318 -0.472577
v -0.028877 -0.142972 -0.477368
v -0.018517 -0.152933 -0.479122
v -0.030283 -0.142733 -0.483298
v -0.019633 -0.152620 -0.485140
v -0.020264 -0.151140 -0.490673
v -0.035339 -0.132764 -0.475341
v -0.032289 -0.132818 -0.468504
v -0.036206 -0.121516 -0.466613
v -0.027510 -0.132221 -0.462060
v -0.029256 -0.121283 -0.460759
v -0.030952 -0.107610 -0.461497
v -0.028462 -0.122091 -0.450923
v -0.028689 -0.108691 -0.451265
v -0.026593 -0.094944 -0.452302
v -0.026261 -0.110065 -0.439924
v -0.025286 -0.123416 -0.440727
v -0.020549 -0.111461 -0.430953
v -0.014014 -0.112255 -0.424379
v -0.009827 -0.112668 -0.418976
v -0.013769 -0.113799 -0.414291
v -0.025513 -0.133097 -0.452575
v 0.040449 -0.172578 -0.471710
v 0.041159 -0.173606 -0.464315
v 0.052244 -0.178689 -0.476344
v 0.052920 -0.179269 -0.470547
v 0.054461 -0.179056 -0.463362
v 0.043080 -0.172989 -0.455683
v 0.057012 -0.177376 -0.455960
v 0.066405 -0.191045 -0.469893
v 0.068224 -0.190580 -0.462507
v 0.070654 -0.189224 -0.454014
v 0.060415 -0.175347 -0.447799
v 0.074898 -0.183703 -0.445561
v 0.063878 -0.174412 -0.438969
v 0.080147 -0.177723 -0.438197
v 0.069338 -0.170001 -0.431159
v 0.062241 -0.166553 -0.426280
v 0.056678 -0.163029 -0.421973
v 0.075617 -0.162486 -0.426106
v 0.068964 -0.159004 -0.421294
v 0.064019 -0.156032 -0.417668
v 0.059630 -0.152921 -0.414931
v 0.076838 -0.149806 -0.416495
v 0.071992 -0.147064 -0.412301
v 0.067234 -0.143515 -0.409817
v 0.064635 -0.141548 -0.406720
v 0.056410 -0.150636 -0.412453
v 0.079820 -0.134737 -0.409351
v 0.085264 -0.137776 -0.412558
v 0.082954 -0.152920 -0.421642
v 0.091624 -0.140822 -0.417439
v 0.093536 -0.158550 -0.427669
v 0.100781 -0.144822 -0.423381
v 0.105925 -0.164056 -0.433361
v 0.113154 -0.150192 -0.428742
v 0.119265 -0.135036 -0.430058
v 0.126442 -0.155884 -0.434954
v 0.132472 -0.142704 -0.436872
v 0.136813 -0.130095 -0.444652
v 0.140161 -0.163108 -0.440689
v 0.150793 -0.169524 -0.448753
v 0.144531 -0.183543 -0.460544
v 0.157261 -0.173731 -0.458236
v 0.146440 -0.184612 -0.468447
v 0.159199 -0.174799 -0.467314
v 0.166835 -0.160985 -0.466624
v 0.160585 -0.175347 -0.474048
v 0.168032 -0.160982 -0.473242
v 0.165268 -0.144094 -0.473895
v 0.164389 -0.144338 -0.467169
v 0.157044 -0.128973 -0.465904
v 0.158009 -0.127866 -0.472519
v 0.168098 -0.143715 -0.479420
v 0.159952 -0.126473 -0.477143
v 0.171679 -0.142955 -0.480322
v 0.163496 -0.124233 -0.479451
v 0.173315 -0.142567 -0.484214
v 0.165592 -0.122616 -0.482625
v 0.173937 -0.142500 -0.488998
v 0.165881 -0.122642 -0.487609
v 0.174638 -0.142479 -0.493693
v 0.166267 -0.122283 -0.493139
v 0.175265 -0.142894 -0.497746
v 0.166676 -0.122180 -0.497622
v 0.171582 -0.143339 -0.499427
v 0.163871 -0.123374 -0.499780
v 0.165819 -0.143853 -0.499664
v 0.159458 -0.125477 -0.499756
v 0.160130 -0.144486 -0.499710
v 0.155229 -0.127641 -0.499757
v 0.151888 -0.145590 -0.499719
v 0.149340 -0.129908 -0.499737
v 0.141617 -0.146887 -0.499684
v 0.129194 -0.147664 -0.499631
v 0.128826 -0.161134 -0.499622
v 0.112704 -0.162534 -0.499571
v 0.114919 -0.147523 -0.499583
v 0.129139 -0.171930 -0.499628
v 0.111324 -0.174942 -0.499582
v 0.091959 -0.174965 -0.499580
v 0.094536 -0.162069 -0.499574
v 0.129683 -0.180189 -0.499617
v 0.110617 -0.184916 -0.499583
v 0.089905 -0.185045 -0.499568
v 0.070327 -0.179443 -0.499598
v 0.073812 -0.169542 -0.499622
v 0.110229 -0.191916 -0.499499
v 0.088253 -0.192355 -0.499432
v 0.067307 -0.186176 -0.499418
v 0.050791 -0.176049 -0.498967
v 0.054068 -0.170179 -0.499381
v 0.086911 -0.198690 -0.498794
v 0.064645 -0.192173 -0.498646
v 0.047495 -0.181220 -0.497198
v 0.062715 -0.196975 -0.494939
v 0.046520 -0.184293 -0.492493
v 0.063109 -0.196212 -0.489902
v 0.047128 -0.185297 -0.486396
v 0.063889 -0.195594 -0.484444
v 0.049006 -0.183769 -0.479965
v 0.065556 -0.192283 -0.479331
v 0.085845 -0.204116 -0.486897
v 0.086453 -0.201905 -0.481514
v 0.086945 -0.198747 -0.479230
v 0.065963 -0.190926 -0.475552
v 0.087141 -0.196902 -0.474835
v 0.109469 -0.202512 -0.479351
v 0.109057 -0.199195 -0.478089
v 0.109164 -0.199190 -0.472866
v 0.087204 -0.196652 -0.468544
v 0.109451 -0.198066 -0.466888
v 0.088056 -0.195182 -0.462069
v 0.109678 -0.195504 -0.459669
v 0.090446 -0.191748 -0.454328
v 0.094248 -0.184551 -0.446952
v 0.099186 -0.175890 -0.439823
v 0.086619 -0.169939 -0.432228
v 0.129496 -0.192769 -0.468499
v 0.128320 -0.191438 -0.461956
v 0.130221 -0.193716 -0.474582
v 0.147928 -0.185779 -0.474797
v 0.130511 -0.196251 -0.479323
v 0.149906 -0.188693 -0.479563
v 0.163104 -0.176947 -0.478561
v 0.151083 -0.191417 -0.483365
v 0.166035 -0.179018 -0.480645
v 0.172876 -0.162070 -0.479797
v 0.169991 -0.161334 -0.477979
v 0.168443 -0.179444 -0.485972
v 0.175600 -0.162634 -0.484595
v 0.168881 -0.178973 -0.490543
v 0.176105 -0.162230 -0.489057
v 0.168788 -0.178863 -0.495074
v 0.176444 -0.162269 -0.493499
v 0.169032 -0.177862 -0.498868
v 0.175262 -0.161940 -0.497900
v 0.165115 -0.174293 -0.499768
v 0.171398 -0.160683 -0.499009
v 0.161918 -0.171352 -0.499760
v 0.167119 -0.159053 -0.499432
v 0.148411 -0.179382 -0.499709
v 0.150158 -0.183855 -0.499495
v 0.131106 -0.191356 -0.499236
v 0.130649 -0.186092 -0.499533
v 0.151866 -0.187879 -0.498689
v 0.131842 -0.196320 -0.498159
v 0.110277 -0.203527 -0.498802
v 0.110135 -0.197877 -0.499273
v 0.152468 -0.191208 -0.496003
v 0.132427 -0.200221 -0.495001
v 0.110484 -0.207748 -0.493956
v 0.085636 -0.205082 -0.492349
v 0.085775 -0.203691 -0.496739
v 0.132206 -0.202009 -0.490290
v 0.109961 -0.206909 -0.488864
v 0.131834 -0.202230 -0.485634
v 0.109728 -0.206072 -0.484058
v 0.131323 -0.199683 -0.480772
v 0.151835 -0.192735 -0.487400
v 0.152483 -0.192464 -0.491907
v 0.043283 -0.162862 -0.495341
v 0.046793 -0.155937 -0.495808
v 0.057886 -0.162315 -0.499515
v 0.062085 -0.151225 -0.499403
v 0.077448 -0.157611 -0.499624
v 0.081453 -0.141882 -0.499588
v 0.097960 -0.145726 -0.499573
v 0.102096 -0.129096 -0.499477
v 0.057651 -0.153031 -0.408782
v 0.067857 -0.144115 -0.404401
v 0.013593 -0.153985 -0.436411
v -0.010689 -0.100326 -0.392926
v 0.000171 -0.084028 -0.386687
v 0.015859 -0.074199 -0.385902
v 0.015626 -0.071235 -0.379153
v 0.015329 -0.067709 -0.372055
v 0.055506 -0.067137 -0.424734
v 0.053471 -0.069409 -0.431941
v 0.043535 -0.065659 -0.427874
v 0.051462 -0.074103 -0.437367
v 0.040999 -0.068830 -0.435117
v 0.048822 -0.079826 -0.439934
v 0.038405 -0.074013 -0.440323
v 0.049529 -0.079542 -0.448194
v 0.038879 -0.073627 -0.448970
v 0.050376 -0.078097 -0.456896
v 0.039700 -0.072312 -0.458141
v 0.050558 -0.077677 -0.465617
v 0.040190 -0.071590 -0.466883
v -0.007400 -0.060158 -0.479372
v -0.008676 -0.059581 -0.484703
v -0.020926 -0.067528 -0.483520
v -0.009485 -0.059045 -0.490013
v -0.021796 -0.067390 -0.489012
v -0.032160 -0.078860 -0.487516
v -0.022038 -0.067466 -0.494324
v -0.033027 -0.078749 -0.492678
v -0.039792 -0.094557 -0.491348
v -0.031497 -0.080105 -0.497022
v -0.038712 -0.095491 -0.496229
v -0.041013 -0.109402 -0.495171
v -0.034601 -0.096992 -0.498711
v -0.027905 -0.082901 -0.498605
v -0.028675 -0.098553 -0.499086
v -0.021570 -0.100802 -0.499212
v -0.012173 -0.103681 -0.499326
v -0.016145 -0.115267 -0.499359
v -0.001470 -0.107751 -0.499454
v 0.002706 -0.095443 -0.499157
v 0.012485 -0.098419 -0.499231
v 0.005813 -0.084389 -0.498784
v 0.015947 -0.087183 -0.498860
v 0.024953 -0.090520 -0.498990
v 0.020980 -0.101600 -0.499338
v 0.031744 -0.093663 -0.499150
v 0.027349 -0.104359 -0.499468
v 0.037408 -0.096602 -0.499381
v 0.035369 -0.085739 -0.498977
v 0.040988 -0.088497 -0.499414
v 0.044863 -0.090173 -0.496715
v 0.044293 -0.081574 -0.499128
v 0.048392 -0.083793 -0.496413
v 0.049904 -0.084701 -0.491093
v 0.038340 -0.078836 -0.498806
v 0.030362 -0.075273 -0.498491
v 0.031993 -0.069369 -0.498210
v 0.028093 -0.081983 -0.498713
v 0.018416 -0.077935 -0.498509
v 0.019940 -0.070977 -0.498156
v 0.007227 -0.068837 -0.498003
v 0.006636 -0.062867 -0.497124
v 0.021004 -0.065093 -0.497554
v 0.007113 -0.075403 -0.498409
v -0.005844 -0.069852 -0.498088
v -0.017448 -0.073745 -0.498488
v -0.019994 -0.070117 -0.498339
v -0.007478 -0.064953 -0.497238
v -0.009231 -0.060252 -0.494915
v 0.005604 -0.057540 -0.495448
v 0.005356 -0.055517 -0.491261
v 0.020874 -0.057455 -0.491794
v 0.021294 -0.059703 -0.495784
v 0.033945 -0.061983 -0.492285
v 0.033402 -0.064278 -0.496571
v 0.020137 -0.057180 -0.486578
v 0.033268 -0.061231 -0.486740
v 0.019133 -0.057049 -0.481046
v 0.032212 -0.061212 -0.480582
v 0.005866 -0.056443 -0.480865
v 0.005550 -0.055972 -0.486205
v 0.081535 -0.124678 -0.337256
v 0.066768 -0.142804 -0.312167
v 0.069782 -0.141554 -0.307304
v 0.044627 -0.152960 -0.179326
v 0.025543 -0.151744 -0.184771
v 0.023437 -0.157488 -0.183736
v 0.005428 -0.144186 -0.180058
v 0.010272 -0.141137 -0.182134
v 0.000989 -0.125624 -0.171834
v -0.005274 -0.126221 -0.171855
v -0.012400 -0.111608 -0.164623
v -0.006198 -0.111133 -0.165061
v -0.010764 -0.127484 -0.169870
v -0.017466 -0.112736 -0.161360
v -0.017014 -0.100295 -0.155932
v -0.017915 -0.092879 -0.148216
v -0.013166 -0.093024 -0.148604
v -0.011323 -0.100308 -0.156232
v -0.007965 -0.101394 -0.155134
v -0.001635 -0.113258 -0.162110
v -0.017648 -0.088376 -0.140670
v -0.016510 -0.084718 -0.129665
v -0.012637 -0.080693 -0.116374
v -0.008244 -0.076695 -0.117735
v -0.011417 -0.071477 -0.117725
v -0.010043 -0.067305 -0.104047
v -0.013013 -0.060818 -0.104360
v -0.014911 -0.064511 -0.118059
v -0.018750 -0.055144 -0.118272
v -0.018794 -0.056461 -0.135359
v -0.014469 -0.052401 -0.105310
v -0.016135 -0.039552 -0.105918
v -0.021110 -0.040734 -0.118210
v -0.010437 -0.049782 -0.097440
v -0.013702 -0.038387 -0.097832
v -0.017397 -0.020481 -0.097651
v -0.014877 -0.019658 -0.091397
v -0.018279 0.001088 -0.090844
v -0.014708 0.001499 -0.086026
v -0.011960 0.001907 -0.081983
v 0.040050 0.101182 -0.039517
v 0.038165 0.104586 -0.042597
v 0.022013 0.096931 -0.042985
v 0.036697 0.108379 -0.045467
v 0.020536 0.099711 -0.047571
v 0.006678 0.087372 -0.053277
v 0.019724 0.101528 -0.053911
v 0.005931 0.089135 -0.058084
v 0.018555 0.103306 -0.060803
v 0.034467 0.110661 -0.058199
v 0.034068 0.111762 -0.065189
v 0.018366 0.103844 -0.068779
v 0.035337 0.109463 -0.051626
v 0.033602 0.112842 -0.072728
v 0.019020 0.103669 -0.075465
v 0.009554 0.093453 -0.076734
v 0.016029 0.107909 -0.082908
v 0.006380 0.097186 -0.084839
v 0.012302 0.113493 -0.093048
v 0.002916 0.101735 -0.094280
v -0.002818 0.093103 -0.095886
v -0.001325 0.107817 -0.106886
v -0.006841 0.098881 -0.108055
v -0.010381 0.091159 -0.109575
v -0.006915 0.086622 -0.097261
v -0.011754 0.083577 -0.111607
v -0.009069 0.080920 -0.098226
v -0.008830 0.078704 -0.113182
v -0.014094 0.084887 -0.126272
v -0.008927 0.080464 -0.129481
v -0.012276 0.073937 -0.131533
v -0.010628 0.072129 -0.114907
v -0.015482 0.066113 -0.132758
v -0.014575 0.064906 -0.115902
v -0.019456 0.055439 -0.116654
v -0.011674 0.076858 -0.147047
v -0.008972 0.085882 -0.142522
v -0.015117 0.093058 -0.122421
v -0.010751 0.102422 -0.120699
v -0.005389 0.112492 -0.120773
v -0.008383 0.114117 -0.131191
v -0.000214 0.128123 -0.135756
v -0.002868 0.127937 -0.144929
v -0.011301 0.113927 -0.138708
v 0.003632 0.125603 -0.122721
v 0.017973 0.137837 -0.125339
v 0.013908 0.142272 -0.139644
v 0.007751 0.120287 -0.106883
v 0.022564 0.131819 -0.108429
v 0.040700 0.138981 -0.110158
v 0.035157 0.145604 -0.126532
v 0.027055 0.124478 -0.093460
v 0.045471 0.131191 -0.094378
v 0.065938 0.129980 -0.096798
v 0.060283 0.139616 -0.112996
v 0.030797 0.117704 -0.081586
v 0.048631 0.123435 -0.081928
v 0.050821 0.117979 -0.072976
v 0.052173 0.115768 -0.064590
v 0.078669 0.131943 -0.114737
v 0.091667 0.118686 -0.114123
v 0.098885 0.108726 -0.114231
v 0.098923 0.112973 -0.123705
v 0.104237 0.106176 -0.122231
v 0.104016 0.108308 -0.128571
v 0.098578 0.115514 -0.130881
v 0.104707 0.102057 -0.114679
v 0.104639 0.110799 -0.133879
v 0.098584 0.116817 -0.136496
v 0.105947 0.114138 -0.138172
v 0.100524 0.119975 -0.139493
v 0.093373 0.129430 -0.144931
v 0.101967 0.120777 -0.145342
v 0.094763 0.129518 -0.149654
v 0.085326 0.140125 -0.155614
v 0.073577 0.149985 -0.160484
v 0.095898 0.129040 -0.154040
v 0.086139 0.139754 -0.159726
v 0.072541 0.150061 -0.165115
v 0.054292 0.159825 -0.171398
v 0.055962 0.158441 -0.164972
v 0.084157 0.136735 -0.162053
v 0.071139 0.146977 -0.168515
v 0.052638 0.154842 -0.175505
v 0.068521 0.143490 -0.170265
v 0.050475 0.149473 -0.177359
v 0.065151 0.140923 -0.168530
v 0.046410 0.146836 -0.173395
v 0.061474 0.139101 -0.163777
v 0.042233 0.143136 -0.168681
v 0.041330 0.138233 -0.164661
v 0.027915 0.130482 -0.163336
v 0.017803 0.125206 -0.162724
v 0.019874 0.120769 -0.159631
v 0.010160 0.112320 -0.158707
v 0.008047 0.115020 -0.159511
v 0.008874 0.111561 -0.162914
v -0.002683 0.098005 -0.156608
v 0.000065 0.100547 -0.152690
v -0.002939 0.099114 -0.162970
v -0.010704 0.085847 -0.169784
v -0.009624 0.086217 -0.159379
v -0.008095 0.088691 -0.145315
v -0.007668 0.088767 -0.144768
v -0.001377 0.102449 -0.152360
v -0.009060 0.087110 -0.147720
v -0.004007 0.103097 -0.154545
v 0.004474 0.117577 -0.162524
v 0.000326 0.118468 -0.166881
v -0.003787 0.118406 -0.171104
v -0.007861 0.120965 -0.169952
v 0.001895 0.134702 -0.178063
v -0.012084 0.123878 -0.168584
v -0.001597 0.139150 -0.176768
v -0.013551 0.126091 -0.165269
v -0.002111 0.142503 -0.173235
v -0.011550 0.126988 -0.160435
v 0.000896 0.143518 -0.168328
v -0.008271 0.127008 -0.156119
v 0.005064 0.142927 -0.164071
v -0.005028 0.127187 -0.151422
v 0.008149 0.143163 -0.158206
v 0.023597 0.154597 -0.161458
v 0.039497 0.158161 -0.162339
v 0.010948 0.143287 -0.150489
v 0.027815 0.153261 -0.151809
v 0.030840 0.150223 -0.140078
v -0.017304 0.112787 -0.148437
v -0.013860 0.113189 -0.144407
v 0.078319 0.129767 -0.163288
v 0.081641 0.133037 -0.163615
v 0.091118 0.123042 -0.158057
v 0.094324 0.126542 -0.156674
v 0.101127 0.118390 -0.152851
v 0.102680 0.120289 -0.149999
v 0.106992 0.114775 -0.147518
v 0.105779 0.112881 -0.150309
v 0.106387 0.115611 -0.143545
v 0.110321 0.110324 -0.142066
v 0.109422 0.110417 -0.137750
v 0.113399 0.104573 -0.140591
v 0.108400 0.108877 -0.132994
v 0.114102 0.056745 -0.161187
v 0.110299 0.070882 -0.158269
v 0.113465 0.059438 -0.165662
v 0.109685 0.073863 -0.163071
v 0.105013 0.089770 -0.159793
v 0.104849 0.087718 -0.154376
v 0.112702 0.062220 -0.170611
v 0.109329 0.076762 -0.168252
v 0.104994 0.092192 -0.166286
v 0.096416 0.104424 -0.166251
v 0.095833 0.102985 -0.159431
v 0.108820 0.079313 -0.174240
v 0.104466 0.094412 -0.173253
v 0.096161 0.106817 -0.174426
v 0.085568 0.117844 -0.177721
v 0.084902 0.116409 -0.170181
v 0.104102 0.096571 -0.180990
v 0.096632 0.107977 -0.182687
v 0.086651 0.118913 -0.185475
v 0.074773 0.127620 -0.189039
v 0.072966 0.127189 -0.181674
v 0.099370 0.109878 -0.190602
v 0.089485 0.120987 -0.193232
v 0.077253 0.127657 -0.196883
v 0.064489 0.134316 -0.200532
v 0.061430 0.134131 -0.192314
v 0.047596 0.135363 -0.195946
v 0.045546 0.133180 -0.187080
v 0.058952 0.132879 -0.184349
v 0.050385 0.135722 -0.205069
v 0.036275 0.134428 -0.209655
v 0.033662 0.132814 -0.199687
v 0.052526 0.141201 -0.212385
v 0.037619 0.138747 -0.217537
v 0.024676 0.132559 -0.223013
v 0.022988 0.129323 -0.214144
v 0.039146 0.143899 -0.226781
v 0.024885 0.137694 -0.230725
v 0.010260 0.127704 -0.234569
v 0.012812 0.122667 -0.227442
v 0.027389 0.138560 -0.241254
v 0.011727 0.128666 -0.244141
v 0.000022 0.114079 -0.247893
v -0.000344 0.112657 -0.238952
v 0.010900 0.130932 -0.254521
v -0.002218 0.116219 -0.256109
v -0.009459 0.099122 -0.257612
v -0.005458 0.097729 -0.251471
v 0.006992 0.136950 -0.261119
v -0.007862 0.119711 -0.262214
v -0.016083 0.100533 -0.262502
v -0.017869 0.082104 -0.265055
v -0.010997 0.081999 -0.260507
v -0.010767 0.121654 -0.269605
v -0.018067 0.101656 -0.270979
v -0.019725 0.083528 -0.274228
v -0.014723 0.067135 -0.279220
v -0.013438 0.065288 -0.270415
v -0.019014 0.102719 -0.279374
v -0.019465 0.085069 -0.283287
v -0.012909 0.070101 -0.288267
v -0.001153 0.056914 -0.289958
v -0.003448 0.052974 -0.283002
v -0.015493 0.086593 -0.290663
v -0.009717 0.072458 -0.293789
v 0.000769 0.060048 -0.295354
v 0.015386 0.051468 -0.297297
v 0.013695 0.046388 -0.292678
v -0.013927 0.069797 -0.300072
v -0.002798 0.056909 -0.301722
v 0.014695 0.048986 -0.303203
v 0.032912 0.045894 -0.304585
v 0.033048 0.046211 -0.297539
v -0.003274 0.055089 -0.311516
v 0.014993 0.048162 -0.310942
v 0.032575 0.042928 -0.311700
v 0.049243 0.043668 -0.313606
v 0.049015 0.046279 -0.305490
v 0.060267 0.050533 -0.304377
v 0.049245 0.044085 -0.298367
v 0.061571 0.048533 -0.313253
v 0.073076 0.053656 -0.320215
v 0.031556 0.040588 -0.293853
v 0.012239 0.041809 -0.285690
v -0.002850 0.051580 -0.274639
v -0.007940 0.065913 -0.263641
v -0.005487 0.081834 -0.255102
v -0.005130 0.096323 -0.242902
v 0.004070 0.108004 -0.230194
v 0.011136 0.120410 -0.217853
v 0.020426 0.127383 -0.203293
v 0.032207 0.130410 -0.190203
v 0.044471 0.131054 -0.179523
v 0.057345 0.128921 -0.171014
v 0.058059 0.130888 -0.177450
v 0.070746 0.124412 -0.168651
v 0.071708 0.126093 -0.174919
v 0.084435 0.114810 -0.163986
v 0.070219 0.122979 -0.163283
v 0.083740 0.113746 -0.159071
v 0.094570 0.102641 -0.154296
v 0.082235 0.113375 -0.154380
v 0.092879 0.103153 -0.150401
v -0.015851 0.068502 -0.310796
v -0.020427 0.085856 -0.297063
v -0.022973 0.086135 -0.307396
v -0.023877 0.087091 -0.318106
v -0.021589 0.104878 -0.302720
v -0.022746 0.107013 -0.311980
v -0.023237 0.109026 -0.320144
v -0.014459 0.124520 -0.304174
v -0.012660 0.122538 -0.296740
v 0.002710 0.137453 -0.292693
v -0.009991 0.120920 -0.289316
v -0.018930 0.103531 -0.293532
v -0.013461 0.102413 -0.286475
v -0.007836 0.119855 -0.282612
v -0.011690 0.122425 -0.277110
v 0.005347 0.140284 -0.276763
v 0.005416 0.139736 -0.269728
v 0.106152 0.098342 -0.188990
v 0.108269 0.082179 -0.181177
v 0.111928 0.064949 -0.176356
v 0.098813 0.057109 -0.261081
v 0.092293 0.050589 -0.247965
v 0.085146 0.038335 -0.236340
v 0.074084 0.024820 -0.226034
v 0.058434 0.016794 -0.216413
v 0.040968 0.015017 -0.210938
v 0.023393 0.016521 -0.204561
v 0.042730 0.166795 -0.445201
v 0.108796 -0.075505 -0.127395
v 0.105261 -0.081910 -0.125707
v 0.052605 0.113582 0.006886
v 0.051584 0.116282 0.011771
v 0.063940 0.116545 0.017418
v -0.038793 0.004036 0.039901
v -0.036736 -0.015472 0.034361
v -0.033273 -0.034615 0.026374
v -0.024873 -0.053338 0.013384
v -0.010905 -0.072505 0.000269
v -0.156416 0.187959 -0.272413
v -0.132878 0.158847 -0.262379
v -0.134457 0.155034 -0.260251
v -0.109871 0.150850 -0.267260
v -0.102486 0.141715 -0.266910
v -0.062327 -0.041016 -0.085724
v -0.062363 -0.048936 -0.064721
v -0.065131 -0.051098 -0.086381
v -0.065822 -0.056717 -0.065093
v -0.060211 -0.047367 -0.043251
v -0.062233 -0.054703 -0.043672
v -0.065946 -0.059505 -0.043459
v -0.058955 -0.053969 -0.022531
v -0.061603 -0.059429 -0.022567
v -0.065415 -0.063063 -0.022292
v -0.058255 -0.058598 -0.001640
v -0.061325 -0.062769 -0.001876
v -0.065060 -0.065558 -0.001759
v -0.069973 -0.065709 -0.021880
v -0.069121 -0.067998 -0.001072
v -0.074767 -0.067647 -0.021581
v -0.072899 -0.069334 -0.000241
v -0.078034 -0.068767 -0.021472
v -0.074420 -0.071676 0.000087
v -0.078371 -0.073194 -0.021744
v -0.073078 -0.074558 -0.000360
v -0.068863 -0.070677 0.021224
v -0.069224 -0.073223 0.021224
v -0.067321 -0.076341 0.020549
v -0.066172 -0.072672 0.040127
v -0.064144 -0.075580 0.039667
v -0.062093 -0.078311 0.039151
v -0.061701 -0.074841 0.053366
v -0.059834 -0.077625 0.053385
v -0.057948 -0.080422 0.053050
v -0.057159 -0.077157 0.063187
v -0.055888 -0.080155 0.063564
v -0.054230 -0.082782 0.063695
v -0.052198 -0.079635 0.072204
v -0.051522 -0.082195 0.072495
v -0.050862 -0.084760 0.072903
v -0.048575 -0.081859 0.079710
v -0.048661 -0.084139 0.079984
v -0.048687 -0.086514 0.080496
v -0.047288 -0.087814 0.086773
v -0.045182 -0.089229 0.094473
v -0.042442 -0.090790 0.100093
v -0.040171 -0.094158 0.103791
v -0.038520 -0.097890 0.103828
v -0.034094 -0.101552 0.102472
v -0.037624 -0.101551 0.102685
v -0.033223 -0.106228 0.100267
v -0.036878 -0.106221 0.100778
v -0.032201 -0.112626 0.096852
v -0.036163 -0.112585 0.097232
v -0.030829 -0.119868 0.089692
v -0.035417 -0.119617 0.089583
v -0.029938 -0.122685 0.078217
v -0.034902 -0.123124 0.078578
v -0.029959 -0.125090 0.068498
v -0.034780 -0.125479 0.068477
v -0.039721 -0.125516 0.068659
v -0.039901 -0.127653 0.059507
v -0.045138 -0.126975 0.059905
v -0.040332 -0.130337 0.051607
v -0.027813 -0.120556 0.077296
v -0.026896 -0.122985 0.068106
v -0.030130 -0.116406 0.075366
v -0.028828 -0.118120 0.066425
v -0.031571 -0.111495 0.073268
v -0.030289 -0.112761 0.064194
v -0.032722 -0.106948 0.070909
v -0.031048 -0.108409 0.061973
v -0.033887 -0.102281 0.068351
v -0.031987 -0.104117 0.059876
v -0.033264 -0.099069 0.057457
v -0.027292 -0.102187 0.048726
v -0.035632 -0.097212 0.065550
v -0.038857 -0.092529 0.062246
v -0.036029 -0.095072 0.054240
v -0.034347 -0.100627 0.075723
v -0.035895 -0.095926 0.072936
v -0.040047 -0.091203 0.069410
v -0.044443 -0.083576 0.064206
v -0.042516 -0.085835 0.058280
v -0.036631 -0.094784 0.077922
v -0.040130 -0.090381 0.074466
v -0.036775 -0.092837 0.081769
v -0.034538 -0.095922 0.084959
v -0.035341 -0.092921 0.087953
v -0.038080 -0.090301 0.084300
v -0.034462 -0.098488 0.081053
v -0.032772 -0.102345 0.084602
v -0.032640 -0.098891 0.088408
v -0.032951 -0.105028 0.079111
v -0.031425 -0.109483 0.082191
v -0.031274 -0.105895 0.088311
v -0.030102 -0.109203 0.092120
v -0.029923 -0.104010 0.096353
v -0.031181 -0.101621 0.092235
v -0.029931 -0.113676 0.084924
v -0.028525 -0.117921 0.088157
v -0.029440 -0.111904 0.095845
v -0.029996 -0.106018 0.099869
v -0.030281 -0.101317 0.102126
v -0.029410 -0.099659 0.099244
v -0.031288 -0.097459 0.095262
v -0.033179 -0.095334 0.091646
v -0.043609 -0.073496 0.060016
v -0.045737 -0.062787 0.063388
v -0.048078 -0.061416 0.065402
v -0.048275 -0.057421 0.065750
v -0.049324 -0.061317 0.061778
v -0.049484 -0.057622 0.061787
v -0.050229 -0.053115 0.062057
v -0.050419 -0.058329 0.056286
v -0.050775 -0.053987 0.056478
v -0.051780 -0.059466 0.048179
v -0.051431 -0.055093 0.048712
v -0.052320 -0.050390 0.049720
v -0.052645 -0.056302 0.036372
v -0.052918 -0.051452 0.036639
v -0.054498 -0.057568 0.019424
v -0.054121 -0.052523 0.019823
v -0.054998 -0.046664 0.019858
v -0.056851 -0.053065 -0.001308
v -0.056682 -0.046998 -0.000679
v -0.058026 -0.047031 -0.021996
v -0.053662 -0.060760 0.036275
v -0.056581 -0.062168 0.019421
v -0.055674 -0.064399 0.037031
v -0.059325 -0.065590 0.019657
v -0.057951 -0.066977 0.037615
v -0.062534 -0.067645 0.019998
v -0.060584 -0.069198 0.038336
v -0.065751 -0.069410 0.020466
v -0.063417 -0.070852 0.039171
v -0.056483 -0.068462 0.050399
v -0.058734 -0.070506 0.051423
v -0.061374 -0.072332 0.052752
v -0.055065 -0.069964 0.059746
v -0.057057 -0.072088 0.061228
v -0.058383 -0.074442 0.062819
v -0.053364 -0.067630 0.058227
v -0.051836 -0.064942 0.057048
v -0.054447 -0.066145 0.049290
v -0.053015 -0.063122 0.048422
v -0.050786 -0.062065 0.056343
v -0.048585 -0.079449 0.080125
v -0.046817 -0.079604 0.084217
v -0.022044 -0.125589 0.037947
v -0.022957 -0.130560 0.033416
v -0.025753 -0.136005 0.037676
v -0.023824 -0.135949 0.028819
v -0.032078 -0.165209 0.049615
v -0.034924 -0.157239 0.046456
v -0.037615 -0.165962 0.050561
v -0.040573 -0.157680 0.047270
v -0.045515 -0.158822 0.045719
v -0.046768 -0.150766 0.042479
v -0.049796 -0.150845 0.039101
v -0.028185 -0.174829 0.053795
v -0.020726 -0.187467 0.052022
v 0.062433 -0.174921 0.026135
v 0.062123 -0.172224 0.030644
v 0.056029 -0.182715 0.036532
v 0.017358 -0.212298 0.066601
v -0.002113 -0.216334 0.062968
v -0.020141 -0.210869 0.054527
v -0.036157 -0.199309 0.048475
v -0.048976 -0.187359 0.044863
v -0.059347 -0.174309 0.042400
v -0.179476 0.075411 -0.270643
v -0.183564 0.075084 -0.268058
v -0.184082 0.097249 -0.267939
v -0.184468 0.075181 -0.263803
v -0.185236 0.097832 -0.263003
v -0.178223 0.118221 -0.264148
v -0.183570 0.098291 -0.258597
v -0.175711 0.118422 -0.259471
v -0.158759 0.130345 -0.263037
v -0.173452 0.118545 -0.254037
v -0.157017 0.129421 -0.257200
v -0.141573 0.131030 -0.259661
v -0.155401 0.127985 -0.249687
v -0.140809 0.129811 -0.252262
v -0.129354 0.128561 -0.253247
v -0.140236 0.128358 -0.244153
v -0.128965 0.127436 -0.245382
v -0.120417 0.126060 -0.245570
v -0.128627 0.125914 -0.235030
v -0.120333 0.124675 -0.235271
v -0.117662 0.130054 -0.234416
v -0.120420 0.122685 -0.220568
v -0.116804 0.126934 -0.220211
v -0.121350 0.134174 -0.219286
v -0.116318 0.123133 -0.201477
v -0.120312 0.129394 -0.200619
v -0.125880 0.135733 -0.199671
v -0.118718 0.124538 -0.180760
v -0.123225 0.130385 -0.179595
v -0.128973 0.135040 -0.177931
v -0.120288 0.125325 -0.159171
v -0.125589 0.129902 -0.157816
v -0.132237 0.133872 -0.155478
v -0.122215 0.124818 -0.137570
v -0.127977 0.128248 -0.135245
v -0.133671 0.133789 -0.131425
v -0.123423 0.123373 -0.114935
v -0.128373 0.128339 -0.111698
v -0.130813 0.136721 -0.108250
v -0.122848 0.123261 -0.092259
v -0.125205 0.131171 -0.089319
v -0.123545 0.140634 -0.087018
v -0.119735 0.125981 -0.070719
v -0.118522 0.134579 -0.068621
v -0.114284 0.142909 -0.067277
v -0.113390 0.128664 -0.050118
v -0.109862 0.136274 -0.049019
v -0.104616 0.142221 -0.048668
v -0.105608 0.129994 -0.030789
v -0.101185 0.135486 -0.030438
v -0.096281 0.139308 -0.030469
v -0.097814 0.128923 -0.012284
v -0.093742 0.132667 -0.012181
v -0.089413 0.135311 -0.012263
v -0.091221 0.125927 0.005533
v -0.087447 0.128500 0.005562
v -0.083699 0.130557 0.005595
v -0.084980 0.122024 0.022993
v -0.081465 0.123885 0.022886
v -0.077733 0.124890 0.022520
v -0.077795 0.117710 0.039521
v -0.074433 0.118594 0.039068
v -0.071032 0.118745 0.038468
v -0.070472 0.112823 0.054932
v -0.067616 0.112858 0.054340
v -0.064954 0.112091 0.053552
v -0.063875 0.108110 0.067677
v -0.061755 0.106989 0.066864
v -0.060249 0.105122 0.065859
v -0.059089 0.103257 0.076731
v -0.057826 0.101391 0.075874
v -0.057077 0.098955 0.074971
v -0.055881 0.098274 0.083482
v -0.054824 0.096407 0.082864
v -0.053515 0.094619 0.082250
v -0.051043 0.092978 0.090394
v -0.049604 0.091361 0.089624
v -0.048184 0.091276 0.097976
v -0.046712 0.089416 0.096778
v -0.045280 0.087590 0.095607
v -0.039100 0.083366 0.100058
v -0.034806 0.085720 0.099517
v -0.057070 0.100086 0.084247
v -0.058943 0.101526 0.084848
v -0.057251 0.099085 0.091879
v -0.061031 0.104449 0.077380
v -0.063437 0.104995 0.077851
v -0.061213 0.102323 0.085159
v -0.066515 0.108266 0.068273
v -0.069089 0.107749 0.068724
v -0.065934 0.104783 0.078124
v -0.073385 0.112091 0.055376
v -0.076184 0.110786 0.055688
v -0.071428 0.106591 0.068890
v -0.081109 0.116117 0.039786
v -0.083814 0.113739 0.039804
v -0.078545 0.108838 0.055789
v -0.088222 0.119454 0.022924
v -0.090993 0.116232 0.022760
v -0.085872 0.110869 0.039665
v -0.094554 0.122413 0.005352
v -0.096904 0.117971 0.004817
v -0.093001 0.112289 0.022355
v -0.101051 0.123931 -0.012770
v -0.103048 0.117973 -0.013640
v -0.098231 0.112960 0.003946
v -0.108093 0.123103 -0.031865
v -0.108523 0.116461 -0.033370
v -0.103001 0.112122 -0.014928
v -0.114171 0.121075 -0.051876
v -0.112288 0.114905 -0.054084
v -0.106763 0.110952 -0.035156
v -0.117712 0.118903 -0.073218
v -0.113447 0.113998 -0.075635
v -0.108939 0.110493 -0.056189
v -0.118322 0.118296 -0.095192
v -0.113810 0.114986 -0.097362
v -0.109137 0.110562 -0.077379
v -0.118403 0.119760 -0.117260
v -0.113782 0.115712 -0.118758
v -0.109680 0.111423 -0.098774
v -0.117252 0.120330 -0.138943
v -0.112878 0.115423 -0.140421
v -0.109722 0.111066 -0.120085
v -0.116075 0.120130 -0.160505
v -0.112813 0.115482 -0.161545
v -0.112317 0.110191 -0.141314
v -0.115153 0.119189 -0.181838
v -0.118959 0.116630 -0.181952
v -0.117860 0.113443 -0.161827
v -0.119979 0.119844 -0.201687
v -0.127575 0.120465 -0.201295
v -0.126620 0.116880 -0.181457
v -0.128571 0.123745 -0.220213
v -0.138092 0.123948 -0.219363
v -0.136723 0.120295 -0.200403
v -0.139297 0.126600 -0.233809
v -0.152707 0.123997 -0.231292
v -0.150320 0.121080 -0.217686
v -0.154153 0.126261 -0.241552
v -0.169086 0.116372 -0.239318
v -0.166605 0.114258 -0.229645
v -0.171138 0.118019 -0.247257
v -0.179829 0.098903 -0.247443
v -0.177373 0.098348 -0.239852
v -0.181745 0.098720 -0.253229
v -0.182238 0.076485 -0.254372
v -0.180502 0.077125 -0.248649
v -0.183491 0.075745 -0.259211
v -0.175783 0.054695 -0.262837
v -0.174918 0.055529 -0.257816
v -0.176877 0.054024 -0.267825
v -0.164206 0.041506 -0.267799
v -0.152230 0.036796 -0.269087
v -0.163585 0.042195 -0.261964
v -0.173519 0.055982 -0.251511
v -0.178323 0.077365 -0.241309
v -0.174348 0.097192 -0.230508
v -0.163205 0.111454 -0.216738
v -0.147594 0.116838 -0.198899
v -0.134730 0.116481 -0.180675
v -0.125151 0.113360 -0.161401
v -0.117463 0.110182 -0.140780
v -0.109802 0.107606 -0.120715
v -0.105960 0.107131 -0.099959
v -0.105338 0.107343 -0.078670
v -0.104952 0.107287 -0.057758
v -0.103734 0.106894 -0.036871
v -0.101145 0.107245 -0.016469
v -0.097807 0.108082 0.002745
v -0.093739 0.107901 0.021590
v -0.087181 0.107348 0.039269
v -0.080411 0.106333 0.055666
v -0.073560 0.104861 0.068972
v -0.068201 0.103814 0.078304
v -0.063692 0.102452 0.085334
v -0.061997 0.100490 0.091527
v -0.059613 0.100155 0.091710
v -0.056397 0.097659 0.098842
v -0.037779 0.087785 0.088784
v -0.035848 0.091602 0.087395
v -0.033859 0.097344 0.088639
v -0.030800 0.103950 0.094183
v -0.032724 0.102415 0.088478
v -0.055893 0.170306 0.036696
v -0.055685 0.184803 0.044451
v -0.058280 0.183284 0.048962
v -0.049313 0.198964 0.055887
v -0.050160 0.196622 0.061960
v -0.036994 0.212155 0.068779
v -0.035655 0.208131 0.074180
v -0.017394 0.223295 0.079492
v -0.015415 0.217755 0.083153
v 0.007043 0.225239 0.085463
v -0.016312 0.213611 0.092080
v 0.007448 0.219822 0.095600
v 0.029687 0.217387 0.092236
v 0.006623 0.213572 0.108380
v 0.030629 0.211383 0.105417
v 0.051027 0.201760 0.097591
v 0.030592 0.200647 0.120525
v 0.051725 0.192403 0.112525
v 0.068072 0.178385 0.102748
v 0.049747 0.179551 0.126959
v 0.067572 0.168880 0.117989
v 0.076961 0.153725 0.108299
v 0.061935 0.155245 0.129574
v 0.071921 0.143416 0.119791
v 0.079937 0.131879 0.111420
v 0.068229 0.133656 0.126659
v 0.076498 0.124575 0.117713
v 0.073826 0.117991 0.122575
v 0.023023 0.121284 0.008963
v 0.023926 0.124546 0.003460
v -0.001010 0.300342 -0.124648
v 0.013399 0.309118 -0.124241
v 0.014704 0.305118 -0.127805
v 0.016220 0.302666 -0.130641
v 0.001574 0.297646 -0.126901
v 0.015576 0.304850 -0.135892
v 0.001898 0.297968 -0.130630
v 0.015125 0.307437 -0.141637
v 0.000950 0.299404 -0.136076
v 0.014971 0.310032 -0.147378
v 0.000131 0.301103 -0.141980
v -0.008013 0.290807 -0.138516
v -0.014494 0.283725 -0.137002
v -0.000441 0.303048 -0.148338
v -0.009369 0.293633 -0.145258
v -0.015342 0.287291 -0.144373
v -0.019173 0.280989 -0.145873
v -0.010764 0.296396 -0.152095
v -0.002089 0.305251 -0.154844
v 0.014497 0.312540 -0.153733
v 0.032673 0.312359 -0.150365
v 0.033258 0.313152 -0.156832
v 0.046575 0.307299 -0.147539
v 0.031435 0.309314 -0.143732
v 0.044316 0.304954 -0.141967
v 0.052306 0.297192 -0.137887
v 0.055379 0.299444 -0.143942
v 0.058329 0.288109 -0.134641
v 0.049556 0.294900 -0.131517
v 0.055404 0.285854 -0.128224
v 0.046825 0.292675 -0.125195
v 0.052728 0.284337 -0.122385
v 0.046072 0.294052 -0.118617
v 0.054414 0.287121 -0.115465
v 0.048365 0.298067 -0.114854
v 0.057531 0.289918 -0.110492
v 0.046359 0.296891 -0.110125
v 0.055270 0.288454 -0.106319
v 0.045861 0.299099 -0.103381
v 0.055159 0.289455 -0.100965
v 0.042848 0.297951 -0.096883
v 0.051758 0.288380 -0.095087
v 0.038854 0.294262 -0.089846
v 0.047560 0.285820 -0.088943
v 0.034267 0.287387 -0.081803
v 0.042566 0.280629 -0.081313
v 0.031570 0.281474 -0.067132
v 0.039679 0.275192 -0.067386
v 0.048679 0.266738 -0.068875
v 0.038370 0.270248 -0.048778
v 0.047070 0.260463 -0.052375
v 0.056133 0.250744 -0.057859
v 0.056286 0.257534 -0.072425
v 0.049249 0.255936 -0.036982
v 0.056150 0.243685 -0.044230
v 0.061900 0.234003 -0.051402
v 0.056284 0.237559 -0.033553
v 0.062859 0.227299 -0.041209
v 0.066766 0.220675 -0.047538
v 0.064199 0.222706 -0.033002
v 0.068812 0.216167 -0.039314
v 0.065068 0.219720 -0.027312
v 0.070587 0.212811 -0.032761
v 0.070621 0.208911 -0.027773
v 0.056501 0.232595 -0.025616
v 0.049921 0.250411 -0.024885
v 0.038719 0.265106 -0.031759
v 0.029867 0.276559 -0.047565
v 0.023818 0.285924 -0.067334
v 0.026037 0.291922 -0.081948
v 0.017106 0.294161 -0.082045
v 0.029039 0.299655 -0.090632
v 0.018849 0.302105 -0.091539
v 0.032779 0.304238 -0.098993
v 0.021557 0.307684 -0.101287
v 0.036187 0.306175 -0.106165
v 0.024826 0.310193 -0.109630
v 0.037450 0.303317 -0.113386
v 0.026552 0.308274 -0.116785
v 0.039355 0.304011 -0.118728
v 0.028389 0.308357 -0.122606
v 0.038386 0.300089 -0.123057
v 0.028946 0.304436 -0.126502
v 0.039524 0.299532 -0.129490
v 0.030203 0.304266 -0.132270
v 0.041964 0.302169 -0.135735
v 0.030844 0.306820 -0.138331
v 0.115823 -0.057246 0.090445
v 0.116509 -0.059138 0.096227
v 0.116012 -0.057885 0.103841
v 0.114700 -0.074266 0.105734
v 0.113078 -0.055122 0.112614
v 0.110657 -0.071780 0.114924
v 0.101568 -0.087886 0.117460
v 0.107688 -0.091241 0.107377
v 0.103979 -0.067588 0.120769
v 0.096674 -0.082984 0.123062
v 0.090923 -0.075985 0.124798
v -0.070179 0.002267 0.126465
v -0.070498 0.003151 0.120420
v -0.067516 0.001683 0.132102
v -0.047038 0.016927 0.140234
v -0.044682 0.016580 0.144355
v -0.040179 0.030793 0.146203
v -0.043270 0.016338 0.149470
v -0.038822 0.030365 0.150907
v -0.041725 0.016028 0.154503
v -0.037068 0.029838 0.155461
v -0.034680 0.029256 0.159214
v -0.044942 0.001136 0.148777
v 0.019714 0.055056 0.149391
v 0.030766 0.052312 0.146115
v 0.029912 0.056056 0.145966
v 0.041228 0.052216 0.144011
v 0.042505 0.051094 0.148062
v 0.053132 0.048220 0.145667
v 0.054267 0.048272 0.150392
v 0.064050 0.043583 0.147808
v 0.064862 0.043258 0.153407
v 0.072801 0.036525 0.150684
v 0.072548 0.035070 0.156132
v 0.079671 0.028266 0.153769
v 0.081843 0.028911 0.158493
v 0.087251 0.021496 0.155822
v 0.091894 0.023279 0.157583
v 0.095555 0.014428 0.156264
v 0.100886 0.015887 0.156770
v 0.102744 0.006336 0.156549
v 0.109042 0.007077 0.156844
v 0.109237 -0.002771 0.156353
v 0.116839 -0.002728 0.155393
v 0.114546 -0.014358 0.156295
v 0.122124 -0.016205 0.155263
v 0.147806 -0.032523 0.152376
v 0.156276 -0.019697 0.150479
v 0.148529 -0.033309 0.157360
v 0.141112 -0.044919 0.162146
v 0.134044 -0.054977 0.165742
v 0.127451 -0.063751 0.168936
v 0.087093 -0.099140 0.078623
v 0.007811 -0.305735 -0.142851
v 0.017222 -0.312600 -0.151356
v 0.027320 -0.312872 -0.150665
v 0.028269 -0.314057 -0.157704
v 0.040007 -0.311422 -0.154180
v 0.037889 -0.309507 -0.147698
v 0.050870 -0.306126 -0.150662
v 0.048383 -0.303616 -0.143390
v 0.045859 -0.300597 -0.136457
v 0.056725 -0.295500 -0.140491
v 0.053929 -0.291663 -0.133132
v 0.063127 -0.287633 -0.138735
v 0.060278 -0.283523 -0.130894
v 0.067732 -0.280518 -0.138632
v 0.064755 -0.276861 -0.130102
v 0.069640 -0.273720 -0.140161
v 0.067061 -0.270091 -0.132158
v 0.069562 -0.266142 -0.142480
v 0.068765 -0.263631 -0.135070
v 0.066881 -0.260900 -0.125748
v 0.071053 -0.257186 -0.137207
v 0.070849 -0.255483 -0.128533
v 0.072723 -0.250078 -0.139354
v 0.074115 -0.248117 -0.131209
v 0.074136 -0.244507 -0.124211
v 0.076221 -0.239424 -0.137628
v 0.077974 -0.235702 -0.133232
v 0.078490 -0.230647 -0.130113
v 0.073462 -0.239052 -0.119352
v 0.077486 -0.225072 -0.129070
v 0.071739 -0.232829 -0.117704
v 0.074770 -0.219446 -0.129855
v 0.068452 -0.226283 -0.117986
v 0.070606 -0.214981 -0.132502
v 0.064821 -0.219723 -0.120916
v 0.065553 -0.212595 -0.136508
v 0.059452 -0.215415 -0.126373
v 0.061098 -0.213321 -0.141171
v 0.054792 -0.215354 -0.132656
v 0.057857 -0.216344 -0.145752
v 0.051574 -0.217664 -0.138728
v 0.044726 -0.220120 -0.132469
v 0.050056 -0.222022 -0.144253
v 0.042885 -0.223513 -0.139141
v 0.035493 -0.225256 -0.135333
v 0.027018 -0.227658 -0.132650
v 0.042398 -0.228717 -0.144926
v 0.034248 -0.229783 -0.141918
v 0.025648 -0.231286 -0.139399
v 0.015732 -0.229553 -0.139318
v 0.016245 -0.227538 -0.131510
v 0.033969 -0.236630 -0.147885
v 0.024993 -0.237185 -0.146668
v 0.015747 -0.234730 -0.148174
v 0.005093 -0.232704 -0.149091
v 0.005004 -0.227361 -0.139560
v 0.024947 -0.245244 -0.153286
v 0.015726 -0.244050 -0.154344
v 0.005472 -0.242665 -0.154738
v -0.003699 -0.242846 -0.154143
v -0.005194 -0.232993 -0.146863
v 0.014780 -0.253708 -0.158862
v 0.005310 -0.251433 -0.159304
v -0.002830 -0.250888 -0.159373
v -0.009375 -0.253336 -0.157983
v -0.011097 -0.245740 -0.151275
v 0.004694 -0.257167 -0.165795
v -0.002497 -0.255739 -0.166143
v -0.008501 -0.256930 -0.165520
v -0.012895 -0.260929 -0.163974
v -0.013402 -0.258051 -0.155308
v -0.001580 -0.257454 -0.174287
v -0.007585 -0.258057 -0.174343
v -0.012312 -0.261490 -0.173775
v -0.015123 -0.266126 -0.173251
v -0.015288 -0.266257 -0.162283
v -0.005275 -0.257445 -0.183002
v -0.010547 -0.259932 -0.183747
v -0.013860 -0.264410 -0.184609
v -0.007536 -0.257019 -0.191473
v -0.011133 -0.261265 -0.193360
v -0.011680 -0.266438 -0.195267
v -0.007730 -0.257644 -0.199667
v -0.008221 -0.262069 -0.202004
v -0.006554 -0.266788 -0.203616
v -0.004872 -0.257829 -0.206600
v -0.003311 -0.262326 -0.208366
v 0.000009 -0.266331 -0.209003
v -0.001122 -0.254796 -0.209871
v -0.004151 -0.253891 -0.197193
v -0.001677 -0.254870 -0.189989
v 0.002223 -0.252181 -0.195838
v 0.004918 -0.255299 -0.189697
v 0.000820 -0.257320 -0.182547
v 0.007209 -0.259785 -0.182717
v 0.011175 -0.258136 -0.190778
v 0.014134 -0.264331 -0.183067
v 0.016431 -0.263033 -0.192589
v 0.023409 -0.268013 -0.183068
v 0.012200 -0.264435 -0.173639
v 0.022541 -0.267912 -0.173658
v 0.034442 -0.268891 -0.172604
v 0.034438 -0.269995 -0.182301
v 0.045586 -0.265386 -0.171245
v 0.045408 -0.267454 -0.181084
v 0.054115 -0.259396 -0.170665
v 0.054198 -0.261037 -0.179553
v 0.053690 -0.261052 -0.187820
v 0.061692 -0.257276 -0.178112
v 0.060773 -0.256359 -0.185719
v 0.059711 -0.255021 -0.192913
v 0.053057 -0.261012 -0.195295
v 0.068971 -0.256129 -0.184918
v 0.068181 -0.254072 -0.191983
v 0.074985 -0.260372 -0.185483
v 0.074462 -0.257852 -0.193044
v 0.077177 -0.266689 -0.187055
v 0.076675 -0.264423 -0.195282
v 0.075646 -0.272922 -0.188944
v 0.074141 -0.271053 -0.197378
v 0.070875 -0.277855 -0.190115
v 0.068103 -0.275443 -0.197866
v 0.064858 -0.272822 -0.203964
v 0.061291 -0.279894 -0.197143
v 0.058407 -0.278712 -0.203521
v 0.053916 -0.276783 -0.208729
v 0.060755 -0.269672 -0.208681
v 0.048960 -0.286811 -0.205684
v 0.043369 -0.285352 -0.206788
v 0.045252 -0.296556 -0.198890
v 0.039857 -0.294598 -0.199816
v 0.034574 -0.291748 -0.199682
v 0.037571 -0.283511 -0.205495
v 0.037823 -0.300415 -0.190364
v 0.032376 -0.297107 -0.190655
v 0.037589 -0.302409 -0.181685
v 0.031804 -0.298321 -0.181722
v 0.024668 -0.299701 -0.182274
v 0.043793 -0.303952 -0.181124
v 0.043709 -0.302304 -0.189700
v 0.050247 -0.301774 -0.180407
v 0.056016 -0.295659 -0.179829
v 0.058778 -0.287621 -0.180134
v 0.065545 -0.283032 -0.180135
v 0.064025 -0.281554 -0.189696
v 0.071547 -0.279223 -0.179459
v 0.075602 -0.274307 -0.178299
v 0.073742 -0.274646 -0.166791
v 0.074908 -0.268749 -0.166395
v 0.072415 -0.268427 -0.156901
v 0.071466 -0.274871 -0.157025
v 0.076560 -0.268303 -0.177387
v 0.074326 -0.262410 -0.176891
v 0.073390 -0.262825 -0.166900
v 0.068705 -0.258205 -0.168235
v 0.071229 -0.262136 -0.157973
v 0.069215 -0.257964 -0.177039
v 0.061968 -0.256664 -0.169676
v 0.069503 -0.261041 -0.150561
v 0.070581 -0.268016 -0.149202
v 0.070556 -0.275145 -0.148520
v 0.069277 -0.259238 -0.144050
v 0.044455 -0.260331 -0.162815
v 0.034322 -0.264013 -0.163721
v 0.033901 -0.254967 -0.157323
v 0.043145 -0.252442 -0.157056
v 0.033952 -0.245098 -0.152816
v 0.043257 -0.243876 -0.153081
v 0.042801 -0.235696 -0.149615
v 0.050994 -0.235002 -0.150973
v 0.050138 -0.227943 -0.148378
v 0.056235 -0.227351 -0.152212
v 0.056128 -0.221130 -0.149675
v 0.060549 -0.220259 -0.155646
v 0.061197 -0.226344 -0.157111
v 0.062393 -0.215511 -0.153041
v 0.065697 -0.212305 -0.149874
v 0.068631 -0.211273 -0.157803
v 0.070091 -0.210991 -0.146683
v 0.073082 -0.212223 -0.165268
v 0.077829 -0.214996 -0.169172
v 0.084628 -0.216662 -0.167079
v 0.086632 -0.215672 -0.161098
v 0.084880 -0.216904 -0.151505
v 0.082162 -0.219620 -0.141235
v 0.083413 -0.224805 -0.141880
v 0.079339 -0.214995 -0.141899
v 0.075038 -0.212020 -0.143863
v 0.082760 -0.229726 -0.143448
v 0.080082 -0.234124 -0.146455
v 0.024249 -0.255516 -0.158135
v 0.023013 -0.264297 -0.164724
v 0.012758 -0.261133 -0.165083
v 0.004935 -0.259799 -0.173892
v -0.015611 -0.263709 -0.152931
v -0.015646 -0.250901 -0.147432
v -0.012909 -0.236632 -0.142588
v -0.005077 -0.228162 -0.136981
v 0.005354 -0.226020 -0.131041
v 0.060952 -0.224639 -0.026458
v 0.051406 -0.232360 -0.012434
v 0.049168 -0.227733 -0.008654
v 0.038482 -0.234748 -0.000203
v 0.036176 -0.228438 -0.000626
v 0.027254 -0.231661 0.002338
v 0.025857 -0.225977 0.000262
v -0.092980 -0.172591 -0.242722
v -0.094944 -0.175767 -0.250621
v -0.096281 -0.179802 -0.240543
v -0.093836 -0.176057 -0.230470
v -0.091362 -0.181797 -0.229197
v -0.093774 -0.185547 -0.240519
v -0.084314 -0.181964 -0.230472
v -0.086314 -0.185462 -0.242384
v -0.076900 -0.185623 -0.230866
v -0.077897 -0.188086 -0.243119
v -0.077876 -0.190587 -0.252726
v -0.074679 -0.197072 -0.241735
v -0.075089 -0.199691 -0.251246
v -0.075352 -0.202365 -0.259508
v -0.077634 -0.193570 -0.261434
v -0.075620 -0.205217 -0.266805
v -0.076991 -0.196770 -0.268807
v -0.076071 -0.211774 -0.256634
v -0.076708 -0.214216 -0.263790
v -0.079805 -0.221386 -0.253390
v -0.080732 -0.223643 -0.259921
v -0.088920 -0.228430 -0.250535
v -0.089811 -0.229946 -0.257199
v -0.101029 -0.228943 -0.249244
v -0.101548 -0.230784 -0.256093
v -0.088454 -0.225881 -0.242353
v -0.100262 -0.225932 -0.240802
v -0.087895 -0.222404 -0.232696
v -0.099338 -0.222034 -0.231056
v -0.110411 -0.216419 -0.231278
v -0.098245 -0.217111 -0.219341
v -0.108809 -0.211515 -0.219786
v -0.118694 -0.202613 -0.221156
v -0.106378 -0.204221 -0.203284
v -0.115829 -0.195901 -0.205140
v -0.123150 -0.184900 -0.207575
v -0.126285 -0.191268 -0.223270
v -0.112157 -0.187782 -0.185598
v -0.119027 -0.177159 -0.188120
v -0.121387 -0.165089 -0.191873
v -0.114681 -0.169413 -0.168412
v -0.116821 -0.157550 -0.172239
v -0.113553 -0.146990 -0.177436
v -0.112292 -0.150302 -0.153022
v -0.109115 -0.140283 -0.157692
v -0.104233 -0.133973 -0.160789
v -0.107157 -0.140418 -0.181197
v -0.100304 -0.128295 -0.162370
v -0.102533 -0.134488 -0.183070
v -0.097289 -0.122321 -0.163291
v -0.098773 -0.127926 -0.184154
v -0.097884 -0.122461 -0.140993
v -0.095134 -0.116779 -0.142073
v -0.095144 -0.111643 -0.142875
v -0.092869 -0.112362 -0.120704
v -0.093678 -0.108417 -0.121307
v -0.099229 -0.107212 -0.121002
v -0.092158 -0.104983 -0.100347
v -0.097685 -0.103343 -0.100006
v -0.103082 -0.101065 -0.099653
v -0.096381 -0.100294 -0.078900
v -0.101595 -0.097546 -0.078548
v -0.106996 -0.092753 -0.078033
v -0.100124 -0.093901 -0.057386
v -0.104824 -0.088703 -0.056787
v -0.108383 -0.081307 -0.056371
v -0.101938 -0.084391 -0.035748
v -0.104680 -0.077012 -0.035167
v -0.105191 -0.068622 -0.034823
v -0.100468 -0.072746 -0.014164
v -0.099795 -0.065250 -0.013802
v -0.096451 -0.058944 -0.013854
v -0.094147 -0.062994 0.006369
v -0.089509 -0.058041 0.005973
v -0.083727 -0.055034 0.005346
v -0.083130 -0.058420 0.025947
v -0.077345 -0.055958 0.026781
v -0.072359 -0.054435 0.027127
v -0.074309 -0.057598 0.041140
v -0.076968 -0.059481 0.044431
v -0.087690 -0.062525 0.025906
v -0.081821 -0.063490 0.045020
v -0.084477 -0.068134 0.044783
v -0.079868 -0.068711 0.062454
v -0.076722 -0.064359 0.061813
v -0.090178 -0.068070 0.025727
v -0.090667 -0.074281 0.025082
v -0.085374 -0.073242 0.044196
v -0.095667 -0.069638 0.006016
v -0.094970 -0.076478 0.005321
v -0.092363 -0.083120 0.004465
v -0.088783 -0.080491 0.024382
v -0.098695 -0.079989 -0.014743
v -0.095340 -0.086112 -0.015432
v -0.091020 -0.090598 -0.016329
v -0.088516 -0.088020 0.003882
v -0.098171 -0.090170 -0.036335
v -0.093707 -0.094001 -0.036981
v -0.088830 -0.096585 -0.037577
v -0.086862 -0.093262 -0.017071
v -0.095277 -0.097033 -0.057910
v -0.089833 -0.099558 -0.058319
v -0.086740 -0.102307 -0.058292
v -0.083832 -0.098210 -0.038054
v -0.090867 -0.102497 -0.079172
v -0.088733 -0.105670 -0.079010
v -0.091323 -0.110348 -0.078287
v -0.089023 -0.106665 -0.057511
v -0.090696 -0.108728 -0.100043
v -0.093510 -0.114215 -0.099185
v -0.096462 -0.119237 -0.098232
v -0.094187 -0.115083 -0.077487
v -0.095642 -0.118014 -0.119918
v -0.098805 -0.123431 -0.119180
v -0.102472 -0.129466 -0.117330
v -0.099390 -0.125144 -0.096678
v -0.101100 -0.127999 -0.139859
v -0.105603 -0.134245 -0.137767
v -0.108375 -0.143879 -0.133920
v -0.104390 -0.138487 -0.114041
v -0.102699 -0.148699 -0.111034
v -0.098997 -0.142149 -0.091673
v -0.100640 -0.133155 -0.094186
v -0.106149 -0.155046 -0.130537
v -0.100902 -0.164371 -0.128463
v -0.098081 -0.157029 -0.109263
v -0.109879 -0.161816 -0.149511
v -0.104047 -0.171745 -0.147097
v -0.097001 -0.178828 -0.145776
v -0.094507 -0.170859 -0.127510
v -0.108118 -0.179635 -0.166014
v -0.100265 -0.187030 -0.164647
v -0.091854 -0.191198 -0.164215
v -0.089531 -0.183146 -0.145516
v -0.103368 -0.195525 -0.183990
v -0.094009 -0.199913 -0.183455
v -0.084526 -0.201162 -0.184069
v -0.083090 -0.192599 -0.164667
v -0.096405 -0.209166 -0.202486
v -0.086147 -0.209855 -0.203384
v -0.077667 -0.205604 -0.205875
v -0.076202 -0.197909 -0.186385
v -0.087381 -0.217569 -0.220794
v -0.078532 -0.212686 -0.223761
v -0.074643 -0.203763 -0.227147
v -0.073773 -0.197341 -0.209159
v -0.079063 -0.216676 -0.235925
v -0.075270 -0.207263 -0.239318
v -0.074110 -0.194202 -0.229546
v -0.079511 -0.219429 -0.245442
v -0.075662 -0.209748 -0.248643
v -0.075583 -0.180440 -0.214460
v -0.072977 -0.188564 -0.211950
v -0.074816 -0.173483 -0.195867
v -0.072055 -0.181756 -0.193119
v -0.072660 -0.190354 -0.189816
v -0.071043 -0.175842 -0.173080
v -0.071575 -0.183476 -0.169793
v -0.075164 -0.189567 -0.166765
v -0.070885 -0.176649 -0.149609
v -0.074167 -0.182568 -0.147433
v -0.081604 -0.184919 -0.146182
v -0.074805 -0.178078 -0.127917
v -0.081117 -0.177386 -0.127770
v -0.087731 -0.174993 -0.127445
v -0.080638 -0.169559 -0.107526
v -0.086644 -0.167146 -0.107688
v -0.092583 -0.163150 -0.108230
v -0.085443 -0.159469 -0.088229
v -0.090395 -0.155200 -0.089056
v -0.095294 -0.149742 -0.089963
v -0.088650 -0.148195 -0.069831
v -0.092853 -0.142861 -0.070670
v -0.095879 -0.136030 -0.072089
v -0.090286 -0.136488 -0.051108
v -0.092920 -0.130279 -0.052290
v -0.093891 -0.123418 -0.053866
v -0.097188 -0.128104 -0.074134
v -0.093202 -0.117086 -0.055395
v -0.096630 -0.120821 -0.076158
v -0.091490 -0.111764 -0.056542
v -0.090087 -0.112769 -0.035328
v -0.088485 -0.107686 -0.036492
v -0.086088 -0.102791 -0.037446
v -0.085469 -0.103787 -0.016573
v -0.082990 -0.099213 -0.017265
v -0.082602 -0.095333 -0.017522
v -0.080277 -0.096497 0.002737
v -0.080388 -0.092892 0.002662
v -0.084564 -0.091075 0.003326
v -0.078306 -0.090833 0.022876
v -0.081915 -0.088396 0.023441
v -0.085748 -0.085048 0.024005
v -0.079017 -0.086289 0.042608
v -0.082216 -0.082707 0.043188
v -0.084587 -0.078142 0.043593
v -0.078317 -0.081714 0.060219
v -0.080339 -0.077638 0.061027
v -0.080900 -0.073353 0.061806
v -0.075922 -0.077227 0.074309
v -0.076325 -0.072998 0.074613
v -0.075149 -0.068859 0.074639
v -0.073291 -0.072038 0.083185
v -0.072000 -0.067977 0.082038
v -0.069797 -0.064468 0.079996
v -0.072663 -0.064783 0.073674
v -0.066964 -0.059840 0.076479
v -0.067654 -0.064127 0.084060
v -0.065106 -0.059135 0.080577
v -0.066324 -0.048936 0.074768
v -0.067931 -0.049722 0.070592
v -0.069731 -0.067203 0.086243
v -0.071227 -0.070812 0.088059
v -0.072364 -0.075583 0.089936
v -0.073187 -0.076529 0.083725
v -0.071888 -0.080858 0.083942
v -0.072191 -0.081031 0.091381
v -0.074361 -0.081100 0.073713
v -0.072149 -0.084256 0.073035
v -0.069751 -0.084233 0.083599
v -0.075596 -0.085022 0.059502
v -0.072843 -0.087358 0.058804
v -0.069738 -0.086523 0.072420
v -0.075813 -0.088840 0.041994
v -0.075277 -0.092096 0.041806
v -0.072615 -0.090289 0.058607
v -0.077801 -0.094367 0.022824
v -0.079767 -0.098429 0.023053
v -0.076882 -0.095754 0.041924
v -0.082474 -0.100817 0.003305
v -0.083978 -0.105287 0.003935
v -0.080803 -0.102397 0.023403
v -0.087230 -0.108544 -0.015727
v -0.087681 -0.113787 -0.014818
v -0.084184 -0.109927 0.004536
v -0.090580 -0.118578 -0.034072
v -0.089782 -0.124581 -0.032823
v -0.086806 -0.119074 -0.013790
v -0.087599 -0.130042 -0.031733
v -0.086717 -0.141476 -0.050267
v -0.084376 -0.152562 -0.069048
v -0.079716 -0.161992 -0.087661
v -0.075330 -0.170570 -0.107527
v -0.070892 -0.172568 -0.129299
v -0.069818 -0.169874 -0.152360
v -0.073652 -0.168436 -0.175969
v -0.082157 -0.169497 -0.197142
v -0.082699 -0.176418 -0.215299
v -0.090370 -0.174724 -0.215337
v -0.088241 -0.006282 -0.142811
v -0.088478 0.008874 -0.120809
v -0.088490 0.005539 -0.142977
v -0.088259 0.018542 -0.121549
v -0.087801 0.020987 -0.100272
v -0.087783 0.029037 -0.101335
v -0.086962 0.029794 -0.079758
v -0.087299 0.037138 -0.080830
v -0.086281 0.037262 -0.059910
v -0.087945 0.042744 -0.060463
v -0.086461 0.044999 -0.040823
v -0.090870 0.047584 -0.041770
v -0.088304 0.050697 -0.022534
v -0.093679 0.051713 -0.021774
v -0.088849 0.054278 -0.002370
v -0.094081 0.055557 -0.001444
v -0.089229 0.057722 0.017396
v -0.093763 0.059337 0.018457
v -0.088283 0.061842 0.036511
v -0.091821 0.064212 0.037292
v -0.086335 0.066058 0.054833
v -0.088578 0.068513 0.055373
v -0.083676 0.069673 0.068886
v -0.084632 0.072433 0.069283
v -0.068570 0.091416 0.085397
v 0.081733 -0.063905 0.178778
v 0.067997 -0.074591 0.184425
v 0.068445 -0.081152 0.181675
v 0.052079 -0.083607 0.184298
v 0.068412 -0.085631 0.178098
v 0.051661 -0.088861 0.181326
v -0.007918 -0.089251 0.198017
v -0.002081 -0.091659 0.202653
v -0.005723 -0.090759 0.209046
v -0.009829 -0.088032 0.214350
v -0.143513 0.119793 0.380662
v -0.147640 0.134566 0.377637
v -0.152276 0.128058 0.378243
v -0.156210 0.122077 0.374310
v -0.160675 0.135548 0.377616
v -0.157636 0.140137 0.377269
v -0.164557 0.144337 0.378721
v -0.155872 0.144146 0.374315
v -0.163491 0.147359 0.376890
v -0.168940 0.149943 0.379033
v -0.163964 0.149061 0.374167
v -0.169766 0.150905 0.377364
v -0.174014 0.152035 0.379344
v -0.170960 0.151288 0.375982
v -0.175057 0.151649 0.377983
v -0.165520 0.149718 0.371064
v -0.157182 0.147813 0.364913
v -0.159564 0.146487 0.360812
v -0.155603 0.146921 0.370037
v -0.039672 0.102153 0.102056
v -0.007059 -0.094527 -0.146726
v 0.137988 0.019004 -0.044127
v -0.007762 0.087594 -0.152374
v 0.134651 0.003630 -0.051307
v 0.128474 0.001961 -0.051251
v 0.134443 -0.001020 -0.051959
v 0.128827 -0.003351 -0.051658
v 0.134569 0.001799 -0.051564
v 0.132497 0.001472 -0.051512
v 0.132484 0.003044 -0.051288
v 0.130433 0.002490 -0.051269
v 0.130488 0.000914 -0.051493
v 0.128576 0.000428 -0.051368
v 0.132767 -0.001716 -0.051869
v 0.132444 -0.000069 -0.051725
v 0.134508 0.000432 -0.051755
v 0.128702 -0.001481 -0.051515
v 0.130577 -0.000916 -0.051630
v 0.130894 -0.002493 -0.051769
v 0.074795 0.119404 0.075446
v 0.074873 0.119556 0.073208
v 0.074007 0.121082 0.072672
v 0.074251 0.120217 0.076254
v 0.074961 0.118217 0.078269
v 0.075326 0.118280 0.076007
v 0.075511 0.118434 0.073602
v 0.075854 0.117131 0.076187
v 0.076148 0.117313 0.073997
v 0.075550 0.116944 0.078452
v 0.074432 0.118926 0.079322
v 0.075235 0.116749 0.080798
v 0.073541 0.121345 0.076784
v 0.072966 0.122914 0.072028
f 1 615 616 20
f 1 20 617 618
f 1 618 22 615
f 2 617 20 21
f 2 21 619 620
f 2 620 621 617
f 3 623 624 622
f 4 625 626 627
f 4 628 629 630
f 4 627 631 628
f 5 632 633 634
f 5 634 635 631
f 5 636 637 632
f 5 631 627 638
f 5 638 639 636
f 6 640 641 639
f 6 639 642 60
f 6 60 643 640
f 7 636 639 641
f 7 641 644 645
f 8 646 647 648
f 8 649 650 646
f 8 648 651 649
f 9 652 653 654
f 9 655 656 652
f 9 647 657 655
f 9 654 658 659
f 9 659 648 647
f 10 660 661 662
f 10 663 664 660
f 10 665 666 663
f 11 667 668 669
f 11 669 670 671
f 11 672 673 667
f 11 674 675 672
f 11 671 676 674
f 12 675 674 677
f 12 677 678 679
f 12 680 681 675
f 12 679 25 682
f 13 683 684 685
f 13 686 687 683
f 13 685 688 686
f 14 671 670 689
f 14 689 690 691
f 14 691 676 671
f 15 692 693 17
f 15 694 53 692
f 15 16 695 694
f 16 15 17 696
f 16 696 697 695
f 17 698 699 696
f 18 700 701 702
f 18 702 19 698
f 18 698 17 700
f 19 702 703 704
f 19 705 706 707
f 19 704 708 705
f 20 616 709 710
f 20 710 711 21
f 21 711 712 713
f 21 713 714 619
f 22 715 716 615
f 22 670 669 715
f 22 717 689 670
f 22 618 718 717
f 23 719 720 721
f 23 721 722 723
f 23 723 724 719
f 24 725 726 26
f 24 30 727 725
f 24 26 27 30
f 25 728 33 682
f 25 729 32 728
f 25 730 731 729
f 25 679 732 730
f 26 733 734 735
f 26 726 736 733
f 26 735 737 27
f 27 737 738 739
f 27 739 740 741
f 27 741 742 30
f 28 31 30 742
f 28 742 743 744
f 28 744 745 31
f 29 746 747 748
f 29 748 749 750
f 29 750 751 752
f 29 752 753 754
f 29 754 755 746
f 30 31 745 727
f 32 756 757 728
f 32 729 54 756
f 33 728 757 758
f 33 759 760 682
f 33 761 762 759
f 33 758 763 761
f 34 764 765 47
f 34 47 766 767
f 34 767 768 769
f 34 769 770 771
f 34 771 762 764
f 35 772 773 41
f 35 37 774 772
f 35 41 775 37
f 36 776 777 775
f 36 775 41 778
f 36 778 779 776
f 37 775 777 774
f 38 780 781 782
f 38 782 783 784
f 38 785 786 780
f 38 787 788 785
f 38 784 789 787
f 39 790 791 792
f 39 793 794 790
f 39 792 795 50
f 39 754 753 793
f 39 50 755 754
f 40 796 797 798
f 40 799 800 796
f 40 801 802 799
f 40 798 803 804
f 40 804 805 801
f 41 773 810 811
f 41 811 812 778
f 42 813 814 815
f 42 816 817 813
f 42 815 818 816
f 43 45 819 820
f 43 821 822 45
f 43 820 823 821
f 44 824 45 822
f 44 825 826 824
f 44 827 828 825
f 45 824 829 830
f 45 830 831 819
f 46 832 814 48
f 46 833 834 832
f 47 765 834 833
f 47 833 835 836
f 47 836 837 766
f 48 814 813 835
f 49 838 839 340
f 49 840 841 838
f 49 340 842 840
f 50 51 843 755
f 50 806 809 51
f 50 795 807 806
f 51 809 844 843
f 52 845 846 847
f 52 848 849 845
f 52 847 86 850
f 52 850 851 852
f 52 852 853 848
f 53 853 852 854
f 53 694 855 853
f 53 854 84 856
f 54 729 731 857
f 54 857 858 756
f 55 859 860 861
f 55 862 863 859
f 55 864 865 862
f 56 866 867 868
f 56 868 869 870
f 56 870 871 872
f 56 872 873 874
f 56 874 875 866
f 57 876 877 878
f 57 878 879 880
f 57 880 881 882
f 57 883 884 876
f 57 882 885 883
f 58 886 887 885
f 58 888 889 886
f 58 885 882 888
f 59 890 891 892
f 59 893 894 890
f 59 892 895 893
f 60 642 896 897
f 60 897 898 643
f 61 62 899 900
f 61 900 901 902
f 61 902 903 904
f 61 905 906 62
f 61 904 907 905
f 62 906 908 899
f 63 909 910 911
f 63 912 913 909
f 63 911 914 915
f 63 915 916 917
f 64 918 919 65
f 65 921 922 923
f 65 923 924 925
f 65 925 926 64
f 66 927 928 929
f 66 930 931 927
f 66 929 932 930
f 67 933 934 935
f 67 936 937 938
f 67 938 939 933
f 67 940 941 936
f 67 935 942 940
f 68 943 944 945
f 68 945 946 947
f 68 947 948 943
f 69 949 950 951
f 69 952 953 949
f 69 954 937 955
f 69 955 956 952
f 69 951 957 954
f 70 71 958 959
f 70 959 960 961
f 70 961 962 71
f 71 962 963 964
f 71 964 953 965
f 71 965 966 958
f 72 967 948 968
f 72 969 970 967
f 72 971 972 973
f 72 973 974 969
f 73 975 976 977
f 73 977 978 979
f 73 980 981 982
f 73 982 983 975
f 73 979 984 980
f 74 985 986 987
f 74 988 989 985
f 74 987 990 988
f 75 986 985 991
f 75 992 993 986
f 75 991 994 995
f 75 995 921 996
f 75 996 997 992
f 76 998 999 1000
f 76 1000 1001 1002
f 76 1002 1003 998
f 77 1004 1005 1006
f 77 1006 1007 1008
f 77 1008 1009 1004
f 78 1010 1011 1012
f 78 1012 1013 1014
f 78 1014 1007 1015
f 78 1016 1017 1010
f 78 1015 1018 1016
f 79 1019 1020 1021
f 79 80 1022 1019
f 79 1021 1023 80
f 80 1024 1025 1022
f 80 1026 1027 1024
f 80 1023 1028 1026
f 81 1029 1030 1031
f 81 1014 1013 1029
f 81 1008 1007 1014
f 82 1032 1033 1034
f 1036 1037 1032 82
f 82 1034 1035 1036
f 83 1038 1039 94
f 83 94 1040 1041
f 83 1041 1042 1043
f 83 1044 1045 1038
f 83 1043 1046 1044
f 84 854 1047 1048
f 84 1048 1049 856
f 85 1050 1049 1048
f 85 1051 1052 1053
f 85 88 1054 1051
f 85 1048 1047 88
f 86 1055 1056 1057
f 86 1057 1058 850
f 87 851 850 1058
f 87 88 1047 851
f 87 1058 1059 88
f 88 1059 1045 1054
f 81 1060 1061 1062
f 81 1031 1063 1060
f 89 1062 1061 1064
f 89 1064 1065 1066
f 90 1067 1068 1069
f 90 1069 1070 1071
f 90 1071 1072 1073
f 90 1074 1075 1067
f 91 1076 1077 1078
f 91 1079 1080 1076
f 91 1081 1082 1079
f 92 1083 1084 1085
f 92 1085 1086 1087
f 92 1087 1088 1089
f 92 1089 1090 1083
f 86 847 350 1055
f 93 1091 1083 1090
f 93 1092 1093 1091
f 93 1090 1094 1092
f 91 1095 1096 1097
f 91 1097 1098 1081
f 94 1039 1099 1040
f 95 1100 1101 1102
f 95 1103 1104 1100
f 95 1102 1105 1103
f 96 1106 1107 1108
f 96 1108 1069 1068
f 96 1109 1110 1106
f 96 1068 1111 1112
f 96 1112 1113 1109
f 97 1114 1115 99
f 97 1116 193 1114
f 97 99 1117 1116
f 98 1118 1119 1120
f 98 1120 1121 1122
f 98 1122 1123 1118
f 99 1115 1124 1125
f 99 1122 1121 1117
f 99 1125 1123 1122
f 1126 1127 1128 1129
f 100 1130 1131 1132
f 100 1128 1133 1130
f 100 1132 1129 1128
f 101 1134 1135 1136
f 105 1137 1138 1139
f 101 105 1139 1134
f 101 1136 1140 1141
f 101 1141 1137 105
f 102 1142 1143 1144
f 102 1145 1146 1147
f 102 1144 1148 1145
f 102 1147 1127 1149
f 103 1150 1151 1152
f 103 1153 1154 1155
f 103 1155 1156 1150
f 104 1157 1158 1159
f 104 1160 1161 1157
f 104 1159 1162 1160
f 106 1163 1164 1165
f 106 1166 1167 1168
f 106 1168 1169 1163
f 106 1165 1170 1171
f 106 1171 1172 1166
f 107 1173 1174 1175
f 107 1175 1176 1177
f 107 1177 1178 1173
f 108 1179 1180 1181
f 108 1181 1182 1183
f 108 1183 1184 1179
f 109 1185 1186 1187
f 109 1187 1188 1189
f 109 1189 1190 1185
f 110 1191 1192 1193
f 110 1193 1194 1195
f 110 1195 1196 1191
f 111 1197 1198 1199
f 111 1199 1200 1201
f 111 1201 1202 1197
f 112 1203 1204 1205
f 112 1205 113 1206
f 112 1206 1207 1203
f 113 1208 1209 1210
f 113 1205 1211 1208
f 113 1212 1213 1206
f 113 1210 1214 1212
f 114 1215 1216 1217
f 114 1217 119 1218
f 114 1219 1220 1215
f 114 1190 1221 1219
f 114 1218 1185 1190
f 115 1222 1223 1224
f 115 1225 1226 1222
f 115 1224 156 1225
f 116 1227 1228 1229
f 116 1223 1230 1227
f 116 1231 1224 1223
f 116 1232 1233 1231
f 116 1229 1234 1232
f 117 1235 1236 1237
f 117 1238 1239 1235
f 117 1240 121 1241
f 117 1241 1242 1238
f 117 1237 1243 1240
f 118 1240 1243 1244
f 118 1244 1245 1246
f 118 1246 121 1240
f 119 1247 1248 1249
f 119 1217 1250 1247
f 119 1249 1251 1252
f 120 1253 1254 1255
f 120 1255 1241 121
f 120 121 1256 1253
f 121 1246 1257 1256
f 122 1258 1259 1260
f 122 1260 1261 128
f 122 128 1262 131
f 122 1263 1264 1258
f 122 131 1265 1263
f 123 1266 1267 1268
f 123 1269 1270 1266
f 123 1271 1272 1269
f 123 124 1273 1271
f 124 123 126 1274
f 124 1274 1275 1273
f 123 1268 125 126
f 125 1268 1276 1277
f 125 1277 1278 126
f 126 1278 1279 1280
f 126 1280 1281 1274
f 127 1282 1283 1284
f 127 1285 1286 1287
f 127 1284 1288 1285
f 127 1289 1290 1282
f 127 1287 1291 1289
f 128 1261 1292 1262
f 129 1293 1294 1295
f 129 1296 1297 1293
f 129 1295 1298 1296
f 130 1299 1300 1301
f 130 1302 1303 1299
f 130 1301 1304 1305
f 131 1262 1306 1265
f 132 1293 1297 1307
f 132 1307 1308 1309
f 132 1256 1257 1310
f 132 1309 1253 1256
f 132 1310 1294 1293
f 133 1311 1312 1313
f 133 1313 162 1314
f 133 1315 1316 1311
f 134 135 137 1317
f 134 1317 1318 1319
f 134 1319 1320 135
f 135 1320 1321 1322
f 135 1322 1323 1324
f 135 1324 136 137
f 136 1325 1326 137
f 137 1327 1328 1317
f 138 1329 1330 1331
f 138 1332 1333 1329
f 138 1331 1334 1332
f 139 1335 144 1336
f 139 1337 1338 1335
f 139 1336 1339 1337
f 140 1340 1341 1342
f 140 1343 1344 1340
f 140 1342 1345 1346
f 140 1346 1347 1348
f 140 1348 1349 1343
f 141 1350 1351 1352
f 141 1353 1354 1350
f 141 1352 1355 1353
f 142 1356 1341 1357
f 142 1358 1359 1360
f 142 1357 1363 1364
f 142 1364 1365 1358
f 143 1366 144 1367
f 143 1368 1369 1366
f 143 1367 145 1368
f 144 1366 1370 1336
f 144 1335 1371 1372
f 144 1372 1373 1367
f 145 1367 1373 1374
f 145 1374 1375 1376
f 145 1376 1377 1378
f 145 1378 1379 1368
f 146 1380 149 148
f 146 1381 1382 1380
f 146 148 1383 1381
f 147 1384 1385 1386
f 147 1386 1381 1383
f 147 1387 1388 1384
f 147 1389 1390 1387
f 147 1383 1391 1389
f 148 1392 1391 1383
f 148 1393 1394 1392
f 148 149 1395 1393
f 149 1396 1397 1395
f 149 1351 1398 1396
f 149 1380 1352 1351
f 150 1399 155 151
f 151 1400 1401 1402
f 151 155 1403 1400
f 151 1402 1404 150
f 150 1404 1405 1399
f 152 1406 1344 1343
f 152 1343 1349 1407
f 152 1407 1408 1406
f 153 1409 1410 1411
f 153 1411 1412 1413
f 154 1414 1415 1416
f 154 1416 1417 1418
f 154 1418 1419 1414
f 155 1399 1420 1421
f 155 1421 1422 1423
f 156 1224 1231 1424
f 156 1424 1425 1225
f 155 1423 1426 1403
f 157 1427 1428 159
f 157 159 1429 1430
f 157 1430 1431 1427
f 158 1432 1433 1434
f 158 1435 1436 1432
f 158 1434 1437 1435
f 159 1428 1438 1439
f 159 1440 1441 1429
f 159 1439 1442 1440
f 160 1443 1444 1445
f 160 1445 1446 1447
f 160 1447 1448 1443
f 161 163 1453 1454
f 161 1455 1456 163
f 161 1457 1458 1455
f 161 1454 1459 1457
f 162 1313 1460 1461
f 162 1461 164 1314
f 163 1462 164 1461
f 163 1461 1460 1453
f 164 1463 1464 1465
f 164 1465 1466 1314
f 164 1462 1467 1463
f 165 1468 1469 1470
f 165 1471 1472 1468
f 165 1473 1474 1471
f 166 1475 1476 1469
f 166 1477 1478 1475
f 166 1469 1468 1477
f 165 1470 1479 1473
f 167 1480 168 1481
f 167 1482 1483 1480
f 167 1484 1485 1486
f 167 1481 1487 1484
f 167 1486 1488 1482
f 168 1480 1489 1490
f 168 1490 1491 1481
f 169 1492 1493 170
f 169 1449 1452 1494
f 169 170 1495 1496
f 169 1496 1450 1449
f 170 1493 1497 1498
f 170 1498 1499 1500
f 170 1500 1501 1495
f 171 1502 1503 1504
f 171 1505 1506 1502
f 171 1504 1507 1505
f 172 1508 1509 1510
f 172 1510 1511 1512
f 172 1512 1513 1514
f 172 1515 1516 1508
f 172 1514 1517 1515
f 173 1518 1519 1520
f 173 1520 1521 1522
f 173 1522 174 1518
f 174 1523 1524 1518
f 174 1501 1500 1523
f 174 1525 1526 1501
f 174 1522 1527 1525
f 175 1528 1529 1530
f 175 1531 1532 1528
f 175 1530 1533 1534
f 175 1534 1535 177
f 176 1536 1537 1538
f 176 1539 1502 1506
f 176 1538 1540 1539
f 176 1541 1542 1536
f 176 1506 1543 1541
f 177 1535 1544 1545
f 177 1545 1531 175
f 178 1546 1547 1548
f 178 1548 1549 179
f 178 179 1550 1546
f 179 1549 1551 1552
f 179 1552 1553 1554
f 179 1554 1555 1550
f 180 1556 1557 1558
f 180 1558 1559 1560
f 180 1560 1561 1556
f 181 1562 1563 1564
f 181 1565 1566 1562
f 181 1564 1567 1568
f 181 1568 1569 1570
f 181 1570 1571 1565
f 182 1572 1573 1574
f 182 1571 1575 1572
f 182 1574 1565 1571
f 183 1576 1577 1578
f 183 1579 1580 1576
f 183 1578 1581 1579
f 184 1582 1583 1584
f 184 1585 1586 1582
f 184 1587 1588 1585
f 184 1589 1590 1587
f 184 1584 1591 1589
f 185 1592 186 1593
f 185 1594 1595 1596
f 185 1596 1597 1592
f 186 1598 1599 1600
f 186 1592 1601 1602
f 186 1602 1603 1598
f 187 1604 1605 1606
f 187 1607 1608 1604
f 187 1609 1610 1607
f 187 1606 1611 1612
f 187 1612 1613 1609
f 188 1614 1615 1616
f 188 1616 1617 1618
f 188 1618 1619 1614
f 189 1617 1620 1621
f 189 1621 192 1622
f 189 1622 191 1623
f 189 1623 1624 1625
f 189 1625 1618 1617
f 190 1623 191 1626
f 190 1627 1628 1629
f 190 1629 1624 1623
f 190 1626 1630 1631
f 190 1631 1632 1627
f 191 1622 1633 1626
f 192 1621 1634 1635
f 192 1635 1633 1622
f 193 1636 1637 1114
f 193 1638 1639 1636
f 193 1116 1640 1641
f 193 1641 1642 1638
f 194 1643 1644 1645
f 194 1645 1646 1647
f 194 1648 1649 1643
f 195 1650 1651 1646
f 195 1646 1645 1652
f 195 1652 1653 1650
f 196 1649 1648 1654
f 196 1655 1656 1649
f 196 1654 1657 1655
f 197 1658 1659 1660
f 197 1660 1661 198
f 197 198 1662 1663
f 197 1663 1664 1665
f 197 1665 1487 1658
f 198 1661 1666 1662
f 199 1667 1668 1669
f 199 1670 1671 1667
f 199 1669 1672 1673
f 199 1674 1675 1670
f 200 1676 1670 1675
f 200 1677 1678 1676
f 200 1675 1679 1677
f 201 1682 1683 1684
f 201 202 1685 1682
f 201 1684 1686 1687
f 201 1687 1688 1689
f 201 1689 1690 202
f 202 1690 1691 1685
f 203 1692 1693 1694
f 203 1694 1695 1696
f 203 1696 1697 209
f 203 1698 358 1692
f 203 209 1699 1698
f 204 1700 1701 1702
f 204 1703 1704 1705
f 204 1702 1706 1703
f 205 1707 1708 1709
f 205 1709 1710 1711
f 205 1711 1712 1707
f 206 1713 1714 1715
f 1717 1718 1713 206
f 206 1715 1716 1717
f 207 1719 1720 1721
f 207 1721 1722 1723
f 207 1723 1724 1725
f 207 1725 1726 1727
f 208 1728 1729 1730
f 208 1730 1731 1732
f 208 1733 1734 1728
f 209 1735 1736 1737
f 209 1697 1738 1735
f 209 1737 1739 1699
f 210 1740 1741 1742
f 210 1742 1743 1744
f 210 1744 1745 1740
f 211 1746 1747 1748
f 211 1749 1750 1746
f 211 1748 1751 1749
f 212 1743 1742 1752
f 212 213 1753 1754
f 212 1754 1755 1743
f 212 1752 1756 1757
f 212 1757 1758 213
f 213 1759 1760 1753
f 213 1761 1762 1759
f 213 1758 1763 1761
f 214 1764 1765 1766
f 214 1767 1768 1764
f 214 1769 1695 1767
f 214 1766 1770 1771
f 214 1771 1772 1769
f 215 1773 1774 1775
f 215 1775 1776 1777
f 215 1777 1778 1779
f 215 1779 1780 1781
f 215 1781 1782 1773
f 216 1783 1784 1785
f 216 217 1786 1783
f 216 1785 1787 217
f 217 1788 1789 1786
f 217 1790 1791 1788
f 217 1787 1792 1790
f 218 1793 1794 1795
f 218 1795 1796 1797
f 218 1798 1799 1793
f 218 1797 1800 1801
f 218 1801 1802 1798
f 219 476 1803 1804
f 219 1805 1806 476
f 219 1807 1808 1805
f 219 1809 1810 1807
f 219 1804 1811 1809
f 220 1812 1813 1814
f 220 1815 1816 1812
f 220 1814 1817 1815
f 221 1818 1819 1820
f 221 1820 1821 1822
f 221 1823 1824 1818
f 221 1825 1826 1823
f 221 1822 1827 1825
f 222 1828 223 1829
f 222 1830 1831 1828
f 222 224 1832 1830
f 222 1829 1833 1834
f 222 1834 1835 224
f 223 1828 1836 1837
f 223 1837 1838 1829
f 224 1835 1839 1840
f 224 1841 1842 1832
f 224 1840 1843 1841
f 225 1844 1845 1846
f 225 1847 1848 1844
f 225 1846 1849 1847
f 226 1850 1851 1852
f 226 1844 1848 1850
f 226 1853 1845 1844
f 226 1852 1821 1820
f 227 1854 1855 229
f 227 1856 1857 1854
f 227 1858 1859 1856
f 227 1860 1861 1858
f 227 229 1862 1860
f 228 1863 1864 1865
f 228 1866 1867 1863
f 228 1865 1868 1866
f 229 1855 1869 1862
f 230 1870 1871 1872
f 230 1872 1873 1874
f 230 1874 1875 1876
f 231 1877 230 1876
f 231 1876 232 1878
f 231 1879 1880 1877
f 231 1878 1881 1882
f 232 1883 1884 1878
f 232 1876 1875 1883
f 204 1705 1885 1700
f 233 1886 1887 1888
f 233 1889 1890 1886
f 233 1888 1891 1889
f 234 1851 1850 1892
f 234 1892 1893 1894
f 234 1894 1895 1851
f 235 1896 1897 1898
f 235 1898 1899 1900
f 235 1900 1901 1896
f 236 1902 1903 1904
f 236 1904 1905 1906
f 236 1906 1907 1902
f 237 1908 1909 1910
f 237 1911 1912 1908
f 237 1910 1913 1911
f 238 1914 1915 242
f 238 1916 1917 1914
f 238 242 1918 1916
f 239 1919 1920 1921
f 239 1921 1922 240
f 239 240 1923 1919
f 240 1915 1924 1923
f 240 1925 242 1915
f 241 1926 1927 1928
f 241 1929 1930 1931
f 241 1931 1932 1926
f 241 1928 1933 1929
f 240 1922 1934 1935
f 240 1935 244 1925
f 242 1925 243 1936
f 243 1925 244 1937
f 243 1937 1938 1939
f 243 1939 1940 1941
f 243 1941 1942 1936
f 244 1935 1943 1937
f 245 1944 1945 1946
f 245 1946 1947 246
f 245 246 1948 1944
f 246 1949 456 1950
f 246 1947 1951 1949
f 246 1950 1952 1948
f 247 1953 1954 1955
f 247 1956 1957 1953
f 247 1958 1959 1951
f 247 1951 1947 1956
f 247 1955 1960 1958
f 248 251 249 1961
f 248 1961 1962 1963
f 248 1963 1964 251
f 249 1965 1966 1967
f 249 1967 1968 1969
f 249 1969 1970 1961
f 250 1971 256 255
f 250 260 1972 1971
f 250 255 1973 260
f 251 1964 1974 249
f 252 1975 1976 1977
f 252 1977 1978 1979
f 252 1979 1980 1981
f 252 1981 1982 1983
f 252 1983 1884 1975
f 253 1984 1985 262
f 253 262 259 261
f 253 1986 1987 1988
f 253 261 1989 1986
f 253 1988 1990 1984
f 254 1991 1992 260
f 254 260 1973 1993
f 254 1994 1995 1991
f 255 256 1996 1973
f 256 1997 1998 1996
f 256 1999 2000 1997
f 256 1971 2001 1999
f 257 2002 2003 2004
f 257 2004 2005 258
f 257 2006 2007 2002
f 257 2008 2009 2006
f 257 258 2010 2008
f 258 2005 2011 2010
f 259 2012 1989 261
f 259 262 2013 2012
f 260 1992 2014 1972
f 262 1985 2015 2016
f 262 2016 2017 2013
f 263 2018 439 2019
f 263 2020 2021 2018
f 263 2019 2022 2020
f 264 2023 2024 2025
f 264 2026 2027 2028
f 264 2028 2029 2023
f 264 2025 265 2026
f 265 2025 2030 2031
f 265 2032 2033 2026
f 266 2034 2035 2036
f 266 268 267 2034
f 266 2036 2037 2038
f 267 2039 2040 270
f 267 268 2041 2039
f 267 2042 2043 2034
f 267 270 2044 2042
f 268 266 2045 2041
f 269 2046 2036 2035
f 2048 2049 2046 269
f 269 2035 2047 2048
f 270 2040 2050 2044
f 271 2051 2052 2053
f 271 2054 2055 2051
f 271 2053 2056 2054
f 272 285 2057 2058
f 272 2058 2059 2060
f 272 2060 2061 285
f 273 2062 2063 2064
f 273 2064 2065 2066
f 273 2066 2067 2068
f 273 2068 2069 2070
f 273 2070 286 2062
f 274 2071 276 2072
f 2074 2075 2071 274
f 274 2072 2073 2074
f 275 2076 2077 2078
f 275 2079 2080 2076
f 275 2078 2081 2079
f 276 2071 2082 277
f 276 277 2083 2072
f 277 2080 2084 2049
f 277 2049 2048 2083
f 277 2082 2076 2080
f 278 2085 2086 2087
f 278 1765 2088 2085
f 278 2087 1766 1765
f 279 2089 2090 2091
f 279 2092 2093 2089
f 279 2091 2094 2092
f 280 2095 2096 2097
f 280 2098 2099 2095
f 280 2097 2100 2098
f 281 2101 2102 2103
f 281 2103 2104 2105
f 281 2105 2106 2101
f 282 2107 2108 2109
f 282 2109 2110 2111
f 282 2111 2112 2107
f 283 2113 2114 2115
f 283 2115 2116 2117
f 283 2117 2118 2113
f 284 2119 2118 2117
f 284 2117 2116 2120
f 284 2120 2121 2119
f 285 2122 2123 2057
f 285 2061 2124 2125
f 285 2125 2126 2122
f 286 2127 2128 2129
f 286 2070 2130 2127
f 286 2131 2132 2062
f 286 2129 2133 2131
f 287 2134 2135 2136
f 287 2136 2137 2138
f 287 2139 2140 2134
f 287 2141 2142 2139
f 287 2138 2143 2141
f 288 2144 2145 2146
f 288 2146 1692 358
f 288 2147 2148 2144
f 288 358 1698 359
f 288 359 2149 2147
f 289 2152 2153 2154
f 289 2154 2155 2156
f 289 2156 2157 2152
f 290 2158 2159 2160
f 290 2161 2162 2158
f 290 2160 2163 2164
f 290 2165 2166 2161
f 290 2164 2167 2165
f 291 2168 2169 2170
f 291 2170 2171 2172
f 291 2172 2173 2168
f 292 2174 2176 2173
f 292 2173 2172 2177
f 292 2177 293 296
f 292 296 295 2178
f 292 2178 298 2174
f 293 2179 2180 296
f 293 2181 357 2179
f 293 2182 2183 2181
f 293 2177 2184 2182
f 294 2185 2186 2187
f 294 2188 2189 2185
f 294 2187 2190 2188
f 295 296 2191 2192
f 295 2192 297 2193
f 296 2180 2194 2191
f 295 2193 2195 2178
f 297 2196 2197 2198
f 297 2199 2200 2196
f 297 2198 2201 2193
f 297 2192 2202 2199
f 298 2203 2204 2205
f 298 2205 2206 2175
f 298 2178 2195 2203
f 299 2207 2208 2209
f 299 2209 2204 2203
f 299 2203 2195 2207
f 300 2210 2211 2212
f 300 2213 2214 2210
f 300 2212 2215 2213
f 301 2216 2199 2202
f 301 2217 2218 2216
f 301 2219 2220 2217
f 302 2221 2222 2223
f 302 2223 2224 2225
f 302 306 2226 2221
f 302 303 308 306
f 303 2227 2228 308
f 303 2229 2230 2227
f 304 2231 2232 307
f 304 2233 2234 2231
f 305 2235 2236 2237
f 305 2237 2238 2239
f 305 2240 2241 2235
f 305 307 2242 2240
f 305 2239 2234 2233
f 306 308 2243 2226
f 307 2232 2244 2242
f 308 2228 2245 2246
f 308 2246 2247 2243
f 309 2248 2249 2250
f 309 2251 314 2252
f 309 2250 2253 2254
f 309 2252 2255 2248
f 310 2256 318 2258
f 310 2258 2259 2260
f 310 2260 2261 2262
f 310 2262 311 2263
f 311 2262 2264 2265
f 311 2265 2266 2263
f 312 2267 2268 2269
f 312 2269 2270 2271
f 312 2271 2272 2267
f 313 2269 2268 2273
f 313 2273 2274 2275
f 313 2275 2270 2269
f 314 2276 2275 2274
f 314 2277 2278 2276
f 314 2251 2279 2277
f 314 2274 2280 2252
f 315 2281 2282 2283
f 315 2284 2285 2281
f 315 2283 2286 2284
f 316 2263 2266 2287
f 316 2287 2288 2256
f 316 2256 310 2263
f 317 2289 2290 2291
f 317 2292 2293 2289
f 317 2291 2294 2295
f 317 2295 2296 2297
f 317 2297 2298 2292
f 318 2299 2300 2258
f 318 329 2301 2299
f 319 2302 2303 2304
f 319 2304 2305 2306
f 319 2306 321 2302
f 320 2307 2308 2309
f 320 2309 2306 2305
f 320 2305 2310 2307
f 321 2298 2311 2312
f 321 2312 2313 2302
f 321 2306 2309 2314
f 321 2314 2292 2298
f 322 2315 2316 2317
f 322 2317 2318 2319
f 322 2321 2322 2323
f 322 2323 327 2315
f 323 2324 2325 2326
f 323 2326 2327 331
f 323 2328 2329 2330
f 323 331 2331 2328
f 323 2330 2332 2324
f 324 2333 2334 2335
f 324 2335 2336 2337
f 324 2338 2339 2333
f 324 2337 2340 2341
f 324 2341 336 2338
f 325 2316 2342 2343
f 325 2344 2345 2346
f 325 2346 2317 2316
f 326 2347 2348 2349
f 326 2350 2351 2347
f 326 2349 2352 2353
f 326 2354 347 2350
f 326 2353 2355 2354
f 327 2311 2356 2357
f 327 2357 2358 2315
f 327 2323 2359 2360
f 327 2360 2312 2311
f 328 2361 2362 2363
f 328 2364 330 2361
f 328 2363 2365 2364
f 329 2332 2366 2301
f 329 2257 2367 2368
f 329 2368 2324 2332
f 330 2369 331 2361
f 330 2364 2370 2369
f 331 2369 2371 2331
f 332 2322 2372 2373
f 332 2359 2323 2322
f 332 2373 2374 2359
f 333 2375 2285 2284
f 333 2376 2377 2375
f 333 2378 2379 2376
f 334 2380 2381 2382
f 334 2382 2383 2384
f 334 2384 2385 2380
f 335 341 2386 2387
f 335 2388 2389 2390
f 335 2390 2391 2392
f 335 2392 2393 341
f 336 2394 2395 2396
f 336 2396 2397 2338
f 336 2341 2398 2399
f 336 2399 348 2394
f 337 2395 2394 2400
f 337 2400 2402 2403
f 337 2403 2404 338
f 338 2404 2408 2405
f 338 2407 2409 2401
f 339 2410 2411 2412
f 339 2413 348 2414
f 339 2412 2415 2413
f 339 2414 2416 2410
f 340 839 2417 2418
f 340 2418 2419 2420
f 340 2420 2421 842
f 341 2393 2422 2386
f 342 2423 2424 2425
f 342 2426 2427 2423
f 342 2425 2428 2426
f 343 2429 2430 2431
f 343 2431 2432 2433
f 343 2433 2434 2429
f 344 2430 2435 2436
f 344 2437 2431 2430
f 344 2436 2438 2437
f 325 2439 2440 2441
f 325 2343 2442 2439
f 325 2441 2443 2344
f 345 2444 2445 2446
f 345 2447 2448 2444
f 345 2446 2449 2450
f 345 2450 2355 2451
f 345 2451 346 2447
f 346 2426 2428 2447
f 346 2451 2427 2426
f 347 2335 2334 2350
f 347 2354 2336 2335
f 348 2399 2452 2453
f 348 2413 2400 2394
f 349 819 831 2454
f 349 2455 820 819
f 349 2454 2442 2455
f 350 2456 2457 1055
f 350 847 846 2458
f 350 2458 2459 2456
f 351 2460 2461 2462
f 351 2462 2463 2464
f 351 2464 2465 2460
f 352 2466 2467 2468
f 352 2468 2469 2470
f 352 2470 2471 2466
f 353 2472 2473 2474
f 353 2474 2475 354
f 353 354 2476 355
f 353 2477 2478 2472
f 354 2475 2479 2480
f 354 2480 2481 2482
f 354 2482 2483 2476
f 355 2484 2485 2486
f 355 2486 2487 353
f 355 361 2488 2484
f 356 2489 2490 2491
f 356 2492 2493 2489
f 356 2491 2494 2495
f 356 2495 2496 2492
f 353 2487 2497 2477
f 355 2476 2498 2499
f 355 2499 2500 361
f 357 2501 2502 2179
f 359 1698 1699 2503
f 359 2503 2504 2505
f 359 2505 2506 2149
f 360 1739 2507 2508
f 360 2508 2504 2503
f 360 2503 1699 1739
f 361 2500 2509 2488
f 362 2512 2483 2461
f 362 2513 2514 2512
f 362 2461 2460 2513
f 363 2515 2516 2517
f 363 2518 2519 2515
f 363 2520 2521 2518
f 363 2517 2522 2520
f 364 2523 2524 2525
f 364 2525 2526 2527
f 364 2528 2529 2523
f 364 2530 2531 2528
f 364 2527 2532 2530
f 365 2533 2534 2535
f 365 2536 2537 2538
f 365 2535 2539 2536
f 365 2538 2540 2541
f 366 2542 2543 2544
f 366 2544 2545 2546
f 366 2546 2547 2542
f 367 2548 2549 2550
f 367 2550 2551 2552
f 367 2552 2553 2554
f 367 2555 2556 2548
f 368 2557 2558 2559
f 368 2559 2560 2561
f 368 2561 2562 2557
f 369 2563 2564 2565
f 369 2565 2566 2567
f 369 2568 2569 2563
f 370 2570 2571 2572
f 370 2573 2574 2570
f 370 371 2575 2573
f 370 2572 2576 371
f 371 2577 372 2578
f 371 2576 2579 2577
f 371 2578 2580 2575
f 372 2581 2582 2578
f 372 2577 2583 2581
f 373 2584 2585 2586
f 373 2586 374 2587
f 373 2587 2588 2584
f 374 2589 2590 2591
f 374 2591 2592 2587
f 375 2593 2594 2595
f 375 2595 2596 2597
f 375 2597 2598 2599
f 375 2599 2600 2601
f 375 2601 2602 2593
f 376 2603 2604 2605
f 376 2606 2607 2603
f 376 2608 2609 2606
f 376 2610 2611 2608
f 376 2605 2612 2610
f 377 2613 2614 2615
f 377 2615 2616 2604
f 377 2604 2603 2613
f 378 2617 2618 2619
f 378 2620 2621 2617
f 378 2619 2622 2623
f 378 2624 2625 2620
f 378 2623 2626 2624
f 379 2627 2628 2629
f 379 2630 2631 2627
f 379 2632 2633 2630
f 379 2634 2635 2632
f 379 2629 2636 2634
f 380 2637 2638 2639
f 380 2640 2641 2642
f 380 2642 2643 2637
f 381 2644 2645 2646
f 381 2646 2647 2648
f 381 2648 2649 2650
f 382 2651 2652 395
f 382 2653 2654 2651
f 382 395 2655 2653
f 383 2658 2659 419
f 383 2656 2660 2661
f 383 2661 2662 2658
f 384 434 2663 2664
f 384 2664 2665 2666
f 384 2666 2667 434
f 385 2668 2669 2670
f 385 2671 2672 2668
f 385 2670 2673 2674
f 385 2674 2675 2676
f 385 2676 2677 2671
f 386 2678 2679 2680
f 386 2681 2682 2678
f 386 2680 2683 2684
f 387 2685 2686 2687
f 387 2687 2688 2689
f 387 2689 2690 2685
f 381 2650 2691 2644
f 388 2692 2693 2694
f 388 2695 2696 2692
f 388 2697 2698 2695
f 389 2699 2700 2701
f 389 2702 2703 2699
f 389 2704 2705 2702
f 390 2693 2706 2707
f 390 2708 2694 2693
f 390 2707 2709 2708
f 391 2710 2711 2712
f 391 2713 2714 2710
f 391 2712 392 394
f 391 394 2715 2716
f 392 2717 2718 2719
f 392 2719 2720 2721
f 392 2721 2715 394
f 392 2722 2723 2717
f 393 2655 395 2725
f 393 2554 2553 2655
f 393 2725 2726 2554
f 395 2652 2727 2728
f 395 2728 2729 2725
f 396 2730 2731 2732
f 396 2733 2734 2730
f 396 2732 2735 2736
f 396 2736 2737 2738
f 397 2739 2740 2741
f 397 2741 2742 2743
f 397 2744 2745 2739
f 2746 2747 2748 2749
f 2753 2754 2755 2756
f 2751 2752 2753 2756
f 398 2758 2759 2760
f 398 2761 2762 2758
f 398 2763 2764 2761
f 398 399 2765 2763
f 398 2760 400 399
f 399 400 2766 2765
f 400 2767 2768 2766
f 400 2760 2769 2770
f 400 2770 2771 2767
f 401 2772 2773 2774
f 401 2774 2775 2776
f 401 2776 2777 2772
f 402 2778 2779 2780
f 402 2781 2782 2778
f 403 2783 2784 2785
f 403 2779 2778 2783
f 403 2785 2786 2779
f 404 2787 2788 2789
f 404 2790 2791 2792
f 404 2792 2793 2794
f 404 2794 2795 2787
f 404 2789 2796 2790
f 405 2797 2798 2799
f 405 2799 2800 2801
f 406 389 2701 2802
f 406 412 2803 2804
f 406 2804 2704 389
f 407 2805 2806 2807
f 407 408 2808 2805
f 407 2807 2809 408
f 405 2801 2810 2811
f 405 2811 2808 2797
f 408 2812 2797 2808
f 408 2813 2814 2812
f 409 2814 2813 2815
f 409 2815 411 2816
f 409 2816 2817 2814
f 410 2818 2819 2820
f 410 2821 2822 2818
f 410 2823 2824 2821
f 410 2820 2825 2826
f 410 2826 2827 2823
f 411 2815 2809 2807
f 411 2828 2824 2816
f 411 2803 412 2828
f 411 2807 2806 2803
f 412 406 2829 2828
f 413 2830 2831 2832
f 413 2833 2834 2835
f 413 2832 415 2833
f 414 2836 2837 2838
f 414 2838 2839 2840
f 414 2840 2771 2836
f 415 2841 2842 2833
f 415 2832 2843 2841
f 416 2844 2845 2846
f 416 2847 2848 2844
f 416 2846 2849 2847
f 417 2753 2850 2851
f 417 2852 2754 2753
f 417 2851 2853 2852
f 2856 2857 2858 2859
f 418 2861 2862 2863
f 418 2863 2864 2860
f 418 2860 2865 2861
f 419 2866 2867 2657
f 419 2659 2868 2858
f 419 2858 2857 2866
f 420 2869 2870 2871
f 420 2873 2874 2869
f 420 2872 2875 2873
f 421 2876 423 2877
f 421 2878 2879 2876
f 421 2877 2880 2878
f 422 2881 2882 2883
f 422 2883 2884 2885
f 422 2885 2886 2887
f 422 2720 2719 2881
f 422 2887 2888 2720
f 423 2876 2889 2890
f 423 2890 2891 2892
f 423 2892 2893 2894
f 423 2894 2895 2877
f 424 2896 2897 2898
f 424 2899 2900 2896
f 424 430 2901 2899
f 425 2902 2903 2904
f 425 2904 2905 2906
f 425 2906 2907 2908
f 425 426 2909 2902
f 426 2910 2911 2912
f 426 2912 2913 2914
f 426 2915 2916 2909
f 427 2917 2911 2910
f 427 2918 2919 2917
f 427 2910 2908 2918
f 428 2911 2917 2920
f 428 2920 2921 2922
f 428 2922 2912 2911
f 429 2923 2924 2925
f 429 2926 2927 2923
f 429 2925 2928 2926
f 430 424 2929 2930
f 430 2906 2905 2901
f 426 425 2908 2910
f 431 2931 2932 2933
f 431 2934 2935 2931
f 431 2933 2936 2934
f 432 2937 2938 2939
f 432 433 2940 2937
f 432 2939 2941 433
f 433 2942 2943 2944
f 433 2941 2945 2942
f 433 2944 2946 2940
f 434 2626 2623 2947
f 434 2947 2948 2663
f 434 2667 2949 2626
f 435 2950 2951 2952
f 435 2953 2954 2955
f 435 2952 2956 2953
f 436 2957 2958 2959
f 436 2960 2961 2957
f 436 2959 2962 2960
f 437 2963 2964 2965
f 437 2966 2967 2963
f 437 2965 2968 2969
f 437 2969 2970 2971
f 437 2971 2972 2966
f 438 2973 2974 2975
f 438 2975 2976 2977
f 438 2977 2978 2973
f 439 2979 2980 2981
f 439 2018 2982 2979
f 439 2981 2983 2984
f 439 2984 2985 2019
f 440 2986 2987 2988
f 440 2988 2989 2990
f 440 2991 441 2986
f 441 2992 2993 2986
f 441 2991 2994 2992
f 442 2007 443 2995
f 442 2995 2996 2997
f 442 2997 2002 2007
f 443 2998 2999 3000
f 443 2007 2006 2998
f 443 3000 3001 3002
f 443 3002 3003 2995
f 444 3004 3005 445
f 444 445 3006 3007
f 444 3008 446 3004
f 445 3005 3009 3006
f 446 3010 3011 3004
f 446 3008 3012 3010
f 447 3013 3014 3015
f 447 3015 3012 3008
f 447 3008 444 449
f 448 3013 447 449
f 448 3016 3017 3013
f 448 449 3018 3016
f 449 444 3007 3019
f 450 3020 455 3021
f 450 452 3022 3023
f 450 3024 3025 3020
f 450 3023 3026 3024
f 450 3021 3027 452
f 451 3028 452 3027
f 451 3029 3030 3028
f 451 3027 3031 3029
f 452 3032 3033 3022
f 452 3028 3034 3032
f 453 3035 3030 3029
f 453 3029 3031 3036
f 453 3036 3037 3035
f 454 3038 455 3020
f 454 3039 3040 3038
f 454 3020 3025 3039
f 455 3038 3041 3021
f 456 3042 3043 1950
f 456 1949 3044 3042
f 457 3045 3046 3047
f 457 3048 3049 3045
f 457 3050 3051 3048
f 458 3052 3053 3054
f 458 3055 3056 3052
f 458 3054 3057 3055
f 459 3058 3059 3060
f 459 3060 3061 3062
f 459 3062 3063 3058
f 460 3064 3065 3066
f 460 3067 3068 3064
f 460 3066 461 3069
f 460 3070 3071 3067
f 460 3069 3072 3070
f 461 3073 3074 3069
f 461 3066 3075 3073
f 462 3076 3077 3078
f 462 3079 3080 3076
f 462 3081 3082 3079
f 463 3084 467 3085
f 463 3086 3087 3084
f 463 3088 3089 3086
f 463 3085 3090 3091
f 463 3091 3092 3088
f 464 3093 3094 3095
f 464 3095 3096 3097
f 464 3097 3098 3093
f 465 3099 3100 3101
f 465 3102 467 3099
f 465 3101 3103 3102
f 466 3104 3105 3106
f 466 3106 3107 3108
f 466 3108 3109 3104
f 467 3084 3110 3099
f 467 3102 3111 3112
f 467 3112 3113 3085
f 468 3114 3115 3116
f 468 3116 3117 3118
f 468 3118 3119 3120
f 468 3120 3121 3122
f 468 3122 3123 3114
f 469 3124 3125 3126
f 469 3127 3128 3124
f 469 3126 3129 3127
f 470 3130 3131 471
f 470 3127 3129 3130
f 470 471 3132 3133
f 470 3133 3134 472
f 470 472 3128 3127
f 471 3131 3135 3132
f 472 3134 3136 3137
f 472 3137 3138 3139
f 472 3139 3140 3128
f 473 3141 3142 3143
f 473 3144 3145 3141
f 473 3143 3146 474
f 474 3147 3148 473
f 474 3146 3149 3147
f 475 3150 3151 3152
f 475 3152 3153 3154
f 475 3154 3155 3150
f 476 1806 3156 1803
f 477 3157 3158 3159
f 477 3160 3161 3157
f 477 3159 3162 478
f 478 3162 3163 3164
f 478 3164 3165 477
f 479 480 3166 3167
f 484 482 480 479
f 3168 3169 3170 484
f 479 3167 3168 484
f 480 482 3171 3166
f 481 3172 483 3173
f 481 3173 3174 3175
f 481 3175 3176 3177
f 481 3177 3178 3179
f 481 3179 3180 3172
f 483 3172 3181 3182
f 483 3182 3183 3173
f 484 3170 3184 482
f 485 3185 3186 3187
f 485 3187 3188 3189
f 485 3189 3190 3191
f 485 3191 486 3185
f 486 3192 3193 3185
f 486 3191 3194 3192
f 487 3000 2999 3195
f 487 3196 3001 3000
f 487 3197 3198 3196
f 487 3199 3200 3197
f 487 3201 3202 3199
f 488 3203 3204 3205
f 488 3205 3206 3207
f 488 3208 3209 3203
f 488 3210 3211 3208
f 488 3207 3212 3210
f 489 3203 3209 3217
f 489 3217 3218 3219
f 489 3219 3213 3216
f 489 3216 3220 3221
f 489 3221 3204 3203
f 490 3222 3223 3224
f 490 3225 3226 3227
f 490 3227 3228 3222
f 490 3224 3229 3230
f 490 3230 494 3225
f 491 3231 492 3232
f 491 3232 3233 3234
f 491 3234 3235 3231
f 492 3236 3237 3238
f 492 3231 3228 3239
f 492 3239 493 3236
f 493 3240 3241 3236
f 493 3242 3243 3244
f 493 3244 3245 3240
f 493 3239 3246 3242
f 494 3230 3247 3248
f 494 3248 3249 3225
f 495 3250 3242 3246
f 495 3226 3251 3250
f 495 3246 3227 3226
f 496 3252 3253 3254
f 496 3255 497 3256
f 496 3256 3257 3252
f 497 3258 3259 3256
f 497 3255 3260 3258
f 498 3261 3262 3263
f 498 3264 3265 3261
f 498 3263 3266 3264
f 499 3267 3268 3269
f 499 3270 3271 3267
f 499 3269 3272 3270
f 3273 3274 500 3275
f 500 3274 3269 3268
f 500 3276 3277 3275
f 500 3278 3279 3276
f 500 3268 3262 3278
f 501 3280 3281 3282
f 501 3283 3258 3260
f 501 3284 3285 3280
f 501 3260 3286 3284
f 502 3287 3288 3289
f 502 3289 3290 3291
f 502 3291 3292 3287
f 503 3293 3294 3295
f 503 3295 504 3296
f 503 3297 3298 3293
f 503 3296 3299 3300
f 503 3300 3301 3297
f 504 3295 3302 3303
f 504 3303 3304 3296
f 505 3305 3306 3307
f 505 3307 3308 3309
f 505 3309 3310 3305
f 506 3311 3312 3313
f 506 3314 3315 3311
f 506 3313 3316 3317
f 506 3317 3309 3308
f 506 3308 3318 3314
f 507 3319 3320 3321
f 507 3321 3322 3323
f 507 3323 509 3319
f 508 3324 3325 3326
f 508 3327 3328 3329
f 508 3326 3330 3327
f 509 3331 3332 3319
f 509 3333 3334 3331
f 510 3335 3336 3337
f 510 3338 3339 3340
f 510 3341 3342 3338
f 510 3337 3343 3341
f 510 3340 3344 3335
f 509 3323 3324 3333
f 511 3345 3346 3347
f 511 3347 3348 3349
f 511 3349 3320 3345
f 512 3350 513 3351
f 512 3352 3353 3354
f 512 3354 3355 3350
f 513 3356 3357 3351
f 513 3350 3358 3356
f 514 3362 3363 3359
f 514 3361 515 3364
f 514 3364 3365 3362
f 515 3366 3367 3364
f 515 3361 3368 3366
f 516 3369 3370 3371
f 516 3371 3372 3373
f 516 3373 3374 3369
f 517 3375 3376 3377
f 517 3378 3379 3380
f 517 3380 3381 3375
f 517 3382 3383 3378
f 517 3377 3384 3382
f 518 3385 3386 3387
f 518 3387 3388 3389
f 518 3389 3390 3385
f 519 3391 3392 3393
f 519 3393 3394 3395
f 519 3395 3396 3397
f 520 3398 3399 3400
f 520 3401 3402 3398
f 520 3400 3403 3401
f 521 3404 3405 3406
f 521 3406 3407 3408
f 521 3408 3409 3404
f 522 3410 3411 1303
f 522 1303 1302 3412
f 522 3412 3413 3410
f 523 3414 3415 3416
f 523 3416 3417 3418
f 523 3418 3419 3414
f 524 3420 3421 3422
f 524 3423 3424 3420
f 524 3422 3425 3423
f 525 3421 3420 3426
f 525 3427 3428 3421
f 525 532 3429 3427
f 525 3426 3430 3431
f 525 3431 3432 532
f 526 3433 535 3434
f 526 3435 3436 3433
f 526 3437 3438 3435
f 526 3439 3440 3437
f 526 3434 528 3439
f 527 3441 3442 3443
f 527 528 3444 3441
f 527 3443 3439 528
f 528 3445 3446 3444
f 528 3434 3447 3445
f 529 3448 3449 3450
f 529 3450 3451 3452
f 529 3452 3453 3425
f 529 3454 3455 3448
f 529 3425 3422 3454
f 530 1299 1303 3411
f 530 3456 1300 1299
f 530 3411 3457 3456
f 531 3458 3459 3460
f 531 3461 3462 3458
f 531 3460 3410 3413
f 532 3432 3463 3429
f 533 3466 3467 3468
f 533 3468 3469 3464
f 533 3470 3471 3472
f 533 3472 3473 3466
f 534 3474 3475 3476
f 534 3477 3478 3474
f 534 3476 3479 3477
f 535 3433 3480 536
f 535 536 3447 3434
f 536 3481 3482 3447
f 536 3483 3484 3481
f 536 3480 3485 3483
f 537 3486 3487 3488
f 537 3489 538 3486
f 537 3488 3490 540
f 538 3491 539 3486
f 538 3489 3492 3491
f 539 3493 3487 3486
f 539 3491 3494 3493
f 540 3495 3496 3497
f 541 3498 3499 3500
f 541 3500 3501 3502
f 541 3502 3503 3498
f 542 3504 565 3505
f 542 3506 3507 3508
f 542 3509 3510 3506
f 542 3505 3511 3509
f 543 3512 3513 3514
f 543 3515 3516 3512
f 543 3514 3517 3518
f 543 3518 3519 3515
f 544 3520 3521 3522
f 544 3523 3524 3520
f 544 3525 3526 3527
f 544 3527 3528 3523
f 545 3529 3530 3531
f 545 3531 3532 3533
f 545 3533 3534 3529
f 546 3522 3521 3535
f 546 3536 3537 3538
f 546 3539 3540 3522
f 546 3538 3541 3539
f 546 3535 3542 3536
f 547 3543 3544 560
f 547 3545 3546 3543
f 547 3547 3548 3545
f 548 3550 3551 3552
f 548 3553 3554 3550
f 548 3555 3556 3553
f 549 3557 3558 3559
f 549 3560 3561 3557
f 549 3559 3509 3511
f 549 3562 3563 3560
f 550 3564 3565 3566
f 550 3537 3536 3564
f 550 3567 3568 3569
f 550 3569 3570 3537
f 550 3566 3571 3567
f 551 3572 3573 3574
f 551 3575 3576 3572
f 551 3574 3577 3575
f 552 3578 3579 3580
f 552 3580 3581 3582
f 552 3582 3583 3584
f 553 3585 3586 3587
f 553 3588 3589 3585
f 553 3587 3590 3588
f 554 3591 3592 3593
f 554 3593 3594 572
f 554 572 3595 3591
f 555 3596 3597 3568
f 555 3598 3599 3596
f 555 3600 3601 3598
f 555 3602 3603 3600
f 556 557 3608 3609
f 556 3610 3611 3612
f 556 3612 3613 557
f 557 3614 3615 3608
f 557 3616 3617 3614
f 557 3613 3618 3616
f 558 3619 3620 3621
f 558 3622 3623 3619
f 558 3621 3624 3622
f 559 3625 3595 3626
f 559 3626 3627 3628
f 559 3628 3629 3625
f 560 3544 3630 3631
f 561 3632 3633 3634
f 561 3635 3636 3632
f 561 3634 3637 3635
f 562 3638 3639 3640
f 562 3608 3615 3638
f 562 3640 3609 3608
f 563 3641 3642 3643
f 563 3644 3645 3641
f 563 3646 3647 3648
f 563 3648 3649 3644
f 563 3643 3650 3646
f 564 3651 3652 3653
f 564 3653 3654 3655
f 564 3655 3656 3657
f 564 3657 3658 3659
f 564 3659 3660 3651
f 565 3504 3661 3662
f 565 3662 3663 3505
f 566 3664 3665 3666
f 566 3666 3667 3668
f 566 3668 3669 3664
f 567 3670 3663 3662
f 567 568 3671 3672
f 567 3672 3673 3670
f 567 3674 3675 568
f 567 3662 3661 3674
f 568 3675 3676 3671
f 569 3677 3678 3679
f 569 3679 3680 3681
f 569 3681 3682 3677
f 570 3683 3684 3685
f 570 3686 3687 3683
f 570 3688 3689 3690
f 570 3685 3691 3688
f 570 3690 3692 3686
f 571 3696 3697 3698
f 571 3698 3699 3700
f 571 3700 3701 3696
f 572 3594 3702 3703
f 572 3703 3704 3705
f 572 3706 3626 3595
f 3708 3709 3710 573
f 573 3712 3713 3711
f 573 3710 3714 3712
f 574 3715 3716 3717
f 574 3718 3719 3715
f 574 3717 3720 3721
f 575 3726 3727 3728
f 575 3728 3729 3730
f 575 3730 3731 3732
f 575 3732 3733 3734
f 575 3734 3735 3726
f 576 3737 3738 3739
f 576 3739 3740 3741
f 576 3742 3743 3737
f 576 3741 3744 3745
f 576 3745 3746 3742
f 577 578 3747 3748
f 577 3748 3705 3704
f 577 3704 3749 3750
f 577 3750 3751 3752
f 577 3752 3753 3754
f 577 3754 579 578
f 578 579 3755 3747
f 579 3754 3756 3757
f 580 3758 3759 3760
f 580 3760 3761 3762
f 580 3762 3763 3758
f 581 3764 3765 3766
f 581 3767 3768 3769
f 581 3769 3770 3764
f 582 3771 3772 3773
f 582 3774 3775 3771
f 582 3773 3776 3774
f 583 3772 3771 3777
f 583 3778 3779 3780
f 583 3777 3781 3782
f 583 3782 3783 3778
f 583 3780 3784 3772
f 572 3705 3785 3706
f 584 3786 3787 3788
f 584 3788 3789 3790
f 584 3790 3791 3786
f 585 3792 3793 3794
f 585 3795 3796 3792
f 585 3794 3797 3795
f 586 3798 3799 3800
f 586 3801 3802 3798
f 586 3803 3804 3801
f 586 3800 3805 3806
f 586 3806 3807 3803
f 587 3808 3809 3810
f 587 3810 3811 3812
f 588 3810 3809 3813
f 588 3813 589 3814
f 588 3814 3815 3816
f 588 3816 3811 3810
f 589 3817 3792 3796
f 589 3813 3818 3817
f 589 3796 3819 3820
f 589 3820 3821 3814
f 590 3822 3823 3824
f 590 3825 3826 3827
f 590 3824 3828 3825
f 591 3829 3830 3831
f 591 3832 3833 3829
f 591 3831 3834 3832
f 592 3835 3836 3837
f 592 3838 3839 3835
f 592 3837 3832 3834
f 593 3841 3842 3843
f 593 3843 3828 3844
f 593 3844 603 3841
f 594 3841 603 3845
f 594 3845 604 3846
f 594 3846 3847 3848
f 594 3848 602 3849
f 594 3849 3842 3841
f 595 3850 3826 3825
f 595 3825 3828 3843
f 595 3851 3852 3850
f 595 3853 3836 3851
f 595 3843 3842 3853
f 596 3854 3855 3856
f 596 3856 3857 3858
f 596 3858 3859 3860
f 596 3861 3862 3854
f 596 3860 3863 3861
f 597 3864 598 599
f 597 3865 3866 3867
f 597 3867 3868 3864
f 597 599 3869 3870
f 597 3870 3871 3865
f 598 3864 3854 3862
f 598 3872 3873 599
f 599 3874 600 3869
f 599 3873 3875 3874
f 600 603 3877 3869
f 600 3876 3878 601
f 601 3878 3879 3880
f 601 3880 3881 3882
f 601 3882 604 3845
f 602 3883 3829 3833
f 602 3833 3884 3849
f 603 3844 3885 3877
f 604 3886 3887 3846
f 604 3888 3889 3886
f 604 3882 3890 3888
f 605 3891 3892 610
f 605 3893 3894 3891
f 605 610 3895 3893
f 606 3896 3897 3898
f 606 3898 3899 3900
f 606 3900 3901 3896
f 607 3902 3903 3904
f 607 3905 3906 3902
f 607 3904 3907 3905
f 608 3908 3909 3910
f 608 3911 3912 3908
f 608 3910 3913 3911
f 609 3914 3915 3901
f 609 3901 3900 3916
f 609 3916 3909 3914
f 611 3921 3922 3923
f 611 3875 3873 3921
f 611 3923 3924 3925
f 611 3878 3876 3875
f 611 3925 3879 3878
f 612 3923 3922 3926
f 612 3926 3927 3928
f 612 3929 3924 3923
f 613 3930 3931 3932
f 613 3932 3933 3934
f 613 3934 3935 3930
f 614 3936 3937 3938
f 614 3939 3940 3936
f 614 3938 3941 3939
f 3945 3946 3947 3942
f 3945 3944 3948 3949
f 3945 3949 3950 3946
f 3950 3951 3952 3946
f 3950 3949 3934 3933
f 3950 3933 3953 3951
f 3953 3954 3955 3951
f 3953 3933 3932 3956
f 3953 3956 3957 3954
f 3957 3958 3959 3954
f 3957 3956 3960 3961
f 3957 3961 3962 3958
f 3962 598 3862 3958
f 3962 3961 3963 3964
f 3962 3964 3872 598
f 3964 3963 3965 3966
f 3964 3966 3967 3872
f 3967 3921 3873 3872
f 3967 3966 3968 3969
f 3967 3969 3922 3921
f 3969 3968 3970 3971
f 3969 3971 3926 3922
f 3971 3970 3972 3973
f 3971 3973 3927 3926
f 3973 3972 3974 3975
f 3973 3975 3976 3927
f 3976 3977 3928 3927
f 3976 3975 3978 3979
f 3976 3979 3980 3977
f 3980 3981 3982 3977
f 3980 3979 3983 3984
f 3980 3984 3985 3981
f 3985 3986 3987 3981
f 3985 3984 3859 3988
f 3985 3988 3989 3986
f 3989 3990 3991 3986
f 3989 3988 3992 3993
f 3989 3993 3994 3990
f 3994 3995 3996 3990
f 3994 3993 3997 3998
f 3994 3998 3999 3995
f 3999 4000 4001 3995
f 3999 3998 4002 4003
f 3999 4003 4004 4000
f 4004 4005 4006 4000
f 4004 4003 4007 4008
f 4004 4008 4009 4005
f 4009 4010 4011 4005
f 4009 4008 4012 4013
f 4009 4013 4014 4010
f 4014 2825 4015 4010
f 4014 4013 4016 4017
f 4014 4017 2826 2825
f 4017 4016 4018 4019
f 4017 4019 2827 2826
f 4019 4018 2799 2798
f 4019 2798 4020 2827
f 4020 2817 2823 2827
f 4020 2798 2797 2812
f 4020 2812 2814 2817
f 4018 4016 4021 4022
f 4018 4022 2800 2799
f 4022 4021 4023 4024
f 4022 4024 4025 2800
f 4025 4024 4026 4027
f 4025 4027 4028 4029
f 4025 4029 2801 2800
f 4029 4028 4030 4031
f 4029 4031 2810 2801
f 4031 4030 4032 4033
f 4031 4033 4034 2810
f 4034 4035 2811 2810
f 4034 4033 4036 4037
f 4034 4037 4038 4035
f 4038 2806 2805 4035
f 4038 4037 2704 2804
f 4038 2804 2803 2806
f 4037 4036 2705 2704
f 4036 4033 4032 4039
f 4036 4039 4040 2705
f 4040 4039 4041 4042
f 4040 4042 4043 4044
f 4040 4044 2702 2705
f 4044 4043 4045 4046
f 4044 4046 2703 2702
f 4046 4045 4047 4048
f 4046 4048 4049 2703
f 4049 4050 2699 2703
f 4049 4048 4051 4052
f 4049 4052 4053 4050
f 4053 4054 4055 4050
f 4053 4052 4056 4057
f 4053 4057 4058 4054
f 4058 4059 4060 4054
f 4058 4057 4061 4062
f 4058 4062 4063 4059
f 4063 873 4064 4059
f 4063 4062 4065 4066
f 4063 4066 874 873
f 4066 4065 4067 4068
f 4066 4068 875 874
f 4068 4067 4069 4070
f 4068 4070 4071 875
f 4071 4070 4072 4073
f 4071 4073 4074 4075
f 4071 4075 866 875
f 4075 4074 4076 4077
f 4075 4077 867 866
f 4077 4076 4078 4079
f 4077 4079 4080 867
f 4080 4081 868 867
f 4080 4079 4082 4083
f 4080 4083 4084 4081
f 4084 4085 4086 4081
f 4084 4083 4087 4088
f 4084 4088 4089 4085
f 4089 4090 4091 4085
f 4089 4088 4092 4093
f 4089 4093 4094 4090
f 4094 2536 2539 4090
f 4094 4093 4095 4096
f 4094 4096 2537 2536
f 4096 4095 4097 4098
f 4096 4098 4099 2537
f 4099 4100 2538 2537
f 4099 4098 4101 4102
f 4099 4102 4103 4100
f 4103 4104 4105 4100
f 4103 4102 2679 2678
f 4103 2678 2682 4104
f 4105 4106 4107 2540
f 4105 2540 2538 4100
f 4105 4104 4108 4106
f 4108 4109 4110 4106
f 4108 4104 2682 4111
f 4108 4111 4112 4109
f 4112 4113 4114 4109
f 4112 4111 4115 4116
f 4112 4116 4117 4113
f 4117 4118 4119 4113
f 4117 4116 4120 4121
f 4117 4121 4122 4118
f 4122 4123 4124 4118
f 4122 4121 4125 4126
f 4122 4126 4127 4123
f 4127 4128 4129 4123
f 4127 4126 4130 4131
f 4127 4131 4132 4128
f 4132 2640 4133 4128
f 4132 4131 4134 4135
f 4132 4135 2641 2640
f 4135 4134 4136 2645
f 4135 2645 2644 2641
f 4136 4134 4137 4138
f 4136 4138 4139 4140
f 4136 4140 2646 2645
f 4140 4139 4141 4142
f 4140 4142 2647 2646
f 4142 4141 4143 4144
f 4142 4144 4145 2647
f 4145 4146 2648 2647
f 4145 4144 4147 4148
f 4145 4148 2686 4146
f 4148 4147 4149 4150
f 4148 4150 2687 2686
f 4150 4149 4151 4152
f 4150 4152 2688 2687
f 4152 4151 4153 4154
f 4152 4154 4155 2688
f 4155 4156 2689 2688
f 4155 4154 4157 2727
f 4155 2727 2652 4156
f 4157 4154 4153 2759
f 4157 2759 2758 4158
f 4157 4158 2728 2727
f 4158 2758 2762 4159
f 4158 4159 2729 2728
f 4159 2762 4160 4161
f 4159 4161 4162 2729
f 4162 2726 2725 2729
f 4162 4161 4163 4164
f 4162 4164 2555 2726
f 4164 4163 4165 4166
f 4164 4166 2556 2555
f 4166 4165 4167 4168
f 4166 4168 4169 2556
f 4169 4170 2548 2556
f 4169 4168 4171 4172
f 4169 4172 4173 4170
f 4173 4174 4175 4170
f 4173 4172 4176 4177
f 4173 4177 4178 4174
f 4178 4179 4180 4174
f 4178 4177 4181 4182
f 4178 4182 4183 4179
f 4183 4184 4185 4179
f 4183 4182 4186 4187
f 4183 4187 4188 4184
f 4188 4189 4190 4184
f 4188 4187 4191 4192
f 4188 4192 4193 4189
f 4193 4194 4195 4189
f 4193 4192 4196 4197
f 4193 4197 4198 4194
f 4198 4199 4200 4194
f 4198 4197 4201 4202
f 4198 4202 4203 4199
f 4203 4204 4205 4199
f 4203 4202 4206 4207
f 4203 4207 4208 4204
f 4208 4209 4210 4204
f 4208 4207 4211 4212
f 4208 4212 4213 4209
f 4213 4214 4215 4209
f 4213 4212 4216 4217
f 4213 4217 4218 4214
f 4218 4219 4220 4214
f 4218 4217 4221 4222
f 4218 4222 4223 4219
f 4223 4224 4225 4219
f 4223 4222 4226 4227
f 4223 4227 4228 4224
f 4228 4229 4230 4224
f 4228 4227 2515 2519
f 4228 2519 4231 4229
f 4231 4232 4233 4229
f 4231 2519 2518 4234
f 4231 4234 4235 4232
f 4235 4236 4237 4232
f 4235 4234 4238 4239
f 4235 4239 4240 4236
f 4240 4241 4242 4236
f 4240 4239 4243 4244
f 4240 4244 4245 4241
f 4245 4246 4247 4241
f 4245 4244 4248 4249
f 4245 4249 4250 4246
f 4250 4251 4252 4246
f 4250 4249 4253 4254
f 4250 4254 4255 4251
f 4255 4256 4257 4251
f 4255 4254 4258 4259
f 4255 4259 4260 4256
f 4260 4261 4262 4256
f 4260 4259 4263 4264
f 4260 4264 4265 4261
f 4265 4266 3755 4261
f 4265 4264 4267 4268
f 4265 4268 4269 4266
f 4269 4270 4271 4266
f 4269 4268 4272 4273
f 4269 4273 4274 4270
f 4274 4275 4276 4270
f 4274 4273 4277 4278
f 4274 4278 4279 4275
f 4279 4280 4281 4275
f 4279 4278 4282 4283
f 4279 4283 4284 4280
f 4284 4285 4286 4280
f 4284 4283 4287 4288
f 4284 4288 4289 4285
f 4289 4290 4291 4285
f 4289 4288 4292 4293
f 4289 4293 4294 4290
f 4294 3547 3549 4290
f 4294 4293 4295 4296
f 4294 4296 3548 3547
f 4296 4295 4297 4298
f 4296 4298 4299 3548
f 4299 4300 3545 3548
f 4299 4298 4301 4302
f 4299 4302 4303 4300
f 4303 4304 4305 4300
f 4303 4302 4306 4307
f 4303 4307 4308 4304
f 4308 4309 4310 4304
f 4308 4307 4311 4312
f 4308 4312 4313 4309
f 4313 4314 3526 4309
f 4313 4312 4315 4316
f 4313 4316 4317 4314
f 4317 4318 4319 4314
f 4317 4316 3551 3550
f 4317 3550 3554 4318
f 4319 4320 3528 3527
f 4319 3527 3526 4314
f 4319 4318 4321 4320
f 4321 4318 3554 4322
f 4321 4322 4323 4324
f 4321 4324 4325 4320
f 4325 4326 3528 4320
f 4325 4324 4327 4328
f 4325 4328 4329 4326
f 4329 4330 4331 4326
f 4329 4328 4332 4333
f 4329 4333 4334 4330
f 4334 4335 4336 4330
f 4334 4333 4337 4338
f 4334 4338 4339 4335
f 4339 4340 4341 4335
f 4339 4338 4342 4343
f 4339 4343 4344 4340
f 4344 4345 4346 4340
f 4344 4343 4347 4348
f 4344 4348 4349 4345
f 4349 4350 4351 4345
f 4349 4348 4352 4353
f 4349 4353 4354 4350
f 4354 4355 4356 4350
f 4354 4353 4357 4358
f 4354 4358 4359 4355
f 4359 4360 4361 4355
f 4359 4358 4362 4363
f 4359 4363 4364 4360
f 4364 4365 4366 4360
f 4364 4363 4367 4368
f 4364 4368 4369 4365
f 4369 4370 4371 4365
f 4369 4368 4372 4373
f 4369 4373 4374 4370
f 4374 4375 4376 4370
f 4374 4373 4377 4378
f 4374 4378 4379 4375
f 4379 4380 4381 4375
f 4379 4378 4382 4383
f 4379 4383 4384 4380
f 4384 4385 4386 4380
f 4384 4383 4387 4388
f 4384 4388 4389 4385
f 4389 4390 4391 4385
f 4389 4388 4392 4393
f 4389 4393 4394 4390
f 4394 4395 4396 4390
f 4394 4393 4397 4398
f 4394 4398 4399 4395
f 4399 4400 4401 4395
f 4399 4398 4402 4403
f 4399 4403 4404 4400
f 4404 4405 4406 4400
f 4404 4403 4407 4408
f 4404 4408 4409 4405
f 4409 4410 4411 4405
f 4409 4408 4412 4413
f 4409 4413 4414 4410
f 4414 4415 4416 4410
f 4414 4413 4417 4418
f 4414 4418 4419 4415
f 4419 4420 4421 4415
f 4419 4418 4422 4423
f 4419 4423 4424 4420
f 4424 4425 4426 4420
f 4424 4423 4427 4428
f 4424 4428 4429 4425
f 4429 4430 4431 4425
f 4429 4428 4432 4433
f 4429 4433 4434 4430
f 4434 4435 4436 4430
f 4434 4433 4437 4438
f 4434 4438 4439 4435
f 4439 4438 4440 4441
f 4439 4441 4442 4443
f 4439 4443 4444 4435
f 4444 4445 4446 4447
f 4444 4447 4436 4435
f 4444 4443 4448 4445
f 4448 4449 4450 4445
f 4448 4443 4442 4451
f 4448 4451 3149 4449
f 4451 4442 4452 4453
f 4451 4453 3147 3149
f 4453 4452 4454 4455
f 4453 4455 3148 3147
f 4455 4454 4456 4457
f 4455 4457 4458 3148
f 4458 4457 4459 4460
f 4458 4460 4461 3144
f 4458 3144 473 3148
f 4461 4460 4462 4463
f 4461 4463 4464 4465
f 4461 4465 3145 3144
f 4465 4464 4466 4467
f 4465 4467 4468 3145
f 4468 4467 4469 4470
f 4468 4470 4471 4472
f 4468 4472 3141 3145
f 4472 4471 4473 4474
f 4472 4474 3142 3141
f 4474 4473 4475 4476
f 4474 4476 4477 3142
f 4477 4476 4478 4479
f 4477 4479 4480 4481
f 4477 4481 3143 3142
f 4481 4480 4482 4483
f 4481 4483 3146 3143
f 4483 4482 4450 4449
f 4483 4449 3149 3146
f 4482 4480 4484 4485
f 4482 4485 4486 4450
f 4486 4485 4487 4488
f 4486 4488 4489 4446
f 4486 4446 4445 4450
f 4489 4488 4490 4491
f 4489 4491 4492 4493
f 4489 4493 4447 4446
f 4493 4492 4494 4495
f 4493 4495 4436 4447
f 4495 4494 4496 4431
f 4495 4431 4430 4436
f 4496 4494 4497 4498
f 4496 4498 4499 4426
f 4496 4426 4425 4431
f 4499 4498 4500 4501
f 4499 4501 4502 4421
f 4499 4421 4420 4426
f 4502 4501 4503 4504
f 4502 4504 4505 4416
f 4502 4416 4415 4421
f 4505 4504 4506 4507
f 4505 4507 4508 4411
f 4505 4411 4410 4416
f 4508 4507 4509 4510
f 4508 4510 4511 4406
f 4508 4406 4405 4411
f 4511 4510 4512 4513
f 4511 4513 4514 4401
f 4511 4401 4400 4406
f 4514 4513 4515 4516
f 4514 4516 4517 4396
f 4514 4396 4395 4401
f 4517 4516 4518 4519
f 4517 4519 4520 4391
f 4517 4391 4390 4396
f 4520 4519 4521 4522
f 4520 4522 4523 4386
f 4520 4386 4385 4391
f 4523 4522 4524 4525
f 4523 4525 4526 4381
f 4523 4381 4380 4386
f 4526 4525 4527 4528
f 4526 4528 4529 4376
f 4526 4376 4375 4381
f 4529 4528 4530 4531
f 4529 4531 4532 4371
f 4529 4371 4370 4376
f 4532 4531 4533 4534
f 4532 4534 4535 4366
f 4532 4366 4365 4371
f 4535 4534 4536 4537
f 4535 4537 4538 4361
f 4535 4361 4360 4366
f 4538 4537 4539 4540
f 4538 4540 4541 4356
f 4538 4356 4355 4361
f 4541 4540 4542 4543
f 4541 4543 4544 4351
f 4541 4351 4350 4356
f 4544 4543 4545 4546
f 4544 4546 4547 4346
f 4544 4346 4345 4351
f 4547 4546 3532 3531
f 4547 3531 3530 4341
f 4547 4341 4340 4346
f 4546 4545 4548 3532
f 4548 4549 4550 4551
f 4548 4551 3533 3532
f 4548 4545 4552 4549
f 4552 4553 4554 4549
f 4552 4545 4543 4542
f 4552 4542 4555 4553
f 4555 4556 4557 4553
f 4555 4542 4540 4539
f 4555 4539 4558 4556
f 4558 4559 4560 4556
f 4558 4539 4537 4536
f 4558 4536 4561 4559
f 4561 4562 4563 4559
f 4561 4536 4534 4533
f 4561 4533 4564 4562
f 4564 4565 4566 4562
f 4564 4533 4531 4530
f 4564 4530 4567 4565
f 4567 4568 4569 4565
f 4567 4530 4528 4527
f 4567 4527 4570 4568
f 4570 4571 4572 4568
f 4570 4527 4525 4524
f 4570 4524 4573 4571
f 4573 4574 4575 4571
f 4573 4524 4522 4521
f 4573 4521 4576 4574
f 4576 4577 4578 4574
f 4576 4521 4519 4518
f 4576 4518 4579 4577
f 4579 4580 4581 4577
f 4579 4518 4516 4515
f 4579 4515 4582 4580
f 4582 4583 4584 4580
f 4582 4515 4513 4512
f 4582 4512 4585 4583
f 4585 4586 4587 4583
f 4585 4512 4510 4509
f 4585 4509 4588 4586
f 4588 4589 4590 4586
f 4588 4509 4507 4506
f 4588 4506 4591 4589
f 4591 4592 4593 4589
f 4591 4506 4504 4503
f 4591 4503 4594 4592
f 4594 4595 4596 4592
f 4594 4503 4501 4500
f 4594 4500 4597 4595
f 4597 4598 4599 4595
f 4597 4500 4498 4497
f 4597 4497 4600 4598
f 4600 4601 4602 4598
f 4600 4497 4494 4492
f 4600 4492 4491 4601
f 4602 4603 4604 4605
f 4602 4605 4599 4598
f 4602 4601 4606 4603
f 4606 4607 4608 4603
f 4606 4601 4491 4490
f 4606 4490 4609 4607
f 4609 4610 4611 4607
f 4609 4490 4488 4487
f 4609 4487 4612 4610
f 4612 4613 4614 4610
f 4612 4487 4485 4484
f 4612 4484 4615 4613
f 4615 4616 4617 4613
f 4615 4484 4480 4479
f 4615 4479 4478 4616
f 4617 4618 4619 4620
f 4617 4620 4614 4613
f 4617 4616 4621 4618
f 4621 4622 4623 4618
f 4621 4616 4478 4624
f 4621 4624 4625 4622
f 4625 4626 4627 4622
f 4625 4624 4475 4628
f 4625 4628 4629 4626
f 4629 4630 4631 4626
f 4629 4628 4632 4633
f 4629 4633 4634 4630
f 4634 4635 4636 4630
f 4634 4633 4637 4638
f 4634 4638 4639 4635
f 4639 4640 4641 4635
f 4639 4638 4642 4643
f 4639 4643 4644 4640
f 4644 4645 4646 4640
f 4644 4643 4647 4648
f 4644 4648 4649 4645
f 4649 3135 3131 4645
f 4649 4648 4650 4651
f 4649 4651 4652 3135
f 4652 4651 4653 4654
f 4652 4654 4655 4656
f 4652 4656 3132 3135
f 4656 4655 4657 4658
f 4656 4658 3133 3132
f 4658 4657 4659 4660
f 4658 4660 3134 3133
f 4660 4659 4661 4662
f 4660 4662 3136 3134
f 4662 4661 4663 4664
f 4662 4664 4665 3136
f 4665 4664 3113 3112
f 4665 3112 3111 4666
f 4665 4666 3137 3136
f 4666 3111 4667 4668
f 4666 4668 3138 3137
f 4668 4667 3123 3122
f 4668 3122 3121 3138
f 4667 3111 3102 3103
f 4667 3103 4669 3123
f 4669 4670 3114 3123
f 4669 3103 3101 4671
f 4669 4671 4672 4670
f 4672 4673 4674 4675
f 4672 4675 4676 4670
f 4672 4671 4677 4673
f 4677 4678 4679 4673
f 4677 4671 3101 3100
f 4677 3100 4680 4678
f 4680 4681 4682 4678
f 4680 3100 3099 3110
f 4680 3110 4683 4681
f 4683 4684 4685 4681
f 4683 3110 3084 3087
f 4683 3087 4686 4684
f 4686 4687 4688 4684
f 4686 3087 3086 3082
f 4686 3082 3081 4687
f 4688 4689 3097 3096
f 4688 3096 4685 4684
f 4688 4687 4690 4689
f 4690 3077 4691 4689
f 4690 4687 3081 3083
f 4690 3083 3078 3077
f 4691 3077 3076 4692
f 4691 4692 4693 3098
f 4691 3098 3097 4689
f 4693 4692 4694 4695
f 4693 4695 4696 4697
f 4693 4697 3093 3098
f 4697 4696 4698 4699
f 4697 4699 3094 3093
f 4699 4698 4700 4701
f 4699 4701 4702 3094
f 4702 4701 4703 4704
f 4702 4704 4682 4705
f 4702 4705 3095 3094
f 4705 4682 4681 4685
f 4705 4685 3096 3095
f 4704 4703 4706 4679
f 4704 4679 4678 4682
f 4706 4703 4707 4708
f 4706 4708 3105 4674
f 4706 4674 4673 4679
f 4708 4707 4709 4710
f 4708 4710 3106 3105
f 4710 4709 4711 4712
f 4710 4712 3107 3106
f 4712 4711 4713 4714
f 4712 4714 4715 3107
f 4715 4714 4716 4717
f 4715 4717 4718 4719
f 4715 4719 3108 3107
f 4719 4718 4720 4721
f 4719 4721 3109 3108
f 4721 4720 3116 3115
f 4721 3115 4676 3109
f 4720 4718 4722 4723
f 4720 4723 3117 3116
f 4723 4722 4724 4725
f 4723 4725 4726 3117
f 4726 4725 4727 4728
f 4726 4728 4729 4730
f 4726 4730 3118 3117
f 4730 4729 4731 4732
f 4730 4732 3119 3118
f 4732 4731 4733 4734
f 4732 4734 4735 3119
f 4735 4734 4736 4737
f 4735 4737 4738 4739
f 4735 4739 3120 3119
f 4739 4738 4740 4741
f 4739 4741 3121 3120
f 4741 4740 3140 3139
f 4741 3139 3138 3121
f 4740 4738 4742 4743
f 4740 4743 4744 3140
f 4744 4743 4745 4746
f 4744 4746 3125 3124
f 4744 3124 3128 3140
f 4746 4745 4747 4748
f 4746 4748 4749 3125
f 4749 4748 4750 4751
f 4749 4751 4752 4753
f 4749 4753 3126 3125
f 4753 4752 4641 4754
f 4753 4754 3129 3126
f 4754 4641 4640 4646
f 4754 4646 3130 3129
f 4752 4751 4755 4636
f 4752 4636 4635 4641
f 4755 4751 4750 4756
f 4755 4756 4757 4631
f 4755 4631 4630 4636
f 4757 4756 4758 4759
f 4757 4759 4760 4627
f 4757 4627 4626 4631
f 4760 4759 4761 4762
f 4760 4762 4763 4623
f 4760 4623 4622 4627
f 4763 4762 4764 4765
f 4763 4765 4766 4619
f 4763 4619 4618 4623
f 4766 4765 4767 4768
f 4766 4768 4769 4770
f 4766 4770 4620 4619
f 4770 4769 4771 4772
f 4770 4772 4614 4620
f 4772 4771 4773 4611
f 4772 4611 4610 4614
f 4773 4771 4774 4775
f 4773 4775 4776 4608
f 4773 4608 4607 4611
f 4776 4775 4777 4778
f 4776 4778 4779 4604
f 4776 4604 4603 4608
f 4779 4778 4780 4781
f 4779 4781 4782 4783
f 4779 4783 4605 4604
f 4783 4782 4784 4785
f 4783 4785 4599 4605
f 4785 4784 4786 4596
f 4785 4596 4595 4599
f 4786 4784 4787 4788
f 4786 4788 4789 4593
f 4786 4593 4592 4596
f 4789 4788 4790 4791
f 4789 4791 4792 4590
f 4789 4590 4589 4593
f 4792 4791 4793 4794
f 4792 4794 4795 4587
f 4792 4587 4586 4590
f 4795 4794 4796 4797
f 4795 4797 4798 4584
f 4795 4584 4583 4587
f 4798 4797 4799 4800
f 4798 4800 4801 4581
f 4798 4581 4580 4584
f 4801 4800 4802 4803
f 4801 4803 4804 4578
f 4801 4578 4577 4581
f 4804 4803 4805 4806
f 4804 4806 4807 4575
f 4804 4575 4574 4578
f 4807 4806 4808 4809
f 4807 4809 4810 4572
f 4807 4572 4571 4575
f 4810 4809 4811 4812
f 4810 4812 4813 4569
f 4810 4569 4568 4572
f 4813 4812 4814 4815
f 4813 4815 4816 4566
f 4813 4566 4565 4569
f 4816 4815 4817 4818
f 4816 4818 4819 4563
f 4816 4563 4562 4566
f 4819 4818 4820 4821
f 4819 4821 4822 4560
f 4819 4560 4559 4563
f 4822 4821 3573 4823
f 4822 4823 4824 4557
f 4822 4557 4556 4560
f 4824 4823 4825 4826
f 4824 4826 4827 4554
f 4824 4554 4553 4557
f 4827 4826 4828 4829
f 4827 4829 4830 4550
f 4827 4550 4549 4554
f 4830 4829 3535 3521
f 4830 3521 3520 4831
f 4830 4831 4551 4550
f 4831 3520 3524 3534
f 4831 3534 3533 4551
f 4829 4828 3542 3535
f 4828 4832 4833 3542
f 4828 4826 4825 4832
f 4833 4834 3565 3564
f 4833 3564 3536 3542
f 4833 4832 3576 4834
f 4834 4835 4836 3565
f 4834 3576 3575 4835
f 4836 4837 3566 3565
f 4836 4835 4838 4839
f 4836 4839 4840 4837
f 4840 4841 4842 4837
f 4840 4839 4843 4844
f 4840 4844 4845 4841
f 4845 4846 4847 4841
f 4845 4844 4848 4849
f 4845 4849 4850 4846
f 4850 4851 4852 4846
f 4850 4849 4853 4854
f 4850 4854 4855 4851
f 4855 4856 4857 4851
f 4855 4854 4858 4859
f 4855 4859 4860 4856
f 4860 4861 4862 4856
f 4860 4859 4863 4864
f 4860 4864 4865 4861
f 4865 4866 4867 4861
f 4865 4864 4868 4869
f 4865 4869 4870 4866
f 4870 4871 4872 4866
f 4870 4869 4873 4874
f 4870 4874 4875 4871
f 4875 4876 4877 4871
f 4875 4874 4878 4879
f 4875 4879 4880 4876
f 4880 4881 4882 4876
f 4880 4879 4883 4884
f 4880 4884 4885 4881
f 4885 4886 4887 4881
f 4885 4884 4888 4889
f 4885 4889 4890 4886
f 4890 4891 4892 4886
f 4890 4889 4893 4894
f 4890 4894 4895 4891
f 4895 4896 4897 4891
f 4895 4894 4898 4899
f 4895 4899 4900 4896
f 4900 4901 4902 4896
f 4900 4899 4903 4904
f 4900 4904 4905 4901
f 4905 4906 4907 4901
f 4905 4904 4908 4909
f 4905 4909 4910 4906
f 4910 4911 4912 4906
f 4910 4909 4913 4914
f 4910 4914 4915 4911
f 4915 4916 4917 4911
f 4915 4914 4768 4767
f 4915 4767 4918 4916
f 4918 4919 4920 4916
f 4918 4767 4765 4764
f 4918 4764 4921 4919
f 4921 4922 4923 4919
f 4921 4764 4762 4761
f 4921 4761 4924 4922
f 4924 4925 4926 4922
f 4924 4761 4759 4758
f 4924 4758 4927 4925
f 4927 4747 4928 4925
f 4927 4758 4756 4750
f 4927 4750 4748 4747
f 4928 4929 4930 4931
f 4928 4931 4926 4925
f 4928 4747 4745 4929
f 4931 4930 4932 4933
f 4931 4933 4934 4926
f 4934 4933 4935 4936
f 4934 4936 4937 4923
f 4934 4923 4922 4926
f 4937 4936 4938 4939
f 4937 4939 4940 4920
f 4937 4920 4919 4923
f 4940 4939 4941 4942
f 4940 4942 4943 4917
f 4940 4917 4916 4920
f 4943 4942 4944 4945
f 4943 4945 4946 4912
f 4943 4912 4911 4917
f 4946 4945 4947 4948
f 4946 4948 4949 4907
f 4946 4907 4906 4912
f 4949 4948 4950 4951
f 4949 4951 4952 4902
f 4949 4902 4901 4907
f 4952 4951 4953 4954
f 4952 4954 4955 4897
f 4952 4897 4896 4902
f 4955 4954 4956 4957
f 4955 4957 4958 4892
f 4955 4892 4891 4897
f 4958 4957 2788 2787
f 4958 2787 2795 4887
f 4958 4887 4886 4892
f 4957 4956 4959 2788
f 4959 4960 4961 4962
f 4959 4962 2789 2788
f 4959 4956 4963 4960
f 4963 4964 4965 4960
f 4963 4956 4954 4953
f 4963 4953 4966 4964
f 4966 4967 4968 4964
f 4966 4953 4951 4950
f 4966 4950 4969 4967
f 4969 4970 4971 4967
f 4969 4950 4948 4947
f 4969 4947 4972 4970
f 4972 4973 4974 4970
f 4972 4947 4945 4944
f 4972 4944 4975 4973
f 4975 4976 4977 4973
f 4975 4944 4942 4941
f 4975 4941 4978 4976
f 4978 4979 4980 4976
f 4978 4941 4939 4938
f 4978 4938 4981 4979
f 4981 4982 4983 4979
f 4981 4938 4936 4935
f 4981 4935 4984 4982
f 4984 4985 4986 4982
f 4984 4935 4933 4932
f 4984 4932 4987 4985
f 4987 4736 4988 4985
f 4987 4932 4930 4989
f 4987 4989 4737 4736
f 4989 4930 4929 4742
f 4989 4742 4738 4737
f 4988 4733 4990 4991
f 4988 4991 4986 4985
f 4988 4736 4734 4733
f 4991 4990 4992 4993
f 4991 4993 4994 4986
f 4994 4993 4995 4996
f 4994 4996 4997 4983
f 4994 4983 4982 4986
f 4997 4996 4998 4999
f 4997 4999 5000 4980
f 4997 4980 4979 4983
f 5000 4999 5001 5002
f 5000 5002 5003 4977
f 5000 4977 4976 4980
f 5003 5002 5004 5005
f 5003 5005 5006 4974
f 5003 4974 4973 4977
f 5006 5005 5007 5008
f 5006 5008 5009 4971
f 5006 4971 4970 4974
f 5009 5008 5010 5011
f 5009 5011 5012 4968
f 5009 4968 4967 4971
f 5012 5011 5013 5014
f 5012 5014 5015 4965
f 5012 4965 4964 4968
f 5015 5014 5016 5017
f 5015 5017 5018 4961
f 5015 4961 4960 4965
f 5018 5017 2786 2785
f 5018 2785 2784 5019
f 5018 5019 4962 4961
f 5019 2784 5020 2796
f 5019 2796 2789 4962
f 5020 5021 5022 5023
f 5020 5023 2790 2796
f 5020 2784 2783 5021
f 5023 5022 5024 5025
f 5023 5025 2791 2790
f 5025 5024 5026 5027
f 5025 5027 5028 2791
f 5028 5027 5029 5030
f 5028 5030 5031 5032
f 5028 5032 2792 2791
f 5032 5031 5033 5034
f 5032 5034 2793 2792
f 5034 5033 5035 5036
f 5034 5036 5037 2793
f 5037 5036 5038 5039
f 5037 5039 4877 5040
f 5037 5040 2794 2793
f 5040 4877 4876 4882
f 5040 4882 2795 2794
f 5039 5038 5041 4872
f 5039 4872 4871 4877
f 5041 5038 5042 5043
f 5041 5043 5044 4867
f 5041 4867 4866 4872
f 5044 5043 5045 5046
f 5044 5046 5047 4862
f 5044 4862 4861 4867
f 5047 5046 5048 5049
f 5047 5049 5050 4857
f 5047 4857 4856 4862
f 5050 5049 5051 5052
f 5050 5052 5053 4852
f 5050 4852 4851 4857
f 5053 5052 5054 5055
f 5053 5055 5056 4847
f 5053 4847 4846 4852
f 5056 5055 5057 5058
f 5056 5058 3571 4842
f 5056 4842 4841 4847
f 5058 5057 3603 3602
f 5058 3602 3567 3571
f 5057 3607 3606 3603
f 5057 5055 5054 3607
f 5054 5059 3604 3607
f 5054 5052 5051 5059
f 5059 5060 3605 3604
f 5059 5051 5061 5060
f 5061 5062 3601 5060
f 5061 5051 5049 5048
f 5061 5048 5063 5062
f 5063 5064 5065 5062
f 5063 5048 5046 5045
f 5063 5045 5066 5064
f 5066 5067 5068 5064
f 5066 5045 5043 5042
f 5066 5042 5035 5067
f 5068 5069 5070 5071
f 5068 5071 5065 5064
f 5068 5067 5072 5069
f 5072 5073 5074 5069
f 5072 5067 5035 5033
f 5072 5033 5031 5073
f 5074 5075 5076 5077
f 5074 5077 5070 5069
f 5074 5073 5078 5075
f 5078 5079 5080 5075
f 5078 5073 5031 5030
f 5078 5030 5029 5079
f 5080 5081 5082 5083
f 5080 5083 5076 5075
f 5080 5079 5084 5081
f 5084 2865 5085 5081
f 5084 5079 5029 5086
f 5084 5086 2861 2865
f 5086 5029 5027 5026
f 5086 5026 2862 2861
f 5085 2872 420 5087
f 5085 5087 5082 5081
f 5085 2865 2860 2872
f 5087 420 2871 5088
f 5087 5088 5089 5082
f 5089 5088 5090 5091
f 5089 5091 5092 5093
f 5089 5093 5083 5082
f 5093 5092 5094 5095
f 5093 5095 5076 5083
f 5095 5094 5096 5097
f 5095 5097 5077 5076
f 5097 5096 5098 5099
f 5097 5099 5070 5077
f 5099 5098 3596 3599
f 5099 3599 5071 5070
f 5098 5096 5100 5101
f 5098 5101 3597 3596
f 5101 5100 5102 5103
f 5101 5103 5104 3597
f 5104 5103 5105 5106
f 5104 5106 3570 3569
f 5104 3569 3568 3597
f 5106 5105 3581 3580
f 5106 3580 3579 3570
f 5105 5107 5108 3581
f 5105 5103 5102 5107
f 5108 5109 5110 5111
f 5108 5111 3582 3581
f 5108 5107 5112 5109
f 5112 5113 5114 5109
f 5112 5107 5102 5115
f 5112 5115 5116 5113
f 5116 5117 5118 5113
f 5116 5115 5119 5120
f 5116 5120 5121 5117
f 5121 5122 5123 5117
f 5121 5120 5092 5091
f 5121 5091 5090 5122
f 5123 5124 5125 5126
f 5123 5126 5118 5117
f 5123 5122 5127 5124
f 5127 5128 5129 5124
f 5127 5122 5090 5130
f 5127 5130 5131 5128
f 5131 5132 5133 5128
f 5131 5130 2871 2870
f 5131 2870 5134 5132
f 5134 5135 5136 5132
f 5134 2870 2869 5137
f 5134 5137 5138 5135
f 5138 5139 5140 5135
f 5138 5137 5141 5142
f 5138 5142 5143 5139
f 5143 5144 5145 5139
f 5143 5142 5146 5147
f 5143 5147 5148 5144
f 5148 2903 2902 5144
f 5148 5147 5149 5150
f 5148 5150 5151 2903
f 5151 5152 2904 2903
f 5151 5150 5153 5154
f 5151 5154 5155 5152
f 5155 5156 5157 5152
f 5155 5154 5158 5159
f 5155 5159 5160 5156
f 5160 5161 5162 5156
f 5160 5159 5163 5164
f 5160 5164 5165 5161
f 5165 5166 5167 5161
f 5165 5164 5168 5169
f 5165 5169 5170 5166
f 5170 5171 5172 5166
f 5170 5169 5173 5174
f 5170 5174 5175 5171
f 5175 5176 5177 5171
f 5175 5174 5178 5179
f 5175 5179 5180 5176
f 5180 5181 5182 5176
f 5180 5179 5183 5184
f 5180 5184 5185 5181
f 5185 5186 5187 5181
f 5185 5184 5188 5189
f 5185 5189 5190 5186
f 5190 5191 5192 5186
f 5190 5189 5193 5194
f 5190 5194 5195 5191
f 5195 5196 5197 5191
f 5195 5194 5198 5199
f 5195 5199 5200 5196
f 5200 5201 5202 5196
f 5200 5199 5203 5204
f 5200 5204 5205 5201
f 5205 5206 5207 5201
f 5205 5204 5208 5209
f 5205 5209 5210 5206
f 5210 5211 5212 5206
f 5210 5209 5213 5214
f 5210 5214 5215 5211
f 5215 5216 5217 5211
f 5215 5214 5218 5219
f 5215 5219 5220 5216
f 5220 5221 5222 5216
f 5220 5219 5223 5224
f 5220 5224 5225 5221
f 5225 5226 5227 5221
f 5225 5224 5228 5229
f 5225 5229 5230 5226
f 5230 5231 5232 5226
f 5230 5229 5233 5234
f 5230 5234 5235 5231
f 5235 5236 5237 5231
f 5235 5234 5238 5239
f 5235 5239 5240 5236
f 5240 5241 5242 5236
f 5240 5239 4661 4659
f 5240 4659 4657 5241
f 5242 5243 5244 5245
f 5242 5245 5237 5236
f 5242 5241 5246 5243
f 5246 5247 5248 5243
f 5246 5241 4657 4655
f 5246 4655 4654 5247
f 5248 5249 5250 5251
f 5248 5251 5244 5243
f 5248 5247 5252 5249
f 5252 5253 5254 5249
f 5252 5247 4654 4653
f 5252 4653 5255 5253
f 5255 5256 5257 5253
f 5255 4653 4651 4650
f 5255 4650 5258 5256
f 5258 5259 5260 5256
f 5258 4650 4648 4647
f 5258 4647 5261 5259
f 5261 4647 4643 4642
f 5261 4642 5262 5263
f 5261 5263 5264 5259
f 5264 5265 5266 5267
f 5264 5267 5260 5259
f 5264 5263 5268 5265
f 5268 4469 5269 5265
f 5268 5263 5262 5270
f 5268 5270 4470 4469
f 5270 5262 4637 5271
f 5270 5271 4471 4470
f 5271 4637 4633 4632
f 5271 4632 4473 4471
f 5269 4466 5272 5273
f 5269 5273 5266 5265
f 5269 4469 4467 4466
f 5273 5272 5274 5275
f 5273 5275 5276 5266
f 5276 5275 5277 5278
f 5276 5278 5279 5280
f 5276 5280 5267 5266
f 5280 5279 5281 5282
f 5280 5282 5260 5267
f 5282 5281 5283 5257
f 5282 5257 5256 5260
f 5283 5281 5284 5285
f 5283 5285 5286 5254
f 5283 5254 5253 5257
f 5286 5285 5287 5288
f 5286 5288 5289 5250
f 5286 5250 5249 5254
f 5289 5288 5290 5291
f 5289 5291 5292 5293
f 5289 5293 5251 5250
f 5293 5292 5294 5295
f 5293 5295 5244 5251
f 5295 5294 5296 5297
f 5295 5297 5245 5244
f 5297 5296 5298 5299
f 5297 5299 5237 5245
f 5299 5298 5300 5232
f 5299 5232 5231 5237
f 5300 5298 5301 5302
f 5300 5302 5303 5227
f 5300 5227 5226 5232
f 5303 5302 5304 5305
f 5303 5305 5306 5222
f 5303 5222 5221 5227
f 5306 5305 5307 5308
f 5306 5308 5309 5217
f 5306 5217 5216 5222
f 5309 5308 5310 5311
f 5309 5311 5312 5212
f 5309 5212 5211 5217
f 5312 5311 5313 5314
f 5312 5314 5315 5207
f 5312 5207 5206 5212
f 5315 5314 5316 5317
f 5315 5317 5318 5202
f 5315 5202 5201 5207
f 5318 5317 5319 5320
f 5318 5320 5321 5197
f 5318 5197 5196 5202
f 5321 5320 5322 5323
f 5321 5323 5324 5192
f 5321 5192 5191 5197
f 5324 5323 5325 5326
f 5324 5326 5327 5187
f 5324 5187 5186 5192
f 5327 5326 5328 5329
f 5327 5329 5330 5182
f 5327 5182 5181 5187
f 5330 5329 5331 5332
f 5330 5332 5333 5177
f 5330 5177 5176 5182
f 5333 5332 5334 5335
f 5333 5335 5336 5172
f 5333 5172 5171 5177
f 5336 5335 5337 5338
f 5336 5338 5339 5167
f 5336 5167 5166 5172
f 5339 5338 5340 5341
f 5339 5341 5342 5162
f 5339 5162 5161 5167
f 5342 5341 2899 2901
f 5342 2901 2905 5157
f 5342 5157 5156 5162
f 5341 5340 2900 2899
f 5340 5343 5344 2900
f 5340 5338 5337 5343
f 5344 5345 5346 5347
f 5344 5347 2896 2900
f 5344 5343 5348 5345
f 5348 5349 5350 5345
f 5348 5343 5337 5351
f 5348 5351 5352 5349
f 5352 5353 5354 5349
f 5352 5351 5334 5355
f 5352 5355 5356 5353
f 5356 5357 5358 5353
f 5356 5355 5331 5359
f 5356 5359 5360 5357
f 5360 5361 5362 5357
f 5360 5359 5328 5363
f 5360 5363 5364 5361
f 5364 5365 5366 5361
f 5364 5363 5325 5367
f 5364 5367 5368 5365
f 5368 5369 5370 5365
f 5368 5367 5322 5371
f 5368 5371 5372 5369
f 5372 5373 5374 5369
f 5372 5371 5319 5375
f 5372 5375 5376 5373
f 5376 5377 5378 5373
f 5376 5375 5316 5379
f 5376 5379 5380 5377
f 5380 5381 5382 5377
f 5380 5379 5313 5383
f 5380 5383 5384 5381
f 5384 5385 5386 5381
f 5384 5383 5310 5387
f 5384 5387 5388 5385
f 5388 5389 5390 5385
f 5388 5387 5307 5391
f 5388 5391 5392 5389
f 5392 5393 5394 5389
f 5392 5391 5304 5395
f 5392 5395 5396 5393
f 5396 5397 5398 5393
f 5396 5395 5301 5399
f 5396 5399 5400 5397
f 5400 5401 5402 5397
f 5400 5399 5296 5294
f 5400 5294 5292 5401
f 5402 5403 5404 5405
f 5402 5405 5398 5397
f 5402 5401 5406 5403
f 5406 5407 5408 5403
f 5406 5401 5292 5291
f 5406 5291 5290 5407
f 5408 5409 5410 5411
f 5408 5411 5404 5403
f 5408 5407 5412 5409
f 5412 5413 5414 5409
f 5412 5407 5290 5415
f 5412 5415 5416 5413
f 5416 5417 5418 5413
f 5416 5415 5287 5419
f 5416 5419 5420 5417
f 5420 5421 5422 5417
f 5420 5419 5284 5423
f 5420 5423 5424 5421
f 5424 5425 5426 5421
f 5424 5423 5279 5278
f 5424 5278 5277 5425
f 5426 5427 5428 5429
f 5426 5429 5422 5421
f 5426 5425 5430 5427
f 5430 5431 5432 5427
f 5430 5425 5277 5433
f 5430 5433 5434 5431
f 5434 5435 5436 5431
f 5434 5433 5274 5437
f 5434 5437 5438 5435
f 5438 5439 5440 5435
f 5438 5437 5441 5442
f 5438 5442 5443 5439
f 5443 5444 5445 5439
f 5443 5442 4463 4462
f 5443 4462 5446 5444
f 5446 5447 5448 5444
f 5446 4462 4460 4459
f 5446 4459 5449 5447
f 5449 5450 5451 5447
f 5449 4459 4457 4456
f 5449 4456 5452 5450
f 5452 5453 5454 5450
f 5452 4456 4454 5455
f 5452 5455 5456 5453
f 5456 3298 5457 5453
f 5456 5455 5458 5459
f 5456 5459 3293 3298
f 5459 5458 4441 4440
f 5459 4440 3294 3293
f 5458 5455 4454 4452
f 5458 4452 4442 4441
f 5457 5460 5461 5462
f 5457 5462 5454 5453
f 5457 3298 3297 5460
f 5462 5461 5463 5464
f 5462 5464 5465 5454
f 5465 5464 5466 5467
f 5465 5467 5468 5451
f 5465 5451 5450 5454
f 5468 5467 5469 5470
f 5468 5470 5471 5448
f 5468 5448 5447 5451
f 5471 5470 5472 5473
f 5471 5473 5474 5445
f 5471 5445 5444 5448
f 5474 5473 5475 5476
f 5474 5476 5477 5440
f 5474 5440 5439 5445
f 5477 5476 5478 5479
f 5477 5479 5480 5436
f 5477 5436 5435 5440
f 5480 5479 5481 5482
f 5480 5482 5483 5432
f 5480 5432 5431 5436
f 5483 5482 5484 5485
f 5483 5485 5486 5428
f 5483 5428 5427 5432
f 5486 5485 5487 5488
f 5486 5488 5489 5490
f 5486 5490 5429 5428
f 5490 5489 5491 5492
f 5490 5492 5422 5429
f 5492 5491 5493 5418
f 5492 5418 5417 5422
f 5493 5491 5494 5495
f 5493 5495 5496 5414
f 5493 5414 5413 5418
f 5496 5495 5497 5498
f 5496 5498 5499 5410
f 5496 5410 5409 5414
f 5499 5498 5500 5501
f 5499 5501 5502 5503
f 5499 5503 5411 5410
f 5503 5502 5504 5505
f 5503 5505 5404 5411
f 5505 5504 5506 5507
f 5505 5507 5405 5404
f 5507 5506 5508 5509
f 5507 5509 5398 5405
f 5509 5508 5510 5394
f 5509 5394 5393 5398
f 5510 5508 5511 5512
f 5510 5512 5513 5390
f 5510 5390 5389 5394
f 5513 5512 5514 5515
f 5513 5515 5516 5386
f 5513 5386 5385 5390
f 5516 5515 5517 5518
f 5516 5518 5519 5382
f 5516 5382 5381 5386
f 5519 5518 5520 5521
f 5519 5521 5522 5378
f 5519 5378 5377 5382
f 5522 5521 5523 5524
f 5522 5524 5525 5374
f 5522 5374 5373 5378
f 5525 5524 5526 5527
f 5525 5527 5528 5370
f 5525 5370 5369 5374
f 5528 5527 5529 5530
f 5528 5530 5531 5366
f 5528 5366 5365 5370
f 5531 5530 5532 5533
f 5531 5533 5534 5362
f 5531 5362 5361 5366
f 5534 5533 5535 5536
f 5534 5536 5537 5358
f 5534 5358 5357 5362
f 5537 5536 5538 5539
f 5537 5539 5540 5354
f 5537 5354 5353 5358
f 5540 5539 5541 5542
f 5540 5542 5543 5350
f 5540 5350 5349 5354
f 5543 5542 2925 2924
f 5543 2924 5544 5346
f 5543 5346 5345 5350
f 5544 2924 2923 5545
f 5544 5545 5546 5547
f 5544 5547 5347 5346
f 5547 5546 5548 2897
f 5547 2897 2896 5347
f 5548 5546 5549 5550
f 5548 5550 5551 5552
f 5548 5552 2898 2897
f 5552 5551 5553 5554
f 5552 5554 5555 2898
f 5555 2929 424 2898
f 5555 5554 5556 5557
f 5555 5557 5558 2929
f 5558 5559 2930 2929
f 5558 5557 5560 5561
f 5558 5561 5562 5559
f 5562 5563 5564 5559
f 5562 5561 5565 5566
f 5562 5566 5567 5563
f 5567 5568 5569 5563
f 5567 5566 5570 5571
f 5567 5571 5572 5568
f 5572 5573 5574 5568
f 5572 5571 5575 5576
f 5572 5576 5577 5573
f 5577 5578 5579 5573
f 5577 5576 5580 5581
f 5577 5581 5582 5578
f 5582 5583 5584 5578
f 5582 5581 2936 5585
f 5582 5585 5586 5583
f 5586 5587 5588 5583
f 5586 5585 5589 5590
f 5586 5590 5591 5587
f 5591 5592 5593 5587
f 5591 5590 5594 5595
f 5591 5595 5596 5592
f 5596 5597 5598 5592
f 5596 5595 5599 5600
f 5596 5600 5601 5597
f 5601 5602 5603 5597
f 5601 5600 5604 5605
f 5601 5605 5606 5602
f 5606 5607 5608 5602
f 5606 5605 5609 5610
f 5606 5610 5611 5607
f 5611 5612 5613 5607
f 5611 5610 5614 5615
f 5611 5615 5616 5612
f 5616 5617 5618 5612
f 5616 5615 2579 2576
f 5616 2576 2572 5617
f 5618 5619 5620 5621
f 5618 5621 5613 5612
f 5618 5617 5622 5619
f 5622 5623 5624 5619
f 5622 5617 2572 2571
f 5622 2571 5625 5623
f 5625 5626 5627 5623
f 5625 2571 2570 5628
f 5625 5628 5629 5626
f 5629 5630 5631 5626
f 5629 5628 5632 5633
f 5629 5633 5634 5630
f 5634 2564 5635 5630
f 5634 5633 5636 5637
f 5634 5637 2565 2564
f 5637 5636 5638 5639
f 5637 5639 2566 2565
f 5639 5638 5640 5641
f 5639 5641 5642 2566
f 5642 5643 2567 2566
f 5642 5641 5644 5645
f 5642 5645 5646 5643
f 5646 5647 5648 5643
f 5646 5645 5649 5650
f 5646 5650 5651 5647
f 5651 5652 5653 5647
f 5651 5650 5654 5655
f 5651 5655 5656 5652
f 5656 5657 5658 5652
f 5656 5655 5659 5660
f 5656 5660 5661 5657
f 5661 5662 5663 5657
f 5661 5660 5664 5665
f 5661 5665 5666 5662
f 5666 5667 5668 5662
f 5666 5665 5669 5670
f 5666 5670 5671 5667
f 5671 5672 5673 5667
f 5671 5670 5674 5675
f 5671 5675 5676 5672
f 5676 5677 5678 5672
f 5676 5675 5679 5680
f 5676 5680 5681 5677
f 5681 5682 5683 5677
f 5681 5680 5684 5685
f 5681 5685 5686 5682
f 5686 5687 5688 5682
f 5686 5685 5689 5690
f 5686 5690 5691 5687
f 5691 5692 5693 5687
f 5691 5690 5694 5695
f 5691 5695 5696 5692
f 5696 5697 5698 5692
f 5696 5695 5699 5700
f 5696 5700 5701 5697
f 5701 5702 5703 5697
f 5701 5700 5704 5705
f 5701 5705 5706 5702
f 5706 5707 5708 5702
f 5706 5705 5709 5710
f 5706 5710 5711 5707
f 5711 5712 5713 5707
f 5711 5710 5714 5715
f 5711 5715 5716 5712
f 5716 5717 5718 5712
f 5716 5715 5719 5720
f 5716 5720 5721 5717
f 5721 5722 5723 5717
f 5721 5720 5724 5725
f 5721 5725 5726 5722
f 5726 5727 5728 5722
f 5726 5725 5729 5730
f 5726 5730 5731 5727
f 5731 5732 5733 5727
f 5731 5730 5734 5735
f 5731 5735 5736 5732
f 5736 5737 5738 5732
f 5736 5735 5739 5740
f 5736 5740 5741 5737
f 5741 5742 5743 5737
f 5741 5740 5744 5745
f 5741 5745 5746 5742
f 5746 5747 5748 5742
f 5746 5745 2037 5749
f 5746 5749 2084 5747
f 5749 2037 2036 2046
f 5749 2046 2049 2084
f 5748 2081 5750 5751
f 5748 5751 5743 5742
f 5748 5747 2079 2081
f 5751 5750 5752 5753
f 5751 5753 5754 5743
f 5754 5753 5755 5756
f 5754 5756 5757 5738
f 5754 5738 5737 5743
f 5757 5756 5758 5759
f 5757 5759 5760 5733
f 5757 5733 5732 5738
f 5760 5759 5761 5762
f 5760 5762 5763 5728
f 5760 5728 5727 5733
f 5763 5762 5764 5765
f 5763 5765 5766 5723
f 5763 5723 5722 5728
f 5766 5765 5767 5768
f 5766 5768 5769 5718
f 5766 5718 5717 5723
f 5769 5768 5770 5771
f 5769 5771 5772 5713
f 5769 5713 5712 5718
f 5772 5771 5773 5774
f 5772 5774 5775 5708
f 5772 5708 5707 5713
f 5775 5774 2584 2588
f 5775 2588 5776 5703
f 5775 5703 5702 5708
f 5776 2588 2587 2592
f 5776 2592 5777 5698
f 5776 5698 5697 5703
f 5777 2592 2591 5778
f 5777 5778 5779 5693
f 5777 5693 5692 5698
f 5779 5778 5780 5781
f 5779 5781 5782 5688
f 5779 5688 5687 5693
f 5782 5781 5783 5784
f 5782 5784 5785 5683
f 5782 5683 5682 5688
f 5785 5784 5786 5787
f 5785 5787 5788 5678
f 5785 5678 5677 5683
f 5788 5787 2609 2608
f 5788 2608 2611 5673
f 5788 5673 5672 5678
f 5787 5786 5789 2609
f 5789 5790 5791 5792
f 5789 5792 2606 2609
f 5789 5786 5793 5790
f 5793 5794 5795 5790
f 5793 5786 5784 5783
f 5793 5783 5796 5794
f 5796 5797 5798 5794
f 5796 5783 5781 5780
f 5796 5780 2590 5797
f 5798 5799 5800 5801
f 5798 5801 5795 5794
f 5798 5797 5802 5799
f 5802 5803 5804 5799
f 5802 5797 2590 2589
f 5802 2589 5805 5803
f 5805 5806 5807 5803
f 5805 2589 374 5808
f 5805 5808 5809 5806
f 5809 5810 5811 5806
f 5809 5808 5812 5813
f 5809 5813 5814 5810
f 5814 5815 5816 5810
f 5814 5813 5817 5818
f 5814 5818 5819 5815
f 5819 5820 5821 5815
f 5819 5818 5822 5823
f 5819 5823 5824 5820
f 5824 2593 2602 5820
f 5824 5823 5825 5826
f 5824 5826 2594 2593
f 5826 5825 5827 5828
f 5826 5828 5829 2594
f 5829 5830 2595 2594
f 5829 5828 5831 5832
f 5829 5832 2153 5830
f 5832 5831 5833 5834
f 5832 5834 2154 2153
f 5834 5833 5758 5835
f 5834 5835 2155 2154
f 5835 5758 5756 5755
f 5835 5755 5836 2155
f 5836 5837 2156 2155
f 5836 5755 5753 5752
f 5836 5752 5838 5837
f 5838 5839 5840 5837
f 5838 5752 5750 5841
f 5838 5841 5842 5839
f 5842 5843 5844 5839
f 5842 5841 2078 2077
f 5842 2077 5845 5843
f 5845 2075 5846 5843
f 5845 2077 2076 2082
f 5845 2082 2071 2075
f 5846 5847 5848 5849
f 5846 5849 5844 5843
f 5846 2075 2074 5847
f 5849 5848 5850 5851
f 5849 5851 5852 5844
f 5852 5851 5853 5854
f 5852 5854 2157 5840
f 5852 5840 5839 5844
f 5854 5853 2596 5855
f 5854 5855 2152 2157
f 5855 2596 2595 5830
f 5855 5830 2153 2152
f 5853 5856 2597 2596
f 5853 5851 5850 5856
f 5856 5857 2598 2597
f 5856 5850 5858 5857
f 5858 5859 5860 5857
f 5858 5850 5848 5861
f 5858 5861 5862 5859
f 5862 5863 5864 5859
f 5862 5861 2031 2030
f 5862 2030 5865 5863
f 5865 5866 5867 5863
f 5865 2030 2025 2024
f 5865 2024 5868 5866
f 5868 5869 5870 5866
f 5868 2024 2023 5871
f 5868 5871 5872 5869
f 5872 5873 5874 5869
f 5872 5871 5875 5876
f 5872 5876 5877 5873
f 5877 2964 2963 5873
f 5877 5876 5878 5879
f 5877 5879 5880 2964
f 5880 5881 2965 2964
f 5880 5879 5882 5883
f 5880 5883 5884 5881
f 5884 5885 5886 5881
f 5884 5883 5887 5888
f 5884 5888 5889 5885
f 5889 5890 5891 5885
f 5889 5888 5892 5893
f 5889 5893 5894 5890
f 5894 5895 5896 5890
f 5894 5893 5897 5898
f 5894 5898 5899 5895
f 5899 5900 5901 5895
f 5899 5898 5902 2989
f 5899 2989 2988 5900
f 5902 5898 5897 5903
f 5902 5903 5904 5905
f 5902 5905 2990 2989
f 5905 5904 5906 5907
f 5905 5907 5908 2990
f 5908 5909 440 2990
f 5908 5907 5910 5911
f 5908 5911 5912 5909
f 5912 5913 5914 5909
f 5912 5911 5915 5916
f 5912 5916 5917 5913
f 5917 5918 5919 5913
f 5917 5916 5920 5921
f 5917 5921 5922 5918
f 5922 5923 5924 5918
f 5922 5921 3024 3026
f 5922 3026 5925 5923
f 5925 2014 5926 5923
f 5925 3026 3023 5927
f 5925 5927 1972 2014
f 5927 3023 3022 2001
f 5927 2001 1971 1972
f 5926 5928 5929 5930
f 5926 5930 5924 5923
f 5926 2014 1992 5928
f 5930 5929 5931 5932
f 5930 5932 5933 5924
f 5933 5932 5934 5935
f 5933 5935 5936 5919
f 5933 5919 5918 5924
f 5936 5935 5937 2994
f 5936 2994 2991 5914
f 5936 5914 5913 5919
f 5937 2017 2016 5938
f 5937 5938 2992 2994
f 5937 5935 5934 2017
f 5938 2016 2015 5939
f 5938 5939 2993 2992
f 5939 2015 5940 5941
f 5939 5941 5942 2993
f 5942 5941 5943 5944
f 5942 5944 5945 2987
f 5942 2987 2986 2993
f 5945 5944 5946 5947
f 5945 5947 5901 5900
f 5945 5900 2988 2987
f 5947 5946 5948 5949
f 5947 5949 5950 5901
f 5950 5949 5951 5952
f 5950 5952 5953 5896
f 5950 5896 5895 5901
f 5953 5952 5954 5955
f 5953 5955 5956 5891
f 5953 5891 5890 5896
f 5956 5955 5957 5958
f 5956 5958 2968 5886
f 5956 5886 5885 5891
f 5958 5957 5959 5960
f 5958 5960 2969 2968
f 5960 5959 5961 5962
f 5960 5962 2970 2969
f 5962 5961 5963 5964
f 5962 5964 5965 2970
f 5965 5964 5966 5967
f 5965 5967 2973 2978
f 5965 2978 2971 2970
f 5967 5966 5968 5969
f 5967 5969 2974 2973
f 5969 5968 5970 5971
f 5969 5971 5972 2974
f 5972 5971 5973 5974
f 5972 5974 5975 5976
f 5972 5976 2975 2974
f 5976 5975 5977 5978
f 5976 5978 2976 2975
f 5978 5977 5979 5980
f 5978 5980 5981 2976
f 5981 5980 5982 5983
f 5981 5983 2966 2972
f 5981 2972 2977 2976
f 5983 5982 5984 5985
f 5983 5985 2967 2966
f 5985 5984 5986 5987
f 5985 5987 5874 2967
f 5987 5986 5988 5870
f 5987 5870 5869 5874
f 5988 5986 5989 5990
f 5988 5990 5991 5867
f 5988 5867 5866 5870
f 5991 5990 5992 5993
f 5991 5993 5994 5864
f 5991 5864 5863 5867
f 5994 5993 5995 5996
f 5994 5996 5997 5860
f 5994 5860 5859 5864
f 5997 5996 5998 5999
f 5997 5999 2599 2598
f 5997 2598 5857 5860
f 5999 5998 6000 6001
f 5999 6001 2600 2599
f 6001 6000 6002 6003
f 6001 6003 6004 2600
f 6004 6003 6005 6006
f 6004 6006 6007 6008
f 6004 6008 2601 2600
f 6008 6007 6009 6010
f 6008 6010 2602 2601
f 6010 6009 6011 5821
f 6010 5821 5820 2602
f 6011 6009 6012 6013
f 6011 6013 6014 5816
f 6011 5816 5815 5821
f 6014 6013 6015 6016
f 6014 6016 6017 5811
f 6014 5811 5810 5816
f 6017 6016 6018 6019
f 6017 6019 6020 5807
f 6017 5807 5806 5811
f 6020 6019 6021 6022
f 6020 6022 6023 5804
f 6020 5804 5803 5807
f 6023 6022 6024 6025
f 6023 6025 6026 5800
f 6023 5800 5799 5804
f 6026 6025 6027 6028
f 6026 6028 6029 6030
f 6026 6030 5801 5800
f 6030 6029 6031 6032
f 6030 6032 5795 5801
f 6032 6031 6033 5791
f 6032 5791 5790 5795
f 6033 6031 6034 6035
f 6033 6035 6036 6037
f 6033 6037 5792 5791
f 6037 6036 6038 2607
f 6037 2607 2606 5792
f 6038 6036 6039 6040
f 6038 6040 2614 2613
f 6038 2613 2603 2607
f 6040 6039 6041 6042
f 6040 6042 6043 2614
f 6043 6042 6044 6045
f 6043 6045 6046 6047
f 6043 6047 2615 2614
f 6047 6046 6048 6049
f 6047 6049 2616 2615
f 6049 6048 6050 6051
f 6049 6051 6052 2616
f 6052 6051 6053 6054
f 6052 6054 2612 2605
f 6052 2605 2604 2616
f 6054 6053 6055 6056
f 6054 6056 6057 2612
f 6057 6056 6058 6059
f 6057 6059 5663 6060
f 6057 6060 2610 2612
f 6060 5663 5662 5668
f 6060 5668 2611 2610
f 6059 6058 6061 5658
f 6059 5658 5657 5663
f 6061 6058 6062 6063
f 6061 6063 6064 5653
f 6061 5653 5652 5658
f 6064 6063 6065 6066
f 6064 6066 6067 5648
f 6064 5648 5647 5653
f 6067 6066 6068 6069
f 6067 6069 369 2567
f 6067 2567 5643 5648
f 6069 6068 6070 6071
f 6069 6071 2568 369
f 6071 6070 6072 6073
f 6071 6073 6074 2568
f 6074 6073 6075 6076
f 6074 6076 6077 6078
f 6074 6078 2569 2568
f 6078 6077 6079 2167
f 6078 2167 2164 2569
f 6079 6077 6080 6081
f 6079 6081 6082 6083
f 6079 6083 2165 2167
f 6083 6082 6084 6085
f 6083 6085 2166 2165
f 6085 6084 6086 6087
f 6085 6087 6088 2166
f 6088 6087 2169 6089
f 6088 6089 6090 6091
f 6088 6091 2161 2166
f 6091 6090 6092 6093
f 6091 6093 2162 2161
f 6093 6092 6094 6095
f 6093 6095 6096 2162
f 6096 6095 6097 6098
f 6096 6098 6099 6100
f 6096 6100 2158 2162
f 6100 6099 6101 6102
f 6100 6102 2159 2158
f 6102 6101 6103 6104
f 6102 6104 6105 2159
f 6105 6104 6106 6107
f 6105 6107 5631 6108
f 6105 6108 2160 2159
f 6108 5631 5630 5635
f 6108 5635 2163 2160
f 6107 6106 6109 5627
f 6107 5627 5626 5631
f 6109 6106 6110 6111
f 6109 6111 6112 5624
f 6109 5624 5623 5627
f 6112 6111 6113 6114
f 6112 6114 6115 5620
f 6112 5620 5619 5624
f 6115 6114 6116 6117
f 6115 6117 6118 6119
f 6115 6119 5621 5620
f 6119 6118 6120 6121
f 6119 6121 5613 5621
f 6121 6120 6122 5608
f 6121 5608 5607 5613
f 6122 6120 6123 6124
f 6122 6124 6125 5603
f 6122 5603 5602 5608
f 6125 6124 6126 6127
f 6125 6127 6128 5598
f 6125 5598 5597 5603
f 6128 6127 6129 6130
f 6128 6130 6131 5593
f 6128 5593 5592 5598
f 6131 6130 6132 6133
f 6131 6133 6134 5588
f 6131 5588 5587 5593
f 6134 6133 6135 6136
f 6134 6136 6137 5584
f 6134 5584 5583 5588
f 6137 6136 6138 6139
f 6137 6139 6140 5579
f 6137 5579 5578 5584
f 6140 6139 6141 6142
f 6140 6142 6143 5574
f 6140 5574 5573 5579
f 6143 6142 6144 6145
f 6143 6145 6146 5569
f 6143 5569 5568 5574
f 6146 6145 6147 6148
f 6146 6148 6149 5564
f 6146 5564 5563 5569
f 6149 6148 6150 6151
f 6149 6151 430 2930
f 6149 2930 5559 5564
f 6151 6150 6152 2907
f 6151 2907 2906 430
f 6152 6153 2919 2918
f 6152 2918 2908 2907
f 6152 6150 6154 6153
f 6154 6155 6156 6153
f 6154 6150 6148 6147
f 6154 6147 6157 6155
f 6157 6158 6159 6155
f 6157 6147 6145 6144
f 6157 6144 6160 6158
f 6160 6161 6162 6158
f 6160 6144 6142 6141
f 6160 6141 6163 6161
f 6163 6164 6165 6161
f 6163 6141 6139 6138
f 6163 6138 6166 6164
f 6166 6167 6168 6164
f 6166 6138 6136 6135
f 6166 6135 6169 6167
f 6169 6170 6171 6167
f 6169 6135 6133 6132
f 6169 6132 6172 6170
f 6172 6173 6174 6170
f 6172 6132 6130 6129
f 6172 6129 6175 6173
f 6175 6176 6177 6173
f 6175 6129 6127 6126
f 6175 6126 6178 6176
f 6178 6179 6180 6176
f 6178 6126 6124 6123
f 6178 6123 6181 6179
f 6181 6182 6183 6179
f 6181 6123 6120 6118
f 6181 6118 6117 6182
f 6183 6184 6185 6186
f 6183 6186 6180 6179
f 6183 6182 6187 6184
f 6187 6188 6189 6184
f 6187 6182 6117 6116
f 6187 6116 6190 6188
f 6190 6191 2189 6188
f 6190 6116 6114 6113
f 6190 6113 6192 6191
f 6192 6193 6194 6191
f 6192 6113 6111 6110
f 6192 6110 6103 6193
f 6194 6193 6195 6196
f 6194 6196 2186 2185
f 6194 2185 2189 6191
f 6196 6195 6197 6198
f 6196 6198 6199 2186
f 6199 6198 6200 6201
f 6199 6201 6202 6203
f 6199 6203 2187 2186
f 6203 6202 6204 6205
f 6203 6205 2190 2187
f 6205 6204 6206 6207
f 6205 6207 6208 2190
f 6208 6207 6209 6185
f 6208 6185 6184 6189
f 6208 6189 2188 2190
f 6209 6207 6206 6210
f 6209 6210 6211 6212
f 6209 6212 6186 6185
f 6212 6211 6213 6214
f 6212 6214 6180 6186
f 6214 6213 6215 6177
f 6214 6177 6176 6180
f 6215 6213 6216 6217
f 6215 6217 6218 6174
f 6215 6174 6173 6177
f 6218 6217 6219 6220
f 6218 6220 6221 6171
f 6218 6171 6170 6174
f 6221 6220 6222 6223
f 6221 6223 6224 6168
f 6221 6168 6167 6171
f 6224 6223 6225 6226
f 6224 6226 6227 6165
f 6224 6165 6164 6168
f 6227 6226 6228 6229
f 6227 6229 6230 6162
f 6227 6162 6161 6165
f 6230 6229 6231 6232
f 6230 6232 6233 6159
f 6230 6159 6158 6162
f 6233 6232 6234 6235
f 6233 6235 6236 6156
f 6233 6156 6155 6159
f 6236 6235 2921 2920
f 6236 2920 2917 2919
f 6236 2919 6153 6156
f 6235 6234 6237 2921
f 6237 6238 6239 6240
f 6237 6240 2922 2921
f 6237 6234 6241 6238
f 6241 6242 6243 6238
f 6241 6234 6232 6231
f 6241 6231 6244 6242
f 6244 6245 6246 6242
f 6244 6231 6229 6228
f 6244 6228 6247 6245
f 6247 6248 6249 6245
f 6247 6228 6226 6225
f 6247 6225 6250 6248
f 6250 6251 6252 6248
f 6250 6225 6223 6222
f 6250 6222 6253 6251
f 6253 6254 6255 6251
f 6253 6222 6220 6219
f 6253 6219 6256 6254
f 6256 6257 6258 6254
f 6256 6219 6217 6216
f 6256 6216 6259 6257
f 6259 6260 6261 6257
f 6259 6216 6213 6211
f 6259 6211 6210 6260
f 6261 6262 6263 6264
f 6261 6264 6258 6257
f 6261 6260 6265 6262
f 6265 6266 6267 6262
f 6265 6260 6210 6206
f 6265 6206 6204 6266
f 6267 6268 6269 6270
f 6267 6270 6263 6262
f 6267 6266 6271 6268
f 6271 6272 6273 6268
f 6271 6266 6204 6202
f 6271 6202 6201 6272
f 6273 6274 6275 6276
f 6273 6276 6269 6268
f 6273 6272 6277 6274
f 6277 6278 6279 6274
f 6277 6272 6201 6200
f 6277 6200 6280 6278
f 6280 6098 6097 6278
f 6280 6200 6198 6197
f 6280 6197 6099 6098
f 6279 6281 2209 2208
f 6279 2208 6275 6274
f 6279 6278 6097 6281
f 6281 6094 2204 2209
f 6281 6097 6095 6094
f 6276 6275 2201 2198
f 6276 2198 2197 6269
f 6275 2208 2207 2201
f 6270 6269 2197 6282
f 6270 6282 6283 6263
f 6283 6282 6284 6285
f 6283 6285 6286 6287
f 6283 6287 6264 6263
f 6287 6286 6288 6289
f 6287 6289 6258 6264
f 6289 6288 6290 6255
f 6289 6255 6254 6258
f 6290 6288 2214 6291
f 6290 6291 6292 6252
f 6290 6252 6251 6255
f 6292 6291 6293 6294
f 6292 6294 6295 6249
f 6292 6249 6248 6252
f 6295 6294 6296 6297
f 6295 6297 6298 6246
f 6295 6246 6245 6249
f 6298 6297 6299 6300
f 6298 6300 6301 6243
f 6298 6243 6242 6246
f 6301 6300 6302 6303
f 6301 6303 6304 6239
f 6301 6239 6238 6243
f 6304 6303 6305 6306
f 6304 6306 2914 2913
f 6304 2913 6240 6239
f 6306 6305 6307 6308
f 6306 6308 6309 2914
f 6309 6308 6310 6311
f 6309 6311 6312 2915
f 6309 2915 426 2914
f 6312 6311 6313 2879
f 6312 2879 2878 6314
f 6312 6314 2916 2915
f 6314 2878 2880 6315
f 6314 6315 6316 2916
f 6316 6315 6317 5140
f 6316 5140 5139 5145
f 6316 5145 2909 2916
f 6317 6315 2880 6318
f 6317 6318 6319 5136
f 6317 5136 5135 5140
f 6319 6318 2895 6320
f 6319 6320 6321 5133
f 6319 5133 5132 5136
f 6321 6320 6322 6323
f 6321 6323 6324 5129
f 6321 5129 5128 5133
f 6324 6323 6325 6326
f 6324 6326 6327 5125
f 6324 5125 5124 5129
f 6327 6326 6328 6329
f 6327 6329 6330 6331
f 6327 6331 5126 5125
f 6331 6330 6332 6333
f 6331 6333 5118 5126
f 6333 6332 6334 5114
f 6333 5114 5113 5118
f 6334 6332 6335 6336
f 6334 6336 6337 5110
f 6334 5110 5109 5114
f 6337 6336 6338 6339
f 6337 6339 6340 6341
f 6337 6341 5111 5110
f 6341 6340 6342 3583
f 6341 3583 3582 5111
f 6342 6340 6343 6344
f 6342 6344 6345 6346
f 6342 6346 3584 3583
f 6346 6345 6347 6348
f 6346 6348 6349 3584
f 6349 6348 3629 6350
f 6349 6350 3630 6351
f 6349 6351 552 3584
f 6351 3630 3544 6352
f 6351 6352 3578 552
f 6352 3544 3543 6353
f 6352 6353 3541 3578
f 6353 3543 3546 6354
f 6353 6354 3539 3541
f 6354 3546 4305 6355
f 6354 6355 3540 3539
f 6355 4305 4304 4310
f 6355 4310 3525 3540
f 6350 3629 3628 6356
f 6350 6356 3631 3630
f 6356 3628 3627 6357
f 6356 6357 6358 3631
f 6358 6357 6359 4286
f 6358 4286 4285 4291
f 6358 4291 560 3631
f 6359 6357 3627 6360
f 6359 6360 6361 4281
f 6359 4281 4280 4286
f 6361 6360 3706 3785
f 6361 3785 6362 4276
f 6361 4276 4275 4281
f 6362 3785 3705 3748
f 6362 3748 3747 4271
f 6362 4271 4270 4276
f 6360 3627 3626 3706
f 6348 6347 3625 3629
f 6347 6345 3592 3591
f 6347 3591 3595 3625
f 6345 6344 6363 3592
f 6363 6364 6365 6366
f 6363 6366 3593 3592
f 6363 6344 6343 6364
f 6366 6365 6367 6368
f 6366 6368 3594 3593
f 6368 6367 6369 6370
f 6368 6370 3702 3594
f 6370 6369 6371 6372
f 6370 6372 6373 3702
f 6373 6372 6374 6375
f 6373 6375 6376 6377
f 6373 6377 3703 3702
f 6377 6376 3725 3749
f 6377 3749 3704 3703
f 6376 6375 6378 6379
f 6376 6379 3722 3725
f 6379 6378 6380 6381
f 6379 6381 3723 3722
f 6381 6380 6382 6383
f 6381 6383 3751 3723
f 6383 6382 6384 6385
f 6383 6385 3752 3751
f 6385 6384 6386 6387
f 6385 6387 3753 3752
f 6387 6386 6388 6389
f 6387 6389 6390 3753
f 6390 6389 6391 6392
f 6390 6392 6393 3756
f 6390 3756 3754 3753
f 6393 6392 6394 6395
f 6393 6395 6396 6397
f 6393 6397 3757 3756
f 6397 6396 6398 6399
f 6397 6399 6400 3757
f 6400 6399 6401 4257
f 6400 4257 4256 4262
f 6400 4262 579 3757
f 6401 6399 6398 6402
f 6401 6402 6403 4252
f 6401 4252 4251 4257
f 6403 6402 6404 6405
f 6403 6405 6406 4247
f 6403 4247 4246 4252
f 6406 6405 6407 6408
f 6406 6408 6409 4242
f 6406 4242 4241 4247
f 6409 6408 6410 6411
f 6409 6411 6412 4237
f 6409 4237 4236 4242
f 6412 6411 6413 6414
f 6412 6414 6415 4233
f 6412 4233 4232 4237
f 6415 6414 6416 6417
f 6415 6417 6418 4230
f 6415 4230 4229 4233
f 6418 6417 6419 6420
f 6418 6420 6421 4225
f 6418 4225 4224 4230
f 6421 6420 6422 6423
f 6421 6423 6424 4220
f 6421 4220 4219 4225
f 6424 6423 6425 6426
f 6424 6426 6427 4215
f 6424 4215 4214 4220
f 6427 6426 6428 6429
f 6427 6429 6430 4210
f 6427 4210 4209 4215
f 6430 6429 6431 6432
f 6430 6432 6433 4205
f 6430 4205 4204 4210
f 6433 6432 6434 6435
f 6433 6435 6436 4200
f 6433 4200 4199 4205
f 6436 6435 6437 2379
f 6436 2379 2378 4195
f 6436 4195 4194 4200
f 6437 6438 6439 6440
f 6437 6440 2376 2379
f 6437 6435 6434 6438
f 6440 6439 6441 6442
f 6440 6442 2377 2376
f 6442 6441 6443 6444
f 6442 6444 6445 2377
f 6445 6444 6446 6447
f 6445 6447 6448 6449
f 6445 6449 2375 2377
f 6449 6448 6450 6451
f 6449 6451 2285 2375
f 6451 6450 6452 6453
f 6451 6453 2281 2285
f 6453 6452 2239 2238
f 6453 2238 2282 2281
f 6452 6450 6454 6455
f 6452 6455 2234 2239
f 6455 6454 6456 6457
f 6455 6457 2231 2234
f 6457 6456 6458 6459
f 6457 6459 2232 2231
f 6459 6458 2295 2294
f 6459 2294 2244 2232
f 6458 6460 2296 2295
f 6458 6456 6461 6460
f 6461 6462 6463 6460
f 6461 6456 6454 6464
f 6461 6464 6465 6462
f 6465 6466 6467 6462
f 6465 6464 6448 6447
f 6465 6447 6446 6466
f 6467 6468 6469 6470
f 6467 6470 6463 6462
f 6467 6466 6471 6468
f 6471 6472 6473 6468
f 6471 6466 6446 6474
f 6471 6474 6475 6472
f 6475 44 822 6472
f 6475 6474 6443 6476
f 6475 6476 827 44
f 6476 6443 6441 6477
f 6476 6477 6478 827
f 6478 6479 828 827
f 6478 6477 6480 6481
f 6478 6481 6482 6479
f 6482 6483 6484 6479
f 6482 6481 6485 6486
f 6482 6486 6487 6483
f 6487 6488 6489 6483
f 6487 6486 6490 6491
f 6487 6491 6492 6488
f 6492 6493 6494 6488
f 6492 6491 6495 6496
f 6492 6496 6497 6493
f 6497 6498 6499 6493
f 6497 6496 6500 6501
f 6497 6501 6502 6498
f 6502 6503 6504 6498
f 6502 6501 6505 6506
f 6502 6506 6507 6503
f 6507 6508 6509 6503
f 6507 6506 6510 6511
f 6507 6511 6512 6508
f 6512 6513 6514 6508
f 6512 6511 6515 6516
f 6512 6516 6517 6513
f 6517 6518 6519 6513
f 6517 6516 6520 6521
f 6517 6521 6522 6518
f 6522 6523 6524 6518
f 6522 6521 6525 6526
f 6522 6526 6527 6523
f 6527 6528 6529 6523
f 6527 6526 6530 6531
f 6527 6531 6532 6528
f 6532 6533 6534 6528
f 6532 6531 6535 6536
f 6532 6536 6537 6533
f 6537 6538 6539 6533
f 6537 6536 6540 6541
f 6537 6541 6542 6538
f 6542 6543 6544 6538
f 6542 6541 6394 6545
f 6542 6545 6546 6543
f 6546 6547 6548 6543
f 6546 6545 6391 6549
f 6546 6549 6550 6547
f 6550 6551 6552 6547
f 6550 6549 6388 6553
f 6550 6553 6554 6551
f 6554 6555 6556 6551
f 6554 6553 6557 6558
f 6554 6558 6559 6555
f 6559 6560 6561 6555
f 6559 6558 6562 6563
f 6559 6563 6564 6560
f 6564 6565 6566 6560
f 6564 6563 6567 6568
f 6564 6568 6569 6565
f 6569 6570 6571 6565
f 6569 6568 6572 6573
f 6569 6573 6574 6570
f 6574 2724 2723 6570
f 6574 6573 6575 6576
f 6574 6576 2718 2724
f 6576 6575 2882 2881
f 6576 2881 2719 2718
f 6575 6573 6572 6577
f 6575 6577 6578 2882
f 6578 6577 6579 6580
f 6578 6580 6581 6582
f 6578 6582 2883 2882
f 6582 6581 6583 6584
f 6582 6584 2884 2883
f 6584 6583 6585 6586
f 6584 6586 6587 2884
f 6587 6588 2885 2884
f 6587 6586 6589 6590
f 6587 6590 6591 6588
f 6591 6592 6593 6588
f 6591 6590 6594 2773
f 6591 2773 2772 6592
f 6594 6590 6589 6595
f 6594 6595 6596 6597
f 6594 6597 2774 2773
f 6597 6596 6338 6598
f 6597 6598 2775 2774
f 6598 6338 6336 6335
f 6598 6335 6599 2775
f 6599 6600 2776 2775
f 6599 6335 6332 6330
f 6599 6330 6329 6600
f 6600 6601 2777 2776
f 6600 6329 6328 6601
f 6601 6602 6603 2777
f 6601 6328 6604 6602
f 6604 6605 6606 6602
f 6604 6328 6326 6325
f 6604 6325 6607 6605
f 6607 2893 6608 6605
f 6607 6325 6323 6322
f 6607 6322 2894 2893
f 6608 6609 6610 6611
f 6608 6611 6606 6605
f 6608 2893 2892 6609
f 6611 6610 6612 6613
f 6611 6613 6614 6606
f 6614 6613 2886 6593
f 6614 6593 6592 6603
f 6614 6603 6602 6606
f 6613 6612 2887 2886
f 6612 6615 2888 2887
f 6612 6610 6616 6615
f 6616 6617 6618 6615
f 6616 6610 6609 6619
f 6616 6619 6620 6617
f 6620 6621 6622 6617
f 6620 6619 2891 6623
f 6620 6623 6624 6621
f 6624 6625 6626 6621
f 6624 6623 6627 6628
f 6624 6628 6629 6625
f 6629 6630 6631 6625
f 6629 6628 6632 6633
f 6629 6633 6634 6630
f 6634 6635 6636 6630
f 6634 6633 6637 6638
f 6634 6638 6639 6635
f 6639 6640 6641 6635
f 6639 6638 6642 6643
f 6639 6643 6644 6640
f 6644 2220 6645 6640
f 6644 6643 6646 6647
f 6644 6647 2217 2220
f 6647 6646 6648 6649
f 6647 6649 2218 2217
f 6649 6648 6650 6651
f 6649 6651 6652 2218
f 6652 6653 2216 2218
f 6652 6651 6654 6655
f 6652 6655 6656 6653
f 6656 6655 2215 2212
f 6656 2212 2211 6657
f 6656 6657 2200 6653
f 6657 2211 6285 6284
f 6657 6284 2196 2200
f 6655 6654 6658 2215
f 6658 6654 6659 6296
f 6658 6296 6294 6293
f 6658 6293 2213 2215
f 6659 6654 6651 6650
f 6659 6650 6660 6299
f 6659 6299 6297 6296
f 6660 6650 6648 6661
f 6660 6661 6662 6302
f 6660 6302 6300 6299
f 6662 6661 6663 6664
f 6662 6664 6307 6305
f 6662 6305 6303 6302
f 6664 6663 6642 6665
f 6664 6665 6666 6307
f 6666 6665 6637 6667
f 6666 6667 6668 6310
f 6666 6310 6308 6307
f 6668 6667 6632 6669
f 6668 6669 2889 6313
f 6668 6313 6311 6310
f 6669 6632 6628 6627
f 6669 6627 2890 2889
f 6667 6637 6633 6632
f 6665 6642 6638 6637
f 6663 6646 6643 6642
f 6663 6661 6648 6646
f 6653 2200 2199 2216
f 6645 6670 6671 6672
f 6645 6672 6641 6640
f 6645 2220 2219 6670
f 6672 6671 6673 6674
f 6672 6674 6675 6641
f 6675 6674 6676 6677
f 6675 6677 6678 6636
f 6675 6636 6635 6641
f 6678 6677 6679 6680
f 6678 6680 6681 6631
f 6678 6631 6630 6636
f 6681 6680 6682 6683
f 6681 6683 6684 6626
f 6681 6626 6625 6631
f 6684 6683 6685 6686
f 6684 6686 6687 6622
f 6684 6622 6621 6626
f 6687 6686 6688 6689
f 6687 6689 6690 6618
f 6687 6618 6617 6622
f 6690 6689 2715 2721
f 6690 2721 2720 2888
f 6690 2888 6615 6618
f 6689 6688 2716 2715
f 6688 6691 6692 2716
f 6688 6686 6685 6691
f 6692 6693 6694 2713
f 6692 2713 391 2716
f 6692 6691 6695 6693
f 6695 6696 6697 6693
f 6695 6691 6685 6698
f 6695 6698 6699 6696
f 6699 6700 6701 6696
f 6699 6698 6682 6702
f 6699 6702 6703 6700
f 6703 6704 6705 6700
f 6703 6702 6679 6706
f 6703 6706 6707 6704
f 6707 6708 6709 6704
f 6707 6706 6676 6710
f 6707 6710 6711 6708
f 6711 6712 6713 6708
f 6711 6710 6673 6714
f 6711 6714 6715 6712
f 6715 6716 6717 6712
f 6715 6714 6718 6719
f 6715 6719 6720 6716
f 6720 6721 6722 6716
f 6720 6719 6723 6724
f 6720 6724 6725 6721
f 6725 6726 6727 6721
f 6725 6724 6728 6729
f 6725 6729 6730 6726
f 6730 6731 6732 6726
f 6730 6729 6733 6734
f 6730 6734 849 6731
f 6734 6733 6735 6736
f 6734 6736 845 849
f 6736 6735 6737 6738
f 6736 6738 846 845
f 6738 6737 6739 6740
f 6738 6740 2458 846
f 6740 6739 6741 6742
f 6740 6742 2459 2458
f 6742 6741 6743 6744
f 6742 6744 2496 2459
f 6744 6743 6745 6746
f 6744 6746 2492 2496
f 6746 6745 6747 6748
f 6746 6748 2493 2492
f 6748 6747 6749 6750
f 6748 6750 6751 2493
f 6751 6750 2136 2135
f 6751 2135 6752 6753
f 6751 6753 2489 2493
f 6753 6752 6754 6755
f 6753 6755 2490 2489
f 6755 6754 6756 6757
f 6755 6757 6758 2490
f 6758 6757 6759 1088
f 6758 1088 1087 6760
f 6758 6760 2491 2490
f 6760 1087 1086 6761
f 6760 6761 2494 2491
f 6761 1086 6762 6763
f 6761 6763 2457 2494
f 6763 6762 6764 1056
f 6763 1056 1055 2457
f 6764 6762 1099 1039
f 6764 1039 1038 6765
f 6764 6765 1057 1056
f 6765 1038 1045 1059
f 6765 1059 1058 1057
f 6762 1086 1085 1099
f 6759 6757 6756 6766
f 6759 6766 6767 6768
f 6759 6768 1089 1088
f 6768 6767 6769 1094
f 6768 1094 1090 1089
f 6769 6767 6770 6771
f 6769 6771 1079 1082
f 6769 1082 1092 1094
f 6771 6770 6772 6773
f 6771 6773 1080 1079
f 6773 6772 2472 2478
f 6773 2478 6774 1080
f 6774 2478 2477 6775
f 6774 6775 6776 6777
f 6774 6777 1076 1080
f 6777 6776 6778 6779
f 6777 6779 1077 1076
f 6779 6778 1104 6780
f 6779 6780 6781 1077
f 6780 1104 1103 6782
f 6780 6782 1111 6781
f 6782 1103 1105 6783
f 6782 6783 1112 1111
f 6783 1105 6784 6785
f 6783 6785 1113 1112
f 6785 6784 6786 6787
f 6785 6787 6788 1113
f 6788 6787 6789 6790
f 6788 6790 6791 6792
f 6788 6792 1109 1113
f 6792 6791 6793 6794
f 6792 6794 1110 1109
f 6794 6793 6795 6796
f 6794 6796 6797 1110
f 6797 6798 1106 1110
f 6797 6796 6799 1025
f 6797 1025 1024 6798
f 6799 6796 6795 1030
f 6799 1030 1029 6800
f 6799 6800 1022 1025
f 6800 1029 1013 6801
f 6800 6801 1019 1022
f 6801 1013 1012 6802
f 6801 6802 1020 1019
f 6802 1012 1011 6803
f 6802 6803 6804 1020
f 6804 6803 6805 6806
f 6804 6806 6807 6808
f 6804 6808 1021 1020
f 6808 6807 6809 6810
f 6808 6810 1023 1021
f 6810 6809 6811 6812
f 6810 6812 1028 1023
f 6812 6811 6813 6814
f 6812 6814 6815 1028
f 6815 6816 1026 1028
f 6815 6814 6817 6818
f 6815 6818 6819 6816
f 6819 6820 6821 6822
f 6819 6822 6823 6816
f 6819 6818 6824 6820
f 6824 6825 6826 6820
f 6824 6818 6817 6827
f 6824 6827 6828 6825
f 6828 6829 6830 6825
f 6828 6827 6831 6832
f 6828 6832 6833 6829
f 6833 6832 6834 6835
f 6833 6835 1033 1032
f 6833 1032 1037 6829
f 6835 6834 6836 6837
f 6835 6837 6838 1033
f 6838 6837 6839 6840
f 6838 6840 6841 6842
f 6838 6842 1034 1033
f 6842 6841 6843 6844
f 6842 6844 6845 1034
f 6845 6846 1035 1034
f 6845 6844 6847 6848
f 6845 6848 6849 6846
f 6849 6850 6851 6846
f 6849 6848 6852 6853
f 6849 6853 6854 6850
f 6854 6855 6856 6850
f 6854 6853 6857 6858
f 6854 6858 6859 6855
f 6859 6860 6861 6855
f 6859 6858 6862 6863
f 6859 6863 6864 6860
f 6864 6865 6866 6860
f 6864 6863 6867 6868
f 6864 6868 6869 6865
f 6869 6870 6871 6865
f 6869 6868 6872 6873
f 6869 6873 6874 6870
f 6874 1131 6875 6870
f 6874 6873 6876 6877
f 6874 6877 1132 1131
f 6877 6876 6878 6879
f 6877 6879 1129 1132
f 6879 6878 6880 6881
f 6879 6881 1126 1129
f 6881 6880 6882 1149
f 6881 1149 1127 1126
f 6880 6878 6883 6884
f 6880 6884 6885 6882
f 6885 6884 6886 6887
f 6885 6887 6888 6889
f 6885 6889 6890 6882
f 6889 6888 6891 6892
f 6893 6892 6894 6895
f 6895 6894 6896 6897
f 6897 6896 6898 6899
f 6899 6898 6900 6901
f 6901 6900 1135 6902
f 6901 6902 1144 1143
f 6902 6903 1148 1144
f 6902 1135 1134 6903
f 6903 6904 6905 1148
f 6903 1134 1139 6904
f 6905 6906 6907 6908
f 6905 6908 1145 1148
f 6905 6904 6909 6906
f 6909 6910 6911 6906
f 6909 6904 1139 6912
f 6909 6912 6913 6910
f 6913 6914 6915 6910
f 6913 6912 6916 6917
f 6913 6917 6918 6914
f 6918 6919 6920 6914
f 6918 6917 6921 6922
f 6918 6922 6923 6919
f 6923 6924 6925 6919
f 6923 6922 1162 6926
f 6923 6926 6927 6924
f 6927 6928 6929 6924
f 6927 6926 6930 6931
f 6927 6931 6932 6928
f 6932 6933 6934 6928
f 6932 6931 6935 6936
f 6932 6936 6937 6933
f 6937 6938 6939 6933
f 6937 6936 6940 6941
f 6937 6941 6942 6938
f 6942 6943 6944 6938
f 6942 6941 6945 6946
f 6942 6946 6947 6943
f 6947 6948 6949 6943
f 6947 6946 6950 6951
f 6947 6951 6952 6948
f 6952 6953 6954 6948
f 6952 6951 6955 6956
f 6952 6956 6957 6953
f 6957 6958 6959 6953
f 6957 6956 6960 6961
f 6957 6961 6962 6958
f 6962 6963 6964 6958
f 6962 6961 6965 6966
f 6962 6966 6967 6963
f 6967 6968 6969 6963
f 6967 6966 6970 6971
f 6967 6971 6972 6968
f 6972 3645 6973 6968
f 6972 6971 6974 6975
f 6972 6975 3641 3645
f 6975 6974 6976 6977
f 6975 6977 3642 3641
f 6977 6976 6978 6979
f 6977 6979 6980 3642
f 6980 6981 3643 3642
f 6980 6979 6982 6983
f 6980 6983 6984 6981
f 6984 6985 6986 6981
f 6984 6983 6987 6988
f 6984 6988 6989 6985
f 6989 6990 6991 6985
f 6989 6988 6992 6993
f 6989 6993 6994 6990
f 6994 6995 6996 6990
f 6994 6993 6997 6998
f 6994 6998 6999 6995
f 6999 7000 7001 6995
f 6999 6998 7002 7003
f 6999 7003 7004 7000
f 7004 7005 972 7000
f 7004 7003 7006 7007
f 7004 7007 7008 7005
f 7008 7009 7010 7005
f 7008 7007 7011 984
f 7008 984 979 7009
f 7011 7007 7006 7012
f 7011 7012 7013 7014
f 7011 7014 980 984
f 7014 7013 7015 7016
f 7014 7016 981 980
f 7016 7015 7017 7018
f 7016 7018 7019 981
f 7019 993 982 981
f 7019 7018 990 987
f 7019 987 986 993
f 7018 7017 7020 990
f 7020 7017 7021 7022
f 7020 7022 7023 7024
f 7020 7024 988 990
f 7024 7023 7025 7026
f 7024 7026 989 988
f 7026 7025 7027 7028
f 7026 7028 7029 989
f 7029 991 985 989
f 7029 7028 7030 7031
f 7029 7031 994 991
f 7031 7030 7032 7033
f 7031 7033 7034 994
f 7034 7035 995 994
f 7034 7033 7036 7037
f 7034 7037 7038 7035
f 7038 7039 922 7035
f 7038 7037 7040 7041
f 7038 7041 7042 7039
f 7042 7043 7044 7039
f 7042 7041 7045 7046
f 7042 7046 7047 7043
f 7047 7048 7049 7043
f 7047 7046 7050 7051
f 7047 7051 1153 7048
f 7051 7050 7052 7053
f 7051 7053 1154 1153
f 7053 7052 7054 7055
f 7053 7055 1167 1154
f 7055 7054 7056 7057
f 7055 7057 1168 1167
f 7057 7056 7058 7059
f 7057 7059 1169 1168
f 7059 7058 7060 7061
f 7059 7061 7062 1169
f 7062 7063 1163 1169
f 7062 7061 7064 7065
f 7062 7065 7066 7063
f 7066 7067 7068 7063
f 7066 7065 1180 1179
f 7066 1179 1184 7067
f 7068 7069 1252 1164
f 7068 1164 1163 7063
f 7068 7067 1186 7069
f 7069 1218 119 1252
f 7069 1186 1185 1218
f 7067 1184 1187 1186
f 7065 7064 7070 1180
f 7070 7064 1198 1197
f 7070 1197 1202 7071
f 7070 7071 1181 1180
f 7071 1202 1192 7072
f 7071 7072 1182 1181
f 7072 1192 1191 7073
f 7072 7073 7074 1182
f 7074 7073 7075 7076
f 7074 7076 1189 1188
f 7074 1188 1183 1182
f 7076 7075 7077 1221
f 7076 1221 1190 1189
f 7077 7078 7079 7080
f 7077 7080 1219 1221
f 7077 7075 1196 7078
f 7080 7079 7081 7082
f 7080 7082 1220 1219
f 7082 7081 7083 7084
f 7082 7084 7085 1220
f 7085 7084 1284 1283
f 7085 1283 1259 7086
f 7085 7086 1215 1220
f 7086 1259 1258 7087
f 7086 7087 1216 1215
f 7087 7088 7089 1216
f 7087 1258 1264 7088
f 7089 7090 7091 1250
f 7089 1250 1217 1216
f 7089 7088 7092 7090
f 7092 7093 7094 7090
f 7092 7088 1264 7095
f 7092 7095 7096 7093
f 7096 7097 7098 7093
f 7096 7095 7099 7100
f 7096 7100 7101 7097
f 7101 7100 7102 7103
f 7101 7103 7104 7105
f 7101 7105 1228 7097
f 7105 7104 7106 7107
f 7105 7107 1229 1228
f 7107 7106 7108 7109
f 7107 7109 1234 1229
f 7109 7108 7110 7111
f 7109 7111 7112 1234
f 7112 7111 7113 7114
f 7112 7114 7115 7116
f 7112 7116 1232 1234
f 7116 7115 7117 7118
f 7116 7118 1233 1232
f 7118 7117 7119 7120
f 7118 7120 7121 1233
f 7121 1424 1231 1233
f 7121 7120 1177 1176
f 7121 1176 1425 1424
f 7120 7119 1178 1177
f 7119 7117 7122 7123
f 7119 7123 7124 1178
f 7124 7123 7125 7126
f 7124 7126 7127 7128
f 7124 7128 1173 1178
f 7128 7127 7129 7130
f 7128 7130 1174 1173
f 7130 7129 7131 7132
f 7130 7132 7133 1174
f 7133 7134 1175 1174
f 7133 7132 7135 7136
f 7133 7136 1226 7134
f 7136 7135 7137 7138
f 7136 7138 1222 1226
f 7138 7137 7139 1230
f 7138 1230 1223 1222
f 7139 7137 7140 7094
f 7139 7094 7093 7098
f 7139 7098 1227 1230
f 7140 7137 7135 7141
f 7140 7141 7142 7091
f 7140 7091 7090 7094
f 7142 7141 7131 7143
f 7142 7143 1248 1247
f 7142 1247 1250 7091
f 7143 7131 7129 7144
f 7143 7144 7145 1248
f 7145 7144 7146 1236
f 7145 1236 1235 7147
f 7145 7147 1249 1248
f 7147 1235 1239 7148
f 7147 7148 1251 1249
f 7148 1239 7149 1170
f 7148 1170 1165 1251
f 7149 7150 7151 7152
f 7149 7152 1171 1170
f 7149 1239 1238 7150
f 7152 7151 7153 7154
f 7152 7154 1172 1171
f 7154 7153 7155 7156
f 7154 7156 1156 1172
f 7156 7155 7157 7158
f 7156 7158 1150 1156
f 7158 7157 7159 7160
f 7158 7160 1151 1150
f 7160 7159 7161 7162
f 7160 7162 7163 1151
f 7163 7162 927 931
f 7163 931 7164 7165
f 7163 7165 1152 1151
f 7165 7164 7166 7167
f 7165 7167 7168 1152
f 7168 7167 7169 7170
f 7168 7170 7171 7172
f 7168 7172 103 1152
f 7172 7171 7049 7048
f 7172 7048 1153 103
f 7171 7170 7173 7174
f 7171 7174 7175 7049
f 7175 7174 7176 924
f 7175 924 923 7044
f 7175 7044 7043 7049
f 7176 7177 7178 7179
f 7176 7179 925 924
f 7176 7174 7173 7177
f 7179 7178 7180 7181
f 7179 7181 926 925
f 7181 7180 7182 7183
f 7181 7183 920 926
f 7183 7182 7184 7185
f 7183 7185 918 920
f 7185 7184 7186 7187
f 7185 7187 919 918
f 7187 7186 7188 997
f 7187 997 996 919
f 7188 7189 975 983
f 7188 983 992 997
f 7188 7186 7190 7189
f 7190 7191 7192 7189
f 7190 7186 7184 7193
f 7190 7193 7194 7191
f 7194 7195 7196 7191
f 7194 7193 7197 7198
f 7194 7198 7199 7195
f 7199 7200 7201 7195
f 7199 7198 7202 7203
f 7199 7203 7204 7200
f 7204 7205 7206 7200
f 7204 7203 7207 7208
f 7204 7208 7209 7205
f 7209 7210 7211 7205
f 7209 7208 7212 7213
f 7209 7213 7214 7210
f 7214 7215 7216 7210
f 7214 7213 7217 7218
f 7214 7218 7219 7215
f 7219 7220 7221 7215
f 7219 7218 7222 7223
f 7219 7223 7224 7220
f 7224 7225 7226 7220
f 7224 7223 7227 7228
f 7224 7228 7229 7225
f 7229 7230 7231 7225
f 7229 7228 7232 7233
f 7229 7233 7234 7230
f 7234 7235 7236 7230
f 7234 7233 7237 7238
f 7234 7238 7239 7235
f 7239 7240 7241 7235
f 7239 7238 7242 3478
f 7239 3478 3477 7240
f 7242 7238 7237 7243
f 7242 7243 7244 7245
f 7242 7245 3474 3478
f 7245 7244 7246 7247
f 7245 7247 3475 3474
f 7247 7246 7248 7249
f 7247 7249 7250 3475
f 7250 7251 3476 3475
f 7250 7249 7252 7253
f 7250 7253 7254 7251
f 7254 3482 7255 7251
f 7254 7253 3446 3445
f 7254 3445 3447 3482
f 7255 3482 3481 7256
f 7255 7256 7257 3479
f 7255 3479 3476 7251
f 7257 7256 7258 7259
f 7257 7259 7241 7240
f 7257 7240 3477 3479
f 7259 7258 7260 7261
f 7259 7261 7262 7241
f 7262 7261 7263 7264
f 7262 7264 7265 7236
f 7262 7236 7235 7241
f 7265 7264 7266 7267
f 7265 7267 7268 7231
f 7265 7231 7230 7236
f 7268 7267 7269 7270
f 7268 7270 7271 7226
f 7268 7226 7225 7231
f 7271 7270 7272 7273
f 7271 7273 7274 7221
f 7271 7221 7220 7226
f 7274 7273 911 910
f 7274 910 7275 7216
f 7274 7216 7215 7221
f 7275 910 909 7276
f 7275 7276 7277 7211
f 7275 7211 7210 7216
f 7277 7276 3746 3745
f 7277 3745 3744 7206
f 7277 7206 7205 7211
f 7276 909 913 3746
f 7273 7272 914 911
f 7272 7278 7279 914
f 7272 7270 7269 7278
f 7279 7280 7281 7282
f 7279 7282 915 914
f 7279 7278 7283 7280
f 7283 7284 7285 7280
f 7283 7278 7269 7286
f 7283 7286 7287 7284
f 7287 7288 7289 7284
f 7287 7286 7266 7290
f 7287 7290 7291 7288
f 7291 7292 7293 7288
f 7291 7290 7263 7294
f 7291 7294 7295 7292
f 7295 7296 7297 7292
f 7295 7294 7260 7298
f 7295 7298 7299 7296
f 7299 7300 7301 7296
f 7299 7298 3484 3483
f 7299 3483 3485 7300
f 7301 7302 7303 7304
f 7301 7304 7297 7296
f 7301 7300 7305 7302
f 7305 7306 7307 7302
f 7305 7300 3485 7308
f 7305 7308 3473 7306
f 7308 3485 3480 7309
f 7308 7309 3466 3473
f 7309 3480 3433 3436
f 7309 3436 3467 3466
f 7307 7310 7311 7312
f 7307 7312 7303 7302
f 7307 7306 7313 7310
f 7313 7314 7315 7310
f 7313 7306 3473 3472
f 7313 3472 3471 7314
f 7315 7316 7317 7318
f 7315 7318 7311 7310
f 7315 7314 7319 7316
f 7319 7320 7321 7316
f 7319 7314 3471 7322
f 7319 7322 1279 7320
f 7322 3471 3470 7323
f 7322 7323 1280 1279
f 7323 3470 3465 7324
f 7323 7324 1281 1280
f 7324 3465 3464 7325
f 7324 7325 7326 1281
f 7326 7325 7327 7328
f 7326 7328 7329 1275
f 7326 1275 1274 1281
f 7329 7328 1286 1285
f 7329 1285 1288 7330
f 7329 7330 1273 1275
f 7330 1288 7083 7331
f 7330 7331 1271 1273
f 7331 7083 7081 7332
f 7331 7332 1272 1271
f 7332 7081 7079 7333
f 7332 7333 7334 1272
f 7334 7335 1269 1272
f 7334 7333 7336 7337
f 7334 7337 7338 7335
f 7338 7339 7340 7335
f 7338 7337 1194 1200
f 7338 1200 1199 7339
f 7340 7058 7056 1270
f 7340 1270 1269 7335
f 7340 7339 7060 7058
f 7339 1199 1198 7060
f 7337 7336 1195 1194
f 7336 7333 7079 7078
f 7336 7078 1196 1195
f 7328 7327 7341 1286
f 7341 7327 3469 7342
f 7341 7342 7343 7344
f 7341 7344 1287 1286
f 7344 7343 7345 7346
f 7344 7346 1291 1287
f 7346 7345 7347 7348
f 7346 7348 7349 1291
f 7349 7348 7350 7351
f 7349 7351 7352 7353
f 7349 7353 1289 1291
f 7353 7352 7354 7355
f 7353 7355 1290 1289
f 7355 7354 7356 1292
f 7355 1292 1261 1290
f 7356 7354 7357 7358
f 7356 7358 7359 1306
f 7356 1306 1262 1292
f 7359 7358 7360 7361
f 7359 7361 7102 7362
f 7359 7362 1265 1306
f 7362 7102 7100 7099
f 7362 7099 1263 1265
f 7361 7360 7363 7364
f 7361 7364 7103 7102
f 7364 7363 7365 7366
f 7364 7366 7104 7103
f 7366 7365 7367 7368
f 7366 7368 7106 7104
f 7368 7367 7369 7370
f 7368 7370 7108 7106
f 7370 7369 7371 7372
f 7370 7372 7110 7108
f 7372 7371 7373 7374
f 7372 7374 7375 7110
f 7375 7374 7376 7377
f 7375 7377 7378 7113
f 7375 7113 7111 7110
f 7378 7377 7379 7380
f 7378 7380 7381 7382
f 7378 7382 7114 7113
f 7382 7381 7383 7384
f 7382 7384 7115 7114
f 7384 7383 7385 7122
f 7384 7122 7117 7115
f 7385 7383 7386 7387
f 7385 7387 7388 7125
f 7385 7125 7123 7122
f 7388 7387 1244 1243
f 7388 1243 1237 7389
f 7388 7389 7126 7125
f 7389 1237 1236 7146
f 7389 7146 7127 7126
f 7387 7386 1245 1244
f 7386 7383 7381 7390
f 7386 7390 7391 1245
f 7391 7390 7392 7393
f 7391 7393 1310 1257
f 7391 1257 1246 1245
f 7393 7392 7394 7395
f 7393 7395 1294 1310
f 7395 7394 7396 7397
f 7395 7397 1295 1294
f 7397 7396 7398 7399
f 7397 7399 1298 1295
f 7399 7398 7400 7401
f 7399 7401 3463 1298
f 7401 7400 7402 7403
f 7401 7403 3429 3463
f 7403 7402 7404 7405
f 7403 7405 3427 3429
f 7405 7404 7406 7407
f 7405 7407 3428 3427
f 7407 7406 7408 3455
f 7407 3455 3454 3428
f 7408 7409 7410 7411
f 7408 7411 3448 3455
f 7408 7406 7412 7409
f 7412 3419 3418 7409
f 7412 7406 7404 7413
f 7412 7413 7414 3419
f 7414 7415 3414 3419
f 7414 7413 7416 7417
f 7414 7417 7418 7415
f 7418 7419 7420 7415
f 7418 7417 7421 7422
f 7418 7422 7423 7419
f 7423 7424 7425 7419
f 7423 7422 7373 7371
f 7423 7371 7369 7424
f 7425 7426 7427 7428
f 7425 7428 7420 7419
f 7425 7424 7429 7426
f 7429 7430 7431 7426
f 7429 7424 7369 7367
f 7429 7367 7365 7430
f 7431 7432 7433 7434
f 7431 7434 7427 7426
f 7431 7430 7435 7432
f 7435 7436 7437 7432
f 7435 7430 7365 7363
f 7435 7363 7360 7436
f 7437 7438 7439 7440
f 7437 7440 7433 7432
f 7437 7436 7357 7438
f 7440 7439 7441 7442
f 7440 7442 3405 7433
f 7442 7441 7443 7444
f 7442 7444 3406 3405
f 7444 7443 7445 7446
f 7444 7446 3407 3406
f 7446 7445 7447 7448
f 7446 7448 7449 3407
f 7449 7448 7410 3417
f 7449 3417 3416 7450
f 7449 7450 3408 3407
f 7450 3416 3415 7451
f 7450 7451 3409 3408
f 7451 3415 7420 7428
f 7451 7428 7427 3409
f 7448 7447 7411 7410
f 7447 3449 3448 7411
f 7447 7445 7452 3449
f 7452 7453 3450 3449
f 7452 7445 7443 7454
f 7452 7454 7347 7453
f 7454 7443 7441 7350
f 7454 7350 7348 7347
f 7453 7455 3451 3450
f 7453 7347 7345 7455
f 7455 7456 7457 3451
f 7455 7345 7343 7456
f 7457 7458 3435 3438
f 7457 3438 3452 3451
f 7457 7456 7459 7458
f 7459 3468 3467 7458
f 7459 7456 7343 7342
f 7459 7342 3469 3468
f 7458 3467 3436 3435
f 7441 7439 7351 7350
f 7439 7438 7352 7351
f 7438 7357 7354 7352
f 7436 7360 7358 7357
f 7434 7433 3405 3404
f 7434 3404 3409 7427
f 7422 7421 7460 7373
f 7460 7421 7461 7462
f 7460 7462 7463 7376
f 7460 7376 7374 7373
f 7463 7462 7398 7396
f 7463 7396 7394 7379
f 7463 7379 7377 7376
f 7462 7461 7400 7398
f 7461 7421 7417 7416
f 7461 7416 7402 7400
f 7420 3415 3414 7415
f 7416 7413 7404 7402
f 7410 7409 3418 3417
f 7394 7392 7380 7379
f 7392 7390 7381 7380
f 7327 7325 3464 3469
f 7321 7464 7465 7466
f 7321 7466 7317 7316
f 7321 7320 7467 7464
f 7467 7468 7469 7464
f 7467 7320 1279 1278
f 7467 1278 1277 7468
f 7469 7040 7037 7036
f 7469 7036 7465 7464
f 7469 7468 7470 7040
f 7470 7045 7041 7040
f 7470 7468 1277 1276
f 7470 1276 7471 7045
f 7471 7050 7046 7045
f 7471 1276 1268 1267
f 7471 1267 7052 7050
f 7466 7465 7032 7472
f 7466 7472 7473 7317
f 7473 7472 7474 7475
f 7473 7475 7476 7477
f 7473 7477 7318 7317
f 7477 7476 3490 7478
f 7477 7478 7311 7318
f 7478 3490 3488 7479
f 7478 7479 7312 7311
f 7479 3488 3487 7480
f 7479 7480 7303 7312
f 7480 3487 3493 7481
f 7480 7481 7304 7303
f 7481 3493 3494 7482
f 7481 7482 7297 7304
f 7482 3494 7483 7293
f 7482 7293 7292 7297
f 7483 3494 3491 3492
f 7483 3492 7484 7289
f 7483 7289 7288 7293
f 7484 3492 3489 7485
f 7484 7485 7486 7285
f 7484 7285 7284 7289
f 7486 7485 7487 7488
f 7486 7488 7489 7281
f 7486 7281 7280 7285
f 7489 7488 7490 7491
f 7489 7491 7492 7493
f 7489 7493 7282 7281
f 7493 7492 7494 916
f 7493 916 915 7282
f 7494 7492 7495 7496
f 7494 7496 7497 3736
f 7494 3736 917 916
f 7497 7496 3743 3742
f 7497 3742 3746 913
f 7497 913 912 3736
f 7496 7495 7498 3743
f 7498 7499 7500 7501
f 7498 7501 3737 3743
f 7498 7495 7502 7499
f 7502 7503 7504 7499
f 7502 7495 7492 7491
f 7502 7491 7490 7503
f 7504 7505 7506 7507
f 7504 7507 7500 7499
f 7504 7503 7508 7505
f 7508 3497 7509 7505
f 7508 7503 7490 7510
f 7508 7510 540 3497
f 7510 7490 7488 7487
f 7510 7487 537 540
f 7509 7511 7512 7513
f 7509 7513 7506 7505
f 7509 3497 3496 7511
f 7513 7512 7514 7515
f 7513 7515 7516 7506
f 7516 7515 7517 7518
f 7516 7518 7519 7520
f 7516 7520 7507 7506
f 7520 7519 7521 7522
f 7520 7522 7500 7507
f 7522 7521 7523 7524
f 7522 7524 7501 7500
f 7524 7523 7525 3738
f 7524 3738 3737 7501
f 7525 7523 7526 7527
f 7525 7527 903 7528
f 7525 7528 3739 3738
f 7528 903 902 7529
f 7528 7529 3740 3739
f 7529 902 901 7530
f 7529 7530 7531 3740
f 7531 7530 7532 7533
f 7531 7533 7196 7534
f 7531 7534 3741 3740
f 7534 7196 7195 7201
f 7534 7201 3744 3741
f 7533 7532 976 7192
f 7533 7192 7191 7196
f 7532 7530 901 7535
f 7532 7535 977 976
f 7535 901 900 7536
f 7535 7536 978 977
f 7536 900 899 7537
f 7536 7537 7538 978
f 7538 7537 7539 7540
f 7538 7540 7010 7009
f 7538 7009 979 978
f 7540 7539 7541 974
f 7540 974 973 7010
f 7541 7542 7543 7544
f 7541 7544 969 974
f 7541 7539 908 7542
f 7544 7543 7545 7546
f 7544 7546 970 969
f 7546 7545 7547 7548
f 7546 7548 7549 970
f 7549 7548 959 958
f 7549 958 966 7550
f 7549 7550 967 970
f 7550 966 944 943
f 7550 943 948 967
f 7548 7547 960 959
f 7547 7551 7552 960
f 7547 7545 7553 7551
f 7553 7554 7555 7551
f 7553 7545 7543 7556
f 7553 7556 7557 7554
f 7557 7558 7559 7554
f 7557 7556 7560 7561
f 7557 7561 7562 7558
f 7562 7563 7564 7558
f 7562 7561 905 907
f 7562 907 7565 7563
f 7565 7566 7567 7563
f 7565 907 904 7568
f 7565 7568 7569 7566
f 7569 7570 7571 7566
f 7569 7568 7527 7526
f 7569 7526 7572 7570
f 7572 7573 7574 7570
f 7572 7526 7523 7521
f 7572 7521 7519 7573
f 7574 7575 7576 7577
f 7574 7577 7571 7570
f 7574 7573 7578 7575
f 7578 7579 7580 7575
f 7578 7573 7519 7518
f 7578 7518 7517 7579
f 7580 7581 7582 7583
f 7580 7583 7576 7575
f 7580 7579 7584 7581
f 7584 7585 7586 7581
f 7584 7579 7517 7587
f 7584 7587 7588 7585
f 7588 7589 7590 7585
f 7588 7587 7514 7591
f 7588 7591 7021 7589
f 7591 7514 7512 7592
f 7591 7592 7022 7021
f 7592 7512 7511 7593
f 7592 7593 7023 7022
f 7593 7511 3496 7594
f 7593 7594 7025 7023
f 7594 3496 3495 7595
f 7594 7595 7027 7025
f 7595 3495 7476 7475
f 7595 7475 7474 7027
f 7590 7013 7012 7596
f 7590 7596 7586 7585
f 7590 7589 7015 7013
f 7596 7012 7006 7597
f 7596 7597 7598 7586
f 7598 7597 7002 7599
f 7598 7599 7600 7582
f 7598 7582 7581 7586
f 7600 7599 6997 7601
f 7600 7601 7602 7603
f 7600 7603 7583 7582
f 7603 7602 7604 7605
f 7603 7605 7576 7583
f 7605 7604 7606 7607
f 7605 7607 7577 7576
f 7607 7606 7608 7609
f 7607 7609 7571 7577
f 7609 7608 7610 7567
f 7609 7567 7566 7571
f 7610 7608 7611 7612
f 7610 7612 7613 7564
f 7610 7564 7563 7567
f 7613 7612 7614 7615
f 7613 7615 7616 7559
f 7613 7559 7558 7564
f 7616 7615 7617 7618
f 7616 7618 7619 7555
f 7616 7555 7554 7559
f 7619 7618 7620 7621
f 7619 7621 7622 7552
f 7619 7552 7551 7555
f 7622 7621 7623 7624
f 7622 7624 962 961
f 7622 961 960 7552
f 7624 7623 7625 7626
f 7624 7626 963 962
f 7626 7625 7627 7628
f 7626 7628 7629 963
f 7629 7628 7630 7631
f 7629 7631 7632 7633
f 7629 7633 964 963
f 7633 7632 950 949
f 7633 949 953 964
f 7632 7631 7634 7635
f 7632 7635 7636 950
f 7636 7635 7637 7638
f 7636 7638 7639 7640
f 7636 7640 951 950
f 7640 7639 7641 7642
f 7640 7642 957 951
f 7642 7643 7644 957
f 7642 7641 7645 7643
f 7645 7646 7647 7643
f 7645 7641 7648 7649
f 7645 7649 7650 7646
f 7650 1141 1140 7646
f 7650 7649 7651 7652
f 7650 7652 1137 1141
f 7652 7651 7653 7654
f 7652 7654 1138 1137
f 7654 7653 1161 7655
f 7654 7655 6916 1138
f 7655 6921 6917 6916
f 7655 1161 1160 6921
f 7653 7651 7656 7657
f 7653 7657 1157 1161
f 7657 7658 1158 1157
f 7657 7656 7659 7658
f 7659 7660 7661 7658
f 7659 7656 7648 7662
f 7659 7662 7663 7660
f 7663 7664 7665 7660
f 7663 7662 7639 7638
f 7663 7638 7637 7664
f 7665 7666 6940 7667
f 7665 7667 7661 7660
f 7665 7664 7668 7666
f 7668 7669 6945 7666
f 7668 7664 7637 7670
f 7668 7670 7671 7669
f 7671 7672 6950 7669
f 7671 7670 7634 7673
f 7671 7673 7674 7672
f 7674 7675 6955 7672
f 7674 7673 7630 7676
f 7674 7676 7677 7675
f 7677 7678 6960 7675
f 7677 7676 7627 7679
f 7677 7679 7680 7678
f 7680 7681 6965 7678
f 7680 7679 7682 7683
f 7680 7683 7684 7681
f 7684 7685 6970 7681
f 7684 7683 7686 7687
f 7684 7687 7688 7685
f 7688 6976 6974 7685
f 7688 7687 7689 7690
f 7688 7690 6978 6976
f 7690 7689 7691 7692
f 7690 7692 7693 6978
f 7693 6982 6979 6978
f 7693 7692 7694 7695
f 7693 7695 7696 6982
f 7696 6987 6983 6982
f 7696 7695 7697 7698
f 7696 7698 7699 6987
f 7699 6992 6988 6987
f 7699 7698 7604 7602
f 7699 7602 7601 6992
f 7698 7697 7606 7604
f 7697 7695 7694 7611
f 7697 7611 7608 7606
f 7694 7692 7691 7614
f 7694 7614 7612 7611
f 7691 7689 7700 7617
f 7691 7617 7615 7614
f 7700 7689 7687 7686
f 7700 7686 7701 7620
f 7700 7620 7618 7617
f 7701 7686 7683 7682
f 7701 7682 7625 7623
f 7701 7623 7621 7620
f 7685 6974 6971 6970
f 7682 7679 7627 7625
f 7681 6970 6966 6965
f 7678 6965 6961 6960
f 7676 7630 7628 7627
f 7675 6960 6956 6955
f 7673 7634 7631 7630
f 7672 6955 6951 6950
f 7670 7637 7635 7634
f 7669 6950 6946 6945
f 7667 6940 6936 6935
f 7667 6935 7702 7661
f 7702 6935 6931 6930
f 7702 6930 1159 1158
f 7702 1158 7658 7661
f 7666 6945 6941 6940
f 7662 7648 7641 7639
f 7656 7651 7649 7648
f 7647 7703 7704 7705
f 7647 7705 7644 7643
f 7647 7646 1140 7703
f 7705 7704 7706 7707
f 7705 7707 7708 7644
f 7708 7707 939 938
f 7708 938 937 954
f 7708 954 957 7644
f 7707 7706 7709 939
f 7709 7710 6891 7711
f 7709 7711 933 939
f 7709 7706 7712 7710
f 7712 6896 6894 7710
f 7712 7706 7704 7713
f 7712 7713 6898 6896
f 7713 7704 7703 7714
f 7713 7714 6900 6898
f 7714 7703 1140 1136
f 7714 1136 1135 6900
f 7711 6891 6888 7715
f 7711 7715 934 933
f 7715 6888 6887 7716
f 7715 7716 7717 934
f 7717 7716 7718 7719
f 7717 7719 7720 7721
f 7717 7721 935 934
f 7721 7720 7722 7723
f 7721 7723 942 935
f 7723 7722 7724 7725
f 7723 7725 7726 942
f 7726 7725 7727 7728
f 7726 7728 7729 7730
f 7726 7730 940 942
f 7730 7729 7731 7732
f 7730 7732 941 940
f 7732 7731 7733 7734
f 7732 7734 7735 941
f 7735 7736 936 941
f 7735 7734 7737 7738
f 7735 7738 7739 7736
f 7739 956 955 7736
f 7739 7738 7740 7741
f 7739 7741 7742 956
f 7742 7743 952 956
f 7742 7741 946 945
f 7742 945 944 7743
f 7743 965 953 952
f 7743 944 966 965
f 7741 7740 7744 946
f 7744 7740 7745 7746
f 7744 7746 7747 7748
f 7744 7748 947 946
f 7748 7747 7749 968
f 7748 968 948 947
f 7749 7747 7750 7751
f 7749 7751 7001 971
f 7749 971 72 968
f 7751 7750 7752 6996
f 7751 6996 6995 7001
f 7752 7750 7753 7754
f 7752 7754 7755 6991
f 7752 6991 6990 6996
f 7755 7754 7756 7757
f 7755 7757 3650 6986
f 7755 6986 6985 6991
f 7757 7756 7758 7759
f 7757 7759 3646 3650
f 7759 7758 7760 7761
f 7759 7761 3647 3646
f 7761 7760 7762 7763
f 7761 7763 7764 3647
f 7764 7763 3729 3728
f 7764 3728 3727 7765
f 7764 7765 3648 3647
f 7765 3727 3656 7766
f 7765 7766 3649 3648
f 7766 3656 3655 7767
f 7766 7767 7768 3649
f 7768 7767 7769 7770
f 7768 7770 7771 7772
f 7768 7772 3644 3649
f 7772 7771 7773 6973
f 7772 6973 3645 3644
f 7773 7771 7774 7775
f 7773 7775 7776 6969
f 7773 6969 6968 6973
f 7776 7775 7777 7778
f 7776 7778 7779 6964
f 7776 6964 6963 6969
f 7779 7778 7780 7781
f 7779 7781 7782 6959
f 7779 6959 6958 6964
f 7782 7781 7783 7784
f 7782 7784 7785 6954
f 7782 6954 6953 6959
f 7785 7784 7786 7787
f 7785 7787 7788 6949
f 7785 6949 6948 6954
f 7788 7787 7789 7790
f 7788 7790 7791 6944
f 7788 6944 6943 6949
f 7791 7790 7792 7793
f 7791 7793 7794 6939
f 7791 6939 6938 6944
f 7794 7793 7795 7796
f 7794 7796 7797 6934
f 7794 6934 6933 6939
f 7797 7796 7798 7799
f 7797 7799 7800 6929
f 7797 6929 6928 6934
f 7800 7799 7801 7802
f 7800 7802 7803 6925
f 7800 6925 6924 6929
f 7803 7802 7804 7805
f 7803 7805 7806 6920
f 7803 6920 6919 6925
f 7806 7805 7807 7808
f 7806 7808 7809 6915
f 7806 6915 6914 6920
f 7809 7808 7810 7811
f 7809 7811 7812 6911
f 7809 6911 6910 6915
f 7812 7811 7813 7814
f 7812 7814 7815 6907
f 7812 6907 6906 6911
f 7815 7814 7816 664
f 7815 664 663 7817
f 7815 7817 6908 6907
f 7817 663 666 1146
f 7817 1146 1145 6908
f 7816 7818 7819 7820
f 7816 7820 660 664
f 7816 7814 7813 7818
f 7820 7819 7821 7822
f 7820 7822 661 660
f 7822 7821 7823 7824
f 7822 7824 7825 661
f 7825 7824 7826 7827
f 7825 7827 7828 7829
f 7825 7829 662 661
f 7829 7828 7830 7831
f 7829 7831 7832 662
f 7832 7831 7833 7834
f 7832 7834 6871 7835
f 7832 7835 10 662
f 7835 6871 6870 6875
f 7835 6875 665 10
f 7834 7833 7836 6866
f 7834 6866 6865 6871
f 7836 7833 1053 1052
f 7836 1052 7837 6861
f 7836 6861 6860 6866
f 7837 1052 1051 7838
f 7837 7838 7839 6856
f 7837 6856 6855 6861
f 7839 7838 7840 7841
f 7839 7841 7842 6851
f 7839 6851 6850 6856
f 7842 7841 1046 7843
f 7842 7843 1036 1035
f 7842 1035 6846 6851
f 7843 1046 1043 7844
f 7843 7844 7845 1036
f 7845 7844 7846 7847
f 7845 7847 7848 7849
f 7845 7849 1037 1036
f 7849 7848 7850 6830
f 7849 6830 6829 1037
f 7850 7848 1096 7851
f 7850 7851 7852 6826
f 7850 6826 6825 6830
f 7852 7851 7853 7854
f 7852 7854 7855 6821
f 7852 6821 6820 6826
f 7855 7854 7856 7857
f 7855 7857 7858 7859
f 7855 7859 6822 6821
f 7859 7858 7860 7861
f 7859 7861 6823 6822
f 7861 7860 1107 7862
f 7861 7862 1027 6823
f 7862 1107 1106 6798
f 7862 6798 1024 1027
f 7860 7858 7863 7864
f 7860 7864 1108 1107
f 7864 7863 7865 1070
f 7864 1070 1069 1108
f 7865 7866 7867 7868
f 7865 7868 1071 1070
f 7865 7863 7869 7866
f 7869 7870 7871 7866
f 7869 7863 7858 7857
f 7869 7857 7856 7870
f 7871 1072 7872 7873
f 7871 7873 7867 7866
f 7871 7870 1073 1072
f 7872 1072 1071 7868
f 7870 7856 7874 1073
f 7856 7854 7853 7874
f 7851 1096 1095 7853
f 7848 7847 1097 1096
f 7847 7846 1098 1097
f 7846 1042 7875 1098
f 7846 7844 1043 1042
f 7875 7876 1091 1093
f 7875 1093 1081 1098
f 7875 1042 1041 7876
f 7876 1084 1083 1091
f 7876 1041 1040 1084
f 7841 7840 1044 1046
f 7840 1054 1045 1044
f 7840 7838 1051 1054
f 7833 7831 7830 1053
f 7830 7828 7877 1050
f 7830 1050 85 1053
f 7877 7878 7879 7880
f 7877 7880 1049 1050
f 7877 7828 7827 7878
f 7880 7879 7881 7882
f 7880 7882 856 1049
f 7882 7881 693 692
f 7882 692 53 856
f 7881 7883 7884 693
f 7881 7879 7885 7883
f 7885 7886 7887 7883
f 7885 7879 7878 7888
f 7885 7888 7889 7886
f 7889 7890 7891 7886
f 7889 7888 7826 7892
f 7889 7892 7893 7890
f 7893 7894 7895 7890
f 7893 7892 7823 7896
f 7893 7896 7897 7894
f 7897 7898 7899 7894
f 7897 7896 7900 7901
f 7897 7901 7902 7898
f 7902 7903 7904 7898
f 7902 7901 7905 7906
f 7902 7906 7907 7903
f 7907 7908 7909 7903
f 7907 7906 7910 7911
f 7907 7911 7912 7908
f 7912 7913 7914 7908
f 7912 7911 7915 7916
f 7912 7916 7917 7913
f 7917 7918 7919 7913
f 7917 7916 7920 7921
f 7917 7921 7922 7918
f 7922 7923 7924 7918
f 7922 7921 7925 7926
f 7922 7926 7927 7923
f 7927 7928 7929 7923
f 7927 7926 7930 7931
f 7927 7931 7932 7928
f 7932 3512 3516 7928
f 7932 7931 7933 7934
f 7932 7934 3513 3512
f 7934 7933 7935 7936
f 7934 7936 7937 3513
f 7937 7938 3514 3513
f 7937 7936 7939 7940
f 7937 7940 7941 7938
f 7941 7942 7943 7938
f 7941 7940 7944 7945
f 7941 7945 7946 7942
f 7946 3500 3499 7942
f 7946 7945 7947 7948
f 7946 7948 3501 3500
f 7948 7947 7949 7950
f 7948 7950 7951 3501
f 7951 7952 3502 3501
f 7951 7950 7953 7954
f 7951 7954 7955 7952
f 7955 7956 7957 7958
f 7955 7958 7959 7952
f 7955 7954 7960 7956
f 7960 7954 7953 7961
f 7960 7961 7777 7962
f 7960 7962 7963 7956
f 7963 7964 7965 7966
f 7963 7966 7957 7956
f 7963 7962 7774 7964
f 7966 7965 7967 7968
f 7966 7968 7969 7957
f 7969 7968 7970 7971
f 7969 7971 7972 7973
f 7969 7973 7958 7957
f 7973 7972 7974 7975
f 7973 7975 7959 7958
f 7975 7974 7976 7977
f 7975 7977 3503 7959
f 7977 7976 7978 7979
f 7977 7979 3498 3503
f 7979 7978 7980 7981
f 7979 7981 3499 3498
f 7981 7980 3517 7943
f 7981 7943 7942 3499
f 7980 7978 7982 7983
f 7980 7983 3518 3517
f 7983 7982 7984 7985
f 7983 7985 3519 3518
f 7985 7984 7986 7987
f 7985 7987 7988 3519
f 7988 7987 7989 7990
f 7988 7990 7991 7992
f 7988 7992 3515 3519
f 7992 7991 7993 7994
f 7992 7994 3516 3515
f 7994 7993 7995 7929
f 7994 7929 7928 3516
f 7995 7993 7996 7997
f 7995 7997 7998 7924
f 7995 7924 7923 7929
f 7998 7997 7999 8000
f 7998 8000 8001 7919
f 7998 7919 7918 7924
f 8001 8000 8002 8003
f 8001 8003 8004 7914
f 8001 7914 7913 7919
f 8004 8003 8005 8006
f 8004 8006 8007 7909
f 8004 7909 7908 7914
f 8007 8006 8008 8009
f 8007 8009 8010 7904
f 8007 7904 7903 7909
f 8010 8009 8011 8012
f 8010 8012 8013 7899
f 8010 7899 7898 7904
f 8013 8012 8014 8015
f 8013 8015 8016 7895
f 8013 7895 7894 7899
f 8016 8015 8017 8018
f 8016 8018 8019 7891
f 8016 7891 7890 7895
f 8019 8018 8020 8021
f 8019 8021 8022 7887
f 8019 7887 7886 7891
f 8022 8021 8023 701
f 8022 701 700 7884
f 8022 7884 7883 7887
f 8023 8024 8025 703
f 8023 703 702 701
f 8023 8021 8020 8024
f 8025 8026 8027 8028
f 8025 8028 704 703
f 8025 8024 8029 8026
f 8029 8030 8031 8026
f 8029 8024 8020 8032
f 8029 8032 8033 8030
f 8033 8034 8035 8030
f 8033 8032 8017 8036
f 8033 8036 8037 8034
f 8037 8038 8039 8034
f 8037 8036 8014 8040
f 8037 8040 8041 8038
f 8041 8042 8043 8038
f 8041 8040 8011 8044
f 8041 8044 8045 8042
f 8045 8046 8047 8042
f 8045 8044 8008 8048
f 8045 8048 8049 8046
f 8049 8050 4297 8046
f 8049 8048 8005 8051
f 8049 8051 8052 8050
f 8052 8053 4301 8050
f 8052 8051 8002 8054
f 8052 8054 8055 8053
f 8055 8056 4306 8053
f 8055 8054 7999 8057
f 8055 8057 8058 8056
f 8058 8059 4311 8056
f 8058 8057 7996 8060
f 8058 8060 8061 8059
f 8061 8062 4315 8059
f 8061 8060 7991 7990
f 8061 7990 7989 8062
f 8062 3551 4316 4315
f 8062 7989 3552 3551
f 8060 7996 7993 7991
f 8059 4315 4312 4311
f 8057 7999 7997 7996
f 8056 4311 4307 4306
f 8054 8002 8000 7999
f 8053 4306 4302 4301
f 8051 8005 8003 8002
f 8050 4301 4298 4297
f 8048 8008 8006 8005
f 8047 4295 4293 4292
f 8047 4292 8043 8042
f 8047 8046 4297 4295
f 8044 8011 8009 8008
f 8043 4292 4288 4287
f 8043 4287 8039 8038
f 8040 8014 8012 8011
f 8039 4287 4283 4282
f 8039 4282 8035 8034
f 8036 8017 8015 8014
f 8035 4282 4278 4277
f 8035 4277 8031 8030
f 8032 8020 8018 8017
f 8031 4277 4273 4272
f 8031 4272 8027 8026
f 8028 8027 4267 8063
f 8028 8063 708 704
f 8063 4267 4264 4263
f 8063 4263 8064 708
f 8064 4263 4259 4258
f 8064 4258 8065 8066
f 8064 8066 705 708
f 8066 8065 8067 8068
f 8066 8068 706 705
f 8068 8067 8069 8070
f 8068 8070 8071 706
f 8071 8070 8072 8073
f 8071 8073 8074 8075
f 8071 8075 707 706
f 8075 8074 8076 8077
f 8075 8077 699 707
f 8077 8076 8078 697
f 8077 697 696 699
f 8078 8076 8079 8080
f 8078 8080 8081 8082
f 8078 8082 695 697
f 8082 8081 8083 855
f 8082 855 694 695
f 8083 8081 6732 6731
f 8083 6731 849 848
f 8083 848 853 855
f 8081 8080 8084 6732
f 8084 8080 8079 8085
f 8084 8085 8086 6727
f 8084 6727 6726 6732
f 8086 8085 8087 8088
f 8086 8088 8089 6722
f 8086 6722 6721 6727
f 8089 8088 8090 8091
f 8089 8091 8092 6717
f 8089 6717 6716 6722
f 8092 8091 8093 8094
f 8092 8094 8095 6713
f 8092 6713 6712 6717
f 8095 8094 8096 8097
f 8095 8097 8098 6709
f 8095 6709 6708 6713
f 8098 8097 8099 8100
f 8098 8100 8101 6705
f 8098 6705 6704 6709
f 8101 8100 8102 8103
f 8101 8103 8104 6701
f 8101 6701 6700 6705
f 8104 8103 8105 8106
f 8104 8106 8107 6697
f 8104 6697 6696 6701
f 8107 8106 8108 8109
f 8107 8109 8110 6694
f 8107 6694 6693 6697
f 8110 8109 8111 8112
f 8110 8112 8113 2714
f 8110 2714 2713 6694
f 8113 8112 8114 8115
f 8113 8115 8116 8117
f 8113 8117 2710 2714
f 8117 8116 8118 8119
f 8117 8119 2711 2710
f 8119 8118 8120 8121
f 8119 8121 8122 2711
f 8122 8121 8123 8124
f 8122 8124 8125 8126
f 8122 8126 2712 2711
f 8126 8125 6571 2722
f 8126 2722 392 2712
f 8125 8124 8127 6566
f 8125 6566 6565 6571
f 8127 8124 8123 8128
f 8127 8128 8129 6561
f 8127 6561 6560 6566
f 8129 8128 8130 8131
f 8129 8131 8132 6556
f 8129 6556 6555 6561
f 8132 8131 8133 8134
f 8132 8134 8135 6552
f 8132 6552 6551 6556
f 8135 8134 8136 8137
f 8135 8137 8138 6548
f 8135 6548 6547 6552
f 8138 8137 8139 8140
f 8138 8140 8141 6544
f 8138 6544 6543 6548
f 8141 8140 8142 8143
f 8141 8143 8144 6539
f 8141 6539 6538 6544
f 8144 8143 8145 8146
f 8144 8146 8147 6534
f 8144 6534 6533 6539
f 8147 8146 8148 8149
f 8147 8149 8150 6529
f 8147 6529 6528 6534
f 8150 8149 8151 8152
f 8150 8152 8153 6524
f 8150 6524 6523 6529
f 8153 8152 8154 8155
f 8153 8155 8156 6519
f 8153 6519 6518 6524
f 8156 8155 8157 8158
f 8156 8158 8159 6514
f 8156 6514 6513 6519
f 8159 8158 8160 8161
f 8159 8161 8162 6509
f 8159 6509 6508 6514
f 8162 8161 8163 8164
f 8162 8164 8165 6504
f 8162 6504 6503 6509
f 8165 8164 8166 8167
f 8165 8167 8168 6499
f 8165 6499 6498 6504
f 8168 8167 8169 8170
f 8168 8170 8171 6494
f 8168 6494 6493 6499
f 8171 8170 8172 8173
f 8171 8173 8174 6489
f 8171 6489 6488 6494
f 8174 8173 8175 8176
f 8174 8176 8177 6484
f 8174 6484 6483 6489
f 8177 8176 8178 8179
f 8177 8179 825 828
f 8177 828 6479 6484
f 8179 8178 8180 8181
f 8179 8181 826 825
f 8181 8180 8182 8183
f 8181 8183 8184 826
f 8184 8183 8185 770
f 8184 770 769 829
f 8184 829 824 826
f 8185 8186 8187 8188
f 8185 8188 771 770
f 8185 8183 8182 8186
f 8188 8187 760 759
f 8188 759 762 771
f 8187 8189 680 760
f 8187 8186 8190 8189
f 8190 8191 8192 8189
f 8190 8186 8182 8193
f 8190 8193 8194 8191
f 8194 655 657 8191
f 8194 8193 8195 8196
f 8194 8196 656 655
f 8196 8195 8197 8198
f 8196 8198 8199 656
f 8199 8200 652 656
f 8199 8198 8201 8202
f 8199 8202 8203 8200
f 8203 8204 8205 8200
f 8203 8202 8206 8207
f 8203 8207 8208 8204
f 8208 8209 8210 8204
f 8208 8207 8211 8212
f 8208 8212 8213 8209
f 8213 8214 8215 8209
f 8213 8212 8216 8217
f 8213 8217 8218 8214
f 8218 8219 8220 8214
f 8218 8217 8221 8222
f 8218 8222 8223 8219
f 8223 8224 8225 8219
f 8223 8222 8226 8227
f 8223 8227 8228 8224
f 8228 8229 8230 8224
f 8228 8227 8231 8232
f 8228 8232 8233 8229
f 8233 8234 8235 8229
f 8233 8232 8236 8237
f 8233 8237 8238 8234
f 8238 8239 8240 8234
f 8238 8237 8241 8242
f 8238 8242 8243 8239
f 8243 8244 8245 8239
f 8243 8242 8246 8247
f 8243 8247 8248 8244
f 8248 8249 8250 8244
f 8248 8247 8251 8252
f 8248 8252 8253 8249
f 8253 8254 8255 8249
f 8253 8252 8256 8257
f 8253 8257 8258 8254
f 8258 8259 8260 8254
f 8258 8257 8261 8262
f 8258 8262 8263 8259
f 8263 8264 8265 8259
f 8263 8262 8266 8267
f 8263 8267 8268 8264
f 8268 8269 8270 8264
f 8268 8267 8271 8272
f 8268 8272 8273 8269
f 8273 8274 8275 8269
f 8273 8272 8276 8120
f 8273 8120 8118 8274
f 8276 8272 8271 8130
f 8276 8130 8128 8123
f 8276 8123 8121 8120
f 8275 8277 8278 8279
f 8275 8279 8270 8269
f 8275 8274 8280 8277
f 8280 8281 8282 8277
f 8280 8274 8118 8116
f 8280 8116 8115 8281
f 8282 8283 8284 8285
f 8282 8285 8278 8277
f 8282 8281 8286 8283
f 8286 8287 8288 8283
f 8286 8281 8115 8114
f 8286 8114 8289 8287
f 8289 8290 8291 8287
f 8289 8114 8112 8111
f 8289 8111 8292 8290
f 8292 8293 8294 8290
f 8292 8111 8109 8108
f 8292 8108 8295 8293
f 8295 8296 8297 8293
f 8295 8108 8106 8105
f 8295 8105 8298 8296
f 8298 8299 8300 8296
f 8298 8105 8103 8102
f 8298 8102 8301 8299
f 8301 8302 8303 8299
f 8301 8102 8100 8099
f 8301 8099 8304 8302
f 8304 8305 8306 8302
f 8304 8099 8097 8096
f 8304 8096 8307 8305
f 8307 8308 8309 8305
f 8307 8096 8094 8093
f 8307 8093 8310 8308
f 8310 8311 8312 8308
f 8310 8093 8091 8090
f 8310 8090 8313 8311
f 8313 8314 8315 8311
f 8313 8090 8088 8087
f 8313 8087 8316 8314
f 8316 8074 8073 8314
f 8316 8087 8085 8079
f 8316 8079 8076 8074
f 8315 8072 8317 8318
f 8315 8318 8312 8311
f 8315 8314 8073 8072
f 8318 8317 8319 8320
f 8318 8320 8321 8312
f 8321 8320 8322 8323
f 8321 8323 8324 8309
f 8321 8309 8308 8312
f 8324 8323 8325 8326
f 8324 8326 8327 8306
f 8324 8306 8305 8309
f 8327 8326 2522 8328
f 8327 8328 8329 8303
f 8327 8303 8302 8306
f 8329 8328 8330 8331
f 8329 8331 8332 8300
f 8329 8300 8299 8303
f 8332 8331 8333 8334
f 8332 8334 8335 8297
f 8332 8297 8296 8300
f 8335 8334 8336 8337
f 8335 8337 8338 8294
f 8335 8294 8293 8297
f 8338 8337 8339 8340
f 8338 8340 8341 8291
f 8338 8291 8290 8294
f 8341 8340 8342 8343
f 8341 8343 8344 8288
f 8341 8288 8287 8291
f 8344 8343 8345 8346
f 8344 8346 8347 8284
f 8344 8284 8283 8288
f 8347 8346 8348 8349
f 8347 8349 8350 8351
f 8347 8351 8285 8284
f 8351 8350 8352 8353
f 8351 8353 8278 8285
f 8353 8352 8354 8355
f 8353 8355 8279 8278
f 8355 8354 8356 8357
f 8355 8357 8270 8279
f 8357 8356 8358 8265
f 8357 8265 8264 8270
f 8358 8356 8359 8360
f 8358 8360 8361 8260
f 8358 8260 8259 8265
f 8361 8360 8362 8363
f 8361 8363 8364 8255
f 8361 8255 8254 8260
f 8364 8363 8365 8366
f 8364 8366 8367 8250
f 8364 8250 8249 8255
f 8367 8366 8368 8369
f 8367 8369 8370 8245
f 8367 8245 8244 8250
f 8370 8369 8371 8372
f 8370 8372 8373 8240
f 8370 8240 8239 8245
f 8373 8372 8374 8375
f 8373 8375 8376 8235
f 8373 8235 8234 8240
f 8376 8375 8377 8378
f 8376 8378 8379 8230
f 8376 8230 8229 8235
f 8379 8378 8380 8381
f 8379 8381 8382 8225
f 8379 8225 8224 8230
f 8382 8381 8383 8384
f 8382 8384 8385 8220
f 8382 8220 8219 8225
f 8385 8384 8386 8387
f 8385 8387 8388 8215
f 8385 8215 8214 8220
f 8388 8387 3767 8389
f 8388 8389 8390 8210
f 8388 8210 8209 8215
f 8390 8389 8391 8392
f 8390 8392 653 8205
f 8390 8205 8204 8210
f 8392 8391 8393 8394
f 8392 8394 654 653
f 8394 8393 8395 8396
f 8394 8396 658 654
f 8396 8395 8397 8398
f 8396 8398 8399 658
f 8399 8398 8400 8401
f 8399 8401 8402 8403
f 8399 8403 659 658
f 8403 8402 8404 651
f 8403 651 648 659
f 8404 8402 8405 8406
f 8404 8406 8407 8408
f 8404 8408 649 651
f 8408 8407 667 673
f 8408 673 650 649
f 8407 8406 8409 8410
f 8407 8410 668 667
f 8410 8409 8411 8412
f 8410 8412 8413 668
f 8413 8412 629 8414
f 8413 8414 716 715
f 8413 715 669 668
f 8414 629 628 8415
f 8414 8415 8416 716
f 8416 616 615 716
f 8416 8415 635 8417
f 8416 8417 709 616
f 8417 635 634 8418
f 8417 8418 8419 709
f 8419 8420 622 624
f 8419 624 710 709
f 8419 8418 8421 8420
f 8421 8422 8423 8420
f 8421 8418 634 633
f 8421 633 8424 8422
f 8424 8425 8426 8422
f 8424 633 632 8427
f 8424 8427 8428 8425
f 8428 8429 8430 8425
f 8428 8427 8431 8432
f 8428 8432 8433 8429
f 8433 8434 8435 8429
f 8433 8432 8436 8437
f 8433 8437 8438 8434
f 8438 8439 8440 8434
f 8438 8437 8441 8442
f 8438 8442 8443 8439
f 8443 8444 8445 8439
f 8443 8442 8446 8447
f 8443 8447 8448 8444
f 8448 2419 2418 8444
f 8448 8447 8449 8450
f 8448 8450 8451 2419
f 8451 8452 2420 2419
f 8451 8450 8453 8454
f 8451 8454 8455 8452
f 8455 2534 8456 8452
f 8455 8454 55 861
f 8455 861 2535 2534
f 8456 8457 2422 2421
f 8456 2421 2420 8452
f 8456 2534 2533 8457
f 8457 8458 2386 2422
f 8457 2533 8459 8458
f 8459 8460 8461 8458
f 8459 2533 365 2541
f 8459 2541 8462 8460
f 8462 8463 8464 8460
f 8462 2541 2540 4107
f 8462 4107 8465 8463
f 8465 8466 8467 8463
f 8465 4107 4106 4110
f 8465 4110 8468 8466
f 8468 8469 8470 8466
f 8468 4110 4109 4114
f 8468 4114 8471 8469
f 8471 8472 8473 8469
f 8471 4114 4113 4119
f 8471 4119 8474 8472
f 8474 8475 8476 8472
f 8474 4119 4118 4124
f 8474 4124 8477 8475
f 8477 8478 8479 8475
f 8477 4124 4123 4129
f 8477 4129 8480 8478
f 8480 8481 8482 8478
f 8480 4129 4128 4133
f 8480 4133 8483 8481
f 8483 8484 8485 8481
f 8483 4133 2640 380
f 8483 380 2639 8484
f 8485 2543 2542 8486
f 8485 8486 8482 8481
f 8485 8484 2562 2543
f 8486 2542 2547 8487
f 8486 8487 8488 8482
f 8488 8487 8489 8490
f 8488 8490 8491 8479
f 8488 8479 8478 8482
f 8491 8490 8492 8493
f 8491 8493 8494 8476
f 8491 8476 8475 8479
f 8494 8493 8495 8496
f 8494 8496 8497 8473
f 8494 8473 8472 8476
f 8497 8496 8498 8499
f 8497 8499 8500 8470
f 8497 8470 8469 8473
f 8500 8499 8501 8502
f 8500 8502 8503 8467
f 8500 8467 8466 8470
f 8503 8502 8504 8505
f 8503 8505 8506 8464
f 8503 8464 8463 8467
f 8506 8505 8507 8508
f 8506 8508 2387 8461
f 8506 8461 8460 8464
f 8508 8507 8509 2388
f 8508 2388 335 2387
f 8509 2384 2383 8510
f 8509 8510 2389 2388
f 8509 8507 2385 2384
f 8510 2383 8511 8512
f 8510 8512 8513 2389
f 8513 8512 8514 8515
f 8513 8515 8516 8517
f 8513 8517 2390 2389
f 8517 8516 8518 8519
f 8517 8519 2391 2390
f 8519 8518 8520 8521
f 8519 8521 841 2391
f 8521 8520 8522 8523
f 8521 8523 838 841
f 8523 8522 8524 8525
f 8523 8525 839 838
f 8525 8524 8526 8527
f 8525 8527 2417 839
f 8527 8526 8528 8529
f 8527 8529 8445 2417
f 8529 8528 8530 8440
f 8529 8440 8439 8445
f 8530 8528 8531 8532
f 8530 8532 8533 8435
f 8530 8435 8434 8440
f 8533 8532 749 8534
f 8533 8534 8535 8430
f 8533 8430 8429 8435
f 8535 8534 8536 8537
f 8535 8537 8538 8426
f 8535 8426 8425 8430
f 8538 8537 8539 8540
f 8538 8540 8541 8423
f 8538 8423 8422 8426
f 8541 8540 8542 8543
f 8541 8543 3 622
f 8541 622 8420 8423
f 8543 8542 8544 8545
f 8543 8545 623 3
f 8545 8544 8546 712
f 8545 712 711 623
f 8546 8547 8548 8549
f 8546 8549 713 712
f 8546 8544 8550 8547
f 8550 8551 8552 8547
f 8550 8544 8542 8553
f 8550 8553 8554 8551
f 8554 8555 8556 8551
f 8554 8553 8539 8557
f 8554 8557 747 8555
f 8557 8539 8537 8536
f 8557 8536 748 747
f 8556 8558 8559 8560
f 8556 8560 8552 8551
f 8556 8555 8561 8558
f 8561 843 844 8558
f 8561 8555 747 746
f 8561 746 755 843
f 8560 8559 8562 8563
f 8560 8563 8564 8552
f 8564 8563 8565 8566
f 8564 8566 8567 8548
f 8564 8548 8547 8552
f 8567 8566 8568 8569
f 8567 8569 8570 8571
f 8567 8571 8549 8548
f 8571 8570 8572 714
f 8571 714 713 8549
f 8572 8570 734 8573
f 8572 8573 719 724
f 8572 724 619 714
f 8573 734 733 8574
f 8573 8574 720 719
f 8574 733 736 8575
f 8574 8575 8576 720
f 8576 8575 8577 8578
f 8576 8578 8579 8580
f 8576 8580 721 720
f 8580 8579 8581 8582
f 8580 8582 722 721
f 8582 8581 717 718
f 8582 718 621 722
f 8581 8579 688 690
f 8581 690 689 717
f 8579 8578 686 688
f 8578 8577 687 686
f 8577 8583 8584 687
f 8577 8575 736 8583
f 8584 732 679 678
f 8584 678 683 687
f 8584 8583 8585 732
f 8585 8586 730 732
f 8585 8583 736 726
f 8585 726 725 8586
f 8586 8587 731 730
f 8586 725 727 8587
f 8587 8588 857 731
f 8587 727 745 8588
f 8588 8589 858 857
f 8588 745 744 8589
f 8589 8590 8591 858
f 8589 744 743 8590
f 8591 8592 758 757
f 8591 757 756 858
f 8591 8590 8593 8592
f 8593 8594 8595 8592
f 8593 8590 743 8596
f 8593 8596 8597 8594
f 8597 786 8598 8594
f 8597 8596 741 740
f 8597 740 780 786
f 8598 8599 8600 8601
f 8598 8601 8595 8594
f 8598 786 785 8599
f 8601 8600 8602 8603
f 8601 8603 763 8595
f 8603 8602 8604 8605
f 8603 8605 761 763
f 8605 8604 765 764
f 8605 764 762 761
f 8604 8606 834 765
f 8604 8602 8607 8606
f 8607 8608 8609 8606
f 8607 8602 8600 8610
f 8607 8610 8611 8608
f 8611 812 818 8608
f 8611 8610 8612 779
f 8611 779 778 812
f 8612 8610 8600 8599
f 8612 8599 785 788
f 8612 788 776 779
f 8609 815 814 832
f 8609 832 834 8606
f 8609 8608 818 815
f 8596 743 742 741
f 8595 763 758 8592
f 8570 8569 735 734
f 8569 8568 737 735
f 8568 8613 738 737
f 8568 8566 8565 8613
f 8613 8614 8615 738
f 8613 8565 8616 8614
f 8616 8617 8618 8614
f 8616 8565 8563 8562
f 8616 8562 8619 8617
f 8619 807 795 8617
f 8619 8562 8559 8620
f 8619 8620 808 807
f 8620 8559 8558 844
f 8620 844 809 808
f 8618 792 791 8621
f 8618 8621 8615 8614
f 8618 8617 795 792
f 8621 791 783 782
f 8621 782 781 8615
f 8615 781 739 738
f 8553 8542 8540 8539
f 8536 8534 749 748
f 8532 8531 750 749
f 8531 8622 751 750
f 8531 8528 8526 8622
f 8622 8623 8624 751
f 8622 8526 8524 8623
f 8624 8625 8626 8627
f 8624 8627 752 751
f 8624 8623 8628 8625
f 8628 8629 8630 8625
f 8628 8623 8524 8522
f 8628 8522 8520 8629
f 8630 2414 348 2453
f 8630 2453 8626 8625
f 8630 8629 2416 2414
f 8629 8520 8518 2416
f 8627 8626 8631 8632
f 8627 8632 753 752
f 8632 8631 8633 8634
f 8632 8634 793 753
f 8634 8633 8635 8636
f 8634 8636 794 793
f 8636 8635 8637 803
f 8636 803 798 794
f 8637 8638 8639 8640
f 8637 8640 804 803
f 8637 8635 8641 8638
f 8641 8642 8643 8638
f 8641 8635 8633 8644
f 8641 8644 2398 8642
f 8644 8633 8631 2452
f 8644 2452 2399 2398
f 8643 8645 8646 8647
f 8643 8647 8639 8638
f 8643 8642 2340 8645
f 8647 8646 8648 8649
f 8647 8649 8650 8639
f 8650 8649 8651 8652
f 8650 8652 8653 8654
f 8650 8654 8640 8639
f 8654 8653 8655 805
f 8654 805 804 8640
f 8655 8653 8656 837
f 8655 837 836 8657
f 8655 8657 801 805
f 8657 836 835 8658
f 8657 8658 802 801
f 8658 835 813 817
f 8658 817 810 802
f 8656 8659 8660 8661
f 8656 8661 766 837
f 8656 8653 8652 8659
f 8661 8660 8662 8663
f 8661 8663 767 766
f 8663 8662 8664 8665
f 8663 8665 768 767
f 8665 8664 2454 831
f 8665 831 830 768
f 8664 2439 2442 2454
f 8664 8662 2440 2439
f 8662 8660 8666 2440
f 8666 8667 2441 2440
f 8666 8660 8659 8668
f 8666 8668 8669 8667
f 8669 8670 8671 8667
f 8669 8668 8651 8672
f 8669 8672 8673 8670
f 8673 8674 8675 8670
f 8673 8672 8648 2445
f 8673 2445 2444 8674
f 8675 8676 2437 2438
f 8675 2438 8671 8670
f 8675 8674 8677 8676
f 8677 8678 2432 8676
f 8677 8674 2444 2448
f 8677 2448 8679 8678
f 8679 8680 8681 8678
f 8679 2448 2447 2428
f 8679 2428 2425 8680
f 8681 8682 2434 2433
f 8681 2433 2432 8678
f 8681 8680 8683 8682
f 8683 8684 8685 8682
f 8683 8680 2425 2424
f 8683 2424 8686 8684
f 8686 8687 8688 8684
f 8686 2424 2423 2352
f 8686 2352 2349 8687
f 8688 8689 8690 8691
f 8688 8691 8685 8684
f 8688 8687 8692 8689
f 8692 8693 8694 8689
f 8692 8687 2349 2348
f 8692 2348 8695 8693
f 8695 8696 8697 8693
f 8695 2348 2347 8698
f 8695 8698 2370 8696
f 8698 2347 2351 2371
f 8698 2371 2369 2370
f 8697 8699 8700 8701
f 8697 8701 8694 8693
f 8697 8696 2365 8699
f 8701 8700 8702 8703
f 8701 8703 8704 8694
f 8704 8703 2319 2318
f 8704 2318 8705 8690
f 8704 8690 8689 8694
f 8705 2318 2317 2346
f 8705 2346 2345 8706
f 8705 8706 8691 8690
f 8706 2345 8707 8708
f 8706 8708 8685 8691
f 8708 8707 2429 2434
f 8708 2434 8682 8685
f 8707 2345 2344 2435
f 8707 2435 2430 2429
f 8703 8702 2320 2319
f 8702 8709 2321 2320
f 8702 8700 8710 8709
f 8710 8711 2372 8709
f 8710 8700 8699 8712
f 8710 8712 8713 8711
f 8713 8714 8715 8711
f 8713 8712 2363 2362
f 8713 2362 2327 8714
f 8715 8716 2374 2373
f 8715 2373 2372 8711
f 8715 8714 8717 8716
f 8717 8718 8719 8716
f 8717 8714 2327 2326
f 8717 2326 2325 8718
f 8719 8720 2313 8721
f 8719 8721 2374 8716
f 8719 8718 8722 8720
f 8722 8723 2303 8720
f 8722 8718 2325 8724
f 8722 8724 8725 8723
f 8725 8726 8727 8723
f 8725 8724 2368 2367
f 8725 2367 2288 8726
f 8727 2310 2305 2304
f 8727 2304 2303 8723
f 8727 8726 8728 2310
f 8728 8729 2307 2310
f 8728 8726 2288 2287
f 8728 2287 2266 8729
f 8729 2266 2265 8730
f 8729 8730 2308 2307
f 8730 2265 2264 8731
f 8730 8731 8732 2308
f 8732 8731 8733 2293
f 8732 2293 2292 2314
f 8732 2314 2309 2308
f 8733 8731 2264 8734
f 8733 8734 8735 8736
f 8733 8736 2289 2293
f 8736 8735 2245 8737
f 8736 8737 2290 2289
f 8737 2245 2228 8738
f 8737 8738 8739 2290
f 8739 8738 8740 8741
f 8739 8741 8742 8743
f 8739 8743 2291 2290
f 8743 8742 2242 2244
f 8743 2244 2294 2291
f 8742 8741 8744 8745
f 8742 8745 2240 2242
f 8745 8744 8746 8747
f 8745 8747 2241 2240
f 8747 8746 2627 2631
f 8747 2631 8748 2241
f 8748 2631 2630 8749
f 8748 8749 2552 2551
f 8748 2551 2235 2241
f 8749 2630 2633 8750
f 8749 8750 2553 2552
f 8750 2633 2654 2653
f 8750 2653 2655 2553
f 8746 8744 8751 8752
f 8746 8752 2628 2627
f 8752 8751 2230 8753
f 8752 8753 8754 2628
f 8754 8753 8755 8756
f 8754 8756 8757 8758
f 8754 8758 2629 2628
f 8758 8757 2637 2643
f 8758 2643 2636 2629
f 8757 8756 8759 8760
f 8757 8760 2638 2637
f 8760 8759 8761 8762
f 8760 8762 2558 2638
f 8762 8761 8763 8764
f 8762 8764 2559 2558
f 8764 8763 8765 8766
f 8764 8766 2560 2559
f 8766 8765 8767 8768
f 8766 8768 2545 2560
f 8768 8767 8769 8770
f 8768 8770 2546 2545
f 8770 8769 8771 8772
f 8770 8772 2547 2546
f 8772 8771 8773 8489
f 8772 8489 8487 2547
f 8773 8771 8774 8775
f 8773 8775 8776 8492
f 8773 8492 8490 8489
f 8776 8775 2253 8777
f 8776 8777 8778 8495
f 8776 8495 8493 8492
f 8778 8777 8779 8780
f 8778 8780 8781 8498
f 8778 8498 8496 8495
f 8781 8780 8782 8783
f 8781 8783 8784 8501
f 8781 8501 8499 8498
f 8784 8783 2381 2380
f 8784 2380 2385 8504
f 8784 8504 8502 8501
f 8783 8782 8785 2381
f 8785 8786 8787 8788
f 8785 8788 2382 2381
f 8785 8782 8789 8786
f 8789 2249 8790 8786
f 8789 8782 8780 8779
f 8789 8779 2250 2249
f 8790 2249 2248 8791
f 8790 8791 8792 8793
f 8790 8793 8787 8786
f 8793 8792 8794 8795
f 8793 8795 8796 8787
f 8796 8795 8797 8514
f 8796 8514 8512 8511
f 8796 8511 8788 8787
f 8797 8795 8794 8798
f 8797 8798 2412 2411
f 8797 2411 8515 8514
f 8798 8794 8799 8800
f 8798 8800 2415 2412
f 8800 8799 8801 8802
f 8800 8802 2402 2415
f 8802 8801 8803 8804
f 8802 8804 2403 2402
f 8804 8803 8805 8806
f 8804 8806 2404 2403
f 8806 8805 8807 8808
f 8806 8808 2408 2404
f 8808 8807 8809 8810
f 8808 8810 8811 2408
f 8811 8810 8812 8813
f 8811 8813 8814 2406
f 8811 2406 2405 2408
f 8814 8813 8815 2397
f 8814 2397 2396 2409
f 8814 2409 2407 2406
f 8815 8816 8817 2339
f 8815 2339 2338 2397
f 8815 8813 8812 8816
f 8817 2329 2328 8818
f 8817 8818 2333 2339
f 8817 8816 8819 2329
f 8819 8820 2330 2329
f 8819 8816 8812 8821
f 8819 8821 8822 8820
f 8822 8823 2366 8820
f 8822 8821 8809 8824
f 8822 8824 8825 8823
f 8825 8826 8827 8823
f 8825 8824 8828 8829
f 8825 8829 8830 8826
f 8830 8831 8832 8826
f 8830 8829 8833 8834
f 8830 8834 8835 8831
f 8835 2268 2267 8831
f 8835 8834 8836 8837
f 8835 8837 2273 2268
f 8837 8836 8838 2280
f 8837 2280 2274 2273
f 8838 8836 8839 8840
f 8838 8840 8841 2255
f 8838 2255 2252 2280
f 8841 8840 8842 8843
f 8841 8843 8792 8791
f 8841 8791 2248 2255
f 8843 8842 8801 8799
f 8843 8799 8794 8792
f 8842 8840 8839 8844
f 8842 8844 8803 8801
f 8844 8839 8833 8845
f 8844 8845 8805 8803
f 8845 8833 8829 8828
f 8845 8828 8807 8805
f 8839 8836 8834 8833
f 8832 2272 8846 8847
f 8832 8847 8827 8826
f 8832 8831 2267 2272
f 8847 8846 2300 2299
f 8847 2299 2301 8827
f 8846 2272 2271 8848
f 8846 8848 8849 2300
f 8849 2259 2258 2300
f 8849 8848 8850 8851
f 8849 8851 8852 2259
f 8852 8853 2260 2259
f 8852 8851 2278 8854
f 8852 8854 2247 8853
f 8854 2278 2277 8855
f 8854 8855 2243 2247
f 8855 2277 2279 8856
f 8855 8856 2226 2243
f 8856 2279 8857 8858
f 8856 8858 2221 2226
f 8858 8857 8859 8860
f 8858 8860 2222 2221
f 8860 8859 8767 8765
f 8860 8765 8763 2222
f 8859 8857 8861 8862
f 8859 8862 8769 8767
f 8862 8861 2254 8774
f 8862 8774 8771 8769
f 8861 8857 2279 2251
f 8861 2251 309 2254
f 8853 8863 2261 2260
f 8853 2247 2246 8863
f 8863 2246 2245 8735
f 8863 8735 8734 2261
f 8851 8850 2276 2278
f 8850 8848 2271 2270
f 8850 2270 2275 2276
f 8828 8824 8809 8807
f 8827 2301 2366 8823
f 8821 8812 8810 8809
f 8820 2366 2332 2330
f 8818 2328 2331 8864
f 8818 8864 2334 2333
f 8864 2331 2371 2351
f 8864 2351 2350 2334
f 8788 8511 2383 2382
f 8779 8777 2253 2250
f 8775 8774 2254 2253
f 8763 8761 2223 2222
f 8761 8759 2224 2223
f 8759 8756 8755 2224
f 8755 8753 2230 2229
f 8755 2229 2225 2224
f 8751 8740 2227 2230
f 8751 8744 8741 8740
f 8740 8738 2228 2227
f 8734 2264 2262 2261
f 8724 2325 2324 2368
f 8721 2313 2312 2360
f 8721 2360 2359 2374
f 8720 2303 2302 2313
f 8712 8699 2365 2363
f 8709 2372 2322 2321
f 8696 2370 2364 2365
f 8676 2432 2431 2437
f 8672 8651 8649 8648
f 8671 2438 2436 2443
f 8671 2443 2441 8667
f 8668 8659 8652 8651
f 8648 8646 2446 2445
f 8646 8645 2449 2446
f 8645 2340 2337 2449
f 8642 2398 2341 2340
f 8631 8626 2453 2452
f 8518 8516 2410 2416
f 8516 8515 2411 2410
f 8507 8505 8504 2385
f 8484 2639 2557 2562
f 8461 2387 2386 8458
f 8454 8453 864 55
f 8453 8450 8449 8865
f 8453 8865 8866 864
f 8866 8865 8867 8868
f 8866 8868 8869 8870
f 8866 8870 865 864
f 8870 8869 8871 8872
f 8870 8872 8873 865
f 8873 8874 862 865
f 8873 8872 3804 8875
f 8873 8875 8876 8874
f 8876 8877 8878 8874
f 8876 8875 8879 8880
f 8876 8880 8881 8877
f 8881 8882 8883 8877
f 8881 8880 2697 388
f 8881 388 2694 8882
f 8883 871 870 8884
f 8883 8884 8878 8877
f 8883 8882 8885 871
f 8885 8886 872 871
f 8885 8882 2694 2708
f 8885 2708 2709 8886
f 8886 2709 8887 4064
f 8886 4064 873 872
f 8887 2709 2707 8888
f 8887 8888 8889 4060
f 8887 4060 4059 4064
f 8889 8888 8890 8891
f 8889 8891 2700 4055
f 8889 4055 4054 4060
f 8891 8890 8892 8893
f 8891 8893 2701 2700
f 8893 8892 8894 8895
f 8893 8895 2802 2701
f 8895 8894 8896 8897
f 8895 8897 8898 2802
f 8898 8897 8899 2822
f 8898 2822 2821 2829
f 8898 2829 406 2802
f 8899 8900 8901 8902
f 8899 8902 2818 2822
f 8899 8897 8896 8900
f 8902 8901 8903 8904
f 8902 8904 2819 2818
f 8904 8903 8905 8906
f 8904 8906 8907 2819
f 8907 8906 8908 8909
f 8907 8909 8910 8911
f 8907 8911 2820 2819
f 8911 8910 8912 4015
f 8911 4015 2825 2820
f 8912 8910 8913 8914
f 8912 8914 8915 4011
f 8912 4011 4010 4015
f 8915 8914 8916 8917
f 8915 8917 8918 4006
f 8915 4006 4005 4011
f 8918 8917 3811 3816
f 8918 3816 3815 4001
f 8918 4001 4000 4006
f 8917 8916 3812 3811
f 8916 8919 8920 3812
f 8916 8914 8913 8919
f 8920 8921 8922 3808
f 8920 3808 587 3812
f 8920 8919 8923 8921
f 8923 8924 8925 8921
f 8923 8919 8913 8926
f 8923 8926 8927 8924
f 8927 8928 8929 8924
f 8927 8926 8909 8908
f 8927 8908 8930 8928
f 8930 8931 8932 8928
f 8930 8908 8906 8905
f 8930 8905 8933 8931
f 8933 8934 8935 8931
f 8933 8905 8903 8936
f 8933 8936 8937 8934
f 8937 8938 8939 8934
f 8937 8936 8940 8941
f 8937 8941 8942 8938
f 8942 8943 8944 8938
f 8942 8941 8945 8946
f 8942 8946 8947 8943
f 8947 8948 8949 8943
f 8947 8946 8950 8951
f 8947 8951 8952 8948
f 8952 8953 8954 8948
f 8952 8951 2698 8955
f 8952 8955 8956 8953
f 8956 8955 8957 3807
f 8956 3807 3806 8958
f 8956 8958 2683 8953
f 8958 3806 3805 8959
f 8958 8959 2684 2683
f 8959 3805 8960 8961
f 8959 8961 8962 2684
f 8962 8963 386 2684
f 8962 8961 8964 8965
f 8962 8965 8966 8963
f 8966 8967 8968 8963
f 8966 8965 8969 8970
f 8966 8970 8971 8967
f 8971 8972 8973 8967
f 8971 8970 2835 2834
f 8971 2834 8974 8972
f 8974 8975 8976 8972
f 8974 2834 2833 2842
f 8974 2842 8977 8975
f 8977 8978 8979 8975
f 8977 2842 2841 8980
f 8977 8980 8981 8978
f 8981 4139 4138 8978
f 8981 8980 8982 8983
f 8981 8983 4141 4139
f 8983 8982 8984 8985
f 8983 8985 4143 4141
f 8985 8984 8986 8987
f 8985 8987 8988 4143
f 8988 4147 4144 4143
f 8988 8987 8989 8990
f 8988 8990 4149 4147
f 8990 8989 8991 8992
f 8990 8992 4151 4149
f 8992 8991 2770 2769
f 8992 2769 4153 4151
f 8991 8989 2837 2836
f 8991 2836 2771 2770
f 8989 8987 8986 2837
f 8986 8984 8993 8994
f 8986 8994 2838 2837
f 8994 8993 2831 8995
f 8994 8995 2839 2838
f 8995 2831 2830 8996
f 8995 8996 8997 2839
f 8997 8996 8998 8999
f 8997 8999 9000 9001
f 8997 9001 2840 2839
f 9001 9000 2768 2767
f 9001 2767 2771 2840
f 9000 8999 9002 9003
f 9000 9003 9004 2768
f 9004 9003 9005 9006
f 9004 9006 9007 9008
f 9004 9008 2766 2768
f 9008 9007 9009 9010
f 9008 9010 2765 2766
f 9010 9009 9011 9012
f 9010 9012 2763 2765
f 9012 9011 9013 9014
f 9012 9014 2764 2763
f 9014 9013 9015 9016
f 9014 9016 9017 2764
f 9017 9018 2761 2764
f 9017 9016 9019 9020
f 9017 9020 9021 9018
f 9021 9022 4160 9018
f 9021 9020 9023 9024
f 9021 9024 9025 9022
f 9025 4165 4163 9022
f 9025 9024 9026 9027
f 9025 9027 4167 4165
f 9027 9026 9028 9029
f 9027 9029 9030 4167
f 9030 4171 4168 4167
f 9030 9029 9031 9032
f 9030 9032 9033 4171
f 9033 4176 4172 4171
f 9033 9032 9034 9035
f 9033 9035 9036 4176
f 9036 4181 4177 4176
f 9036 9035 9037 9038
f 9036 9038 9039 4181
f 9039 4186 4182 4181
f 9039 9038 9040 9041
f 9039 9041 9042 4186
f 9042 4191 4187 4186
f 9042 9041 9043 9044
f 9042 9044 9045 4191
f 9045 4196 4192 4191
f 9045 9044 9046 9047
f 9045 9047 9048 4196
f 9048 4201 4197 4196
f 9048 9047 8348 9049
f 9048 9049 9050 4201
f 9050 4206 4202 4201
f 9050 9049 8345 9051
f 9050 9051 9052 4206
f 9052 4211 4207 4206
f 9052 9051 8342 9053
f 9052 9053 9054 4211
f 9054 4216 4212 4211
f 9054 9053 8339 9055
f 9054 9055 9056 4216
f 9056 4221 4217 4216
f 9056 9055 8336 9057
f 9056 9057 9058 4221
f 9058 4226 4222 4221
f 9058 9057 8333 9059
f 9058 9059 2516 4226
f 9059 8333 8331 8330
f 9059 8330 2517 2516
f 9057 8336 8334 8333
f 9055 8339 8337 8336
f 9053 8342 8340 8339
f 9051 8345 8343 8342
f 9049 8348 8346 8345
f 9047 9046 8349 8348
f 9046 9044 9043 9060
f 9046 9060 8350 8349
f 9060 9043 9061 9062
f 9060 9062 8352 8350
f 9062 9061 9063 9064
f 9062 9064 8354 8352
f 9064 9063 9065 8359
f 9064 8359 8356 8354
f 9065 9063 9066 9067
f 9065 9067 9068 8362
f 9065 8362 8360 8359
f 9068 9067 9069 9070
f 9068 9070 9071 8365
f 9068 8365 8363 8362
f 9071 9070 9072 9073
f 9071 9073 9074 8368
f 9071 8368 8366 8365
f 9074 9073 9075 9076
f 9074 9076 9077 8371
f 9074 8371 8369 8368
f 9077 9076 9078 9079
f 9077 9079 9080 8374
f 9077 8374 8372 8371
f 9080 9079 9081 9082
f 9080 9082 9083 8377
f 9080 8377 8375 8374
f 9083 9082 9084 9085
f 9083 9085 9086 8380
f 9083 8380 8378 8377
f 9086 9085 9087 9088
f 9086 9088 9089 8383
f 9086 8383 8381 8380
f 9089 9088 9090 9091
f 9089 9091 3768 8386
f 9089 8386 8384 8383
f 9091 9090 9092 9093
f 9091 9093 3769 3768
f 9093 9092 9094 9095
f 9093 9095 3770 3769
f 9095 9094 9096 9097
f 9095 9097 9098 3770
f 9098 9097 9099 9100
f 9098 9100 9101 9102
f 9098 9102 3764 3770
f 9102 9101 9103 9104
f 9102 9104 3765 3764
f 9104 9103 9105 3763
f 9104 3763 3762 3765
f 9105 9103 9106 9107
f 9105 9107 9108 9109
f 9105 9109 3758 3763
f 9109 9108 9110 9111
f 9109 9111 3759 3758
f 9111 9110 9112 9113
f 9111 9113 9114 3759
f 9114 9113 9115 8400
f 9114 8400 8398 8397
f 9114 8397 3760 3759
f 9115 9113 9112 9116
f 9115 9116 9117 9118
f 9115 9118 8401 8400
f 9118 9117 9119 8405
f 9118 8405 8402 8401
f 9119 9117 9120 9121
f 9119 9121 8411 8409
f 9119 8409 8406 8405
f 9121 9120 9122 9123
f 9121 9123 630 8411
f 9123 9122 9124 9125
f 9123 9125 4 630
f 9125 9124 892 891
f 9125 891 625 4
f 9124 9126 895 892
f 9124 9122 9127 9126
f 9127 9128 9129 9126
f 9127 9122 9120 9130
f 9127 9130 9131 9128
f 9131 9132 9133 9128
f 9131 9130 9116 9112
f 9131 9112 9110 9132
f 9133 9134 9135 9136
f 9133 9136 9129 9128
f 9133 9132 9137 9134
f 9137 9138 9139 9134
f 9137 9132 9110 9108
f 9137 9108 9107 9138
f 9139 9140 3781 9141
f 9139 9141 9135 9134
f 9139 9138 9142 9140
f 9142 9143 9144 9140
f 9142 9138 9107 9106
f 9142 9106 9145 9143
f 9145 9146 9147 9143
f 9145 9106 9103 9101
f 9145 9101 9100 9146
f 9147 9148 9149 9150
f 9147 9150 9144 9143
f 9147 9146 9151 9148
f 9151 9152 9153 9148
f 9151 9146 9100 9099
f 9151 9099 9154 9152
f 9154 9155 9156 9152
f 9154 9099 9097 9096
f 9154 9096 9157 9155
f 9157 9009 9007 9155
f 9157 9096 9094 9158
f 9157 9158 9011 9009
f 9158 9094 9092 9159
f 9158 9159 9013 9011
f 9159 9092 9090 9160
f 9159 9160 9015 9013
f 9160 9090 9088 9087
f 9160 9087 9161 9015
f 9161 9019 9016 9015
f 9161 9087 9085 9084
f 9161 9084 9162 9019
f 9162 9023 9020 9019
f 9162 9084 9082 9081
f 9162 9081 9163 9023
f 9163 9026 9024 9023
f 9163 9081 9079 9078
f 9163 9078 9028 9026
f 9156 9006 9005 9164
f 9156 9164 9153 9152
f 9156 9155 9007 9006
f 9164 9005 9165 9166
f 9164 9166 9167 9153
f 9167 9166 9168 9169
f 9167 9169 9170 9149
f 9167 9149 9148 9153
f 9170 9169 9171 9172
f 9170 9172 3778 3783
f 9170 3783 9150 9149
f 9172 9171 9173 9174
f 9172 9174 3779 3778
f 9174 9173 9175 9176
f 9174 9176 9177 3779
f 9177 9176 9178 9179
f 9177 9179 9180 9181
f 9177 9181 3780 3779
f 9181 9180 884 9182
f 9181 9182 3784 3780
f 9182 884 883 9183
f 9182 9183 9184 3784
f 9184 9183 887 9185
f 9184 9185 3776 3773
f 9184 3773 3772 3784
f 9185 887 886 9186
f 9185 9186 9187 3776
f 9187 9186 9188 9189
f 9187 9189 9190 9191
f 9187 9191 3774 3776
f 9191 9190 9192 9193
f 9191 9193 3775 3774
f 9193 9192 9194 9195
f 9193 9195 9196 3775
f 9196 3777 3771 3775
f 9196 9195 9135 9141
f 9196 9141 3781 3777
f 9195 9194 9136 9135
f 9194 9192 9197 9198
f 9194 9198 9129 9136
f 9198 9197 893 895
f 9198 895 9126 9129
f 9197 9192 9190 9199
f 9197 9199 894 893
f 9199 9190 9189 9200
f 9199 9200 9201 894
f 9201 9200 9202 9203
f 9201 9203 9204 9205
f 9201 9205 890 894
f 9205 9204 626 625
f 9205 625 891 890
f 9204 9203 9206 9207
f 9204 9207 9208 626
f 9208 9207 896 642
f 9208 642 639 638
f 9208 638 627 626
f 9207 9206 9209 896
f 9209 9210 881 9211
f 9209 9211 897 896
f 9209 9206 9212 9210
f 9212 889 888 9210
f 9212 9206 9203 9202
f 9212 9202 9188 889
f 9211 881 880 9213
f 9211 9213 898 897
f 9213 9214 9215 898
f 9213 880 879 9214
f 9215 9216 9217 9218
f 9215 9218 643 898
f 9215 9214 9219 9216
f 9219 9220 9221 9216
f 9219 9214 879 9222
f 9219 9222 9223 9220
f 9223 9224 9225 9220
f 9223 9222 9226 9227
f 9223 9227 9228 9224
f 9228 8871 8869 9224
f 9228 9227 9229 3802
f 9228 3802 3801 8871
f 9229 9227 9226 9230
f 9229 9230 3786 3791
f 9229 3791 3798 3802
f 9230 9226 878 877
f 9230 877 3787 3786
f 9226 9222 879 878
f 9225 8868 8867 9231
f 9225 9231 9221 9220
f 9225 9224 8869 8868
f 9231 8867 9232 9233
f 9231 9233 9234 9221
f 9234 9233 9235 9236
f 9234 9236 9237 9217
f 9234 9217 9216 9221
f 9237 9236 9238 9239
f 9237 9239 644 9240
f 9237 9240 9218 9217
f 9240 644 641 640
f 9240 640 643 9218
f 9239 9238 8436 9241
f 9239 9241 645 644
f 9241 8436 8432 8431
f 9241 8431 637 645
f 9238 8441 8437 8436
f 9238 9236 9235 8441
f 9235 8446 8442 8441
f 9235 9233 9232 8446
f 9232 8449 8447 8446
f 9232 8867 8865 8449
f 9210 888 882 881
f 9202 9200 9189 9188
f 9188 9186 886 889
f 9183 883 885 887
f 9180 9179 9242 9243
f 9180 9243 876 884
f 9243 9242 3788 3787
f 9243 3787 877 876
f 9242 9244 3789 3788
f 9242 9179 9178 9244
f 9244 9245 9246 3789
f 9244 9178 9247 9245
f 9247 9248 9249 9245
f 9247 9178 9176 9175
f 9247 9175 9250 9248
f 9250 9251 9252 9248
f 9250 9175 9173 9253
f 9250 9253 9254 9251
f 9254 9255 9256 9251
f 9254 9253 9257 9258
f 9254 9258 9259 9255
f 9259 9260 9261 9255
f 9259 9258 9262 9263
f 9259 9263 8998 9260
f 9263 9262 9165 9002
f 9263 9002 8999 8998
f 9262 9258 9257 9168
f 9262 9168 9166 9165
f 9261 413 2835 9264
f 9261 9264 9256 9255
f 9261 9260 2830 413
f 9264 2835 8970 8969
f 9264 8969 9265 9256
f 9265 8969 8965 8964
f 9265 8964 9266 9252
f 9265 9252 9251 9256
f 9266 8964 8961 8960
f 9266 8960 9267 9249
f 9266 9249 9248 9252
f 9267 8960 3805 3800
f 9267 3800 3799 9246
f 9267 9246 9245 9249
f 9260 8998 8996 2830
f 9257 9253 9173 9171
f 9257 9171 9169 9168
f 9246 3799 3790 3789
f 9165 9005 9003 9002
f 9150 3783 3782 9144
f 9144 3782 3781 9140
f 9130 9120 9117 9116
f 9078 9076 9075 9028
f 9075 9031 9029 9028
f 9075 9073 9072 9031
f 9072 9034 9032 9031
f 9072 9070 9069 9034
f 9069 9037 9035 9034
f 9069 9067 9066 9037
f 9066 9040 9038 9037
f 9066 9063 9061 9040
f 9061 9043 9041 9040
f 9022 4163 4161 4160
f 9018 4160 2762 2761
f 8993 8984 8982 2843
f 8993 2843 2832 2831
f 8982 8980 2841 2843
f 8979 4137 4130 9268
f 8979 9268 8976 8975
f 8979 8978 4138 4137
f 9268 4130 4126 4125
f 9268 4125 9269 8976
f 9269 4125 4121 4120
f 9269 4120 9270 8973
f 9269 8973 8972 8976
f 9270 4120 4116 4115
f 9270 4115 2681 8968
f 9270 8968 8967 8973
f 8968 2681 386 8963
f 8957 8955 2698 2697
f 8957 2697 8880 8879
f 8957 8879 3803 3807
f 8954 2680 2679 9271
f 8954 9271 8949 8948
f 8954 8953 2683 2680
f 9271 2679 4102 4101
f 9271 4101 9272 8949
f 9272 4101 4098 4097
f 9272 4097 9273 8944
f 9272 8944 8943 8949
f 9273 4097 4095 9274
f 9273 9274 9275 8939
f 9273 8939 8938 8944
f 9275 9274 4092 9276
f 9275 9276 9277 8935
f 9275 8935 8934 8939
f 9277 9276 4087 9278
f 9277 9278 9279 8932
f 9277 8932 8931 8935
f 9279 9278 4082 9280
f 9279 9280 9281 8929
f 9279 8929 8928 8932
f 9281 9280 4078 9282
f 9281 9282 9283 8925
f 9281 8925 8924 8929
f 9283 9282 9284 9285
f 9283 9285 9286 8922
f 9283 8922 8921 8925
f 9286 9285 9287 3818
f 9286 3818 3813 3809
f 9286 3809 3808 8922
f 9287 9288 9289 9290
f 9287 9290 3817 3818
f 9287 9285 9284 9288
f 9290 9289 9291 3793
f 9290 3793 3792 3817
f 9291 4072 9292 9293
f 9291 9293 3794 3793
f 9291 9289 4073 4072
f 9293 9292 9294 9295
f 9293 9295 3797 3794
f 9295 9294 9296 9297
f 9295 9297 9298 3797
f 9298 9297 9299 9300
f 9298 9300 9301 9302
f 9298 9302 3795 3797
f 9302 9301 9303 3819
f 9302 3819 3796 3795
f 9303 9301 9304 9305
f 9303 9305 3987 9306
f 9303 9306 3820 3819
f 9306 3987 3986 3991
f 9306 3991 3821 3820
f 9305 9304 9307 3982
f 9305 3982 3981 3987
f 9307 9304 9308 9309
f 9307 9309 612 3928
f 9307 3928 3977 3982
f 9309 9308 9310 9311
f 9309 9311 3929 612
f 9311 9310 9312 9313
f 9311 9313 9314 3929
f 9314 9313 9315 9316
f 9314 9316 9317 9318
f 9314 9318 3924 3929
f 9318 9317 9319 9320
f 9318 9320 3925 3924
f 9320 9319 9321 9322
f 9320 9322 3879 3925
f 9322 9321 9323 9324
f 9322 9324 3880 3879
f 9324 9323 9325 9326
f 9324 9326 3881 3880
f 9326 9325 9327 9328
f 9326 9328 9329 3881
f 9329 9328 3918 3894
f 9329 3894 3893 3890
f 9329 3890 3882 3881
f 9328 9327 3919 3918
f 9327 9325 9330 9331
f 9327 9331 3920 3919
f 9331 9330 3889 9332
f 9331 9332 3892 3920
f 9332 3889 3888 3895
f 9332 3895 610 3892
f 9330 9333 3886 3889
f 9330 9325 9323 9333
f 9333 9334 3887 3886
f 9333 9323 9321 9334
f 9334 9335 9336 3887
f 9334 9321 9319 9335
f 9336 9337 9338 3847
f 9336 3847 3846 3887
f 9336 9335 9339 9337
f 9339 9340 9341 9337
f 9339 9335 9319 9317
f 9339 9317 9316 9340
f 9341 9342 9343 9344
f 9341 9344 9338 9337
f 9341 9340 9345 9342
f 9345 9346 9347 9342
f 9345 9340 9316 9315
f 9345 9315 9348 9346
f 9348 9349 9350 9346
f 9348 9315 9313 9312
f 9348 9312 9351 9349
f 9351 9296 9352 9349
f 9351 9312 9310 9299
f 9351 9299 9297 9296
f 9352 9353 9354 9355
f 9352 9355 9350 9349
f 9352 9296 9294 9353
f 9355 9354 9356 9357
f 9355 9357 9358 9350
f 9358 9357 9359 9360
f 9358 9360 9361 9347
f 9358 9347 9346 9350
f 9361 9360 9362 9363
f 9361 9363 9364 9343
f 9361 9343 9342 9347
f 9364 9363 9365 9366
f 9364 9366 9367 9368
f 9364 9368 9344 9343
f 9368 9367 9369 9370
f 9368 9370 9338 9344
f 9370 9369 602 3848
f 9370 3848 3847 9338
f 9369 9367 9371 9372
f 9369 9372 3883 602
f 9372 9371 9373 9374
f 9372 9374 9375 3883
f 9375 9374 9376 9377
f 9375 9377 9378 3830
f 9375 3830 3829 3883
f 9378 9377 9379 9380
f 9378 9380 3839 9381
f 9378 9381 3831 3830
f 9381 3839 3838 3840
f 9381 3840 3834 3831
f 9380 9379 9382 9383
f 9380 9383 3835 3839
f 9383 9382 3852 3851
f 9383 3851 3836 3835
f 9382 9384 9385 3852
f 9382 9379 9386 9384
f 9386 9387 9388 9384
f 9386 9379 9377 9376
f 9386 9376 9389 9387
f 9389 9390 9391 9387
f 9389 9376 9374 9373
f 9389 9373 9392 9390
f 9392 4045 4043 9390
f 9392 9373 9371 9393
f 9392 9393 4047 4045
f 9393 9371 9367 9366
f 9393 9366 9365 4047
f 9391 4042 4041 9394
f 9391 9394 9388 9387
f 9391 9390 4043 4042
f 9394 4041 9395 9396
f 9394 9396 9397 9388
f 9397 9396 9398 9399
f 9397 9399 9400 9385
f 9397 9385 9384 9388
f 9400 9399 9401 9402
f 9400 9402 3826 3850
f 9400 3850 3852 9385
f 9402 9401 9403 9404
f 9402 9404 3827 3826
f 9404 9403 9405 9406
f 9404 9406 9407 3827
f 9407 9406 9408 9409
f 9407 9409 9410 9411
f 9407 9411 590 3827
f 9411 9410 9412 9413
f 9411 9413 3822 590
f 9413 9412 9414 9415
f 9413 9415 9416 3822
f 9416 9415 9417 9418
f 9416 9418 9419 9420
f 9416 9420 3823 3822
f 9420 9419 9421 9422
f 9420 9422 9423 3823
f 9423 3885 3824 3823
f 9423 9422 9424 9425
f 9423 9425 3877 3885
f 9425 9424 3871 3870
f 9425 3870 3869 3877
f 9424 9422 9421 9426
f 9424 9426 9427 3871
f 9427 9426 9428 9429
f 9427 9429 9430 9431
f 9427 9431 3865 3871
f 9431 9430 9432 9433
f 9431 9433 3866 3865
f 9433 9432 9434 9435
f 9433 9435 9436 3866
f 9436 9437 3867 3866
f 9436 9435 9438 9439
f 9436 9439 9440 9437
f 9440 9441 9442 9437
f 9440 9439 9443 9444
f 9440 9444 9445 9441
f 9445 9446 9447 9441
f 9445 9444 9412 9410
f 9445 9410 9409 9446
f 9447 9448 9449 9450
f 9447 9450 9442 9441
f 9447 9446 9451 9448
f 9451 9452 9453 9448
f 9451 9446 9409 9408
f 9451 9408 9454 9452
f 9454 9455 9456 9452
f 9454 9408 9406 9405
f 9454 9405 9457 9455
f 9457 9458 9459 9455
f 9457 9405 9403 9460
f 9457 9460 9461 9458
f 9461 4027 4026 9458
f 9461 9460 9462 9463
f 9461 9463 4028 4027
f 9463 9462 9398 9464
f 9463 9464 4030 4028
f 9464 9398 9396 9395
f 9464 9395 4032 4030
f 9462 9460 9403 9401
f 9462 9401 9399 9398
f 9459 9465 9466 9467
f 9459 9467 9456 9455
f 9459 9458 4026 9465
f 9467 9466 9468 9469
f 9467 9469 9470 9456
f 9470 9469 9471 9472
f 9470 9472 9473 9453
f 9470 9453 9452 9456
f 9473 9472 9474 3857
f 9473 3857 3856 9449
f 9473 9449 9448 9453
f 9474 3997 3993 3992
f 9474 3992 3858 3857
f 9474 9472 9471 3997
f 9471 4002 3998 3997
f 9471 9469 9468 4002
f 9468 4007 4003 4002
f 9468 9466 9475 4007
f 9475 4012 4008 4007
f 9475 9466 9465 4023
f 9475 4023 4021 4012
f 9465 4026 4024 4023
f 9450 9449 3856 3855
f 9450 3855 3868 9442
f 9444 9443 9414 9412
f 9443 9439 9438 9476
f 9443 9476 9477 9414
f 9477 9476 9478 9479
f 9477 9479 9480 9417
f 9477 9417 9415 9414
f 9480 9479 3906 9481
f 9480 9481 9482 9483
f 9480 9483 9418 9417
f 9483 9482 3912 9484
f 9483 9484 9419 9418
f 9484 3912 3911 9485
f 9484 9485 9421 9419
f 9485 3911 3913 9428
f 9485 9428 9426 9421
f 9482 9481 9486 9487
f 9482 9487 3908 3912
f 9487 9486 3915 3914
f 9487 3914 3909 3908
f 9486 9481 3906 3905
f 9486 3905 3907 3915
f 9479 9478 3902 3906
f 9478 9476 9438 9488
f 9478 9488 3903 3902
f 9488 9438 9435 9434
f 9488 9434 9489 3903
f 9489 9434 9432 9490
f 9489 9490 3898 3897
f 9489 3897 3904 3903
f 9490 9432 9430 9491
f 9490 9491 3899 3898
f 9491 9430 9429 9492
f 9491 9492 9493 3899
f 9493 9492 3913 3910
f 9493 3910 3909 3916
f 9493 3916 3900 3899
f 9492 9429 9428 3913
f 9442 3868 3867 9437
f 9395 4041 4039 4032
f 9365 4051 4048 4047
f 9365 9363 9362 4051
f 9362 4056 4052 4051
f 9362 9360 9359 4056
f 9359 4061 4057 4056
f 9359 9357 9356 4061
f 9356 4065 4062 4061
f 9356 9354 4067 4065
f 9354 9353 4069 4067
f 9353 9294 9292 4069
f 9310 9308 9300 9299
f 9308 9304 9301 9300
f 9292 4072 4070 4069
f 9289 9288 4074 4073
f 9288 9284 4076 4074
f 9284 9282 4078 4076
f 9280 4082 4079 4078
f 9278 4087 4083 4082
f 9276 4092 4088 4087
f 9274 4095 4093 4092
f 8951 8950 2695 2698
f 8950 8946 8945 9494
f 8950 9494 2696 2695
f 9494 8945 9495 9496
f 9494 9496 9497 2696
f 9497 9496 8896 8894
f 9497 8894 8892 9498
f 9497 9498 2692 2696
f 9498 8892 8890 2706
f 9498 2706 2693 2692
f 9496 9495 8900 8896
f 9495 8945 8941 8940
f 9495 8940 8901 8900
f 8940 8936 8903 8901
f 8926 8913 8910 8909
f 8890 8888 2707 2706
f 8884 870 869 9499
f 8884 9499 863 8878
f 9499 869 4086 9500
f 9499 9500 859 863
f 9500 4086 4085 4091
f 9500 4091 860 859
f 8879 8875 3804 3803
f 8878 863 862 8874
f 8872 8871 3801 3804
f 8445 8444 2418 2417
f 8431 8427 632 637
f 8415 628 631 635
f 8412 8411 630 629
f 8397 8395 3761 3760
f 8395 8393 3766 3761
f 8393 8391 581 3766
f 8391 8389 3767 581
f 8387 8386 3768 3767
f 8330 8328 2522 2517
f 8326 8325 2520 2522
f 8325 9501 2521 2520
f 8325 8323 8322 9501
f 9501 9502 4238 2521
f 9501 8322 9503 9502
f 9503 9504 4243 9502
f 9503 8322 8320 8319
f 9503 8319 9505 9504
f 9505 9506 4248 9504
f 9505 8319 8317 8069
f 9505 8069 8067 9506
f 9506 4253 4249 4248
f 9506 8067 8065 4253
f 9504 4248 4244 4243
f 9502 4243 4239 4238
f 8317 8072 8070 8069
f 8271 8267 8266 8133
f 8271 8133 8131 8130
f 8266 8262 8261 8136
f 8266 8136 8134 8133
f 8261 8257 8256 8139
f 8261 8139 8137 8136
f 8256 8252 8251 8142
f 8256 8142 8140 8139
f 8251 8247 8246 8145
f 8251 8145 8143 8142
f 8246 8242 8241 8148
f 8246 8148 8146 8145
f 8241 8237 8236 8151
f 8241 8151 8149 8148
f 8236 8232 8231 8154
f 8236 8154 8152 8151
f 8231 8227 8226 8157
f 8231 8157 8155 8154
f 8226 8222 8221 8160
f 8226 8160 8158 8157
f 8221 8217 8216 8163
f 8221 8163 8161 8160
f 8216 8212 8211 8166
f 8216 8166 8164 8163
f 8211 8207 8206 8169
f 8211 8169 8167 8166
f 8206 8202 8201 8172
f 8206 8172 8170 8169
f 8205 653 652 8200
f 8201 8198 8197 8175
f 8201 8175 8173 8172
f 8197 8195 8180 8178
f 8197 8178 8176 8175
f 8195 8193 8182 8180
f 8192 9507 9508 681
f 8192 681 680 8189
f 8192 8191 657 9507
f 9508 650 673 672
f 9508 672 675 681
f 9508 9507 646 650
f 9507 657 647 646
f 8065 4258 4254 4253
f 8027 4272 4268 4267
f 7989 7987 7986 3552
f 7986 9509 548 3552
f 7986 7984 9510 9509
f 9510 9511 9512 9509
f 9510 7984 7982 9513
f 9510 9513 9514 9511
f 9514 9515 3507 9511
f 9514 9513 7976 7974
f 9514 7974 7972 9515
f 9515 9516 3508 3507
f 9515 7972 7971 9516
f 9516 9517 9518 3508
f 9516 7971 7970 9517
f 9518 9519 3661 3504
f 9518 3504 542 3508
f 9518 9517 9520 9519
f 9520 3652 9521 9519
f 9520 9517 7970 9522
f 9520 9522 3653 3652
f 9522 7970 7968 7967
f 9522 7967 3654 3653
f 9521 9523 3675 3674
f 9521 3674 3661 9519
f 9521 3652 3651 9523
f 9523 9524 3676 3675
f 9523 3651 3660 9524
f 9524 9525 3678 3676
f 9524 3660 3669 9525
f 9525 9526 3679 3678
f 9525 3669 3668 9526
f 9526 9527 3680 3679
f 9526 3668 3667 9527
f 9527 9528 9529 3680
f 9527 3667 9530 9528
f 9530 9531 9532 9528
f 9530 3667 3666 9533
f 9530 9533 3708 9531
f 9533 3666 3665 9534
f 9533 9534 3709 3708
f 9534 3665 3658 3735
f 9534 3735 3734 3709
f 9532 9535 9536 9537
f 9532 9537 9529 9528
f 9532 9531 9538 9535
f 9538 9539 9540 9535
f 9538 9531 3708 3707
f 9538 3707 3711 9539
f 9540 9539 9541 3610
f 9540 3610 556 9542
f 9540 9542 9536 9535
f 9542 556 3609 9543
f 9543 3609 3640 9544
f 9543 9544 9545 9546
f 9547 9548 9549 9550
f 9547 9551 9552 9548
f 9552 9553 9554 9548
f 9552 9551 9555 9556
f 9552 9556 9557 9553
f 9557 9558 9559 9553
f 9557 9556 9560 9561
f 9557 9561 9562 9558
f 9562 9563 9564 9558
f 9562 9561 9565 9566
f 9562 9566 9567 9563
f 9567 9568 9569 9563
f 9567 9566 9570 9571
f 9567 9571 9572 9568
f 9572 9573 9574 9568
f 9572 9571 9575 9576
f 9572 9576 9577 9573
f 9577 9578 9579 9573
f 9577 9576 9580 9581
f 9577 9581 9582 9578
f 9582 9583 9584 9578
f 9582 9581 9585 9586
f 9582 9586 9587 9583
f 9587 9588 9589 9583
f 9587 9586 9590 9591
f 9587 9591 9592 9588
f 9592 9593 9594 9588
f 9592 9591 9595 9596
f 9592 9596 9597 9593
f 9597 9598 9599 9593
f 9597 9596 9600 9601
f 9597 9601 9602 9598
f 9602 9603 9604 9598
f 9602 9601 9605 9606
f 9602 9606 9607 9603
f 9607 9608 9609 9603
f 9607 9606 9610 9611
f 9607 9611 9612 9608
f 9612 9613 9614 9608
f 9612 9611 9615 9616
f 9612 9616 9617 9613
f 9617 9618 9619 9613
f 9617 9616 9620 9621
f 9617 9621 9622 9618
f 9622 9623 9624 9618
f 9622 9621 9625 9626
f 9622 9626 9627 9623
f 9627 9628 9629 9623
f 9627 9626 9630 9631
f 9627 9631 9632 9628
f 9632 9633 9634 9628
f 9632 9631 9635 9636
f 9632 9636 9637 9633
f 9637 9638 9639 9633
f 9637 9636 9640 9641
f 9637 9641 9642 9638
f 9642 9643 9644 9638
f 9642 9641 9645 9646
f 9642 9646 9647 9643
f 9647 9648 9649 9643
f 9647 9646 9650 9651
f 9647 9651 9652 9648
f 9652 9653 9654 9648
f 9652 9651 9655 9656
f 9652 9656 9657 9653
f 9657 9658 9659 9653
f 9657 9656 9660 9661
f 9657 9661 9662 9658
f 9662 9663 9664 9658
f 9662 9661 3311 3315
f 9662 3315 9665 9663
f 9665 9666 9667 9663
f 9665 3315 3314 9668
f 9665 9668 9669 9666
f 9669 9670 9671 9666
f 9669 9668 9672 9673
f 9669 9673 9674 9670
f 9674 9675 9676 9670
f 9674 9673 9677 9678
f 9674 9678 9679 9675
f 9679 9680 9681 9675
f 9679 9678 9682 9683
f 9679 9683 9684 9680
f 9684 9685 9686 9680
f 9684 9683 9687 9688
f 9684 9688 9689 9685
f 9689 9690 9691 9685
f 9689 9688 9692 9693
f 9689 9693 9694 9690
f 9694 9693 9695 9696
f 9694 9696 9697 5463
f 9694 5463 5461 9690
f 9697 9696 9698 9699
f 9697 9699 9700 5466
f 9697 5466 5464 5463
f 9700 9699 9701 9702
f 9700 9702 9703 5469
f 9700 5469 5467 5466
f 9703 9702 9704 9705
f 9703 9705 9706 5472
f 9703 5472 5470 5469
f 9706 9705 9707 9708
f 9706 9708 9709 5475
f 9706 5475 5473 5472
f 9709 9708 9710 9711
f 9709 9711 9712 5478
f 9709 5478 5476 5475
f 9712 9711 9713 9714
f 9712 9714 9715 5481
f 9712 5481 5479 5478
f 9715 9714 9716 9717
f 9715 9717 9718 5484
f 9715 5484 5482 5481
f 9718 9717 9719 9720
f 9718 9720 9721 5487
f 9718 5487 5485 5484
f 9721 9720 9722 9723
f 9721 9723 9724 9725
f 9721 9725 5488 5487
f 9725 9724 9726 9727
f 9725 9727 5489 5488
f 9727 9726 9728 5494
f 9727 5494 5491 5489
f 9728 9726 9729 9730
f 9728 9730 9731 5497
f 9728 5497 5495 5494
f 9731 9730 9732 9733
f 9731 9733 9734 5500
f 9731 5500 5498 5497
f 9734 9733 9735 9736
f 9734 9736 9737 9738
f 9734 9738 5501 5500
f 9738 9737 9739 9740
f 9738 9740 5502 5501
f 9740 9739 9741 9742
f 9740 9742 5504 5502
f 9742 9741 9743 9744
f 9742 9744 5506 5504
f 9744 9743 9745 5511
f 9744 5511 5508 5506
f 9745 9743 9746 9747
f 9745 9747 9748 5514
f 9745 5514 5512 5511
f 9748 9747 9749 9750
f 9748 9750 9751 5517
f 9748 5517 5515 5514
f 9751 9750 9752 9753
f 9751 9753 9754 5520
f 9751 5520 5518 5517
f 9754 9753 9755 9756
f 9754 9756 9757 5523
f 9754 5523 5521 5520
f 9757 9756 9758 9759
f 9757 9759 9760 5526
f 9757 5526 5524 5523
f 9760 9759 9761 9762
f 9760 9762 9763 5529
f 9760 5529 5527 5526
f 9763 9762 9764 9765
f 9763 9765 9766 5532
f 9763 5532 5530 5529
f 9766 9765 9767 9768
f 9766 9768 9769 5535
f 9766 5535 5533 5532
f 9769 9768 9770 9771
f 9769 9771 9772 5538
f 9769 5538 5536 5535
f 9772 9771 9773 9774
f 9772 9774 2928 5541
f 9772 5541 5539 5538
f 9774 9773 9775 9776
f 9774 9776 2926 2928
f 9776 9775 9777 9778
f 9776 9778 2927 2926
f 9778 9777 9779 9780
f 9778 9780 9781 2927
f 9781 5545 2923 2927
f 9781 9780 9782 5549
f 9781 5549 5546 5545
f 9782 9780 9779 9783
f 9782 9783 9784 9785
f 9782 9785 5550 5549
f 9785 9784 9786 9787
f 9785 9787 5551 5550
f 9787 9786 9788 9789
f 9787 9789 5553 5551
f 9789 9788 9790 9791
f 9789 9791 9792 5553
f 9792 5556 5554 5553
f 9792 9791 9793 9794
f 9792 9794 9795 5556
f 9795 5560 5557 5556
f 9795 9794 9796 9797
f 9795 9797 9798 5560
f 9798 5565 5561 5560
f 9798 9797 2939 2938
f 9798 2938 9799 5565
f 9799 5570 5566 5565
f 9799 2938 2937 9800
f 9799 9800 9801 5570
f 9801 5575 5571 5570
f 9801 9800 9802 9803
f 9801 9803 9804 5575
f 9804 5580 5576 5575
f 9804 9803 9805 2935
f 9804 2935 2934 5580
f 9805 9803 9802 9806
f 9805 9806 9807 9808
f 9805 9808 2931 2935
f 9808 9809 2932 2931
f 9808 9807 9810 9809
f 9810 9811 9812 9809
f 9810 9807 9813 9814
f 9810 9814 9815 9811
f 9815 9816 9817 9811
f 9815 9814 9818 9819
f 9815 9819 9820 9816
f 9820 9821 9822 9816
f 9820 9819 9823 9824
f 9820 9824 9825 9821
f 9825 9826 9827 9821
f 9825 9824 9828 9829
f 9825 9829 9830 9826
f 9830 9831 9832 9826
f 9830 9829 9833 9834
f 9830 9834 9835 9831
f 9835 2581 2583 9831
f 9835 9834 9836 9837
f 9835 9837 2582 2581
f 9837 9836 9838 9839
f 9837 9839 9840 2582
f 9840 2580 2578 2582
f 9840 9839 9841 9842
f 9840 9842 9843 2580
f 9843 9844 2575 2580
f 9843 9842 9845 9846
f 9843 9846 9847 9844
f 9847 9848 9849 9844
f 9847 9846 9850 9851
f 9847 9851 9852 9848
f 9852 9853 9854 9848
f 9852 9851 9855 9856
f 9852 9856 9857 9853
f 9857 9858 9859 9853
f 9857 9856 9860 9861
f 9857 9861 9862 9858
f 9862 9863 9864 9858
f 9862 9861 9865 9866
f 9862 9866 9867 9863
f 9867 9868 9869 9863
f 9867 9866 9870 9871
f 9867 9871 9872 9868
f 9872 9873 9874 9868
f 9872 9871 9875 9876
f 9872 9876 9877 9873
f 9877 9878 9879 9873
f 9877 9876 9880 9881
f 9877 9881 9882 9878
f 9882 9883 9884 9878
f 9882 9881 9885 9886
f 9882 9886 9887 9883
f 9887 9888 9889 9883
f 9887 9886 6005 9890
f 9887 9890 9891 9888
f 9891 9892 9893 9888
f 9891 9890 6002 9894
f 9891 9894 9895 9892
f 9895 9896 9897 9892
f 9895 9894 9898 9899
f 9895 9899 9900 9896
f 9900 2955 9901 9896
f 9900 9899 9902 9903
f 9900 9903 435 2955
f 9903 9902 9904 9905
f 9903 9905 2950 435
f 9905 9904 5992 9906
f 9905 9906 9907 2950
f 9907 9908 2951 2950
f 9907 9906 5989 9909
f 9907 9909 9910 9908
f 9910 5979 9911 9908
f 9910 9909 5984 5982
f 9910 5982 5980 5979
f 9911 9912 2959 2958
f 9911 2958 2951 9908
f 9911 5979 5977 9912
f 9912 9913 2962 2959
f 9912 5977 5975 9913
f 9913 9914 9915 2962
f 9913 5975 5974 9914
f 9915 9916 9917 9918
f 9915 9918 2960 2962
f 9915 9914 9919 9916
f 9919 9920 9921 9916
f 9919 9914 5974 5973
f 9919 5973 9922 9920
f 9922 9923 9924 9920
f 9922 5973 5971 5970
f 9922 5970 9925 9923
f 9925 9926 9927 9923
f 9925 5970 5968 9928
f 9925 9928 9929 9926
f 9929 9930 9931 9926
f 9929 9928 9932 9933
f 9929 9933 9934 9930
f 9934 9935 9936 9930
f 9934 9933 9937 9938
f 9934 9938 9939 9935
f 9939 9940 9941 9935
f 9939 9938 9942 9943
f 9939 9943 9944 9940
f 9944 9945 9946 9940
f 9944 9943 9947 9948
f 9944 9948 9949 9945
f 9949 9950 9951 9945
f 9949 9948 9952 9953
f 9949 9953 9954 9950
f 9954 2041 2045 9950
f 9954 9953 2981 2980
f 9954 2980 2039 2041
f 9953 9952 2983 2981
f 9952 9948 9947 9955
f 9952 9955 9956 2983
f 9956 9955 9957 9958
f 9956 9958 5951 9959
f 9956 9959 2984 2983
f 9959 5951 5949 5948
f 9959 5948 2985 2984
f 9958 9957 9960 5954
f 9958 5954 5952 5951
f 9960 9957 9961 9962
f 9960 9962 5959 5957
f 9960 5957 5955 5954
f 9962 9961 9942 9963
f 9962 9963 5961 5959
f 9963 9942 9938 9937
f 9963 9937 5963 5961
f 9961 9947 9943 9942
f 9961 9957 9955 9947
f 9951 9964 9965 9966
f 9951 9966 9946 9945
f 9951 9950 2045 9964
f 9966 9965 5739 9967
f 9966 9967 9968 9946
f 9968 9967 5734 9969
f 9968 9969 9970 9941
f 9968 9941 9940 9946
f 9970 9969 5729 9971
f 9970 9971 9972 9936
f 9970 9936 9935 9941
f 9972 9971 5724 9973
f 9972 9973 9974 9931
f 9972 9931 9930 9936
f 9974 9973 5719 9975
f 9974 9975 9976 9927
f 9974 9927 9926 9931
f 9976 9975 5714 9977
f 9976 9977 9978 9924
f 9976 9924 9923 9927
f 9978 9977 5709 9979
f 9978 9979 9980 9921
f 9978 9921 9920 9924
f 9980 9979 5704 9981
f 9980 9981 9982 9917
f 9980 9917 9916 9921
f 9982 9981 5699 9983
f 9982 9983 9984 9985
f 9982 9985 9918 9917
f 9985 9984 2956 2961
f 9985 2961 2960 9918
f 9984 9983 5694 9986
f 9984 9986 2953 2956
f 9986 5694 5690 5689
f 9986 5689 2954 2953
f 9983 5699 5695 5694
f 9981 5704 5700 5699
f 9979 5709 5705 5704
f 9977 5714 5710 5709
f 9975 5719 5715 5714
f 9973 5724 5720 5719
f 9971 5729 5725 5724
f 9969 5734 5730 5729
f 9967 5739 5735 5734
f 9965 5744 5740 5739
f 9965 9964 2038 5744
f 9964 2045 266 2038
f 9937 9933 9932 5963
f 9932 9928 5968 5966
f 9932 5966 5964 5963
f 9909 5989 5986 5984
f 9906 5992 5990 5989
f 9904 9902 9987 5995
f 9904 5995 5993 5992
f 9987 9902 9899 9898
f 9987 9898 6000 5998
f 9987 5998 5996 5995
f 9901 5684 5680 5679
f 9901 5679 9897 9896
f 9901 2955 2954 5684
f 9898 9894 6002 6000
f 9897 5679 5675 5674
f 9897 5674 9893 9892
f 9893 5674 5670 5669
f 9893 5669 9889 9888
f 9890 6005 6003 6002
f 9889 5669 5665 5664
f 9889 5664 9884 9883
f 9886 9885 6006 6005
f 9885 9881 9880 9988
f 9885 9988 6007 6006
f 9988 9880 9989 6012
f 9988 6012 6009 6007
f 9989 9880 9876 9875
f 9989 9875 9990 6015
f 9989 6015 6013 6012
f 9990 9875 9871 9870
f 9990 9870 9991 6018
f 9990 6018 6016 6015
f 9991 9870 9866 9865
f 9991 9865 9992 6021
f 9991 6021 6019 6018
f 9992 9865 9861 9860
f 9992 9860 9993 6024
f 9992 6024 6022 6021
f 9993 9860 9856 9855
f 9993 9855 9994 6027
f 9993 6027 6025 6024
f 9994 9855 9851 9850
f 9994 9850 9995 9996
f 9994 9996 6028 6027
f 9996 9995 9997 9998
f 9996 9998 6029 6028
f 9998 9997 9999 6034
f 9998 6034 6031 6029
f 9999 9997 10000 10001
f 9999 10001 10002 10003
f 9999 10003 6035 6034
f 10003 10002 6041 6039
f 10003 6039 6036 6035
f 10002 10001 10004 10005
f 10002 10005 10006 6041
f 10006 10005 10007 10008
f 10006 10008 10009 6044
f 10006 6044 6042 6041
f 10009 10008 10010 10011
f 10009 10011 10012 10013
f 10009 10013 6045 6044
f 10013 10012 2621 10014
f 10013 10014 6046 6045
f 10014 2621 2620 10015
f 10014 10015 6048 6046
f 10015 2620 2625 10016
f 10015 10016 6050 6048
f 10016 2625 10017 10018
f 10016 10018 10019 6050
f 10019 10018 10020 10021
f 10019 10021 6055 6053
f 10019 6053 6051 6050
f 10021 10020 10022 10023
f 10021 10023 6062 6055
f 10023 10022 10024 6065
f 10023 6065 6063 6062
f 10024 10022 10025 10026
f 10024 10026 6070 6068
f 10024 6068 6066 6065
f 10026 10025 10027 10028
f 10026 10028 6072 6070
f 10028 10027 10029 10030
f 10028 10030 10031 6072
f 10031 10030 2672 10032
f 10031 10032 10033 6075
f 10031 6075 6073 6072
f 10033 10032 10034 10035
f 10033 10035 10036 10037
f 10033 10037 6076 6075
f 10037 10036 10038 6080
f 10037 6080 6077 6076
f 10038 10036 10039 10040
f 10038 10040 10041 10042
f 10038 10042 6081 6080
f 10042 10041 10043 10044
f 10042 10044 6082 6081
f 10044 10043 10045 10046
f 10044 10046 6084 6082
f 10046 10045 10047 10048
f 10046 10048 6086 6084
f 10048 10047 2184 2171
f 10048 2171 2170 6086
f 10047 10045 10049 10050
f 10047 10050 2182 2184
f 10050 10049 10051 10052
f 10050 10052 2183 2182
f 10052 10051 10053 10054
f 10052 10054 10055 2183
f 10055 10054 6749 6747
f 10055 6747 6745 10056
f 10055 10056 2181 2183
f 10056 6745 6743 2501
f 10056 2501 357 2181
f 10054 10053 2137 6749
f 10053 10057 2138 2137
f 10053 10051 10058 10057
f 10058 10059 10060 10057
f 10058 10051 10049 10061
f 10058 10061 10062 10059
f 10062 10063 10064 10059
f 10062 10061 10043 10041
f 10062 10041 10040 10063
f 10064 2529 2528 10065
f 10064 10065 10060 10059
f 10064 10063 10066 2529
f 10066 10067 2523 2529
f 10066 10063 10040 10039
f 10066 10039 10068 10067
f 10068 10069 10070 10067
f 10068 10039 10036 10035
f 10068 10035 10034 10069
f 10070 2524 2523 10067
f 10070 10069 2677 10071
f 10070 10071 10072 2524
f 10072 10073 2525 2524
f 10072 10071 10074 10075
f 10072 10075 10076 10073
f 10076 10077 10078 10073
f 10076 10075 10079 10080
f 10076 10080 10081 10077
f 10081 10082 10083 10077
f 10081 10080 10084 10085
f 10081 10085 10086 10082
f 10086 10087 10088 10082
f 10086 10085 10089 10090
f 10086 10090 10091 10087
f 10091 10092 10093 10087
f 10091 10090 10094 10095
f 10091 10095 10096 10092
f 10096 10097 10098 10092
f 10096 10095 10099 10100
f 10096 10100 10101 10097
f 10101 10102 10103 10097
f 10101 10100 10104 10105
f 10101 10105 10106 10102
f 10106 397 2743 10102
f 10106 10105 10107 10108
f 10106 10108 2744 397
f 10108 10107 10109 10110
f 10108 10110 10111 2744
f 10111 10110 2748 2747
f 10111 2747 10112 10113
f 10111 10113 2745 2744
f 10113 10112 10114 2734
f 10113 2734 2733 2745
f 10114 10112 10115 10116
f 10114 10116 10117 10118
f 10114 10118 2730 2734
f 10118 10117 10119 10120
f 10118 10120 2731 2730
f 10120 10119 10121 10122
f 10120 10122 10123 2731
f 10123 10124 2732 2731
f 10123 10122 10125 10126
f 10123 10126 10127 10124
f 10127 10128 10129 10124
f 10127 10126 10130 10131
f 10127 10131 10132 10128
f 10132 10133 10134 10128
f 10132 10131 10135 10136
f 10132 10136 10137 10133
f 10137 10138 10139 10133
f 10137 10136 10140 10141
f 10137 10141 10142 10138
f 10142 10143 10144 10138
f 10142 10141 10145 10146
f 10142 10146 10147 10143
f 10147 10148 10149 10143
f 10147 10146 10150 10151
f 10147 10151 10152 10148
f 10152 10153 10154 10148
f 10152 10151 10155 10156
f 10152 10156 10157 10153
f 10157 10158 10159 10153
f 10157 10156 10160 10161
f 10157 10161 10162 10158
f 10162 10163 10164 10158
f 10162 10161 10165 10166
f 10162 10166 10167 10163
f 10167 10168 10169 10163
f 10167 10166 10170 10171
f 10167 10171 10172 10168
f 10172 10173 10174 10168
f 10172 10171 10175 10176
f 10172 10176 10177 10173
f 10177 10178 10179 10173
f 10177 10176 10180 10181
f 10177 10181 10182 10178
f 10182 10183 10184 10178
f 10182 10181 10185 10186
f 10182 10186 10187 10183
f 10187 10188 10189 10183
f 10187 10186 10190 10191
f 10187 10191 10192 10188
f 10192 3306 10193 10188
f 10192 10191 10194 10195
f 10192 10195 3307 3306
f 10195 10194 9672 3318
f 10195 3318 3308 3307
f 10194 10191 10190 9677
f 10194 9677 9673 9672
f 10193 10196 10197 10198
f 10193 10198 10189 10188
f 10193 3306 3305 10196
f 10198 10197 10199 10200
f 10198 10200 10201 10189
f 10201 10200 10202 10203
f 10201 10203 10204 10184
f 10201 10184 10183 10189
f 10204 10203 10205 10206
f 10204 10206 10207 10179
f 10204 10179 10178 10184
f 10207 10206 10208 10209
f 10207 10209 10210 10174
f 10207 10174 10173 10179
f 10210 10209 10211 10212
f 10210 10212 10213 10169
f 10210 10169 10168 10174
f 10213 10212 10214 10215
f 10213 10215 10216 10164
f 10213 10164 10163 10169
f 10216 10215 10217 10218
f 10216 10218 10219 10159
f 10216 10159 10158 10164
f 10219 10218 10220 10221
f 10219 10221 10222 10154
f 10219 10154 10153 10159
f 10222 10221 10223 10224
f 10222 10224 10225 10149
f 10222 10149 10148 10154
f 10225 10224 10226 10227
f 10225 10227 10228 10144
f 10225 10144 10143 10149
f 10228 10227 10229 10230
f 10228 10230 10231 10139
f 10228 10139 10138 10144
f 10231 10230 10232 10233
f 10231 10233 10234 10134
f 10231 10134 10133 10139
f 10234 10233 10235 10236
f 10234 10236 2735 10129
f 10234 10129 10128 10134
f 10236 10235 10237 10238
f 10236 10238 2736 2735
f 10238 10237 10239 10240
f 10238 10240 2737 2736
f 10240 10239 3589 3588
f 10240 3588 3590 2737
f 10239 10241 10242 3589
f 10239 10237 10243 10241
f 10243 10244 10245 10241
f 10243 10237 10235 10246
f 10243 10246 10247 10244
f 10247 10248 10249 10244
f 10247 10246 10232 10250
f 10247 10250 10251 10248
f 10251 10252 10253 10248
f 10251 10250 10229 10254
f 10251 10254 10255 10252
f 10255 10256 10257 10252
f 10255 10254 10226 10258
f 10255 10258 10259 10256
f 10259 10260 10261 10256
f 10259 10258 10223 10262
f 10259 10262 10263 10260
f 10263 10264 10265 10260
f 10263 10262 10220 10266
f 10263 10266 10267 10264
f 10267 10268 10269 10264
f 10267 10266 10217 10270
f 10267 10270 10271 10268
f 10271 10272 10273 10268
f 10271 10270 10214 10274
f 10271 10274 10275 10272
f 10275 10276 10277 10272
f 10275 10274 10211 10278
f 10275 10278 10279 10276
f 10279 10280 10281 10276
f 10279 10278 10208 10282
f 10279 10282 10283 10280
f 10283 10284 10285 10280
f 10283 10282 10205 10286
f 10283 10286 10287 10284
f 10287 10288 10289 10284
f 10287 10286 10202 10290
f 10287 10290 10291 10288
f 10291 10292 10293 10288
f 10291 10290 10199 10294
f 10291 10294 10295 10292
f 10295 10296 10297 10292
f 10295 10294 10298 10299
f 10295 10299 10300 10296
f 10300 10301 10302 10296
f 10300 10299 10303 10304
f 10300 10304 10305 10301
f 10305 3341 3343 10301
f 10305 10304 10306 10307
f 10305 10307 3342 3341
f 10307 10306 3316 10308
f 10307 10308 10309 3342
f 10309 10310 3338 3342
f 10309 10308 10311 10312
f 10309 10312 10313 10310
f 10313 10314 10315 10310
f 10313 10312 3330 3326
f 10313 3326 3325 10314
f 10315 3339 3338 10310
f 10315 10314 10316 10317
f 10315 10317 10318 3339
f 10318 10319 3340 3339
f 10318 10317 10320 10321
f 10318 10321 10322 10319
f 10322 10323 10324 10319
f 10322 10321 10325 10326
f 10322 10326 10327 10323
f 10327 10328 10329 10323
f 10327 10326 10330 10331
f 10327 10331 10332 10328
f 10332 3368 10333 10328
f 10332 10331 3352 10334
f 10332 10334 3366 3368
f 10334 3352 512 10335
f 10334 10335 3367 3366
f 10335 512 3351 10336
f 10335 10336 10337 3367
f 10337 10336 10338 10339
f 10337 10339 10340 3365
f 10337 3365 3364 3367
f 10340 10339 10341 10342
f 10340 10342 10343 10344
f 10340 10344 3362 3365
f 10344 10343 10345 10346
f 10344 10346 3363 3362
f 10346 10345 10347 10348
f 10346 10348 10349 3363
f 10349 10348 10350 10351
f 10349 10351 10329 10352
f 10349 10352 3359 3363
f 10352 10329 10328 10333
f 10352 10333 3360 3359
f 10351 10350 3344 10324
f 10351 10324 10323 10329
f 10350 10348 10347 10353
f 10350 10353 3335 3344
f 10353 10347 10354 10355
f 10353 10355 3336 3335
f 10355 10354 10356 10357
f 10355 10357 10358 3336
f 10358 10357 10359 10360
f 10358 10360 10361 10362
f 10358 10362 3337 3336
f 10362 10361 10363 10364
f 10362 10364 3343 3337
f 10364 10363 10365 10302
f 10364 10302 10301 3343
f 10365 10363 10366 10367
f 10365 10367 10368 10297
f 10365 10297 10296 10302
f 10368 10367 10369 10370
f 10368 10370 10371 10293
f 10368 10293 10292 10297
f 10371 10370 10372 10373
f 10371 10373 10374 10289
f 10371 10289 10288 10293
f 10374 10373 10375 10376
f 10374 10376 10377 10285
f 10374 10285 10284 10289
f 10377 10376 10378 10379
f 10377 10379 10380 10281
f 10377 10281 10280 10285
f 10380 10379 10381 10382
f 10380 10382 10383 10277
f 10380 10277 10276 10281
f 10383 10382 10384 10385
f 10383 10385 10386 10273
f 10383 10273 10272 10277
f 10386 10385 10387 10388
f 10386 10388 10389 10269
f 10386 10269 10268 10273
f 10389 10388 10390 10391
f 10389 10391 10392 10265
f 10389 10265 10264 10269
f 10392 10391 10393 10394
f 10392 10394 10395 10261
f 10392 10261 10260 10265
f 10395 10394 10396 10397
f 10395 10397 10398 10257
f 10395 10257 10256 10261
f 10398 10397 10399 10400
f 10398 10400 10401 10253
f 10398 10253 10252 10257
f 10401 10400 10402 10403
f 10401 10403 10404 10249
f 10401 10249 10248 10253
f 10404 10403 10405 10406
f 10404 10406 10407 10245
f 10404 10245 10244 10249
f 10407 10406 10408 10409
f 10407 10409 10410 10242
f 10407 10242 10241 10245
f 10410 10409 10411 10412
f 10410 10412 3586 3585
f 10410 3585 3589 10242
f 10412 10411 10413 10414
f 10412 10414 10415 3586
f 10415 10414 10416 10417
f 10415 10417 10418 10419
f 10415 10419 3587 3586
f 10419 10418 10420 10421
f 10419 10421 3590 3587
f 10421 10420 10422 2738
f 10421 2738 2737 3590
f 10422 10420 2740 2739
f 10422 2739 2745 2733
f 10422 2733 396 2738
f 10420 10418 10423 2740
f 10423 10424 10425 10426
f 10423 10426 2741 2740
f 10423 10418 10417 10424
f 10426 10425 10427 10428
f 10426 10428 2742 2741
f 10428 10427 10429 10430
f 10428 10430 10431 2742
f 10431 10430 10432 10433
f 10431 10433 10434 10435
f 10431 10435 2743 2742
f 10435 10434 10436 10103
f 10435 10103 10102 2743
f 10436 10434 10437 10438
f 10436 10438 10439 10098
f 10436 10098 10097 10103
f 10439 10438 10440 10441
f 10439 10441 10442 10093
f 10439 10093 10092 10098
f 10442 10441 10443 10444
f 10442 10444 10445 10088
f 10442 10088 10087 10093
f 10445 10444 10446 10447
f 10445 10447 10448 10083
f 10445 10083 10082 10088
f 10448 10447 10449 10450
f 10448 10450 2526 10078
f 10448 10078 10077 10083
f 10450 10449 10451 10452
f 10450 10452 2527 2526
f 10452 10451 10453 10454
f 10452 10454 2532 2527
f 10454 10453 10455 10456
f 10454 10456 10457 2532
f 10457 10456 10458 10459
f 10457 10459 10460 10461
f 10457 10461 2530 2532
f 10461 10460 10462 10463
f 10461 10463 2531 2530
f 10463 10462 10464 10465
f 10463 10465 10466 2531
f 10466 10465 2141 2143
f 10466 2143 10060 10065
f 10466 10065 2528 2531
f 10465 10464 2142 2141
f 10464 10462 10467 10468
f 10464 10468 10469 2142
f 10469 10468 10470 10471
f 10469 10471 10472 10473
f 10469 10473 2139 2142
f 10473 10472 10474 10475
f 10473 10475 2140 2139
f 10475 10474 10476 10477
f 10475 10477 10478 2140
f 10478 10477 10479 10480
f 10478 10480 10481 10482
f 10478 10482 2134 2140
f 10482 10481 6754 6752
f 10482 6752 2135 2134
f 10481 10480 10483 10484
f 10481 10484 6756 6754
f 10484 10483 10485 10486
f 10484 10486 6766 6756
f 10486 10485 6772 6770
f 10486 6770 6767 6766
f 10485 10483 10487 2473
f 10485 2473 2472 6772
f 10487 10479 10488 10489
f 10487 10489 2474 2473
f 10487 10483 10480 10479
f 10489 10488 10490 10491
f 10489 10491 2475 2474
f 10491 10490 10492 10493
f 10491 10493 2479 2475
f 10493 10492 10494 10495
f 10493 10495 10496 2479
f 10496 10495 10497 10498
f 10496 10498 10499 10500
f 10496 10500 2480 2479
f 10500 10499 10501 10502
f 10500 10502 2481 2480
f 10502 10501 10503 10504
f 10502 10504 2463 2481
f 10504 10503 2511 2510
f 10504 2510 2464 2463
f 10503 10501 10505 2514
f 10503 2514 2513 2511
f 10505 10506 2499 2498
f 10505 2498 2512 2514
f 10505 10501 10499 10506
f 10506 10507 2500 2499
f 10506 10499 10498 10507
f 10507 10508 2509 2500
f 10507 10498 10497 10508
f 10508 10509 10510 2509
f 10508 10497 10511 10509
f 10511 10512 10513 10509
f 10511 10497 10495 10494
f 10511 10494 10514 10512
f 10514 10515 10516 10512
f 10514 10494 10492 10517
f 10514 10517 10518 10515
f 10518 10519 10520 10515
f 10518 10517 10521 10522
f 10518 10522 10523 10519
f 10523 10524 10525 10519
f 10523 10522 10474 10472
f 10523 10472 10471 10524
f 10525 10526 10527 10528
f 10525 10528 10520 10519
f 10525 10524 10529 10526
f 10529 10530 10531 10526
f 10529 10524 10471 10470
f 10529 10470 10532 10530
f 10532 10533 10534 10530
f 10532 10470 10468 10467
f 10532 10467 10535 10533
f 10535 10536 10537 10533
f 10535 10467 10462 10460
f 10535 10460 10459 10536
f 10537 10538 10539 10540
f 10537 10540 10534 10533
f 10537 10536 10541 10538
f 10541 10542 10543 10538
f 10541 10536 10459 10458
f 10541 10458 10544 10542
f 10544 10545 10546 10542
f 10544 10458 10456 10455
f 10544 10455 10547 10545
f 10547 10548 10549 10545
f 10547 10455 10453 10550
f 10547 10550 10551 10548
f 10551 10552 10553 10548
f 10551 10550 10554 10555
f 10551 10555 10556 10552
f 10556 10557 10558 10552
f 10556 10555 10559 10560
f 10556 10560 10561 10557
f 10561 10562 10563 10557
f 10561 10560 10564 10565
f 10561 10565 10566 10562
f 10566 10567 10568 10562
f 10566 10565 10569 10570
f 10566 10570 10571 10567
f 10571 10572 10573 10567
f 10571 10570 10574 10575
f 10571 10575 10576 10572
f 10576 10577 10578 10572
f 10576 10575 10579 10580
f 10576 10580 10581 10577
f 10581 10582 10583 10577
f 10581 10580 10584 10585
f 10581 10585 10586 10582
f 10586 10587 10588 10582
f 10586 10585 10589 10590
f 10586 10590 10591 10587
f 10591 10592 10593 10587
f 10591 10590 10594 10595
f 10591 10595 10596 10592
f 10596 3611 10597 10592
f 10596 10595 10598 10599
f 10596 10599 3612 3611
f 10599 10598 10600 10601
f 10599 10601 3613 3612
f 10601 10600 10602 10603
f 10601 10603 3618 3613
f 10603 10602 10604 10605
f 10603 10605 10606 3618
f 10606 10607 3616 3618
f 10606 10605 10608 10609
f 10606 10609 10610 10607
f 10610 10611 10612 10607
f 10610 10609 10613 10614
f 10610 10614 10615 10611
f 10615 10616 10617 10611
f 10615 10614 10618 10619
f 10615 10619 10620 10616
f 10620 10621 10622 10616
f 10620 10619 10623 10624
f 10620 10624 10625 10621
f 10625 10626 10627 10621
f 10625 10624 10628 10629
f 10625 10629 10630 10626
f 10630 10631 10632 10626
f 10630 10629 10633 10634
f 10630 10634 10635 10631
f 10635 10636 10637 10631
f 10635 10634 10638 10639
f 10635 10639 10640 10636
f 10640 10641 10642 10636
f 10640 10639 10643 10644
f 10640 10644 10645 10641
f 10645 10646 10647 10641
f 10645 10644 10648 10649
f 10645 10649 10650 10646
f 10650 10651 10652 10646
f 10650 10649 10653 10654
f 10650 10654 10655 10651
f 10655 10656 10657 10651
f 10655 10654 10658 10659
f 10655 10659 10660 10656
f 10660 10661 10662 10656
f 10660 10659 10663 10664
f 10660 10664 10665 10661
f 10665 10666 10667 10661
f 10665 10664 10668 10669
f 10665 10669 10670 10666
f 10670 10671 10672 10666
f 10670 10669 10673 10674
f 10670 10674 10675 10671
f 10675 10676 10677 10671
f 10675 10674 10678 10679
f 10675 10679 10680 10676
f 10680 10681 10682 10676
f 10680 10679 10683 10684
f 10680 10684 10685 10681
f 10685 10686 10687 10681
f 10685 10684 10359 10688
f 10685 10688 10689 10686
f 10689 10690 10691 10686
f 10689 10688 10356 10692
f 10689 10692 10693 10690
f 10693 10694 10695 10690
f 10693 10692 10696 10697
f 10693 10697 10698 10694
f 10698 10699 10700 10694
f 10698 10697 10343 10342
f 10698 10342 10341 10699
f 10700 10701 10702 10703
f 10700 10703 10695 10694
f 10700 10699 10704 10701
f 10704 10705 10706 10701
f 10704 10699 10341 10707
f 10704 10707 10708 10705
f 10708 10709 10710 10705
f 10708 10707 10338 3357
f 10708 3357 3356 10709
f 10710 10711 10712 10713
f 10710 10713 10706 10705
f 10710 10709 10714 10711
f 10714 10715 10716 10711
f 10714 10709 3356 3358
f 10714 3358 10717 10715
f 10717 10718 10719 10715
f 10717 3358 3350 3355
f 10717 3355 10720 10718
f 10720 10721 10722 10718
f 10720 3355 3354 10723
f 10720 10723 10724 10721
f 10724 3332 3331 10721
f 10724 10723 10725 3346
f 10724 3346 3345 3332
f 10725 3353 10330 10726
f 10725 10726 3347 3346
f 10725 10723 3354 3353
f 10726 10330 10326 10325
f 10726 10325 3348 3347
f 10722 3334 10727 10728
f 10722 10728 10719 10718
f 10722 10721 3331 3334
f 10728 10727 10729 10730
f 10728 10730 10731 10719
f 10731 10730 10732 10733
f 10731 10733 10734 10716
f 10731 10716 10715 10719
f 10734 10733 10735 10736
f 10734 10736 10737 10712
f 10734 10712 10711 10716
f 10737 10736 10738 10739
f 10737 10739 10740 10741
f 10737 10741 10713 10712
f 10741 10740 10742 10743
f 10741 10743 10706 10713
f 10743 10742 10744 10702
f 10743 10702 10701 10706
f 10744 10742 10745 10746
f 10744 10746 10747 10748
f 10744 10748 10703 10702
f 10748 10747 10749 10750
f 10748 10750 10695 10703
f 10750 10749 10751 10691
f 10750 10691 10690 10695
f 10751 10749 10752 10753
f 10751 10753 10754 10687
f 10751 10687 10686 10691
f 10754 10753 10755 10756
f 10754 10756 10757 10682
f 10754 10682 10681 10687
f 10757 10756 10758 10759
f 10757 10759 10760 10677
f 10757 10677 10676 10682
f 10760 10759 10761 10762
f 10760 10762 10763 10672
f 10760 10672 10671 10677
f 10763 10762 10764 10765
f 10763 10765 10766 10667
f 10763 10667 10666 10672
f 10766 10765 10767 10768
f 10766 10768 10769 10662
f 10766 10662 10661 10667
f 10769 10768 10770 10771
f 10769 10771 10772 10657
f 10769 10657 10656 10662
f 10772 10771 10773 10774
f 10772 10774 10775 10652
f 10772 10652 10651 10657
f 10775 10774 10776 10777
f 10775 10777 10778 10647
f 10775 10647 10646 10652
f 10778 10777 10779 10780
f 10778 10780 10781 10642
f 10778 10642 10641 10647
f 10781 10780 10782 10783
f 10781 10783 10784 10637
f 10781 10637 10636 10642
f 10784 10783 10785 10786
f 10784 10786 10787 10632
f 10784 10632 10631 10637
f 10787 10786 10788 10789
f 10787 10789 10790 10627
f 10787 10627 10626 10632
f 10790 10789 10791 10792
f 10790 10792 10793 10622
f 10790 10622 10621 10627
f 10793 10792 10794 10795
f 10793 10795 10796 10617
f 10793 10617 10616 10622
f 10796 10795 10797 10798
f 10796 10798 3617 10612
f 10796 10612 10611 10617
f 10798 10797 3622 3624
f 10798 3624 3614 3617
f 10797 10799 3623 3622
f 10797 10795 10794 10799
f 10799 10800 3633 3623
f 10799 10794 10801 10800
f 10801 10802 10803 10800
f 10801 10794 10792 10791
f 10801 10791 10804 10802
f 10804 10805 10806 10802
f 10804 10791 10789 10788
f 10804 10788 10807 10805
f 10807 10808 10809 10805
f 10807 10788 10786 10785
f 10807 10785 10810 10808
f 10810 10811 10812 10808
f 10810 10785 10783 10782
f 10810 10782 10813 10811
f 10813 10814 10815 10811
f 10813 10782 10780 10779
f 10813 10779 10816 10814
f 10816 10817 10818 10814
f 10816 10779 10777 10776
f 10816 10776 10819 10817
f 10819 10820 10821 10817
f 10819 10776 10774 10773
f 10819 10773 10822 10820
f 10822 10823 10824 10820
f 10822 10773 10771 10770
f 10822 10770 10825 10823
f 10825 10826 10827 10823
f 10825 10770 10768 10767
f 10825 10767 10828 10826
f 10828 10829 10830 10826
f 10828 10767 10765 10764
f 10828 10764 10831 10829
f 10831 10832 10833 10829
f 10831 10764 10762 10761
f 10831 10761 10834 10832
f 10834 10835 10836 10832
f 10834 10761 10759 10758
f 10834 10758 10837 10835
f 10837 10838 10839 10835
f 10837 10758 10756 10755
f 10837 10755 10840 10838
f 10840 10841 10842 10838
f 10840 10755 10753 10752
f 10840 10752 10843 10841
f 10843 10844 10845 10841
f 10843 10752 10749 10747
f 10843 10747 10746 10844
f 10845 10846 10847 10848
f 10845 10848 10842 10841
f 10845 10844 10849 10846
f 10849 10850 10851 10846
f 10849 10844 10746 10745
f 10849 10745 10852 10850
f 10852 10853 10854 10850
f 10852 10745 10742 10740
f 10852 10740 10739 10853
f 10854 10855 10856 10857
f 10854 10857 10851 10850
f 10854 10853 10858 10855
f 10858 10859 10860 10855
f 10858 10853 10739 10738
f 10858 10738 10861 10859
f 10861 10862 10863 10859
f 10861 10738 10736 10735
f 10861 10735 10864 10862
f 10864 10865 10866 10862
f 10864 10735 10733 10732
f 10864 10732 10867 10865
f 10867 10868 10869 10865
f 10867 10732 10730 10729
f 10867 10729 10870 10868
f 10870 3329 10871 10868
f 10870 10729 10727 10872
f 10870 10872 508 3329
f 10872 10727 3334 3333
f 10872 3333 3324 508
f 10871 9650 9646 9645
f 10871 9645 10869 10868
f 10871 3329 3328 9650
f 10869 9645 9641 9640
f 10869 9640 10866 10865
f 10866 9640 9636 9635
f 10866 9635 10863 10862
f 10863 9635 9631 9630
f 10863 9630 10860 10859
f 10860 9630 9626 9625
f 10860 9625 10856 10855
f 10857 10856 9620 10873
f 10857 10873 10874 10851
f 10874 10873 9615 10875
f 10874 10875 10876 10847
f 10874 10847 10846 10851
f 10876 10875 9610 10877
f 10876 10877 10878 10879
f 10876 10879 10848 10847
f 10879 10878 10880 10881
f 10879 10881 10842 10848
f 10881 10880 10882 10839
f 10881 10839 10838 10842
f 10882 10880 10883 10884
f 10882 10884 10885 10836
f 10882 10836 10835 10839
f 10885 10884 10886 10887
f 10885 10887 10888 10833
f 10885 10833 10832 10836
f 10888 10887 10889 10890
f 10888 10890 10891 10830
f 10888 10830 10829 10833
f 10891 10890 10892 10893
f 10891 10893 10894 10827
f 10891 10827 10826 10830
f 10894 10893 10895 10896
f 10894 10896 10897 10824
f 10894 10824 10823 10827
f 10897 10896 10898 10899
f 10897 10899 10900 10821
f 10897 10821 10820 10824
f 10900 10899 10901 10902
f 10900 10902 10903 10818
f 10900 10818 10817 10821
f 10903 10902 10904 10905
f 10903 10905 10906 10815
f 10903 10815 10814 10818
f 10906 10905 10907 10908
f 10906 10908 10909 10812
f 10906 10812 10811 10815
f 10909 10908 10910 10911
f 10909 10911 10912 10809
f 10909 10809 10808 10812
f 10912 10911 10913 10914
f 10912 10914 10915 10806
f 10912 10806 10805 10809
f 10915 10914 10916 3637
f 10915 3637 3634 10803
f 10915 10803 10802 10806
f 10916 9545 9544 10917
f 10916 10917 3635 3637
f 10916 10914 10913 9545
f 10917 9544 3640 3639
f 10917 3639 3636 3635
f 10913 10918 9546 9545
f 10913 10911 10910 10918
f 10918 9555 9551 9546
f 10918 10910 10919 9555
f 10919 9560 9556 9555
f 10919 10910 10908 10907
f 10919 10907 10920 9560
f 10920 9565 9561 9560
f 10920 10907 10905 10904
f 10920 10904 10921 9565
f 10921 9570 9566 9565
f 10921 10904 10902 10901
f 10921 10901 10922 9570
f 10922 9575 9571 9570
f 10922 10901 10899 10898
f 10922 10898 10923 9575
f 10923 9580 9576 9575
f 10923 10898 10896 10895
f 10923 10895 10924 9580
f 10924 9585 9581 9580
f 10924 10895 10893 10892
f 10924 10892 10925 9585
f 10925 9590 9586 9585
f 10925 10892 10890 10889
f 10925 10889 10926 9590
f 10926 9595 9591 9590
f 10926 10889 10887 10886
f 10926 10886 10927 9595
f 10927 9600 9596 9595
f 10927 10886 10884 10883
f 10927 10883 10928 9600
f 10928 9605 9601 9600
f 10928 10883 10880 10878
f 10928 10878 10877 9605
f 10877 9610 9606 9605
f 10875 9615 9611 9610
f 10873 9620 9616 9615
f 10856 9625 9621 9620
f 10803 3634 3633 10800
f 10707 10341 10339 10338
f 10697 10696 10345 10343
f 10696 10692 10356 10354
f 10696 10354 10347 10345
f 10688 10359 10357 10356
f 10684 10683 10360 10359
f 10683 10679 10678 10929
f 10683 10929 10361 10360
f 10929 10678 10930 10366
f 10929 10366 10363 10361
f 10930 10678 10674 10673
f 10930 10673 10931 10369
f 10930 10369 10367 10366
f 10931 10673 10669 10668
f 10931 10668 10932 10372
f 10931 10372 10370 10369
f 10932 10668 10664 10663
f 10932 10663 10933 10375
f 10932 10375 10373 10372
f 10933 10663 10659 10658
f 10933 10658 10934 10378
f 10933 10378 10376 10375
f 10934 10658 10654 10653
f 10934 10653 10935 10381
f 10934 10381 10379 10378
f 10935 10653 10649 10648
f 10935 10648 10936 10384
f 10935 10384 10382 10381
f 10936 10648 10644 10643
f 10936 10643 10937 10387
f 10936 10387 10385 10384
f 10937 10643 10639 10638
f 10937 10638 10938 10390
f 10937 10390 10388 10387
f 10938 10638 10634 10633
f 10938 10633 10939 10393
f 10938 10393 10391 10390
f 10939 10633 10629 10628
f 10939 10628 10940 10396
f 10939 10396 10394 10393
f 10940 10628 10624 10623
f 10940 10623 10941 10399
f 10940 10399 10397 10396
f 10941 10623 10619 10618
f 10941 10618 10942 10402
f 10941 10402 10400 10399
f 10942 10618 10614 10613
f 10942 10613 10943 10405
f 10942 10405 10403 10402
f 10943 10613 10609 10608
f 10943 10608 10944 10408
f 10943 10408 10406 10405
f 10944 10608 10605 10604
f 10944 10604 10413 10411
f 10944 10411 10409 10408
f 10612 3617 3616 10607
f 10604 10602 10945 10413
f 10945 10602 10600 10946
f 10945 10946 10947 10416
f 10945 10416 10414 10413
f 10947 10946 10948 10949
f 10947 10949 10425 10424
f 10947 10424 10417 10416
f 10949 10948 10594 10950
f 10949 10950 10427 10425
f 10950 10594 10590 10589
f 10950 10589 10429 10427
f 10948 10598 10595 10594
f 10948 10946 10600 10598
f 10597 9541 3713 10951
f 10597 10951 10593 10592
f 10597 3611 3610 9541
f 10951 3713 3712 10952
f 10951 10952 10953 10593
f 10953 10952 10954 10955
f 10953 10955 10956 10588
f 10953 10588 10587 10593
f 10956 10955 10957 10958
f 10956 10958 10959 10583
f 10956 10583 10582 10588
f 10959 10958 3719 3718
f 10959 3718 10960 10578
f 10959 10578 10577 10583
f 10960 3718 574 10961
f 10960 10961 10962 10573
f 10960 10573 10572 10578
f 10962 10961 10963 10964
f 10962 10964 10965 10568
f 10962 10568 10567 10573
f 10965 10964 10966 10967
f 10965 10967 10968 10563
f 10965 10563 10562 10568
f 10968 10967 10969 10970
f 10968 10970 10971 10558
f 10968 10558 10557 10563
f 10971 10970 10972 10973
f 10971 10973 10974 10553
f 10971 10553 10552 10558
f 10974 10973 10975 10976
f 10974 10976 10977 10549
f 10974 10549 10548 10553
f 10977 10976 10978 10979
f 10977 10979 10980 10546
f 10977 10546 10545 10549
f 10980 10979 10981 10982
f 10980 10982 10983 10543
f 10980 10543 10542 10546
f 10983 10982 10984 10985
f 10983 10985 10986 10539
f 10983 10539 10538 10543
f 10986 10985 10987 10988
f 10986 10988 10989 10990
f 10986 10990 10540 10539
f 10990 10989 10991 10992
f 10990 10992 10534 10540
f 10992 10991 10993 10531
f 10992 10531 10530 10534
f 10993 10991 10994 10995
f 10993 10995 10996 10527
f 10993 10527 10526 10531
f 10996 10995 10997 10998
f 10996 10998 10999 11000
f 10996 11000 10528 10527
f 11000 10999 11001 11002
f 11000 11002 10520 10528
f 11002 11001 11003 10516
f 11002 10516 10515 10520
f 11003 11001 11004 11005
f 11003 11005 11006 10513
f 11003 10513 10512 10516
f 11006 11005 11007 11008
f 11006 11008 11009 10510
f 11006 10510 10509 10513
f 11009 11008 11010 11011
f 11009 11011 2484 2488
f 11009 2488 2509 10510
f 11011 11010 11012 11013
f 11011 11013 2485 2484
f 11013 11012 2144 2148
f 11013 2148 11014 2485
f 11014 2148 2147 11015
f 11014 11015 11016 11017
f 11014 11017 2486 2485
f 11017 11016 11018 11019
f 11017 11019 2487 2486
f 11019 11018 11020 11021
f 11019 11021 2497 2487
f 11021 11020 11022 11023
f 11021 11023 11024 2497
f 11024 11023 11025 11026
f 11024 11026 6776 6775
f 11024 6775 2477 2497
f 11026 11025 11027 11028
f 11026 11028 6778 6776
f 11028 11027 1101 1100
f 11028 1100 1104 6778
f 11027 11025 11029 11030
f 11027 11030 11031 1101
f 11031 11030 11032 11033
f 11031 11033 11034 11035
f 11031 11035 1102 1101
f 11035 11034 6786 6784
f 11035 6784 1105 1102
f 11034 11033 11036 11037
f 11034 11037 11038 6786
f 11038 11037 1119 1118
f 11038 1118 1123 6789
f 11038 6789 6787 6786
f 11037 11036 11039 1119
f 11039 11040 11041 11042
f 11039 11042 1120 1119
f 11039 11036 11043 11040
f 11043 2471 2470 11040
f 11043 11036 11033 11032
f 11043 11032 11044 2471
f 11044 11045 2466 2471
f 11044 11032 11030 11029
f 11044 11029 11022 11045
f 11045 11046 2467 2466
f 11045 11022 11020 11046
f 11046 11047 11048 2467
f 11046 11020 11018 11047
f 11048 11047 1733 208
f 11048 208 1732 11049
f 11048 11049 2468 2467
f 11049 1732 11050 11051
f 11049 11051 2469 2468
f 11051 11050 11052 11053
f 11051 11053 11041 2469
f 11053 11052 11054 11055
f 11053 11055 11042 11041
f 11055 11054 1117 1121
f 11055 1121 1120 11042
f 11054 11052 11056 1640
f 11054 1640 1116 1117
f 11056 11057 11058 11059
f 11056 11059 1641 1640
f 11056 11052 11050 11057
f 11059 11058 11060 11061
f 11059 11061 1642 1641
f 11061 11060 11062 11063
f 11061 11063 11064 1642
f 11064 11063 11065 11066
f 11064 11066 11067 11068
f 11064 11068 1638 1642
f 11068 11067 11069 11070
f 11068 11070 1639 1638
f 11070 11069 11071 11072
f 11070 11072 11073 1639
f 11073 11072 11074 11075
f 11073 11075 11076 11077
f 11073 11077 1636 1639
f 11077 11076 11078 11079
f 11077 11079 1637 1636
f 11079 11078 1063 11080
f 11079 11080 11081 1637
f 11081 1115 1114 1637
f 11081 11080 11082 11083
f 11081 11083 1124 1115
f 11083 6793 6791 1124
f 11083 11082 6795 6793
f 11082 11080 1063 1031
f 11082 1031 1030 6795
f 11078 11076 11084 11085
f 11078 11085 1060 1063
f 11085 11084 11086 11087
f 11085 11087 1061 1060
f 11087 11086 11088 11089
f 11087 11089 1064 1061
f 11089 11088 11090 11091
f 11089 11091 1065 1064
f 11091 11090 11092 11093
f 11091 11093 11094 1065
f 11094 11093 11095 11096
f 11094 11096 11097 11098
f 11094 11098 1066 1065
f 11098 11097 1005 1004
f 11098 1004 1009 1066
f 11097 11096 1000 999
f 11097 999 11099 1005
f 11099 999 998 11100
f 11099 11100 11101 11102
f 11099 11102 1006 1005
f 11102 11101 1018 1015
f 11102 1015 1007 1006
f 11101 11100 11103 11104
f 11101 11104 11105 1018
f 11105 11104 11106 11107
f 11105 11107 11108 11109
f 11105 11109 1016 1018
f 11109 11108 11110 11111
f 11109 11111 1017 1016
f 11111 11110 11112 11113
f 11111 11113 11114 1017
f 11114 11113 11115 11116
f 11114 11116 11117 11118
f 11114 11118 1010 1017
f 11118 11117 11119 11120
f 11118 11120 1011 1010
f 11120 11119 11121 6805
f 11120 6805 6803 1011
f 11121 11119 11122 11123
f 11121 11123 11124 11125
f 11121 11125 6806 6805
f 11125 11124 11126 11127
f 11125 11127 6807 6806
f 11127 11126 11128 11129
f 11127 11129 6809 6807
f 11129 11128 11130 11131
f 11129 11131 6811 6809
f 11131 11130 11132 11133
f 11131 11133 6813 6811
f 11133 11132 11134 11135
f 11133 11135 11136 6813
f 11136 6817 6814 6813
f 11136 11135 11137 6831
f 11136 6831 6827 6817
f 11137 11135 11134 11138
f 11137 11138 6836 6834
f 11137 6834 6832 6831
f 11138 11134 11139 11140
f 11138 11140 11141 6836
f 11141 11140 11142 11143
f 11141 11143 11144 6839
f 11141 6839 6837 6836
f 11144 11143 11145 11146
f 11144 11146 11147 11148
f 11144 11148 6840 6839
f 11148 11147 11149 11150
f 11148 11150 6841 6840
f 11150 11149 11151 11152
f 11150 11152 6843 6841
f 11152 11151 11153 11154
f 11152 11154 11155 6843
f 11155 6847 6844 6843
f 11155 11154 11156 11157
f 11155 11157 11158 6847
f 11158 6852 6848 6847
f 11158 11157 11159 11160
f 11158 11160 11161 6852
f 11161 6857 6853 6852
f 11161 11160 11162 11163
f 11161 11163 11164 6857
f 11164 6862 6858 6857
f 11164 11163 11165 11166
f 11164 11166 11167 6862
f 11167 6867 6863 6862
f 11167 11166 11168 11169
f 11167 11169 11170 6867
f 11170 6872 6868 6867
f 11170 11169 11171 11172
f 11170 11172 11173 6872
f 11173 6876 6873 6872
f 11173 11172 11174 6883
f 11173 6883 6878 6876
f 11174 11172 11171 11175
f 11174 11175 7718 6886
f 11174 6886 6884 6883
f 11175 11171 11176 11177
f 11175 11177 7719 7718
f 11177 11176 11178 11179
f 11177 11179 7720 7719
f 11179 11178 11180 11181
f 11179 11181 7722 7720
f 11181 11180 11182 11183
f 11181 11183 7724 7722
f 11183 11182 11184 11185
f 11183 11185 11186 7724
f 11186 11185 11187 11188
f 11186 11188 11189 7727
f 11186 7727 7725 7724
f 11189 11188 11190 3731
f 11189 3731 3730 11191
f 11189 11191 7728 7727
f 11191 3730 3729 11192
f 11191 11192 7729 7728
f 11192 3729 7763 7762
f 11192 7762 7731 7729
f 11190 11188 11187 11193
f 11190 11193 11194 11195
f 11190 11195 3732 3731
f 11195 11194 11196 11197
f 11195 11197 3733 3732
f 11197 11196 10954 3714
f 11197 3714 3710 3733
f 11196 11194 11198 10957
f 11196 10957 10955 10954
f 11198 11194 11193 11199
f 11198 11199 3715 3719
f 11198 3719 10958 10957
f 11199 11193 11187 11200
f 11199 11200 3716 3715
f 11200 11184 11201 3716
f 11200 11187 11185 11184
f 11201 11202 11203 11204
f 11201 11204 3717 3716
f 11201 11184 11182 11202
f 11204 11203 11205 11206
f 11204 11206 3720 3717
f 11206 11205 11159 11207
f 11206 11207 11208 3720
f 11208 11207 11156 11209
f 11208 11209 11210 11211
f 11208 11211 3721 3720
f 11211 11210 11212 11213
f 11211 11213 10963 3721
f 11213 11212 11214 10966
f 11213 10966 10964 10963
f 11214 11212 11215 11216
f 11214 11216 11217 10969
f 11214 10969 10967 10966
f 11217 11216 11218 11219
f 11217 11219 11220 10972
f 11217 10972 10970 10969
f 11220 11219 11221 11222
f 11220 11222 11223 10975
f 11220 10975 10973 10972
f 11223 11222 11224 11225
f 11223 11225 11226 10978
f 11223 10978 10976 10975
f 11226 11225 11227 11228
f 11226 11228 11229 10981
f 11226 10981 10979 10978
f 11229 11228 11230 11231
f 11229 11231 11232 10984
f 11229 10984 10982 10981
f 11232 11231 11233 11234
f 11232 11234 11235 10987
f 11232 10987 10985 10984
f 11235 11234 11236 11237
f 11235 11237 11238 11239
f 11235 11239 10988 10987
f 11239 11238 11240 11241
f 11239 11241 10989 10988
f 11241 11240 11242 10994
f 11241 10994 10991 10989
f 11242 11240 11243 11244
f 11242 11244 11245 10997
f 11242 10997 10995 10994
f 11245 11244 11246 11247
f 11245 11247 11248 11249
f 11245 11249 10998 10997
f 11249 11248 11250 11251
f 11249 11251 10999 10998
f 11251 11250 11252 11004
f 11251 11004 11001 10999
f 11252 11250 11253 11254
f 11252 11254 11255 11007
f 11252 11007 11005 11004
f 11255 11254 11256 11257
f 11255 11257 11012 11010
f 11255 11010 11008 11007
f 11257 11256 11258 2145
f 11257 2145 2144 11012
f 11258 11259 11260 11261
f 11258 11261 2146 2145
f 11258 11256 11262 11259
f 11262 11263 11264 11259
f 11262 11256 11254 11253
f 11262 11253 11265 11263
f 11265 11266 11267 11263
f 11265 11253 11250 11248
f 11265 11248 11247 11266
f 11267 11268 11269 11270
f 11267 11270 11264 11263
f 11267 11266 11271 11268
f 11271 11272 11273 11268
f 11271 11266 11247 11246
f 11271 11246 11274 11272
f 11274 11275 11276 11272
f 11274 11246 11244 11243
f 11274 11243 11277 11275
f 11277 11278 11279 11275
f 11277 11243 11240 11238
f 11277 11238 11237 11278
f 11279 11280 11281 11282
f 11279 11282 11276 11275
f 11279 11278 11283 11280
f 11283 11284 11285 11280
f 11283 11278 11237 11236
f 11283 11236 11286 11284
f 11286 11287 11288 11284
f 11286 11236 11234 11233
f 11286 11233 11289 11287
f 11289 11290 11291 11287
f 11289 11233 11231 11230
f 11289 11230 11292 11290
f 11292 11293 11294 11290
f 11292 11230 11228 11227
f 11292 11227 11295 11293
f 11295 11296 11297 11293
f 11295 11227 11225 11224
f 11295 11224 11298 11296
f 11298 11299 11300 11296
f 11298 11224 11222 11221
f 11298 11221 11301 11299
f 11301 11302 11303 11299
f 11301 11221 11219 11218
f 11301 11218 11304 11302
f 11304 11305 11306 11302
f 11304 11218 11216 11215
f 11304 11215 11307 11305
f 11307 11153 11151 11305
f 11307 11215 11212 11210
f 11307 11210 11209 11153
f 11306 11149 11147 11308
f 11306 11308 11303 11302
f 11306 11305 11151 11149
f 11308 11147 11146 11309
f 11308 11309 11310 11303
f 11310 11309 11311 11312
f 11310 11312 11313 11300
f 11310 11300 11299 11303
f 11313 11312 11314 11315
f 11313 11315 11316 11297
f 11313 11297 11296 11300
f 11316 11315 11317 11318
f 11316 11318 11319 11294
f 11316 11294 11293 11297
f 11319 11318 11320 11321
f 11319 11321 11322 11291
f 11319 11291 11290 11294
f 11322 11321 11323 11324
f 11322 11324 11325 11288
f 11322 11288 11287 11291
f 11325 11324 11326 11327
f 11325 11327 11328 11285
f 11325 11285 11284 11288
f 11328 11327 11329 11330
f 11328 11330 11331 11281
f 11328 11281 11280 11285
f 11331 11330 11332 11333
f 11331 11333 11334 11335
f 11331 11335 11282 11281
f 11335 11334 11336 11337
f 11335 11337 11276 11282
f 11337 11336 11338 11273
f 11337 11273 11272 11276
f 11338 11336 11339 11340
f 11338 11340 11341 11269
f 11338 11269 11268 11273
f 11341 11340 11342 11343
f 11341 11343 11344 11345
f 11341 11345 11270 11269
f 11345 11344 11346 11347
f 11345 11347 11264 11270
f 11347 11346 11348 11260
f 11347 11260 11259 11264
f 11348 11346 11349 11350
f 11348 11350 1694 1693
f 11348 1693 11261 11260
f 11350 11349 1768 1767
f 11350 1767 1695 1694
f 11349 11351 11352 1768
f 11349 11346 11344 11351
f 11352 11353 11354 11355
f 11352 11355 1764 1768
f 11352 11351 11356 11353
f 11356 11357 11358 11353
f 11356 11351 11344 11343
f 11356 11343 11342 11357
f 11358 11359 11360 11361
f 11358 11361 11354 11353
f 11358 11357 11362 11359
f 11362 3206 11363 11359
f 11362 11357 11342 11364
f 11362 11364 3207 3206
f 11364 11342 11340 11339
f 11364 11339 3212 3207
f 11363 11365 11366 11367
f 11363 11367 11360 11359
f 11363 3206 3205 11365
f 11367 11366 11368 11369
f 11367 11369 11370 11360
f 11370 11369 11371 11372
f 11370 11372 11373 11374
f 11370 11374 11361 11360
f 11374 11373 11375 11376
f 11374 11376 11354 11361
f 11376 11375 2085 2088
f 11376 2088 11355 11354
f 11375 11373 11377 11378
f 11375 11378 2086 2085
f 11378 11377 11379 11380
f 11378 11380 11381 2086
f 11381 11380 11382 11383
f 11381 11383 11384 11385
f 11381 11385 2087 2086
f 11385 11384 11386 1770
f 11385 1770 1766 2087
f 11386 11384 11387 11388
f 11386 11388 11389 11390
f 11386 11390 1771 1770
f 11390 11389 11391 11392
f 11390 11392 1772 1771
f 11392 11391 1745 11393
f 11392 11393 11394 1772
f 11394 11393 11395 11396
f 11394 11396 11397 11398
f 11394 11398 1769 1772
f 11398 11397 1697 1696
f 11398 1696 1695 1769
f 11397 11396 11399 11400
f 11397 11400 1738 1697
f 11400 11399 11401 11402
f 11400 11402 11403 1738
f 11403 11402 11404 11405
f 11403 11405 2151 2150
f 11403 2150 1735 1738
f 11405 11404 11406 11407
f 11405 11407 11408 2151
f 11408 11407 11409 2507
f 11408 2507 1739 1737
f 11408 1737 1736 2151
f 11409 11407 11406 11410
f 11409 11410 11411 11412
f 11409 11412 2508 2507
f 11412 11411 11413 11414
f 11412 11414 2504 2508
f 11414 11413 11415 11416
f 11414 11416 2505 2504
f 11416 11415 11417 11418
f 11416 11418 2506 2505
f 11418 11417 11419 1729
f 11418 1729 1728 2506
f 11419 11417 11420 11421
f 11419 11421 11422 11423
f 11419 11423 1730 1729
f 11423 11422 11424 11425
f 11423 11425 1731 1730
f 11425 11424 11060 11058
f 11425 11058 11057 1731
f 11424 11422 11426 11427
f 11424 11427 11062 11060
f 11427 11426 11428 11429
f 11427 11429 11430 11062
f 11430 11429 11431 11432
f 11430 11432 11433 11065
f 11430 11065 11063 11062
f 11433 11432 1672 11434
f 11433 11434 11435 11436
f 11433 11436 11066 11065
f 11436 11435 11437 11438
f 11436 11438 11067 11066
f 11438 11437 11439 11440
f 11438 11440 11069 11067
f 11440 11439 11441 11442
f 11440 11442 11071 11069
f 11442 11441 11443 11444
f 11442 11444 11445 11071
f 11445 11444 11446 11447
f 11445 11447 11448 11074
f 11445 11074 11072 11071
f 11448 11447 11449 11450
f 11448 11450 11451 11452
f 11448 11452 11075 11074
f 11452 11451 11086 11084
f 11452 11084 11076 11075
f 11451 11450 11453 11454
f 11451 11454 11088 11086
f 11454 11453 1594 11455
f 11454 11455 11090 11088
f 11455 1594 185 11456
f 11455 11456 11092 11090
f 11456 185 1593 11457
f 11456 11457 11458 11092
f 11458 11457 11459 11460
f 11458 11460 1001 11095
f 11458 11095 11093 11092
f 11460 11459 11461 11462
f 11460 11462 1002 1001
f 11462 11461 1567 11463
f 11462 11463 1003 1002
f 11463 1567 1564 11464
f 11463 11464 11103 1003
f 11464 1564 1563 11106
f 11464 11106 11104 11103
f 11461 11459 11465 11466
f 11461 11466 1568 1567
f 11467 11466 11465 1600
f 11468 1558 1557 11469
f 11468 11469 11470 11471
f 11471 11470 11472 11473
f 11473 11472 11474 11475
f 11474 11472 11476 11477
f 11474 11477 1570 1569
f 11477 11476 11478 1575
f 11477 1575 1571 1570
f 11478 11479 1581 11480
f 11478 11480 1572 1575
f 11478 11476 11481 11479
f 11481 11482 11483 11479
f 11481 11476 11472 11470
f 11481 11470 11469 11482
f 11483 11484 1580 1579
f 11483 1579 1581 11479
f 11483 11482 11485 11484
f 11485 11486 11487 11484
f 11485 11482 11469 1557
f 11485 1557 1556 11486
f 11487 11488 11489 11490
f 11487 11490 1580 11484
f 11487 11486 11491 11488
f 11491 11492 11493 11488
f 11491 11486 1556 1561
f 11491 1561 11494 11492
f 11494 11495 11496 11492
f 11494 1561 1560 11497
f 11494 11497 11498 11495
f 11498 11499 11500 11495
f 11498 11497 11501 11502
f 11498 11502 11503 11499
f 11503 11504 11505 11499
f 11503 11502 11506 11507
f 11503 11507 11508 11504
f 11508 11509 11510 11504
f 11508 11507 11511 11512
f 11508 11512 11513 11509
f 11513 11514 11515 11509
f 11513 11512 11516 11517
f 11513 11517 11518 11514
f 11518 11519 11520 11514
f 11518 11517 11521 11522
f 11518 11522 11523 11519
f 11523 11524 11525 11519
f 11523 11522 11526 11527
f 11523 11527 11528 11524
f 11528 11529 11530 11524
f 11528 11527 11531 11532
f 11528 11532 11533 11529
f 11533 11534 11535 11529
f 11533 11532 11536 11537
f 11533 11537 11538 11534
f 11538 11539 11540 11534
f 11538 11537 11541 11542
f 11538 11542 11543 11539
f 11543 11544 11545 11539
f 11543 11542 11546 11547
f 11543 11547 11548 11544
f 11548 11549 11550 11544
f 11548 11547 11551 11552
f 11548 11552 11553 11549
f 11553 11554 11555 11549
f 11553 11552 11556 11557
f 11553 11557 11558 11554
f 11558 11559 11560 11554
f 11558 11557 11561 11562
f 11558 11562 11563 11559
f 11563 11564 11565 11559
f 11563 11562 11566 11567
f 11563 11567 11568 11564
f 11568 11569 11570 11564
f 11568 11567 11571 11572
f 11568 11572 11573 11569
f 11573 11574 11575 11569
f 11573 11572 11576 11577
f 11573 11577 11578 11574
f 11578 1471 1474 11574
f 11578 11577 11579 11580
f 11578 11580 1472 1471
f 11580 11579 11581 11582
f 11580 11582 11583 1472
f 11583 1477 1468 1472
f 11583 11582 11584 11585
f 11583 11585 1478 1477
f 11585 11584 11586 11587
f 11585 11587 11588 1478
f 11588 11589 1475 1478
f 11588 11587 11590 11591
f 11588 11591 11592 11589
f 11592 11593 11594 11589
f 11592 11591 11595 1456
f 11592 1456 1455 11593
f 11595 11591 11590 11596
f 11595 11596 1467 1462
f 11595 1462 163 1456
f 11596 11590 11597 11598
f 11596 11598 11599 1467
f 11599 11598 11600 11601
f 11599 11601 11602 11603
f 11599 11603 1463 1467
f 11603 11602 11604 11605
f 11603 11605 1464 1463
f 11605 11604 11606 11607
f 11605 11607 11608 1464
f 11608 11609 1465 1464
f 11608 11607 11610 11611
f 11608 11611 11612 11609
f 11612 11613 11614 11609
f 11612 11611 11615 11616
f 11612 11616 11617 11613
f 11617 11618 11619 11613
f 11617 11616 11620 11621
f 11617 11621 11622 11618
f 11622 11623 11624 11618
f 11622 11621 11625 11626
f 11622 11626 11627 11623
f 11627 11628 11629 11623
f 11627 11626 11630 11631
f 11627 11631 11632 11628
f 11632 11633 11634 11628
f 11632 11631 11635 11636
f 11632 11636 11637 11633
f 11637 1395 1397 11633
f 11637 11636 11638 11639
f 11637 11639 1393 1395
f 11639 11638 11640 11641
f 11639 11641 1394 1393
f 11641 11640 11642 11643
f 11641 11643 11644 1394
f 11644 11645 1392 1394
f 11644 11643 11646 1405
f 11644 1405 1404 11645
f 11646 11643 11642 11647
f 11646 11647 11648 1420
f 11646 1420 1399 1405
f 11648 11647 11649 11650
f 11648 11650 11651 11652
f 11648 11652 1421 1420
f 11652 11651 11653 11654
f 11652 11654 1422 1421
f 11654 11653 1418 1417
f 11654 1417 11655 1422
f 11655 11656 1423 1422
f 11655 1417 1416 11657
f 11655 11657 11658 11656
f 11658 11659 11660 11656
f 11658 11657 11661 11662
f 11658 11662 11663 11659
f 11663 11664 11665 11659
f 11663 11662 11666 11667
f 11663 11667 11668 11664
f 11668 11669 11670 11664
f 11668 11667 11671 1442
f 11668 1442 1439 11669
f 11671 11667 11666 11672
f 11671 11672 1434 1433
f 11671 1433 1440 1442
f 11672 11666 11673 11674
f 11672 11674 1437 1434
f 11674 11673 11675 11676
f 11674 11676 11677 1437
f 11677 11676 11678 11679
f 11677 11679 11680 11681
f 11677 11681 1435 1437
f 11681 11680 11682 11683
f 11681 11683 1436 1435
f 11683 11682 11684 11685
f 11683 11685 11686 1436
f 11686 11685 11687 11688
f 11686 11688 1429 1441
f 11686 1441 1432 1436
f 11688 11687 11689 11690
f 11688 11690 1430 1429
f 11690 11689 11691 11692
f 11690 11692 1431 1430
f 11692 11691 11693 11694
f 11692 11694 11695 1431
f 11695 11694 11696 11697
f 11695 11697 11698 11699
f 11695 11699 1427 1431
f 11699 11698 11700 11701
f 11699 11701 1428 1427
f 11701 11700 11702 11703
f 11701 11703 1438 1428
f 11703 11702 11704 11705
f 11703 11705 11706 1438
f 11706 11705 11707 11708
f 11706 11708 11670 11669
f 11706 11669 1439 1438
f 11708 11707 11709 11710
f 11708 11710 11711 11670
f 11711 11710 11712 11713
f 11711 11713 11714 11665
f 11711 11665 11664 11670
f 11714 11713 11715 11716
f 11714 11716 1426 11660
f 11714 11660 11659 11665
f 11716 11715 11717 11718
f 11716 11718 1403 1426
f 11718 11717 11719 11720
f 11718 11720 1400 1403
f 11720 11719 11721 11722
f 11720 11722 1401 1400
f 11722 11723 11724 1401
f 11722 11721 11725 11723
f 11725 11726 1390 11723
f 11725 11721 11727 11728
f 11725 11728 11729 11726
f 11729 11730 11731 11726
f 11729 11728 1346 1345
f 11729 1345 11732 11730
f 11732 11733 11734 11730
f 11732 1345 1342 11735
f 11732 11735 11736 11733
f 11736 11737 11738 11733
f 11736 11735 1356 11739
f 11736 11739 11740 11737
f 11740 11741 11742 11737
f 11740 11739 11743 11744
f 11740 11744 11745 11741
f 11745 11746 11747 11741
f 11745 11744 11748 11749
f 11745 11749 11750 11746
f 11750 11751 11752 11746
f 11750 11749 11753 11754
f 11750 11754 11755 11751
f 11755 11756 11757 11751
f 11755 11754 11758 11759
f 11755 11759 11760 11756
f 11760 11761 11762 11756
f 11760 11759 3386 11763
f 11760 11763 3288 11761
f 11763 3386 3385 11764
f 11763 11764 3289 3288
f 11764 3385 3390 11765
f 11764 11765 3290 3289
f 11765 3390 11766 11767
f 11765 11767 11768 3290
f 11768 11769 3291 3290
f 11768 11767 11770 11771
f 11768 11771 11772 11769
f 11772 11773 11774 11769
f 11772 11771 11775 11776
f 11772 11776 11777 11773
f 11777 11778 11779 11773
f 11777 11776 11780 11781
f 11777 11781 1527 11778
f 11781 11780 11782 11783
f 11781 11783 1525 1527
f 11783 11782 11784 11785
f 11783 11785 1526 1525
f 11785 11784 11786 11787
f 11785 11787 11788 1526
f 11788 1495 1501 1526
f 11788 11787 11789 11790
f 11788 11790 1496 1495
f 11790 11789 11791 11792
f 11790 11792 1450 1496
f 11792 11791 11793 11794
f 11792 11794 1451 1450
f 11794 11793 11795 11796
f 11794 11796 1452 1451
f 11796 11795 11797 11798
f 11796 11798 1494 1452
f 11798 11797 11799 11800
f 11798 11800 11801 1494
f 11801 1492 169 1494
f 11801 11800 11802 11803
f 11801 11803 11804 1492
f 11804 11805 1493 1492
f 11804 11803 11806 11807
f 11804 11807 11808 11805
f 11808 11809 11810 11805
f 11808 11807 11811 11812
f 11808 11812 11813 11809
f 11813 11814 11815 11809
f 11813 11812 11816 11817
f 11813 11817 11818 11814
f 11818 11693 11819 11814
f 11818 11817 11820 11696
f 11818 11696 11694 11693
f 11820 11817 11816 11821
f 11820 11821 11822 11823
f 11820 11823 11697 11696
f 11823 11822 11824 11825
f 11823 11825 11698 11697
f 11825 11824 11826 11827
f 11825 11827 11700 11698
f 11827 11826 11828 11829
f 11827 11829 11702 11700
f 11829 11828 11830 11831
f 11829 11831 11704 11702
f 11831 11830 11832 11833
f 11831 11833 11834 11704
f 11834 11833 11835 11836
f 11834 11836 11709 11707
f 11834 11707 11705 11704
f 11836 11835 11837 11838
f 11836 11838 11839 11709
f 11839 11838 11840 11841
f 11839 11841 11842 11712
f 11839 11712 11710 11709
f 11842 11841 11843 11844
f 11842 11844 11717 11715
f 11842 11715 11713 11712
f 11844 11843 11845 11846
f 11844 11846 11719 11717
f 11846 11845 1347 11727
f 11846 11727 11721 11719
f 11845 11847 1348 1347
f 11845 11843 11848 11847
f 11848 11849 11850 11847
f 11848 11843 11841 11840
f 11848 11840 11851 11849
f 11851 11852 11853 11849
f 11851 11840 11838 11837
f 11851 11837 11854 11852
f 11854 11855 11856 11852
f 11854 11837 11835 11857
f 11854 11857 11858 11855
f 11858 11859 11860 11855
f 11858 11857 11832 11861
f 11858 11861 11862 11859
f 11862 11863 11864 11859
f 11862 11861 11865 11866
f 11862 11866 11867 11863
f 11867 11868 11869 11863
f 11867 11866 1409 11870
f 11867 11870 11871 11868
f 11871 11872 11873 11868
f 11871 11870 1413 11874
f 11871 11874 11875 11872
f 11875 11876 11877 11878
f 11875 11878 11879 11872
f 11875 11874 11880 11876
f 11880 11822 11821 11876
f 11880 11874 1413 1412
f 11880 1412 11824 11822
f 11879 11878 11881 11882
f 11879 11882 1445 1444
f 11879 1444 11873 11872
f 11882 11881 11806 11883
f 11882 11883 1446 1445
f 11883 11806 11803 11802
f 11883 11802 11884 1446
f 11884 11802 11800 11799
f 11884 11799 11885 11886
f 11884 11886 1447 1446
f 11886 11885 11887 11888
f 11886 11888 1448 1447
f 11888 11887 11889 11890
f 11888 11890 11891 1448
f 11891 11890 11892 11893
f 11891 11893 11869 11894
f 11891 11894 1443 1448
f 11894 11869 11868 11873
f 11894 11873 1444 1443
f 11893 11892 11895 11864
f 11893 11864 11863 11869
f 11895 11892 11896 11897
f 11895 11897 11898 11860
f 11895 11860 11859 11864
f 11898 11897 11899 11900
f 11898 11900 11901 11856
f 11898 11856 11855 11860
f 11901 11900 11902 11903
f 11901 11903 11904 11853
f 11901 11853 11852 11856
f 11904 11903 1408 1407
f 11904 1407 1349 11850
f 11904 11850 11849 11853
f 11903 11902 11905 1408
f 11905 11906 11907 11908
f 11905 11908 1406 1408
f 11905 11902 11909 11906
f 11909 11910 11911 11906
f 11909 11902 11900 11899
f 11909 11899 11912 11910
f 11912 11913 11914 11910
f 11912 11899 11897 11896
f 11912 11896 11889 11913
f 11914 11915 11916 11917
f 11914 11917 11911 11910
f 11914 11913 11918 11915
f 11918 11919 11920 11915
f 11918 11913 11889 11887
f 11918 11887 11885 11919
f 11920 11795 11793 11921
f 11920 11921 11916 11915
f 11920 11919 11797 11795
f 11921 11793 11791 11922
f 11921 11922 11923 11916
f 11923 11922 11924 11925
f 11923 11925 11926 11927
f 11923 11927 11917 11916
f 11927 11926 11928 11929
f 11927 11929 11911 11917
f 11929 11928 11930 11907
f 11929 11907 11906 11911
f 11930 11928 11931 11932
f 11930 11932 11933 11934
f 11930 11934 11908 11907
f 11934 11933 1340 1344
f 11934 1344 1406 11908
f 11933 11932 1363 1357
f 11933 1357 1341 1340
f 11932 11931 11935 1363
f 11935 11936 11937 11938
f 11935 11938 1364 1363
f 11935 11931 11939 11936
f 11939 11940 11941 11936
f 11939 11931 11928 11926
f 11939 11926 11925 11940
f 11941 11784 11782 11942
f 11941 11942 11937 11936
f 11941 11940 11786 11784
f 11942 11782 11780 11943
f 11942 11943 11944 11937
f 11944 11943 11775 11945
f 11944 11945 11946 11947
f 11944 11947 11938 11937
f 11947 11946 11948 1365
f 11947 1365 1364 11938
f 11948 11946 11949 11950
f 11948 11950 11951 11952
f 11948 11952 1358 1365
f 11952 11951 11953 1361
f 11952 1361 1359 1358
f 11953 11954 11955 11956
f 11953 11956 1362 1361
f 11953 11951 11957 11954
f 11957 3388 11958 11954
f 11957 11951 11950 11959
f 11957 11959 3389 3388
f 11959 11950 11949 11766
f 11959 11766 3390 3389
f 11958 11758 11754 11753
f 11958 11753 11955 11954
f 11958 3388 3387 11758
f 11956 11955 11748 11960
f 11956 11960 1360 1362
f 11960 11748 11744 11743
f 11960 11743 142 1360
f 11955 11753 11749 11748
f 11949 11770 11767 11766
f 11949 11946 11945 11770
f 11945 11775 11771 11770
f 11943 11780 11776 11775
f 11940 11925 11924 11786
f 11924 11789 11787 11786
f 11924 11922 11791 11789
f 11919 11885 11799 11797
f 11896 11892 11890 11889
f 11881 11811 11807 11806
f 11881 11878 11877 11811
f 11877 11816 11812 11811
f 11877 11876 11821 11816
f 11870 1409 153 1413
f 11866 11865 1410 1409
f 11865 11861 11832 11830
f 11865 11830 11828 1410
f 11857 11835 11833 11832
f 11850 1349 1348 11847
f 11828 11826 1411 1410
f 11826 11824 1412 1411
f 11819 11961 11962 11963
f 11819 11963 11815 11814
f 11819 11693 11691 11961
f 11963 11962 11964 11965
f 11963 11965 11966 11815
f 11966 11965 11967 11968
f 11966 11968 1497 11810
f 11966 11810 11809 11815
f 11968 11967 11969 11970
f 11968 11970 1498 1497
f 11970 11969 11971 11972
f 11970 11972 1499 1498
f 11972 11971 11973 11974
f 11972 11974 11975 1499
f 11975 11974 11976 11977
f 11975 11977 1524 1523
f 11975 1523 1500 1499
f 11977 11976 11978 11979
f 11977 11979 11980 1524
f 11980 11979 11981 11982
f 11980 11982 11983 1519
f 11980 1519 1518 1524
f 11983 11982 11984 11985
f 11983 11985 11986 11987
f 11983 11987 1520 1519
f 11987 11986 11988 11989
f 11987 11989 1521 1520
f 11989 11988 11990 11779
f 11989 11779 11778 1521
f 11990 11988 11991 11992
f 11990 11992 3292 11774
f 11990 11774 11773 11779
f 11992 11991 11993 11994
f 11992 11994 3287 3292
f 11994 11993 11762 11761
f 11994 11761 3288 3287
f 11993 11991 11995 11996
f 11993 11996 11997 11762
f 11997 11996 11998 11999
f 11997 11999 12000 11757
f 11997 11757 11756 11762
f 12000 11999 12001 12002
f 12000 12002 12003 11752
f 12000 11752 11751 11757
f 12003 12002 12004 12005
f 12003 12005 12006 11747
f 12003 11747 11746 11752
f 12006 12005 12007 12008
f 12006 12008 12009 11742
f 12006 11742 11741 11747
f 12009 12008 12010 12011
f 12009 12011 12012 11738
f 12009 11738 11737 11742
f 12012 12011 12013 12014
f 12012 12014 12015 11734
f 12012 11734 11733 11738
f 12015 12014 12016 1388
f 12015 1388 1387 11731
f 12015 11731 11730 11734
f 12016 12017 3383 12018
f 12016 12018 1384 1388
f 12016 12014 12013 12017
f 12018 3383 3382 12019
f 12018 12019 1385 1384
f 12019 3382 3384 12020
f 12019 12020 12021 1385
f 12021 12020 3402 12022
f 12021 12022 12023 12024
f 12021 12024 1386 1385
f 12024 12023 1355 1382
f 12024 1382 1381 1386
f 12023 12022 12025 12026
f 12023 12026 1353 1355
f 12026 12025 12027 12028
f 12026 12028 1354 1353
f 12028 12027 12029 12030
f 12028 12030 12031 1354
f 12031 12030 12032 12033
f 12031 12033 12034 12035
f 12031 12035 1350 1354
f 12035 12034 12036 1398
f 12035 1398 1351 1350
f 12036 12034 1338 1337
f 12036 1337 1339 12037
f 12036 12037 1396 1398
f 12037 1339 12038 12039
f 12037 12039 1397 1396
f 12039 12038 12040 11634
f 12039 11634 11633 1397
f 12040 12038 1370 12041
f 12040 12041 12042 11629
f 12040 11629 11628 11634
f 12042 12041 1369 12043
f 12042 12043 12044 11624
f 12042 11624 11623 11629
f 12044 12043 1379 12045
f 12044 12045 12046 11619
f 12044 11619 11618 11624
f 12046 12045 12047 12048
f 12046 12048 1466 11614
f 12046 11614 11613 11619
f 12048 12047 1315 133
f 12048 133 1314 1466
f 12047 1378 1377 1315
f 12047 12045 1379 1378
f 12043 1369 1368 1379
f 12041 1370 1366 1369
f 12038 1339 1336 1370
f 12034 12033 12049 1338
f 12049 12050 12051 1371
f 12049 1371 1335 1338
f 12049 12033 12032 12050
f 12051 12052 12053 12054
f 12051 12054 1372 1371
f 12051 12050 12055 12052
f 12055 3372 3371 12052
f 12055 12050 12032 12056
f 12055 12056 12057 3372
f 12057 12058 3373 3372
f 12057 12056 12029 12059
f 12057 12059 12060 12058
f 12060 12061 12062 12058
f 12060 12059 3403 3400
f 12060 3400 3399 12061
f 12062 12063 12064 3374
f 12062 3374 3373 12058
f 12062 12061 3376 12063
f 12064 12065 12066 12067
f 12064 12067 3369 3374
f 12064 12063 12068 12065
f 12068 12069 12070 12065
f 12068 12063 3376 3375
f 12068 3375 3381 12069
f 12070 12071 12072 12073
f 12070 12073 12066 12065
f 12070 12069 12074 12071
f 12074 12075 12076 12071
f 12074 12069 3381 12077
f 12074 12077 12078 12075
f 12078 12079 12080 12075
f 12078 12077 12081 12082
f 12078 12082 12083 12079
f 12083 1534 1533 12079
f 12083 12082 12084 12085
f 12083 12085 1535 1534
f 12085 12084 12086 12087
f 12085 12087 1544 1535
f 12087 12086 12088 12089
f 12087 12089 12090 1544
f 12090 12091 1545 1544
f 12090 12089 12092 12093
f 12090 12093 12094 12091
f 12094 12095 12096 12091
f 12094 12093 12097 12098
f 12094 12098 12099 12095
f 12099 11978 12100 12095
f 12099 12098 12101 11981
f 12099 11981 11979 11978
f 12101 12098 12097 12102
f 12101 12102 12103 11984
f 12101 11984 11982 11981
f 12103 12102 12104 12105
f 12103 12105 11998 12106
f 12103 12106 11985 11984
f 12106 11998 11996 11995
f 12106 11995 11986 11985
f 12105 12104 12107 12001
f 12105 12001 11999 11998
f 12107 12104 12108 12109
f 12107 12109 12110 12004
f 12107 12004 12002 12001
f 12110 12109 12111 12112
f 12110 12112 12113 12007
f 12110 12007 12005 12004
f 12113 12112 12114 12115
f 12113 12115 12116 12010
f 12113 12010 12008 12007
f 12116 12115 12117 12118
f 12116 12118 12017 12013
f 12116 12013 12011 12010
f 12118 12117 3379 3378
f 12118 3378 3383 12017
f 12117 12119 12120 3379
f 12117 12115 12114 12119
f 12120 12084 12082 12081
f 12120 12081 3380 3379
f 12120 12119 12086 12084
f 12119 12114 12088 12086
f 12114 12112 12111 12088
f 12111 12092 12089 12088
f 12111 12109 12108 12092
f 12108 12097 12093 12092
f 12108 12104 12102 12097
f 12100 12121 1511 12122
f 12100 12122 12096 12095
f 12100 11978 11976 12121
f 12122 1511 1510 1532
f 12122 1532 1531 12096
f 12121 11973 1512 1511
f 12121 11976 11974 11973
f 12096 1531 1545 12091
f 12081 12077 3381 3380
f 12080 12123 12124 12125
f 12080 12125 12076 12075
f 12080 12079 1533 12123
f 12125 12124 12126 12127
f 12125 12127 12128 12076
f 12128 12127 12129 12130
f 12128 12130 12131 12072
f 12128 12072 12071 12076
f 12131 12130 12132 12133
f 12131 12133 3392 3391
f 12131 3391 12073 12072
f 12133 12132 12134 12135
f 12133 12135 12136 3392
f 12136 12135 12137 12138
f 12136 12138 12139 12140
f 12136 12140 3393 3392
f 12140 12139 12141 12142
f 12140 12142 3394 3393
f 12142 12141 1333 12143
f 12142 12143 12144 3394
f 12144 12143 12145 1375
f 12144 1375 1374 12146
f 12144 12146 3395 3394
f 12146 1374 1373 12147
f 12146 12147 3396 3395
f 12147 1373 1372 12054
f 12147 12054 12053 3396
f 12145 12143 1333 1332
f 12145 1332 1334 12148
f 12145 12148 1376 1375
f 12148 1334 12149 12150
f 12148 12150 1377 1376
f 12150 12149 12151 1316
f 12150 1316 1315 1377
f 12151 12152 12153 12154
f 12151 12154 1311 1316
f 12151 12149 12155 12152
f 12155 12156 12157 12152
f 12155 12149 1334 1331
f 12155 1331 1330 12156
f 12157 12158 12159 12160
f 12157 12160 12153 12152
f 12157 12156 12161 12158
f 12161 12162 12163 12158
f 12161 12156 1330 12164
f 12161 12164 12165 12162
f 12165 12166 12167 12162
f 12165 12164 12168 12169
f 12165 12169 12170 12166
f 12170 12171 12172 12166
f 12170 12169 12139 12138
f 12170 12138 12137 12171
f 12172 12173 12174 12175
f 12172 12175 12167 12166
f 12172 12171 12176 12173
f 12176 12177 12178 12173
f 12176 12171 12137 12179
f 12176 12179 12180 12177
f 12180 12181 12182 12177
f 12180 12179 12134 12183
f 12180 12183 12184 12181
f 12184 12185 12186 12181
f 12184 12183 12187 12188
f 12184 12188 12189 12185
f 12189 12190 12191 12185
f 12189 12188 12192 12193
f 12189 12193 12194 12190
f 12194 12195 12196 12190
f 12194 12193 1537 1536
f 12194 1536 1542 12195
f 12196 12197 11606 12198
f 12196 12198 12191 12190
f 12196 12195 12199 12197
f 12199 12200 11610 12197
f 12199 12195 1542 12201
f 12199 12201 12202 12200
f 12202 12203 11615 12200
f 12202 12201 12204 12205
f 12202 12205 12206 12203
f 12206 12207 11620 12203
f 12206 12205 12208 12209
f 12206 12209 12210 12207
f 12210 12211 11625 12207
f 12210 12209 12212 12213
f 12210 12213 12214 12211
f 12214 12215 11630 12211
f 12214 12213 12216 12217
f 12214 12217 12218 12215
f 12218 12219 11635 12215
f 12218 12217 12220 12221
f 12218 12221 12222 12219
f 12222 11640 11638 12219
f 12222 12221 12223 12224
f 12222 12224 11642 11640
f 12224 12223 12225 11649
f 12224 11649 11647 11642
f 12225 12223 12226 12227
f 12225 12227 12228 12229
f 12225 12229 11650 11649
f 12229 12228 12230 12231
f 12229 12231 11651 11650
f 12231 12230 12232 12233
f 12231 12233 11653 11651
f 12233 12232 12234 1419
f 12233 1419 1418 11653
f 12234 12232 12235 12236
f 12234 12236 11678 12237
f 12234 12237 1414 1419
f 12237 11678 11676 11675
f 12237 11675 1415 1414
f 12236 12235 12238 12239
f 12236 12239 11679 11678
f 12239 12238 12240 12241
f 12239 12241 11680 11679
f 12241 12240 12242 12243
f 12241 12243 11682 11680
f 12243 12242 12244 12245
f 12243 12245 11684 11682
f 12245 12244 12246 12247
f 12245 12247 12248 11684
f 12248 12247 12249 12250
f 12248 12250 11689 11687
f 12248 11687 11685 11684
f 12250 12249 11962 11961
f 12250 11961 11691 11689
f 12249 12247 12246 12251
f 12249 12251 11964 11962
f 12251 12246 12252 12253
f 12251 12253 12254 11964
f 12254 12253 12255 12256
f 12254 12256 11969 11967
f 12254 11967 11965 11964
f 12256 12255 1514 1513
f 12256 1513 11971 11969
f 12255 12257 1517 1514
f 12255 12253 12252 12257
f 12257 12258 12259 1517
f 12257 12252 12260 12258
f 12260 12261 12262 12258
f 12260 12252 12246 12244
f 12260 12244 12242 12261
f 12262 12263 12264 12265
f 12262 12265 12259 12258
f 12262 12261 12266 12263
f 12266 12267 12268 12263
f 12266 12261 12242 12240
f 12266 12240 12238 12267
f 12268 12269 12270 12271
f 12268 12271 12264 12263
f 12268 12267 12272 12269
f 12272 12230 12228 12269
f 12272 12267 12238 12235
f 12272 12235 12232 12230
f 12271 12270 12273 12274
f 12271 12274 12275 12264
f 12275 12274 12276 12277
f 12275 12277 12278 12279
f 12275 12279 12265 12264
f 12279 12278 12280 12281
f 12279 12281 12259 12265
f 12281 12280 1516 1515
f 12281 1515 1517 12259
f 12280 12278 12282 12283
f 12280 12283 1507 1516
f 12283 12282 12284 12285
f 12283 12285 1505 1507
f 12285 12284 12286 1543
f 12285 1543 1506 1505
f 12286 12208 12205 12204
f 12286 12204 1541 1543
f 12286 12284 12287 12208
f 12287 12212 12209 12208
f 12287 12284 12282 12288
f 12287 12288 12289 12212
f 12289 12216 12213 12212
f 12289 12288 12277 12276
f 12289 12276 12290 12216
f 12290 12220 12217 12216
f 12290 12276 12274 12273
f 12290 12273 12226 12220
f 12288 12282 12278 12277
f 12273 12270 12227 12226
f 12270 12269 12228 12227
f 12226 12223 12221 12220
f 12219 11638 11636 11635
f 12215 11635 11631 11630
f 12211 11630 11626 11625
f 12207 11625 11621 11620
f 12204 12201 1542 1541
f 12203 11620 11616 11615
f 12200 11615 11611 11610
f 12198 11606 11604 12291
f 12198 12291 12292 12191
f 12292 12291 12293 12294
f 12292 12294 12295 12186
f 12292 12186 12185 12191
f 12295 12294 1553 1552
f 12295 1552 1551 12182
f 12295 12182 12181 12186
f 12294 12293 12296 1553
f 12296 11601 11600 12297
f 12296 12297 1554 1553
f 12296 12293 11602 11601
f 12297 11600 12298 12299
f 12297 12299 1555 1554
f 12299 12298 12300 12301
f 12299 12301 12302 1555
f 12302 12301 12303 12304
f 12302 12304 12305 12306
f 12302 12306 1550 1555
f 12306 12305 12307 12308
f 12306 12308 1546 1550
f 12308 12307 12309 12310
f 12308 12310 1547 1546
f 12310 12309 12311 12312
f 12310 12312 12313 1547
f 12313 12312 12314 12315
f 12313 12315 12316 12317
f 12313 12317 1548 1547
f 12317 12316 12174 12318
f 12317 12318 1549 1548
f 12318 12174 12173 12178
f 12318 12178 1551 1549
f 12316 12315 12319 12320
f 12316 12320 12175 12174
f 12320 12319 12321 12322
f 12320 12322 12167 12175
f 12322 12321 12323 12163
f 12322 12163 12162 12167
f 12323 12321 12324 12325
f 12323 12325 12326 12159
f 12323 12159 12158 12163
f 12326 12325 12327 1323
f 12326 1323 1322 12328
f 12326 12328 12160 12159
f 12328 1322 1321 12329
f 12328 12329 12153 12160
f 12329 1321 12330 12331
f 12329 12331 12154 12153
f 12331 12330 12332 1312
f 12331 1312 1311 12154
f 12332 12330 12333 12334
f 12332 12334 1453 1460
f 12332 1460 1313 1312
f 12334 12333 12335 12336
f 12334 12336 1454 1453
f 12336 12335 12337 12338
f 12336 12338 1459 1454
f 12338 12337 12339 12340
f 12338 12340 12341 1459
f 12341 12340 12342 12343
f 12341 12343 12344 12345
f 12341 12345 1457 1459
f 12345 12344 12346 12347
f 12345 12347 1458 1457
f 12347 12346 12348 12349
f 12347 12349 12350 1458
f 12350 12349 12351 12352
f 12350 12352 11594 11593
f 12350 11593 1455 1458
f 12352 12351 12353 12354
f 12352 12354 1476 11594
f 12354 12353 1479 1470
f 12354 1470 1469 1476
f 12353 12351 12355 12356
f 12353 12356 12357 1479
f 12357 12356 12358 12359
f 12357 12359 12360 12361
f 12357 12361 1473 1479
f 12361 12360 12362 12363
f 12361 12363 1474 1473
f 12363 12362 12364 11575
f 12363 11575 11574 1474
f 12364 12362 12365 12366
f 12364 12366 12367 11570
f 12364 11570 11569 11575
f 12367 12366 12368 12369
f 12367 12369 12370 11565
f 12367 11565 11564 11570
f 12370 12369 12371 12372
f 12370 12372 12373 11560
f 12370 11560 11559 11565
f 12373 12372 12374 12375
f 12373 12375 12376 11555
f 12373 11555 11554 11560
f 12376 12375 12377 12378
f 12376 12378 12379 11550
f 12376 11550 11549 11555
f 12379 12378 12380 12381
f 12379 12381 12382 11545
f 12379 11545 11544 11550
f 12382 12381 12383 12384
f 12382 12384 12385 11540
f 12382 11540 11539 11545
f 12385 12384 12386 3254
f 12385 3254 3253 11535
f 12385 11535 11534 11540
f 12386 12387 12388 12389
f 12386 12389 496 3254
f 12386 12384 12383 12387
f 12389 12388 12390 12391
f 12389 12391 3255 496
f 12391 12390 12392 3286
f 12391 3286 3260 3255
f 12392 12393 12394 12395
f 12392 12395 3284 3286
f 12392 12390 12396 12393
f 12396 12397 12398 12393
f 12396 12390 12388 12399
f 12396 12399 12400 12397
f 12400 12401 12402 12397
f 12400 12399 12403 12404
f 12400 12404 12405 12401
f 12405 12406 12407 12401
f 12405 12404 12408 12409
f 12405 12409 12410 12406
f 12410 12411 1590 12406
f 12410 12409 12412 12413
f 12410 12413 12414 12411
f 12414 12415 12416 12411
f 12414 12413 12417 12418
f 12414 12418 12419 12415
f 12419 12420 12421 12415
f 12419 12418 12422 12423
f 12419 12423 12424 12420
f 12424 12425 12426 12420
f 12424 12423 12427 12428
f 12424 12428 12429 12425
f 12429 12430 12431 12425
f 12429 12428 12432 12433
f 12429 12433 12434 12430
f 12434 12435 12436 12430
f 12434 12433 12437 12438
f 12434 12438 12439 12435
f 12439 12440 12441 12435
f 12439 12438 12358 12442
f 12439 12442 12443 12440
f 12443 12444 12445 12440
f 12443 12442 12355 12348
f 12443 12348 12346 12444
f 12445 12446 12447 12448
f 12445 12448 12441 12440
f 12445 12444 12449 12446
f 12449 12450 12451 12446
f 12449 12444 12346 12344
f 12449 12344 12343 12450
f 12451 12452 12453 12454
f 12451 12454 12447 12446
f 12451 12450 12455 12452
f 12455 12456 12457 12452
f 12455 12450 12343 12342
f 12455 12342 12458 12456
f 12458 12459 12460 12456
f 12458 12342 12340 12339
f 12458 12339 12461 12459
f 12461 1328 12462 12459
f 12461 12339 12337 1318
f 12461 1318 1317 1328
f 12462 12463 12464 12465
f 12462 12465 12460 12459
f 12462 1328 1327 12463
f 12465 12464 12466 12467
f 12465 12467 12468 12460
f 12468 12467 12469 12470
f 12468 12470 12471 12457
f 12468 12457 12456 12460
f 12471 12470 12472 12473
f 12471 12473 12474 12453
f 12471 12453 12452 12457
f 12474 12473 12475 12476
f 12474 12476 12477 12478
f 12474 12478 12454 12453
f 12478 12477 12479 12480
f 12478 12480 12447 12454
f 12480 12479 12481 12482
f 12480 12482 12448 12447
f 12482 12481 12483 12484
f 12482 12484 12441 12448
f 12484 12483 12485 12436
f 12484 12436 12435 12441
f 12485 12483 12486 12487
f 12485 12487 12488 12431
f 12485 12431 12430 12436
f 12488 12487 12489 12490
f 12488 12490 12491 12426
f 12488 12426 12425 12431
f 12491 12490 12492 12493
f 12491 12493 12494 12421
f 12491 12421 12420 12426
f 12494 12493 12495 1588
f 12494 1588 1587 12416
f 12494 12416 12415 12421
f 12495 12496 12497 12498
f 12495 12498 1585 1588
f 12495 12493 12492 12496
f 12498 12497 12499 12500
f 12498 12500 1586 1585
f 12500 12499 12501 12502
f 12500 12502 12503 1586
f 12503 12502 12504 12505
f 12503 12505 12506 12507
f 12503 12507 1582 1586
f 12507 12506 12508 12509
f 12507 12509 1583 1582
f 12509 12508 12510 12511
f 12509 12511 12512 1583
f 12512 12511 12513 12514
f 12512 12514 12515 12516
f 12512 12516 1584 1583
f 12516 12515 12517 12518
f 12516 12518 1591 1584
f 12518 12517 12519 12520
f 12518 12520 12521 1591
f 12521 12520 12522 12402
f 12521 12402 12401 12407
f 12521 12407 1589 1591
f 12522 12520 12519 12523
f 12522 12523 12524 12398
f 12522 12398 12397 12402
f 12524 12523 12525 1774
f 12524 1774 1773 12394
f 12524 12394 12393 12398
f 12525 12526 12527 12528
f 12525 12528 1775 1774
f 12525 12523 12519 12526
f 12528 12527 12529 12530
f 12528 12530 1776 1775
f 12530 12529 12531 12532
f 12530 12532 12533 1776
f 12533 12532 12534 12535
f 12533 12535 12536 12537
f 12533 12537 1777 1776
f 12537 12536 12538 12539
f 12537 12539 1778 1777
f 12539 12538 12540 12541
f 12539 12541 12542 1778
f 12542 12541 12543 12544
f 12542 12544 12545 12546
f 12542 12546 1779 1778
f 12546 12545 12547 12548
f 12546 12548 1780 1779
f 12548 12547 12549 12550
f 12548 12550 12551 1780
f 12551 12552 1781 1780
f 12551 12550 12553 12554
f 12551 12554 12555 12552
f 12555 3280 3285 12552
f 12555 12554 12556 12557
f 12555 12557 3281 3280
f 12557 12556 12558 12559
f 12557 12559 12560 3281
f 12560 12561 3282 3281
f 12560 12559 12562 12563
f 12560 12563 12564 12561
f 12564 3247 12565 12561
f 12564 12563 12566 12567
f 12564 12567 3248 3247
f 12567 12566 12568 12569
f 12567 12569 3249 3248
f 12569 12568 12570 12571
f 12569 12571 3251 3249
f 12571 12570 12572 12573
f 12571 12573 3250 3251
f 12573 12572 12574 3243
f 12573 3243 3242 3250
f 12574 12572 12575 12576
f 12574 12576 12577 12578
f 12574 12578 3244 3243
f 12578 12577 12579 12580
f 12578 12580 3245 3244
f 12580 12579 12581 12582
f 12580 12582 12583 3245
f 12583 12584 3240 3245
f 12583 12582 12585 12586
f 12583 12586 12587 12584
f 12587 12588 12589 12584
f 12587 12586 12590 12591
f 12587 12591 12592 12588
f 12592 12593 12594 12588
f 12592 12591 12595 12596
f 12592 12596 12597 12593
f 12597 12598 12599 12593
f 12597 12596 12600 12601
f 12597 12601 12602 12598
f 12602 12603 12604 12598
f 12602 12601 12605 12606
f 12602 12606 11139 12603
f 12606 12605 12607 11142
f 12606 11142 11140 11139
f 12607 12605 12608 12609
f 12607 12609 11311 11145
f 12607 11145 11143 11142
f 12609 12608 12610 11314
f 12609 11314 11312 11311
f 12610 12608 12600 12611
f 12610 12611 12612 11317
f 12610 11317 11315 11314
f 12612 12611 12595 12613
f 12612 12613 12614 11320
f 12612 11320 11318 11317
f 12614 12613 12590 12615
f 12614 12615 12616 11323
f 12614 11323 11321 11320
f 12616 12615 12585 12617
f 12616 12617 12618 11326
f 12616 11326 11324 11323
f 12618 12617 12581 12619
f 12618 12619 12620 11329
f 12618 11329 11327 11326
f 12620 12619 12621 12622
f 12620 12622 3211 11332
f 12620 11332 11330 11329
f 12622 12621 12623 12624
f 12622 12624 3208 3211
f 12624 12623 12625 12626
f 12624 12626 3209 3208
f 12626 12625 12627 12628
f 12626 12628 3217 3209
f 12628 12627 12629 12630
f 12628 12630 3218 3217
f 12630 12629 12631 12632
f 12630 12632 12633 3218
f 12633 12632 12634 12635
f 12633 12635 12636 12637
f 12633 12637 3219 3218
f 12637 12636 12638 3214
f 12637 3214 3213 3219
f 12638 12636 12639 12640
f 12638 12640 12641 12642
f 12638 12642 3215 3214
f 12642 12641 12643 3220
f 12642 3220 3216 3215
f 12643 12641 12644 12645
f 12643 12645 12646 12647
f 12643 12647 3221 3220
f 12647 12646 12648 12649
f 12647 12649 3204 3221
f 12649 12648 11366 11365
f 12649 11365 3205 3204
f 12648 12646 12650 12651
f 12648 12651 11368 11366
f 12651 12650 12652 12653
f 12651 12653 12654 11368
f 12654 12653 3187 3186
f 12654 3186 12655 11371
f 12654 11371 11369 11368
f 12655 3186 3185 3193
f 12655 3193 12656 12657
f 12655 12657 11372 11371
f 12657 12656 11379 11377
f 12657 11377 11373 11372
f 12656 3193 3192 12658
f 12656 12658 12659 11379
f 12659 12658 12660 12661
f 12659 12661 12662 11382
f 12659 11382 11380 11379
f 12662 12661 12663 12664
f 12662 12664 12665 12666
f 12662 12666 11383 11382
f 12666 12665 12667 11387
f 12666 11387 11384 11383
f 12667 12665 12668 12669
f 12667 12669 12670 12671
f 12667 12671 11388 11387
f 12671 12670 12672 12673
f 12671 12673 11389 11388
f 12673 12672 12674 12675
f 12673 12675 11391 11389
f 12675 12674 1741 1740
f 12675 1740 1745 11391
f 12674 12672 1750 1749
f 12674 1749 1751 1741
f 12672 12670 12676 1750
f 12676 12677 12678 12679
f 12676 12679 1746 1750
f 12676 12670 12669 12677
f 12679 12678 12680 12681
f 12679 12681 1747 1746
f 12681 12680 12682 12683
f 12681 12683 12684 1747
f 12684 12683 12685 12686
f 12684 12686 1757 1756
f 12684 1756 1748 1747
f 12686 12685 12687 12688
f 12686 12688 1758 1757
f 12688 12687 12689 12690
f 12688 12690 1763 1758
f 12690 12689 12691 12692
f 12690 12692 12693 1763
f 12693 12692 12694 12695
f 12693 12695 12696 12697
f 12693 12697 1761 1763
f 12697 12696 12698 12699
f 12697 12699 1762 1761
f 12699 12698 12700 12701
f 12699 12701 12702 1762
f 12702 12701 12703 12704
f 12702 12704 1720 1719
f 12702 1719 1759 1762
f 12704 12703 1714 12705
f 12704 12705 12706 1720
f 12706 12707 12708 12709
f 12706 12709 1721 1720
f 12706 12705 12710 12707
f 12710 12711 12712 12707
f 12710 12705 1714 1713
f 12710 1713 1718 12711
f 12712 12713 12714 12715
f 12712 12715 12708 12707
f 12712 12711 12716 12713
f 12716 12510 12717 12713
f 12716 12711 1718 12513
f 12716 12513 12511 12510
f 12717 12718 12719 12720
f 12717 12720 12714 12713
f 12717 12510 12508 12718
f 12720 12719 12721 12722
f 12720 12722 12723 12714
f 12723 12722 12724 12725
f 12723 12725 12726 12727
f 12723 12727 12715 12714
f 12727 12726 12728 12729
f 12727 12729 12708 12715
f 12729 12728 12730 12731
f 12729 12731 12709 12708
f 12731 12730 12732 1722
f 12731 1722 1721 12709
f 12732 12730 12733 12734
f 12732 12734 12735 12736
f 12732 12736 1723 1722
f 12736 12735 12737 12738
f 12736 12738 1724 1723
f 12738 12737 12739 12740
f 12738 12740 12741 1724
f 12741 12740 12742 12743
f 12741 12743 12744 12745
f 12741 12745 1725 1724
f 12745 12744 12746 12747
f 12745 12747 1726 1725
f 12747 12746 11415 11413
f 12747 11413 11411 1726
f 12746 12744 12748 11420
f 12746 11420 11417 11415
f 12748 12744 12743 12749
f 12748 12749 12750 12751
f 12748 12751 11421 11420
f 12751 12750 11428 11426
f 12751 11426 11422 11421
f 12750 12749 12752 12753
f 12750 12753 12754 11428
f 12754 12753 12755 12756
f 12754 12756 1673 11431
f 12754 11431 11429 11428
f 12756 12755 12757 1674
f 12756 1674 199 1673
f 12757 12758 12759 1679
f 12757 1679 1675 1674
f 12757 12755 12760 12758
f 12760 12761 12762 12758
f 12760 12755 12753 12752
f 12760 12752 12742 12761
f 12762 12763 12764 12765
f 12762 12765 12759 12758
f 12762 12761 12739 12763
f 12765 12764 12766 12767
f 12765 12767 12768 12759
f 12768 12767 12769 12770
f 12768 12770 1678 1677
f 12768 1677 1679 12759
f 12770 12769 12771 12772
f 12770 12772 12773 1678
f 12773 12772 12774 12775
f 12773 12775 12776 12777
f 12773 12777 1676 1678
f 12777 12776 12778 1671
f 12777 1671 1670 1676
f 12778 12776 12779 12780
f 12778 12780 12781 12782
f 12778 12782 1667 1671
f 12782 12781 12783 12784
f 12782 12784 1668 1667
f 12784 12783 12785 12786
f 12784 12786 12787 1668
f 12787 12786 1656 1655
f 12787 1655 1657 12788
f 12787 12788 1669 1668
f 12788 1657 11435 11434
f 12788 11434 1672 1669
f 12786 12785 12789 1656
f 12789 12785 12790 12791
f 12789 12791 1644 1643
f 12789 1643 1649 1656
f 12791 12790 12792 12793
f 12791 12793 12794 1644
f 12794 12793 12795 12796
f 12794 12796 1653 1652
f 12794 1652 1645 1644
f 12796 12795 12797 1628
f 12796 1628 1627 1653
f 12797 12798 12799 12800
f 12797 12800 1629 1628
f 12797 12795 12801 12798
f 12801 12802 12803 12798
f 12801 12795 12793 12792
f 12801 12792 12804 12802
f 12804 12805 12806 12802
f 12804 12792 12790 12807
f 12804 12807 12808 12805
f 12808 1666 1661 12805
f 12808 12807 12783 12781
f 12808 12781 12780 1666
f 12807 12790 12785 12783
f 12806 1660 1659 12809
f 12806 12809 12803 12802
f 12806 12805 1661 1660
f 12809 1659 12810 12811
f 12809 12811 12812 12803
f 12812 12811 12813 12814
f 12812 12814 12815 12799
f 12812 12799 12798 12803
f 12815 12814 12816 12817
f 12815 12817 12818 12819
f 12815 12819 12800 12799
f 12819 12818 1625 1624
f 12819 1624 1629 12800
f 12818 12817 12820 1619
f 12818 1619 1618 1625
f 12820 12821 12822 12823
f 12820 12823 1614 1619
f 12820 12817 12816 12821
f 12823 12822 12824 12825
f 12823 12825 1615 1614
f 12825 12824 12826 12827
f 12825 12827 12828 1615
f 12828 12829 1616 1615
f 12828 12827 12830 12831
f 12828 12831 12832 12829
f 12832 12833 1620 12829
f 12832 12831 12834 12835
f 12832 12835 12836 12833
f 12836 12837 1634 12833
f 12836 12835 12838 12839
f 12836 12839 12840 12837
f 12840 12841 12842 12837
f 12840 12839 12843 12844
f 12840 12844 12845 12841
f 12845 12846 12847 12841
f 12845 12844 12848 12849
f 12845 12849 12850 12846
f 12850 12851 12852 12846
f 12850 12849 12853 12854
f 12850 12854 12855 12851
f 12855 12856 12857 12851
f 12855 12854 1596 1595
f 12855 1595 12858 12856
f 12858 11449 12859 12856
f 12858 1595 1594 11453
f 12858 11453 11450 11449
f 12859 11446 12860 12861
f 12859 12861 12857 12856
f 12859 11449 11447 11446
f 12861 12860 12862 12863
f 12861 12863 12864 12857
f 12864 12863 12865 12866
f 12864 12866 12867 12852
f 12864 12852 12851 12857
f 12867 12866 1631 1630
f 12867 1630 12868 12847
f 12867 12847 12846 12852
f 12868 1630 1626 1633
f 12868 1633 1635 12842
f 12868 12842 12841 12847
f 12866 12865 1632 1631
f 12865 1651 1650 1632
f 12865 12863 12862 1651
f 12862 1647 1646 1651
f 12862 12860 11443 1647
f 12860 11446 11444 11443
f 12854 12853 1597 1596
f 12853 12849 12848 12869
f 12853 12869 12870 1597
f 12870 12869 12871 12872
f 12870 12872 12873 1601
f 12870 1601 1592 1597
f 12873 12872 12874 12875
f 12873 12875 12504 12876
f 12873 12876 1602 1601
f 12876 12504 12502 12501
f 12876 12501 1603 1602
f 12875 12874 12877 12878
f 12875 12878 12505 12504
f 12878 12877 12879 12880
f 12878 12880 12506 12505
f 12880 12879 12719 12718
f 12880 12718 12508 12506
f 12879 12877 12881 12882
f 12879 12882 12721 12719
f 12882 12881 12883 12884
f 12882 12884 12885 12721
f 12885 12884 1610 1609
f 12885 1609 1613 12724
f 12885 12724 12722 12721
f 12884 12883 12886 1610
f 12886 12887 12838 12888
f 12886 12888 1607 1610
f 12886 12883 12889 12887
f 12889 12890 12843 12887
f 12889 12883 12881 12891
f 12889 12891 12871 12890
f 12891 12881 12877 12874
f 12891 12874 12872 12871
f 12890 12848 12844 12843
f 12890 12871 12869 12848
f 12888 12838 12835 12834
f 12888 12834 1608 1607
f 12887 12843 12839 12838
f 12842 1635 1634 12837
f 12834 12831 12830 1608
f 12833 1634 1621 1620
f 12830 12827 12826 12892
f 12830 12892 1604 1608
f 12892 12826 12893 12894
f 12892 12894 1605 1604
f 12894 12893 12895 12896
f 12894 12896 12897 1605
f 12897 12896 12898 12899
f 12897 12899 12900 12901
f 12897 12901 1606 1605
f 12901 12900 12902 12903
f 12901 12903 1611 1606
f 12903 12902 1710 1709
f 12903 1709 1708 1611
f 12902 12900 12904 12905
f 12902 12905 12906 1710
f 12906 12905 12907 12908
f 12906 12908 12909 12910
f 12906 12910 1711 1710
f 12910 12909 12911 12912
f 12910 12912 1712 1711
f 12912 12911 12913 12914
f 12912 12914 12915 1712
f 12915 12916 1707 1712
f 12915 12914 12733 12917
f 12915 12917 12918 12916
f 12918 12919 12920 12916
f 12918 12917 12728 12726
f 12918 12726 12725 12919
f 12920 1612 1611 1708
f 12920 1708 1707 12916
f 12920 12919 1613 1612
f 12919 12725 12724 1613
f 12917 12733 12730 12728
f 12914 12913 12734 12733
f 12913 12911 12921 12922
f 12913 12922 12735 12734
f 12922 12921 12923 12924
f 12922 12924 12737 12735
f 12924 12923 12764 12763
f 12924 12763 12739 12737
f 12923 12921 12925 12926
f 12923 12926 12766 12764
f 12926 12925 12927 12928
f 12926 12928 12929 12766
f 12929 12928 12930 12931
f 12929 12931 12771 12769
f 12929 12769 12767 12766
f 12931 12930 12932 12933
f 12931 12933 12934 12771
f 12934 12933 12935 12936
f 12934 12936 12937 12774
f 12934 12774 12772 12771
f 12937 12936 12938 1664
f 12937 1664 1663 12939
f 12937 12939 12775 12774
f 12939 1663 1662 12779
f 12939 12779 12776 12775
f 12938 12940 12941 12942
f 12938 12942 1665 1664
f 12938 12936 12935 12940
f 12942 12941 1485 1484
f 12942 1484 1487 1665
f 12941 12943 12944 1485
f 12941 12940 12945 12943
f 12945 12946 12947 12943
f 12945 12940 12935 12948
f 12945 12948 12949 12946
f 12949 12950 12951 12946
f 12949 12948 12932 12952
f 12949 12952 12953 12950
f 12953 12904 12954 12950
f 12953 12952 12955 12907
f 12953 12907 12905 12904
f 12955 12952 12932 12930
f 12955 12930 12928 12927
f 12955 12927 12908 12907
f 12954 12899 12898 12956
f 12954 12956 12951 12950
f 12954 12904 12900 12899
f 12956 12898 12957 12958
f 12956 12958 12959 12951
f 12959 12958 12960 12961
f 12959 12961 12962 12947
f 12959 12947 12946 12951
f 12962 12961 12963 1681
f 12962 1681 1680 12944
f 12962 12944 12943 12947
f 12963 12964 1483 1482
f 12963 1482 1488 1681
f 12963 12961 12960 12964
f 12964 12965 12966 1483
f 12964 12960 12967 12965
f 12967 12968 12969 12965
f 12967 12960 12958 12957
f 12967 12957 12895 12968
f 12969 12970 12971 12972
f 12969 12972 12966 12965
f 12969 12968 12973 12970
f 12973 12824 12822 12970
f 12973 12968 12895 12893
f 12973 12893 12826 12824
f 12972 12971 12974 12975
f 12972 12975 1489 12966
f 12975 12974 12813 12976
f 12975 12976 1490 1489
f 12976 12813 12811 12810
f 12976 12810 1491 1490
f 12974 12816 12814 12813
f 12974 12971 12821 12816
f 12971 12970 12822 12821
f 12966 1489 1480 1483
f 12957 12898 12896 12895
f 12948 12935 12933 12932
f 12944 1680 1486 1485
f 12927 12925 12909 12908
f 12925 12921 12911 12909
f 12829 1620 1617 1616
f 12810 1659 1658 1491
f 12780 12779 1662 1666
f 12761 12742 12740 12739
f 12752 12749 12743 12742
f 12703 12701 12700 12977
f 12703 12977 1715 1714
f 12977 12700 12978 12979
f 12977 12979 12980 1715
f 12980 12979 12981 12982
f 12980 12982 12983 12984
f 12980 12984 1716 1715
f 12984 12983 12985 12986
f 12984 12986 12987 1716
f 12987 12986 12988 12989
f 12987 12989 12990 12991
f 12987 12991 1717 1716
f 12991 12990 12517 12515
f 12991 12515 12514 1717
f 12990 12989 12527 12526
f 12990 12526 12519 12517
f 12989 12988 12529 12527
f 12988 12986 12985 12992
f 12988 12992 12531 12529
f 12992 12985 12993 12994
f 12992 12994 12995 12531
f 12995 12994 12996 12997
f 12995 12997 12998 12534
f 12995 12534 12532 12531
f 12998 12997 1788 1791
f 12998 1791 12999 13000
f 12998 13000 12535 12534
f 13000 12999 13001 13002
f 13000 13002 12536 12535
f 13002 13001 13003 13004
f 13002 13004 12538 12536
f 13004 13003 13005 13006
f 13004 13006 12540 12538
f 13006 13005 13007 13008
f 13006 13008 13009 12540
f 13009 13008 13010 13011
f 13009 13011 13012 12543
f 13009 12543 12541 12540
f 13012 13011 13013 13014
f 13012 13014 13015 13016
f 13012 13016 12544 12543
f 13016 13015 13017 13018
f 13016 13018 12545 12544
f 13018 13017 3196 3198
f 13018 3198 12547 12545
f 13017 13015 13019 13020
f 13017 13020 3001 3196
f 13020 13019 13021 13022
f 13020 13022 3002 3001
f 13022 13021 13023 13024
f 13022 13024 3003 3002
f 13024 13023 13025 13026
f 13024 13026 13027 3003
f 13027 13026 13028 13029
f 13027 13029 13030 2996
f 13027 2996 2995 3003
f 13030 13029 13031 13032
f 13030 13032 13033 13034
f 13030 13034 2997 2996
f 13034 13033 13035 2003
f 13034 2003 2002 2997
f 13035 13033 12687 12685
f 13035 12685 12683 12682
f 13035 12682 2004 2003
f 13033 13032 12689 12687
f 13032 13031 12691 12689
f 13031 13029 13028 13036
f 13031 13036 13037 12691
f 13037 13036 13038 13039
f 13037 13039 13040 12694
f 13037 12694 12692 12691
f 13040 13039 13041 13042
f 13040 13042 13043 13044
f 13040 13044 12695 12694
f 13044 13043 13045 13046
f 13044 13046 12696 12695
f 13046 13045 13047 13048
f 13046 13048 12698 12696
f 13048 13047 13049 12978
f 13048 12978 12700 12698
f 13049 13047 1689 1688
f 13049 1688 13050 12981
f 13049 12981 12979 12978
f 13050 1688 1687 13051
f 13050 13051 13052 13053
f 13050 13053 12982 12981
f 13053 13052 13054 13055
f 13053 13055 12983 12982
f 13055 13054 13056 12993
f 13055 12993 12985 12983
f 13056 13054 13057 13058
f 13056 13058 1789 12996
f 13056 12996 12994 12993
f 13058 13057 13059 13060
f 13058 13060 1786 1789
f 13060 13059 13061 13062
f 13060 13062 1783 1786
f 13062 13061 13063 13064
f 13062 13064 1784 1783
f 13064 13063 13065 13066
f 13064 13066 13067 1784
f 13067 13066 1869 1855
f 13067 1855 1854 13068
f 13067 13068 1785 1784
f 13068 1854 1857 13069
f 13068 13069 1787 1785
f 13069 1857 13070 13071
f 13069 13071 1792 1787
f 13071 13070 13072 13073
f 13071 13073 13074 1792
f 13074 13073 13075 13076
f 13074 13076 13077 13078
f 13074 13078 1790 1792
f 13078 13077 13001 12999
f 13078 12999 1791 1790
f 13077 13076 13079 13080
f 13077 13080 13003 13001
f 13080 13079 13081 13082
f 13080 13082 13005 13003
f 13082 13081 3179 3178
f 13082 3178 13007 13005
f 13081 13079 13083 13084
f 13081 13084 3180 3179
f 13084 13083 13085 13086
f 13084 13086 13087 3180
f 13087 13086 13088 13089
f 13087 13089 13090 3181
f 13087 3181 3172 3180
f 13090 13089 13091 13092
f 13090 13092 13093 13094
f 13090 13094 3182 3181
f 13094 13093 13095 13096
f 13094 13096 3183 3182
f 13096 13095 13097 13098
f 13096 13098 13099 3183
f 13099 13098 13100 13101
f 13099 13101 13102 3174
f 13099 3174 3173 3183
f 13102 13101 13103 13104
f 13102 13104 13105 13106
f 13102 13106 3175 3174
f 13106 13105 13107 13108
f 13106 13108 3176 3175
f 13108 13107 13109 13110
f 13108 13110 13111 3176
f 13111 13112 3177 3176
f 13111 13110 13113 13114
f 13111 13114 13010 13112
f 13114 13113 13115 13013
f 13114 13013 13011 13010
f 13115 13113 13116 13117
f 13115 13117 13118 13119
f 13115 13119 13014 13013
f 13119 13118 13021 13019
f 13119 13019 13015 13014
f 13118 13117 13120 13121
f 13118 13121 13023 13021
f 13121 13120 13122 13123
f 13121 13123 13025 13023
f 13123 13122 13124 13125
f 13123 13125 13126 13025
f 13126 13125 13127 13038
f 13126 13038 13036 13028
f 13126 13028 13026 13025
f 13127 13125 13124 13128
f 13127 13128 13129 13041
f 13127 13041 13039 13038
f 13129 13128 13130 13131
f 13129 13131 13132 13133
f 13129 13133 13042 13041
f 13133 13132 1685 1691
f 13133 1691 13043 13042
f 13132 13131 13134 13135
f 13132 13135 1682 1685
f 13135 13134 13136 13137
f 13135 13137 1683 1682
f 13137 13136 13138 13139
f 13137 13139 13140 1683
f 13140 13139 13141 13142
f 13140 13142 13143 13144
f 13140 13144 1684 1683
f 13144 13143 13145 13146
f 13144 13146 1686 1684
f 13146 13145 13147 13148
f 13146 13148 13149 1686
f 13149 13148 13150 13151
f 13149 13151 13052 13051
f 13149 13051 1687 1686
f 13151 13150 13059 13057
f 13151 13057 13054 13052
f 13150 13148 13147 13152
f 13150 13152 13061 13059
f 13152 13147 13153 13154
f 13152 13154 13063 13061
f 13154 13153 13155 13156
f 13154 13156 13065 13063
f 13156 13155 13157 13158
f 13156 13158 13159 13065
f 13159 13158 13160 13161
f 13159 13161 1862 1869
f 13159 1869 13066 13065
f 13161 13160 13162 13163
f 13161 13163 1860 1862
f 13163 13162 13164 13165
f 13163 13165 1861 1860
f 13165 13164 13166 13167
f 13165 13167 13168 1861
f 13168 13167 13169 13170
f 13168 13170 13171 13172
f 13168 13172 1858 1861
f 13172 13171 13173 13174
f 13172 13174 1859 1858
f 13174 13173 13175 13176
f 13174 13176 13177 1859
f 13177 13176 13178 13179
f 13177 13179 13180 13181
f 13177 13181 1856 1859
f 13181 13180 13072 13070
f 13181 13070 1857 1856
f 13180 13179 13182 13183
f 13180 13183 13184 13072
f 13184 13183 13185 13085
f 13184 13085 13083 13075
f 13184 13075 13073 13072
f 13185 13183 13182 13186
f 13185 13186 13187 13088
f 13185 13088 13086 13085
f 13187 13186 13188 13189
f 13187 13189 13190 13091
f 13187 13091 13089 13088
f 13190 13189 3167 3166
f 13190 3166 3171 13191
f 13190 13191 13092 13091
f 13191 3171 13192 13193
f 13191 13193 13093 13092
f 13193 13192 13194 13195
f 13193 13195 13095 13093
f 13195 13194 13196 13197
f 13195 13197 13097 13095
f 13197 13196 13198 13199
f 13197 13199 13200 13097
f 13200 13199 13201 13202
f 13200 13202 13203 13100
f 13200 13100 13098 13097
f 13203 13202 13204 13205
f 13203 13205 13206 13103
f 13203 13103 13101 13100
f 13206 13205 13207 13208
f 13206 13208 13209 13210
f 13206 13210 13104 13103
f 13210 13209 13211 13212
f 13210 13212 13105 13104
f 13212 13211 13213 13214
f 13212 13214 13107 13105
f 13214 13213 13215 13216
f 13214 13216 13109 13107
f 13216 13215 13217 13218
f 13216 13218 13116 13109
f 13218 13217 13122 13120
f 13218 13120 13117 13116
f 13217 13215 13219 13220
f 13217 13220 13124 13122
f 13220 13219 13221 13130
f 13220 13130 13128 13124
f 13221 13219 13222 13223
f 13221 13223 13136 13134
f 13221 13134 13131 13130
f 13223 13222 13224 13225
f 13223 13225 13138 13136
f 13225 13224 13226 13227
f 13225 13227 13228 13138
f 13228 13227 13229 13230
f 13228 13230 13231 13141
f 13228 13141 13139 13138
f 13231 13230 13232 13233
f 13231 13233 1703 1706
f 13231 1706 13142 13141
f 13233 13232 13234 13235
f 13233 13235 1704 1703
f 13235 13234 13236 13237
f 13235 13237 13238 1704
f 13238 13237 13239 13240
f 13238 13240 13241 13242
f 13238 13242 1705 1704
f 13242 13241 13243 13244
f 13242 13244 1885 1705
f 13244 13243 13245 13246
f 13244 13246 13157 1885
f 13246 13245 13162 13160
f 13246 13160 13158 13157
f 13245 13243 13247 13248
f 13245 13248 13164 13162
f 13248 13247 13249 13250
f 13248 13250 13166 13164
f 13250 13249 13251 13252
f 13250 13252 13253 13166
f 13253 13252 13254 13255
f 13253 13255 13256 13169
f 13253 13169 13167 13166
f 13256 13255 13257 13258
f 13256 13258 13259 13260
f 13256 13260 13170 13169
f 13260 13259 13261 13262
f 13260 13262 13171 13170
f 13262 13261 13263 13264
f 13262 13264 13173 13171
f 13264 13263 13265 13266
f 13264 13266 13175 13173
f 13266 13265 13267 13268
f 13266 13268 13269 13175
f 13269 13268 13270 13271
f 13269 13271 13272 13178
f 13269 13178 13176 13175
f 13272 13271 13273 13188
f 13272 13188 13186 13182
f 13272 13182 13179 13178
f 13273 13271 13270 13274
f 13273 13274 3168 3167
f 13273 3167 13189 13188
f 13274 13270 13275 13276
f 13274 13276 13277 3168
f 13277 13276 13278 13279
f 13277 13279 13280 13281
f 13277 13281 3169 3168
f 13281 13280 13282 13283
f 13281 13283 13284 3169
f 13284 13283 13285 13286
f 13284 13286 13287 13288
f 13284 13288 3170 3169
f 13288 13287 13289 13290
f 13288 13290 3184 3170
f 13290 13289 13196 13194
f 13290 13194 13192 3184
f 13289 13287 13291 13292
f 13289 13292 13198 13196
f 13292 13291 1965 13293
f 13292 13293 13294 13198
f 13294 13293 1974 13295
f 13294 13295 13296 13201
f 13294 13201 13199 13198
f 13296 13295 13297 13298
f 13296 13298 13299 13204
f 13296 13204 13202 13201
f 13299 13298 13300 13301
f 13299 13301 13302 13207
f 13299 13207 13205 13204
f 13302 13301 13303 13304
f 13302 13304 13229 13305
f 13302 13305 13208 13207
f 13305 13229 13227 13226
f 13305 13226 13209 13208
f 13304 13303 13234 13232
f 13304 13232 13230 13229
f 13303 13301 13300 13306
f 13303 13306 13236 13234
f 13306 13300 13307 13308
f 13306 13308 13309 13236
f 13309 13308 1962 13310
f 13309 13310 13311 13239
f 13309 13239 13237 13236
f 13311 13310 1970 13312
f 13311 13312 13313 13314
f 13311 13314 13240 13239
f 13314 13313 13315 13316
f 13314 13316 13241 13240
f 13316 13315 13249 13247
f 13316 13247 13243 13241
f 13315 13313 13317 13318
f 13315 13318 13251 13249
f 13318 13317 13319 13320
f 13318 13320 13321 13251
f 13321 13320 13322 13323
f 13321 13323 13324 13254
f 13321 13254 13252 13251
f 13324 13323 13325 13326
f 13324 13326 13327 13257
f 13324 13257 13255 13254
f 13327 13326 1874 1873
f 13327 1873 13328 13329
f 13327 13329 13258 13257
f 13329 13328 13330 13331
f 13329 13331 13259 13258
f 13331 13330 13332 13333
f 13331 13333 13261 13259
f 13333 13332 13334 13335
f 13333 13335 13263 13261
f 13335 13334 13336 13337
f 13335 13337 13265 13263
f 13337 13336 13338 13339
f 13337 13339 13267 13265
f 13339 13338 13340 13341
f 13339 13341 13275 13267
f 13341 13340 13342 13278
f 13341 13278 13276 13275
f 13342 13340 13343 13344
f 13342 13344 13345 13346
f 13342 13346 13279 13278
f 13346 13345 3018 13347
f 13346 13347 13280 13279
f 13347 3018 449 3019
f 13347 3019 13282 13280
f 13345 13344 13348 13349
f 13345 13349 3016 3018
f 13349 13348 13350 13351
f 13349 13351 3017 3016
f 13351 13350 13352 13353
f 13351 13353 13354 3017
f 13354 13353 13355 13356
f 13354 13356 13357 3014
f 13354 3014 3013 3017
f 13357 13356 13358 13359
f 13357 13359 13360 13361
f 13357 13361 3015 3014
f 13361 13360 13362 13363
f 13361 13363 3012 3015
f 13363 13362 13364 13365
f 13363 13365 3010 3012
f 13365 13364 13366 13367
f 13365 13367 3011 3010
f 13367 13366 13368 13369
f 13367 13369 13370 3011
f 13370 3005 3004 3011
f 13370 13369 1980 13371
f 13370 13371 3009 3005
f 13371 1980 1979 13372
f 13371 13372 13373 3009
f 13373 13374 3006 3009
f 13373 13372 13375 13376
f 13373 13376 13377 13374
f 13377 13285 13378 13374
f 13377 13376 1966 13379
f 13377 13379 13286 13285
f 13379 1966 1965 13291
f 13379 13291 13287 13286
f 13378 13282 3019 3007
f 13378 3007 3006 13374
f 13378 13285 13283 13282
f 13376 13375 1967 1966
f 13375 13372 1979 1978
f 13375 1978 1968 1967
f 13369 13368 1981 1980
f 13368 13366 13380 13381
f 13368 13381 1982 1981
f 13381 13380 13382 13383
f 13381 13383 13384 1982
f 13384 13383 1932 13385
f 13384 13385 1882 1881
f 13384 1881 1983 1982
f 13385 1932 1931 13386
f 13385 13386 13387 1882
f 13387 13386 13388 13389
f 13387 13389 13390 1879
f 13387 1879 231 1882
f 13390 13389 13391 13392
f 13390 13392 13393 13394
f 13390 13394 1880 1879
f 13394 13393 13395 13396
f 13394 13396 13397 1880
f 13397 13398 1877 1880
f 13397 13396 13399 1794
f 13397 1794 1793 13398
f 13399 13396 13395 13400
f 13399 13400 13401 13402
f 13399 13402 1795 1794
f 13402 13401 13403 13404
f 13402 13404 1796 1795
f 13404 13403 1848 1847
f 13404 1847 1849 1796
f 13403 13401 1893 1892
f 13403 1892 1850 1848
f 13401 13400 13405 1893
f 13405 13400 13395 13406
f 13405 13406 13407 13408
f 13405 13408 1894 1893
f 13408 13407 13409 13410
f 13408 13410 1895 1894
f 13410 13409 13411 13412
f 13410 13412 13413 1895
f 13413 13412 13414 13415
f 13413 13415 1821 1852
f 13413 1852 1851 1895
f 13415 13414 13416 13417
f 13415 13417 1822 1821
f 13417 13416 13418 13419
f 13417 13419 1827 1822
f 13419 13418 13420 13421
f 13419 13421 13422 1827
f 13422 13421 13423 13424
f 13422 13424 13425 13426
f 13422 13426 1825 1827
f 13426 13425 13427 13428
f 13426 13428 1826 1825
f 13428 13427 13429 13430
f 13428 13430 13431 1826
f 13431 13432 1823 1826
f 13431 13430 13433 13434
f 13431 13434 13435 13432
f 13435 13436 13437 13432
f 13435 13434 13438 1831
f 13435 1831 1830 13436
f 13438 13434 13433 13439
f 13438 13439 13440 1836
f 13438 1836 1828 1831
f 13440 13439 13441 13442
f 13440 13442 13443 13444
f 13440 13444 1837 1836
f 13444 13443 13445 13446
f 13444 13446 1838 1837
f 13446 13445 13447 13448
f 13446 13448 13449 1838
f 13449 1833 1829 1838
f 13449 13448 13450 13451
f 13449 13451 13452 1833
f 13452 13453 1834 1833
f 13452 13451 13454 13455
f 13452 13455 13456 13453
f 13456 13457 13458 13453
f 13456 13455 13459 13460
f 13456 13460 13461 13457
f 13461 13462 13463 13457
f 13461 13460 13464 13465
f 13461 13465 13466 13462
f 13466 13467 13468 13462
f 13466 13465 13469 13470
f 13466 13470 13471 13467
f 13471 13472 13473 13467
f 13471 13470 13474 13475
f 13471 13475 13476 13472
f 13476 13477 13478 13472
f 13476 13475 13479 13480
f 13476 13480 13481 13477
f 13481 13482 13483 13477
f 13481 13480 1944 1948
f 13481 1948 1952 13482
f 13483 13484 13485 13486
f 13483 13486 13478 13477
f 13483 13482 13487 13484
f 13487 13488 13489 13484
f 13487 13482 1952 13490
f 13487 13490 13491 13488
f 13491 13492 13493 13488
f 13491 13490 3043 13494
f 13491 13494 13495 13492
f 13495 13496 3063 13492
f 13495 13494 13497 13498
f 13495 13498 13499 13496
f 13499 13500 13501 13496
f 13499 13498 13502 13503
f 13499 13503 13504 13500
f 13504 13505 13506 13500
f 13504 13503 13507 13508
f 13504 13508 13509 13505
f 13509 13510 13511 13505
f 13509 13508 13512 13513
f 13509 13513 13514 13510
f 13514 13515 13516 13510
f 13514 13513 13517 13518
f 13514 13518 13519 13515
f 13519 13520 13521 13515
f 13519 13518 13522 13523
f 13519 13523 13524 13520
f 13524 3164 3163 13520
f 13524 13523 13525 13526
f 13524 13526 3165 3164
f 13526 13525 13527 13528
f 13526 13528 13529 3165
f 13529 3160 477 3165
f 13529 13528 3156 1806
f 13529 1806 1805 3160
f 13528 13527 13530 3156
f 13530 13527 13531 13532
f 13530 13532 13533 13534
f 13530 13534 1803 3156
f 13534 13533 13535 13536
f 13534 13536 1804 1803
f 13536 13535 13537 13538
f 13536 13538 1811 1804
f 13538 13537 13539 13540
f 13538 13540 13541 1811
f 13541 13542 1809 1811
f 13541 13540 13543 13544
f 13541 13544 13545 13542
f 13545 13546 13547 13542
f 13545 13544 13548 13549
f 13545 13549 13550 13546
f 13550 13551 13552 13546
f 13550 13549 13553 13554
f 13550 13554 13555 13551
f 13555 13556 13557 13551
f 13555 13554 13558 1800
f 13555 1800 1797 13556
f 13558 13554 13553 13559
f 13558 13559 13560 13561
f 13558 13561 1801 1800
f 13561 13560 13562 13563
f 13561 13563 1802 1801
f 13563 13562 13564 13565
f 13563 13565 13566 1802
f 13566 13567 1798 1802
f 13566 13565 13568 13569
f 13566 13569 13570 13567
f 13570 13571 13572 13567
f 13570 13569 13573 1867
f 13570 1867 1866 13571
f 13573 13569 13568 13574
f 13573 13574 13575 13576
f 13573 13576 1863 1867
f 13576 13575 13577 13578
f 13576 13578 1864 1863
f 13578 13577 13579 13580
f 13578 13580 13581 1864
f 13581 13582 1865 1864
f 13581 13580 13336 13334
f 13581 13334 13332 13582
f 13582 13583 1868 1865
f 13582 13332 13330 13583
f 13583 13584 13585 1868
f 13583 13330 13328 13584
f 13585 13584 1872 1871
f 13585 1871 13572 13571
f 13585 13571 1866 1868
f 13584 13328 1873 1872
f 13580 13579 13338 13336
f 13579 13577 13586 13343
f 13579 13343 13340 13338
f 13586 13577 13575 13587
f 13586 13587 13350 13348
f 13586 13348 13344 13343
f 13587 13575 13574 13588
f 13587 13588 13352 13350
f 13588 13574 13568 13589
f 13588 13589 13590 13352
f 13590 13589 13564 13591
f 13590 13591 13592 13355
f 13590 13355 13353 13352
f 13592 13591 13593 13594
f 13592 13594 13595 13358
f 13592 13358 13356 13355
f 13595 13594 13596 13597
f 13595 13597 3046 13598
f 13595 13598 13359 13358
f 13598 3046 3045 13599
f 13598 13599 13360 13359
f 13599 3045 3049 13600
f 13599 13600 13362 13360
f 13600 3049 13601 13602
f 13600 13602 13364 13362
f 13602 13601 13382 13380
f 13602 13380 13366 13364
f 13601 3049 3048 1927
f 13601 1927 1926 13382
f 13597 13596 13603 13604
f 13597 13604 3047 3046
f 13604 13603 13605 13606
f 13604 13606 13607 3047
f 13607 13606 13608 13609
f 13607 13609 13610 13611
f 13607 13611 457 3047
f 13611 13610 3052 3056
f 13611 3056 3050 457
f 13610 13609 13612 13613
f 13610 13613 3053 3052
f 13613 13612 13614 13615
f 13613 13615 13616 3053
f 13616 13615 13617 13618
f 13616 13618 13619 13620
f 13616 13620 3054 3053
f 13620 13619 13621 13622
f 13620 13622 3057 3054
f 13622 13621 13623 13624
f 13622 13624 13625 3057
f 13625 13626 3055 3057
f 13625 13624 13627 13628
f 13625 13628 13629 13626
f 13629 3051 3050 13626
f 13629 13628 13630 1933
f 13629 1933 1928 3051
f 13630 13628 13627 13631
f 13630 13631 13632 13633
f 13630 13633 1929 1933
f 13633 13632 13634 13635
f 13633 13635 1930 1929
f 13635 13634 13636 13637
f 13635 13637 13388 1930
f 13637 13636 13638 13391
f 13637 13391 13389 13388
f 13638 13636 13639 13640
f 13638 13640 13641 13642
f 13638 13642 13392 13391
f 13642 13641 13643 13644
f 13642 13644 13393 13392
f 13644 13643 13407 13406
f 13644 13406 13395 13393
f 13643 13641 13645 13646
f 13643 13646 13409 13407
f 13646 13645 13647 13648
f 13646 13648 13411 13409
f 13648 13647 13649 13650
f 13648 13650 13651 13411
f 13651 13650 13652 13653
f 13651 13653 13416 13414
f 13651 13414 13412 13411
f 13653 13652 13654 13655
f 13653 13655 13418 13416
f 13655 13654 13656 13657
f 13655 13657 13420 13418
f 13657 13656 13658 13659
f 13657 13659 13660 13420
f 13660 13659 13661 13662
f 13660 13662 13663 13423
f 13660 13423 13421 13420
f 13663 13662 13664 13665
f 13663 13665 13666 13667
f 13663 13667 13424 13423
f 13667 13666 13668 13669
f 13667 13669 13425 13424
f 13669 13668 13670 13671
f 13669 13671 13427 13425
f 13671 13670 13672 13673
f 13671 13673 13429 13427
f 13673 13672 13674 13675
f 13673 13675 13676 13429
f 13676 13433 13430 13429
f 13676 13675 13677 13441
f 13676 13441 13439 13433
f 13677 13675 13674 13678
f 13677 13678 13679 13680
f 13677 13680 13442 13441
f 13680 13679 13681 13682
f 13680 13682 13443 13442
f 13682 13681 13683 13684
f 13682 13684 13445 13443
f 13684 13683 13685 13686
f 13684 13686 13447 13445
f 13686 13685 13687 13688
f 13686 13688 13689 13447
f 13689 13450 13448 13447
f 13689 13688 1887 13690
f 13689 13690 13691 13450
f 13691 13454 13451 13450
f 13691 13690 13692 13693
f 13691 13693 13694 13454
f 13694 13459 13455 13454
f 13694 13693 13695 13696
f 13694 13696 13697 13459
f 13697 13464 13460 13459
f 13697 13696 13698 13699
f 13697 13699 13700 13464
f 13700 13469 13465 13464
f 13700 13699 13701 13702
f 13700 13702 13703 13469
f 13703 13474 13470 13469
f 13703 13702 13704 13705
f 13703 13705 13706 13474
f 13706 13479 13475 13474
f 13706 13705 13707 13708
f 13706 13708 1945 13479
f 13708 13707 13709 13710
f 13708 13710 1946 1945
f 13710 13709 1957 1956
f 13710 1956 1947 1946
f 13709 13707 13711 13712
f 13709 13712 13713 1957
f 13713 13712 13714 13715
f 13713 13715 13716 13717
f 13713 13717 1953 1957
f 13717 13716 13718 13719
f 13717 13719 1954 1953
f 13719 13718 13720 13721
f 13719 13721 13722 1954
f 13722 13723 1955 1954
f 13722 13721 13724 13725
f 13722 13725 13726 13723
f 13726 13727 13728 13723
f 13726 13725 1941 1940
f 13726 1940 13729 13727
f 13729 3074 13730 13727
f 13729 1940 1939 3072
f 13729 3072 3069 3074
f 13730 13731 13732 13733
f 13730 13733 13728 13727
f 13730 3074 3073 13731
f 13733 13732 13734 13735
f 13733 13735 1960 13728
f 13735 13734 13736 13737
f 13735 13737 1958 1960
f 13737 13736 13738 13739
f 13737 13739 1959 1958
f 13739 13738 13502 13740
f 13739 13740 3044 1959
f 13740 13502 13498 13497
f 13740 13497 3042 3044
f 13738 13507 13503 13502
f 13738 13736 13741 13507
f 13741 13512 13508 13507
f 13741 13736 13734 13742
f 13741 13742 13743 13512
f 13743 13517 13513 13512
f 13743 13742 13744 13745
f 13743 13745 13746 13517
f 13746 13522 13518 13517
f 13746 13745 13747 13748
f 13746 13748 13749 13522
f 13749 13525 13523 13522
f 13749 13748 13750 13531
f 13749 13531 13527 13525
f 13750 13748 13747 13751
f 13750 13751 3065 13752
f 13750 13752 13532 13531
f 13752 3065 3064 13753
f 13752 13753 13533 13532
f 13753 3064 3068 13754
f 13753 13754 13535 13533
f 13754 3068 13617 13755
f 13754 13755 13537 13535
f 13755 13617 13615 13614
f 13755 13614 13539 13537
f 13751 13747 13756 3075
f 13751 3075 3066 3065
f 13756 13747 13745 13744
f 13756 13744 13732 13731
f 13756 13731 3073 3075
f 13744 13742 13734 13732
f 13728 1960 1955 13723
f 13725 13724 1942 1941
f 13724 13721 13720 13757
f 13724 13757 13758 1942
f 13758 13757 13759 13760
f 13758 13760 13761 13762
f 13758 13762 1936 1942
f 13762 13761 13763 1918
f 13762 1918 242 1936
f 13763 13761 13764 13765
f 13763 13765 13766 13767
f 13763 13767 1916 1918
f 13767 13766 13768 13769
f 13767 13769 1917 1916
f 13769 13768 13770 13771
f 13769 13771 13772 1917
f 13772 13773 1914 1917
f 13772 13771 13774 13775
f 13772 13775 13776 13773
f 13776 13777 1924 13773
f 13776 13775 13778 13779
f 13776 13779 13780 13777
f 13780 13781 13782 13777
f 13780 13779 13783 13649
f 13780 13649 13647 13781
f 13783 13779 13778 13784
f 13783 13784 13654 13652
f 13783 13652 13650 13649
f 13784 13778 13785 13786
f 13784 13786 13656 13654
f 13786 13785 13787 13788
f 13786 13788 13658 13656
f 13788 13787 13789 13790
f 13788 13790 13791 13658
f 13791 13790 13792 13793
f 13791 13793 13794 13661
f 13791 13661 13659 13658
f 13794 13793 1905 1904
f 13794 1904 1903 13664
f 13794 13664 13662 13661
f 13793 13792 13795 1905
f 13795 13792 1912 1911
f 13795 1911 1913 13796
f 13795 13796 1906 1905
f 13796 1913 13797 13798
f 13796 13798 1907 1906
f 13798 13797 13799 13800
f 13798 13800 13801 1907
f 13801 13800 13802 13803
f 13801 13803 13804 13805
f 13801 13805 1902 1907
f 13805 13806 1903 1902
f 13805 13804 13807 13806
f 13807 13666 13665 13806
f 13807 13804 13808 13809
f 13807 13809 13668 13666
f 13809 13808 13810 13811
f 13809 13811 13670 13668
f 13811 13810 13812 13813
f 13811 13813 13672 13670
f 13813 13812 13814 13815
f 13813 13815 13674 13672
f 13815 13814 13816 13817
f 13815 13817 13678 13674
f 13817 13816 13818 13819
f 13817 13819 13679 13678
f 13819 13818 13820 13821
f 13819 13821 13681 13679
f 13821 13820 13822 13823
f 13821 13823 13683 13681
f 13823 13822 13824 13825
f 13823 13825 13685 13683
f 13825 13824 13826 13827
f 13825 13827 13687 13685
f 13827 13826 13828 1891
f 13827 1891 1888 13687
f 13828 13829 1889 1891
f 13828 13826 1898 1897
f 13828 1897 13830 13829
f 13830 13831 13832 13829
f 13830 1897 1896 13833
f 13830 13833 13834 13831
f 13834 13835 13836 13831
f 13834 13833 13837 13838
f 13834 13838 13839 13835
f 13839 13840 13841 13835
f 13839 13838 13842 13843
f 13839 13843 13844 13840
f 13844 13845 13846 13840
f 13844 13843 13847 13848
f 13844 13848 13849 13845
f 13849 13715 13714 13845
f 13849 13848 13850 13851
f 13849 13851 13716 13715
f 13851 13850 13852 13853
f 13851 13853 13718 13716
f 13853 13852 13854 13855
f 13853 13855 13720 13718
f 13855 13854 13856 13759
f 13855 13759 13757 13720
f 13856 13854 13857 13858
f 13856 13858 13859 13860
f 13856 13860 13760 13759
f 13860 13859 13861 13764
f 13860 13764 13761 13760
f 13861 13859 13862 13863
f 13861 13863 13864 13865
f 13861 13865 13765 13764
f 13865 13864 13866 13867
f 13865 13867 13766 13765
f 13867 13866 13868 13869
f 13867 13869 13768 13766
f 13869 13868 1909 13870
f 13869 13870 13770 13768
f 13870 1909 1908 13871
f 13870 13871 13872 13770
f 13872 13774 13771 13770
f 13872 13871 13789 13787
f 13872 13787 13785 13774
f 13871 1908 1912 13789
f 13868 13866 13873 13874
f 13868 13874 1910 1909
f 13874 13873 13799 13797
f 13874 13797 1913 1910
f 13873 13866 13864 13875
f 13873 13875 13876 13799
f 13876 13875 13877 13878
f 13876 13878 13879 13802
f 13876 13802 13800 13799
f 13879 13878 13880 13881
f 13879 13881 13882 13883
f 13879 13883 13803 13802
f 13883 13882 13810 13808
f 13883 13808 13804 13803
f 13882 13881 13884 13885
f 13882 13885 13812 13810
f 13885 13884 13886 13887
f 13885 13887 13814 13812
f 13887 13886 13888 13889
f 13887 13889 13816 13814
f 13889 13888 13890 13891
f 13889 13891 13818 13816
f 13891 13890 13892 13893
f 13891 13893 13820 13818
f 13893 13892 13894 13895
f 13893 13895 13822 13820
f 13895 13894 1900 1899
f 13895 1899 13824 13822
f 13894 13896 1901 1900
f 13894 13892 13897 13896
f 13897 13898 13899 13896
f 13897 13892 13890 13900
f 13897 13900 13901 13898
f 13901 13902 13903 13898
f 13901 13900 13904 13905
f 13901 13905 13906 13902
f 13906 13907 13908 13902
f 13906 13905 13909 13910
f 13906 13910 13857 13907
f 13910 13909 13911 13912
f 13910 13912 13858 13857
f 13912 13911 13913 13862
f 13912 13862 13859 13858
f 13913 13911 13914 13880
f 13913 13880 13878 13877
f 13913 13877 13863 13862
f 13914 13911 13909 13915
f 13914 13915 13886 13884
f 13914 13884 13881 13880
f 13915 13909 13905 13904
f 13915 13904 13888 13886
f 13908 13850 13848 13847
f 13908 13847 13903 13902
f 13908 13907 13852 13850
f 13907 13857 13854 13852
f 13904 13900 13890 13888
f 13903 13847 13843 13842
f 13903 13842 13899 13898
f 13899 13842 13838 13837
f 13899 13837 1901 13896
f 13877 13875 13864 13863
f 13846 13916 13917 13918
f 13846 13918 13841 13840
f 13846 13845 13714 13916
f 13918 13917 13701 13919
f 13918 13919 13920 13841
f 13920 13919 13698 13921
f 13920 13921 13922 13836
f 13920 13836 13835 13841
f 13922 13921 13695 13923
f 13922 13923 1890 13832
f 13922 13832 13831 13836
f 13923 13695 13693 13692
f 13923 13692 1886 1890
f 13921 13698 13696 13695
f 13919 13701 13699 13698
f 13917 13704 13702 13701
f 13917 13916 13711 13704
f 13916 13714 13712 13711
f 13837 13833 1896 1901
f 13832 1890 1889 13829
f 13826 13824 1899 1898
f 13806 13665 13664 1903
f 13792 13790 13789 1912
f 13785 13778 13775 13774
f 13782 13924 1919 1923
f 13782 1923 1924 13777
f 13782 13781 13925 13924
f 13925 13640 13639 13924
f 13925 13781 13647 13645
f 13925 13645 13641 13640
f 13924 13639 1920 1919
f 13773 1924 1915 1914
f 13711 13707 13705 13704
f 13692 13690 1887 1886
f 13688 13687 1888 1887
f 13639 13636 13634 1920
f 13634 13632 1921 1920
f 13632 13631 1922 1921
f 13631 13627 1934 1922
f 13627 13624 13623 1934
f 13626 3050 3056 3055
f 13623 13621 13926 1943
f 13623 1943 1935 1934
f 13926 3071 3070 1938
f 13926 1938 1937 1943
f 13926 13621 13619 3071
f 13619 13618 3067 3071
f 13618 13617 3068 3067
f 13614 13612 13927 13539
f 13927 13543 13540 13539
f 13927 13612 13609 13608
f 13927 13608 13928 13543
f 13928 13548 13544 13543
f 13928 13608 13606 13605
f 13928 13605 13929 13548
f 13929 13553 13549 13548
f 13929 13605 13603 13930
f 13929 13930 13559 13553
f 13930 13603 13596 13931
f 13930 13931 13560 13559
f 13931 13596 13594 13593
f 13931 13593 13562 13560
f 13593 13591 13564 13562
f 13589 13568 13565 13564
f 13572 1871 1870 1799
f 13572 1799 1798 13567
f 13557 1846 1845 13932
f 13557 13932 13552 13551
f 13557 13556 1849 1846
f 13932 1845 1853 13933
f 13932 13933 13934 13552
f 13934 13933 13935 13936
f 13934 13936 1810 13547
f 13934 13547 13546 13552
f 13936 13935 13937 13938
f 13936 13938 1807 1810
f 13938 13937 13939 13940
f 13938 13940 1808 1807
f 13940 13939 13941 13942
f 13940 13942 3161 1808
f 13942 13941 13943 13944
f 13942 13944 3157 3161
f 13944 13943 1832 1842
f 13944 1842 3158 3157
f 13943 13436 1830 1832
f 13943 13941 13437 13436
f 13941 13939 1824 13437
f 13939 13937 1818 1824
f 13937 13935 1819 1818
f 13935 13933 1853 1819
f 13556 1797 1796 1849
f 13547 1810 1809 13542
f 13521 13945 13946 13947
f 13521 13947 13516 13515
f 13521 13520 3163 13945
f 13947 13946 13948 13949
f 13947 13949 13950 13516
f 13950 13949 13951 13952
f 13950 13952 13953 13511
f 13950 13511 13510 13516
f 13953 13952 13954 13955
f 13953 13955 13956 13506
f 13953 13506 13505 13511
f 13956 13955 13957 3059
f 13956 3059 3058 13501
f 13956 13501 13500 13506
f 13957 13958 3155 13959
f 13957 13959 3060 3059
f 13957 13955 13954 13958
f 13959 3155 3154 13960
f 13959 13960 3061 3060
f 13960 3154 3153 13961
f 13960 13961 13962 3061
f 13962 13961 13963 13489
f 13962 13489 13488 13493
f 13962 13493 3062 3061
f 13963 13961 3153 13964
f 13963 13964 13965 13485
f 13963 13485 13484 13489
f 13965 13964 13966 13967
f 13965 13967 13968 13969
f 13965 13969 13486 13485
f 13969 13968 13970 13971
f 13969 13971 13478 13486
f 13971 13970 13972 13473
f 13971 13473 13472 13478
f 13972 13970 13973 13974
f 13972 13974 13975 13468
f 13972 13468 13467 13473
f 13975 13974 13976 13977
f 13975 13977 13978 13463
f 13975 13463 13462 13468
f 13978 13977 1817 1839
f 13978 1839 1835 13458
f 13978 13458 13457 13463
f 13977 13976 1815 1817
f 13976 13979 1816 1815
f 13976 13974 13973 13979
f 13979 13980 13981 1816
f 13979 13973 13982 13980
f 13982 13983 13984 13980
f 13982 13973 13970 13968
f 13982 13968 13967 13983
f 13984 13985 13986 13987
f 13984 13987 13981 13980
f 13984 13983 13988 13985
f 13988 3151 13989 13985
f 13988 13983 13967 13966
f 13988 13966 3152 3151
f 13989 13990 13991 13992
f 13989 13992 13986 13985
f 13989 3151 3150 13990
f 13992 13991 13951 13993
f 13992 13993 13994 13986
f 13994 13993 13948 13995
f 13994 13995 13996 13997
f 13994 13997 13987 13986
f 13997 13996 13998 13999
f 13997 13999 13981 13987
f 13999 13998 1813 1812
f 13999 1812 1816 13981
f 13998 13996 14000 14001
f 13998 14001 1843 1813
f 14001 14000 14002 14003
f 14001 14003 1841 1843
f 14003 14002 3159 3158
f 14003 3158 1842 1841
f 14002 14004 3162 3159
f 14002 14000 14005 14004
f 14005 13946 13945 14004
f 14005 14000 13996 13995
f 14005 13995 13948 13946
f 14004 13945 3163 3162
f 13993 13951 13949 13948
f 13991 13990 13958 13954
f 13991 13954 13952 13951
f 13990 3150 3155 13958
f 13966 13964 3153 3152
f 13501 3058 3063 13496
f 13497 13494 3043 3042
f 13493 13492 3063 3062
f 13490 1952 1950 3043
f 13480 13479 1945 1944
f 13458 1835 1834 13453
f 13437 1824 1823 13432
f 13398 1870 230 1877
f 13398 1793 1799 1870
f 13388 13386 1931 1930
f 13383 13382 1926 1932
f 13326 13325 1875 1874
f 13325 14006 1883 1875
f 13325 13323 13322 14006
f 14006 1975 1884 1883
f 14006 13322 1976 1975
f 13322 13320 13319 1976
f 13319 14007 1977 1976
f 13319 13317 14008 14007
f 14008 1969 1968 14007
f 14008 13317 13313 13312
f 14008 13312 1970 1969
f 14007 1968 1978 1977
f 13310 1962 1961 1970
f 13308 13307 1963 1962
f 13307 13297 1964 1963
f 13307 13300 13298 13297
f 13297 13295 1974 1964
f 13293 1965 249 1974
f 13275 13270 13268 13267
f 13226 13224 13211 13209
f 13224 13222 13213 13211
f 13222 13219 13215 13213
f 13192 3171 482 3184
f 13157 13155 1700 1885
f 13155 13153 1701 1700
f 13153 13147 13145 1701
f 13145 13143 1702 1701
f 13143 13142 1706 1702
f 13116 13113 13110 13109
f 13112 13007 3178 3177
f 13112 13010 13008 13007
f 13083 13079 13076 13075
f 13047 13045 1690 1689
f 13045 13043 1691 1690
f 12997 12996 1789 1788
f 12682 12680 2005 2004
f 12680 12678 2011 2005
f 12678 12677 14009 2011
f 14009 14010 2010 2011
f 14009 12677 12669 12668
f 14009 12668 14011 14010
f 14011 14012 14013 14010
f 14011 12668 12665 12664
f 14011 12664 12663 14012
f 14013 14014 2009 2008
f 14013 2008 2010 14010
f 14013 14012 14015 14014
f 14015 14016 14017 14014
f 14015 14012 12663 14018
f 14015 14018 14019 14016
f 14019 3190 14020 14016
f 14019 14018 12660 3194
f 14019 3194 3191 3190
f 14020 14021 14022 14023
f 14020 14023 14017 14016
f 14020 3190 3189 14021
f 14023 14024 14025 14017
f 14025 14024 2999 2998
f 14025 2998 2006 2009
f 14025 2009 14014 14017
f 14022 14021 14026 3201
f 14026 14021 3189 3188
f 14026 3188 12652 14027
f 14026 14027 3202 3201
f 14027 12652 12650 14028
f 14027 14028 14029 3202
f 14029 14030 3199 3202
f 14029 14028 12645 12644
f 14029 12644 14031 14030
f 14031 14032 14033 14030
f 14031 12644 12641 12640
f 14031 12640 12639 14032
f 14033 14034 14035 3200
f 14033 3200 3199 14030
f 14033 14032 14036 14034
f 14036 14037 14038 14034
f 14036 14032 12639 14039
f 14036 14039 14040 14037
f 14040 14041 12558 14037
f 14040 14039 12635 12634
f 14040 12634 14042 14041
f 14042 14043 12562 14041
f 14042 12634 12632 12631
f 14042 12631 14044 14043
f 14044 12568 12566 14043
f 14044 12631 12629 14045
f 14044 14045 12570 12568
f 14045 12629 12627 12575
f 14045 12575 12572 12570
f 14043 12566 12563 12562
f 14041 12562 12559 12558
f 14039 12639 12636 12635
f 14038 12556 12554 12553
f 14038 12553 14035 14034
f 14038 14037 12558 12556
f 14035 12553 12550 12549
f 14035 12549 3197 3200
f 14028 12650 12646 12645
f 14018 12663 12661 12660
f 12660 12658 3192 3194
f 12653 12652 3188 3187
f 12627 12625 12576 12575
f 12625 12623 12577 12576
f 12623 12621 12579 12577
f 12621 12619 12581 12579
f 12617 12585 12582 12581
f 12615 12590 12586 12585
f 12613 12595 12591 12590
f 12611 12600 12596 12595
f 12608 12605 12601 12600
f 12604 11130 11128 14046
f 12604 14046 12599 12598
f 12604 12603 11132 11130
f 14046 11128 11126 14047
f 14046 14047 14048 12599
f 14048 14047 14049 14050
f 14048 14050 14051 12594
f 14048 12594 12593 12599
f 14051 14050 14052 14053
f 14051 14053 3241 12589
f 14051 12589 12588 12594
f 14053 14052 14054 3237
f 14053 3237 3236 3241
f 14054 14055 14056 14057
f 14054 14057 3238 3237
f 14054 14052 14058 14055
f 14058 11123 11122 14055
f 14058 14052 14050 14049
f 14058 14049 11124 11123
f 14057 14056 14059 14060
f 14057 14060 14061 3238
f 14061 14060 14062 14063
f 14061 14063 3233 3232
f 14061 3232 492 3238
f 14063 14062 14064 14065
f 14063 14065 14066 3233
f 14066 14065 14067 14068
f 14066 14068 14069 14070
f 14066 14070 3234 3233
f 14070 14069 14071 14072
f 14070 14072 3235 3234
f 14072 14071 14073 3223
f 14072 3223 3222 3235
f 14073 14071 14074 14075
f 14073 14075 14076 14077
f 14073 14077 3224 3223
f 14077 14076 14078 14079
f 14077 14079 3229 3224
f 14079 14078 3283 14080
f 14079 14080 12565 3229
f 14080 3283 501 3282
f 14080 3282 12561 12565
f 14078 14076 14081 3259
f 14078 3259 3258 3283
f 14081 3257 3256 3259
f 14081 14076 14075 14082
f 14082 14075 14074 3279
f 14074 14083 3276 3279
f 14074 14071 14069 14083
f 14083 14084 3277 3276
f 14083 14069 14068 14084
f 14084 14085 14086 3277
f 14084 14068 14067 14085
f 14086 14087 14088 14089
f 14086 14089 3275 3277
f 14086 14085 14090 14087
f 14090 14091 14092 14087
f 14090 14085 14067 14093
f 14090 14093 14094 14091
f 14094 14095 14096 14091
f 14094 14093 14064 14097
f 14094 14097 14098 14095
f 14098 14099 14100 14095
f 14098 14097 14101 14102
f 14098 14102 11115 14099
f 14102 14101 14059 14103
f 14102 14103 11116 11115
f 14103 14059 14056 14104
f 14103 14104 11117 11116
f 14104 14056 14055 11122
f 14104 11122 11119 11117
f 14101 14097 14064 14062
f 14101 14062 14060 14059
f 14100 14105 1210 1209
f 14100 1209 14096 14095
f 14100 14099 11112 14105
f 14105 14106 1214 1210
f 14105 11112 11110 14106
f 14106 14107 14108 1214
f 14106 11110 11108 14107
f 14108 14109 14110 14111
f 14108 14111 1212 1214
f 14108 14107 14112 14109
f 14112 1563 1562 14109
f 14112 14107 11108 11107
f 14112 11107 11106 1563
f 14111 14110 14113 14114
f 14111 14114 1213 1212
f 14114 14113 14115 14116
f 14114 14116 14117 1213
f 14117 1207 1206 1213
f 14117 14116 14118 14119
f 14117 14119 14120 1207
f 14120 14121 1203 1207
f 14120 14119 14122 14123
f 14120 14123 14124 14121
f 14124 14125 14126 14121
f 14124 14123 14127 14128
f 14124 14128 14129 14125
f 14129 1302 130 14125
f 14129 14128 14130 14131
f 14129 14131 3412 1302
f 14131 14130 14132 14133
f 14131 14133 3413 3412
f 14133 14132 14134 14135
f 14133 14135 531 3413
f 14135 14134 11500 14136
f 14135 14136 3461 531
f 14136 11500 11499 11505
f 14136 11505 14137 3461
f 14137 14138 3462 3461
f 14137 11505 11504 11510
f 14137 11510 14139 14138
f 14139 14140 14141 14138
f 14139 11510 11509 11515
f 14139 11515 14142 14140
f 14142 14143 14144 14140
f 14142 11515 11514 11520
f 14142 11520 14145 14143
f 14145 11520 11519 11525
f 14145 11525 14146 14147
f 14146 3252 3257 14147
f 14146 11525 11524 11530
f 14146 11530 3253 3252
f 14144 14148 14149 14150
f 14144 14150 14141 14140
f 14150 14149 14151 14152
f 14150 14152 14153 14141
f 14153 14152 3265 14154
f 14153 14154 3458 3462
f 14153 3462 14138 14141
f 14154 3265 3264 14155
f 14154 14155 3459 3458
f 14155 3264 3266 14156
f 14155 14156 14157 3459
f 14157 3457 3460 3459
f 14157 14156 14158 14159
f 14157 14159 3456 3457
f 14159 14158 14160 14161
f 14159 14161 1300 3456
f 14161 14160 14162 14163
f 14161 14163 1301 1300
f 14163 14162 14164 14165
f 14163 14165 1304 1301
f 14165 14164 14166 14167
f 14165 14167 14168 1304
f 14168 14169 1305 1304
f 14168 14167 14170 14171
f 14168 14171 1211 14169
f 14171 14170 14092 14172
f 14171 14172 1208 1211
f 14172 14092 14091 14096
f 14172 14096 1209 1208
f 14170 14167 14166 14088
f 14170 14088 14087 14092
f 14169 1204 14126 1305
f 14169 1211 1205 1204
f 14166 14164 14173 14174
f 14166 14174 14089 14088
f 14174 14173 3274 3273
f 14174 3273 3275 14089
f 14173 14164 14162 3272
f 14173 3272 3269 3274
f 14162 14160 3270 3272
f 14160 14158 3271 3270
f 14158 14156 3266 3271
f 14152 14151 3261 3265
f 14151 3278 3262 3261
f 14134 14132 14175 11496
f 14134 11496 11495 11500
f 14175 14132 14130 14176
f 14175 14176 14177 11493
f 14175 11493 11492 11496
f 14177 14176 14127 14178
f 14177 14178 14179 11489
f 14177 11489 11488 11493
f 14179 14178 14122 14180
f 14179 14180 14181 14182
f 14179 14182 11490 11489
f 14182 14181 1577 1576
f 14182 1576 1580 11490
f 14181 14180 14118 14183
f 14181 14183 14184 1577
f 14184 14183 14115 14185
f 14184 14185 1573 14186
f 14184 14186 1578 1577
f 14186 1573 1572 11480
f 14186 11480 1581 1578
f 14185 14115 14113 14187
f 14185 14187 1574 1573
f 14187 14113 14110 1566
f 14187 1566 1565 1574
f 14183 14118 14116 14115
f 14180 14122 14119 14118
f 14178 14127 14123 14122
f 14176 14130 14128 14127
f 14126 1204 1203 14121
f 14126 14125 130 1305
f 14110 14109 1562 1566
f 14099 11115 11113 11112
f 14093 14067 14065 14064
f 14049 14047 11126 11124
f 12603 11139 11134 11132
f 12589 3241 3240 12584
f 12565 3247 3230 3229
f 12552 3285 1782 1781
f 12549 12547 3198 3197
f 12514 12513 1718 1717
f 12501 12499 14188 1603
f 14188 14189 1598 1603
f 14188 12499 12497 14190
f 14188 14190 14191 14189
f 14191 14192 14193 14189
f 14191 14190 14194 14195
f 14191 14195 14196 14192
f 14196 14197 14198 14192
f 14196 14195 14199 14200
f 14196 14200 14201 14197
f 14201 14202 14203 14197
f 14201 14200 14204 14205
f 14201 14205 14206 14202
f 14206 14207 14208 14202
f 14206 14205 14209 14210
f 14206 14210 14211 14207
f 14211 14212 14213 14207
f 14211 14210 12477 12476
f 14211 12476 12475 14212
f 14213 14214 14215 14216
f 14213 14216 14208 14207
f 14213 14212 14217 14214
f 14217 14218 14219 14214
f 14217 14212 12475 14220
f 14217 14220 14221 14218
f 14221 14222 14223 14218
f 14221 14220 12472 14224
f 14221 14224 14225 14222
f 14225 14226 14227 14222
f 14225 14224 12469 14228
f 14225 14228 14229 14226
f 14229 14230 14231 14226
f 14229 14228 12466 14232
f 14229 14232 14233 14230
f 14233 14234 14235 14230
f 14233 14232 14236 14237
f 14233 14237 14238 14234
f 14238 14239 14240 14234
f 14238 14237 14241 14242
f 14238 14242 14243 14239
f 14243 14244 14245 14239
f 14243 14242 14246 14247
f 14243 14247 14248 14244
f 14248 14249 14250 14244
f 14248 14247 14251 14252
f 14248 14252 14253 14249
f 14253 14254 14255 14249
f 14253 14252 14256 14257
f 14253 14257 14258 14254
f 14258 14259 14260 14254
f 14258 14257 14261 14262
f 14258 14262 14263 14259
f 14263 14264 14265 14259
f 14263 14262 12307 12305
f 14263 12305 12304 14264
f 14265 14266 11576 14267
f 14265 14267 14260 14259
f 14265 14264 14268 14266
f 14268 11581 11579 14266
f 14268 14264 12304 12303
f 14268 12303 14269 11581
f 14269 11584 11582 11581
f 14269 12303 12301 12300
f 14269 12300 11586 11584
f 14267 11576 11572 11571
f 14267 11571 14270 14260
f 14270 11571 11567 11566
f 14270 11566 14271 14255
f 14270 14255 14254 14260
f 14271 11566 11562 11561
f 14271 11561 14272 14250
f 14271 14250 14249 14255
f 14272 11561 11557 11556
f 14272 11556 14273 14245
f 14272 14245 14244 14250
f 14273 11556 11552 11551
f 14273 11551 14274 14240
f 14273 14240 14239 14245
f 14274 11551 11547 11546
f 14274 11546 14275 14235
f 14274 14235 14234 14240
f 14275 11546 11542 11541
f 14275 11541 14276 14231
f 14275 14231 14230 14235
f 14276 11541 11537 11536
f 14276 11536 14277 14227
f 14276 14227 14226 14231
f 14277 11536 11532 11531
f 14277 11531 14278 14223
f 14277 14223 14222 14227
f 14278 11531 11527 11526
f 14278 11526 14279 14219
f 14278 14219 14218 14223
f 14279 11526 11522 11521
f 14279 11521 14280 14215
f 14279 14215 14214 14219
f 14280 11521 11517 11516
f 14280 11516 14281 14282
f 14280 14282 14216 14215
f 14282 14281 14283 14284
f 14282 14284 14208 14216
f 14284 14283 14285 14203
f 14284 14203 14202 14208
f 14285 14283 14286 14287
f 14285 14287 14288 14198
f 14285 14198 14197 14203
f 14288 14287 14289 14290
f 14288 14290 1599 14193
f 14288 14193 14192 14198
f 14289 11506 11502 11501
f 14289 11501 1559 14290
f 14289 14287 14286 11506
f 14286 11511 11507 11506
f 14286 14283 14281 11511
f 14281 11516 11512 11511
f 14266 11579 11577 11576
f 14262 14261 12309 12307
f 14261 14257 14256 14291
f 14261 14291 12311 12309
f 14291 14256 14292 14293
f 14291 14293 14294 12311
f 14294 14293 14295 14296
f 14294 14296 14297 12314
f 14294 12314 12312 12311
f 14297 14296 14298 12324
f 14297 12324 12321 12319
f 14297 12319 12315 12314
f 14298 14296 14295 14299
f 14298 14299 14300 12327
f 14298 12327 12325 12324
f 14300 14299 14301 1325
f 14300 1325 136 1324
f 14300 1324 1323 12327
f 14301 14302 14303 14304
f 14301 14304 1326 1325
f 14301 14299 14295 14302
f 14304 14303 14246 14305
f 14304 14305 14306 1326
f 14306 14305 14241 14307
f 14306 14307 12463 1327
f 14306 1327 137 1326
f 14307 14241 14237 14236
f 14307 14236 12464 12463
f 14305 14246 14242 14241
f 14303 14251 14247 14246
f 14303 14302 14292 14251
f 14302 14295 14293 14292
f 14292 14256 14252 14251
f 14236 14232 12466 12464
f 14228 12469 12467 12466
f 14224 12472 12470 12469
f 14220 12475 12473 12472
f 14210 14209 12479 12477
f 14209 14205 14204 14308
f 14209 14308 12481 12479
f 14308 14204 14309 12486
f 14308 12486 12483 12481
f 14309 14204 14200 14199
f 14309 14199 14310 12489
f 14309 12489 12487 12486
f 14310 14199 14195 14194
f 14310 14194 12496 12492
f 14310 12492 12490 12489
f 14194 14190 12497 12496
f 14193 1599 1598 14189
f 12442 12358 12356 12355
f 12438 12437 12359 12358
f 12437 12433 12432 14311
f 12437 14311 12360 12359
f 14311 12432 14312 12365
f 14311 12365 12362 12360
f 14312 12432 12428 12427
f 14312 12427 14313 12368
f 14312 12368 12366 12365
f 14313 12427 12423 12422
f 14313 12422 14314 12371
f 14313 12371 12369 12368
f 14314 12422 12418 12417
f 14314 12417 14315 12374
f 14314 12374 12372 12371
f 14315 12417 12413 12412
f 14315 12412 14316 12377
f 14315 12377 12375 12374
f 14316 12412 12409 12408
f 14316 12408 14317 12380
f 14316 12380 12378 12377
f 14317 12408 12404 12403
f 14317 12403 12387 12383
f 14317 12383 12381 12380
f 12416 1587 1590 12411
f 12407 12406 1590 1589
f 12403 12399 12388 12387
f 12395 12394 1773 1782
f 12395 1782 3285 3284
f 12355 12351 12349 12348
f 12337 12335 1319 1318
f 12335 12333 1320 1319
f 12333 12330 1321 1320
f 12300 12298 11597 11586
f 12298 11600 11598 11597
f 12293 12291 11604 11602
f 12197 11610 11607 11606
f 12193 12192 12126 1537
f 12192 12188 12187 12129
f 12192 12129 12127 12126
f 12187 12183 12134 12132
f 12187 12132 12130 12129
f 12182 1551 12178 12177
f 12179 12137 12135 12134
f 12169 12168 12141 12139
f 12168 12164 1330 1329
f 12168 1329 1333 12141
f 12126 12124 1538 1537
f 12124 12123 1540 1538
f 12123 1533 1530 1540
f 12073 3391 519 12066
f 12067 12066 519 3397
f 12067 3397 3370 3369
f 12061 3399 3377 3376
f 12059 12029 12027 3403
f 12056 12032 12030 12029
f 12053 3370 3397 3396
f 12053 12052 3371 3370
f 12027 12025 3401 3403
f 12025 12022 3402 3401
f 12020 3384 3398 3402
f 11995 11991 11988 11986
f 11973 11971 1513 1512
f 11810 1497 1493 11805
f 11778 1527 1522 1521
f 11774 3292 3291 11769
f 11759 11758 3387 3386
f 11743 11739 1356 142
f 11735 1342 1341 1356
f 11731 1387 1390 11726
f 11728 11727 1347 1346
f 11724 1389 1391 14318
f 11724 14318 1402 1401
f 11724 11723 1390 1389
f 14318 1391 1392 11645
f 14318 11645 1404 1402
f 11675 11673 11661 1415
f 11673 11666 11662 11661
f 11661 11657 1416 1415
f 11660 1426 1423 11656
f 11614 1466 1465 11609
f 11597 11590 11587 11586
f 11594 1476 1475 11589
f 11535 3253 11530 11529
f 11501 11497 1560 1559
f 11465 1593 186 1600
f 11465 11459 11457 1593
f 11443 11441 194 1647
f 11441 11439 1648 194
f 11439 11437 1654 1648
f 11437 11435 1657 1654
f 11432 11431 1673 1672
f 11411 11410 1727 1726
f 11410 11406 14319 1727
f 14319 14320 1753 1760
f 14319 1760 207 1727
f 14319 11406 11404 14320
f 14320 11401 1754 1753
f 14320 11404 11402 11401
f 11401 11399 1755 1754
f 11399 11396 11395 1755
f 11395 11393 1745 1744
f 11395 1744 1743 1755
f 11355 2088 1765 1764
f 11339 11336 11334 3212
f 11334 11333 3210 3212
f 11333 11332 3211 3210
f 11311 11309 11146 11145
f 11261 1693 1692 2146
f 11209 11156 11154 11153
f 11207 11159 11157 11156
f 11205 11162 11160 11159
f 11205 11203 14321 11162
f 14321 11165 11163 11162
f 14321 11203 11202 14322
f 14321 14322 14323 11165
f 14323 11168 11166 11165
f 14323 14322 11180 11178
f 14323 11178 11176 11168
f 14322 11202 11182 11180
f 11176 11171 11169 11168
f 11103 11100 998 1003
f 11096 11095 1001 1000
f 11057 11050 1732 1731
f 11047 11018 11016 1733
f 11041 11040 2470 2469
f 11029 11025 11023 11022
f 11016 11015 1734 1733
f 11015 2147 2149 1734
f 10963 10961 574 3721
f 10954 10952 3712 3714
f 10589 10585 10584 10429
f 10584 10580 10579 10432
f 10584 10432 10430 10429
f 10579 10575 10574 14324
f 10579 14324 10433 10432
f 14324 10574 14325 10437
f 14324 10437 10434 10433
f 14325 10574 10570 10569
f 14325 10569 14326 10440
f 14325 10440 10438 10437
f 14326 10569 10565 10564
f 14326 10564 14327 10443
f 14326 10443 10441 10440
f 14327 10564 10560 10559
f 14327 10559 14328 10446
f 14327 10446 10444 10443
f 14328 10559 10555 10554
f 14328 10554 10451 10449
f 14328 10449 10447 10446
f 10554 10550 10453 10451
f 10522 10521 10476 10474
f 10521 10517 10492 10490
f 10521 10490 10488 10476
f 10488 10479 10477 10476
f 10338 10336 3351 3357
f 10333 3368 3361 3360
f 10331 10330 3353 3352
f 10325 10321 10320 3348
f 10324 3344 3340 10319
f 10320 10317 10316 14329
f 10320 14329 3349 3348
f 14329 10316 3322 3321
f 14329 3321 3320 3349
f 10316 10314 3325 3322
f 10312 10311 14330 3330
f 14330 3312 9660 14331
f 14330 14331 3327 3330
f 14330 10311 3313 3312
f 14331 9660 9656 9655
f 14331 9655 3328 3327
f 10311 10308 3316 3313
f 10306 10304 10303 14332
f 10306 14332 3317 3316
f 14332 10303 14333 3310
f 14332 3310 3309 3317
f 14333 10303 10299 10298
f 14333 10298 10197 10196
f 14333 10196 3305 3310
f 10298 10294 10199 10197
f 10290 10202 10200 10199
f 10286 10205 10203 10202
f 10282 10208 10206 10205
f 10278 10211 10209 10208
f 10274 10214 10212 10211
f 10270 10217 10215 10214
f 10266 10220 10218 10217
f 10262 10223 10221 10220
f 10258 10226 10224 10223
f 10254 10229 10227 10226
f 10250 10232 10230 10229
f 10246 10235 10233 10232
f 10190 10186 10185 9682
f 10190 9682 9678 9677
f 10185 9687 9683 9682
f 10185 10181 10180 9687
f 10180 10176 10175 9692
f 10180 9692 9688 9687
f 10175 10171 10170 9695
f 10175 9695 9693 9692
f 10170 10166 10165 9698
f 10170 9698 9696 9695
f 10165 10161 10160 9701
f 10165 9701 9699 9698
f 10160 10156 10155 9704
f 10160 9704 9702 9701
f 10155 10151 10150 9707
f 10155 9707 9705 9704
f 10150 10146 10145 9710
f 10150 9710 9708 9707
f 10145 10141 10140 9713
f 10145 9713 9711 9710
f 10140 10136 10135 9716
f 10140 9716 9714 9713
f 10135 10131 10130 9719
f 10135 9719 9717 9716
f 10130 10126 10125 9722
f 10130 9722 9720 9719
f 10129 2735 2732 10124
f 10125 10122 10121 14334
f 10125 14334 9723 9722
f 14334 10121 14335 14336
f 14334 14336 9724 9723
f 14336 14335 14337 9729
f 14336 9729 9726 9724
f 14337 14335 14338 14339
f 14337 14339 14340 9732
f 14337 9732 9730 9729
f 14340 14339 14341 14342
f 14340 14342 14343 9735
f 14340 9735 9733 9732
f 14343 14342 14344 14345
f 14343 14345 14346 14347
f 14343 14347 9736 9735
f 14347 14346 14348 14349
f 14347 14349 9737 9736
f 14349 14348 14350 14351
f 14349 14351 9739 9737
f 14351 14350 14352 14353
f 14351 14353 9741 9739
f 14353 14352 14354 9746
f 14353 9746 9743 9741
f 14354 14352 14355 14356
f 14354 14356 14357 9749
f 14354 9749 9747 9746
f 14357 14356 14358 14359
f 14357 14359 14360 9752
f 14357 9752 9750 9749
f 14360 14359 14361 14362
f 14360 14362 14363 9755
f 14360 9755 9753 9752
f 14363 14362 14364 14365
f 14363 14365 14366 9758
f 14363 9758 9756 9755
f 14366 14365 14367 14368
f 14366 14368 14369 9761
f 14366 9761 9759 9758
f 14369 14368 14370 14371
f 14369 14371 14372 9764
f 14369 9764 9762 9761
f 14372 14371 2854 2859
f 14372 2859 14373 9767
f 14372 9767 9765 9764
f 14373 2859 2858 2868
f 14373 2868 14374 9770
f 14373 9770 9768 9767
f 14374 2868 2659 14375
f 14374 14375 9775 9773
f 14374 9773 9771 9770
f 14375 2659 2658 14376
f 14375 14376 9777 9775
f 14376 2658 2662 14377
f 14376 14377 9779 9777
f 14377 2662 14378 14379
f 14377 14379 9783 9779
f 14379 14378 14380 14381
f 14379 14381 9784 9783
f 14381 14380 14382 14383
f 14381 14383 9786 9784
f 14383 14382 14384 14385
f 14383 14385 9788 9786
f 14385 14384 14386 14387
f 14385 14387 9790 9788
f 14387 14386 14388 14389
f 14387 14389 14390 9790
f 14390 9793 9791 9790
f 14390 14389 2948 14391
f 14390 14391 14392 9793
f 14392 9796 9794 9793
f 14392 14391 14393 2945
f 14392 2945 2941 9796
f 14393 14391 2948 2947
f 14393 2947 2623 2622
f 14393 2622 2942 2945
f 14389 14388 2663 2948
f 14388 14386 14394 14395
f 14388 14395 2664 2663
f 14395 14394 14396 14397
f 14395 14397 2665 2664
f 14397 14396 14398 14399
f 14397 14399 2673 2665
f 14399 14398 14400 14401
f 14399 14401 2674 2673
f 14401 14400 14402 14403
f 14401 14403 2675 2674
f 14403 14404 14405 2675
f 14403 14402 14406 14404
f 14406 14407 14408 14404
f 14406 14402 14409 14410
f 14406 14410 14411 14407
f 14411 14412 14413 14407
f 14411 14410 14414 14415
f 14411 14415 2752 14412
f 14415 14414 14416 2850
f 14415 2850 2753 2752
f 14416 14417 14418 14419
f 14416 14419 2851 2850
f 14416 14414 14420 14417
f 14420 14421 14422 14417
f 14420 14414 14410 14409
f 14420 14409 14423 14421
f 14423 14424 14425 14421
f 14423 14409 14402 14400
f 14423 14400 14398 14424
f 14425 14426 14427 14428
f 14425 14428 14422 14421
f 14425 14424 14429 14426
f 14429 14430 14431 14426
f 14429 14424 14398 14396
f 14429 14396 14394 14430
f 14431 14382 14380 14432
f 14431 14432 14427 14426
f 14431 14430 14384 14382
f 14432 14380 14378 14433
f 14432 14433 14434 14427
f 14434 14433 2661 2660
f 14434 2660 2867 14435
f 14434 14435 14428 14427
f 14435 2867 2866 14436
f 14435 14436 14422 14428
f 14436 2866 2857 14418
f 14436 14418 14417 14422
f 14433 14378 2662 2661
f 14430 14394 14386 14384
f 14419 14418 2857 2856
f 14419 2856 2853 2851
f 14413 10089 10085 10084
f 14413 10084 14408 14407
f 14413 14412 14437 10089
f 14437 10094 10090 10089
f 14437 14412 2752 2751
f 14437 2751 14438 10094
f 14438 10099 10095 10094
f 14438 2751 2750 14439
f 14438 14439 14440 10099
f 14440 10104 10100 10099
f 14440 14439 14441 14442
f 14440 14442 14443 10104
f 14443 10107 10105 10104
f 14443 14442 14444 14445
f 14443 14445 10109 10107
f 14445 14444 14446 14447
f 14445 14447 14448 10109
f 14448 2748 10110 10109
f 14448 14447 14449 14450
f 14448 14450 2749 2748
f 14450 14449 14451 14452
f 14450 14452 14453 2749
f 14453 10115 2746 2749
f 14453 14452 14454 14455
f 14453 14455 10116 10115
f 14455 14454 14341 14456
f 14455 14456 10117 10116
f 14456 14341 14339 14338
f 14456 14338 10119 10117
f 14454 14452 14451 14344
f 14454 14344 14342 14341
f 14451 14449 14457 14458
f 14451 14458 14345 14344
f 14458 14457 14459 14460
f 14458 14460 14346 14345
f 14460 14459 14461 14462
f 14460 14462 14348 14346
f 14462 14461 14463 14464
f 14462 14464 14350 14348
f 14464 14463 14465 14355
f 14464 14355 14352 14350
f 14465 14463 14466 14467
f 14465 14467 14468 14358
f 14465 14358 14356 14355
f 14468 14467 14469 14470
f 14468 14470 14471 14361
f 14468 14361 14359 14358
f 14471 14470 2848 2847
f 14471 2847 2849 14364
f 14471 14364 14362 14361
f 14470 14469 2755 2848
f 14469 14472 2756 2755
f 14469 14467 14466 14472
f 14472 14473 2757 2756
f 14472 14466 14474 14473
f 14474 14475 14476 14473
f 14474 14466 14463 14461
f 14474 14461 14459 14475
f 14476 14444 14442 14441
f 14476 14441 2757 14473
f 14476 14475 14446 14444
f 14475 14459 14457 14446
f 14457 14449 14447 14446
f 14441 14439 2750 2757
f 14408 10084 10080 10079
f 14408 10079 14405 14404
f 14405 10079 10075 10074
f 14405 10074 2676 2675
f 14371 14370 2855 2854
f 14370 14477 14478 2855
f 14370 14368 14367 14477
f 14478 2845 2852 2853
f 14478 2853 2856 2855
f 14478 14477 2846 2845
f 14477 14367 2849 2846
f 14367 14365 14364 2849
f 14338 14335 10121 10119
f 10115 10112 2747 2746
f 10078 2526 2525 10073
f 10074 10071 2677 2676
f 10069 10034 2671 2677
f 10061 10049 10045 10043
f 10060 2143 2138 10057
f 10034 10032 2672 2671
f 10030 10029 2668 2672
f 10029 14479 2669 2668
f 10029 10027 14480 14479
f 14480 14481 2949 14479
f 14480 10027 10025 14482
f 14480 14482 10017 14481
f 14482 10025 10022 10020
f 14482 10020 10018 10017
f 14481 2624 2626 2949
f 14481 10017 2625 2624
f 14479 2949 2667 2669
f 10012 10011 14483 14484
f 10012 14484 2617 2621
f 14484 14483 14485 14486
f 14484 14486 2618 2617
f 14486 14485 9823 14487
f 14486 14487 14488 2618
f 14488 14487 9818 14489
f 14488 14489 2944 2943
f 14488 2943 2619 2618
f 14489 9818 9814 9813
f 14489 9813 2946 2944
f 14487 9823 9819 9818
f 14485 9828 9824 9823
f 14485 14483 14490 9828
f 14490 9833 9829 9828
f 14490 14483 10011 10010
f 14490 10010 14491 9833
f 14491 9836 9834 9833
f 14491 10010 10008 10007
f 14491 10007 9838 9836
f 10007 10005 10004 9838
f 10004 9841 9839 9838
f 10004 10001 10000 9841
f 10000 9845 9842 9841
f 10000 9997 9995 9845
f 9995 9850 9846 9845
f 9884 5664 5660 5659
f 9884 5659 9879 9878
f 9879 5659 5655 5654
f 9879 5654 9874 9873
f 9874 5654 5650 5649
f 9874 5649 9869 9868
f 9869 5649 5645 5644
f 9869 5644 9864 9863
f 9864 5644 5641 5640
f 9864 5640 9859 9858
f 9859 5640 5638 14492
f 9859 14492 9854 9853
f 14492 5638 5636 14493
f 14492 14493 14494 9854
f 14494 14493 5632 2574
f 14494 2574 2573 9849
f 14494 9849 9848 9854
f 14493 5636 5633 5632
f 9849 2573 2575 9844
f 9832 14495 5614 14496
f 9832 14496 9827 9826
f 9832 9831 2583 14495
f 14496 5614 5610 5609
f 14496 5609 14497 9827
f 14497 5609 5605 5604
f 14497 5604 14498 9822
f 14497 9822 9821 9827
f 14498 5604 5600 5599
f 14498 5599 14499 9817
f 14498 9817 9816 9822
f 14499 5599 5595 5594
f 14499 5594 14500 9812
f 14499 9812 9811 9817
f 14500 5594 5590 5589
f 14500 5589 2933 2932
f 14500 2932 9809 9812
f 14495 2579 5615 5614
f 14495 2583 2577 2579
f 9813 9807 9806 2946
f 9806 9802 2940 2946
f 9802 9800 2937 2940
f 9797 9796 2941 2939
f 9691 5460 3297 3301
f 9691 3301 9686 9685
f 9691 9690 5461 5460
f 9686 3301 3300 14501
f 9686 14501 9681 9680
f 14501 3300 3299 14502
f 14501 14502 14503 9681
f 14503 14502 14504 14505
f 14503 14505 14506 9676
f 14503 9676 9675 9681
f 14506 14505 14507 14508
f 14506 14508 14509 9671
f 14506 9671 9670 9676
f 14509 14508 14510 14511
f 14509 14511 14512 9667
f 14509 9667 9666 9671
f 14512 14511 14513 14514
f 14512 14514 14515 9664
f 14512 9664 9663 9667
f 14515 14514 14516 14517
f 14515 14517 14518 9659
f 14515 9659 9658 9664
f 14518 14517 14519 14520
f 14518 14520 14521 9654
f 14518 9654 9653 9659
f 14521 14520 14522 14523
f 14521 14523 14524 9649
f 14521 9649 9648 9654
f 14524 14523 14525 14526
f 14524 14526 14527 9644
f 14524 9644 9643 9649
f 14527 14526 14528 14529
f 14527 14529 14530 9639
f 14527 9639 9638 9644
f 14530 14529 14531 14532
f 14530 14532 14533 9634
f 14530 9634 9633 9639
f 14533 14532 14534 14535
f 14533 14535 14536 9629
f 14533 9629 9628 9634
f 14536 14535 14537 14538
f 14536 14538 14539 9624
f 14536 9624 9623 9629
f 14539 14538 14540 14541
f 14539 14541 14542 9619
f 14539 9619 9618 9624
f 14542 14541 14543 14544
f 14542 14544 14545 9614
f 14542 9614 9613 9619
f 14545 14544 14546 14547
f 14545 14547 14548 9609
f 14545 9609 9608 9614
f 14548 14547 14549 14550
f 14548 14550 14551 9604
f 14548 9604 9603 9609
f 14551 14550 14552 14553
f 14551 14553 14554 9599
f 14551 9599 9598 9604
f 14554 14553 14555 14556
f 14554 14556 14557 9594
f 14554 9594 9593 9599
f 14557 14556 14558 14559
f 14557 14559 14560 9589
f 14557 9589 9588 9594
f 14560 14559 14561 14562
f 14560 14562 14563 9584
f 14560 9584 9583 9589
f 14563 14562 14564 14565
f 14563 14565 14566 9579
f 14563 9579 9578 9584
f 14566 14565 14567 14568
f 14566 14568 14569 9574
f 14566 9574 9573 9579
f 14569 14568 14570 14571
f 14569 14571 14572 9569
f 14569 9569 9568 9574
f 14572 14571 14573 14574
f 14572 14574 14575 9564
f 14572 9564 9563 9569
f 14575 14574 3561 14576
f 14575 14576 14577 9559
f 14575 9559 9558 9564
f 14577 14576 14578 14579
f 14577 14579 14580 9554
f 14577 9554 9553 9559
f 14580 14579 3700 3699
f 14580 3699 14581 9549
f 14580 9549 9548 9554
f 14581 3699 3698 3694
f 14581 3694 3693 14582
f 14581 14582 9550 9549
f 14582 3693 3689 3688
f 14582 3688 3691 9550
f 14579 14578 3701 3700
f 14578 3560 3563 3701
f 14578 14576 3561 3560
f 14574 14573 3557 3561
f 14573 14583 3558 3557
f 14573 14571 14570 14583
f 14583 14584 14585 3558
f 14583 14570 14586 14584
f 14586 14587 14588 14584
f 14586 14570 14568 14567
f 14586 14567 14589 14587
f 14589 14590 14591 14587
f 14589 14567 14565 14564
f 14589 14564 14592 14590
f 14592 14593 14594 14590
f 14592 14564 14562 14561
f 14592 14561 14595 14593
f 14595 14596 14597 14593
f 14595 14561 14559 14558
f 14595 14558 14598 14596
f 14598 14599 14600 14596
f 14598 14558 14556 14555
f 14598 14555 14601 14599
f 14601 14602 14603 14599
f 14601 14555 14553 14552
f 14601 14552 14604 14602
f 14604 14605 14606 14602
f 14604 14552 14550 14549
f 14604 14549 14607 14605
f 14607 14608 14609 14605
f 14607 14549 14547 14546
f 14607 14546 14610 14608
f 14610 14611 14612 14608
f 14610 14546 14544 14543
f 14610 14543 14613 14611
f 14613 14614 14615 14611
f 14613 14543 14541 14540
f 14613 14540 14616 14614
f 14616 14617 14618 14614
f 14616 14540 14538 14537
f 14616 14537 14619 14617
f 14619 14620 14621 14617
f 14619 14537 14535 14534
f 14619 14534 14622 14620
f 14622 14623 14624 14620
f 14622 14534 14532 14531
f 14622 14531 14625 14623
f 14625 14626 14627 14623
f 14625 14531 14529 14528
f 14625 14528 14628 14626
f 14628 14629 14630 14626
f 14628 14528 14526 14525
f 14628 14525 14631 14629
f 14631 14632 14633 14629
f 14631 14525 14523 14522
f 14631 14522 14634 14632
f 14634 14635 14636 14632
f 14634 14522 14520 14519
f 14634 14519 14637 14635
f 14637 14638 14639 14635
f 14637 14519 14517 14516
f 14637 14516 14640 14638
f 14640 14641 14642 14638
f 14640 14516 14514 14513
f 14640 14513 14643 14641
f 14643 14644 14645 14641
f 14643 14513 14511 14510
f 14643 14510 14646 14644
f 14646 14647 14648 14644
f 14646 14510 14508 14507
f 14646 14507 14649 14647
f 14649 14650 14651 14647
f 14649 14507 14505 14504
f 14649 14504 14652 14650
f 14652 3304 14653 14650
f 14652 14504 14502 3299
f 14652 3299 3296 3304
f 14653 14654 4427 14655
f 14653 14655 14651 14650
f 14653 3304 3303 14654
f 14655 4427 4423 4422
f 14655 4422 14656 14651
f 14656 4422 4418 4417
f 14656 4417 14657 14648
f 14656 14648 14647 14651
f 14657 4417 4413 4412
f 14657 4412 14658 14645
f 14657 14645 14644 14648
f 14658 4412 4408 4407
f 14658 4407 14659 14642
f 14658 14642 14641 14645
f 14659 4407 4403 4402
f 14659 4402 14660 14639
f 14659 14639 14638 14642
f 14660 4402 4398 4397
f 14660 4397 14661 14636
f 14660 14636 14635 14639
f 14661 4397 4393 4392
f 14661 4392 14662 14633
f 14661 14633 14632 14636
f 14662 4392 4388 4387
f 14662 4387 14663 14630
f 14662 14630 14629 14633
f 14663 4387 4383 4382
f 14663 4382 14664 14627
f 14663 14627 14626 14630
f 14664 4382 4378 4377
f 14664 4377 14665 14624
f 14664 14624 14623 14627
f 14665 4377 4373 4372
f 14665 4372 14666 14621
f 14665 14621 14620 14624
f 14666 4372 4368 4367
f 14666 4367 14667 14618
f 14666 14618 14617 14621
f 14667 4367 4363 4362
f 14667 4362 14668 14615
f 14667 14615 14614 14618
f 14668 4362 4358 4357
f 14668 4357 14669 14612
f 14668 14612 14611 14615
f 14669 4357 4353 4352
f 14669 4352 14670 14609
f 14669 14609 14608 14612
f 14670 4352 4348 4347
f 14670 4347 14671 14606
f 14670 14606 14605 14609
f 14671 4347 4343 4342
f 14671 4342 14672 14603
f 14671 14603 14602 14606
f 14672 4342 4338 4337
f 14672 4337 14673 14600
f 14672 14600 14599 14603
f 14673 4337 4333 4332
f 14673 4332 14674 14597
f 14673 14597 14596 14600
f 14674 4332 4328 4327
f 14674 4327 14675 14594
f 14674 14594 14593 14597
f 14675 4327 4324 4323
f 14675 4323 14676 14591
f 14675 14591 14590 14594
f 14676 4323 4322 14677
f 14676 14677 14678 14588
f 14676 14588 14587 14591
f 14678 14677 3553 3556
f 14678 3556 14679 14585
f 14678 14585 14584 14588
f 14679 3556 3555 3510
f 14679 3510 3509 3559
f 14679 3559 3558 14585
f 14677 4322 3554 3553
f 14654 4432 4428 4427
f 14654 3303 3302 4432
f 9672 9668 3314 3318
f 9661 9660 3312 3311
f 9655 9651 9650 3328
f 14680 3691 3685 14681
f 14681 3685 3684 14682
f 14681 14682 9537 9536
f 14682 3684 14683 14684
f 14682 14684 9529 9537
f 14684 14683 3682 3681
f 14684 3681 3680 9529
f 14683 3684 3683 3673
f 14683 3673 3672 3682
f 9541 9539 3711 3713
f 9513 7982 7978 7976
f 9512 3506 3510 3555
f 9512 3555 548 9509
f 9512 9511 3507 3506
f 7967 7965 7769 3654
f 7965 7964 7770 7769
f 7964 7774 7771 7770
f 7962 7777 7775 7774
f 7961 7953 14685 7780
f 7961 7780 7778 7777
f 14685 7953 7950 7949
f 14685 7949 14686 7783
f 14685 7783 7781 7780
f 14686 7949 7947 14687
f 14686 14687 14688 7786
f 14686 7786 7784 7783
f 14688 14687 7944 14689
f 14688 14689 14690 7789
f 14688 7789 7787 7786
f 14690 14689 7939 14691
f 14690 14691 14692 7792
f 14690 7792 7790 7789
f 14692 14691 7935 14693
f 14692 14693 14694 7795
f 14692 7795 7793 7792
f 14694 14693 14695 14696
f 14694 14696 14697 7798
f 14694 7798 7796 7795
f 14697 14696 14698 14699
f 14697 14699 14700 7801
f 14697 7801 7799 7798
f 14700 14699 14701 14702
f 14700 14702 14703 7804
f 14700 7804 7802 7801
f 14703 14702 14704 14705
f 14703 14705 14706 7807
f 14703 7807 7805 7804
f 14706 14705 14707 14708
f 14706 14708 14709 7810
f 14706 7810 7808 7807
f 14709 14708 14710 14711
f 14709 14711 7818 7813
f 14709 7813 7811 7810
f 14711 14710 7905 14712
f 14711 14712 7819 7818
f 14712 7905 7901 7900
f 14712 7900 7821 7819
f 14710 7910 7906 7905
f 14710 14708 14707 7910
f 14707 7915 7911 7910
f 14707 14705 14704 7915
f 14704 7920 7916 7915
f 14704 14702 14701 7920
f 14701 7925 7921 7920
f 14701 14699 14698 7925
f 14698 7930 7926 7925
f 14698 14696 14695 7930
f 14695 7933 7931 7930
f 14695 14693 7935 7933
f 14691 7939 7936 7935
f 14689 7944 7940 7939
f 14687 7947 7945 7944
f 7959 3503 3502 7952
f 7943 3517 3514 7938
f 7900 7896 7823 7821
f 7892 7826 7824 7823
f 7888 7878 7827 7826
f 7884 700 17 693
f 7769 7767 3655 3654
f 7762 7760 7733 7731
f 7760 7758 14713 7733
f 14713 7737 7734 7733
f 14713 7758 7756 14714
f 14713 14714 7745 7737
f 14714 7756 7754 7753
f 14714 7753 7746 7745
f 7753 7750 7747 7746
f 7745 7740 7738 7737
f 7736 955 937 936
f 7718 7716 6887 6886
f 7710 6894 6892 6891
f 7601 6997 6993 6992
f 7599 7002 6998 6997
f 7597 7006 7003 7002
f 7589 7021 7017 7015
f 7587 7517 7515 7514
f 7568 904 903 7527
f 7561 7560 906 905
f 7560 7556 7543 7542
f 7560 7542 908 906
f 7539 7537 899 908
f 7487 7485 3489 537
f 7476 3495 540 3490
f 7474 7030 7028 7027
f 7474 7472 7032 7030
f 7465 7036 7033 7032
f 7298 7260 7258 3484
f 7294 7263 7261 7260
f 7290 7266 7264 7263
f 7286 7269 7267 7266
f 7258 7256 3481 3484
f 7253 7252 14715 3446
f 14715 7252 14716 14717
f 14715 14717 14718 14719
f 14715 14719 3444 3446
f 14719 14718 14720 14721
f 14719 14721 3441 3444
f 14721 14720 14722 14723
f 14721 14723 3442 3441
f 14723 14722 14724 14725
f 14723 14725 14726 3442
f 14726 14727 3443 3442
f 14726 14725 14728 14729
f 14726 14729 14730 14727
f 14730 14731 3440 14727
f 14730 14729 14732 3424
f 14730 3424 3423 14731
f 14732 14729 14728 14733
f 14732 14733 3430 3426
f 14732 3426 3420 3424
f 14733 14728 14734 1308
f 14733 1308 1307 3430
f 14734 14728 14725 14724
f 14734 14724 14735 14736
f 14734 14736 1309 1308
f 14736 14735 14737 1254
f 14736 1254 1253 1309
f 14737 14735 14738 14739
f 14737 14739 14740 14741
f 14737 14741 1255 1254
f 14741 14740 14742 1242
f 14741 1242 1241 1255
f 14742 14740 14743 14744
f 14742 14744 7151 7150
f 14742 7150 1238 1242
f 14744 14743 14745 14746
f 14744 14746 7153 7151
f 14746 14745 14747 14748
f 14746 14748 7155 7153
f 14748 14747 14749 14750
f 14748 14750 7157 7155
f 14750 14749 14751 14752
f 14750 14752 7159 7157
f 14752 14751 14753 14754
f 14752 14754 7161 7159
f 14754 14753 14755 14756
f 14754 14756 928 7161
f 14756 14755 14757 14758
f 14756 14758 929 928
f 14758 14757 14759 14760
f 14758 14760 932 929
f 14760 14759 14761 14762
f 14760 14762 14763 932
f 14763 14762 14764 14765
f 14763 14765 14766 14767
f 14763 14767 930 932
f 14767 14766 7166 7164
f 14767 7164 931 930
f 14766 14765 14768 14769
f 14766 14769 14770 7166
f 14770 14769 14771 14772
f 14770 14772 14773 7169
f 14770 7169 7167 7166
f 14773 14772 14774 14775
f 14773 14775 7177 7173
f 14773 7173 7170 7169
f 14775 14774 14776 14777
f 14775 14777 7178 7177
f 14777 14776 7202 14778
f 14777 14778 7180 7178
f 14778 7202 7198 7197
f 14778 7197 7182 7180
f 14776 7207 7203 7202
f 14776 14774 14779 7207
f 14779 7212 7208 7207
f 14779 14774 14772 14771
f 14779 14771 14780 7212
f 14780 7217 7213 7212
f 14780 14771 14769 14768
f 14780 14768 14781 7217
f 14781 7222 7218 7217
f 14781 14768 14765 14764
f 14781 14764 14782 7222
f 14782 7227 7223 7222
f 14782 14764 14762 14761
f 14782 14761 14783 7227
f 14783 7232 7228 7227
f 14783 14761 14759 14784
f 14783 14784 14785 7232
f 14785 7237 7233 7232
f 14785 14784 14786 14787
f 14785 14787 7243 7237
f 14787 14786 14788 14789
f 14787 14789 7244 7243
f 14789 14788 14790 14791
f 14789 14791 7246 7244
f 14791 14790 14792 14793
f 14791 14793 7248 7246
f 14793 14792 14794 14795
f 14793 14795 14716 7248
f 14795 14794 14796 14797
f 14795 14797 14717 14716
f 14797 14796 14798 14799
f 14797 14799 14718 14717
f 14799 14798 14800 14801
f 14799 14801 14720 14718
f 14801 14800 14739 14738
f 14801 14738 14722 14720
f 14800 14798 14745 14743
f 14800 14743 14740 14739
f 14798 14796 14747 14745
f 14796 14794 14749 14747
f 14794 14792 14751 14749
f 14792 14790 14753 14751
f 14790 14788 14755 14753
f 14788 14786 14757 14755
f 14786 14784 14759 14757
f 14738 14735 14724 14722
f 14731 3453 3437 3440
f 14731 3423 3425 3453
f 14727 3440 3439 3443
f 14716 7252 7249 7248
f 7206 3744 7201 7200
f 7197 7193 7184 7182
f 7192 976 975 7189
f 7162 7161 928 927
f 7146 7144 7129 7127
f 7141 7135 7132 7131
f 7134 1425 1176 1175
f 7134 1226 1225 1425
f 7099 7095 1264 1263
f 7098 7097 1228 1227
f 7084 7083 1288 1284
f 7075 7073 1191 1196
f 7064 7061 7060 1198
f 7056 7054 1266 1270
f 7054 7052 1267 1266
f 7044 923 922 7039
f 7035 922 921 995
f 7010 973 972 7005
f 7001 7000 972 971
f 6986 3650 3643 6981
f 6930 6926 1162 1159
f 6922 6921 1160 1162
f 6916 6912 1139 1138
f 6875 1131 1130 665
f 6823 1027 1026 6816
f 6791 6790 1125 1124
f 6790 6789 1123 1125
f 6750 6749 2137 2136
f 6743 6741 2502 2501
f 6741 6739 14802 2502
f 14802 6739 6737 14803
f 14802 14803 2194 2180
f 14802 2180 2179 2502
f 14803 6737 6735 14804
f 14803 14804 14805 2194
f 14805 14804 14806 14807
f 14805 14807 14808 14809
f 14805 14809 2191 2194
f 14809 14808 301 2202
f 14809 2202 2192 2191
f 14808 14807 14810 14811
f 14808 14811 2219 301
f 14811 14810 6723 14812
f 14811 14812 6670 2219
f 14812 6723 6719 6718
f 14812 6718 6671 6670
f 14810 6728 6724 6723
f 14810 14807 14806 6728
f 14806 6733 6729 6728
f 14806 14804 6735 6733
f 6718 6714 6673 6671
f 6710 6676 6674 6673
f 6706 6679 6677 6676
f 6702 6682 6680 6679
f 6698 6685 6683 6682
f 6627 6623 2891 2890
f 6619 6609 2892 2891
f 6603 6592 2772 2777
f 6596 6595 14813 14814
f 6596 14814 6339 6338
f 14814 14813 6364 6343
f 14814 6343 6340 6339
f 14813 6595 6589 14815
f 14813 14815 6365 6364
f 14815 6589 6586 6585
f 14815 6585 6367 6365
f 6593 2886 2885 6588
f 6585 6583 6369 6367
f 6583 6581 6371 6369
f 6581 6580 14816 6371
f 14816 6580 6579 14817
f 14816 14817 14818 6374
f 14816 6374 6372 6371
f 14818 14817 14819 14820
f 14818 14820 6380 6378
f 14818 6378 6375 6374
f 14820 14819 14821 14822
f 14820 14822 6382 6380
f 14822 14821 6562 14823
f 14822 14823 6384 6382
f 14823 6562 6558 6557
f 14823 6557 6386 6384
f 14821 6567 6563 6562
f 14821 14819 14824 6567
f 14824 6572 6568 6567
f 14824 14819 14817 6579
f 14824 6579 6577 6572
f 6571 6570 2723 2722
f 6557 6553 6388 6386
f 6549 6391 6389 6388
f 6545 6394 6392 6391
f 6541 6540 6395 6394
f 6540 6536 6535 14825
f 6540 14825 6396 6395
f 14825 6535 14826 14827
f 14825 14827 6398 6396
f 14827 14826 14828 6404
f 14827 6404 6402 6398
f 14828 14826 6530 14829
f 14828 14829 14830 6407
f 14828 6407 6405 6404
f 14830 14829 6525 14831
f 14830 14831 14832 6410
f 14830 6410 6408 6407
f 14832 14831 6520 14833
f 14832 14833 14834 6413
f 14832 6413 6411 6410
f 14834 14833 6515 14835
f 14834 14835 14836 6416
f 14834 6416 6414 6413
f 14836 14835 6510 14837
f 14836 14837 14838 6419
f 14836 6419 6417 6416
f 14838 14837 6505 14839
f 14838 14839 14840 6422
f 14838 6422 6420 6419
f 14840 14839 6500 14841
f 14840 14841 14842 6425
f 14840 6425 6423 6422
f 14842 14841 6495 14843
f 14842 14843 14844 6428
f 14842 6428 6426 6425
f 14844 14843 6490 14845
f 14844 14845 14846 6431
f 14844 6431 6429 6428
f 14846 14845 6485 14847
f 14846 14847 6438 6434
f 14846 6434 6432 6431
f 14847 6485 6481 6480
f 14847 6480 6439 6438
f 14845 6490 6486 6485
f 14843 6495 6491 6490
f 14841 6500 6496 6495
f 14839 6505 6501 6500
f 14837 6510 6506 6505
f 14835 6515 6511 6510
f 14833 6520 6516 6515
f 14831 6525 6521 6520
f 14829 6530 6526 6525
f 14826 6535 6531 6530
f 6480 6477 6441 6439
f 6474 6446 6444 6443
f 6473 821 823 14848
f 6473 14848 6469 6468
f 6473 6472 822 821
f 14848 823 14849 14850
f 14848 14850 14851 6469
f 14851 14850 2342 2358
f 14851 2358 2357 14852
f 14851 14852 6470 6469
f 14852 2357 2356 14853
f 14852 14853 6463 6470
f 14853 2356 2297 2296
f 14853 2296 6460 6463
f 14850 14849 2343 2342
f 14849 2455 2442 2343
f 14849 823 820 2455
f 6464 6454 6450 6448
f 6322 6320 2895 2894
f 6318 2880 2877 2895
f 6313 2889 2876 2879
f 6293 6291 2214 2213
f 6288 6286 2210 2214
f 6286 6285 2211 2210
f 6284 6282 2197 2196
f 6240 2913 2912 2922
f 6197 6195 6101 6099
f 6195 6193 6103 6101
f 6189 6188 2189 2188
f 6110 6106 6104 6103
f 6094 6092 2205 2204
f 6092 6090 2206 2205
f 6090 6089 14854 2206
f 14854 2168 2173 2176
f 14854 2176 2175 2206
f 14854 6089 2169 2168
f 6087 6086 2170 2169
f 6062 6058 6056 6055
f 5948 5946 14855 2985
f 14855 2022 2019 2985
f 14855 5946 5944 5943
f 14855 5943 14856 2022
f 14856 14857 2020 2022
f 14856 5943 5941 5940
f 14856 5940 14858 14857
f 14858 14859 14860 14857
f 14858 5940 2015 1985
f 14858 1985 1984 14859
f 14860 14859 14861 14862
f 14860 14862 14863 2021
f 14860 2021 2020 14857
f 14863 14862 14864 14865
f 14863 14865 2050 2982
f 14863 2982 2018 2021
f 14865 14864 14866 14867
f 14865 14867 2044 2050
f 14867 14866 14868 14869
f 14867 14869 2042 2044
f 14869 14868 14870 14871
f 14869 14871 2043 2042
f 14871 14870 14872 14873
f 14871 14873 14874 2043
f 14874 14873 14875 14876
f 14874 14876 2047 2035
f 14874 2035 2034 2043
f 14876 14875 14877 14878
f 14876 14878 14879 2047
f 14879 14878 14880 14881
f 14879 14881 14882 14883
f 14879 14883 2048 2047
f 14883 14882 14884 14885
f 14883 14885 2083 2048
f 14885 14884 14886 14887
f 14885 14887 2072 2083
f 14887 14886 14888 14889
f 14887 14889 2073 2072
f 14889 14888 14890 14891
f 14889 14891 2032 2073
f 14891 14890 14892 14893
f 14891 14893 2033 2032
f 14893 14892 14894 14895
f 14893 14895 14896 2033
f 14896 2027 2026 2033
f 14896 14895 14897 14898
f 14896 14898 14899 2027
f 14899 14900 2028 2027
f 14899 14898 14901 14902
f 14899 14902 14903 14900
f 14903 14904 14905 14900
f 14903 14902 14906 14907
f 14903 14907 14908 14904
f 14908 14909 14910 14904
f 14908 14907 14911 14912
f 14908 14912 14913 14909
f 14913 14914 14915 14909
f 14913 14912 14916 14917
f 14913 14917 14918 14914
f 14918 14919 14920 14914
f 14918 14917 14921 14922
f 14918 14922 14923 14919
f 14923 14924 14925 14919
f 14923 14922 14926 14927
f 14923 14927 14928 14924
f 14928 14929 14930 14924
f 14928 14927 14931 14932
f 14928 14932 14933 14929
f 14933 5906 5904 14929
f 14933 14932 14934 14935
f 14933 14935 14936 5906
f 14936 5910 5907 5906
f 14936 14935 14937 14938
f 14936 14938 14939 5910
f 14939 5915 5911 5910
f 14939 14938 14940 14941
f 14939 14941 14942 5915
f 14942 5920 5916 5915
f 14942 14941 3040 3039
f 14942 3039 3025 5920
f 14941 14940 14943 3040
f 14943 14940 3037 3036
f 14943 3036 3031 3041
f 14943 3041 3038 3040
f 14940 14938 14937 3037
f 14937 14935 14934 14944
f 14937 14944 3035 3037
f 14944 14934 14945 14946
f 14944 14946 3030 3035
f 14946 14945 14947 3034
f 14946 3034 3028 3030
f 14947 14945 14931 14948
f 14947 14948 14949 14950
f 14947 14950 3032 3034
f 14950 14949 14951 14952
f 14950 14952 3033 3032
f 14952 14951 14953 2000
f 14952 2000 1999 3033
f 14953 14951 14954 14955
f 14953 14955 14956 14957
f 14953 14957 1997 2000
f 14957 14956 14958 14959
f 14957 14959 1998 1997
f 14959 14958 14960 14961
f 14959 14961 14962 1998
f 14962 14961 14963 14964
f 14962 14964 14965 14966
f 14962 14966 1996 1998
f 14966 14965 2114 1993
f 14966 1993 1973 1996
f 14965 14964 14967 14968
f 14965 14968 2115 2114
f 14968 14967 14969 14970
f 14968 14970 2116 2115
f 14970 14969 14971 14972
f 14970 14972 2120 2116
f 14972 14971 14973 14974
f 14972 14974 2121 2120
f 14974 14973 14975 14976
f 14974 14976 14977 2121
f 14977 14976 14978 14979
f 14977 14979 14980 14981
f 14977 14981 2119 2121
f 14981 14980 1995 1994
f 14981 1994 2118 2119
f 14980 14979 2052 14982
f 14980 14982 14983 1995
f 14983 14982 14984 14985
f 14983 14985 14986 14987
f 14983 14987 1991 1995
f 14987 14986 5929 5928
f 14987 5928 1992 1991
f 14986 14985 14988 14989
f 14986 14989 5931 5929
f 14989 14988 14990 14991
f 14989 14991 14992 5931
f 14992 14991 2012 2013
f 14992 2013 2017 5934
f 14992 5934 5932 5931
f 14991 14990 1989 2012
f 14990 14993 1986 1989
f 14990 14988 14994 14993
f 14994 2055 14995 14993
f 14994 14988 14985 14984
f 14994 14984 2051 2055
f 14995 14996 2059 1987
f 14995 1987 1986 14993
f 14995 2055 2054 14996
f 14996 14997 2060 2059
f 14996 2054 2056 14997
f 14997 14998 2061 2060
f 14997 2056 14999 14998
f 14999 14975 15000 14998
f 14999 2056 2053 14978
f 14999 14978 14976 14975
f 15000 15001 15002 2124
f 15000 2124 2061 14998
f 15000 14975 14973 15001
f 15002 15003 15004 15005
f 15002 15005 2125 2124
f 15002 15001 15006 15003
f 15006 15007 15008 15003
f 15006 15001 14973 14971
f 15006 14971 14969 15007
f 15008 15009 2128 15010
f 15008 15010 15004 15003
f 15008 15007 15011 15009
f 15011 14963 15012 15009
f 15011 15007 14969 14967
f 15011 14967 14964 14963
f 15012 14960 2133 2129
f 15012 2129 2128 15009
f 15012 14963 14961 14960
f 15010 2128 2127 15013
f 15010 15013 15014 15004
f 15014 15015 15005 15004
f 15014 15013 15016 14872
f 15014 14872 14870 15015
f 15016 15013 2127 2130
f 15016 2130 14877 14875
f 15016 14875 14873 14872
f 15015 2126 2125 15005
f 15015 14870 14868 2126
f 14984 14982 2052 2051
f 14979 14978 2053 2052
f 14960 14958 15017 2133
f 15017 15018 15019 15020
f 15017 15020 2131 2133
f 15017 14958 14956 15018
f 15020 15019 15021 15022
f 15020 15022 2132 2131
f 15022 15021 14906 15023
f 15022 15023 15024 2132
f 15024 15023 14901 15025
f 15024 15025 15026 2063
f 15024 2063 2062 2132
f 15026 15025 14897 15027
f 15026 15027 15028 15029
f 15026 15029 2064 2063
f 15029 15028 2109 2108
f 15029 2108 2065 2064
f 15028 15027 14894 15030
f 15028 15030 2110 2109
f 15030 14894 14892 15031
f 15030 15031 15032 2110
f 15032 15031 15033 2096
f 15032 2096 2095 15034
f 15032 15034 2111 2110
f 15034 2095 2099 15035
f 15034 15035 2112 2111
f 15035 2099 15036 2106
f 15035 2106 2105 2112
f 15036 15037 2091 2090
f 15036 2090 2101 2106
f 15036 2099 2098 15037
f 15037 15038 2094 2091
f 15037 2098 2100 15038
f 15038 15039 15040 2094
f 15038 2100 15041 15039
f 15041 14886 14884 15039
f 15041 2100 2097 15042
f 15041 15042 14888 14886
f 15042 2097 2096 15033
f 15042 15033 14890 14888
f 15040 14882 14881 15043
f 15040 15043 2092 2094
f 15040 15039 14884 14882
f 15043 14881 14880 15044
f 15043 15044 2093 2092
f 15044 14880 2069 2068
f 15044 2068 2067 2093
f 15033 15031 14892 14890
f 15027 14897 14895 14894
f 15025 14901 14898 14897
f 15023 14906 14902 14901
f 15021 14911 14907 14906
f 15021 15019 15045 14911
f 15045 14916 14912 14911
f 15045 15019 15018 15046
f 15045 15046 15047 14916
f 15047 14921 14917 14916
f 15047 15046 14955 14954
f 15047 14954 15048 14921
f 15048 14926 14922 14921
f 15048 14954 14951 14949
f 15048 14949 14948 14926
f 15046 15018 14956 14955
f 14948 14931 14927 14926
f 14945 14934 14932 14931
f 14930 5903 5897 15049
f 14930 15049 14925 14924
f 14930 14929 5904 5903
f 15049 5897 5893 5892
f 15049 5892 15050 14925
f 15050 5892 5888 5887
f 15050 5887 15051 14920
f 15050 14920 14919 14925
f 15051 5887 5883 5882
f 15051 5882 15052 14915
f 15051 14915 14914 14920
f 15052 5882 5879 5878
f 15052 5878 15053 14910
f 15052 14910 14909 14915
f 15053 5878 5876 5875
f 15053 5875 2029 14905
f 15053 14905 14904 14910
f 14905 2029 2028 14900
f 14880 14878 14877 2069
f 14877 2130 2070 2069
f 14868 14866 2122 2126
f 14866 14864 2123 2122
f 14864 14862 14861 2123
f 14861 14859 1984 1990
f 14861 1990 2057 2123
f 5921 5920 3025 3024
f 5914 2991 440 5909
f 5886 2968 2965 5881
f 5875 5871 2023 2029
f 5874 5873 2963 2967
f 5861 5848 5847 2031
f 5847 2074 265 2031
f 5841 5750 2081 2078
f 5840 2157 2156 5837
f 5833 5831 15054 5761
f 5833 5761 5759 5758
f 15054 5831 5828 5827
f 15054 5827 15055 5764
f 15054 5764 5762 5761
f 15055 5827 5825 15056
f 15055 15056 15057 5767
f 15055 5767 5765 5764
f 15057 15056 5822 15058
f 15057 15058 15059 5770
f 15057 5770 5768 5767
f 15059 15058 5817 15060
f 15059 15060 2585 5773
f 15059 5773 5771 5770
f 15060 5817 5813 5812
f 15060 5812 2586 2585
f 15058 5822 5818 5817
f 15056 5825 5823 5822
f 5812 5808 374 2586
f 5780 5778 2591 2590
f 5774 5773 2585 2584
f 5747 2084 2080 2079
f 5745 5744 2038 2037
f 5689 5685 5684 2954
f 5673 2611 5668 5667
f 5635 2564 2563 2163
f 5632 5628 2570 2574
f 5589 5585 2936 2933
f 5581 5580 2934 2936
f 5542 5541 2928 2925
f 5442 5441 4464 4463
f 5441 5437 5274 5272
f 5441 5272 4466 4464
f 5433 5277 5275 5274
f 5423 5284 5281 5279
f 5419 5287 5285 5284
f 5415 5290 5288 5287
f 5399 5301 5298 5296
f 5395 5304 5302 5301
f 5391 5307 5305 5304
f 5387 5310 5308 5307
f 5383 5313 5311 5310
f 5379 5316 5314 5313
f 5375 5319 5317 5316
f 5371 5322 5320 5319
f 5367 5325 5323 5322
f 5363 5328 5326 5325
f 5359 5331 5329 5328
f 5355 5334 5332 5331
f 5351 5337 5335 5334
f 5262 4642 4638 4637
f 5239 5238 4663 4661
f 5238 5234 5233 15061
f 5238 15061 15062 4663
f 15062 15061 15063 3090
f 15062 3090 3085 3113
f 15062 3113 4664 4663
f 15063 15061 5233 15064
f 15063 15064 15065 15066
f 15063 15066 3091 3090
f 15066 15065 15067 15068
f 15066 15068 3092 3091
f 15068 15067 15069 15070
f 15068 15070 15071 3092
f 15071 15070 15072 15073
f 15071 15073 15074 15075
f 15071 15075 3088 3092
f 15075 15074 15076 15077
f 15075 15077 3089 3088
f 15077 15076 4694 3080
f 15077 3080 3079 3089
f 15076 15074 15078 15079
f 15076 15079 4695 4694
f 15079 15078 15080 15081
f 15079 15081 4696 4695
f 15081 15080 15082 15083
f 15081 15083 4698 4696
f 15083 15082 15084 15085
f 15083 15085 4700 4698
f 15085 15084 4711 4709
f 15085 4709 4707 4700
f 15084 15082 15086 15087
f 15084 15087 4713 4711
f 15087 15086 15088 15089
f 15087 15089 15090 4713
f 15090 15089 15091 15092
f 15090 15092 15093 4716
f 15090 4716 4714 4713
f 15093 15092 15094 15095
f 15093 15095 15096 15097
f 15093 15097 4717 4716
f 15097 15096 4724 4722
f 15097 4722 4718 4717
f 15096 15095 15098 15099
f 15096 15099 15100 4724
f 15100 15099 15101 15102
f 15100 15102 15103 4727
f 15100 4727 4725 4724
f 15103 15102 15104 15105
f 15103 15105 15106 15107
f 15103 15107 4728 4727
f 15107 15106 15108 15109
f 15107 15109 4729 4728
f 15109 15108 15110 15111
f 15109 15111 4731 4729
f 15111 15110 4992 4990
f 15111 4990 4733 4731
f 15110 15108 15112 15113
f 15110 15113 15114 4992
f 15114 15113 15115 15116
f 15114 15116 15117 4995
f 15114 4995 4993 4992
f 15117 15116 15118 15119
f 15117 15119 15120 4998
f 15117 4998 4996 4995
f 15120 15119 15121 15122
f 15120 15122 15123 5001
f 15120 5001 4999 4998
f 15123 15122 15124 15125
f 15123 15125 15126 5004
f 15123 5004 5002 5001
f 15126 15125 15127 15128
f 15126 15128 15129 5007
f 15126 5007 5005 5004
f 15129 15128 15130 15131
f 15129 15131 15132 5010
f 15129 5010 5008 5007
f 15132 15131 15133 15134
f 15132 15134 15135 5013
f 15132 5013 5011 5010
f 15135 15134 15136 15137
f 15135 15137 15138 5016
f 15135 5016 5014 5013
f 15138 15137 15139 2780
f 15138 2780 2779 2786
f 15138 2786 5017 5016
f 15137 15136 15140 15139
f 15136 15141 15142 15140
f 15136 15134 15133 15141
f 15142 15143 15144 15145
f 15142 15145 402 15140
f 15142 15141 15146 15143
f 15146 15147 15148 15143
f 15146 15141 15133 15149
f 15146 15149 15150 15147
f 15150 15151 15152 15147
f 15150 15149 15130 15153
f 15150 15153 15154 15151
f 15154 15155 15156 15151
f 15154 15153 15127 15157
f 15154 15157 15158 15155
f 15158 15159 15160 15155
f 15158 15157 15124 15161
f 15158 15161 15162 15159
f 15162 15163 15164 15159
f 15162 15161 15121 15165
f 15162 15165 15166 15163
f 15166 15167 15168 15163
f 15166 15165 15118 15169
f 15166 15169 15170 15167
f 15170 15171 15172 15167
f 15170 15169 15115 15173
f 15170 15173 15174 15171
f 15174 15175 15176 15171
f 15174 15173 15112 15177
f 15174 15177 15178 15175
f 15178 15179 15180 15175
f 15178 15177 15106 15105
f 15178 15105 15104 15179
f 15180 15181 15182 15183
f 15180 15183 15176 15175
f 15180 15179 15184 15181
f 15184 15185 15186 15181
f 15184 15179 15104 15187
f 15184 15187 15188 15185
f 15188 15189 15190 15185
f 15188 15187 15101 15191
f 15188 15191 15192 15189
f 15192 15193 15194 15189
f 15192 15191 15098 15195
f 15192 15195 15196 15193
f 15196 15197 15198 15193
f 15196 15195 15094 15199
f 15196 15199 15200 15197
f 15200 15201 15202 15197
f 15200 15199 15091 15203
f 15200 15203 15204 15201
f 15204 15205 15206 15201
f 15204 15203 15088 15207
f 15204 15207 15208 15205
f 15208 15072 15209 15205
f 15208 15207 15210 15211
f 15208 15211 15073 15072
f 15211 15210 15080 15078
f 15211 15078 15074 15073
f 15210 15207 15088 15086
f 15210 15086 15082 15080
f 15209 15069 15212 15213
f 15209 15213 15206 15205
f 15209 15072 15070 15069
f 15213 15212 15214 15215
f 15213 15215 15216 15206
f 15216 15215 15217 15218
f 15216 15218 15219 15202
f 15216 15202 15201 15206
f 15219 15218 15220 15221
f 15219 15221 15222 15198
f 15219 15198 15197 15202
f 15222 15221 15223 15224
f 15222 15224 15225 15194
f 15222 15194 15193 15198
f 15225 15224 15226 15227
f 15225 15227 15228 15190
f 15225 15190 15189 15194
f 15228 15227 15229 15230
f 15228 15230 15231 15186
f 15228 15186 15185 15190
f 15231 15230 15232 15233
f 15231 15233 15234 15182
f 15231 15182 15181 15186
f 15234 15233 15235 15236
f 15234 15236 15237 15238
f 15234 15238 15183 15182
f 15238 15237 15239 15240
f 15238 15240 15176 15183
f 15240 15239 15241 15172
f 15240 15172 15171 15176
f 15241 15239 15242 15243
f 15241 15243 15244 15168
f 15241 15168 15167 15172
f 15244 15243 15245 15246
f 15244 15246 15247 15164
f 15244 15164 15163 15168
f 15247 15246 15248 15249
f 15247 15249 15250 15160
f 15247 15160 15159 15164
f 15250 15249 15251 15252
f 15250 15252 15253 15156
f 15250 15156 15155 15160
f 15253 15252 15254 15255
f 15253 15255 15256 15152
f 15253 15152 15151 15156
f 15256 15255 15257 15258
f 15256 15258 15259 15148
f 15256 15148 15147 15152
f 15259 15258 15260 15261
f 15259 15261 15262 15144
f 15259 15144 15143 15148
f 15262 15261 15263 15264
f 15262 15264 15265 15266
f 15262 15266 15145 15144
f 15266 15265 15267 2781
f 15266 2781 402 15145
f 15267 15265 15268 15269
f 15267 15269 15270 15271
f 15267 15271 2782 2781
f 15271 15270 5024 5022
f 15271 5022 5021 2782
f 15270 15269 2863 2862
f 15270 2862 5026 5024
f 15269 15268 2864 2863
f 15268 15272 2875 2864
f 15268 15265 15264 15272
f 15272 15273 2873 2875
f 15272 15264 15263 15273
f 15273 15274 2874 2873
f 15273 15263 15275 15274
f 15275 15276 15277 15274
f 15275 15263 15261 15260
f 15275 15260 15278 15276
f 15278 15279 15280 15276
f 15278 15260 15258 15257
f 15278 15257 15281 15279
f 15281 15282 15283 15279
f 15281 15257 15255 15254
f 15281 15254 15284 15282
f 15284 15285 15286 15282
f 15284 15254 15252 15251
f 15284 15251 15287 15285
f 15287 15288 15289 15285
f 15287 15251 15249 15248
f 15287 15248 15290 15288
f 15290 15291 15292 15288
f 15290 15248 15246 15245
f 15290 15245 15293 15291
f 15293 15294 15295 15291
f 15293 15245 15243 15242
f 15293 15242 15296 15294
f 15296 15297 15298 15294
f 15296 15242 15239 15237
f 15296 15237 15236 15297
f 15298 5178 5174 5173
f 15298 5173 15295 15294
f 15298 15297 15299 5178
f 15299 5183 5179 5178
f 15299 15297 15236 15235
f 15299 15235 15300 5183
f 15300 5188 5184 5183
f 15300 15235 15233 15232
f 15300 15232 15301 5188
f 15301 5193 5189 5188
f 15301 15232 15230 15229
f 15301 15229 15302 5193
f 15302 5198 5194 5193
f 15302 15229 15227 15226
f 15302 15226 15303 5198
f 15303 5203 5199 5198
f 15303 15226 15224 15223
f 15303 15223 15304 5203
f 15304 5208 5204 5203
f 15304 15223 15221 15220
f 15304 15220 15305 5208
f 15305 5213 5209 5208
f 15305 15220 15218 15217
f 15305 15217 15306 5213
f 15306 5218 5214 5213
f 15306 15217 15215 15214
f 15306 15214 15307 5218
f 15307 5223 5219 5218
f 15307 15214 15212 15308
f 15307 15308 15309 5223
f 15309 5228 5224 5223
f 15309 15308 15067 15065
f 15309 15065 15064 5228
f 15308 15212 15069 15067
f 15295 5173 5169 5168
f 15295 5168 15292 15291
f 15292 5168 5164 5163
f 15292 5163 15289 15288
f 15289 5163 5159 5158
f 15289 5158 15286 15285
f 15286 5158 5154 5153
f 15286 5153 15283 15282
f 15283 5153 5150 5149
f 15283 5149 15280 15279
f 15280 5149 5147 5146
f 15280 5146 15277 15276
f 15277 5146 5142 5141
f 15277 5141 2874 15274
f 15203 15091 15089 15088
f 15199 15094 15092 15091
f 15195 15098 15095 15094
f 15191 15101 15099 15098
f 15187 15104 15102 15101
f 15177 15112 15108 15106
f 15173 15115 15113 15112
f 15169 15118 15116 15115
f 15165 15121 15119 15118
f 15161 15124 15122 15121
f 15157 15127 15125 15124
f 15153 15130 15128 15127
f 15149 15133 15131 15130
f 15064 5233 5229 5228
f 5157 2905 2904 5152
f 5145 5144 2902 2909
f 5141 5137 2869 2874
f 5130 5090 5088 2871
f 5120 5119 5094 5092
f 5119 5115 5102 5100
f 5119 5100 5096 5094
f 5071 3599 3598 5065
f 5065 3598 3601 5062
f 5060 3601 3600 3605
f 5042 5038 5036 5035
f 5021 2783 2778 2782
f 4929 4745 4743 4742
f 4914 4913 4769 4768
f 4913 4909 4908 4774
f 4913 4774 4771 4769
f 4908 4904 4903 4777
f 4908 4777 4775 4774
f 4903 4899 4898 4780
f 4903 4780 4778 4777
f 4898 4894 4893 15310
f 4898 15310 4781 4780
f 15310 4893 15311 15312
f 15310 15312 4782 4781
f 15312 15311 15313 4787
f 15312 4787 4784 4782
f 15313 15311 4888 15314
f 15313 15314 15315 4790
f 15313 4790 4788 4787
f 15315 15314 4883 15316
f 15315 15316 15317 4793
f 15315 4793 4791 4790
f 15317 15316 4878 15318
f 15317 15318 15319 4796
f 15317 4796 4794 4793
f 15319 15318 4873 15320
f 15319 15320 15321 4799
f 15319 4799 4797 4796
f 15321 15320 4868 15322
f 15321 15322 15323 4802
f 15321 4802 4800 4799
f 15323 15322 4863 15324
f 15323 15324 15325 4805
f 15323 4805 4803 4802
f 15325 15324 4858 15326
f 15325 15326 15327 4808
f 15325 4808 4806 4805
f 15327 15326 4853 15328
f 15327 15328 15329 4811
f 15327 4811 4809 4808
f 15329 15328 4848 15330
f 15329 15330 15331 4814
f 15329 4814 4812 4811
f 15331 15330 4843 15332
f 15331 15332 15333 4817
f 15331 4817 4815 4814
f 15333 15332 4838 3577
f 15333 3577 3574 4820
f 15333 4820 4818 4817
f 15332 4843 4839 4838
f 15330 4848 4844 4843
f 15328 4853 4849 4848
f 15326 4858 4854 4853
f 15324 4863 4859 4858
f 15322 4868 4864 4863
f 15320 4873 4869 4868
f 15318 4878 4874 4873
f 15316 4883 4879 4878
f 15314 4888 4884 4883
f 15311 4893 4889 4888
f 4887 2795 4882 4881
f 4842 3571 3566 4837
f 4838 4835 3575 3577
f 4832 4825 3572 3576
f 4825 4823 3573 3572
f 4821 4820 3574 3573
f 4707 4703 4701 4700
f 4694 4692 3076 3080
f 4676 3115 3114 4670
f 4676 4675 3104 3109
f 4675 4674 3105 3104
f 4646 4645 3131 3130
f 4632 4628 4475 4473
f 4624 4478 4476 4475
f 4440 4438 4437 3294
f 4437 3302 3295 3294
f 4437 4433 4432 3302
f 4341 3530 4336 4335
f 4336 3530 3529 15334
f 4336 15334 4331 4330
f 15334 3529 3534 3524
f 15334 3524 3523 4331
f 4331 3523 3528 4326
f 4310 4309 3526 3525
f 4305 3546 3545 4300
f 4291 4290 3549 560
f 4271 3747 3755 4266
f 4262 4261 3755 579
f 4238 4234 2518 2521
f 4227 4226 2516 2515
f 4195 2378 4190 4189
f 4190 2378 333 15335
f 4190 15335 4185 4184
f 15335 333 2284 2286
f 15335 2286 15336 4185
f 15336 2286 2283 15337
f 15336 15337 15338 4180
f 15336 4180 4179 4185
f 15338 15337 15339 15340
f 15338 15340 2549 4175
f 15338 4175 4174 4180
f 15340 15339 2237 2236
f 15340 2236 2550 2549
f 15339 2282 2238 2237
f 15339 15337 2283 2282
f 4175 2549 2548 4170
f 4156 2652 2651 15341
f 4156 15341 2690 2689
f 15341 2651 2654 15342
f 15341 15342 15343 2690
f 15343 15342 2632 2635
f 15343 2635 2649 15344
f 15343 15344 2685 2690
f 15344 2649 2648 4146
f 15344 4146 2686 2685
f 15342 2654 2633 2632
f 4153 2769 2760 2759
f 4137 4134 4131 4130
f 4115 4111 2682 2681
f 4091 4090 2539 860
f 4086 869 868 4081
f 4055 2700 2699 4050
f 4035 2805 2808 2811
f 4021 4016 4013 4012
f 4001 3815 3996 3995
f 3996 3815 3814 3821
f 3996 3821 3991 3990
f 3992 3988 3859 3858
f 3984 3983 3860 3859
f 3983 3979 3978 15345
f 3983 15345 3863 3860
f 15345 3978 15346 15347
f 15345 15347 15348 3863
f 15348 15347 15349 3955
f 15348 3955 3954 3959
f 15348 3959 3861 3863
f 15349 15347 15346 15350
f 15349 15350 15351 3952
f 15349 3952 3951 3955
f 15351 15350 15352 15353
f 15351 15353 15354 3947
f 15351 3947 3946 3952
f 15354 15353 15355 15356
f 15354 15356 15357 3943
f 15354 3943 3942 3947
f 15357 15356 15358 15359
f 15357 15359 3935 3948
f 15357 3948 3944 3943
f 15359 15358 3936 3940
f 15359 3940 3930 3935
f 15358 15360 3937 3936
f 15358 15356 15355 15360
f 15360 15361 15362 3937
f 15360 15355 15363 15361
f 15363 3972 3970 15361
f 15363 15355 15353 15352
f 15363 15352 3974 3972
f 15362 3968 3966 3965
f 15362 3965 3938 3937
f 15362 15361 3970 3968
f 15352 15350 15346 3974
f 15346 3978 3975 3974
f 3965 3963 3941 3938
f 3963 3961 3960 3941
f 3960 3956 3932 3931
f 3960 3931 3939 3941
f 3959 3958 3862 3861
f 3949 3948 3935 3934
f 3940 3939 3931 3930
f 3920 3892 3891 3917
f 3918 3917 3891 3894
f 3915 3907 3896 3901
f 3907 3904 3897 3896
f 3895 3888 3890 3893
f 3885 3844 3828 3824
f 3884 3833 3832 3837
f 3884 3837 3836 3853
f 3884 3853 3842 3849
f 3868 3855 3854 3864
f 3799 3798 3791 3790
f 3766 3765 3762 3761
f 3751 3750 3724 3723
f 3750 3749 3725 3724
f 3735 3658 3657 3726
f 3734 3733 3710 3709
f 3727 3726 3657 3656
f 3701 3563 3692 3696
f 3698 3697 3695 3694
f 3697 3696 3692 3690
f 3697 3690 3689 3695
f 3692 3563 3562 3686
f 3687 3686 3562 15364
f 3687 15364 3663 3670
f 3687 3670 3673 3683
f 15364 3562 549 3511
f 15364 3511 3505 3663
f 3682 3672 3671 3677
f 3678 3677 3671 3676
f 3669 3660 3659 3664
f 3665 3664 3659 3658
f 3639 3638 3620 3636
f 3638 3615 3621 3620
f 3636 3620 3619 3632
f 3633 3632 3619 3623
f 3624 3621 3615 3614
f 3606 3605 3600 3603
f 3602 555 3568 3567
f 3579 3578 3541 3538
f 3579 3538 3537 3570
f 3540 3525 544 3522
f 3463 3432 1296 1298
f 3460 3457 3411 3410
f 3454 3422 3421 3428
f 3453 3452 3438 3437
f 3432 3431 1297 1296
f 3431 3430 1307 1297
f 3399 3398 3384 3377
f 3345 3320 3319 3332
f 3325 3324 3323 3322
f 3271 3266 3263 3267
f 3268 3267 3263 3262
f 3251 3226 3225 3249
f 3246 3239 3228 3227
f 3235 3222 3228 3231
f 3195 2999 14024 15365
f 3195 15365 487
f 3161 3160 1805 1808
f 3089 3079 3082 3086
f 3072 1939 1938 3070
f 3051 1928 1927 3048
f 3044 1949 1951 1959
f 3041 3031 3027 3021
f 3033 1999 2001 3022
f 2982 2050 2040 2979
f 2980 2979 2040 2039
f 2978 2977 2972 2971
f 2961 2956 2952 2957
f 2958 2957 2952 2951
f 2943 2942 2622 2619
f 2867 2660 2656 2657
f 2872 2860 2864 2875
f 2852 2845 2844 2754
f 2848 2755 2754 2844
f 2829 2821 2824 2828
f 2824 2823 2817 2816
f 15139 15140 402 2780
f 2726 2555 367 2554
f 2691 2636 2643 2642
f 2691 2642 2641 2644
f 2691 2650 2634 2636
f 2673 2670 2666 2665
f 2670 2669 2667 2666
f 2650 2649 2635 2634
f 2639 2638 2558 2557
f 2569 2164 2163 2563
f 2562 2561 2544 2543
f 2561 2560 2545 2544
f 2551 2550 2236 2235
f 2539 2535 861 860
f 2513 2460 2465 2511
f 2512 2498 2476 2483
f 2506 1728 1734 2149
f 2496 2495 2456 2459
f 2495 2494 2457 2456
f 2483 2482 2462 2461
f 2482 2481 2463 2462
f 2451 2355 2353 2427
f 2450 2449 2337 2336
f 2450 2336 2354 2355
f 2443 2436 2435 2344
f 2427 2353 2352 2423
f 2422 2393 842 2421
f 2415 2402 2400 2413
f 2409 2396 2395 2401
f 2393 2392 840 842
f 2392 2391 841 840
f 2367 2257 2256 2288
f 2362 2361 331 2327
f 2358 2342 2316 2315
f 2356 2311 2298 2297
f 2207 2195 2193 2201
f 2184 2177 2172 2171
f 2118 1994 254 2113
f 2114 2113 254 1993
f 2112 2105 2104 2107
f 2108 2107 2104 2065
f 2104 2103 2066 2065
f 2103 2102 2067 2066
f 2102 2101 2090 2089
f 2102 2089 2093 2067
f 2074 2073 2032 265
f 2059 2058 1988 1987
f 2058 2057 1990 1988
f 1983 1881 1878 1884
f 1853 226 1820 1819
f 1843 1840 1814 1813
f 1840 1839 1817 1814
f 1760 1759 1719 207
f 1756 1752 1751 1748
f 1752 1742 1741 1751
f 1658 1487 1481 1491
f 1653 1627 1632 1650
f 1540 1530 1529 1539
f 1539 1529 1503 1502
f 1532 1510 1509 1528
f 1529 1528 1509 1503
f 1516 1507 1504 1508
f 1509 1508 1504 1503
f 1441 1440 1433 1432
f 1382 1355 1352 1380
f 1290 1261 1260 1282
f 1283 1282 1260 1259
f 1252 1251 1165 1164
f 1202 1201 1193 1192
f 1201 1200 1194 1193
f 1188 1187 1184 1183
f 1172 1156 1155 1166
f 1167 1166 1155 1154
f 1147 1146 666 1133
f 1147 1133 1128 1127
f 1133 666 665 1130
f 1099 1085 1084 1040
f 1093 1092 1082 1081
f 15366 1078 1077 6781
f 1095 91 1078 1074
f 1095 1074 7874 7853
f 1066 1009 1062 89
f 1047 854 852 851
f 996 921 65 919
f 993 992 983 982
f 830 829 769 768
f 818 812 811 816
f 817 816 811 810
f 810 773 799 802
f 800 799 773 772
f 800 772 774 789
f 800 789 784 796
f 798 797 790 794
f 797 796 784 783
f 797 783 791 790
f 789 774 777 787
f 788 787 777 776
f 781 780 740 739
f 760 680 12 682
f 724 723 620 619
f 723 722 621 620
f 718 618 617 621
f 711 710 624 623
f 707 699 698 19
f 691 685 684 676
f 691 690 688 685
f 684 683 678 677
f 684 677 674 676
f 645 637 636 7
f 806 807 808 809
f 63 917 3736 912
f 64 926 920 918
f 1359 1361 1362 1360
f 1449 1450 1451 1452
f 1486 1680 1681 1488
f 1735 2150 2151 1736
f 298 2175 2176 2174
f 302 2225 2229 303
f 318 2256 2257 329
f 322 2319 2320 2321
f 337 338 2401 2395
f 338 2405 2406 2407
f 2464 2510 2511 2465
f 2717 2723 2724 2718
f 2750 2751 2756 2757
f 408 2809 2815 2813
f 2854 2855 2856 2859
f 3213 3214 3215 3216
f 514 3359 3360 3361
f 533 3464 3465 3470
f 547 560 3549 3547
f 3604 3605 3606 3607
f 3689 3693 3694 3695
f 573 3711 3707 3708
f 3722 3723 3724 3725
f 600 3874 3875 3876
f 3917 3918 3919 3920
f 3942 3943 3944 3945
f 383 419 2657 2656
f 462 3078 3083 3081
f 592 3834 3840 3838
f 7867 7873 7872 7868
f 835 833 46 48
f 1062 1009 1008 81
f 305 2233 304 307
f 601 3845 603 600
f 15366 6781 1111 1068
f 6890 6889 6892 6893
f 14082 3279 3278 14151
f 1142 1149 6882 6890
f 1142 102 1149
f 11467 1600 1599 1558
f 1599 14290 1559 1558
f 11475 11474 1569 11467
f 1569 1568 11466 11467
f 14082 14148 15367 14081
f 14148 14144 14143 15367
f 14081 15367 14147 3257
f 15367 14143 14145 14147
f 15368 15372 15373 15374
f 15369 15375 15376 15377
f 15370 15378 15379 15380
f 15371 15381 15382 15383
f 15382 15381 15377 15376
f 15382 15376 15373 15379
f 15382 15379 15378 15383
f 15379 15373 15372 15380
f 15376 15375 15374 15373
f 15384 15385 15386 15387
f 15384 15387 15388 15389
f 15384 15389 15390 15385
f 15390 15389 15391 15392
f 15391 15389 15388 15393
f 15393 15388 15394 15395
f 15394 15388 15387 15396
f 15396 15387 15386 15397
