v 0.083619 -0.103015 0.228116
v 0.054746 -0.126701 0.236363
v 0.091285 -0.103228 0.099724
v 0.087296 -0.107990 0.091347
v 0.087886 -0.158445 0.035516
v 0.071499 -0.132291 0.057629
v 0.073007 -0.138670 0.051260
v 0.101822 -0.089533 0.084654
v 0.106632 -0.095917 0.053259
v 0.089745 -0.096266 -0.005549
v 0.064720 -0.193819 -0.037621
v 0.057288 -0.131479 0.041107
v 0.086673 -0.164086 0.033569
v 0.068431 -0.160825 0.032178
v 0.030024 -0.224285 0.019074
v 0.062993 -0.090884 -0.036253
v 0.052620 -0.183283 -0.042352
v 0.030113 -0.219008 0.006475
v 0.014892 -0.231969 0.001307
v 0.016761 -0.253348 0.008406
v 0.028152 -0.118943 0.282600
v 0.019965 -0.117027 0.235211
v 0.045586 -0.021812 0.384199
v 0.079356 -0.032587 0.137885
v 0.083850 -0.032055 0.130547
v 0.109232 -0.079008 -0.082805
v 0.127563 -0.036926 0.098370
v 0.140334 -0.006011 0.091336
v 0.135538 -0.031316 -0.055077
v 0.149568 -0.029430 -0.079375
v 0.140418 -0.022609 -0.048333
v 0.135281 -0.020687 -0.043046
v 0.136667 -0.022678 -0.036848
v 0.136752 -0.003168 0.151740
v 0.152791 -0.014636 0.164842
v 0.150519 -0.020164 0.168026
v 0.159513 -0.017888 0.234406
v 0.148726 -0.011079 0.165178
v 0.157416 -0.013855 0.209930
v 0.159552 -0.020097 0.245348
v 0.142941 -0.058537 0.285440
v 0.141974 -0.017835 0.323820
v 0.153293 -0.017372 0.319721
v 0.171693 -0.021475 0.250459
v 0.160581 0.012485 0.244867
v 0.172523 0.017434 0.248237
v 0.166343 0.025849 0.221979
v 0.171765 0.017271 0.230775
v 0.150468 0.021332 0.177624
v 0.161842 0.001022 0.137412
v 0.156175 0.015060 0.177321
v 0.135576 0.057519 0.214408
v 0.148176 0.043978 0.212622
v 0.142868 0.045716 0.211805
v 0.139312 0.052843 0.221424
v 0.156707 0.016711 0.230879
v 0.105730 0.044732 0.133766
v 0.070358 0.022118 0.374630
v 0.102956 0.044006 0.134674
v 0.092595 0.059492 0.176544
v 0.004002 0.064908 0.164077
v 0.015537 0.121692 0.246261
v 0.003713 0.098600 0.244312
v 0.038201 0.120835 0.229393
v 0.039678 0.122730 0.282206
v 0.105244 0.096891 0.259724
v 0.111100 0.086152 0.258901
v 0.110784 0.093909 0.262097
v 0.132538 0.074890 0.266021
v 0.107039 0.076170 0.256591
v 0.088010 0.071733 0.183561
v 0.079744 0.108186 0.234069
v 0.077011 0.140422 0.115235
v 0.053021 0.187569 0.053201
v 0.086174 0.160501 0.065062
v 0.084790 0.123821 0.109440
v 0.093544 0.128533 0.062829
v 0.093574 0.127474 0.052839
v 0.077223 0.126281 0.057474
v 0.056571 0.124135 0.041867
v 0.063851 0.151199 0.029796
v 0.067078 0.196272 -0.036430
v 0.012237 0.228154 0.001289
v 0.012457 0.246617 0.013608
v 0.002904 0.220566 -0.008807
v -0.006287 0.218227 -0.012646
v 0.045072 0.191367 0.062988
v 0.047168 0.200705 -0.011503
v 0.090175 0.097865 0.095201
v 0.080425 0.096593 0.103925
v 0.044108 0.083284 -0.039932
v 0.095167 0.093506 0.074277
v 0.042717 0.081492 -0.040013
v 0.101702 0.095010 0.090404
v 0.128056 0.008490 -0.050136
v 0.125990 0.006608 -0.052831
v 0.137596 0.018704 -0.046028
v 0.105419 0.084428 0.005375
v 0.138152 -0.001893 0.103849
v 0.139711 0.020502 -0.037924
v 0.148978 0.032952 -0.060897
v 0.144322 0.031364 -0.075663
v 0.138480 0.029433 -0.054348
v 0.137159 0.020760 -0.049930
v 0.135906 0.058243 -0.223687
v 0.115657 0.048673 -0.158341
v 0.118343 0.041521 -0.154447
v 0.121406 0.062915 -0.232904
v 0.121010 0.065224 -0.228932
v 0.117376 0.062249 -0.149459
v 0.103497 0.115689 -0.138093
v 0.125007 0.057126 -0.089193
v 0.107659 0.070255 -0.095462
v 0.103588 0.090648 -0.138050
v 0.097246 0.100251 -0.150047
v 0.100872 -0.023068 -0.188965
v 0.106833 0.019292 -0.175500
v 0.064378 0.120688 -0.143483
v 0.067119 0.121258 -0.155386
v 0.023153 0.221207 -0.117812
v 0.005766 0.230446 -0.142160
v 0.020087 0.298276 -0.179229
v 0.029852 0.302368 -0.171029
v 0.068953 0.260608 -0.118641
v 0.069476 0.255763 -0.149871
v 0.068061 0.238328 -0.155619
v 0.074467 0.222039 -0.175876
v 0.099338 0.220278 -0.162930
v 0.086244 0.205670 -0.167809
v 0.088268 0.215804 -0.169161
v 0.076395 0.256445 -0.202417
v 0.078414 0.259225 -0.197099
v 0.066954 0.256998 -0.203724
v 0.071606 0.256151 -0.207303
v 0.078216 0.137748 -0.401038
v 0.159391 0.144555 -0.458968
v 0.116811 0.173739 -0.445434
v 0.113648 0.179516 -0.499743
v 0.087465 0.189863 -0.453443
v 0.046144 0.185366 -0.492070
v 0.059433 0.187753 -0.498749
v 0.066927 0.191663 -0.497699
v 0.044468 0.155570 -0.336710
v 0.030169 0.161731 -0.490858
v 0.036534 0.148004 -0.262222
v 0.056466 0.156450 -0.263039
v 0.061764 0.076338 -0.484279
v 0.046683 0.074481 -0.471510
v 0.048798 0.070100 -0.498706
v 0.020885 0.059135 -0.495428
v 0.005864 0.065912 -0.498426
v -0.011025 0.063412 -0.495570
v 0.026910 0.062562 -0.497044
v 0.047648 0.033335 -0.250342
v 0.072200 0.056474 -0.308274
v 0.077275 0.064284 -0.296017
v 0.086849 0.085086 -0.322992
v 0.093435 0.062798 -0.296429
v 0.080012 -0.063645 -0.329670
v 0.081534 -0.081452 -0.338288
v 0.080821 -0.094214 -0.415825
v 0.077092 -0.085115 -0.414733
v 0.175464 -0.148997 -0.497073
v 0.168173 -0.135153 -0.497540
v 0.119613 -0.127187 -0.499412
v 0.150897 -0.162512 -0.499583
v 0.158936 -0.142166 -0.461957
v 0.126645 -0.176458 -0.447714
v 0.083991 -0.139948 -0.394593
v 0.080120 -0.142858 -0.397723
v 0.089092 -0.142462 -0.414072
v 0.088380 -0.136468 -0.404827
v 0.090935 -0.139770 -0.410478
v 0.078532 -0.130956 -0.404609
v 0.094326 -0.107665 -0.168795
v 0.087303 -0.213498 -0.161925
v 0.059446 -0.239661 -0.152004
v 0.086211 -0.228962 -0.167754
v 0.088293 -0.230667 -0.160123
v 0.066679 -0.268125 -0.144727
v 0.074189 -0.211643 -0.155829
v 0.084787 -0.120232 -0.156484
v 0.112357 -0.106521 -0.145501
v 0.101605 -0.094148 -0.142620
v 0.140788 -0.034249 -0.086810
v 0.138948 -0.011580 -0.255594
v 0.120410 -0.063288 -0.236787
v 0.135672 -0.066417 -0.235672
v 0.097507 -0.071433 -0.085935
v 0.062710 -0.242631 -0.104092
v 0.068830 -0.127315 -0.150512
v 0.062384 -0.126804 -0.143518
v 0.026825 -0.148159 -0.185110
v 0.030303 -0.142751 -0.252215
v 0.027095 -0.159808 -0.169910
v 0.039566 -0.221261 -0.110317
v 0.028352 -0.299152 -0.188693
v 0.044631 -0.307548 -0.189857
v 0.056347 -0.274381 -0.205303
v 0.065394 -0.259905 -0.208461
v 0.072157 -0.260071 -0.204100
v 0.052751 -0.265884 -0.201003
v 0.057040 -0.261032 -0.196157
v 0.061496 -0.260041 -0.201870
v 0.060015 -0.143883 -0.341112
v 0.068279 -0.155948 -0.273339
v 0.032539 -0.165267 -0.455595
v 0.046130 -0.163783 -0.411352
v 0.051671 -0.162093 -0.411481
v 0.020260 -0.161824 -0.489038
v 0.049836 -0.077336 -0.498235
v 0.052267 -0.081126 -0.490523
v 0.008436 -0.070313 -0.435229
v 0.008421 -0.075468 -0.412181
v 0.026481 -0.065325 -0.430568
v 0.060367 -0.084085 -0.437842
v 0.066905 -0.083448 -0.429706
v 0.050528 -0.079000 -0.445416
v 0.052911 -0.076788 -0.473649
v 0.007508 -0.045661 -0.268370
v 0.013598 -0.063305 -0.456591
v -0.017188 -0.087322 -0.260339
v -0.005544 -0.090419 -0.256917
v 0.016509 -0.076168 -0.498462
v 0.007292 -0.076386 -0.431068
v 0.011735 -0.166138 -0.499717
v -0.001757 -0.133818 -0.383191
v -0.005283 -0.156844 -0.391348
v 0.010021 -0.152155 -0.300495
v -0.002539 -0.250544 -0.208648
v -0.007545 -0.256382 -0.203400
v 0.028191 -0.165025 -0.180769
v -0.004388 -0.240220 -0.151471
v 0.002306 -0.233890 -0.149193
v -0.016446 -0.266648 -0.119509
v 0.015281 -0.297126 -0.201455
v 0.002045 -0.296322 -0.173092
v -0.017000 -0.289648 -0.113632
v -0.028163 -0.240755 -0.096780
v -0.014678 -0.081895 -0.136129
v -0.004154 -0.067449 -0.055045
v -0.007836 -0.048245 -0.077185
v -0.012403 -0.083068 -0.145423
v -0.005477 -0.104326 -0.166313
v 0.000249 -0.106405 -0.154994
v -0.030009 -0.104842 -0.173922
v -0.013271 -0.095575 -0.169688
v -0.014035 -0.024423 -0.163344
v -0.048879 -0.195964 -0.043431
v -0.131139 -0.179668 -0.250062
v -0.133934 -0.203733 -0.257864
v -0.093757 -0.221497 -0.274697
v -0.082922 -0.228755 -0.269120
v -0.081329 -0.208693 -0.281741
v -0.078069 -0.216943 -0.273174
v -0.043620 -0.113237 -0.499177
v -0.094976 -0.134685 -0.278286
v -0.110781 -0.119517 -0.278066
v -0.131126 0.113941 -0.278990
v -0.022664 0.071035 -0.498248
v -0.012169 0.089041 -0.290333
v -0.013561 0.096954 -0.288834
v -0.016999 0.117664 -0.499194
v -0.008051 0.258378 -0.205071
v -0.098953 0.200123 -0.276175
v 0.004344 0.147962 -0.439560
v -0.007119 0.146952 -0.445747
v -0.102646 0.216476 -0.280892
v -0.117606 0.227927 -0.271920
v -0.113440 0.236220 -0.266765
v -0.155300 0.187531 -0.260468
v -0.129513 0.113280 -0.275409
v -0.150448 0.165298 -0.248524
v -0.045150 0.207657 -0.046506
v -0.011984 0.289860 -0.099889
v 0.011654 0.229036 -0.132802
v 0.008609 0.251763 -0.207317
v -0.021728 0.253843 -0.121744
v -0.017549 0.272683 -0.119692
v -0.016662 0.095916 -0.176222
v -0.023951 0.112586 -0.174893
v -0.011743 0.088972 -0.141143
v -0.010626 0.096419 -0.160298
v -0.001725 0.059421 -0.073669
v -0.008035 0.041583 -0.072656
v -0.005041 0.058391 -0.087185
v -0.017860 0.048786 -0.154507
v -0.063989 0.084293 0.092555
v -0.069851 0.088409 0.099172
v -0.074283 0.073253 0.023516
v -0.074431 0.019377 0.046041
v -0.051936 0.072958 0.063187
v -0.049049 0.072563 0.063052
v -0.003695 0.086490 0.003344
v -0.036326 0.094991 0.053564
v -0.043444 0.089255 0.099017
v -0.044550 0.099275 0.100373
v -0.034422 0.105268 0.091147
v -0.036943 0.100437 0.096616
v -0.046170 0.084247 0.061279
v -0.055959 0.110126 0.112504
v -0.060742 0.096550 0.099638
v -0.045857 0.087553 0.064815
v -0.049851 0.078648 0.063346
v -0.050549 0.076079 0.065334
v -0.017091 0.213118 -0.004764
v -0.032576 0.125083 0.065422
v -0.015825 0.225982 -0.006591
v -0.014068 0.218743 -0.007253
v -0.029898 0.189278 -0.043398
v -0.051628 0.136055 0.043530
v -0.067206 0.136543 0.049213
v -0.068091 0.140609 0.038061
v -0.109842 0.112901 0.345822
v -0.127615 0.122974 0.323921
v -0.122751 0.127262 0.312568
v -0.131396 0.114544 0.324606
v -0.172285 0.112105 0.323463
v -0.176099 0.118142 0.322342
v -0.122414 0.112895 0.318916
v -0.114972 0.099290 0.315501
v -0.128948 0.108883 0.335537
v -0.136933 0.097998 0.340956
v -0.140218 0.100865 0.360372
v -0.163269 0.138369 0.375026
v -0.167920 0.145048 0.376871
v -0.164989 0.150069 0.375122
v -0.104966 0.122677 0.364265
v -0.098199 0.094281 0.313368
v -0.028042 0.053849 0.151748
v -0.034786 0.046788 0.157625
v -0.028024 0.051644 0.157486
v -0.069178 0.048226 0.318469
v -0.080569 0.055803 0.316990
v -0.109114 0.087647 0.307805
v -0.053304 -0.012929 0.382793
v -0.043932 -0.002895 0.395362
v -0.050006 -0.062564 0.228516
v -0.078159 -0.029614 0.037557
v -0.043618 -0.004206 0.043613
v -0.046486 0.011067 0.041128
v -0.005738 -0.067564 0.158134
v -0.023233 -0.058520 0.155297
v -0.007859 -0.058099 0.161356
v -0.006240 -0.005648 0.372185
v 0.023835 0.019057 0.408419
v -0.009425 0.021144 0.481508
v -0.012629 0.000878 0.394423
v -0.042584 -0.040456 0.409093
v -0.007432 -0.026040 0.411142
v -0.000370 -0.072733 0.160693
v 0.008906 -0.101002 0.237145
v -0.017826 -0.091764 0.221493
v -0.039532 -0.074670 0.218103
v -0.003349 -0.090234 0.219385
v -0.033145 -0.113849 0.071901
v -0.002974 -0.234364 0.070422
v 0.009840 -0.116291 0.012817
v 0.010076 -0.113970 0.014816
v 0.016046 -0.114218 0.012655
v -0.028870 -0.198749 -0.024892
v -0.026716 -0.128015 0.047435
v -0.013352 -0.230981 0.064545
v -0.058600 -0.171217 0.041191
v -0.065272 -0.129791 0.042258
v -0.043418 -0.146542 0.050491
v -0.037989 -0.143567 0.052728
v -0.045292 -0.064467 0.055649
v -0.064144 -0.136313 0.040099
v -0.074483 -0.089713 0.048405
v -0.071939 -0.089456 0.035961
v -0.065000 -0.146854 0.062923
v -0.034083 -0.122078 0.090462
v -0.043070 -0.117396 0.085710
v -0.040523 -0.090948 0.063588
v -0.047516 -0.091630 0.087318
v -0.059063 -0.105278 0.098983
v -0.065159 -0.065423 0.092655
v -0.059224 -0.062811 0.130587
v -0.052359 -0.079672 0.146162
v -0.063832 -0.068804 0.130441
v -0.038671 -0.093618 0.099287
v 0.096396 -0.098363 0.226992
v 0.097022 -0.101220 0.244148
v 0.081498 -0.110494 0.240103
v 0.066618 -0.108133 0.226056
v 0.071899 -0.100127 0.216925
v 0.096506 -0.094991 0.209746
v 0.062747 -0.118575 0.229365
v 0.071049 -0.123292 0.243610
v 0.056463 -0.129991 0.247482
v 0.036527 -0.130496 0.253146
v 0.036866 -0.126127 0.239484
v 0.037525 -0.119697 0.226591
v 0.082934 -0.116921 0.113345
v 0.083465 -0.131179 0.107632
v 0.090428 -0.116982 0.097522
v 0.087416 -0.098982 0.088422
v 0.109089 -0.089750 0.094665
v 0.081338 -0.112801 0.083429
v 0.081498 -0.105502 0.078691
v 0.088333 -0.123456 0.068771
v 0.081165 -0.122014 0.072008
v 0.087546 -0.119268 0.082088
v 0.094241 -0.126735 0.073851
v 0.089155 -0.132866 0.090880
v 0.092709 -0.122076 0.086511
v 0.086505 -0.165474 0.043169
v 0.083429 -0.168230 0.039122
v 0.090232 -0.150834 0.042791
v 0.088598 -0.159476 0.048978
v 0.080687 -0.161492 0.034939
v 0.082777 -0.154240 0.035149
v 0.084911 -0.145328 0.038987
v 0.078639 -0.126932 0.056698
v 0.078101 -0.135212 0.045904
v 0.063008 -0.142906 0.046967
v 0.067248 -0.124099 0.054002
v 0.075889 -0.114320 0.066800
v 0.076582 -0.120272 0.071026
v 0.070108 -0.144419 0.044762
v 0.077336 -0.144125 0.040517
v 0.106836 -0.084146 0.075811
v 0.119900 -0.060128 0.082101
v 0.116561 -0.061669 0.092354
v 0.087251 -0.099603 0.073887
v 0.093158 -0.096547 0.068587
v 0.101717 -0.100021 0.042296
v 0.112688 -0.086933 0.036370
v 0.115037 -0.083803 0.053662
v 0.099506 -0.096021 0.062188
v 0.090349 -0.102361 0.050193
v 0.111270 -0.082246 0.066401
v 0.075873 -0.109393 0.008494
v 0.062092 -0.109439 0.000092
v 0.067641 -0.102987 -0.012441
v 0.070829 -0.096572 -0.023137
v 0.090530 -0.088510 -0.021621
v 0.102995 -0.092016 0.015713
v 0.090592 -0.106001 0.024326
v 0.065443 -0.195197 -0.043870
v 0.055450 -0.188010 -0.033942
v 0.055564 -0.194636 -0.026918
v 0.065333 -0.200088 -0.031182
v 0.069485 -0.205528 -0.038469
v 0.058098 -0.140914 0.032445
v 0.049517 -0.129169 0.023648
v 0.046980 -0.122464 0.028940
v 0.056726 -0.118234 0.040598
v 0.068865 -0.115734 0.049289
v 0.045900 -0.116322 0.029671
v 0.061216 -0.149350 0.038577
v 0.078428 -0.167629 0.036627
v 0.074840 -0.160568 0.034756
v 0.072679 -0.165763 0.035899
v 0.067001 -0.163659 0.036003
v 0.069032 -0.151359 0.038537
v 0.076419 -0.152360 0.036417
v 0.061947 -0.156899 0.030046
v 0.065042 -0.171746 0.024736
v 0.060896 -0.164941 0.018816
v 0.042516 -0.213657 0.017190
v 0.043530 -0.210065 0.024605
v 0.028199 -0.219436 0.028113
v 0.037355 -0.213124 0.008270
v 0.012152 -0.221687 0.027408
v 0.013612 -0.219410 0.017425
v 0.019306 -0.226956 0.008053
v 0.024316 -0.222277 0.000217
v 0.074324 -0.085525 -0.034052
v 0.072785 -0.091488 -0.029943
v 0.059196 -0.095355 -0.033513
v 0.045472 -0.087804 -0.034460
v 0.050744 -0.081588 -0.032840
v 0.053764 -0.078199 -0.036909
v 0.065338 -0.081896 -0.038380
v 0.074875 -0.081347 -0.038775
v 0.043358 -0.177488 -0.033187
v 0.047897 -0.182720 -0.027798
v 0.038464 -0.172155 -0.046120
v 0.033277 -0.171458 -0.036840
v 0.054959 -0.189913 -0.053258
v 0.043379 -0.176077 -0.057754
v 0.065498 -0.200105 -0.051748
v 0.032860 -0.214217 0.000512
v 0.024797 -0.227008 -0.000093
v 0.017537 -0.240395 0.007988
v 0.027696 -0.233511 0.003296
v 0.005432 -0.242670 0.009017
v 0.010956 -0.245577 0.011579
v 0.011697 -0.221754 0.007610
v 0.009065 -0.228295 0.000775
v 0.002134 -0.238181 0.004973
v 0.019197 -0.259998 -0.000537
v 0.030946 -0.252561 -0.004996
v 0.031085 -0.245736 0.001624
v 0.031030 -0.239465 0.005411
v 0.020929 -0.245349 0.009434
v 0.003186 -0.255765 0.009169
v 0.008469 -0.262535 0.000995
v 0.040186 -0.123825 0.279651
v 0.039882 -0.112271 0.293828
v 0.025518 -0.107401 0.289293
v 0.014614 -0.104517 0.280837
v 0.022496 -0.119964 0.272627
v 0.038256 -0.129504 0.266251
v 0.037019 -0.109518 0.218572
v 0.017141 -0.120417 0.246191
v 0.004581 -0.101724 0.253438
v 0.031256 -0.019792 0.401459
v 0.019808 -0.025744 0.400754
v 0.026244 -0.026809 0.387280
v 0.033734 -0.036744 0.371870
v 0.053316 -0.039824 0.372175
v 0.051433 -0.010177 0.388013
v 0.039422 -0.012353 0.403734
v 0.076347 -0.041076 0.134945
v 0.084077 -0.027269 0.130890
v 0.087972 -0.016911 0.129703
v 0.087285 -0.017267 0.136031
v 0.086500 -0.017377 0.142351
v 0.077470 -0.030873 0.145427
v 0.077039 -0.046961 0.136467
v 0.086156 -0.037053 0.134948
v 0.089961 -0.028920 0.134399
v 0.110955 -0.088267 -0.071376
v 0.090882 -0.105021 -0.068207
v 0.089705 -0.104915 -0.079119
v 0.090096 -0.112827 -0.098487
v 0.110188 -0.087601 -0.102278
v 0.115784 -0.067654 -0.082402
v 0.119881 -0.070678 -0.073289
v 0.110499 -0.062955 -0.090366
v 0.099812 -0.081040 -0.104659
v 0.128883 -0.034302 0.101852
v 0.120441 -0.061555 0.097137
v 0.131410 -0.035575 0.085644
v 0.136746 -0.014949 0.094373
v 0.139039 -0.011003 0.099288
v 0.137879 -0.015814 0.085238
v 0.142259 -0.000002 0.093661
v 0.141443 -0.005613 0.084315
v 0.142813 0.002191 0.084004
v 0.127998 -0.027841 -0.053671
v 0.128020 -0.038565 -0.054167
v 0.132308 -0.040608 -0.058107
v 0.132898 -0.041315 -0.065392
v 0.138552 -0.034403 -0.063583
v 0.144327 -0.030139 -0.060263
v 0.137583 -0.025820 -0.052894
v 0.154537 -0.022989 -0.081896
v 0.155824 -0.023369 -0.069523
v 0.148631 -0.029937 -0.070044
v 0.140080 -0.035130 -0.073531
v 0.146141 -0.024266 -0.093708
v 0.151597 -0.025029 -0.057746
v 0.132892 -0.012657 -0.046262
v 0.136377 -0.013752 -0.050589
v 0.135849 -0.014900 -0.054339
v 0.157848 -0.014126 -0.058619
v 0.152968 -0.014291 -0.048573
v 0.147767 -0.013787 -0.041582
v 0.123767 -0.023254 -0.045278
v 0.125467 -0.013330 -0.050015
v 0.143013 -0.015830 -0.031817
v 0.135594 -0.029752 -0.028102
v 0.130674 -0.031522 -0.033403
v 0.126168 -0.031780 -0.037218
v 0.141820 -0.013439 0.147843
v 0.129432 -0.034156 0.153985
v 0.125158 -0.029753 0.154677
v 0.120288 -0.027027 0.155737
v 0.127969 -0.003659 0.153860
v 0.121409 0.018713 0.157173
v 0.128379 0.022246 0.156548
v 0.141530 0.007805 0.146302
v 0.147564 -0.001562 0.143983
v 0.128904 0.025295 0.152254
v 0.150150 -0.020801 0.172806
v 0.160261 -0.014290 0.181358
v 0.153056 -0.012225 0.186121
v 0.161716 -0.011572 0.162634
v 0.166499 -0.010757 0.177962
v 0.149252 -0.028948 0.167674
v 0.150816 -0.025761 0.160036
v 0.158906 -0.013321 0.154048
v 0.148388 -0.032726 0.176462
v 0.168342 -0.016166 0.200321
v 0.168900 -0.015469 0.210969
v 0.174671 -0.014127 0.224540
v 0.167253 -0.026523 0.228206
v 0.159548 -0.024271 0.209711
v 0.153958 -0.025305 0.248659
v 0.154511 -0.024509 0.232190
v 0.172297 -0.018985 0.236115
v 0.177695 -0.012533 0.235850
v 0.152676 -0.023607 0.188287
v 0.165599 -0.031580 0.251333
v 0.132259 -0.063858 0.291927
v 0.132215 -0.071970 0.274616
v 0.144619 -0.058586 0.272473
v 0.150139 -0.044829 0.291921
v 0.136245 -0.046008 0.306866
v 0.154869 -0.042987 0.274284
v 0.126109 -0.021673 0.340466
v 0.126159 -0.033351 0.336547
v 0.141341 -0.031790 0.316341
v 0.159849 -0.009600 0.321875
v 0.145905 -0.010552 0.334285
v 0.131796 -0.014620 0.348370
v 0.178515 -0.011972 0.252196
v 0.168419 -0.018926 0.276614
v 0.162546 -0.029234 0.275760
v 0.172969 -0.011602 0.277424
v 0.163896 0.014284 0.234609
v 0.156001 0.016609 0.237774
v 0.155754 0.017158 0.246505
v 0.168124 0.023975 0.249212
v 0.171148 0.015059 0.274879
v 0.175688 0.008278 0.276849
v 0.180240 0.008633 0.251511
v 0.179697 0.008823 0.233328
v 0.165392 0.021449 0.273707
v 0.172800 0.014704 0.219617
v 0.166129 0.020373 0.217264
v 0.162184 0.024235 0.213678
v 0.161087 0.031344 0.215581
v 0.162284 0.021546 0.228800
v 0.158816 0.037017 0.226741
v 0.156801 0.033410 0.231855
v 0.154654 0.040903 0.220084
v 0.178333 0.007492 0.221056
v 0.151739 0.028913 0.168980
v 0.151555 0.031556 0.176964
v 0.154487 0.024251 0.189063
v 0.155372 0.031139 0.191723
v 0.157229 0.023386 0.203027
v 0.161637 0.018618 0.213042
v 0.157969 -0.003988 0.138954
v 0.154615 -0.000038 0.140370
v 0.157437 0.004961 0.139474
v 0.161576 0.000965 0.143525
v 0.160484 -0.005287 0.144386
v 0.159514 0.006805 0.143785
v 0.156884 0.016609 0.165337
v 0.151107 0.027618 0.163503
v 0.169001 0.010407 0.190255
v 0.165569 0.009481 0.172019
v 0.135700 0.054463 0.191595
v 0.128493 0.063828 0.202645
v 0.129055 0.067194 0.222108
v 0.140378 0.056556 0.227655
v 0.155434 0.036612 0.208205
v 0.150078 0.039548 0.198605
v 0.149318 0.048148 0.224130
v 0.150401 0.029294 0.233527
v 0.148531 0.027668 0.240511
v 0.108530 0.036264 0.125267
v 0.100058 0.048088 0.126885
v 0.108521 0.017789 0.361022
v 0.109736 0.030890 0.354922
v 0.080959 0.037765 0.368729
v 0.043777 0.020227 0.391635
v 0.052148 0.009112 0.391371
v 0.076509 0.008951 0.378579
v 0.043354 0.030151 0.376665
v 0.022964 0.026279 0.391134
v 0.056208 0.042774 0.368739
v 0.092820 0.056996 0.128012
v 0.092725 0.055473 0.133445
v 0.090923 0.052734 0.137757
v 0.098742 0.036297 0.136489
v 0.088689 0.073190 0.178076
v 0.097740 0.061761 0.171466
v 0.077912 0.066422 0.181875
v 0.077168 0.074553 0.182945
v 0.091559 0.053717 0.173202
v 0.077829 0.060297 0.178731
v 0.009471 0.054123 0.159285
v 0.027206 0.060884 0.157741
v 0.025650 0.070817 0.161093
v 0.025724 0.078338 0.165054
v 0.005065 0.076917 0.165460
v -0.006803 0.075449 0.163439
v -0.006218 0.066667 0.161797
v -0.011835 0.053760 0.163646
v -0.007101 0.050875 0.164763
v -0.003815 0.046028 0.158821
v 0.026231 0.121672 0.237053
v 0.022659 0.111877 0.230761
v 0.010863 0.111134 0.243677
v 0.012520 0.108511 0.260816
v 0.017897 0.122924 0.256855
v 0.032651 0.127222 0.246533
v 0.022808 0.103617 0.228798
v 0.019639 0.099222 0.221684
v -0.000923 0.092757 0.228941
v 0.000629 0.097977 0.268298
v 0.047661 0.123875 0.234964
v 0.040924 0.111761 0.221919
v 0.060510 0.110921 0.224277
v 0.037215 0.112425 0.292162
v 0.052055 0.113675 0.291864
v 0.049796 0.124272 0.277051
v 0.045425 0.129213 0.266484
v 0.031983 0.124939 0.275155
v 0.024556 0.110458 0.285653
v 0.100091 0.098163 0.272512
v 0.111089 0.091345 0.260955
v 0.112943 0.086358 0.252289
v 0.116077 0.088295 0.245707
v 0.102784 0.097002 0.247684
v 0.119892 0.085697 0.259169
v 0.115142 0.073991 0.252397
v 0.120979 0.073662 0.246746
v 0.099142 0.088421 0.292135
v 0.109336 0.085073 0.283832
v 0.113937 0.085817 0.277529
v 0.124355 0.080884 0.270470
v 0.141141 0.061810 0.282602
v 0.145246 0.057105 0.269649
v 0.131467 0.076699 0.256969
v 0.147382 0.054228 0.253388
v 0.124338 0.060842 0.255542
v 0.126224 0.058148 0.247788
v 0.077428 0.080053 0.180582
v 0.083548 0.110089 0.249623
v 0.101415 0.095726 0.236386
v 0.102905 0.092587 0.223358
v 0.086123 0.100432 0.219797
v 0.064279 0.102543 0.217272
v 0.065714 0.151323 0.126470
v 0.061029 0.137066 0.134622
v 0.080665 0.131422 0.112951
v 0.087956 0.135549 0.094414
v 0.082638 0.145808 0.100246
v 0.072812 0.165125 0.111104
v 0.046304 0.197177 0.057133
v 0.050726 0.194786 0.051530
v 0.057450 0.184334 0.048252
v 0.063185 0.173642 0.025833
v 0.088725 0.157275 0.060304
v 0.085754 0.165715 0.059263
v 0.082649 0.166752 0.065562
v 0.088092 0.153247 0.070774
v 0.090729 0.147491 0.065814
v 0.083247 0.161601 0.075094
v 0.092360 0.120254 0.096572
v 0.092859 0.127698 0.084809
v 0.090837 0.131073 0.089533
v 0.091190 0.137453 0.048123
v 0.092159 0.139828 0.054268
v 0.091832 0.143107 0.060362
v 0.092961 0.134188 0.070117
v 0.093843 0.123065 0.080136
v 0.091505 0.119452 0.076908
v 0.088035 0.125109 0.060645
v 0.087975 0.127972 0.051780
v 0.087225 0.135995 0.044053
v 0.071696 0.128258 0.050529
v 0.073598 0.130615 0.046409
v 0.081383 0.128306 0.048217
v 0.083804 0.120160 0.074729
v 0.078437 0.121055 0.073890
v 0.070550 0.127145 0.058494
v 0.069096 0.130754 0.052810
v 0.068184 0.118979 0.053548
v 0.073586 0.112090 0.045908
v 0.058146 0.116270 0.033839
v 0.053206 0.128835 0.033243
v 0.061839 0.135039 0.044397
v 0.064073 0.131470 0.052194
v 0.066408 0.127120 0.059975
v 0.065124 0.156592 0.028432
v 0.067669 0.151467 0.033423
v 0.064984 0.144527 0.039351
v 0.060296 0.140441 0.034807
v 0.059348 0.149121 0.021582
v 0.062979 0.159685 0.021226
v 0.069054 0.196409 -0.036524
v 0.066888 0.203964 -0.027360
v 0.064405 0.202389 -0.028146
v 0.062297 0.200139 -0.029798
v 0.067615 0.196300 -0.043475
v 0.069393 0.205630 -0.041724
v 0.014840 0.227189 0.000103
v 0.011205 0.226491 -0.000851
v 0.007292 0.226787 -0.000289
v 0.002971 0.215894 0.003288
v 0.010203 0.215466 0.008602
v 0.017219 0.215498 0.010017
v 0.012542 0.252069 0.012148
v -0.000304 0.247576 0.008671
v 0.002319 0.240825 0.007233
v 0.006966 0.234998 0.002929
v 0.016466 0.241326 0.007656
v 0.020467 0.246394 0.007671
v 0.019329 0.221992 -0.006513
v 0.029420 0.219015 -0.009962
v -0.016709 0.217692 -0.013411
v -0.009967 0.219976 -0.009801
v 0.010420 0.224080 -0.004126
v 0.030728 0.222421 -0.007847
v 0.015872 0.228720 -0.002433
v -0.003375 0.222250 -0.008912
v -0.016755 0.219812 -0.011602
v 0.043055 0.192968 0.066399
v 0.043039 0.197469 0.062811
v 0.047038 0.190949 0.058790
v 0.046061 0.186559 0.062234
v 0.044876 0.186795 0.065128
v 0.048808 0.187048 0.057736
v 0.042586 0.199013 -0.003695
v 0.045145 0.186496 -0.013815
v 0.046451 0.188347 -0.020125
v 0.038176 0.212018 -0.004384
v 0.039036 0.207450 0.000618
v 0.051490 0.207556 -0.014855
v 0.094871 0.102926 0.046802
v 0.093057 0.098728 0.054329
v 0.105632 0.092889 0.062471
v 0.103338 0.098280 0.045342
v 0.087937 0.093476 0.092435
v 0.086536 0.101711 0.101354
v 0.093638 0.097659 0.091440
v 0.095358 0.092722 0.085994
v 0.090792 0.105026 0.099351
v 0.082518 0.099533 0.082840
v 0.074638 0.107525 0.089178
v 0.079320 0.109979 0.089163
v 0.049963 0.090677 -0.039470
v 0.038518 0.089217 -0.038250
v 0.027285 0.082014 -0.039088
v 0.030640 0.079564 -0.037524
v 0.032315 0.079497 -0.033790
v 0.047619 0.087069 -0.037224
v 0.101819 0.089583 0.082815
v 0.105875 0.086126 0.070358
v 0.085923 0.102181 0.060058
v 0.076121 0.109104 0.066126
v 0.069336 0.075102 -0.043778
v 0.072755 0.087166 -0.042556
v 0.070379 0.078182 -0.038022
v 0.094188 0.106745 0.098291
v 0.096990 0.107659 0.098234
v 0.103919 0.095882 0.099460
v 0.112027 0.078045 0.090403
v 0.109946 0.076224 0.079904
v 0.114983 0.077844 0.100682
v 0.126340 0.014779 -0.051986
v 0.125759 0.014950 -0.052616
v 0.134411 0.011761 -0.050206
v 0.134601 0.004307 -0.051127
v 0.130464 0.002809 -0.049978
v 0.126609 0.021637 -0.045866
v 0.131630 0.005978 -0.054512
v 0.130927 0.014588 -0.054142
v 0.127935 -0.001718 -0.053495
v 0.131824 -0.004445 -0.054535
v 0.120392 0.032372 -0.041029
v 0.128897 0.028049 -0.037886
v 0.150108 0.017352 -0.046271
v 0.143791 0.027432 -0.053812
v 0.135445 0.016071 -0.053178
v 0.116283 0.080510 0.028428
v 0.126903 0.060644 0.017437
v 0.122877 0.062622 -0.000194
v 0.095588 0.098655 0.020506
v 0.108195 0.091645 0.038768
v 0.119965 0.063571 -0.013163
v 0.101699 0.081979 -0.014166
v 0.140682 0.006666 0.093878
v 0.136433 0.017341 0.094410
v 0.132836 0.015666 0.103026
v 0.128610 0.014974 0.110316
v 0.130580 -0.004041 0.111624
v 0.140465 0.022422 -0.026711
v 0.147462 0.008659 -0.030895
v 0.151618 0.008616 -0.039960
v 0.157209 0.008281 -0.048888
v 0.148998 0.024402 -0.053512
v 0.153196 0.028578 -0.064298
v 0.141256 0.032717 -0.064482
v 0.134381 0.037788 -0.076269
v 0.135478 0.035728 -0.065219
v 0.157276 0.021640 -0.067468
v 0.152600 0.024443 -0.079962
v 0.139220 0.031449 -0.088476
v 0.132726 0.041491 -0.088173
v 0.145854 0.025995 -0.090003
v 0.136080 0.034979 -0.056940
v 0.128871 0.027374 -0.053248
v 0.130193 0.022163 -0.053428
v 0.132315 0.060908 -0.198250
v 0.137957 0.054043 -0.199764
v 0.142094 0.050226 -0.223277
v 0.133573 0.055863 -0.233120
v 0.127467 0.062776 -0.224206
v 0.126664 0.062939 -0.215924
v 0.123872 0.063937 -0.196414
v 0.121412 0.041544 -0.171101
v 0.114257 0.035590 -0.165676
v 0.113570 0.045159 -0.169123
v 0.113724 0.052138 -0.162428
v 0.113817 0.052683 -0.159837
v 0.110986 0.034136 -0.175564
v 0.124816 0.028561 -0.156523
v 0.125482 0.031795 -0.174119
v 0.125026 0.059979 -0.235513
v 0.123801 0.055805 -0.235002
v 0.122262 0.057826 -0.226999
v 0.122128 0.061764 -0.226291
v 0.124416 0.050046 -0.229303
v 0.126831 0.061946 -0.230159
v 0.109439 0.074678 -0.143544
v 0.110338 0.068184 -0.123646
v 0.118147 0.060600 -0.124460
v 0.127661 0.057554 -0.122724
v 0.127794 0.058470 -0.147977
v 0.129763 0.058937 -0.171864
v 0.121097 0.061076 -0.171771
v 0.106344 0.113418 -0.142191
v 0.096100 0.124838 -0.145850
v 0.094315 0.125323 -0.139829
v 0.103394 0.112385 -0.132439
v 0.109985 0.107037 -0.135424
v 0.092500 0.123156 -0.133578
v 0.123964 0.061226 -0.081893
v 0.126470 0.055171 -0.072932
v 0.130073 0.047050 -0.075728
v 0.132291 0.045327 -0.101693
v 0.127373 0.055394 -0.101793
v 0.119754 0.057381 -0.090734
v 0.117060 0.063803 -0.085659
v 0.119668 0.058550 -0.102160
v 0.112734 0.057600 -0.089189
v 0.112389 0.061386 -0.101537
v 0.107548 0.067850 -0.103972
v 0.108000 0.082580 -0.095180
v 0.113278 0.073873 -0.082954
v 0.103932 0.098410 -0.141963
v 0.109140 0.101766 -0.139923
v 0.108620 0.096457 -0.133196
v 0.106167 0.087248 -0.116685
v 0.105599 0.078846 -0.121020
v 0.101967 0.092072 -0.151293
v 0.101475 0.095785 -0.164680
v 0.094000 0.105869 -0.160935
v 0.085674 0.116222 -0.155451
v 0.097914 0.099693 -0.146367
v 0.102480 -0.009793 -0.177503
v 0.128609 -0.011660 -0.156221
v 0.125892 -0.025444 -0.156283
v 0.122764 -0.036457 -0.156277
v 0.107904 -0.036511 -0.188214
v 0.082363 -0.017968 -0.204536
v 0.082959 -0.012463 -0.190430
v 0.106698 0.010151 -0.174810
v 0.084193 0.003451 -0.183616
v 0.084049 0.009530 -0.184970
v 0.127446 0.017834 -0.156281
v 0.083812 0.012584 -0.191446
v 0.101804 0.020311 -0.184903
v 0.067033 0.118366 -0.148437
v 0.073184 0.118455 -0.148737
v 0.043902 0.126836 -0.156405
v 0.040284 0.126326 -0.131837
v 0.083177 0.118113 -0.153684
v 0.078243 0.123243 -0.179248
v 0.063430 0.130261 -0.180747
v 0.081917 0.118582 -0.149163
v 0.036103 0.224981 -0.132111
v 0.041368 0.222540 -0.123361
v 0.033083 0.216595 -0.110281
v 0.008267 0.219610 -0.113790
v 0.025056 0.232977 -0.134104
v 0.036573 0.231104 -0.141499
v 0.008113 0.240194 -0.151188
v 0.018048 0.241102 -0.148859
v -0.002434 0.229279 -0.124617
v -0.004132 0.229931 -0.138863
v -0.001962 0.240203 -0.151779
v 0.032274 0.297927 -0.187526
v 0.019643 0.297578 -0.190216
v 0.008726 0.297476 -0.176297
v 0.012007 0.303864 -0.164752
v 0.006321 0.292036 -0.190008
v 0.012952 0.310450 -0.154806
v 0.029886 0.312084 -0.160764
v 0.042679 0.309137 -0.161552
v 0.043305 0.306823 -0.173940
v 0.042886 0.302331 -0.189151
v 0.062549 0.274147 -0.109688
v 0.061204 0.266202 -0.088211
v 0.067199 0.256472 -0.093638
v 0.078866 0.250012 -0.138579
v 0.071034 0.267399 -0.137079
v 0.063638 0.276161 -0.126476
v 0.067038 0.250293 -0.096405
v 0.070385 0.252559 -0.116239
v 0.079692 0.244429 -0.133829
v 0.070340 0.258363 -0.156424
v 0.068387 0.269479 -0.149461
v 0.062106 0.253787 -0.150291
v 0.063806 0.258560 -0.158888
v 0.080453 0.239649 -0.151992
v 0.060254 0.240295 -0.150291
v 0.082779 0.233100 -0.158583
v 0.074144 0.231502 -0.161570
v 0.067775 0.225944 -0.163747
v 0.062549 0.228195 -0.156424
v 0.056793 0.229240 -0.149926
v 0.071510 0.223431 -0.169669
v 0.077814 0.227540 -0.167089
v 0.081346 0.223733 -0.171567
v 0.078049 0.217222 -0.174720
v 0.073002 0.217882 -0.168208
v 0.082884 0.218798 -0.172199
v 0.095943 0.223828 -0.157445
v 0.094688 0.218943 -0.155910
v 0.096235 0.216558 -0.164391
v 0.092656 0.218368 -0.166755
v 0.093109 0.222773 -0.165281
v 0.092062 0.227306 -0.160545
v 0.081774 0.209387 -0.160483
v 0.078353 0.210110 -0.163090
v 0.083122 0.208215 -0.170164
v 0.087150 0.210855 -0.168579
v 0.089099 0.208544 -0.166922
v 0.085991 0.211265 -0.158337
v 0.084928 0.214092 -0.170594
v 0.088178 0.219538 -0.169044
v 0.090723 0.214157 -0.167368
v 0.073816 0.257717 -0.193357
v 0.065250 0.255970 -0.195304
v 0.079411 0.260287 -0.192335
v 0.076124 0.256666 -0.208749
v 0.071337 0.261235 -0.208459
v 0.073012 0.263699 -0.203590
v 0.074209 0.266394 -0.198413
v 0.074967 0.269460 -0.192465
v 0.068469 0.258883 -0.209406
v 0.064706 0.263134 -0.209226
v 0.074787 0.135565 -0.404582
v 0.070119 0.141746 -0.407223
v 0.075998 0.144760 -0.396241
v 0.084144 0.131523 -0.393529
v 0.082217 0.129307 -0.400513
v 0.078130 0.127433 -0.404128
v 0.153765 0.136341 -0.453925
v 0.155282 0.130233 -0.465580
v 0.162322 0.144885 -0.467439
v 0.164001 0.160987 -0.465912
v 0.157855 0.157287 -0.457152
v 0.149255 0.150361 -0.448317
v 0.163693 0.143042 -0.499491
v 0.157967 0.151604 -0.499639
v 0.168726 0.160012 -0.499250
v 0.174361 0.144264 -0.496817
v 0.124815 0.165680 -0.441836
v 0.135754 0.175088 -0.447928
v 0.119360 0.183282 -0.451161
v 0.093644 0.183034 -0.446547
v 0.099341 0.172863 -0.439815
v 0.106088 0.160227 -0.434496
v 0.103387 0.173438 -0.499730
v 0.094989 0.186123 -0.499718
v 0.114204 0.190942 -0.499719
v 0.131338 0.170497 -0.499758
v 0.121019 0.158094 -0.499732
v 0.139051 0.181728 -0.499725
v 0.119085 0.190957 -0.458101
v 0.067761 0.189507 -0.460399
v 0.056629 0.179889 -0.443832
v 0.066257 0.178248 -0.439351
v 0.073839 0.173807 -0.435940
v 0.118283 0.192333 -0.470434
v 0.089908 0.196043 -0.470123
v 0.066724 0.193954 -0.473807
v 0.062989 0.195967 -0.485023
v 0.044848 0.176573 -0.498073
v 0.032244 0.172982 -0.492278
v 0.034536 0.174115 -0.484043
v 0.050166 0.185391 -0.481027
v 0.070740 0.183469 -0.499484
v 0.056728 0.173395 -0.499629
v 0.046536 0.166292 -0.498122
v 0.035966 0.168158 -0.493713
v 0.025405 0.161950 -0.493339
v 0.018960 0.167059 -0.496902
v 0.017720 0.166513 -0.486496
v 0.017987 0.159719 -0.498043
v 0.032580 0.159876 -0.318432
v 0.036804 0.154533 -0.309788
v 0.047703 0.151518 -0.321706
v 0.059511 0.145868 -0.330482
v 0.055167 0.146300 -0.344450
v 0.037089 0.156850 -0.337165
v 0.027901 0.164421 -0.323848
v 0.054495 0.143918 -0.361372
v 0.047151 0.151365 -0.358160
v 0.041830 0.153635 -0.356225
v 0.024433 0.162192 -0.328801
v 0.016927 0.161638 -0.327345
v 0.016673 0.165189 -0.316289
v 0.030964 0.156266 -0.490277
v 0.025039 0.153913 -0.493901
v 0.038708 0.160878 -0.493932
v 0.015757 0.141698 -0.260814
v 0.019322 0.132735 -0.243774
v 0.034033 0.140050 -0.242927
v 0.049635 0.143430 -0.238994
v 0.052654 0.154357 -0.253085
v 0.048068 0.155685 -0.272808
v 0.031352 0.146550 -0.276312
v 0.014189 0.141877 -0.274890
v 0.042099 0.150103 -0.281992
v 0.068775 0.153034 -0.250001
v 0.066982 0.155817 -0.264188
v 0.060641 0.156192 -0.278553
v 0.058969 0.074979 -0.486266
v 0.059085 0.077874 -0.485100
v 0.074887 0.079162 -0.487454
v 0.076522 0.084287 -0.478185
v 0.061274 0.082924 -0.466632
v 0.044643 0.068952 -0.480793
v 0.056156 0.073425 -0.489291
v 0.025145 0.065945 -0.460562
v 0.025942 0.060686 -0.473957
v 0.053048 0.071656 -0.494092
v 0.041666 0.067030 -0.486380
v 0.038212 0.067254 -0.493505
v 0.046550 0.073599 -0.498325
v 0.051578 0.075646 -0.494318
v 0.037362 0.068902 -0.496085
v 0.023452 0.059389 -0.484211
v 0.006371 0.057757 -0.484576
v 0.004542 0.056677 -0.493868
v 0.004933 0.060486 -0.498137
v 0.015503 0.063283 -0.497551
v 0.024702 0.067627 -0.498016
v -0.005361 0.066507 -0.498413
v 0.001038 0.071862 -0.498666
v 0.013435 0.069115 -0.498404
v 0.010303 0.076897 -0.498722
v -0.017041 0.071640 -0.498783
v -0.011508 0.075590 -0.498776
v -0.008249 0.062328 -0.484276
v -0.020378 0.070086 -0.481176
v -0.021051 0.069611 -0.491004
v 0.035465 0.073259 -0.497783
v 0.033078 0.037486 -0.249994
v 0.031806 0.039012 -0.262759
v 0.045351 0.036843 -0.265879
v 0.046330 0.026484 -0.234379
v 0.030618 0.031586 -0.236209
v 0.062215 0.034774 -0.253798
v 0.063987 0.026413 -0.234253
v 0.058770 0.039054 -0.270423
v 0.073955 0.060860 -0.302569
v 0.063117 0.055061 -0.301956
v 0.065017 0.050207 -0.309062
v 0.065741 0.047743 -0.320908
v 0.075151 0.058857 -0.317274
v 0.080238 0.069582 -0.309764
v 0.082739 0.075581 -0.303270
v 0.065005 0.053148 -0.296777
v 0.097497 0.075373 -0.297503
v 0.095862 0.063815 -0.286801
v 0.079607 0.061456 -0.285207
v 0.070904 0.048837 -0.288464
v 0.091097 0.103667 -0.324198
v 0.098839 0.104764 -0.312608
v 0.093871 0.091402 -0.311793
v 0.082148 0.087185 -0.342067
v 0.084430 0.101880 -0.340915
v 0.105008 0.075224 -0.286836
v 0.153669 0.006586 -0.283813
v 0.157428 0.002285 -0.281766
v 0.153776 -0.002351 -0.286545
v 0.151147 0.003094 -0.284217
v 0.072867 -0.054147 -0.328779
v 0.073976 -0.060104 -0.310141
v 0.081958 -0.071882 -0.312832
v 0.071932 -0.065692 -0.346980
v 0.090917 -0.088329 -0.315514
v 0.084644 -0.103830 -0.336623
v 0.079695 -0.107107 -0.352900
v 0.078258 -0.091698 -0.355428
v 0.095979 -0.105086 -0.315818
v 0.072018 -0.078280 -0.358874
v 0.065790 -0.075126 -0.421635
v 0.075788 -0.083618 -0.407270
v 0.083800 -0.092571 -0.403446
v 0.086594 -0.107934 -0.399031
v 0.083808 -0.110728 -0.407137
v 0.082591 -0.114673 -0.411982
v 0.082462 -0.100952 -0.420278
v 0.075682 -0.089642 -0.433918
v 0.061528 -0.072647 -0.412422
v 0.174395 -0.159568 -0.497150
v 0.168518 -0.156436 -0.499163
v 0.164694 -0.128084 -0.491135
v 0.173697 -0.147680 -0.490165
v 0.173588 -0.159737 -0.490094
v 0.160899 -0.153845 -0.499381
v 0.157261 -0.133139 -0.499368
v 0.127871 -0.118776 -0.499373
v 0.137741 -0.139026 -0.499497
v 0.124125 -0.144787 -0.499502
v 0.099459 -0.149308 -0.499466
v 0.101034 -0.124925 -0.499340
v 0.104275 -0.110223 -0.499150
v 0.142307 -0.169752 -0.499606
v 0.140019 -0.157338 -0.499570
v 0.151916 -0.153496 -0.499537
v 0.157338 -0.166017 -0.499580
v 0.146996 -0.178286 -0.499600
v 0.159074 -0.152491 -0.458087
v 0.165413 -0.157031 -0.468028
v 0.162711 -0.143748 -0.470603
v 0.155455 -0.128379 -0.471847
v 0.152508 -0.132213 -0.460857
v 0.149183 -0.142036 -0.449623
v 0.111209 -0.171881 -0.441981
v 0.105442 -0.184013 -0.448607
v 0.129683 -0.185832 -0.454768
v 0.145549 -0.178382 -0.455001
v 0.136352 -0.168665 -0.445310
v 0.119492 -0.158194 -0.435178
v 0.086625 -0.132858 -0.400256
v 0.089304 -0.128953 -0.397972
v 0.088680 -0.129291 -0.392909
v 0.084501 -0.128808 -0.385946
v 0.079184 -0.139142 -0.385442
v 0.079133 -0.137911 -0.402718
v 0.071084 -0.149900 -0.401302
v 0.069177 -0.143833 -0.407348
v 0.071137 -0.152847 -0.395291
v 0.082661 -0.144766 -0.412276
v 0.084683 -0.149856 -0.418635
v 0.092056 -0.160639 -0.429973
v 0.101031 -0.148607 -0.426180
v 0.085994 -0.130859 -0.411704
v 0.080479 -0.140179 -0.407593
v 0.081043 -0.125125 -0.407823
v 0.085841 -0.121537 -0.401599
v 0.102241 -0.098180 -0.176658
v 0.096727 -0.101960 -0.148527
v 0.091126 -0.108259 -0.152435
v 0.086562 -0.111902 -0.155517
v 0.083875 -0.120417 -0.178208
v 0.090583 -0.215672 -0.162809
v 0.085265 -0.216839 -0.166962
v 0.083809 -0.212995 -0.164074
v 0.082949 -0.211064 -0.154646
v 0.086586 -0.213189 -0.153014
v 0.089520 -0.216693 -0.151838
v 0.052381 -0.226981 -0.146411
v 0.061519 -0.224309 -0.151891
v 0.065946 -0.232194 -0.156027
v 0.071018 -0.237383 -0.156090
v 0.068497 -0.244100 -0.150835
v 0.066602 -0.253565 -0.147584
v 0.061286 -0.251248 -0.153141
v 0.049224 -0.250299 -0.154524
v 0.044725 -0.239774 -0.150568
v 0.084536 -0.225846 -0.168784
v 0.089384 -0.224564 -0.166956
v 0.088849 -0.228178 -0.165482
v 0.083139 -0.231557 -0.165003
v 0.079556 -0.228576 -0.165960
v 0.086316 -0.231540 -0.162838
v 0.089915 -0.227549 -0.160911
v 0.089108 -0.229280 -0.153401
v 0.086907 -0.232650 -0.154680
v 0.083260 -0.234980 -0.157544
v 0.072366 -0.265315 -0.162028
v 0.064298 -0.261503 -0.164035
v 0.059392 -0.261858 -0.154831
v 0.072604 -0.274860 -0.150406
v 0.075875 -0.273546 -0.164934
v 0.070255 -0.265032 -0.140913
v 0.071838 -0.273383 -0.140713
v 0.071293 -0.253435 -0.143842
v 0.078719 -0.210475 -0.156035
v 0.078632 -0.212084 -0.164136
v 0.072542 -0.213866 -0.161331
v 0.068168 -0.216694 -0.153734
v 0.072223 -0.212233 -0.148387
v 0.079086 -0.208899 -0.143966
v 0.064594 -0.133361 -0.160034
v 0.071025 -0.133643 -0.166171
v 0.076335 -0.119762 -0.149258
v 0.084539 -0.119670 -0.156694
v 0.097121 -0.101595 -0.148787
v 0.094661 -0.128902 -0.155626
v 0.077843 -0.150747 -0.164276
v 0.100689 -0.088329 -0.124190
v 0.111536 -0.097152 -0.124361
v 0.091273 -0.124515 -0.126976
v 0.114157 -0.058852 -0.162282
v 0.114036 -0.058883 -0.155655
v 0.113542 -0.063300 -0.125223
v 0.132737 -0.042341 -0.074623
v 0.131614 -0.044225 -0.084769
v 0.130353 -0.046445 -0.093601
v 0.134511 -0.036518 -0.096245
v 0.137441 -0.024865 -0.101050
v 0.141448 -0.002761 -0.267497
v 0.140816 -0.011711 -0.275488
v 0.137122 -0.020726 -0.269363
v 0.132207 -0.030777 -0.247067
v 0.131599 -0.029297 -0.233263
v 0.136630 -0.013040 -0.237380
v 0.137189 0.007351 -0.236385
v 0.137720 0.009697 -0.249786
v 0.137554 0.013451 -0.258344
v 0.130665 -0.035742 -0.257509
v 0.125448 -0.066142 -0.235525
v 0.124337 -0.065774 -0.229941
v 0.119854 -0.062423 -0.231171
v 0.122044 -0.056855 -0.241402
v 0.127892 -0.058859 -0.241582
v 0.122806 -0.053859 -0.233789
v 0.138600 -0.058745 -0.238137
v 0.140309 -0.055253 -0.231768
v 0.136062 -0.062199 -0.229877
v 0.130500 -0.064945 -0.229467
v 0.130669 -0.066306 -0.235517
v 0.133750 -0.059893 -0.241001
v 0.110102 -0.063191 -0.104573
v 0.068535 -0.249765 -0.111954
v 0.075357 -0.240361 -0.118376
v 0.071228 -0.233559 -0.115545
v 0.066855 -0.227402 -0.116667
v 0.059105 -0.233338 -0.106837
v 0.059130 -0.229885 -0.095740
v 0.061788 -0.237767 -0.092269
v 0.063484 -0.250573 -0.086620
v 0.064815 -0.257871 -0.098372
v 0.066342 -0.261438 -0.107407
v 0.049138 -0.137682 -0.162456
v 0.050570 -0.133473 -0.148797
v 0.052140 -0.125817 -0.131834
v 0.067531 -0.125348 -0.145020
v 0.072425 -0.117247 -0.141784
v 0.064442 -0.130460 -0.147063
v 0.049672 -0.145858 -0.241646
v 0.049794 -0.143417 -0.217130
v 0.031287 -0.140018 -0.221209
v 0.020130 -0.131305 -0.224436
v 0.013266 -0.133967 -0.249959
v 0.038968 -0.149564 -0.277940
v 0.050474 -0.156731 -0.265338
v 0.024146 -0.145402 -0.134418
v 0.004429 -0.135336 -0.135700
v 0.006427 -0.145137 -0.161251
v 0.051857 -0.158570 -0.173946
v 0.047372 -0.150318 -0.133326
v 0.006734 -0.148997 -0.174861
v 0.047666 -0.221487 -0.119616
v 0.043625 -0.224886 -0.128966
v 0.035655 -0.227032 -0.124285
v 0.025864 -0.228236 -0.122860
v 0.024540 -0.216216 -0.110657
v 0.047107 -0.220748 -0.101690
v 0.051384 -0.221160 -0.113278
v 0.014690 -0.300393 -0.188483
v 0.023818 -0.298718 -0.201222
v 0.033219 -0.295331 -0.201800
v 0.042769 -0.293816 -0.201760
v 0.042357 -0.300709 -0.197638
v 0.034815 -0.305308 -0.179453
v 0.047505 -0.303503 -0.186546
v 0.041398 -0.308945 -0.174153
v 0.049929 -0.297670 -0.194819
v 0.053339 -0.280974 -0.207420
v 0.047466 -0.279957 -0.209412
v 0.051913 -0.272574 -0.213085
v 0.047798 -0.268069 -0.206790
v 0.055533 -0.271578 -0.198410
v 0.044692 -0.268354 -0.213282
v 0.057158 -0.281597 -0.201029
v 0.051975 -0.285421 -0.204242
v 0.058577 -0.276798 -0.195872
v 0.069913 -0.263856 -0.204760
v 0.065258 -0.266995 -0.203399
v 0.061502 -0.262950 -0.206162
v 0.066343 -0.258151 -0.202668
v 0.073577 -0.261033 -0.194596
v 0.074295 -0.267543 -0.197165
v 0.066559 -0.257873 -0.194328
v 0.032811 -0.266809 -0.207532
v 0.033118 -0.267878 -0.201972
v 0.032020 -0.269481 -0.194881
v 0.048231 -0.265974 -0.193715
v 0.056528 -0.264734 -0.203108
v 0.060141 -0.269327 -0.201087
v 0.046153 -0.265282 -0.184925
v 0.056354 -0.261124 -0.184646
v 0.066193 -0.258432 -0.184455
v 0.046367 -0.150862 -0.351490
v 0.045660 -0.150164 -0.371495
v 0.055574 -0.141581 -0.364292
v 0.067408 -0.131568 -0.362789
v 0.071634 -0.131746 -0.347169
v 0.052134 -0.153213 -0.321862
v 0.042071 -0.158346 -0.330585
v 0.079690 -0.127947 -0.330555
v 0.072557 -0.136742 -0.321846
v 0.064147 -0.145055 -0.308434
v 0.059799 -0.154911 -0.284156
v 0.073515 -0.145850 -0.294479
v 0.082801 -0.148982 -0.277754
v 0.088932 -0.149761 -0.257642
v 0.068558 -0.154765 -0.258062
v 0.045064 -0.175281 -0.468587
v 0.052536 -0.174942 -0.454897
v 0.044383 -0.166677 -0.443404
v 0.039093 -0.161577 -0.433003
v 0.028625 -0.159004 -0.438144
v 0.012856 -0.155917 -0.451479
v 0.009455 -0.158246 -0.462492
v 0.024790 -0.167648 -0.470054
v 0.036961 -0.178312 -0.480288
v 0.032875 -0.165242 -0.415134
v 0.035958 -0.162948 -0.423948
v 0.044343 -0.160053 -0.420270
v 0.041358 -0.162933 -0.400260
v 0.029373 -0.165195 -0.405182
v 0.050070 -0.156353 -0.416671
v 0.059445 -0.156610 -0.406660
v 0.058509 -0.159533 -0.401161
v 0.057989 -0.150840 -0.412606
v 0.036657 -0.168416 -0.495530
v 0.033020 -0.177206 -0.490183
v 0.019239 -0.166705 -0.479368
v 0.030629 -0.149830 -0.491466
v 0.043501 -0.156184 -0.496275
v 0.021929 -0.147235 -0.496563
v 0.051061 -0.090100 -0.490838
v 0.046368 -0.086608 -0.497231
v 0.037832 -0.082471 -0.499001
v 0.041151 -0.073074 -0.498810
v 0.043587 -0.069089 -0.493488
v 0.063195 -0.088190 -0.490188
v 0.061436 -0.094961 -0.491538
v 0.054532 -0.078566 -0.484203
v 0.064570 -0.083860 -0.486225
v 0.042134 -0.068934 -0.485979
v 0.014284 -0.070842 -0.442171
v 0.009179 -0.063903 -0.444493
v 0.005064 -0.069500 -0.438922
v 0.017870 -0.075656 -0.439473
v 0.000614 -0.075972 -0.435227
v 0.005106 -0.079936 -0.398349
v 0.018167 -0.073026 -0.400823
v 0.021034 -0.070159 -0.411884
v 0.023985 -0.067406 -0.421948
v 0.017670 -0.071325 -0.424596
v 0.014295 -0.077665 -0.425845
v 0.003560 -0.083578 -0.419428
v 0.033221 -0.065380 -0.419320
v 0.035606 -0.066548 -0.429705
v 0.036127 -0.070967 -0.437305
v 0.025570 -0.070832 -0.432753
v 0.069029 -0.085724 -0.443968
v 0.062405 -0.081808 -0.454881
v 0.050148 -0.074428 -0.436168
v 0.049056 -0.068873 -0.427133
v 0.058360 -0.079507 -0.463322
v 0.046079 -0.075915 -0.454543
v 0.033405 -0.077412 -0.442019
v 0.030181 -0.075307 -0.446707
v 0.069204 -0.083456 -0.471525
v 0.066388 -0.082766 -0.479717
v 0.039100 -0.068542 -0.477629
v 0.031839 -0.066917 -0.466227
v 0.040838 -0.072039 -0.461043
v 0.022526 -0.050754 -0.264408
v 0.018965 -0.042090 -0.276065
v 0.006464 -0.046372 -0.276642
v -0.000430 -0.056891 -0.265622
v 0.008255 -0.061475 -0.262726
v -0.003414 -0.057298 -0.274255
v 0.019376 -0.065621 -0.454039
v 0.020801 -0.063220 -0.468709
v 0.009079 -0.062810 -0.467249
v 0.006318 -0.064553 -0.451637
v -0.009617 -0.072288 -0.262709
v -0.012148 -0.072930 -0.270907
v -0.016756 -0.087380 -0.267320
v -0.013155 -0.097119 -0.263108
v -0.003877 -0.074829 -0.260460
v -0.003579 -0.111185 -0.254466
v 0.000446 -0.106216 -0.237187
v 0.010965 -0.082063 -0.498627
v 0.003497 -0.071367 -0.498284
v 0.015277 -0.066930 -0.498138
v 0.029879 -0.068648 -0.498376
v 0.026747 -0.078341 -0.498625
v 0.023370 -0.087708 -0.498829
v -0.001111 -0.085655 -0.425699
v -0.006208 -0.084936 -0.431361
v 0.002600 -0.161630 -0.485677
v 0.001939 -0.162605 -0.498216
v 0.013320 -0.143418 -0.499588
v -0.009473 -0.115117 -0.379958
v -0.012025 -0.113296 -0.394180
v -0.009319 -0.130132 -0.396367
v -0.008560 -0.145105 -0.399348
v -0.003935 -0.147185 -0.387879
v 0.004988 -0.149491 -0.386982
v 0.007539 -0.138495 -0.382247
v 0.000489 -0.140166 -0.355164
v -0.010577 -0.131759 -0.360369
v -0.011302 -0.115058 -0.362406
v 0.004626 -0.156933 -0.393305
v -0.003959 -0.155143 -0.402106
v 0.004997 -0.160569 -0.402363
v 0.000957 -0.148269 -0.302813
v 0.003845 -0.158169 -0.315027
v 0.014803 -0.160414 -0.308172
v 0.024049 -0.156858 -0.300646
v 0.015109 -0.147033 -0.293831
v 0.002417 -0.138027 -0.292327
v -0.004923 -0.258269 -0.205729
v -0.003874 -0.253401 -0.202554
v 0.001423 -0.255462 -0.207279
v -0.001142 -0.261460 -0.207130
v 0.000739 -0.254380 -0.201607
v -0.009135 -0.260357 -0.197913
v -0.006452 -0.256263 -0.195582
v -0.007518 -0.264659 -0.200242
v -0.007790 -0.251532 -0.158610
v -0.012019 -0.253873 -0.154515
v -0.014170 -0.246436 -0.144841
v 0.008043 -0.246571 -0.154813
v 0.005437 -0.255269 -0.159828
v 0.010611 -0.237922 -0.150395
v -0.011138 -0.232419 -0.134421
v -0.002059 -0.229892 -0.136054
v -0.016522 -0.240755 -0.129529
v 0.009248 -0.229866 -0.138016
v -0.016681 -0.258399 -0.123315
v -0.015415 -0.262338 -0.135546
v -0.015271 -0.270811 -0.132902
v -0.010601 -0.280526 -0.132555
v -0.008424 -0.277337 -0.123560
v -0.012717 -0.281713 -0.120184
v -0.022991 -0.272154 -0.112980
v -0.025644 -0.256435 -0.107417
v -0.020772 -0.252892 -0.111410
v -0.025266 -0.260195 -0.098153
v 0.008327 -0.292869 -0.190409
v 0.014614 -0.289434 -0.204857
v 0.025932 -0.288485 -0.205129
v 0.008561 -0.283584 -0.195801
v -0.005252 -0.297701 -0.148209
v -0.011527 -0.287274 -0.146457
v -0.008838 -0.287815 -0.166472
v -0.008936 -0.281883 -0.182154
v 0.000574 -0.286686 -0.183661
v 0.014750 -0.302455 -0.168347
v 0.004937 -0.306855 -0.149139
v -0.017240 -0.280793 -0.099617
v -0.021489 -0.276801 -0.105961
v -0.016694 -0.286897 -0.119318
v -0.009609 -0.295421 -0.119450
v -0.011246 -0.295033 -0.108340
v -0.026743 -0.233539 -0.096839
v -0.017829 -0.246284 -0.112577
v -0.028766 -0.241115 -0.086106
v -0.013771 -0.092808 -0.160433
v -0.019237 -0.093817 -0.156977
v -0.009823 -0.073063 -0.113130
v -0.018059 -0.055453 -0.113072
v -0.020998 -0.055928 -0.129844
v -0.021354 -0.053864 -0.140935
v -0.022451 -0.091734 -0.136011
v -0.017100 -0.084029 -0.111254
v -0.026577 -0.097728 -0.155113
v -0.000737 -0.081571 -0.068560
v 0.008558 -0.093591 -0.062150
v 0.008624 -0.086968 -0.050838
v 0.009873 -0.083650 -0.044121
v -0.003645 -0.062288 -0.045034
v -0.007920 -0.061462 -0.063080
v -0.006652 -0.073716 -0.073672
v -0.008953 -0.057123 -0.070845
v -0.013456 -0.027489 -0.067387
v -0.008820 -0.026023 -0.077162
v -0.008349 -0.052711 -0.085904
v -0.007830 -0.065712 -0.079908
v -0.013002 -0.025038 -0.085420
v -0.006904 -0.094749 -0.146706
v -0.007756 -0.095872 -0.163411
v -0.012183 -0.081275 -0.150030
v -0.008230 -0.095572 -0.149650
v 0.002300 -0.117979 -0.168238
v -0.004067 -0.118604 -0.181207
v -0.017441 -0.104340 -0.175673
v -0.021263 -0.097278 -0.169028
v -0.010763 -0.125733 -0.179065
v -0.012140 -0.127073 -0.169521
v -0.028897 -0.101352 -0.166077
v -0.014971 -0.053717 -0.159150
v -0.017840 -0.051738 -0.150934
v -0.024254 -0.023060 -0.154134
v -0.013027 -0.037409 -0.176128
v -0.015146 -0.058076 -0.169145
v -0.001817 -0.012554 -0.172230
v -0.003755 -0.023239 -0.182696
v -0.024581 0.009990 -0.156920
v -0.014561 0.006182 -0.165903
v -0.001100 0.004193 -0.173536
v -0.040036 -0.218788 -0.068763
v -0.038890 -0.222665 -0.060054
v -0.046637 -0.202646 -0.036043
v -0.039805 -0.200597 -0.036819
v -0.044439 -0.194608 -0.043892
v -0.036688 -0.215432 -0.070852
v -0.131441 -0.198026 -0.261684
v -0.133514 -0.197826 -0.245060
v -0.131557 -0.191998 -0.234520
v -0.127890 -0.173116 -0.239365
v -0.123071 -0.175825 -0.257557
v -0.126875 -0.195083 -0.262241
v -0.119148 -0.216556 -0.263233
v -0.121170 -0.221172 -0.255072
v -0.116772 -0.213194 -0.264615
v -0.096825 -0.216591 -0.274188
v -0.097120 -0.233100 -0.262121
v -0.086374 -0.204747 -0.284135
v -0.075161 -0.202358 -0.273772
v -0.074817 -0.212907 -0.260106
v -0.081478 -0.226714 -0.255830
v -0.098375 -0.231286 -0.248822
v -0.087269 -0.203802 -0.277402
v -0.080285 -0.195944 -0.283220
v -0.074191 -0.200675 -0.262562
v -0.080127 -0.193647 -0.273684
v -0.038983 -0.099013 -0.499072
v -0.024495 -0.113715 -0.499274
v -0.038528 -0.126884 -0.497438
v -0.036040 -0.125978 -0.478057
v -0.039459 -0.111197 -0.479222
v -0.037069 -0.096251 -0.481063
v -0.095497 -0.132178 -0.271771
v -0.113357 -0.135412 -0.270419
v -0.113841 -0.136717 -0.278811
v -0.098341 -0.156894 -0.260620
v -0.101845 -0.158376 -0.258672
v -0.087923 -0.133823 -0.275065
v -0.090561 -0.157803 -0.260983
v -0.111307 -0.128547 -0.279814
v -0.096238 -0.127878 -0.281152
v -0.126560 -0.118741 -0.274958
v -0.120454 -0.117453 -0.272624
v -0.102055 -0.114531 -0.278402
v -0.119675 0.114132 -0.276113
v -0.138049 0.113852 -0.272871
v -0.113382 0.128617 -0.278726
v -0.108155 0.126683 -0.275604
v -0.138262 0.125795 -0.277787
v -0.118031 0.132419 -0.279638
v -0.030557 0.083962 -0.494740
v -0.025807 0.085516 -0.499060
v -0.032529 0.083292 -0.486647
v -0.021721 0.104372 -0.303919
v -0.022279 0.090712 -0.304592
v -0.011543 0.076108 -0.293422
v -0.010079 0.076480 -0.286401
v -0.014219 0.074827 -0.276892
v -0.016071 0.095370 -0.277231
v -0.012351 0.114731 -0.277984
v -0.012713 0.117030 -0.288525
v -0.016342 0.121834 -0.302896
v -0.015243 0.107857 -0.499119
v -0.025352 0.104820 -0.499115
v -0.025578 0.119796 -0.499221
v -0.010280 0.125206 -0.499230
v -0.004213 0.113648 -0.499140
v -0.017659 0.132995 -0.499216
v -0.003895 0.265157 -0.204351
v -0.000934 0.259941 -0.205380
v -0.004791 0.257227 -0.201846
v -0.009171 0.266576 -0.196518
v -0.006528 0.272174 -0.198095
v -0.008328 0.261490 -0.194414
v -0.096558 0.212119 -0.270934
v -0.095850 0.208630 -0.264494
v -0.098953 0.196984 -0.268399
v -0.096489 0.206281 -0.279034
v -0.096427 0.214853 -0.275117
v -0.109819 0.203835 -0.272704
v -0.110622 0.206676 -0.278115
v -0.102420 0.201841 -0.280859
v -0.108569 0.200324 -0.265797
v -0.097756 0.207436 -0.284109
v 0.014397 0.153066 -0.445975
v 0.016188 0.158415 -0.463661
v 0.001925 0.156071 -0.463396
v -0.011724 0.151592 -0.462758
v -0.002007 0.133924 -0.428379
v -0.008978 0.137841 -0.420687
v -0.003096 0.150487 -0.428052
v -0.015815 0.135379 -0.441030
v -0.020687 0.137580 -0.462405
v -0.095982 0.216149 -0.278243
v -0.107675 0.210803 -0.280848
v -0.119426 0.222128 -0.274204
v -0.140923 0.225289 -0.266107
v -0.143599 0.230923 -0.262864
v -0.123727 0.235256 -0.264528
v -0.138976 0.220355 -0.267844
v -0.106072 0.227952 -0.269719
v -0.124310 0.233258 -0.259558
v -0.112457 0.232046 -0.262002
v -0.103403 0.224211 -0.265865
v -0.150367 0.204193 -0.266213
v -0.148162 0.202220 -0.261523
v -0.152809 0.188629 -0.256713
v -0.147844 0.176952 -0.253381
v -0.151085 0.175582 -0.255409
v -0.155721 0.172288 -0.255104
v -0.161057 0.178305 -0.259544
v -0.165512 0.183791 -0.262628
v -0.162033 0.194977 -0.263937
v -0.168802 0.189096 -0.262602
v -0.168815 0.177727 -0.260048
v -0.171393 0.186771 -0.258537
v -0.113009 0.111621 -0.272067
v -0.126039 0.111241 -0.269066
v -0.137976 0.111966 -0.266615
v -0.144597 0.163052 -0.254525
v -0.125333 0.147902 -0.264455
v -0.126189 0.148026 -0.257555
v -0.149720 0.162589 -0.240706
v -0.164242 0.172877 -0.234831
v -0.166748 0.177681 -0.241954
v -0.127363 0.148087 -0.249627
v -0.168692 0.182071 -0.247834
v -0.162541 0.171888 -0.251489
v -0.044830 0.201761 -0.051968
v -0.046890 0.193645 -0.044866
v -0.040816 0.218687 -0.055447
v -0.041752 0.212376 -0.061074
v -0.044166 0.203672 -0.039178
v -0.040314 0.214029 -0.031752
v -0.040381 0.218677 -0.039112
v -0.016175 0.287220 -0.107268
v -0.019959 0.271583 -0.095043
v -0.013747 0.278375 -0.089014
v -0.006236 0.286069 -0.084898
v -0.005771 0.297594 -0.101251
v -0.006009 0.297725 -0.114422
v 0.028699 0.242374 -0.147284
v -0.004313 0.221711 -0.109327
v 0.005570 0.258899 -0.207014
v 0.010234 0.264852 -0.208218
v 0.012244 0.259268 -0.206490
v 0.010782 0.256077 -0.201414
v 0.005796 0.250777 -0.202837
v 0.002152 0.255662 -0.204293
v -0.019538 0.249724 -0.112402
v -0.023486 0.256192 -0.109727
v -0.019857 0.261059 -0.120713
v -0.017101 0.241510 -0.129431
v -0.014070 0.241377 -0.116088
v -0.016368 0.265777 -0.136938
v -0.017107 0.256891 -0.139635
v -0.015512 0.248343 -0.144445
v -0.015000 0.275955 -0.136350
v -0.025450 0.261808 -0.105326
v -0.023949 0.266369 -0.100658
v -0.019575 0.280975 -0.113696
v -0.018546 0.100333 -0.174734
v -0.012807 0.107584 -0.177616
v -0.009078 0.104486 -0.175066
v -0.012517 0.096676 -0.167338
v -0.018129 0.095522 -0.167458
v -0.006928 0.103439 -0.166334
v -0.017809 0.110784 -0.176455
v -0.020927 0.105002 -0.172443
v -0.021118 0.112368 -0.168528
v -0.013123 0.123968 -0.174485
v -0.009875 0.120840 -0.178252
v -0.013266 0.123977 -0.168269
v -0.014291 0.081494 -0.119176
v -0.014440 0.092602 -0.115534
v -0.017380 0.100580 -0.134037
v -0.005839 0.096203 -0.164245
v -0.012999 0.082175 -0.172132
v -0.015563 0.073682 -0.148684
v -0.015941 0.069339 -0.123673
v -0.019361 0.104418 -0.146373
v -0.019687 0.092563 -0.148566
v -0.016927 0.093004 -0.159523
v -0.003776 0.099704 -0.155020
v -0.008209 0.073694 -0.094725
v -0.009847 0.064175 -0.099670
v -0.004714 0.073567 -0.071794
v -0.008372 0.082908 -0.091047
v -0.010665 0.043780 -0.057284
v -0.004116 0.066377 -0.059019
v -0.001770 0.064155 -0.074510
v -0.004802 0.039811 -0.077422
v -0.011172 0.043301 -0.090047
v -0.011315 0.032593 -0.084158
v -0.018102 0.046079 -0.105096
v -0.015315 0.066040 -0.179310
v -0.013641 0.051816 -0.187159
v -0.014448 0.036665 -0.168575
v -0.029133 0.012858 -0.146849
v -0.023229 0.049000 -0.126502
v -0.067423 0.086387 0.077033
v -0.070782 0.084423 0.078277
v -0.067057 0.083665 0.090165
v -0.067074 0.089013 0.092045
v -0.066708 0.090486 0.087430
v -0.069360 0.090313 0.076867
v -0.067994 0.088625 0.095254
v -0.070141 0.082368 0.089993
v -0.072205 0.080126 0.089990
v -0.073096 0.072882 0.097094
v -0.074113 0.074549 0.106137
v -0.068302 0.091500 0.112000
v -0.073892 0.073803 0.090588
v -0.068396 0.071361 0.020837
v -0.066599 0.073607 0.038562
v -0.061535 0.071292 0.037001
v -0.062257 0.082373 0.017718
v -0.060105 0.078496 0.036224
v -0.078939 0.032205 0.046245
v -0.082989 0.022991 0.021692
v -0.080299 0.007683 0.029188
v -0.079302 -0.007545 0.034090
v -0.068703 0.015556 0.052340
v -0.072359 0.034882 0.059388
v -0.065121 0.053658 0.091938
v -0.061990 0.045439 0.082234
v -0.061830 0.057730 0.091325
v -0.069022 0.064474 0.076998
v -0.067490 0.062032 0.071610
v -0.055521 0.071253 0.051464
v -0.059271 0.073863 0.053510
v -0.055810 0.077512 0.052916
v -0.043169 0.076495 0.055206
v -0.046156 0.069604 0.059106
v -0.051973 0.067641 0.049988
v -0.016335 0.058668 0.003261
v -0.025104 0.055612 0.017690
v -0.020490 0.077555 0.019557
v 0.005164 0.082889 -0.011006
v -0.008497 0.058363 -0.009573
v -0.016897 0.088789 0.021206
v 0.000343 0.096114 0.009572
v 0.020654 0.106859 0.003446
v 0.020625 0.103992 -0.001011
v 0.024173 0.099346 -0.010026
v -0.038453 0.083705 0.049512
v -0.036837 0.098094 0.062059
v -0.024583 0.100955 0.038825
v -0.027804 0.091256 0.037243
v -0.040944 0.092307 0.097449
v -0.042108 0.090338 0.091056
v -0.045021 0.089111 0.092221
v -0.043643 0.092449 0.100537
v -0.041296 0.094559 0.100651
v -0.046997 0.091039 0.093403
v -0.041021 0.100521 0.099295
v -0.047455 0.100724 0.100737
v -0.049283 0.111515 0.094114
v -0.045146 0.110866 0.093832
v -0.041104 0.109490 0.093292
v -0.049137 0.093440 0.094054
v -0.050407 0.093978 0.095318
v -0.035618 0.100759 0.091370
v -0.036794 0.106978 0.092763
v -0.034841 0.107964 0.081375
v -0.035427 0.101454 0.081025
v -0.035882 0.114905 0.081470
v -0.037499 0.097412 0.094801
v -0.039543 0.095661 0.101300
v -0.037213 0.097069 0.090344
v -0.039033 0.094567 0.096516
v -0.053184 0.082842 0.051443
v -0.050828 0.086748 0.051838
v -0.052996 0.090061 0.053078
v -0.052152 0.108015 0.122737
v -0.050611 0.126126 0.115661
v -0.057299 0.110533 0.103998
v -0.057840 0.096185 0.099228
v -0.061979 0.096460 0.091615
v -0.065060 0.095213 0.092111
v -0.056001 0.093105 0.054661
v -0.049703 0.089130 0.065233
v -0.043182 0.089550 0.074818
v -0.039715 0.092963 0.073482
v -0.065897 0.085356 -0.001618
v -0.065518 0.091464 -0.002100
v -0.054066 0.080724 0.052237
v -0.007019 0.215767 0.000273
v -0.002534 0.224132 -0.004734
v -0.022034 0.215979 -0.009635
v -0.025741 0.210917 -0.013149
v -0.019437 0.207307 -0.008555
v -0.015766 0.219147 -0.009346
v -0.041099 0.129414 0.065828
v -0.043903 0.140328 0.050241
v -0.034928 0.135537 0.056091
v -0.030895 0.133790 0.051305
v -0.027209 0.125342 0.057208
v -0.032806 0.112412 0.059530
v -0.034151 0.111654 0.068893
v -0.021928 0.219195 -0.011724
v -0.022854 0.222755 -0.010195
v -0.028758 0.226253 -0.013302
v -0.032044 0.217349 -0.017235
v -0.017111 0.222111 -0.009632
v -0.005604 0.226304 -0.005441
v -0.008555 0.232172 -0.001232
v -0.020051 0.228390 -0.006389
v -0.011297 0.238397 0.000761
v 0.002588 0.223847 -0.004540
v -0.028681 0.194685 -0.052103
v -0.022506 0.185326 -0.056029
v -0.020916 0.179060 -0.045077
v -0.039184 0.192118 -0.044522
v -0.037703 0.197774 -0.052471
v -0.017981 0.175452 -0.035285
v -0.024517 0.184292 -0.029680
v -0.024479 0.194588 -0.020157
v -0.030413 0.200616 -0.031765
v -0.038670 0.201130 -0.035385
v -0.058915 0.132146 0.049582
v -0.063788 0.137422 0.044664
v -0.060402 0.140925 0.039236
v -0.050072 0.149443 0.037353
v -0.044085 0.148738 0.041239
v -0.057701 0.151925 0.035061
v -0.064154 0.134234 0.054441
v -0.065502 0.141894 0.057641
v -0.066125 0.144134 0.049781
v -0.066887 0.143748 0.043212
v -0.064289 0.153792 0.033699
v -0.065411 0.154798 0.041997
v -0.115883 0.114385 0.337352
v -0.124174 0.109224 0.342129
v -0.099724 0.116519 0.345592
v -0.106820 0.119198 0.337282
v -0.114609 0.120149 0.348633
v -0.099491 0.112757 0.360040
v -0.125872 0.113367 0.343238
v -0.089645 0.112134 0.357634
v -0.121317 0.115267 0.316859
v -0.116272 0.121826 0.329824
v -0.118159 0.127955 0.322777
v -0.123842 0.128763 0.320718
v -0.129232 0.125452 0.321737
v -0.127373 0.125685 0.315914
v -0.125452 0.124407 0.315112
v -0.116180 0.124932 0.312076
v -0.118224 0.120474 0.311996
v -0.123716 0.128732 0.316015
v -0.115292 0.127435 0.317754
v -0.164369 0.120388 0.318197
v -0.167843 0.119237 0.318625
v -0.173095 0.121775 0.320410
v -0.167666 0.121116 0.321192
v -0.125727 0.106102 0.316903
v -0.138334 0.114591 0.320232
v -0.141885 0.112029 0.329852
v -0.166693 0.104259 0.325217
v -0.162821 0.107695 0.326821
v -0.172262 0.115659 0.323863
v -0.172713 0.114966 0.322050
v -0.166039 0.104490 0.320642
v -0.175275 0.120265 0.321116
v -0.171093 0.116233 0.320398
v -0.170747 0.117774 0.323554
v -0.111421 0.104180 0.317552
v -0.109908 0.108835 0.313293
v -0.108728 0.089933 0.311775
v -0.125316 0.097845 0.311063
v -0.101737 0.089664 0.300389
v -0.147032 0.104613 0.332817
v -0.130676 0.100795 0.344411
v -0.152714 0.096995 0.330287
v -0.145451 0.086412 0.336376
v -0.133811 0.082811 0.348563
v -0.128851 0.089345 0.350609
v -0.139128 0.072295 0.344463
v -0.131203 0.094947 0.355049
v -0.125232 0.085006 0.367104
v -0.129837 0.091479 0.373368
v -0.130478 0.101179 0.382383
v -0.142573 0.107105 0.374739
v -0.139418 0.110363 0.347541
v -0.132338 0.104369 0.346459
v -0.167561 0.138974 0.373424
v -0.163797 0.130149 0.368966
v -0.158127 0.133048 0.374237
v -0.153212 0.140033 0.375873
v -0.161782 0.143322 0.376778
v -0.173034 0.144785 0.375649
v -0.171867 0.139168 0.371237
v -0.170867 0.148937 0.378017
v -0.174729 0.148803 0.378074
v -0.166056 0.149322 0.377039
v -0.169392 0.151311 0.377092
v -0.160113 0.147672 0.375247
v -0.161187 0.148832 0.371290
v -0.168232 0.149220 0.374160
v -0.164285 0.146037 0.368282
v -0.119880 0.133228 0.362106
v -0.127394 0.130409 0.376606
v -0.114642 0.122331 0.382522
v -0.093749 0.110667 0.387231
v -0.087232 0.106317 0.380880
v -0.123461 0.129399 0.349710
v -0.095839 0.101030 0.313512
v -0.079831 0.087803 0.318040
v -0.077291 0.083268 0.311806
v -0.094792 0.090452 0.307344
v -0.079836 0.095555 0.320729
v -0.021792 0.064635 0.151239
v -0.028907 0.060155 0.146968
v -0.036062 0.050655 0.143834
v -0.032730 0.047726 0.148725
v -0.038971 0.036655 0.144573
v -0.039628 0.037342 0.153476
v -0.037388 0.037762 0.161908
v -0.030174 0.038460 0.163233
v -0.018165 0.054208 0.161523
v -0.059687 0.039558 0.335032
v -0.067513 0.038002 0.336494
v -0.064942 0.056480 0.316443
v -0.053037 0.045933 0.335613
v -0.077425 0.065062 0.305604
v -0.074471 0.038504 0.341679
v -0.088689 0.060623 0.323309
v -0.103486 0.082715 0.298480
v -0.107166 0.083394 0.306190
v -0.092615 0.085523 0.301235
v -0.048252 -0.027095 0.396472
v -0.059071 -0.021776 0.410385
v -0.064862 -0.005122 0.401408
v -0.039706 -0.018632 0.401450
v -0.060825 0.006276 0.403138
v -0.067052 0.018849 0.395431
v -0.055397 0.013542 0.386844
v -0.050089 0.013929 0.382403
v -0.039255 0.000896 0.393564
v -0.031889 -0.012955 0.402369
v -0.055958 -0.045785 0.225331
v -0.050081 -0.049021 0.212350
v -0.034495 -0.082410 0.228531
v -0.051942 -0.066886 0.238767
v -0.061826 -0.044389 0.240257
v -0.073026 -0.044257 0.029106
v -0.071596 -0.044220 0.048917
v -0.069191 -0.027526 0.056173
v -0.078532 -0.018385 0.036749
v -0.078937 -0.031388 0.008416
v -0.075395 -0.039745 0.004962
v -0.072240 -0.048242 0.001280
v -0.063276 -0.062349 0.074022
v -0.067530 -0.064794 0.077731
v -0.062781 -0.054216 0.088183
v -0.063141 -0.055210 0.076917
v -0.043462 0.002753 0.045661
v -0.046032 0.022083 0.045189
v -0.041596 0.021681 0.045989
v -0.038436 0.000131 0.040534
v -0.043978 -0.024314 0.051124
v -0.048148 -0.027852 0.043211
v -0.038351 0.023433 0.039549
v 0.005089 -0.064347 0.161734
v -0.017012 -0.059626 0.158502
v -0.015447 -0.066967 0.156106
v -0.018298 -0.070918 0.157849
v -0.025229 -0.062873 0.152716
v -0.030761 -0.050428 0.152991
v -0.032806 -0.052043 0.144743
v -0.025704 -0.048880 0.160479
v 0.008233 -0.056716 0.159393
v -0.002811 -0.049828 0.160381
v -0.012685 -0.041174 0.162036
v -0.018804 -0.046088 0.162710
v -0.006608 0.000546 0.380851
v -0.002272 0.008054 0.374901
v -0.015606 0.003206 0.361705
v -0.018951 -0.015778 0.355643
v -0.004151 -0.016988 0.367178
v -0.007849 -0.005588 0.386443
v -0.010719 0.016028 0.404872
v -0.006475 0.009344 0.399387
v 0.001701 -0.018699 0.387955
v -0.006776 -0.012316 0.398565
v -0.018466 0.003070 0.395120
v -0.019806 0.011218 0.396605
v 0.010483 0.018824 0.400381
v 0.010556 0.026559 0.415250
v 0.015990 0.026056 0.423898
v 0.022444 0.013753 0.421100
v 0.003222 0.020687 0.408260
v -0.011631 0.020276 0.487566
v 0.003104 0.011286 0.482201
v 0.001004 0.015660 0.475935
v -0.014473 0.026726 0.479011
v -0.020646 0.026587 0.485941
v -0.002586 0.022442 0.469369
v -0.019163 0.022118 0.405275
v -0.049139 -0.036991 0.417319
v -0.035465 -0.034352 0.408950
v -0.037467 -0.041677 0.419532
v -0.012973 -0.016481 0.406934
v 0.004285 -0.027288 0.402241
v 0.005958 -0.032793 0.414061
v -0.010806 -0.034658 0.414433
v -0.018696 -0.022465 0.409273
v -0.022462 -0.034133 0.471842
v -0.021778 -0.039762 0.460079
v -0.002867 -0.036798 0.462262
v -0.014116 -0.026873 0.478007
v -0.004261 -0.079711 0.169748
v 0.010858 -0.082723 0.169834
v 0.012338 -0.075253 0.164595
v 0.014960 -0.067686 0.162645
v -0.021239 -0.083067 0.252080
v -0.023957 -0.079254 0.241293
v 0.003676 -0.094360 0.226142
v -0.018704 -0.087211 0.268466
v 0.037471 -0.101437 0.215159
v -0.028511 -0.079743 0.233718
v -0.019233 -0.086589 0.213697
v 0.002041 -0.093782 0.207140
v -0.046740 -0.049815 0.204499
v -0.037380 -0.071940 0.207585
v -0.020419 -0.083195 0.206551
v -0.034259 -0.108479 0.073656
v -0.034089 -0.106668 0.066487
v -0.032504 -0.115156 0.065994
v -0.031599 -0.121831 0.065559
v -0.032897 -0.117723 0.075092
v -0.033960 -0.111402 0.079537
v -0.001381 -0.228921 0.078107
v -0.018041 -0.223721 0.074858
v 0.018110 -0.117335 0.011963
v 0.019874 -0.120822 0.009007
v 0.008267 -0.118940 0.010299
v -0.005743 -0.119354 0.024003
v -0.004763 -0.114151 0.029244
v -0.008920 -0.108088 0.028253
v -0.015465 -0.101829 0.025617
v 0.004277 -0.106834 0.012642
v 0.018891 -0.107966 0.006459
v 0.035694 -0.113097 0.012896
v 0.030657 -0.115004 0.020645
v 0.030871 -0.118889 0.020075
v -0.025315 -0.195330 -0.017312
v -0.021768 -0.187734 -0.022814
v -0.023935 -0.188576 -0.029709
v -0.032932 -0.196390 -0.037133
v -0.034688 -0.206307 -0.028400
v -0.030187 -0.212125 -0.019198
v -0.026075 -0.206861 -0.015851
v -0.021985 -0.202575 -0.012737
v -0.027176 -0.189154 -0.039147
v -0.021163 -0.125650 0.033969
v -0.021151 -0.132723 0.022561
v -0.026888 -0.138361 0.031886
v -0.029424 -0.142819 0.040933
v -0.029917 -0.133586 0.055302
v -0.028570 -0.117141 0.053721
v -0.020265 -0.118875 0.040513
v -0.031958 -0.210957 0.069596
v -0.030362 -0.215790 0.062380
v -0.025876 -0.217178 0.057103
v -0.006131 -0.226901 0.060557
v -0.061373 -0.165880 0.049619
v -0.062760 -0.160209 0.043113
v -0.057028 -0.169061 0.037410
v -0.054958 -0.180451 0.048031
v -0.055799 -0.176888 0.056354
v -0.053036 -0.180970 0.042470
v -0.065661 -0.129365 0.047447
v -0.060637 -0.130805 0.047647
v -0.061767 -0.133121 0.042825
v -0.065109 -0.135791 0.043170
v -0.065508 -0.135450 0.047988
v -0.043175 -0.143706 0.055677
v -0.035578 -0.153267 0.054779
v -0.046081 -0.142320 0.048477
v -0.045486 -0.138491 0.054101
v -0.042717 -0.155676 0.045325
v -0.047904 -0.146410 0.043611
v -0.036615 -0.137260 0.061122
v -0.041910 -0.138627 0.063887
v -0.033608 -0.163965 0.027924
v -0.032486 -0.171735 0.032775
v -0.030232 -0.156730 0.021857
v -0.045025 -0.056894 0.055332
v -0.030319 -0.068971 0.029822
v -0.023392 -0.087378 0.027196
v -0.051462 -0.070163 0.058957
v -0.053294 -0.069158 0.046053
v -0.047532 -0.064853 0.044912
v -0.047588 -0.068940 0.068424
v -0.050940 -0.073584 0.067236
v -0.047037 -0.057438 0.044463
v -0.035375 -0.090002 0.046964
v -0.044716 -0.080944 0.065454
v -0.051195 -0.078076 0.070737
v -0.057633 -0.136772 0.043529
v -0.060261 -0.139530 0.040683
v -0.063607 -0.141386 0.042280
v -0.075308 -0.094855 0.034924
v -0.076952 -0.100415 0.035794
v -0.073762 -0.095477 0.053307
v -0.076622 -0.082852 0.053883
v -0.080908 -0.083661 0.037190
v -0.076642 -0.087736 0.035907
v -0.077476 -0.095594 0.015768
v -0.079534 -0.101468 0.015869
v -0.079988 -0.089904 0.016566
v -0.063486 -0.141420 0.076707
v -0.066072 -0.132819 0.073927
v -0.065919 -0.134727 0.061443
v -0.056317 -0.162608 0.071019
v -0.055890 -0.152930 0.083453
v -0.065368 -0.143148 0.053351
v -0.064575 -0.152820 0.049862
v -0.063571 -0.159136 0.056556
v -0.065742 -0.134977 0.054245
v -0.033802 -0.118898 0.087663
v -0.034407 -0.124526 0.080384
v -0.037909 -0.126845 0.082957
v -0.038707 -0.114069 0.093011
v -0.035757 -0.111009 0.092770
v -0.043584 -0.125440 0.072758
v -0.047546 -0.121447 0.071044
v -0.048948 -0.116193 0.083363
v -0.051240 -0.109900 0.092617
v -0.047316 -0.108262 0.093669
v -0.043122 -0.105984 0.095570
v -0.027009 -0.101510 0.045260
v -0.038381 -0.094442 0.070422
v -0.049394 -0.085103 0.073296
v -0.050564 -0.081768 0.071930
v -0.053777 -0.094451 0.077162
v -0.052617 -0.092076 0.075854
v -0.036324 -0.095520 0.086048
v -0.036093 -0.101811 0.096021
v -0.053898 -0.095518 0.081715
v -0.064257 -0.112178 0.093384
v -0.062340 -0.117514 0.096905
v -0.061364 -0.110007 0.103590
v -0.062395 -0.104344 0.106868
v -0.063064 -0.100743 0.100842
v -0.066116 -0.098620 0.089018
v -0.065136 -0.102708 0.088366
v -0.058096 -0.104382 0.097543
v -0.059779 -0.111411 0.092912
v -0.063146 -0.103613 0.087784
v -0.064293 -0.057764 0.091867
v -0.069608 -0.068053 0.078977
v -0.071519 -0.071356 0.077763
v -0.071633 -0.077403 0.076825
v -0.067593 -0.075204 0.091238
v -0.072933 -0.073139 0.101129
v -0.071509 -0.062857 0.103609
v -0.064136 -0.041453 0.124682
v -0.066352 -0.042318 0.116817
v -0.067677 -0.061223 0.121009
v -0.053607 -0.059268 0.141181
v -0.063798 -0.041154 0.134094
v -0.070065 -0.070375 0.122482
v -0.063164 -0.078715 0.133980
v -0.060999 -0.087300 0.131005
v -0.049772 -0.088653 0.141342
v -0.034842 -0.100620 0.157147
v -0.030788 -0.094224 0.160241
v -0.043727 -0.073471 0.152766
v -0.025888 -0.085766 0.162743
v -0.070795 -0.079898 0.122653
v -0.049293 -0.097496 0.095288
v -0.056083 -0.098203 0.081685
v -0.057300 -0.100508 0.082824
v -0.058398 -0.104544 0.072269
v -0.058285 -0.101962 0.070773
v -0.057676 -0.099375 0.069353
v -0.052614 -0.099800 0.094442
v -0.055118 -0.102272 0.095078
v -0.058968 -0.102188 0.084548
v -0.061414 -0.102732 0.086019
v -0.064397 -0.105747 0.074421
v -0.060925 -0.105614 0.073470
v -0.056222 -0.102494 0.095918
v -0.055208 -0.110741 0.092617
v -0.054542 -0.117340 0.082966
v -0.060331 -0.118542 0.083415
v -0.060375 -0.123276 0.072322
v -0.066709 -0.124523 0.072060
v -0.066223 -0.119882 0.084189
v -0.053921 -0.122222 0.071967
v -0.053945 -0.126330 0.060962
v -0.060130 -0.125947 0.061397
v -0.047853 -0.127379 0.059333
v -0.049429 -0.133683 0.052965
v -0.054619 -0.130453 0.052988
v -0.044578 -0.132811 0.061818
v -0.039582 -0.132565 0.073800
v -0.035222 -0.130236 0.071297
v -0.033174 -0.121195 0.077817
v -0.032433 -0.126442 0.068797
v -0.033699 -0.115188 0.084133
v -0.035152 -0.106066 0.087245
v -0.035910 -0.101507 0.080911
v -0.036949 -0.097821 0.075674
v -0.043238 -0.090308 0.079121
v -0.048212 -0.087269 0.075937
v -0.052526 -0.089874 0.072172
v -0.052889 -0.086949 0.069363
v -0.052669 -0.082839 0.067693
v -0.054916 -0.086061 0.061867
v -0.054305 -0.080765 0.060718
v -0.054092 -0.074922 0.060250
v -0.052112 -0.078127 0.067052
v -0.055803 -0.078650 0.048522
v -0.058368 -0.072329 0.047797
v -0.058509 -0.076970 0.030981
v -0.063314 -0.072042 0.031388
v -0.056486 -0.069533 0.029856
v -0.069940 -0.071720 0.006902
v -0.062499 -0.068828 0.005787
v -0.054528 -0.064548 0.005754
v -0.050432 -0.064608 0.029622
v -0.049376 -0.058917 0.006240
v -0.047359 -0.058309 0.029856
v -0.049630 -0.051927 0.007381
v -0.049080 -0.049388 0.030108
v -0.048440 -0.046365 0.044265
v -0.052261 -0.037813 0.028203
v -0.045536 -0.044805 0.054587
v -0.035360 -0.022919 0.033919
v -0.034654 -0.049212 0.033044
v -0.024188 -0.050797 0.013556
v -0.014713 -0.075409 0.009903
v -0.028399 -0.023370 0.018527
v -0.022102 -0.023676 0.004240
v -0.016180 -0.050788 -0.000142
v -0.034439 0.001749 0.031636
v -0.030263 0.003157 0.021969
v -0.025033 0.003448 0.009945
v -0.019679 0.003287 -0.002062
v -0.017032 -0.024128 -0.006318
v -0.031781 0.028186 0.024660
v -0.027007 0.030308 0.014629
v -0.020529 0.030947 0.002234
v -0.014531 0.030666 -0.009080
v -0.014716 0.002706 -0.011663
v -0.007743 0.002535 -0.018195
v -0.004730 -0.024148 -0.019377
v -0.012043 -0.024395 -0.014332
v -0.008881 0.029814 -0.017149
v -0.000349 0.027980 -0.021724
v -0.001812 0.003038 -0.020002
v -0.001906 0.056561 -0.018293
v 0.005885 0.053376 -0.022910
v 0.011657 0.050661 -0.026424
v 0.003339 0.027084 -0.026123
v 0.010029 0.078304 -0.020623
v 0.013972 0.073911 -0.027181
v 0.019544 0.069747 -0.028041
v 0.022784 0.066931 -0.033004
v 0.015044 0.048770 -0.032782
v 0.028841 0.089159 -0.028145
v 0.030214 0.084696 -0.032679
v 0.048748 0.097245 -0.026032
v 0.049233 0.092663 -0.033392
v 0.074411 0.094248 -0.020409
v 0.073410 0.088860 -0.029072
v 0.071832 0.083225 -0.033448
v 0.097742 0.079957 -0.026094
v 0.092742 0.074978 -0.028274
v 0.090347 0.072458 -0.037163
v 0.089094 0.071167 -0.046531
v 0.109367 0.059227 -0.025715
v 0.105614 0.059568 -0.036705
v 0.101590 0.060326 -0.048958
v 0.106661 0.066542 -0.049222
v 0.092716 0.079005 -0.045668
v 0.115581 0.045711 -0.037407
v 0.111933 0.047252 -0.046888
v 0.116329 0.052844 -0.051302
v 0.122231 0.058625 -0.052135
v 0.112545 0.073187 -0.049477
v 0.119075 0.036741 -0.047734
v 0.123171 0.042297 -0.052698
v 0.129581 0.048438 -0.055500
v 0.128142 0.051207 -0.063370
v 0.122960 0.062619 -0.059576
v 0.127023 0.032211 -0.052921
v 0.133492 0.040217 -0.056792
v 0.132200 0.042575 -0.064924
v 0.124405 0.026237 -0.049883
v 0.121502 0.066221 -0.068196
v 0.114085 0.080632 -0.063414
v 0.114883 0.077857 -0.054995
v 0.101813 0.096505 -0.058230
v 0.100823 0.093740 -0.050136
v 0.097324 0.087249 -0.045272
v 0.077778 0.103512 -0.047209
v 0.075559 0.096358 -0.043611
v 0.052101 0.105807 -0.044193
v 0.052159 0.098985 -0.040882
v 0.032782 0.099397 -0.040496
v 0.035931 0.094996 -0.037301
v 0.019914 0.087322 -0.040890
v 0.022991 0.085095 -0.037524
v 0.008041 0.075719 -0.042371
v 0.012504 0.072120 -0.039911
v 0.018057 0.068614 -0.039852
v 0.003138 0.056596 -0.040306
v 0.009728 0.052236 -0.039930
v 0.017103 0.048083 -0.039701
v 0.024592 0.065614 -0.039076
v 0.001710 0.028981 -0.040021
v 0.007683 0.025914 -0.039888
v 0.005693 0.026357 -0.032417
v 0.003122 0.003224 -0.039779
v 0.002324 0.003028 -0.031903
v 0.001716 0.003475 -0.024948
v 0.007202 -0.023364 -0.032454
v 0.005738 -0.023917 -0.025137
v 0.002619 -0.023817 -0.021236
v 0.010269 -0.046270 -0.026706
v 0.006421 -0.046714 -0.022633
v -0.000670 -0.048268 -0.020687
v 0.012982 -0.064431 -0.026166
v 0.006645 -0.067991 -0.025122
v 0.002770 -0.071793 -0.018818
v -0.006980 -0.049690 -0.015548
v -0.000843 -0.074004 -0.011785
v -0.011467 -0.050480 -0.008615
v -0.005910 -0.075982 -0.002429
v 0.013588 -0.093204 -0.010503
v 0.007019 -0.095977 -0.000209
v -0.003799 -0.095169 0.010890
v 0.028230 -0.104631 -0.002999
v 0.034764 -0.101157 -0.012737
v 0.048489 -0.107302 -0.006543
v 0.042476 -0.111119 0.003825
v 0.017926 -0.089571 -0.018736
v 0.021112 -0.085977 -0.025779
v 0.039024 -0.097466 -0.021997
v 0.041561 -0.093795 -0.030515
v 0.056535 -0.098634 -0.026724
v 0.053364 -0.102931 -0.017335
v 0.025140 -0.081111 -0.031568
v 0.031049 -0.075292 -0.030440
v 0.018523 -0.061498 -0.026196
v 0.020966 -0.061552 -0.029366
v 0.035764 -0.070894 -0.029411
v 0.012884 -0.046516 -0.032543
v 0.015924 -0.047597 -0.039264
v 0.020279 -0.065098 -0.036359
v 0.009770 -0.022460 -0.039516
v 0.002366 -0.024417 -0.040154
v 0.009699 -0.051458 -0.039943
v -0.001309 0.003039 -0.040185
v -0.007617 0.003551 -0.040250
v -0.005039 -0.025902 -0.040373
v -0.004735 0.031507 -0.040048
v -0.010390 0.035032 -0.041111
v -0.012948 0.004194 -0.041847
v -0.002293 0.060931 -0.041744
v -0.003082 0.063104 -0.049534
v -0.011050 0.037863 -0.047782
v 0.004592 0.077973 -0.049065
v 0.002329 0.079976 -0.058314
v 0.016087 0.090623 -0.046385
v 0.011816 0.094464 -0.054595
v 0.010549 0.097699 -0.067142
v 0.001289 0.083774 -0.070851
v 0.030576 0.101335 -0.045975
v 0.028083 0.104878 -0.053523
v 0.027186 0.108297 -0.064371
v 0.026416 0.116505 -0.079865
v 0.008415 0.105240 -0.084232
v 0.051387 0.113349 -0.055762
v 0.050947 0.115833 -0.064973
v 0.050304 0.122516 -0.079438
v 0.049356 0.137237 -0.105241
v 0.024638 0.132022 -0.105975
v 0.077770 0.111666 -0.070935
v 0.076065 0.118478 -0.085498
v 0.074820 0.130364 -0.108217
v 0.074939 0.137673 -0.124987
v 0.050031 0.146482 -0.125500
v 0.093529 0.104892 -0.092308
v 0.092771 0.115215 -0.111363
v 0.092008 0.120396 -0.125312
v 0.076379 0.140777 -0.136863
v 0.101866 0.103347 -0.112968
v 0.102362 0.109302 -0.125603
v 0.109717 0.095877 -0.113940
v 0.110126 0.103347 -0.127972
v 0.102653 0.093238 -0.094869
v 0.095935 0.098861 -0.077529
v 0.107086 0.086393 -0.081118
v 0.100968 0.098984 -0.067820
v 0.112729 0.083769 -0.072140
v 0.119759 0.070606 -0.076295
v 0.079402 0.110060 -0.061181
v 0.079495 0.108248 -0.053472
v 0.051674 0.110538 -0.049021
v 0.078557 0.141735 -0.144181
v 0.052684 0.153032 -0.149204
v 0.050837 0.151346 -0.139241
v 0.023376 0.151709 -0.153109
v 0.023042 0.147107 -0.142297
v 0.023222 0.141542 -0.128648
v -0.000016 0.134019 -0.144549
v 0.000762 0.128088 -0.131149
v 0.004456 0.117612 -0.109497
v -0.010262 0.111633 -0.133599
v -0.007245 0.103179 -0.113041
v -0.002123 0.091836 -0.088875
v -0.011163 0.116578 -0.146110
v -0.011505 0.120333 -0.154660
v -0.019789 0.108059 -0.155414
v 0.000245 0.137608 -0.154753
v 0.000677 0.140024 -0.163355
v -0.012219 0.122765 -0.161764
v 0.024888 0.155641 -0.161832
v 0.026916 0.157980 -0.169726
v 0.000689 0.141527 -0.171156
v 0.055590 0.154133 -0.156857
v 0.058187 0.154223 -0.163230
v 0.060186 0.150992 -0.170181
v 0.029711 0.155355 -0.177789
v 0.080889 0.141398 -0.150395
v 0.082650 0.139948 -0.156764
v 0.082414 0.136124 -0.161240
v 0.079490 0.130631 -0.162584
v 0.060455 0.145541 -0.172109
v 0.095684 0.122708 -0.151352
v 0.092832 0.119920 -0.154527
v 0.085076 0.115345 -0.155420
v 0.082942 0.115733 -0.154909
v 0.077737 0.127349 -0.161937
v 0.100680 0.106706 -0.149045
v 0.094292 0.102249 -0.146234
v 0.099034 0.096075 -0.141982
v 0.106317 0.111500 -0.147781
v 0.075646 0.125832 -0.156327
v 0.058556 0.137941 -0.163996
v 0.060087 0.140616 -0.171773
v 0.081679 0.115810 -0.153688
v 0.081672 0.115462 -0.151577
v 0.075512 0.124632 -0.151438
v 0.076880 0.120950 -0.144740
v 0.058307 0.133099 -0.149489
v 0.057750 0.136065 -0.157861
v 0.081663 0.114993 -0.148726
v 0.035925 0.135801 -0.154450
v 0.034701 0.139574 -0.163885
v 0.034609 0.142445 -0.171274
v 0.012958 0.129238 -0.168103
v 0.011025 0.130660 -0.175586
v 0.010081 0.131132 -0.179505
v 0.033425 0.145016 -0.177811
v 0.004800 0.136739 -0.181841
v 0.031512 0.149641 -0.180472
v 0.000839 0.143023 -0.177533
v -0.004587 0.116489 -0.179291
v -0.001552 0.114041 -0.175474
v -0.000552 0.112190 -0.167850
v -0.000315 0.106650 -0.160290
v 0.015795 0.127726 -0.158132
v 0.018330 0.126346 -0.149358
v 0.002009 0.106434 -0.153475
v 0.038319 0.132172 -0.145123
v 0.021175 0.123473 -0.136900
v 0.061255 0.129715 -0.143478
v 0.077081 0.120579 -0.143260
v 0.004251 0.107415 -0.148708
v 0.026246 0.122496 -0.161039
v 0.044796 0.133205 -0.182624
v 0.027762 0.128107 -0.185572
v 0.011013 0.119056 -0.189368
v 0.007681 0.112114 -0.161239
v 0.029877 0.135494 -0.215954
v 0.016228 0.130266 -0.218518
v 0.007921 0.119621 -0.221206
v 0.000568 0.108087 -0.193501
v 0.001726 0.105260 -0.225077
v -0.006475 0.094769 -0.200026
v 0.008510 0.124113 -0.242716
v 0.001569 0.109002 -0.242850
v -0.001912 0.092087 -0.244795
v -0.001716 0.088514 -0.229302
v 0.001676 0.128150 -0.256522
v -0.004274 0.111426 -0.255447
v -0.007378 0.093234 -0.255895
v -0.004760 0.075463 -0.258278
v 0.000260 0.074910 -0.247314
v -0.011288 0.113388 -0.265971
v -0.015284 0.094076 -0.265076
v -0.014050 0.074088 -0.265412
v -0.002612 0.056441 -0.267954
v 0.004191 0.060202 -0.260447
v -0.003710 0.058054 -0.278290
v 0.009892 0.045732 -0.282424
v 0.012267 0.044206 -0.271011
v -0.002169 0.062135 -0.288937
v 0.011023 0.050425 -0.292486
v 0.024008 0.044839 -0.296536
v 0.024656 0.038298 -0.287764
v -0.003655 0.062727 -0.297476
v 0.010109 0.052451 -0.302528
v 0.022283 0.044799 -0.306191
v 0.036702 0.043805 -0.308560
v 0.037535 0.045650 -0.299399
v 0.007587 0.053287 -0.315086
v 0.019965 0.041984 -0.318568
v 0.036074 0.040544 -0.320797
v 0.051812 0.043702 -0.322023
v 0.051847 0.046097 -0.310435
v 0.018278 0.045268 -0.333056
v 0.034158 0.044477 -0.335274
v 0.050031 0.046012 -0.337779
v 0.066221 0.050724 -0.337102
v 0.032091 0.053023 -0.348859
v 0.047040 0.056782 -0.349635
v 0.062652 0.061149 -0.350073
v 0.075113 0.070666 -0.346178
v 0.078346 0.064274 -0.330949
v 0.045068 0.065499 -0.361503
v 0.058691 0.070061 -0.361294
v 0.070358 0.076762 -0.360653
v 0.076933 0.088798 -0.358651
v 0.056521 0.073739 -0.375084
v 0.067134 0.079242 -0.374623
v 0.072704 0.089778 -0.373164
v 0.075962 0.102036 -0.371273
v 0.078638 0.101903 -0.357224
v 0.065656 0.079126 -0.388564
v 0.073043 0.089010 -0.386526
v 0.079514 0.100544 -0.383392
v 0.082507 0.114887 -0.379790
v 0.077512 0.114582 -0.369253
v 0.076496 0.086271 -0.400135
v 0.082910 0.099282 -0.395142
v 0.087237 0.114973 -0.388282
v 0.082054 0.130615 -0.385134
v 0.078098 0.128397 -0.376407
v 0.085581 0.099786 -0.404085
v 0.088452 0.115792 -0.397286
v 0.083531 0.101863 -0.410751
v 0.084858 0.116063 -0.404191
v 0.083062 0.103371 -0.417283
v 0.081710 0.116210 -0.411193
v 0.089820 0.103170 -0.424397
v 0.091166 0.116368 -0.416959
v 0.089237 0.128335 -0.414036
v 0.085304 0.138884 -0.414365
v 0.102581 0.116470 -0.426652
v 0.100621 0.129865 -0.423346
v 0.096766 0.141987 -0.423341
v 0.090307 0.153993 -0.426889
v 0.079489 0.147417 -0.417119
v 0.116036 0.132822 -0.431849
v 0.112503 0.147200 -0.430333
v 0.134596 0.140001 -0.440314
v 0.130311 0.154100 -0.437907
v 0.144490 0.163805 -0.446364
v 0.153360 0.170925 -0.455714
v 0.141046 0.182534 -0.457480
v 0.157474 0.174773 -0.466401
v 0.142660 0.185841 -0.468389
v 0.160479 0.176572 -0.475230
v 0.143599 0.186889 -0.477516
v 0.117977 0.195148 -0.480418
v 0.145720 0.192907 -0.483225
v 0.118875 0.204729 -0.484123
v 0.087850 0.203864 -0.488606
v 0.089930 0.198716 -0.480323
v 0.118748 0.204348 -0.492782
v 0.087702 0.204550 -0.496217
v 0.117245 0.198707 -0.499692
v 0.091064 0.196139 -0.499681
v 0.079121 0.173677 -0.499706
v 0.089745 0.160389 -0.499707
v 0.068258 0.145682 -0.499632
v 0.061145 0.161354 -0.499624
v 0.053713 0.138470 -0.497593
v 0.049280 0.154586 -0.497825
v 0.045855 0.135555 -0.493508
v 0.041604 0.150986 -0.493827
v 0.038472 0.133280 -0.489552
v 0.033730 0.147846 -0.490240
v 0.031839 0.129960 -0.493948
v 0.026876 0.144405 -0.494261
v 0.025960 0.126883 -0.499153
v 0.021194 0.141289 -0.499424
v 0.018712 0.151689 -0.499376
v 0.012926 0.138086 -0.499323
v 0.009370 0.148536 -0.499392
v 0.006775 0.156227 -0.499421
v -0.004203 0.142817 -0.499298
v -0.009607 0.149971 -0.499103
v -0.014076 0.156644 -0.496627
v 0.004021 0.163214 -0.499150
v -0.014550 0.156165 -0.489026
v 0.002873 0.161865 -0.489270
v -0.014423 0.154618 -0.478134
v 0.001762 0.160689 -0.478789
v 0.016959 0.164991 -0.477024
v 0.033234 0.165882 -0.460228
v 0.035376 0.172108 -0.473492
v 0.048899 0.173248 -0.451401
v 0.053951 0.179759 -0.467773
v 0.026732 0.157681 -0.444434
v 0.038333 0.162747 -0.437765
v 0.045151 0.166488 -0.429854
v 0.031642 0.155950 -0.428792
v 0.040367 0.156737 -0.423986
v 0.049850 0.155237 -0.418334
v 0.053971 0.165762 -0.424784
v 0.057579 0.152427 -0.412604
v 0.062430 0.162613 -0.422248
v 0.064828 0.148680 -0.409759
v 0.072166 0.156533 -0.419472
v 0.082314 0.166215 -0.430656
v 0.056153 0.159956 -0.401489
v 0.066440 0.153665 -0.398310
v 0.052686 0.157907 -0.389065
v 0.062495 0.152214 -0.386673
v 0.072513 0.144275 -0.384569
v 0.057268 0.146609 -0.376007
v 0.067629 0.138916 -0.375422
v 0.063633 0.135001 -0.363683
v 0.073861 0.125860 -0.366421
v 0.064919 0.136155 -0.349914
v 0.074722 0.126054 -0.354060
v 0.079090 0.114234 -0.356317
v 0.078755 0.126337 -0.340903
v 0.084268 0.114596 -0.342162
v 0.085011 0.125929 -0.326085
v 0.090729 0.115757 -0.326813
v 0.095195 0.127498 -0.308855
v 0.099555 0.116662 -0.311062
v 0.104685 0.127913 -0.292176
v 0.108369 0.116664 -0.295835
v 0.107039 0.104235 -0.298403
v 0.116945 0.115857 -0.279644
v 0.114833 0.102885 -0.282349
v 0.111025 0.089812 -0.285057
v 0.103813 0.091475 -0.300150
v 0.120808 0.099374 -0.262573
v 0.116205 0.086703 -0.266629
v 0.109727 0.072599 -0.270208
v 0.113563 0.081949 -0.242655
v 0.106900 0.069857 -0.248203
v 0.099849 0.059181 -0.252492
v 0.100019 0.062198 -0.272793
v 0.088131 0.052124 -0.254539
v 0.085639 0.059037 -0.272801
v 0.075129 0.042997 -0.255005
v 0.072625 0.048330 -0.273306
v 0.056144 0.039158 -0.286367
v 0.042099 0.036680 -0.280666
v 0.039399 0.040013 -0.292029
v 0.053298 0.044463 -0.296015
v 0.051384 0.049027 -0.302431
v 0.027840 0.036818 -0.275485
v 0.016788 0.046570 -0.260865
v 0.018734 0.046129 -0.249896
v 0.007061 0.059678 -0.249304
v 0.016511 0.041617 -0.236919
v 0.005929 0.055848 -0.235581
v 0.000292 0.071733 -0.232926
v -0.001783 0.047541 -0.217178
v -0.007580 0.063990 -0.212513
v -0.009262 0.079964 -0.207013
v -0.007890 0.038055 -0.194100
v 0.003623 0.025788 -0.198154
v 0.001988 0.017854 -0.181708
v -0.010166 0.026328 -0.176041
v 0.009764 0.033511 -0.218517
v 0.025023 0.022578 -0.218724
v 0.021275 0.016886 -0.202442
v 0.041795 0.013046 -0.205443
v 0.040563 0.008978 -0.196329
v 0.019843 0.011764 -0.190457
v 0.043787 0.018432 -0.217818
v 0.063967 0.017460 -0.216027
v 0.063533 0.012217 -0.204195
v 0.083394 0.016273 -0.199844
v 0.063035 0.008851 -0.196543
v 0.082264 0.021908 -0.213535
v 0.095192 0.028986 -0.210551
v 0.098897 0.023646 -0.195246
v 0.079350 0.031193 -0.234088
v 0.091197 0.039122 -0.232484
v 0.100351 0.048414 -0.228323
v 0.104090 0.038155 -0.205826
v 0.108791 0.049157 -0.199233
v 0.111845 0.045569 -0.183351
v 0.107343 0.034710 -0.189636
v 0.107081 0.058902 -0.222633
v 0.112582 0.070745 -0.214960
v 0.109750 0.060766 -0.192476
v 0.108715 0.073811 -0.186369
v 0.110487 0.068017 -0.171486
v 0.111679 0.056605 -0.176607
v 0.111884 0.083942 -0.209097
v 0.110431 0.096617 -0.206084
v 0.106787 0.087167 -0.181767
v 0.115548 0.094059 -0.238397
v 0.114597 0.105751 -0.235763
v 0.112158 0.116792 -0.234517
v 0.107994 0.108372 -0.205132
v 0.120869 0.112098 -0.258689
v 0.115978 0.123763 -0.256090
v 0.106112 0.132196 -0.254981
v 0.104401 0.125349 -0.234723
v 0.113161 0.127735 -0.275975
v 0.103977 0.136107 -0.271807
v 0.093260 0.145666 -0.268882
v 0.095421 0.141318 -0.252770
v 0.096920 0.136841 -0.288204
v 0.086430 0.145325 -0.284861
v 0.073393 0.151397 -0.281592
v 0.080752 0.153932 -0.266674
v 0.087418 0.136458 -0.305744
v 0.076506 0.142927 -0.300937
v 0.063814 0.148329 -0.295674
v 0.051853 0.150897 -0.289642
v 0.066507 0.142831 -0.316748
v 0.054119 0.147528 -0.309130
v 0.043092 0.149340 -0.300320
v 0.035528 0.150643 -0.291217
v 0.028547 0.156886 -0.300320
v 0.019641 0.152215 -0.294668
v 0.026672 0.145913 -0.287217
v 0.022768 0.161058 -0.308511
v 0.013649 0.156724 -0.304156
v 0.004339 0.148928 -0.302346
v 0.009537 0.143611 -0.291498
v 0.008768 0.159763 -0.315293
v -0.000091 0.153022 -0.315982
v -0.009722 0.143466 -0.317333
v -0.007220 0.138721 -0.301296
v 0.009656 0.158083 -0.328141
v 0.001085 0.152720 -0.330313
v -0.009194 0.144737 -0.333521
v -0.018669 0.130018 -0.336234
v -0.018438 0.127037 -0.319581
v 0.006266 0.147223 -0.343817
v -0.005077 0.141317 -0.347176
v -0.013733 0.129687 -0.350109
v -0.017077 0.114571 -0.354616
v -0.023163 0.112440 -0.339568
v -0.001034 0.138244 -0.362963
v -0.008211 0.129505 -0.364940
v -0.009658 0.116535 -0.366570
v -0.007358 0.102573 -0.368007
v -0.015460 0.099976 -0.357273
v -0.005566 0.130756 -0.378913
v -0.007963 0.118210 -0.378689
v -0.006852 0.104068 -0.379780
v -0.004769 0.091576 -0.381675
v -0.004479 0.090160 -0.370273
v -0.011014 0.119976 -0.390449
v -0.010536 0.104994 -0.390465
v -0.007280 0.092659 -0.393075
v 0.000526 0.083538 -0.396472
v 0.002334 0.083244 -0.384575
v -0.013439 0.105398 -0.401283
v -0.008543 0.093173 -0.403726
v -0.000873 0.083584 -0.406991
v 0.009262 0.076357 -0.412131
v 0.011044 0.076381 -0.400681
v -0.008073 0.093138 -0.412945
v -0.002341 0.083248 -0.416581
v 0.006630 0.077374 -0.422179
v 0.017263 0.072955 -0.429055
v 0.020380 0.069008 -0.418804
v -0.006362 0.081316 -0.428882
v 0.001790 0.074163 -0.433116
v 0.012428 0.070313 -0.438544
v 0.024963 0.070442 -0.445677
v 0.028642 0.069329 -0.434936
v -0.003907 0.067389 -0.451022
v 0.007919 0.063055 -0.454370
v -0.006591 0.063558 -0.470771
v 0.007639 0.060935 -0.472490
v -0.013480 0.076145 -0.448548
v -0.018627 0.072228 -0.467995
v -0.021045 0.089177 -0.445391
v -0.027239 0.087539 -0.466056
v -0.031109 0.084794 -0.477718
v -0.034481 0.104554 -0.462930
v -0.037257 0.104545 -0.476891
v -0.038722 0.103844 -0.486451
v -0.036819 0.124148 -0.476190
v -0.038554 0.124439 -0.486938
v -0.039103 0.125510 -0.495615
v -0.038525 0.103040 -0.494572
v -0.033905 0.122813 -0.499268
v -0.033841 0.103153 -0.498946
v -0.018697 0.088703 -0.499001
v -0.009929 0.093165 -0.498988
v -0.003858 0.080737 -0.498837
v 0.001512 0.098772 -0.498999
v 0.006479 0.086461 -0.498868
v 0.013713 0.103804 -0.499006
v 0.017971 0.091112 -0.498874
v 0.020802 0.081410 -0.498731
v 0.023004 0.073897 -0.498469
v 0.027971 0.094517 -0.498867
v 0.031224 0.085215 -0.498733
v 0.033503 0.078679 -0.498480
v 0.039768 0.088524 -0.498847
v 0.042319 0.082323 -0.498779
v 0.044529 0.077445 -0.498274
v 0.048132 0.084616 -0.494228
v 0.049945 0.079809 -0.494333
v 0.052596 0.086074 -0.488264
v 0.054017 0.081426 -0.488768
v 0.055133 0.077271 -0.489118
v 0.060507 0.082844 -0.486019
v 0.060626 0.088301 -0.487572
v 0.072745 0.090080 -0.495620
v 0.073656 0.083480 -0.494388
v 0.097347 0.097080 -0.499074
v 0.101030 0.089813 -0.498933
v 0.103447 0.085738 -0.491465
v 0.104783 0.088031 -0.481751
v 0.134024 0.102001 -0.498432
v 0.137217 0.098408 -0.492217
v 0.138220 0.100821 -0.484808
v 0.137016 0.107124 -0.479872
v 0.106481 0.093091 -0.472619
v 0.164792 0.121980 -0.492736
v 0.165559 0.121673 -0.485157
v 0.160170 0.124099 -0.479205
v 0.156769 0.127110 -0.474240
v 0.137614 0.110920 -0.469436
v 0.172182 0.146582 -0.485716
v 0.169589 0.146251 -0.479950
v 0.165223 0.146194 -0.474774
v 0.170847 0.163931 -0.481301
v 0.168568 0.162661 -0.473760
v 0.162956 0.178312 -0.482866
v 0.172342 0.164136 -0.488156
v 0.165444 0.179393 -0.490854
v 0.145880 0.194403 -0.491728
v 0.163875 0.177249 -0.499319
v 0.143784 0.190452 -0.499355
v 0.157417 0.170324 -0.499642
v 0.147197 0.159622 -0.499732
v 0.173503 0.163691 -0.494778
v 0.174146 0.146452 -0.491569
v 0.161310 0.124017 -0.499369
v 0.129093 0.109108 -0.499334
v 0.154094 0.128312 -0.499618
v 0.123577 0.117204 -0.499545
v 0.146537 0.135031 -0.499664
v 0.116031 0.128178 -0.499635
v 0.136553 0.145197 -0.499703
v 0.104148 0.142933 -0.499691
v 0.086871 0.114519 -0.499403
v 0.078290 0.127720 -0.499564
v 0.067140 0.106814 -0.496801
v 0.061459 0.119963 -0.497321
v 0.056470 0.103726 -0.490440
v 0.051838 0.117052 -0.492277
v 0.047548 0.101044 -0.487299
v 0.044381 0.115208 -0.488275
v 0.043023 0.099068 -0.493592
v 0.038463 0.112434 -0.493237
v 0.036507 0.097006 -0.498864
v 0.032141 0.109545 -0.499032
v 0.023805 0.106921 -0.499007
v 0.017758 0.124066 -0.499170
v 0.007793 0.120168 -0.499165
v 0.001740 0.133216 -0.499279
v 0.046035 0.090682 -0.493892
v 0.050665 0.092229 -0.487561
v 0.059428 0.094769 -0.489150
v 0.070983 0.097636 -0.496312
v 0.093097 0.104835 -0.499230
v 0.140376 0.115704 -0.458286
v 0.115925 0.105350 -0.445416
v 0.110911 0.096332 -0.458605
v 0.100294 0.103766 -0.434522
v 0.093509 0.092887 -0.446709
v 0.083014 0.088935 -0.463545
v 0.083729 0.093511 -0.435124
v 0.073104 0.087691 -0.449379
v 0.078132 0.092697 -0.426936
v 0.068396 0.086447 -0.437555
v 0.054611 0.080475 -0.447812
v 0.068018 0.081445 -0.428615
v 0.052749 0.075922 -0.434862
v 0.041270 0.071020 -0.437818
v 0.041316 0.074943 -0.451180
v 0.056530 0.069277 -0.425126
v 0.044405 0.064583 -0.426333
v 0.032067 0.063289 -0.424277
v 0.046181 0.063137 -0.407921
v 0.034617 0.063956 -0.407031
v 0.022731 0.068922 -0.404836
v 0.033392 0.067984 -0.389525
v 0.022261 0.070670 -0.389004
v 0.012048 0.076746 -0.387219
v 0.020708 0.068067 -0.375465
v 0.010649 0.073847 -0.373807
v 0.001396 0.080979 -0.372359
v 0.006903 0.067457 -0.360172
v -0.004256 0.075229 -0.359288
v -0.013342 0.086270 -0.359955
v -0.009488 0.068948 -0.344952
v -0.020039 0.081560 -0.343805
v -0.023906 0.096784 -0.342443
v -0.019287 0.079065 -0.324891
v -0.024388 0.093393 -0.323145
v -0.023327 0.108824 -0.321765
v -0.018097 0.076111 -0.306594
v -0.008647 0.061619 -0.310560
v -0.010250 0.064519 -0.327246
v 0.004638 0.054637 -0.329719
v 0.003614 0.059336 -0.346182
v 0.017149 0.052844 -0.347990
v 0.018297 0.061415 -0.361990
v 0.031427 0.061075 -0.362142
v 0.032269 0.067238 -0.375584
v 0.044403 0.070576 -0.375034
v 0.045108 0.069674 -0.389907
v 0.055928 0.073367 -0.389699
v 0.057410 0.068784 -0.407876
v 0.066540 0.077353 -0.404601
v 0.068124 0.077229 -0.418981
v 0.080135 0.085240 -0.411710
v 0.078652 0.089136 -0.420125
v 0.117332 0.118074 -0.437277
v 0.138400 0.126399 -0.447376
v -0.029409 0.142309 -0.495463
v -0.024180 0.138303 -0.498981
v -0.029469 0.142489 -0.487404
v -0.027982 0.141848 -0.476694
v -0.031688 0.122349 -0.461218
v -0.024532 0.104685 -0.441124
v -0.021854 0.118857 -0.440577
v -0.007815 0.105816 -0.417451
v -0.008949 0.120080 -0.417283
v -0.012461 0.105560 -0.411305
v -0.011916 0.121161 -0.412080
v -0.012620 0.121527 -0.402229
v -0.009893 0.138753 -0.406717
v -0.006249 0.134213 -0.393028
v -0.002476 0.145707 -0.391492
v -0.006920 0.152606 -0.409055
v 0.004838 0.154910 -0.389601
v 0.002786 0.159955 -0.410721
v 0.008042 0.154719 -0.432733
v 0.014076 0.161156 -0.390653
v 0.012930 0.164914 -0.411293
v 0.021289 0.152708 -0.432870
v 0.024782 0.165808 -0.410716
v 0.024372 0.163226 -0.391279
v 0.033948 0.162982 -0.391689
v 0.035413 0.164824 -0.408928
v 0.043431 0.161485 -0.390856
v 0.046052 0.163438 -0.405273
v 0.035966 0.154913 -0.375069
v 0.041820 0.154817 -0.375663
v 0.048657 0.152074 -0.376143
v 0.036194 0.152048 -0.355906
v 0.028948 0.149675 -0.356288
v 0.024414 0.153041 -0.338826
v 0.031588 0.155078 -0.338089
v 0.029308 0.152774 -0.375043
v 0.020827 0.149068 -0.375535
v 0.020136 0.147330 -0.357727
v 0.009362 0.144413 -0.360502
v 0.016136 0.150453 -0.340664
v 0.011371 0.144544 -0.376673
v 0.002330 0.137759 -0.378580
v -0.010169 0.091832 -0.423940
v -0.003773 0.132486 -0.289314
v -0.001827 0.128831 -0.280174
v 0.013716 0.137390 -0.285275
v -0.002261 0.130113 -0.269477
v 0.075977 0.134273 -0.322199
v 0.069177 0.136072 -0.336991
v 0.083096 0.149162 -0.250430
v 0.066700 0.145327 -0.233902
v 0.082190 0.140385 -0.233172
v 0.094798 0.133186 -0.234368
v 0.080369 0.131329 -0.207963
v 0.091921 0.124196 -0.206593
v 0.100564 0.117270 -0.205428
v 0.087081 0.118116 -0.177492
v 0.095596 0.110688 -0.176960
v 0.101481 0.099716 -0.178846
v 0.107196 0.082151 -0.168330
v 0.107622 0.077484 -0.157332
v 0.063908 0.137532 -0.211046
v 0.045504 0.140381 -0.213735
v 0.062537 0.005771 -0.189550
v 0.039778 0.004235 -0.189258
v 0.062291 -0.000378 -0.188627
v 0.039304 -0.003670 -0.187791
v 0.016492 -0.007102 -0.182522
v 0.018243 0.003244 -0.183611
v 0.038177 -0.009760 -0.193690
v 0.014212 -0.014187 -0.188615
v 0.036966 -0.013455 -0.203002
v 0.013422 -0.020755 -0.200223
v -0.002765 -0.032278 -0.198038
v 0.016877 -0.029289 -0.218861
v 0.002349 -0.042322 -0.217639
v -0.006497 -0.058593 -0.211826
v -0.011430 -0.047104 -0.191761
v -0.010624 -0.075481 -0.202649
v -0.014704 -0.065008 -0.182687
v -0.010097 -0.093133 -0.192651
v -0.012099 -0.084374 -0.173452
v -0.012681 -0.080455 -0.163508
v -0.009654 -0.096377 -0.163935
v -0.008406 -0.096533 -0.160286
v -0.007329 -0.096191 -0.154785
v -0.012629 -0.079239 -0.156210
v 0.000584 -0.107636 -0.178284
v 0.016208 -0.120805 -0.136756
v 0.016686 -0.115215 -0.149660
v 0.034941 -0.123087 -0.145228
v 0.033433 -0.126690 -0.132190
v 0.033996 -0.134149 -0.147817
v 0.017756 -0.127404 -0.150519
v 0.005028 -0.114869 -0.153628
v 0.004460 -0.107289 -0.142152
v 0.033042 -0.140282 -0.163820
v 0.019565 -0.134698 -0.167370
v 0.054021 -0.124247 -0.147645
v 0.034065 -0.126378 -0.164064
v 0.050348 -0.128779 -0.163823
v 0.069420 -0.123569 -0.163749
v 0.075977 -0.119168 -0.155102
v 0.083576 -0.114587 -0.147675
v 0.048998 -0.134090 -0.187295
v 0.066828 -0.129340 -0.184521
v 0.069500 -0.138808 -0.212887
v 0.087221 -0.129867 -0.209609
v 0.070664 -0.145002 -0.237222
v 0.090155 -0.140676 -0.236119
v 0.103857 -0.128433 -0.238336
v 0.099675 -0.117954 -0.207489
v 0.113572 -0.117538 -0.238460
v 0.108406 -0.107899 -0.206891
v 0.117675 -0.105475 -0.240062
v 0.110620 -0.093029 -0.209290
v 0.106060 -0.087460 -0.182387
v 0.110367 -0.078636 -0.214102
v 0.109586 -0.066137 -0.185972
v 0.108368 -0.065421 -0.219055
v 0.111671 -0.054217 -0.182715
v 0.115739 -0.052355 -0.156364
v 0.117526 -0.048715 -0.156430
v 0.120299 -0.047133 -0.174132
v 0.117121 -0.054028 -0.173673
v 0.121389 -0.048724 -0.192876
v 0.118033 -0.056487 -0.191924
v 0.118227 -0.063372 -0.191205
v 0.112682 -0.058931 -0.173310
v 0.121479 -0.065037 -0.210759
v 0.129583 -0.064218 -0.210490
v 0.127529 -0.064459 -0.189897
v 0.119116 -0.059076 -0.211599
v 0.122428 -0.050418 -0.212950
v 0.122882 -0.051904 -0.225333
v 0.119462 -0.060731 -0.223526
v 0.122570 -0.065535 -0.222337
v 0.130207 -0.064293 -0.221630
v 0.137007 -0.059715 -0.221872
v 0.136786 -0.058741 -0.210632
v 0.142206 -0.052589 -0.223280
v 0.141994 -0.050393 -0.211244
v 0.141209 -0.049916 -0.190986
v 0.135236 -0.058071 -0.190154
v 0.139785 -0.047790 -0.159634
v 0.132988 -0.055631 -0.158950
v 0.123029 -0.061899 -0.159776
v 0.137277 -0.045066 -0.126265
v 0.131076 -0.053161 -0.125863
v 0.123496 -0.060692 -0.124950
v 0.129998 -0.050018 -0.105585
v 0.122221 -0.057457 -0.104859
v 0.122346 -0.055576 -0.092003
v 0.123839 -0.054922 -0.082691
v 0.125621 -0.054350 -0.073795
v 0.126861 -0.053559 -0.065345
v 0.119555 -0.070865 -0.064137
v 0.127635 -0.052708 -0.057790
v 0.117805 -0.070470 -0.056818
v 0.105585 -0.088184 -0.052363
v 0.108629 -0.090150 -0.061268
v 0.086453 -0.099545 -0.048935
v 0.088881 -0.103490 -0.057564
v 0.068866 -0.105245 -0.047617
v 0.070060 -0.110651 -0.053155
v 0.070466 -0.115492 -0.062792
v 0.070067 -0.117832 -0.075139
v 0.047025 -0.111049 -0.049430
v 0.046595 -0.114019 -0.059335
v 0.047284 -0.118543 -0.073015
v 0.047828 -0.132397 -0.096283
v 0.070486 -0.127873 -0.095911
v 0.024961 -0.105719 -0.058313
v 0.023895 -0.113636 -0.072940
v 0.023768 -0.127581 -0.099400
v 0.007165 -0.103014 -0.077296
v 0.005141 -0.117599 -0.104003
v -0.002674 -0.090051 -0.083565
v -0.007257 -0.101579 -0.108865
v -0.009166 -0.115649 -0.136432
v -0.010528 -0.123437 -0.156462
v -0.009749 -0.079698 -0.087973
v -0.008546 -0.069872 -0.092956
v -0.012327 -0.052962 -0.096656
v -0.017894 -0.024113 -0.096172
v -0.024005 -0.024334 -0.111128
v -0.029232 -0.024449 -0.127449
v -0.020544 0.011325 -0.095196
v -0.025206 0.012519 -0.109214
v -0.029176 0.012880 -0.127641
v -0.028271 -0.023794 -0.141842
v -0.016740 0.009548 -0.084679
v -0.013312 0.008927 -0.076390
v -0.016011 0.009701 -0.069768
v -0.013961 -0.028928 -0.059594
v -0.016458 0.011247 -0.063387
v -0.013206 -0.030075 -0.053355
v -0.015157 0.007154 -0.054096
v -0.012638 -0.028707 -0.046583
v -0.013951 0.005224 -0.047248
v -0.011819 -0.028007 -0.042133
v -0.001459 -0.058481 -0.040378
v 0.003617 -0.055282 -0.039650
v 0.012432 -0.079288 -0.038430
v 0.016047 -0.074026 -0.038308
v 0.019931 -0.068436 -0.038777
v 0.032218 -0.084937 -0.038416
v 0.034527 -0.077665 -0.039475
v 0.036296 -0.071850 -0.034887
v 0.051335 -0.083114 -0.041389
v 0.049785 -0.090886 -0.039934
v 0.065748 -0.092363 -0.041731
v 0.064860 -0.085802 -0.041776
v 0.079609 -0.087821 -0.043596
v 0.076314 -0.082959 -0.042873
v 0.094100 -0.077321 -0.046330
v 0.089460 -0.072906 -0.046388
v 0.087934 -0.072198 -0.040422
v 0.105842 -0.059278 -0.046191
v 0.105563 -0.059377 -0.039595
v 0.106279 -0.061175 -0.032426
v 0.088993 -0.075857 -0.033596
v 0.108317 -0.064058 -0.026691
v 0.090229 -0.081172 -0.029348
v 0.111435 -0.066879 -0.020190
v 0.122481 -0.045413 -0.028905
v 0.126894 -0.045643 -0.022736
v 0.131926 -0.045216 -0.013575
v 0.114585 -0.069693 -0.010384
v 0.136681 -0.041189 0.005657
v 0.121874 -0.069079 0.008520
v 0.140702 -0.038266 0.029056
v 0.128033 -0.065518 0.031675
v 0.138679 -0.035700 0.049176
v 0.127361 -0.061577 0.052414
v 0.133283 -0.033851 0.068905
v 0.123822 -0.059880 0.068792
v 0.149845 -0.020330 0.046992
v 0.139559 -0.015736 0.067851
v 0.156701 -0.009940 0.048572
v 0.145833 -0.006430 0.068020
v 0.159985 0.000275 0.049194
v 0.147908 0.001014 0.067986
v 0.156734 0.009646 0.048028
v 0.145676 0.007897 0.066729
v 0.142043 0.008828 0.083315
v 0.140487 0.016051 0.066089
v 0.138929 0.017330 0.082848
v 0.133383 0.031556 0.068999
v 0.132617 0.032290 0.084066
v 0.130563 0.032524 0.095706
v 0.121601 0.054677 0.088172
v 0.121215 0.053799 0.098064
v 0.118445 0.052463 0.106623
v 0.126454 0.032123 0.104770
v 0.114681 0.051352 0.113828
v 0.121832 0.032338 0.112364
v 0.110074 0.050272 0.118194
v 0.117381 0.032579 0.116167
v 0.122821 0.014876 0.114447
v 0.118371 0.015461 0.116081
v 0.118594 -0.004465 0.116130
v 0.123836 -0.004446 0.114159
v 0.113409 0.032687 0.117921
v 0.110460 0.033175 0.121120
v 0.117402 0.015551 0.120034
v 0.105164 0.049142 0.120728
v 0.101035 0.048414 0.121945
v 0.099218 0.063937 0.123735
v 0.094579 0.059748 0.124417
v 0.090426 0.080730 0.124055
v 0.086141 0.075643 0.127721
v 0.083688 0.071883 0.131491
v 0.082564 0.068410 0.136139
v 0.076217 0.092031 0.138552
v 0.073109 0.087689 0.141448
v 0.071048 0.082389 0.145794
v 0.069784 0.077890 0.149542
v 0.081455 0.065177 0.140376
v 0.053939 0.101367 0.155526
v 0.052294 0.093819 0.157400
v 0.051283 0.087147 0.160657
v 0.050042 0.081108 0.162981
v 0.068340 0.072126 0.152332
v 0.030344 0.100800 0.164619
v 0.028737 0.092681 0.166261
v 0.027322 0.085894 0.167603
v 0.048086 0.075737 0.161068
v 0.008124 0.094267 0.168542
v 0.006935 0.085624 0.169349
v -0.009290 0.092273 0.168584
v -0.008776 0.082630 0.168944
v -0.023754 0.087462 0.163633
v -0.020623 0.079481 0.163843
v -0.015786 0.072770 0.159662
v -0.011531 0.065465 0.157146
v -0.031786 0.074273 0.158234
v -0.025713 0.069137 0.154850
v -0.042743 0.067550 0.152177
v -0.035653 0.063708 0.148929
v -0.051725 0.056431 0.147815
v -0.043940 0.053819 0.145899
v -0.060682 0.042214 0.142018
v -0.052718 0.040929 0.141677
v -0.044681 0.038757 0.141047
v -0.062301 0.023190 0.137849
v -0.053947 0.022346 0.138473
v -0.047087 0.021889 0.139361
v -0.044754 0.021988 0.148245
v -0.059226 0.002582 0.137993
v -0.051295 0.002729 0.138642
v -0.046812 0.002822 0.144092
v -0.047351 0.003266 0.152795
v -0.043132 0.022221 0.156099
v -0.052984 -0.018245 0.138634
v -0.046475 -0.017328 0.142999
v -0.045301 -0.016762 0.151585
v -0.042182 -0.016271 0.159358
v -0.043701 0.003739 0.160175
v -0.041478 -0.034869 0.143532
v -0.039114 -0.034851 0.151180
v -0.034894 -0.033999 0.158703
v -0.028629 -0.031880 0.162750
v -0.035227 -0.014633 0.162476
v -0.028491 -0.013162 0.163904
v -0.028754 0.004374 0.163155
v -0.036195 0.003977 0.162277
v -0.022087 -0.028914 0.162771
v -0.017981 -0.026374 0.156603
v -0.024190 -0.011622 0.158244
v -0.008662 -0.036885 0.155265
v -0.003744 -0.030695 0.149970
v -0.013580 -0.021987 0.151487
v 0.000759 -0.044586 0.153691
v 0.005804 -0.037559 0.148865
v 0.005391 -0.038046 0.158173
v -0.002829 -0.029768 0.159728
v 0.010620 -0.051720 0.152915
v 0.014297 -0.045955 0.147798
v 0.014845 -0.045132 0.156497
v 0.014995 -0.044071 0.165170
v 0.005116 -0.037867 0.166992
v 0.022913 -0.053120 0.146191
v 0.024532 -0.049334 0.154633
v 0.025552 -0.047341 0.163331
v 0.025766 -0.048034 0.171787
v 0.014375 -0.044501 0.173235
v 0.033541 -0.050983 0.153304
v 0.035496 -0.049558 0.161591
v 0.037336 -0.049191 0.169949
v 0.038919 -0.049425 0.178236
v 0.025705 -0.048576 0.179761
v 0.045743 -0.050048 0.159264
v 0.048756 -0.048801 0.167041
v 0.052303 -0.049050 0.174897
v 0.055389 -0.053479 0.180809
v 0.039379 -0.053606 0.184626
v 0.059424 -0.045856 0.162807
v 0.064500 -0.045797 0.169956
v 0.069966 -0.050757 0.174903
v 0.074305 -0.057197 0.179026
v 0.057210 -0.060284 0.184238
v 0.074328 -0.040677 0.163923
v 0.080884 -0.045069 0.168011
v 0.086888 -0.050367 0.170707
v 0.092219 -0.055193 0.172908
v 0.076628 -0.064053 0.181608
v 0.090629 -0.034387 0.160669
v 0.097039 -0.037121 0.162932
v 0.103058 -0.040003 0.164619
v 0.108686 -0.044072 0.164715
v 0.096318 -0.059050 0.173722
v 0.104785 -0.021124 0.158012
v 0.112055 -0.023591 0.157759
v 0.107835 -0.003353 0.156903
v 0.117388 -0.003271 0.156158
v 0.105762 0.014199 0.155947
v 0.113647 0.016146 0.157286
v 0.097116 0.031227 0.159078
v 0.102562 0.035056 0.161096
v 0.107217 0.038757 0.163067
v 0.111029 0.041752 0.164609
v 0.089024 0.048488 0.170295
v 0.084412 0.043066 0.167309
v 0.072903 0.048568 0.171583
v 0.075982 0.054644 0.175326
v 0.060152 0.050417 0.175489
v 0.061966 0.055715 0.180048
v 0.063152 0.061619 0.183840
v 0.063086 0.069163 0.185330
v 0.045237 0.055291 0.184110
v 0.044539 0.062096 0.185925
v 0.043185 0.069706 0.186863
v 0.042260 0.077458 0.187380
v 0.062774 0.076808 0.184956
v 0.028311 0.059483 0.188158
v 0.026026 0.066586 0.189091
v 0.023632 0.072825 0.189615
v 0.020762 0.080458 0.189142
v 0.041909 0.084253 0.187501
v 0.010776 0.058999 0.190885
v 0.006620 0.065187 0.191054
v 0.002880 0.070873 0.189728
v 0.000719 0.074878 0.186402
v 0.018824 0.085119 0.187580
v -0.007536 0.054133 0.192376
v -0.012455 0.058781 0.190427
v -0.015112 0.061125 0.185898
v -0.019344 0.065405 0.186054
v -0.001990 0.079646 0.185486
v -0.025133 0.044259 0.190657
v -0.029221 0.046410 0.187358
v -0.033133 0.048567 0.185743
v -0.037846 0.051334 0.187672
v -0.023741 0.069738 0.187659
v -0.036154 0.027959 0.185583
v -0.041953 0.029820 0.185660
v -0.047138 0.031537 0.187174
v -0.050470 0.032628 0.191386
v -0.040751 0.052894 0.191436
v -0.047860 0.011782 0.186166
v -0.054701 0.013203 0.187636
v -0.058990 0.014386 0.191174
v -0.059490 0.014043 0.197162
v -0.050162 0.032092 0.197472
v -0.057145 -0.006165 0.187451
v -0.062250 -0.006829 0.190641
v -0.063257 -0.006315 0.197345
v -0.062409 -0.005672 0.204692
v -0.059172 0.013315 0.203671
v -0.055086 -0.027553 0.192866
v -0.054714 -0.025878 0.199588
v -0.054496 -0.023960 0.207466
v -0.058420 -0.022851 0.218505
v -0.063266 -0.004314 0.214262
v -0.067227 -0.003609 0.229370
v -0.063331 0.013396 0.225700
v -0.060081 0.012883 0.212519
v -0.065056 -0.021523 0.234020
v -0.066123 -0.019841 0.250755
v -0.071040 -0.003009 0.247857
v -0.063911 -0.042781 0.252527
v -0.058094 -0.042031 0.264967
v -0.065569 -0.020072 0.271118
v -0.049286 -0.064895 0.245577
v -0.043064 -0.062080 0.253949
v -0.041452 -0.065894 0.268271
v -0.054286 -0.043477 0.287105
v -0.041643 -0.044270 0.315729
v -0.039651 -0.017687 0.331451
v -0.056921 -0.018559 0.298536
v -0.035216 -0.069659 0.290488
v -0.022692 -0.071266 0.311846
v -0.024607 -0.044096 0.339080
v -0.011279 -0.089733 0.286411
v -0.000200 -0.093226 0.299924
v -0.010506 -0.074564 0.325698
v 0.007657 -0.102445 0.268689
v 0.017919 -0.120604 0.260771
v 0.004883 -0.077563 0.333659
v 0.003506 -0.053656 0.353454
v -0.010877 -0.046690 0.349941
v 0.015939 -0.093724 0.308026
v 0.034317 -0.094917 0.312946
v 0.024049 -0.080485 0.338672
v 0.043199 -0.082496 0.340947
v 0.038246 -0.060119 0.359454
v 0.019711 -0.056573 0.357030
v 0.049586 -0.100852 0.317187
v 0.061990 -0.101248 0.315107
v 0.061030 -0.084481 0.341390
v 0.052863 -0.115008 0.292714
v 0.065523 -0.114514 0.290829
v 0.076618 -0.107441 0.285194
v 0.076234 -0.098487 0.308011
v 0.054704 -0.125085 0.275848
v 0.069414 -0.122705 0.273434
v 0.081444 -0.113849 0.269841
v 0.097419 -0.102833 0.265556
v 0.094065 -0.099682 0.276721
v 0.070515 -0.124191 0.258771
v 0.082948 -0.113812 0.257007
v 0.097899 -0.102464 0.255580
v 0.112080 -0.086200 0.252496
v 0.113803 -0.087015 0.257557
v 0.115576 -0.087981 0.248676
v 0.132707 -0.069850 0.242457
v 0.123784 -0.065107 0.246278
v 0.115066 -0.084603 0.226569
v 0.131720 -0.067066 0.220043
v 0.114506 -0.078740 0.204515
v 0.130639 -0.061377 0.197269
v 0.139154 -0.046552 0.194082
v 0.140803 -0.050841 0.215945
v 0.147113 -0.054511 0.237165
v 0.136744 -0.047515 0.240042
v 0.153291 -0.041524 0.211769
v 0.157812 -0.041045 0.232139
v 0.146408 -0.035590 0.235680
v 0.147108 -0.035092 0.249337
v 0.137703 -0.048048 0.250678
v 0.158201 -0.043497 0.251871
v 0.147455 -0.057301 0.253456
v 0.133132 -0.072788 0.256213
v 0.125321 -0.066138 0.253776
v 0.117003 -0.089665 0.259430
v 0.115791 -0.082806 0.281565
v 0.093953 -0.091639 0.296959
v 0.116670 -0.070472 0.305535
v 0.098900 -0.079271 0.323212
v 0.079410 -0.083582 0.334835
v 0.103490 -0.058720 0.343218
v 0.081208 -0.062211 0.354183
v 0.058873 -0.062656 0.359787
v 0.081548 -0.040816 0.367094
v 0.106926 -0.038567 0.354646
v 0.107941 -0.024161 0.359925
v 0.080288 -0.024081 0.374251
v 0.109454 -0.014116 0.365122
v 0.081091 -0.012296 0.376962
v 0.110963 -0.003392 0.367897
v 0.080471 -0.001541 0.379848
v 0.053536 -0.000845 0.390636
v 0.036679 0.008073 0.408409
v 0.041316 -0.002471 0.406323
v 0.029878 0.003100 0.420547
v 0.035197 -0.005532 0.420267
v 0.034257 -0.014167 0.418873
v 0.027382 -0.020757 0.416870
v 0.035044 -0.007301 0.436784
v 0.035461 -0.016865 0.436532
v 0.030082 -0.025417 0.434861
v 0.021800 -0.032564 0.432663
v 0.018136 -0.027183 0.414994
v 0.031330 -0.015893 0.454819
v 0.027376 -0.024129 0.453613
v 0.021532 -0.032086 0.452057
v 0.011439 -0.040115 0.449460
v 0.010371 -0.038772 0.429959
v 0.018207 -0.018470 0.471738
v 0.013527 -0.024622 0.469103
v 0.007057 -0.031179 0.466335
v -0.003831 -0.043606 0.445674
v -0.004567 -0.013118 0.485649
v -0.008777 -0.019904 0.482436
v -0.024758 -0.002320 0.492065
v -0.029637 -0.009859 0.487604
v -0.033989 -0.019150 0.481094
v -0.044724 0.000129 0.483637
v -0.049326 -0.010510 0.477710
v -0.053379 -0.020708 0.467051
v -0.038989 -0.029469 0.471731
v -0.055207 -0.026977 0.453828
v -0.041348 -0.036492 0.458629
v -0.056916 -0.032956 0.440956
v -0.042827 -0.042079 0.444927
v -0.023757 -0.045625 0.445688
v -0.040767 -0.042606 0.431420
v -0.024731 -0.044281 0.431447
v -0.006873 -0.043123 0.429141
v -0.024156 -0.039895 0.418135
v -0.026073 -0.028053 0.409183
v -0.025936 -0.008048 0.401410
v -0.033934 0.004487 0.391757
v -0.030625 0.008009 0.389791
v -0.021444 -0.002376 0.398379
v -0.028719 0.012293 0.389519
v -0.040118 0.017235 0.378591
v -0.037171 0.021646 0.380030
v -0.036630 0.027703 0.383771
v -0.028589 0.018124 0.393703
v -0.036454 0.035838 0.388598
v -0.028365 0.027945 0.400160
v -0.036759 0.047607 0.395155
v -0.028264 0.041784 0.408857
v -0.017783 0.035177 0.414717
v -0.005723 0.027586 0.413440
v -0.025474 0.055165 0.413818
v -0.012171 0.046965 0.420800
v 0.000492 0.036140 0.419317
v -0.006945 0.054523 0.426014
v 0.005761 0.039534 0.427354
v -0.006256 0.057313 0.435334
v 0.008456 0.040329 0.437070
v 0.019035 0.022064 0.435064
v 0.023885 0.009246 0.435662
v 0.007758 0.038737 0.446219
v 0.016543 0.019407 0.446401
v 0.022960 0.008263 0.449871
v 0.029104 0.001628 0.452901
v 0.030416 0.000845 0.436340
v 0.009238 0.018700 0.457077
v 0.015014 0.009868 0.463364
v 0.019182 0.003277 0.468160
v 0.021394 -0.003333 0.471230
v 0.031754 -0.006907 0.454426
v 0.003290 0.005557 0.486155
v 0.002045 -0.000668 0.487942
v 0.021464 -0.011207 0.473068
v -0.012969 0.016338 0.493450
v -0.015711 0.010630 0.496270
v -0.025077 0.024734 0.492642
v -0.030349 0.020298 0.496163
v -0.035860 0.014419 0.494750
v -0.020206 0.004101 0.495374
v -0.001141 -0.006946 0.487474
v -0.040658 0.008183 0.489843
v -0.047341 0.026404 0.488195
v -0.050972 0.019227 0.483092
v -0.056175 0.009701 0.477636
v -0.056703 0.030870 0.472769
v -0.063416 0.020945 0.466983
v -0.070875 0.012214 0.460655
v -0.061162 -0.000612 0.470099
v -0.076307 0.006001 0.451897
v -0.065125 -0.009005 0.459886
v -0.078808 0.002518 0.440526
v -0.067839 -0.014852 0.447584
v -0.080311 0.000318 0.428645
v -0.070642 -0.018639 0.434689
v -0.074966 -0.000376 0.416510
v -0.065727 -0.019764 0.423184
v -0.054099 -0.034760 0.428441
v -0.085930 0.013876 0.424274
v -0.074829 0.011764 0.413962
v -0.091901 0.025244 0.415755
v -0.079803 0.021836 0.406790
v -0.100395 0.031649 0.398283
v -0.088625 0.028074 0.391341
v -0.075579 0.025852 0.381276
v -0.099198 0.035512 0.365131
v -0.089091 0.033681 0.357015
v -0.080714 0.036780 0.347747
v -0.066301 0.025137 0.372129
v -0.061102 0.024430 0.365011
v -0.055216 0.024815 0.360571
v -0.045124 0.015535 0.380084
v -0.048715 0.027310 0.359766
v -0.043272 0.032598 0.361811
v -0.047976 0.052947 0.338212
v -0.041388 0.039224 0.365384
v -0.048408 0.060603 0.343267
v -0.041114 0.046417 0.369971
v -0.051469 0.068783 0.349416
v -0.042711 0.056059 0.375682
v -0.050294 0.079779 0.355191
v -0.041787 0.069544 0.381708
v -0.036069 0.061950 0.401043
v -0.044176 0.080174 0.387018
v -0.036533 0.072625 0.406399
v -0.023093 0.065844 0.419257
v -0.039847 0.080174 0.412330
v -0.023648 0.072640 0.426689
v -0.043473 0.086365 0.418053
v -0.027298 0.075711 0.435257
v -0.006923 0.059211 0.445255
v -0.032492 0.075805 0.442359
v -0.011778 0.057785 0.453545
v 0.003536 0.036308 0.455748
v -0.018273 0.056140 0.462238
v -0.006574 0.035897 0.466840
v -0.025980 0.053954 0.470703
v -0.017871 0.035566 0.475497
v -0.033358 0.051831 0.476481
v -0.026689 0.034602 0.481453
v -0.041217 0.048559 0.479874
v -0.033703 0.033793 0.486827
v -0.047930 0.044222 0.480290
v -0.041368 0.032139 0.490568
v -0.052633 0.038778 0.477478
v -0.064707 0.062344 0.473130
v -0.070270 0.053660 0.470662
v -0.074356 0.045851 0.465719
v -0.091025 0.072087 0.447408
v -0.093627 0.063253 0.444320
v -0.096398 0.053886 0.439879
v -0.080952 0.036834 0.462270
v -0.100311 0.044251 0.435522
v -0.086928 0.028027 0.453458
v -0.101322 0.036059 0.430134
v -0.088774 0.021957 0.444379
v -0.100414 0.028969 0.423821
v -0.089876 0.016632 0.435225
v -0.110710 0.048177 0.405800
v -0.107572 0.038479 0.402266
v -0.117885 0.057126 0.380297
v -0.115019 0.046986 0.375701
v -0.108986 0.039298 0.370841
v -0.127357 0.058268 0.355433
v -0.122083 0.051479 0.347779
v -0.115208 0.049126 0.339292
v -0.136793 0.064457 0.336502
v -0.130390 0.063400 0.328069
v -0.123627 0.065008 0.318603
v -0.107681 0.048655 0.329913
v -0.114931 0.071967 0.313274
v -0.097715 0.054047 0.324467
v -0.107360 0.084653 0.311006
v -0.132956 0.082924 0.309678
v -0.127204 0.089748 0.308864
v -0.099122 0.074440 0.307553
v -0.094644 0.077169 0.299576
v -0.076423 0.075306 0.307294
v -0.060729 0.064945 0.317478
v -0.060538 0.073671 0.322160
v -0.062061 0.080962 0.327355
v -0.062007 0.089492 0.331814
v -0.078194 0.104001 0.322507
v -0.061911 0.098165 0.336044
v -0.050247 0.089530 0.360398
v -0.065632 0.105389 0.341344
v -0.054162 0.097165 0.364708
v -0.047792 0.088427 0.391479
v -0.058212 0.104061 0.368800
v -0.050940 0.096126 0.395330
v -0.067201 0.105244 0.372208
v -0.059729 0.097341 0.398760
v -0.049532 0.088496 0.423867
v -0.068224 0.097335 0.402036
v -0.056743 0.087908 0.429581
v -0.038524 0.075284 0.449811
v -0.064022 0.087047 0.435383
v -0.045130 0.074013 0.457448
v -0.070962 0.088659 0.441878
v -0.051254 0.072334 0.464897
v -0.079297 0.086196 0.446182
v -0.057983 0.068123 0.470048
v -0.086905 0.080754 0.448638
v -0.091090 0.097827 0.417747
v -0.098856 0.092162 0.420356
v -0.103656 0.084212 0.419446
v -0.111990 0.103639 0.399823
v -0.117473 0.094854 0.397620
v -0.117802 0.086322 0.392087
v -0.106425 0.076672 0.417071
v -0.116274 0.078159 0.387570
v -0.108910 0.068181 0.413827
v -0.116893 0.068114 0.384152
v -0.110865 0.057970 0.409521
v -0.123219 0.076645 0.362350
v -0.126040 0.068409 0.359419
v -0.124991 0.112245 0.387941
v -0.102772 0.108837 0.395333
v -0.137990 0.118876 0.381641
v -0.142013 0.136097 0.374312
v -0.149721 0.126328 0.375450
v -0.155477 0.117693 0.369090
v -0.168982 0.130209 0.364427
v -0.156074 0.115127 0.358664
v -0.163677 0.134011 0.360051
v -0.153059 0.121547 0.348727
v -0.158446 0.140712 0.358990
v -0.145737 0.131200 0.347684
v -0.133191 0.121339 0.344281
v -0.139019 0.139711 0.352718
v -0.153865 0.145733 0.363482
v -0.151204 0.145445 0.370412
v -0.137387 0.141460 0.363871
v -0.167500 0.142773 0.368323
v -0.170358 0.147342 0.373992
v -0.171748 0.149643 0.376705
v -0.082899 0.099687 0.412598
v -0.076477 0.097852 0.406897
v -0.077276 0.104990 0.375785
v -0.079706 0.112936 0.352778
v -0.071523 0.110696 0.347006
v -0.083491 0.115975 0.335186
v -0.090715 0.118028 0.341516
v -0.094178 0.120567 0.325211
v -0.099650 0.121799 0.332628
v -0.104974 0.124199 0.319303
v -0.108592 0.124678 0.326539
v -0.091798 0.115462 0.318103
v -0.104410 0.120385 0.311832
v -0.092255 0.107946 0.312605
v -0.107100 0.113711 0.307918
v -0.079368 0.110816 0.328215
v -0.149920 0.097677 0.309460
v -0.144019 0.102913 0.309014
v -0.140085 0.109336 0.312807
v -0.157554 0.113944 0.313358
v -0.155208 0.118081 0.315262
v -0.154046 0.119851 0.321057
v -0.169233 0.119522 0.322799
v -0.156082 0.115973 0.326069
v -0.159376 0.111418 0.327494
v -0.174103 0.121522 0.320718
v -0.169450 0.117618 0.319143
v -0.161069 0.109720 0.314127
v -0.163747 0.106669 0.316684
v -0.154722 0.093475 0.313249
v -0.157937 0.090991 0.319873
v -0.145147 0.076165 0.322225
v -0.149687 0.077616 0.331212
v -0.158663 0.091477 0.326899
v -0.139672 0.077923 0.314209
v 0.110751 0.007364 0.367211
v 0.132573 0.005366 0.351670
v 0.129656 0.013336 0.345850
v 0.133572 -0.005230 0.352181
v 0.149959 -0.002092 0.338737
v 0.149209 0.005412 0.337281
v 0.162326 0.005763 0.319909
v 0.157923 0.013176 0.317155
v 0.145761 0.012270 0.331576
v 0.165531 -0.000484 0.321207
v 0.171444 0.000688 0.301278
v 0.169253 0.007838 0.300468
v 0.169807 -0.007366 0.301309
v 0.176678 -0.005440 0.278358
v 0.177847 0.001369 0.278220
v 0.165721 -0.014899 0.301120
v 0.161962 -0.021157 0.301410
v 0.156865 -0.031107 0.297552
v 0.184896 0.001547 0.252810
v 0.183336 -0.005521 0.252973
v 0.182536 -0.005721 0.235347
v 0.184689 0.001634 0.234434
v 0.182708 0.000770 0.221468
v 0.179689 -0.006567 0.222727
v 0.176007 -0.008131 0.210334
v 0.180164 -0.000961 0.209636
v 0.175804 -0.002774 0.195257
v 0.174825 0.004041 0.193935
v 0.177143 0.005687 0.209805
v 0.172019 -0.009917 0.196943
v 0.170222 -0.004163 0.175346
v 0.165887 -0.005006 0.160679
v 0.166206 0.001937 0.159040
v 0.169995 0.002710 0.174163
v 0.162944 0.008743 0.158267
v 0.160987 0.007551 0.150297
v 0.156302 0.015128 0.151349
v 0.156933 0.016420 0.157692
v 0.163203 0.001269 0.149922
v 0.162697 -0.005358 0.151136
v 0.157078 -0.013455 0.147280
v 0.149758 -0.026561 0.151619
v 0.147870 -0.024886 0.146332
v 0.154849 -0.012459 0.141369
v 0.144961 -0.019891 0.146994
v 0.151154 -0.007370 0.142682
v 0.150568 0.005217 0.142277
v 0.153370 0.010859 0.141876
v 0.144048 0.014721 0.145757
v 0.146719 0.020337 0.145659
v 0.148998 0.024309 0.147893
v 0.155368 0.013928 0.145231
v 0.132275 0.029735 0.152041
v 0.135896 0.033989 0.151833
v 0.138937 0.037725 0.151745
v 0.140796 0.039325 0.156169
v 0.149441 0.025654 0.153185
v 0.120502 0.051205 0.158924
v 0.125255 0.055297 0.158712
v 0.129594 0.057517 0.161299
v 0.130428 0.056554 0.166681
v 0.141837 0.039831 0.161618
v 0.108934 0.072039 0.165800
v 0.113080 0.075503 0.167672
v 0.114063 0.074403 0.173052
v 0.115140 0.073622 0.178630
v 0.131033 0.055855 0.173825
v 0.099377 0.088368 0.173456
v 0.100188 0.087729 0.179080
v 0.100841 0.086975 0.184056
v 0.102392 0.086471 0.189853
v 0.116210 0.073129 0.185016
v 0.085354 0.099842 0.183557
v 0.084844 0.095469 0.188934
v 0.085827 0.093185 0.193920
v 0.086819 0.095042 0.200043
v 0.103710 0.086859 0.197297
v 0.063667 0.099066 0.192638
v 0.063929 0.095419 0.196900
v 0.065236 0.096982 0.203238
v 0.065515 0.099304 0.210015
v 0.087566 0.097342 0.208664
v 0.040013 0.097948 0.201994
v 0.040610 0.098759 0.207470
v 0.041425 0.100615 0.213138
v 0.041915 0.104297 0.218476
v 0.017166 0.097618 0.213260
v 0.015983 0.096708 0.205959
v -0.005809 0.088259 0.207989
v -0.004383 0.089353 0.216604
v -0.023435 0.071915 0.208087
v -0.023250 0.073158 0.217216
v -0.023778 0.077066 0.232298
v -0.023050 0.083364 0.253857
v -0.040436 0.053717 0.218997
v -0.043040 0.056566 0.237013
v -0.044329 0.061098 0.263203
v -0.038551 0.065342 0.293152
v -0.020520 0.085330 0.280204
v -0.058530 0.033887 0.241578
v -0.058143 0.035760 0.269693
v -0.049276 0.039702 0.300695
v -0.032799 0.045003 0.330437
v -0.024644 0.068329 0.319372
v -0.065495 0.014722 0.272200
v -0.056974 0.017646 0.304194
v -0.035991 0.021012 0.337704
v -0.011679 0.021816 0.358151
v -0.007937 0.044666 0.348182
v -0.062363 0.000164 0.305506
v -0.040464 0.002024 0.339968
v -0.070487 -0.002023 0.273226
v -0.066781 0.014231 0.245130
v -0.053309 0.031802 0.222326
v -0.038669 0.052157 0.209853
v -0.050359 0.031018 0.211655
v -0.038307 0.051641 0.202827
v -0.049282 0.031149 0.203668
v -0.039783 0.052260 0.197145
v -0.024674 0.072465 0.201299
v -0.027103 0.073800 0.195442
v -0.027620 0.073307 0.189449
v -0.007498 0.089126 0.195610
v -0.007343 0.088943 0.190226
v -0.005129 0.084954 0.187185
v 0.012484 0.100479 0.189277
v 0.014120 0.095775 0.186322
v 0.016372 0.090221 0.184242
v 0.038798 0.098954 0.183725
v 0.038693 0.093652 0.182067
v 0.040081 0.089222 0.184161
v 0.061957 0.093732 0.179137
v 0.061700 0.088304 0.178551
v 0.062327 0.082744 0.182721
v 0.077668 0.085004 0.176857
v 0.079742 0.089675 0.175903
v 0.091191 0.079475 0.170871
v 0.087362 0.075077 0.172605
v 0.103625 0.067242 0.165533
v 0.098642 0.063185 0.166173
v 0.115962 0.047186 0.158802
v 0.112774 0.044261 0.161264
v 0.095897 0.084471 0.171654
v 0.082253 0.094991 0.176985
v 0.084687 0.099576 0.178363
v 0.062095 0.099109 0.180963
v 0.062269 0.103990 0.182695
v 0.063005 0.102970 0.186849
v 0.038525 0.104133 0.186019
v 0.038784 0.102947 0.190757
v 0.039427 0.100532 0.196687
v 0.013908 0.099591 0.194791
v 0.015193 0.097638 0.200149
v -0.006847 0.088500 0.201701
v 0.011951 0.044900 0.359035
v 0.020316 0.067916 0.347345
v -0.002580 0.067925 0.335311
v 0.001196 0.023971 0.368052
v 0.012618 0.027503 0.374406
v 0.032986 0.046582 0.365230
v -0.005202 0.013989 0.381578
v -0.009214 0.009079 0.387712
v 0.064961 0.062100 0.356830
v 0.042372 0.065693 0.353760
v 0.069376 0.084188 0.338972
v 0.047733 0.086634 0.338639
v 0.026347 0.086954 0.332265
v 0.051070 0.099795 0.312783
v 0.033195 0.098101 0.308934
v 0.016811 0.097133 0.299985
v 0.004931 0.085707 0.320274
v 0.004846 0.097437 0.286834
v -0.011355 0.085641 0.303403
v 0.016758 0.109092 0.275476
v 0.024878 0.124468 0.266254
v 0.039452 0.131489 0.255141
v 0.058813 0.126410 0.244559
v 0.063592 0.126189 0.257223
v 0.066282 0.124131 0.271206
v 0.085839 0.111756 0.263870
v 0.067049 0.113463 0.286614
v 0.083938 0.107832 0.280336
v 0.069292 0.100663 0.310219
v 0.084831 0.095659 0.302558
v 0.089209 0.078896 0.332851
v 0.107807 0.073253 0.321254
v 0.116268 0.066184 0.307818
v 0.087606 0.057744 0.355205
v 0.109932 0.051122 0.342131
v 0.125309 0.044672 0.327296
v 0.133573 0.039661 0.314432
v 0.122632 0.062563 0.298022
v 0.127389 0.025219 0.338337
v 0.140948 0.021525 0.324840
v 0.152144 0.022844 0.312527
v 0.144728 0.038998 0.304282
v 0.153018 0.036838 0.291455
v 0.132422 0.063406 0.291526
v 0.160386 0.022753 0.296604
v 0.158374 0.034865 0.272481
v 0.165528 0.014427 0.299214
v 0.160510 0.035000 0.250783
v 0.149719 0.027244 0.249284
v 0.139095 0.042231 0.252248
v 0.138881 0.041375 0.243667
v 0.141885 0.042867 0.237260
v 0.131637 0.058567 0.241448
v 0.148596 0.045996 0.235817
v 0.138925 0.060612 0.239580
v 0.127424 0.075596 0.243454
v 0.141520 0.059877 0.234103
v 0.127762 0.073605 0.234991
v 0.115147 0.085735 0.236341
v 0.114017 0.081208 0.224739
v 0.114631 0.075889 0.208371
v 0.104072 0.089024 0.208872
v 0.118467 0.071089 0.193980
v 0.129955 0.060364 0.191474
v 0.131314 0.057954 0.186762
v 0.135581 0.054328 0.189744
v 0.135376 0.054097 0.186570
v 0.151366 0.047710 0.231504
v 0.119587 0.082927 0.275515
v 0.130493 0.058217 0.180374
v 0.142649 0.040001 0.166952
v 0.142500 0.041398 0.173019
v 0.150098 0.026739 0.158358
v 0.143395 0.043318 0.184377
v 0.137659 -0.042342 0.152875
v 0.133560 -0.038475 0.153687
v 0.123281 -0.060166 0.160331
v 0.118930 -0.056155 0.160442
v 0.114366 -0.052027 0.160253
v 0.101681 -0.071249 0.167130
v 0.097813 -0.067114 0.166407
v 0.097765 -0.062929 0.171646
v 0.112197 -0.048866 0.162410
v 0.080167 -0.081043 0.174520
v 0.079996 -0.077763 0.181097
v 0.078506 -0.071466 0.183052
v 0.059340 -0.082891 0.184015
v 0.058897 -0.075782 0.186623
v 0.058282 -0.067476 0.186249
v 0.036787 -0.075910 0.188841
v 0.037920 -0.068215 0.188948
v 0.038892 -0.060517 0.188070
v 0.019893 -0.065327 0.190521
v 0.022702 -0.057945 0.189904
v 0.024815 -0.051542 0.186532
v 0.008502 -0.051853 0.191012
v 0.012077 -0.046756 0.187621
v 0.013682 -0.044809 0.180922
v 0.001765 -0.038919 0.188388
v 0.003675 -0.037746 0.181771
v 0.004448 -0.037890 0.174483
v -0.004751 -0.029534 0.182061
v -0.003263 -0.029140 0.175341
v -0.002018 -0.028798 0.168436
v -0.009138 -0.019114 0.176067
v -0.008560 -0.019427 0.169282
v -0.010274 -0.020556 0.161217
v -0.011770 -0.008133 0.169965
v -0.014416 -0.009187 0.162488
v -0.020756 -0.010601 0.153015
v -0.013568 0.004155 0.162629
v -0.017183 0.003765 0.153034
v -0.024083 0.004205 0.158272
v -0.013617 0.018292 0.153359
v -0.020596 0.019473 0.158378
v -0.025885 0.020322 0.163165
v -0.014397 0.033501 0.159275
v -0.017654 0.034760 0.164141
v -0.023532 0.037239 0.163908
v -0.032294 0.021386 0.163371
v -0.038878 0.022066 0.161516
v -0.011511 0.032313 0.153824
v -0.001610 0.040738 0.152728
v 0.002604 0.037517 0.161910
v 0.014321 0.045110 0.160564
v 0.012656 0.044814 0.149988
v -0.005331 0.028449 0.162613
v -0.003333 0.027389 0.170239
v 0.004807 0.036722 0.169652
v -0.011056 0.017510 0.162858
v -0.010139 0.017481 0.170364
v -0.010574 0.018101 0.176989
v -0.003868 0.028206 0.176804
v -0.011777 0.004842 0.170300
v -0.011933 0.005812 0.177156
v -0.012429 0.006895 0.183889
v -0.011295 0.018882 0.183518
v -0.011582 -0.007165 0.176841
v -0.012058 -0.006428 0.183565
v -0.012555 -0.005777 0.189972
v -0.013799 0.008297 0.190218
v -0.010607 -0.019330 0.182529
v -0.012460 -0.019692 0.188408
v -0.016965 -0.020477 0.192029
v -0.018335 -0.005455 0.192664
v -0.006880 -0.030433 0.188190
v -0.011776 -0.033178 0.191899
v -0.017357 -0.036250 0.193025
v -0.023031 -0.021300 0.193390
v -0.002960 -0.043359 0.191681
v -0.008085 -0.047801 0.192872
v -0.013413 -0.052026 0.192531
v -0.023267 -0.038871 0.191696
v 0.004061 -0.057648 0.191926
v -0.000222 -0.062368 0.191893
v -0.005359 -0.067772 0.190051
v -0.018433 -0.056305 0.189531
v 0.016515 -0.072082 0.190716
v 0.012808 -0.079124 0.190415
v 0.009475 -0.084324 0.186788
v -0.009417 -0.071330 0.186041
v 0.035659 -0.083773 0.187350
v 0.034615 -0.089496 0.183849
v 0.034230 -0.095164 0.183033
v 0.006761 -0.088254 0.185467
v 0.059525 -0.088049 0.179722
v 0.060308 -0.094335 0.179441
v 0.061203 -0.100646 0.182013
v 0.033901 -0.100709 0.185699
v 0.083005 -0.086143 0.173841
v 0.087304 -0.091541 0.175392
v 0.089745 -0.095461 0.177875
v 0.061860 -0.105599 0.186322
v 0.105966 -0.076059 0.167914
v 0.109490 -0.078755 0.171293
v 0.111535 -0.078045 0.176844
v 0.089692 -0.093215 0.183800
v 0.126701 -0.060987 0.163805
v 0.128783 -0.059771 0.169728
v 0.130164 -0.058960 0.175827
v 0.113273 -0.077621 0.182778
v 0.139868 -0.043628 0.157381
v 0.140932 -0.043474 0.164070
v 0.141864 -0.044020 0.170538
v 0.140454 -0.044756 0.179745
v 0.131559 -0.058119 0.183274
v 0.115064 -0.076771 0.189982
v 0.093896 -0.092777 0.197076
v 0.091696 -0.092059 0.189946
v 0.069561 -0.098147 0.206509
v 0.067021 -0.099883 0.198151
v 0.064250 -0.104157 0.192571
v 0.035225 -0.102387 0.203076
v 0.034378 -0.103208 0.197020
v 0.033715 -0.103481 0.190354
v 0.002555 -0.095521 0.200049
v 0.002123 -0.095549 0.193360
v 0.003762 -0.092641 0.188314
v -0.019650 -0.081214 0.198756
v -0.017643 -0.079507 0.192209
v -0.013890 -0.075739 0.187338
v -0.033698 -0.068320 0.191553
v -0.028229 -0.064187 0.187342
v -0.023228 -0.060249 0.185237
v -0.038743 -0.046500 0.187154
v -0.032427 -0.043385 0.185692
v -0.027010 -0.040745 0.186960
v -0.039157 -0.023982 0.185789
v -0.032502 -0.022478 0.185900
v -0.028575 -0.021992 0.191167
v -0.034792 -0.005271 0.185307
v -0.030203 -0.005224 0.190225
v -0.024581 -0.005314 0.192913
v -0.029856 0.010073 0.190872
v -0.025403 0.009751 0.192797
v -0.019441 0.009169 0.192514
v -0.022147 0.025093 0.193160
v -0.016938 0.022469 0.192170
v -0.013197 0.020184 0.189829
v -0.008625 0.033265 0.192063
v -0.004617 0.028876 0.189442
v -0.004434 0.028800 0.183409
v 0.005945 0.037890 0.188832
v 0.005537 0.037760 0.183247
v 0.005103 0.037430 0.176472
v 0.016780 0.045945 0.182498
v 0.016297 0.045027 0.175597
v 0.015450 0.044748 0.168701
v 0.030093 0.046676 0.174450
v 0.029722 0.046716 0.166968
v 0.029212 0.048621 0.159002
v 0.043569 0.047411 0.165080
v 0.042849 0.050084 0.157305
v 0.041751 0.054458 0.144825
v 0.028336 0.050216 0.147108
v 0.044379 0.062524 0.153662
v 0.051614 0.052914 0.141424
v 0.056885 0.058933 0.147461
v 0.060499 0.064228 0.149811
v 0.046008 0.070201 0.156860
v 0.064389 0.068978 0.150883
v 0.071832 0.054990 0.142519
v 0.075471 0.058220 0.143069
v 0.078873 0.061646 0.142616
v 0.083878 0.046176 0.139598
v 0.087769 0.049448 0.139702
v 0.090561 0.029645 0.136155
v 0.095552 0.032691 0.137153
v 0.095951 0.012915 0.132608
v 0.101405 0.013821 0.134458
v 0.106562 0.014960 0.133990
v 0.102628 -0.002648 0.133705
v 0.107741 -0.002943 0.133619
v 0.113028 -0.003491 0.132247
v 0.111064 0.016797 0.132213
v 0.117199 -0.004116 0.130566
v 0.114560 0.016905 0.129630
v 0.117913 -0.004219 0.125930
v 0.116822 0.016220 0.124829
v 0.116879 -0.004385 0.120162
v 0.114677 -0.023851 0.126591
v 0.114974 -0.024689 0.121211
v 0.116381 -0.025912 0.116813
v 0.105824 -0.041350 0.122702
v 0.108693 -0.045114 0.119481
v 0.112752 -0.049277 0.116951
v 0.119778 -0.027771 0.114923
v 0.116725 -0.053827 0.110949
v 0.124108 -0.029819 0.111615
v 0.120089 -0.057794 0.102932
v 0.128649 -0.030830 0.105857
v 0.109067 -0.075376 0.115055
v 0.112126 -0.083794 0.107123
v 0.095962 -0.088604 0.121207
v 0.096009 -0.096730 0.112019
v 0.081815 -0.098502 0.129430
v 0.082511 -0.107120 0.121876
v 0.067037 -0.109768 0.142752
v 0.067682 -0.119518 0.135908
v 0.069109 -0.131042 0.128725
v 0.049333 -0.128567 0.148717
v 0.050604 -0.141352 0.143006
v 0.055115 -0.159058 0.136947
v 0.071479 -0.147048 0.121515
v 0.054682 -0.178335 0.124458
v 0.073576 -0.165045 0.112670
v 0.082318 -0.147697 0.099293
v 0.068130 -0.181514 0.098588
v 0.080023 -0.161720 0.087972
v 0.087527 -0.145489 0.080154
v 0.078671 -0.172320 0.077068
v 0.086488 -0.155682 0.069906
v 0.091152 -0.144207 0.064061
v 0.092307 -0.133945 0.076659
v 0.092456 -0.134459 0.058747
v 0.089961 -0.152978 0.055568
v 0.091607 -0.143311 0.049417
v 0.086542 -0.136171 0.043818
v 0.087418 -0.127387 0.056411
v 0.085022 -0.163804 0.061270
v 0.084314 -0.169459 0.055419
v 0.076683 -0.178863 0.067795
v 0.077030 -0.183067 0.061774
v 0.077427 -0.186868 0.055255
v 0.083416 -0.173555 0.049684
v 0.075168 -0.189766 0.048676
v 0.080558 -0.176350 0.043457
v 0.069389 -0.189712 0.045443
v 0.074892 -0.176163 0.040203
v 0.062493 -0.188555 0.044689
v 0.068796 -0.174324 0.039052
v 0.055271 -0.187129 0.045734
v 0.062882 -0.171724 0.038793
v 0.052594 -0.191938 0.046138
v 0.050523 -0.198573 0.052909
v 0.049049 -0.194987 0.055915
v 0.052681 -0.189249 0.047790
v 0.048064 -0.192264 0.059106
v 0.052540 -0.185730 0.053062
v 0.048170 -0.188850 0.061874
v 0.050875 -0.183674 0.057029
v 0.048114 -0.184796 0.063081
v 0.049574 -0.182284 0.058788
v 0.041289 -0.194839 0.069663
v 0.038356 -0.189157 0.067473
v 0.045657 -0.193374 0.050736
v 0.052160 -0.185405 0.060709
v 0.045256 -0.202999 0.034399
v 0.058968 -0.185317 0.028247
v 0.059108 -0.179868 0.041684
v 0.056853 -0.194718 0.018705
v 0.062427 -0.181736 0.012846
v 0.053195 -0.199747 0.011418
v 0.058402 -0.187059 0.005270
v 0.059162 -0.176187 -0.001714
v 0.059609 -0.171381 0.007820
v 0.054618 -0.166322 -0.006320
v 0.055863 -0.161051 0.003045
v 0.057815 -0.154619 0.014177
v 0.058562 -0.147795 0.024225
v 0.049221 -0.149761 -0.002831
v 0.050070 -0.142890 0.007551
v 0.050119 -0.135704 0.016651
v 0.036923 -0.132966 0.000710
v 0.036352 -0.126548 0.008198
v 0.034198 -0.122539 0.014595
v 0.021059 -0.124711 0.004714
v 0.021702 -0.129936 -0.001074
v 0.006700 -0.127237 0.000087
v 0.007489 -0.122339 0.005936
v -0.008331 -0.128898 0.010759
v -0.007405 -0.123421 0.018748
v 0.006940 -0.133709 -0.007697
v -0.007297 -0.136569 -0.000663
v -0.019164 -0.141663 0.007205
v -0.005837 -0.145854 -0.011526
v -0.015621 -0.152202 -0.005697
v -0.023112 -0.160146 0.000111
v -0.025978 -0.149342 0.014878
v -0.028824 -0.168581 0.005542
v -0.020363 -0.167537 -0.008802
v -0.024938 -0.175795 -0.003150
v -0.026473 -0.184317 0.002187
v -0.032046 -0.177852 0.011054
v -0.025632 -0.192957 0.007528
v -0.029792 -0.187228 0.017407
v -0.021267 -0.202186 0.013131
v -0.024851 -0.197263 0.024674
v -0.026994 -0.181979 0.040247
v -0.029283 -0.165230 0.058681
v -0.014368 -0.205552 0.030820
v -0.015338 -0.191814 0.046985
v -0.016290 -0.177591 0.064315
v -0.024848 -0.182855 0.065501
v -0.034845 -0.167457 0.058478
v -0.003270 -0.201618 0.051612
v -0.003406 -0.189248 0.069558
v -0.009690 -0.196238 0.071236
v -0.014244 -0.202197 0.069306
v -0.030564 -0.187553 0.061324
v 0.008303 -0.194800 0.071827
v 0.005680 -0.203207 0.074246
v 0.002025 -0.212623 0.074593
v 0.001399 -0.215759 0.067765
v -0.015365 -0.205655 0.062770
v 0.023857 -0.202762 0.073642
v 0.024049 -0.209229 0.072763
v 0.023277 -0.213703 0.066696
v 0.023195 -0.217583 0.060790
v 0.000808 -0.218967 0.060946
v 0.041847 -0.200557 0.066482
v 0.040755 -0.204589 0.061368
v 0.039858 -0.208220 0.055900
v 0.043572 -0.214614 0.055166
v 0.023388 -0.223636 0.059564
v 0.054531 -0.200565 0.050372
v 0.023026 -0.229569 0.061941
v -0.001659 -0.222392 0.058542
v 0.047517 -0.220948 0.056933
v 0.049425 -0.223416 0.060998
v 0.023952 -0.235075 0.067296
v 0.061462 -0.206004 0.050557
v 0.065279 -0.206488 0.054692
v 0.066124 -0.204378 0.061191
v 0.049218 -0.220980 0.067253
v 0.048273 -0.217910 0.073446
v 0.024107 -0.228468 0.078883
v 0.023595 -0.232919 0.072027
v 0.066011 -0.202009 0.067878
v 0.064734 -0.198440 0.075377
v 0.046569 -0.213934 0.081891
v 0.047205 -0.208131 0.092220
v 0.027953 -0.216539 0.099056
v 0.025939 -0.222768 0.087204
v 0.064331 -0.191960 0.084647
v 0.051715 -0.197122 0.108370
v 0.031931 -0.184656 0.133556
v 0.030434 -0.205269 0.115931
v 0.006265 -0.184630 0.137392
v 0.005858 -0.205361 0.118278
v 0.004288 -0.216441 0.100668
v -0.018415 -0.197727 0.114356
v -0.017900 -0.210405 0.097482
v -0.017930 -0.217813 0.084531
v 0.002546 -0.222586 0.087685
v -0.033725 -0.197755 0.090014
v -0.032564 -0.205648 0.078193
v -0.047778 -0.180729 0.080926
v -0.047782 -0.188192 0.069895
v -0.047161 -0.193721 0.062286
v -0.056637 -0.171235 0.063127
v -0.047008 -0.198111 0.054643
v -0.044280 -0.199854 0.048103
v -0.047130 -0.179140 0.041404
v -0.038544 -0.196848 0.047629
v -0.020878 -0.213430 0.054785
v -0.031623 -0.193839 0.047847
v -0.016797 -0.208413 0.056228
v -0.029725 -0.190608 0.054234
v -0.040509 -0.176438 0.041037
v -0.036789 -0.173715 0.044704
v -0.036777 -0.171261 0.052285
v -0.042691 -0.159403 0.039627
v -0.047981 -0.163496 0.037268
v -0.054704 -0.153630 0.038018
v -0.050456 -0.150200 0.040018
v -0.060115 -0.147123 0.040074
v -0.055736 -0.144168 0.040643
v -0.052892 -0.141009 0.043442
v -0.055687 -0.133657 0.047505
v -0.050623 -0.137474 0.047391
v -0.060150 -0.128636 0.053350
v -0.065802 -0.128028 0.053206
v -0.065951 -0.125981 0.060847
v -0.063512 -0.149445 0.043871
v -0.064939 -0.141893 0.047285
v -0.059907 -0.156898 0.038718
v -0.053675 -0.166601 0.037753
v -0.048378 -0.168641 0.094627
v -0.036345 -0.185101 0.106078
v -0.036972 -0.165449 0.122309
v -0.048670 -0.152488 0.109302
v -0.017721 -0.177237 0.132164
v -0.016140 -0.155635 0.143048
v -0.034373 -0.145823 0.130469
v 0.007240 -0.162291 0.148950
v 0.008702 -0.145515 0.153013
v -0.014607 -0.140648 0.146895
v 0.031760 -0.164071 0.146503
v 0.030210 -0.146359 0.152094
v 0.029962 -0.134620 0.158009
v 0.009058 -0.135838 0.157815
v 0.008052 -0.130644 0.165682
v -0.015835 -0.127320 0.157608
v -0.013999 -0.131485 0.150339
v 0.030938 -0.126798 0.164436
v 0.030209 -0.116438 0.166342
v 0.008312 -0.121598 0.168970
v 0.051054 -0.119297 0.155479
v 0.047990 -0.108667 0.155965
v 0.045892 -0.100388 0.156112
v 0.028816 -0.107651 0.164335
v 0.063368 -0.099557 0.144480
v 0.062428 -0.093234 0.147397
v 0.063348 -0.087594 0.153088
v 0.045973 -0.093649 0.159695
v 0.078749 -0.090049 0.132727
v 0.077484 -0.084108 0.137138
v 0.076587 -0.079102 0.141735
v 0.075644 -0.074825 0.145222
v 0.063490 -0.081597 0.156430
v 0.088246 -0.073086 0.128516
v 0.086224 -0.068730 0.132706
v 0.085955 -0.065412 0.136848
v 0.086480 -0.062670 0.141248
v 0.074573 -0.070752 0.147737
v 0.095386 -0.055126 0.125986
v 0.096669 -0.054094 0.131017
v 0.097401 -0.052207 0.136943
v 0.095515 -0.049009 0.138852
v 0.083604 -0.058585 0.142095
v 0.107508 -0.040719 0.128213
v 0.109164 -0.039803 0.133789
v 0.105102 -0.036640 0.135955
v 0.100155 -0.033603 0.136578
v 0.092451 -0.045247 0.138347
v 0.114294 -0.022894 0.131286
v 0.109961 -0.021077 0.134023
v 0.104599 -0.019462 0.135387
v 0.099466 -0.018300 0.135816
v 0.095055 -0.031060 0.136571
v 0.088968 -0.041231 0.137445
v 0.094019 -0.017561 0.133651
v 0.097439 -0.002755 0.131892
v 0.093074 -0.002907 0.129256
v 0.090331 -0.002643 0.135919
v 0.090529 0.011897 0.129870
v 0.090203 0.011792 0.136275
v 0.089131 0.011267 0.142870
v 0.088055 -0.003207 0.142179
v 0.084361 0.027367 0.131343
v 0.084612 0.026857 0.136773
v 0.084622 0.026059 0.142697
v 0.084714 0.025390 0.149903
v 0.087688 0.011137 0.148070
v 0.074872 0.037089 0.141344
v 0.074122 0.034620 0.150460
v 0.075393 0.034249 0.158272
v 0.086227 0.024453 0.155235
v 0.063529 0.047901 0.137882
v 0.063454 0.042856 0.151350
v 0.065317 0.041820 0.160323
v 0.068994 0.043531 0.167479
v 0.079571 0.037759 0.163826
v 0.053856 0.049201 0.154855
v 0.055515 0.047430 0.162876
v 0.057699 0.047049 0.169820
v 0.044543 0.046678 0.172678
v 0.045332 0.049313 0.179630
v 0.030425 0.048551 0.181379
v 0.030008 0.053052 0.186029
v 0.017387 0.046720 0.188194
v 0.014446 0.052453 0.190340
v 0.002127 0.042938 0.191424
v -0.002673 0.048939 0.192200
v -0.013776 0.037570 0.192937
v -0.019158 0.041022 0.192863
v -0.027565 0.026374 0.192648
v -0.032032 0.027099 0.188943
v -0.033339 0.010203 0.186332
v -0.041152 0.010757 0.185586
v -0.042675 -0.005590 0.185818
v -0.049571 -0.005630 0.186368
v -0.046055 -0.025867 0.186570
v -0.051973 -0.027469 0.187939
v -0.044027 -0.049267 0.190679
v -0.044793 -0.049065 0.197201
v -0.035598 -0.070020 0.199023
v 0.091255 0.027587 0.157179
v 0.098383 0.012595 0.153978
v 0.091651 0.011192 0.152368
v 0.099776 -0.003624 0.154815
v 0.093075 -0.003680 0.152110
v 0.088856 -0.003729 0.147450
v 0.090324 -0.017900 0.155109
v 0.087463 -0.017641 0.148887
v 0.084322 -0.031806 0.157649
v 0.080101 -0.030996 0.152053
v 0.069146 -0.040156 0.157615
v 0.065457 -0.040588 0.150899
v 0.055730 -0.047164 0.155628
v 0.052818 -0.048873 0.148957
v 0.063975 -0.042503 0.143869
v 0.051132 -0.052072 0.143890
v 0.062829 -0.047642 0.139633
v 0.052172 -0.056696 0.145976
v 0.064490 -0.052616 0.141099
v 0.053984 -0.061037 0.150810
v 0.066366 -0.056377 0.145352
v 0.078764 -0.050693 0.139505
v 0.068158 -0.061262 0.147138
v 0.081062 -0.054436 0.141439
v 0.071067 -0.066128 0.147585
v 0.056344 -0.066917 0.153257
v 0.059871 -0.072121 0.155841
v 0.063351 -0.076866 0.157954
v 0.043428 -0.075820 0.162449
v 0.044013 -0.080747 0.164211
v 0.044925 -0.087021 0.162868
v 0.027074 -0.082723 0.167175
v 0.027874 -0.091433 0.166372
v 0.028180 -0.099196 0.164625
v 0.010811 -0.092621 0.169464
v 0.010323 -0.102437 0.167249
v 0.009287 -0.112206 0.167479
v -0.008715 -0.101594 0.164961
v -0.012979 -0.111611 0.164856
v -0.016060 -0.120653 0.163219
v -0.038096 -0.110321 0.151465
v -0.036777 -0.118005 0.144640
v -0.049162 -0.098631 0.136368
v -0.049781 -0.108193 0.131890
v -0.046039 -0.115026 0.125516
v -0.031903 -0.122820 0.137507
v -0.045400 -0.124494 0.121744
v -0.033125 -0.132553 0.134687
v -0.046468 -0.135527 0.117321
v -0.054355 -0.119185 0.113515
v -0.054747 -0.128881 0.107792
v -0.056056 -0.141314 0.098462
v -0.059689 -0.123136 0.101435
v -0.060977 -0.132997 0.091346
v -0.064246 -0.126139 0.087057
v -0.059294 -0.114588 0.107954
v -0.060404 -0.107796 0.112534
v -0.055879 -0.111236 0.118646
v -0.057354 -0.103784 0.122958
v -0.062498 -0.101728 0.115819
v -0.065303 -0.094897 0.118711
v -0.067953 -0.094076 0.110467
v -0.064806 -0.099530 0.108912
v -0.058897 -0.095380 0.126922
v -0.068615 -0.088101 0.121130
v -0.073754 -0.081072 0.111983
v -0.071139 -0.087976 0.111359
v -0.072880 -0.081741 0.100546
v -0.070710 -0.087528 0.101551
v -0.067831 -0.092492 0.101784
v -0.066984 -0.086666 0.090247
v -0.066393 -0.090992 0.089945
v -0.066231 -0.095071 0.089445
v -0.065455 -0.096910 0.101406
v -0.069784 -0.091423 0.074658
v -0.070165 -0.095495 0.075224
v -0.070142 -0.099300 0.075647
v -0.074181 -0.098988 0.056228
v -0.073818 -0.103162 0.057990
v -0.072533 -0.106858 0.059308
v -0.069246 -0.103351 0.075896
v -0.070031 -0.109995 0.060134
v -0.067466 -0.106233 0.075403
v -0.066330 -0.110411 0.059775
v -0.072045 -0.116574 0.040518
v -0.067516 -0.117275 0.040263
v -0.063696 -0.116365 0.039620
v -0.062895 -0.110668 0.059407
v -0.063259 -0.112805 0.038337
v -0.060718 -0.108739 0.058386
v -0.063391 -0.108339 0.036805
v -0.060630 -0.105164 0.056955
v -0.063203 -0.104266 0.035325
v -0.060155 -0.101618 0.055493
v -0.062429 -0.099814 0.033800
v -0.059361 -0.098260 0.053975
v -0.056627 -0.096850 0.067576
v -0.058511 -0.094396 0.052465
v -0.055687 -0.093800 0.066138
v -0.057753 -0.089972 0.051243
v -0.055178 -0.090382 0.063861
v -0.056428 -0.084558 0.049869
v -0.058619 -0.089147 0.031730
v -0.056380 -0.083153 0.031243
v -0.059420 -0.088625 0.006321
v -0.058841 -0.082175 0.005602
v -0.063614 -0.076755 0.005669
v -0.064253 -0.083153 -0.023034
v -0.070080 -0.077498 -0.022777
v -0.078794 -0.072917 -0.022779
v -0.073343 -0.080317 -0.049816
v -0.078785 -0.074605 -0.048271
v -0.075751 -0.068704 -0.049573
v -0.069214 -0.068591 -0.022960
v -0.068989 -0.065663 -0.051478
v -0.061086 -0.064913 -0.023596
v -0.061144 -0.062054 -0.052724
v -0.054167 -0.060977 -0.023657
v -0.055077 -0.056508 -0.052464
v -0.051655 -0.053212 -0.022480
v -0.053261 -0.047631 -0.051582
v -0.051241 -0.044792 -0.020744
v -0.050773 -0.043651 0.008593
v -0.052289 -0.035405 -0.018835
v -0.053969 -0.031102 0.008580
v -0.053215 -0.020958 0.025390
v -0.057803 -0.013678 0.005739
v -0.053539 -0.006418 0.022283
v -0.058367 0.008751 0.005559
v -0.054666 0.009646 0.021150
v -0.058205 0.030064 0.008074
v -0.055692 0.026946 0.023292
v -0.050608 0.024181 0.037369
v -0.054781 0.042507 0.009256
v -0.054533 0.041881 0.025620
v -0.052944 0.040804 0.037414
v -0.052583 0.051915 0.024835
v -0.051101 0.052744 0.037407
v -0.049589 0.053029 0.047845
v -0.050033 0.040066 0.046615
v -0.044230 0.054284 0.052900
v -0.043564 0.041110 0.049706
v -0.040027 0.044256 0.043500
v -0.040918 0.058179 0.047312
v -0.037116 0.062712 0.040652
v -0.036699 0.047666 0.036422
v -0.045064 0.063512 0.055476
v -0.041822 0.068445 0.050799
v -0.037765 0.074207 0.044656
v -0.029959 0.081130 0.035498
v -0.031388 0.069020 0.032210
v -0.031819 0.051458 0.028361
v -0.035231 0.025721 0.032509
v -0.014490 0.095981 0.022950
v -0.012127 0.102836 0.024862
v 0.002870 0.105436 0.015368
v 0.001515 0.100671 0.012549
v 0.019761 0.111532 0.010748
v 0.020263 0.109309 0.007182
v 0.038674 0.114665 0.019351
v 0.040924 0.113777 0.014291
v 0.042986 0.112496 0.009625
v 0.044425 0.110345 0.003799
v 0.061654 0.114827 0.026404
v 0.064744 0.113368 0.021507
v 0.068551 0.111947 0.014151
v 0.071438 0.108044 0.006164
v 0.046624 0.107235 -0.003450
v 0.083761 0.107631 0.034135
v 0.090219 0.106446 0.028609
v 0.078119 0.106795 0.039492
v 0.048772 0.102463 -0.014534
v 0.027195 0.093865 -0.019616
v 0.075917 0.100325 -0.007372
v 0.019409 0.113845 0.013266
v 0.038177 0.117670 0.022084
v 0.020011 0.117339 0.011059
v 0.038377 0.121411 0.017810
v 0.021079 0.120658 0.007323
v 0.038879 0.125038 0.012689
v 0.052151 0.133612 0.024614
v 0.038642 0.128973 0.006613
v 0.051141 0.138601 0.015046
v 0.038457 0.133829 0.000333
v 0.050069 0.143066 0.005906
v 0.056875 0.154098 0.009009
v 0.048460 0.148242 -0.004123
v 0.054642 0.159106 -0.000149
v 0.058558 0.170645 0.003990
v 0.060588 0.164719 0.011582
v 0.059550 0.186008 0.012549
v 0.062433 0.178173 0.018279
v 0.065331 0.162904 0.029309
v 0.055741 0.185317 0.033085
v 0.059157 0.179589 0.033696
v 0.062376 0.174381 0.030975
v 0.067228 0.163225 0.033582
v 0.068187 0.157912 0.031954
v 0.062780 0.173207 0.032432
v 0.065499 0.167117 0.033923
v 0.069342 0.165163 0.035222
v 0.070904 0.161351 0.033996
v 0.060371 0.177202 0.035382
v 0.062507 0.173337 0.035835
v 0.068179 0.168608 0.036978
v 0.071096 0.169725 0.037382
v 0.073274 0.166229 0.035877
v 0.063175 0.172683 0.036617
v 0.066518 0.169569 0.037468
v 0.069118 0.171301 0.038415
v 0.067993 0.178021 0.041052
v 0.072730 0.175085 0.038974
v 0.063472 0.172346 0.039165
v 0.067577 0.173029 0.039268
v 0.066631 0.177372 0.041197
v 0.065935 0.174126 0.040836
v 0.060437 0.178917 0.043371
v 0.059790 0.180090 0.044429
v 0.058514 0.182404 0.046514
v 0.063540 0.186114 0.044856
v 0.072017 0.186446 0.044312
v 0.051175 0.196946 0.050246
v 0.057641 0.183987 0.047940
v 0.040897 0.204618 0.057088
v 0.017371 0.215258 0.064451
v 0.020051 0.217391 0.059193
v 0.021619 0.219914 0.057594
v 0.021665 0.227955 0.060624
v 0.059023 0.202207 0.049438
v -0.008337 0.213728 0.058267
v -0.009148 0.218667 0.056672
v -0.011942 0.225432 0.059036
v -0.015119 0.229823 0.063784
v 0.021006 0.233479 0.066353
v -0.030319 0.201102 0.050074
v -0.036062 0.206284 0.051398
v -0.041494 0.209475 0.054673
v -0.041208 0.207104 0.060816
v -0.015206 0.228140 0.070139
v -0.047600 0.183558 0.042886
v -0.053068 0.185358 0.044940
v -0.053551 0.182923 0.051375
v -0.053790 0.180093 0.058583
v -0.040847 0.204160 0.067663
v -0.060574 0.168912 0.037721
v -0.060742 0.167023 0.044789
v -0.060666 0.164678 0.052796
v -0.060341 0.160899 0.061518
v -0.053370 0.176352 0.065897
v -0.064729 0.153759 0.050470
v -0.064164 0.150760 0.059466
v -0.062914 0.144473 0.069776
v -0.059224 0.154485 0.072325
v -0.064570 0.136510 0.067290
v -0.064306 0.125949 0.082513
v -0.061932 0.133024 0.084827
v -0.061731 0.129066 0.064569
v -0.060463 0.121050 0.080587
v -0.054231 0.112284 0.094319
v -0.058092 0.112718 0.094300
v -0.055188 0.125013 0.063630
v -0.053270 0.120191 0.080349
v -0.046708 0.126022 0.062794
v -0.046353 0.119886 0.081183
v -0.041237 0.119198 0.082286
v -0.053108 0.103287 0.100304
v -0.055397 0.106228 0.102608
v -0.060402 0.117529 0.097321
v -0.050243 0.101824 0.100187
v -0.052803 0.094667 0.097131
v -0.055296 0.095252 0.098237
v -0.055862 0.097179 0.089995
v -0.058849 0.096899 0.090940
v -0.059523 0.099635 0.083810
v -0.062523 0.099056 0.085129
v -0.065319 0.097655 0.086133
v -0.067375 0.101424 0.077760
v -0.069796 0.098443 0.077904
v -0.070387 0.094470 0.077429
v -0.067455 0.094498 0.086436
v -0.075180 0.100282 0.065566
v -0.075095 0.095571 0.064234
v -0.073537 0.091069 0.062645
v -0.081287 0.098260 0.044760
v -0.079208 0.093325 0.042947
v -0.076229 0.088497 0.041235
v -0.070881 0.087400 0.061459
v -0.082536 0.086624 0.043252
v -0.075905 0.085714 0.062881
v -0.080341 0.082811 0.064524
v -0.074032 0.082005 0.079402
v -0.088443 0.083117 0.045203
v -0.091801 0.077110 0.046223
v -0.083374 0.077857 0.065609
v -0.089688 0.088462 0.021694
v -0.098597 0.085536 0.023801
v -0.100613 0.076904 0.024089
v -0.100306 0.068106 0.023851
v -0.091239 0.070311 0.045903
v -0.104514 0.085118 0.000269
v -0.108479 0.075766 0.000416
v -0.108015 0.065533 -0.000325
v -0.102314 0.057293 -0.002338
v -0.095545 0.061243 0.022253
v -0.116475 0.076244 -0.025045
v -0.115501 0.064670 -0.026115
v -0.108378 0.055416 -0.028235
v -0.098218 0.050699 -0.030995
v -0.093069 0.053896 -0.005080
v -0.123511 0.064418 -0.054546
v -0.115923 0.053383 -0.056526
v -0.104802 0.047085 -0.059040
v -0.093763 0.046317 -0.061358
v -0.088042 0.049959 -0.033618
v -0.124859 0.052026 -0.086147
v -0.112014 0.044695 -0.089193
v -0.099668 0.043378 -0.091559
v -0.089392 0.042122 -0.092740
v -0.084979 0.046532 -0.062809
v -0.120206 0.043161 -0.120719
v -0.106307 0.040993 -0.123602
v -0.094587 0.039922 -0.124780
v -0.085439 0.032433 -0.124903
v -0.083006 0.033061 -0.092087
v -0.113907 0.038957 -0.156935
v -0.100881 0.038816 -0.158761
v -0.089538 0.032283 -0.159344
v -0.084837 0.020120 -0.158529
v -0.082845 0.020278 -0.123920
v -0.106945 0.036522 -0.193293
v -0.094578 0.031341 -0.193708
v -0.087172 0.019935 -0.193237
v -0.085113 0.005283 -0.192433
v -0.084036 0.005694 -0.157449
v -0.097521 0.031052 -0.226680
v -0.089321 0.020281 -0.226059
v -0.086024 0.006489 -0.225191
v -0.083948 -0.007991 -0.226181
v -0.082799 -0.009910 -0.193068
v -0.090135 0.020567 -0.245241
v -0.085523 0.007429 -0.244464
v -0.083855 -0.006690 -0.244666
v -0.085586 -0.021106 -0.245819
v -0.084750 -0.022107 -0.228463
v -0.085258 0.008065 -0.256320
v -0.083262 -0.006155 -0.256291
v -0.086128 -0.020569 -0.256828
v -0.094687 -0.032533 -0.256690
v -0.093634 -0.033075 -0.245936
v -0.083288 -0.006170 -0.266040
v -0.086771 -0.020395 -0.265906
v -0.095647 -0.032060 -0.265348
v -0.109626 -0.037450 -0.263849
v -0.108783 -0.037817 -0.255131
v -0.087354 -0.020753 -0.273650
v -0.096387 -0.031622 -0.272445
v -0.110422 -0.037186 -0.270907
v -0.128630 -0.041137 -0.268763
v -0.127465 -0.040602 -0.261449
v -0.096472 -0.031896 -0.278772
v -0.111144 -0.037460 -0.277188
v -0.129214 -0.043147 -0.275048
v -0.147941 -0.053511 -0.270471
v -0.146945 -0.051981 -0.264691
v -0.109813 -0.042243 -0.279976
v -0.127917 -0.047989 -0.278109
v -0.144358 -0.057825 -0.273495
v -0.151951 -0.074038 -0.267874
v -0.156115 -0.072174 -0.264402
v -0.124972 -0.054183 -0.276927
v -0.139427 -0.062176 -0.272392
v -0.146561 -0.075728 -0.268917
v -0.145942 -0.093580 -0.267268
v -0.151991 -0.093599 -0.265680
v -0.134725 -0.066073 -0.270210
v -0.141185 -0.077478 -0.267448
v -0.140164 -0.093446 -0.267285
v -0.133804 -0.107856 -0.270052
v -0.139383 -0.109400 -0.270443
v -0.137309 -0.078569 -0.263111
v -0.136348 -0.094036 -0.263033
v -0.130178 -0.108101 -0.264751
v -0.115748 -0.114972 -0.268319
v -0.134064 -0.094609 -0.256825
v -0.127361 -0.108398 -0.257919
v -0.111657 -0.112843 -0.262001
v -0.092443 -0.113788 -0.267274
v -0.097098 -0.114569 -0.274768
v -0.124331 -0.107864 -0.249570
v -0.108337 -0.110687 -0.253998
v -0.088828 -0.112865 -0.257186
v -0.079010 -0.130164 -0.255082
v -0.080914 -0.131379 -0.265683
v -0.104968 -0.108196 -0.243786
v -0.086942 -0.111727 -0.245590
v -0.077897 -0.128522 -0.243372
v -0.083165 -0.148090 -0.238121
v -0.084947 -0.152125 -0.247654
v -0.085827 -0.110147 -0.230105
v -0.077175 -0.124859 -0.228250
v -0.080549 -0.142121 -0.224295
v -0.087158 -0.156674 -0.218928
v -0.091297 -0.164966 -0.232812
v -0.075733 -0.118065 -0.201905
v -0.076821 -0.132505 -0.198870
v -0.082667 -0.144484 -0.194862
v -0.088297 -0.153548 -0.188659
v -0.095146 -0.166172 -0.212400
v -0.072712 -0.121446 -0.167280
v -0.077353 -0.131495 -0.165005
v -0.082750 -0.140814 -0.161154
v -0.088752 -0.148098 -0.155635
v -0.094629 -0.160066 -0.182587
v -0.073710 -0.122622 -0.135241
v -0.078865 -0.130454 -0.132703
v -0.083720 -0.138137 -0.128283
v -0.083402 -0.145772 -0.125515
v -0.088975 -0.156679 -0.151742
v -0.075585 -0.123218 -0.103802
v -0.078402 -0.130701 -0.099401
v -0.076829 -0.138367 -0.096831
v -0.072161 -0.143364 -0.095829
v -0.075357 -0.149900 -0.124428
v -0.075475 -0.124755 -0.071509
v -0.071557 -0.132430 -0.069018
v -0.069723 -0.137714 -0.066354
v -0.069550 -0.144413 -0.063045
v -0.069837 -0.150723 -0.092153
v -0.069290 -0.126625 -0.039711
v -0.069286 -0.132470 -0.037228
v -0.068833 -0.138918 -0.034674
v -0.072767 -0.143066 -0.032584
v -0.072380 -0.150485 -0.059997
v -0.068388 -0.127305 -0.009573
v -0.068759 -0.132220 -0.007172
v -0.073430 -0.133588 -0.005738
v -0.078933 -0.132035 -0.005160
v -0.078926 -0.143140 -0.031220
v -0.068665 -0.125123 0.017847
v -0.073386 -0.124899 0.018781
v -0.077108 -0.122180 0.018713
v -0.079646 -0.117687 0.018070
v -0.081884 -0.127323 -0.005771
v -0.075092 -0.113764 0.039919
v -0.076727 -0.109742 0.038657
v -0.077443 -0.105125 0.037088
v -0.081104 -0.112742 0.017342
v -0.080914 -0.107256 0.016478
v -0.084885 -0.115821 -0.007158
v -0.084112 -0.121839 -0.006477
v -0.089419 -0.125945 -0.032064
v -0.087237 -0.132554 -0.031733
v -0.083713 -0.138294 -0.031412
v -0.089728 -0.143118 -0.058983
v -0.084918 -0.148615 -0.058579
v -0.078540 -0.151525 -0.058704
v -0.084826 -0.158985 -0.086192
v -0.077227 -0.161291 -0.086877
v -0.071457 -0.157771 -0.088977
v -0.076354 -0.170985 -0.114377
v -0.070931 -0.164473 -0.117531
v -0.069652 -0.156266 -0.120924
v -0.070325 -0.172766 -0.146725
v -0.071044 -0.162941 -0.150900
v -0.079651 -0.157574 -0.152665
v -0.072607 -0.171607 -0.179481
v -0.082437 -0.168255 -0.180139
v -0.091765 -0.168371 -0.179083
v -0.084379 -0.177557 -0.206677
v -0.094690 -0.180918 -0.204267
v -0.102358 -0.172955 -0.206437
v -0.096712 -0.191392 -0.224748
v -0.106465 -0.185079 -0.224142
v -0.102093 -0.174106 -0.228250
v -0.108412 -0.193185 -0.237651
v -0.108196 -0.180487 -0.239167
v -0.095806 -0.171832 -0.241744
v -0.113621 -0.187373 -0.248352
v -0.099447 -0.176968 -0.249460
v -0.086455 -0.155692 -0.255415
v -0.105104 -0.177262 -0.256147
v -0.116209 -0.189930 -0.255711
v -0.121645 -0.192934 -0.260204
v -0.113820 -0.176003 -0.258681
v -0.113488 -0.208733 -0.263248
v -0.110502 -0.204638 -0.257633
v -0.096340 -0.208270 -0.263474
v -0.096913 -0.212016 -0.270272
v -0.108769 -0.199859 -0.248847
v -0.096600 -0.203831 -0.253169
v -0.087535 -0.199267 -0.258737
v -0.087344 -0.202058 -0.269585
v -0.097262 -0.198421 -0.241205
v -0.087660 -0.194966 -0.246297
v -0.080911 -0.189285 -0.250367
v -0.080292 -0.192172 -0.263031
v -0.086767 -0.187501 -0.229131
v -0.077310 -0.185451 -0.231461
v -0.072223 -0.194267 -0.229619
v -0.073040 -0.196982 -0.248937
v -0.074653 -0.179515 -0.206746
v -0.071269 -0.189177 -0.204190
v -0.074173 -0.200212 -0.200469
v -0.073759 -0.206438 -0.226395
v -0.070364 -0.181687 -0.175979
v -0.074166 -0.191898 -0.171908
v -0.085839 -0.196642 -0.169136
v -0.084919 -0.208494 -0.196948
v -0.075328 -0.181417 -0.142439
v -0.086040 -0.183799 -0.140287
v -0.096776 -0.180391 -0.140120
v -0.099021 -0.193120 -0.169133
v -0.085604 -0.170705 -0.112878
v -0.093634 -0.165683 -0.113009
v -0.099861 -0.158100 -0.114144
v -0.104727 -0.171141 -0.141965
v -0.091218 -0.153635 -0.086406
v -0.096193 -0.146694 -0.087038
v -0.098992 -0.138102 -0.088316
v -0.103951 -0.148188 -0.116459
v -0.093163 -0.136497 -0.059381
v -0.094338 -0.128560 -0.060345
v -0.093709 -0.119755 -0.061986
v -0.098573 -0.127831 -0.090774
v -0.089065 -0.118619 -0.032812
v -0.087636 -0.110652 -0.034051
v -0.084106 -0.103385 -0.035271
v -0.089596 -0.110746 -0.064184
v -0.084296 -0.109247 -0.007881
v -0.081724 -0.102165 -0.008263
v -0.078776 -0.096775 -0.007899
v -0.084869 -0.091292 -0.007173
v -0.080766 -0.097408 -0.036013
v -0.084582 -0.086186 0.017795
v -0.083847 -0.077973 0.038974
v -0.088376 -0.080464 0.019306
v -0.091708 -0.085629 -0.006007
v -0.090152 -0.073787 0.020509
v -0.095890 -0.077734 -0.004578
v -0.100862 -0.083181 -0.032366
v -0.093347 -0.092078 -0.034165
v -0.106164 -0.088459 -0.062345
v -0.096775 -0.097116 -0.063723
v -0.084488 -0.100414 -0.066051
v -0.100741 -0.102485 -0.095158
v -0.086731 -0.105471 -0.097465
v -0.093273 -0.117904 -0.094111
v -0.089502 -0.110782 -0.129839
v -0.097440 -0.125373 -0.125339
v -0.103977 -0.136102 -0.120472
v -0.101316 -0.133822 -0.157029
v -0.110128 -0.145756 -0.150514
v -0.110662 -0.159451 -0.144973
v -0.116132 -0.154986 -0.182842
v -0.117914 -0.170023 -0.175581
v -0.110438 -0.183729 -0.171245
v -0.125177 -0.179810 -0.205185
v -0.116275 -0.196026 -0.200442
v -0.101059 -0.206016 -0.197639
v -0.119445 -0.205320 -0.219868
v -0.101229 -0.217643 -0.219726
v -0.082752 -0.218174 -0.221971
v -0.099868 -0.225174 -0.234913
v -0.081646 -0.223204 -0.240602
v -0.074386 -0.209859 -0.245556
v -0.120137 -0.212556 -0.232821
v -0.120068 -0.218091 -0.244160
v -0.129280 -0.186444 -0.222870
v -0.124623 -0.168088 -0.228217
v -0.121413 -0.163014 -0.212517
v -0.105811 -0.150026 -0.219039
v -0.106232 -0.154461 -0.233480
v -0.104921 -0.142310 -0.190178
v -0.095334 -0.120875 -0.196027
v -0.095520 -0.125159 -0.224971
v -0.092471 -0.115937 -0.162985
v -0.108375 -0.115272 -0.159908
v -0.111889 -0.121706 -0.192804
v -0.104513 -0.108936 -0.127224
v -0.111748 -0.094345 -0.093388
v -0.117029 -0.100605 -0.125487
v -0.122229 -0.107285 -0.157745
v -0.124106 -0.087122 -0.125139
v -0.130998 -0.093294 -0.157431
v -0.137897 -0.100071 -0.190392
v -0.127287 -0.114431 -0.190746
v -0.143661 -0.106140 -0.218642
v -0.130962 -0.120989 -0.219344
v -0.113802 -0.127517 -0.221605
v -0.132297 -0.124883 -0.235179
v -0.114374 -0.130440 -0.238374
v -0.095209 -0.128014 -0.240843
v -0.114376 -0.132474 -0.250249
v -0.095186 -0.129884 -0.253052
v -0.106822 -0.157959 -0.243919
v -0.095032 -0.130974 -0.262887
v -0.105618 -0.159563 -0.251895
v -0.114066 -0.133993 -0.260780
v -0.133085 -0.127823 -0.246764
v -0.134219 -0.130130 -0.256713
v -0.134902 -0.131533 -0.264573
v -0.149446 -0.114865 -0.252358
v -0.150378 -0.115310 -0.258751
v -0.150430 -0.114707 -0.264446
v -0.136907 -0.131340 -0.270351
v -0.145834 -0.111896 -0.268220
v -0.131777 -0.125164 -0.273258
v -0.156207 -0.093649 -0.261747
v -0.156821 -0.093143 -0.256107
v -0.157531 -0.070162 -0.258718
v -0.155969 -0.092257 -0.250262
v -0.156337 -0.068739 -0.252530
v -0.145312 -0.050392 -0.257742
v -0.154194 -0.067611 -0.244737
v -0.143156 -0.049734 -0.248931
v -0.125759 -0.040908 -0.252775
v -0.140358 -0.049417 -0.237706
v -0.123499 -0.041337 -0.241209
v -0.107324 -0.038186 -0.244008
v -0.119941 -0.041576 -0.226053
v -0.104308 -0.038649 -0.227964
v -0.091526 -0.033387 -0.229281
v -0.098118 -0.039662 -0.196665
v -0.086415 -0.036123 -0.196451
v -0.081897 -0.023631 -0.194825
v -0.082150 -0.034194 -0.160966
v -0.080216 -0.022437 -0.159276
v -0.081974 -0.009364 -0.157731
v -0.079217 -0.020810 -0.125031
v -0.081597 -0.008029 -0.123526
v -0.082668 0.006711 -0.123152
v -0.082161 -0.008028 -0.088627
v -0.083182 0.007857 -0.088683
v -0.082593 0.021561 -0.090262
v -0.083420 0.009231 -0.058246
v -0.082384 0.023653 -0.059870
v -0.081495 0.035591 -0.061903
v -0.083545 0.026001 -0.031333
v -0.079898 0.037036 -0.033612
v -0.078872 0.046791 -0.035028
v -0.078484 0.040470 -0.008012
v -0.075901 0.049462 -0.008857
v -0.083012 0.053336 -0.007462
v -0.073688 0.052503 0.015982
v -0.078412 0.056618 0.016454
v -0.087616 0.057645 0.019066
v -0.074006 0.060011 0.040068
v -0.080867 0.061520 0.041736
v -0.087349 0.064817 0.044296
v -0.074566 0.064028 0.062298
v -0.079351 0.066829 0.063802
v -0.082909 0.072084 0.065471
v -0.073524 0.067811 0.078234
v -0.077264 0.073132 0.079718
v -0.076926 0.078371 0.079900
v -0.067924 0.065560 0.089985
v -0.064179 0.053028 0.082280
v -0.064697 0.046171 0.077596
v -0.065132 0.057806 0.074922
v -0.067352 0.052975 0.072352
v -0.068714 0.046402 0.070169
v -0.067159 0.034179 0.066620
v -0.063126 0.033261 0.071783
v -0.071368 0.052606 0.059728
v -0.074121 0.045586 0.059495
v -0.075807 0.049579 0.040669
v -0.079216 0.042036 0.042801
v -0.076885 0.044316 0.016552
v -0.080992 0.035032 0.017707
v -0.082681 0.030224 -0.006047
v -0.085057 0.016028 -0.002116
v -0.085076 -0.003177 0.003349
v -0.084450 0.011386 -0.028638
v -0.084428 -0.007582 -0.026272
v -0.081994 -0.023058 -0.025442
v -0.083411 -0.021044 0.008013
v -0.083035 -0.008124 -0.057997
v -0.080400 -0.022035 -0.059269
v -0.077890 -0.032256 -0.061013
v -0.078818 -0.032651 -0.026541
v -0.079225 -0.021390 -0.090466
v -0.077333 -0.032142 -0.092871
v -0.079202 -0.042046 -0.094826
v -0.075550 -0.041495 -0.062833
v -0.078760 -0.032737 -0.126844
v -0.084711 -0.043028 -0.128311
v -0.095338 -0.044393 -0.128813
v -0.088411 -0.046165 -0.095259
v -0.090978 -0.040703 -0.161683
v -0.102934 -0.042577 -0.161448
v -0.117401 -0.047044 -0.159753
v -0.108391 -0.047580 -0.127769
v -0.112137 -0.042060 -0.195465
v -0.127950 -0.047602 -0.193024
v -0.139237 -0.062212 -0.191408
v -0.129803 -0.059168 -0.158097
v -0.136643 -0.048857 -0.222830
v -0.147143 -0.064930 -0.220058
v -0.148875 -0.085852 -0.219029
v -0.142218 -0.081314 -0.190882
v -0.151329 -0.066284 -0.234301
v -0.152066 -0.088758 -0.232957
v -0.146183 -0.110219 -0.233128
v -0.154389 -0.091104 -0.243257
v -0.147950 -0.113490 -0.244123
v -0.133836 -0.076113 -0.157681
v -0.125934 -0.071678 -0.125156
v -0.120174 -0.057191 -0.126000
v -0.117647 -0.067461 -0.092921
v -0.111056 -0.055141 -0.093704
v -0.099505 -0.048319 -0.094989
v -0.102025 -0.054368 -0.063332
v -0.090900 -0.049347 -0.064009
v -0.081702 -0.047932 -0.063846
v -0.085029 -0.051573 -0.032340
v -0.076295 -0.049446 -0.031148
v -0.075764 -0.041237 -0.028776
v -0.077516 -0.054069 -0.001354
v -0.085174 -0.056014 -0.002852
v -0.077276 -0.057177 0.022816
v -0.070950 -0.052207 0.025100
v -0.093810 -0.055068 -0.032512
v -0.100942 -0.062399 -0.031615
v -0.092647 -0.061254 -0.003346
v -0.109083 -0.064180 -0.062357
v -0.109909 -0.076397 -0.062124
v -0.102907 -0.072481 -0.031749
v -0.116928 -0.081465 -0.093054
v -0.096289 -0.068933 -0.003647
v -0.089019 -0.066607 0.021386
v -0.084396 -0.060723 0.021778
v -0.082821 -0.065859 0.041594
v -0.077636 -0.060952 0.042012
v -0.070982 -0.058181 0.042530
v -0.072495 -0.062520 0.060160
v -0.066825 -0.059853 0.061106
v -0.066004 -0.054121 0.062595
v -0.068576 -0.052285 0.044503
v -0.067374 -0.044876 0.064582
v -0.063121 -0.044673 0.075094
v -0.064362 -0.025039 0.075378
v -0.062624 -0.026625 0.067474
v -0.068512 0.004302 0.075380
v -0.061484 0.005501 0.074448
v -0.058675 0.006049 0.068157
v -0.063694 0.033287 0.080676
v -0.059455 0.032729 0.076814
v -0.062549 0.006989 0.059061
v -0.065075 0.010327 0.055847
v -0.071826 0.032836 0.083763
v -0.070610 0.056615 0.099406
v -0.072622 0.054789 0.104615
v -0.071885 0.073188 0.113504
v -0.078077 0.032703 0.090538
v -0.080269 0.031186 0.099208
v -0.071542 0.052953 0.111345
v -0.077575 0.004490 0.079393
v -0.082693 0.004454 0.087956
v -0.083752 0.003894 0.097195
v -0.078438 0.029005 0.107920
v -0.072543 -0.024443 0.077269
v -0.080368 -0.023980 0.084349
v -0.083824 -0.023359 0.093760
v -0.082942 -0.022001 0.102848
v -0.079927 0.003445 0.104973
v -0.071198 -0.044627 0.089704
v -0.074531 -0.045184 0.095318
v -0.076374 -0.045203 0.104663
v -0.073647 -0.043712 0.111993
v -0.074155 -0.020667 0.108547
v -0.072114 -0.061299 0.113012
v -0.074081 -0.072125 0.112420
v -0.066035 -0.019355 0.114706
v -0.068854 0.002762 0.117078
v -0.071271 0.002904 0.107140
v -0.066991 0.023604 0.125344
v -0.065377 0.024193 0.116869
v -0.071540 0.026495 0.111616
v -0.061549 0.045236 0.128094
v -0.063110 0.047191 0.122227
v -0.068251 0.049673 0.117712
v -0.057660 0.064682 0.131007
v -0.061775 0.067439 0.126113
v -0.065907 0.071057 0.118907
v -0.056150 0.081219 0.135019
v -0.061839 0.085987 0.128771
v -0.065569 0.089311 0.121413
v -0.048208 0.100155 0.137688
v -0.050075 0.104731 0.130905
v -0.032987 0.114305 0.154782
v -0.032411 0.121315 0.148319
v -0.029033 0.123404 0.140716
v -0.010078 0.128936 0.159732
v -0.007491 0.132558 0.152481
v -0.007947 0.143384 0.147867
v -0.031372 0.131347 0.136395
v -0.010397 0.161374 0.141917
v -0.032609 0.147466 0.132077
v -0.015424 0.183930 0.131147
v -0.038255 0.166139 0.122289
v -0.050407 0.141550 0.110252
v -0.039044 0.182567 0.102237
v -0.051664 0.157886 0.092910
v -0.058101 0.142533 0.087855
v -0.057949 0.125809 0.101265
v -0.052356 0.169583 0.077126
v -0.038593 0.193782 0.085954
v -0.039769 0.200226 0.075542
v -0.012931 0.213359 0.095871
v -0.013442 0.219619 0.084564
v -0.014589 0.224807 0.076783
v 0.019061 0.225858 0.087770
v 0.020194 0.229925 0.079012
v 0.020815 0.232148 0.072280
v 0.055671 0.210031 0.071853
v 0.057816 0.211266 0.064694
v 0.059169 0.211841 0.057997
v 0.082875 0.174751 0.055465
v 0.085419 0.173114 0.049818
v 0.075128 0.178716 0.040867
v 0.084968 0.170296 0.042449
v 0.083153 0.163999 0.037609
v 0.079462 0.161989 0.034790
v 0.076336 0.169198 0.036684
v 0.075080 0.161213 0.034167
v 0.080798 0.154034 0.034993
v 0.076223 0.154501 0.033862
v 0.071759 0.156033 0.032909
v 0.075978 0.144837 0.036452
v 0.071570 0.147130 0.035589
v 0.074617 0.136450 0.041641
v 0.069509 0.139784 0.042111
v 0.069182 0.134557 0.048183
v 0.066683 0.137496 0.048789
v 0.067107 0.132503 0.054050
v 0.068122 0.127932 0.059610
v 0.073861 0.120750 0.073990
v 0.070026 0.119544 0.073940
v 0.083785 0.111711 0.088886
v 0.088558 0.112740 0.089001
v 0.092718 0.114309 0.090084
v 0.093691 0.117351 0.092633
v 0.095386 0.107343 0.101204
v 0.091113 0.107077 0.107298
v 0.099414 0.092363 0.112157
v 0.102191 0.094658 0.105948
v 0.110024 0.072733 0.115576
v 0.113211 0.075771 0.108691
v 0.095251 0.087774 0.119562
v 0.105368 0.068706 0.121717
v 0.081313 0.135478 0.041949
v 0.081376 0.144355 0.037347
v 0.086727 0.145291 0.039600
v 0.085110 0.154872 0.037944
v 0.088114 0.156458 0.042348
v 0.090005 0.147208 0.044120
v 0.090936 0.149770 0.049838
v 0.089428 0.158805 0.048117
v 0.088572 0.162250 0.054015
v 0.090365 0.153055 0.055431
v 0.079712 0.176353 0.061030
v 0.076338 0.176471 0.068805
v 0.053480 0.207440 0.079629
v 0.052725 0.203965 0.089994
v 0.074112 0.175845 0.080107
v 0.019106 0.219354 0.098994
v 0.017420 0.208281 0.114712
v 0.051625 0.197564 0.106313
v -0.014811 0.202894 0.111874
v 0.014604 0.190628 0.133410
v 0.014428 0.169049 0.148155
v 0.042335 0.164890 0.140365
v 0.047338 0.183796 0.124961
v 0.073304 0.172245 0.094486
v 0.083512 0.154263 0.085994
v 0.088640 0.144496 0.080048
v 0.091234 0.139226 0.075440
v 0.037997 0.146661 0.147746
v 0.014387 0.149481 0.153455
v 0.013423 0.139028 0.158040
v 0.036071 0.135907 0.153917
v 0.036228 0.129997 0.161186
v 0.059872 0.120408 0.146498
v 0.059744 0.128626 0.137653
v 0.012419 0.133275 0.165198
v 0.011877 0.125221 0.169608
v 0.035439 0.123282 0.166416
v -0.010986 0.121852 0.164992
v -0.009931 0.113337 0.165672
v 0.011269 0.116015 0.168551
v -0.030725 0.106434 0.157364
v -0.026620 0.100134 0.156146
v -0.008498 0.105580 0.161313
v -0.044606 0.094512 0.143381
v -0.041151 0.089783 0.148328
v -0.038922 0.085764 0.153080
v -0.025206 0.094403 0.159824
v -0.052843 0.077955 0.140241
v -0.050358 0.074918 0.146019
v -0.048149 0.071793 0.151839
v -0.036131 0.080681 0.157782
v -0.057558 0.061872 0.137677
v -0.056020 0.059340 0.144024
v -0.062699 0.043954 0.135423
v -0.068273 0.023777 0.133073
v -0.069094 0.002530 0.127171
v -0.066982 0.002411 0.136928
v -0.068093 -0.018999 0.123655
v -0.069072 -0.018672 0.133536
v -0.062051 -0.018607 0.137364
v -0.058033 -0.039758 0.140501
v -0.048942 -0.037237 0.140777
v -0.048058 -0.056575 0.146710
v -0.039398 -0.054310 0.145059
v -0.037159 -0.070223 0.153712
v -0.030095 -0.066002 0.152284
v -0.022819 -0.078765 0.162319
v -0.006413 -0.091414 0.168910
v -0.008734 0.098891 0.162294
v 0.009580 0.101111 0.163423
v 0.010688 0.107689 0.163599
v 0.031256 0.107254 0.163128
v 0.033248 0.114978 0.167161
v 0.057239 0.106845 0.155619
v 0.060009 0.113944 0.152814
v 0.080187 0.098331 0.133282
v 0.081307 0.106725 0.122202
v -0.065844 -0.043728 0.083328
v -0.077626 -0.066501 0.060557
v -0.079355 -0.071620 0.059868
v -0.084729 -0.071874 0.040534
v -0.078513 -0.077340 0.057641
v -0.070748 -0.082338 0.075542
v -0.069749 -0.087441 0.073258
v -0.067339 -0.081635 0.090615
v -0.071904 0.056464 0.039786
v -0.067985 0.057518 0.060088
v -0.069765 0.061567 0.060714
v -0.066286 -0.122145 0.016275
v -0.067876 -0.121779 -0.012273
v -0.066244 -0.117020 0.014235
v -0.067966 -0.116084 -0.014638
v -0.066084 -0.112427 0.012259
v -0.069956 -0.109977 -0.016306
v -0.066008 -0.107417 0.010409
v -0.067752 -0.103635 -0.018183
v -0.064771 -0.101806 0.008869
v -0.064282 -0.097124 -0.020163
v -0.062001 -0.095562 0.007441
v -0.060927 -0.094877 0.032556
v -0.062632 -0.089717 -0.022103
v -0.065901 -0.099355 -0.048284
v -0.065341 -0.091380 -0.050266
v -0.068913 -0.084031 -0.050768
v -0.067664 -0.093607 -0.079279
v -0.072818 -0.086016 -0.080371
v -0.079879 -0.082755 -0.079568
v -0.075822 -0.089860 -0.110575
v -0.084857 -0.086155 -0.109636
v -0.092195 -0.082236 -0.107981
v -0.086594 -0.078519 -0.077616
v -0.094998 -0.075039 -0.107813
v -0.087100 -0.070938 -0.077905
v -0.091330 -0.067969 -0.109172
v -0.080309 -0.066505 -0.079864
v -0.083401 -0.064214 -0.111298
v -0.072038 -0.063874 -0.081909
v -0.073941 -0.061598 -0.113416
v -0.063373 -0.059924 -0.083182
v -0.063663 -0.055581 -0.114574
v -0.055792 -0.052576 -0.082919
v -0.056889 -0.043542 -0.114235
v -0.053892 -0.041086 -0.081748
v -0.052295 -0.037758 -0.050269
v -0.054379 -0.026234 -0.080167
v -0.054913 -0.022947 -0.048597
v -0.056200 -0.019267 -0.017331
v -0.059756 -0.000059 -0.047924
v -0.059590 0.005424 -0.016978
v -0.058694 0.022689 -0.049691
v -0.058403 0.027496 -0.017592
v -0.057635 0.037974 -0.051878
v -0.055988 0.041168 -0.019222
v -0.058917 0.049121 -0.053684
v -0.055442 0.050241 -0.020828
v -0.054099 0.051543 0.008311
v -0.058289 0.058500 -0.022028
v -0.055953 0.059430 0.007009
v -0.053922 0.060210 0.023299
v -0.061333 0.065778 0.007518
v -0.059216 0.066492 0.021735
v -0.055558 0.067525 0.036613
v -0.051271 0.061482 0.036564
v -0.049544 0.061884 0.048463
v -0.072321 0.072851 0.011671
v -0.070817 0.067176 -0.022345
v -0.075205 0.068800 -0.022186
v -0.074358 0.072909 0.011268
v -0.078730 0.069646 -0.021794
v -0.076543 0.072972 0.010835
v -0.082469 0.070033 -0.021218
v -0.077932 0.073011 0.010560
v -0.086157 0.070710 -0.020547
v -0.079088 0.073044 0.010332
v -0.088165 0.071773 -0.020317
v -0.079719 0.073062 0.010207
v -0.087225 0.076747 -0.021100
v -0.079849 0.073198 0.010149
v -0.083889 0.077978 -0.022396
v -0.079118 0.073384 0.010245
v -0.079594 0.079260 -0.024081
v -0.076771 0.073979 0.010551
v -0.076967 0.080788 -0.025025
v -0.075066 0.074412 0.010774
v -0.073708 0.083233 -0.025810
v -0.073522 0.074804 0.010976
v -0.071279 0.086619 -0.026503
v -0.073117 0.074907 0.011028
v -0.068145 0.081706 -0.004703
v -0.070569 0.091626 -0.028452
v -0.071549 0.096370 -0.028385
v -0.076220 0.099437 -0.057221
v -0.078326 0.103801 -0.056960
v -0.081819 0.109000 -0.055651
v -0.074203 0.100771 -0.028054
v -0.084523 0.114103 -0.053951
v -0.077453 0.105609 -0.027293
v -0.068622 0.097223 -0.002016
v -0.080664 0.110608 -0.026449
v -0.071758 0.102416 -0.001612
v -0.063219 0.094012 0.017791
v -0.060710 0.088727 0.016781
v -0.055833 0.087429 0.035174
v -0.057386 0.083514 0.035157
v -0.066254 0.098520 0.018961
v -0.057834 0.091706 0.036350
v -0.068910 0.102943 0.020118
v -0.061161 0.095292 0.038099
v -0.068643 0.107521 0.021062
v -0.063541 0.099132 0.039590
v -0.067828 0.112818 0.022468
v -0.064691 0.103618 0.041126
v -0.058454 0.095842 0.056320
v -0.064313 0.108022 0.042804
v -0.060604 0.099100 0.058177
v -0.054678 0.094528 0.068773
v -0.052280 0.091804 0.066987
v -0.050155 0.091773 0.077451
v -0.047342 0.089201 0.076233
v -0.046716 0.089919 0.084973
v -0.043325 0.089061 0.083891
v -0.040227 0.091895 0.082766
v -0.039358 0.093679 0.090395
v -0.037338 0.095961 0.081746
v -0.035675 0.100760 0.071118
v -0.052556 0.094367 0.078842
v -0.049293 0.092378 0.086144
v -0.054617 0.096845 0.080467
v -0.051325 0.094766 0.087394
v -0.056870 0.098761 0.082136
v -0.053115 0.096717 0.088712
v -0.058782 0.099998 0.072726
v -0.061054 0.102078 0.074946
v -0.064088 0.102552 0.076711
v -0.065371 0.108558 0.064614
v -0.069822 0.107184 0.065804
v -0.073157 0.104357 0.066058
v -0.077313 0.112313 0.047586
v -0.080412 0.108363 0.047098
v -0.081714 0.103539 0.046199
v -0.087243 0.112494 0.026291
v -0.088347 0.106983 0.025237
v -0.087666 0.101176 0.023703
v -0.095220 0.111708 0.002921
v -0.094024 0.105126 0.001199
v -0.090636 0.099168 -0.000920
v -0.084708 0.095722 0.021638
v -0.085717 0.093655 -0.003161
v -0.080519 0.090873 0.019719
v -0.095876 0.090660 -0.001101
v -0.091704 0.096064 -0.029074
v -0.102971 0.093418 -0.026692
v -0.112549 0.087099 -0.024950
v -0.110027 0.096943 -0.055115
v -0.120615 0.089608 -0.053484
v -0.124997 0.077501 -0.053463
v -0.128476 0.093025 -0.082788
v -0.133851 0.079763 -0.082680
v -0.132689 0.065244 -0.083910
v -0.143656 0.082705 -0.113082
v -0.142452 0.066678 -0.114610
v -0.134445 0.051632 -0.117039
v -0.152960 0.067904 -0.146751
v -0.144467 0.051408 -0.149415
v -0.129545 0.041946 -0.153521
v -0.154506 0.050702 -0.183196
v -0.138496 0.040448 -0.187875
v -0.121333 0.036915 -0.191822
v -0.145979 0.038727 -0.220720
v -0.126578 0.034916 -0.224544
v -0.110520 0.035399 -0.226423
v -0.129047 0.034081 -0.241740
v -0.112213 0.034529 -0.244006
v -0.099027 0.030554 -0.245180
v -0.113170 0.034211 -0.255455
v -0.100055 0.030148 -0.256763
v -0.090763 0.020762 -0.256977
v -0.100674 0.029771 -0.265827
v -0.091151 0.020860 -0.266150
v -0.085773 0.008337 -0.266221
v -0.091717 0.021111 -0.274551
v -0.085983 0.008512 -0.274840
v -0.083348 -0.006551 -0.274703
v -0.086260 0.008684 -0.282692
v -0.083743 -0.007574 -0.282260
v -0.087806 -0.021720 -0.280144
v -0.081437 -0.008333 -0.287967
v -0.085090 -0.024340 -0.284314
v -0.094674 -0.035301 -0.281824
v -0.079571 -0.027590 -0.286258
v -0.090778 -0.040664 -0.282804
v -0.107279 -0.048484 -0.280340
v -0.086763 -0.045865 -0.282960
v -0.104966 -0.053960 -0.279545
v -0.122105 -0.059714 -0.275414
v -0.103353 -0.054917 -0.274268
v -0.119623 -0.061293 -0.269903
v -0.131776 -0.067062 -0.265738
v -0.118192 -0.059164 -0.263333
v -0.130591 -0.066230 -0.259403
v -0.135141 -0.078958 -0.257196
v -0.128234 -0.065281 -0.251367
v -0.133151 -0.079126 -0.249274
v -0.131605 -0.094560 -0.248799
v -0.130840 -0.078813 -0.239847
v -0.129035 -0.093946 -0.238873
v -0.120717 -0.106551 -0.239301
v -0.125852 -0.092371 -0.225304
v -0.116491 -0.103567 -0.226171
v -0.100971 -0.106221 -0.229331
v -0.110521 -0.099262 -0.200835
v -0.097088 -0.101957 -0.202586
v -0.082789 -0.105537 -0.203347
v -0.092998 -0.096708 -0.170215
v -0.080207 -0.099551 -0.170772
v -0.073312 -0.109542 -0.169566
v -0.078145 -0.093907 -0.140366
v -0.071216 -0.102159 -0.139158
v -0.070844 -0.112873 -0.137088
v -0.069895 -0.097212 -0.109520
v -0.069432 -0.106660 -0.107794
v -0.071799 -0.116105 -0.106340
v -0.067562 -0.102300 -0.077771
v -0.070008 -0.111134 -0.075998
v -0.073610 -0.117399 -0.074065
v -0.068716 -0.106594 -0.046269
v -0.072324 -0.112836 -0.044136
v -0.070996 -0.119654 -0.042119
v -0.089163 -0.091433 -0.139821
v -0.104061 -0.093938 -0.168513
v -0.098528 -0.088439 -0.138093
v -0.111305 -0.085254 -0.168055
v -0.103273 -0.080288 -0.137965
v -0.111913 -0.074118 -0.168931
v -0.101698 -0.070973 -0.139089
v -0.105336 -0.065327 -0.171350
v -0.094443 -0.064646 -0.141335
v -0.095016 -0.061179 -0.174788
v -0.084580 -0.061531 -0.143892
v -0.082156 -0.057588 -0.177629
v -0.073100 -0.057473 -0.145900
v -0.068112 -0.047552 -0.178822
v -0.062030 -0.046240 -0.146503
v -0.060342 -0.030382 -0.178143
v -0.056504 -0.029919 -0.145107
v -0.054748 -0.028196 -0.112476
v -0.058175 -0.009620 -0.142893
v -0.057934 -0.007669 -0.110892
v -0.058771 -0.004544 -0.079103
v -0.059372 0.016574 -0.111689
v -0.058975 0.018959 -0.080699
v -0.061007 0.035378 -0.114411
v -0.059072 0.036178 -0.082997
v -0.066873 0.049461 -0.115991
v -0.062186 0.049264 -0.084834
v -0.077631 0.058743 -0.115841
v -0.069940 0.058822 -0.085329
v -0.063348 0.058300 -0.054737
v -0.079576 0.063206 -0.085386
v -0.071177 0.063374 -0.054831
v -0.064093 0.063812 -0.022539
v -0.077344 0.065906 -0.054458
v -0.087609 0.065087 -0.084729
v -0.094684 0.065595 -0.082935
v -0.083149 0.067423 -0.053599
v -0.100377 0.066858 -0.081405
v -0.088729 0.067782 -0.052183
v -0.105194 0.069696 -0.080282
v -0.094560 0.068489 -0.050746
v -0.106322 0.075181 -0.080220
v -0.097736 0.071309 -0.050390
v -0.104728 0.080584 -0.080880
v -0.097886 0.075769 -0.050589
v -0.099558 0.083262 -0.082777
v -0.094629 0.079830 -0.051735
v -0.093862 0.083949 -0.084428
v -0.090441 0.080877 -0.053220
v -0.088281 0.085127 -0.085758
v -0.085519 0.082427 -0.055231
v -0.081845 0.089173 -0.086848
v -0.080548 0.085029 -0.057006
v -0.078796 0.095152 -0.087247
v -0.076816 0.089081 -0.057456
v -0.079531 0.102188 -0.087092
v -0.075316 0.094356 -0.057444
v -0.082759 0.108576 -0.086352
v -0.084906 0.110935 -0.113447
v -0.089410 0.118177 -0.112065
v -0.094392 0.124602 -0.109500
v -0.086480 0.113652 -0.084092
v -0.098955 0.129849 -0.106529
v -0.090566 0.118817 -0.080400
v -0.100363 0.135625 -0.104606
v -0.094027 0.123040 -0.078049
v -0.095980 0.140101 -0.105171
v -0.090643 0.130105 -0.077942
v -0.084235 0.120296 -0.052986
v -0.085419 0.134934 -0.078785
v -0.081639 0.125884 -0.052574
v -0.078912 0.116555 -0.026331
v -0.078348 0.131434 -0.051276
v -0.076212 0.120977 -0.025807
v -0.073782 0.111536 -0.000878
v -0.074280 0.106600 -0.000969
v -0.073729 0.127219 -0.023880
v -0.072064 0.117431 -0.000195
v -0.073751 0.132888 -0.022132
v -0.071353 0.122737 0.001378
v -0.076885 0.137334 -0.020450
v -0.072279 0.127622 0.002825
v -0.067518 0.118412 0.024275
v -0.076566 0.129280 0.003900
v -0.070301 0.122321 0.026041
v -0.065526 0.112487 0.045043
v -0.074990 0.121755 0.026521
v -0.068762 0.115312 0.046806
v -0.063637 0.106361 0.062761
v -0.061831 0.102772 0.060358
v -0.056779 0.097308 0.070670
v -0.072986 0.114486 0.047412
v -0.080125 0.120551 0.026999
v -0.084375 0.117316 0.026893
v -0.086981 0.126923 0.005037
v -0.091039 0.122933 0.004700
v -0.094134 0.117888 0.004100
v -0.098130 0.130494 -0.019314
v -0.101353 0.124506 -0.020049
v -0.103045 0.117306 -0.021237
v -0.109084 0.131264 -0.045470
v -0.110813 0.122727 -0.047419
v -0.109033 0.113872 -0.050586
v -0.101487 0.109447 -0.023677
v -0.103818 0.106361 -0.054251
v -0.097237 0.102783 -0.026504
v -0.097866 0.099485 -0.057400
v -0.109670 0.111898 -0.083065
v -0.102421 0.103817 -0.087036
v -0.115734 0.101232 -0.085260
v -0.106419 0.107087 -0.118017
v -0.123676 0.105221 -0.115083
v -0.137518 0.097089 -0.112905
v -0.132076 0.110203 -0.146376
v -0.146950 0.100611 -0.144778
v -0.153819 0.085351 -0.145180
v -0.156567 0.103833 -0.177839
v -0.164195 0.087620 -0.178234
v -0.162982 0.068509 -0.180155
v -0.174159 0.090132 -0.210383
v -0.173102 0.068994 -0.212444
v -0.163749 0.049755 -0.215826
v -0.178630 0.069580 -0.229776
v -0.168441 0.049641 -0.233356
v -0.149711 0.037802 -0.237888
v -0.171323 0.049333 -0.244813
v -0.152584 0.037260 -0.249347
v -0.130728 0.033558 -0.253445
v -0.154936 0.037023 -0.258504
v -0.132105 0.033373 -0.261926
v -0.114028 0.033900 -0.264307
v -0.132987 0.033899 -0.268686
v -0.114958 0.033900 -0.271580
v -0.101604 0.029684 -0.273588
v -0.115771 0.034761 -0.277906
v -0.102599 0.030246 -0.280471
v -0.092135 0.022275 -0.281832
v -0.101574 0.033404 -0.285637
v -0.091049 0.023738 -0.287563
v -0.084319 0.009546 -0.288047
v -0.086117 0.027564 -0.287184
v -0.078120 0.011410 -0.287846
v -0.075203 -0.008942 -0.288468
v -0.072114 0.013258 -0.287613
v -0.069217 -0.009382 -0.287729
v -0.074087 -0.030375 -0.286262
v -0.067513 -0.009543 -0.281961
v -0.072055 -0.030023 -0.280504
v -0.085198 -0.045692 -0.277126
v -0.070678 -0.029514 -0.273315
v -0.083579 -0.045766 -0.270802
v -0.101949 -0.054875 -0.267160
v -0.082150 -0.046251 -0.262872
v -0.100541 -0.055175 -0.259067
v -0.116096 -0.058958 -0.255013
v -0.098418 -0.055471 -0.248962
v -0.113442 -0.059153 -0.245210
v -0.125661 -0.065395 -0.241848
v -0.110702 -0.059548 -0.232183
v -0.122554 -0.065197 -0.228601
v -0.127392 -0.077945 -0.226462
v -0.115747 -0.065326 -0.203855
v -0.121127 -0.076512 -0.201817
v -0.119340 -0.089300 -0.200680
v -0.104242 -0.060228 -0.207430
v -0.095464 -0.055852 -0.236159
v -0.089774 -0.056890 -0.210900
v -0.077816 -0.047286 -0.239461
v -0.073775 -0.047866 -0.212564
v -0.066597 -0.030028 -0.240692
v -0.063837 -0.030376 -0.212113
v -0.062956 -0.009630 -0.239952
v -0.060508 -0.010431 -0.210710
v -0.059089 -0.010802 -0.176376
v -0.063785 0.012771 -0.210528
v -0.061894 0.013806 -0.176637
v -0.060764 0.015095 -0.143423
v -0.066805 0.033826 -0.178846
v -0.063537 0.034698 -0.146247
v -0.077916 0.049037 -0.179257
v -0.072292 0.049311 -0.147175
v -0.092961 0.057653 -0.177933
v -0.085456 0.058430 -0.146196
v -0.106456 0.058678 -0.175290
v -0.097880 0.060609 -0.144580
v -0.088515 0.062305 -0.115027
v -0.108124 0.061184 -0.142471
v -0.097940 0.063159 -0.113662
v -0.116562 0.063682 -0.140267
v -0.105799 0.064501 -0.111826
v -0.122844 0.069106 -0.138723
v -0.112003 0.067630 -0.110220
v -0.125399 0.076603 -0.137702
v -0.115899 0.072463 -0.109138
v -0.122999 0.084554 -0.137735
v -0.114892 0.079617 -0.109383
v -0.117326 0.089735 -0.138999
v -0.110646 0.085613 -0.110243
v -0.110164 0.090412 -0.141248
v -0.104438 0.086254 -0.112415
v -0.101065 0.091017 -0.143240
v -0.096699 0.087024 -0.114612
v -0.092155 0.094169 -0.144378
v -0.089184 0.088725 -0.115709
v -0.086815 0.101978 -0.144193
v -0.083105 0.094531 -0.115697
v -0.086849 0.111641 -0.142743
v -0.082243 0.102663 -0.114765
v -0.090992 0.120580 -0.140874
v -0.091588 0.119697 -0.170233
v -0.097335 0.129420 -0.168136
v -0.103515 0.138013 -0.165429
v -0.096589 0.128277 -0.138816
v -0.110510 0.144588 -0.161487
v -0.102238 0.134740 -0.135506
v -0.116475 0.150979 -0.157853
v -0.108203 0.139819 -0.131756
v -0.113458 0.158708 -0.156364
v -0.107233 0.146783 -0.130245
v -0.103830 0.161717 -0.157885
v -0.099835 0.150444 -0.131802
v -0.093956 0.159510 -0.160481
v -0.090652 0.151310 -0.132883
v -0.088042 0.143679 -0.105918
v -0.083397 0.155797 -0.132436
v -0.080843 0.148314 -0.104745
v -0.080097 0.140232 -0.077472
v -0.079081 0.155153 -0.102840
v -0.078092 0.145973 -0.075467
v -0.076083 0.137008 -0.049361
v -0.079737 0.152205 -0.073610
v -0.076772 0.143013 -0.047431
v -0.084995 0.156549 -0.071984
v -0.081221 0.146690 -0.045852
v -0.091857 0.156947 -0.071237
v -0.087413 0.147630 -0.044893
v -0.082475 0.138581 -0.019475
v -0.093885 0.146350 -0.044399
v -0.088345 0.137890 -0.018902
v -0.081919 0.129097 0.004748
v -0.093963 0.135225 -0.018813
v -0.099818 0.143274 -0.044251
v -0.105254 0.138285 -0.044488
v -0.105998 0.151864 -0.070790
v -0.112621 0.146119 -0.071062
v -0.117461 0.137867 -0.072342
v -0.120996 0.153369 -0.098740
v -0.126550 0.143945 -0.100705
v -0.127158 0.133513 -0.104257
v -0.119019 0.128257 -0.074910
v -0.122378 0.124519 -0.108923
v -0.116278 0.119212 -0.078721
v -0.114661 0.116917 -0.113811
v -0.126635 0.128630 -0.140812
v -0.116081 0.119043 -0.146311
v -0.110653 0.110791 -0.149851
v -0.112998 0.116707 -0.182593
v -0.125900 0.116257 -0.181946
v -0.143158 0.114556 -0.178907
v -0.135131 0.121820 -0.213906
v -0.151995 0.119226 -0.210896
v -0.165837 0.107763 -0.209980
v -0.156870 0.122679 -0.231707
v -0.171103 0.110934 -0.229127
v -0.179420 0.092239 -0.228275
v -0.174124 0.113188 -0.240918
v -0.182857 0.093103 -0.239717
v -0.182149 0.069441 -0.241244
v -0.185344 0.093904 -0.248121
v -0.184630 0.069876 -0.249997
v -0.173853 0.049214 -0.254084
v -0.186833 0.070455 -0.256755
v -0.176047 0.049274 -0.261317
v -0.156254 0.037318 -0.265797
v -0.177733 0.049572 -0.267259
v -0.156862 0.038114 -0.272358
v -0.133743 0.035683 -0.274975
v -0.155786 0.042012 -0.275181
v -0.134247 0.040007 -0.278882
v -0.115707 0.038839 -0.282675
v -0.134022 0.046245 -0.279157
v -0.114390 0.044928 -0.283296
v -0.098161 0.038837 -0.285548
v -0.113026 0.051253 -0.281910
v -0.094630 0.044374 -0.284749
v -0.081023 0.031665 -0.286706
v -0.092181 0.046827 -0.279811
v -0.078501 0.032977 -0.281466
v -0.069929 0.013652 -0.282080
v -0.077232 0.032829 -0.274350
v -0.069151 0.013367 -0.274571
v -0.066698 -0.009372 -0.274263
v -0.067968 0.013172 -0.266015
v -0.065716 -0.009118 -0.265445
v -0.069440 -0.029363 -0.264720
v -0.064474 -0.009279 -0.254684
v -0.068168 -0.029703 -0.254293
v -0.080358 -0.047120 -0.252714
v -0.066600 0.012967 -0.254863
v -0.065603 0.012553 -0.239545
v -0.074724 0.032616 -0.254965
v -0.072930 0.032603 -0.240723
v -0.070208 0.033366 -0.211981
v -0.086037 0.047484 -0.240495
v -0.082631 0.048866 -0.212370
v -0.104148 0.055000 -0.237837
v -0.099689 0.056585 -0.211126
v -0.121892 0.055398 -0.233542
v -0.115613 0.056813 -0.207568
v -0.136103 0.056456 -0.229091
v -0.128310 0.057690 -0.203054
v -0.117938 0.059526 -0.171692
v -0.137795 0.064145 -0.199488
v -0.126868 0.063923 -0.169100
v -0.143067 0.073806 -0.197062
v -0.132075 0.071781 -0.167537
v -0.143681 0.084212 -0.195695
v -0.133628 0.080835 -0.166583
v -0.140512 0.093957 -0.195194
v -0.131508 0.089546 -0.166328
v -0.130985 0.098272 -0.196915
v -0.124192 0.094197 -0.168216
v -0.119376 0.097905 -0.199641
v -0.114774 0.094363 -0.170539
v -0.107795 0.098176 -0.201017
v -0.104640 0.094590 -0.171527
v -0.097217 0.103943 -0.201537
v -0.095208 0.098913 -0.172231
v -0.092960 0.115498 -0.200574
v -0.090515 0.108627 -0.171730
v -0.095084 0.128038 -0.198416
v -0.095060 0.121307 -0.226239
v -0.098912 0.135395 -0.222997
v -0.108483 0.148569 -0.218459
v -0.103031 0.138986 -0.195594
v -0.118746 0.158587 -0.213210
v -0.110972 0.148219 -0.191608
v -0.128454 0.165307 -0.208104
v -0.119539 0.154620 -0.186474
v -0.132328 0.173833 -0.203474
v -0.125257 0.162409 -0.181004
v -0.124988 0.181928 -0.203285
v -0.119639 0.169726 -0.180247
v -0.113492 0.183289 -0.206012
v -0.110612 0.172705 -0.182035
v -0.103870 0.179585 -0.208378
v -0.100799 0.169833 -0.185435
v -0.093525 0.181826 -0.209162
v -0.091064 0.173546 -0.185875
v -0.086370 0.164374 -0.160131
v -0.088386 0.183420 -0.183210
v -0.084660 0.173697 -0.157714
v -0.082118 0.164148 -0.130492
v -0.086812 0.182879 -0.154802
v -0.084165 0.172471 -0.128044
v -0.081648 0.161952 -0.100564
v -0.090892 0.177453 -0.125904
v -0.087590 0.166513 -0.098701
v -0.100281 0.178717 -0.124520
v -0.095718 0.167088 -0.097826
v -0.110446 0.176351 -0.123965
v -0.104083 0.165204 -0.097598
v -0.099250 0.155570 -0.070797
v -0.112685 0.160519 -0.097967
v -0.121146 0.170172 -0.124365
v -0.130884 0.161094 -0.126009
v -0.130261 0.179784 -0.151160
v -0.140475 0.168656 -0.154106
v -0.144371 0.155216 -0.159559
v -0.135654 0.149461 -0.129600
v -0.139426 0.142950 -0.167187
v -0.134391 0.137716 -0.134625
v -0.127260 0.133654 -0.174945
v -0.144249 0.150275 -0.198585
v -0.129520 0.140970 -0.208911
v -0.114683 0.121131 -0.216257
v -0.128935 0.144808 -0.227797
v -0.115870 0.124389 -0.236924
v -0.139063 0.125574 -0.235175
v -0.116437 0.125780 -0.249580
v -0.140144 0.127717 -0.247006
v -0.158912 0.125049 -0.243651
v -0.140594 0.129687 -0.257652
v -0.160662 0.126686 -0.253613
v -0.176717 0.114426 -0.249673
v -0.162603 0.127268 -0.261388
v -0.178350 0.114662 -0.256311
v -0.186793 0.094457 -0.254574
v -0.178330 0.113113 -0.263492
v -0.185802 0.094418 -0.260492
v -0.188016 0.071401 -0.262968
v -0.181440 0.093454 -0.265080
v -0.182619 0.072799 -0.265771
v -0.174196 0.053249 -0.269478
v -0.176002 0.074257 -0.267528
v -0.168618 0.058025 -0.270315
v -0.153193 0.047885 -0.274361
v -0.163064 0.062260 -0.269708
v -0.150675 0.053417 -0.273708
v -0.133097 0.051503 -0.277055
v -0.148369 0.055174 -0.268264
v -0.131325 0.053264 -0.271547
v -0.111364 0.053149 -0.275989
v -0.129371 0.053598 -0.264684
v -0.109669 0.053365 -0.269206
v -0.091044 0.046406 -0.272742
v -0.108047 0.053694 -0.261535
v -0.089433 0.046874 -0.264470
v -0.075900 0.032756 -0.265973
v -0.088184 0.047086 -0.254110
v -0.106623 0.054462 -0.251334
v -0.127432 0.054050 -0.257000
v -0.125138 0.054633 -0.246980
v -0.143271 0.055074 -0.252689
v -0.140274 0.055661 -0.242556
v -0.154188 0.063550 -0.249637
v -0.151015 0.063833 -0.239444
v -0.146306 0.064092 -0.225879
v -0.156605 0.075872 -0.237446
v -0.151759 0.075107 -0.223762
v -0.156604 0.088614 -0.236290
v -0.151957 0.087013 -0.222238
v -0.152244 0.100069 -0.236050
v -0.147346 0.097570 -0.221831
v -0.141575 0.105831 -0.238148
v -0.137262 0.102841 -0.223540
v -0.128315 0.105949 -0.241384
v -0.124649 0.102770 -0.226264
v -0.113876 0.104909 -0.243691
v -0.111196 0.102151 -0.228015
v -0.101200 0.110550 -0.243775
v -0.099056 0.108294 -0.227966
v -0.096517 0.123492 -0.241453
v -0.103897 0.110965 -0.255275
v -0.097780 0.123775 -0.253158
v -0.101592 0.141121 -0.247907
v -0.100568 0.139159 -0.237396
v -0.116828 0.160504 -0.240055
v -0.113175 0.155414 -0.231461
v -0.132464 0.172303 -0.235224
v -0.125854 0.166434 -0.226200
v -0.142592 0.178391 -0.233081
v -0.136384 0.172813 -0.222655
v -0.140496 0.190653 -0.233280
v -0.137087 0.183657 -0.220717
v -0.130169 0.198645 -0.236495
v -0.128073 0.191623 -0.222182
v -0.117655 0.198225 -0.242044
v -0.115574 0.191838 -0.226874
v -0.106454 0.191958 -0.247042
v -0.105449 0.186598 -0.230649
v -0.096017 0.189769 -0.249264
v -0.094879 0.187006 -0.231069
v -0.094332 0.202657 -0.246615
v -0.093187 0.198621 -0.229930
v -0.091056 0.192444 -0.207438
v -0.096604 0.210482 -0.227902
v -0.094260 0.202987 -0.205253
v -0.091153 0.193095 -0.180088
v -0.103737 0.209518 -0.203324
v -0.099845 0.199009 -0.177591
v -0.095260 0.188348 -0.152241
v -0.111598 0.200225 -0.176280
v -0.105914 0.189314 -0.150771
v -0.125227 0.197827 -0.175901
v -0.118007 0.187141 -0.150027
v -0.138933 0.189321 -0.177913
v -0.132049 0.208439 -0.202003
v -0.147477 0.198260 -0.203914
v -0.157378 0.182943 -0.207802
v -0.149357 0.176700 -0.182165
v -0.157939 0.166601 -0.213036
v -0.151312 0.161809 -0.189177
v -0.147516 0.156062 -0.219764
v -0.161669 0.169493 -0.226193
v -0.148994 0.159806 -0.231944
v -0.128318 0.146843 -0.239389
v -0.116948 0.127320 -0.260226
v -0.117393 0.128804 -0.270374
v -0.141109 0.131375 -0.266554
v -0.118009 0.129622 -0.281330
v -0.142165 0.132916 -0.275196
v -0.164518 0.125631 -0.267898
v -0.161421 0.121225 -0.271698
v -0.174043 0.110026 -0.267104
v -0.154985 0.114723 -0.272293
v -0.168822 0.106474 -0.268204
v -0.175419 0.092164 -0.267252
v -0.164376 0.104381 -0.266701
v -0.168841 0.091209 -0.266841
v -0.169155 0.075758 -0.267102
v -0.165282 0.090889 -0.261845
v -0.165182 0.076436 -0.262468
v -0.159028 0.063987 -0.265094
v -0.162514 0.076412 -0.255738
v -0.156755 0.063639 -0.258105
v -0.146027 0.054818 -0.260943
v -0.159846 0.076243 -0.247377
v -0.162616 0.090230 -0.254748
v -0.159898 0.089681 -0.246299
v -0.158596 0.102494 -0.254741
v -0.155898 0.101960 -0.246059
v -0.148146 0.109296 -0.256609
v -0.145077 0.108202 -0.248221
v -0.135004 0.110238 -0.259931
v -0.131871 0.108278 -0.251481
v -0.122255 0.109149 -0.262760
v -0.117817 0.107092 -0.254227
v -0.108160 0.110995 -0.264845
v -0.102861 0.124380 -0.271229
v -0.099460 0.123923 -0.262815
v -0.106593 0.145015 -0.260987
v -0.103175 0.142969 -0.255731
v -0.123012 0.166847 -0.250892
v -0.119631 0.163922 -0.245967
v -0.140468 0.178367 -0.247688
v -0.137216 0.176201 -0.241991
v -0.149159 0.188349 -0.247060
v -0.147054 0.185299 -0.240036
v -0.143631 0.198678 -0.249453
v -0.142005 0.195580 -0.242239
v -0.132390 0.206219 -0.253715
v -0.131209 0.203146 -0.246061
v -0.118895 0.205890 -0.259919
v -0.118066 0.202251 -0.251786
v -0.107512 0.196323 -0.257244
v -0.097484 0.194299 -0.259958
v -0.095097 0.206084 -0.256642
v -0.101314 0.220976 -0.260061
v -0.099771 0.218294 -0.252340
v -0.098191 0.215329 -0.242758
v -0.109048 0.226603 -0.248004
v -0.107826 0.223004 -0.238780
v -0.106599 0.217974 -0.225448
v -0.121663 0.224885 -0.235485
v -0.120220 0.220092 -0.223552
v -0.116641 0.211117 -0.202248
v -0.136807 0.216603 -0.221677
v -0.138631 0.221339 -0.232627
v -0.155044 0.208621 -0.231326
v -0.152674 0.204487 -0.221331
v -0.164832 0.190975 -0.231982
v -0.162471 0.187138 -0.222530
v -0.157436 0.211910 -0.239664
v -0.166480 0.194639 -0.239825
v -0.159215 0.214549 -0.247364
v -0.168085 0.197601 -0.246803
v -0.160268 0.215580 -0.253465
v -0.169604 0.198996 -0.252830
v -0.170174 0.185137 -0.253525
v -0.171055 0.199775 -0.257918
v -0.167424 0.175703 -0.256139
v -0.161292 0.216345 -0.258529
v -0.158699 0.213748 -0.262065
v -0.167295 0.199171 -0.262150
v -0.154211 0.208869 -0.264570
v -0.137981 0.214761 -0.269024
v -0.122360 0.216002 -0.275574
v -0.122190 0.211894 -0.272668
v -0.136133 0.211092 -0.266095
v -0.120514 0.209161 -0.266575
v -0.133989 0.208694 -0.260166
v -0.145803 0.200632 -0.255664
v -0.150984 0.189194 -0.252495
v -0.144102 0.178246 -0.251293
v -0.127855 0.167216 -0.255063
v -0.133492 0.165694 -0.256278
v -0.116384 0.146844 -0.265058
v -0.121764 0.147051 -0.265392
v -0.139034 0.163917 -0.256174
v -0.111268 0.146335 -0.263897
v -0.142421 0.229466 -0.256389
v -0.141263 0.227225 -0.249857
v -0.123743 0.230885 -0.252910
v -0.110685 0.229275 -0.255860
v -0.140097 0.224522 -0.242131
v -0.122827 0.228195 -0.244978
v -0.150890 0.110490 -0.263833
v -0.161276 0.103485 -0.261641
v -0.153749 0.112489 -0.269623
v -0.053937 0.166390 0.036433
v -0.040418 0.180654 0.042778
v -0.046213 0.163521 0.036710
v -0.035812 0.178105 0.045473
v -0.041226 0.161679 0.040585
v -0.035235 0.174869 0.052366
v -0.038724 0.161053 0.048231
v -0.043048 0.150195 0.044246
v -0.035114 0.171531 0.058198
v -0.038808 0.160157 0.048970
v -0.030539 0.169534 0.056323
v -0.039609 0.159072 0.048846
v -0.028845 0.172717 0.049134
v -0.035845 0.163747 0.041036
v -0.038010 0.156206 0.035664
v -0.042912 0.150392 0.045282
v -0.034888 0.142927 0.044565
v -0.034020 0.149468 0.033075
v -0.029034 0.143212 0.030188
v -0.028401 0.136794 0.038911
v -0.026116 0.129978 0.044788
v -0.022998 0.123447 0.049993
v -0.021412 0.130260 0.028257
v -0.019358 0.125082 0.033587
v -0.016687 0.119684 0.038358
v -0.020099 0.111026 0.039761
v -0.028895 0.111794 0.051619
v -0.008421 0.121124 0.020788
v -0.008251 0.115893 0.024430
v -0.009378 0.109699 0.026116
v 0.005255 0.116121 0.015387
v 0.004581 0.110565 0.017456
v 0.005357 0.119742 0.011183
v -0.008494 0.125802 0.016191
v 0.005423 0.123259 0.006205
v 0.021927 0.124345 0.002723
v 0.005639 0.127862 -0.000214
v 0.022307 0.128886 -0.003398
v 0.005806 0.134147 -0.008048
v 0.022377 0.134331 -0.010384
v 0.037249 0.140080 -0.007395
v 0.020877 0.143907 -0.018094
v 0.034825 0.148246 -0.015433
v 0.045563 0.155208 -0.013594
v 0.030838 0.157321 -0.018171
v 0.040717 0.162357 -0.015639
v 0.047096 0.170199 -0.011556
v 0.051516 0.164737 -0.007157
v 0.049739 0.180632 -0.005856
v 0.055099 0.176249 -0.001787
v 0.049029 0.193715 0.003007
v 0.055172 0.191147 0.006910
v 0.044766 0.204263 0.011062
v 0.048314 0.201901 0.017692
v 0.050883 0.196262 0.025037
v 0.042011 0.209809 0.024303
v 0.044544 0.202765 0.033076
v 0.048303 0.193809 0.039707
v 0.054105 0.183289 0.044773
v 0.059293 0.177458 0.043985
v 0.036648 0.209409 0.039224
v 0.040933 0.199948 0.046923
v 0.047258 0.190349 0.050431
v 0.053429 0.182416 0.049906
v 0.056344 0.181277 0.045657
v 0.026948 0.206104 0.050728
v 0.033054 0.197339 0.058326
v 0.030670 0.193520 0.067212
v 0.034171 0.197664 0.071999
v 0.012874 0.203083 0.058740
v 0.014286 0.198725 0.066520
v 0.015538 0.199665 0.073316
v 0.016840 0.207036 0.075646
v 0.036652 0.203668 0.069491
v -0.002297 0.195023 0.062211
v -0.002744 0.193645 0.071028
v -0.005415 0.199839 0.072920
v -0.008043 0.205952 0.070889
v 0.016626 0.211939 0.071256
v -0.019779 0.184840 0.060433
v -0.022424 0.185400 0.065868
v -0.027622 0.190189 0.065196
v -0.027146 0.193593 0.059633
v -0.008431 0.210360 0.064907
v -0.026733 0.197087 0.052482
v -0.018720 0.188467 0.053792
v -0.027633 0.177467 0.042148
v -0.018369 0.193607 0.046662
v -0.026535 0.183757 0.035116
v -0.032032 0.176863 0.024757
v -0.033952 0.169602 0.033107
v -0.034609 0.171145 0.015742
v -0.036479 0.162595 0.025702
v -0.031583 0.164478 0.008278
v -0.032235 0.155680 0.020442
v -0.025508 0.158355 0.001329
v -0.027067 0.149669 0.015192
v -0.018058 0.151884 -0.005444
v -0.021001 0.143087 0.007485
v -0.022208 0.135610 0.020723
v -0.008779 0.137405 -0.001480
v -0.008666 0.131013 0.008871
v -0.008669 0.144897 -0.012385
v 0.005559 0.142740 -0.015989
v -0.006971 0.153086 -0.018794
v 0.005687 0.151721 -0.021143
v 0.018860 0.153703 -0.020424
v 0.005751 0.158844 -0.024729
v 0.017934 0.160280 -0.024459
v 0.028593 0.163679 -0.022016
v 0.017457 0.166254 -0.027844
v 0.027731 0.167646 -0.026814
v 0.036381 0.171472 -0.024108
v 0.037468 0.168147 -0.019325
v 0.042432 0.177701 -0.020183
v 0.043637 0.174601 -0.015550
v 0.045557 0.183553 -0.009205
v 0.044107 0.195939 -0.000144
v 0.041035 0.205458 0.005522
v 0.030307 0.215669 0.000503
v 0.034398 0.212110 0.008975
v 0.038412 0.212376 0.015905
v 0.024784 0.215214 0.010120
v 0.029472 0.218642 0.018334
v 0.033691 0.216964 0.028843
v 0.019253 0.220312 0.017820
v 0.021106 0.219984 0.029683
v 0.023640 0.213935 0.040879
v 0.009033 0.220280 0.027965
v 0.009817 0.214838 0.039312
v 0.011254 0.208715 0.049694
v -0.004249 0.213503 0.036278
v -0.003889 0.206535 0.045851
v -0.003242 0.200413 0.054345
v -0.017057 0.199927 0.038713
v -0.015593 0.206664 0.029481
v -0.023751 0.199734 0.020991
v -0.025419 0.191897 0.027939
v -0.027139 0.194201 0.012731
v -0.029938 0.185955 0.017687
v -0.025753 0.188579 0.004701
v -0.030624 0.180781 0.008404
v -0.022015 0.181383 -0.002369
v -0.027569 0.174220 0.001322
v -0.017909 0.173337 -0.010413
v -0.022552 0.166872 -0.006298
v -0.012899 0.165457 -0.018049
v -0.015657 0.159342 -0.013176
v -0.005431 0.159716 -0.022807
v -0.009943 0.170068 -0.021666
v -0.004659 0.164704 -0.026592
v 0.005351 0.165089 -0.027291
v -0.006410 0.166389 -0.031676
v 0.004551 0.165739 -0.033202
v 0.016770 0.167388 -0.033688
v 0.003411 0.163793 -0.040565
v 0.016250 0.165447 -0.041012
v 0.028406 0.167880 -0.039895
v 0.027656 0.169327 -0.032391
v 0.039139 0.171319 -0.037165
v 0.036934 0.172615 -0.029685
v 0.047390 0.177879 -0.033492
v 0.043108 0.179281 -0.026128
v 0.051666 0.186172 -0.031296
v 0.050247 0.177842 -0.044739
v 0.054606 0.185109 -0.042937
v 0.058380 0.190889 -0.042174
v 0.054069 0.193808 -0.028747
v 0.062046 0.193981 -0.042631
v 0.058332 0.197984 -0.029964
v 0.048934 0.208769 -0.012629
v 0.056616 0.213242 -0.014068
v 0.060688 0.217020 -0.014717
v 0.042443 0.227164 -0.005394
v 0.060392 0.219483 -0.017532
v 0.046442 0.231920 -0.006259
v 0.031969 0.240177 0.002694
v 0.026083 0.234186 0.001958
v 0.048625 0.236420 -0.009282
v 0.034454 0.246041 -0.000393
v 0.021975 0.250969 0.004728
v 0.034932 0.250170 -0.005052
v 0.022782 0.255222 -0.000336
v 0.011873 0.259234 0.002304
v 0.011500 0.255301 0.008090
v -0.000022 0.257483 0.000344
v -0.000965 0.252720 0.005732
v -0.011586 0.250747 -0.005046
v -0.012456 0.244915 -0.000894
v -0.023099 0.241635 -0.011815
v -0.022883 0.235056 -0.007612
v -0.030649 0.231681 -0.019053
v -0.022018 0.247891 -0.017447
v -0.029828 0.236984 -0.025802
v -0.035095 0.227556 -0.032726
v -0.035536 0.222768 -0.025145
v -0.036375 0.209193 -0.026048
v -0.029124 0.205603 -0.021073
v -0.021719 0.201373 -0.013689
v -0.021406 0.197318 -0.005163
v -0.019291 0.203100 -0.000047
v -0.021798 0.189112 -0.012466
v -0.017412 0.186527 -0.005920
v -0.020724 0.194005 0.001531
v -0.018406 0.180944 -0.021271
v -0.013723 0.178788 -0.015147
v -0.013447 0.173056 -0.027585
v -0.009157 0.166824 -0.039052
v -0.011199 0.169849 -0.048076
v 0.001753 0.166371 -0.049758
v -0.013343 0.175290 -0.060886
v 0.000458 0.171904 -0.062541
v 0.014776 0.170438 -0.063313
v 0.015514 0.165979 -0.050315
v 0.029038 0.171814 -0.062700
v 0.029145 0.167038 -0.049629
v 0.041046 0.176363 -0.060199
v 0.040933 0.171739 -0.047253
v 0.050345 0.182091 -0.057479
v 0.040824 0.184947 -0.076044
v 0.050463 0.190243 -0.071943
v 0.055015 0.197190 -0.066695
v 0.054848 0.189132 -0.054686
v 0.058647 0.202496 -0.063319
v 0.058547 0.194765 -0.052878
v 0.064130 0.206114 -0.061557
v 0.062986 0.198665 -0.052196
v 0.068933 0.211832 -0.058110
v 0.068224 0.203918 -0.051436
v 0.067680 0.218875 -0.052237
v 0.068490 0.212021 -0.046240
v 0.064356 0.225851 -0.045741
v 0.065033 0.219773 -0.039549
v 0.065719 0.214715 -0.034968
v 0.066346 0.210196 -0.030903
v 0.059469 0.229804 -0.030835
v 0.059839 0.225700 -0.025487
v 0.060307 0.222095 -0.021313
v 0.065289 0.210788 -0.026130
v 0.049493 0.240130 -0.013813
v 0.050124 0.243969 -0.019552
v 0.035627 0.254372 -0.011271
v 0.050774 0.248693 -0.027329
v 0.036958 0.259854 -0.019710
v 0.025073 0.266242 -0.015832
v 0.023461 0.259790 -0.007143
v 0.014334 0.270468 -0.013756
v 0.012660 0.263967 -0.004884
v 0.002567 0.269051 -0.015498
v 0.001469 0.262216 -0.006766
v -0.008271 0.262913 -0.019747
v -0.010128 0.256497 -0.010960
v -0.020949 0.255538 -0.025226
v -0.007562 0.273343 -0.032069
v -0.018606 0.264770 -0.038822
v -0.024939 0.251986 -0.047109
v -0.028457 0.243345 -0.034141
v -0.029446 0.242858 -0.054975
v -0.033646 0.233392 -0.041615
v -0.032267 0.235986 -0.061823
v -0.037622 0.225771 -0.048341
v -0.034392 0.230706 -0.068233
v -0.026467 0.250977 -0.081559
v -0.027837 0.245959 -0.087411
v -0.028428 0.241880 -0.092662
v -0.035196 0.225359 -0.074435
v -0.025819 0.237393 -0.097498
v -0.032301 0.220269 -0.078311
v -0.036245 0.206827 -0.063301
v -0.028616 0.217918 -0.079427
v -0.027765 0.204048 -0.063000
v -0.019700 0.212614 -0.085330
v -0.021721 0.196375 -0.068672
v -0.009120 0.205784 -0.092424
v -0.012398 0.187600 -0.075303
v 0.004260 0.200853 -0.097314
v 0.000910 0.182596 -0.078368
v 0.017512 0.198485 -0.098816
v 0.014702 0.179286 -0.080674
v 0.028741 0.198687 -0.096198
v 0.028967 0.181116 -0.078999
v 0.040005 0.200751 -0.091509
v 0.041538 0.215398 -0.103824
v 0.048502 0.217445 -0.098096
v 0.049073 0.204450 -0.085803
v 0.054600 0.220546 -0.093224
v 0.054666 0.209201 -0.079876
v 0.059906 0.223743 -0.089615
v 0.059445 0.212891 -0.075620
v 0.064517 0.227672 -0.086319
v 0.064707 0.216161 -0.072132
v 0.066761 0.233107 -0.081980
v 0.067747 0.221049 -0.067409
v 0.065668 0.238723 -0.077031
v 0.066821 0.227005 -0.061146
v 0.063750 0.244329 -0.072272
v 0.063893 0.233136 -0.054785
v 0.058740 0.252401 -0.066180
v 0.058788 0.241656 -0.047331
v 0.059089 0.235056 -0.037862
v 0.050381 0.254373 -0.038807
v 0.050678 0.262849 -0.059939
v 0.040618 0.273129 -0.056355
v 0.039258 0.267155 -0.032020
v 0.030138 0.280745 -0.055576
v 0.027765 0.274466 -0.028515
v 0.019766 0.285676 -0.055943
v 0.016566 0.279402 -0.026888
v 0.009011 0.285448 -0.057508
v 0.004189 0.277980 -0.028828
v -0.000618 0.280197 -0.059535
v 0.013198 0.293806 -0.082441
v 0.003563 0.290726 -0.083662
v -0.010367 0.273080 -0.063068
v -0.018688 0.264468 -0.068834
v -0.023938 0.257036 -0.075430
v 0.013566 0.307010 -0.098660
v 0.003673 0.303077 -0.100709
v 0.014521 0.306119 -0.117886
v 0.004736 0.302559 -0.117132
v 0.014546 0.305412 -0.132902
v 0.005726 0.299386 -0.129004
v -0.005721 0.291952 -0.122585
v 0.002723 0.299653 -0.137490
v -0.004786 0.286586 -0.129592
v -0.001099 0.301663 -0.147360
v -0.008617 0.288842 -0.140388
v -0.002672 0.298721 -0.160394
v -0.010809 0.289702 -0.155927
v -0.016108 0.280492 -0.154197
v -0.008010 0.284235 -0.173624
v -0.013326 0.277757 -0.173491
v -0.014992 0.271069 -0.173322
v -0.017747 0.271483 -0.154751
v -0.013478 0.264247 -0.172954
v -0.015818 0.263463 -0.156759
v -0.008645 0.259053 -0.172469
v -0.011732 0.257955 -0.158833
v -0.002288 0.256285 -0.171881
v -0.005585 0.254016 -0.160323
v -0.010055 0.243246 -0.148699
v -0.011841 0.234934 -0.134061
v 0.001566 0.252458 -0.160725
v 0.004363 0.256483 -0.171302
v 0.011723 0.260185 -0.170613
v 0.010045 0.252975 -0.160103
v 0.021795 0.265322 -0.169754
v 0.020637 0.254714 -0.158905
v 0.034841 0.265462 -0.167271
v 0.031177 0.254297 -0.157243
v 0.045634 0.260723 -0.164326
v 0.042721 0.252277 -0.154052
v 0.040333 0.241023 -0.149335
v 0.053338 0.252760 -0.151109
v 0.051335 0.241154 -0.149802
v 0.046996 0.229461 -0.147322
v 0.053536 0.220763 -0.148234
v 0.045339 0.223039 -0.140815
v 0.056637 0.217963 -0.143220
v 0.048869 0.220810 -0.133772
v 0.061260 0.215618 -0.137619
v 0.053710 0.218552 -0.127131
v 0.046946 0.220751 -0.116275
v 0.059167 0.219656 -0.121377
v 0.052329 0.222469 -0.110725
v 0.064323 0.223469 -0.117055
v 0.057181 0.226107 -0.106428
v 0.068422 0.228860 -0.114083
v 0.060923 0.230444 -0.102808
v 0.070728 0.235633 -0.113317
v 0.064387 0.235329 -0.100696
v 0.071144 0.243332 -0.114215
v 0.065912 0.242034 -0.098633
v 0.080772 0.230635 -0.125857
v 0.080799 0.238178 -0.128664
v 0.087075 0.225269 -0.139656
v 0.087471 0.231120 -0.142100
v 0.086792 0.236664 -0.146244
v 0.092224 0.227516 -0.150500
v 0.090098 0.232516 -0.154532
v 0.085157 0.227786 -0.163726
v 0.087278 0.223634 -0.167764
v 0.091389 0.222045 -0.148703
v 0.084173 0.219636 -0.139600
v 0.087907 0.216932 -0.148913
v 0.090294 0.214781 -0.156664
v 0.083096 0.213276 -0.150327
v 0.092883 0.212680 -0.165722
v 0.079151 0.215555 -0.141286
v 0.073626 0.213339 -0.144034
v 0.078077 0.211441 -0.152710
v 0.068278 0.213464 -0.147790
v 0.073507 0.211848 -0.155826
v 0.063710 0.215757 -0.152095
v 0.069713 0.214603 -0.159189
v 0.075449 0.213384 -0.165893
v 0.066753 0.219382 -0.162467
v 0.081035 0.212593 -0.172329
v 0.059986 0.219861 -0.156087
v 0.066891 0.216262 -0.132666
v 0.072474 0.219205 -0.128929
v 0.077607 0.223570 -0.126126
v 0.055726 0.258731 -0.161417
v 0.059039 0.260375 -0.171174
v 0.067327 0.260553 -0.168398
v 0.049394 0.262797 -0.174515
v 0.051916 0.260646 -0.182750
v 0.061889 0.258458 -0.179824
v 0.038463 0.267760 -0.178003
v 0.040853 0.266633 -0.185605
v 0.042175 0.266025 -0.192512
v 0.053119 0.259310 -0.190285
v 0.025459 0.268076 -0.180288
v 0.028673 0.268525 -0.187188
v 0.031036 0.268557 -0.193951
v 0.032802 0.268809 -0.200429
v 0.042928 0.266076 -0.199181
v 0.018227 0.264523 -0.188435
v 0.021013 0.266125 -0.194769
v 0.022964 0.267517 -0.200800
v 0.024381 0.269287 -0.206654
v 0.034284 0.269612 -0.206940
v 0.013524 0.260719 -0.195312
v 0.015316 0.263265 -0.200913
v 0.016141 0.266170 -0.205797
v 0.015900 0.270755 -0.209423
v 0.025331 0.273898 -0.210202
v 0.026613 0.280082 -0.207490
v 0.037507 0.281256 -0.207587
v 0.035739 0.274461 -0.210428
v 0.015904 0.276493 -0.208104
v 0.016458 0.282748 -0.203994
v 0.028143 0.286259 -0.203284
v 0.008309 0.270665 -0.207622
v 0.007394 0.276846 -0.203867
v 0.006742 0.283773 -0.198377
v 0.017451 0.289846 -0.198877
v 0.002912 0.264786 -0.206946
v 0.000653 0.271001 -0.204422
v -0.000923 0.277687 -0.198156
v -0.001819 0.284503 -0.189031
v -0.007610 0.278563 -0.188317
v -0.000838 0.290550 -0.174448
v -0.011399 0.272641 -0.187482
v -0.012061 0.266272 -0.186049
v -0.005059 0.257412 -0.192463
v -0.009264 0.260863 -0.184390
v -0.000620 0.253953 -0.190606
v -0.004489 0.256904 -0.182730
v 0.005105 0.252967 -0.189155
v 0.000856 0.252991 -0.181229
v 0.011232 0.258268 -0.188894
v 0.007920 0.256805 -0.180972
v 0.015130 0.262889 -0.181238
v 0.008529 0.253755 -0.195556
v 0.002753 0.252057 -0.197160
v -0.001252 0.255152 -0.199442
v 0.030125 0.292564 -0.197674
v 0.041713 0.295226 -0.197980
v 0.039597 0.287767 -0.203455
v 0.052563 0.294166 -0.198200
v 0.050081 0.287211 -0.204742
v 0.047660 0.280345 -0.209147
v 0.059139 0.282027 -0.204137
v 0.057426 0.276159 -0.209328
v 0.054965 0.268762 -0.210863
v 0.045306 0.273010 -0.210993
v 0.053815 0.262918 -0.205182
v 0.043757 0.267404 -0.206328
v 0.053293 0.259970 -0.197679
v 0.063884 0.256460 -0.187372
v 0.073057 0.259448 -0.185420
v 0.070986 0.260530 -0.178215
v 0.080732 0.262090 -0.185420
v 0.079736 0.263293 -0.176129
v 0.074934 0.260199 -0.165489
v 0.075039 0.272732 -0.173848
v 0.071665 0.271199 -0.161730
v 0.067974 0.283928 -0.168491
v 0.066667 0.283784 -0.155873
v 0.066249 0.281694 -0.140741
v 0.060450 0.294620 -0.151467
v 0.057517 0.290226 -0.135961
v 0.053902 0.285488 -0.121157
v 0.057003 0.285428 -0.104109
v 0.049013 0.298322 -0.134532
v 0.046124 0.294931 -0.118608
v 0.047940 0.295583 -0.100314
v 0.043685 0.283546 -0.081350
v 0.052899 0.275228 -0.084291
v 0.036223 0.302023 -0.118086
v 0.036561 0.302243 -0.098756
v 0.032829 0.289169 -0.080860
v 0.025709 0.306964 -0.098161
v 0.022820 0.293260 -0.081052
v 0.025579 0.305643 -0.118250
v 0.038213 0.303882 -0.134635
v 0.027301 0.305997 -0.135074
v 0.041368 0.308945 -0.148737
v 0.029290 0.311815 -0.147703
v 0.014014 0.308844 -0.143858
v 0.052554 0.303818 -0.149068
v 0.053457 0.304501 -0.162143
v 0.060835 0.295346 -0.164036
v 0.061425 0.294431 -0.175878
v 0.053941 0.302973 -0.174775
v 0.062187 0.292121 -0.187940
v 0.054555 0.299966 -0.188460
v 0.060620 0.287318 -0.197330
v 0.069068 0.281207 -0.190213
v 0.068151 0.276879 -0.198054
v 0.066916 0.272709 -0.203856
v 0.065440 0.268774 -0.208218
v 0.068749 0.283476 -0.180104
v 0.075767 0.272279 -0.184868
v -0.009789 0.234496 -0.120095
v -0.013431 0.227367 -0.103953
v -0.020429 0.232605 -0.100545
v -0.023416 0.199660 0.007142
v -0.021488 0.205689 0.013272
v -0.017039 0.207701 0.004625
v -0.014295 0.212525 0.019745
v -0.011080 0.214272 0.009664
v -0.003612 0.219618 0.025000
v -0.000695 0.218439 0.013686
v 0.009437 0.219566 0.016607
v 0.017670 0.226152 -0.001166
v 0.015784 0.225237 -0.002429
v 0.024115 0.222211 -0.006132
v 0.036610 0.206190 0.064166
v 0.058675 0.178637 0.049098
v 0.059178 0.177604 0.044017
v 0.050074 0.185578 0.057592
v 0.049691 0.180036 0.061569
v 0.059603 0.177008 0.043846
v 0.058996 0.178482 0.038604
v 0.060160 0.176616 0.039459
v 0.060021 0.176403 0.043660
v 0.060315 0.175978 0.043530
v 0.061283 0.174924 0.039498
v 0.060476 0.175745 0.043458
v 0.060637 0.175512 0.043386
v 0.060868 0.175491 0.040031
v 0.060642 0.175794 0.040373
v 0.060790 0.175291 0.043318
v 0.060954 0.175054 0.043245
v 0.060906 0.175399 0.040398
v 0.061515 0.174434 0.041002
v 0.058538 0.202557 0.049587
v 0.061098 0.174845 0.043181
v 0.062792 0.174557 0.042568
v 0.061290 0.176230 0.043029
v 0.060915 0.177421 0.043170
v 0.026856 -0.075782 0.164827
v 0.027613 -0.069355 0.161738
v 0.042868 -0.070295 0.158286
v 0.042447 -0.064174 0.155049
v 0.029491 -0.062315 0.158364
v 0.030782 -0.060588 0.151930
v 0.020112 -0.057378 0.152254
v 0.017795 -0.061192 0.158853
v 0.041623 -0.059549 0.150107
v 0.041113 -0.054744 0.146975
v 0.032027 -0.056710 0.147725
v 0.043037 -0.051471 0.152050
v 0.097286 -0.019306 0.156831
v 0.067905 0.051707 0.140585
v 0.078628 0.042626 0.136612
v 0.079925 0.043765 0.137691
v 0.098675 -0.060285 0.123171
v 0.092899 -0.079755 0.126179
v 0.104657 -0.067635 0.121396
v 0.023147 -0.194231 0.071318
v 0.010305 -0.206537 0.053623
v 0.026225 -0.204973 0.053424
v 0.011590 -0.216413 0.038629
v 0.027378 -0.213299 0.038735
v -0.002652 -0.212836 0.035843
v -0.000488 -0.216763 0.023460
v -0.011709 -0.210432 0.018543
v -0.007599 -0.208495 0.010331
v 0.002724 -0.214121 0.014163
v -0.007180 -0.212527 0.003018
v 0.002875 -0.217215 0.005891
v -0.007929 -0.218261 -0.003562
v 0.001729 -0.224033 -0.001848
v -0.011021 -0.226054 -0.004168
v -0.002802 -0.232971 0.000113
v -0.015517 -0.232395 -0.002661
v -0.009262 -0.241490 0.003784
v -0.004795 -0.249011 0.008308
v -0.010458 -0.252442 -0.002675
v -0.001562 -0.258744 -0.000897
v -0.008207 -0.262320 -0.015765
v 0.001087 -0.267937 -0.012890
v 0.010225 -0.271907 -0.009586
v 0.002287 -0.280219 -0.033157
v 0.012535 -0.283300 -0.030016
v 0.021782 -0.277069 -0.029663
v 0.020350 -0.267070 -0.011561
v 0.032702 -0.269788 -0.029645
v 0.031293 -0.259731 -0.013677
v 0.046336 -0.258141 -0.033142
v 0.045300 -0.249165 -0.019151
v 0.045232 -0.241605 -0.010940
v 0.044168 -0.234606 -0.005672
v 0.057865 -0.234277 -0.029314
v 0.058122 -0.227809 -0.020482
v 0.055352 -0.221057 -0.014319
v 0.050383 -0.215116 -0.010322
v 0.041561 -0.228276 -0.002635
v 0.065692 -0.215925 -0.030287
v 0.061882 -0.209338 -0.023911
v 0.053841 -0.203262 -0.019982
v 0.047175 -0.199116 -0.015582
v 0.045277 -0.210764 -0.007190
v 0.048323 -0.190034 -0.021786
v 0.042945 -0.186355 -0.016926
v 0.041894 -0.195459 -0.011103
v 0.043065 -0.179407 -0.021343
v 0.043913 -0.175944 -0.016351
v 0.044755 -0.183328 -0.011255
v 0.038390 -0.174805 -0.025673
v 0.038715 -0.169786 -0.019751
v 0.043005 -0.163347 -0.016496
v 0.049246 -0.171522 -0.012085
v 0.029628 -0.171414 -0.028893
v 0.029927 -0.165275 -0.023005
v 0.032655 -0.157349 -0.020165
v 0.034798 -0.149750 -0.014717
v 0.047218 -0.156283 -0.012074
v 0.019881 -0.161937 -0.026156
v 0.020688 -0.153242 -0.022392
v 0.021372 -0.144957 -0.016344
v 0.021789 -0.136697 -0.008345
v 0.036429 -0.141307 -0.007125
v 0.008267 -0.152947 -0.020845
v 0.007164 -0.142758 -0.016055
v -0.003097 -0.155361 -0.018184
v 0.009247 -0.160941 -0.025888
v -0.000699 -0.162918 -0.023517
v -0.010157 -0.167014 -0.020530
v -0.012923 -0.160254 -0.014270
v -0.017865 -0.173334 -0.015782
v -0.007823 -0.171479 -0.026263
v -0.015392 -0.177947 -0.021885
v -0.021370 -0.184656 -0.016467
v -0.020835 -0.180764 -0.009931
v -0.023448 -0.191749 -0.011111
v -0.020449 -0.188774 -0.004738
v -0.021784 -0.199375 -0.006471
v -0.021642 -0.196085 -0.000039
v -0.016798 -0.206825 -0.001403
v -0.017424 -0.203596 0.005163
v -0.016932 -0.210763 -0.006799
v -0.020835 -0.215669 -0.008220
v -0.024296 -0.220775 -0.009791
v -0.035380 -0.216437 -0.020689
v -0.027667 -0.224487 -0.010536
v -0.019514 -0.237432 -0.002286
v -0.027345 -0.243104 -0.029751
v -0.018856 -0.253577 -0.019891
v -0.021209 -0.257024 -0.054247
v -0.015515 -0.267631 -0.044549
v -0.007634 -0.275872 -0.037343
v -0.010717 -0.276885 -0.074818
v -0.003286 -0.282209 -0.069922
v 0.005841 -0.286900 -0.066009
v -0.004465 -0.293152 -0.088977
v 0.005896 -0.295773 -0.086180
v 0.017018 -0.296248 -0.084002
v 0.015620 -0.290021 -0.062449
v 0.027463 -0.293992 -0.082475
v 0.024255 -0.284722 -0.060172
v 0.038451 -0.288478 -0.080673
v 0.035188 -0.278815 -0.058065
v 0.049101 -0.277077 -0.080229
v 0.047531 -0.267332 -0.057991
v 0.058055 -0.263847 -0.082432
v 0.057362 -0.252753 -0.062360
v 0.057532 -0.242129 -0.042220
v 0.064660 -0.240500 -0.069605
v 0.065785 -0.229443 -0.051906
v 0.066019 -0.221573 -0.039281
v 0.067282 -0.217779 -0.059939
v 0.069265 -0.210755 -0.047146
v 0.064817 -0.207115 -0.065167
v 0.064710 -0.229193 -0.077094
v 0.062779 -0.219928 -0.082007
v 0.055903 -0.213280 -0.083974
v 0.056035 -0.199376 -0.066148
v 0.047672 -0.206522 -0.087392
v 0.045635 -0.188454 -0.070751
v 0.036198 -0.199882 -0.093303
v 0.032229 -0.180309 -0.075677
v 0.028652 -0.168649 -0.060404
v 0.024981 -0.166974 -0.048104
v 0.018068 -0.176935 -0.076886
v 0.014320 -0.165552 -0.059910
v 0.012192 -0.165742 -0.047835
v 0.010710 -0.166663 -0.038614
v 0.021901 -0.168435 -0.038626
v 0.001004 -0.167378 -0.057568
v 0.000198 -0.165781 -0.045839
v 0.000375 -0.167278 -0.036449
v 0.000351 -0.166709 -0.029603
v 0.009798 -0.165252 -0.031351
v -0.010644 -0.170385 -0.041531
v -0.007734 -0.172743 -0.033048
v -0.017562 -0.179679 -0.035473
v -0.014987 -0.180546 -0.028373
v -0.011801 -0.170917 -0.052928
v -0.020057 -0.179873 -0.045503
v -0.009524 -0.179622 -0.069550
v -0.021253 -0.185030 -0.062455
v -0.029079 -0.192313 -0.052121
v -0.016859 -0.200178 -0.083239
v -0.022961 -0.207666 -0.074889
v -0.029349 -0.212632 -0.071010
v -0.036385 -0.194196 -0.044089
v -0.016360 -0.224153 -0.099033
v -0.022044 -0.228631 -0.096994
v -0.010605 -0.232434 -0.117389
v -0.014603 -0.238787 -0.114159
v -0.016831 -0.249811 -0.126504
v -0.015020 -0.253810 -0.139068
v -0.013503 -0.260479 -0.151538
v -0.015142 -0.268406 -0.149007
v -0.014439 -0.263855 -0.164515
v -0.015548 -0.271520 -0.163202
v -0.014381 -0.280598 -0.164187
v -0.015027 -0.278087 -0.146722
v -0.016736 -0.269386 -0.178941
v -0.014458 -0.275693 -0.180312
v -0.013197 -0.265174 -0.190709
v -0.011145 -0.270366 -0.192572
v -0.006671 -0.275319 -0.193820
v -0.003733 -0.268603 -0.201778
v 0.002092 -0.271783 -0.202052
v 0.000746 -0.278689 -0.193501
v 0.009311 -0.274475 -0.202994
v 0.003503 -0.264428 -0.208011
v 0.008854 -0.265856 -0.209629
v 0.014955 -0.264614 -0.213485
v 0.015502 -0.277924 -0.209264
v 0.031735 -0.266234 -0.213370
v 0.028559 -0.277741 -0.209252
v 0.039146 -0.278337 -0.209331
v 0.036005 -0.287302 -0.205425
v 0.044422 -0.286655 -0.205635
v 0.050652 -0.291617 -0.200346
v 0.056904 -0.287459 -0.197166
v 0.055549 -0.293253 -0.191057
v 0.052231 -0.298297 -0.181984
v 0.061101 -0.282724 -0.193511
v 0.060974 -0.288317 -0.187489
v 0.057715 -0.292518 -0.177416
v 0.053735 -0.297409 -0.164070
v 0.046678 -0.303983 -0.168763
v 0.067071 -0.284165 -0.184552
v 0.064669 -0.287140 -0.173152
v 0.061418 -0.289772 -0.159797
v 0.060932 -0.292117 -0.145612
v 0.052952 -0.303179 -0.147807
v 0.071572 -0.281289 -0.168879
v 0.068097 -0.282107 -0.155407
v 0.066616 -0.281829 -0.143463
v 0.065646 -0.280216 -0.134752
v 0.059047 -0.290679 -0.135038
v 0.070393 -0.271332 -0.134599
v 0.069232 -0.269159 -0.127921
v 0.063942 -0.277946 -0.127081
v 0.072946 -0.263011 -0.136134
v 0.073416 -0.261107 -0.130052
v 0.072506 -0.258741 -0.123937
v 0.067813 -0.266443 -0.121123
v 0.075437 -0.253003 -0.139288
v 0.077628 -0.251387 -0.133464
v 0.077857 -0.249158 -0.127962
v 0.077369 -0.245944 -0.122969
v 0.071227 -0.254981 -0.117884
v 0.080702 -0.241932 -0.139744
v 0.082742 -0.238769 -0.135315
v 0.083642 -0.235217 -0.131776
v 0.082592 -0.230609 -0.128747
v 0.086522 -0.232535 -0.144839
v 0.087659 -0.228380 -0.142654
v 0.087284 -0.224020 -0.141119
v 0.085611 -0.219580 -0.140685
v 0.079423 -0.225525 -0.127182
v 0.090484 -0.225279 -0.152326
v 0.090621 -0.220966 -0.151655
v 0.091344 -0.224020 -0.161197
v 0.091873 -0.220041 -0.161732
v 0.087672 -0.220561 -0.167653
v 0.082243 -0.221879 -0.168473
v 0.079948 -0.217397 -0.167569
v 0.076525 -0.224219 -0.165835
v 0.073786 -0.219105 -0.164610
v 0.070812 -0.227661 -0.161092
v 0.067872 -0.221578 -0.158355
v 0.062555 -0.219118 -0.145183
v 0.066030 -0.214583 -0.138242
v 0.053105 -0.221725 -0.136508
v 0.056131 -0.217841 -0.128457
v 0.059283 -0.216258 -0.121939
v 0.069795 -0.212007 -0.132103
v 0.063085 -0.221332 -0.119182
v 0.072189 -0.215882 -0.129921
v 0.080390 -0.211417 -0.142309
v 0.075668 -0.220533 -0.127951
v 0.082971 -0.215278 -0.141214
v 0.055235 -0.226748 -0.110615
v 0.053399 -0.224303 -0.097850
v 0.040846 -0.229415 -0.141050
v 0.032927 -0.242735 -0.147633
v 0.031248 -0.232936 -0.137333
v 0.026100 -0.245991 -0.145714
v 0.025850 -0.236504 -0.134100
v 0.019322 -0.242440 -0.148357
v 0.018164 -0.234396 -0.136094
v 0.015760 -0.227903 -0.123550
v 0.012185 -0.214918 -0.110311
v 0.005993 -0.227170 -0.122913
v 0.001682 -0.216782 -0.106285
v -0.004604 -0.196261 -0.089548
v 0.008480 -0.195588 -0.092346
v -0.004503 -0.228112 -0.120363
v -0.008989 -0.219893 -0.101924
v 0.003891 -0.177607 -0.074163
v 0.021703 -0.195661 -0.094605
v 0.027503 -0.253502 -0.154103
v 0.018454 -0.251104 -0.155341
v 0.027912 -0.260971 -0.160734
v 0.017109 -0.258783 -0.161132
v 0.028377 -0.265893 -0.169008
v 0.016433 -0.263899 -0.169235
v 0.005937 -0.259597 -0.167331
v 0.016549 -0.266858 -0.178067
v 0.006761 -0.261143 -0.177160
v -0.001611 -0.255875 -0.176706
v -0.004934 -0.254354 -0.166600
v -0.008538 -0.256076 -0.177496
v -0.011969 -0.256208 -0.166177
v -0.013214 -0.262480 -0.177822
v -0.004335 -0.254602 -0.186746
v -0.009144 -0.260031 -0.188289
v -0.000988 -0.254232 -0.194327
v 0.002035 -0.257398 -0.186255
v 0.004090 -0.257834 -0.194321
v 0.005223 -0.257989 -0.201340
v 0.009801 -0.261794 -0.194512
v 0.010477 -0.261614 -0.201496
v 0.010128 -0.261371 -0.207483
v 0.005458 -0.258633 -0.207141
v 0.017518 -0.265658 -0.202305
v 0.016866 -0.264878 -0.208129
v 0.017571 -0.266559 -0.195197
v 0.017134 -0.267221 -0.187115
v 0.030689 -0.270418 -0.186386
v 0.008394 -0.261630 -0.186362
v 0.029448 -0.269116 -0.177207
v 0.043751 -0.264360 -0.176351
v 0.041146 -0.263396 -0.167491
v 0.052879 -0.261437 -0.166045
v 0.055281 -0.261906 -0.174791
v 0.066233 -0.259850 -0.173907
v 0.075677 -0.262261 -0.174865
v 0.074973 -0.261793 -0.186139
v 0.077907 -0.271817 -0.177938
v 0.076589 -0.270033 -0.188873
v 0.073790 -0.279940 -0.181517
v 0.072270 -0.276353 -0.191907
v 0.069106 -0.271923 -0.198777
v 0.066296 -0.279831 -0.193071
v 0.063508 -0.274516 -0.197878
v 0.051110 -0.259340 -0.158029
v 0.039375 -0.260619 -0.158565
v 0.037417 -0.252538 -0.154012
v 0.074636 -0.232409 -0.161499
v 0.079218 -0.235079 -0.159919
v 0.076103 -0.238985 -0.153854
v 0.080648 -0.238411 -0.150765
v 0.077636 -0.243981 -0.144080
v 0.073383 -0.244662 -0.147818
v 0.084081 -0.236147 -0.147676
v 0.066518 -0.263678 -0.114487
v 0.063070 -0.276004 -0.105320
v 0.061257 -0.275658 -0.112801
v 0.061661 -0.275871 -0.120022
v 0.055465 -0.288167 -0.113587
v 0.054897 -0.286108 -0.119567
v 0.057256 -0.287840 -0.126852
v 0.043232 -0.293258 -0.121646
v 0.046400 -0.296266 -0.128028
v 0.049392 -0.299967 -0.136041
v 0.034240 -0.302669 -0.131970
v 0.037765 -0.306466 -0.140498
v 0.042333 -0.309731 -0.153086
v 0.027309 -0.311192 -0.145084
v 0.032410 -0.313353 -0.159491
v 0.016631 -0.310687 -0.148651
v 0.023600 -0.309193 -0.164403
v 0.014609 -0.306262 -0.137165
v 0.005264 -0.299828 -0.136531
v 0.024140 -0.306936 -0.135473
v 0.021619 -0.304502 -0.127184
v 0.014357 -0.303169 -0.128508
v 0.030984 -0.299768 -0.124894
v 0.032072 -0.305065 -0.116854
v 0.020782 -0.308118 -0.119005
v 0.044833 -0.298923 -0.114945
v 0.045533 -0.301890 -0.104359
v 0.032037 -0.307868 -0.106284
v 0.056919 -0.290498 -0.103794
v 0.053863 -0.286856 -0.092265
v 0.042441 -0.297179 -0.092435
v 0.061950 -0.272688 -0.094725
v 0.030119 -0.304071 -0.093790
v 0.017928 -0.305234 -0.096806
v 0.019402 -0.309640 -0.108693
v 0.006220 -0.304715 -0.099490
v 0.007618 -0.308631 -0.111745
v 0.010836 -0.306258 -0.121350
v -0.001544 -0.302314 -0.115351
v 0.002931 -0.299107 -0.122826
v 0.007125 -0.296124 -0.128425
v -0.004326 -0.289700 -0.122339
v -0.000591 -0.286715 -0.126034
v -0.003022 -0.290205 -0.134382
v -0.004291 -0.300848 -0.103192
v -0.011534 -0.286937 -0.093629
v -0.017215 -0.269749 -0.081551
v -0.027713 -0.249561 -0.065381
v -0.022260 -0.264490 -0.089629
v -0.028486 -0.243864 -0.076116
v -0.037401 -0.226779 -0.051448
v -0.034489 -0.233383 -0.040771
v -0.041821 -0.209186 -0.029061
v 0.019606 -0.168338 -0.030859
v 0.051941 -0.180710 -0.006536
v 0.050865 -0.189992 -0.000840
v 0.043228 -0.192312 -0.005726
v 0.046602 -0.201830 0.005380
v 0.040330 -0.203431 0.000632
v 0.040783 -0.207244 -0.003967
v 0.034444 -0.219080 -0.001255
v 0.037586 -0.223281 -0.002272
v 0.034713 -0.101253 0.211877
v 0.150545 -0.037808 0.190534
v 0.172573 0.012502 0.209476
v 0.165169 0.016322 0.206955
v 0.123052 -0.052206 0.326195
v 0.055403 -0.129259 0.261570
v 0.018052 -0.033397 0.371093
v 0.006826 -0.027948 0.371987
v 0.012578 -0.030173 0.388015
v 0.122913 0.055362 0.075607
v 0.126911 0.056958 0.057449
v 0.113974 0.076048 0.064811
v 0.139071 0.033859 0.049794
v 0.142626 0.035588 0.030942
v 0.130121 0.059036 0.037634
v 0.150360 0.020211 0.047191
v 0.153291 0.022114 0.029227
v 0.147068 0.019265 0.007887
v 0.139223 0.035292 0.010602
v 0.160281 0.010313 0.028031
v 0.154282 0.008753 0.005730
v 0.148287 0.008583 -0.016887
v 0.142683 0.021424 -0.013442
v 0.163921 -0.000745 0.027818
v 0.157146 -0.001642 0.004450
v 0.150195 -0.002291 -0.019031
v 0.149638 -0.003002 -0.032328
v 0.152176 -0.010719 0.005215
v 0.146125 -0.013396 -0.018284
v 0.145389 -0.021956 0.005877
v 0.140169 -0.026903 -0.016716
v 0.159732 -0.011763 0.027742
v 0.152131 -0.022839 0.028278
v 0.153449 -0.002428 -0.041508
v 0.157076 -0.002707 -0.049986
v 0.159526 -0.001702 -0.059442
v 0.159749 0.009293 -0.058518
v 0.161156 0.011707 -0.070189
v 0.156264 0.018991 -0.056058
v 0.161468 -0.000216 -0.071188
v 0.160266 0.001319 -0.084845
v 0.158557 0.014517 -0.083105
v 0.159588 -0.012445 -0.070703
v 0.157676 -0.011553 -0.083996
v 0.150289 -0.011759 -0.095869
v 0.151849 0.002491 -0.095706
v 0.145133 0.002379 -0.105163
v 0.144579 0.016673 -0.104514
v 0.150795 0.015882 -0.093509
v 0.143514 -0.012777 -0.104475
v 0.141996 -0.015622 -0.115424
v 0.144339 0.001625 -0.118065
v 0.138531 -0.030352 -0.110419
v 0.140032 -0.034956 -0.128260
v 0.143498 -0.019326 -0.132105
v 0.135083 -0.040470 -0.106677
v 0.145622 -0.020966 -0.162405
v 0.150729 -0.001751 -0.163366
v 0.147032 -0.000163 -0.136154
v 0.141943 -0.037258 -0.160707
v 0.143936 -0.038024 -0.192065
v 0.148455 -0.020616 -0.193257
v 0.149909 -0.021545 -0.216708
v 0.155130 -0.003518 -0.219648
v 0.154670 -0.002157 -0.193922
v 0.145361 -0.039041 -0.212727
v 0.146065 -0.041715 -0.226105
v 0.151380 -0.025769 -0.232426
v 0.150590 -0.030402 -0.241144
v 0.157207 -0.011305 -0.248780
v 0.155808 -0.005887 -0.237114
v 0.144804 -0.045422 -0.234753
v 0.142058 -0.049322 -0.241693
v 0.147984 -0.034518 -0.247838
v 0.145924 -0.038623 -0.254143
v 0.151083 -0.022258 -0.263557
v 0.154566 -0.017476 -0.256972
v 0.138553 -0.051832 -0.247292
v 0.132172 -0.050130 -0.248099
v 0.138366 -0.038550 -0.257341
v 0.144773 -0.023580 -0.268279
v 0.125743 -0.047851 -0.248304
v 0.126845 -0.044019 -0.239029
v 0.126898 -0.041779 -0.228454
v 0.126251 -0.040554 -0.214968
v 0.130452 -0.028801 -0.217779
v 0.125051 -0.039271 -0.194027
v 0.128711 -0.027930 -0.195298
v 0.132253 -0.014267 -0.196550
v 0.134573 -0.014275 -0.219954
v 0.133620 0.007834 -0.197479
v 0.135750 0.007498 -0.220466
v 0.130308 0.022461 -0.197182
v 0.131730 0.023303 -0.217684
v 0.132322 0.025251 -0.231454
v 0.128052 0.034884 -0.214456
v 0.128376 0.037053 -0.225751
v 0.127653 0.041013 -0.233266
v 0.132135 0.028914 -0.240909
v 0.126642 0.046013 -0.239040
v 0.131806 0.032332 -0.247541
v 0.126616 0.051953 -0.243638
v 0.131288 0.036413 -0.252891
v 0.137237 0.017342 -0.264745
v 0.141510 0.002425 -0.273263
v 0.134608 0.039990 -0.254787
v 0.139529 0.021100 -0.269234
v 0.143028 0.007471 -0.277637
v 0.146751 -0.000298 -0.283272
v 0.143144 -0.006424 -0.280799
v 0.145311 0.023548 -0.269796
v 0.148480 0.010988 -0.278920
v 0.150435 0.023409 -0.268403
v 0.153537 0.012731 -0.278268
v 0.152791 0.018892 -0.264153
v 0.155695 0.009407 -0.274447
v 0.154778 0.014124 -0.260292
v 0.157022 0.004959 -0.270724
v 0.157762 -0.002102 -0.278370
v 0.153267 -0.005748 -0.284588
v 0.158520 0.000237 -0.267267
v 0.156777 -0.007113 -0.274740
v 0.151324 -0.010423 -0.280598
v 0.154775 -0.013030 -0.270185
v 0.148665 -0.015779 -0.275808
v 0.158129 -0.006773 -0.263151
v 0.157746 0.009471 -0.257164
v 0.159561 0.001814 -0.253647
v 0.153725 0.020881 -0.242077
v 0.155317 0.010040 -0.238694
v 0.148210 0.030313 -0.221833
v 0.152110 0.014807 -0.220287
v 0.144854 0.034419 -0.196944
v 0.150708 0.016828 -0.194798
v 0.142566 0.034658 -0.168393
v 0.147671 0.017673 -0.166148
v 0.140614 0.033950 -0.142311
v 0.144901 0.018976 -0.139736
v 0.139341 0.031397 -0.120461
v 0.143745 0.018257 -0.119548
v 0.140197 0.027438 -0.102997
v 0.137486 0.041794 -0.120880
v 0.136318 0.036204 -0.102337
v 0.133688 0.050583 -0.121621
v 0.134630 0.051998 -0.145771
v 0.139048 0.044081 -0.143852
v 0.140630 0.045210 -0.170623
v 0.136177 0.052824 -0.171582
v 0.142100 0.046192 -0.199188
v 0.145195 0.041427 -0.222556
v 0.150971 0.028492 -0.244348
v 0.147732 0.034681 -0.247175
v 0.145377 0.040544 -0.250576
v 0.140365 0.041999 -0.253493
v 0.130442 0.053125 -0.238739
v 0.124903 0.045878 -0.222447
v 0.124411 0.044299 -0.212210
v 0.121851 0.052436 -0.212092
v 0.122586 0.054135 -0.221323
v 0.121286 0.059760 -0.213525
v 0.122397 0.060301 -0.221527
v 0.119904 0.051428 -0.192575
v 0.117620 0.059110 -0.195286
v 0.115521 0.057458 -0.171411
v 0.122917 0.043594 -0.194611
v 0.126603 0.033980 -0.195831
v 0.128758 0.020787 -0.174596
v 0.131528 0.007323 -0.174422
v 0.129579 0.005926 -0.156154
v 0.105185 0.000387 -0.175589
v 0.130382 -0.013474 -0.174255
v 0.127273 -0.026652 -0.174136
v 0.123980 -0.037874 -0.174200
v 0.083473 -0.004685 -0.183962
v 0.062215 -0.010938 -0.200310
v 0.062102 -0.007281 -0.191917
v 0.061571 -0.016749 -0.213355
v 0.037160 -0.018805 -0.217806
v 0.059439 -0.027113 -0.235353
v 0.038850 -0.030568 -0.237133
v 0.021275 -0.039951 -0.240611
v 0.037680 -0.036261 -0.260168
v 0.008431 -0.054212 -0.238318
v 0.001449 -0.069414 -0.234281
v -0.002744 -0.084953 -0.226509
v -0.002120 -0.101383 -0.215402
v 0.009397 -0.119684 -0.228929
v 0.006267 -0.115360 -0.205084
v 0.019049 -0.126785 -0.196005
v 0.017086 -0.120484 -0.167515
v 0.033532 -0.132263 -0.190569
v 0.002133 -0.124399 -0.249343
v -0.010797 -0.114536 -0.273976
v -0.004981 -0.126609 -0.273387
v 0.004109 -0.136067 -0.275708
v -0.008827 -0.131341 -0.291725
v 0.020834 -0.142641 -0.278073
v 0.031264 -0.150449 -0.292167
v 0.031841 -0.159333 -0.313744
v 0.039902 -0.153469 -0.306078
v 0.049612 -0.145799 -0.294584
v 0.023274 -0.165343 -0.321609
v 0.032708 -0.159159 -0.337614
v 0.022305 -0.152837 -0.342932
v 0.026438 -0.148614 -0.367859
v 0.036451 -0.153584 -0.359037
v 0.011638 -0.161215 -0.329086
v 0.001571 -0.152078 -0.334530
v 0.011107 -0.145998 -0.350096
v -0.006869 -0.150582 -0.321465
v -0.014667 -0.138876 -0.327260
v -0.006971 -0.140860 -0.340080
v -0.010741 -0.142522 -0.307101
v -0.017550 -0.131271 -0.312042
v -0.021793 -0.118237 -0.316116
v -0.020565 -0.125735 -0.331225
v -0.014301 -0.120542 -0.294151
v -0.018455 -0.108401 -0.296869
v -0.021219 -0.094441 -0.299646
v -0.025442 -0.102564 -0.320567
v -0.015613 -0.101420 -0.276654
v -0.017924 -0.089246 -0.279781
v -0.014366 -0.074906 -0.282738
v -0.019232 -0.079209 -0.302641
v -0.009812 -0.063999 -0.305498
v -0.012155 -0.068000 -0.326805
v -0.021319 -0.085235 -0.324993
v -0.004639 -0.060610 -0.286181
v 0.005879 -0.049776 -0.289119
v 0.004005 -0.052758 -0.306875
v 0.018371 -0.045870 -0.307387
v 0.016498 -0.047214 -0.328187
v 0.002407 -0.056448 -0.326852
v 0.018880 -0.043064 -0.289672
v 0.034898 -0.041113 -0.289633
v 0.033485 -0.044416 -0.307867
v 0.036474 -0.037920 -0.275234
v 0.053424 -0.038573 -0.277024
v 0.050025 -0.042625 -0.293131
v 0.055977 -0.035568 -0.258844
v 0.072026 -0.043946 -0.259436
v 0.071035 -0.044691 -0.280526
v 0.078259 -0.030113 -0.232888
v 0.091960 -0.038621 -0.228144
v 0.088960 -0.052925 -0.259120
v 0.102636 -0.063984 -0.254141
v 0.103860 -0.069108 -0.279497
v 0.086803 -0.058658 -0.280500
v 0.102169 -0.050961 -0.224616
v 0.112178 -0.078572 -0.247788
v 0.116560 -0.092658 -0.243309
v 0.117678 -0.100014 -0.271127
v 0.113524 -0.085214 -0.275168
v 0.108750 -0.104298 -0.293989
v 0.105234 -0.088765 -0.297652
v 0.096492 -0.071549 -0.299291
v 0.080438 -0.062401 -0.295379
v 0.061837 -0.051115 -0.309214
v 0.065228 -0.049451 -0.295778
v 0.048134 -0.045451 -0.308762
v 0.062054 -0.047087 -0.328144
v 0.048348 -0.044507 -0.328193
v 0.033019 -0.044110 -0.328919
v 0.046643 -0.055626 -0.347553
v 0.032119 -0.053823 -0.346672
v 0.016690 -0.053457 -0.345827
v 0.032444 -0.062867 -0.361436
v 0.018714 -0.061779 -0.361203
v 0.006243 -0.065365 -0.360207
v 0.001230 -0.058642 -0.344651
v -0.004950 -0.076690 -0.355400
v -0.011623 -0.070841 -0.343087
v -0.014313 -0.093641 -0.350498
v -0.022076 -0.089049 -0.340703
v -0.017662 -0.112662 -0.347003
v -0.025803 -0.108760 -0.336035
v -0.016079 -0.129697 -0.345165
v -0.007121 -0.097327 -0.364450
v 0.002023 -0.082180 -0.370012
v 0.004915 -0.083644 -0.384643
v -0.004491 -0.098539 -0.381053
v -0.007148 -0.096638 -0.395222
v -0.008246 -0.093980 -0.407278
v -0.013497 -0.111648 -0.406123
v -0.009337 -0.095100 -0.415369
v -0.013749 -0.110035 -0.414867
v -0.011523 -0.124355 -0.416389
v -0.013034 -0.127502 -0.407150
v -0.009941 -0.140462 -0.420370
v -0.012215 -0.143680 -0.410459
v -0.002373 -0.153402 -0.422710
v -0.004350 -0.155522 -0.412278
v 0.007805 -0.161555 -0.421623
v 0.005914 -0.161939 -0.411698
v 0.019503 -0.167183 -0.419536
v 0.016837 -0.166098 -0.408962
v 0.015200 -0.163112 -0.400446
v 0.026538 -0.163246 -0.396869
v 0.023884 -0.159858 -0.389344
v 0.013682 -0.159153 -0.392364
v 0.024386 -0.154160 -0.382744
v 0.013825 -0.151715 -0.385794
v 0.017043 -0.143143 -0.381826
v 0.035874 -0.158953 -0.384924
v 0.034952 -0.156050 -0.376956
v 0.048189 -0.152945 -0.381135
v 0.038238 -0.161358 -0.392415
v 0.051507 -0.156598 -0.387296
v 0.064042 -0.146754 -0.382931
v 0.058714 -0.143314 -0.376695
v 0.074017 -0.137137 -0.379393
v 0.069301 -0.133400 -0.373159
v 0.080735 -0.127121 -0.378913
v 0.077030 -0.124619 -0.371846
v 0.076086 -0.122435 -0.363070
v 0.077166 -0.113876 -0.374410
v 0.076013 -0.110753 -0.364649
v 0.080366 -0.120430 -0.351317
v 0.085487 -0.118175 -0.335533
v 0.099331 -0.117343 -0.315916
v 0.094579 -0.127839 -0.310607
v 0.085953 -0.135741 -0.303239
v 0.111097 -0.117059 -0.291139
v 0.106356 -0.127960 -0.286800
v 0.096997 -0.138008 -0.281881
v 0.115153 -0.126670 -0.263328
v 0.104048 -0.136888 -0.260751
v 0.120588 -0.113704 -0.267560
v 0.075629 -0.102225 -0.377068
v 0.075049 -0.098015 -0.367239
v 0.072280 -0.089133 -0.379515
v 0.071718 -0.085029 -0.370515
v 0.063386 -0.079228 -0.382401
v 0.061266 -0.075972 -0.372816
v 0.059611 -0.071043 -0.360666
v 0.047747 -0.071985 -0.374317
v 0.046061 -0.066831 -0.360992
v 0.059773 -0.058628 -0.348378
v 0.034681 -0.068331 -0.375537
v 0.049600 -0.075049 -0.385088
v 0.036708 -0.071862 -0.387038
v 0.025871 -0.070812 -0.388418
v 0.022919 -0.068003 -0.375751
v 0.016299 -0.075320 -0.387682
v 0.012867 -0.073343 -0.373636
v 0.027964 -0.069557 -0.399698
v 0.039681 -0.068614 -0.396508
v 0.043116 -0.065797 -0.406190
v 0.030405 -0.067256 -0.409556
v 0.046410 -0.066644 -0.416672
v 0.057547 -0.070627 -0.402245
v 0.070908 -0.081812 -0.398780
v 0.052845 -0.071020 -0.391327
v 0.066484 -0.080720 -0.390128
v 0.076329 -0.090712 -0.387273
v 0.080509 -0.092082 -0.395320
v 0.084253 -0.106025 -0.391928
v 0.080591 -0.104637 -0.385028
v 0.081933 -0.116268 -0.381703
v 0.085850 -0.118166 -0.388207
v 0.088200 -0.119463 -0.394688
v 0.068060 -0.150220 -0.388262
v 0.054778 -0.159235 -0.393523
v 0.011751 -0.157401 -0.431319
v 0.024082 -0.161787 -0.428733
v 0.014027 -0.154069 -0.439575
v 0.002284 -0.146926 -0.437262
v -0.001095 -0.148389 -0.444590
v 0.001440 -0.149323 -0.430893
v -0.004850 -0.136495 -0.425826
v -0.006695 -0.134896 -0.431748
v -0.013123 -0.121244 -0.429062
v -0.017805 -0.121388 -0.436671
v -0.012621 -0.136350 -0.437931
v -0.010263 -0.121928 -0.422844
v -0.014134 -0.108859 -0.421686
v -0.016705 -0.108203 -0.428063
v -0.014661 -0.095414 -0.428353
v -0.020165 -0.095037 -0.436682
v -0.021417 -0.108064 -0.436273
v -0.011148 -0.095684 -0.421854
v -0.026641 -0.094880 -0.448042
v -0.027608 -0.108769 -0.447288
v -0.024257 -0.122411 -0.447293
v -0.033434 -0.109595 -0.462115
v -0.031430 -0.124370 -0.460611
v -0.022719 -0.139602 -0.461648
v -0.019021 -0.138179 -0.447556
v -0.009672 -0.152493 -0.466603
v -0.005724 -0.150136 -0.454864
v 0.005355 -0.160903 -0.473038
v -0.012659 -0.155411 -0.481378
v -0.028660 -0.142920 -0.477611
v -0.031488 -0.145777 -0.494835
v -0.012732 -0.156570 -0.496468
v -0.011957 -0.128441 -0.499326
v 0.000697 -0.136927 -0.499442
v 0.012536 -0.115575 -0.499415
v 0.022932 -0.122542 -0.499595
v -0.000295 -0.106005 -0.499268
v 0.005962 -0.090401 -0.498885
v 0.019458 -0.099158 -0.499102
v -0.015206 -0.093435 -0.499092
v -0.006198 -0.078533 -0.498581
v -0.030966 -0.080417 -0.498991
v -0.014404 -0.068273 -0.498381
v -0.000226 -0.062021 -0.497824
v 0.015543 -0.058678 -0.497719
v -0.016631 -0.067063 -0.485518
v -0.001262 -0.061036 -0.488033
v 0.015086 -0.057583 -0.489208
v 0.030489 -0.061693 -0.488080
v 0.032335 -0.061655 -0.495259
v -0.001704 -0.062210 -0.476371
v 0.013434 -0.059922 -0.479648
v 0.027297 -0.062291 -0.479705
v -0.002342 -0.064915 -0.462045
v -0.015106 -0.069325 -0.470928
v -0.010240 -0.073092 -0.455883
v -0.004620 -0.075360 -0.443329
v 0.000729 -0.068597 -0.447810
v -0.018581 -0.083054 -0.451054
v -0.011658 -0.084301 -0.439397
v -0.026740 -0.080082 -0.465870
v -0.032338 -0.094988 -0.463538
v -0.029582 -0.080118 -0.483568
v 0.034415 -0.092120 -0.499134
v 0.030194 -0.104751 -0.499340
v 0.042729 -0.096325 -0.496352
v 0.037884 -0.109341 -0.495358
v 0.030672 -0.127913 -0.495693
v 0.045658 -0.114021 -0.490510
v 0.039429 -0.133548 -0.491842
v 0.057296 -0.119127 -0.494712
v 0.050712 -0.139083 -0.496405
v 0.074574 -0.123312 -0.499183
v 0.069490 -0.145553 -0.499366
v 0.064726 -0.164525 -0.499414
v 0.097134 -0.169838 -0.499487
v 0.094602 -0.184405 -0.499484
v 0.061047 -0.178419 -0.499489
v 0.093204 -0.195225 -0.499470
v 0.058484 -0.188644 -0.499393
v 0.092742 -0.203613 -0.499395
v 0.058155 -0.194389 -0.491472
v 0.093436 -0.205612 -0.490151
v 0.060972 -0.192369 -0.479966
v 0.095204 -0.202237 -0.482233
v 0.065151 -0.188388 -0.469817
v 0.096296 -0.196897 -0.475265
v 0.069410 -0.186290 -0.458843
v 0.057010 -0.175795 -0.442634
v 0.073320 -0.184846 -0.448847
v 0.062327 -0.172994 -0.434010
v 0.056470 -0.162391 -0.427695
v 0.049499 -0.166632 -0.432643
v 0.051999 -0.155211 -0.424032
v 0.045792 -0.159366 -0.428090
v 0.063877 -0.156990 -0.422384
v 0.060000 -0.149900 -0.419181
v 0.073566 -0.150845 -0.416957
v 0.070925 -0.144511 -0.413420
v 0.068193 -0.165732 -0.429431
v 0.076031 -0.157929 -0.423944
v 0.078255 -0.180043 -0.441035
v 0.084220 -0.170736 -0.435550
v 0.101478 -0.192955 -0.455994
v 0.098637 -0.195913 -0.465003
v 0.129258 -0.194725 -0.473328
v 0.129777 -0.191532 -0.463742
v 0.150286 -0.184513 -0.476456
v 0.148375 -0.181989 -0.466645
v 0.164124 -0.172843 -0.475694
v 0.160583 -0.170502 -0.466759
v 0.155495 -0.165771 -0.455405
v 0.143960 -0.155576 -0.445349
v 0.131666 -0.125246 -0.444569
v 0.126676 -0.141840 -0.435147
v 0.113253 -0.114108 -0.437861
v 0.107815 -0.132279 -0.429022
v 0.099358 -0.109220 -0.429849
v 0.096176 -0.125642 -0.420766
v 0.089481 -0.104870 -0.424115
v 0.089204 -0.119628 -0.415339
v 0.096254 -0.095771 -0.443848
v 0.084715 -0.092408 -0.437758
v 0.090713 -0.089940 -0.459165
v 0.078101 -0.087378 -0.451149
v 0.087197 -0.086989 -0.470599
v 0.072890 -0.084716 -0.462621
v 0.085123 -0.085407 -0.479164
v 0.110235 -0.088998 -0.476417
v 0.110626 -0.087286 -0.483821
v 0.110431 -0.087214 -0.490660
v 0.083047 -0.083766 -0.486434
v 0.109538 -0.088291 -0.496821
v 0.080406 -0.083725 -0.493919
v 0.107689 -0.093267 -0.498530
v 0.079842 -0.090371 -0.497143
v 0.105379 -0.101774 -0.498950
v 0.079393 -0.098400 -0.497989
v 0.077946 -0.107706 -0.498622
v 0.060004 -0.104343 -0.492814
v 0.048814 -0.099347 -0.490613
v 0.137229 -0.106599 -0.499213
v 0.132515 -0.112152 -0.499314
v 0.148983 -0.134471 -0.499453
v 0.143339 -0.099682 -0.497287
v 0.142943 -0.099508 -0.491086
v 0.142079 -0.100228 -0.483983
v 0.162720 -0.125415 -0.484338
v 0.158750 -0.126663 -0.479414
v 0.167606 -0.144476 -0.476903
v 0.172743 -0.144782 -0.483437
v 0.139428 -0.104359 -0.478497
v 0.136796 -0.108514 -0.471441
v 0.110292 -0.092243 -0.466796
v 0.112921 -0.098603 -0.452346
v 0.136330 -0.112417 -0.458904
v 0.169799 -0.158598 -0.475736
v 0.172519 -0.159398 -0.483011
v 0.167502 -0.174387 -0.483245
v 0.168674 -0.174180 -0.490529
v 0.169417 -0.173283 -0.497498
v 0.153305 -0.188387 -0.483285
v 0.155453 -0.190492 -0.490619
v 0.155995 -0.190985 -0.497326
v 0.152125 -0.185280 -0.499504
v 0.164369 -0.170363 -0.499555
v 0.128986 -0.201879 -0.487624
v 0.128848 -0.204729 -0.494612
v 0.127567 -0.199332 -0.498812
v 0.126645 -0.190473 -0.499442
v 0.125940 -0.179146 -0.499569
v 0.125037 -0.163928 -0.499562
v 0.129303 -0.197825 -0.480797
v 0.131645 0.041070 -0.019034
v 0.134698 0.038641 -0.007985
v 0.129344 0.042909 -0.026942
v 0.117025 0.063102 -0.021733
v 0.120364 0.043671 -0.030082
v 0.118761 0.077902 0.048203
v 0.111247 0.087052 0.055762
v 0.119223 -0.045486 -0.033911
v 0.117399 -0.046082 -0.040232
v 0.121434 -0.034035 -0.042234
v 0.118854 -0.035434 -0.048106
v 0.121766 -0.025306 -0.049002
v 0.116585 -0.047070 -0.047172
v 0.119342 -0.048808 -0.051480
v 0.121584 -0.036525 -0.052612
v 0.109096 -0.063860 -0.049413
v 0.113883 -0.068227 -0.051673
v 0.124531 -0.050755 -0.053166
v 0.100581 -0.083464 -0.047179
v 0.083650 -0.093737 -0.042946
v 0.067279 -0.098890 -0.043023
v 0.048936 -0.099883 -0.040102
v 0.048438 -0.105803 -0.043040
v 0.028659 -0.091672 -0.036551
v 0.026589 -0.097169 -0.041763
v 0.025676 -0.101144 -0.048309
v 0.123257 -0.026594 -0.052218
v 0.125186 -0.013084 -0.052055
v 0.121719 -0.013980 -0.052350
v 0.121366 -0.014182 -0.051675
v 0.132170 -0.015586 -0.054425
v 0.135737 -0.004612 -0.054822
v 0.135752 -0.004437 -0.051510
v 0.135906 0.005570 -0.054755
v 0.131921 -0.004639 -0.048497
v 0.127148 -0.004433 -0.049698
v 0.127913 0.001096 -0.049407
v 0.071149 -0.141937 -0.129669
v -0.020182 0.110467 -0.162475
v -0.021797 0.100959 -0.165719
v -0.021553 0.098015 -0.157845
v -0.013149 0.090900 -0.150336
v 0.055475 -0.113515 0.011555
v 0.049960 -0.113092 0.021509
v 0.067602 -0.112826 0.020977
v 0.061873 -0.112738 0.031138
v 0.079727 -0.108447 0.034035
v 0.073037 -0.110124 0.042351
v 0.084208 -0.104589 0.056305
v 0.079284 -0.108384 0.061743
v -0.031905 -0.106172 0.058435
v -0.020902 -0.110411 0.045118
v 0.007681 -0.142190 -0.182139
v -0.002266 -0.098504 -0.150910
v 0.025368 -0.071871 -0.451300
v 0.023507 -0.076476 -0.435568
v 0.050388 -0.140798 -0.174726
v 0.035566 -0.146184 -0.181610
v 0.033984 -0.163756 -0.179529
v 0.114881 0.053275 -0.160358
v 0.124900 0.018773 -0.052261
v 0.051581 0.188046 0.054266
v 0.115750 0.089648 0.260688
v 0.159796 0.027941 0.204964
v 0.137633 0.050730 0.184909
v 0.135047 0.053720 0.187459
v 0.112609 0.066187 -0.163126
v 0.004807 -0.107082 -0.159313
v 0.137008 0.049325 0.176812
v 0.112710 0.092276 0.261562
v 0.067651 -0.161590 0.035638
v 0.064120 -0.166960 0.040352
v 0.064110 -0.170123 0.038066
v 0.061592 -0.169915 0.044933
v 0.061528 -0.175114 0.040110
v 0.060232 -0.171245 0.048121
v 0.060111 -0.177752 0.041034
v 0.058857 -0.172808 0.050979
v 0.058857 -0.180045 0.041830
v 0.057544 -0.174708 0.053039
v 0.057657 -0.182181 0.042825
v 0.056026 -0.176861 0.055503
v 0.056886 -0.183567 0.043467
v 0.055113 -0.178189 0.056823
v 0.056125 -0.185283 0.044151
v 0.053627 -0.180569 0.058105
v 0.055230 -0.187391 0.044968
v 0.052505 -0.182486 0.058609
v 0.054230 -0.188433 0.045548
v 0.052559 -0.181760 0.060731
v 0.052855 -0.189669 0.046296
v 0.120654 0.015511 -0.053573
v 0.123204 0.012263 -0.052760
v 0.124198 0.020991 -0.052558
v 0.126678 0.014726 -0.051654
v 0.121741 0.017192 -0.053261
v 0.122768 0.016103 -0.052916
v 0.121466 0.014477 -0.053314
v 0.122271 0.013451 -0.053057
v 0.123598 0.014858 -0.052635
v 0.124499 0.013182 -0.052348
v 0.125092 0.018733 -0.052232
v 0.123922 0.017944 -0.052587
v 0.122908 0.018996 -0.052927
v 0.125576 0.013945 -0.052005
v 0.124689 0.015867 -0.052304
v 0.125907 0.016675 -0.051935
v 0.118333 -0.018991 -0.052315
v 0.118369 -0.017547 -0.052368
v 0.119522 -0.018017 -0.052179
v 0.122468 -0.008557 -0.052051
v 0.118595 -0.009025 -0.052650
v 0.118758 -0.005223 -0.052671
v 0.122908 -0.005957 -0.052019
v 0.127032 -0.006879 -0.051445
v 0.126133 -0.010369 -0.051442
v 0.123757 -0.002717 -0.052382
v 0.127798 -0.003602 -0.051822
v 0.124664 0.000708 -0.052385
v 0.128569 -0.000298 -0.052202
v 0.119726 -0.001658 -0.052624
v 0.120851 0.001689 -0.052563
v 0.138894 0.051447 0.189331
v 0.137156 0.048566 0.183795
v 0.135623 0.053907 0.190984
v 0.135129 0.054354 0.187084
v 0.138106 0.050140 0.186819
v 0.137365 0.051396 0.187105
v 0.137999 0.052120 0.189783
v 0.136405 0.050712 0.185015
v 0.137130 0.052774 0.190222
v 0.136666 0.053013 0.187836
v 0.135352 0.054152 0.188843
v 0.135687 0.052761 0.186179
v 0.131279 0.057841 0.186743
v 0.135639 0.054162 0.187606
v 0.130209 0.058633 0.180265
v 0.133965 0.052611 0.182065
v 0.132020 0.056310 0.184881
v 0.130970 0.058070 0.184874
v 0.135034 0.053602 0.185604
v 0.133390 0.054962 0.185232
v 0.133988 0.055555 0.187279
v 0.130614 0.058334 0.182717
v 0.131651 0.056601 0.182764
v 0.131512 0.056544 0.180889
v 0.132813 0.054457 0.181513
v 0.132880 0.054623 0.183314
v 0.134476 0.053084 0.183756
v 0.131487 0.057768 0.186540
v 0.129660 0.058016 0.180568
v 0.135565 0.053779 0.187937
v 0.133884 0.052390 0.181977
v 0.132639 0.056668 0.186973
v 0.132361 0.056336 0.184834
v 0.130908 0.057847 0.184649
v 0.130311 0.057928 0.182695
v 0.131792 0.056235 0.182855
v 0.131223 0.055934 0.181090
v 0.134943 0.053266 0.185733
v 0.133771 0.054848 0.185374
v 0.134097 0.055216 0.187434
v 0.132570 0.054139 0.181539
v 0.133125 0.054517 0.183385
v 0.134383 0.052803 0.183748
v 0.063786 0.170167 0.042156
v 0.059360 0.178628 0.042425
v 0.058887 0.178151 0.044193
v 0.061922 0.171754 0.044370
v 0.058336 0.177595 0.046251
v 0.060211 0.173210 0.046403
v 0.057788 0.177042 0.048300
v 0.058569 0.174607 0.048353
v 0.056906 0.177133 0.049980
v 0.057303 0.175389 0.050222
v 0.055891 0.177344 0.051738
v 0.056205 0.176026 0.051896
v 0.055575 0.177410 0.052284
v 0.048829 0.184296 0.060237
v 0.049842 0.186433 0.055478
v 0.049680 0.183478 0.059253
v 0.048845 0.185573 0.059310
v 0.114796 0.052403 -0.163027
v 0.114316 0.054227 -0.161249
v 0.114781 0.052305 -0.160526
v 0.114065 0.055184 -0.160316
v 0.114772 0.052250 -0.159102
v 0.113791 0.055998 -0.154134
v 0.113438 0.058402 -0.155294
v 0.113523 0.058800 -0.153272
v 0.113813 0.056617 -0.152692
v 0.114111 0.054369 -0.152095
v 0.114369 0.053457 -0.153490
v 0.085522 0.113975 -0.150367
v 0.087160 0.111068 -0.145849
v 0.088741 0.110243 -0.150390
v 0.086999 0.113664 -0.152254
v 0.085269 0.115937 -0.154318
v 0.082795 0.116281 -0.153579
v 0.090262 0.106989 -0.144219
v 0.091634 0.106673 -0.147953
v 0.093825 0.102544 -0.143539
v 0.094301 0.103084 -0.146135
v 0.098573 0.097930 -0.144102
v 0.097876 0.099837 -0.146068
v 0.093400 0.101848 -0.139874
v 0.099177 0.096278 -0.142399
v 0.089350 0.107030 -0.139263
v 0.085000 0.112380 -0.138585
v 0.114245 -0.059823 -0.156234
v 0.114149 -0.058584 -0.160636
v 0.115490 -0.052725 -0.158303
v 0.114200 -0.057299 -0.159690
v 0.114311 -0.057226 -0.159525
v 0.114140 -0.058457 -0.161086
v 0.115236 -0.053624 -0.157471
v 0.114747 -0.055357 -0.158476
v 0.114824 -0.055086 -0.159019
v 0.115055 -0.054264 -0.156879
v 0.114672 -0.055626 -0.158109
v 0.114335 -0.057102 -0.159436
v 0.114631 -0.055962 -0.157809
v 0.114411 -0.057172 -0.159164
v 0.114156 -0.058674 -0.160317
v 0.114146 -0.058543 -0.160783
v 0.114388 -0.057539 -0.158756
v 0.114168 -0.058820 -0.159799
v 0.114184 -0.059037 -0.159027
v 0.114484 -0.057270 -0.157669
v 0.114432 -0.057763 -0.157495
v 0.114199 -0.059223 -0.158367
v 0.114226 -0.059578 -0.157107
v 0.114418 -0.058578 -0.155933
v 0.114399 -0.058742 -0.155920
v 0.114222 -0.059525 -0.157293
v 0.114331 -0.059301 -0.155876
v 0.114233 -0.059664 -0.156800
v 0.114532 -0.057642 -0.156007
v 0.114674 -0.056466 -0.156100
v 0.114569 -0.056554 -0.157741
v 0.114761 -0.055748 -0.156157
v 0.114858 -0.054966 -0.156230
v 0.076910 -0.115733 -0.143332
v 0.079557 -0.116397 -0.149340
v 0.081362 -0.112516 -0.144298
v 0.078491 -0.112611 -0.139343
v 0.073860 -0.116169 -0.139391
v 0.075336 -0.115797 -0.140264
v 0.085051 -0.115200 -0.156445
v 0.087897 -0.111593 -0.154202
v 0.083414 -0.108663 -0.140113
v 0.082899 -0.118232 -0.158548
v 0.091712 -0.107839 -0.152698
v 0.087799 -0.105393 -0.141418
v 0.095611 -0.103029 -0.149546
v 0.093952 -0.100696 -0.143414
v 0.100621 -0.096181 -0.145567
v -0.003228 -0.099558 -0.148600
v -0.003302 -0.099022 -0.146796
v -0.004236 -0.098179 -0.147213
v -0.003989 -0.098852 -0.148968
v -0.003833 -0.099431 -0.150721
v -0.003316 -0.100245 -0.150181
v -0.007636 -0.096939 -0.158507
v -0.005286 -0.099624 -0.157742
v -0.005250 -0.099179 -0.156077
v -0.007401 -0.096702 -0.156398
v -0.005327 -0.098616 -0.154450
v -0.007206 -0.096504 -0.154642
v -0.005378 -0.098185 -0.152839
v -0.007147 -0.096105 -0.153182
v -0.005439 -0.097783 -0.151190
v -0.007090 -0.095663 -0.151616
v -0.005557 -0.097319 -0.149543
v -0.007174 -0.094983 -0.149690
v -0.005830 -0.096693 -0.148098
v -0.008022 -0.093395 -0.147039
v -0.003672 -0.100009 -0.152452
v -0.003527 -0.100713 -0.154163
v -0.003641 -0.101216 -0.155630
v -0.001487 -0.104097 -0.154902
v -0.001858 -0.102975 -0.152893
v -0.003059 -0.100938 -0.150965
v -0.003919 -0.101519 -0.157259
v -0.002251 -0.103845 -0.156678
v -0.004276 -0.101917 -0.158753
v -0.003018 -0.103592 -0.158462
v -0.005994 -0.099631 -0.159151
v 0.013772 0.116792 -0.142262
v 0.010006 0.113135 -0.144194
v 0.010006 0.112292 -0.139371
v 0.013636 0.115897 -0.137783
v 0.016942 0.120563 -0.144926
v 0.010717 0.114729 -0.149024
v 0.020822 0.123072 -0.138068
v 0.003981 0.107845 -0.148723
v 0.003914 0.107014 -0.145543
v 0.006693 0.108809 -0.140159
v -0.001164 0.103316 -0.151450
v -0.002398 0.100723 -0.146822
v -0.004598 0.099691 -0.154130
v -0.006481 0.096355 -0.152036
v -0.008685 0.093124 -0.151597
v -0.007278 0.093681 -0.144006
v -0.011420 0.089115 -0.151053
v -0.011930 0.087103 -0.140327
v -0.000759 0.105444 -0.156095
v -0.003042 0.103227 -0.159094
v 0.002357 0.108307 -0.155240
v -0.075330 0.073428 0.012844
v -0.074534 0.073502 0.009719
v -0.077486 0.073320 0.007761
v -0.077747 0.073260 0.014010
v -0.073154 0.073588 0.017559
v -0.072516 0.073627 0.014315
v -0.071949 0.073662 0.011433
v -0.080244 0.073089 0.014843
v -0.073884 0.073544 0.021266
v -0.080968 0.073106 0.005453
v -0.043084 0.145817 0.049120
v -0.038987 0.156481 0.052500
v -0.042768 0.150286 0.044833
v -0.039241 0.157918 0.048912
v -0.042286 0.148725 0.049576
v -0.042346 0.149790 0.047814
v -0.042915 0.148205 0.046828
v -0.039118 0.157219 0.050659
v -0.039865 0.155607 0.050106
v -0.039811 0.154962 0.051667
v -0.042132 0.151597 0.045867
v -0.040037 0.156077 0.048542
v -0.040746 0.154454 0.048122
v -0.040741 0.153890 0.049398
v -0.041594 0.152016 0.048648
v -0.041534 0.151467 0.050006
v -0.040697 0.153332 0.050773
v -0.041459 0.152983 0.046961
f 1 383 384 385
f 387 388 383 1
f 1 385 386 387
f 2 389 390 391
f 2 391 392 393
f 2 393 394 389
f 3 395 396 397
f 3 397 4 398
f 3 398 8 399
f 4 400 401 398
f 402 403 404 405
f 4 397 406 407
f 4 407 404 400
f 5 408 409 13
f 5 410 411 408
f 5 13 412 413
f 5 413 414 410
f 6 415 416 7
f 6 417 12 418
f 6 418 419 420
f 6 420 403 415
f 6 7 421 417
f 7 416 422 421
f 8 423 424 425
f 8 398 401 426
f 8 426 427 423
f 9 428 429 430
f 9 431 432 428
f 9 430 433 431
f 10 434 435 436
f 10 436 437 438
f 10 439 440 434
f 11 441 17 442
f 11 442 443 444
f 11 444 445 441
f 12 446 447 448
f 12 449 450 418
f 12 448 451 449
f 12 417 452 446
f 13 409 453 412
f 14 454 455 456
f 14 457 458 454
f 14 459 452 457
f 14 460 461 459
f 15 462 463 464
f 15 18 465 462
f 15 464 466 467
f 15 468 469 18
f 16 470 471 472
f 16 472 473 474
f 16 474 475 476
f 16 476 477 470
f 17 478 479 442
f 17 480 481 478
f 17 482 483 480
f 17 441 484 482
f 18 469 485 465
f 19 486 469 468
f 19 487 488 486
f 19 489 490 487
f 19 468 491 492
f 19 492 493 489
f 20 494 495 496
f 20 496 497 498
f 20 490 489 499
f 20 499 500 494
f 21 501 502 503
f 21 503 504 505
f 21 505 506 501
f 22 352 507 394
f 22 508 509 352
f 22 394 393 508
f 23 510 511 512
f 23 512 513 514
f 23 515 516 510
f 24 517 25 518
f 24 518 519 520
f 24 520 521 522
f 25 517 523 524
f 25 524 525 518
f 26 526 527 528
f 26 528 529 530
f 26 531 532 526
f 26 189 533 531
f 26 530 534 189
f 27 535 536 425
f 27 425 424 537
f 27 538 539 535
f 27 537 540 538
f 28 541 539 538
f 28 542 543 541
f 28 538 540 542
f 29 544 545 546
f 29 546 547 548
f 29 548 549 550
f 30 551 552 553
f 30 553 554 185
f 30 185 555 551
f 31 550 549 556
f 31 32 557 558
f 31 558 559 550
f 31 556 560 561
f 31 561 562 32
f 32 563 564 557
f 565 566 567 33
f 32 562 565 33
f 33 567 568 32
f 34 569 570 571
f 34 571 572 573
f 34 573 574 575
f 34 576 577 569
f 34 575 578 576
f 35 38 579 36
f 35 580 581 38
f 35 582 583 580
f 35 36 584 585
f 35 585 586 582
f 36 579 587 584
f 589 590 591 592
f 37 40 593 594
f 37 595 44 40
f 591 590 596 595
f 38 581 597 579
f 39 592 597 581
f 39 581 580 588
f 40 44 598 593
f 41 599 600 601
f 41 602 603 599
f 41 601 604 602
f 42 605 606 607
f 42 43 608 609
f 42 609 610 605
f 44 595 596 611
f 44 612 613 598
f 44 611 614 612
f 45 615 616 617
f 45 46 48 615
f 45 617 618 46
f 46 619 620 621
f 46 621 622 48
f 46 618 623 619
f 47 48 624 625
f 47 625 626 627
f 47 628 615 48
f 47 629 630 628
f 47 627 631 629
f 48 622 632 624
f 49 51 633 634
f 49 634 636 635
f 50 639 640 641
f 50 642 643 639
f 50 641 644 642
f 51 645 646 633
f 51 647 648 645
f 52 55 54 649
f 651 652 55 52
f 52 649 650 651
f 53 653 654 54
f 54 655 631 53
f 54 55 652 655
f 56 628 630 656
f 56 656 657 616
f 56 616 615 628
f 57 658 659 59
f 58 660 661 662
f 58 663 664 665
f 58 666 667 663
f 58 662 668 666
f 59 659 669 670
f 59 670 671 672
f 60 71 673 674
f 60 675 676 71
f 60 677 678 675
f 61 679 680 681
f 61 681 682 683
f 61 683 684 685
f 61 685 686 687
f 61 687 688 679
f 62 689 690 691
f 62 691 692 693
f 62 693 694 689
f 63 691 690 695
f 63 695 696 697
f 63 698 692 691
f 64 689 694 699
f 64 700 690 689
f 64 699 701 700
f 65 702 703 704
f 65 704 705 706
f 65 706 707 702
f 66 708 68 709
f 66 710 711 712
f 66 709 67 710
f 67 713 70 714
f 67 714 715 710
f 68 708 716 717
f 69 719 720 721
f 69 722 713 719
f 69 721 723 722
f 70 713 722 724
f 70 724 725 714
f 71 676 726 673
f 72 727 712 728
f 72 728 729 730
f 72 730 731 701
f 73 732 733 734
f 73 734 735 736
f 73 736 737 732
f 74 738 739 740
f 75 742 743 744
f 75 745 746 742
f 75 744 747 745
f 76 748 749 750
f 76 750 735 734
f 77 78 751 752
f 77 752 753 754
f 77 755 756 757
f 77 754 749 755
f 77 757 758 78
f 78 758 759 751
f 760 761 762 79
f 79 763 764 765
f 79 765 766 760
f 80 767 768 769
f 80 770 771 772
f 80 772 773 767
f 81 774 775 776
f 778 779 774 81
f 81 776 777 778
f 82 780 781 782
f 82 782 783 784
f 82 784 785 780
f 83 786 787 788
f 83 788 789 790
f 83 790 791 786
f 84 792 793 794
f 84 794 795 796
f 84 796 797 792
f 85 798 799 86
f 801 802 798 85
f 85 86 800 801
f 86 803 804 805
f 86 805 806 800
f 87 807 808 809
f 87 810 811 807
f 87 809 812 810
f 88 813 814 815
f 88 816 817 813
f 88 818 799 816
f 819 820 821 822
f 89 823 90 824
f 89 825 826 823
f 89 824 827 825
f 90 823 828 829
f 90 829 830 824
f 91 832 833 834
f 91 834 835 836
f 92 826 837 838
f 92 839 840 828
f 92 828 823 826
f 93 841 842 831 91
f 93 91 843 841
f 94 825 827 844
f 94 844 845 846
f 94 847 848 837
f 94 837 826 825
f 94 846 849 847
f 95 96 850 851
f 95 852 853 854
f 95 855 97 852
f 96 856 857 850
f 96 858 859 856
f 97 855 860 861
f 97 861 100 862
f 104 863 103 864
f 97 104 864 852
f 98 865 866 867
f 98 868 869 865
f 98 867 870 871
f 99 539 541 872
f 99 872 873 874
f 99 874 875 876
f 100 877 878 879
f 100 879 880 862
f 101 863 881 882
f 101 882 102 883
f 101 883 103 863
f 102 884 885 883
f 102 882 886 887
f 102 888 889 884
f 102 887 890 888
f 103 891 892 893
f 103 883 885 891
f 104 97 881 863
f 105 894 895 896
f 105 897 898 899
f 105 899 900 894
f 106 901 107 902
f 106 903 904 905
f 106 902 906 903
f 107 907 117 902
f 107 901 908 907
f 108 109 909 910
f 108 911 912 109
f 108 910 913 911
f 109 912 914 909
f 110 915 916 917
f 110 917 918 919
f 110 919 920 921
f 111 922 923 924
f 111 925 926 922
f 111 924 927 925
f 112 928 929 930
f 112 889 931 932
f 112 933 934 928
f 112 932 935 933
f 113 934 933 936
f 113 939 940 934
f 114 941 942 943
f 114 943 944 945
f 114 945 916 915
f 115 946 947 948
f 115 948 949 950
f 116 951 952 953
f 116 953 954 955
f 116 956 957 951
f 117 958 959 960
f 117 907 961 958
f 117 960 962 963
f 117 963 906 902
f 118 964 965 119
f 118 119 966 967
f 119 968 969 970
f 119 965 971 968
f 120 972 973 974
f 120 975 276 976
f 120 976 977 972
f 121 978 979 276
f 121 276 980 981
f 121 981 982 978
f 122 123 983 984
f 122 985 986 123
f 122 984 987 985
f 123 986 988 989
f 123 989 990 991
f 123 991 992 983
f 124 993 994 995
f 124 996 125 997
f 124 997 998 993
f 124 995 999 1000
f 124 1000 1001 996
f 125 1002 1003 997
f 125 1004 1005 1002
f 125 996 1006 126
f 125 126 1007 1004
f 126 1006 1008 1009
f 126 1009 1010 1011
f 126 1011 1012 1007
f 127 1013 1014 1015
f 127 1016 1017 1013
f 127 1015 1018 1016
f 128 1019 1020 1021
f 128 1021 1022 1023
f 128 1023 1024 1019
f 129 1025 1026 1027
f 129 1027 1028 1029
f 129 1029 1030 1025
f 130 1031 1018 1032
f 130 1033 1028 1031
f 130 1032 1022 1033
f 131 1034 1035 133
f 131 132 1036 1034
f 131 133 134 1037
f 131 1037 1038 1039
f 131 1039 1040 132
f 132 1040 1041 1036
f 133 1043 1042 134
f 135 1044 1045 1046
f 135 1046 1047 1048
f 135 1048 1049 1044
f 136 1050 1051 1052
f 136 1052 1053 1054
f 136 1054 1055 1050
f 1056 1057 1058 1059
f 137 1060 1061 1062
f 137 1062 1063 1064
f 137 1064 1065 1060
f 138 1066 1067 1068
f 138 1069 1070 1066
f 138 1068 1071 1069
f 139 1063 1062 1072
f 139 1073 1074 1075
f 139 1075 1076 1063
f 139 1072 1077 1078
f 139 1078 1079 1073
f 140 1080 141 1081
f 140 1082 1083 1084
f 140 1084 1079 1080
f 141 142 1085 1086
f 141 1086 1087 1081
f 1082 1088 144 1089
f 1082 1090 1091 1083
f 1082 1089 1092 1090
f 140 1081 1088 1082
f 143 1093 1094 1095
f 143 1095 1096 1097
f 143 1098 1099 1093
f 143 1097 1100 1101
f 143 1101 1102 1098
f 1103 1104 1105 1099
f 144 1106 1107 1089
f 144 1088 1108 1106
f 145 1109 1110 1111
f 145 1111 1112 1113
f 145 1113 146 1114
f 145 1115 1116 1109
f 145 1114 1117 1115
f 146 1113 1118 1119
f 146 1119 1120 1114
f 147 1121 1122 1123
f 1125 148 1121 147
f 147 1123 1124 1125
f 148 1126 1127 1121
f 148 1128 1129 1126
f 149 1130 1131 1132
f 149 1133 1134 1130
f 149 1132 1135 1133
f 150 1136 1137 1138
f 150 1138 1139 1140
f 150 1140 1141 153
f 151 1139 1142 1143
f 151 1144 1140 1139
f 151 1143 1145 1144
f 152 1146 1147 1142
f 152 1142 1139 1138
f 152 1138 1137 1148
f 152 1148 1149 1150
f 152 1150 260 1146
f 153 1141 1151 1135
f 153 1135 1132 150
f 154 1152 1153 1154
f 154 1155 1156 1152
f 154 1157 1158 1155
f 154 1154 1159 1157
f 155 1160 1161 1162
f 155 1162 1163 1164
f 155 1164 1165 1160
f 156 1160 1165 1166
f 156 1167 1161 1160
f 156 1166 1168 158
f 156 158 1169 1170
f 156 1170 1171 1167
f 157 1172 1173 1174
f 157 1174 1166 1165
f 157 1175 1176 1172
f 158 1168 1177 1169
f 159 1182 1183 1184
f 159 160 1185 1182
f 160 159 1184 1186
f 160 1187 1188 1189
f 160 1186 1190 1187
f 160 1189 1191 1185
f 161 217 1192 162
f 161 162 1193 1194
f 161 1194 1195 1196
f 161 1196 1197 1198
f 161 1198 1199 217
f 162 1192 1200 1193
f 163 1201 1202 164
f 163 164 1203 1204
f 163 1204 1205 1201
f 164 1202 1206 1207
f 165 1208 1209 1210
f 165 1210 1211 1212
f 165 1212 1213 1208
f 166 1214 1215 1216
f 166 1217 1218 1214
f 166 1216 1206 1217
f 167 1219 1220 1221
f 167 1221 1222 1223
f 167 1223 1224 1219
f 168 1225 1226 1227
f 168 1227 1228 1229
f 168 1229 1230 1225
f 169 1231 1232 1233
f 169 1233 1234 1235
f 169 170 1236 1231
f 170 1237 1238 1236
f 170 169 1239 1237
f 171 173 1240 1241
f 171 1241 1242 1243
f 171 1244 172 173
f 172 1245 1240 173
f 172 1231 1236 1245
f 172 174 1232 1231
f 172 1244 1246 174
f 174 1246 1247 1232
f 175 1248 1249 1250
f 175 1250 1251 1252
f 176 1253 1254 1255
f 176 1255 1256 1257
f 176 1257 1258 1253
f 177 1259 1260 1261
f 177 1261 1262 1263
f 177 1263 1264 1265
f 177 1265 1266 1267
f 178 1268 1269 1270
f 178 1271 1272 1268
f 178 1270 1273 1271
f 179 1274 1275 1276
f 179 1276 1277 1273
f 179 1273 1270 1274
f 180 1278 1279 1280
f 180 1281 1282 1278
f 180 1280 1265 1264
f 180 1283 1284 1281
f 180 1264 1285 1283
f 181 1286 1287 1288
f 181 1288 1289 1290
f 181 1290 1291 1286
f 1292 191 182 1293
f 182 191 1294 1295
f 182 1295 1296 184
f 182 184 183 1297
f 182 1297 1298 1293
f 183 184 1299 1300
f 183 1300 1301 1297
f 184 1296 1302 1303
f 184 1303 1304 1299
f 185 554 1305 1306
f 185 1306 1307 1308
f 185 1308 1309 555
f 186 1310 1311 1312
f 186 1313 1314 1315
f 186 1315 1316 1317
f 186 1317 1318 1310
f 186 1312 1319 1313
f 187 1320 1321 1322
f 187 1323 1324 1320
f 187 1322 1325 1323
f 188 1326 1327 1328
f 188 1328 1329 1330
f 188 1330 1331 1326
f 189 534 1332 533
f 190 1333 1334 1335
f 190 1335 1336 1337
f 190 1337 1338 1339
f 190 1339 1340 1341
f 190 1341 1342 1333
f 191 1292 1343 1344
f 191 1344 1345 192
f 191 1346 1347 1294
f 191 192 1348 1346
f 194 1349 1350 1351
f 194 1351 1352 1353
f 194 1354 1355 1349
f 195 1356 1357 1358
f 195 1359 1360 1356
f 195 1358 1361 232
f 196 1362 1363 1364
f 196 1364 1365 1366
f 196 1367 1368 1362
f 197 1369 1370 1371
f 197 1371 1372 1373
f 197 1373 198 1374
f 198 1375 1376 1374
f 198 1373 1377 1375
f 199 1381 202 1382
f 199 1380 1383 1381
f 199 1384 1385 1378
f 199 1382 1386 1384
f 200 1387 1388 1389
f 200 1389 204 1390
f 200 1390 201 1387
f 201 1391 1392 1387
f 201 1390 1393 1391
f 202 1381 1394 1395
f 202 1395 1396 1397
f 202 1397 203 1398
f 202 1398 1399 1382
f 203 1397 1400 1401
f 203 1401 1402 1393
f 203 1393 1390 204
f 203 204 1389 1398
f 205 1403 1404 1405
f 205 1405 1406 1407
f 205 1408 1409 1403
f 205 1407 1410 1411
f 205 1411 1412 1408
f 206 1413 1414 1415
f 206 1415 1416 1417
f 206 1417 1355 1413
f 207 1418 1419 1420
f 207 1420 1421 1422
f 207 1423 1424 1425
f 207 1425 1426 1418
f 208 1427 1428 1429
f 208 1430 1431 1427
f 208 1429 1432 209
f 209 1433 1434 208
f 209 1432 1435 1433
f 210 1436 1437 1438
f 210 1439 1440 1436
f 210 226 1441 1439
f 211 212 1442 1443
f 211 1443 1444 1445
f 211 1445 1446 212
f 212 1447 1448 1442
f 212 1449 1450 1447
f 212 1446 1451 1449
f 213 1452 1453 1454
f 213 225 1455 1452
f 213 1454 1456 225
f 214 1457 1458 1459
f 214 1459 1460 1461
f 214 1461 1462 1463
f 215 1460 1464 1465
f 215 1465 1466 1467
f 215 1467 1461 1460
f 216 1468 1469 218
f 216 218 1470 217
f 216 217 1199 1468
f 217 1470 1471 1192
f 218 1469 1472 1473
f 218 1474 1466 1470
f 218 1473 1475 1474
f 219 1472 1476 1477
f 219 1477 1450 1449
f 219 1449 1451 1478
f 219 1478 1479 1480
f 219 1480 1473 1472
f 1481 1482 1483 220
f 1481 220 1484 1485
f 220 1483 1486 1484
f 221 1487 1479 1488
f 221 1488 1489 1490
f 221 1490 1453 1487
f 222 1491 1492 1493
f 222 1493 1494 223
f 222 223 1495 1491
f 223 1494 1496 1497
f 224 1498 1499 1500
f 224 1500 1501 1502
f 224 1502 1503 1498
f 225 1504 1463 1462
f 225 1456 1505 1504
f 226 210 1506 1507
f 226 1507 1508 1441
f 227 1509 1510 1511
f 227 1511 1512 1513
f 227 1513 1514 1515
f 227 1515 1516 1517
f 227 1517 1518 1509
f 228 1519 1514 1513
f 228 1513 1512 1520
f 228 1520 1521 1519
f 229 1522 1523 1524
f 229 1524 1525 1526
f 229 1526 1527 1522
f 230 1528 231 1529
f 230 1530 1531 1528
f 230 1529 1532 1530
f 231 1533 1534 1529
f 231 1528 1535 1533
f 233 1536 1537 1538
f 233 1539 1540 1536
f 233 234 1541 1539
f 233 1542 1543 234
f 233 1538 1544 1542
f 234 1543 1545 1541
f 235 1546 1547 1548
f 235 1548 1549 1550
f 235 1550 1551 1552
f 235 1553 1554 1546
f 235 1552 1555 1553
f 236 1370 1369 1556
f 236 1557 1558 1370
f 236 1556 1559 1557
f 237 1560 1561 1562
f 237 1562 1563 1564
f 237 1565 1566 1560
f 237 1369 197 1565
f 237 1564 1556 1369
f 238 1567 1568 1569
f 238 1569 1570 1571
f 239 1572 1573 1554
f 239 1554 1553 1574
f 240 243 1575 1576
f 240 1577 1578 1579
f 240 1579 1580 243
f 240 1581 1582 1577
f 240 1576 1583 1581
f 241 1584 1585 1586
f 241 1586 1587 1588
f 241 1589 1590 1584
f 242 1591 1592 1593
f 242 1594 1595 1591
f 242 1593 1596 1594
f 243 1597 1598 1575
f 243 1599 1600 1597
f 244 1601 1602 1603
f 244 1603 1604 247
f 244 247 1575 1598
f 246 1605 1606 1607
f 246 1607 1604 1603
f 246 1603 1602 1605
f 247 1604 1576 1575
f 248 1608 1609 1610
f 248 1611 1612 1608
f 248 1613 1614 1611
f 248 1610 1615 1616
f 248 1616 1617 1613
f 249 1618 1619 1620
f 249 1620 1621 1622
f 249 1622 1623 1618
f 250 1624 251 1625
f 250 1625 1626 1627
f 250 1628 1629 1624
f 251 1624 1630 1631
f 252 1630 1632 1633
f 252 1634 1631 1630
f 252 1633 1635 254
f 252 254 1636 255
f 252 255 253 1634
f 253 255 1637 1638
f 253 1638 1639 1634
f 255 1636 1642 1637
f 254 1641 1643 1636
f 256 1644 1645 1646
f 256 1646 1647 1648
f 256 1648 1649 1644
f 257 1650 1651 1652
f 257 1653 1654 1650
f 257 1655 1656 1653
f 257 1652 1657 1658
f 258 1659 1660 1661
f 258 1661 1658 1657
f 259 1662 272 1663
f 259 1664 1665 1662
f 259 1666 1667 1664
f 260 1668 1669 1146
f 260 1150 1670 1668
f 261 262 1671 1672
f 261 1673 1674 262
f 262 1674 1675 1676
f 262 1676 1677 1678
f 262 1678 1679 1671
f 263 1680 1681 1682
f 263 1683 1684 1680
f 263 1682 1685 1683
f 264 1686 1687 1688
f 264 1689 1690 1686
f 264 1688 1691 1689
f 265 1692 1693 1694
f 265 1695 1696 1692
f 265 1697 1698 1699
f 265 1694 1700 1697
f 266 1702 1703 1704
f 266 1704 1705 267
f 266 1706 1707 1708
f 266 267 1709 1706
f 267 1705 1710 1709
f 268 1711 1701 1712
f 268 1713 269 1711
f 269 1714 1715 1716
f 269 1713 1717 1714
f 269 1716 270 1718
f 269 1718 1696 1711
f 270 1716 1719 1720
f 270 1720 1721 1718
f 271 1722 1723 1724
f 271 1724 1725 1726
f 271 1726 1727 1728
f 271 1728 1729 1730
f 272 1662 1734 1735
f 272 1735 1736 1663
f 273 1737 1738 1739
f 273 1740 1741 1742
f 273 1739 1743 1740
f 273 1742 1744 1745
f 273 1745 1727 1737
f 274 1748 1749 1746
f 274 1750 1751 1752
f 275 1753 1754 1755
f 275 1755 1756 1757
f 275 1757 1758 1753
f 276 979 1759 976
f 276 975 1760 980
f 277 1761 1762 1763
f 277 1763 1764 1765
f 277 1765 1766 1761
f 278 1767 1768 1769
f 278 1770 1771 1767
f 278 1769 1772 1773
f 278 1773 1774 1770
f 279 1775 1772 1769
f 279 1769 1768 1776
f 279 1776 1777 1778
f 280 1779 1780 1781
f 280 1782 1783 1779
f 280 1781 1784 1782
f 281 1785 1786 1787
f 281 1788 1789 1785
f 281 1787 1790 1788
f 282 1791 1792 1793
f 282 1794 1795 1796
f 282 1796 1797 1791
f 282 1793 1798 1799
f 283 1800 1783 1782
f 283 1782 1784 1801
f 284 1802 1803 286
f 284 1804 1805 1802
f 284 1806 1807 1804
f 284 1808 1809 285
f 286 1803 1812 1810
f 287 1796 1795 1813
f 287 1813 1814 1815
f 287 1815 1615 1816
f 287 1817 1797 1796
f 288 1818 1819 1820
f 288 1820 1821 1822
f 288 1822 1823 1818
f 289 301 302 1824
f 289 1824 1825 1826
f 289 1827 1828 1829
f 289 1826 1830 1827
f 290 1832 1833 1831
f 290 1834 1835 1832
f 291 1836 1837 1838
f 291 1838 1839 1840
f 291 1840 1841 1836
f 292 293 1847 1848
f 292 1848 1849 305
f 292 305 304 293
f 293 300 1850 1851
f 293 1851 1852 1847
f 294 1853 1854 1855
f 294 1856 1857 1853
f 294 1855 1858 1859
f 294 1859 1860 1861
f 294 1861 1862 1856
f 295 1863 1850 300
f 295 300 303 1864
f 295 1865 1866 1863
f 296 1867 1868 1869
f 296 1870 1871 1867
f 296 1869 1872 1870
f 297 1873 1871 1870
f 297 1874 1875 1876
f 297 1876 1877 1873
f 297 1878 1879 1874
f 298 1880 299 1881
f 298 1882 1883 1880
f 298 1881 1884 1882
f 299 1880 1887 1885
f 299 1886 1871 1873
f 299 1873 1877 1881
f 300 293 1889 1890
f 300 1890 1891 303
f 301 289 1829 1892
f 301 1893 1894 302
f 302 1895 1896 1897
f 302 1897 1821 1824
f 303 1891 1898 1899
f 303 1899 1900 1901
f 290 1902 1903 1834
f 304 1904 1889 293
f 304 305 1849 1904
f 306 1905 1906 309
f 306 1907 1908 1909
f 306 309 1910 1907
f 307 1911 1912 1913
f 307 1913 1914 1915
f 307 1915 1916 1917
f 1918 1919 1920 1921
f 1918 1921 1908 1907
f 308 1922 1923 1924
f 308 1925 1919 1922
f 308 1924 1926 1925
f 309 1906 1927 1910
f 310 1928 1929 1930
f 310 1931 1932 1928
f 310 1930 1933 1934
f 310 1934 1935 1936
f 310 1936 1937 1931
f 311 1938 1939 1940
f 311 1941 1942 1912
f 311 1940 1943 1941
f 312 1944 1945 1946
f 312 1939 1938 1944
f 312 1946 1947 1939
f 313 1940 1939 1947
f 313 1948 1943 1940
f 313 1947 1949 1948
f 314 1950 322 1951
f 314 1952 1953 1950
f 314 1954 328 1955
f 314 1951 1956 1954
f 314 1955 1957 1952
f 315 1958 320 1959
f 315 1960 1961 1962
f 315 1962 1963 1964
f 316 1965 1966 1964
f 316 1967 1968 1965
f 316 1964 1963 1967
f 317 322 1950 320
f 317 320 1973 1974
f 317 1974 1975 322
f 318 1976 1977 1978
f 318 1978 319 1979
f 318 1979 1980 1976
f 319 1981 1982 1979
f 319 1978 1983 1981
f 320 1984 321 1973
f 320 1958 1985 1984
f 321 1984 329 1986
f 321 1986 1987 1973
f 322 1975 1989 323
f 322 323 1990 1951
f 323 1989 1991 1992
f 323 1993 1994 1990
f 323 1992 1995 1993
f 324 1996 1997 1998
f 324 1998 1999 2000
f 324 2001 2002 1996
f 325 2003 2004 2005
f 325 2005 2006 2007
f 325 2007 326 2003
f 326 2008 2009 2003
f 326 2010 2011 2008
f 326 2012 2013 2010
f 326 2007 2014 2012
f 327 2012 2014 2015
f 327 2016 2013 2012
f 327 2015 2017 2016
f 328 2018 2019 2020
f 328 2021 2022 1955
f 328 1954 2023 2018
f 329 1984 1985 2024
f 329 2025 2026 2027
f 329 2024 2028 2025
f 330 332 2029 2030
f 330 2030 2031 2032
f 330 2032 331 332
f 331 2032 2033 2034
f 331 2034 2035 332
f 332 2035 2036 2037
f 333 2038 2039 334
f 333 2040 2041 2038
f 333 334 2042 2040
f 334 2039 2043 2044
f 335 2027 2047 1988
f 336 2048 2049 2050
f 336 337 2051 2048
f 336 2050 2052 337
f 337 2052 2053 2054
f 337 2054 2055 2056
f 337 2056 2057 2051
f 338 2058 2059 354
f 338 354 2060 2061
f 338 2061 2062 2058
f 339 2063 2064 2065
f 339 2066 2067 2068
f 339 2068 2069 2063
f 2070 2071 2072 2073
f 340 2074 2075 2076
f 340 2077 2078 2079
f 340 2076 2080 2077
f 342 351 2081 344
f 342 344 2082 2083
f 342 2083 2084 351
f 343 2085 2083 2082
f 343 2086 2087 2085
f 343 2082 2088 2086
f 344 2081 2089 2090
f 344 2090 2091 2092
f 344 2092 2088 2082
f 345 2093 2094 2095
f 2097 2098 2093 345
f 345 2095 2096 2097
f 348 2099 2100 2098
f 348 2098 2101 2102
f 348 2102 2103 2104
f 346 663 667 2105
f 346 2106 2107 2108
f 346 2105 2109 2106
f 347 2110 2111 2112
f 347 2113 2114 2110
f 347 2112 2115 2113
f 348 2104 2116 2099
f 349 2117 2049 2048
f 349 2048 2051 2118
f 349 2118 2119 2117
f 350 2120 2102 2121
f 2123 2124 2120 350
f 350 2121 2122 2123
f 2125 2126 2127 2128
f 351 2129 2130 2131
f 351 2131 2132 2081
f 352 2133 2134 2135
f 352 509 2136 2133
f 352 2135 2137 507
f 353 355 2138 2060
f 353 2060 354 2139
f 353 2139 2140 355
f 354 2059 2141 2142
f 354 2142 2143 2139
f 355 2135 2134 2138
f 356 2144 2145 2146
f 356 2146 2147 2148
f 356 2148 2149 2144
f 357 2150 2151 363
f 358 2152 2153 2154
f 358 2154 2155 2156
f 358 2156 2157 359
f 358 359 360 2152
f 359 2157 2158 2159
f 2160 2161 2162 360
f 359 2159 2160 360
f 360 2162 2163 2152
f 361 2164 2165 2166
f 361 2167 1621 2168
f 361 2168 2169 2170
f 361 2170 2171 2164
f 361 2166 2172 2167
f 362 2173 2174 2175
f 362 2175 2176 2177
f 362 2178 2179 2173
f 363 2151 2180 2181
f 363 2181 2182 2183
f 364 2184 2185 2186
f 364 2187 2188 2184
f 364 2186 2189 2187
f 365 2190 2191 2192
f 365 2192 369 2193
f 365 2193 2194 2190
f 366 2195 367 2196
f 366 2197 2198 2195
f 366 2199 2200 2197
f 367 2201 2177 2176
f 367 2195 2202 2201
f 367 2203 2204 2196
f 367 2176 2205 2203
f 368 2206 2207 2208
f 368 2209 2210 2211
f 368 2212 2213 2209
f 368 2211 2214 2206
f 368 2215 2216 2212
f 369 2192 2218 2219
f 369 2219 2220 2193
f 370 2221 2222 2223
f 370 2224 2225 2226
f 370 2226 371 2221
f 371 2227 2228 2221
f 371 2226 2229 2227
f 372 2230 2231 2232
f 372 2233 2234 2230
f 372 2235 2236 2237
f 372 2232 2238 2235
f 373 2239 2240 2241
f 373 2242 2243 2239
f 373 2241 374 2242
f 374 2244 2245 2246
f 374 2246 2247 2248
f 374 2248 2249 2242
f 375 2216 2215 2250
f 375 2251 2252 2253
f 375 2253 2217 2216
f 376 2254 2255 2256
f 382 2258 2254 376
f 376 2256 2257 382
f 377 2259 2260 2261
f 377 2261 2262 2263
f 377 2263 2264 2265
f 377 2266 2267 2259
f 377 2265 2268 2266
f 378 2269 2270 2271
f 378 2271 2272 2273
f 378 2273 2274 2275
f 379 2276 2277 2278
f 379 2279 2280 2276
f 379 2278 2281 381
f 380 2282 2283 2284
f 380 2284 2285 2286
f 380 2287 2279 379
f 380 2286 2288 2287
f 380 379 381 2282
f 381 2281 2289 2282
f 382 2257 2249 2290
f 382 2290 2291 2258
f 2291 2292 2293 2294
f 2291 2294 2295 2258
f 2291 2290 2296 2292
f 2296 2290 2249 2248
f 2296 2248 2247 2297
f 2296 2297 2298 2292
f 2298 2299 2300 2301
f 2298 2301 2293 2292
f 2298 2297 2302 2299
f 2302 2297 2247 2303
f 2302 2303 2267 2266
f 2302 2266 2268 2299
f 2303 2247 2246 2304
f 2303 2304 2305 2267
f 2305 2306 2307 2308
f 2305 2308 2259 2267
f 2305 2304 2309 2306
f 2309 2310 2311 2306
f 2309 2304 2246 2245
f 2309 2245 2312 2310
f 2312 2313 2314 2310
f 2312 2245 2244 2315
f 2312 2315 2198 2313
f 2315 2244 2316 2202
f 2315 2202 2195 2198
f 2316 2244 374 2241
f 2316 2241 2240 2317
f 2316 2317 2201 2202
f 2317 2240 2318 2319
f 2317 2319 2177 2201
f 2319 2318 2148 2147
f 2319 2147 362 2177
f 2318 2240 2239 2320
f 2318 2320 2149 2148
f 2320 2239 2243 2321
f 2320 2321 2322 2149
f 2322 2323 2144 2149
f 2322 2321 2256 2324
f 2322 2324 2325 2323
f 2325 2252 2251 2323
f 2325 2324 2326 2327
f 2325 2327 2328 2252
f 2328 2327 2329 2330
f 2328 2330 2331 2332
f 2328 2332 2253 2252
f 2332 2331 2209 2213
f 2332 2213 2217 2253
f 2331 2330 2333 2334
f 2331 2334 2210 2209
f 2334 2333 2335 2336
f 2334 2336 2337 2210
f 2337 2336 2338 2339
f 2337 2339 2340 2341
f 2337 2341 2211 2210
f 2341 2340 2342 2343
f 2341 2343 2214 2211
f 2343 2342 2344 2345
f 2343 2345 2346 2214
f 2346 2345 2347 2079
f 2346 2079 2078 2348
f 2346 2348 2206 2214
f 2348 2078 2349 2350
f 2348 2350 2207 2206
f 2350 2351 2352 2207
f 2350 2349 2353 2351
f 2353 2354 2355 2351
f 2353 2349 2356 2357
f 2353 2357 2358 2354
f 2358 2359 2360 2354
f 2358 2357 2361 2362
f 2358 2362 2363 2359
f 2363 2364 2365 2359
f 2363 2362 1854 1853
f 2363 1853 1857 2364
f 2365 2366 2367 2368
f 2365 2368 2360 2359
f 2365 2364 2369 2366
f 2369 2370 2371 2366
f 2369 2364 1857 2372
f 2369 2372 2373 2370
f 2373 2374 2375 2370
f 2373 2372 2376 2377
f 2373 2377 2378 2374
f 2378 2379 2380 2374
f 2378 2377 2381 2382
f 2378 2382 835 2379
f 2382 2381 2383 2384
f 2382 2384 836 835
f 2384 2383 2385 2386
f 2384 2386 2387 836
f 2387 843 91 836
f 2387 2386 2388 2389
f 2387 2389 2390 843
f 2390 2391 841 843
f 2390 2389 2392 2393
f 2390 2393 2394 2391
f 2394 2395 2396 2391
f 2394 2393 2397 2398
f 2394 2398 2399 2395
f 2399 2400 2401 2395
f 2399 2398 2402 2403
f 2399 2403 2404 2400
f 2404 2405 2406 2400
f 2404 2403 2407 2408
f 2404 2408 2409 2405
f 2409 930 929 2405
f 2409 2408 891 885
f 2409 885 884 930
f 2408 2407 892 891
f 2407 2403 2402 2410
f 2410 2402 860 855
f 2406 2411 2412 2413
f 2406 2413 2401 2400
f 2406 2405 929 2411
f 2413 2412 2414 2415
f 2413 2415 2416 2401
f 2416 2415 2417 2418
f 2416 2418 842 2396
f 2416 2396 2395 2401
f 2418 2417 2419 2420
f 2418 2420 831 842
f 2420 2419 2421 2422
f 2420 2422 832 831
f 2422 2421 2423 2424
f 2422 2424 833 832
f 2424 2423 2425 2426
f 2424 2426 2427 833
f 2427 2426 2428 2429
f 2427 2429 2430 2431
f 2427 2431 834 833
f 2431 2430 2380 2379
f 2431 2379 835 834
f 2430 2429 2432 2433
f 2430 2433 2434 2380
f 2434 2433 2435 2436
f 2434 2436 2437 2375
f 2434 2375 2374 2380
f 2437 2436 2438 2439
f 2437 2439 2440 2371
f 2437 2371 2370 2375
f 2440 2439 2441 2442
f 2440 2442 2443 2367
f 2440 2367 2366 2371
f 2443 2442 2444 2445
f 2443 2445 2446 2447
f 2443 2447 2368 2367
f 2447 2446 2448 2449
f 2447 2449 2360 2368
f 2449 2448 2450 2355
f 2449 2355 2354 2360
f 2450 2448 2451 2452
f 2450 2452 2453 2352
f 2450 2352 2351 2355
f 2453 2452 2160 2159
f 2453 2159 2158 2208
f 2453 2208 2207 2352
f 2452 2451 2454 2160
f 2454 2455 2456 2457
f 2454 2457 2161 2160
f 2454 2451 2458 2455
f 2458 2459 2460 2455
f 2458 2451 2448 2446
f 2458 2446 2445 2459
f 2460 2461 2462 2463
f 2460 2463 2456 2455
f 2460 2459 2464 2461
f 2464 2465 473 2461
f 2464 2459 2445 2444
f 2464 2444 2466 2465
f 2466 2467 2468 2465
f 2466 2444 2442 2441
f 2466 2441 2469 2467
f 2469 2470 2471 2467
f 2469 2441 2439 2438
f 2469 2438 2472 2470
f 2472 2473 2474 2470
f 2472 2438 2436 2435
f 2472 2435 2475 2473
f 2475 2476 2477 2473
f 2475 2435 2433 2432
f 2475 2432 2478 2476
f 2478 2479 2480 2476
f 2478 2432 2429 2428
f 2478 2428 2481 2479
f 2481 2482 2483 2479
f 2481 2428 2426 2425
f 2481 2425 2484 2482
f 2484 2485 1807 2482
f 2484 2425 2423 2486
f 2484 2486 2487 2485
f 2487 2488 2489 2485
f 2487 2486 2490 2491
f 2487 2491 2492 2488
f 2492 2493 2494 2488
f 2492 2491 2495 2496
f 2492 2496 2497 2493
f 2497 2498 2499 2493
f 2497 2496 2500 2501
f 2497 2501 2502 2498
f 2502 2503 2504 2498
f 2502 2501 2505 2506
f 2502 2506 2507 2503
f 2507 927 2508 2503
f 2507 2506 2509 2510
f 2507 2510 925 927
f 2510 2509 2511 2512
f 2510 2512 926 925
f 2512 2511 944 943
f 2512 943 942 926
f 2511 2509 2513 939
f 2511 939 113 944
f 2513 2509 2506 2505
f 2513 2505 2514 2515
f 2513 2515 940 939
f 2515 2514 2516 2517
f 2515 2517 2518 940
f 2518 2517 2412 2411
f 2518 2411 929 928
f 2518 928 934 940
f 2517 2516 2414 2412
f 2516 2514 2500 2519
f 2516 2519 2520 2414
f 2520 2519 2495 2521
f 2520 2521 2419 2417
f 2520 2417 2415 2414
f 2521 2495 2491 2490
f 2521 2490 2421 2419
f 2519 2500 2496 2495
f 2514 2505 2501 2500
f 2508 2522 2523 2524
f 2508 2524 2504 2503
f 2508 927 924 2522
f 2524 2523 2525 2526
f 2524 2526 2527 2504
f 2527 2526 2528 2529
f 2527 2529 2530 2499
f 2527 2499 2498 2504
f 2530 2529 2531 2532
f 2530 2532 2533 2494
f 2530 2494 2493 2499
f 2533 2532 1792 1805
f 2533 1805 1804 2489
f 2533 2489 2488 2494
f 2532 2531 1793 1792
f 2531 2534 1798 1793
f 2531 2529 2528 2534
f 2534 2535 2536 1798
f 2534 2528 2537 2535
f 2537 2538 2539 2535
f 2537 2528 2526 2525
f 2537 2525 2540 2538
f 2540 2541 2542 2538
f 2540 2525 2523 2543
f 2540 2543 2544 2541
f 2544 2545 2546 2541
f 2544 2543 2547 2548
f 2544 2548 2549 2545
f 2549 2550 2551 2545
f 2549 2548 2552 2553
f 2549 2553 2554 2550
f 2554 2555 2556 2550
f 2554 2553 2557 2558
f 2558 2557 941 2559
f 2557 2553 2552 2560
f 2557 2560 942 941
f 2560 2552 923 922
f 2560 922 926 942
f 2556 2561 2562 2563
f 2556 2563 2551 2550
f 2556 2555 2564 2561
f 2564 2565 2566 2561
f 2566 2567 2568 2569
f 2566 2569 2562 2561
f 2566 2565 2570 2567
f 2569 2568 2571 2572
f 2569 2572 2573 2562
f 2573 2572 2574 2575
f 2573 2575 2576 2577
f 2573 2577 2563 2562
f 2577 2576 2578 2579
f 2577 2579 2551 2563
f 2579 2578 2580 2546
f 2579 2546 2545 2551
f 2580 2578 1789 1788
f 2580 1788 1790 2542
f 2580 2542 2541 2546
f 2578 2576 2581 1789
f 2581 2582 1781 1780
f 2581 1780 1785 1789
f 2581 2576 2575 2582
f 2582 2583 1784 1781
f 2582 2575 2574 2583
f 2583 2584 1801 1784
f 2583 2574 2585 2584
f 2585 2586 2587 2584
f 2585 2574 2572 2571
f 2585 2571 2588 2586
f 2588 967 2589 2586
f 2588 2571 2568 2590
f 2588 2590 118 967
f 2590 2568 2567 2591
f 2589 2592 2587 2586
f 2589 967 966 2593
f 2593 966 2594 2595
f 2593 2595 2596 2597
f 2596 2595 2598 2599
f 2596 2599 2600 2601
f 2600 2602 2603 2601
f 2600 2599 1110 2604
f 2600 2604 2605 2602
f 2605 2606 2607 2602
f 2605 2604 2608 2609
f 2605 2609 2610 2606
f 2610 2611 2612 2606
f 2610 2609 2613 2614
f 2610 2614 2615 2611
f 2615 2616 2617 2611
f 2615 2614 1676 1675
f 2615 1675 2618 2616
f 2618 2619 2620 2616
f 2618 1675 1674 2621
f 2618 2621 2622 2619
f 2622 2623 2624 2619
f 2622 2621 2625 2626
f 2622 2626 2627 2623
f 2627 2628 2629 2623
f 2627 2626 2630 2631
f 2627 2631 2632 2628
f 2632 2633 2634 2628
f 2632 2631 2635 2636
f 2632 2636 2637 2633
f 2637 2638 1163 2633
f 2637 2636 2639 2640
f 2637 2640 2641 2638
f 2641 2642 2643 2638
f 2641 2640 2644 2645
f 2641 2645 2646 2642
f 2646 2647 1175 2642
f 2646 2645 2648 2649
f 2646 2649 2650 2647
f 2650 2651 2652 2647
f 2650 2649 2653 2654
f 2650 2654 2655 2651
f 2655 2656 2657 2651
f 2655 2654 2658 2659
f 2655 2659 2660 2656
f 2660 2661 2662 2656
f 2660 2659 2663 2664
f 2660 2664 1047 2661
f 2664 2663 2665 2666
f 2664 2666 1048 1047
f 2666 2665 2667 2668
f 2666 2668 1049 1048
f 2668 2667 2669 2670
f 2668 2670 2671 1049
f 2671 2672 1044 1049
f 2671 2670 2673 2674
f 2671 2674 2675 2672
f 2675 2676 2677 2672
f 2675 2674 2678 2679
f 2675 2679 1065 2676
f 2679 2678 2680 2681
f 2679 2681 1060 1065
f 2681 2680 1055 2682
f 2681 2682 1061 1060
f 2682 1055 1054 2683
f 2682 2683 2684 1061
f 2684 2683 2685 2686
f 2684 2686 1077 1072
f 2684 1072 1062 1061
f 2686 2685 2687 2688
f 2686 2688 2689 1077
f 2689 2688 2690 2691
f 2689 2691 2692 2693
f 2689 2693 1078 1077
f 2693 2692 141 1080
f 2693 1080 1079 1078
f 2692 2691 2694 2695
f 2692 2695 142 141
f 2695 2694 2696 2697
f 2695 2697 1085 142
f 2697 2696 1068 1067
f 2697 1067 2698 1085
f 2698 2699 2700 2701
f 2698 2701 1086 1085
f 2698 1067 1066 2699
f 2701 2700 2702 2703
f 2701 2703 1087 1086
f 2703 2702 2704 2705
f 2703 2705 1108 1087
f 2705 2704 2706 2707
f 2705 2707 1106 1108
f 2707 2706 2708 2709
f 2707 2709 1107 1106
f 2709 2708 2710 2711
f 2709 2711 2712 1107
f 2712 2711 2713 2714
f 2712 2714 2715 1092
f 2712 1092 1089 1107
f 2715 2714 2716 2717
f 2715 2717 2718 2719
f 2715 2719 1090 1092
f 2719 2718 2720 2721
f 2719 2721 1091 1090
f 2721 2720 2722 2723
f 2721 2723 2724 1091
f 2724 2723 1704 1703
f 2724 1703 2725 2726
f 2724 2726 1083 1091
f 2726 2725 2727 2728
f 2726 2728 1084 1083
f 2728 2727 1074 1073
f 2728 1073 1079 1084
f 2727 2725 2729 2730
f 2727 2730 2731 1074
f 2731 2730 2732 2733
f 2731 2733 2734 2735
f 2731 2735 1075 1074
f 2735 2734 2736 2737
f 2735 2737 1076 1075
f 2737 2736 2738 2739
f 2737 2739 2740 1076
f 2740 2739 2677 2676
f 2740 2676 1065 1064
f 2740 1064 1063 1076
f 2739 2738 1045 2677
f 2738 2736 2741 2742
f 2738 2742 1046 1045
f 2742 2741 2743 2744
f 2742 2744 2745 1046
f 2745 2744 2746 2747
f 2745 2747 2662 2661
f 2745 2661 1047 1046
f 2747 2746 1100 2748
f 2747 2748 2749 2662
f 2749 2748 2750 2751
f 2749 2751 2752 2657
f 2749 2657 2656 2662
f 2752 2751 2753 2754
f 2752 2754 1176 2652
f 2752 2652 2651 2657
f 2754 2753 2755 2756
f 2754 2756 1172 1176
f 2756 2755 2757 2758
f 2756 2758 1173 1172
f 2758 2757 2759 2760
f 2758 2760 2761 1173
f 2761 2760 2762 2763
f 2761 2763 2764 2765
f 2761 2765 1174 1173
f 2765 2764 1177 1168
f 2765 1168 1166 1174
f 2764 2763 2766 2767
f 2764 2767 2768 1177
f 2768 2767 2769 2770
f 2768 2770 2771 2772
f 2768 2772 1169 1177
f 2772 2771 2773 2774
f 2772 2774 1170 1169
f 2774 2773 2775 2776
f 2774 2776 1171 1170
f 2776 2775 1157 1159
f 2776 1159 2777 1171
f 2777 1159 1154 2778
f 2777 2778 2779 2780
f 2777 2780 1167 1171
f 2780 2779 2629 2781
f 2780 2781 1161 1167
f 2781 2629 2628 2634
f 2781 2634 1162 1161
f 2779 2778 2782 2624
f 2779 2624 2623 2629
f 2782 2778 1154 1153
f 2782 1153 2783 2620
f 2782 2620 2619 2624
f 2783 1153 1152 2784
f 2783 2784 2785 2617
f 2783 2617 2616 2620
f 2785 2784 2786 2787
f 2785 2787 2788 2612
f 2785 2612 2611 2617
f 2788 2787 2789 2790
f 2788 2790 2791 2607
f 2788 2607 2606 2612
f 2791 2790 1814 1813
f 2791 1813 1795 2603
f 2791 2603 2602 2607
f 2790 2789 2792 1814
f 2792 2793 2794 2795
f 2792 2795 1815 1814
f 2792 2789 2796 2793
f 2796 2797 2798 2793
f 2796 2789 2787 2786
f 2796 2786 1156 2797
f 2798 2799 2800 2801
f 2798 2801 2794 2793
f 2798 2797 2802 2799
f 2802 2803 2804 2799
f 2802 2797 1156 1155
f 2802 1155 1158 2803
f 2804 2805 962 2806
f 2804 2806 2800 2799
f 2804 2803 2807 2805
f 2807 2808 2809 2805
f 2807 2803 1158 2810
f 2807 2810 2811 2808
f 2811 2812 2813 2808
f 2811 2810 2775 2773
f 2811 2773 2771 2812
f 2813 2814 2815 2816
f 2813 2816 2809 2808
f 2813 2812 2817 2814
f 2817 2818 2819 2814
f 2817 2812 2771 2770
f 2817 2770 2769 2818
f 2819 2820 2821 2822
f 2819 2822 2815 2814
f 2819 2818 2823 2820
f 2823 2824 2825 2820
f 2823 2818 2769 2826
f 2823 2826 2827 2824
f 2827 2828 2829 2824
f 2827 2826 2766 2830
f 2827 2830 2831 2828
f 2831 2832 2833 2828
f 2831 2830 2762 2834
f 2831 2834 2835 2832
f 2835 2836 2837 2832
f 2835 2834 2759 2838
f 2835 2838 2839 2836
f 2839 2840 2841 2836
f 2839 2838 2842 2843
f 2839 2843 2844 2840
f 2844 2845 1120 2840
f 2844 2843 2846 2847
f 2844 2847 2848 2845
f 2848 2849 1117 2845
f 2848 2847 1095 1094
f 2848 1094 2850 2849
f 2850 2851 2852 2849
f 2850 1094 1093 2853
f 2850 2853 2854 2851
f 2854 2855 2856 2851
f 2854 2853 1105 2857
f 2854 2857 2858 2855
f 2858 2859 2860 2855
f 2858 2857 2861 2862
f 2858 2862 2863 2859
f 2863 2864 2865 2859
f 2863 2862 2866 2867
f 2863 2867 2868 2864
f 2868 2869 2870 2864
f 2868 2867 2871 2872
f 2868 2872 2873 2869
f 2873 2874 2875 2869
f 2873 2872 2876 2877
f 2873 2877 2878 2874
f 2878 2879 2880 2874
f 2878 2877 2881 2882
f 2878 2882 2883 2879
f 2883 2884 2885 2879
f 2883 2882 2886 2887
f 2883 2887 2888 2884
f 2888 2889 2890 2884
f 2888 2887 2891 2892
f 2888 2892 2893 2889
f 2893 2894 2895 2889
f 2893 2892 2896 2897
f 2893 2897 2898 2894
f 2898 2899 2900 2894
f 2898 2897 2901 2902
f 2898 2902 1128 2899
f 2902 2901 2903 2904
f 2902 2904 1129 1128
f 2904 2903 1148 1137
f 2904 1137 1136 1129
f 2903 2901 2905 2906
f 2903 2906 1149 1148
f 2906 2905 2907 2908
f 2906 2908 2909 1149
f 2909 2908 2910 2911
f 2909 2911 2912 1670
f 2909 1670 1150 1149
f 2912 2911 2913 2914
f 2912 2914 2915 2916
f 2912 2916 1668 1670
f 2916 2915 2917 2918
f 2916 2918 1669 1668
f 2918 2917 1682 1681
f 2918 1681 2919 1669
f 2919 1147 1146 1669
f 2919 1681 1680 2920
f 2919 2920 2921 1147
f 2921 1143 1142 1147
f 2921 2920 2922 2923
f 2921 2923 1145 1143
f 2923 2922 2924 2925
f 2923 2925 2926 1145
f 2926 2927 1144 1145
f 2926 2925 2928 2929
f 2926 2929 2930 2927
f 2930 1151 1141 2927
f 2930 2929 2931 2932
f 2930 2932 2933 1151
f 2933 1133 1135 1151
f 2933 2932 2934 2935
f 2933 2935 1134 1133
f 2935 2934 2936 2937
f 2935 2937 2938 1134
f 2938 1127 1130 1134
f 2938 2937 2939 1122
f 2938 1122 1121 1127
f 2939 2937 2936 2940
f 2939 2940 2941 2942
f 2939 2942 1123 1122
f 2942 2941 2943 2944
f 2942 2944 2945 1123
f 2945 2946 1124 1123
f 2945 2944 2947 2948
f 2945 2948 2949 2946
f 2949 2950 2951 2946
f 2949 2948 2952 2953
f 2949 2953 2954 2950
f 2954 2955 2956 2950
f 2954 2953 2957 2958
f 2954 2958 2959 2955
f 2959 1052 1051 2955
f 2959 2958 2960 2961
f 2959 2961 1053 1052
f 2961 2960 2962 2687
f 2961 2687 2685 1053
f 2962 2960 2963 2964
f 2962 2964 2965 2690
f 2962 2690 2688 2687
f 2965 2964 2966 2967
f 2965 2967 2696 2694
f 2965 2694 2691 2690
f 2967 2966 2968 1071
f 2967 1071 1068 2696
f 2968 1058 1057 2969
f 2968 2969 1069 1071
f 2968 2966 2970 1058
f 2970 2971 1059 1058
f 2970 2966 2964 2963
f 2970 2963 2957 2971
f 2971 2957 2953 2952
f 2971 2952 2972 1059
f 2972 2952 2948 2947
f 2972 2947 2973 2974
f 2972 2974 1056 1059
f 2974 2973 2975 2976
f 2974 2976 1057 1056
f 2976 2975 2977 2978
f 2976 2978 2969 1057
f 2978 2977 2979 1070
f 2978 1070 1069 2969
f 2979 2977 2980 2981
f 2979 2981 2700 2699
f 2979 2699 1066 1070
f 2981 2980 2982 2983
f 2981 2983 2702 2700
f 2983 2982 2984 2985
f 2983 2985 2704 2702
f 2985 2984 2986 2987
f 2985 2987 2706 2704
f 2987 2986 2988 2989
f 2987 2989 2708 2706
f 2989 2988 2990 2991
f 2989 2991 2710 2708
f 2991 2990 2928 2992
f 2991 2992 2993 2710
f 2993 2992 2924 2994
f 2993 2994 2995 2713
f 2993 2713 2711 2710
f 2995 2994 1684 1683
f 2995 1683 1685 2716
f 2995 2716 2714 2713
f 2994 2924 2922 1684
f 2992 2928 2925 2924
f 2990 2931 2929 2928
f 2990 2988 2996 2931
f 2996 2934 2932 2931
f 2996 2988 2986 2997
f 2996 2997 2936 2934
f 2997 2986 2984 2998
f 2997 2998 2940 2936
f 2998 2984 2982 2999
f 2998 2999 2941 2940
f 2999 2982 2980 3000
f 2999 3000 2943 2941
f 3000 2980 2977 2975
f 3000 2975 2973 2943
f 2973 2947 2944 2943
f 2963 2960 2958 2957
f 2956 3001 3002 3003
f 2956 3003 2951 2950
f 2956 2955 1051 3001
f 3003 3002 3004 3005
f 3003 3005 3006 2951
f 3006 3005 3007 3008
f 3006 3008 1125 1124
f 3006 1124 2946 2951
f 3008 3007 3009 3010
f 3008 3010 3011 1125
f 3011 3010 3012 3013
f 3011 3013 3014 3015
f 3011 3015 148 1125
f 3015 3014 2900 2899
f 3015 2899 1128 148
f 3014 3013 3016 3017
f 3014 3017 3018 2900
f 3018 3017 3019 3020
f 3018 3020 3021 2895
f 3018 2895 2894 2900
f 3021 3020 3022 3023
f 3021 3023 3024 2890
f 3021 2890 2889 2895
f 3024 3023 3025 3026
f 3024 3026 3027 2885
f 3024 2885 2884 2890
f 3027 3026 3028 3029
f 3027 3029 3030 2880
f 3027 2880 2879 2885
f 3030 3029 3031 3032
f 3030 3032 3033 2875
f 3030 2875 2874 2880
f 3033 3032 3034 3035
f 3033 3035 3036 2870
f 3033 2870 2869 2875
f 3036 3035 1672 1671
f 3036 1671 1679 2865
f 3036 2865 2864 2870
f 3035 3034 3037 1672
f 3037 3038 2625 1673
f 3037 1673 261 1672
f 3037 3034 3039 3038
f 3039 3040 2630 3038
f 3039 3034 3032 3031
f 3039 3031 3041 3040
f 3041 3042 2635 3040
f 3041 3031 3029 3028
f 3041 3028 3043 3042
f 3043 3044 2639 3042
f 3043 3028 3026 3025
f 3043 3025 3045 3044
f 3045 3046 2644 3044
f 3045 3025 3023 3022
f 3045 3022 3047 3046
f 3047 3048 2648 3046
f 3047 3022 3020 3019
f 3047 3019 3049 3048
f 3049 3050 2653 3048
f 3049 3019 3017 3016
f 3049 3016 3051 3050
f 3051 3052 2658 3050
f 3051 3016 3013 3012
f 3051 3012 3053 3052
f 3053 2665 2663 3052
f 3053 3012 3010 3009
f 3053 3009 2667 2665
f 3052 2663 2659 2658
f 3050 2658 2654 2653
f 3048 2653 2649 2648
f 3046 2648 2645 2644
f 3044 2644 2640 2639
f 3042 2639 2636 2635
f 3040 2635 2631 2630
f 3038 2630 2626 2625
f 3009 3007 2669 2667
f 3007 3005 3004 2669
f 3004 2673 2670 2669
f 3004 3002 3054 2673
f 3054 2678 2674 2673
f 3054 3002 3001 3055
f 3054 3055 2680 2678
f 3055 3001 1051 1050
f 3055 1050 1055 2680
f 2927 1141 1140 1144
f 2922 2920 1680 1684
f 2917 2915 3056 3057
f 2917 3057 1685 1682
f 3057 3056 2718 2717
f 3057 2717 2716 1685
f 3056 2915 2914 3058
f 3056 3058 2720 2718
f 3058 2914 2913 3059
f 3058 3059 2722 2720
f 3059 2913 3060 1710
f 3059 1710 1705 2722
f 3060 2910 3061 3062
f 3060 3062 1709 1710
f 3060 2913 2911 2910
f 3062 3061 3063 3064
f 3062 3064 1706 1709
f 3064 3063 3065 3066
f 3064 3066 1707 1706
f 3066 3065 2886 3067
f 3066 3067 3068 1707
f 3068 3067 2881 3069
f 3068 3069 3070 3071
f 3068 3071 1708 1707
f 3071 3070 3072 3073
f 3071 3073 3074 1708
f 3073 3072 3075 3076
f 3073 3076 3077 3074
f 3077 3076 3078 2732
f 3077 2732 2730 2729
f 3078 3076 3075 3079
f 3078 3079 3080 3081
f 3078 3081 2733 2732
f 3081 3080 3082 3083
f 3081 3083 2734 2733
f 3083 3082 2743 2741
f 3083 2741 2736 2734
f 3082 3080 3084 3085
f 3082 3085 3086 2743
f 3086 3085 1102 1101
f 3086 1101 1100 2746
f 3086 2746 2744 2743
f 3085 3084 3087 1102
f 3087 3088 3089 3090
f 3087 3090 1098 1102
f 3087 3084 3091 3088
f 3091 3092 3093 3088
f 3091 3084 3080 3079
f 3091 3079 3075 3092
f 3093 3094 2866 3095
f 3093 3095 3089 3088
f 3093 3092 3096 3094
f 3096 3097 2871 3094
f 3096 3092 3075 3072
f 3096 3072 3070 3097
f 3097 2876 2872 2871
f 3097 3070 3069 2876
f 3095 2866 2862 2861
f 3095 2861 1104 3089
f 3094 2871 2867 2866
f 3090 3089 1104 1103
f 3090 1103 1099 1098
f 3069 2881 2877 2876
f 3067 2886 2882 2881
f 3065 2891 2887 2886
f 3065 3063 3098 2891
f 3098 2896 2892 2891
f 3098 3063 3061 2907
f 3098 2907 2905 2896
f 3061 2910 2908 2907
f 2905 2901 2897 2896
f 2865 1679 2860 2859
f 2861 2857 1105 1104
f 2860 1679 1678 3099
f 2860 3099 2856 2855
f 3099 1678 1677 3100
f 3099 3100 3101 2856
f 3101 3100 3102 1116
f 3101 1116 1115 2852
f 3101 2852 2851 2856
f 3102 2613 2609 2608
f 3102 2608 1109 1116
f 3102 3100 1677 2613
f 2853 1093 1099 1105
f 2852 1115 1117 2849
f 2847 2846 1096 1095
f 2846 2843 2842 3103
f 2846 3103 3104 1096
f 3104 3103 2755 2753
f 3104 2753 2751 2750
f 3104 2750 1097 1096
f 3103 2842 2757 2755
f 2845 1117 1114 1120
f 2842 2838 2759 2757
f 2841 1119 1118 3105
f 2841 3105 2837 2836
f 2841 2840 1120 1119
f 3105 1118 3106 3107
f 3105 3107 3108 2837
f 3108 3107 3109 3110
f 3108 3110 3111 2833
f 3108 2833 2832 2837
f 3111 3110 3112 3113
f 3111 3113 3114 2829
f 3111 2829 2828 2833
f 3114 3113 948 947
f 3114 947 3115 2825
f 3114 2825 2824 2829
f 3115 947 946 3116
f 3115 2821 2820 2825
f 3116 946 114 915
f 3113 3112 949 948
f 3112 969 968 949
f 3112 3110 3109 969
f 3109 3117 970 969
f 3109 3107 3106 3117
f 3117 3118 2594 970
f 3117 3106 1112 3118
f 3118 2598 2595 2594
f 3118 1112 1111 2598
f 3106 1118 1113 1112
f 2834 2762 2760 2759
f 2830 2766 2763 2762
f 2826 2769 2767 2766
f 2822 904 903 2815
f 2816 2815 903 906
f 2816 906 963 2809
f 2810 1158 1157 2775
f 2809 963 962 2805
f 2806 962 960 3119
f 2806 3119 3120 2800
f 3120 3119 3121 3122
f 3120 3122 3123 3124
f 3120 3124 2801 2800
f 3124 3123 1613 1617
f 3124 1617 2794 2801
f 3123 3122 3125 3126
f 3123 3126 1614 1613
f 3126 3125 3127 3128
f 3126 3128 3129 1614
f 3129 3128 3130 3131
f 3129 3131 3132 3133
f 3129 3133 1611 1614
f 3133 3132 3134 3135
f 3133 3135 1612 1611
f 3135 3134 3136 3137
f 3135 3137 3138 1612
f 3138 3137 3139 3140
f 3138 3140 3141 3142
f 3138 3142 1608 1612
f 3142 3141 1600 1599
f 3142 1599 1609 1608
f 3139 3137 3136 3143
f 3144 3145 3146 3147
f 3144 3147 3148 3149
f 3144 3149 3150 3151
f 3149 3148 3152 3153
f 3149 3153 1601 3150
f 3148 3147 1345 1344
f 3148 1344 1343 3152
f 3147 3146 3154 1345
f 3154 3146 3155 3156
f 3154 3156 3157 3158
f 3158 3157 1251 3159
f 3157 3156 3160 3161
f 3157 3161 1252 1251
f 3161 3160 1350 3162
f 3161 3162 3163 1252
f 3163 3162 3164 3165
f 3163 3165 3166 3167
f 3163 3167 175 1252
f 3167 3166 3168 3169
f 3167 3169 1248 175
f 3169 3168 3170 3171
f 3169 3171 3172 1248
f 3172 3171 3173 3174
f 3172 3174 1302 1296
f 3174 3173 3175 3176
f 3177 3178 3179 3180
f 3180 3179 3181 3182
f 3180 3182 3183 3184
f 3183 3185 3186 3187
f 3183 3182 3188 3185
f 3188 3182 3181 3189
f 3188 3189 3190 3191
f 3188 3191 3192 3185
f 3192 1321 1329 3193
f 3192 3193 3186 3185
f 3192 3191 1322 1321
f 3193 1329 1328 3194
f 3193 3194 3195 3186
f 3195 3194 3196 3197
f 3195 3197 3198 3199
f 3195 3199 3187 3186
f 3199 3198 3200 3201
f 3199 3201 3202 3187
f 3201 3200 3203 3204
f 3201 3204 3205 3202
f 3205 3204 3206 3207
f 3205 3207 1332 1304
f 3205 1304 1303 3202
f 3207 3206 1307 3208
f 3207 3208 533 1332
f 3208 1307 1306 3209
f 3208 3209 531 533
f 3209 1306 1305 3210
f 3209 3210 532 531
f 3210 1305 547 3211
f 3210 3211 3212 532
f 3212 3211 3213 3214
f 3212 3214 3215 3216
f 3212 3216 526 532
f 3216 3215 3217 3218
f 3216 3218 527 526
f 3218 3217 3219 3220
f 3218 3220 3221 527
f 3221 3222 528 527
f 3221 3220 3223 3224
f 3221 3224 3225 3222
f 3225 3226 3227 3222
f 3225 3224 3228 3229
f 3225 3229 3230 3226
f 3230 1356 1360 3226
f 3230 3229 3231 3232
f 3230 3232 1357 1356
f 3232 3231 3233 3234
f 3232 3234 3235 1357
f 3235 3236 1358 1357
f 3235 3234 1582 1581
f 3235 1581 1583 3236
f 3236 1606 1361 1358
f 3236 1583 1607 1606
f 3234 3233 3237 1582
f 3237 3233 1584 1590
f 3237 1590 1595 3238
f 3237 3238 1577 1582
f 3238 1595 1594 3239
f 3238 3239 1578 1577
f 3239 1594 1596 3240
f 3239 3240 3241 1578
f 3241 3242 1579 1578
f 3241 3240 3243 3244
f 3241 3244 3245 3242
f 3245 1816 3246 3242
f 3245 3244 1812 1817
f 3245 1817 287 1816
f 3246 1610 1609 1580
f 3246 1580 1579 3242
f 3246 1816 1615 1610
f 3244 3243 1810 1812
f 3243 3240 1596 3247
f 3243 3247 1811 1810
f 3247 1596 1593 3248
f 3247 3248 1809 1811
f 3248 1593 1592 3249
f 3248 3249 285 1809
f 3249 1592 3250 3251
f 3249 3251 284 285
f 3251 3250 3252 3253
f 3251 3253 1806 284
f 3253 3252 3254 3255
f 3253 3255 2483 1806
f 3255 3254 3256 2480
f 3255 2480 2479 2483
f 3256 3254 1588 3257
f 3256 3257 3258 2477
f 3256 2477 2476 2480
f 3258 3257 3259 3260
f 3258 3260 3261 2474
f 3258 2474 2473 2477
f 3261 3260 3262 3263
f 3261 3263 3264 2471
f 3261 2471 2470 2474
f 3264 3263 3265 475
f 3264 475 474 2468
f 3264 2468 2467 2471
f 3265 3266 3267 3268
f 3265 3268 476 475
f 3265 3263 3262 3266
f 3268 3267 3269 3270
f 3268 3270 477 476
f 3270 3269 3271 3272
f 3270 3272 3273 477
f 3273 3272 3274 3275
f 3273 3275 3276 3277
f 3273 3277 470 477
f 3277 3276 3278 3279
f 3277 3279 471 470
f 3279 3278 3280 438
f 3279 438 437 471
f 3280 3278 3281 3282
f 3280 3282 3283 3284
f 3280 3284 10 438
f 3284 3283 3285 3286
f 3284 3286 439 10
f 3286 3285 3287 3288
f 3286 3288 429 439
f 3288 3287 3289 3290
f 3288 3290 430 429
f 3290 3289 3291 3292
f 3290 3292 433 430
f 3292 3291 537 424
f 3292 424 423 433
f 3291 3289 3293 3294
f 3291 3294 540 537
f 3294 3293 3295 3296
f 3294 3296 542 540
f 3296 3295 3297 3298
f 3296 3298 543 542
f 3298 3297 3299 3300
f 3298 3300 3301 543
f 3301 3300 3302 3303
f 3301 3303 873 872
f 3301 872 541 543
f 3303 3302 3304 3305
f 3303 3305 3306 873
f 3306 3305 3307 3308
f 3306 3308 3309 3310
f 3306 3310 874 873
f 3310 3309 3311 3312
f 3310 3312 875 874
f 3312 3311 3313 3314
f 3312 3314 3315 875
f 3315 3316 3317 3318
f 3315 3318 876 875
f 3315 3314 3319 3316
f 3319 3320 3321 3316
f 3319 3314 3313 3322
f 3319 3322 3323 3320
f 3323 3322 3324 3325
f 3323 3325 669 659
f 3323 659 658 3320
f 3325 3324 3326 3327
f 3325 3327 3328 669
f 3328 3329 670 669
f 3328 3327 3330 3331
f 3328 3331 3332 3329
f 3332 3333 3334 3329
f 3332 3331 3335 3336
f 3332 3336 3337 3333
f 3337 3338 3339 3333
f 3337 3336 3340 3341
f 3337 3341 3342 3338
f 3342 682 3343 3338
f 3342 3341 3344 3345
f 3342 3345 683 682
f 3345 3344 3346 3347
f 3345 3347 684 683
f 3347 3346 3348 3349
f 3347 3349 3350 684
f 3350 3351 685 684
f 3350 3349 3352 3353
f 3350 3353 2029 3351
f 3353 3352 3354 3355
f 3353 3355 2030 2029
f 3355 3354 3356 3357
f 3355 3357 2031 2030
f 3357 3356 3358 3359
f 3357 3359 3360 2031
f 3360 2033 2032 2031
f 3360 3359 3361 3362
f 3360 3362 3363 2033
f 3363 3364 2034 2033
f 3363 3362 3365 3366
f 3363 3366 3367 3364
f 3367 3368 3369 3364
f 3367 3366 3370 3371
f 3367 3371 3372 3368
f 3372 3373 3374 3368
f 3372 3371 3375 3376
f 3372 3376 3377 3373
f 3377 3378 3379 3373
f 3377 3376 2086 2088
f 3377 2088 2092 3378
f 3379 3380 3381 3382
f 3379 3382 3374 3373
f 3379 3378 3383 3380
f 3383 3384 3385 3380
f 3383 3378 2092 2091
f 3383 2091 3386 3384
f 3386 3387 3388 3384
f 3386 2091 2090 3389
f 3386 3389 3390 3387
f 3390 3391 3392 3387
f 3390 3389 3393 3394
f 3390 3394 3395 3391
f 3395 3396 3397 3391
f 3395 3394 3398 3399
f 3395 3399 3400 3396
f 3400 3401 3402 3396
f 3400 3399 3403 3404
f 3400 3404 3405 3401
f 3405 3406 3407 3401
f 3405 3404 3408 3409
f 3405 3409 3410 3406
f 3410 3411 3412 3406
f 3410 3409 3413 3414
f 3410 3414 3415 3411
f 3415 3416 3417 3411
f 3415 3414 3418 3419
f 3415 3419 3420 3416
f 3420 3421 3422 3416
f 3420 3419 3423 3424
f 3420 3424 3425 3421
f 3425 3426 3427 3421
f 3425 3424 3428 3429
f 3425 3429 572 3426
f 3429 3428 3430 3431
f 3429 3431 573 572
f 3431 3430 3432 3433
f 3431 3433 574 573
f 3433 3432 3434 3435
f 3433 3435 3436 574
f 3436 3437 575 574
f 3436 3435 3438 677
f 3436 677 60 3437
f 3438 3435 3434 3439
f 3438 3439 3440 3441
f 3438 3441 678 677
f 3441 3440 3442 3443
f 3441 3443 3444 678
f 3444 3445 675 678
f 3444 3443 3446 3447
f 3444 3447 3448 3445
f 3448 3449 3450 3445
f 3448 3447 3451 3452
f 3448 3452 3453 3449
f 3453 3454 3455 3449
f 3453 3452 3456 3457
f 3453 3457 3458 3454
f 3458 3459 3460 3454
f 3458 3457 3461 3462
f 3458 3462 3463 3459
f 3463 3464 3465 3459
f 3463 3462 3466 3467
f 3463 3467 3468 3464
f 3468 3469 3470 3464
f 3468 3467 3471 3472
f 3468 3472 3473 3469
f 3473 3474 3475 3469
f 3473 3472 3476 3477
f 3473 3477 3478 3474
f 3478 3479 3480 3474
f 3478 3477 3481 3482
f 3478 3482 3483 3479
f 3483 3484 3485 3479
f 3483 3482 3486 3487
f 3483 3487 3488 3484
f 3488 3489 3490 3484
f 3488 3487 2141 2059
f 3488 2059 2058 3489
f 3490 3491 3492 3493
f 3490 3493 3485 3484
f 3490 3489 3494 3491
f 3494 3495 3496 3491
f 3494 3489 2058 2062
f 3494 2062 3497 3495
f 3497 3498 3499 3495
f 3497 2062 2061 3500
f 3497 3500 3501 3498
f 3501 3502 3503 3498
f 3501 3500 2138 2134
f 3501 2134 2133 3502
f 3503 3504 3505 3506
f 3503 3506 3499 3498
f 3503 3502 3507 3504
f 3507 3508 3509 3504
f 3507 3502 2133 2136
f 3507 2136 3510 3508
f 3510 3511 3512 3508
f 3510 2136 509 3513
f 3510 3513 504 3511
f 3513 509 508 3514
f 3513 3514 505 504
f 3514 508 393 392
f 3514 392 506 505
f 3512 3515 3516 3517
f 3512 3517 3509 3508
f 3512 3511 3518 3515
f 3518 3519 3520 3515
f 3518 3511 504 503
f 3518 503 502 3519
f 3520 3521 3522 3523
f 3520 3523 3516 3515
f 3520 3519 3524 3521
f 3524 3525 3526 3521
f 3524 3519 502 3527
f 3524 3527 3528 3525
f 3528 3529 3530 3525
f 3528 3527 3531 3532
f 3528 3532 3533 3529
f 3533 3534 3535 3529
f 3533 3532 3536 3537
f 3533 3537 3538 3534
f 3538 3539 3540 3534
f 3538 3537 385 384
f 3538 384 3541 3539
f 3541 3542 3543 3539
f 3541 384 383 3544
f 3541 3544 3545 3542
f 3545 3544 3546 3547
f 3545 3547 3548 3549
f 3545 3549 3550 3542
f 3550 3551 3543 3542
f 3550 3549 3552 3553
f 3550 3553 3554 3551
f 3554 594 593 3555
f 3554 3555 3556 3551
f 3554 3553 591 594
f 3556 3555 3557 3558
f 3556 3558 3559 3560
f 3556 3560 3543 3551
f 3560 3559 3561 3540
f 3560 3540 3539 3543
f 3561 3559 600 3562
f 3561 3562 3563 3535
f 3561 3535 3534 3540
f 3563 3562 3564 3565
f 3563 3565 3566 3530
f 3563 3530 3529 3535
f 3566 3565 3567 3568
f 3566 3568 3569 3526
f 3566 3526 3525 3530
f 3569 3568 3570 514
f 3569 514 513 3522
f 3569 3522 3521 3526
f 3570 3571 3572 3573
f 3570 3573 23 514
f 3570 3568 3567 3571
f 3573 3572 3574 3575
f 3573 3575 515 23
f 3575 3574 3576 3577
f 3575 3577 3578 515
f 3578 3577 665 664
f 3578 664 3579 3580
f 3578 3580 516 515
f 3580 3579 3581 3582
f 3580 3582 3583 516
f 3583 3584 510 516
f 3583 3582 3585 3586
f 3583 3586 3587 3584
f 3587 3588 3589 3584
f 3587 3586 3590 3591
f 3587 3591 3592 3588
f 3592 3593 3594 3588
f 3592 3591 3595 3596
f 3592 3596 3597 3593
f 3597 2127 3598 3593
f 3597 3596 3599 3600
f 3597 3600 2128 2127
f 3600 3599 3601 3602
f 3600 3602 3603 2128
f 3603 3602 3604 3605
f 3603 3605 3606 3607
f 3603 3607 2125 2128
f 3607 3606 3608 3609
f 3607 3609 2126 2125
f 3609 3608 3610 3611
f 3609 3611 3612 2126
f 3612 3611 3613 3614
f 3612 3614 3615 3598
f 3612 3598 2127 2126
f 3615 3614 3616 2123
f 3615 2123 2122 3594
f 3615 3594 3593 3598
f 3616 2119 2118 3617
f 3616 3617 2124 2123
f 3616 3614 3613 2119
f 3617 2118 2051 2057
f 3617 2057 3618 2124
f 3618 2057 2056 3619
f 3618 3619 3620 3621
f 3618 3621 2120 2124
f 3621 3620 3622 2103
f 3621 2103 2102 2120
f 3622 3620 3623 3624
f 3622 3624 3625 3626
f 3622 3626 2104 2103
f 3626 3625 3627 3628
f 3626 3628 2116 2104
f 3628 3627 3629 3630
f 3628 3630 3631 2116
f 3631 3632 2099 2116
f 3631 3630 3633 3634
f 3631 3634 3635 3632
f 3635 2106 2109 3632
f 3635 3634 3636 3637
f 3635 3637 2107 2106
f 3637 3636 3638 3639
f 3637 3639 3640 2107
f 3640 3641 2108 2107
f 3640 3639 3642 3643
f 3640 3643 3644 3641
f 3644 3645 3646 3641
f 3644 3643 3647 3648
f 3644 3648 3649 3645
f 3649 3650 3651 3645
f 3649 3648 2112 2111
f 3649 2111 3652 3650
f 3652 3653 3654 3650
f 3652 2111 2110 3655
f 3652 3655 3656 3653
f 3656 3655 3657 3658
f 3656 3658 3659 3660
f 3656 3660 3661 3653
f 3661 3599 3596 3595
f 3661 3595 3654 3653
f 3661 3660 3601 3599
f 3660 3659 3662 3601
f 3662 3659 3663 3664
f 3662 3664 3665 3604
f 3662 3604 3602 3601
f 3665 3664 3666 3667
f 3665 3667 3668 3669
f 3665 3669 3605 3604
f 3669 3668 3670 3671
f 3669 3671 3606 3605
f 3671 3670 3672 3673
f 3671 3673 3608 3606
f 3673 3672 3674 3675
f 3673 3675 3610 3608
f 3675 3674 3676 3677
f 3675 3677 3678 3610
f 3678 3613 3611 3610
f 3678 3677 2049 2117
f 3678 2117 2119 3613
f 3677 3676 2050 2049
f 3676 3674 3679 3680
f 3676 3680 2052 2050
f 3680 3679 3681 3682
f 3680 3682 2053 2052
f 3682 3681 3683 3684
f 3682 3684 3685 2053
f 3685 3684 3686 3687
f 3685 3687 3688 3689
f 3685 3689 2054 2053
f 3689 3688 2043 3690
f 3689 3690 2055 2054
f 3690 2043 2039 3691
f 3690 3691 3692 2055
f 3692 3619 2056 2055
f 3692 3691 3693 3623
f 3692 3623 3620 3619
f 3693 3691 2039 2038
f 3693 2038 2041 3694
f 3693 3694 3624 3623
f 3694 2041 3695 3696
f 3694 3696 3625 3624
f 3696 3695 3697 3698
f 3696 3698 3627 3625
f 3698 3697 3699 3700
f 3698 3700 3629 3627
f 3700 3699 3701 3702
f 3700 3702 3703 3629
f 3703 3633 3630 3629
f 3703 3702 3704 3705
f 3703 3705 3706 3633
f 3706 3636 3634 3633
f 3706 3705 3707 3708
f 3706 3708 3638 3636
f 3708 3707 3709 3710
f 3708 3710 3711 3638
f 3711 3642 3639 3638
f 3711 3710 3712 3713
f 3711 3713 3714 3642
f 3714 3647 3643 3642
f 3714 3713 3715 3716
f 3714 3716 2115 3647
f 3716 3715 3717 3718
f 3716 3718 2113 2115
f 3718 3717 3719 3720
f 3718 3720 2114 2113
f 3720 3719 3721 3722
f 3720 3722 3657 2114
f 3722 3721 3723 3724
f 3722 3724 3658 3657
f 3724 3723 3725 3663
f 3724 3663 3659 3658
f 3725 3723 3726 3727
f 3725 3727 3728 3666
f 3725 3666 3664 3663
f 3728 3727 3729 3730
f 3728 3730 3731 3732
f 3728 3732 3667 3666
f 3732 3731 3733 3734
f 3732 3734 3668 3667
f 3734 3733 3735 3736
f 3734 3736 3670 3668
f 3736 3735 3737 3738
f 3736 3738 3672 3670
f 3738 3737 3681 3679
f 3738 3679 3674 3672
f 3737 3735 3739 3740
f 3737 3740 3683 3681
f 3740 3739 3741 3742
f 3740 3742 3743 3683
f 3743 3742 3744 3745
f 3743 3745 3746 3686
f 3743 3686 3684 3683
f 3746 3745 3747 3748
f 3746 3748 3749 3750
f 3746 3750 3687 3686
f 3750 3749 3751 3752
f 3750 3752 3688 3687
f 3752 3751 3753 2044
f 3752 2044 2043 3688
f 3753 3751 3754 3755
f 3753 3756 334 2044
f 3756 2046 2045 3757
f 3756 3757 2042 334
f 3757 2045 1988 2047
f 3757 2047 3758 2042
f 3758 3759 2040 2042
f 3758 2047 2027 2026
f 3758 2026 3760 3759
f 3760 3697 3695 3759
f 3760 2026 2025 3761
f 3760 3761 3699 3697
f 3761 2025 2028 3762
f 3761 3762 3701 3699
f 3762 2028 3763 3764
f 3762 3764 3765 3701
f 3765 3704 3702 3701
f 3765 3764 3766 3767
f 3765 3767 3768 3704
f 3768 3707 3705 3704
f 3768 3767 3769 3770
f 3768 3770 3709 3707
f 3770 3769 3771 3772
f 3770 3772 3773 3709
f 3773 3712 3710 3709
f 3773 3772 3774 3775
f 3773 3775 3776 3712
f 3776 3715 3713 3712
f 3776 3775 3777 3778
f 3776 3778 3717 3715
f 3778 3777 3779 3780
f 3778 3780 3719 3717
f 3780 3779 3781 3782
f 3780 3782 3721 3719
f 3782 3781 3783 3726
f 3782 3726 3723 3721
f 3783 3781 3784 3785
f 3783 3785 3786 3729
f 3783 3729 3727 3726
f 3786 3785 3787 3788
f 3786 3788 3789 3790
f 3786 3790 3730 3729
f 3790 3789 3791 3792
f 3790 3792 3731 3730
f 3792 3791 3793 3794
f 3792 3794 3733 3731
f 3794 3793 3741 3739
f 3794 3739 3735 3733
f 3793 3791 1997 3795
f 3793 3795 3796 3741
f 3796 3795 1994 1993
f 3796 1993 1995 3744
f 3796 3744 3742 3741
f 3795 1997 1996 1994
f 3791 3789 1998 1997
f 3789 3788 1999 1998
f 3788 3787 3797 1999
f 3797 3787 3798 2020
f 3797 2020 2019 3799
f 3797 3799 2000 1999
f 3799 2019 3800 3801
f 3799 3801 3802 2000
f 3802 3801 2005 2004
f 3802 2004 3803 3804
f 3802 3804 324 2000
f 3804 3803 3805 3806
f 3804 3806 2001 324
f 3806 3805 3807 3808
f 3806 3808 3809 2001
f 3809 1956 2002 2001
f 3809 3808 3810 2023
f 3809 2023 1954 1956
f 3810 3808 3807 3811
f 3810 3811 3812 3813
f 3810 3813 2018 2023
f 3813 3812 2006 3800
f 3813 3800 2019 2018
f 3812 3811 2015 2014
f 3812 2014 2007 2006
f 3811 3807 2017 2015
f 3807 3805 3814 2017
f 3814 3805 3803 2009
f 3814 2009 2008 3815
f 3814 3815 2016 2017
f 3815 2008 2011 3816
f 3815 3816 2013 2016
f 3803 2004 2003 2009
f 3801 3800 2006 2005
f 3798 3784 3817 2021
f 3798 2021 328 2020
f 3798 3787 3785 3784
f 3817 3779 3777 3818
f 3817 3818 2022 2021
f 3817 3784 3781 3779
f 3818 3777 3775 3774
f 3818 3774 3819 2022
f 3819 3774 3772 3771
f 3819 3771 3820 1957
f 3819 1957 1955 2022
f 3820 3771 3769 3821
f 3820 3821 3822 3823
f 3820 3823 1952 1957
f 3823 3822 3824 3825
f 3823 3825 1953 1952
f 3825 3824 3826 3827
f 3825 3827 1959 1953
f 3827 3826 1968 1960
f 3827 1960 315 1959
f 3826 3824 3828 3829
f 3826 3829 1965 1968
f 3829 3828 3830 3831
f 3829 3831 1966 1965
f 3831 3830 2024 1985
f 3831 1985 1958 1966
f 3830 3763 2028 2024
f 3830 3828 3832 3763
f 3832 3766 3764 3763
f 3832 3828 3824 3822
f 3832 3822 3821 3766
f 3821 3769 3767 3766
f 3759 3695 2041 2040
f 3755 3754 3833 3834
f 3755 3834 3835 1987
f 3835 3834 3836 3837
f 3835 3837 3838 1974
f 3835 1974 1973 1987
f 3838 3837 1969 1972
f 3838 1972 3839 3840
f 3838 3840 1975 1974
f 3840 3839 1983 3841
f 3840 3841 1989 1975
f 3841 1983 1978 1977
f 3841 1977 1991 1989
f 3839 1972 1971 3842
f 3839 3842 1981 1983
f 3842 3843 1982 1981
f 3842 1971 1970 3843
f 3843 3844 3845 1982
f 3843 1970 3836 3844
f 3845 3846 3847 1980
f 3845 1980 1979 1982
f 3845 3844 3833 3846
f 3847 3848 3849 3850
f 3847 3850 1976 1980
f 3847 3846 3851 3848
f 3851 3749 3748 3848
f 3851 3846 3833 3754
f 3851 3754 3751 3749
f 3850 3849 1992 1991
f 3850 1991 1977 1976
f 3849 3747 1995 1992
f 3849 3848 3748 3747
f 3844 3836 3834 3833
f 3837 3836 1970 1969
f 3747 3745 3744 1995
f 3657 3655 2110 2114
f 3654 3595 3591 3590
f 3654 3590 3651 3650
f 3651 3590 3586 3585
f 3651 3585 3646 3645
f 3648 3647 2115 2112
f 3646 3585 3582 3581
f 3646 3581 2108 3641
f 3632 2109 2100 2099
f 3594 2122 3589 3588
f 3589 2122 2121 511
f 3589 511 510 3584
f 3581 3579 346 2108
f 3579 664 663 346
f 3577 3576 3852 665
f 3852 3853 3854 660
f 3852 660 58 665
f 3852 3576 3855 3853
f 3855 3856 3857 3853
f 3855 3576 3574 610
f 3855 610 609 3856
f 3857 3858 3859 3860
f 3857 3860 3854 3853
f 3857 3856 3861 3858
f 3861 3862 3863 3858
f 3861 3856 609 608
f 3861 608 3864 3862
f 3864 3865 3866 3862
f 3864 608 43 3867
f 3864 3867 614 3865
f 3867 43 42 3868
f 3867 3868 612 614
f 3868 42 607 3869
f 3868 3869 613 612
f 3869 607 603 602
f 3869 602 604 613
f 3866 3870 621 620
f 3866 620 3863 3862
f 3866 3865 3871 3870
f 3871 3872 3873 3870
f 3871 3865 614 611
f 3871 611 596 3872
f 3873 3874 632 622
f 3873 622 621 3870
f 3873 3872 3875 3874
f 3875 3876 3877 3874
f 3875 3872 596 590
f 3875 590 589 3876
f 3877 3878 3879 3880
f 3877 3880 632 3874
f 3877 3876 3881 3878
f 3881 583 3882 3878
f 3881 3876 589 588
f 3881 588 580 583
f 3882 3883 3884 3885
f 3882 3885 3879 3878
f 3882 583 582 3883
f 3885 3884 3886 648
f 3885 648 647 3879
f 3886 3887 3888 3889
f 3886 3889 645 648
f 3886 3884 3890 3887
f 3890 642 644 3887
f 3890 3884 3883 3891
f 3890 3891 643 642
f 3891 3883 582 586
f 3891 586 3892 643
f 3892 586 585 3893
f 3892 3893 3894 3895
f 3892 3895 639 643
f 3895 3894 3896 3897
f 3895 3897 640 639
f 3897 3896 569 577
f 3897 577 3898 640
f 3898 3899 641 640
f 3898 577 576 3900
f 3898 3900 3901 3899
f 3901 3902 3903 3899
f 3901 3900 3904 3905
f 3901 3905 3906 3902
f 3906 3907 3908 3902
f 3906 3905 3909 3910
f 3906 3910 3911 3907
f 3911 3912 3913 3907
f 3911 3910 3914 3915
f 3911 3915 3916 3912
f 3916 3917 3918 3912
f 3916 3915 3919 3920
f 3916 3920 3921 3917
f 3921 3922 3923 3917
f 3921 3920 3924 3925
f 3921 3925 3926 3922
f 3926 3927 3928 3922
f 3926 3925 3929 3930
f 3926 3930 3931 3927
f 3931 3932 3933 3927
f 3931 3930 3934 3935
f 3931 3935 3936 3932
f 3936 3937 731 3932
f 3936 3935 3938 696
f 3936 696 695 3937
f 3938 3935 3934 3939
f 3938 3939 3940 3941
f 3938 3941 697 696
f 3941 3940 3942 3943
f 3941 3943 3944 697
f 3944 3945 63 697
f 3944 3943 3946 3947
f 3944 3947 3948 3945
f 3948 3949 3950 3945
f 3948 3947 3951 3952
f 3948 3952 3953 3949
f 3953 3954 3955 3949
f 3953 3952 3956 3957
f 3953 3957 3958 3954
f 3958 3959 3960 3954
f 3958 3957 3961 3962
f 3958 3962 2095 3959
f 3962 3961 3506 3505
f 3962 3505 2096 2095
f 3961 3957 3956 3963
f 3961 3963 3499 3506
f 3963 3956 3964 3496
f 3963 3496 3495 3499
f 3964 3956 3952 3951
f 3964 3951 3965 3492
f 3964 3492 3491 3496
f 3965 3951 3947 3946
f 3965 3946 3966 3967
f 3965 3967 3493 3492
f 3967 3966 3968 3969
f 3967 3969 3485 3493
f 3969 3968 3970 3480
f 3969 3480 3479 3485
f 3970 3968 3971 3972
f 3970 3972 3973 3475
f 3970 3475 3474 3480
f 3973 3972 3974 3975
f 3973 3975 3976 3470
f 3973 3470 3469 3475
f 3976 3975 3977 3978
f 3976 3978 3979 3465
f 3976 3465 3464 3470
f 3979 3978 3980 3981
f 3979 3981 3982 3460
f 3979 3460 3459 3465
f 3982 3981 3983 3984
f 3982 3984 3985 3455
f 3982 3455 3454 3460
f 3985 3984 3986 726
f 3985 726 676 3450
f 3985 3450 3449 3455
f 3986 3987 3988 3989
f 3986 3989 673 726
f 3986 3984 3983 3987
f 3989 3988 3990 3991
f 3989 3991 674 673
f 3991 3990 3909 3992
f 3991 3992 3993 674
f 3993 3992 3904 578
f 3993 578 575 3437
f 3993 3437 60 674
f 3992 3909 3905 3904
f 3990 3914 3910 3909
f 3990 3988 3994 3914
f 3994 3919 3915 3914
f 3994 3988 3987 3995
f 3994 3995 3996 3919
f 3996 3924 3920 3919
f 3996 3995 3997 3998
f 3996 3998 3999 3924
f 3999 3929 3925 3924
f 3999 3998 4000 4001
f 3999 4001 4002 3929
f 4002 3934 3930 3929
f 4002 4001 4003 4004
f 4002 4004 3939 3934
f 4004 4003 3974 4005
f 4004 4005 3940 3939
f 4005 3974 3972 3971
f 4005 3971 3942 3940
f 4003 4001 4000 3977
f 4003 3977 3975 3974
f 4000 3998 3997 3980
f 4000 3980 3978 3977
f 3997 3995 3987 3983
f 3997 3983 3981 3980
f 3971 3968 3966 3942
f 3966 3946 3943 3942
f 3960 4006 4007 4008
f 3960 4008 3955 3954
f 3960 3959 4009 4006
f 4009 4010 4011 4006
f 4009 3959 2095 2094
f 4009 2094 4012 4010
f 4012 667 666 4010
f 4012 2094 2093 4013
f 4012 4013 2105 667
f 4013 2093 2098 2100
f 4013 2100 2109 2105
f 4011 668 4014 4015
f 4011 4015 4007 4006
f 4011 4010 666 668
f 4015 4014 4016 4017
f 4015 4017 4018 4007
f 4018 4017 4019 4020
f 4018 4020 4021 4022
f 4018 4022 4008 4007
f 4022 4021 4023 4024
f 4022 4024 3955 4008
f 4024 4023 698 3950
f 4024 3950 3949 3955
f 4023 4021 707 4025
f 4023 4025 692 698
f 4025 707 706 4026
f 4025 4026 693 692
f 4026 4027 694 693
f 4026 706 705 4027
f 4027 4028 699 694
f 4027 705 4029 4028
f 4029 727 72 4028
f 4029 705 704 4030
f 4029 4030 4031 727
f 4031 66 712 727
f 4031 4030 4032 4033
f 4031 4033 708 66
f 4033 4032 4034 4035
f 4033 4035 716 708
f 4035 4034 4016 4036
f 4035 4036 4037 716
f 4037 4038 717 716
f 4037 4036 4039 4040
f 4037 4040 4041 4038
f 4041 4042 4043 4038
f 4041 4040 661 4044
f 4041 4044 4045 4042
f 4045 4046 4047 4042
f 4045 4044 3854 3860
f 4045 3860 3859 4046
f 4047 4048 720 4049
f 4047 4049 4043 4042
f 4047 4046 4050 4048
f 4050 623 4051 4048
f 4050 4046 3859 4052
f 4050 4052 619 623
f 4052 3859 3858 3863
f 4052 3863 620 619
f 4051 4053 723 721
f 4051 721 720 4048
f 4051 623 618 4053
f 4053 4054 4055 723
f 4053 618 617 4054
f 4055 4056 725 724
f 4055 724 722 723
f 4055 4054 657 4056
f 4056 657 656 4057
f 4056 4057 4058 725
f 4058 4057 4059 4060
f 4058 4060 4061 715
f 4058 715 714 725
f 4061 4060 4062 4063
f 4061 4063 4064 711
f 4061 711 710 715
f 4064 4063 651 4065
f 4064 4065 729 728
f 4064 728 712 711
f 4065 651 650 4066
f 4065 4066 4067 729
f 4067 4066 4068 3928
f 4067 3928 3927 3933
f 4067 3933 730 729
f 4068 4066 650 4069
f 4068 3923 3922 3928
f 4070 4069 4071 4072
f 4071 4069 650 649
f 4063 4062 652 651
f 4062 4060 4059 4073
f 4062 4073 655 652
f 4073 4059 630 629
f 4073 629 631 655
f 4059 4057 656 630
f 4054 617 616 657
f 4049 720 719 4074
f 4049 4074 718 4043
f 4044 661 660 3854
f 4043 718 717 4038
f 4040 4039 662 661
f 4039 4036 4016 4014
f 4039 4014 668 662
f 4034 4032 703 4019
f 4034 4019 4017 4016
f 4032 4030 704 703
f 4028 72 701 699
f 4021 4020 702 707
f 4020 4019 703 702
f 3950 698 63 3945
f 3937 700 701 731
f 3937 695 690 700
f 3933 3932 731 730
f 3923 4075 3918 3917
f 3918 4076 3913 3912
f 4076 4077 633 646
f 4076 646 4078 3913
f 4078 646 645 3889
f 4078 3889 3888 3908
f 4078 3908 3907 3913
f 4077 4079 634 633
f 4079 654 636 634
f 3908 3888 3903 3902
f 3904 3900 576 578
f 3903 3888 3887 644
f 3903 644 641 3899
f 3896 3894 4080 4081
f 3896 4081 570 569
f 4081 4080 4082 4083
f 4081 4083 4084 570
f 4084 4083 4085 4086
f 4084 4086 4087 4088
f 4084 4088 571 570
f 4088 4087 3427 3426
f 4088 3426 572 571
f 4087 4086 4089 4090
f 4087 4090 4091 3427
f 4091 4090 4092 4093
f 4091 4093 4094 3422
f 4091 3422 3421 3427
f 4094 4093 4095 4096
f 4094 4096 4097 3417
f 4094 3417 3416 3422
f 4097 4096 4098 4099
f 4097 4099 4100 3412
f 4097 3412 3411 3417
f 4100 4099 4101 4102
f 4100 4102 4103 3407
f 4100 3407 3406 3412
f 4103 4102 4104 4105
f 4103 4105 4106 3402
f 4103 3402 3401 3407
f 4106 4105 4107 4108
f 4106 4108 4109 3397
f 4106 3397 3396 3402
f 4109 4108 4110 4111
f 4109 4111 4112 3392
f 4109 3392 3391 3397
f 4112 4111 4113 4114
f 4112 4114 4115 3388
f 4112 3388 3387 3392
f 4115 4114 4116 4117
f 4115 4117 4118 3385
f 4115 3385 3384 3388
f 4118 4117 4119 4120
f 4118 4120 4121 3381
f 4118 3381 3380 3385
f 4121 4120 4122 4123
f 4121 4123 4124 4125
f 4121 4125 3382 3381
f 4125 4124 2036 4126
f 4125 4126 3374 3382
f 4126 2036 2035 3369
f 4126 3369 3368 3374
f 4124 4123 687 686
f 4124 686 2037 2036
f 4123 4122 688 687
f 4122 4127 4128 688
f 4122 4120 4119 4127
f 4128 4129 4130 4131
f 4128 4131 679 688
f 4128 4127 4132 4129
f 4132 4133 4134 4129
f 4132 4127 4119 4135
f 4132 4135 4136 4133
f 4136 4137 4138 4133
f 4136 4135 4116 4139
f 4136 4139 4140 4137
f 4140 4141 4142 4137
f 4140 4139 4113 4143
f 4140 4143 4144 4141
f 4144 4145 4146 4141
f 4144 4143 4110 4147
f 4144 4147 4148 4145
f 4148 4149 4150 4145
f 4148 4147 4107 4151
f 4148 4151 4152 4149
f 4152 4153 4154 4149
f 4152 4151 4104 4155
f 4152 4155 4156 4153
f 4156 4157 4158 4153
f 4156 4155 4101 4159
f 4156 4159 4160 4157
f 4160 4161 4162 4157
f 4160 4159 4098 4163
f 4160 4163 4164 4161
f 4164 4165 4166 4161
f 4164 4163 4095 4167
f 4164 4167 4168 4165
f 4168 4169 4170 4165
f 4168 4167 4092 4171
f 4168 4171 4172 4169
f 4172 4173 4174 4169
f 4172 4171 4089 4175
f 4172 4175 4176 4173
f 4176 4177 4178 4173
f 4176 4175 4085 4179
f 4176 4179 4180 4177
f 4180 4181 4182 4177
f 4180 4179 4082 4183
f 4180 4183 4184 4181
f 4184 4185 4186 4181
f 4184 4183 4187 4188
f 4184 4188 4189 4185
f 4189 4190 4191 4185
f 4189 4188 585 584
f 4189 584 587 4190
f 4191 3547 3546 4192
f 4191 4192 4186 4185
f 4191 4190 3548 3547
f 4192 3546 388 4193
f 4192 4193 4194 4186
f 4194 4193 4195 4196
f 4194 4196 4197 4182
f 4194 4182 4181 4186
f 4197 4196 4198 4199
f 4197 4199 4200 4178
f 4197 4178 4177 4182
f 4200 4199 4201 4202
f 4200 4202 4203 4174
f 4200 4174 4173 4178
f 4203 4202 4204 4205
f 4203 4205 4206 4170
f 4203 4170 4169 4174
f 4206 4205 4207 4208
f 4206 4208 4209 4166
f 4206 4166 4165 4170
f 4209 4208 4210 4211
f 4209 4211 4212 4162
f 4209 4162 4161 4166
f 4212 4211 4213 4214
f 4212 4214 4215 4158
f 4212 4158 4157 4162
f 4215 4214 4216 4217
f 4215 4217 4218 4154
f 4215 4154 4153 4158
f 4218 4217 4219 4220
f 4218 4220 4221 4150
f 4218 4150 4149 4154
f 4221 4220 4222 4223
f 4221 4223 4224 4146
f 4221 4146 4145 4150
f 4224 4223 4225 4226
f 4224 4226 4227 4142
f 4224 4142 4141 4146
f 4227 4226 4228 4229
f 4227 4229 4230 4138
f 4227 4138 4137 4142
f 4230 4229 4231 4232
f 4230 4232 4233 4134
f 4230 4134 4133 4138
f 4233 4232 4234 4235
f 4233 4235 4236 4130
f 4233 4130 4129 4134
f 4236 4235 4237 4238
f 4236 4238 4239 4240
f 4236 4240 4131 4130
f 4240 4239 4241 680
f 4240 680 679 4131
f 4241 4239 4242 4243
f 4241 4243 4244 4245
f 4241 4245 681 680
f 4245 4244 4246 3343
f 4245 3343 682 681
f 4246 4244 4247 4248
f 4246 4248 4249 3339
f 4246 3339 3338 3343
f 4249 4248 4250 4251
f 4249 4251 671 3334
f 4249 3334 3333 3339
f 4251 4250 4252 4253
f 4251 4253 672 671
f 4253 4252 4254 4255
f 4253 4255 4256 672
f 4256 4255 4257 4258
f 4256 4258 4259 4260
f 4256 4260 59 672
f 4260 4259 4261 4262
f 4260 4262 57 59
f 4262 4261 4263 4264
f 4262 4264 658 57
f 4264 4263 4265 3321
f 4264 3321 3320 658
f 4265 4263 4266 4267
f 4265 4267 4268 3317
f 4265 3317 3316 3321
f 4268 4267 4269 4270
f 4268 4270 4271 4272
f 4268 4272 3318 3317
f 4272 4271 4273 4274
f 4272 4274 876 3318
f 4274 4273 4275 4276
f 4274 4276 99 876
f 4276 4275 536 535
f 4276 535 539 99
f 4275 4273 4277 4278
f 4275 4278 399 536
f 4278 4277 4279 4280
f 4278 4280 3 399
f 4280 4279 4281 4282
f 4280 4282 395 3
f 4282 4281 4283 4284
f 4282 4284 4285 395
f 4285 4284 4286 4287
f 4285 4287 4288 4289
f 4285 4289 396 395
f 4289 4288 4290 4291
f 4289 4291 4292 396
f 4292 4291 4293 4294
f 4292 4294 4295 406
f 4292 406 397 396
f 4295 4294 4296 4297
f 4295 4297 4298 4299
f 4295 4299 407 406
f 4299 4298 4300 405
f 4299 405 404 407
f 4300 4298 4301 4302
f 4300 4302 4303 4304
f 4300 4304 402 405
f 4304 4303 416 415
f 4304 415 403 402
f 4303 4302 410 414
f 4303 414 422 416
f 4302 4301 411 410
f 4301 4298 4297 4305
f 4301 4305 4306 411
f 4306 4305 4307 4308
f 4306 4308 4309 4310
f 4306 4310 408 411
f 4310 4309 4311 4312
f 4310 4312 409 408
f 4312 4311 4313 4314
f 4312 4314 453 409
f 4314 4313 4315 4316
f 4314 4316 455 453
f 4316 4315 4317 4318
f 4316 4318 456 455
f 4319 4320 4321 4322
f 4322 4321 4323 4324
f 4324 4323 4325 4326
f 4326 4325 4327 4328
f 4327 4325 4329 4330
f 4327 4330 4331 4332
f 4331 4333 4334 4335
f 4334 4333 463 4336
f 4334 4336 4337 460
f 4337 4336 4338 4339
f 4337 4339 4340 4341
f 4337 4341 461 460
f 4341 4340 4342 4343
f 4341 4343 4344 461
f 4344 4345 459 461
f 4344 4343 4346 4347
f 4344 4347 4348 4345
f 4348 447 446 4345
f 4348 4347 4349 4350
f 4348 4350 4351 447
f 4351 2163 448 447
f 4351 4350 4352 2153
f 4351 2153 2152 2163
f 4352 4350 4349 4353
f 4352 4353 4354 4355
f 4352 4355 2154 2153
f 4355 4354 4356 4357
f 4355 4357 2155 2154
f 4357 4356 2174 2173
f 4357 2173 2179 2155
f 4356 4354 4358 4359
f 4356 4359 4360 2174
f 4360 4359 4361 4362
f 4360 4362 4363 4364
f 4360 4364 2175 2174
f 4364 4363 4365 2205
f 4364 2205 2176 2175
f 4365 4363 4366 4367
f 4365 4367 4368 4369
f 4365 4369 2203 2205
f 4369 4368 4370 4371
f 4369 4371 2204 2203
f 4371 4370 4372 4373
f 4371 4373 4374 2204
f 4374 4375 2196 2204
f 4374 4373 4376 4377
f 4374 4377 4378 4375
f 4378 4379 4380 4375
f 4378 4377 4381 4382
f 4378 4382 4383 4379
f 4383 4384 4385 4379
f 4383 4382 4386 4387
f 4383 4387 4388 4384
f 4388 4389 4390 4384
f 4388 4387 4391 4392
f 4388 4392 4393 4389
f 4393 4394 4395 4389
f 4393 4392 4396 4397
f 4393 4397 4398 4394
f 4398 4399 4400 4394
f 4398 4397 4321 4320
f 4398 4320 4401 4399
f 4400 4402 2183 4403
f 4400 4403 4395 4394
f 4400 4399 4404 4402
f 4404 4405 4406 4402
f 4404 4399 4401 4407
f 4404 4407 4408 4405
f 4408 4409 4410 4405
f 4408 4407 4313 4311
f 4408 4311 4309 4409
f 4410 4411 4412 4413
f 4410 4413 4406 4405
f 4410 4409 4414 4411
f 4414 4415 4416 4411
f 4414 4409 4309 4308
f 4414 4308 4307 4415
f 4416 4417 4418 4419
f 4416 4419 4412 4411
f 4416 4415 4420 4417
f 4420 4293 4421 4417
f 4420 4415 4307 4296
f 4420 4296 4294 4293
f 4421 4290 4422 4423
f 4421 4423 4418 4417
f 4421 4293 4291 4290
f 4423 4422 4424 4425
f 4423 4425 4426 4418
f 4426 4425 4427 4428
f 4426 4428 4429 4430
f 4426 4430 4419 4418
f 4430 4429 2151 2150
f 4430 2150 4412 4419
f 4429 4428 4431 4432
f 4429 4432 2180 2151
f 4432 4431 4433 4434
f 4432 4434 4435 2180
f 4435 4434 4436 2188
f 4435 2188 2187 4437
f 4435 4437 2181 2180
f 4437 2187 2189 4438
f 4437 4438 2182 2181
f 4438 2189 4439 4440
f 4438 4440 4441 2182
f 4441 4440 4442 4443
f 4441 4443 4395 4403
f 4441 4403 2183 2182
f 4443 4442 4444 4390
f 4443 4390 4389 4395
f 4444 4442 4445 4446
f 4444 4446 4447 4385
f 4444 4385 4384 4390
f 4447 4446 4448 2199
f 4447 2199 366 4380
f 4447 4380 4379 4385
f 4448 4449 4450 4451
f 4448 4451 2200 2199
f 4448 4446 4445 4449
f 4451 4450 4452 4453
f 4451 4453 4454 2200
f 4454 4453 2219 2218
f 4454 2218 4455 4456
f 4454 4456 2197 2200
f 4456 4455 2314 2313
f 4456 2313 2198 2197
f 4455 2218 2192 2191
f 4455 2191 4457 2314
f 4457 2191 2190 4458
f 4457 4458 4459 2311
f 4457 2311 2310 2314
f 4459 4458 2238 2232
f 4459 2232 2231 2307
f 4459 2307 2306 2311
f 4458 2190 2194 2238
f 4453 4452 2220 2219
f 4452 4460 4461 2220
f 4452 4450 4462 4460
f 4462 2185 2236 4460
f 4462 4450 4449 4463
f 4462 4463 2186 2185
f 4463 4449 4445 4439
f 4463 4439 2189 2186
f 4461 2194 2193 2220
f 4461 4460 2236 2235
f 4461 2235 2238 2194
f 4445 4442 4440 4439
f 4436 2233 372 2237
f 4436 2237 2184 2188
f 4436 4434 4433 2233
f 4433 4464 2234 2233
f 4433 4431 4465 4464
f 4465 4466 4467 4464
f 4465 4431 4428 4427
f 4465 4427 4468 4466
f 4468 4469 4470 4466
f 4468 4427 4425 4424
f 4468 4424 4471 4469
f 4471 4472 4473 4469
f 4471 4424 4422 4474
f 4471 4474 4475 4472
f 4475 4476 4477 4472
f 4475 4474 4288 4287
f 4475 4287 4286 4476
f 4477 4478 4479 4480
f 4477 4480 4473 4472
f 4477 4476 4481 4478
f 4481 4482 4483 4478
f 4481 4476 4286 4484
f 4481 4484 4485 4482
f 4485 4486 4487 4482
f 4485 4484 4283 4488
f 4485 4488 4489 4486
f 4489 4490 4491 4486
f 4489 4488 4492 4493
f 4489 4493 4494 4490
f 4494 4495 4496 4490
f 4494 4493 4497 4498
f 4494 4498 4499 4495
f 4499 4500 4501 4495
f 4499 4498 4502 4503
f 4499 4503 4504 4500
f 4504 4505 4506 4500
f 4504 4503 4507 4508
f 4504 4508 4509 4505
f 4509 4510 4511 4505
f 4509 4508 4512 4513
f 4509 4513 4514 4510
f 4514 4515 4516 4510
f 4514 4513 4259 4258
f 4514 4258 4257 4515
f 4516 525 524 4517
f 4516 4517 4511 4510
f 4516 4515 4518 525
f 4518 519 518 525
f 4518 4515 4257 4519
f 4518 4519 4520 519
f 4520 4521 520 519
f 4520 4519 4254 4522
f 4520 4522 4523 4521
f 4523 4524 4525 4521
f 4523 4522 4526 4527
f 4523 4527 4528 4524
f 4528 4529 4530 4524
f 4528 4531 4532 4529
f 4532 4533 4534 4529
f 4532 4531 4535 4536
f 4532 4536 4537 4533
f 4537 4538 4539 4533
f 4537 4536 4540 4541
f 4537 4541 4542 4538
f 4542 3442 3440 4538
f 4542 4541 4237 4543
f 4542 4543 4544 3442
f 4544 3446 3443 3442
f 4544 4543 4234 4545
f 4544 4545 4546 3446
f 4546 3451 3447 3446
f 4546 4545 4231 4547
f 4546 4547 4548 3451
f 4548 3456 3452 3451
f 4548 4547 4228 4549
f 4548 4549 4550 3456
f 4550 3461 3457 3456
f 4550 4549 4225 4551
f 4550 4551 4552 3461
f 4552 3466 3462 3461
f 4552 4551 4222 4553
f 4552 4553 4554 3466
f 4554 3471 3467 3466
f 4554 4553 4219 4555
f 4554 4555 4556 3471
f 4556 3476 3472 3471
f 4556 4555 4216 4557
f 4556 4557 4558 3476
f 4558 3481 3477 3476
f 4558 4557 4213 4559
f 4558 4559 4560 3481
f 4560 3486 3482 3481
f 4560 4559 4210 4561
f 4560 4561 4562 3486
f 4562 2141 3487 3486
f 4562 4561 4207 4563
f 4562 4563 2142 2141
f 4563 4207 4205 4204
f 4563 4204 2143 2142
f 4561 4210 4208 4207
f 4559 4213 4211 4210
f 4557 4216 4214 4213
f 4555 4219 4217 4216
f 4553 4222 4220 4219
f 4551 4225 4223 4222
f 4549 4228 4226 4225
f 4547 4231 4229 4228
f 4545 4234 4232 4231
f 4543 4237 4235 4234
f 4541 4540 4238 4237
f 4540 4536 4535 4242
f 4540 4242 4239 4238
f 4539 3439 3434 4564
f 4539 4564 4534 4533
f 4539 4538 3440 3439
f 4564 3434 3432 4565
f 4564 4565 4566 4534
f 4566 4565 4567 4568
f 4566 4568 4569 4530
f 4566 4530 4529 4534
f 4569 4568 4570 4571
f 4569 4571 521 4525
f 4569 4525 4524 4530
f 4571 4570 4572 4573
f 4571 4573 522 521
f 4573 4572 3418 4574
f 4573 4574 4575 522
f 4575 4574 3413 4576
f 4575 4576 4577 4578
f 4575 4578 24 522
f 4578 4577 4579 4580
f 4578 4580 517 24
f 4580 4579 4581 4582
f 4580 4582 523 517
f 4582 4581 4583 4584
f 4582 4584 4585 523
f 4585 4584 4586 4587
f 4585 4587 4511 4517
f 4585 4517 524 523
f 4587 4586 4588 4506
f 4587 4506 4505 4511
f 4588 4586 4589 4590
f 4588 4590 4591 4501
f 4588 4501 4500 4506
f 4591 4590 4592 4593
f 4591 4593 4594 4496
f 4591 4496 4495 4501
f 4594 4593 4595 4596
f 4594 4596 4597 4491
f 4594 4491 4490 4496
f 4597 4596 4598 4599
f 4597 4599 4600 4487
f 4597 4487 4486 4491
f 4600 4599 4601 4602
f 4600 4602 4603 4483
f 4600 4483 4482 4487
f 4603 4602 2285 4604
f 4603 4604 4605 4479
f 4603 4479 4478 4483
f 4605 4604 4606 4607
f 4605 4607 4608 4609
f 4605 4609 4480 4479
f 4609 4608 4610 4611
f 4609 4611 4473 4480
f 4611 4610 4612 4470
f 4611 4470 4469 4473
f 4612 4610 4613 4614
f 4612 4614 4615 4467
f 4612 4467 4466 4470
f 4615 4614 4616 4617
f 4615 4617 2230 2234
f 4615 2234 4464 4467
f 4617 4616 2260 4618
f 4617 4618 2231 2230
f 4618 2260 2259 2308
f 4618 2308 2307 2231
f 4616 4619 2261 2260
f 4616 4614 4613 4619
f 4619 4620 2262 2261
f 4619 4613 4621 4620
f 4621 4622 4623 4620
f 4621 4613 4610 4608
f 4621 4608 4607 4622
f 4623 4624 4625 4626
f 4623 4626 2262 4620
f 4623 4622 4627 4624
f 4627 2283 4628 4624
f 4627 4622 4607 4606
f 4627 4606 2284 2283
f 4628 2289 4629 4630
f 4628 4630 4625 4624
f 4628 2283 2282 2289
f 4630 4629 4631 4632
f 4630 4632 4633 4625
f 4633 4632 4634 4635
f 4633 4635 4636 4637
f 4633 4637 4626 4625
f 4637 4636 2264 2263
f 4637 2263 2262 4626
f 4636 4635 4638 4639
f 4636 4639 4640 2264
f 4640 4639 4641 4642
f 4640 4642 4643 4644
f 4640 4644 2265 2264
f 4644 4643 4645 4646
f 4644 4646 2268 2265
f 4646 4645 4647 2300
f 4646 2300 2299 2268
f 4647 4645 4648 4649
f 4647 4649 4650 4651
f 4647 4651 2301 2300
f 4651 4650 4652 4653
f 4651 4653 2293 2301
f 4653 4652 4654 4655
f 4653 4655 2294 2293
f 4655 4654 4656 4657
f 4655 4657 2295 2294
f 4657 4656 4658 4659
f 4657 4659 4660 2295
f 4660 4659 4661 4662
f 4660 4662 2255 2254
f 4660 2254 2258 2295
f 4662 4661 4663 4664
f 4662 4664 2326 2255
f 4664 4663 4665 2329
f 4664 2329 2327 2326
f 4665 4663 4666 4667
f 4665 4667 2335 2333
f 4665 2333 2330 2329
f 4667 4666 4668 4669
f 4667 4669 4670 2335
f 4670 4669 4671 4672
f 4670 4672 4673 2338
f 4670 2338 2336 2335
f 4673 4672 4674 4675
f 4673 4675 4676 4677
f 4673 4677 2339 2338
f 4677 4676 4678 4679
f 4677 4679 2340 2339
f 4679 4678 4680 4681
f 4679 4681 2342 2340
f 4681 4680 4682 4683
f 4681 4683 2344 2342
f 4683 4682 4684 4685
f 4683 4685 4686 2344
f 4686 4685 4687 4688
f 4686 4688 4689 2347
f 4686 2347 2345 2344
f 4689 4688 4690 4691
f 4689 4691 2074 340
f 4689 340 2079 2347
f 4691 4690 4692 4693
f 4691 4693 341 2074
f 4693 4692 4694 4695
f 4693 4695 4696 341
f 4695 4694 4697 4698
f 4695 4698 4699 4696
f 4699 4698 4700 4701
f 4699 4701 4702 4703
f 4699 4703 2075 4696
f 4703 4702 4704 4705
f 4703 4705 2076 2075
f 4705 4706 2080 2076
f 4705 4704 4707 4706
f 4707 4708 4709 4706
f 4707 4704 4710 4711
f 4707 4711 4712 4708
f 4712 4713 4714 4708
f 4712 4711 1850 1863
f 4712 1863 1866 4713
f 4714 1855 1854 4715
f 4714 4715 4709 4708
f 4714 4713 1858 1855
f 4715 1854 2362 2361
f 4715 2361 4716 4709
f 4716 2361 2357 2356
f 4716 2356 2077 2080
f 4716 2080 4706 4709
f 4713 1866 4717 1858
f 4717 1866 1865 4718
f 4717 4718 4719 4720
f 4717 4720 1859 1858
f 4720 4719 4721 4722
f 4720 4722 1860 1859
f 4722 4721 4723 4724
f 4722 4724 4725 1860
f 4725 4726 1861 1860
f 4725 4724 4727 4728
f 4725 4728 4729 4726
f 4729 4730 4731 4726
f 4729 4728 4732 4733
f 4729 4733 868 4730
f 4733 4732 819 822
f 4733 822 869 868
f 4732 4728 4727 4734
f 4732 4734 820 819
f 4734 4727 769 768
f 4734 768 839 820
f 4731 4735 4736 1862
f 4731 1862 1861 4726
f 4731 4730 4737 4735
f 4737 2385 2383 4735
f 4737 4730 868 98
f 4737 98 871 2385
f 4736 2381 2377 2376
f 4736 2376 1856 1862
f 4736 4735 2383 2381
f 4727 4724 4723 769
f 4723 4721 4738 4739
f 4723 4739 80 769
f 4739 4738 4740 4741
f 4739 4741 770 80
f 4741 4740 4742 4743
f 4741 4743 4744 770
f 4744 4743 4745 4746
f 4744 4746 778 777
f 4744 777 771 770
f 4746 4745 4747 4748
f 4746 4748 4749 778
f 4749 4748 4750 4751
f 4749 4751 4752 4753
f 4749 4753 779 778
f 4753 4752 4754 4755
f 4753 4755 741 779
f 741 4756 774 779
f 4755 4757 4758 741
f 4759 4760 4761 4756
f 4759 4762 4763 4760
f 4763 4764 4765 4760
f 4763 4762 4766 4767
f 4763 4767 4768 4764
f 4768 4769 4770 4764
f 4768 4767 4771 4772
f 4768 4772 4773 4769
f 4773 4774 4775 4769
f 4773 4772 4776 4777
f 4773 4777 4778 4774
f 4778 4777 4779 4780
f 4780 4781 4774 4778
f 4781 4782 4783 4774
f 4783 4784 4775 4774
f 4783 4785 6850 4784
f 4783 4782 4786 4785
f 4786 739 4787 4785
f 4785 4787 4788 4789
f 4785 4789 4790 6850
f 4790 4789 4793 4794
f 4790 4794 4795 4791
f 4795 4796 4797 4791
f 4795 4794 4798 4799
f 4795 4799 4800 4796
f 4800 4801 4802 4796
f 4800 4799 4803 4804
f 4800 4804 4805 4801
f 4805 4806 4807 4801
f 4805 4804 4808 4809
f 4805 4809 4810 4806
f 4810 4811 4812 4806
f 4810 4809 1949 4813
f 4810 4813 4814 4811
f 4814 4815 4816 4811
f 4814 4813 1946 1945
f 4814 1945 4817 4815
f 4817 4818 4819 4815
f 4817 1945 1944 4820
f 4817 4820 4821 4818
f 4821 4822 4823 4818
f 4821 4820 4824 4825
f 4821 4825 1875 4822
f 4825 4824 4826 4827
f 4825 4827 1876 1875
f 4827 4826 1911 4828
f 4827 4828 1877 1876
f 4828 1911 307 1884
f 4828 1884 1881 1877
f 4826 4824 1938 311
f 4826 311 1912 1911
f 4824 4820 1944 1938
f 4823 4829 4830 4831
f 4823 4831 4819 4818
f 4823 4822 4832 4829
f 4832 4833 4834 4829
f 4832 4822 1875 1874
f 4832 1874 1879 4833
f 4834 4833 4835 4836
f 4834 4836 1896 1895
f 4834 1895 4830 4829
f 4836 4835 4837 4838
f 4836 4838 4839 1896
f 4839 4838 4840 4841
f 4839 4841 4842 4843
f 4839 4843 1897 1896
f 4843 4842 1823 1822
f 4843 1822 1821 1897
f 4842 4841 4844 4845
f 4842 4845 4846 1823
f 4846 4845 4847 4848
f 4846 4848 4849 4850
f 4846 4850 1818 1823
f 4850 4849 4851 4852
f 4850 4852 1819 1818
f 4852 4853 4854 1819
f 4852 4851 4855 4853
f 4855 4856 4857 4853
f 4855 4851 4858 4859
f 4855 4859 4860 4856
f 4860 4861 4862 4856
f 4860 4859 4863 4864
f 4860 4864 4865 4861
f 4865 4866 4867 4861
f 4865 4864 4868 4869
f 4865 4869 4870 4866
f 4870 4871 4872 4866
f 4870 4869 4873 4874
f 4870 4874 4875 4871
f 4875 4876 4877 4871
f 4875 4874 4878 4879
f 4875 4879 4880 4876
f 4880 4881 4882 4876
f 4880 4879 4883 4884
f 4880 4884 4885 4881
f 4885 4886 4887 4881
f 4885 4884 4888 4889
f 4885 4889 4890 4886
f 4890 4891 4892 4886
f 4890 4889 4893 4894
f 4890 4894 4895 4891
f 4895 4896 4897 4891
f 4895 4894 4898 4899
f 4895 4899 4900 4896
f 4900 4901 4902 4896
f 4900 4899 4903 4904
f 4900 4904 4905 4901
f 4905 4906 4907 4901
f 4905 4904 4908 4909
f 4905 4909 4910 4906
f 4910 4911 4912 4906
f 4910 4909 4913 4914
f 4910 4914 4915 4911
f 4915 4916 4917 4911
f 4915 4914 4918 4919
f 4915 4919 4920 4916
f 4920 4921 4922 4916
f 4920 4919 4923 4924
f 4920 4924 4925 4921
f 4925 4926 4927 4921
f 4925 4924 4928 4929
f 4925 4929 4930 4926
f 4930 4931 4932 4926
f 4930 4929 4933 4934
f 4930 4934 4935 4931
f 4935 4936 4937 4931
f 4935 4934 4938 4939
f 4935 4939 4940 4936
f 4940 4941 4942 4936
f 4940 4939 4943 4944
f 4940 4944 4945 4941
f 4945 4946 1660 4941
f 4945 4944 4947 4948
f 4945 4948 4949 4946
f 4949 4950 4951 4946
f 4949 4948 4952 4953
f 4949 4953 4954 4950
f 4954 4955 4956 4950
f 4954 4953 4957 4958
f 4954 4958 4959 4955
f 4959 4960 4961 4955
f 4959 4958 4962 4963
f 4959 4963 4964 4960
f 4964 4965 4966 4960
f 4964 4963 4967 4968
f 4964 4968 4969 4965
f 4969 4970 4971 4965
f 4969 4968 4972 4973
f 4969 4973 4974 4970
f 4974 4975 4976 4970
f 4974 4973 4977 4978
f 4974 4978 4979 4975
f 4979 4980 4981 4975
f 4979 4978 4982 4983
f 4979 4983 4984 4980
f 4984 4985 4986 4980
f 4984 4983 4987 4988
f 4984 4988 4989 4985
f 4989 4990 4991 4985
f 4989 4988 4992 4993
f 4989 4993 4994 4990
f 4994 4995 4996 4990
f 4994 4993 4997 4998
f 4994 4998 4999 4995
f 4999 5000 5001 4995
f 4999 4998 5002 5003
f 4999 5003 5004 5000
f 5004 5005 5006 5000
f 5004 5003 4648 5007
f 5004 5007 5008 5005
f 5008 5009 5010 5005
f 5008 5007 4643 4642
f 5008 4642 4641 5009
f 5010 5011 5012 5013
f 5010 5013 5006 5005
f 5010 5009 2222 5011
f 5013 5012 5014 5015
f 5013 5015 5016 5006
f 5016 5015 5017 5018
f 5016 5018 5019 5001
f 5016 5001 5000 5006
f 5019 5018 5020 5021
f 5019 5021 5022 4996
f 5019 4996 4995 5001
f 5022 5021 5023 5024
f 5022 5024 5025 4991
f 5022 4991 4990 4996
f 5025 5024 5026 5027
f 5025 5027 5028 4986
f 5025 4986 4985 4991
f 5028 5027 5029 5030
f 5028 5030 5031 4981
f 5028 4981 4980 4986
f 5031 5030 5032 5033
f 5031 5033 5034 4976
f 5031 4976 4975 4981
f 5034 5033 5035 5036
f 5034 5036 5037 4971
f 5034 4971 4970 4976
f 5037 5036 5038 5039
f 5037 5039 5040 4966
f 5037 4966 4965 4971
f 5040 5039 5041 5042
f 5040 5042 5043 4961
f 5040 4961 4960 4966
f 5043 5042 5044 1656
f 5043 1656 1655 4956
f 5043 4956 4955 4961
f 5044 5045 5046 5047
f 5044 5047 1653 1656
f 5044 5042 5041 5045
f 5047 5046 1629 1628
f 5047 1628 1654 1653
f 5046 5048 1632 1629
f 5046 5045 5049 5048
f 5049 5050 5051 5048
f 5049 5045 5041 5052
f 5049 5052 5053 5050
f 5053 5054 5055 5050
f 5053 5052 5038 5056
f 5053 5056 5057 5054
f 5057 5058 5059 5054
f 5057 5056 5035 5060
f 5057 5060 5061 5058
f 5061 5062 5063 5058
f 5061 5060 5032 5064
f 5061 5064 5065 5062
f 5065 5066 5067 5062
f 5065 5064 5029 5068
f 5065 5068 5069 5066
f 5069 5070 5071 5066
f 5069 5068 5026 5072
f 5069 5072 5073 5070
f 5073 5074 5075 5070
f 5073 5072 5023 5076
f 5073 5076 5077 5074
f 5077 5078 5079 5074
f 5077 5076 5020 5080
f 5077 5080 5081 5078
f 5081 5082 5083 5078
f 5081 5080 5017 5084
f 5081 5084 5085 5082
f 5085 5086 5087 5082
f 5085 5084 5014 5088
f 5085 5088 5089 5086
f 5089 5090 5091 5086
f 5089 5088 5092 5093
f 5089 5093 5094 5090
f 5094 5095 5096 5090
f 5094 5093 2227 2229
f 5094 2229 5097 5095
f 5097 2229 2226 2225
f 5097 2225 5098 5099
f 5097 5099 5100 5095
f 5100 5099 5101 5102
f 5100 5102 5103 5104
f 5100 5104 5096 5095
f 5104 5103 5105 5106
f 5104 5106 5107 5096
f 5107 5091 5090 5096
f 5107 5106 5108 5109
f 5107 5109 5110 5091
f 5110 5109 5111 5112
f 5110 5112 5113 5087
f 5110 5087 5086 5091
f 5113 5112 5114 5115
f 5113 5115 5116 5083
f 5113 5083 5082 5087
f 5116 5115 5117 5118
f 5116 5118 5119 5079
f 5116 5079 5078 5083
f 5119 5118 5120 5121
f 5119 5121 5122 5075
f 5119 5075 5074 5079
f 5122 5121 5123 5124
f 5122 5124 5125 5071
f 5122 5071 5070 5075
f 5125 5124 5126 5127
f 5125 5127 5128 5067
f 5125 5067 5066 5071
f 5128 5127 1638 1637
f 5128 1637 1642 5063
f 5128 5063 5062 5067
f 5127 5126 1639 1638
f 5126 5129 5130 1639
f 5126 5124 5123 5129
f 5130 1625 251 1631
f 5130 1631 1634 1639
f 5130 5129 1626 1625
f 5129 5123 5131 1626
f 5131 5132 1627 1626
f 5131 5123 5121 5120
f 5131 5120 5133 5132
f 5133 5134 5135 5132
f 5133 5120 5118 5117
f 5133 5117 5136 5134
f 5136 5137 5138 5134
f 5136 5117 5115 5114
f 5136 5114 5139 5137
f 5139 5140 5141 5137
f 5139 5114 5112 5111
f 5139 5111 5142 5140
f 5142 5111 5109 5108
f 5142 5108 5143 5144
f 5142 5144 5145 5140
f 5145 5144 5146 5147
f 5145 5147 5148 5149
f 5145 5149 5141 5140
f 5149 5148 5150 5151
f 5149 5151 5152 5141
f 5152 5138 5137 5141
f 5152 5151 5153 5154
f 5152 5154 5155 5138
f 5155 5135 5134 5138
f 5155 5154 5156 5157
f 5155 5157 5158 5135
f 5158 5157 5159 5160
f 5158 5160 250 1627
f 5158 1627 5132 5135
f 5160 5159 1650 1654
f 5160 1654 1628 250
f 5159 5161 1651 1650
f 5159 5157 5156 5161
f 5161 5156 5162 5163
f 5161 5163 5164 1651
f 5164 5163 5165 5166
f 5164 5166 5167 5168
f 5164 5168 1652 1651
f 5168 5167 5169 5170
f 5168 5170 1657 1652
f 5170 5169 4942 1659
f 5170 1659 258 1657
f 5169 5167 5171 4937
f 5169 4937 4936 4942
f 5171 5167 5166 5172
f 5171 5172 5173 4932
f 5171 4932 4931 4937
f 5173 5172 5174 5175
f 5173 5175 5176 4927
f 5173 4927 4926 4932
f 5176 5175 5177 5178
f 5176 5178 5179 4922
f 5176 4922 4921 4927
f 5179 5178 5180 5181
f 5179 5181 5182 4917
f 5179 4917 4916 4922
f 5182 5181 5183 5184
f 5182 5184 5185 4912
f 5182 4912 4911 4917
f 5185 5184 5186 5187
f 5185 5187 5188 4907
f 5185 4907 4906 4912
f 5188 5187 5189 5190
f 5188 5190 5191 4902
f 5188 4902 4901 4907
f 5191 5190 5192 5193
f 5191 5193 5194 4897
f 5191 4897 4896 4902
f 5194 5193 5195 5196
f 5194 5196 5197 4892
f 5194 4892 4891 4897
f 5197 5196 5198 5199
f 5197 5199 5200 4887
f 5197 4887 4886 4892
f 5200 5199 5201 5202
f 5200 5202 5203 4882
f 5200 4882 4881 4887
f 5203 5202 5204 5205
f 5203 5205 5206 4877
f 5203 4877 4876 4882
f 5206 5205 5207 5208
f 5206 5208 5209 4872
f 5206 4872 4871 4877
f 5209 5208 5210 5211
f 5209 5211 5212 4867
f 5209 4867 4866 4872
f 5212 5211 5213 5214
f 5212 5214 5215 4862
f 5212 4862 4861 4867
f 5215 5214 5216 5217
f 5215 5217 5218 4857
f 5215 4857 4856 4862
f 5218 5217 1830 1826
f 5218 1826 1825 4854
f 5218 4854 4853 4857
f 5217 5216 5219 1830
f 5219 1842 1827 1830
f 5219 5216 1845 1844
f 5219 1844 5220 1842
f 5220 5221 1843 1842
f 5220 1844 5222 5223
f 5220 5223 5224 5221
f 5224 5225 5226 5221
f 5224 5223 5227 5228
f 5224 5228 1841 5225
f 5228 5227 5229 5230
f 5228 5230 1836 1841
f 5230 5229 5231 5232
f 5230 5232 1837 1836
f 5232 5231 5204 5233
f 5232 5233 5234 1837
f 5234 5235 1838 1837
f 5234 5233 5201 5236
f 5234 5236 5237 5235
f 5237 5238 5239 5235
f 5237 5236 5198 5240
f 5237 5240 5241 5238
f 5241 5242 5243 5238
f 5241 5240 5195 5244
f 5241 5244 5245 5242
f 5245 5246 5247 5242
f 5245 5244 5192 5248
f 5245 5248 5249 5246
f 5249 5250 5251 5246
f 5249 5248 5189 5252
f 5249 5252 5253 5250
f 5253 5254 5255 5250
f 5253 5252 5186 5256
f 5253 5256 5257 5254
f 5257 5258 5259 5254
f 5257 5256 5183 5260
f 5257 5260 5261 5258
f 5261 5262 5263 5258
f 5261 5260 5180 5264
f 5261 5264 5265 5262
f 5265 5266 5150 5262
f 5265 5264 5177 5267
f 5265 5267 5268 5266
f 5268 5162 5153 5266
f 5268 5267 5174 5165
f 5268 5165 5163 5162
f 5267 5177 5175 5174
f 5266 5153 5151 5150
f 5264 5180 5178 5177
f 5263 5148 5147 5269
f 5263 5269 5259 5258
f 5263 5262 5150 5148
f 5269 5147 5146 5270
f 5269 5270 5271 5259
f 5271 5270 5272 5273
f 5271 5273 5274 5255
f 5271 5255 5254 5259
f 5274 5273 5275 5276
f 5274 5276 5277 5251
f 5274 5251 5250 5255
f 5277 5276 5278 5279
f 5277 5279 5280 5247
f 5277 5247 5246 5251
f 5280 5279 2069 2068
f 5280 2068 2067 5243
f 5280 5243 5242 5247
f 5279 5278 5281 2069
f 5281 5282 5283 5284
f 5281 5284 2063 2069
f 5281 5278 5285 5282
f 5285 5286 5287 5282
f 5285 5278 5276 5275
f 5285 5275 5288 5286
f 5288 5289 5290 5286
f 5288 5275 5273 5272
f 5288 5272 5291 5289
f 5291 5143 5105 5289
f 5291 5272 5270 5146
f 5291 5146 5144 5143
f 5290 5103 5102 5292
f 5290 5292 5287 5286
f 5290 5289 5105 5103
f 5292 5102 5101 5293
f 5292 5293 5294 5287
f 5294 5293 5295 5296
f 5294 5296 5297 5283
f 5294 5283 5282 5287
f 5297 5296 5298 5299
f 5297 5299 5300 5301
f 5297 5301 5284 5283
f 5301 5300 5302 2064
f 5301 2064 2063 5284
f 5302 5303 5304 5305
f 5302 5305 2065 2064
f 5302 5300 2073 5303
f 5305 5304 5306 5307
f 5305 5307 5308 2065
f 5308 5307 5309 5310
f 5308 5310 5226 5311
f 5308 5311 339 2065
f 5311 5226 5225 5312
f 5311 5312 2066 339
f 5312 5225 1841 1840
f 5312 1840 1839 2066
f 5310 5309 1842 1843
f 5310 1843 5221 5226
f 5309 5313 5314 1842
f 5309 5307 5306 5313
f 5314 5315 5316 1828
f 5314 1828 1827 1842
f 5314 5313 5317 5315
f 5317 5318 5319 5315
f 5317 5313 5306 5320
f 5317 5320 5321 5318
f 5321 5322 5323 5318
f 5321 5320 5324 5325
f 5321 5325 5326 5322
f 5326 5327 5328 5322
f 5326 5325 5329 5330
f 5326 5330 5331 5327
f 5331 5332 5333 5327
f 5331 5330 378 2275
f 5331 2275 5334 5332
f 5334 2275 2274 5335
f 5334 5335 2281 2278
f 5334 2278 2277 5332
f 5335 2274 4631 4629
f 5335 4629 2289 2281
f 5333 5336 5337 5338
f 5333 5338 5328 5327
f 5333 5332 2277 5336
f 5338 5337 5339 5340
f 5338 5340 5341 5328
f 5341 5340 5342 5343
f 5341 5343 5344 5323
f 5341 5323 5322 5328
f 5344 5343 5345 5346
f 5344 5346 5347 5319
f 5344 5319 5318 5323
f 5347 5346 5348 5349
f 5347 5349 5350 5316
f 5347 5316 5315 5319
f 5350 5349 5351 5352
f 5350 5352 1892 1829
f 5350 1829 1828 5316
f 5352 5351 5353 5354
f 5352 5354 5355 1892
f 5355 5354 5356 5357
f 5355 5357 5358 5359
f 5355 5359 301 1892
f 5359 5358 5360 5361
f 5359 5361 1893 301
f 5361 5360 5362 5363
f 5361 5363 5364 1893
f 5364 5363 5365 5366
f 5364 5366 5367 5368
f 5364 5368 1894 1893
f 5368 5367 4819 4831
f 5368 4831 4830 1894
f 5367 5366 5369 4816
f 5367 4816 4815 4819
f 5369 5366 5365 5370
f 5369 5370 5371 4812
f 5369 4812 4811 4816
f 5371 5370 5372 5373
f 5371 5373 5374 4807
f 5371 4807 4806 4812
f 5374 5373 5375 5376
f 5374 5376 5377 4802
f 5374 4802 4801 4807
f 5377 5376 5378 5379
f 5377 5379 5380 4797
f 5377 4797 4796 4802
f 5380 5379 5381 5382
f 5380 4792 6850 4791 4797
f 4792 5383 4784 6850
f 5383 4792 5384 5385
f 5383 5385 5386 5387
f 5383 5387 4775 4784
f 5387 5386 5388 4770
f 5387 4770 4769 4775
f 5388 5386 5389 5390
f 5388 5390 5391 4765
f 5388 4765 4764 4770
f 5391 5390 5392 5393
f 5391 5393 775 4761
f 5391 4761 4760 4765
f 5393 5392 5394 5395
f 5393 5395 776 775
f 5395 5394 761 5396
f 5395 5396 5397 776
f 5397 5396 766 5398
f 5397 5398 772 771
f 5397 771 777 776
f 5398 766 765 5399
f 5398 5399 773 772
f 5399 765 764 5400
f 5399 5400 5401 773
f 5401 829 828 840
f 5401 840 767 773
f 5401 5400 830 829
f 5400 764 5402 830
f 5402 827 824 830
f 5402 764 763 5403
f 5402 5403 844 827
f 5403 763 756 5404
f 5403 5404 845 844
f 5404 756 755 5405
f 5404 5405 5406 845
f 5406 5405 748 5407
f 5406 5407 5408 5409
f 5406 5409 846 845
f 5409 5408 5410 5411
f 5409 5411 849 846
f 5411 5410 3311 3309
f 5411 3309 3308 849
f 5410 5408 5412 5413
f 5410 5413 3313 3311
f 5413 5412 3326 3324
f 5413 3324 3322 3313
f 5405 755 749 748
f 5396 761 760 766
f 5394 5414 762 761
f 5394 5392 5415 5414
f 5415 5416 759 5414
f 5415 5392 5390 5389
f 5415 5389 5417 5416
f 5417 5418 5419 5416
f 5417 5389 5386 5385
f 5417 5385 5384 5418
f 5419 5420 752 751
f 5419 751 759 5416
f 5419 5418 5421 5420
f 5421 5422 5423 5420
f 5421 5418 5384 5382
f 5421 5382 5381 5422
f 5423 742 746 753
f 5423 753 752 5420
f 5423 5422 743 742
f 5422 5381 5424 743
f 5424 5425 744 743
f 5424 5381 5379 5378
f 5424 5378 5426 5425
f 5426 5427 5428 5425
f 5426 5378 5376 5375
f 5426 5375 5429 5427
f 5429 5430 5431 5427
f 5429 5375 5373 5372
f 5429 5372 5432 5430
f 5432 5362 5433 5430
f 5432 5372 5370 5365
f 5432 5365 5363 5362
f 5433 5434 5435 5436
f 5433 5436 5431 5430
f 5433 5362 5360 5434
f 5436 5435 732 737
f 5436 737 5437 5431
f 5437 737 736 5438
f 5437 5438 747 5428
f 5437 5428 5427 5431
f 5438 736 735 5439
f 5438 5439 745 747
f 5439 735 750 5440
f 5439 5440 746 745
f 5440 750 749 754
f 5440 754 753 746
f 5435 5441 733 732
f 5435 5434 5442 5441
f 5442 5443 5444 5441
f 5442 5434 5360 5358
f 5442 5358 5357 5443
f 5444 5445 5446 5447
f 5444 5447 733 5441
f 5444 5443 5448 5445
f 5448 5449 5450 5445
f 5448 5443 5357 5356
f 5448 5356 5451 5449
f 5451 5452 5453 5449
f 5451 5356 5354 5353
f 5451 5353 5454 5452
f 5454 5455 5456 5452
f 5454 5353 5351 5457
f 5454 5457 5458 5455
f 5458 5459 5460 5455
f 5458 5457 5348 5461
f 5458 5461 5462 5459
f 5462 5463 5464 5459
f 5462 5461 5345 5465
f 5462 5465 5466 5463
f 5466 3356 3354 5463
f 5466 5465 5342 5467
f 5466 5467 3358 3356
f 5467 5342 5340 5339
f 5467 5339 5468 3358
f 5468 3361 3359 3358
f 5468 5339 5337 5469
f 5468 5469 5470 3361
f 5470 3365 3362 3361
f 5470 5469 5471 5472
f 5470 5472 5473 3365
f 5473 3370 3366 3365
f 5473 5472 2280 5474
f 5473 5474 5475 3370
f 5475 3375 3371 3370
f 5475 5474 5476 5477
f 5475 5477 2087 3375
f 5477 5476 5478 5479
f 5477 5479 2085 2087
f 5479 5478 5480 2084
f 5479 2084 2083 2085
f 5480 5478 2287 2288
f 5480 2288 5481 2129
f 5480 2129 351 2084
f 5481 2288 2286 4601
f 5481 4601 4599 4598
f 5481 4598 2130 2129
f 5478 5476 2279 2287
f 5476 5474 2280 2279
f 5472 5471 2276 2280
f 5471 5469 5337 5336
f 5471 5336 2277 2276
f 5465 5345 5343 5342
f 5464 3352 3349 3348
f 5464 3348 5460 5459
f 5464 5463 3354 3352
f 5461 5348 5346 5345
f 5460 3348 3346 5482
f 5460 5482 5456 5455
f 5482 3346 3344 5483
f 5482 5483 5484 5456
f 5484 5483 3340 5485
f 5484 5485 5486 5453
f 5484 5453 5452 5456
f 5486 5485 3335 5487
f 5486 5487 5488 5450
f 5486 5450 5449 5453
f 5488 5487 3330 5489
f 5488 5489 5490 5446
f 5488 5446 5445 5450
f 5489 3330 3327 3326
f 5489 3326 5412 5490
f 5487 3335 3331 3330
f 5485 3340 3336 3335
f 5483 3344 3341 3340
f 5457 5351 5349 5348
f 5447 5446 5490 76
f 5447 76 734 733
f 5428 747 744 5425
f 5414 759 758 762
f 5384 4792 5380 5382
f 5330 5329 2269 378
f 5329 5325 5324 5491
f 5329 5491 2072 2269
f 5491 5324 5304 5303
f 5491 5303 2073 2072
f 5324 5320 5306 5304
f 5300 5299 2070 2073
f 5299 5298 2071 2070
f 5298 5492 2270 2071
f 5298 5296 5295 5492
f 5492 5493 2271 2270
f 5492 5295 5494 5493
f 5494 5098 5495 5493
f 5494 5295 5293 5101
f 5494 5101 5099 5098
f 5495 2224 5496 2272
f 5495 2272 2271 5493
f 5495 5098 2225 2224
f 5496 2224 370 5497
f 5496 5497 4634 5498
f 5496 5498 2273 2272
f 5498 4634 4632 4631
f 5498 4631 2274 2273
f 5497 370 2223 4638
f 5497 4638 4635 4634
f 5260 5183 5181 5180
f 5256 5186 5184 5183
f 5252 5189 5187 5186
f 5248 5192 5190 5189
f 5244 5195 5193 5192
f 5243 2067 5239 5238
f 5240 5198 5196 5195
f 5239 2067 2066 1839
f 5239 1839 1838 5235
f 5236 5201 5199 5198
f 5233 5204 5202 5201
f 5231 5229 5499 5207
f 5231 5207 5205 5204
f 5499 5229 5227 5500
f 5499 5500 5501 5210
f 5499 5210 5208 5207
f 5501 5500 5222 1846
f 5501 1846 1845 5213
f 5501 5213 5211 5210
f 5500 5227 5223 5222
f 5216 5214 5213 1845
f 5174 5172 5166 5165
f 5162 5156 5154 5153
f 5143 5108 5106 5105
f 5093 5092 2228 2227
f 5092 5088 5014 5012
f 5092 5012 5011 2228
f 5084 5017 5015 5014
f 5080 5020 5018 5017
f 5076 5023 5021 5020
f 5072 5026 5024 5023
f 5068 5029 5027 5026
f 5064 5032 5030 5029
f 5063 1642 5059 5058
f 5060 5035 5033 5032
f 5059 1642 1636 1643
f 5059 1643 5055 5054
f 5056 5038 5036 5035
f 5055 1643 1641 1640
f 5055 1640 5051 5050
f 5052 5041 5039 5038
f 5051 1640 1635 1633
f 5051 1633 1632 5048
f 5011 2222 2221 2228
f 5009 4641 2223 2222
f 5007 4648 4645 4643
f 5003 5002 4649 4648
f 5002 4998 4997 5502
f 5002 5502 4650 4649
f 5502 4997 5503 5504
f 5502 5504 4652 4650
f 5504 5503 5505 5506
f 5504 5506 4654 4652
f 5506 5505 5507 5508
f 5506 5508 4656 4654
f 5508 5507 5509 5510
f 5508 5510 4658 4656
f 5510 5509 5511 5512
f 5510 5512 5513 4658
f 5513 5512 4668 4666
f 5513 4666 4663 4661
f 5513 4661 4659 4658
f 5512 5511 5514 4668
f 5514 5511 5515 5516
f 5514 5516 5517 4671
f 5514 4671 4669 4668
f 5517 5516 5518 5519
f 5517 5519 5520 4674
f 5517 4674 4672 4671
f 5520 5519 5521 5522
f 5520 5522 5523 5524
f 5520 5524 4675 4674
f 5524 5523 5525 5526
f 5524 5526 4676 4675
f 5526 5525 5527 5528
f 5526 5528 4678 4676
f 5528 5527 5529 5530
f 5528 5530 4680 4678
f 5530 5529 5531 5532
f 5530 5532 4682 4680
f 5532 5531 5533 5534
f 5532 5534 4684 4682
f 5534 5533 5535 5536
f 5534 5536 5537 4684
f 5537 5536 5538 5539
f 5537 5539 5540 4687
f 5537 4687 4685 4684
f 5540 5539 5541 5542
f 5540 5542 4692 4690
f 5540 4690 4688 4687
f 5542 5541 5543 5544
f 5542 5544 4694 4692
f 5544 5543 5545 5546
f 5544 5546 4697 4694
f 5546 5545 5547 5548
f 5546 5548 5549 4697
f 5549 5548 5550 5551
f 5549 5551 5552 4700
f 5549 4700 4698 4697
f 5552 5551 5553 5554
f 5552 5554 5555 5556
f 5552 5556 4701 4700
f 5556 5555 1852 5557
f 5556 5557 4702 4701
f 5557 1852 1851 4710
f 5557 4710 4704 4702
f 5555 5554 1831 1833
f 5555 1833 1847 1852
f 5558 5559 5560 5561
f 5561 5560 5562 5563
f 5563 5562 5564 5565
f 5565 5564 5566 5567
f 5567 5566 5568 5569
f 5569 5568 5570 5571
f 5571 5570 5572 5573
f 5573 5572 5574 5575
f 5575 5574 5576 5577
f 5577 5576 5578 5579
f 5579 5578 5580 5581
f 5582 5583 5584 1902
f 5584 5583 5585 5586
f 5584 5586 5587 5588
f 5584 5588 1903 1902
f 5588 5587 5589 5590
f 5588 5590 5591 1903
f 5591 5590 5592 5593
f 5591 5593 5594 5595
f 5591 5595 1834 1903
f 5595 5594 5596 5597
f 5595 5597 1835 1834
f 5597 5596 1889 1904
f 5597 1904 1849 1835
f 5596 5594 5598 5599
f 5596 5599 1890 1889
f 5599 5598 5600 5601
f 5599 5601 1891 1890
f 5601 5600 5602 5603
f 5601 5603 1898 1891
f 5603 5602 5604 5605
f 5603 5605 5606 1898
f 5606 5605 5607 5608
f 5606 5608 5609 5610
f 5606 5610 1899 1898
f 5610 5609 5611 5612
f 5610 5612 1900 1899
f 5612 5611 5613 5614
f 5612 5614 5615 1900
f 5615 5616 1887 5617
f 5615 5617 1901 1900
f 5615 5614 1868 5616
f 5617 1887 1880 1883
f 5617 1883 5618 1901
f 5618 1883 1882 1917
f 5618 1917 1916 1864
f 5618 1864 303 1901
f 5616 1888 1885 1887
f 5616 1868 1867 1888
f 5614 5613 1869 1868
f 5613 5611 5619 5620
f 5613 5620 1872 1869
f 5620 5619 5621 5622
f 5620 5622 1878 1872
f 5622 5621 5623 5624
f 5622 5624 1879 1878
f 5624 5623 4837 4835
f 5624 4835 4833 1879
f 5623 5621 5625 5626
f 5623 5626 5627 4837
f 5627 5626 5628 5629
f 5627 5629 5630 4840
f 5627 4840 4838 4837
f 5630 5629 5631 5632
f 5630 5632 5633 4844
f 5630 4844 4841 4840
f 5633 5632 5634 5635
f 5633 5635 5636 4847
f 5633 4847 4845 4844
f 5636 5635 5637 5638
f 5636 5638 5639 5640
f 5636 5640 4848 4847
f 5640 5639 5641 5642
f 5640 5642 4849 4848
f 5642 5641 5643 4858
f 5642 4858 4851 4849
f 5643 4863 4859 4858
f 5643 5641 5644 5645
f 5643 5645 5646 4863
f 5646 4868 4864 4863
f 5646 5645 5647 5648
f 5646 5648 5649 4868
f 5649 4873 4869 4868
f 5649 5648 5650 5651
f 5649 5651 5652 4873
f 5652 4878 4874 4873
f 5652 5651 5653 5654
f 5652 5654 5655 4878
f 5655 4883 4879 4878
f 5655 5654 5656 5657
f 5655 5657 5658 4883
f 5658 4888 4884 4883
f 5658 5657 5659 5660
f 5658 5660 5661 4888
f 5661 4893 4889 4888
f 5661 5660 5662 5663
f 5661 5663 5664 4893
f 5664 4898 4894 4893
f 5664 5663 5665 5666
f 5664 5666 5667 4898
f 5667 4903 4899 4898
f 5667 5666 5668 5669
f 5667 5669 5670 4903
f 5670 4908 4904 4903
f 5670 5669 5671 5672
f 5670 5672 5673 4908
f 5673 4913 4909 4908
f 5673 5672 5674 5675
f 5673 5675 5676 4913
f 5676 4918 4914 4913
f 5676 5675 5677 5678
f 5676 5678 5679 4918
f 5679 4923 4919 4918
f 5679 5678 5680 5681
f 5679 5681 5682 4923
f 5682 4928 4924 4923
f 5682 5681 5683 5684
f 5682 5684 5685 4928
f 5685 4933 4929 4928
f 5685 5684 5686 5687
f 5685 5687 5688 4933
f 5688 4938 4934 4933
f 5688 5687 5689 5690
f 5688 5690 5691 4938
f 5691 4943 4939 4938
f 5691 5690 5692 5693
f 5691 5693 5694 4943
f 5694 4947 4944 4943
f 5694 5693 5695 5696
f 5694 5696 5697 4947
f 5697 4952 4948 4947
f 5697 5696 5698 5699
f 5697 5699 5700 4952
f 5700 4957 4953 4952
f 5700 5699 5701 5702
f 5700 5702 5703 4957
f 5703 4962 4958 4957
f 5703 5702 5704 5705
f 5703 5705 5706 4962
f 5706 4967 4963 4962
f 5706 5705 5707 5708
f 5706 5708 5709 4967
f 5709 4972 4968 4967
f 5709 5708 5710 5711
f 5709 5711 5712 4972
f 5712 4977 4973 4972
f 5712 5711 5713 5714
f 5712 5714 5715 4977
f 5715 4982 4978 4977
f 5715 5714 5716 5717
f 5715 5717 5718 4982
f 5718 4987 4983 4982
f 5718 5717 5719 5720
f 5718 5720 5721 4987
f 5721 4992 4988 4987
f 5721 5720 5507 5505
f 5721 5505 5503 4992
f 5720 5719 5509 5507
f 5719 5717 5716 5515
f 5719 5515 5511 5509
f 5716 5714 5713 5518
f 5716 5518 5516 5515
f 5713 5711 5710 5521
f 5713 5521 5519 5518
f 5710 5708 5707 5722
f 5710 5722 5522 5521
f 5722 5707 5723 5724
f 5722 5724 5523 5522
f 5724 5723 5725 5726
f 5724 5726 5525 5523
f 5726 5725 5727 5728
f 5726 5728 5527 5525
f 5728 5727 5729 5730
f 5728 5730 5529 5527
f 5730 5729 5731 5732
f 5730 5732 5531 5529
f 5732 5731 5733 5734
f 5732 5734 5533 5531
f 5734 5733 5735 5736
f 5734 5736 5535 5533
f 5736 5735 5737 5738
f 5736 5738 5739 5535
f 5739 5738 5740 5741
f 5739 5741 5742 5538
f 5739 5538 5536 5535
f 5742 5741 5743 5744
f 5742 5744 5543 5541
f 5742 5541 5539 5538
f 5744 5743 5745 5746
f 5744 5746 5545 5543
f 5746 5745 5747 5748
f 5746 5748 5547 5545
f 5748 5747 5749 5750
f 5748 5750 5751 5547
f 5751 5750 5752 5753
f 5751 5753 5754 5550
f 5751 5550 5548 5547
f 5754 5753 5755 5559
f 5754 5559 5558 5553
f 5754 5553 5551 5550
f 5755 5753 5752 5756
f 5755 5756 5757 5758
f 5755 5758 5560 5559
f 5758 5757 5759 5760
f 5758 5760 5562 5560
f 5760 5759 5761 5762
f 5760 5762 5564 5562
f 5762 5761 5763 5764
f 5762 5764 5566 5564
f 5764 5763 5765 5766
f 5764 5766 5568 5566
f 5766 5765 5767 5768
f 5766 5768 5570 5568
f 5768 5767 5769 5770
f 5768 5770 5572 5570
f 5770 5769 5771 5772
f 5770 5772 5574 5572
f 5772 5771 5773 5774
f 5772 5774 5576 5574
f 5774 5773 5775 5776
f 5774 5776 5578 5576
f 5776 5775 5777 5778
f 5776 5778 5580 5578
f 5778 5777 5779 5585
f 5778 5585 5583 5580
f 5779 5777 5780 5781
f 5779 5781 5782 5783
f 5779 5783 5586 5585
f 5783 5782 5784 5785
f 5783 5785 5587 5586
f 5785 5784 5786 5787
f 5785 5787 5589 5587
f 5787 5786 5788 5789
f 5787 5789 5790 5589
f 5790 5789 5791 5792
f 5790 5792 5793 5592
f 5790 5592 5590 5589
f 5793 5792 5794 5795
f 5793 5795 5796 5797
f 5793 5797 5593 5592
f 5797 5796 5600 5598
f 5797 5598 5594 5593
f 5796 5795 5798 5799
f 5796 5799 5602 5600
f 5799 5798 5800 5801
f 5799 5801 5604 5602
f 5801 5800 5802 5803
f 5801 5803 5804 5604
f 5804 5803 5805 5806
f 5804 5806 5807 5607
f 5804 5607 5605 5604
f 5807 5806 5808 5809
f 5807 5809 5810 5811
f 5807 5811 5608 5607
f 5811 5810 5625 5812
f 5811 5812 5609 5608
f 5812 5625 5621 5619
f 5812 5619 5611 5609
f 5810 5809 5813 5628
f 5810 5628 5626 5625
f 5813 5809 5808 5814
f 5813 5814 5815 5631
f 5813 5631 5629 5628
f 5815 5814 5816 5817
f 5815 5817 5818 5634
f 5815 5634 5632 5631
f 5818 5817 5819 5820
f 5818 5820 5821 5637
f 5818 5637 5635 5634
f 5821 5820 5822 5823
f 5821 5823 5824 5825
f 5821 5825 5638 5637
f 5825 5824 5826 5827
f 5825 5827 5639 5638
f 5827 5826 5828 5644
f 5827 5644 5641 5639
f 5828 5826 5829 5830
f 5828 5830 5831 5647
f 5828 5647 5645 5644
f 5831 5650 5648 5647
f 5831 5830 5832 5833
f 5831 5833 5834 5650
f 5834 5653 5651 5650
f 5834 5833 5835 5836
f 5834 5836 5837 5653
f 5837 5656 5654 5653
f 5837 5836 5838 5839
f 5837 5839 5840 5656
f 5840 5659 5657 5656
f 5840 5839 5841 5842
f 5840 5842 5843 5659
f 5843 5662 5660 5659
f 5843 5842 5844 5845
f 5843 5845 5846 5662
f 5846 5665 5663 5662
f 5846 5845 5847 5848
f 5846 5848 5849 5665
f 5849 5668 5666 5665
f 5849 5848 5850 5851
f 5849 5851 5852 5668
f 5852 5671 5669 5668
f 5852 5851 5853 5854
f 5852 5854 5855 5671
f 5855 5674 5672 5671
f 5855 5854 5856 5857
f 5855 5857 5858 5674
f 5858 5677 5675 5674
f 5858 5857 5859 5860
f 5858 5860 5861 5677
f 5861 5680 5678 5677
f 5861 5860 5862 5863
f 5861 5863 5864 5680
f 5864 5683 5681 5680
f 5864 5863 5865 5866
f 5864 5866 5867 5683
f 5867 5686 5684 5683
f 5867 5866 5868 5869
f 5867 5869 5870 5686
f 5870 5689 5687 5686
f 5870 5869 5871 5872
f 5870 5872 5873 5689
f 5873 5692 5690 5689
f 5873 5872 5874 5875
f 5873 5875 5876 5692
f 5876 5695 5693 5692
f 5876 5875 5877 5878
f 5876 5878 5879 5695
f 5879 5698 5696 5695
f 5879 5878 5880 5881
f 5879 5881 5882 5698
f 5882 5701 5699 5698
f 5882 5881 5883 5884
f 5882 5884 5885 5701
f 5885 5704 5702 5701
f 5885 5884 5727 5725
f 5885 5725 5723 5704
f 5884 5883 5729 5727
f 5883 5881 5880 5886
f 5883 5886 5731 5729
f 5886 5880 5887 5888
f 5886 5888 5733 5731
f 5888 5887 5889 5890
f 5888 5890 5735 5733
f 5890 5889 5891 5892
f 5890 5892 5737 5735
f 5892 5891 5893 5894
f 5892 5894 5895 5737
f 5895 5894 5896 5897
f 5895 5897 5898 5740
f 5895 5740 5738 5737
f 5898 5897 5899 5900
f 5898 5900 5745 5743
f 5898 5743 5741 5740
f 5900 5899 5901 5902
f 5900 5902 5747 5745
f 5902 5901 5903 5904
f 5902 5904 5749 5747
f 5904 5903 5905 5906
f 5904 5906 5907 5749
f 5907 5906 5908 5909
f 5907 5909 5756 5752
f 5907 5752 5750 5749
f 5909 5908 5910 5911
f 5909 5911 5757 5756
f 5911 5910 5912 5913
f 5911 5913 5759 5757
f 5913 5912 5914 5915
f 5913 5915 5761 5759
f 5915 5914 5916 5917
f 5915 5917 5763 5761
f 5917 5916 5918 5919
f 5917 5919 5765 5763
f 5919 5918 5920 5921
f 5919 5921 5767 5765
f 5921 5920 5922 5923
f 5921 5923 5769 5767
f 5923 5922 5924 5925
f 5923 5925 5771 5769
f 5925 5924 5926 5927
f 5925 5927 5773 5771
f 5927 5926 5928 5929
f 5927 5929 5775 5773
f 5929 5928 5930 5780
f 5929 5780 5777 5775
f 5930 5928 5931 5932
f 5930 5932 5933 5934
f 5930 5934 5781 5780
f 5934 5933 5935 5936
f 5934 5936 5782 5781
f 5936 5935 5937 5938
f 5936 5938 5784 5782
f 5938 5937 5939 5940
f 5938 5940 5786 5784
f 5940 5939 5941 5942
f 5940 5942 5788 5786
f 5942 5941 5943 5944
f 5942 5944 5945 5788
f 5945 5944 5946 5947
f 5945 5947 5948 5791
f 5945 5791 5789 5788
f 5948 5947 5949 5950
f 5948 5950 5951 5794
f 5948 5794 5792 5791
f 5951 5950 5952 5953
f 5951 5953 5800 5798
f 5951 5798 5795 5794
f 5953 5952 5954 5955
f 5953 5955 5802 5800
f 5955 5954 5956 5957
f 5955 5957 5958 5802
f 5958 5957 5959 5960
f 5958 5960 5961 5805
f 5958 5805 5803 5802
f 5961 5960 5962 5816
f 5961 5816 5814 5808
f 5961 5808 5806 5805
f 5962 5960 5959 5963
f 5962 5963 5964 5819
f 5962 5819 5817 5816
f 5964 5963 5965 5966
f 5964 5966 5967 5822
f 5964 5822 5820 5819
f 5967 5966 5968 5969
f 5967 5969 5970 5971
f 5967 5971 5823 5822
f 5971 5970 5972 5973
f 5971 5973 5824 5823
f 5973 5972 5974 5829
f 5973 5829 5826 5824
f 5974 5972 5975 5976
f 5974 5976 5977 5832
f 5974 5832 5830 5829
f 5977 5976 5978 5979
f 5977 5979 5980 5835
f 5977 5835 5833 5832
f 5980 5838 5836 5835
f 5980 5979 5981 5982
f 5980 5982 5983 5838
f 5983 5841 5839 5838
f 5983 5982 5984 5985
f 5983 5985 5986 5841
f 5986 5844 5842 5841
f 5986 5985 5987 5988
f 5986 5988 5989 5844
f 5989 5847 5845 5844
f 5989 5988 5990 5991
f 5989 5991 5992 5847
f 5992 5850 5848 5847
f 5992 5991 5993 5994
f 5992 5994 5995 5850
f 5995 5853 5851 5850
f 5995 5994 5996 5997
f 5995 5997 5998 5853
f 5998 5856 5854 5853
f 5998 5997 5999 6000
f 5998 6000 6001 5856
f 6001 5859 5857 5856
f 6001 6000 6002 6003
f 6001 6003 6004 5859
f 6004 5862 5860 5859
f 6004 6003 6005 6006
f 6004 6006 6007 5862
f 6007 5865 5863 5862
f 6007 6006 6008 6009
f 6007 6009 6010 5865
f 6010 5868 5866 5865
f 6010 6009 6011 6012
f 6010 6012 6013 5868
f 6013 5871 5869 5868
f 6013 6012 6014 6015
f 6013 6015 6016 5871
f 6016 5874 5872 5871
f 6016 6015 6017 6018
f 6016 6018 6019 5874
f 6019 5877 5875 5874
f 6019 6018 5891 5889
f 6019 5889 5887 5877
f 6018 6017 5893 5891
f 6017 6015 6014 6020
f 6017 6020 6021 5893
f 6021 6020 6022 6023
f 6021 6023 6024 5896
f 6021 5896 5894 5893
f 6024 6023 6025 6026
f 6024 6026 5901 5899
f 6024 5899 5897 5896
f 6026 6025 6027 6028
f 6026 6028 5903 5901
f 6028 6027 6029 6030
f 6028 6030 5905 5903
f 6030 6029 6031 6032
f 6030 6032 6033 5905
f 6033 6032 6034 6035
f 6033 6035 5910 5908
f 6033 5908 5906 5905
f 6035 6034 6036 6037
f 6035 6037 5912 5910
f 6037 6036 6038 6039
f 6037 6039 5914 5912
f 6039 6038 6040 6041
f 6039 6041 5916 5914
f 6041 6040 6042 6043
f 6041 6043 5918 5916
f 6043 6042 6044 6045
f 6043 6045 5920 5918
f 6045 6044 6046 6047
f 6045 6047 5922 5920
f 6047 6046 6048 6049
f 6047 6049 5924 5922
f 6049 6048 6050 6051
f 6049 6051 5926 5924
f 6051 6050 6052 5931
f 6051 5931 5928 5926
f 6052 6050 6053 6054
f 6052 6054 6055 6056
f 6052 6056 5932 5931
f 6056 6055 6057 6058
f 6056 6058 5933 5932
f 6058 6057 6059 6060
f 6058 6060 5935 5933
f 6060 6059 6061 6062
f 6060 6062 5937 5935
f 6062 6061 6063 6064
f 6062 6064 5939 5937
f 6064 6063 6065 6066
f 6064 6066 5941 5939
f 6066 6065 6067 6068
f 6066 6068 5943 5941
f 6068 6067 6069 6070
f 6068 6070 6071 5943
f 6071 6070 6072 6073
f 6071 6073 6074 5946
f 6071 5946 5944 5943
f 6074 6073 6075 6076
f 6074 6076 6077 5949
f 6074 5949 5947 5946
f 6077 6076 6078 6079
f 6077 6079 5954 5952
f 6077 5952 5950 5949
f 6079 6078 6080 6081
f 6079 6081 5956 5954
f 6081 6080 6082 6083
f 6081 6083 6084 5956
f 6084 6083 6085 5965
f 6084 5965 5963 5959
f 6084 5959 5957 5956
f 6085 6083 6082 6086
f 6085 6086 6087 5968
f 6085 5968 5966 5965
f 6087 6086 6088 6089
f 6087 6089 6090 6091
f 6087 6091 5969 5968
f 6091 6090 6092 6093
f 6091 6093 5970 5969
f 6093 6092 6094 5975
f 6093 5975 5972 5970
f 6094 6092 6095 6096
f 6094 6096 6097 5978
f 6094 5978 5976 5975
f 6097 6096 6098 6099
f 6097 6099 6100 5981
f 6097 5981 5979 5978
f 6100 5984 5982 5981
f 6100 6099 6101 6102
f 6100 6102 6103 5984
f 6103 5987 5985 5984
f 6103 6102 6104 6105
f 6103 6105 6106 5987
f 6106 5990 5988 5987
f 6106 6105 6107 6108
f 6106 6108 6109 5990
f 6109 5993 5991 5990
f 6109 6108 6110 6111
f 6109 6111 6112 5993
f 6112 5996 5994 5993
f 6112 6111 6113 6114
f 6112 6114 6115 5996
f 6115 5999 5997 5996
f 6115 6114 6116 6117
f 6115 6117 6118 5999
f 6118 6002 6000 5999
f 6118 6117 6119 6120
f 6118 6120 6121 6002
f 6121 6005 6003 6002
f 6121 6120 6122 6123
f 6121 6123 6124 6005
f 6124 6008 6006 6005
f 6124 6123 6125 6126
f 6124 6126 6127 6008
f 6127 6011 6009 6008
f 6127 6126 6128 6129
f 6127 6129 6130 6011
f 6130 6014 6012 6011
f 6130 6129 6131 6022
f 6130 6022 6020 6014
f 6131 6129 6128 6132
f 6131 6132 6027 6025
f 6131 6025 6023 6022
f 6132 6128 6133 6134
f 6132 6134 6029 6027
f 6134 6133 6135 6136
f 6134 6136 6031 6029
f 6136 6135 6137 6138
f 6136 6138 6139 6031
f 6139 6138 6140 6141
f 6139 6141 6036 6034
f 6139 6034 6032 6031
f 6141 6140 6142 6143
f 6141 6143 6038 6036
f 6143 6142 6144 6145
f 6143 6145 6040 6038
f 6145 6144 6146 6147
f 6145 6147 6042 6040
f 6147 6146 6148 6149
f 6147 6149 6044 6042
f 6149 6148 6150 6151
f 6149 6151 6046 6044
f 6151 6150 6152 6153
f 6151 6153 6048 6046
f 6153 6152 6154 6053
f 6153 6053 6050 6048
f 6154 6152 6155 6156
f 6154 6156 6157 6158
f 6154 6158 6054 6053
f 6158 6157 6159 6160
f 6158 6160 6055 6054
f 6160 6159 6161 6162
f 6160 6162 6057 6055
f 6162 6161 6163 6164
f 6162 6164 6059 6057
f 6164 6163 6165 6166
f 6164 6166 6061 6059
f 6166 6165 6167 6168
f 6166 6168 6063 6061
f 6168 6167 6169 6170
f 6168 6170 6065 6063
f 6170 6169 6171 6172
f 6170 6172 6067 6065
f 6172 6171 6173 6174
f 6172 6174 6069 6067
f 6174 6173 6175 6176
f 6174 6176 6177 6069
f 6177 6176 6178 6179
f 6177 6179 6180 6072
f 6177 6072 6070 6069
f 6180 6179 6181 6182
f 6180 6182 6183 6075
f 6180 6075 6073 6072
f 6183 6182 6184 6185
f 6183 6185 6080 6078
f 6183 6078 6076 6075
f 6185 6184 6186 6187
f 6185 6187 6082 6080
f 6187 6186 6188 6088
f 6187 6088 6086 6082
f 6188 6186 6189 6190
f 6188 6190 6191 6192
f 6188 6192 6089 6088
f 6192 6191 6193 6194
f 6192 6194 6090 6089
f 6194 6193 6195 6095
f 6194 6095 6092 6090
f 6195 6193 6196 6197
f 6195 6197 6198 6098
f 6195 6098 6096 6095
f 6198 6197 1740 1743
f 6198 1743 6199 6101
f 6198 6101 6099 6098
f 6199 1743 1739 6200
f 6199 6200 6201 6104
f 6199 6104 6102 6101
f 6201 6107 6105 6104
f 6201 6200 6202 6203
f 6201 6203 6204 6107
f 6204 6110 6108 6107
f 6204 6203 1666 6205
f 6204 6205 6206 6110
f 6206 6113 6111 6110
f 6206 6205 6207 6208
f 6206 6208 6209 6113
f 6209 6116 6114 6113
f 6209 6208 6210 6211
f 6209 6211 6212 6116
f 6212 6119 6117 6116
f 6212 6211 6213 6214
f 6212 6214 6215 6119
f 6215 6122 6120 6119
f 6215 6214 6216 6217
f 6215 6217 6218 6122
f 6218 6125 6123 6122
f 6218 6217 6137 6135
f 6218 6135 6133 6125
f 6217 6216 6219 6137
f 6219 6216 6220 6221
f 6219 6221 6142 6140
f 6219 6140 6138 6137
f 6221 6220 6222 6223
f 6221 6223 6144 6142
f 6223 6222 6224 6225
f 6223 6225 6146 6144
f 6225 6224 6226 6227
f 6225 6227 6148 6146
f 6227 6226 6228 6229
f 6227 6229 6150 6148
f 6229 6228 6230 6155
f 6229 6155 6152 6150
f 6230 6228 1735 1734
f 6230 1734 6231 6232
f 6230 6232 6156 6155
f 6232 6231 6233 6234
f 6232 6234 6157 6156
f 6234 6233 6235 6236
f 6234 6236 6159 6157
f 6236 6235 6237 6238
f 6236 6238 6161 6159
f 6238 6237 6239 6240
f 6238 6240 6163 6161
f 6240 6239 6241 6242
f 6240 6242 6165 6163
f 6242 6241 6243 6244
f 6242 6244 6167 6165
f 6244 6243 6245 6246
f 6244 6246 6169 6167
f 6246 6245 1700 6247
f 6246 6247 6171 6169
f 6247 1700 1694 6248
f 6247 6248 6173 6171
f 6248 1694 1693 6249
f 6248 6249 6175 6173
f 6249 1693 6250 6251
f 6249 6251 6252 6175
f 6252 6251 6253 6254
f 6252 6254 6255 6178
f 6252 6178 6176 6175
f 6255 6254 6256 6257
f 6255 6257 6258 6181
f 6255 6181 6179 6178
f 6258 6257 6259 6189
f 6258 6189 6186 6184
f 6258 6184 6182 6181
f 6259 6257 6256 6260
f 6259 6260 6261 6262
f 6259 6262 6190 6189
f 6262 6261 6263 6264
f 6262 6264 6191 6190
f 6264 6263 1741 6196
f 6264 6196 6193 6191
f 6263 6261 6265 6266
f 6263 6266 1742 1741
f 6266 6265 6267 6268
f 6266 6268 1744 1742
f 6268 6267 6269 6270
f 6268 6270 6271 1744
f 6271 6270 6272 1733
f 6271 1733 1732 6273
f 6271 6273 1745 1744
f 6273 1732 1729 1728
f 6273 1728 1727 1745
f 6272 6274 6275 6276
f 6272 6276 1731 1733
f 6272 6270 6269 6274
f 6276 6275 6277 1730
f 6276 1730 1729 1731
f 6277 1717 6278 1722
f 6277 1722 271 1730
f 6277 6275 1714 1717
f 6278 1717 1713 6279
f 6278 6279 6280 6281
f 6278 6281 1723 1722
f 6281 6280 6282 6283
f 6281 6283 6284 1723
f 6284 6285 1724 1723
f 6284 6283 6243 6241
f 6284 6241 6239 6285
f 6285 6286 1725 1724
f 6285 6239 6237 6286
f 6286 6287 6288 1725
f 6286 6237 6235 6287
f 6288 6289 6290 6291
f 6288 6291 1726 1725
f 6288 6287 6292 6289
f 6292 1665 1664 6289
f 6292 6287 6235 6233
f 6292 6233 6231 1665
f 6291 6290 1738 1737
f 6291 1737 1727 1726
f 6290 1667 6202 1738
f 6290 6289 1664 1667
f 6283 6282 6245 6243
f 6282 6280 1698 1697
f 6282 1697 1700 6245
f 6280 6279 1712 1698
f 6279 1713 268 1712
f 6275 6274 1715 1714
f 6274 6269 6293 1715
f 6293 1719 1716 1715
f 6293 6269 6267 6294
f 6293 6294 6295 1719
f 6295 6296 1720 1719
f 6295 6294 6297 6298
f 6295 6298 6253 6296
f 6298 6297 6260 6256
f 6298 6256 6254 6253
f 6297 6294 6267 6265
f 6297 6265 6261 6260
f 6296 6250 1721 1720
f 6296 6253 6251 6250
f 6250 1693 1692 1721
f 6231 1734 1662 1665
f 6228 6226 1736 1735
f 6226 6224 6299 1736
f 6299 6300 6210 6301
f 6299 6301 1663 1736
f 6299 6224 6222 6300
f 6301 6210 6208 6207
f 6301 6207 259 1663
f 6300 6213 6211 6210
f 6300 6222 6220 6213
f 6220 6216 6214 6213
f 6207 6205 1666 259
f 6203 6202 1667 1666
f 6202 6200 1739 1738
f 6197 6196 1741 1740
f 6133 6128 6126 6125
f 5887 5880 5878 5877
f 5723 5707 5705 5704
f 5503 4997 4993 4992
f 4956 1655 4951 4950
f 4951 1661 1660 4946
f 4942 4941 1660 1659
f 4854 1825 1820 1819
f 4830 1895 302 1894
f 4813 1949 1947 1946
f 4809 4808 1948 1949
f 4808 4804 4803 6302
f 4808 6302 1943 1948
f 6302 4803 6303 6304
f 6302 6304 1941 1943
f 6304 6303 6305 6306
f 6304 6306 1942 1941
f 6306 6305 6307 6308
f 6306 6308 6309 1942
f 6308 6307 6310 6311
f 6311 6310 6312 6313
f 6313 6312 6314 6315
f 6313 6315 6316 6317
f 6318 6319 6320 6321
f 6318 6321 6322 1914
f 6322 6323 1915 1914
f 6322 6321 6324 6325
f 6322 6325 6326 6323
f 6326 6327 6328 6323
f 6326 6325 6329 6330
f 6326 6330 6331 6327
f 6331 4718 1865 6327
f 6331 6330 6332 6333
f 6331 6333 4719 4718
f 6333 6332 4740 4738
f 6333 4738 4721 4719
f 6332 6330 6329 6334
f 6332 6334 4742 4740
f 6334 6329 6335 6336
f 6334 6336 6337 4742
f 6337 6336 6338 6339
f 6337 6339 4747 4745
f 6337 4745 4743 4742
f 6339 6338 6340 6341
f 6339 6341 6342 4747
f 6342 6341 6343 6344
f 6342 6344 6345 4750
f 6342 4750 4748 4747
f 6345 6344 6346 6347
f 6345 6347 6348 6349
f 6345 6349 4751 4750
f 6349 6348 6350 6351
f 6349 6351 4752 4751
f 6351 6350 6352 6353
f 6351 6353 4754 4752
f 6353 6352 6354 6355
f 6353 6355 6356 4754
f 6356 4757 4755 4754
f 6356 6355 6357 6358
f 6356 6358 6359 4757
f 6359 6360 6833 6361 4757
f 6359 6358 6362 6363
f 6359 6363 6364 6360
f 6364 6365 6366 6360
f 6364 6363 6367 6368
f 6369 6370 807 811
f 6369 6368 6371 6372
f 6369 6372 6373 6370
f 6373 6374 6375 6370
f 6373 6372 6376 6377
f 6373 6377 6378 6374
f 6378 6379 6380 6374
f 6378 6377 6381 6382
f 6378 6382 6383 6379
f 6383 6384 6385 6379
f 6383 6382 6312 6310
f 6383 6310 6307 6384
f 6385 4793 4789 4788
f 6385 4788 6380 6379
f 6385 6384 6386 4793
f 6386 4798 4794 4793
f 6386 6384 6307 6305
f 6386 6305 6303 4798
f 6382 6381 6314 6312
f 6381 6377 6376 6387
f 6381 6387 6388 6314
f 6388 6387 6389 6390
f 6388 6390 6391 6392
f 6388 6392 6315 6314
f 6392 6391 6393 6394
f 6392 6394 6316 6315
f 6394 6393 6395 6396
f 6394 6396 6319 6316
f 6396 6395 6397 6398
f 6396 6398 6320 6319
f 6398 6397 6399 6400
f 6398 6400 6401 6320
f 6401 6324 6321 6320
f 6401 6400 6402 6403
f 6401 6403 6335 6324
f 6403 6402 6340 6338
f 6403 6338 6336 6335
f 6402 6400 6399 6404
f 6402 6404 6405 6340
f 6405 6404 6406 6407
f 6405 6407 6408 6343
f 6405 6343 6341 6340
f 6408 6407 6409 6410
f 6408 6410 6411 6346
f 6408 6346 6344 6343
f 6411 6410 6412 6413
f 6411 6413 6414 6415
f 6411 6415 6347 6346
f 6415 6414 6416 6417
f 6415 6417 6348 6347
f 6417 6416 814 6418
f 6417 6418 6350 6348
f 6418 814 813 6419
f 6418 6419 6352 6350
f 6419 813 817 6420
f 6419 6420 6354 6352
f 6420 817 6421 6422
f 6420 6422 6423 6354
f 6423 6357 6355 6354
f 6423 6422 6424 6425
f 6423 6425 6426 6357
f 6426 6362 6358 6357
f 6426 6425 6427 6428
f 6426 6428 6429 6362
f 6429 6367 6363 6362
f 6429 6428 6430 6431
f 6429 6431 6432 6367
f 6432 6371 6368 6367
f 6432 6431 6433 6434
f 6432 6434 6435 6371
f 6435 6376 6372 6371
f 6435 6434 6436 6389
f 6435 6389 6387 6376
f 6436 6434 6433 6437
f 6436 6437 6438 6439
f 6436 6439 6390 6389
f 6439 6438 6440 6441
f 6439 6441 6391 6390
f 6441 6440 6442 6443
f 6441 6443 6393 6391
f 6443 6442 6444 6445
f 6443 6445 6395 6393
f 6445 6444 6446 6447
f 6445 6447 6397 6395
f 6447 6446 6448 6449
f 6447 6449 6399 6397
f 6449 6448 6450 6406
f 6449 6406 6404 6399
f 6450 6448 6451 6452
f 6450 6452 6453 6409
f 6450 6409 6407 6406
f 6453 6452 6454 6455
f 6453 6455 6456 6412
f 6453 6412 6410 6409
f 6456 6455 6457 6458
f 6456 6458 6459 6460
f 6456 6460 6413 6412
f 6460 6459 6461 6462
f 6460 6462 6414 6413
f 6462 6461 6463 6464
f 6462 6464 6416 6414
f 6464 6463 6465 815
f 6464 815 814 6416
f 6465 6463 6466 6467
f 6465 6467 6468 6469
f 6465 6469 88 815
f 6469 6468 6470 6471
f 6469 6471 818 88
f 6471 6470 784 783
f 6471 783 6472 818
f 6472 783 782 6473
f 6472 6473 803 86
f 6472 86 799 818
f 6473 782 781 6474
f 6473 6474 6475 803
f 6475 6474 6476 6477
f 6475 6477 6478 6479
f 6475 6479 804 803
f 6479 6478 797 796
f 6479 796 795 804
f 6478 6477 6480 6481
f 6478 6481 6482 797
f 6482 6481 6483 6484
f 6482 6484 6485 6486
f 6482 6486 792 797
f 6486 6485 6487 6488
f 6486 6488 793 792
f 6488 6487 6489 6490
f 6488 6490 1926 793
f 6490 6489 6491 6492
f 6490 6492 1925 1926
f 6492 6491 6493 1920
f 6492 1920 1919 1925
f 6493 6491 6494 6495
f 6493 6495 6496 6497
f 6493 6497 1921 1920
f 6497 6496 1752 1751
f 6497 1751 6498 1921
f 6498 6499 1908 1921
f 6498 1751 1750 1937
f 6498 1937 1936 6499
f 6499 6500 1909 1908
f 6499 1936 1935 6500
f 6500 6501 6502 1909
f 6500 1935 6503 6501
f 6503 6504 6505 6501
f 6503 1935 1934 6506
f 6503 6506 6507 6504
f 6507 6446 6444 6504
f 6507 6506 6508 6451
f 6507 6451 6448 6446
f 6508 6506 1934 1933
f 6508 1933 6509 6454
f 6508 6454 6452 6451
f 6509 1933 1930 6510
f 6509 6510 6511 6457
f 6509 6457 6455 6454
f 6511 6510 6512 6513
f 6511 6513 6514 6515
f 6511 6515 6458 6457
f 6515 6514 6516 6517
f 6515 6517 6459 6458
f 6517 6516 6518 6519
f 6517 6519 6461 6459
f 6519 6518 6520 6466
f 6519 6466 6463 6461
f 6520 6518 6521 6522
f 6520 6522 6523 6524
f 6520 6524 6467 6466
f 6524 6523 6525 6526
f 6524 6526 6468 6467
f 6526 6525 6527 6528
f 6526 6528 6470 6468
f 6528 6527 6529 6530
f 6528 6530 784 6470
f 6530 6529 6531 6532
f 6530 6532 785 784
f 6532 6531 6533 6534
f 6532 6534 6535 785
f 6535 6536 780 785
f 6535 6534 6537 6538
f 6535 6538 6539 6536
f 6539 6476 6540 6536
f 6539 6538 6541 6480
f 6539 6480 6477 6476
f 6541 6538 6537 6542
f 6541 6542 6543 6483
f 6541 6483 6481 6480
f 6543 6542 6544 6545
f 6543 6545 6546 6547
f 6543 6547 6484 6483
f 6547 6546 6548 6549
f 6547 6549 6485 6484
f 6549 6548 6550 6551
f 6549 6551 6487 6485
f 6551 6550 6552 6553
f 6551 6553 6489 6487
f 6553 6552 6554 6494
f 6553 6494 6491 6489
f 6554 6552 6555 6556
f 6554 6556 6557 6558
f 6554 6558 6495 6494
f 6558 6557 6559 6560
f 6558 6560 6496 6495
f 6560 6559 6561 6562
f 6560 6562 1752 6496
f 6562 6561 6563 1748
f 6562 1748 274 1752
f 6563 6561 6564 6565
f 6563 6565 6566 6567
f 6563 6567 1749 1748
f 6567 6566 6568 6569
f 6567 6569 6570 1749
f 6570 1932 1746 1749
f 6570 6569 6571 6572
f 6570 6572 1928 1932
f 6572 6571 6573 6574
f 6572 6574 1929 1928
f 6574 6573 6575 6576
f 6574 6576 6512 1929
f 6576 6575 6577 6578
f 6576 6578 6513 6512
f 6578 6577 6579 6580
f 6578 6580 6514 6513
f 6580 6579 6581 6582
f 6580 6582 6516 6514
f 6582 6581 6583 6521
f 6582 6521 6518 6516
f 6583 6581 974 6584
f 6583 6584 6585 6586
f 6583 6586 6522 6521
f 6586 6585 6587 6588
f 6586 6588 6523 6522
f 6588 6587 6589 6590
f 6588 6590 6525 6523
f 6590 6589 6591 6592
f 6590 6592 6527 6525
f 6592 6591 6593 6594
f 6592 6594 6529 6527
f 6594 6593 6595 6596
f 6594 6596 6531 6529
f 6596 6595 6597 6598
f 6596 6598 6533 6531
f 6598 6597 6599 6600
f 6598 6600 6601 6533
f 6601 6537 6534 6533
f 6601 6600 6602 6544
f 6601 6544 6542 6537
f 6602 6600 6599 6603
f 6602 6603 6604 6605
f 6602 6605 6545 6544
f 6605 6604 6606 6607
f 6605 6607 6546 6545
f 6607 6606 6608 6609
f 6607 6609 6548 6546
f 6609 6608 6610 6611
f 6609 6611 6550 6548
f 6611 6610 6612 6555
f 6611 6555 6552 6550
f 6612 6610 6613 6614
f 6612 6614 1756 6615
f 6612 6615 6556 6555
f 6615 1756 1755 6616
f 6615 6616 6557 6556
f 6616 1755 1754 6617
f 6616 6617 6559 6557
f 6617 1754 1777 6564
f 6617 6564 6561 6559
f 6614 6613 6618 6619
f 6614 6619 1757 1756
f 6619 6618 6620 6621
f 6619 6621 1758 1757
f 6621 6620 6622 6623
f 6621 6623 6624 1758
f 6624 6623 6625 6626
f 6624 6626 279 1778
f 6624 1778 1753 1758
f 6626 6625 6627 6628
f 6626 6628 1775 279
f 6628 6627 6629 6630
f 6628 6630 6631 1775
f 6631 6630 6632 6633
f 6631 6633 6634 6635
f 6631 6635 1772 1775
f 6635 6634 6636 6637
f 6635 6637 1773 1772
f 6637 6636 6638 6639
f 6637 6639 1774 1773
f 6639 6638 6640 6641
f 6639 6641 6642 1774
f 6642 6643 1770 1774
f 6642 6641 6644 982
f 6642 982 981 6643
f 6644 6645 6646 6647
f 6644 6647 978 982
f 6644 6641 6640 6645
f 6647 6646 6648 6649
f 6647 6649 979 978
f 6649 6648 6650 6651
f 6649 6651 1759 979
f 6651 6650 6652 6653
f 6651 6653 6654 1759
f 6654 6653 6655 6656
f 6654 6656 6657 977
f 6654 977 976 1759
f 6657 6656 1007 1012
f 6657 1012 6658 6659
f 6657 6659 972 977
f 6659 6658 6660 6661
f 6659 6661 973 972
f 6661 6660 6662 6663
f 6661 6663 6664 973
f 6664 6584 974 973
f 6664 6663 6665 6666
f 6664 6666 6585 6584
f 6666 6665 6667 6668
f 6666 6668 6587 6585
f 6668 6667 6669 6670
f 6668 6670 6589 6587
f 6670 6669 6671 6672
f 6670 6672 6591 6589
f 6672 6671 6673 6674
f 6672 6674 6593 6591
f 6674 6673 1000 999
f 6674 999 6595 6593
f 6673 6671 6675 6676
f 6673 6676 1001 1000
f 6676 6675 6677 6678
f 6676 6678 6679 1001
f 6679 6678 6680 6681
f 6679 6681 1008 1006
f 6679 1006 996 1001
f 6681 6680 1019 1024
f 6681 1024 6682 1008
f 6682 1024 1023 6683
f 6682 6683 1015 1014
f 6682 1014 1009 1008
f 6683 1023 1022 1032
f 6683 1032 1018 1015
f 6680 6678 6677 6684
f 6680 6684 1020 1019
f 6684 6677 6685 6686
f 6684 6686 6687 1020
f 6687 6686 6688 1030
f 6687 1030 1029 6689
f 6687 6689 1021 1020
f 6689 1029 1028 1033
f 6689 1033 1022 1021
f 6688 6690 6691 6692
f 6688 6692 1025 1030
f 6688 6686 6685 6690
f 6692 6691 6693 6694
f 6692 6694 1026 1025
f 6694 6693 6695 6696
f 6694 6696 6697 1026
f 6697 6696 6698 1017
f 6697 1017 1016 6699
f 6697 6699 1027 1026
f 6699 1016 1018 1031
f 6699 1031 1028 1027
f 6698 6700 1011 1010
f 6698 1010 1013 1017
f 6698 6696 6695 6700
f 6700 6658 1012 1011
f 6700 6695 6660 6658
f 6695 6693 6662 6660
f 6693 6691 6701 6662
f 6701 6665 6663 6662
f 6701 6691 6690 6702
f 6701 6702 6667 6665
f 6702 6690 6685 6703
f 6702 6703 6669 6667
f 6703 6685 6677 6675
f 6703 6675 6671 6669
f 6656 6655 1004 1007
f 6655 6653 6652 6704
f 6655 6704 1005 1004
f 6704 6705 6706 1005
f 6704 6652 6707 6705
f 6707 6708 6709 6705
f 6707 6652 6650 6710
f 6707 6710 6711 6708
f 6711 6712 6713 6708
f 6711 6710 6714 6715
f 6711 6715 6716 6712
f 6716 6717 6718 6712
f 6716 6715 6719 6720
f 6716 6720 6721 6717
f 6721 6722 6723 6717
f 6721 6720 6724 6725
f 6721 6725 6726 6722
f 6726 6727 6728 6722
f 6726 6725 1764 1763
f 6726 1763 1762 6727
f 6728 6729 6730 6731
f 6728 6731 6723 6722
f 6728 6727 6732 6729
f 6732 6733 6734 6729
f 6732 6727 1762 6735
f 6732 6735 6736 6733
f 6736 6737 6738 6733
f 6736 6735 6739 6740
f 6736 6740 6741 6737
f 6741 6742 987 6737
f 6741 6740 1686 1690
f 6741 1690 6743 6742
f 6743 6632 6744 6742
f 6743 1690 1689 6745
f 6743 6745 6633 6632
f 6745 1689 1691 6746
f 6745 6746 6634 6633
f 6746 1691 6747 6748
f 6746 6748 6636 6634
f 6748 6747 6749 6750
f 6748 6750 6638 6636
f 6750 6749 6751 6752
f 6750 6752 6640 6638
f 6752 6751 6753 6754
f 6752 6754 6645 6640
f 6754 6753 6719 6755
f 6754 6755 6646 6645
f 6755 6719 6715 6714
f 6755 6714 6648 6646
f 6753 6724 6720 6719
f 6753 6751 6756 6724
f 6756 1764 6725 6724
f 6756 6751 6749 6757
f 6756 6757 1765 1764
f 6757 6749 6747 6758
f 6757 6758 1766 1765
f 6758 6747 1691 1688
f 6758 1688 1687 1766
f 6744 6629 986 985
f 6744 985 987 6742
f 6744 6632 6630 6629
f 6740 6739 1687 1686
f 6739 6735 1762 1761
f 6739 1761 1766 1687
f 6738 984 983 6759
f 6738 6759 6734 6733
f 6738 6737 987 984
f 6759 983 992 6760
f 6759 6760 6761 6734
f 6761 6760 6762 6763
f 6761 6763 6764 6730
f 6761 6730 6729 6734
f 6764 6763 6765 6766
f 6764 6766 6767 6768
f 6764 6768 6731 6730
f 6768 6767 6769 6770
f 6768 6770 6723 6731
f 6770 6769 6771 6718
f 6770 6718 6717 6723
f 6771 6769 133 1035
f 6771 1035 6772 6713
f 6771 6713 6712 6718
f 6772 1035 1034 6773
f 6772 6773 6774 6709
f 6772 6709 6708 6713
f 6774 6773 6775 6776
f 6774 6776 6777 6706
f 6774 6706 6705 6709
f 6777 6776 6778 6779
f 6777 6779 1003 1002
f 6777 1002 1005 6706
f 6779 6778 6780 6781
f 6779 6781 6782 1003
f 6782 998 997 1003
f 6782 6781 6783 6784
f 6782 6784 6785 998
f 6785 6786 993 998
f 6785 6784 6787 6788
f 6785 6788 6789 6786
f 6789 6790 6791 6786
f 6789 6788 6792 6793
f 6789 6793 6794 6790
f 6794 6606 6604 6790
f 6794 6793 6795 6796
f 6794 6796 6608 6606
f 6796 6795 6618 6613
f 6796 6613 6610 6608
f 6795 6793 6792 6797
f 6795 6797 6620 6618
f 6797 6792 6798 6799
f 6797 6799 6622 6620
f 6799 6798 6800 6801
f 6799 6801 6802 6622
f 6802 6801 989 988
f 6802 988 6627 6625
f 6802 6625 6623 6622
f 6801 6800 990 989
f 6800 6798 6787 6803
f 6800 6803 6804 990
f 6804 6803 6783 6805
f 6804 6805 6806 6807
f 6804 6807 991 990
f 6807 6806 6808 6809
f 6807 6809 992 991
f 6809 6808 6810 6762
f 6809 6762 6760 992
f 6810 6808 6811 6812
f 6810 6812 6813 6765
f 6810 6765 6763 6762
f 6813 6812 1040 1039
f 6813 1039 1038 6814
f 6813 6814 6766 6765
f 6814 1038 1042 1043
f 6814 1043 6767 6766
f 6812 6811 1041 1040
f 6811 6815 6816 1041
f 6811 6808 6806 6815
f 6816 6778 6776 6775
f 6816 6775 1036 1041
f 6816 6815 6780 6778
f 6815 6806 6805 6780
f 6805 6783 6781 6780
f 6803 6787 6784 6783
f 6798 6792 6788 6787
f 6791 6603 6599 994
f 6791 994 993 6786
f 6791 6790 6604 6603
f 6775 6773 1034 1036
f 6769 6767 1043 133
f 6714 6710 6650 6648
f 6643 6817 1771 1770
f 6643 981 980 6817
f 6817 6818 6819 1771
f 6817 980 1760 6818
f 6819 6571 6569 6568
f 6819 6568 1767 1771
f 6819 6818 6573 6571
f 6818 1760 6575 6573
f 6629 6627 988 986
f 6599 6597 995 994
f 6597 6595 999 995
f 6581 6579 120 974
f 6579 6577 975 120
f 6577 6575 1760 975
f 6568 6566 1768 1767
f 6566 6565 1776 1768
f 6565 6564 1777 1776
f 6512 6510 1930 1929
f 6505 6442 6440 6820
f 6505 6820 6502 6501
f 6505 6504 6444 6442
f 6820 6440 6438 6821
f 6820 6821 6822 6502
f 6822 6821 6823 6824
f 6822 6824 1905 306
f 6822 306 1909 6502
f 6824 6823 6825 6826
f 6824 6826 789 1905
f 6826 6825 6430 6827
f 6826 6827 790 789
f 6827 6430 6428 6427
f 6827 6427 791 790
f 6825 6433 6431 6430
f 6825 6823 6437 6433
f 6823 6821 6438 6437
f 6476 6474 781 6540
f 6427 6425 6424 791
f 6424 6422 6421 6828
f 6424 6828 786 791
f 6828 6829 787 786
f 6829 6830 798 802
f 6829 802 1927 787
f 6830 816 799 798
f 6830 6829 6828 6421
f 6421 817 816 6830
f 6380 4788 4787 6831
f 6380 6831 6375 6374
f 6831 4787 739 738
f 6831 738 808 6375
f 6375 808 807 6370
f 6366 6365 6832 6833
f 6365 6834 6835 6832
f 6361 6836 6837 4757
f 6837 4766 4758 4757
f 6837 6838 4767 4766
f 6837 6836 6839 6838
f 6839 6840 6841 6838
f 6841 4771 4767 6838
f 6841 4776 4772 4771
f 6841 6840 6842 4776
f 6842 6843 6844 4776
f 6844 6843 6846 6845
f 6846 6847 6848 6845
f 6848 6847 6851 6849
f 6851 6852 6849
f 6852 6853 6848 6849
f 6853 6854 6845 6848
f 6854 4779 6844 6845
f 6844 4779 4777 4776
f 6335 6329 6325 6324
f 6328 295 1864 1916
f 6328 1916 1915 6323
f 6328 6327 1865 295
f 6303 4803 4799 4798
f 4766 4762 4759 4758
f 4761 775 774 4756
f 4711 4710 1851 1850
f 4641 4639 4638 2223
f 4606 4604 2285 2284
f 4602 4601 2286 2285
f 4598 4596 4595 2130
f 4595 6855 2131 2130
f 4595 4593 4592 6855
f 6855 6856 2132 2131
f 6855 4592 6857 6856
f 6857 6858 6859 6856
f 6857 4592 4590 4589
f 6857 4589 4583 6858
f 6859 6860 6861 6862
f 6859 6862 2132 6856
f 6859 6858 6863 6860
f 6863 6864 6865 6860
f 6863 6858 4583 4581
f 6863 4581 4579 6864
f 6865 3403 3399 3398
f 6865 3398 6861 6860
f 6865 6864 6866 3403
f 6866 3408 3404 3403
f 6866 6864 4579 4577
f 6866 4577 4576 3408
f 6862 6861 3393 2089
f 6862 2089 2081 2132
f 6861 3398 3394 3393
f 4589 4586 4584 4583
f 4576 3413 3409 3408
f 4574 3418 3414 3413
f 4572 3423 3419 3418
f 4572 4570 6867 3423
f 6867 3428 3424 3423
f 6867 4570 4568 4567
f 6867 4567 3430 3428
f 4567 4565 3432 3430
f 4535 6868 4243 4242
f 6868 6869 6870 4247
f 6868 4247 4244 4243
f 6870 6869 4527 4526
f 6870 4526 4252 4250
f 6870 4250 4248 4247
f 4531 4528 4527 6869
f 6869 6868 4535 4531
f 4526 4522 4254 4252
f 4525 521 520 4521
f 4519 4257 4255 4254
f 4513 4512 4261 4259
f 4512 4508 4507 4266
f 4512 4266 4263 4261
f 4507 4503 4502 4269
f 4507 4269 4267 4266
f 4502 4498 4497 6871
f 4502 6871 4270 4269
f 6871 4497 6872 6873
f 6871 6873 4271 4270
f 6873 6872 4279 4277
f 6873 4277 4273 4271
f 6872 4497 4493 4492
f 6872 4492 4281 4279
f 4492 4488 4283 4281
f 4484 4286 4284 4283
f 4474 4422 4290 4288
f 4413 4412 2150 357
f 4413 357 363 4406
f 4407 4401 4315 4313
f 4406 363 2183 4402
f 4397 4396 4323 4321
f 4396 4392 4391 4329
f 4396 4329 4325 4323
f 4391 4387 4386 6874
f 4391 6874 4330 4329
f 6874 4386 6875 6876
f 6874 6876 4331 4330
f 6876 6875 6877 6878
f 6876 6878 4333 4331
f 6878 6877 466 464
f 6878 464 463 4333
f 6877 6875 4381 6879
f 6877 6879 6880 466
f 6880 6879 4376 6881
f 6880 6881 6882 6883
f 6880 6883 467 466
f 6883 6882 6884 6885
f 6883 6885 491 467
f 6885 6884 6886 6887
f 6885 6887 492 491
f 6887 6886 6888 6889
f 6887 6889 493 492
f 6889 6888 6890 6891
f 6889 6891 6892 493
f 6892 6891 6893 6894
f 6892 6894 500 499
f 6892 499 489 493
f 6894 6893 6895 6896
f 6894 6896 6897 500
f 6897 6896 6898 6899
f 6897 6899 6900 6901
f 6897 6901 494 500
f 6901 6900 6902 6903
f 6901 6903 495 494
f 6903 6902 6904 6905
f 6903 6905 6906 495
f 6906 6907 496 495
f 6906 6905 6908 6909
f 6906 6909 6910 6907
f 6910 6911 6912 6907
f 6910 6909 6913 6914
f 6910 6914 6915 6911
f 6915 6916 6917 6911
f 6915 6914 444 443
f 6915 443 6918 6916
f 6918 6919 6920 6916
f 6918 443 442 479
f 6918 479 6921 6919
f 6921 6922 6923 6919
f 6921 479 478 6924
f 6921 6924 6925 6922
f 6925 6926 6927 6922
f 6925 6924 6928 6929
f 6925 6929 6930 6926
f 6930 6931 6932 6926
f 6930 6929 6933 6934
f 6930 6934 6935 6931
f 6935 6936 6937 6931
f 6935 6934 6938 6939
f 6935 6939 4358 6936
f 6939 6938 6940 4361
f 6939 4361 4359 4358
f 6940 6938 6941 6942
f 6940 6942 6943 6944
f 6940 6944 4362 4361
f 6944 6943 6945 4366
f 6944 4366 4363 4362
f 6945 6943 6946 6947
f 6945 6947 6948 6949
f 6945 6949 4367 4366
f 6949 6948 6950 6951
f 6949 6951 4368 4367
f 6951 6950 6952 6953
f 6951 6953 4370 4368
f 6953 6952 6954 6955
f 6953 6955 4372 4370
f 6955 6954 6884 6882
f 6955 6882 6881 4372
f 6954 6952 2171 6956
f 6954 6956 6886 6884
f 6956 2171 2170 6957
f 6956 6957 6888 6886
f 6957 2170 2169 6958
f 6957 6958 6890 6888
f 6958 2169 6959 6960
f 6958 6960 6961 6890
f 6961 6960 6962 6963
f 6961 6963 6895 6893
f 6961 6893 6891 6890
f 6963 6962 6964 6965
f 6963 6965 6966 6895
f 6966 6965 6967 6968
f 6966 6968 6969 6898
f 6966 6898 6896 6895
f 6969 6968 6970 6971
f 6969 6971 6972 6973
f 6969 6973 6899 6898
f 6973 6972 6974 6975
f 6973 6975 6900 6899
f 6975 6974 6976 6977
f 6975 6977 6902 6900
f 6977 6976 6978 6979
f 6977 6979 6904 6902
f 6979 6978 6980 6981
f 6979 6981 6982 6904
f 6982 6908 6905 6904
f 6982 6981 6983 6984
f 6982 6984 6985 6908
f 6985 6913 6909 6908
f 6985 6984 6986 6987
f 6985 6987 445 6913
f 6987 6986 6988 484
f 6987 484 441 445
f 6988 6986 6989 6990
f 6988 6990 6991 6992
f 6988 6992 482 484
f 6992 6991 6993 6994
f 6992 6994 483 482
f 6994 6993 6995 6996
f 6994 6996 6997 483
f 6997 6998 480 483
f 6997 6996 6999 7000
f 6997 7000 7001 6998
f 7001 7002 7003 6998
f 7001 7000 7004 7005
f 7001 7005 7006 7002
f 7006 7007 7008 7002
f 7006 7005 7009 7010
f 7006 7010 6946 7007
f 7010 7009 7011 7012
f 7010 7012 6947 6946
f 7012 7011 2166 2165
f 7012 2165 6948 6947
f 7011 7009 7013 7014
f 7011 7014 2172 2166
f 7014 7013 7015 7016
f 7014 7016 7017 2172
f 7017 7016 7018 7019
f 7017 7019 7020 7021
f 7017 7021 2167 2172
f 7021 7020 1623 1622
f 7021 1622 1621 2167
f 7020 7019 7022 7023
f 7020 7023 1572 1623
f 7023 7022 7024 7025
f 7023 7025 1573 1572
f 7025 7024 1542 1544
f 7025 1544 7026 1573
f 7026 1544 1538 7027
f 7026 7027 1547 1546
f 7026 1546 1554 1573
f 7027 1538 1537 7028
f 7027 7028 7029 1547
f 7029 7028 7030 7031
f 7029 7031 7032 7033
f 7029 7033 1548 1547
f 7033 7032 1562 1561
f 7033 1561 1549 1548
f 7032 7031 7034 7035
f 7032 7035 1563 1562
f 7035 7034 7036 7037
f 7035 7037 7038 1563
f 7038 7037 1535 7039
f 7038 7039 7040 7041
f 7038 7041 1564 1563
f 7041 7040 7042 1559
f 7041 1559 1556 1564
f 7042 7040 7043 7044
f 7042 7044 7045 7046
f 7042 7046 1557 1559
f 7046 7045 7047 7048
f 7046 7048 1558 1557
f 7048 7047 1383 7049
f 7048 7049 7050 1558
f 7050 1371 1370 1558
f 7050 7049 1379 7051
f 7050 7051 1372 1371
f 7051 1379 1378 1385
f 7051 1385 7052 1372
f 7052 1377 1373 1372
f 7052 1385 1384 7053
f 7052 7053 7054 1377
f 7054 7055 1375 1377
f 7054 7053 7056 7057
f 7054 7057 7058 7055
f 7058 7059 7060 7055
f 7058 7057 7061 7062
f 7058 7062 7063 7059
f 7063 7064 7065 7059
f 7063 7062 7066 7067
f 7063 7067 7068 7064
f 7068 7069 7070 7064
f 7068 7067 1281 1284
f 7068 1284 7071 7069
f 7071 7072 7073 7069
f 7071 1284 1283 7074
f 7071 7074 7075 7072
f 7075 7076 7077 7072
f 7075 7074 7078 7079
f 7075 7079 7080 7076
f 7080 7081 7082 7076
f 7080 7079 7083 7084
f 7080 7084 7085 7081
f 7085 7086 1334 7081
f 7085 7084 7087 7088
f 7085 7088 7089 7086
f 7089 7090 7091 7086
f 7089 7088 7092 7093
f 7089 7093 1258 7090
f 7093 7092 7094 7095
f 7093 7095 1253 1258
f 7095 7094 1269 7096
f 7095 7096 1254 1253
f 7096 1269 1268 7097
f 7096 7097 7098 1254
f 7098 1287 1255 1254
f 7098 7097 7099 7100
f 7098 7100 1288 1287
f 7100 7099 7101 7102
f 7100 7102 1289 1288
f 7102 7101 1261 1260
f 7102 1260 7103 1289
f 7103 7104 1290 1289
f 7103 1260 1259 7105
f 7103 7105 7106 7104
f 7106 7107 7108 7104
f 7106 7105 1363 1362
f 7106 1362 1368 7107
f 7108 7107 7109 7110
f 7108 7110 7111 1291
f 7108 1291 1290 7104
f 7111 7110 7112 7113
f 7111 7113 1257 1256
f 7111 1256 1286 1291
f 7113 7112 7091 7090
f 7113 7090 1258 1257
f 7112 7110 7109 1336
f 7112 1336 1335 7091
f 7109 7107 1368 7114
f 7109 7114 1337 1336
f 7114 1368 1367 7115
f 7114 7115 1338 1337
f 7115 6991 6990 1338
f 7115 1367 6993 6991
f 7105 1259 7116 1363
f 7116 1259 177 1267
f 7116 1267 7117 7118
f 7116 7118 1364 1363
f 7118 7117 7119 7120
f 7118 7120 1365 1364
f 7120 7119 7121 7122
f 7120 7122 7123 1365
f 7123 7124 1366 1365
f 7123 7122 1545 7125
f 7123 7125 7126 7124
f 7126 7127 7128 7124
f 7126 7125 7129 7130
f 7126 7130 7018 7127
f 7130 7129 7024 7022
f 7130 7022 7019 7018
f 7129 7125 1545 1543
f 7129 1543 1542 7024
f 7128 7131 6999 7132
f 7128 7132 1366 7124
f 7128 7127 7015 7131
f 7132 6999 6996 6995
f 7132 6995 196 1366
f 7131 7004 7000 6999
f 7131 7015 7013 7004
f 7127 7018 7016 7015
f 7122 7121 1541 1545
f 7121 7119 7133 7134
f 7121 7134 1539 1541
f 7134 7133 7135 7136
f 7134 7136 1540 1539
f 7136 7135 7137 7138
f 7136 7138 7139 1540
f 7139 7138 7140 7141
f 7139 7141 7142 7143
f 7139 7143 1536 1540
f 7143 7142 7144 7145
f 7143 7145 1537 1536
f 7145 7144 7146 7030
f 7145 7030 7028 1537
f 7146 7144 7147 7148
f 7146 7148 7036 7034
f 7146 7034 7031 7030
f 7148 7147 7149 1534
f 7148 1534 1533 7036
f 7149 7147 7150 7151
f 7149 7151 7152 1532
f 7149 1532 1529 1534
f 7152 7151 7153 7154
f 7152 7154 7155 7156
f 7152 7156 1530 1532
f 7156 7155 7044 7043
f 7156 7043 1531 1530
f 7155 7154 7157 7158
f 7155 7158 7045 7044
f 7158 7157 1395 1394
f 7158 1394 7047 7045
f 7157 7159 1396 1395
f 7157 7154 7153 7159
f 7159 7160 7161 1396
f 7159 7153 7162 7160
f 7162 7141 7140 7160
f 7162 7153 7151 7150
f 7162 7150 7142 7141
f 7161 7163 7164 1400
f 7161 1400 1397 1396
f 7161 7160 7140 7163
f 7164 7165 7166 7167
f 7164 7167 1401 1400
f 7164 7163 7137 7165
f 7167 7166 1279 7168
f 7167 7168 1402 1401
f 7168 1279 1278 7169
f 7168 7169 7170 1402
f 7170 7169 7171 7172
f 7170 7172 1392 1391
f 7170 1391 1393 1402
f 7172 7171 7173 7174
f 7172 7174 7175 1392
f 7175 7174 7176 7177
f 7175 7177 1399 1388
f 7175 1388 1387 1392
f 7177 7176 7056 1386
f 7177 1386 1382 1399
f 7176 7061 7057 7056
f 7176 7174 7173 7061
f 7173 7066 7062 7061
f 7173 7171 1282 7066
f 7171 7169 1278 1282
f 7166 7178 1280 1279
f 7166 7165 7179 7178
f 7179 7180 1266 7178
f 7179 7165 7137 7135
f 7179 7135 7133 7180
f 7180 7117 1267 1266
f 7180 7133 7119 7117
f 7178 1266 1265 1280
f 7163 7140 7138 7137
f 7150 7147 7144 7142
f 7101 7099 1272 7181
f 7101 7181 1262 1261
f 7181 1272 1271 7182
f 7181 7182 7183 1262
f 7183 7184 7185 7186
f 7183 7186 1263 1262
f 7183 7182 1277 7184
f 7186 7185 7078 1285
f 7186 1285 1264 1263
f 7185 7083 7079 7078
f 7185 7184 7187 7083
f 7187 7087 7084 7083
f 7187 7184 1277 1276
f 7187 1276 1275 7087
f 7182 1271 1273 1277
f 7099 7097 1268 1272
f 7094 7092 1275 1274
f 7094 1274 1270 1269
f 7092 7088 7087 1275
f 7091 1335 1334 7086
f 7082 1333 1342 7188
f 7082 7188 7077 7076
f 7082 7081 1334 1333
f 7188 1342 7189 7190
f 7188 7190 7191 7077
f 7191 7190 7192 7193
f 7191 7193 7194 7073
f 7191 7073 7072 7077
f 7194 7193 7195 7196
f 7194 7196 7197 7070
f 7194 7070 7069 7073
f 7197 7196 7198 7199
f 7197 7199 7200 7065
f 7197 7065 7064 7070
f 7200 7199 7201 7202
f 7200 7202 1376 7060
f 7200 7060 7059 7065
f 7202 7201 7203 7204
f 7202 7204 1374 1376
f 7204 7203 1566 1565
f 7204 1565 197 1374
f 7203 7205 7206 1566
f 7203 7201 7207 7205
f 7207 7208 7209 7205
f 7207 7201 7199 7198
f 7207 7198 7210 7208
f 7210 7211 7212 7208
f 7210 7198 7196 7195
f 7210 7195 7213 7211
f 7213 7214 7215 7211
f 7213 7195 7193 7192
f 7213 7192 7216 7214
f 7216 7217 7218 7214
f 7216 7192 7190 7189
f 7216 7189 7219 7217
f 7219 6980 6978 7217
f 7219 7189 1342 1341
f 7219 1341 1340 6980
f 7218 6976 6974 7220
f 7218 7220 7215 7214
f 7218 7217 6978 6976
f 7220 6974 6972 7221
f 7220 7221 7222 7215
f 7222 7221 7223 7224
f 7222 7224 7225 7212
f 7222 7212 7211 7215
f 7225 7224 7226 7227
f 7225 7227 7228 7209
f 7225 7209 7208 7212
f 7228 7227 7229 7230
f 7228 7230 7231 7206
f 7228 7206 7205 7209
f 7231 7230 1550 1549
f 7231 1549 1561 1560
f 7231 1560 1566 7206
f 7230 7229 1551 1550
f 7229 1570 1569 1551
f 7229 7227 7226 1570
f 7226 7232 1571 1570
f 7226 7224 7223 7232
f 7232 6970 7233 1571
f 7232 7223 6971 6970
f 7233 6967 7234 1567
f 7233 1567 238 1571
f 7233 6970 6968 6967
f 7234 6964 7235 7236
f 7234 7236 1568 1567
f 7234 6967 6965 6964
f 7236 7235 7237 1555
f 7236 1555 1552 1568
f 7237 7238 1619 1574
f 7237 1574 1553 1555
f 7237 7235 7239 7238
f 7239 6959 7240 7238
f 7239 7235 6964 6962
f 7239 6962 6960 6959
f 7240 2168 1621 1620
f 7240 1620 1619 7238
f 7240 6959 2169 2168
f 7223 7221 6972 6971
f 7078 7074 1283 1285
f 7067 7066 1282 1281
f 7060 1376 1375 7055
f 7056 7053 1384 1386
f 7049 1383 1380 1379
f 7047 1394 1381 1383
f 7043 7040 7039 1531
f 7039 1535 1528 1531
f 7037 7036 1533 1535
f 7013 7009 7005 7004
f 7008 6941 6933 7241
f 7008 7241 7003 7002
f 7008 7007 6942 6941
f 7241 6933 6929 6928
f 7241 6928 481 7003
f 7007 6946 6943 6942
f 7003 481 480 6998
f 6995 6993 1367 196
f 6990 6989 1339 1338
f 6989 6986 6984 6983
f 6989 6983 1340 1339
f 6983 6981 6980 1340
f 6952 6950 2164 2171
f 6950 6948 2165 2164
f 6941 6938 6934 6933
f 6937 4349 4347 4346
f 6937 4346 6932 6931
f 6937 6936 4353 4349
f 6936 4358 4354 4353
f 6932 4346 4343 4342
f 6932 4342 6927 6926
f 6928 6924 478 481
f 6927 4342 4340 7242
f 6927 7242 6923 6922
f 7242 4340 4339 7243
f 7242 7243 7244 6923
f 7244 7243 7245 7246
f 7244 7246 7247 6920
f 7244 6920 6919 6923
f 7247 7246 485 7248
f 7247 7248 7249 6917
f 7247 6917 6916 6920
f 7249 7248 486 488
f 7249 488 497 6912
f 7249 6912 6911 6917
f 7248 485 469 486
f 7246 7245 465 485
f 7245 4338 462 465
f 7245 7243 4339 4338
f 6914 6913 445 444
f 6912 497 496 6907
f 6881 4376 4373 4372
f 6879 4381 4377 4376
f 6875 4386 4382 4381
f 4380 366 2196 4375
f 4345 446 452 459
f 4338 4336 463 462
f 4307 4305 4297 4296
f 4204 4202 4201 2143
f 4201 2140 2139 2143
f 4201 4199 4198 2140
f 4198 7250 355 2140
f 4198 4196 4195 7250
f 7250 2137 2135 355
f 7250 4195 387 2137
f 4195 4193 388 387
f 4190 587 7251 3548
f 7251 3552 3549 3548
f 7251 587 579 597
f 7251 597 592 3552
f 4188 4187 3893 585
f 4187 4183 4082 4080
f 4187 4080 3894 3893
f 4179 4085 4083 4082
f 4175 4089 4086 4085
f 4171 4092 4090 4089
f 4167 4095 4093 4092
f 4163 4098 4096 4095
f 4159 4101 4099 4098
f 4155 4104 4102 4101
f 4151 4107 4105 4104
f 4147 4110 4108 4107
f 4143 4113 4111 4110
f 4139 4116 4114 4113
f 4135 4119 4117 4116
f 3880 3879 647 7252
f 3880 7252 624 632
f 7252 647 51 7253
f 7252 7253 625 624
f 7253 51 49 638
f 7253 638 626 625
f 3574 3572 605 610
f 3572 3571 606 605
f 3571 3567 7254 606
f 7254 603 607 606
f 7254 3567 3565 3564
f 7254 3564 599 603
f 3564 3562 600 599
f 3559 3558 601 600
f 3558 3557 604 601
f 3557 598 613 604
f 3557 3555 593 598
f 3553 3552 592 591
f 3546 3544 383 388
f 3537 3536 390 385
f 3536 3532 3531 7255
f 3536 7255 391 390
f 7255 3531 501 506
f 7255 506 392 391
f 3531 3527 502 501
f 3523 3522 513 7256
f 3523 7256 7257 3516
f 7257 7256 7258 2101
f 7257 2101 2098 2097
f 7257 2097 3517 3516
f 7258 512 511 2121
f 7258 2121 2102 2101
f 7258 7256 513 512
f 3517 2097 2096 3509
f 3509 2096 3505 3504
f 3500 2061 2060 2138
f 3450 676 675 3445
f 3393 3389 2090 2089
f 3376 3375 2087 2086
f 3369 2035 2034 3364
f 3351 2037 686 685
f 3351 2029 332 2037
f 3334 671 670 3329
f 3308 3307 847 849
f 3307 7259 848 847
f 3307 3305 3304 7259
f 7259 7260 7261 848
f 7259 3304 7262 7260
f 7262 7263 7264 7260
f 7262 3304 3302 7265
f 7262 7265 7266 7263
f 7266 7267 7268 7263
f 7266 7265 3299 7269
f 7266 7269 7270 7267
f 7270 7271 7272 7267
f 7270 7269 7273 7274
f 7270 7274 7275 7271
f 7275 7276 878 7271
f 7275 7274 7277 7278
f 7275 7278 565 7276
f 7278 7277 7279 7280
f 7278 7280 566 565
f 7280 7279 3285 3283
f 7280 3283 3282 566
f 7279 7277 7281 7282
f 7279 7282 3287 3285
f 7282 7281 3295 3293
f 7282 3293 3289 3287
f 7281 7277 7274 7273
f 7281 7273 3297 3295
f 7276 7283 879 878
f 7276 565 562 7283
f 7283 7284 880 879
f 7283 562 561 7284
f 7284 7285 7286 880
f 7284 561 560 7285
f 7286 7287 886 7288
f 7286 7288 862 880
f 7286 7285 7289 7287
f 7289 7290 7291 7287
f 7289 7285 560 7292
f 7289 7292 7293 7290
f 7293 7294 7295 7290
f 7293 7292 552 551
f 7293 551 555 7294
f 7295 7296 7297 7298
f 7295 7298 7291 7290
f 7295 7294 7299 7296
f 7299 7300 7301 7296
f 7299 7294 555 1309
f 7299 1309 7302 7300
f 7302 7303 7304 7300
f 7302 1309 1308 7305
f 7302 7305 3203 7303
f 7305 1308 1307 3206
f 7305 3206 3204 3203
f 7304 7306 7307 7308
f 7304 7308 7301 7300
f 7304 7303 7309 7306
f 7309 7310 7311 7306
f 7309 7303 3203 3200
f 7309 3200 3198 7310
f 7311 7312 7313 7314
f 7311 7314 7307 7306
f 7311 7310 7315 7312
f 7315 7316 7317 7312
f 7315 7310 3198 3197
f 7315 3197 3196 7316
f 7317 7318 7319 7320
f 7317 7320 7313 7312
f 7317 7316 7321 7318
f 7321 7322 7323 7318
f 7321 7316 3196 1327
f 7321 1327 1326 7322
f 7323 7324 7325 7326
f 7323 7326 7319 7318
f 7323 7322 7327 7324
f 7327 7328 7329 7324
f 7327 7322 1326 1331
f 7327 1331 1324 7328
f 7329 1319 1312 7330
f 7329 7330 7325 7324
f 7329 7328 7331 1319
f 7331 7332 1313 1319
f 7331 7328 1324 1323
f 7331 1323 1325 7332
f 7332 1325 3190 7333
f 7332 7333 1314 1313
f 7333 3190 3189 7334
f 7333 7334 7335 1314
f 7335 7334 7336 7337
f 7335 7337 7338 7339
f 7335 7339 1315 1314
f 7339 7338 7340 7341
f 7339 7341 1316 1315
f 7341 7340 7342 7343
f 7341 7343 7344 1316
f 7344 7343 7345 7346
f 7344 7346 7347 7348
f 7344 7348 1317 1316
f 7348 7347 7349 7350
f 7348 7350 1318 1317
f 7350 7349 7351 7352
f 7350 7352 7353 1318
f 7353 7354 1310 1318
f 7353 7352 7355 7356
f 7353 7356 7357 7354
f 7357 7358 7359 7354
f 7357 7356 7360 7361
f 7357 7361 1181 7358
f 7361 7360 7362 7363
f 7361 7363 1178 1181
f 7363 7362 7364 7365
f 7363 7365 1179 1178
f 7365 7364 7366 7367
f 7365 7367 7368 1179
f 7368 7369 1180 1179
f 7368 7367 7370 7371
f 7368 7371 7372 7369
f 7372 7359 7358 7369
f 7372 7371 7373 7374
f 7372 7374 1311 7359
f 7374 7373 7325 7330
f 7374 7330 1312 1311
f 7373 7371 7370 7375
f 7373 7375 7326 7325
f 7375 7370 7376 7377
f 7375 7377 7319 7326
f 7377 7376 7378 7379
f 7377 7379 7320 7319
f 7379 7378 7380 7381
f 7379 7381 7313 7320
f 7381 7380 7382 7383
f 7381 7383 7314 7313
f 7383 7382 7384 7385
f 7383 7385 7307 7314
f 7385 7384 7386 7387
f 7385 7387 7308 7307
f 7387 7386 7388 7389
f 7387 7389 7301 7308
f 7389 7388 7390 7297
f 7389 7297 7296 7301
f 7390 7388 7391 7392
f 7390 7392 888 890
f 7390 890 7298 7297
f 7392 7391 7393 931
f 7392 931 889 888
f 7393 7394 919 918
f 7393 918 932 931
f 7393 7391 7395 7394
f 7395 7396 7397 7394
f 7395 7391 7388 7386
f 7395 7386 7384 7396
f 7397 895 894 920
f 7397 920 919 7394
f 7397 7396 7398 895
f 7398 7399 896 895
f 7398 7396 7384 7382
f 7398 7382 7380 7399
f 7399 7400 7401 896
f 7399 7380 7378 7400
f 7401 7364 7362 7402
f 7401 7402 105 896
f 7401 7400 7366 7364
f 7402 7362 7360 7403
f 7402 7403 897 105
f 7403 7360 7356 7355
f 7403 7355 7404 897
f 7404 7355 7352 7351
f 7404 7351 909 914
f 7404 914 898 897
f 7400 7378 7376 7366
f 7376 7370 7367 7366
f 7369 7358 1181 1180
f 7359 1311 1310 7354
f 7351 7349 910 909
f 7349 7347 913 910
f 7347 7346 7405 913
f 7405 7346 7345 7406
f 7405 7406 7407 7408
f 7405 7408 911 913
f 7408 7407 7409 7410
f 7408 7410 912 911
f 7410 7409 899 898
f 7410 898 914 912
f 7409 7407 7411 7412
f 7409 7412 900 899
f 7412 7411 106 7413
f 7412 7413 921 900
f 7411 7414 901 106
f 7411 7407 7406 7414
f 7414 7415 908 901
f 7414 7406 7345 7415
f 7415 7342 7416 908
f 7415 7345 7343 7342
f 7416 7417 7418 961
f 7416 961 907 908
f 7416 7342 7340 7417
f 7418 952 951 7419
f 7418 7419 958 961
f 7418 7417 7420 952
f 7420 7421 953 952
f 7420 7417 7340 7338
f 7420 7338 7337 7421
f 7421 7422 954 953
f 7421 7337 7336 7422
f 7422 3179 3178 954
f 7422 7336 3181 3179
f 7419 951 957 7423
f 7419 7423 959 958
f 7423 957 7424 7425
f 7423 7425 3121 959
f 7425 7424 3127 3125
f 7425 3125 3122 3121
f 7424 957 956 7426
f 7424 7426 7427 3127
f 7427 7426 7428 7429
f 7427 7429 7430 3130
f 7427 3130 3128 3127
f 7430 7429 7431 1481
f 7430 7432 3131 3130
f 7432 1485 1495 7433
f 7432 7433 3132 3131
f 7433 1495 223 7434
f 7433 7434 3134 3132
f 7434 223 1497 7435
f 7434 7435 3136 3134
f 7435 1497 7436 7437
f 7435 7437 3143 3136
f 7437 7436 1352 7438
f 7437 7438 7439 3143
f 7438 1352 1351 7440
f 7438 7440 3155 7439
f 7440 1351 1350 3160
f 7440 3160 3156 3155
f 7436 1497 1496 7441
f 7436 7441 1353 1352
f 7441 1496 7442 7443
f 7441 7443 7444 1353
f 7444 7443 7445 1527
f 7444 1527 1526 7446
f 7444 7446 194 1353
f 7446 1526 1525 7447
f 7446 7447 1354 194
f 7447 1525 7448 7449
f 7447 7449 7450 1354
f 7450 7449 1408 1412
f 7450 1412 1414 1413
f 7450 1413 1355 1354
f 7449 7448 1409 1408
f 7448 7451 7452 1409
f 7448 1525 1524 7451
f 7452 7453 7454 7455
f 7452 7455 1403 1409
f 7452 7451 7456 7453
f 7456 7457 7458 7453
f 7456 7451 1524 1523
f 7456 1523 7459 7457
f 7459 7460 7461 7457
f 7459 1523 1522 7462
f 7459 7462 7463 7460
f 7463 7464 7465 7460
f 7463 7462 7445 7466
f 7463 7466 7467 7464
f 7467 7468 7469 7464
f 7467 7466 7442 7470
f 7467 7470 7471 7468
f 7471 7472 7473 7468
f 7471 7470 1494 1493
f 7471 1493 1492 7472
f 7473 7474 7475 7476
f 7473 7476 7469 7468
f 7473 7472 7477 7474
f 7477 7478 7479 7474
f 7477 7472 1492 1486
f 7477 1486 1483 7478
f 7479 7480 7481 7482
f 7479 7482 7475 7474
f 7479 7478 7483 7480
f 7483 7484 7485 7480
f 7483 7478 1483 1482
f 7483 1482 7486 7484
f 7486 7487 7488 7484
f 7486 1482 1481 7431
f 7486 7431 7489 7487
f 7489 7490 7491 7487
f 7489 7431 7429 7428
f 7489 7428 7492 7490
f 7492 7493 7494 7490
f 7492 7428 7426 956
f 7492 956 116 7493
f 7494 7495 7496 7497
f 7494 7497 7491 7490
f 7494 7493 7498 7495
f 7498 3175 7499 7495
f 7498 7493 116 955
f 7498 955 3176 3175
f 7499 7500 7501 7502
f 7499 7502 7496 7495
f 7499 3175 3173 7500
f 7502 7501 7503 7504
f 7502 7504 7505 7496
f 7505 7504 1186 1184
f 7505 1184 1183 7506
f 7505 7506 7497 7496
f 7506 1183 7507 7508
f 7506 7508 7491 7497
f 7508 7507 7509 7488
f 7508 7488 7487 7491
f 7509 7507 7510 7511
f 7509 7511 7512 7485
f 7509 7485 7484 7488
f 7512 7511 7513 7514
f 7512 7514 7515 7481
f 7512 7481 7480 7485
f 7515 7514 7516 7517
f 7515 7517 7518 7519
f 7515 7519 7482 7481
f 7519 7518 7520 7521
f 7519 7521 7475 7482
f 7521 7520 7522 7523
f 7521 7523 7476 7475
f 7523 7522 7524 7525
f 7523 7525 7469 7476
f 7525 7524 7526 7465
f 7525 7465 7464 7469
f 7526 7524 1518 1517
f 7526 1517 1516 7461
f 7526 7461 7460 7465
f 7524 7522 7527 1518
f 7527 7528 7529 7530
f 7527 7530 1509 1518
f 7527 7522 7520 7528
f 7530 7529 1457 7531
f 7530 7531 1510 1509
f 7531 1457 214 7532
f 7531 7532 7533 1510
f 7533 7532 7534 7535
f 7533 7535 7536 7537
f 7533 7537 1511 1510
f 7537 7536 7538 7539
f 7537 7539 1512 1511
f 7539 7538 7540 7541
f 7539 7541 1520 1512
f 7541 7540 7542 7543
f 7541 7543 1521 1520
f 7543 7542 7544 7545
f 7543 7545 7546 1521
f 7546 7545 1431 7547
f 7546 7547 7548 7549
f 7546 7549 1519 1521
f 7549 7548 7550 7551
f 7549 7551 1514 1519
f 7551 7550 7454 7552
f 7551 7552 1515 1514
f 7552 7454 7453 7458
f 7552 7458 1516 1515
f 7550 7548 7553 7554
f 7550 7554 7455 7454
f 7554 7553 7555 1404
f 7554 1404 1403 7455
f 7555 7553 7556 7557
f 7555 7557 7558 7559
f 7555 7559 1405 1404
f 7559 7558 7560 7561
f 7559 7561 1406 1405
f 7561 7560 7562 7563
f 7561 7563 7564 1406
f 7564 7563 7565 7566
f 7564 7566 1188 7567
f 7564 7567 1407 1406
f 7567 1188 1187 7568
f 7567 7568 1410 1407
f 7568 1187 1190 7569
f 7568 7569 7570 1410
f 7570 7571 1411 1410
f 7570 7569 7572 7573
f 7570 7573 7574 7571
f 7574 1415 1414 7571
f 7574 7573 7575 7576
f 7574 7576 1416 1415
f 7576 7575 3168 3166
f 7576 3166 3165 1416
f 7575 7573 7572 7577
f 7575 7577 3170 3168
f 7577 7572 7503 7501
f 7577 7501 7500 3170
f 7572 7569 1190 7503
f 7571 1414 1412 1411
f 7566 7565 7578 7579
f 7566 7579 1189 1188
f 7579 7578 7580 7581
f 7579 7581 1191 1189
f 7581 7580 7582 7583
f 7581 7583 7584 1191
f 7584 7583 7585 7586
f 7584 7586 7513 7587
f 7584 7587 1185 1191
f 7587 7513 7511 7510
f 7587 7510 1182 1185
f 7586 7585 7588 7516
f 7586 7516 7514 7513
f 7588 7585 7589 7590
f 7588 7590 7591 7592
f 7588 7592 7517 7516
f 7592 7591 7593 7594
f 7592 7594 7518 7517
f 7594 7593 7529 7528
f 7594 7528 7520 7518
f 7593 7591 7595 1458
f 7593 1458 1457 7529
f 7595 7596 7597 7598
f 7595 7598 1459 1458
f 7595 7591 7590 7596
f 7598 7597 7599 1464
f 7598 1464 1460 1459
f 7599 1200 1192 1471
f 7599 1471 1465 1464
f 7599 7597 7600 1200
f 7600 7601 1193 1200
f 7600 7597 7596 7602
f 7600 7602 7603 7601
f 7603 7604 7605 7601
f 7603 7602 7589 7582
f 7603 7582 7580 7604
f 7605 7606 1195 1194
f 7605 1194 1193 7601
f 7605 7604 7607 7606
f 7607 7608 7609 7606
f 7607 7604 7580 7578
f 7607 7578 7565 7608
f 7609 1234 1233 7610
f 7609 7610 1195 7606
f 7609 7608 7562 1234
f 7610 1233 1232 1247
f 7610 1247 1196 1195
f 7608 7565 7563 7562
f 7602 7596 7590 7589
f 7589 7585 7583 7582
f 7562 7560 1235 1234
f 7560 7558 7611 1235
f 7611 7612 1434 1239
f 7611 1239 169 1235
f 7611 7558 7557 7612
f 7612 1430 208 1434
f 7612 7557 7556 1430
f 7556 7547 1431 1430
f 7556 7553 7548 7547
f 7545 7544 1427 1431
f 7544 7542 7613 7614
f 7544 7614 1428 1427
f 7614 7613 7615 1422
f 7614 1422 1421 1428
f 7615 7616 7617 1423
f 7615 1423 207 1422
f 7615 7613 7618 7616
f 7618 7619 7620 7616
f 7618 7613 7542 7540
f 7618 7540 7538 7619
f 7620 7621 7622 7623
f 7620 7623 7617 7616
f 7620 7619 7624 7621
f 7624 7625 7626 7621
f 7624 7619 7538 7536
f 7624 7536 7535 7625
f 7626 7627 7628 7629
f 7626 7629 7622 7621
f 7626 7625 7630 7627
f 7630 1504 1505 7627
f 7630 7625 7535 7534
f 7630 7534 1463 1504
f 7629 7628 7631 7632
f 7629 7632 7633 7622
f 7633 7632 7634 7635
f 7633 7635 7636 7637
f 7633 7637 7623 7622
f 7637 7636 7638 7639
f 7637 7639 7617 7623
f 7639 7638 7640 1424
f 7639 1424 1423 7617
f 7640 7638 7641 1506
f 7640 1506 210 1438
f 7640 1438 1425 1424
f 7641 7642 7643 7644
f 7641 7644 1507 1506
f 7641 7638 7636 7642
f 7644 7643 7645 7646
f 7644 7646 1508 1507
f 7646 7647 7648 1508
f 7646 7645 7649 7647
f 7649 7650 7651 7647
f 7649 7645 1645 7652
f 7649 7652 7653 7650
f 7653 1499 1498 7650
f 7653 7652 7654 7655
f 7653 7655 7656 1499
f 7656 7657 1500 1499
f 7656 7655 7658 7659
f 7656 7659 7660 7657
f 7660 7661 7662 7657
f 7660 7659 7663 7664
f 7660 7664 7665 7661
f 7665 1478 1451 7661
f 7665 7664 1489 1488
f 7665 1488 1479 1478
f 7664 7663 7666 1489
f 7666 7663 7667 7668
f 7666 7668 7669 7670
f 7666 7670 1490 1489
f 7670 7669 1456 1454
f 7670 1454 1453 1490
f 7669 7668 7671 7672
f 7669 7672 1505 1456
f 7672 7671 7631 7628
f 7672 7628 7627 1505
f 7671 7668 7667 7673
f 7671 7673 7674 7631
f 7674 7673 7675 1649
f 7674 1649 1648 7634
f 7674 7634 7632 7631
f 7675 7658 7655 7654
f 7675 7654 1644 1649
f 7675 7673 7667 7658
f 7667 7663 7659 7658
f 7662 1446 1445 1501
f 7662 1501 1500 7657
f 7662 7661 1451 1446
f 7654 7652 1645 1644
f 7651 1503 7676 7677
f 7651 7677 7648 7647
f 7651 7650 1498 1503
f 7677 7676 7678 7679
f 7677 7679 7680 7648
f 7680 7679 7681 7682
f 7680 7682 1439 1441
f 7680 1441 1508 7648
f 7682 7681 7683 7684
f 7682 7684 1440 1439
f 7684 7683 7685 7686
f 7684 7686 7687 1440
f 7687 7686 1211 7688
f 7687 7688 7689 7690
f 7687 7690 1436 1440
f 7690 7689 7691 7692
f 7690 7692 1437 1436
f 7692 7691 7693 7694
f 7692 7694 1426 1437
f 7694 7693 7695 7696
f 7694 7696 1418 1426
f 7696 7695 7697 7698
f 7696 7698 1419 1418
f 7698 7697 7699 7700
f 7698 7700 7701 1419
f 7701 7700 7702 7703
f 7701 7703 7704 7705
f 7701 7705 1420 1419
f 7705 7704 7706 7707
f 7705 7707 1421 1420
f 7707 7706 1432 1429
f 7707 1429 1428 1421
f 7706 7704 7708 7709
f 7706 7709 1435 1432
f 7709 7708 7710 7711
f 7709 7711 1238 1435
f 7711 7710 1240 1245
f 7711 1245 1236 1238
f 7710 7708 7712 7713
f 7710 7713 1241 1240
f 7713 7712 7714 7715
f 7713 7715 1242 1241
f 7715 7714 7716 1226
f 7715 1226 1225 1242
f 7716 7717 7718 7719
f 7716 7719 1227 1226
f 7716 7714 7702 7717
f 7719 7718 7720 7721
f 7719 7721 1228 1227
f 7721 7720 7722 7723
f 7721 7723 7724 1228
f 7724 7723 1220 1219
f 7724 1219 1224 7725
f 7724 7725 1229 1228
f 7725 1224 7726 7727
f 7725 7727 1230 1229
f 7727 7726 7728 7729
f 7727 7729 1243 1230
f 7729 7728 7730 7731
f 7729 7731 171 1243
f 7731 7730 7732 7733
f 7731 7733 1244 171
f 7733 7732 1198 1197
f 7733 1197 1246 1244
f 7732 7730 7734 7735
f 7732 7735 1199 1198
f 7735 7734 7736 7737
f 7735 7737 1468 1199
f 7737 7736 7738 7739
f 7737 7739 1469 1468
f 7739 7738 7740 1476
f 7739 1476 1472 1469
f 7740 7738 7741 7742
f 7740 7742 7743 7744
f 7740 7744 1477 1476
f 7744 7743 7745 7746
f 7744 7746 1450 1477
f 7746 7745 7747 7748
f 7746 7748 1447 1450
f 7748 7747 7749 7750
f 7748 7750 1448 1447
f 7750 7749 1213 7751
f 7750 7751 7752 1448
f 7752 7751 7685 7683
f 7752 7683 7681 7753
f 7752 7753 1442 1448
f 7753 7681 7679 7678
f 7753 7678 1443 1442
f 7751 1213 1212 7685
f 7749 7747 7754 7755
f 7749 7755 1208 1213
f 7755 7754 1207 7756
f 7755 7756 1209 1208
f 7756 1207 1206 1216
f 7756 1216 1215 1209
f 7754 7757 164 1207
f 7754 7747 7745 7757
f 7757 7758 1203 164
f 7757 7745 7743 7758
f 7758 7759 7760 1203
f 7758 7743 7742 7759
f 7760 7761 7762 7763
f 7760 7763 1204 1203
f 7760 7759 7764 7761
f 7764 7765 1222 7761
f 7764 7759 7742 7741
f 7764 7741 7766 7765
f 7766 7767 7768 7765
f 7766 7741 7738 7736
f 7766 7736 7734 7767
f 7768 7726 1224 1223
f 7768 1223 1222 7765
f 7768 7767 7728 7726
f 7767 7734 7730 7728
f 7763 7762 7769 7770
f 7763 7770 1205 1204
f 7770 7769 7722 7771
f 7770 7771 7772 1205
f 7772 7773 1201 1205
f 7772 7771 7774 7775
f 7772 7775 7776 7773
f 7776 7777 7778 7773
f 7776 7775 7779 7780
f 7776 7780 7781 7777
f 7781 7782 1218 7777
f 7781 7780 7695 7693
f 7781 7693 7691 7782
f 7782 7783 1214 1218
f 7782 7691 7689 7783
f 7783 7784 1215 1214
f 7783 7689 7688 7784
f 7784 1210 1209 1215
f 7784 7688 1211 1210
f 7780 7779 7697 7695
f 7779 7775 7774 7785
f 7779 7785 7699 7697
f 7785 7774 7720 7718
f 7785 7718 7717 7699
f 7778 1217 1206 1202
f 7778 1202 1201 7773
f 7778 7777 1218 1217
f 7774 7771 7722 7720
f 7769 7762 1221 1220
f 7769 1220 7723 7722
f 7762 7761 1222 1221
f 7717 7702 7700 7699
f 7714 7712 7703 7702
f 7712 7708 7704 7703
f 7686 7685 1212 1211
f 7678 7676 1444 1443
f 7676 1503 1502 1444
f 7645 7643 1646 1645
f 7643 7642 1647 1646
f 7642 7636 7635 1647
f 7635 7634 1648 1647
f 7534 7532 214 1463
f 7510 7507 1183 1182
f 7504 7503 1190 1186
f 7500 3173 3171 3170
f 7470 7442 1496 1494
f 7466 7445 7443 7442
f 7462 1522 1527 7445
f 7461 1516 7458 7457
f 7336 7334 3189 3181
f 7298 890 887 7291
f 7292 560 556 552
f 7291 887 886 7287
f 7288 886 882 881
f 7288 881 97 862
f 7273 7269 3299 3297
f 7272 877 7786 7787
f 7272 7787 7268 7267
f 7272 7271 878 877
f 7787 7786 870 867
f 7787 867 866 7268
f 7786 7788 7789 870
f 7786 877 100 7788
f 7789 2392 2389 2388
f 7789 2388 871 870
f 7789 7788 7790 2392
f 7790 2397 2393 2392
f 7790 7788 100 861
f 7790 861 860 2397
f 7268 866 7264 7263
f 7265 3302 3300 3299
f 7264 866 865 7791
f 7264 7791 7261 7260
f 7791 865 869 7792
f 7791 7792 838 7261
f 7792 869 822 821
f 7792 821 92 838
f 7261 838 837 848
f 3282 3281 567 566
f 3281 7793 568 567
f 3281 3278 3276 7793
f 7793 7794 7795 568
f 7793 3276 3275 7794
f 7795 7796 7797 563
f 7795 563 32 568
f 7795 7794 7798 7796
f 7798 7799 7800 7796
f 7798 7794 3275 3274
f 7798 3274 7801 7799
f 7801 7802 7803 7799
f 7801 3274 3272 3271
f 7801 3271 7804 7802
f 7804 3215 3214 7802
f 7804 3271 3269 7805
f 7804 7805 3217 3215
f 7805 3269 3267 7806
f 7805 7806 3219 3217
f 7806 3267 3266 7807
f 7806 7807 7808 3219
f 7808 3223 3220 3219
f 7808 7807 7809 7810
f 7808 7810 7811 3223
f 7811 3228 3224 3223
f 7811 7810 1587 1586
f 7811 1586 1585 3228
f 7810 7809 3259 1587
f 7809 7807 3266 3262
f 7809 3262 3260 3259
f 7803 3213 546 545
f 7803 545 7800 7799
f 7803 7802 3214 3213
f 7800 545 544 7812
f 7800 7812 7797 7796
f 7812 544 7813 7814
f 7812 7814 7815 7797
f 7815 564 563 7797
f 7813 7816 859 858
f 7813 544 29 7816
f 7816 559 7817 859
f 7816 29 550 559
f 7817 7818 853 7819
f 7817 7819 856 859
f 7817 559 558 7818
f 7819 853 852 864
f 7819 864 857 856
f 7818 7820 854 853
f 7818 558 557 7820
f 7820 7821 7822 854
f 7820 557 564 7821
f 3259 3257 1588 1587
f 3254 3252 241 1588
f 3252 3250 1589 241
f 3250 1592 1591 1589
f 3233 3231 1585 1584
f 3231 3229 3228 1585
f 3227 7823 1301 529
f 3227 529 528 3222
f 3227 3226 1360 7823
f 7823 1298 1297 1301
f 7823 1360 1359 1298
f 3213 3211 547 546
f 3196 3194 1328 1327
f 3191 3190 1325 1322
f 3178 3176 955 954
f 3165 3164 1417 1416
f 3164 1349 1355 1417
f 3164 3162 1350 1349
f 3155 3146 3145 7439
f 3121 3119 960 959
f 2795 2794 1617 1616
f 2795 1616 1615 1815
f 2786 2784 1152 1156
f 2750 2748 1100 1097
f 2729 2725 1703 1702
f 2723 2722 1705 1704
f 2685 2683 1054 1053
f 2677 1045 1044 2672
f 2652 1176 1175 2647
f 2643 157 1165 1164
f 2643 1164 1163 2638
f 2643 2642 1175 157
f 2634 2633 1163 1162
f 2625 2621 1674 1673
f 2614 2613 1677 1676
f 2608 2604 1110 1109
f 2603 1795 1794 2601
f 2599 2598 1111 1110
f 2594 966 119 970
f 2552 2548 2547 923
f 2547 2543 2523 2522
f 2547 2522 924 923
f 2542 1790 2539 2538
f 2539 1790 1787 7824
f 2539 7824 2536 2535
f 7824 1787 1786 7825
f 7824 7825 7826 2536
f 7826 7825 1783 1800
f 7826 1800 7827 1799
f 7826 1799 1798 2536
f 7825 1786 1779 1783
f 2490 2486 2423 2421
f 2489 1804 1807 2485
f 2483 2482 1807 1806
f 2468 474 473 2465
f 2463 2462 437 436
f 2463 436 435 2456
f 2462 472 471 437
f 2462 2461 473 472
f 2457 2456 435 7828
f 2457 7828 7829 2161
f 7829 7828 7830 7831
f 7829 7831 449 451
f 7829 451 2162 2161
f 7831 7830 7832 7833
f 7831 7833 450 449
f 7833 7832 432 7834
f 7833 7834 7835 450
f 7835 7834 427 426
f 7835 426 401 419
f 7835 419 418 450
f 7834 432 431 427
f 7832 440 428 432
f 7832 7830 434 440
f 7830 7828 435 434
f 2402 2398 2397 860
f 2396 842 841 2391
f 2388 2386 2385 871
f 2376 2372 1857 1856
f 2356 2349 2078 2077
f 2326 2324 2256 2255
f 2323 2251 2145 2144
f 2321 2243 2257 2256
f 2270 2269 2072 2071
f 2257 2243 2242 2249
f 2251 375 7836 2145
f 7836 7837 2179 2178
f 7836 2178 2146 2145
f 7836 375 2250 7837
f 7837 2156 2155 2179
f 7837 2250 2157 2156
f 2250 2215 2158 2157
f 2237 2236 2185 2184
f 2215 368 2208 2158
f 2178 362 2147 2146
f 2163 2162 451 448
f 2137 387 386 507
f 2002 1990 1994 1996
f 2002 1956 1951 1990
f 1968 1967 1961 1960
f 1966 1958 315 1964
f 1959 320 1950 1953
f 1937 1750 1747 1931
f 1932 1931 1747 1746
f 1927 1906 788 787
f 1927 802 801 1910
f 1926 1924 794 793
f 1924 1923 795 794
f 1923 805 804 795
f 1923 1922 806 805
f 1922 1919 1918 806
f 1918 1907 1910 801
f 1917 1882 1884 307
f 1906 1905 789 788
f 1888 1867 1871 1886
f 1878 297 1870 1872
f 1849 1848 1832 1835
f 1848 1847 1833 1832
f 1825 1824 1821 1820
f 1817 1812 1803 1797
f 1805 1792 1791 1802
f 1803 1802 1791 1797
f 1786 1785 1780 1779
f 1778 1777 1754 1753
f 1721 1692 1696 1718
f 1712 1701 1699 1698
f 1711 1696 1695 1701
f 1702 266 1708 3074
f 3074 3077 2729 1702
f 1658 1661 4951 1655
f 1658 1655 257
f 1632 1630 1624 1629
f 1623 1572 239 1618
f 1619 1618 239 1574
f 1609 1599 243 1580
f 1607 1583 1576 1604
f 1606 1605 7838 1361
f 1605 1602 193 7838
f 3151 3150 245 7839
f 1602 1601 3153 193
f 1595 1590 1589 1591
f 1569 1568 1552 1551
f 1502 1501 1445 1444
f 1495 1485 1484 1491
f 1492 1491 1484 1486
f 1487 7840 1480 1479
f 1487 1453 1452 7840
f 7840 1475 1473 1480
f 7840 1452 1455 1475
f 1475 1455 7841 1474
f 7841 1467 1466 1474
f 7841 1455 225 1462
f 7841 1462 1461 1467
f 1471 1470 1466 1465
f 1438 1437 1426 1425
f 1435 1238 1237 1433
f 1434 1433 1237 1239
f 1399 1398 1389 1388
f 1359 7842 1293 1298
f 7842 1343 1292 1293
f 7842 7843 3152 1343
f 193 7843 7844 232
f 7838 193 232 1361
f 1332 534 1299 1304
f 1331 1330 1320 1324
f 1330 1329 1321 1320
f 1305 554 548 547
f 1301 1300 530 529
f 1300 1299 534 530
f 1287 1286 1256 1255
f 1247 1246 1197 1196
f 1243 1242 1225 1230
f 1136 1131 1126 1129
f 1136 150 1132 1131
f 1131 1130 1127 1126
f 1108 1088 1081 1087
f 1014 1013 1010 1009
f 945 944 113 938
f 945 938 937 916
f 937 936 933 935
f 937 935 917 916
f 935 932 918 917
f 112 930 884 889
f 920 894 900 921
f 7845 7413 106 905
f 893 7846 850 857
f 893 857 864 103
f 7846 851 850
f 2410 855 95 851
f 840 839 768 767
f 839 92 821 820
f 808 738 74 809
f 763 79 757 756
f 79 762 758 757
f 5407 748 76 5490
f 5407 5490 5412 5408
f 74 7847 812 809
f 654 653 7849 636
f 7849 626 638 637
f 7849 637 635 636
f 7849 653 627 626
f 653 53 631 627
f 649 54 654 4079
f 649 4079 7850 7851
f 556 549 553 552
f 554 553 549 548
f 536 399 8 425
f 507 386 389 394
f 498 497 488 487
f 491 468 15 467
f 458 422 414 413
f 458 413 412 454
f 458 457 421 422
f 457 452 417 421
f 455 454 412 453
f 440 439 429 428
f 433 423 427 431
f 420 419 401 400
f 420 400 404 403
f 390 389 386 385
f 20 498 487 490
f 39 588 589 592
f 113 936 937 938
f 134 1042 1038 1037
f 1178 1179 1180 1181
f 199 1378 1379 1380
f 265 1699 1701 1695
f 1729 1732 1733 1731
f 274 1746 1747 1750
f 1808 1810 1811 1809
f 1844 1845 1846 5222
f 299 1885 1888 1886
f 800 806 1918 801
f 1969 1970 1971 1972
f 2212 2216 2217 2213
f 741 4758 4759 4756
f 49 635 637 638
f 2010 2013 3816 2011
f 1961 1967 1963 1962
f 335 1988 2045 2046
f 591 595 37 594
f 193 3153 3152 7843
f 1810 1808 284 286
f 4696 2075 2074 341
f 7432 7430 1481 1485
f 4332 4331 4335
f 7847 74 740
f 6853 6852 6851
f 4780 4779 6854
f 740 739 4786
f 964 118 2590 2591
f 1249 1248 3172 1296
f 7827 1800 283 1801
f 3753 3755 1987 1986
f 3177 3180 3184
f 7848 713 67 709
f 7848 4074 719 713
f 7842 1359 7844 7843
f 1359 195 232 7844
f 4335 4334 460 456
f 460 14 456
f 4317 4315 4401 4319
f 4401 4320 4319
f 6834 6368 6369 811
f 6834 6365 6364 6368
f 95 854 7822
f 95 7822 858
f 95 858 96
f 904 2822 7413 7845
f 2822 2821 7852 7413
f 2821 3115 3116 7852
f 7413 7852 110 921
f 7852 3116 915 110
f 2559 941 114
f 2559 114 946
f 2559 946 115
f 2559 115 950
f 1348 192 3154 3158
f 192 1345 3154
f 7839 3139 3143 7853
f 3143 7439 3145 7853
f 3145 3151 7839 7853
f 3145 3144 3151
f 7839 245 244 1598
f 245 3150 1601 244
f 2597 2596 2601 1794
f 1794 282 1799 7827
f 2589 2597 1794 7827
f 2589 2593 2597
f 5581 5580 5583 5582
f 5581 5582 1902 290
f 5581 290 1831 5558
f 1831 5554 5553 5558
f 1986 329 2027 335
f 1986 335 2046 3753
f 2046 3756 3753
f 4075 3923 4068 4070
f 4068 4069 4070
f 4077 4076 3918 7854
f 3918 4075 7850 7854
f 7850 4079 4077 7854
f 7846 893 892
f 7846 892 2407
f 7846 2407 2410
f 7846 2410 851
f 3184 3202 1303
f 3184 3183 3187 3202
f 1302 3178 3177
f 1302 3174 3176 3178
f 6317 6316 6319 6318
f 6317 1912 1942 6309
f 6317 6318 1912
f 6318 1914 1913 1912
f 780 6536 6540 781
f 68 7855 709
f 68 717 718 7855
f 254 1635 1641
f 1635 1640 1641
f 709 7855 7848
f 7855 718 4074 7848
f 7856 7857 7858
f 7858 7857 7859 7860
f 7860 7859 7861 7862
f 7862 7861 7863 7864
f 7864 7863 7865 7866
f 7866 7865 7867 7868
f 7868 7867 7869 7870
f 7870 7869 7871 7872
f 7872 7871 7873 7874
f 7874 7873 7875 7876
f 7877 7881 7882 7883
f 7878 7884 7885 7886
f 7879 7887 7888 7889
f 7880 7890 7891 7892
f 7892 7891 7888 7887
f 7891 7885 7882 7888
f 7891 7890 7886 7885
f 7888 7882 7881 7889
f 7885 7884 7883 7882
f 7893 7894 7895
f 7896 7897 7898 7899
f 7896 7899 7900 7901
f 7900 7899 7902 7903
f 7903 7902 7904 7905
f 7904 7902 7906 7907
f 7906 7902 7899 7898
f 7897 7896 7901
f 7908 7912 7913 7914
f 7909 7915 7913 7912
f 7910 7916 7917 7918
f 7911 7918 7917 7919
f 7919 7917 7913 7915
f 7917 7916 7914 7913
f 7920 7939 7924 7925
f 7921 7926 7927 7928
f 7922 7929 7930 7931
f 7923 7932 7933 7934
f 7933 7932 7931 7930
f 7933 7930 7924 7927
f 7933 7927 7926 7934
f 7930 7929 7925 7924
f 7927 7924 7939 7928
f 7935 7939 7940 7941
f 7936 7942 7943 7944
f 7937 7945 7946 7947
f 7938 7948 7949 7950
f 7949 7948 7944 7943
f 7949 7943 7940 7946
f 7949 7946 7945 7950
f 7946 7940 7939 7947
f 7943 7942 7941 7940
f 7951 7952 7953 7954
f 7953 7955 7956 7954
f 7956 7955 7957 7958
f 7958 7957 7959 7960
f 7960 7959 7961 7962
f 7962 7961 7963
f 7964 7966 7965 7967
f 7968 7969 7970
f 7969 7971 7972 7970
f 7973 7974 7975 7976
f 7973 7976 7977 7978
f 7974 7973 7978
f 7979 7980 7981 7982
f 7979 7982 7983 7984
f 7981 7980 7985 7986
f 7986 7985 7987 7988
f 7988 7987 7989 7990
f 7989 7987 7991 7992
f 7991 7987 7985 7993
f 7993 7985 7980 7994
f 7994 7980 7979 7984
f 7996 7998 7999 8000
f 7997 8001 8002 8003
f 8002 8001 8004 8005
f 8002 8006 7999 7998 8003
f 8006 8005 8007 8008
f 8006 8008 8009 8010 7999
f 8009 8008 8011 8012
f 8013 8014 8015 8016
f 8017 8018 8019 8020
f 8020 8019 8021 8022
f 8022 8021 7995
f 8023 8015 8014 8024
f 8014 8025 8026 8024
f 8026 8025 8007 8027
f 8027 8007 8005 8004
f 8025 8011 8008 8007
f 8016 8015 8023
f 8012 8011 8013
f 8011 8025 8014 8013
f 8028 8029 8030 8031
f 8032 8028 8031 8033
f 8030 8034 8035 8036
f 8030 8029 8037 8034
f 8036 8035 8038 8039
f 8039 8038 8040 8041
f 8042 8041 8040
f 8031 8030 8036
f 8037 8029 8028 8032
f 8043 8044 8045 8046
f 8043 8046 8047 8048
f 8049 8050 8051 8052
f 8052 8051 8053 8054
f 8054 8053 8055 8056
f 8056 8055 8057 8058
f 8058 8057 8059 8060
f 8060 8059 8061 8062
f 8061 8059 8046 8045
f 8059 8057 8047 8046
f 8057 8055 8063 8047
f 8055 8053 8064 8063
f 8064 8053 8051 8065
f 8064 8065 8066 8067
f 8064 8067 8068 8063
f 8066 8065 8069 8070
f 8070 8069 8071 8072
f 8071 8069 8050 8073
f 8069 8065 8051 8050
f 8048 8047 8063 8068
f 8073 8050 8049
f 8044 8043 8048 8068
f 8074 8075 8076 8077
f 8074 8078 8079 8075
f 8074 8077 8080 8078
f 8079 8081 8082 8075
f 8082 8083 8076 8075
f 8082 8081 8084 8085
f 8085 8084 8086 8087
f 8087 8088 8089 8085
f 8089 8088 8090 8091
f 8086 8084 8092 8093
f 8092 8084 8081 8094
f 8095 8096 8097 8098
f 8095 8098 8099 8100
f 8095 8100 8101 8096
f 8099 8098 8102 8103
f 8102 8098 8097 8104
f 8105 8109 8110 8111
f 8106 8112 8113 8114
f 8107 8111 8110 8115
f 8108 8116 8113 8112
f 8116 8117 8118 8113
f 8118 8119 8120 8121
f 8118 8121 8114 8113
f 8118 8117 8122 8119
f 8122 8115 8110 8119
f 8120 8119 8110 8109
f 832 91 831
f 4790 4791 6850
f 6833 6360 6366
f 8002 8005 8006
f 7999 8010 8000
