v 0.116817 0.075916 0.231325
v 0.102674 0.083717 0.248571
v 0.102937 0.098519 0.255964
v 0.090821 0.100909 0.276545
v 0.081051 0.101196 0.181935
v 0.097066 0.095394 0.092463
v 0.107574 0.091160 0.107407
v 0.114275 0.076979 0.192916
v 0.115420 0.067506 0.192114
v 0.124708 0.066104 0.189256
v 0.109253 0.070531 0.192164
v 0.136950 0.047907 0.176675
v 0.102278 0.048959 0.122064
v 0.084148 0.073607 0.126418
v 0.082328 0.064226 0.137227
v 0.118888 0.080508 0.229652
v 0.127850 0.075934 0.234357
v 0.122192 0.063732 0.225103
v 0.150846 0.046169 0.220897
v 0.169517 0.020938 0.248222
v 0.141197 0.045158 0.216492
v 0.136433 0.038095 0.178123
v 0.155046 0.027468 0.167014
v 0.166494 0.017749 0.207744
v 0.150885 0.023883 0.212751
v 0.153977 0.018879 0.211792
v 0.162677 0.027546 0.212238
v 0.170270 0.016400 0.228710
v 0.159989 0.008320 0.229931
v 0.158325 0.000588 0.138839
v 0.145531 0.000766 0.144566
v 0.149312 0.013938 0.166555
v 0.156094 0.016800 0.168366
v 0.149531 0.017332 0.180076
v 0.159871 0.007496 0.235880
v 0.165175 0.011966 0.239324
v 0.159915 0.009351 0.243734
v 0.138941 0.004820 0.090727
v 0.132419 0.043939 0.177609
v 0.139078 0.041407 0.178764
v 0.061970 0.016119 0.378660
v 0.019894 0.022082 0.417644
v 0.010458 0.029792 0.367833
v 0.034758 0.103555 0.293773
v 0.064487 0.104561 0.222188
v 0.079528 0.106376 0.276747
v 0.076347 0.097037 0.178095
v 0.027235 0.212231 0.009336
v 0.045028 0.201464 0.036644
v 0.049393 0.191971 0.040764
v 0.069142 0.192734 -0.040944
v 0.060082 0.265094 -0.087563
v 0.066098 0.125503 0.049276
v 0.056201 0.171894 -0.001091
v 0.046442 0.183172 -0.018635
v 0.034842 0.166159 -0.046805
v 0.052545 0.182579 -0.044846
v 0.100102 0.074366 -0.093450
v 0.124059 0.069149 -0.053666
v 0.121963 0.063494 -0.054785
v 0.117667 0.058402 -0.084852
v 0.087332 0.077116 -0.029875
v 0.134242 0.048507 0.020858
v 0.128676 0.039057 0.088192
v 0.138654 0.008554 0.073780
v 0.131936 0.023809 0.072786
v 0.127149 0.038451 0.078261
v 0.117018 0.040886 -0.049219
v 0.114403 0.046741 -0.051979
v 0.110756 0.059729 -0.085508
v 0.115001 0.053901 -0.090402
v 0.132081 -0.014505 -0.052094
v 0.132153 0.015246 -0.045245
v 0.156264 0.004434 0.013045
v 0.124513 0.061669 0.058783
v 0.140286 0.035692 0.026515
v 0.152990 0.021838 -0.053135
v 0.138901 0.031973 -0.057250
v 0.135263 0.025165 -0.090169
v 0.148454 0.023864 -0.089219
v 0.140322 0.029169 -0.084937
v 0.081263 0.104351 0.091240
v 0.090925 0.092486 0.083950
v 0.082391 0.113281 0.082533
v 0.069641 0.124817 0.060532
v 0.086979 0.158840 0.036060
v 0.071107 0.246333 -0.119266
v 0.074628 0.267196 -0.202452
v 0.076332 0.227885 -0.170576
v 0.084882 0.228763 -0.166279
v 0.087269 0.216969 -0.166262
v 0.069869 0.211360 -0.161695
v 0.071953 0.146936 -0.152395
v 0.068297 0.144634 -0.138699
v 0.065331 0.243018 -0.098108
v 0.065318 0.243255 -0.150831
v 0.064149 0.256806 -0.210898
v 0.056515 0.264731 -0.206800
v 0.062892 0.288124 -0.155303
v 0.057655 0.288236 -0.158608
v 0.059406 0.250932 -0.155710
v 0.057405 0.300927 -0.156658
v 0.042240 0.219966 -0.120658
v 0.033156 0.226003 -0.118527
v 0.024864 0.219352 -0.116482
v 0.014387 0.215380 -0.114067
v 0.021610 0.241063 -0.150980
v 0.028860 0.265434 -0.165090
v 0.031641 0.141206 -0.169634
v 0.029901 0.161208 -0.173675
v 0.026078 0.160449 -0.181757
v 0.034318 0.303351 -0.170804
v 0.046526 0.151372 -0.289782
v 0.036053 0.152133 -0.292110
v 0.034680 0.142096 -0.281260
v 0.033472 0.145119 -0.282732
v 0.029281 0.155944 -0.343921
v 0.027023 0.163016 -0.333685
v 0.018142 0.148961 -0.346682
v 0.014032 0.158123 -0.387281
v 0.021801 0.159480 -0.389708
v 0.017516 0.164015 -0.489150
v 0.033862 0.174820 -0.487452
v 0.017474 0.159792 -0.494596
v 0.027502 0.148054 -0.377984
v 0.029805 0.160860 -0.447427
v 0.063504 0.174941 -0.454379
v 0.046873 0.172428 -0.453529
v 0.041844 0.179402 -0.499440
v 0.168164 0.173157 -0.499476
v 0.126081 0.177079 -0.446499
v 0.069207 0.180582 -0.449324
v 0.068779 0.252008 -0.211349
v 0.172609 0.151019 -0.481192
v 0.165957 0.153731 -0.462790
v 0.170936 0.160313 -0.479253
v 0.130527 0.128200 -0.499483
v 0.087782 0.122168 -0.322582
v 0.082698 0.109250 -0.347679
v 0.088794 0.068773 -0.300705
v 0.159691 0.004117 -0.281559
v 0.157101 0.011334 -0.278024
v 0.077579 0.082174 -0.493419
v 0.082015 0.080468 -0.484659
v 0.059027 0.067060 -0.410018
v 0.061412 0.075274 -0.434850
v 0.053211 0.073765 -0.439948
v 0.052610 0.073273 -0.496923
v 0.053859 0.080086 -0.489887
v 0.065546 0.085044 -0.447066
v 0.056594 0.082172 -0.438416
v 0.024888 0.068131 -0.439746
v 0.010511 0.063018 -0.447250
v 0.027745 0.045164 -0.342783
v 0.089975 0.103497 -0.141308
v 0.111963 0.106277 -0.147113
v 0.108311 0.079056 -0.087020
v 0.100415 0.019755 -0.184956
v 0.118759 0.061409 -0.143955
v 0.122849 0.033662 -0.159500
v 0.119596 0.046445 -0.159922
v 0.114719 0.058452 -0.151464
v 0.118541 0.039578 -0.157399
v 0.130550 0.025096 -0.214577
v 0.129636 0.047763 -0.242779
v 0.127267 0.056811 -0.235467
v 0.134238 0.060046 -0.224469
v 0.128042 0.062815 -0.229158
v 0.123504 0.064287 -0.232243
v 0.138746 0.024335 -0.108339
v 0.146187 0.043274 -0.213016
v 0.141822 0.052754 -0.216813
v 0.146031 0.032662 -0.209674
v 0.159937 0.000361 -0.269228
v 0.152482 -0.010507 -0.218971
v 0.162683 -0.000787 -0.265928
v 0.146270 -0.041933 -0.212683
v 0.111615 -0.097645 -0.201245
v 0.110314 -0.104140 -0.190320
v 0.109966 -0.103728 -0.139174
v 0.115213 -0.126483 -0.265401
v 0.111871 -0.036557 -0.173895
v 0.127338 -0.043065 -0.227906
v 0.117491 -0.059489 -0.152071
v 0.134412 -0.035074 -0.097584
v 0.119402 -0.058867 -0.084962
v 0.105343 -0.077072 -0.094030
v 0.104543 -0.087432 -0.131660
v 0.095129 -0.119948 -0.132159
v 0.096604 -0.110122 -0.154752
v 0.100997 -0.092395 -0.142046
v 0.059002 -0.124016 -0.153003
v 0.059791 -0.124273 -0.154613
v 0.080968 -0.041346 -0.248438
v 0.063395 -0.054657 -0.346415
v 0.065170 -0.079849 -0.387136
v 0.020466 -0.054960 -0.351586
v 0.017578 -0.044065 -0.325109
v 0.010252 -0.068218 -0.438885
v 0.052634 -0.073831 -0.495175
v 0.057745 -0.084004 -0.486780
v 0.059010 -0.079270 -0.437168
v 0.068040 -0.083401 -0.431861
v 0.100485 -0.061147 -0.272349
v 0.085117 -0.056299 -0.277079
v 0.081684 -0.102296 -0.348368
v 0.077852 -0.118536 -0.369939
v 0.076190 -0.127121 -0.371007
v 0.076840 -0.125268 -0.358572
v 0.080919 -0.090996 -0.414824
v 0.157603 -0.143225 -0.452057
v 0.170472 -0.149690 -0.499288
v 0.123540 -0.183893 -0.450188
v 0.102788 -0.175707 -0.499575
v 0.038595 -0.152844 -0.372534
v 0.035318 -0.159438 -0.426633
v 0.025916 -0.157808 -0.442628
v 0.030819 -0.160518 -0.424746
v 0.011645 -0.160953 -0.498332
v 0.006793 -0.163171 -0.496926
v 0.028715 -0.144795 -0.284073
v 0.055436 -0.150329 -0.324190
v 0.048873 -0.265756 -0.209014
v 0.054290 -0.288133 -0.201728
v 0.036291 -0.266405 -0.200846
v 0.026810 -0.142450 -0.173903
v 0.011279 -0.250075 -0.201155
v 0.025368 -0.301240 -0.170662
v 0.035451 -0.267563 -0.209254
v 0.017649 -0.307681 -0.139823
v 0.032941 -0.225185 -0.116143
v 0.046017 -0.219138 -0.131176
v 0.063817 -0.265893 -0.109813
v 0.057893 -0.275818 -0.116552
v 0.063478 -0.255070 -0.110480
v 0.056078 -0.228587 -0.105270
v 0.059167 -0.232547 -0.099945
v 0.068170 -0.229347 -0.099197
v 0.060707 -0.234584 -0.153899
v 0.061280 -0.241868 -0.103142
v 0.061445 -0.246610 -0.106893
v 0.064792 -0.145362 -0.132817
v 0.086889 -0.225205 -0.158287
v 0.076979 -0.210685 -0.162927
v 0.082909 -0.223922 -0.169812
v 0.067305 -0.218281 -0.166444
v 0.066307 -0.252717 -0.204622
v 0.072106 -0.261509 -0.206164
v 0.064447 -0.250315 -0.151450
v 0.106405 -0.082885 0.001969
v 0.119930 -0.069228 -0.074210
v 0.074716 -0.200353 -0.051402
v 0.065408 -0.126586 0.049251
v 0.092888 -0.097206 0.068713
v 0.108867 -0.082341 0.068527
v 0.090113 -0.141313 0.040569
v 0.106442 -0.088577 0.084062
v 0.093639 -0.096137 0.093853
v 0.082988 -0.102717 0.123524
v 0.083305 -0.109073 0.238787
v 0.073745 -0.104893 0.226932
v 0.076690 -0.095125 0.178852
v 0.106785 -0.090233 0.257210
v 0.118580 -0.081431 0.231859
v 0.114768 -0.074267 0.231281
v 0.102516 -0.083576 0.248896
v 0.103004 -0.083465 0.254988
v 0.088644 -0.071132 0.176998
v 0.122959 -0.067987 0.227815
v 0.132416 -0.066586 0.218308
v 0.119935 -0.067230 0.188036
v 0.141524 -0.041873 0.176290
v 0.155697 -0.025110 0.209072
v 0.137382 -0.049654 0.173609
v 0.146411 -0.044751 0.217582
v 0.137811 -0.037486 0.181836
v 0.132693 -0.052193 0.188185
v 0.130908 -0.049697 0.180463
v 0.094727 -0.063493 0.174644
v 0.133023 -0.063705 0.290524
v 0.173303 -0.017390 0.229502
v 0.163904 -0.015844 0.245062
v 0.159093 -0.011562 0.235405
v 0.171720 -0.017430 0.251840
v 0.155723 -0.021929 0.161236
v 0.150455 -0.023496 0.170380
v 0.144551 -0.021759 0.169756
v 0.153902 -0.013756 0.167793
v 0.166981 -0.018478 0.209758
v 0.161648 -0.015532 0.204151
v 0.175500 -0.015471 0.244053
v 0.163896 0.000567 0.137977
v 0.136502 -0.015962 0.065743
v 0.148765 -0.002707 0.062583
v 0.155809 -0.018232 -0.084473
v 0.138344 -0.018197 -0.040807
v 0.136024 -0.018663 -0.046208
v 0.143358 -0.035816 0.040205
v 0.143423 -0.010141 0.067599
v 0.111443 -0.066234 0.080563
v 0.113651 -0.068947 -0.083973
v 0.110777 -0.054282 -0.089788
v 0.093807 -0.007905 0.126969
v 0.074037 -0.115827 0.121844
v 0.007018 -0.090019 0.186049
v 0.028762 -0.108271 0.000660
v 0.022761 -0.071286 -0.032694
v 0.040941 -0.031771 0.375805
v 0.064531 -0.114863 0.224383
v 0.043833 -0.124814 0.280373
v 0.056033 -0.133741 0.031478
v 0.052882 -0.187572 0.054379
v 0.056159 -0.183986 0.047330
v 0.036676 -0.195191 0.055245
v 0.018077 -0.223800 0.001077
v 0.012856 -0.222768 0.001680
v 0.059133 -0.190624 -0.042496
v -0.026839 -0.180210 0.000151
v -0.034352 -0.173396 0.009784
v -0.036139 -0.167160 0.015906
v -0.036283 -0.145708 0.041250
v 0.015404 -0.098773 0.215599
v -0.006319 -0.090417 0.225861
v -0.005930 -0.093626 0.187776
v -0.026960 -0.128375 0.054580
v -0.020379 -0.111298 0.046677
v -0.013889 -0.027695 0.353281
v -0.013313 -0.081157 0.199705
v -0.035850 0.026079 0.494078
v -0.005670 0.008484 0.399298
v -0.030655 0.014238 0.394710
v -0.002047 0.013155 0.403505
v 0.002504 -0.064571 0.162546
v -0.005339 -0.067703 0.153479
v -0.007590 -0.080777 0.186113
v -0.012006 -0.084502 0.189948
v -0.048827 -0.014706 0.185860
v -0.039417 -0.024172 0.185077
v -0.056319 -0.020430 0.214138
v -0.054088 -0.007629 0.037096
v -0.055992 -0.040609 0.040244
v -0.061926 -0.026565 0.003242
v -0.049051 -0.066027 0.065023
v -0.047609 -0.032093 0.189711
v -0.057229 -0.021892 0.200069
v -0.075761 -0.044524 0.038576
v -0.087482 -0.007507 0.007928
v -0.064084 0.005071 0.407920
v -0.040933 -0.006636 0.405511
v -0.048373 -0.005996 0.404116
v -0.056779 0.002066 0.405823
v -0.053652 -0.006717 0.400862
v -0.049745 -0.030784 0.427669
v -0.046600 -0.015556 0.400384
v -0.039584 -0.017682 0.405204
v -0.065396 -0.027554 0.265134
v -0.061865 -0.035459 0.267588
v -0.074727 -0.067159 0.113563
v -0.048428 -0.074665 0.083617
v -0.043417 -0.085772 0.089136
v -0.060044 -0.057865 0.092591
v -0.036485 -0.090132 0.096715
v -0.036593 -0.091255 0.103619
v -0.070610 -0.067707 0.097561
v -0.047854 -0.088337 0.134078
v -0.051260 -0.049564 0.143553
v -0.059048 -0.060352 0.130414
v -0.050955 -0.087376 0.139624
v -0.063801 -0.102008 0.115892
v -0.057901 -0.099852 0.099742
v -0.062857 -0.105908 0.105155
v -0.061983 -0.110491 0.098298
v -0.050776 -0.112292 0.124152
v -0.049073 -0.114807 0.118021
v -0.043493 -0.116134 0.125370
v -0.049702 -0.095682 0.103697
v -0.067662 -0.139194 0.057776
v -0.065355 -0.127463 0.051397
v -0.053906 -0.124915 0.045097
v -0.027060 -0.129928 0.048397
v -0.043834 -0.084297 0.062595
v -0.059862 -0.166062 0.038016
v -0.045235 -0.134885 0.045103
v -0.032804 -0.191306 -0.044904
v -0.048330 -0.201321 -0.055928
v -0.025549 -0.240743 -0.107019
v -0.028769 -0.254355 -0.094254
v 0.024695 -0.304127 -0.129509
v -0.005713 -0.285894 -0.166629
v 0.004283 -0.293274 -0.167864
v 0.014722 -0.114152 -0.157100
v 0.014967 -0.115959 -0.159183
v 0.004169 -0.118819 -0.163600
v 0.022211 -0.133762 -0.167074
v -0.023196 -0.109673 -0.324773
v -0.019329 -0.119533 -0.311955
v 0.011646 -0.253078 -0.196077
v 0.013262 -0.247298 -0.206193
v 0.015182 -0.254783 -0.205949
v -0.000333 -0.247590 -0.207489
v 0.005154 -0.257205 -0.211778
v 0.009646 -0.151414 -0.295399
v 0.009897 -0.163491 -0.486840
v 0.006365 -0.160074 -0.498886
v -0.008676 -0.128098 -0.367542
v -0.003455 -0.157438 -0.417261
v -0.035190 -0.120631 -0.498936
v -0.007363 -0.141260 -0.438521
v -0.013738 -0.140578 -0.441575
v -0.079121 -0.196056 -0.280631
v -0.094723 -0.192644 -0.260252
v -0.087099 -0.222477 -0.272897
v -0.117664 -0.183459 -0.268310
v -0.133867 -0.193905 -0.259650
v -0.103554 -0.192456 -0.263295
v -0.113966 -0.159630 -0.239573
v -0.142776 -0.120976 -0.271411
v -0.138681 -0.113006 -0.275017
v -0.105371 -0.135524 -0.280318
v -0.095532 -0.135377 -0.272908
v -0.093558 -0.125114 -0.278137
v -0.098947 -0.032250 -0.284586
v -0.092570 -0.028873 -0.287397
v -0.011535 -0.085257 -0.498868
v 0.005653 -0.082759 -0.421430
v -0.003638 -0.087434 -0.415704
v -0.009640 -0.070462 -0.289192
v -0.013538 -0.073419 -0.285350
v -0.007295 -0.089113 -0.256341
v -0.012899 -0.085968 -0.260125
v -0.014001 -0.078686 -0.292588
v -0.018370 0.016801 -0.153595
v -0.023410 -0.096487 -0.143412
v -0.020832 -0.106639 -0.147735
v -0.004687 -0.094518 -0.156048
v -0.010371 -0.083344 -0.140525
v 0.005302 -0.001772 -0.178198
v -0.003451 -0.071682 -0.073750
v -0.003436 -0.056391 -0.074832
v -0.005344 0.060330 -0.091452
v -0.008917 0.052746 -0.094626
v 0.001828 0.066849 -0.083349
v -0.003968 0.058223 -0.074391
v -0.014307 0.067877 -0.173639
v -0.014615 0.042476 -0.160453
v -0.014739 0.095618 -0.156406
v -0.026706 0.094836 -0.150331
v -0.020464 0.097771 -0.138929
v -0.020881 0.092346 -0.144774
v -0.012402 0.085437 -0.498886
v -0.151247 0.044815 -0.279890
v -0.152258 0.037786 -0.276589
v -0.106674 0.135284 -0.275238
v -0.119119 0.142631 -0.269490
v -0.168789 0.180580 -0.270058
v -0.162610 0.175538 -0.261993
v -0.173380 0.191120 -0.260247
v -0.134350 0.182848 -0.257497
v -0.171915 0.182737 -0.259112
v -0.164246 0.194066 -0.270644
v -0.138951 0.230855 -0.271574
v -0.129891 0.237620 -0.268771
v -0.101931 0.208839 -0.289412
v -0.106138 0.212493 -0.288332
v -0.009780 0.128409 -0.424461
v -0.009326 0.128752 -0.499340
v -0.003155 0.135390 -0.378900
v -0.005441 0.153434 -0.425846
v 0.007449 0.154545 -0.382851
v -0.010303 0.151910 -0.404907
v 0.005374 0.252075 -0.205728
v 0.020516 0.149004 -0.186550
v -0.004633 0.262567 -0.206610
v -0.019256 0.286102 -0.159446
v -0.002790 0.290535 -0.165844
v -0.017812 0.275627 -0.126314
v -0.010692 0.281123 -0.127286
v -0.016295 0.269359 -0.160750
v 0.021850 0.155935 -0.167546
v 0.017602 0.156312 -0.184644
v 0.002239 0.285355 -0.164665
v -0.017749 0.232509 -0.107512
v -0.012682 0.241791 -0.116247
v -0.010544 0.240399 -0.112053
v -0.017604 0.287968 -0.104681
v -0.028774 0.267098 -0.117643
v -0.039136 0.193915 -0.050894
v -0.044461 0.190893 -0.044476
v -0.048140 0.196850 -0.053980
v -0.036415 0.192748 -0.041810
v -0.068958 0.148726 0.038522
v -0.047240 0.112799 0.095645
v -0.069819 0.090401 0.094407
v -0.064049 0.086924 0.091533
v -0.075956 0.083379 0.101465
v -0.048730 0.092045 0.136634
v -0.061304 0.106136 0.103038
v -0.050814 0.093653 0.097337
v -0.071385 0.069532 0.095957
v -0.077779 0.074765 0.085864
v -0.072810 0.058410 0.106591
v -0.068932 0.068488 0.094865
v -0.046862 0.070566 0.072147
v -0.046996 0.071430 0.081526
v -0.047307 0.075132 0.087394
v -0.046346 0.077177 0.080740
v -0.030978 0.148446 0.034727
v -0.045218 0.118593 0.095508
v -0.033550 0.114402 0.095017
v -0.028917 0.118388 0.093359
v -0.028550 0.104322 0.098380
v -0.034298 0.096645 0.104800
v -0.039331 0.094112 0.057296
v -0.033489 0.097431 0.053329
v -0.012663 0.115381 0.035992
v -0.008711 0.092674 0.010484
v -0.005153 0.221261 0.017795
v -0.005301 0.070477 0.156852
v 0.006541 0.068663 0.162157
v -0.003203 0.094720 0.188352
v -0.001342 0.082705 0.184629
v 0.010959 0.102968 0.245522
v -0.000494 0.095595 0.249642
v 0.018841 0.080882 0.336410
v -0.019645 0.050163 0.463808
v -0.038977 0.030503 0.486163
v -0.029631 0.035182 0.480135
v -0.128012 0.086516 0.313218
v -0.101822 0.092888 0.301938
v -0.116802 0.091357 0.308249
v -0.112386 0.090220 0.318778
v -0.107578 0.095970 0.311875
v -0.113562 0.085881 0.318115
v -0.137068 0.093831 0.371582
v -0.140152 0.098182 0.342050
v -0.130057 0.103039 0.343024
v -0.124486 0.108152 0.326673
v -0.182153 0.123615 0.327572
v -0.181237 0.117853 0.324258
v -0.176596 0.122899 0.323733
v -0.181670 0.124903 0.326634
v -0.116858 0.115127 0.338906
v -0.104661 0.119553 0.365331
v -0.176724 0.146605 0.377965
v -0.172014 0.148834 0.371313
v 0.113944 0.072308 0.228226
v 0.132333 0.071985 0.230501
v 0.122528 0.070973 0.228980
v 0.117981 0.067622 0.226792
v 0.110633 0.082668 0.246537
v 0.105895 0.088154 0.250201
v 0.105930 0.080760 0.254425
v 0.120935 0.071303 0.255348
v 0.118353 0.068909 0.250483
v 0.120120 0.070025 0.243526
v 0.113840 0.091387 0.260025
v 0.110647 0.086665 0.257403
v 0.106096 0.091145 0.252968
v 0.108516 0.093574 0.243397
v 0.099593 0.099048 0.241190
v 0.085461 0.108640 0.253371
v 0.082851 0.109126 0.268857
v 0.098236 0.101570 0.268781
v 0.111902 0.091469 0.267060
v 0.088010 0.095914 0.281348
v 0.080001 0.099834 0.285297
v 0.108859 0.091500 0.275375
v 0.099639 0.090294 0.284735
v 0.091721 0.094757 0.181940
v 0.069394 0.098072 0.186748
v 0.082809 0.096223 0.190377
v 0.096712 0.090591 0.187654
v 0.091859 0.103931 0.103953
v 0.095927 0.099635 0.107849
v 0.105923 0.094473 0.100341
v 0.091157 0.105844 0.096805
v 0.090655 0.108801 0.101894
v 0.096086 0.092590 0.088889
v 0.088647 0.101998 0.095588
v 0.110740 0.085580 0.108859
v 0.113283 0.083938 0.095344
v 0.098459 0.095541 0.112565
v 0.099685 0.090638 0.116960
v 0.112933 0.074444 0.194813
v 0.112234 0.078321 0.183326
v 0.100555 0.089700 0.195801
v 0.125801 0.066053 0.179359
v 0.113921 0.066904 0.198441
v 0.117293 0.063884 0.203682
v 0.123082 0.064567 0.201161
v 0.129731 0.067373 0.200130
v 0.134102 0.055297 0.188303
v 0.135774 0.059959 0.201209
v 0.115612 0.082254 0.211300
v 0.113994 0.076058 0.212672
v 0.113354 0.069784 0.214222
v 0.131452 0.049266 0.189292
v 0.146958 0.042212 0.180130
v 0.139402 0.047648 0.165383
v 0.125280 0.065742 0.170891
v 0.113477 0.029034 0.119329
v 0.122466 0.030501 0.113093
v 0.118402 0.048176 0.107389
v 0.115966 0.058976 0.099446
v 0.106671 0.061765 0.116387
v 0.092929 0.067855 0.124356
v 0.081383 0.058815 0.141872
v 0.098477 0.046222 0.133651
v 0.110664 0.028230 0.126086
v 0.086584 0.080210 0.124755
v 0.072731 0.087801 0.135788
v 0.075970 0.077788 0.138956
v 0.098170 0.075884 0.123412
v 0.062780 0.077660 0.155249
v 0.061662 0.070667 0.152769
v 0.118785 0.084986 0.241397
v 0.124756 0.073154 0.241850
v 0.114368 0.086893 0.229881
v 0.111477 0.089580 0.242332
v 0.135297 0.055996 0.239480
v 0.141661 0.059279 0.238173
v 0.143605 0.060032 0.231725
v 0.123079 0.064750 0.214195
v 0.117710 0.065353 0.214420
v 0.126480 0.068662 0.224164
v 0.128199 0.068726 0.213545
v 0.142233 0.058194 0.223683
v 0.154360 0.046917 0.229423
v 0.162311 0.035350 0.228195
v 0.159992 0.036269 0.221127
v 0.138791 0.054902 0.214927
v 0.158513 0.036095 0.214140
v 0.152844 0.042750 0.214867
v 0.147726 0.042418 0.214534
v 0.141213 0.039921 0.210469
v 0.146824 0.041795 0.209761
v 0.161839 0.019918 0.247050
v 0.153550 0.035453 0.248958
v 0.160806 0.037668 0.252373
v 0.161355 0.035302 0.262495
v 0.169001 0.018426 0.263724
v 0.177256 0.009642 0.266615
v 0.179468 0.010419 0.252002
v 0.172146 0.016362 0.239024
v 0.180157 0.009989 0.239451
v 0.139352 0.038482 0.202403
v 0.135894 0.043650 0.202726
v 0.135299 0.051459 0.202234
v 0.138701 0.038228 0.189659
v 0.143278 0.041593 0.189341
v 0.133527 0.041635 0.178880
v 0.134493 0.041990 0.189731
v 0.152006 0.028642 0.158607
v 0.153775 0.032418 0.177252
v 0.163321 0.015090 0.166795
v 0.161190 0.015752 0.160493
v 0.159449 0.016000 0.154381
v 0.153416 0.026150 0.176874
v 0.166003 0.027217 0.220820
v 0.171214 0.018753 0.219147
v 0.173840 0.010790 0.207331
v 0.171810 0.010019 0.194278
v 0.167939 0.016820 0.193549
v 0.176286 0.010536 0.218651
v 0.161199 0.015489 0.193941
v 0.160364 0.017187 0.205610
v 0.158055 0.022497 0.211621
v 0.155648 0.026368 0.209040
v 0.154949 0.018606 0.204578
v 0.150856 0.022357 0.203601
v 0.152771 0.025527 0.201662
v 0.160352 0.028971 0.206712
v 0.157684 0.035257 0.207122
v 0.166907 0.024962 0.228867
v 0.178394 0.010069 0.228408
v 0.162756 0.020110 0.230251
v 0.165138 0.013598 0.231556
v 0.156948 0.015710 0.231003
v 0.157158 0.012502 0.237426
v 0.161886 0.006370 0.142384
v 0.161887 -0.006383 0.140690
v 0.154332 -0.018708 0.144168
v 0.150929 -0.011207 0.143342
v 0.153842 0.011561 0.142424
v 0.138877 0.020352 0.148725
v 0.143999 0.024683 0.148219
v 0.138121 -0.000946 0.149795
v 0.134780 0.017081 0.153094
v 0.157183 0.015529 0.144605
v 0.148138 0.023077 0.176408
v 0.154055 0.012448 0.177786
v 0.159223 0.015383 0.178419
v 0.165863 0.015798 0.178238
v 0.150472 0.024495 0.190584
v 0.149955 0.020124 0.191969
v 0.154160 0.015042 0.193615
v 0.154539 0.018904 0.245410
v 0.152920 0.021336 0.238627
v 0.131930 -0.018743 0.096586
v 0.133601 -0.024503 0.079323
v 0.139797 -0.006551 0.074669
v 0.132650 0.008024 0.106963
v 0.128649 -0.014067 0.110173
v 0.146202 0.002450 0.067408
v 0.133729 0.027007 0.081171
v 0.132870 0.026002 0.091636
v 0.128876 0.028493 0.103356
v 0.149473 0.041329 0.188728
v 0.050753 0.012803 0.394740
v 0.054975 0.001933 0.394718
v 0.067924 0.004562 0.384304
v 0.033250 0.029935 0.379641
v 0.030001 0.027838 0.391667
v 0.105161 0.008621 0.369543
v 0.101655 0.019107 0.363104
v 0.064772 0.036401 0.372113
v 0.032000 0.039709 0.368197
v 0.021570 0.017614 0.429764
v 0.031433 0.002938 0.430954
v 0.030628 0.004836 0.419226
v 0.035038 0.007965 0.411111
v 0.021485 0.021928 0.407766
v 0.005892 0.019077 0.401587
v 0.005472 0.020013 0.407035
v 0.000610 0.024810 0.411821
v 0.011545 0.031083 0.420536
v 0.015221 0.028651 0.429616
v 0.009196 0.027449 0.376002
v 0.002084 0.041556 0.358049
v -0.010321 0.021715 0.357741
v -0.003912 0.014940 0.373111
v 0.037136 0.107723 0.291855
v 0.018287 0.102084 0.282366
v 0.013968 0.100758 0.284402
v 0.031206 0.098248 0.309041
v 0.051310 0.103623 0.307697
v 0.050831 0.108782 0.291236
v 0.022539 0.120000 0.276516
v 0.021554 0.109939 0.281934
v 0.038639 0.114985 0.289202
v 0.034669 0.124732 0.277138
v 0.079459 0.107265 0.233492
v 0.086541 0.101868 0.223221
v 0.066260 0.099748 0.215696
v 0.051855 0.110987 0.219154
v 0.061404 0.123484 0.230054
v 0.049122 0.102330 0.215154
v 0.069881 0.123454 0.270277
v 0.066712 0.114012 0.283856
v 0.066798 0.103364 0.291395
v 0.051814 0.101703 0.184442
v 0.051151 0.101886 0.189622
v 0.078031 0.091019 0.175229
v 0.052402 0.095939 0.182475
v 0.037707 0.205343 0.006793
v 0.036383 0.207739 0.000235
v 0.026895 0.215739 0.004056
v 0.019668 0.216539 0.009760
v 0.021580 0.219636 0.015479
v 0.033363 0.217084 0.015198
v 0.019200 0.219441 0.004951
v 0.044170 0.209079 0.012697
v 0.046723 0.203820 0.030181
v 0.036676 0.210981 0.035526
v 0.036897 0.205585 0.042389
v 0.054437 0.190999 0.029440
v 0.037081 0.199545 0.049244
v 0.036987 0.195098 0.055548
v 0.048776 0.186527 0.049154
v 0.058403 0.174352 0.042936
v 0.058743 0.175575 0.036657
v 0.061733 0.175458 0.028361
v 0.061490 0.191141 -0.041713
v 0.062603 0.195793 -0.053430
v 0.070815 0.199847 -0.051916
v 0.067103 0.196180 -0.033089
v 0.059655 0.193059 -0.033067
v 0.073523 0.200231 -0.032255
v 0.074773 0.202373 -0.037697
v 0.072966 0.208151 -0.047080
v 0.064103 0.263386 -0.096078
v 0.059301 0.278465 -0.099354
v 0.054135 0.275352 -0.087482
v 0.059243 0.255913 -0.079090
v 0.063868 0.248359 -0.086908
v 0.050743 0.266142 -0.073165
v 0.057849 0.124141 0.041306
v 0.057330 0.131942 0.035755
v 0.062905 0.134250 0.041942
v 0.067825 0.135251 0.043013
v 0.069719 0.128741 0.048399
v 0.069021 0.114187 0.050277
v 0.060609 0.114397 0.042424
v 0.072249 0.119988 0.062099
v 0.062899 0.174884 0.015666
v 0.061224 0.161319 0.017479
v 0.056081 0.155528 0.003839
v 0.056777 0.195231 0.012309
v 0.056496 0.192053 0.020660
v 0.038971 0.142409 -0.008430
v 0.036604 0.153318 -0.014396
v 0.035568 0.160412 -0.017652
v 0.049878 0.177349 -0.007274
v 0.050652 0.194978 0.005295
v 0.051979 0.191300 -0.022437
v 0.047391 0.200803 -0.012313
v 0.043624 0.197022 -0.006816
v 0.034337 0.169561 -0.027408
v 0.035930 0.169403 -0.032762
v 0.049061 0.178841 -0.030467
v 0.053505 0.186353 -0.031853
v 0.043547 0.179996 -0.009754
v 0.033869 0.166028 -0.020818
v 0.044231 0.194026 0.000462
v 0.039460 0.170967 -0.049599
v 0.048414 0.176162 -0.040543
v 0.038772 0.165796 -0.039162
v 0.016391 0.162979 -0.049937
v 0.016578 0.166711 -0.055643
v 0.016415 0.159003 -0.043179
v 0.041439 0.171754 -0.056435
v 0.040179 0.177232 -0.067926
v 0.054096 0.188480 -0.058520
v 0.105590 0.079301 -0.093747
v 0.106429 0.074248 -0.088211
v 0.101905 0.069727 -0.089128
v 0.102751 0.078744 -0.100298
v 0.107671 0.085300 -0.100101
v 0.102919 0.071544 -0.099154
v 0.113741 0.081569 -0.054437
v 0.110450 0.077948 -0.050344
v 0.123531 0.070857 -0.062896
v 0.113715 0.083058 -0.062810
v 0.122853 0.062369 -0.062990
v 0.125396 0.053482 -0.055396
v 0.126875 0.054265 -0.061770
v 0.114728 0.058990 -0.051155
v 0.120360 0.050231 -0.052424
v 0.122341 0.061851 -0.078546
v 0.126862 0.053714 -0.078057
v 0.125260 0.051279 -0.087049
v 0.111881 0.068688 -0.084295
v 0.116135 0.073073 -0.080649
v 0.105745 0.064439 -0.086756
v 0.108030 0.056934 -0.093740
v 0.085277 0.076473 -0.033901
v 0.073288 0.083056 -0.034234
v 0.075959 0.089898 -0.031099
v 0.095050 0.085189 -0.017504
v 0.107254 0.067021 -0.024261
v 0.101791 0.064128 -0.031216
v 0.142778 0.026393 0.007590
v 0.137913 0.034151 -0.004534
v 0.134971 0.041504 0.049473
v 0.142987 0.032625 0.038962
v 0.123185 0.070686 0.031776
v 0.123295 0.044565 0.096441
v 0.120440 0.051639 0.088048
v 0.139538 0.014279 0.063922
v 0.149959 0.007371 0.057408
v 0.132384 0.030308 0.067765
v 0.141673 0.021021 0.055792
v 0.133519 0.037263 0.058890
v 0.125939 0.048467 0.069935
v 0.109301 0.054332 -0.051182
v 0.109475 0.050662 -0.046190
v 0.111686 0.048893 -0.039418
v 0.118636 0.036730 -0.042129
v 0.122321 0.028201 -0.043860
v 0.120518 0.030655 -0.049902
v 0.125965 0.034095 -0.052634
v 0.123399 0.042607 -0.052448
v 0.122840 0.057261 -0.100770
v 0.117346 0.056454 -0.104083
v 0.127088 0.051499 -0.100554
v 0.105382 0.063816 -0.096612
v 0.111969 0.060900 -0.106857
v 0.133592 -0.013409 -0.048760
v 0.128673 -0.014145 -0.052827
v 0.128799 -0.019564 -0.052498
v 0.125146 -0.018479 -0.050527
v 0.137589 0.020018 -0.046530
v 0.136744 0.023444 -0.051055
v 0.132193 0.020826 -0.051183
v 0.128144 0.019451 -0.050017
v 0.126961 0.017453 -0.046682
v 0.125158 0.021393 -0.045251
v 0.128994 0.020235 -0.041666
v 0.153131 0.007410 0.006721
v 0.153283 0.016975 0.025330
v 0.156523 0.011984 0.039053
v 0.161364 -0.004437 0.030252
v 0.149845 -0.010794 0.003960
v 0.149764 -0.003251 -0.008203
v 0.112507 0.068063 0.079024
v 0.115726 0.058460 0.082057
v 0.112164 0.085269 0.038704
v 0.111965 0.078452 0.062486
v 0.147719 0.020975 0.016813
v 0.154557 0.016265 -0.050955
v 0.157152 0.015502 -0.057721
v 0.153346 0.023482 -0.058310
v 0.149649 0.025826 -0.050455
v 0.150834 0.018625 -0.045296
v 0.148121 0.031695 -0.056733
v 0.134267 0.038311 -0.058438
v 0.131402 0.036184 -0.052979
v 0.133893 0.029662 -0.053276
v 0.141979 0.025750 -0.050580
v 0.138107 0.034475 -0.066724
v 0.133762 0.041069 -0.067274
v 0.147284 0.033908 -0.065501
v 0.135029 0.029777 -0.094780
v 0.135048 0.033866 -0.085439
v 0.137756 0.020601 -0.098472
v 0.142141 0.022848 -0.092361
v 0.149781 0.026410 -0.083222
v 0.156278 0.016541 -0.085254
v 0.152174 0.016118 -0.093753
v 0.145713 0.014679 -0.099726
v 0.135967 0.035811 -0.075512
v 0.144229 0.033173 -0.074543
v 0.152537 0.026862 -0.074880
v 0.089191 0.113692 0.084306
v 0.087638 0.106927 0.091994
v 0.084228 0.097389 0.092214
v 0.084806 0.099161 0.083410
v 0.093701 0.090824 0.087174
v 0.099680 0.095667 0.067931
v 0.092939 0.094980 0.067508
v 0.087187 0.100899 0.069401
v 0.109147 0.082383 0.083315
v 0.106058 0.090786 0.066100
v 0.104504 0.093106 0.067536
v 0.085877 0.117257 0.073604
v 0.092813 0.118743 0.073585
v 0.074599 0.128693 0.047210
v 0.076813 0.121949 0.060605
v 0.075070 0.120020 0.073690
v 0.072723 0.123019 0.073447
v 0.074443 0.120332 0.074061
v 0.083873 0.156405 0.033859
v 0.080468 0.166775 0.034471
v 0.085295 0.166698 0.038024
v 0.088767 0.154885 0.039646
v 0.086912 0.150003 0.036671
v 0.087243 0.163227 0.043505
v 0.078633 0.234991 -0.132899
v 0.076754 0.239374 -0.138392
v 0.072847 0.251147 -0.130087
v 0.062834 0.232315 -0.098877
v 0.068571 0.234087 -0.114175
v 0.077832 0.227251 -0.129007
v 0.067208 0.262011 -0.127046
v 0.064574 0.260581 -0.118656
v 0.064213 0.261063 -0.106101
v 0.070931 0.270723 -0.206300
v 0.070824 0.274825 -0.200410
v 0.075077 0.269551 -0.197621
v 0.076462 0.261965 -0.195150
v 0.075503 0.261206 -0.203606
v 0.071129 0.264191 -0.211099
v 0.073057 0.231285 -0.166268
v 0.079118 0.233269 -0.163355
v 0.080950 0.228806 -0.169644
v 0.075968 0.223765 -0.172290
v 0.069123 0.226221 -0.167717
v 0.081991 0.224165 -0.171497
v 0.084309 0.230798 -0.160107
v 0.087231 0.226243 -0.157912
v 0.086493 0.225057 -0.167088
v 0.086011 0.215389 -0.157305
v 0.081231 0.211095 -0.159029
v 0.082874 0.214684 -0.168904
v 0.087298 0.221135 -0.167407
v 0.088000 0.221003 -0.157130
v 0.082597 0.219709 -0.171541
v 0.068798 0.214686 -0.165950
v 0.076080 0.213424 -0.169121
v 0.075414 0.209973 -0.161436
v 0.070576 0.210551 -0.149648
v 0.065401 0.212167 -0.153471
v 0.062253 0.216862 -0.157242
v 0.073864 0.149019 -0.158083
v 0.051607 0.158188 -0.162096
v 0.056603 0.153666 -0.152481
v 0.081297 0.138448 -0.146712
v 0.087986 0.137355 -0.152747
v 0.027292 0.153791 -0.155013
v 0.032824 0.150179 -0.139109
v 0.092650 0.122995 -0.131990
v 0.096395 0.121756 -0.139781
v 0.068937 0.139705 -0.120931
v 0.091502 0.120706 -0.118353
v 0.037401 0.142623 -0.118896
v 0.068698 0.258231 -0.155094
v 0.068986 0.255821 -0.147060
v 0.058586 0.234385 -0.153108
v 0.050354 0.239142 -0.151575
v 0.069691 0.234720 -0.158149
v 0.064556 0.229657 -0.159686
v 0.072048 0.253234 -0.139007
v 0.073007 0.242758 -0.145347
v 0.076243 0.236586 -0.154488
v 0.061414 0.254560 -0.208299
v 0.063446 0.264445 -0.210092
v 0.070052 0.256728 -0.213242
v 0.053486 0.261425 -0.202400
v 0.046134 0.265548 -0.205327
v 0.047036 0.270099 -0.210494
v 0.058979 0.252892 -0.201286
v 0.048176 0.278646 -0.210326
v 0.056932 0.273746 -0.206996
v 0.063503 0.270735 -0.205914
v 0.069958 0.278077 -0.154073
v 0.072078 0.277044 -0.167065
v 0.065678 0.283307 -0.168764
v 0.061584 0.289985 -0.140659
v 0.068864 0.278702 -0.141055
v 0.055428 0.303429 -0.152193
v 0.050870 0.302495 -0.143314
v 0.056967 0.286938 -0.170243
v 0.053274 0.297617 -0.169947
v 0.063588 0.256005 -0.166610
v 0.071088 0.260052 -0.165837
v 0.048622 0.253420 -0.158482
v 0.054890 0.257930 -0.167761
v 0.036727 0.311195 -0.163314
v 0.036156 0.312486 -0.155726
v 0.055237 0.220513 -0.116122
v 0.048870 0.220423 -0.102501
v 0.036145 0.214172 -0.108578
v 0.060438 0.213649 -0.136112
v 0.067962 0.214618 -0.131139
v 0.042355 0.220473 -0.131419
v 0.057159 0.215803 -0.142257
v 0.031745 0.225040 -0.127883
v 0.021293 0.228703 -0.119819
v 0.020521 0.228442 -0.126954
v 0.009874 0.225777 -0.117293
v 0.035920 0.203311 -0.096026
v 0.014182 0.202351 -0.100828
v -0.007956 0.208166 -0.097430
v -0.006781 0.221806 -0.110935
v -0.003766 0.229433 -0.116706
v 0.034433 0.235165 -0.148366
v 0.031454 0.227536 -0.138724
v 0.020416 0.230715 -0.138023
v 0.031752 0.250420 -0.155611
v 0.040688 0.244414 -0.153435
v 0.016341 0.251268 -0.157569
v 0.025769 0.255957 -0.158483
v 0.004768 0.235974 -0.151460
v 0.003320 0.247882 -0.157608
v 0.005775 0.227462 -0.138233
v 0.034224 0.262994 -0.161509
v 0.021175 0.262684 -0.164328
v 0.020483 0.267287 -0.174278
v 0.031684 0.269481 -0.172941
v 0.041224 0.268540 -0.170275
v 0.015768 0.301976 -0.169712
v 0.015217 0.308382 -0.167993
v 0.022588 0.299423 -0.176324
v 0.019806 0.142301 -0.178988
v 0.027376 0.147687 -0.182983
v 0.042322 0.148312 -0.176899
v 0.013153 0.129100 -0.166944
v 0.006930 0.130673 -0.174115
v 0.034879 0.133335 -0.163130
v 0.016942 0.124069 -0.162272
v 0.051407 0.160235 -0.169922
v 0.048540 0.156062 -0.176800
v 0.011843 0.155483 -0.177319
v 0.010176 0.150699 -0.182201
v 0.013694 0.313335 -0.161263
v 0.048934 0.156950 -0.280744
v 0.069692 0.151332 -0.286720
v 0.060446 0.148522 -0.295716
v 0.053180 0.150054 -0.304158
v 0.030503 0.158691 -0.302589
v 0.013009 0.157405 -0.298664
v 0.021143 0.149168 -0.290490
v 0.000583 0.132166 -0.288098
v 0.002474 0.131525 -0.283258
v 0.031487 0.147110 -0.270736
v 0.053361 0.155613 -0.268561
v 0.021691 0.149016 -0.353603
v 0.018878 0.155782 -0.337540
v 0.037525 0.162458 -0.323391
v 0.046538 0.155271 -0.336643
v 0.018245 0.164194 -0.330066
v 0.024232 0.165937 -0.315076
v 0.007304 0.146316 -0.346524
v 0.006066 0.150678 -0.334809
v 0.008811 0.144795 -0.358681
v 0.021492 0.164353 -0.395648
v 0.011008 0.163577 -0.399109
v 0.010612 0.145951 -0.382811
v 0.030539 0.155638 -0.386234
v 0.032311 0.161188 -0.392278
v 0.022428 0.157403 -0.490243
v 0.008725 0.164640 -0.494469
v 0.030844 0.167018 -0.490619
v 0.031342 0.159126 -0.491302
v 0.020351 0.165267 -0.481707
v 0.038107 0.177615 -0.495272
v 0.038129 0.169565 -0.494310
v 0.021525 0.164830 -0.474851
v 0.036403 0.174133 -0.476549
v 0.048731 0.184274 -0.480902
v 0.046586 0.185007 -0.489581
v 0.046858 0.185460 -0.496634
v 0.005325 0.158078 -0.499257
v 0.008956 0.152760 -0.499519
v 0.010573 0.143952 -0.371753
v 0.025926 0.148577 -0.365466
v 0.035990 0.152093 -0.359105
v 0.038843 0.151918 -0.370277
v 0.040656 0.153439 -0.379808
v 0.008418 0.151306 -0.445943
v 0.010649 0.150082 -0.439290
v 0.026959 0.156634 -0.437435
v 0.024769 0.160787 -0.458579
v 0.006014 0.153030 -0.454171
v 0.039467 0.159285 -0.430403
v 0.047500 0.163347 -0.438873
v 0.042801 0.173571 -0.462981
v 0.066684 0.189009 -0.466794
v 0.056278 0.179984 -0.465880
v 0.053146 0.170116 -0.431852
v 0.043937 0.171841 -0.499568
v 0.049534 0.182522 -0.499642
v 0.053124 0.174905 -0.499647
v 0.171230 0.173693 -0.495458
v 0.172827 0.162309 -0.498020
v 0.164571 0.166887 -0.499753
v 0.157105 0.182406 -0.499962
v 0.159418 0.186961 -0.496234
v 0.135334 0.169159 -0.442156
v 0.144397 0.175685 -0.450241
v 0.129438 0.185002 -0.452828
v 0.112537 0.175927 -0.444089
v 0.119999 0.161701 -0.437466
v 0.109673 0.188187 -0.451911
v 0.072677 0.172622 -0.435323
v 0.089152 0.183531 -0.444897
v 0.085827 0.191785 -0.457229
v 0.073958 0.255128 -0.203576
v 0.067990 0.250893 -0.202044
v 0.083647 0.196544 -0.470781
v 0.060508 0.165625 -0.424734
v 0.174648 0.153198 -0.483936
v 0.169717 0.153243 -0.478043
v 0.169667 0.142617 -0.481748
v 0.171985 0.142824 -0.485707
v 0.165787 0.142788 -0.477231
v 0.163641 0.147015 -0.459248
v 0.164525 0.143748 -0.469293
v 0.167207 0.153402 -0.470832
v 0.167413 0.161058 -0.470542
v 0.164863 0.160346 -0.460617
v 0.159976 0.154376 -0.452633
v 0.175376 0.162622 -0.486980
v 0.170013 0.175175 -0.484018
v 0.165154 0.172764 -0.478122
v 0.162445 0.171896 -0.470015
v 0.174994 0.154041 -0.489488
v 0.132195 0.142658 -0.499649
v 0.146613 0.138180 -0.499679
v 0.137728 0.119289 -0.499432
v 0.114131 0.110252 -0.499081
v 0.112810 0.124053 -0.499296
v 0.110788 0.144596 -0.499556
v 0.085865 0.084395 -0.496055
v 0.076824 0.088300 -0.498710
v 0.085171 0.090445 -0.498406
v 0.076492 0.137862 -0.309189
v 0.087122 0.138596 -0.296312
v 0.099531 0.125971 -0.302968
v 0.094025 0.107937 -0.319282
v 0.085322 0.098023 -0.335198
v 0.104233 0.113927 -0.304975
v 0.077843 0.125123 -0.351006
v 0.077071 0.130877 -0.334786
v 0.068127 0.141356 -0.318937
v 0.076433 0.105427 -0.371084
v 0.076938 0.122458 -0.367523
v 0.094658 0.064312 -0.294835
v 0.081670 0.061839 -0.292797
v 0.078516 0.067501 -0.303730
v 0.083359 0.076060 -0.313611
v 0.091101 0.079426 -0.305362
v 0.101142 0.081135 -0.298225
v 0.154437 0.008641 -0.280145
v 0.158713 0.006854 -0.275178
v 0.154219 0.002561 -0.283227
v 0.150413 0.004983 -0.280692
v 0.158695 -0.005433 -0.275179
v 0.155846 -0.010333 -0.279431
v 0.156410 -0.004001 -0.283461
v 0.150177 0.012984 -0.275759
v 0.154968 0.014839 -0.274067
v 0.157027 0.011458 -0.268858
v 0.090402 0.081834 -0.491211
v 0.069055 0.084085 -0.488223
v 0.095230 0.085756 -0.496083
v 0.069572 0.097331 -0.494250
v 0.075161 0.099104 -0.499226
v 0.063066 0.095285 -0.489586
v 0.084020 0.083508 -0.475845
v 0.062178 0.080891 -0.472417
v 0.060193 0.078376 -0.481084
v 0.036025 0.061674 -0.406112
v 0.032519 0.062107 -0.419973
v 0.049575 0.065497 -0.426175
v 0.057598 0.070497 -0.433457
v 0.068429 0.073739 -0.420253
v 0.082183 0.086450 -0.409193
v 0.077370 0.084403 -0.402347
v 0.074006 0.084441 -0.394895
v 0.056854 0.070310 -0.395850
v 0.035726 0.066412 -0.393873
v 0.071351 0.080713 -0.425383
v 0.073097 0.085783 -0.428725
v 0.043932 0.069716 -0.436663
v 0.041730 0.077350 -0.442016
v 0.049772 0.071873 -0.490890
v 0.035435 0.061886 -0.491336
v 0.034676 0.064816 -0.496562
v 0.032436 0.072642 -0.498111
v 0.045939 0.077576 -0.496558
v 0.049299 0.071689 -0.482018
v 0.042790 0.087397 -0.497942
v 0.052198 0.091270 -0.491365
v 0.086680 0.087532 -0.455318
v 0.092700 0.090667 -0.442106
v 0.078391 0.087408 -0.433213
v 0.044787 0.076316 -0.451570
v 0.045885 0.075344 -0.462945
v 0.063228 0.082017 -0.461626
v 0.084768 0.085219 -0.467094
v 0.028053 0.065881 -0.431042
v 0.012017 0.061897 -0.458498
v 0.030142 0.065701 -0.454744
v 0.012048 0.076246 -0.423757
v 0.007485 0.075860 -0.431653
v 0.000204 0.072242 -0.442667
v -0.004742 0.070272 -0.455842
v 0.046263 0.051179 -0.345970
v 0.047905 0.041218 -0.332088
v 0.021807 0.041920 -0.326962
v 0.091074 0.103681 -0.145818
v 0.076655 0.116496 -0.152659
v 0.076377 0.118448 -0.151107
v 0.079840 0.122681 -0.155217
v 0.091544 0.108846 -0.147731
v 0.094118 0.101285 -0.142118
v 0.111665 0.106984 -0.141246
v 0.111358 0.097864 -0.141022
v 0.106991 0.102743 -0.149268
v 0.102902 0.119080 -0.151925
v 0.101364 0.121429 -0.145933
v 0.098566 0.114028 -0.153927
v 0.104139 0.088894 -0.090161
v 0.108151 0.084093 -0.080453
v 0.100847 0.009121 -0.181212
v 0.081801 0.008547 -0.188173
v 0.082060 0.012130 -0.194742
v 0.098677 0.025332 -0.195222
v 0.108192 0.038735 -0.188847
v 0.109965 0.034290 -0.179987
v 0.082291 0.015982 -0.202582
v 0.108735 0.019432 -0.174640
v 0.111082 0.008603 -0.176166
v 0.111459 0.032191 -0.172061
v 0.125924 0.060896 -0.137375
v 0.127926 0.062307 -0.154423
v 0.121432 0.061365 -0.158845
v 0.117663 0.054407 -0.154585
v 0.114027 0.066290 -0.139530
v 0.118130 0.056527 -0.163298
v 0.122147 0.039054 -0.164559
v 0.124586 0.032676 -0.169726
v 0.125508 0.028155 -0.163359
v 0.120376 0.027310 -0.161814
v 0.119418 0.050147 -0.166908
v 0.121740 0.043066 -0.171593
v 0.113953 0.044565 -0.162182
v 0.112651 0.063309 -0.158453
v 0.113591 0.029682 -0.165401
v 0.126148 0.038722 -0.205450
v 0.126895 0.041152 -0.219563
v 0.130408 0.031665 -0.228254
v 0.128183 0.027098 -0.193812
v 0.124782 0.037842 -0.188248
v 0.133214 0.008815 -0.210633
v 0.131353 0.011967 -0.194994
v 0.135796 0.011839 -0.235615
v 0.136233 -0.000471 -0.227927
v 0.135931 0.018983 -0.243687
v 0.127629 0.046998 -0.237097
v 0.133086 0.052690 -0.241634
v 0.138891 0.045368 -0.249210
v 0.133071 0.042473 -0.248958
v 0.131040 0.038814 -0.244049
v 0.124334 0.052904 -0.225164
v 0.123013 0.061138 -0.223392
v 0.127080 0.044147 -0.228818
v 0.132096 0.061181 -0.232579
v 0.137882 0.055521 -0.239468
v 0.126781 0.063455 -0.223316
v 0.140014 0.052318 -0.233234
v 0.124585 0.063891 -0.212456
v 0.131180 0.063131 -0.211304
v 0.135584 0.058177 -0.209112
v 0.137832 0.055952 -0.219943
v 0.142541 0.049991 -0.228074
v 0.140563 0.026136 -0.124949
v 0.137902 0.038500 -0.127498
v 0.136484 0.036217 -0.111888
v 0.134018 0.037603 -0.098284
v 0.140529 0.012520 -0.105028
v 0.141406 0.012377 -0.112113
v 0.143353 0.012241 -0.123220
v 0.144821 0.047769 -0.221848
v 0.141215 0.052286 -0.209807
v 0.150197 0.028583 -0.225267
v 0.150400 0.034542 -0.231190
v 0.143520 0.045918 -0.196179
v 0.144636 0.033783 -0.196227
v 0.148877 0.022019 -0.215799
v 0.139170 0.052235 -0.195864
v 0.149065 0.019183 -0.195927
v 0.158232 0.007963 -0.263977
v 0.161123 0.005258 -0.260220
v 0.160598 -0.007068 -0.259443
v 0.156721 -0.009222 -0.262919
v 0.156176 -0.014023 -0.268522
v 0.152084 -0.022139 -0.231011
v 0.157455 -0.009573 -0.245210
v 0.155245 0.000160 -0.238650
v 0.153559 0.013015 -0.234033
v 0.153964 0.007229 -0.219677
v 0.153528 -0.008391 -0.194520
v 0.146632 -0.025923 -0.191919
v 0.146569 -0.028848 -0.210035
v 0.147253 -0.035138 -0.219854
v 0.154687 0.005267 -0.195849
v 0.160705 -0.001224 -0.253746
v 0.152330 -0.002926 -0.282381
v 0.145569 -0.041170 -0.204687
v 0.144150 -0.048006 -0.213503
v 0.147232 -0.042809 -0.225218
v 0.142758 -0.049013 -0.203055
v 0.102660 -0.115181 -0.194818
v 0.103151 -0.114446 -0.204217
v 0.114349 -0.079716 -0.210088
v 0.110346 -0.069000 -0.191250
v 0.107581 -0.086983 -0.185962
v 0.104259 -0.099398 -0.185108
v 0.095916 -0.110753 -0.188428
v 0.106311 -0.111680 -0.138874
v 0.105847 -0.112699 -0.145968
v 0.107790 -0.102392 -0.143982
v 0.105895 -0.097591 -0.139478
v 0.109895 -0.099796 -0.135045
v 0.107055 -0.107247 -0.130903
v 0.120107 -0.116916 -0.269709
v 0.117814 -0.113124 -0.252335
v 0.111480 -0.121978 -0.247829
v 0.102093 -0.136150 -0.262762
v 0.096749 -0.136860 -0.280508
v 0.107230 -0.127940 -0.283696
v 0.100924 -0.132738 -0.244294
v 0.109972 -0.023913 -0.171425
v 0.115519 -0.027720 -0.164997
v 0.114664 -0.038870 -0.163826
v 0.113548 -0.056757 -0.169353
v 0.112088 -0.061917 -0.178898
v 0.110732 -0.044844 -0.184763
v 0.100887 -0.030028 -0.197087
v 0.101250 -0.022911 -0.186420
v 0.100219 -0.017417 -0.181656
v 0.114450 -0.055171 -0.162785
v 0.125794 -0.050654 -0.233021
v 0.123575 -0.052046 -0.217650
v 0.127446 -0.038709 -0.216392
v 0.132658 -0.027708 -0.233469
v 0.132297 -0.033998 -0.242106
v 0.120105 -0.061096 -0.166656
v 0.126529 -0.061377 -0.164314
v 0.120823 -0.060748 -0.144401
v 0.112062 -0.071332 -0.137400
v 0.111231 -0.069565 -0.147509
v 0.116816 -0.052683 -0.153580
v 0.118651 -0.052460 -0.157954
v 0.118735 -0.054802 -0.169537
v 0.128860 -0.047783 -0.096415
v 0.130802 -0.047753 -0.107980
v 0.135350 -0.038780 -0.108590
v 0.139870 -0.021871 -0.111686
v 0.139455 -0.017673 -0.105352
v 0.141424 -0.025337 -0.090495
v 0.141145 -0.033937 -0.079481
v 0.133940 -0.040329 -0.082194
v 0.144534 -0.014237 -0.099743
v 0.128817 -0.049675 -0.083830
v 0.129101 -0.052013 -0.072861
v 0.112938 -0.077837 -0.081258
v 0.108291 -0.059472 -0.091440
v 0.121826 -0.053732 -0.093829
v 0.105746 -0.070369 -0.103775
v 0.105283 -0.081123 -0.109958
v 0.105998 -0.076279 -0.115406
v 0.106156 -0.087940 -0.093550
v 0.108132 -0.091335 -0.124226
v 0.100820 -0.099474 -0.142716
v 0.109556 -0.095872 -0.115907
v 0.102864 -0.102411 -0.113314
v 0.096862 -0.109129 -0.109270
v 0.088466 -0.126309 -0.128243
v 0.096426 -0.124867 -0.142533
v 0.088661 -0.123016 -0.157164
v 0.083903 -0.121250 -0.154885
v 0.094669 -0.108563 -0.149575
v 0.102984 -0.111109 -0.151155
v 0.094600 -0.125893 -0.155705
v 0.102461 -0.102906 -0.146891
v 0.088464 -0.106372 -0.147543
v 0.089958 -0.107307 -0.154827
v 0.103666 -0.089719 -0.151297
v 0.090508 -0.107960 -0.145129
v 0.065866 -0.130265 -0.156314
v 0.051505 -0.136824 -0.160873
v 0.059672 -0.127233 -0.165637
v 0.074811 -0.120949 -0.161377
v 0.076199 -0.118813 -0.153320
v 0.079035 -0.119703 -0.152299
v 0.053385 -0.031870 -0.247182
v 0.056313 -0.021353 -0.225903
v 0.080642 -0.026580 -0.223595
v 0.098808 -0.038322 -0.212300
v 0.100862 -0.051980 -0.233802
v 0.104794 -0.063806 -0.250715
v 0.093827 -0.054716 -0.263279
v 0.070331 -0.047807 -0.266223
v 0.051166 -0.037362 -0.261306
v 0.055016 -0.050027 -0.344693
v 0.062462 -0.046043 -0.335614
v 0.070808 -0.053862 -0.340686
v 0.072743 -0.063905 -0.347477
v 0.061100 -0.061983 -0.351339
v 0.045543 -0.059806 -0.351685
v 0.073476 -0.090542 -0.378292
v 0.078824 -0.094700 -0.387939
v 0.074219 -0.083179 -0.400225
v 0.071420 -0.077684 -0.414972
v 0.062457 -0.069610 -0.405073
v 0.066667 -0.077717 -0.371734
v 0.073779 -0.085477 -0.366719
v 0.048048 -0.065649 -0.398884
v 0.050664 -0.075718 -0.384613
v 0.054290 -0.074086 -0.372316
v 0.040771 -0.044235 -0.340406
v 0.040817 -0.064289 -0.361451
v 0.017576 -0.061201 -0.360962
v 0.007551 -0.052747 -0.340019
v 0.028678 -0.041592 -0.332617
v 0.003767 -0.054268 -0.328718
v 0.020901 -0.043787 -0.317358
v 0.037020 -0.039369 -0.323025
v 0.000696 -0.053266 -0.318843
v 0.018830 -0.069814 -0.425069
v 0.033320 -0.065782 -0.430757
v 0.027979 -0.068022 -0.443538
v 0.006476 -0.065680 -0.453696
v -0.010745 -0.075200 -0.448048
v -0.003766 -0.079176 -0.436654
v 0.050097 -0.080459 -0.496691
v 0.042903 -0.076520 -0.498409
v 0.045351 -0.070938 -0.495500
v 0.045980 -0.069620 -0.491599
v 0.052909 -0.073913 -0.491084
v 0.051486 -0.081012 -0.490668
v 0.054174 -0.075705 -0.486618
v 0.059699 -0.096763 -0.490650
v 0.050047 -0.092100 -0.490044
v 0.056478 -0.077813 -0.482321
v 0.065355 -0.081322 -0.484639
v 0.047560 -0.070007 -0.434847
v 0.056074 -0.066707 -0.421858
v 0.065834 -0.084218 -0.450517
v 0.055732 -0.081670 -0.448865
v 0.080117 -0.087066 -0.440749
v 0.076495 -0.083979 -0.454929
v 0.073989 -0.086855 -0.428504
v 0.083288 -0.087623 -0.431814
v 0.073698 -0.081379 -0.421648
v 0.109044 -0.072507 -0.268217
v 0.107826 -0.078424 -0.282851
v 0.096938 -0.062254 -0.283046
v 0.092685 -0.062835 -0.292384
v 0.079502 -0.056424 -0.284777
v 0.069109 -0.044143 -0.277085
v 0.076578 -0.094010 -0.358264
v 0.078971 -0.084513 -0.343995
v 0.082970 -0.089081 -0.335470
v 0.087458 -0.093439 -0.325725
v 0.087058 -0.106464 -0.332441
v 0.084998 -0.118126 -0.334384
v 0.082232 -0.117005 -0.349062
v 0.078334 -0.112025 -0.362190
v 0.074968 -0.102646 -0.368841
v 0.078327 -0.121167 -0.361530
v 0.079371 -0.110261 -0.376373
v 0.066083 -0.142728 -0.376694
v 0.074207 -0.144201 -0.385689
v 0.085387 -0.119408 -0.382740
v 0.071570 -0.129579 -0.361447
v 0.059084 -0.141212 -0.365268
v 0.078808 -0.125489 -0.348677
v 0.070510 -0.132717 -0.347806
v 0.113200 -0.119595 -0.287863
v 0.079008 -0.084291 -0.410064
v 0.084779 -0.097394 -0.396726
v 0.088894 -0.099697 -0.404151
v 0.075936 -0.090810 -0.419486
v 0.083521 -0.102634 -0.409070
v 0.162665 -0.142415 -0.460955
v 0.150998 -0.125322 -0.458112
v 0.145094 -0.133394 -0.447920
v 0.155663 -0.153499 -0.448627
v 0.165014 -0.157586 -0.459189
v 0.139149 -0.144573 -0.439279
v 0.161509 -0.142191 -0.499473
v 0.168703 -0.137886 -0.497905
v 0.176220 -0.151976 -0.496772
v 0.160438 -0.160910 -0.499591
v 0.151961 -0.151917 -0.499695
v 0.167803 -0.166447 -0.498802
v 0.109945 -0.184184 -0.448193
v 0.105992 -0.195090 -0.458845
v 0.127134 -0.191062 -0.460157
v 0.135538 -0.176390 -0.446600
v 0.119234 -0.169656 -0.441600
v 0.145080 -0.182361 -0.458671
v 0.103452 -0.186875 -0.499561
v 0.083049 -0.183340 -0.499580
v 0.089636 -0.170437 -0.499584
v 0.114760 -0.167131 -0.499578
v 0.122183 -0.179813 -0.499606
v 0.101049 -0.153595 -0.499569
v 0.056845 -0.143935 -0.349025
v 0.041781 -0.153155 -0.353657
v 0.026656 -0.149505 -0.358239
v 0.027177 -0.148406 -0.371117
v 0.047578 -0.156775 -0.384755
v 0.019053 -0.156697 -0.386377
v 0.026783 -0.165494 -0.396385
v 0.039459 -0.161187 -0.431472
v 0.046780 -0.161491 -0.421838
v 0.043195 -0.161222 -0.419210
v 0.023067 -0.155134 -0.435223
v 0.037327 -0.164633 -0.416012
v 0.017002 -0.162817 -0.429219
v 0.020144 -0.157754 -0.432833
v 0.037099 -0.165552 -0.447908
v 0.045512 -0.164454 -0.436966
v 0.021039 -0.158791 -0.453688
v 0.031838 -0.166703 -0.457206
v 0.007842 -0.152191 -0.499313
v 0.015103 -0.154578 -0.499538
v -0.000081 -0.156457 -0.497596
v 0.018062 -0.155704 -0.495383
v 0.021836 -0.157225 -0.489878
v 0.015589 -0.139052 -0.284727
v 0.014235 -0.145497 -0.291161
v 0.025761 -0.153840 -0.293079
v 0.031948 -0.148063 -0.277566
v 0.014170 -0.141186 -0.277282
v 0.039544 -0.155957 -0.305359
v 0.045901 -0.150442 -0.294159
v 0.051068 -0.157273 -0.287024
v 0.026162 -0.165144 -0.315190
v 0.038729 -0.160504 -0.333637
v 0.072948 -0.135474 -0.329909
v 0.061970 -0.145823 -0.307309
v 0.076489 -0.135787 -0.316445
v 0.042357 -0.265051 -0.202606
v 0.052845 -0.261682 -0.202288
v 0.039981 -0.275771 -0.209368
v 0.030578 -0.275042 -0.211048
v 0.059585 -0.254168 -0.199544
v 0.059546 -0.256600 -0.207120
v 0.055337 -0.268416 -0.210440
v 0.047357 -0.277501 -0.210571
v 0.063408 -0.261182 -0.209902
v 0.048861 -0.288651 -0.204482
v 0.053068 -0.279406 -0.207768
v 0.057486 -0.281446 -0.202468
v 0.055067 -0.292097 -0.195878
v 0.047107 -0.297216 -0.197950
v 0.059639 -0.283721 -0.194901
v 0.037511 -0.268305 -0.195108
v 0.046589 -0.265424 -0.194758
v 0.030019 -0.264549 -0.201876
v 0.026368 -0.265837 -0.194636
v 0.031794 -0.137634 -0.166659
v 0.050277 -0.144320 -0.167574
v 0.016058 -0.134073 -0.170886
v 0.024393 -0.145835 -0.182246
v 0.009906 -0.133173 -0.176369
v 0.050917 -0.148350 -0.175839
v 0.007094 -0.247326 -0.206156
v 0.004847 -0.249133 -0.201455
v 0.001880 -0.252003 -0.196262
v 0.025445 -0.299736 -0.176622
v 0.033708 -0.300476 -0.178139
v 0.028147 -0.312657 -0.165717
v 0.014315 -0.312809 -0.164852
v 0.015197 -0.303939 -0.169850
v 0.016323 -0.300537 -0.176862
v 0.023080 -0.264793 -0.210449
v 0.020782 -0.261384 -0.203569
v 0.020444 -0.272435 -0.213409
v 0.023231 -0.306885 -0.135824
v 0.006537 -0.299645 -0.129130
v 0.004839 -0.301609 -0.136212
v 0.003110 -0.304603 -0.145678
v 0.018224 -0.311356 -0.147133
v 0.028428 -0.311066 -0.145870
v 0.014384 -0.224439 -0.120724
v 0.013524 -0.215425 -0.114336
v 0.032693 -0.215135 -0.110937
v 0.044635 -0.219781 -0.116529
v 0.031763 -0.225403 -0.130754
v 0.014324 -0.227076 -0.130801
v 0.043366 -0.217879 -0.107826
v 0.042632 -0.226953 -0.143532
v 0.030550 -0.230951 -0.141260
v 0.057535 -0.216682 -0.123164
v 0.064251 -0.213004 -0.135028
v 0.056132 -0.215674 -0.141396
v 0.053691 -0.221288 -0.114619
v 0.052248 -0.224391 -0.147767
v 0.062904 -0.267063 -0.118613
v 0.065696 -0.260036 -0.121474
v 0.064534 -0.252075 -0.101966
v 0.064360 -0.264155 -0.101004
v 0.060413 -0.279514 -0.107923
v 0.058986 -0.278172 -0.097686
v 0.050285 -0.293274 -0.109619
v 0.047848 -0.288960 -0.121117
v 0.061993 -0.280196 -0.129434
v 0.066500 -0.271814 -0.131064
v 0.053259 -0.291275 -0.131778
v 0.069299 -0.255235 -0.124393
v 0.067611 -0.249556 -0.115347
v 0.065557 -0.243097 -0.110527
v 0.062463 -0.236689 -0.108531
v 0.066213 -0.231744 -0.112942
v 0.060376 -0.225465 -0.112976
v 0.050246 -0.222092 -0.105941
v 0.049656 -0.216344 -0.091817
v 0.053049 -0.220980 -0.089703
v 0.059728 -0.223762 -0.089315
v 0.065131 -0.226460 -0.088153
v 0.068030 -0.238337 -0.095301
v 0.065959 -0.234121 -0.085164
v 0.057990 -0.248699 -0.154600
v 0.049432 -0.249484 -0.156200
v 0.051205 -0.236547 -0.151382
v 0.058938 -0.222105 -0.154445
v 0.065519 -0.228191 -0.162699
v 0.070793 -0.232890 -0.161150
v 0.067223 -0.238424 -0.153287
v 0.063700 -0.219633 -0.161630
v 0.066994 -0.248159 -0.093380
v 0.069533 -0.145483 -0.142432
v 0.076322 -0.135886 -0.120421
v 0.046520 -0.150385 -0.137411
v 0.046604 -0.154554 -0.150708
v 0.053531 -0.142353 -0.115479
v 0.087764 -0.220286 -0.158273
v 0.084737 -0.221947 -0.146251
v 0.084547 -0.227471 -0.149149
v 0.085760 -0.227624 -0.163122
v 0.086524 -0.221623 -0.166993
v 0.082227 -0.231914 -0.153022
v 0.071749 -0.213232 -0.165893
v 0.067412 -0.212380 -0.158901
v 0.074833 -0.209824 -0.156395
v 0.081299 -0.211509 -0.155770
v 0.081268 -0.212523 -0.165093
v 0.075769 -0.216650 -0.170080
v 0.080837 -0.229484 -0.166414
v 0.075005 -0.227711 -0.168852
v 0.080061 -0.220797 -0.171042
v 0.084683 -0.216326 -0.166733
v 0.070154 -0.223113 -0.168797
v 0.067997 -0.252942 -0.198287
v 0.073665 -0.256826 -0.199406
v 0.070473 -0.255953 -0.206371
v 0.074855 -0.263508 -0.201453
v 0.067325 -0.266189 -0.207868
v 0.070528 -0.270277 -0.202831
v 0.067806 -0.256406 -0.149494
v 0.068708 -0.258106 -0.159602
v 0.063849 -0.255468 -0.161528
v 0.057294 -0.255286 -0.163135
v 0.074060 -0.239053 -0.148794
v 0.072220 -0.246419 -0.142505
v 0.072063 -0.253227 -0.138739
v 0.122489 -0.062029 -0.006692
v 0.128759 -0.057398 0.011402
v 0.119100 -0.075167 0.026235
v 0.111768 -0.086259 0.037101
v 0.099496 -0.094636 0.016489
v 0.104220 -0.079750 -0.015585
v 0.119908 -0.062079 -0.017736
v 0.085080 -0.096026 -0.010307
v 0.086214 -0.091115 -0.021746
v 0.082855 -0.103155 0.002985
v 0.110488 -0.087735 -0.066047
v 0.106291 -0.090532 -0.075152
v 0.128591 -0.051192 -0.063443
v 0.121926 -0.067576 -0.062100
v 0.112150 -0.085984 -0.056711
v 0.109068 -0.062348 -0.104757
v 0.070723 -0.196384 -0.052042
v 0.074274 -0.195481 -0.040201
v 0.075233 -0.204797 -0.045994
v 0.070002 -0.214585 -0.055829
v 0.070438 -0.208922 -0.060337
v 0.067356 -0.205350 -0.062153
v 0.074778 -0.128260 0.049017
v 0.072683 -0.135829 0.041404
v 0.065175 -0.136017 0.041191
v 0.072073 -0.119777 0.058647
v 0.077087 -0.123545 0.058269
v 0.053840 -0.123056 0.037382
v 0.053062 -0.113156 0.036816
v 0.064612 -0.114009 0.045505
v 0.074644 -0.111654 0.053713
v 0.089484 -0.098190 0.074182
v 0.082630 -0.106123 0.064934
v 0.089503 -0.101219 0.059631
v 0.096984 -0.098957 0.054618
v 0.099702 -0.094970 0.070086
v 0.095692 -0.092574 0.078553
v 0.094940 -0.090315 0.085358
v 0.086791 -0.096129 0.087588
v 0.091216 -0.093212 0.083793
v 0.111636 -0.064688 0.089365
v 0.117900 -0.072879 0.057641
v 0.121353 -0.058635 0.070883
v 0.105681 -0.092154 0.069620
v 0.103532 -0.099583 0.050140
v 0.107145 -0.094059 0.044530
v 0.100510 -0.090972 0.081439
v 0.086361 -0.137282 0.038877
v 0.089466 -0.130446 0.044746
v 0.092320 -0.138740 0.046035
v 0.089661 -0.150707 0.047070
v 0.088192 -0.152268 0.040520
v 0.083995 -0.151141 0.035638
v 0.113693 -0.085754 0.096725
v 0.100862 -0.097943 0.103306
v 0.092231 -0.109364 0.099048
v 0.093518 -0.120167 0.086407
v 0.086472 -0.112805 0.085461
v 0.079752 -0.106204 0.084687
v 0.091083 -0.105247 0.108279
v 0.081179 -0.109063 0.121270
v 0.087232 -0.110118 0.111291
v 0.098521 -0.093140 0.115331
v 0.068533 -0.112813 0.146037
v 0.068049 -0.117592 0.141387
v 0.080853 -0.095298 0.130861
v 0.068364 -0.105834 0.150078
v 0.092741 -0.085589 0.122738
v 0.086977 -0.109111 0.254866
v 0.063262 -0.127798 0.258880
v 0.062830 -0.126347 0.238800
v 0.095944 -0.099546 0.229966
v 0.099881 -0.098882 0.241530
v 0.045681 -0.107833 0.218054
v 0.048250 -0.100744 0.212388
v 0.077557 -0.099892 0.213820
v 0.039258 -0.120675 0.224166
v 0.095631 -0.097731 0.216467
v 0.100441 -0.087028 0.170634
v 0.099133 -0.091167 0.177274
v 0.094384 -0.085089 0.171168
v 0.050218 -0.095972 0.184495
v 0.050882 -0.089481 0.181344
v 0.073330 -0.086299 0.178311
v 0.091775 -0.078204 0.171444
v 0.078055 -0.096950 0.187822
v 0.050286 -0.099632 0.189044
v 0.098330 -0.090088 0.184145
v 0.116143 -0.089465 0.263748
v 0.091060 -0.105400 0.266420
v 0.108542 -0.094117 0.248222
v 0.106675 -0.088586 0.250534
v 0.105995 -0.094688 0.239206
v 0.126723 -0.073444 0.230557
v 0.128747 -0.076558 0.237378
v 0.119173 -0.085218 0.240726
v 0.112079 -0.091410 0.244105
v 0.112004 -0.089941 0.236017
v 0.112229 -0.087774 0.226774
v 0.115039 -0.078608 0.224892
v 0.116310 -0.069321 0.223724
v 0.116348 -0.072369 0.249678
v 0.114431 -0.072833 0.255450
v 0.109443 -0.083652 0.248200
v 0.120721 -0.073793 0.245822
v 0.105033 -0.087263 0.251443
v 0.072817 -0.078261 0.182348
v 0.101964 -0.069794 0.167305
v 0.071925 -0.069513 0.183214
v 0.137064 -0.066099 0.227187
v 0.148212 -0.050667 0.224571
v 0.119294 -0.063978 0.213488
v 0.134669 -0.063427 0.210116
v 0.114303 -0.067831 0.206053
v 0.112149 -0.076281 0.203496
v 0.123389 -0.063639 0.201581
v 0.123934 -0.067573 0.178402
v 0.133515 -0.057756 0.178726
v 0.131569 -0.061036 0.187687
v 0.107883 -0.086390 0.203299
v 0.111123 -0.080538 0.189994
v 0.112161 -0.078154 0.180517
v 0.134346 -0.061850 0.199653
v 0.148402 -0.037526 0.172578
v 0.148528 -0.038735 0.180163
v 0.133836 -0.043070 0.180884
v 0.147812 -0.036876 0.165872
v 0.169015 -0.013676 0.199348
v 0.162446 -0.029469 0.213160
v 0.159200 -0.029286 0.204006
v 0.154852 -0.027832 0.190551
v 0.149857 -0.024106 0.191202
v 0.153072 -0.017862 0.200943
v 0.135913 -0.051720 0.161719
v 0.146554 -0.036115 0.157440
v 0.124824 -0.066221 0.171813
v 0.124123 -0.067362 0.163859
v 0.133865 -0.047120 0.210363
v 0.140420 -0.041168 0.211037
v 0.156967 -0.038815 0.214439
v 0.158278 -0.039758 0.222412
v 0.149596 -0.043474 0.203646
v 0.155878 -0.037012 0.203469
v 0.142913 -0.040181 0.202027
v 0.149370 -0.040701 0.191084
v 0.141061 -0.038871 0.191955
v 0.134244 -0.042785 0.191079
v 0.135834 -0.052249 0.207754
v 0.134918 -0.052077 0.200246
v 0.135264 -0.043639 0.201645
v 0.069839 -0.061418 0.180810
v 0.087838 -0.055687 0.172795
v 0.102876 -0.048044 0.165506
v 0.108284 -0.053944 0.163975
v 0.113187 -0.059153 0.161338
v 0.117304 -0.072394 0.297047
v 0.117798 -0.078708 0.285683
v 0.137182 -0.064749 0.280104
v 0.149245 -0.047135 0.285768
v 0.138853 -0.052052 0.298720
v 0.121033 -0.061835 0.313862
v 0.167205 -0.028091 0.227103
v 0.165154 -0.029014 0.220438
v 0.171413 -0.018181 0.218388
v 0.178176 -0.007331 0.216890
v 0.179627 -0.008128 0.227383
v 0.167475 -0.014714 0.232908
v 0.164324 -0.024658 0.229694
v 0.166326 -0.013222 0.241383
v 0.181580 -0.008580 0.240926
v 0.159550 -0.011809 0.239008
v 0.158935 -0.029564 0.247701
v 0.152964 -0.027047 0.245199
v 0.158323 -0.016354 0.240608
v 0.165162 -0.030987 0.253050
v 0.155718 -0.017411 0.237052
v 0.153370 -0.021231 0.232260
v 0.157223 -0.021423 0.231176
v 0.170390 -0.015893 0.265082
v 0.164563 -0.029193 0.263367
v 0.180700 -0.008658 0.254580
v 0.178199 -0.008131 0.267689
v 0.163572 -0.008335 0.153475
v 0.165443 -0.007145 0.159389
v 0.159404 -0.015952 0.164050
v 0.152544 -0.028732 0.171506
v 0.155852 -0.020717 0.151554
v 0.162287 -0.007551 0.146606
v 0.146433 -0.021347 0.178908
v 0.151506 -0.025928 0.179214
v 0.152974 -0.032337 0.179365
v 0.149253 -0.016989 0.170467
v 0.149827 -0.016246 0.177096
v 0.163133 -0.012829 0.168956
v 0.153974 -0.011933 0.176673
v 0.174946 -0.005531 0.196410
v 0.176366 -0.007005 0.207565
v 0.160142 -0.014106 0.186331
v 0.167752 -0.012427 0.184290
v 0.155883 -0.014263 0.199611
v 0.154897 -0.013088 0.188078
v 0.162416 0.007076 0.146911
v 0.163825 0.000616 0.145595
v 0.130958 -0.034851 0.068247
v 0.137871 -0.021744 0.057091
v 0.149981 -0.013298 0.052434
v 0.154156 -0.002293 0.052140
v 0.156567 -0.020685 -0.075300
v 0.149705 -0.030049 -0.077432
v 0.150079 -0.023672 -0.088910
v 0.157936 -0.009968 -0.086779
v 0.161386 -0.009376 -0.075725
v 0.152521 -0.012509 -0.095695
v 0.137698 -0.028570 -0.053495
v 0.142564 -0.024630 -0.050316
v 0.145655 -0.013016 -0.040980
v 0.143806 -0.008791 -0.034128
v 0.140396 -0.016416 -0.031351
v 0.150208 -0.017962 -0.047253
v 0.137491 -0.026189 -0.025364
v 0.133729 -0.028242 -0.033245
v 0.129581 -0.027725 -0.038047
v 0.124167 -0.026776 -0.041288
v 0.126802 -0.016790 -0.044589
v 0.127389 -0.012878 -0.048280
v 0.136182 -0.045424 0.029454
v 0.143018 -0.026639 0.011848
v 0.153161 -0.019398 0.030868
v 0.131232 -0.047291 0.056886
v 0.127954 -0.061071 0.045673
v 0.123680 -0.030318 -0.052602
v 0.128290 -0.032856 -0.053227
v 0.132577 -0.037593 -0.056430
v 0.120483 -0.049579 0.078565
v 0.114890 -0.055553 -0.106503
v 0.091526 -0.005464 0.132051
v 0.089962 -0.014551 0.132354
v 0.091874 -0.017314 0.127862
v 0.093671 0.006270 0.126324
v 0.091022 0.006730 0.131332
v 0.096014 -0.019475 0.131676
v 0.098838 -0.007284 0.130490
v 0.098198 0.006496 0.128889
v 0.077113 -0.120360 0.116470
v 0.083181 -0.112633 0.110316
v 0.078230 -0.110528 0.119736
v 0.064722 -0.118643 0.136094
v 0.065354 -0.124342 0.132878
v 0.066599 -0.132866 0.128999
v -0.002709 -0.078403 0.184431
v 0.000021 -0.073671 0.186626
v 0.011102 -0.083906 0.186188
v -0.005322 -0.087203 0.187191
v 0.024030 -0.094498 0.185789
v 0.022771 -0.099106 0.188001
v 0.021743 -0.100228 0.197002
v 0.005841 -0.095434 0.193714
v 0.041785 -0.110709 0.002449
v 0.041817 -0.113920 0.008016
v 0.017495 -0.112545 0.008012
v 0.010613 -0.104522 0.003915
v 0.024478 -0.099822 -0.010199
v 0.042295 -0.105011 -0.008565
v 0.019095 -0.077196 -0.030748
v 0.011263 -0.066190 -0.028354
v 0.017979 -0.063265 -0.029857
v 0.032599 -0.079269 -0.034303
v 0.029506 -0.085455 -0.032310
v 0.018771 -0.061893 -0.035719
v 0.024293 -0.070658 -0.037075
v 0.033915 -0.075844 -0.037322
v 0.068265 -0.032366 0.373059
v 0.069304 -0.017112 0.377715
v 0.051307 -0.019057 0.387420
v 0.042924 -0.019747 0.394731
v 0.033854 -0.027546 0.387297
v 0.016602 -0.030044 0.376807
v 0.013407 -0.034529 0.365480
v 0.035373 -0.129849 0.244621
v 0.039627 -0.115473 0.289014
v 0.023770 -0.116060 0.281278
v 0.037742 -0.127936 0.267641
v 0.064868 -0.124218 0.274647
v 0.063982 -0.114002 0.285699
v 0.053696 -0.137509 0.023152
v 0.038058 -0.126465 0.013730
v 0.039005 -0.122593 0.019074
v 0.066115 -0.148610 0.037987
v 0.062290 -0.148728 0.033137
v 0.060286 -0.151360 0.026937
v 0.049124 -0.187971 0.048966
v 0.055703 -0.179771 0.043108
v 0.043398 -0.199992 0.055154
v 0.043511 -0.203572 0.050709
v 0.063172 -0.164450 0.036857
v 0.064255 -0.164775 0.040634
v 0.060744 -0.189334 0.041603
v 0.048486 -0.210172 0.049873
v 0.069417 -0.166615 0.036957
v 0.028365 -0.210866 0.062154
v 0.026294 -0.205690 0.062440
v 0.024043 -0.202394 0.055737
v 0.024453 -0.206391 0.050007
v 0.038694 -0.199689 0.047707
v 0.049292 -0.190885 0.043079
v 0.017342 -0.231222 0.002758
v 0.029030 -0.227933 0.000546
v 0.027496 -0.221196 -0.001325
v 0.027238 -0.217711 0.001819
v 0.007891 -0.232363 0.002940
v 0.015786 -0.218582 0.008575
v 0.004867 -0.218996 0.006423
v 0.001436 -0.223362 0.000879
v -0.003180 -0.230596 0.000552
v 0.058866 -0.201496 -0.027566
v 0.066215 -0.202438 -0.028881
v 0.066995 -0.193285 -0.041934
v 0.063503 -0.196892 -0.051558
v 0.057589 -0.193429 -0.053425
v 0.051390 -0.183269 -0.059099
v 0.052653 -0.179604 -0.050404
v 0.047933 -0.177579 -0.041653
v 0.053898 -0.187948 -0.033099
v 0.053726 -0.197181 -0.022127
v -0.025687 -0.199501 0.008902
v -0.028689 -0.196982 0.016908
v -0.034074 -0.182106 0.011164
v -0.028374 -0.170087 0.003455
v -0.021002 -0.185148 -0.007283
v -0.019892 -0.198437 0.003368
v -0.022456 -0.161001 -0.006096
v -0.018433 -0.168521 -0.011589
v -0.015655 -0.174213 -0.016887
v -0.033297 -0.180342 0.020044
v -0.035278 -0.172656 0.016933
v -0.032253 -0.166733 0.013111
v -0.027832 -0.162776 0.008819
v -0.035948 -0.163508 0.022237
v -0.030779 -0.160621 0.020274
v -0.035022 -0.168877 0.025371
v -0.043444 -0.146189 0.042028
v -0.035492 -0.133369 0.046882
v -0.035570 -0.155230 0.045059
v -0.042171 -0.155629 0.046299
v -0.035315 -0.151750 0.036206
v -0.034582 -0.158460 0.040249
v -0.028363 -0.140488 0.040214
v -0.028689 -0.148945 0.034642
v 0.020651 -0.098014 0.205371
v 0.049833 -0.098975 0.203991
v 0.017803 -0.103730 0.225960
v 0.001292 -0.094354 0.236284
v -0.010511 -0.089637 0.219630
v -0.001479 -0.092500 0.210993
v 0.003350 -0.093822 0.201871
v -0.011471 -0.089365 0.241956
v -0.018116 -0.085796 0.232193
v -0.023785 -0.087071 0.226395
v -0.006447 -0.090895 0.197436
v -0.012585 -0.083042 0.194449
v -0.034046 -0.129221 0.053540
v -0.032593 -0.127274 0.060410
v -0.025447 -0.125120 0.060191
v -0.025014 -0.121972 0.055903
v -0.016903 -0.117404 0.039781
v -0.022229 -0.119113 0.048313
v -0.027230 -0.113285 0.056599
v -0.027281 -0.102862 0.045971
v -0.008774 -0.109139 0.029091
v -0.005612 -0.111905 0.031167
v -0.005788 -0.114437 0.029679
v 0.000849 -0.021884 0.369028
v -0.020283 -0.051172 0.338338
v 0.007156 -0.052377 0.355118
v -0.007130 -0.009784 0.365979
v -0.022921 -0.009687 0.356178
v -0.009814 -0.087694 0.205801
v -0.015364 -0.085363 0.211587
v -0.021006 -0.080076 0.204331
v -0.023105 -0.076250 0.197758
v -0.023379 0.025384 0.492502
v -0.047413 0.028246 0.478633
v -0.042335 0.019763 0.490142
v -0.025869 0.013119 0.496191
v -0.011890 0.006561 0.401766
v -0.007771 0.015788 0.405601
v -0.007205 -0.006685 0.400161
v -0.012483 -0.008467 0.404584
v -0.006531 0.010828 0.393063
v -0.008646 -0.004629 0.392339
v 0.005212 0.023105 0.395919
v -0.027905 0.031086 0.401973
v -0.019620 0.024510 0.405203
v -0.023218 0.009033 0.398967
v -0.035825 0.027531 0.387076
v -0.036041 0.039373 0.394060
v -0.040312 0.006987 0.396474
v -0.040431 0.019549 0.385402
v 0.006164 -0.057957 0.161629
v -0.008965 -0.051733 0.162735
v -0.013291 -0.055323 0.162334
v 0.018964 -0.065446 0.160745
v 0.019364 -0.060534 0.157216
v 0.005084 -0.073651 0.164075
v 0.019110 -0.073360 0.162767
v -0.016921 -0.057643 0.157220
v -0.010004 -0.072904 0.162606
v -0.004868 -0.068638 0.149943
v -0.027383 -0.065632 0.146743
v -0.029968 -0.066524 0.150016
v -0.033483 -0.069244 0.155414
v -0.018242 -0.056570 0.150783
v -0.025521 -0.057541 0.145898
v -0.021084 -0.077135 0.190859
v -0.020308 -0.071459 0.187342
v -0.016933 -0.066618 0.185351
v -0.054640 -0.017155 0.186832
v -0.058889 -0.002171 0.186726
v -0.050710 -0.002896 0.185926
v -0.044820 -0.029755 0.186996
v -0.042869 -0.005172 0.185617
v -0.034413 -0.006045 0.187169
v -0.032232 -0.023805 0.188388
v -0.023782 -0.042260 0.190968
v -0.026382 -0.045099 0.185801
v -0.031454 -0.049703 0.186341
v -0.059459 -0.012327 0.210418
v -0.052471 -0.030163 0.207627
v -0.060246 -0.021744 0.223437
v -0.064219 -0.008551 0.223623
v -0.054890 -0.039076 0.219426
v -0.058200 0.001269 0.026745
v -0.052472 0.020615 0.045653
v -0.048444 0.016912 0.052045
v -0.064605 -0.014734 -0.002587
v -0.047516 -0.004661 0.052191
v -0.047403 -0.020730 0.054808
v -0.052229 -0.022185 0.046298
v -0.043954 0.016745 0.054747
v -0.059047 -0.028721 0.033330
v -0.053401 -0.048720 0.039227
v -0.054553 -0.049597 0.018635
v -0.057123 -0.039819 0.024336
v -0.055013 -0.037184 0.049817
v -0.052407 -0.049176 0.052183
v -0.057799 -0.041499 -0.007563
v -0.049028 -0.059515 0.062698
v -0.045376 -0.061546 0.061957
v -0.044463 -0.072574 0.062719
v -0.043011 -0.088795 0.068364
v -0.045685 -0.077867 0.069663
v -0.052506 -0.063725 0.051423
v -0.051078 -0.057849 0.051403
v -0.051871 -0.069055 0.064631
v -0.055132 -0.067555 0.052007
v -0.034612 -0.055281 0.187679
v -0.035692 -0.059940 0.193304
v -0.046143 -0.038524 0.195530
v -0.060530 -0.019690 0.190883
v -0.046334 -0.045969 0.202895
v -0.075981 -0.041634 0.046394
v -0.080185 -0.036469 0.024924
v -0.077039 -0.042659 0.022305
v -0.072623 -0.050523 0.041120
v -0.072430 -0.049411 0.051809
v -0.074600 -0.049215 0.020049
v -0.088518 0.014282 0.000077
v -0.089010 0.009299 -0.026667
v -0.087928 -0.008273 -0.025502
v -0.085161 -0.020765 -0.026127
v -0.084896 -0.023013 0.000998
v -0.082278 -0.029936 0.028658
v -0.081038 -0.019652 0.036119
v -0.064190 -0.006789 0.413219
v -0.068823 0.003183 0.413934
v -0.075400 0.014644 0.405192
v -0.067090 0.013458 0.398078
v -0.057368 0.014449 0.393059
v -0.032478 -0.006223 0.405009
v -0.034617 -0.020911 0.408607
v -0.046073 -0.023767 0.406768
v -0.047819 0.004690 0.400367
v -0.048241 0.015090 0.388037
v -0.061377 -0.013941 0.409130
v -0.055827 -0.020300 0.406580
v -0.055194 -0.024785 0.413483
v -0.041427 -0.030210 0.413495
v -0.059868 -0.021815 0.430782
v -0.062143 -0.018744 0.418488
v -0.047528 -0.028533 0.448879
v -0.058334 -0.020562 0.447283
v -0.035244 -0.040950 0.433544
v -0.031725 -0.035636 0.450918
v -0.031460 -0.036413 0.419724
v -0.058678 -0.023864 0.289791
v -0.065029 -0.009170 0.296939
v -0.070388 -0.007794 0.269471
v -0.068726 -0.007530 0.243959
v -0.064696 -0.024654 0.242915
v -0.056418 -0.039474 0.282069
v -0.058386 -0.055666 0.248590
v -0.051521 -0.055292 0.254124
v -0.073379 -0.057815 0.105897
v -0.068879 -0.059166 0.098976
v -0.074534 -0.075630 0.099592
v -0.076425 -0.075841 0.113768
v -0.070775 -0.063495 0.123333
v -0.072461 -0.055734 0.113235
v -0.067925 -0.080981 0.130169
v -0.067363 -0.075536 0.132396
v -0.055848 -0.075612 0.067098
v -0.055644 -0.072764 0.065763
v -0.049536 -0.072840 0.075750
v -0.046202 -0.077898 0.081727
v -0.050174 -0.078761 0.077101
v -0.047572 -0.084390 0.083491
v -0.047177 -0.081599 0.083817
v -0.044544 -0.082777 0.084671
v -0.045971 -0.086633 0.089867
v -0.048056 -0.087332 0.083517
v -0.039826 -0.089089 0.082890
v -0.035936 -0.092052 0.088334
v -0.040298 -0.089070 0.097485
v -0.062723 -0.044368 0.080879
v -0.065798 -0.045801 0.075119
v -0.063617 -0.058781 0.084555
v -0.065041 -0.064015 0.089687
v -0.062772 -0.059195 0.095933
v -0.062017 -0.043818 0.085983
v -0.031880 -0.096085 0.095087
v -0.029131 -0.099117 0.101003
v -0.032492 -0.094404 0.104545
v -0.033560 -0.100363 0.102838
v -0.040352 -0.094568 0.103926
v -0.043102 -0.090510 0.099072
v -0.038901 -0.100858 0.102966
v -0.071689 -0.071724 0.088366
v -0.072308 -0.077035 0.090169
v -0.066992 -0.066035 0.092700
v -0.070422 -0.067864 0.085994
v -0.065979 -0.059749 0.097177
v -0.056070 -0.093798 0.132273
v -0.049762 -0.096810 0.138456
v -0.042150 -0.047760 0.143428
v -0.056135 -0.025249 0.139206
v -0.065721 -0.025153 0.134853
v -0.069648 -0.023632 0.122417
v -0.064750 -0.044917 0.131063
v -0.058476 -0.056491 0.136368
v -0.050786 -0.061050 0.144257
v -0.061740 -0.053398 0.126359
v -0.067730 -0.054280 0.119250
v -0.064460 -0.062548 0.128035
v -0.056758 -0.063495 0.136574
v -0.061147 -0.067449 0.136762
v -0.040017 -0.102653 0.150523
v -0.038693 -0.095966 0.152097
v -0.039372 -0.090827 0.156511
v -0.054900 -0.081859 0.143930
v -0.068260 -0.085599 0.128507
v -0.060114 -0.104590 0.118208
v -0.058495 -0.100928 0.124678
v -0.065319 -0.099027 0.119876
v -0.069652 -0.097299 0.108254
v -0.066149 -0.100692 0.106221
v -0.060668 -0.099994 0.098730
v -0.062817 -0.099939 0.090662
v -0.060299 -0.100824 0.090173
v -0.055100 -0.098523 0.098478
v -0.050874 -0.100278 0.102398
v -0.051708 -0.104005 0.100538
v -0.057692 -0.100193 0.089521
v -0.053802 -0.110700 0.095624
v -0.058287 -0.110104 0.097147
v -0.065905 -0.097460 0.099136
v -0.063016 -0.099177 0.098951
v -0.062572 -0.120698 0.102896
v -0.058825 -0.115807 0.111418
v -0.063734 -0.117303 0.086775
v -0.067113 -0.121001 0.088016
v -0.065248 -0.128905 0.090173
v -0.052048 -0.106990 0.132217
v -0.045690 -0.120262 0.121595
v -0.039016 -0.120636 0.138702
v -0.041563 -0.115346 0.145196
v -0.036106 -0.122014 0.134194
v -0.054081 -0.120500 0.112864
v -0.048181 -0.127383 0.117212
v -0.037376 -0.129045 0.131741
v -0.049794 -0.098062 0.104093
v -0.053191 -0.097126 0.097406
v -0.051391 -0.095835 0.096212
v -0.047281 -0.094032 0.102590
v -0.046418 -0.097707 0.104446
v -0.049732 -0.093951 0.094749
v -0.066581 -0.135452 0.074414
v -0.068857 -0.127698 0.073943
v -0.069644 -0.130012 0.060439
v -0.067777 -0.145591 0.048917
v -0.063315 -0.154342 0.054346
v -0.063400 -0.150039 0.062829
v -0.064953 -0.133063 0.046993
v -0.063993 -0.138568 0.043134
v -0.059214 -0.125308 0.051592
v -0.058996 -0.129326 0.045897
v -0.063922 -0.123296 0.061890
v -0.057701 -0.122863 0.061294
v -0.068149 -0.123441 0.064293
v -0.052639 -0.124210 0.051729
v -0.048325 -0.127880 0.052406
v -0.051005 -0.130039 0.046161
v -0.056904 -0.134103 0.042757
v -0.023121 -0.125185 0.042285
v -0.025134 -0.134647 0.035956
v -0.041771 -0.088341 0.058092
v -0.039374 -0.093096 0.064338
v -0.042017 -0.077257 0.055667
v -0.064689 -0.162515 0.042028
v -0.062765 -0.154348 0.037064
v -0.055821 -0.161979 0.035802
v -0.057247 -0.176196 0.041626
v -0.061025 -0.175101 0.047351
v -0.049879 -0.174668 0.038999
v -0.042287 -0.129654 0.052931
v -0.049744 -0.147548 0.039399
v -0.053705 -0.139231 0.040560
v -0.031451 -0.193026 -0.055034
v -0.041886 -0.198116 -0.054195
v -0.045693 -0.197800 -0.043356
v -0.035962 -0.204008 -0.027547
v -0.029358 -0.201141 -0.025598
v -0.026872 -0.187524 -0.039718
v -0.042560 -0.209523 -0.030025
v -0.047514 -0.207608 -0.046839
v -0.044758 -0.209482 -0.062095
v -0.042642 -0.216842 -0.053711
v -0.038524 -0.204262 -0.063217
v -0.016592 -0.229699 -0.108371
v -0.011954 -0.234293 -0.114034
v -0.018477 -0.246189 -0.112526
v -0.023537 -0.256322 -0.114232
v -0.027620 -0.254720 -0.109079
v -0.030303 -0.253178 -0.101383
v -0.030430 -0.242974 -0.097949
v -0.028066 -0.267861 -0.099156
v -0.024721 -0.265643 -0.091944
v -0.028325 -0.248412 -0.088881
v -0.023308 -0.261664 -0.081852
v 0.034807 -0.307893 -0.142466
v 0.038609 -0.297480 -0.125124
v 0.037518 -0.303205 -0.111875
v 0.023182 -0.309466 -0.113472
v 0.044845 -0.301126 -0.136526
v 0.004518 -0.309269 -0.113051
v 0.005345 -0.303027 -0.123818
v -0.003037 -0.296578 -0.164552
v -0.008201 -0.299687 -0.155184
v -0.014717 -0.289830 -0.154773
v -0.019033 -0.279077 -0.154294
v -0.013338 -0.278853 -0.168816
v -0.011671 -0.277616 -0.186936
v -0.003498 -0.282701 -0.186184
v 0.004444 -0.287228 -0.186752
v 0.003802 -0.289981 -0.173520
v 0.006929 -0.299656 -0.168836
v 0.002379 -0.306639 -0.165105
v 0.007799 -0.297212 -0.175890
v 0.013606 -0.124617 -0.164034
v -0.000945 -0.102287 -0.153465
v 0.000185 -0.102390 -0.153784
v 0.024677 -0.122957 -0.163501
v 0.022770 -0.127748 -0.163195
v 0.010437 -0.114013 -0.166809
v 0.023792 -0.122967 -0.171268
v -0.007242 -0.101375 -0.154617
v -0.005765 -0.116120 -0.168249
v -0.013684 -0.099920 -0.157279
v 0.002810 -0.134913 -0.178081
v 0.036538 -0.130110 -0.161166
v -0.025916 -0.118017 -0.334550
v -0.016214 -0.139009 -0.322431
v -0.018924 -0.080096 -0.330681
v -0.022078 -0.079894 -0.342308
v -0.020790 -0.079653 -0.320199
v -0.003166 -0.155447 -0.310825
v -0.005853 -0.141922 -0.299320
v -0.003045 -0.133049 -0.293675
v -0.018499 -0.112351 -0.299192
v 0.015415 -0.261448 -0.196277
v -0.002686 -0.255208 -0.189604
v 0.005689 -0.256264 -0.187857
v 0.013098 -0.261794 -0.187730
v 0.009110 -0.252671 -0.209645
v 0.015379 -0.261550 -0.210417
v 0.009830 -0.258656 -0.211774
v -0.003207 -0.250607 -0.203876
v 0.002871 -0.253034 -0.210264
v -0.002830 -0.256189 -0.208615
v 0.007430 -0.265274 -0.211281
v 0.001390 -0.261420 -0.211395
v 0.015820 -0.159721 -0.301692
v 0.011282 -0.162655 -0.477873
v -0.007674 -0.156529 -0.474720
v -0.010800 -0.156760 -0.483158
v -0.013180 -0.155197 -0.491069
v 0.025297 -0.167190 -0.487116
v 0.024865 -0.168245 -0.480206
v -0.000650 -0.148807 -0.499067
v 0.009486 -0.144508 -0.361634
v 0.002098 -0.144451 -0.346330
v -0.014713 -0.125140 -0.353217
v 0.001823 -0.140966 -0.381238
v 0.014943 -0.145913 -0.376362
v -0.008219 -0.117340 -0.378890
v -0.007782 -0.136383 -0.390942
v -0.003095 -0.089484 -0.366857
v -0.000051 -0.089336 -0.375659
v -0.008785 -0.086737 -0.358077
v -0.009078 -0.151671 -0.405741
v -0.012943 -0.144783 -0.417811
v -0.003420 -0.154837 -0.427280
v 0.007814 -0.164334 -0.408540
v 0.002553 -0.157152 -0.393515
v 0.012587 -0.166041 -0.420880
v -0.040231 -0.124002 -0.496972
v -0.040214 -0.110293 -0.496958
v -0.032630 -0.110131 -0.498945
v -0.021073 -0.113173 -0.499275
v -0.024470 -0.125170 -0.499173
v -0.028465 -0.133520 -0.498877
v 0.000446 -0.149170 -0.448496
v 0.003045 -0.147186 -0.442335
v 0.003264 -0.145615 -0.439090
v -0.007939 -0.135800 -0.432944
v -0.016524 -0.133654 -0.436922
v -0.024447 -0.131557 -0.446663
v -0.018101 -0.143311 -0.451864
v -0.002439 -0.152138 -0.456983
v -0.076782 -0.202398 -0.280932
v -0.081701 -0.205404 -0.283532
v -0.083539 -0.192949 -0.276052
v -0.077188 -0.198285 -0.274779
v -0.086347 -0.201774 -0.282153
v -0.090698 -0.196768 -0.276310
v -0.093684 -0.194321 -0.266761
v -0.098859 -0.178971 -0.259083
v -0.095934 -0.177204 -0.254461
v -0.090832 -0.190315 -0.255910
v -0.086867 -0.191845 -0.267384
v -0.083824 -0.217621 -0.276695
v -0.078010 -0.218715 -0.274677
v -0.084267 -0.226145 -0.270691
v -0.093848 -0.227012 -0.269028
v -0.093489 -0.220884 -0.272705
v -0.091319 -0.214238 -0.276390
v -0.112537 -0.189355 -0.269385
v -0.116743 -0.193861 -0.273377
v -0.123871 -0.184261 -0.272851
v -0.116033 -0.178138 -0.262244
v -0.109726 -0.184059 -0.261777
v -0.123166 -0.173662 -0.265682
v -0.132502 -0.189288 -0.265127
v -0.127347 -0.202310 -0.266686
v -0.130707 -0.205058 -0.259021
v -0.129362 -0.203651 -0.249574
v -0.133793 -0.189969 -0.252796
v -0.132596 -0.180221 -0.257763
v -0.104141 -0.173488 -0.261597
v -0.104354 -0.198493 -0.272554
v -0.102019 -0.145695 -0.236880
v -0.100303 -0.145371 -0.251321
v -0.109035 -0.158760 -0.252882
v -0.122093 -0.168760 -0.253135
v -0.129726 -0.174112 -0.247001
v -0.126063 -0.167957 -0.233171
v -0.116865 -0.166837 -0.258292
v -0.149574 -0.109022 -0.270820
v -0.134645 -0.126924 -0.273703
v -0.133140 -0.130866 -0.267660
v -0.144341 -0.122629 -0.265899
v -0.152797 -0.107014 -0.264890
v -0.120887 -0.124869 -0.280301
v -0.120889 -0.132113 -0.277408
v -0.135445 -0.108373 -0.274949
v -0.118891 -0.119550 -0.279795
v -0.107546 -0.134098 -0.272507
v -0.119853 -0.134637 -0.270934
v -0.106066 -0.130359 -0.280545
v -0.100222 -0.133353 -0.273345
v -0.104208 -0.125807 -0.281407
v -0.101474 -0.118985 -0.280127
v -0.088170 -0.124916 -0.273239
v -0.086543 -0.141171 -0.270060
v -0.098493 -0.114458 -0.273969
v -0.090896 -0.161686 -0.265223
v -0.097832 -0.157504 -0.265484
v -0.103504 -0.157226 -0.261133
v -0.097828 -0.142116 -0.262727
v -0.098704 -0.132107 -0.263629
v -0.114811 -0.040791 -0.282159
v -0.114918 -0.037987 -0.278482
v -0.100102 -0.030269 -0.279433
v -0.096821 -0.040627 -0.285029
v -0.112609 -0.047733 -0.281896
v -0.089350 -0.032253 -0.285327
v -0.094172 -0.019190 -0.286765
v -0.090542 -0.020061 -0.288982
v -0.094646 -0.017933 -0.280709
v -0.086162 -0.020458 -0.286400
v 0.001224 -0.085517 -0.498835
v -0.002768 -0.101828 -0.499332
v -0.016979 -0.096911 -0.499187
v -0.028156 -0.093092 -0.499049
v -0.016144 -0.077548 -0.498622
v 0.001970 -0.073976 -0.498334
v 0.011073 -0.073780 -0.404229
v 0.025101 -0.064360 -0.408549
v -0.003436 -0.085616 -0.399661
v -0.010455 -0.101880 -0.421417
v -0.010826 -0.104550 -0.414289
v 0.025366 -0.063415 -0.457574
v -0.017176 -0.084036 -0.283626
v 0.005803 -0.054873 -0.293988
v 0.002579 -0.056888 -0.298179
v -0.016044 -0.071586 -0.278114
v -0.009803 -0.059788 -0.282357
v -0.005789 -0.100340 -0.252891
v -0.005274 -0.098555 -0.247939
v -0.004988 -0.080847 -0.254163
v -0.008558 -0.077179 -0.261475
v -0.008352 -0.102291 -0.256262
v -0.015515 -0.072756 -0.265328
v -0.018658 -0.086286 -0.262670
v -0.014333 -0.103557 -0.258434
v -0.014374 -0.108694 -0.287874
v -0.015507 -0.107274 -0.280254
v -0.019954 -0.077979 -0.306341
v -0.024471 0.021126 -0.121620
v -0.021391 0.051228 -0.124139
v -0.019508 0.049325 -0.144358
v -0.021810 -0.011681 -0.147924
v -0.025618 -0.013630 -0.119577
v -0.008312 0.024441 -0.169353
v 0.010964 0.009218 -0.182211
v -0.008004 -0.020039 -0.170187
v -0.020106 -0.093386 -0.131296
v -0.019485 -0.087513 -0.135012
v -0.020045 -0.092612 -0.147325
v -0.019147 -0.103524 -0.141431
v -0.015261 -0.101033 -0.129615
v -0.019939 -0.100920 -0.155326
v -0.023443 -0.103027 -0.150784
v -0.016559 -0.117394 -0.151450
v -0.012313 -0.114903 -0.144045
v -0.017448 -0.117649 -0.158642
v -0.007638 -0.094222 -0.147661
v -0.005814 -0.091615 -0.143379
v -0.014711 -0.069550 -0.142868
v -0.012826 -0.074149 -0.158988
v -0.012928 -0.080181 -0.176764
v -0.003364 -0.101746 -0.174164
v -0.013430 -0.086159 -0.138063
v -0.010231 -0.079769 -0.117123
v -0.010855 -0.072922 -0.118582
v 0.011720 -0.016888 -0.192492
v -0.004628 -0.031396 -0.189323
v 0.032589 -0.005194 -0.188794
v 0.032650 -0.011573 -0.198036
v 0.034269 0.002320 -0.188029
v -0.007322 -0.055434 -0.070093
v -0.005551 -0.068993 -0.079010
v 0.005149 -0.086883 -0.071127
v 0.003292 -0.085340 -0.058987
v -0.004794 -0.069563 -0.061228
v -0.007787 -0.053676 -0.063322
v 0.001447 -0.058367 -0.078998
v -0.000007 -0.059388 -0.082179
v 0.001349 -0.063753 -0.082174
v 0.000733 -0.065290 -0.077371
v -0.000607 -0.051880 -0.079633
v -0.003611 -0.069049 -0.082918
v -0.005646 0.073010 -0.089521
v -0.007541 0.075277 -0.101287
v -0.009832 0.066433 -0.102480
v -0.001457 0.053647 -0.081995
v -0.013638 0.052571 -0.103758
v -0.000381 0.053950 -0.075664
v -0.001189 0.068041 -0.081098
v -0.006301 0.077182 -0.088032
v -0.008858 0.051067 -0.066641
v -0.004415 0.070242 -0.061203
v -0.001298 0.076048 -0.068867
v 0.003099 0.080391 -0.076560
v -0.003155 0.073169 -0.078762
v -0.013850 0.053975 -0.181789
v -0.014273 0.048679 -0.169031
v -0.014536 0.064875 -0.151906
v -0.009759 0.087436 -0.148240
v -0.012462 0.083658 -0.184872
v -0.012486 0.059915 -0.196761
v -0.006752 0.028405 -0.178421
v -0.011797 0.091431 -0.151196
v -0.021007 0.095383 -0.152990
v -0.010113 0.111981 -0.166054
v -0.005048 0.109652 -0.162741
v -0.016473 0.115165 -0.163951
v -0.021523 0.103059 -0.146116
v -0.017909 0.118676 -0.160011
v -0.013810 0.121007 -0.153945
v -0.017614 0.106041 -0.141289
v -0.018362 0.096110 -0.132500
v -0.013524 0.105988 -0.132510
v -0.016594 0.087898 -0.138891
v -0.019354 0.080898 -0.498532
v -0.024642 0.096993 -0.499175
v -0.014039 0.097312 -0.499252
v -0.002059 0.081442 -0.498754
v -0.005779 0.071091 -0.498249
v -0.000652 0.096850 -0.499199
v -0.142731 0.035538 -0.278853
v -0.162511 0.043267 -0.276879
v -0.127297 0.041411 -0.283491
v -0.125462 0.034944 -0.281854
v -0.149702 0.050955 -0.279382
v -0.126650 0.046707 -0.282987
v -0.138805 0.034288 -0.273686
v -0.152001 0.036741 -0.272380
v -0.165390 0.041767 -0.270660
v -0.102640 0.133859 -0.273519
v -0.106938 0.122717 -0.279717
v -0.111465 0.128360 -0.280049
v -0.113708 0.133816 -0.276554
v -0.109287 0.142030 -0.272484
v -0.105054 0.144874 -0.268063
v -0.115810 0.152919 -0.268050
v -0.124425 0.129806 -0.274539
v -0.123661 0.129337 -0.268858
v -0.121074 0.141370 -0.266454
v -0.123563 0.128647 -0.281400
v -0.163477 0.181727 -0.271569
v -0.157788 0.178513 -0.264201
v -0.170536 0.184701 -0.267863
v -0.166942 0.186781 -0.270609
v -0.144771 0.168046 -0.260028
v -0.146632 0.163317 -0.257452
v -0.169953 0.203353 -0.252430
v -0.170086 0.205953 -0.258922
v -0.167889 0.205126 -0.265460
v -0.171325 0.191782 -0.265768
v -0.123258 0.169780 -0.259443
v -0.125845 0.166305 -0.263016
v -0.136739 0.178743 -0.260531
v -0.146397 0.188930 -0.264748
v -0.140167 0.196062 -0.265601
v -0.127284 0.197070 -0.262563
v -0.126628 0.192512 -0.253552
v -0.129872 0.180377 -0.251863
v -0.121288 0.170188 -0.254350
v -0.162902 0.169817 -0.249376
v -0.171382 0.181471 -0.244576
v -0.168231 0.192628 -0.268552
v -0.164145 0.203583 -0.268897
v -0.159585 0.200459 -0.271691
v -0.155304 0.196144 -0.274326
v -0.162048 0.189731 -0.272489
v -0.116894 0.232912 -0.276558
v -0.121575 0.228005 -0.280851
v -0.141867 0.232692 -0.259950
v -0.127674 0.235769 -0.262882
v -0.156403 0.220025 -0.267847
v -0.158502 0.221830 -0.259789
v -0.122679 0.221465 -0.283125
v -0.137833 0.223705 -0.275737
v -0.153412 0.216292 -0.270762
v -0.112620 0.233593 -0.269848
v -0.112790 0.207877 -0.288844
v -0.112402 0.210085 -0.288056
v -0.106020 0.209519 -0.289718
v -0.102497 0.213335 -0.287124
v -0.098665 0.212358 -0.283210
v -0.105274 0.199361 -0.282759
v -0.111164 0.215703 -0.286591
v -0.108717 0.221166 -0.285504
v -0.011320 0.137755 -0.422587
v -0.004938 0.142309 -0.431441
v -0.003724 0.138600 -0.434139
v -0.012732 0.127589 -0.413315
v -0.014240 0.136400 -0.413699
v -0.008627 0.140676 -0.439002
v -0.016333 0.126642 -0.432479
v -0.017611 0.110366 -0.427689
v -0.011167 0.111278 -0.421347
v -0.012749 0.111581 -0.412116
v 0.000336 0.134139 -0.499476
v 0.000465 0.116131 -0.499491
v -0.012936 0.116329 -0.499352
v -0.015375 0.135983 -0.499119
v -0.002033 0.145972 -0.499295
v -0.023386 0.119227 -0.499016
v -0.001834 0.142057 -0.385402
v -0.008931 0.113910 -0.378392
v -0.010920 0.117248 -0.365814
v -0.003757 0.136896 -0.362515
v -0.012358 0.136930 -0.399738
v -0.011099 0.129589 -0.398460
v -0.006715 0.148054 -0.429326
v -0.013931 0.144681 -0.423501
v -0.009041 0.152262 -0.420171
v 0.000772 0.160563 -0.414617
v 0.003456 0.160561 -0.423641
v 0.006753 0.157388 -0.432298
v -0.005023 0.150311 -0.388481
v -0.002380 0.155679 -0.396447
v -0.010525 0.152103 -0.412827
v -0.016409 0.144247 -0.414326
v -0.015714 0.145485 -0.401241
v -0.001150 0.158901 -0.406102
v 0.012119 0.254506 -0.206503
v 0.010984 0.254610 -0.199558
v 0.003130 0.252155 -0.200622
v -0.001893 0.253806 -0.203517
v 0.003148 0.254167 -0.209255
v 0.010420 0.258444 -0.211373
v 0.013818 0.144029 -0.184074
v -0.001136 0.265576 -0.208345
v 0.001111 0.259826 -0.210337
v -0.003998 0.258071 -0.206477
v -0.008709 0.266113 -0.201152
v -0.005308 0.271962 -0.202117
v -0.009011 0.260390 -0.198909
v -0.011689 0.294218 -0.160355
v -0.014326 0.283215 -0.162517
v -0.019712 0.284562 -0.155176
v -0.013355 0.293359 -0.153492
v -0.018337 0.279432 -0.158996
v -0.011314 0.281435 -0.166587
v -0.002608 0.302456 -0.163763
v 0.004249 0.298603 -0.169451
v 0.009326 0.297765 -0.178460
v 0.003738 0.289326 -0.177826
v -0.002310 0.284553 -0.178293
v -0.018937 0.264479 -0.130245
v -0.022147 0.258623 -0.118302
v -0.019102 0.277209 -0.139480
v -0.018635 0.269870 -0.143288
v -0.012905 0.285153 -0.136919
v -0.026828 0.270467 -0.107584
v -0.022373 0.282908 -0.117655
v -0.002751 0.292900 -0.129671
v -0.003842 0.295555 -0.137878
v -0.004765 0.293013 -0.124472
v -0.011032 0.298762 -0.121241
v -0.015383 0.267319 -0.176499
v -0.011905 0.260930 -0.175849
v -0.013254 0.260626 -0.163119
v -0.014737 0.255146 -0.151230
v -0.017025 0.262697 -0.146531
v -0.019085 0.275796 -0.154319
v -0.016415 0.276205 -0.164783
v -0.015569 0.273332 -0.177554
v 0.001599 0.141049 -0.163099
v 0.005431 0.139491 -0.153274
v -0.003071 0.141077 -0.170584
v -0.011831 0.280266 -0.178573
v -0.020196 0.216303 -0.089994
v -0.026375 0.221075 -0.087971
v -0.021948 0.238520 -0.107331
v -0.006173 0.229247 -0.123201
v -0.017299 0.242783 -0.126827
v -0.009601 0.230022 -0.133999
v -0.018956 0.252556 -0.121481
v -0.010086 0.297468 -0.104483
v -0.010083 0.298492 -0.113544
v -0.019930 0.285938 -0.110843
v -0.019663 0.280831 -0.096189
v -0.008336 0.289812 -0.092192
v -0.025190 0.274366 -0.102358
v -0.029622 0.247387 -0.098248
v -0.028180 0.253179 -0.091877
v -0.028521 0.242793 -0.102879
v -0.043480 0.201644 -0.059880
v -0.035607 0.200153 -0.059015
v -0.044957 0.194925 -0.036915
v -0.049255 0.199106 -0.047862
v -0.026704 0.192245 -0.063940
v -0.027951 0.185729 -0.056349
v -0.026480 0.182568 -0.050270
v -0.047767 0.204348 -0.041291
v -0.046510 0.206710 -0.055350
v -0.029149 0.190828 -0.035991
v -0.031676 0.204308 -0.027182
v -0.037772 0.205011 -0.026921
v -0.043348 0.208983 -0.027716
v -0.024467 0.179203 -0.044554
v -0.069183 0.143357 0.045674
v -0.064903 0.156178 0.052430
v -0.066257 0.160627 0.045321
v -0.065920 0.164431 0.038735
v -0.066121 0.147958 0.036376
v -0.068201 0.136100 0.039959
v -0.049139 0.118798 0.081252
v -0.045711 0.123143 0.080364
v -0.049684 0.102613 0.100975
v -0.054894 0.100177 0.102672
v -0.052431 0.109085 0.095294
v -0.053451 0.117816 0.082221
v -0.040486 0.112634 0.096823
v -0.043818 0.104478 0.100497
v -0.039201 0.119250 0.090147
v -0.074003 0.082721 0.094264
v -0.072158 0.092881 0.102750
v -0.070352 0.085339 0.091528
v -0.073677 0.082070 0.091339
v -0.068743 0.092505 0.089804
v -0.066926 0.089935 0.090786
v -0.069005 0.097440 0.103431
v -0.068654 0.095338 0.095190
v -0.068929 0.095451 0.090182
v -0.067902 0.090456 0.086825
v -0.070700 0.091120 0.076763
v -0.069025 0.088591 0.076649
v -0.070847 0.086236 0.076666
v -0.068295 0.085254 0.086763
v -0.075578 0.074806 0.094637
v -0.077101 0.072636 0.105838
v -0.075925 0.077245 0.093680
v -0.073245 0.082911 0.124636
v -0.068510 0.073501 0.130969
v -0.045979 0.085899 0.151304
v -0.060350 0.097622 0.128208
v -0.073088 0.091599 0.117664
v -0.049558 0.097126 0.138287
v -0.052901 0.101141 0.134092
v -0.037595 0.097588 0.148864
v -0.062967 0.101874 0.103045
v -0.062186 0.110004 0.105862
v -0.063079 0.116949 0.100315
v -0.060994 0.099578 0.098380
v -0.063787 0.099442 0.097629
v -0.056396 0.108676 0.096567
v -0.058918 0.098931 0.099140
v -0.053521 0.095132 0.085223
v -0.055282 0.097446 0.085515
v -0.054079 0.096259 0.095827
v -0.048032 0.090935 0.096986
v -0.051098 0.092318 0.085028
v -0.039148 0.100637 0.102893
v -0.042726 0.090659 0.106302
v -0.074794 0.071269 0.091671
v -0.076921 0.076992 0.087571
v -0.080354 0.077332 0.079003
v -0.080580 0.073946 0.078732
v -0.079329 0.070483 0.078327
v -0.076614 0.073337 0.087749
v -0.076426 0.075852 0.090650
v -0.067644 0.052293 0.092103
v -0.071484 0.052748 0.114855
v -0.061858 0.067313 0.135484
v -0.070144 0.066777 0.085255
v -0.067164 0.065140 0.081792
v -0.065947 0.060576 0.084621
v -0.058826 0.045988 0.022069
v -0.057132 0.052131 0.025988
v -0.056330 0.049625 0.042655
v -0.059806 0.040196 0.031779
v -0.050666 0.068201 0.067185
v -0.051253 0.070368 0.071321
v -0.046321 0.074429 0.082097
v -0.046127 0.078203 0.070083
v -0.045384 0.067884 0.065405
v -0.047401 0.061844 0.070214
v -0.050017 0.060719 0.067918
v -0.049057 0.066214 0.067302
v -0.047117 0.073638 0.085916
v -0.046963 0.076657 0.086026
v -0.053216 0.072113 0.072822
v -0.054380 0.075018 0.075576
v -0.040721 0.102168 0.149265
v -0.052318 0.076989 0.076872
v -0.047992 0.078399 0.085932
v -0.050938 0.079487 0.077285
v -0.046114 0.079406 0.085289
v -0.023089 0.135946 0.026646
v -0.023030 0.128160 0.035842
v -0.029182 0.135339 0.041650
v -0.035884 0.137778 0.043371
v -0.036675 0.148808 0.041182
v -0.035186 0.160726 0.043907
v -0.033990 0.163388 0.038371
v -0.030650 0.156627 0.022740
v -0.023325 0.142987 0.014315
v -0.033953 0.168668 0.029573
v -0.039891 0.123353 0.077989
v -0.035317 0.108446 0.098633
v -0.033301 0.120425 0.086512
v -0.028502 0.119160 0.083111
v -0.031825 0.110627 0.085378
v -0.031320 0.108697 0.090216
v -0.030209 0.107688 0.093905
v -0.030932 0.112657 0.078592
v -0.031787 0.099107 0.094803
v -0.030403 0.088999 0.102770
v -0.032331 0.086499 0.102757
v -0.036113 0.085339 0.105242
v -0.037301 0.088008 0.107586
v -0.041664 0.086935 0.103127
v -0.031260 0.090709 0.100093
v -0.043164 0.091435 0.066318
v -0.036133 0.093764 0.068008
v -0.042460 0.088484 0.054105
v -0.045946 0.083425 0.062776
v -0.037778 0.093389 0.045298
v -0.024536 0.100723 0.040306
v -0.028259 0.099255 0.034664
v -0.031959 0.103153 0.059932
v -0.023672 0.106027 0.046549
v -0.035291 0.099452 0.071260
v -0.022343 0.060906 0.147279
v -0.015078 0.060088 0.150088
v -0.002761 0.069776 0.153053
v -0.023106 0.066855 0.149294
v -0.023786 0.112036 0.051535
v -0.025079 0.119226 0.056759
v -0.021967 0.122941 0.045010
v -0.011892 0.119553 0.026534
v -0.009642 0.109657 0.032770
v -0.016106 0.072422 0.007471
v -0.029185 0.068732 0.025342
v -0.027112 0.084421 0.029284
v 0.002736 0.089405 -0.005073
v -0.005779 0.069312 -0.007411
v -0.027871 0.092397 0.031673
v -0.010623 0.100715 0.017725
v 0.015717 0.107954 0.005086
v 0.020323 0.102616 -0.004018
v 0.013431 0.111200 0.011213
v -0.000985 0.216352 0.012721
v -0.010339 0.209623 0.009191
v -0.015483 0.211674 0.012332
v 0.008750 0.221530 0.022258
v 0.009886 0.220003 0.015177
v -0.007945 0.215561 0.029250
v 0.006706 0.218501 0.032288
v -0.019995 0.208351 0.023301
v 0.005518 0.078194 0.168881
v -0.011648 0.078260 0.167102
v -0.029860 0.068819 0.154754
v -0.025549 0.067059 0.151677
v -0.003011 0.069882 0.155784
v -0.013872 0.060399 0.155307
v -0.012191 0.060103 0.159749
v -0.007476 0.057195 0.163466
v -0.002987 0.052027 0.163745
v 0.010436 0.060416 0.163118
v 0.021934 0.068938 0.161688
v 0.021619 0.076562 0.166204
v 0.023435 0.062334 0.160923
v -0.002959 0.093631 0.194475
v 0.007649 0.097771 0.194902
v 0.005943 0.098505 0.188763
v 0.003411 0.092888 0.185840
v -0.006687 0.089266 0.188394
v -0.008773 0.088165 0.193755
v -0.011903 0.082872 0.187501
v 0.004368 0.077908 0.185830
v -0.011232 0.066465 0.186156
v -0.016671 0.070054 0.186773
v -0.021505 0.072728 0.190318
v 0.010499 0.099262 0.238086
v 0.006685 0.099888 0.255777
v 0.009287 0.106788 0.260040
v 0.012496 0.111967 0.239237
v 0.013727 0.102910 0.232241
v 0.014059 0.119972 0.258951
v 0.005708 0.096937 0.232872
v -0.002537 0.092495 0.221419
v -0.007739 0.087774 0.225531
v -0.018435 0.082430 0.229486
v -0.014175 0.089688 0.254385
v -0.003608 0.094224 0.288454
v 0.009875 0.090918 0.315924
v -0.012030 0.072547 0.326440
v 0.012067 0.065050 0.348808
v 0.039039 0.061711 0.358130
v 0.038798 0.084517 0.337133
v -0.021744 0.043030 0.472641
v -0.002945 0.034789 0.462572
v -0.009860 0.048053 0.456218
v -0.035515 0.063130 0.461278
v -0.042061 0.058645 0.471869
v -0.028682 0.066901 0.451376
v -0.049959 0.053059 0.477759
v -0.056775 0.046661 0.478985
v -0.062141 0.039880 0.475719
v -0.119058 0.071297 0.315949
v -0.129231 0.064515 0.317281
v -0.141034 0.077464 0.311581
v -0.129663 0.099748 0.319672
v -0.119264 0.096466 0.321381
v -0.110128 0.074496 0.318498
v -0.090077 0.088817 0.304890
v -0.092005 0.082325 0.299868
v -0.106107 0.089482 0.296869
v -0.091274 0.094337 0.312428
v -0.113111 0.095264 0.301504
v -0.118394 0.087688 0.302461
v -0.113625 0.082259 0.302060
v -0.113718 0.083966 0.309710
v -0.116524 0.089423 0.296197
v -0.105710 0.104212 0.310251
v -0.089094 0.102749 0.314057
v -0.105992 0.073082 0.311486
v -0.139531 0.099134 0.355949
v -0.132767 0.093824 0.353480
v -0.129791 0.086683 0.365636
v -0.120769 0.084863 0.393577
v -0.118724 0.092941 0.398633
v -0.134458 0.102587 0.382313
v -0.146577 0.112042 0.376274
v -0.149548 0.106576 0.367204
v -0.148635 0.108064 0.356527
v -0.119847 0.077103 0.387903
v -0.136771 0.087084 0.351247
v -0.150700 0.086143 0.341170
v -0.142198 0.075144 0.347335
v -0.150542 0.103560 0.335393
v -0.158524 0.095184 0.335816
v -0.133571 0.104242 0.330097
v -0.144619 0.108931 0.328365
v -0.136720 0.106416 0.345220
v -0.126455 0.116422 0.342206
v -0.121451 0.117775 0.332971
v -0.128414 0.121791 0.327510
v -0.130547 0.116544 0.321574
v -0.115343 0.120729 0.311962
v -0.100246 0.117249 0.313346
v -0.126033 0.122947 0.313601
v -0.135597 0.123687 0.321062
v -0.133282 0.126745 0.324590
v -0.132944 0.127921 0.317048
v -0.182378 0.122695 0.325226
v -0.181236 0.119624 0.326469
v -0.179886 0.120784 0.327808
v -0.178526 0.122336 0.327735
v -0.181171 0.124168 0.325187
v -0.178490 0.111860 0.322246
v -0.177501 0.112129 0.326458
v -0.181047 0.120500 0.322940
v -0.176647 0.114183 0.319273
v -0.179322 0.122173 0.323064
v -0.177904 0.123419 0.326217
v -0.170856 0.119631 0.321642
v -0.173464 0.117389 0.319408
v -0.170124 0.119922 0.325613
v -0.131140 0.129959 0.320826
v -0.114523 0.121685 0.349622
v -0.102725 0.117454 0.344698
v -0.103351 0.123882 0.327011
v -0.113663 0.126446 0.323129
v -0.091936 0.113088 0.355324
v -0.091630 0.107013 0.384324
v -0.080666 0.105894 0.374985
v -0.110769 0.121705 0.378158
v -0.098627 0.108932 0.393241
v -0.129305 0.132551 0.349437
v -0.124715 0.134851 0.360589
v -0.127596 0.134175 0.370809
v -0.174742 0.143214 0.375981
v -0.172854 0.143013 0.378471
v -0.175862 0.147565 0.380110
v -0.177000 0.148893 0.377345
v -0.175397 0.145165 0.374000
v -0.177551 0.150745 0.379708
v -0.171617 0.150804 0.374622
v -0.164120 0.148459 0.366451
v -0.167530 0.145435 0.363405
v -0.174920 0.147590 0.373092
v -0.175544 0.150703 0.376537
v -0.170240 0.141207 0.363386
v -0.172404 0.149397 0.381230
v -0.173127 0.151569 0.380046
v -0.176299 0.151950 0.380693
v -0.174801 0.148266 0.381640
v -0.170682 0.144834 0.379852
v -0.168985 0.147446 0.379669
v -0.164017 0.139004 0.378244
v -0.161257 0.143399 0.377566
v -0.160401 0.147084 0.374303
v -0.168575 0.150043 0.378117
v -0.161614 0.148774 0.370106
v -0.169679 0.151267 0.376074
v -0.174669 0.151930 0.378375
v -0.145740 0.142686 0.370403
v -0.145774 0.144924 0.362457
v -0.148707 0.142888 0.354521
v -0.138245 0.124639 0.343130
v -0.153578 0.136618 0.349907
v -0.145855 0.115012 0.346584
v -0.158898 0.128645 0.351300
v -0.161094 0.123009 0.358131
v -0.171296 0.137048 0.366412
v -0.160910 0.121559 0.366475
v -0.170400 0.135185 0.371222
v -0.158285 0.124269 0.374041
v -0.167433 0.135855 0.375974
v -0.153466 0.130291 0.377913
v -0.141095 0.120598 0.381715
v -0.133685 0.129154 0.378945
v -0.148583 0.137423 0.376566
v -0.128296 0.111511 0.387722
v -0.119495 0.118853 0.385436
v -0.114153 0.100964 0.401232
v -0.106426 0.106866 0.399162
v -0.099289 0.088654 0.428708
v -0.092591 0.094232 0.426502
v -0.084754 0.095971 0.421142
v -0.073073 0.075974 0.460879
v -0.065646 0.078902 0.454640
v -0.058785 0.080562 0.446249
v -0.077649 0.095009 0.414726
v -0.050664 0.082987 0.437018
v -0.068225 0.095513 0.408209
v -0.043631 0.082723 0.427549
v -0.057688 0.092857 0.401098
v -0.067382 0.104433 0.368272
v -0.080380 0.113277 0.345202
v -0.049226 0.086372 0.394460
v -0.057579 0.097214 0.361421
v -0.073658 0.107174 0.334804
v -0.087255 0.113525 0.321298
v -0.091843 0.119055 0.333615
v -0.053291 0.087000 0.355933
v -0.071923 0.097240 0.327176
v -0.056020 0.076433 0.352810
v -0.073695 0.087256 0.323739
v -0.052048 0.069065 0.348897
v -0.071058 0.080281 0.316982
v -0.049717 0.059313 0.343210
v -0.070718 0.072497 0.311194
v -0.050841 0.050097 0.338650
v -0.073877 0.064331 0.309100
v -0.096023 0.076053 0.298595
v -0.110523 0.084478 0.296179
v -0.081247 0.058130 0.311010
v -0.101855 0.072440 0.303466
v -0.088682 0.057265 0.318025
v -0.056411 0.042022 0.336692
v -0.064511 0.038319 0.339350
v -0.072136 0.039044 0.344924
v -0.094724 0.058397 0.324545
v -0.079974 0.034114 0.347441
v -0.102736 0.053019 0.325077
v -0.091977 0.032447 0.353866
v -0.111934 0.047965 0.329875
v -0.101415 0.039128 0.364238
v -0.118873 0.049365 0.340372
v -0.136995 0.061776 0.326656
v -0.150619 0.073055 0.319995
v -0.125894 0.053123 0.349887
v -0.142053 0.064388 0.338063
v -0.154474 0.075944 0.332464
v -0.163902 0.087958 0.328527
v -0.162320 0.086396 0.317904
v -0.172824 0.100718 0.319095
v -0.168481 0.104451 0.313718
v -0.154796 0.091031 0.310419
v -0.172079 0.101288 0.326649
v -0.167213 0.105135 0.331364
v -0.174751 0.114531 0.328897
v -0.161745 0.110509 0.330903
v -0.172003 0.117433 0.328606
v -0.158058 0.114379 0.325780
v -0.142636 0.107075 0.317625
v -0.158678 0.113802 0.318396
v -0.145839 0.098782 0.310887
v -0.162607 0.109471 0.313738
v -0.129689 0.064672 0.357783
v -0.112788 0.043711 0.371942
v -0.118350 0.054576 0.377428
v -0.119426 0.066680 0.382440
v -0.129173 0.077066 0.362388
v -0.109128 0.044009 0.407696
v -0.110914 0.053887 0.413636
v -0.109487 0.064233 0.419575
v -0.093341 0.033474 0.442346
v -0.092071 0.042870 0.450267
v -0.086467 0.052807 0.455376
v -0.105066 0.072800 0.423451
v -0.083679 0.061178 0.459584
v -0.102919 0.080652 0.426912
v -0.079957 0.069644 0.462909
v -0.066218 0.032189 0.469770
v -0.071514 0.021277 0.462966
v -0.057993 0.010036 0.465951
v -0.052832 0.021575 0.473089
v -0.050878 0.001224 0.475336
v -0.046514 0.012268 0.483207
v -0.037199 -0.007817 0.482572
v -0.030977 0.003804 0.489983
v -0.017013 -0.017373 0.482842
v -0.008954 -0.005589 0.488281
v -0.001826 0.004810 0.490697
v 0.017045 -0.015196 0.474830
v 0.020686 -0.002360 0.471982
v 0.016147 0.009484 0.462918
v -0.000348 0.015084 0.482249
v 0.010898 0.020341 0.455029
v -0.003162 0.023893 0.471011
v 0.005526 0.034578 0.450446
v 0.015588 0.024354 0.440820
v 0.009239 0.037583 0.440665
v -0.001306 0.051652 0.439125
v -0.004120 0.050074 0.447484
v -0.023255 0.069197 0.442140
v -0.020476 0.067733 0.432451
v -0.037826 0.078011 0.418324
v -0.001797 0.051294 0.430084
v -0.019016 0.062984 0.423458
v -0.034667 0.071088 0.411043
v -0.044840 0.077690 0.389662
v -0.020382 0.053870 0.417492
v -0.035904 0.062413 0.407617
v -0.045455 0.068405 0.387060
v -0.038500 0.051132 0.402688
v -0.045480 0.057965 0.382759
v -0.042098 0.047910 0.377186
v -0.041142 0.038064 0.371866
v -0.043964 0.030293 0.369388
v -0.050604 0.025791 0.370353
v -0.058558 0.023331 0.373361
v -0.069762 0.021551 0.377044
v -0.082472 0.022953 0.382450
v -0.083233 0.018031 0.415004
v -0.092080 0.030493 0.392596
v -0.091203 0.020241 0.424473
v -0.103535 0.035081 0.401053
v -0.093602 0.025726 0.433782
v -0.078803 0.002635 0.432203
v -0.077823 0.006013 0.442707
v -0.075072 0.012139 0.452962
v -0.064827 -0.007752 0.444479
v -0.061830 -0.001326 0.456439
v -0.055379 -0.012251 0.463681
v -0.043548 -0.021570 0.469028
v -0.025628 -0.029160 0.469516
v -0.010120 -0.041220 0.447506
v -0.002062 -0.037012 0.461357
v 0.007466 -0.025481 0.470129
v 0.018481 -0.035127 0.442670
v 0.026873 -0.026030 0.447925
v 0.034498 -0.014769 0.449909
v 0.033200 -0.020615 0.429192
v 0.036532 -0.009587 0.431165
v 0.031477 -0.000637 0.447787
v 0.021075 0.011334 0.443163
v 0.033790 -0.015154 0.416238
v 0.035621 -0.005964 0.418543
v 0.039144 -0.012849 0.407934
v 0.039214 -0.003312 0.410719
v 0.046616 -0.010748 0.400272
v 0.047031 -0.000431 0.403645
v 0.042977 0.011343 0.404923
v 0.025769 0.025877 0.400756
v 0.007308 0.024600 0.386918
v -0.004215 0.012282 0.384427
v -0.006658 -0.002133 0.381551
v -0.008560 0.001321 0.369374
v -0.003010 -0.014070 0.379866
v -0.023013 0.004277 0.357356
v -0.036320 0.024458 0.332986
v -0.045536 0.007734 0.333778
v -0.047855 -0.010289 0.329957
v -0.044686 -0.024636 0.321712
v -0.063732 0.008935 0.300946
v -0.054907 0.023967 0.301080
v -0.061447 0.023697 0.269638
v -0.069825 0.008959 0.270331
v -0.059549 0.023192 0.240495
v -0.068173 0.007401 0.242370
v -0.055963 0.020725 0.220842
v -0.064179 0.005293 0.221779
v -0.056478 0.018985 0.208055
v -0.062657 0.002777 0.208663
v -0.057944 0.019321 0.199308
v -0.063810 -0.000590 0.198789
v -0.059546 0.020112 0.192422
v -0.066612 -0.001121 0.191629
v -0.054181 0.018395 0.186956
v -0.043157 0.039536 0.195018
v -0.040815 0.038152 0.190262
v -0.035598 0.035411 0.187940
v -0.047159 0.015730 0.186042
v -0.030876 0.032482 0.189422
v -0.040754 0.013498 0.186297
v -0.025951 0.029535 0.192480
v -0.032608 0.011220 0.189310
v -0.020089 0.027804 0.193592
v -0.026158 0.010410 0.192220
v -0.027730 -0.005720 0.190816
v -0.026246 -0.022776 0.192339
v -0.019408 0.009999 0.192047
v -0.021340 -0.005008 0.191141
v -0.019280 -0.020937 0.192011
v -0.012756 -0.035951 0.192620
v -0.018666 -0.039704 0.192900
v -0.015846 -0.004245 0.187009
v -0.014215 -0.018891 0.187627
v -0.008362 -0.032073 0.188829
v 0.002037 -0.041582 0.190052
v -0.002429 -0.047652 0.192752
v -0.011527 -0.017455 0.180788
v -0.006559 -0.030411 0.181886
v 0.002299 -0.040226 0.183104
v 0.012744 -0.046779 0.184312
v 0.011205 -0.050946 0.189999
v -0.006142 -0.029639 0.174023
v 0.002748 -0.039013 0.175424
v 0.013130 -0.045172 0.176630
v 0.024483 -0.047972 0.177469
v 0.024364 -0.051136 0.185121
v 0.001928 -0.039814 0.167777
v 0.012814 -0.045163 0.168889
v 0.024190 -0.047457 0.169345
v 0.035826 -0.048357 0.169298
v 0.036440 -0.049629 0.177489
v 0.012334 -0.045549 0.161912
v 0.023488 -0.049512 0.162247
v 0.035074 -0.050475 0.161965
v 0.046898 -0.049331 0.161122
v 0.047839 -0.047533 0.168624
v 0.023040 -0.048982 0.155641
v 0.034214 -0.051418 0.155158
v 0.046033 -0.051487 0.154241
v 0.058044 -0.048005 0.153165
v 0.058572 -0.045856 0.159992
v 0.033235 -0.050833 0.148931
v 0.044564 -0.050616 0.147922
v 0.056414 -0.047538 0.146830
v 0.068135 -0.040851 0.146750
v 0.068953 -0.040113 0.153121
v 0.042911 -0.052419 0.142340
v 0.055086 -0.048506 0.140601
v 0.066690 -0.041324 0.140495
v 0.076916 -0.031874 0.141347
v 0.078595 -0.031926 0.147515
v 0.054821 -0.051648 0.134961
v 0.066711 -0.044328 0.134665
v 0.076316 -0.033337 0.134632
v 0.084563 -0.022675 0.136546
v 0.085634 -0.022630 0.142305
v 0.068183 -0.048243 0.132945
v 0.078036 -0.036852 0.129233
v 0.084994 -0.023925 0.130826
v 0.089555 -0.013326 0.137415
v 0.081667 -0.039975 0.131632
v 0.088196 -0.027415 0.127581
v 0.084298 -0.041198 0.138117
v 0.092362 -0.029443 0.132699
v 0.087229 -0.044061 0.141401
v 0.095710 -0.030828 0.137147
v 0.100973 -0.019902 0.135997
v 0.102388 -0.006488 0.134840
v 0.100250 -0.035174 0.136557
v 0.105905 -0.021695 0.133836
v 0.107792 -0.006306 0.133256
v 0.107208 0.008785 0.132636
v 0.101787 0.007652 0.132759
v 0.110427 -0.023757 0.131962
v 0.113282 -0.007008 0.130477
v 0.112531 0.009353 0.128701
v 0.107863 0.026128 0.131574
v 0.102839 0.023277 0.135287
v 0.116777 -0.008342 0.125680
v 0.115076 0.009299 0.123432
v 0.116996 -0.009427 0.119285
v 0.117054 0.009034 0.115988
v 0.121164 -0.010905 0.115284
v 0.124333 0.008833 0.113538
v 0.112108 -0.027074 0.121985
v 0.114279 -0.029631 0.117331
v 0.120524 -0.034259 0.113389
v 0.105536 -0.046860 0.121079
v 0.111106 -0.052465 0.116192
v 0.115491 -0.057803 0.105944
v 0.123624 -0.039659 0.101473
v 0.115512 -0.062613 0.095454
v 0.124932 -0.045148 0.089381
v 0.111779 -0.080406 0.110618
v 0.104057 -0.072393 0.120699
v 0.095936 -0.064370 0.123931
v 0.086856 -0.077666 0.125454
v 0.090377 -0.058864 0.126174
v 0.083138 -0.072377 0.130274
v 0.073026 -0.085337 0.136336
v 0.076735 -0.089889 0.133540
v 0.060969 -0.096734 0.148328
v 0.065038 -0.099895 0.150643
v 0.042982 -0.103272 0.159243
v 0.046059 -0.107996 0.164100
v 0.048476 -0.115467 0.163446
v 0.024324 -0.114536 0.168540
v 0.025050 -0.122761 0.170312
v 0.025320 -0.130723 0.166554
v 0.049280 -0.122380 0.159594
v 0.024762 -0.135461 0.159890
v 0.048591 -0.127594 0.153801
v 0.023521 -0.137833 0.153039
v 0.045096 -0.128502 0.146461
v 0.025652 -0.144840 0.151478
v 0.046953 -0.135665 0.144225
v 0.027721 -0.155030 0.149480
v 0.049756 -0.145195 0.141428
v 0.029325 -0.171462 0.142892
v 0.054192 -0.161443 0.133965
v 0.070062 -0.145570 0.121596
v 0.079522 -0.131593 0.111382
v 0.058503 -0.182355 0.117897
v 0.075531 -0.161185 0.104016
v 0.082766 -0.143865 0.096158
v 0.087180 -0.133384 0.091818
v 0.085692 -0.121682 0.104494
v 0.075763 -0.172591 0.082520
v 0.083621 -0.153012 0.074060
v 0.086976 -0.142207 0.071571
v 0.091682 -0.135410 0.070538
v 0.092879 -0.128668 0.090107
v 0.084368 -0.160289 0.059316
v 0.089565 -0.147154 0.056416
v 0.092090 -0.137152 0.055586
v 0.092788 -0.127264 0.055060
v 0.093531 -0.126001 0.070271
v 0.086485 -0.119060 0.070384
v 0.085040 -0.122461 0.055618
v 0.079020 -0.118931 0.071926
v 0.082159 -0.127652 0.046233
v 0.079654 -0.135798 0.039393
v 0.078107 -0.149564 0.035122
v 0.072074 -0.148611 0.037471
v 0.075186 -0.169238 0.035740
v 0.081656 -0.170722 0.038425
v 0.073938 -0.193467 0.046773
v 0.067088 -0.192314 0.042576
v 0.057583 -0.215773 0.059221
v 0.054258 -0.214527 0.053410
v 0.032059 -0.232638 0.068974
v 0.030621 -0.230522 0.061700
v 0.028440 -0.225275 0.058518
v -0.000869 -0.231530 0.063719
v -0.000115 -0.226488 0.060612
v 0.001268 -0.220073 0.062223
v 0.026847 -0.217632 0.059137
v 0.002257 -0.213051 0.066305
v -0.022228 -0.208015 0.055031
v -0.021002 -0.204306 0.059559
v -0.016987 -0.198870 0.061615
v 0.004470 -0.207248 0.065035
v -0.013842 -0.194070 0.058801
v 0.005777 -0.201477 0.062281
v 0.020520 -0.202337 0.060612
v -0.013165 -0.195187 0.053087
v 0.005386 -0.201866 0.056139
v -0.014624 -0.199243 0.046837
v 0.003678 -0.206168 0.050229
v -0.016016 -0.204070 0.040171
v 0.001885 -0.210900 0.044068
v 0.022416 -0.211375 0.045178
v 0.038704 -0.204442 0.042236
v 0.000690 -0.215760 0.037346
v 0.020943 -0.216014 0.039952
v 0.037798 -0.209024 0.036847
v 0.050316 -0.197601 0.031174
v 0.049731 -0.194290 0.037280
v 0.020156 -0.218585 0.032789
v 0.036815 -0.211911 0.030317
v 0.050550 -0.201136 0.024640
v 0.059017 -0.189222 0.016946
v 0.058752 -0.185082 0.024041
v 0.036441 -0.215414 0.024004
v 0.049972 -0.204085 0.017651
v 0.056405 -0.192612 0.009579
v 0.056648 -0.181336 0.002018
v 0.061231 -0.177068 0.007989
v 0.046336 -0.204908 0.011268
v 0.050485 -0.194510 0.003845
v 0.050900 -0.184498 -0.003237
v 0.048056 -0.175400 -0.009616
v 0.052911 -0.170500 -0.005633
v 0.043524 -0.194686 0.000830
v 0.045147 -0.185320 -0.006082
v 0.044746 -0.178974 -0.013479
v 0.039453 -0.171341 -0.019573
v 0.040933 -0.167389 -0.015692
v 0.046030 -0.189239 -0.011818
v 0.046125 -0.181759 -0.019286
v 0.041090 -0.173188 -0.025797
v 0.027586 -0.166077 -0.032395
v 0.026815 -0.164500 -0.024778
v 0.050550 -0.184244 -0.025821
v 0.044832 -0.174312 -0.033412
v 0.029774 -0.164993 -0.041634
v 0.008976 -0.162436 -0.044651
v 0.009683 -0.164229 -0.035048
v 0.031779 -0.167841 -0.050676
v 0.008726 -0.166435 -0.053158
v -0.013642 -0.172725 -0.049832
v -0.012285 -0.168846 -0.041562
v 0.034280 -0.168105 -0.058272
v 0.007993 -0.164601 -0.061206
v -0.016935 -0.172927 -0.056731
v 0.007872 -0.168553 -0.069237
v -0.017696 -0.177484 -0.064273
v 0.008377 -0.175844 -0.076961
v -0.015623 -0.183923 -0.072244
v -0.028984 -0.197835 -0.064464
v -0.013963 -0.194161 -0.084542
v -0.025919 -0.206285 -0.076887
v -0.033484 -0.213038 -0.075768
v -0.038790 -0.220494 -0.072778
v -0.020026 -0.220375 -0.093052
v -0.028587 -0.226067 -0.091998
v -0.032396 -0.232791 -0.086600
v -0.030681 -0.241501 -0.078639
v -0.036673 -0.228447 -0.064495
v -0.032441 -0.237991 -0.053404
v -0.036583 -0.225826 -0.041979
v -0.026864 -0.253081 -0.068570
v -0.019038 -0.261268 -0.056314
v -0.029100 -0.246757 -0.042286
v -0.013353 -0.273348 -0.075493
v -0.002148 -0.281352 -0.070186
v -0.012633 -0.269032 -0.043999
v -0.014693 -0.280568 -0.090515
v -0.003267 -0.291037 -0.089034
v 0.008398 -0.295808 -0.087630
v 0.007187 -0.285986 -0.067645
v -0.019346 -0.283661 -0.099495
v -0.007967 -0.297280 -0.099374
v 0.006345 -0.304870 -0.099386
v 0.021892 -0.306581 -0.098234
v 0.020210 -0.296228 -0.085521
v -0.011049 -0.298632 -0.110434
v -0.021466 -0.283890 -0.109126
v -0.019073 -0.280882 -0.118104
v -0.009299 -0.294323 -0.119276
v -0.015097 -0.277427 -0.121285
v -0.005426 -0.288951 -0.122533
v -0.015178 -0.278813 -0.129538
v -0.006157 -0.289321 -0.132210
v -0.014839 -0.284314 -0.141744
v -0.007133 -0.294325 -0.143589
v 0.001209 -0.308004 -0.155322
v 0.015814 -0.313544 -0.156192
v 0.028832 -0.313823 -0.155760
v 0.039532 -0.311239 -0.152757
v 0.040638 -0.308846 -0.163253
v 0.050247 -0.305593 -0.147690
v 0.050917 -0.302829 -0.160248
v 0.058764 -0.294401 -0.158015
v 0.058814 -0.296102 -0.143299
v 0.039537 -0.304179 -0.174192
v 0.052505 -0.300054 -0.172534
v 0.058005 -0.289955 -0.171596
v 0.065319 -0.283648 -0.171178
v 0.065250 -0.285931 -0.156854
v 0.054913 -0.296402 -0.185532
v 0.059634 -0.286679 -0.184634
v 0.067171 -0.281810 -0.184667
v 0.074148 -0.276775 -0.183644
v 0.072207 -0.278425 -0.170039
v 0.066037 -0.278115 -0.194992
v 0.073093 -0.273595 -0.194792
v 0.076987 -0.267176 -0.193153
v 0.077054 -0.270149 -0.182271
v 0.063296 -0.274809 -0.202423
v 0.059776 -0.271642 -0.207713
v 0.075722 -0.263258 -0.181197
v 0.074471 -0.264595 -0.169189
v 0.075256 -0.271399 -0.168906
v 0.075663 -0.259971 -0.191143
v 0.069763 -0.255150 -0.190015
v 0.070866 -0.258202 -0.180964
v 0.063220 -0.256514 -0.181900
v 0.064005 -0.257068 -0.171959
v 0.070368 -0.259225 -0.170394
v 0.061208 -0.254872 -0.190828
v 0.054036 -0.259806 -0.193445
v 0.055832 -0.259595 -0.183946
v 0.048888 -0.265887 -0.185596
v 0.049699 -0.264109 -0.174534
v 0.056999 -0.258636 -0.173429
v 0.049189 -0.258688 -0.163988
v 0.038534 -0.264089 -0.164750
v 0.038827 -0.252357 -0.156512
v 0.038223 -0.268802 -0.176068
v 0.023703 -0.268616 -0.177605
v 0.024286 -0.265282 -0.165998
v 0.037808 -0.269525 -0.186332
v 0.024288 -0.267514 -0.186796
v 0.010676 -0.263335 -0.178397
v 0.001933 -0.257986 -0.179519
v 0.000258 -0.257092 -0.169534
v 0.010485 -0.261133 -0.167321
v -0.000341 -0.251045 -0.159681
v 0.012070 -0.252350 -0.158606
v 0.026436 -0.254276 -0.157358
v 0.013868 -0.239512 -0.152343
v 0.028700 -0.241432 -0.150244
v 0.041065 -0.238646 -0.150550
v 0.014156 -0.230088 -0.141669
v -0.003069 -0.228212 -0.139567
v -0.001908 -0.226883 -0.127968
v -0.001829 -0.238312 -0.152520
v -0.012357 -0.243053 -0.148467
v -0.014428 -0.234409 -0.134182
v -0.009375 -0.254068 -0.158884
v -0.014198 -0.261319 -0.156286
v -0.018004 -0.251133 -0.143641
v -0.008367 -0.258132 -0.170071
v -0.014362 -0.264040 -0.169425
v -0.015957 -0.271889 -0.169220
v -0.016860 -0.269553 -0.154562
v -0.006173 -0.257715 -0.181338
v -0.012620 -0.262481 -0.183590
v -0.014914 -0.269831 -0.185588
v -0.009498 -0.258799 -0.193062
v -0.011117 -0.265819 -0.196676
v -0.007478 -0.272641 -0.198673
v -0.000238 -0.277718 -0.198742
v -0.006860 -0.260483 -0.204060
v -0.003355 -0.267100 -0.206882
v 0.003708 -0.271417 -0.206592
v 0.010616 -0.275555 -0.206475
v 0.007408 -0.282111 -0.198383
v 0.013860 -0.268332 -0.210987
v 0.016560 -0.281371 -0.209678
v 0.026139 -0.284662 -0.208756
v 0.021216 -0.294663 -0.201430
v 0.012192 -0.290088 -0.201256
v 0.017738 -0.299872 -0.188096
v 0.009045 -0.295671 -0.188366
v 0.027275 -0.298796 -0.186962
v 0.030076 -0.293745 -0.198103
v 0.038105 -0.295645 -0.198010
v 0.035254 -0.300076 -0.186889
v 0.035199 -0.284929 -0.203914
v 0.041902 -0.287334 -0.205310
v 0.045437 -0.302719 -0.186941
v -0.005823 -0.254581 -0.199493
v -0.020743 -0.273539 -0.140266
v -0.018016 -0.261399 -0.140254
v -0.019926 -0.267147 -0.128660
v -0.019139 -0.256008 -0.128712
v -0.019237 -0.245081 -0.130697
v -0.019326 -0.256225 -0.120468
v -0.017034 -0.245748 -0.120900
v -0.012614 -0.234504 -0.123458
v -0.002004 -0.226180 -0.119137
v -0.005191 -0.220232 -0.111792
v -0.008387 -0.210754 -0.098785
v 0.012091 -0.204463 -0.102392
v 0.009801 -0.187396 -0.088552
v 0.032565 -0.189083 -0.087283
v 0.031376 -0.205614 -0.100275
v 0.047811 -0.197999 -0.081948
v 0.043670 -0.210871 -0.095573
v 0.054389 -0.206582 -0.077705
v 0.050217 -0.188734 -0.069029
v 0.056450 -0.198431 -0.064184
v 0.060844 -0.204309 -0.061480
v 0.057582 -0.212955 -0.075332
v 0.063704 -0.215310 -0.075983
v 0.067336 -0.219392 -0.074382
v 0.066930 -0.225962 -0.070407
v 0.067166 -0.220710 -0.050414
v 0.064211 -0.232853 -0.066009
v 0.063826 -0.242437 -0.082739
v 0.060958 -0.241775 -0.058694
v 0.060281 -0.252194 -0.077751
v 0.063313 -0.259734 -0.090312
v 0.051422 -0.264416 -0.071171
v 0.055120 -0.272542 -0.086611
v 0.039126 -0.275445 -0.067095
v 0.043451 -0.283990 -0.084628
v 0.048808 -0.292302 -0.096453
v 0.031794 -0.291982 -0.084668
v 0.035629 -0.301969 -0.097331
v 0.027769 -0.282940 -0.065722
v 0.017249 -0.287560 -0.066087
v 0.024457 -0.277262 -0.032469
v 0.011190 -0.281978 -0.030688
v -0.002548 -0.275737 -0.035042
v 0.006144 -0.267189 -0.011420
v -0.008990 -0.260450 -0.018284
v -0.022996 -0.255040 -0.029174
v -0.011259 -0.252427 -0.007856
v -0.025615 -0.245268 -0.018849
v -0.031113 -0.236205 -0.029878
v -0.024781 -0.237566 -0.010278
v -0.034042 -0.227688 -0.022076
v -0.041225 -0.216810 -0.034959
v -0.033535 -0.221312 -0.017459
v -0.022334 -0.231000 -0.005369
v -0.016790 -0.225091 -0.005105
v -0.028193 -0.216072 -0.014576
v -0.011234 -0.218999 -0.004073
v -0.023275 -0.211611 -0.012777
v -0.008002 -0.213194 -0.000755
v -0.019306 -0.205829 -0.009330
v -0.025404 -0.194996 -0.019919
v -0.018774 -0.201423 -0.003592
v -0.021852 -0.190035 -0.014482
v -0.017668 -0.179151 -0.024363
v -0.023984 -0.182290 -0.032271
v -0.007707 -0.169259 -0.032334
v -0.005769 -0.165447 -0.024048
v 0.010516 -0.161335 -0.027489
v -0.006359 -0.160556 -0.018778
v 0.010543 -0.156195 -0.022341
v 0.028152 -0.159427 -0.020548
v 0.010354 -0.148512 -0.018918
v 0.030806 -0.151768 -0.017238
v 0.044546 -0.160872 -0.012275
v 0.034083 -0.143863 -0.013903
v 0.048802 -0.153905 -0.007999
v 0.056787 -0.165387 0.000474
v 0.051389 -0.146627 0.001367
v 0.058208 -0.160126 0.009273
v 0.063986 -0.172675 0.016490
v 0.059061 -0.155302 0.018458
v 0.064061 -0.169141 0.024088
v 0.057780 -0.182117 0.030786
v 0.063589 -0.166403 0.030911
v 0.057109 -0.179915 0.036929
v 0.051820 -0.141175 0.012796
v 0.036883 -0.130456 0.005663
v 0.036091 -0.136405 -0.004501
v 0.011850 -0.131238 -0.006824
v 0.012528 -0.125169 0.001500
v 0.010743 -0.138663 -0.015361
v -0.009701 -0.143562 -0.009350
v -0.009904 -0.136175 -0.001295
v -0.008856 -0.151859 -0.014966
v -0.023652 -0.153519 0.000414
v -0.027412 -0.155413 0.015880
v -0.023037 -0.146391 0.008039
v -0.026396 -0.149000 0.023013
v -0.022302 -0.140081 0.015857
v -0.009956 -0.130431 0.007062
v -0.021727 -0.134462 0.023463
v -0.010133 -0.125658 0.014852
v 0.013141 -0.121546 0.008369
v -0.010002 -0.121040 0.020647
v 0.014268 -0.118108 0.013669
v -0.008103 -0.117047 0.025640
v 0.014850 -0.116447 0.017138
v 0.038563 -0.118338 0.024566
v 0.016040 -0.114934 0.021105
v 0.038860 -0.113748 0.026587
v 0.018262 -0.112736 0.019978
v 0.041155 -0.111937 0.021245
v 0.055764 -0.111199 0.027620
v 0.042113 -0.115024 0.014375
v 0.058507 -0.114079 0.020180
v 0.073607 -0.110772 0.028247
v 0.069019 -0.110111 0.036681
v 0.086203 -0.105672 0.039278
v 0.079951 -0.106914 0.046826
v 0.078278 -0.114609 0.019973
v 0.093208 -0.107910 0.032581
v 0.080243 -0.109657 0.013079
v 0.095722 -0.101973 0.025647
v 0.061037 -0.112028 0.005406
v 0.062444 -0.106708 -0.004633
v 0.060293 -0.115962 0.012090
v 0.044034 -0.098408 -0.021784
v 0.064179 -0.100528 -0.017033
v 0.045187 -0.093613 -0.031624
v 0.065472 -0.095465 -0.027183
v 0.046870 -0.087261 -0.035670
v 0.065769 -0.089865 -0.033118
v 0.085457 -0.085611 -0.030278
v 0.065440 -0.083670 -0.036502
v 0.081883 -0.078599 -0.032876
v 0.096179 -0.068175 -0.029688
v 0.101740 -0.075050 -0.025659
v 0.109548 -0.053849 -0.030507
v 0.115136 -0.058492 -0.024821
v 0.118812 -0.038800 -0.036526
v 0.124665 -0.040958 -0.032126
v 0.129141 -0.041464 -0.025458
v 0.132457 -0.039974 -0.016866
v 0.141986 -0.021509 -0.015048
v 0.137221 -0.035948 -0.004626
v 0.144542 -0.012109 -0.021539
v 0.146012 -0.004874 -0.025523
v 0.148804 0.002565 -0.013086
v 0.145160 0.002990 -0.030064
v 0.145548 0.009122 -0.020665
v 0.144563 0.017462 -0.009202
v 0.148461 0.011689 0.000457
v 0.140857 0.016161 -0.028054
v 0.139809 0.023960 -0.018613
v 0.136398 0.022315 -0.034218
v 0.134968 0.029910 -0.026386
v 0.130520 0.042156 -0.019918
v 0.129148 0.033228 -0.032565
v 0.123126 0.046155 -0.028921
v 0.122217 0.061328 -0.008015
v 0.110112 0.079030 0.003272
v 0.087404 0.096641 -0.005970
v 0.101270 0.092094 0.014880
v 0.082623 0.103543 0.004188
v 0.096711 0.098746 0.021422
v 0.106534 0.093606 0.042972
v 0.093499 0.104600 0.026908
v 0.103533 0.098832 0.045964
v 0.090985 0.109257 0.031446
v 0.099095 0.102725 0.049058
v 0.084633 0.107232 0.036358
v 0.092347 0.099661 0.050224
v 0.079363 0.105326 0.040333
v 0.087240 0.103075 0.053758
v 0.074741 0.109440 0.045690
v 0.080174 0.107920 0.057866
v 0.079973 0.108008 0.071120
v 0.074963 0.114593 0.061244
v 0.075887 0.118076 0.074576
v 0.069297 0.109063 0.028592
v 0.065517 0.111028 0.035868
v 0.055286 0.112025 0.021386
v 0.052677 0.111350 0.028426
v 0.049910 0.115532 0.034307
v 0.037469 0.112326 0.021909
v 0.037202 0.115652 0.023957
v 0.037158 0.119408 0.021122
v 0.050364 0.122757 0.031955
v 0.036868 0.123115 0.016548
v 0.051514 0.128989 0.026400
v 0.037007 0.127837 0.010871
v 0.052149 0.135978 0.020860
v 0.057352 0.139691 0.029579
v 0.060986 0.141586 0.036490
v 0.053588 0.144587 0.011319
v 0.058165 0.149919 0.023253
v 0.061716 0.150793 0.031529
v 0.065034 0.151223 0.036429
v 0.065665 0.142606 0.040132
v 0.064345 0.161958 0.027843
v 0.064929 0.161776 0.034414
v 0.065425 0.161683 0.038399
v 0.068971 0.151823 0.038391
v 0.070990 0.151992 0.034696
v 0.073499 0.143482 0.035791
v 0.071535 0.144132 0.040349
v 0.067455 0.162445 0.037015
v 0.070281 0.163990 0.033554
v 0.074833 0.153048 0.031956
v 0.060545 0.175213 0.043897
v 0.062226 0.176491 0.039036
v 0.053158 0.190003 0.047014
v 0.056103 0.192973 0.042940
v 0.067213 0.178297 0.037229
v 0.075084 0.165494 0.033665
v 0.051414 0.185876 0.053248
v 0.039882 0.196857 0.059639
v 0.042205 0.202819 0.056734
v 0.023669 0.213816 0.064763
v 0.023526 0.217600 0.059086
v 0.042346 0.206232 0.051317
v 0.022355 0.207335 0.065119
v 0.002444 0.208782 0.066146
v 0.000232 0.216576 0.066572
v 0.021063 0.200251 0.062291
v 0.005013 0.201269 0.063437
v -0.009119 0.195797 0.061787
v -0.014223 0.201410 0.063837
v 0.020666 0.202660 0.054648
v 0.005682 0.201313 0.056312
v -0.007289 0.197137 0.054589
v -0.020021 0.189853 0.049425
v -0.019751 0.186227 0.055247
v 0.005274 0.206979 0.049454
v -0.008151 0.202691 0.047565
v -0.020617 0.194975 0.042813
v -0.028582 0.181614 0.036182
v -0.028120 0.176494 0.043413
v -0.008820 0.208987 0.039664
v -0.020939 0.201430 0.034231
v -0.028942 0.188924 0.027272
v -0.034012 0.176030 0.019851
v -0.028840 0.197036 0.016928
v -0.032731 0.182835 0.009236
v -0.027994 0.169372 0.001808
v -0.030049 0.163166 0.011940
v -0.022431 0.199732 0.006833
v -0.025809 0.186445 0.000504
v -0.023215 0.175449 -0.006344
v -0.017255 0.165552 -0.013514
v -0.021673 0.157335 -0.007924
v -0.021284 0.188830 -0.007246
v -0.020106 0.180226 -0.013559
v -0.015133 0.171678 -0.019463
v -0.003993 0.163690 -0.024628
v -0.004043 0.157600 -0.019546
v -0.021240 0.183543 -0.020443
v -0.014962 0.175640 -0.025941
v -0.004051 0.167298 -0.030867
v 0.015004 0.164215 -0.032083
v 0.014976 0.160750 -0.025736
v -0.018849 0.175806 -0.032071
v -0.005832 0.166719 -0.036667
v 0.015457 0.164145 -0.036360
v -0.009094 0.163392 -0.044167
v -0.024672 0.174440 -0.038144
v -0.008880 0.167733 -0.049590
v -0.009071 0.170869 -0.054633
v -0.011086 0.171938 -0.064042
v 0.016405 0.166231 -0.064675
v -0.010461 0.179241 -0.071670
v 0.015321 0.172832 -0.073526
v -0.009919 0.189838 -0.083516
v 0.014482 0.183723 -0.086396
v 0.038372 0.186848 -0.081761
v 0.053509 0.196559 -0.072327
v 0.049905 0.210360 -0.087384
v 0.057343 0.216220 -0.081783
v 0.060645 0.204158 -0.066418
v 0.056930 0.226772 -0.098941
v 0.064010 0.220597 -0.078740
v 0.063111 0.225960 -0.114039
v 0.073921 0.219855 -0.128406
v 0.081758 0.216047 -0.144548
v 0.084547 0.221982 -0.144491
v 0.076564 0.211717 -0.146384
v 0.084392 0.228385 -0.146175
v 0.081393 0.233644 -0.149815
v 0.066426 0.227002 -0.074095
v 0.069581 0.215441 -0.058243
v 0.067949 0.208385 -0.064008
v 0.066566 0.221676 -0.050738
v 0.069439 0.215241 -0.040105
v 0.064428 0.233273 -0.065853
v 0.060401 0.241525 -0.057700
v 0.061477 0.230481 -0.041702
v 0.053523 0.245683 -0.030404
v 0.053176 0.238954 -0.020242
v 0.062866 0.224212 -0.031547
v 0.050792 0.254261 -0.048316
v 0.038069 0.268555 -0.041125
v 0.037775 0.259688 -0.021189
v 0.038798 0.277353 -0.070433
v 0.027583 0.285315 -0.069885
v 0.025327 0.277249 -0.038364
v 0.042923 0.287487 -0.087145
v 0.030616 0.295958 -0.087540
v 0.017874 0.299084 -0.088117
v 0.015795 0.288671 -0.070621
v 0.049190 0.293141 -0.099790
v 0.035485 0.303825 -0.101065
v 0.020836 0.308525 -0.102803
v 0.005310 0.306755 -0.103925
v 0.004988 0.296899 -0.089785
v 0.038301 0.302827 -0.112605
v 0.023742 0.309340 -0.115669
v 0.006242 0.308663 -0.115927
v 0.026593 0.307277 -0.125355
v 0.007438 0.307342 -0.124626
v 0.028851 0.304294 -0.131336
v 0.010840 0.303249 -0.127195
v 0.030965 0.307179 -0.139101
v 0.011491 0.303486 -0.135301
v 0.033086 0.310430 -0.146646
v 0.011911 0.307331 -0.143618
v 0.012901 0.311253 -0.151633
v -0.004097 0.299526 -0.146449
v -0.013224 0.290252 -0.146027
v -0.004449 0.303394 -0.154866
v -0.019467 0.282084 -0.149261
v 0.046170 0.300699 -0.136140
v 0.041454 0.298135 -0.128369
v 0.052076 0.286644 -0.124671
v 0.056562 0.288076 -0.132370
v 0.062083 0.275000 -0.123819
v 0.065688 0.276476 -0.131605
v 0.068639 0.264330 -0.135408
v 0.069965 0.266572 -0.144144
v 0.071663 0.267903 -0.154041
v 0.074113 0.268408 -0.165893
v 0.072984 0.260046 -0.176979
v 0.076129 0.267563 -0.178358
v 0.074734 0.275560 -0.180343
v 0.068997 0.281915 -0.182435
v 0.076733 0.265042 -0.188262
v 0.075418 0.272594 -0.190558
v 0.070409 0.278338 -0.192383
v 0.063445 0.275263 -0.200096
v 0.062487 0.279559 -0.192277
v 0.059736 0.283933 -0.183420
v 0.056941 0.288792 -0.195840
v 0.055933 0.295501 -0.184440
v 0.046299 0.296371 -0.198698
v 0.041976 0.303157 -0.186942
v 0.031563 0.294360 -0.197465
v 0.027501 0.297942 -0.187706
v 0.017431 0.293927 -0.200733
v 0.013064 0.297012 -0.189635
v 0.008720 0.284569 -0.200287
v 0.005700 0.287687 -0.189671
v 0.001261 0.277325 -0.201279
v -0.001913 0.282369 -0.190993
v -0.009119 0.277085 -0.191699
v -0.012500 0.270657 -0.190847
v -0.012521 0.264309 -0.189229
v -0.009286 0.258811 -0.187294
v -0.005657 0.256136 -0.196181
v 0.000448 0.254261 -0.193559
v -0.002691 0.256171 -0.185463
v 0.004709 0.257789 -0.184216
v 0.002538 0.257996 -0.174842
v -0.005182 0.257154 -0.175448
v 0.008113 0.256136 -0.192122
v 0.014909 0.261930 -0.192580
v 0.012521 0.262496 -0.184043
v 0.018144 0.260136 -0.200295
v 0.027492 0.263093 -0.199990
v 0.025208 0.264879 -0.192176
v 0.019929 0.259901 -0.207312
v 0.028632 0.264315 -0.207697
v 0.037517 0.266561 -0.206714
v 0.036716 0.265799 -0.199403
v 0.018171 0.264706 -0.211862
v 0.027431 0.270369 -0.212544
v 0.037472 0.272398 -0.211683
v 0.024987 0.278398 -0.212228
v 0.036379 0.280207 -0.210417
v 0.021826 0.286535 -0.208244
v 0.034769 0.287063 -0.204799
v 0.047559 0.286918 -0.205408
v 0.057071 0.281238 -0.202919
v 0.015077 0.271901 -0.211553
v 0.012206 0.278903 -0.207472
v 0.007686 0.264912 -0.210797
v 0.004868 0.271261 -0.207500
v 0.045448 0.265610 -0.198179
v 0.044710 0.267989 -0.190389
v 0.035463 0.267325 -0.191409
v 0.043691 0.269397 -0.181012
v 0.033857 0.269210 -0.182678
v 0.022631 0.267010 -0.183907
v 0.010565 0.262788 -0.174392
v 0.011765 0.259313 -0.164165
v 0.002282 0.255425 -0.165267
v -0.007535 0.249254 -0.155431
v -0.006235 0.256029 -0.164624
v -0.010100 0.237379 -0.146916
v -0.018439 0.246183 -0.139472
v -0.019339 0.256516 -0.133346
v 0.051506 0.264853 -0.179617
v 0.048585 0.263964 -0.168080
v 0.051948 0.263615 -0.188376
v 0.058036 0.256652 -0.186128
v 0.057576 0.258339 -0.177801
v 0.052362 0.261873 -0.196047
v 0.058136 0.254239 -0.193699
v 0.066823 0.252216 -0.192836
v 0.066438 0.254779 -0.185200
v 0.073587 0.258333 -0.186121
v 0.065566 0.256209 -0.176731
v 0.073545 0.255835 -0.193653
v 0.040868 0.258412 -0.159558
v 0.051748 0.290258 -0.116402
v 0.060743 0.275679 -0.116050
v 0.051956 0.293038 -0.109202
v 0.061833 0.277819 -0.107775
v 0.040437 0.300973 -0.121148
v -0.008366 0.278676 -0.075529
v 0.004001 0.285370 -0.072661
v -0.012924 0.269111 -0.045751
v -0.000498 0.277596 -0.040808
v 0.012647 0.282266 -0.038036
v -0.002231 0.266730 -0.018916
v 0.010485 0.271336 -0.014790
v 0.023524 0.266779 -0.017142
v 0.009846 0.263079 -0.003704
v 0.023408 0.258402 -0.006327
v 0.037878 0.251844 -0.010589
v 0.024137 0.252101 0.001548
v 0.037950 0.245190 -0.003913
v 0.052486 0.233172 -0.013226
v 0.036802 0.238498 0.000488
v 0.050805 0.227506 -0.008090
v 0.062463 0.215021 -0.018493
v 0.063654 0.219971 -0.024114
v 0.071169 0.205085 -0.026821
v 0.071608 0.210154 -0.032193
v 0.058012 0.210624 -0.017067
v 0.064807 0.201783 -0.026019
v 0.052168 0.205420 -0.015779
v 0.057247 0.197538 -0.025252
v 0.041443 0.216724 -0.006450
v 0.038113 0.212362 -0.004437
v 0.046106 0.221707 -0.006871
v 0.033402 0.231543 0.001259
v 0.029743 0.225676 -0.000301
v 0.020054 0.230773 0.003021
v 0.019056 0.224663 0.002267
v 0.027500 0.220298 -0.000082
v 0.022509 0.238144 0.006020
v 0.009099 0.240494 0.008639
v 0.009344 0.233427 0.004503
v 0.024130 0.245367 0.006161
v 0.009086 0.249492 0.010799
v -0.006217 0.246067 0.004106
v -0.005273 0.239043 0.004849
v 0.009531 0.257380 0.005176
v -0.005701 0.252505 -0.000528
v -0.019925 0.243794 -0.008881
v -0.019917 0.237211 -0.004858
v -0.003761 0.258408 -0.008013
v -0.019133 0.250538 -0.014862
v -0.031806 0.234412 -0.027362
v -0.032500 0.228818 -0.021669
v -0.016921 0.259039 -0.025088
v -0.030567 0.242891 -0.037212
v -0.035540 0.228964 -0.049240
v -0.039634 0.220142 -0.039763
v -0.024870 0.253977 -0.054973
v -0.031042 0.242828 -0.064630
v -0.032962 0.236149 -0.072226
v -0.039548 0.222141 -0.058040
v -0.019338 0.268222 -0.080859
v -0.025502 0.259436 -0.086679
v -0.041813 0.216683 -0.064904
v -0.044997 0.212375 -0.048613
v -0.034522 0.230149 -0.079650
v -0.032408 0.225074 -0.084702
v -0.039278 0.210938 -0.070185
v -0.031779 0.208813 -0.070241
v -0.025511 0.201093 -0.075380
v -0.042974 0.214831 -0.033113
v -0.032332 0.223669 -0.016932
v -0.029748 0.219013 -0.014734
v -0.017960 0.231135 -0.002815
v -0.024641 0.215638 -0.015275
v -0.014434 0.225753 -0.003136
v -0.002584 0.231869 0.002452
v -0.011083 0.220318 -0.002749
v -0.000462 0.225254 0.001147
v 0.009870 0.226858 0.002291
v 0.000487 0.220156 0.003330
v 0.010446 0.220950 0.004663
v 0.000611 0.216272 0.008036
v 0.010504 0.217872 0.009800
v -0.008917 0.211730 0.003715
v -0.009372 0.215667 -0.000461
v -0.019583 0.206174 -0.008934
v -0.018515 0.202579 -0.004693
v -0.022025 0.210903 -0.012418
v -0.029321 0.200089 -0.023392
v -0.025957 0.195881 -0.019119
v -0.025852 0.185567 -0.026834
v -0.022382 0.192181 -0.014159
v -0.030643 0.187698 -0.032113
v -0.017362 0.199345 0.000393
v 0.014987 0.154592 -0.022069
v 0.014610 0.145066 -0.019799
v -0.006187 0.149072 -0.016525
v 0.013850 0.134904 -0.011577
v -0.008569 0.139106 -0.007097
v -0.023402 0.149750 0.002256
v -0.010285 0.131145 0.004921
v 0.012965 0.126884 -0.001495
v 0.012687 0.120521 0.008150
v -0.011423 0.124276 0.016617
v 0.012928 0.117060 0.015411
v 0.013523 0.114146 0.020947
v 0.014262 0.112379 0.022533
v 0.013952 0.109883 0.020703
v -0.009512 0.106844 0.028248
v 0.012805 0.111267 0.016060
v -0.011643 0.105726 0.022037
v 0.037502 0.113519 0.016877
v 0.037937 0.116092 0.011889
v 0.056972 0.116316 0.016484
v 0.059158 0.114714 0.010047
v 0.039280 0.112717 0.006294
v 0.061641 0.110701 0.003337
v 0.041338 0.108165 -0.001137
v 0.064691 0.105092 -0.007415
v 0.044930 0.103521 -0.012215
v 0.025459 0.097079 -0.014279
v 0.048559 0.097903 -0.024555
v 0.028940 0.092077 -0.023973
v 0.012885 0.080655 -0.023544
v 0.009401 0.084748 -0.015813
v 0.001638 0.062586 -0.023317
v -0.000477 0.065284 -0.016357
v -0.003656 0.040191 -0.022992
v -0.007517 0.042225 -0.016853
v -0.012085 0.044509 -0.008715
v -0.009692 0.019029 -0.016670
v -0.015034 0.020226 -0.008004
v -0.023163 0.021061 0.006095
v -0.021648 0.047081 0.005653
v -0.031001 0.020344 0.021161
v -0.031113 0.045665 0.022421
v -0.035949 0.019291 0.032486
v -0.036733 0.042633 0.034515
v -0.036853 0.062292 0.038450
v -0.036876 0.076461 0.041583
v -0.040099 0.040316 0.043124
v -0.040646 0.057290 0.047068
v -0.040934 0.070074 0.050418
v -0.041885 0.079952 0.052552
v -0.037410 0.086106 0.043254
v -0.043516 0.053608 0.054115
v -0.043404 0.064724 0.056905
v -0.043711 0.074107 0.059911
v -0.045717 0.059828 0.062969
v -0.046180 0.050298 0.060787
v -0.048370 0.047893 0.066279
v -0.047921 0.055777 0.068742
v -0.051917 0.048544 0.064498
v -0.050938 0.055418 0.066954
v -0.053903 0.050963 0.058883
v -0.052206 0.056771 0.060856
v -0.050805 0.061525 0.061631
v -0.050553 0.066172 0.061847
v -0.052692 0.058150 0.053145
v -0.051611 0.062159 0.053505
v -0.053099 0.066305 0.054192
v -0.055457 0.069638 0.054874
v -0.052428 0.068828 0.062541
v -0.055812 0.063873 0.042115
v -0.057962 0.067409 0.041975
v -0.061084 0.070665 0.042529
v -0.063924 0.072203 0.043148
v -0.058691 0.071967 0.056091
v -0.068359 0.070270 0.022946
v -0.072482 0.071932 0.024200
v -0.073549 0.074750 0.023970
v -0.069844 0.076736 0.021588
v -0.064462 0.075587 0.042776
v -0.084700 0.074316 -0.000225
v -0.079870 0.076580 -0.001827
v -0.074492 0.078615 -0.003664
v -0.069146 0.082210 -0.005362
v -0.066452 0.079944 0.019249
v -0.083160 0.079165 -0.029736
v -0.077374 0.081062 -0.030895
v -0.071859 0.083840 -0.032215
v -0.070693 0.090770 -0.032815
v -0.066312 0.086877 -0.006313
v -0.080664 0.085660 -0.060668
v -0.076987 0.090289 -0.060707
v -0.076280 0.098158 -0.059874
v -0.078611 0.104656 -0.058732
v -0.073073 0.097771 -0.031923
v -0.079385 0.096119 -0.090246
v -0.080028 0.104300 -0.089221
v -0.083295 0.111377 -0.088377
v -0.087023 0.117599 -0.086769
v -0.081953 0.110540 -0.057586
v -0.083563 0.110333 -0.118445
v -0.087479 0.118211 -0.116969
v -0.092076 0.125875 -0.114565
v -0.095475 0.132946 -0.111680
v -0.090394 0.124227 -0.084278
v -0.092519 0.126512 -0.146780
v -0.097329 0.134470 -0.143496
v -0.101128 0.141442 -0.140025
v -0.096671 0.147865 -0.138713
v -0.090766 0.139200 -0.110547
v -0.102578 0.143241 -0.173221
v -0.107327 0.150584 -0.168744
v -0.103899 0.157441 -0.166587
v -0.094268 0.160122 -0.167376
v -0.088106 0.152060 -0.139075
v -0.114079 0.160595 -0.195766
v -0.111590 0.167809 -0.193072
v -0.101113 0.168729 -0.194326
v -0.090366 0.173862 -0.193571
v -0.085634 0.167274 -0.165710
v -0.119807 0.176720 -0.216859
v -0.108274 0.177531 -0.219242
v -0.095287 0.180357 -0.220011
v -0.090544 0.192339 -0.216780
v -0.086941 0.185471 -0.189893
v -0.113328 0.184657 -0.237109
v -0.099563 0.186694 -0.240922
v -0.092646 0.199210 -0.240041
v -0.094012 0.212949 -0.237527
v -0.091282 0.204209 -0.213488
v -0.100805 0.191022 -0.255418
v -0.093812 0.203921 -0.254907
v -0.096037 0.217944 -0.252442
v -0.105716 0.227626 -0.248908
v -0.103304 0.222308 -0.234402
v -0.095061 0.207391 -0.266245
v -0.097709 0.221576 -0.264109
v -0.108550 0.231125 -0.260642
v -0.123930 0.233270 -0.255530
v -0.120682 0.229177 -0.244979
v -0.099782 0.224705 -0.274411
v -0.096637 0.210427 -0.275928
v -0.104349 0.224782 -0.282505
v -0.102573 0.194753 -0.266657
v -0.104512 0.197716 -0.276107
v -0.115563 0.193717 -0.261668
v -0.116931 0.197352 -0.271170
v -0.118677 0.200394 -0.277743
v -0.130239 0.201516 -0.270997
v -0.133281 0.204550 -0.277376
v -0.120997 0.203395 -0.283327
v -0.135760 0.209455 -0.280277
v -0.123459 0.208817 -0.285241
v -0.136901 0.216301 -0.278526
v -0.122979 0.214343 -0.284192
v -0.146710 0.204257 -0.276567
v -0.149837 0.210294 -0.274180
v -0.143627 0.200081 -0.273426
v -0.151315 0.192771 -0.272256
v -0.152377 0.182971 -0.264630
v -0.158026 0.186064 -0.271833
v -0.141022 0.173483 -0.261230
v -0.129254 0.159879 -0.263648
v -0.131634 0.155329 -0.262700
v -0.121543 0.139779 -0.259998
v -0.131452 0.151874 -0.257417
v -0.121128 0.138183 -0.252281
v -0.130202 0.149473 -0.249960
v -0.146106 0.160705 -0.248817
v -0.128981 0.146762 -0.240517
v -0.144629 0.157621 -0.239264
v -0.160491 0.165536 -0.236993
v -0.141099 0.152418 -0.225225
v -0.155670 0.159601 -0.221630
v -0.163230 0.172326 -0.216365
v -0.168222 0.178041 -0.232487
v -0.159629 0.187746 -0.212292
v -0.164452 0.194485 -0.229435
v -0.167334 0.199414 -0.241255
v -0.153125 0.209559 -0.228049
v -0.155792 0.215183 -0.240571
v -0.157802 0.219459 -0.251507
v -0.138111 0.225677 -0.241386
v -0.140561 0.229869 -0.252018
v -0.135299 0.220365 -0.228715
v -0.117634 0.223990 -0.231513
v -0.130812 0.211697 -0.208476
v -0.113470 0.214648 -0.209312
v -0.099515 0.213077 -0.210564
v -0.109250 0.203545 -0.182984
v -0.096684 0.203001 -0.184910
v -0.087711 0.196841 -0.186868
v -0.094269 0.192007 -0.155878
v -0.084992 0.188369 -0.158032
v -0.083345 0.177938 -0.162018
v -0.082150 0.177756 -0.130196
v -0.080369 0.168958 -0.133997
v -0.081674 0.159422 -0.137470
v -0.077693 0.159982 -0.105121
v -0.078511 0.151532 -0.108005
v -0.083084 0.144331 -0.109971
v -0.076067 0.144193 -0.079680
v -0.079846 0.136700 -0.081956
v -0.086436 0.130795 -0.082966
v -0.077334 0.130872 -0.054825
v -0.081952 0.124145 -0.055677
v -0.084615 0.117255 -0.056195
v -0.076759 0.118405 -0.029279
v -0.077908 0.111369 -0.030261
v -0.076316 0.104441 -0.031180
v -0.073787 0.105946 -0.005005
v -0.071041 0.099285 -0.005819
v -0.068061 0.093607 -0.006249
v -0.066273 0.095657 0.017164
v -0.064192 0.090436 0.017131
v -0.063986 0.084608 0.017624
v -0.059627 0.086868 0.038765
v -0.060273 0.082232 0.039545
v -0.061864 0.078456 0.040927
v -0.056735 0.080300 0.056691
v -0.058585 0.077082 0.057022
v -0.060440 0.074597 0.057010
v -0.056915 0.075795 0.066609
v -0.056815 0.072933 0.065426
v -0.054714 0.071281 0.063747
v -0.054441 0.078408 0.067262
v -0.052913 0.081140 0.068227
v -0.055396 0.083706 0.056529
v -0.055196 0.087676 0.056759
v -0.051981 0.084483 0.069241
v -0.060454 0.091694 0.038886
v -0.062109 0.095598 0.039668
v -0.056317 0.091442 0.057539
v -0.068278 0.100993 0.018009
v -0.068937 0.106526 0.019651
v -0.063762 0.099612 0.041158
v -0.073733 0.112720 -0.004150
v -0.071704 0.118114 -0.002682
v -0.068097 0.110674 0.021064
v -0.073695 0.124642 -0.027617
v -0.072019 0.130521 -0.025287
v -0.070359 0.123161 -0.000584
v -0.074419 0.137514 -0.052422
v -0.074222 0.144135 -0.049729
v -0.072378 0.136527 -0.023071
v -0.075924 0.151794 -0.076940
v -0.079211 0.158351 -0.074101
v -0.078015 0.149478 -0.047314
v -0.080480 0.167553 -0.101937
v -0.088729 0.170240 -0.099782
v -0.087085 0.159849 -0.072619
v -0.091226 0.180785 -0.127630
v -0.101675 0.179865 -0.126554
v -0.098509 0.168667 -0.098821
v -0.105208 0.191770 -0.154645
v -0.118900 0.188261 -0.153403
v -0.113582 0.176373 -0.125795
v -0.124699 0.199965 -0.181357
v -0.140894 0.190687 -0.181632
v -0.133120 0.179331 -0.153605
v -0.148414 0.201904 -0.209499
v -0.151425 0.177353 -0.184377
v -0.154558 0.162734 -0.189172
v -0.146245 0.152831 -0.160740
v -0.143115 0.166671 -0.156082
v -0.137759 0.143339 -0.131658
v -0.134838 0.156502 -0.127865
v -0.125899 0.168369 -0.125948
v -0.126859 0.146993 -0.099977
v -0.119136 0.157869 -0.098282
v -0.108804 0.165133 -0.098134
v -0.112868 0.147632 -0.071558
v -0.104287 0.154272 -0.071505
v -0.095637 0.158159 -0.071932
v -0.099847 0.143756 -0.045209
v -0.092780 0.147928 -0.045441
v -0.085300 0.149711 -0.046122
v -0.089862 0.138505 -0.020138
v -0.083313 0.140683 -0.020390
v -0.076708 0.140580 -0.021190
v -0.081157 0.131966 0.003895
v -0.075198 0.131660 0.003119
v -0.070841 0.128535 0.001573
v -0.072083 0.123285 0.026102
v -0.068294 0.120316 0.024615
v -0.067411 0.115624 0.022869
v -0.064139 0.112258 0.045926
v -0.063632 0.108038 0.044424
v -0.064005 0.103543 0.042785
v -0.059549 0.101580 0.061774
v -0.058895 0.097919 0.060167
v -0.057549 0.094443 0.058523
v -0.054372 0.094245 0.073252
v -0.052879 0.091197 0.071833
v -0.052005 0.088153 0.070489
v -0.047521 0.085344 0.080922
v -0.049682 0.082496 0.077992
v -0.046116 0.084008 0.083379
v -0.047602 0.080944 0.084398
v -0.049013 0.089392 0.083294
v -0.045426 0.087653 0.094870
v -0.042057 0.085226 0.092859
v -0.038180 0.083738 0.100332
v -0.033715 0.086536 0.099329
v -0.036290 0.087153 0.092611
v -0.038543 0.088693 0.084264
v -0.033562 0.092677 0.093762
v -0.035104 0.094334 0.086842
v -0.035769 0.096516 0.079283
v -0.038454 0.090225 0.076721
v -0.045778 0.087243 0.075307
v -0.033060 0.100816 0.088645
v -0.033636 0.102918 0.081630
v -0.033166 0.105713 0.074585
v -0.029477 0.115018 0.069516
v -0.030835 0.108518 0.064850
v -0.027631 0.121418 0.074058
v -0.026819 0.125887 0.061336
v -0.033678 0.123498 0.076224
v -0.033429 0.126636 0.062309
v -0.034721 0.130062 0.050427
v -0.027410 0.128576 0.049250
v -0.040738 0.126540 0.063223
v -0.041601 0.130138 0.050855
v -0.041916 0.137911 0.043312
v -0.047693 0.129617 0.050854
v -0.047240 0.137138 0.042691
v -0.048125 0.148697 0.042525
v -0.042099 0.148940 0.043343
v -0.045589 0.161565 0.044866
v -0.039960 0.160311 0.047413
v -0.039457 0.176384 0.050709
v -0.034167 0.173818 0.053437
v -0.027868 0.173069 0.049412
v -0.025165 0.188146 0.058928
v -0.029958 0.192736 0.057029
v -0.018228 0.208153 0.062700
v -0.031177 0.195910 0.050429
v -0.017881 0.210122 0.056136
v 0.000272 0.219900 0.060613
v -0.020826 0.216078 0.054301
v -0.000217 0.224614 0.058197
v 0.024244 0.221747 0.056534
v -0.001340 0.230480 0.061727
v 0.026622 0.227780 0.059382
v 0.050123 0.215614 0.054480
v 0.045892 0.211243 0.050838
v 0.067615 0.197522 0.047943
v 0.062103 0.196027 0.044406
v 0.078945 0.179132 0.042359
v 0.073783 0.179673 0.038562
v 0.071195 0.195689 0.053968
v 0.082199 0.175795 0.048324
v 0.072808 0.191915 0.060368
v 0.082415 0.170947 0.054099
v 0.087688 0.158627 0.048984
v 0.080389 0.165194 0.059458
v 0.087772 0.153612 0.055279
v 0.090404 0.145212 0.051855
v 0.089596 0.150497 0.045009
v 0.091774 0.138159 0.047878
v 0.089366 0.144798 0.040921
v 0.089969 0.132846 0.044446
v 0.086100 0.140684 0.037881
v 0.082687 0.147055 0.034839
v 0.081208 0.137575 0.036878
v 0.077807 0.144718 0.034068
v 0.079504 0.154751 0.032765
v 0.076124 0.135405 0.037877
v 0.084810 0.129444 0.043440
v 0.079378 0.127011 0.044091
v 0.072667 0.135629 0.041338
v 0.087501 0.121078 0.058759
v 0.081487 0.119941 0.059878
v 0.076960 0.117607 0.073885
v 0.092208 0.124437 0.058844
v 0.093136 0.130766 0.060519
v 0.093677 0.124504 0.075551
v 0.091574 0.131509 0.077528
v 0.092567 0.124024 0.090969
v 0.092685 0.118061 0.087443
v 0.089568 0.137883 0.062603
v 0.088571 0.146257 0.065374
v 0.086402 0.138740 0.079234
v 0.082535 0.151879 0.082952
v 0.083213 0.140818 0.101586
v 0.088810 0.130658 0.094659
v 0.082427 0.158940 0.069419
v 0.072713 0.179604 0.076741
v 0.074875 0.171317 0.091968
v 0.070650 0.185373 0.066696
v 0.052241 0.209072 0.075967
v 0.052908 0.202946 0.087032
v 0.053765 0.214466 0.068513
v 0.028570 0.230316 0.073098
v 0.028557 0.224297 0.082121
v 0.052879 0.216777 0.061139
v 0.028229 0.231150 0.065777
v -0.001950 0.233394 0.068388
v -0.001013 0.231272 0.076514
v -0.027544 0.218693 0.074296
v -0.024477 0.211935 0.080511
v 0.001292 0.224875 0.084449
v -0.027320 0.221607 0.065758
v -0.046674 0.202461 0.056619
v -0.047899 0.199631 0.064617
v -0.025196 0.221071 0.058576
v -0.042642 0.202671 0.049857
v -0.052805 0.183067 0.042039
v -0.058378 0.182436 0.046757
v -0.036013 0.199468 0.047803
v -0.045331 0.180867 0.040953
v -0.051589 0.163876 0.034861
v -0.058746 0.165125 0.034949
v -0.040422 0.178307 0.044179
v -0.047054 0.162725 0.038270
v -0.049513 0.147687 0.037860
v -0.054596 0.147565 0.034850
v -0.056808 0.135096 0.038930
v -0.063096 0.135289 0.039316
v -0.060707 0.147977 0.035247
v -0.050906 0.136184 0.040852
v -0.051950 0.127088 0.049163
v -0.058272 0.125476 0.048733
v -0.051649 0.122735 0.064556
v -0.057069 0.122065 0.065248
v -0.064292 0.122437 0.066066
v -0.064996 0.126323 0.049420
v -0.069797 0.126388 0.067830
v -0.070550 0.130620 0.052130
v -0.067512 0.134445 0.070239
v -0.068887 0.139417 0.055978
v -0.062129 0.144304 0.074013
v -0.064209 0.151196 0.060858
v -0.055928 0.159518 0.082254
v -0.055850 0.167929 0.068438
v -0.058026 0.173529 0.060292
v -0.044582 0.188772 0.079948
v -0.044499 0.193747 0.070308
v -0.059705 0.178306 0.053981
v -0.025063 0.207492 0.091077
v -0.045631 0.179891 0.095702
v -0.025916 0.197047 0.108676
v 0.001005 0.207162 0.115904
v 0.002130 0.218130 0.098020
v 0.030394 0.205633 0.113968
v 0.029072 0.216339 0.095737
v 0.055981 0.193690 0.105126
v 0.030103 0.185747 0.133864
v 0.055261 0.176847 0.125493
v 0.074133 0.158355 0.111401
v 0.050827 0.156918 0.138359
v 0.067730 0.143083 0.125282
v 0.079549 0.127658 0.112893
v 0.064253 0.130805 0.131799
v 0.076879 0.118976 0.118534
v 0.086090 0.112467 0.108724
v 0.087561 0.119465 0.104867
v 0.091280 0.115105 0.098951
v 0.091451 0.111254 0.094158
v 0.076172 0.112599 0.122817
v 0.086190 0.107419 0.111936
v 0.078266 0.108883 0.129006
v 0.087351 0.102655 0.115704
v 0.079428 0.103957 0.133422
v 0.088344 0.098275 0.119344
v 0.080122 0.098862 0.136966
v 0.088610 0.092983 0.121979
v 0.075367 0.092669 0.135744
v 0.088017 0.087508 0.122981
v 0.100117 0.084351 0.120322
v 0.110139 0.071770 0.113812
v 0.111050 0.079739 0.111160
v 0.115830 0.067087 0.095845
v 0.115277 0.075315 0.093990
v 0.062738 0.099928 0.151815
v 0.059366 0.094703 0.149378
v 0.066124 0.105921 0.152998
v 0.046238 0.116763 0.163843
v 0.044199 0.108830 0.163017
v 0.065461 0.112479 0.149032
v 0.047532 0.123289 0.159179
v 0.024692 0.131340 0.165352
v 0.024551 0.123869 0.169540
v 0.064002 0.118366 0.142214
v 0.045684 0.127262 0.151696
v 0.024380 0.136680 0.158713
v 0.002139 0.138007 0.158353
v 0.001273 0.131859 0.165315
v 0.044861 0.132911 0.146265
v 0.023834 0.141238 0.153137
v 0.003112 0.142098 0.152704
v -0.018410 0.133932 0.146094
v -0.019631 0.129541 0.151188
v 0.025968 0.151157 0.151079
v 0.002483 0.151284 0.150921
v -0.020087 0.143426 0.143240
v -0.037557 0.133400 0.130506
v -0.036154 0.124291 0.133794
v 0.001678 0.165363 0.146848
v -0.022521 0.157141 0.139071
v -0.039671 0.145909 0.124913
v -0.051893 0.134528 0.110784
v -0.049437 0.124068 0.116447
v -0.025345 0.177422 0.128565
v -0.044872 0.163471 0.114259
v -0.054614 0.147682 0.099601
v -0.061735 0.135517 0.091108
v -0.060670 0.125735 0.103421
v -0.058408 0.116974 0.109915
v -0.066275 0.126857 0.086822
v -0.066536 0.118532 0.084758
v -0.059810 0.117808 0.083261
v -0.063355 0.104957 0.109161
v -0.058315 0.110692 0.114212
v -0.047631 0.116659 0.119915
v -0.059465 0.105745 0.118435
v -0.051469 0.111871 0.125704
v -0.038984 0.120367 0.138614
v -0.052938 0.106810 0.130368
v -0.042101 0.116261 0.144083
v -0.021828 0.125328 0.157581
v -0.042648 0.109127 0.148001
v -0.022250 0.118428 0.162174
v 0.001354 0.124159 0.169775
v -0.021270 0.111244 0.164910
v 0.001729 0.115646 0.170772
v 0.023553 0.114428 0.167912
v 0.002743 0.109392 0.164599
v 0.022937 0.107998 0.162663
v 0.043044 0.102460 0.157603
v 0.022739 0.100791 0.163841
v 0.043454 0.095254 0.161440
v 0.061968 0.087280 0.153658
v 0.043521 0.087044 0.164783
v 0.023077 0.093645 0.168838
v 0.022610 0.084648 0.170089
v 0.042485 0.078058 0.163754
v 0.041344 0.071653 0.159354
v 0.060242 0.064919 0.150933
v 0.041006 0.064651 0.156629
v 0.059109 0.059255 0.148978
v 0.076812 0.051006 0.144847
v 0.079419 0.054883 0.144083
v 0.091122 0.038446 0.139663
v 0.095111 0.042266 0.137936
v 0.074823 0.049276 0.140530
v 0.087484 0.036574 0.136935
v 0.097197 0.021142 0.134220
v 0.085376 0.036714 0.131449
v 0.094264 0.021010 0.129193
v 0.081323 0.034478 0.129698
v 0.090151 0.020401 0.127326
v 0.078564 0.031578 0.134579
v 0.087327 0.019235 0.132590
v 0.078309 0.030731 0.140994
v 0.087375 0.019433 0.138906
v 0.091355 0.007632 0.137773
v 0.087910 0.019888 0.145633
v 0.091911 0.008404 0.144074
v 0.092163 -0.002980 0.143456
v 0.091569 -0.003846 0.137528
v 0.090131 -0.012864 0.143089
v 0.090576 -0.002159 0.149074
v 0.089159 -0.011895 0.148946
v 0.085896 -0.021728 0.148448
v 0.090387 -0.011538 0.154327
v 0.085753 -0.020520 0.154144
v 0.077940 -0.030012 0.153035
v 0.089921 -0.022535 0.156528
v 0.079973 -0.030579 0.157787
v 0.068874 -0.038612 0.159003
v 0.084658 -0.033690 0.160850
v 0.071687 -0.039740 0.164594
v 0.059904 -0.044757 0.167008
v 0.076451 -0.044028 0.168539
v 0.063385 -0.047411 0.173687
v 0.049449 -0.049232 0.176423
v 0.067153 -0.054060 0.177845
v 0.050974 -0.055717 0.181802
v 0.036524 -0.054363 0.184159
v 0.051580 -0.063840 0.185137
v 0.035509 -0.062129 0.188279
v 0.022809 -0.057556 0.189561
v 0.033453 -0.071075 0.190113
v 0.020266 -0.065254 0.191330
v 0.008184 -0.057145 0.191910
v 0.017093 -0.072588 0.191202
v 0.004587 -0.063170 0.191630
v -0.006845 -0.053496 0.192449
v 0.001601 -0.068650 0.190028
v -0.011076 -0.057968 0.190986
v -0.014459 -0.062509 0.187246
v 0.014009 -0.079300 0.188950
v 0.026659 -0.088060 0.186604
v 0.030380 -0.080437 0.189817
v 0.051378 -0.082004 0.186069
v 0.051726 -0.072909 0.187363
v 0.082139 -0.049849 0.170776
v 0.096255 -0.042956 0.163628
v 0.090002 -0.037913 0.162395
v 0.102294 -0.029174 0.157963
v 0.109544 -0.033033 0.158597
v 0.095786 -0.025704 0.157544
v 0.103816 -0.014413 0.156656
v 0.111941 -0.016507 0.156778
v 0.096463 -0.012802 0.156239
v 0.099313 -0.001639 0.155944
v 0.107163 -0.001712 0.156524
v 0.092642 -0.001639 0.153929
v 0.092542 0.008639 0.154602
v 0.099130 0.009697 0.156370
v 0.090156 0.008310 0.150130
v 0.086292 0.019256 0.151594
v 0.088996 0.020296 0.156019
v 0.081571 0.031003 0.160017
v 0.087076 0.034774 0.161994
v 0.095251 0.022405 0.157473
v 0.078170 0.029730 0.154159
v 0.068125 0.038825 0.158551
v 0.071045 0.038424 0.165968
v 0.078838 0.030901 0.147547
v 0.067995 0.040909 0.151111
v 0.055852 0.047635 0.155478
v 0.056929 0.045101 0.163176
v 0.067164 0.041046 0.144141
v 0.054437 0.047884 0.148213
v 0.040822 0.051631 0.151794
v 0.042559 0.050774 0.159023
v 0.067323 0.042194 0.137489
v 0.053448 0.048779 0.141608
v 0.038680 0.051743 0.145559
v 0.026090 0.050548 0.147665
v 0.027856 0.050444 0.154054
v 0.054053 0.052717 0.137587
v 0.037254 0.056568 0.142150
v 0.024529 0.055681 0.147986
v 0.012170 0.052990 0.150628
v 0.014697 0.047321 0.149400
v 0.038970 0.059375 0.147382
v 0.024338 0.059086 0.153866
v 0.011191 0.056645 0.156621
v -0.000761 0.049489 0.158344
v 0.000952 0.047090 0.151706
v -0.008234 0.038435 0.152864
v -0.004322 0.035397 0.151562
v 0.004242 0.042738 0.150943
v -0.010734 0.040379 0.159249
v -0.018533 0.029066 0.158911
v -0.015181 0.027410 0.152668
v -0.014881 0.043213 0.164404
v -0.023347 0.030326 0.163749
v -0.026805 0.014453 0.162558
v -0.023799 0.014388 0.157119
v -0.019926 0.047161 0.163479
v -0.029632 0.032004 0.162297
v -0.034049 0.015042 0.162110
v -0.034998 -0.002359 0.161653
v -0.028315 -0.001923 0.161757
v -0.034154 0.033369 0.157987
v -0.040175 0.015881 0.157229
v -0.041289 -0.002932 0.156690
v -0.037528 -0.022698 0.159632
v -0.030262 -0.020004 0.163058
v -0.043039 0.016599 0.150209
v -0.044530 -0.003093 0.149974
v -0.041663 -0.024327 0.152401
v -0.031222 -0.043370 0.156365
v -0.027946 -0.040650 0.162583
v -0.046697 -0.002881 0.142206
v -0.043165 -0.024355 0.144395
v -0.030891 -0.043599 0.148858
v -0.048195 -0.024546 0.139148
v -0.035637 -0.046075 0.142465
v -0.052591 -0.002435 0.138214
v -0.061600 -0.001822 0.136503
v -0.051265 0.018297 0.138863
v -0.060058 0.019576 0.138204
v -0.067687 0.021852 0.132289
v -0.068716 -0.001135 0.129772
v -0.069550 0.024473 0.121516
v -0.070341 -0.000134 0.119221
v -0.070823 0.027560 0.111028
v -0.072508 0.002009 0.107807
v -0.071507 -0.021497 0.111740
v -0.065160 -0.041484 0.119231
v -0.081508 0.003723 0.101776
v -0.079483 -0.021129 0.104728
v -0.072057 -0.041855 0.112196
v -0.083419 -0.022120 0.095265
v -0.077066 -0.043402 0.104512
v -0.080916 -0.022914 0.085773
v -0.076513 -0.044461 0.096816
v -0.074289 -0.022986 0.078965
v -0.072267 -0.045081 0.090477
v -0.066565 -0.022538 0.076252
v -0.066915 -0.044605 0.087248
v -0.063026 -0.022513 0.072941
v -0.063377 0.005908 0.071296
v -0.065114 0.004896 0.065177
v -0.067572 0.001555 0.056995
v -0.065632 -0.023885 0.067222
v -0.072438 -0.005860 0.046797
v -0.069523 -0.026113 0.061085
v -0.073909 -0.030879 0.055025
v -0.068672 -0.047093 0.068872
v -0.066055 -0.059245 0.077859
v -0.076202 -0.037798 0.050169
v -0.071242 -0.049001 0.059764
v -0.070145 -0.059913 0.067094
v -0.068533 -0.064527 0.082965
v -0.073005 -0.065745 0.074978
v -0.074688 -0.069857 0.077619
v -0.075955 -0.061648 0.055929
v -0.079276 -0.065974 0.058632
v -0.081030 -0.071013 0.060604
v -0.080787 -0.075808 0.061754
v -0.074974 -0.074395 0.078739
v -0.084326 -0.065171 0.041421
v -0.086042 -0.070944 0.042085
v -0.085370 -0.077186 0.042187
v -0.082961 -0.082007 0.042853
v -0.078799 -0.080188 0.062325
v -0.091762 -0.072162 0.021338
v -0.090314 -0.079123 0.021042
v -0.086580 -0.085144 0.021029
v -0.082129 -0.088814 0.021020
v -0.079354 -0.085890 0.043191
v -0.094460 -0.082402 -0.002789
v -0.089990 -0.088343 -0.003185
v -0.084398 -0.092077 -0.003635
v -0.080005 -0.095412 -0.003642
v -0.077906 -0.091399 0.021002
v -0.093375 -0.092407 -0.029413
v -0.087167 -0.095756 -0.030091
v -0.083706 -0.099243 -0.030071
v -0.086616 -0.104539 -0.028881
v -0.082533 -0.099858 -0.002494
v -0.089262 -0.099887 -0.059005
v -0.087717 -0.104149 -0.058423
v -0.090819 -0.110352 -0.056964
v -0.093028 -0.116576 -0.055142
v -0.088910 -0.110408 -0.027617
v -0.090657 -0.109148 -0.088780
v -0.094512 -0.115579 -0.087317
v -0.097818 -0.122819 -0.084879
v -0.098357 -0.132301 -0.081724
v -0.093831 -0.124806 -0.052797
v -0.097813 -0.121816 -0.118569
v -0.102208 -0.129229 -0.115441
v -0.104007 -0.140544 -0.111164
v -0.100551 -0.151733 -0.108039
v -0.095761 -0.141794 -0.079244
v -0.107368 -0.137718 -0.146337
v -0.109882 -0.149560 -0.140938
v -0.105521 -0.161877 -0.137189
v -0.098250 -0.171455 -0.135151
v -0.094421 -0.160035 -0.106422
v -0.116360 -0.159536 -0.169554
v -0.111910 -0.172694 -0.165320
v -0.103485 -0.183198 -0.162836
v -0.093272 -0.189562 -0.161784
v -0.089654 -0.177547 -0.134782
v -0.118782 -0.184337 -0.195938
v -0.109465 -0.195742 -0.192511
v -0.097429 -0.202504 -0.190676
v -0.085193 -0.204257 -0.190712
v -0.082205 -0.191435 -0.162218
v -0.114144 -0.207034 -0.219857
v -0.101541 -0.215208 -0.218063
v -0.088301 -0.216743 -0.218353
v -0.077650 -0.210757 -0.221023
v -0.075276 -0.198768 -0.193522
v -0.103521 -0.221605 -0.233529
v -0.089825 -0.223733 -0.234527
v -0.079071 -0.217041 -0.237955
v -0.074968 -0.205616 -0.241622
v -0.073960 -0.199436 -0.224540
v -0.090623 -0.227810 -0.246649
v -0.079628 -0.220484 -0.249706
v -0.075589 -0.209374 -0.253062
v -0.075491 -0.198189 -0.255846
v -0.075649 -0.193485 -0.243965
v -0.080731 -0.223517 -0.259019
v -0.076326 -0.212866 -0.262654
v -0.075600 -0.202937 -0.265371
v -0.077905 -0.193983 -0.267319
v -0.081415 -0.188940 -0.257690
v -0.077132 -0.216196 -0.269740
v -0.075918 -0.206884 -0.273021
v -0.076562 -0.210301 -0.279007
v -0.081679 -0.210749 -0.281150
v -0.088844 -0.207562 -0.279662
v -0.098223 -0.208767 -0.275191
v -0.095575 -0.201303 -0.275318
v -0.101117 -0.215509 -0.272780
v -0.109205 -0.204702 -0.273140
v -0.103871 -0.222382 -0.269245
v -0.114391 -0.211600 -0.270547
v -0.121969 -0.198421 -0.270850
v -0.119032 -0.216909 -0.265394
v -0.128093 -0.186240 -0.269970
v -0.127968 -0.175460 -0.262558
v -0.105518 -0.227931 -0.264405
v -0.106032 -0.229403 -0.255847
v -0.120416 -0.218625 -0.257408
v -0.104841 -0.226389 -0.245916
v -0.118811 -0.217308 -0.247300
v -0.116974 -0.213289 -0.234668
v -0.126913 -0.200264 -0.237588
v -0.124446 -0.194801 -0.222758
v -0.129236 -0.180648 -0.226907
v -0.131950 -0.186200 -0.241691
v -0.123692 -0.170740 -0.200292
v -0.120124 -0.157776 -0.206699
v -0.113629 -0.147032 -0.175818
v -0.106181 -0.139304 -0.181928
v -0.109563 -0.149996 -0.212632
v -0.100593 -0.131538 -0.184191
v -0.101684 -0.139794 -0.213901
v -0.096847 -0.123354 -0.185352
v -0.097044 -0.130164 -0.214563
v -0.096888 -0.134279 -0.236850
v -0.101181 -0.124556 -0.215767
v -0.101968 -0.128761 -0.237215
v -0.104111 -0.131357 -0.251962
v -0.096343 -0.134297 -0.251955
v -0.106370 -0.133208 -0.263313
v -0.115114 -0.131917 -0.251053
v -0.117781 -0.133950 -0.262267
v -0.128972 -0.129444 -0.249345
v -0.131400 -0.130880 -0.259888
v -0.142119 -0.118805 -0.248243
v -0.143780 -0.121089 -0.258188
v -0.151617 -0.101208 -0.247870
v -0.152653 -0.104354 -0.257227
v -0.155739 -0.077431 -0.248301
v -0.157558 -0.079837 -0.257128
v -0.158659 -0.082295 -0.263770
v -0.152079 -0.055152 -0.258848
v -0.153762 -0.056722 -0.265952
v -0.152215 -0.058604 -0.271925
v -0.157449 -0.084485 -0.270127
v -0.148679 -0.061243 -0.274965
v -0.149790 -0.086096 -0.273292
v -0.142704 -0.064999 -0.274812
v -0.145995 -0.086173 -0.273639
v -0.138167 -0.067914 -0.272024
v -0.139796 -0.085751 -0.272130
v -0.131873 -0.105311 -0.272706
v -0.135920 -0.085762 -0.266996
v -0.128980 -0.104195 -0.267787
v -0.113880 -0.112885 -0.270937
v -0.116313 -0.115359 -0.276795
v -0.126868 -0.103234 -0.260160
v -0.111724 -0.111167 -0.263059
v -0.095766 -0.112794 -0.265863
v -0.109363 -0.109196 -0.253349
v -0.092680 -0.110829 -0.256067
v -0.080793 -0.123294 -0.255433
v -0.083706 -0.124125 -0.265986
v -0.079878 -0.140999 -0.251974
v -0.081245 -0.142292 -0.262208
v -0.086075 -0.158244 -0.247806
v -0.087604 -0.161752 -0.257684
v -0.093237 -0.173063 -0.243694
v -0.084285 -0.154119 -0.235131
v -0.090184 -0.166791 -0.230233
v -0.093949 -0.177075 -0.226919
v -0.092893 -0.186172 -0.241860
v -0.084259 -0.180769 -0.226840
v -0.083970 -0.185652 -0.244393
v -0.074945 -0.187849 -0.226928
v -0.084298 -0.171353 -0.202793
v -0.073992 -0.177365 -0.201151
v -0.072457 -0.188262 -0.197480
v -0.073131 -0.167834 -0.172796
v -0.070823 -0.177872 -0.168896
v -0.073430 -0.186699 -0.164946
v -0.069677 -0.169022 -0.138137
v -0.071923 -0.177258 -0.135338
v -0.080322 -0.180275 -0.134671
v -0.071984 -0.168871 -0.105121
v -0.079913 -0.168776 -0.105020
v -0.087153 -0.165928 -0.105410
v -0.078076 -0.158145 -0.075676
v -0.085373 -0.154837 -0.076508
v -0.090869 -0.149267 -0.077800
v -0.083337 -0.144685 -0.048070
v -0.087865 -0.139629 -0.049464
v -0.091700 -0.132799 -0.050990
v -0.084709 -0.130408 -0.022322
v -0.087860 -0.124461 -0.024123
v -0.089344 -0.117315 -0.026050
v -0.083753 -0.117177 0.001618
v -0.085002 -0.111635 -0.000010
v -0.084646 -0.105491 -0.001224
v -0.081009 -0.106285 0.024723
v -0.080580 -0.101310 0.023014
v -0.078737 -0.096146 0.021715
v -0.076811 -0.096543 0.045201
v -0.075384 -0.092714 0.044145
v -0.075484 -0.088759 0.043370
v -0.071690 -0.090014 0.063608
v -0.072382 -0.086613 0.062905
v -0.075829 -0.083896 0.062787
v -0.069455 -0.085401 0.078912
v -0.072075 -0.082409 0.079154
v -0.074173 -0.078691 0.079145
v -0.071735 -0.081750 0.090990
v -0.070149 -0.085882 0.091081
v -0.073856 -0.086953 0.100160
v -0.074937 -0.081507 0.100453
v -0.075496 -0.088292 0.111381
v -0.076483 -0.082469 0.113085
v -0.068802 -0.090899 0.125406
v -0.067296 -0.095406 0.122494
v -0.057945 -0.097679 0.128954
v -0.072827 -0.093342 0.109916
v -0.071833 -0.091374 0.099711
v -0.069070 -0.094927 0.099287
v -0.068796 -0.089352 0.091071
v -0.067796 -0.092703 0.090658
v -0.066689 -0.095829 0.090691
v -0.065047 -0.098262 0.090691
v -0.069602 -0.092704 0.079483
v -0.069617 -0.096187 0.079709
v -0.068785 -0.099576 0.080046
v -0.066634 -0.102006 0.080160
v -0.073360 -0.097758 0.065470
v -0.072526 -0.101801 0.066343
v -0.070671 -0.104746 0.067086
v -0.067292 -0.106626 0.067402
v -0.063564 -0.103001 0.079874
v -0.076778 -0.105341 0.047579
v -0.074909 -0.109310 0.048829
v -0.071525 -0.112046 0.049681
v -0.067325 -0.112514 0.049587
v -0.063506 -0.106424 0.067023
v -0.078232 -0.114877 0.027861
v -0.074891 -0.118157 0.029235
v -0.070529 -0.119733 0.030027
v -0.066105 -0.117376 0.029500
v -0.063608 -0.110542 0.048934
v -0.077941 -0.125599 0.005644
v -0.073265 -0.127916 0.007291
v -0.068129 -0.127278 0.007719
v -0.066453 -0.122396 0.006119
v -0.064262 -0.112733 0.028536
v -0.075310 -0.138163 -0.018874
v -0.069715 -0.138731 -0.018030
v -0.067303 -0.133812 -0.019234
v -0.066312 -0.127375 -0.020868
v -0.066444 -0.117235 0.004694
v -0.070389 -0.148727 -0.046310
v -0.067033 -0.143392 -0.047704
v -0.066824 -0.136431 -0.049667
v -0.068119 -0.129917 -0.051459
v -0.067552 -0.121517 -0.022374
v -0.068528 -0.151887 -0.077613
v -0.067765 -0.145183 -0.079815
v -0.069644 -0.137654 -0.082178
v -0.073937 -0.130100 -0.083701
v -0.071045 -0.122784 -0.052884
v -0.068667 -0.153931 -0.110797
v -0.071538 -0.146357 -0.113770
v -0.076804 -0.137684 -0.116007
v -0.077045 -0.127049 -0.118292
v -0.074368 -0.119789 -0.085805
v -0.075490 -0.152608 -0.143557
v -0.081701 -0.144916 -0.145048
v -0.080176 -0.135619 -0.148226
v -0.076698 -0.125345 -0.151148
v -0.073544 -0.116719 -0.120443
v -0.086909 -0.153528 -0.175887
v -0.083251 -0.145004 -0.179437
v -0.079084 -0.134935 -0.182837
v -0.076269 -0.122384 -0.185636
v -0.074070 -0.113986 -0.153190
v -0.086393 -0.155758 -0.209996
v -0.081781 -0.145372 -0.215041
v -0.077772 -0.131404 -0.219377
v -0.078812 -0.116034 -0.222265
v -0.077456 -0.108979 -0.187976
v -0.078928 -0.137514 -0.238873
v -0.079423 -0.120400 -0.242261
v -0.090755 -0.108762 -0.243948
v -0.089052 -0.105346 -0.223500
v -0.104258 -0.103210 -0.222147
v -0.099116 -0.096974 -0.187721
v -0.086407 -0.099525 -0.188957
v -0.107072 -0.107051 -0.242090
v -0.121360 -0.099919 -0.239459
v -0.117011 -0.096735 -0.220534
v -0.124466 -0.101759 -0.250757
v -0.130468 -0.086019 -0.250255
v -0.126981 -0.085493 -0.238913
v -0.133307 -0.086223 -0.259589
v -0.132437 -0.070175 -0.259920
v -0.129938 -0.070755 -0.250700
v -0.134895 -0.069437 -0.267100
v -0.125176 -0.059407 -0.269376
v -0.123004 -0.059616 -0.262361
v -0.127742 -0.057942 -0.274953
v -0.111072 -0.052714 -0.279101
v -0.109475 -0.054047 -0.272805
v -0.130852 -0.053775 -0.277960
v -0.133693 -0.047071 -0.278441
v -0.134845 -0.041786 -0.275128
v -0.134583 -0.041912 -0.269216
v -0.114399 -0.037649 -0.272206
v -0.133253 -0.041941 -0.262239
v -0.114032 -0.037411 -0.264959
v -0.099843 -0.030514 -0.266114
v -0.100073 -0.029945 -0.273551
v -0.094122 -0.017143 -0.265937
v -0.094445 -0.017170 -0.274024
v -0.093996 -0.002595 -0.265440
v -0.094225 -0.002862 -0.274195
v -0.094229 -0.002905 -0.281428
v -0.096984 0.013958 -0.273125
v -0.097551 0.015250 -0.279633
v -0.097742 0.016866 -0.285270
v -0.092823 -0.002403 -0.287786
v -0.094963 0.019837 -0.287869
v -0.088759 -0.001693 -0.290518
v -0.089414 0.022302 -0.287981
v -0.083966 -0.001292 -0.288468
v -0.086969 0.023253 -0.284147
v -0.081819 -0.000244 -0.283395
v -0.082580 -0.020293 -0.282202
v -0.080647 0.000847 -0.277373
v -0.080168 -0.019850 -0.276681
v -0.084782 -0.034009 -0.276036
v -0.086648 -0.033443 -0.281409
v -0.094090 -0.046079 -0.275161
v -0.094838 -0.044935 -0.281203
v -0.083250 -0.034444 -0.269298
v -0.092903 -0.047375 -0.268207
v -0.108133 -0.054746 -0.265691
v -0.091896 -0.048353 -0.259102
v -0.107015 -0.055308 -0.256551
v -0.120934 -0.060010 -0.253198
v -0.105654 -0.056037 -0.244792
v -0.118853 -0.060450 -0.241679
v -0.126995 -0.070907 -0.239425
v -0.115217 -0.061280 -0.223378
v -0.122703 -0.070778 -0.221315
v -0.122301 -0.083925 -0.220897
v -0.114756 -0.069720 -0.187471
v -0.114720 -0.080674 -0.186881
v -0.109753 -0.090937 -0.186580
v -0.106864 -0.077739 -0.151678
v -0.102923 -0.086372 -0.152136
v -0.094461 -0.091347 -0.153768
v -0.095880 -0.082292 -0.118817
v -0.089199 -0.086978 -0.120551
v -0.080652 -0.090087 -0.122824
v -0.083611 -0.094359 -0.154942
v -0.073250 -0.096883 -0.122671
v -0.075421 -0.102371 -0.154627
v -0.071630 -0.106880 -0.121715
v -0.071224 -0.092230 -0.089304
v -0.069284 -0.100930 -0.088331
v -0.070981 -0.110313 -0.087273
v -0.067340 -0.096009 -0.056768
v -0.068968 -0.105169 -0.055880
v -0.071797 -0.113491 -0.054480
v -0.066055 -0.099459 -0.025976
v -0.068862 -0.107490 -0.025043
v -0.069222 -0.115202 -0.023780
v -0.065329 -0.100757 0.002263
v -0.067371 -0.106430 0.002857
v -0.067410 -0.111940 0.003704
v -0.062982 -0.098643 0.026713
v -0.064362 -0.103178 0.027409
v -0.064061 -0.108074 0.028102
v -0.060238 -0.098994 0.047589
v -0.060355 -0.103492 0.047925
v -0.060712 -0.107736 0.048369
v -0.056971 -0.099663 0.064761
v -0.057878 -0.102718 0.065503
v -0.060455 -0.104794 0.066288
v -0.054982 -0.099563 0.078216
v -0.057422 -0.101369 0.078829
v -0.060482 -0.102670 0.079418
v -0.055319 -0.099224 0.088902
v -0.053195 -0.097457 0.088213
v -0.052193 -0.094896 0.087284
v -0.054493 -0.096743 0.077689
v -0.053552 -0.093924 0.076989
v -0.051017 -0.092393 0.085950
v -0.056716 -0.096433 0.064228
v -0.055637 -0.092760 0.063536
v -0.052283 -0.090717 0.076335
v -0.059140 -0.095067 0.047583
v -0.057585 -0.090262 0.047866
v -0.054372 -0.089400 0.063479
v -0.061311 -0.093971 0.026047
v -0.060356 -0.088730 0.026675
v -0.056925 -0.086928 0.048578
v -0.062865 -0.092852 0.002113
v -0.063627 -0.085870 0.002812
v -0.060509 -0.083254 0.028619
v -0.065304 -0.091134 -0.026326
v -0.068707 -0.084067 -0.025854
v -0.066473 -0.080849 0.004328
v -0.070140 -0.088301 -0.057428
v -0.075271 -0.083342 -0.056399
v -0.072337 -0.080143 -0.024727
v -0.078316 -0.086181 -0.088930
v -0.083662 -0.083004 -0.087724
v -0.080319 -0.079454 -0.054575
v -0.083572 -0.073470 -0.053270
v -0.078992 -0.071342 -0.021096
v -0.076902 -0.075553 -0.022729
v -0.088880 -0.077514 -0.086129
v -0.089419 -0.071116 -0.085798
v -0.080633 -0.067863 -0.052981
v -0.098626 -0.074544 -0.118434
v -0.095716 -0.067240 -0.119074
v -0.084815 -0.065964 -0.086438
v -0.105836 -0.068603 -0.152369
v -0.098490 -0.062339 -0.154448
v -0.088733 -0.062982 -0.120801
v -0.107487 -0.061558 -0.189294
v -0.097204 -0.058505 -0.191784
v -0.088812 -0.058721 -0.156879
v -0.103367 -0.057175 -0.226337
v -0.088970 -0.050466 -0.228394
v -0.084631 -0.052178 -0.193562
v -0.090780 -0.049276 -0.247420
v -0.079980 -0.036098 -0.248850
v -0.078070 -0.037003 -0.228773
v -0.081498 -0.035077 -0.260379
v -0.077451 -0.018669 -0.261092
v -0.076234 -0.018605 -0.249416
v -0.078752 -0.019107 -0.269922
v -0.079224 0.001756 -0.270602
v -0.077959 0.002574 -0.262103
v -0.083163 0.025964 -0.262105
v -0.082002 0.026454 -0.250122
v -0.076875 0.003247 -0.250152
v -0.084513 0.025039 -0.271208
v -0.098551 0.044491 -0.270203
v -0.097209 0.045350 -0.260841
v -0.085800 0.024183 -0.277982
v -0.099802 0.043870 -0.276871
v -0.123029 0.051847 -0.273199
v -0.121272 0.052423 -0.266425
v -0.101220 0.042732 -0.282849
v -0.124767 0.050688 -0.279228
v -0.146780 0.054971 -0.275874
v -0.144258 0.055287 -0.269328
v -0.103319 0.039938 -0.286772
v -0.106672 0.034296 -0.285993
v -0.108184 0.030371 -0.283321
v -0.107060 0.029064 -0.277676
v -0.122834 0.033431 -0.276360
v -0.105866 0.028099 -0.271925
v -0.120751 0.033074 -0.270580
v -0.135811 0.033975 -0.268291
v -0.117931 0.033032 -0.263798
v -0.132560 0.033701 -0.262026
v -0.148295 0.036113 -0.259529
v -0.150526 0.036468 -0.266423
v -0.163546 0.043392 -0.256310
v -0.164834 0.042610 -0.264086
v -0.176951 0.062168 -0.251935
v -0.178336 0.060850 -0.258817
v -0.179590 0.059600 -0.264420
v -0.183274 0.089887 -0.255628
v -0.184886 0.088901 -0.261838
v -0.184579 0.087940 -0.267492
v -0.178507 0.059460 -0.270322
v -0.180245 0.086899 -0.270418
v -0.172052 0.062119 -0.273816
v -0.173558 0.086240 -0.272095
v -0.167189 0.065199 -0.274042
v -0.167099 0.085888 -0.270492
v -0.162358 0.067366 -0.271546
v -0.162856 0.084862 -0.264689
v -0.158509 0.067877 -0.265974
v -0.159372 0.083473 -0.256269
v -0.155449 0.067309 -0.257960
v -0.141647 0.055721 -0.261543
v -0.151636 0.066420 -0.248472
v -0.138202 0.055854 -0.252477
v -0.119010 0.053031 -0.257211
v -0.134109 0.056403 -0.241055
v -0.115779 0.053521 -0.246000
v -0.095221 0.045632 -0.248989
v -0.110988 0.054345 -0.226888
v -0.091825 0.045855 -0.228635
v -0.079791 0.027043 -0.228500
v -0.086347 0.046133 -0.192915
v -0.076282 0.027604 -0.192714
v -0.071815 0.004119 -0.191822
v -0.074753 0.003806 -0.227715
v -0.070699 -0.020142 -0.192598
v -0.073906 -0.019055 -0.228116
v -0.074572 -0.038103 -0.193648
v -0.068066 -0.021142 -0.156252
v -0.070186 -0.038567 -0.157978
v -0.078277 -0.052030 -0.158315
v -0.065484 -0.038351 -0.122798
v -0.070495 -0.051764 -0.123800
v -0.079152 -0.059279 -0.123102
v -0.064644 -0.049207 -0.088638
v -0.070238 -0.058197 -0.089271
v -0.077461 -0.062707 -0.088282
v -0.063644 -0.054910 -0.053114
v -0.068335 -0.060190 -0.053678
v -0.074575 -0.064652 -0.053316
v -0.060805 -0.059738 -0.017032
v -0.066664 -0.064300 -0.018947
v -0.073451 -0.067311 -0.020048
v -0.059522 -0.064138 0.012431
v -0.064686 -0.067546 0.011018
v -0.070393 -0.069937 0.010134
v -0.059040 -0.067353 0.034742
v -0.063118 -0.070022 0.034664
v -0.066559 -0.071673 0.034514
v -0.072109 -0.072982 0.008774
v -0.065389 -0.075785 0.032600
v -0.069703 -0.076929 0.006640
v -0.062259 -0.079103 0.030563
v -0.061295 -0.075853 0.052462
v -0.059090 -0.079231 0.051067
v -0.056988 -0.082836 0.049489
v -0.055489 -0.079334 0.065712
v -0.053986 -0.082669 0.064954
v -0.052903 -0.086153 0.063992
v -0.049933 -0.081752 0.076046
v -0.049792 -0.085030 0.075808
v -0.050954 -0.088159 0.076052
v -0.049684 -0.089966 0.084523
v -0.046868 -0.089497 0.091497
v -0.048359 -0.091686 0.093185
v -0.045272 -0.092474 0.100664
v -0.043387 -0.097042 0.104125
v -0.043094 -0.101153 0.102898
v -0.046779 -0.101048 0.102749
v -0.043442 -0.106873 0.100386
v -0.047499 -0.105721 0.100123
v -0.044565 -0.114132 0.094544
v -0.049200 -0.112199 0.094551
v -0.047169 -0.119635 0.084144
v -0.052107 -0.117411 0.084696
v -0.057821 -0.117248 0.085715
v -0.055381 -0.120716 0.072478
v -0.061694 -0.121032 0.073186
v -0.067560 -0.122025 0.073518
v -0.049769 -0.121887 0.071865
v -0.051613 -0.123262 0.060805
v -0.044285 -0.124499 0.071295
v -0.046501 -0.126395 0.060805
v -0.037952 -0.125076 0.070408
v -0.040147 -0.127406 0.060479
v -0.030826 -0.124879 0.069772
v -0.035587 -0.122095 0.082586
v -0.029600 -0.121829 0.081496
v -0.029051 -0.117840 0.079034
v -0.027261 -0.122074 0.067810
v -0.031560 -0.111344 0.074728
v -0.028744 -0.116596 0.063441
v -0.032802 -0.106206 0.069319
v -0.032449 -0.105063 0.082633
v -0.034526 -0.100164 0.076806
v -0.036316 -0.096174 0.071055
v -0.033052 -0.102755 0.062151
v -0.035483 -0.096987 0.058017
v -0.038541 -0.091436 0.052604
v -0.030882 -0.097613 0.042222
v -0.032168 -0.090348 0.038168
v -0.014676 -0.101336 0.022053
v -0.012553 -0.107511 0.024827
v -0.039238 -0.082636 0.048589
v -0.039411 -0.072207 0.046598
v -0.032721 -0.080987 0.035485
v -0.042658 -0.065992 0.054846
v -0.043571 -0.054938 0.054476
v -0.040161 -0.059874 0.045588
v -0.046480 -0.051723 0.062287
v -0.046440 -0.036669 0.060072
v -0.043790 -0.040225 0.053133
v -0.050798 -0.049923 0.061809
v -0.051313 -0.036020 0.057416
v -0.042898 -0.023027 0.050497
v -0.039693 -0.025822 0.041716
v -0.040650 -0.044342 0.043997
v -0.035827 -0.028252 0.032184
v -0.035792 -0.049397 0.032977
v -0.034061 -0.068156 0.033649
v -0.026189 -0.055881 0.016323
v -0.020497 -0.078334 0.016756
v -0.016998 -0.091987 0.019450
v -0.005978 -0.079817 -0.001517
v 0.002776 -0.094860 -0.000449
v 0.003399 -0.073898 -0.015909
v 0.012005 -0.088003 -0.015942
v 0.007191 -0.069546 -0.024806
v 0.015870 -0.082365 -0.025688
v 0.027996 -0.091320 -0.025132
v 0.000232 -0.051819 -0.023699
v 0.006723 -0.048772 -0.025579
v -0.005181 -0.054692 -0.015685
v -0.012033 -0.030217 -0.012958
v -0.006871 -0.028393 -0.019921
v -0.014106 -0.057207 -0.002078
v -0.020167 -0.031855 0.000860
v -0.023124 -0.005489 0.004822
v -0.015609 -0.004668 -0.008730
v -0.029539 -0.030785 0.018698
v -0.030768 -0.005630 0.020281
v -0.035653 -0.005106 0.031666
v -0.038875 -0.004586 0.039909
v -0.038828 0.018482 0.040077
v -0.041926 -0.004175 0.048576
v -0.041477 0.017562 0.047683
v -0.042851 0.038256 0.050523
v -0.045663 0.036301 0.058063
v -0.049391 0.035434 0.061645
v -0.052314 0.037864 0.058170
v -0.056688 0.026429 0.040667
v -0.055376 0.041571 0.053955
v -0.058909 0.034073 0.036458
v -0.056583 0.046197 0.049293
v -0.054324 0.053252 0.052468
v -0.054855 0.055134 0.043180
v -0.054614 0.059932 0.042575
v -0.057506 0.058580 0.024116
v -0.060184 0.063977 0.022451
v -0.064118 0.067948 0.021911
v -0.068985 0.066722 -0.001785
v -0.075473 0.069196 -0.001581
v -0.081718 0.070812 -0.000764
v -0.085768 0.068633 -0.027972
v -0.090734 0.072056 -0.027492
v -0.088422 0.076904 -0.028374
v -0.096558 0.075603 -0.057348
v -0.092320 0.080590 -0.058439
v -0.085954 0.082946 -0.059857
v -0.097369 0.083819 -0.087927
v -0.090690 0.085296 -0.090124
v -0.083248 0.088968 -0.090906
v -0.095177 0.088311 -0.119811
v -0.086464 0.092523 -0.120220
v -0.082385 0.100948 -0.119648
v -0.089811 0.096673 -0.151914
v -0.085421 0.106671 -0.150959
v -0.087903 0.117394 -0.149002
v -0.089475 0.113361 -0.183083
v -0.092567 0.125221 -0.180751
v -0.097674 0.135344 -0.177335
v -0.096334 0.132999 -0.212035
v -0.102620 0.144470 -0.206855
v -0.108761 0.152858 -0.201278
v -0.105803 0.151021 -0.227893
v -0.113253 0.160241 -0.222838
v -0.119578 0.167961 -0.218917
v -0.116400 0.164878 -0.237845
v -0.123203 0.172806 -0.234713
v -0.126028 0.182559 -0.232536
v -0.126710 0.176942 -0.244503
v -0.126631 0.187638 -0.243544
v -0.114759 0.189630 -0.250193
v -0.119153 0.168341 -0.247454
v -0.107865 0.154852 -0.241867
v -0.109373 0.156996 -0.250959
v -0.110712 0.158026 -0.257709
v -0.100860 0.142992 -0.255950
v -0.102503 0.144334 -0.262700
v -0.112684 0.157297 -0.263365
v -0.096869 0.128091 -0.261294
v -0.099122 0.130938 -0.268580
v -0.102955 0.114452 -0.264987
v -0.103922 0.117035 -0.273501
v -0.117446 0.108874 -0.264861
v -0.119065 0.110980 -0.273710
v -0.120947 0.115742 -0.280485
v -0.135497 0.111716 -0.270583
v -0.137287 0.115735 -0.276929
v -0.138017 0.122184 -0.279959
v -0.122420 0.123101 -0.282379
v -0.138175 0.128413 -0.279833
v -0.156859 0.124531 -0.276558
v -0.158712 0.130505 -0.274666
v -0.137575 0.132447 -0.275773
v -0.155858 0.118214 -0.276077
v -0.169005 0.105719 -0.273128
v -0.174093 0.109867 -0.272501
v -0.153166 0.112685 -0.273178
v -0.163938 0.102612 -0.270489
v -0.150301 0.109844 -0.266693
v -0.160434 0.100786 -0.264397
v -0.147574 0.108147 -0.258154
v -0.157546 0.098565 -0.255994
v -0.144756 0.106362 -0.247815
v -0.154153 0.096349 -0.245914
v -0.155690 0.081779 -0.246662
v -0.149978 0.093796 -0.233634
v -0.151256 0.079821 -0.234766
v -0.146942 0.065651 -0.236693
v -0.143861 0.076978 -0.214953
v -0.139416 0.064361 -0.217750
v -0.127825 0.057061 -0.222338
v -0.127307 0.063208 -0.183592
v -0.116515 0.058134 -0.187413
v -0.102612 0.055734 -0.191094
v -0.105107 0.059464 -0.153851
v -0.092949 0.056188 -0.156528
v -0.079693 0.045532 -0.157781
v -0.082509 0.056287 -0.123827
v -0.072760 0.044278 -0.124021
v -0.068973 0.026998 -0.122232
v -0.072663 0.027787 -0.156714
v -0.067816 0.002987 -0.120429
v -0.069879 0.003789 -0.155097
v -0.065299 -0.021534 -0.120944
v -0.066397 0.001685 -0.085824
v -0.063329 -0.021568 -0.086037
v -0.062253 -0.036792 -0.087500
v -0.063031 -0.021064 -0.047521
v -0.060732 -0.033695 -0.047745
v -0.060730 -0.045640 -0.051684
v -0.057608 -0.051950 -0.013605
v -0.055236 -0.058054 0.015186
v -0.052809 -0.057304 0.036625
v -0.055289 -0.063371 0.035324
v -0.066992 0.000121 -0.049721
v -0.066577 0.003663 -0.011611
v -0.064980 0.024191 -0.019637
v -0.063621 0.025957 0.011013
v -0.062049 0.012690 0.019230
v -0.065346 0.023514 -0.053690
v -0.064624 0.039080 -0.056785
v -0.062800 0.038242 -0.024132
v -0.066221 0.025075 -0.087984
v -0.067485 0.041595 -0.090277
v -0.073190 0.054462 -0.091313
v -0.067391 0.051485 -0.058753
v -0.074279 0.060001 -0.059603
v -0.066903 0.057750 -0.028441
v -0.063037 0.049182 -0.026937
v -0.082658 0.060931 -0.091372
v -0.091920 0.063622 -0.089609
v -0.080978 0.063446 -0.059374
v -0.093346 0.060680 -0.121974
v -0.103732 0.063008 -0.119281
v -0.111105 0.067368 -0.117329
v -0.099445 0.066517 -0.087421
v -0.115502 0.062371 -0.150600
v -0.121867 0.069662 -0.148449
v -0.123164 0.079329 -0.147183
v -0.114293 0.075196 -0.116366
v -0.132798 0.073098 -0.181243
v -0.133026 0.084275 -0.179760
v -0.126666 0.093457 -0.179993
v -0.118783 0.088045 -0.147116
v -0.142844 0.089602 -0.213004
v -0.134914 0.099047 -0.213626
v -0.123018 0.101175 -0.216488
v -0.116563 0.095940 -0.182414
v -0.141049 0.103963 -0.234927
v -0.127496 0.105346 -0.238543
v -0.112470 0.104307 -0.241044
v -0.108762 0.101191 -0.218094
v -0.130623 0.107793 -0.251335
v -0.115121 0.106613 -0.254046
v -0.101088 0.112224 -0.254087
v -0.099236 0.110389 -0.240821
v -0.133372 0.109802 -0.261957
v -0.094191 0.123846 -0.237579
v -0.092178 0.119480 -0.215704
v -0.096870 0.107009 -0.217826
v -0.095483 0.126089 -0.250937
v -0.099601 0.141179 -0.246334
v -0.098526 0.138326 -0.232983
v -0.093667 0.102028 -0.184485
v -0.104350 0.096411 -0.184711
v -0.099437 0.091689 -0.151744
v -0.109320 0.091219 -0.149670
v -0.103653 0.087398 -0.118670
v -0.111664 0.083438 -0.116707
v -0.103272 0.079115 -0.086370
v -0.103913 0.071856 -0.086353
v -0.094582 0.069393 -0.057222
v -0.088627 0.066129 -0.058078
v -0.079098 0.066581 -0.028825
v -0.072469 0.063209 -0.029113
v -0.063379 0.062260 -0.001048
v -0.060457 0.055441 0.000648
v -0.060171 0.047555 0.002645
v -0.061416 0.038419 0.005407
v -0.177654 0.113834 -0.269629
v -0.178974 0.115914 -0.263106
v -0.157804 0.131665 -0.267517
v -0.176557 0.116198 -0.256639
v -0.155926 0.130579 -0.260898
v -0.135668 0.130778 -0.262574
v -0.136643 0.131768 -0.269328
v -0.123283 0.128688 -0.262474
v -0.134934 0.129523 -0.254227
v -0.122831 0.127637 -0.254426
v -0.134291 0.127994 -0.244456
v -0.122378 0.126263 -0.244568
v -0.120072 0.135366 -0.242671
v -0.122049 0.124288 -0.230379
v -0.119146 0.132196 -0.228478
v -0.127390 0.142776 -0.226867
v -0.118179 0.126985 -0.205976
v -0.125380 0.136111 -0.204326
v -0.135540 0.144209 -0.201606
v -0.121909 0.128610 -0.175726
v -0.130158 0.135069 -0.172923
v -0.140449 0.141388 -0.167496
v -0.148183 0.150396 -0.196002
v -0.124719 0.127205 -0.142702
v -0.132878 0.132485 -0.137602
v -0.118256 0.119345 -0.112169
v -0.125040 0.124665 -0.108246
v -0.129213 0.134714 -0.103488
v -0.117488 0.117643 -0.079684
v -0.121251 0.126724 -0.075838
v -0.119273 0.137762 -0.073018
v -0.112845 0.119728 -0.048623
v -0.111850 0.129051 -0.046236
v -0.106884 0.137774 -0.045144
v -0.104792 0.121462 -0.021228
v -0.101379 0.129114 -0.020278
v -0.095950 0.134843 -0.020085
v -0.096221 0.121125 0.003231
v -0.091968 0.126186 0.003708
v -0.086780 0.129716 0.003909
v -0.087118 0.118506 0.026925
v -0.082375 0.121476 0.027005
v -0.077385 0.123175 0.026788
v -0.076160 0.114258 0.048554
v -0.071643 0.115259 0.047996
v -0.067198 0.115010 0.047224
v -0.066143 0.109063 0.065733
v -0.062647 0.108175 0.064854
v -0.060424 0.105418 0.063460
v -0.059261 0.103469 0.076749
v -0.057528 0.100489 0.075555
v -0.056282 0.097276 0.074475
v -0.057294 0.100237 0.085862
v -0.060296 0.101921 0.086108
v -0.059123 0.099516 0.093615
v -0.056387 0.097993 0.094665
v -0.062444 0.104998 0.077567
v -0.066017 0.104851 0.077906
v -0.063629 0.102177 0.086116
v -0.070020 0.108486 0.066343
v -0.073351 0.106626 0.066658
v -0.069178 0.103440 0.078083
v -0.080142 0.111876 0.048679
v -0.082980 0.108357 0.048374
v -0.075878 0.103735 0.066530
v -0.090691 0.114120 0.026549
v -0.092412 0.108514 0.025677
v -0.084401 0.103841 0.047493
v -0.098463 0.114632 0.002201
v -0.098214 0.107879 0.000656
v -0.091628 0.102532 0.024159
v -0.105478 0.113376 -0.022995
v -0.102571 0.107105 -0.025432
v -0.095185 0.102067 -0.001258
v -0.109788 0.112300 -0.051612
v -0.104659 0.107052 -0.054261
v -0.097542 0.102131 -0.027925
v -0.111288 0.112261 -0.082843
v -0.105333 0.107246 -0.085168
v -0.099312 0.102385 -0.056484
v -0.111641 0.113320 -0.114886
v -0.109488 0.106813 -0.116635
v -0.105486 0.102734 -0.086137
v -0.117541 0.121240 -0.145352
v -0.112341 0.114549 -0.147400
v -0.117903 0.111290 -0.147943
v -0.116208 0.106398 -0.116196
v -0.116191 0.120691 -0.177777
v -0.119933 0.116186 -0.178665
v -0.130560 0.116171 -0.178408
v -0.127833 0.110500 -0.147586
v -0.121433 0.120819 -0.206921
v -0.132466 0.121678 -0.207111
v -0.147063 0.119334 -0.207001
v -0.142865 0.112590 -0.177660
v -0.133350 0.125749 -0.230465
v -0.150257 0.124173 -0.229121
v -0.167826 0.111560 -0.227750
v -0.162361 0.107237 -0.207611
v -0.151823 0.126968 -0.242004
v -0.170551 0.114316 -0.239178
v -0.178366 0.090008 -0.240315
v -0.175039 0.088696 -0.229330
v -0.153495 0.129112 -0.252449
v -0.173186 0.116478 -0.248881
v -0.181157 0.090543 -0.249088
v -0.174833 0.063174 -0.243074
v -0.161715 0.044015 -0.246766
v -0.159037 0.044602 -0.236031
v -0.171844 0.063305 -0.232231
v -0.154042 0.045030 -0.218137
v -0.166441 0.063102 -0.214078
v -0.169413 0.086518 -0.210622
v -0.156714 0.062078 -0.180825
v -0.160047 0.082549 -0.178505
v -0.155235 0.100924 -0.177149
v -0.151017 0.078023 -0.145988
v -0.147998 0.094631 -0.145378
v -0.138716 0.106046 -0.146426
v -0.140408 0.088290 -0.114018
v -0.133783 0.099344 -0.114573
v -0.124837 0.104650 -0.115684
v -0.128460 0.093273 -0.083353
v -0.121106 0.099148 -0.084353
v -0.112915 0.101711 -0.085488
v -0.116008 0.094670 -0.054852
v -0.108408 0.097836 -0.056025
v -0.100964 0.099298 -0.056962
v -0.103826 0.094133 -0.027972
v -0.096267 0.095780 -0.029310
v -0.092782 0.098147 -0.029632
v -0.092678 0.092102 -0.003161
v -0.088141 0.092935 -0.003714
v -0.090401 0.097177 -0.003095
v -0.083358 0.090591 0.020475
v -0.084368 0.093687 0.021178
v -0.088677 0.097601 0.022614
v -0.078271 0.091139 0.044549
v -0.081722 0.095091 0.045510
v -0.083845 0.099177 0.046410
v -0.075126 0.093142 0.064337
v -0.076422 0.096452 0.065292
v -0.076870 0.100156 0.066094
v -0.071823 0.094184 0.077232
v -0.072145 0.097691 0.077732
v -0.071402 0.100891 0.078087
v -0.069962 0.096151 0.084965
v -0.069081 0.099191 0.085575
v -0.066758 0.101262 0.085992
v -0.067768 0.098070 0.091140
v -0.065135 0.099822 0.092057
v -0.062054 0.100145 0.092779
v -0.066596 0.097900 0.096580
v -0.065535 0.100180 0.103190
v -0.066374 0.101424 0.111897
v -0.069572 0.097248 0.114376
v -0.060944 0.101579 0.123081
v -0.069212 0.093178 0.085077
v -0.073224 0.090269 0.063498
v -0.074738 0.087702 0.063923
v -0.079077 0.088335 0.044266
v -0.083894 0.086755 0.044752
v -0.078329 0.085588 0.064940
v -0.088450 0.088891 0.021344
v -0.094098 0.086331 0.022299
v -0.087586 0.084098 0.045467
v -0.099109 0.089760 -0.002023
v -0.104637 0.085466 -0.000980
v -0.098623 0.082098 0.023211
v -0.110333 0.090361 -0.026739
v -0.114987 0.083106 -0.026172
v -0.108019 0.078814 -0.000584
v -0.122044 0.087847 -0.053871
v -0.124496 0.077541 -0.053979
v -0.116120 0.073483 -0.026548
v -0.132706 0.082538 -0.083170
v -0.132129 0.069355 -0.083813
v -0.122591 0.065941 -0.054987
v -0.141658 0.073516 -0.114498
v -0.136279 0.057906 -0.115809
v -0.125763 0.056083 -0.085390
v -0.146678 0.060022 -0.147480
v -0.134073 0.045485 -0.150293
v -0.123681 0.045848 -0.118537
v -0.144275 0.045354 -0.184185
v -0.127455 0.038034 -0.188111
v -0.118477 0.039411 -0.153482
v -0.136390 0.036569 -0.222952
v -0.120952 0.034907 -0.225637
v -0.113656 0.036535 -0.190144
v -0.141435 0.036061 -0.240251
v -0.125610 0.034197 -0.243044
v -0.111778 0.033410 -0.244505
v -0.107567 0.033318 -0.226517
v -0.145254 0.035935 -0.250746
v -0.129380 0.033786 -0.253653
v -0.115034 0.033169 -0.255293
v -0.102534 0.026246 -0.255874
v -0.100306 0.025523 -0.245097
v -0.104185 0.026795 -0.264756
v -0.096398 0.013217 -0.265036
v -0.095876 0.012510 -0.255629
v -0.093526 -0.002999 -0.255790
v -0.093173 -0.003618 -0.244610
v -0.095293 0.011683 -0.244578
v -0.092161 -0.004657 -0.225347
v -0.094294 0.010643 -0.225698
v -0.097962 0.024517 -0.226495
v -0.092081 0.009324 -0.189684
v -0.094560 0.023050 -0.190327
v -0.101498 0.033304 -0.190681
v -0.091152 0.021996 -0.155210
v -0.095176 0.033480 -0.155606
v -0.105723 0.038262 -0.154972
v -0.090409 0.034035 -0.122698
v -0.099338 0.039972 -0.122829
v -0.110276 0.041095 -0.121428
v -0.093760 0.042457 -0.091446
v -0.102727 0.043423 -0.090127
v -0.114178 0.046895 -0.087933
v -0.095379 0.045860 -0.060701
v -0.105627 0.048433 -0.059032
v -0.116216 0.054877 -0.056619
v -0.098896 0.051203 -0.031697
v -0.107394 0.055348 -0.029366
v -0.113682 0.063506 -0.027523
v -0.099203 0.057222 -0.003194
v -0.105131 0.062825 -0.001822
v -0.108252 0.070795 -0.000949
v -0.097719 0.063324 0.022810
v -0.100724 0.069482 0.023507
v -0.101082 0.076191 0.023687
v -0.092491 0.070670 0.047035
v -0.092708 0.075842 0.046983
v -0.090730 0.080613 0.046352
v -0.085812 0.076844 0.067024
v -0.084192 0.080754 0.066669
v -0.081365 0.083873 0.065882
v -0.078924 0.079987 0.078863
v -0.076794 0.082508 0.078377
v -0.074184 0.084637 0.077606
v -0.074261 0.081798 0.086342
v -0.071664 0.083959 0.086119
v -0.076223 0.079627 0.086888
v -0.075616 0.078760 0.091279
v -0.075778 0.073391 0.091314
v -0.075520 0.071051 0.087257
v -0.073357 0.068890 0.086329
v -0.077103 0.068030 0.077730
v -0.074611 0.066570 0.076973
v -0.070998 0.065127 0.075999
v -0.067598 0.064141 0.074981
v -0.076615 0.064267 0.064253
v -0.072225 0.063176 0.063326
v -0.069497 0.061002 0.062887
v -0.071459 0.057376 0.063457
v -0.067857 0.060279 0.074874
v -0.074289 0.060477 0.043073
v -0.072787 0.057426 0.042998
v -0.075766 0.052138 0.043681
v -0.078235 0.046386 0.045440
v -0.073268 0.052277 0.063696
v -0.076860 0.052467 0.018138
v -0.080497 0.045210 0.019862
v -0.083100 0.037833 0.022303
v -0.084552 0.027373 0.027667
v -0.079442 0.038713 0.048923
v -0.083753 0.039068 -0.005350
v -0.086557 0.029141 -0.003585
v -0.085250 0.035646 -0.030719
v -0.087490 0.024610 -0.028861
v -0.086399 0.033542 -0.060109
v -0.087272 0.023152 -0.058165
v -0.088206 0.009699 -0.056567
v -0.087342 -0.006803 -0.056167
v -0.087346 0.023518 -0.090276
v -0.087813 0.010412 -0.089155
v -0.087272 -0.005752 -0.089005
v -0.084850 -0.019097 -0.089953
v -0.084835 -0.019439 -0.056828
v -0.088412 0.009729 -0.121061
v -0.088182 -0.005972 -0.121328
v -0.085946 -0.020123 -0.122776
v -0.085528 -0.032255 -0.124591
v -0.083255 -0.029519 -0.091107
v -0.088306 -0.006576 -0.154385
v -0.088115 -0.020561 -0.155567
v -0.089435 -0.032781 -0.157013
v -0.097676 -0.040895 -0.157465
v -0.090565 -0.042531 -0.124911
v -0.090040 -0.020243 -0.190779
v -0.092741 -0.032686 -0.191898
v -0.103522 -0.039427 -0.191981
v -0.116678 -0.042622 -0.191097
v -0.108613 -0.043029 -0.156739
v -0.096448 -0.031950 -0.226564
v -0.108741 -0.038539 -0.226705
v -0.124870 -0.042194 -0.225230
v -0.140959 -0.052044 -0.222097
v -0.131525 -0.050132 -0.188880
v -0.111346 -0.037959 -0.244883
v -0.129097 -0.042111 -0.242440
v -0.146169 -0.053461 -0.238973
v -0.152881 -0.074611 -0.237007
v -0.148394 -0.070947 -0.220294
v -0.131510 -0.042010 -0.253444
v -0.149426 -0.054512 -0.250012
v -0.113016 -0.037567 -0.255932
v -0.097958 -0.031600 -0.245795
v -0.098952 -0.030950 -0.257091
v -0.093186 -0.018360 -0.245462
v -0.093801 -0.017743 -0.256603
v -0.091936 -0.019058 -0.225918
v -0.090335 -0.006035 -0.189777
v -0.089516 0.008793 -0.154318
v -0.088478 0.022873 -0.121799
v -0.087591 0.034474 -0.091345
v -0.088006 0.042622 -0.061276
v -0.083775 0.044405 -0.032278
v -0.090374 0.049191 -0.032752
v -0.080921 0.047922 -0.006572
v -0.084856 0.053036 -0.006379
v -0.091884 0.054329 -0.004817
v -0.078165 0.056683 0.018141
v -0.085247 0.057638 0.019834
v -0.092148 0.059559 0.021524
v -0.080169 0.061247 0.043999
v -0.085473 0.062723 0.045242
v -0.089838 0.065867 0.046461
v -0.080272 0.065587 0.065229
v -0.083843 0.068454 0.066232
v -0.085854 0.072478 0.066912
v -0.146134 -0.092542 -0.218801
v -0.139680 -0.085413 -0.186674
v -0.139990 -0.066198 -0.187290
v -0.149577 -0.097440 -0.235902
v -0.139820 -0.115789 -0.235112
v -0.136961 -0.111047 -0.216984
v -0.124194 -0.122161 -0.216068
v -0.121959 -0.114313 -0.185689
v -0.132831 -0.103109 -0.185945
v -0.126485 -0.126820 -0.235517
v -0.113012 -0.129250 -0.236702
v -0.111477 -0.125108 -0.215974
v -0.101456 -0.119087 -0.185895
v -0.110894 -0.118282 -0.185952
v -0.100936 -0.113407 -0.153658
v -0.109650 -0.111574 -0.153527
v -0.119513 -0.106279 -0.152544
v -0.107317 -0.104294 -0.120508
v -0.115750 -0.098011 -0.119632
v -0.122300 -0.086424 -0.119580
v -0.127996 -0.094513 -0.152357
v -0.124905 -0.071692 -0.119762
v -0.132883 -0.078239 -0.152624
v -0.121767 -0.057077 -0.120222
v -0.131088 -0.061301 -0.153312
v -0.111561 -0.047595 -0.121888
v -0.121483 -0.048358 -0.154966
v -0.100048 -0.044257 -0.123564
v -0.102395 -0.048645 -0.091146
v -0.092028 -0.045308 -0.091774
v -0.084577 -0.039127 -0.091714
v -0.086297 -0.046945 -0.059767
v -0.081879 -0.038603 -0.059053
v -0.082708 -0.029122 -0.057913
v -0.080657 -0.038619 -0.029227
v -0.082539 -0.030094 -0.027510
v -0.078837 -0.039734 -0.003684
v -0.081585 -0.032293 -0.001866
v -0.077510 -0.046792 -0.005170
v -0.082147 -0.046742 -0.030191
v -0.088834 -0.051570 -0.030169
v -0.081773 -0.052600 -0.005059
v -0.095246 -0.050218 -0.059553
v -0.103686 -0.054955 -0.058575
v -0.095586 -0.055045 -0.029447
v -0.112660 -0.055482 -0.089282
v -0.117124 -0.067031 -0.088122
v -0.109248 -0.063710 -0.057470
v -0.110166 -0.074749 -0.057339
v -0.103686 -0.070187 -0.028070
v -0.101516 -0.061210 -0.028413
v -0.116141 -0.079705 -0.087807
v -0.111325 -0.090719 -0.088025
v -0.107245 -0.085097 -0.057637
v -0.101766 -0.092471 -0.058178
v -0.098460 -0.087069 -0.028766
v -0.102319 -0.079496 -0.028293
v -0.104353 -0.097724 -0.088739
v -0.097501 -0.101522 -0.089404
v -0.095827 -0.096837 -0.058687
v -0.099456 -0.107170 -0.121117
v -0.093180 -0.108544 -0.121462
v -0.090919 -0.103833 -0.089606
v -0.095171 -0.116187 -0.153499
v -0.097910 -0.122881 -0.152325
v -0.094036 -0.114966 -0.120342
v -0.101973 -0.129849 -0.150368
v -0.097244 -0.074971 -0.002432
v -0.097475 -0.066727 -0.002359
v -0.090591 -0.065170 0.021283
v -0.086407 -0.059776 0.020633
v -0.094178 -0.059599 -0.002945
v -0.080876 -0.056247 0.019838
v -0.088128 -0.055313 -0.003945
v -0.075662 -0.053650 0.019182
v -0.075070 -0.057673 0.040247
v -0.070667 -0.054084 0.040692
v -0.072719 -0.058547 0.053676
v -0.071451 -0.054596 0.052767
v -0.080273 -0.060572 0.040566
v -0.074851 0.024511 0.052374
v -0.070507 0.029788 0.063652
v -0.074587 0.044755 0.063871
v -0.080390 0.012656 0.035060
v -0.065974 0.031171 0.072540
v -0.070140 0.047087 0.074282
v -0.069673 0.055498 0.074961
v -0.066890 0.048807 0.082378
v -0.067742 0.055892 0.081146
v -0.066559 0.032018 0.079532
v -0.071028 0.006401 0.075346
v -0.079652 0.006744 0.079519
v -0.073345 0.034150 0.083724
v -0.084525 0.005175 0.089994
v -0.080193 0.033507 0.093047
v -0.079020 0.030662 0.104359
v -0.064716 0.048173 0.119744
v -0.064424 0.044006 0.130632
v -0.050848 0.058217 0.144763
v -0.055891 0.063246 0.139977
v -0.036271 0.073744 0.159103
v -0.041538 0.079667 0.158545
v -0.015390 0.086381 0.169168
v -0.017248 0.093874 0.166496
v 0.004450 0.087270 0.172678
v 0.003747 0.096239 0.170416
v 0.003728 0.102954 0.164375
v -0.018684 0.099888 0.158547
v -0.018165 0.104434 0.160418
v -0.060255 0.040076 0.138566
v -0.044949 0.055624 0.145979
v -0.051948 0.037593 0.141530
v -0.038760 0.053620 0.144956
v -0.044412 0.036350 0.141073
v -0.032138 0.051598 0.143187
v -0.039117 0.034940 0.144987
v -0.028843 0.049942 0.147964
v -0.036492 0.034144 0.152236
v -0.026418 0.049564 0.154127
v -0.024637 0.050281 0.159863
v -0.045457 0.017339 0.142767
v -0.010326 -0.004199 -0.016847
v -0.004425 0.018347 -0.021054
v -0.004424 -0.003607 -0.020469
v -0.000100 -0.025882 -0.022957
v 0.000304 -0.003055 -0.024972
v 0.003274 -0.024933 -0.026359
v 0.009872 -0.047246 -0.028280
v 0.005099 -0.024768 -0.032947
v 0.010504 -0.046028 -0.033996
v 0.007040 -0.024920 -0.039534
v 0.010938 -0.045552 -0.039373
v 0.018314 -0.060961 -0.039743
v 0.008767 -0.046630 -0.042137
v 0.014268 -0.062300 -0.040393
v 0.020413 -0.074019 -0.039207
v 0.023519 -0.071188 -0.039831
v 0.030733 -0.081476 -0.039142
v 0.032548 -0.077936 -0.040034
v 0.047146 -0.089223 -0.039894
v 0.048171 -0.083658 -0.041034
v 0.048007 -0.082560 -0.037913
v 0.065526 -0.084149 -0.042054
v 0.066545 -0.090023 -0.041760
v 0.083115 -0.081868 -0.043988
v 0.081322 -0.076860 -0.040599
v 0.098163 -0.070229 -0.046252
v 0.096259 -0.066854 -0.039300
v 0.108653 -0.056452 -0.049316
v 0.107905 -0.054074 -0.040468
v 0.117823 -0.041964 -0.052167
v 0.117114 -0.039826 -0.044666
v 0.121932 -0.028051 -0.047856
v 0.114254 -0.060513 -0.050509
v 0.122360 -0.045530 -0.052613
v 0.120190 -0.064430 -0.053825
v 0.127038 -0.049254 -0.056571
v 0.134155 -0.039989 -0.062517
v 0.134516 -0.041255 -0.071357
v 0.141025 -0.035027 -0.068926
v 0.139884 -0.033307 -0.060122
v 0.149022 -0.030835 -0.066166
v 0.146274 -0.028876 -0.057069
v 0.155508 -0.021295 -0.064597
v 0.153421 -0.020614 -0.054915
v 0.161172 -0.009045 -0.064270
v 0.157882 -0.007849 -0.055063
v 0.154883 -0.005934 -0.047365
v 0.159429 0.005415 -0.056066
v 0.155478 0.006892 -0.048828
v 0.153200 0.009094 -0.042273
v 0.151341 -0.003283 -0.041386
v 0.146440 0.009402 -0.039774
v 0.146907 -0.000717 -0.036206
v 0.141597 0.011295 -0.036201
v 0.144357 0.019476 -0.044079
v 0.163218 0.004694 -0.065307
v 0.158750 0.015826 -0.066290
v 0.162213 0.004371 -0.076349
v 0.158041 0.016251 -0.075831
v 0.153588 0.025447 -0.066150
v 0.159240 0.003861 -0.087504
v 0.154049 0.002604 -0.096955
v 0.147397 0.000984 -0.102731
v 0.142770 -0.000667 -0.107436
v 0.142616 -0.002733 -0.113286
v 0.143200 -0.004872 -0.122602
v 0.140703 -0.024871 -0.121858
v 0.141395 -0.025867 -0.138247
v 0.145293 -0.007456 -0.137161
v 0.137385 -0.040145 -0.121896
v 0.139544 -0.039590 -0.140482
v 0.141972 -0.038939 -0.164821
v 0.143949 -0.024509 -0.165101
v 0.133162 -0.048934 -0.122919
v 0.136000 -0.048982 -0.142934
v 0.138987 -0.048560 -0.164694
v 0.141260 -0.048915 -0.187434
v 0.144315 -0.039995 -0.189489
v 0.129875 -0.056757 -0.144427
v 0.133250 -0.056065 -0.164791
v 0.135839 -0.055765 -0.186002
v 0.137213 -0.056189 -0.202412
v 0.131297 -0.062508 -0.184012
v 0.132860 -0.063030 -0.203407
v 0.136379 -0.059054 -0.219123
v 0.140921 -0.054804 -0.215346
v 0.123456 -0.062911 -0.183917
v 0.127502 -0.064171 -0.203345
v 0.131233 -0.063360 -0.221587
v 0.136592 -0.055357 -0.236460
v 0.140961 -0.050909 -0.232097
v 0.121657 -0.063194 -0.203306
v 0.125658 -0.063991 -0.221839
v 0.130234 -0.057083 -0.238260
v 0.122333 -0.063496 -0.220542
v 0.126293 -0.056634 -0.238786
v 0.132287 -0.039113 -0.248819
v 0.137124 -0.042777 -0.252238
v 0.144519 -0.043420 -0.250657
v 0.147075 -0.038683 -0.246163
v 0.143318 -0.027760 -0.265230
v 0.150011 -0.028803 -0.264642
v 0.152811 -0.024682 -0.259579
v 0.154913 -0.020165 -0.254601
v 0.150191 -0.034981 -0.242270
v 0.153625 -0.018124 -0.273120
v 0.146827 -0.016870 -0.272688
v 0.149917 -0.009219 -0.278240
v 0.141923 -0.012368 -0.267666
v 0.144492 -0.005376 -0.273681
v 0.146751 0.000341 -0.278355
v 0.142279 0.000136 -0.265914
v 0.143485 0.005272 -0.271061
v 0.145953 0.009523 -0.274753
v 0.140539 0.012143 -0.262464
v 0.142225 0.016328 -0.267425
v 0.146303 0.019604 -0.269937
v 0.136685 0.027227 -0.256072
v 0.140093 0.030846 -0.260224
v 0.146099 0.032589 -0.260691
v 0.152193 0.021551 -0.269615
v 0.150353 0.031298 -0.257971
v 0.154528 0.019611 -0.264263
v 0.151206 0.026435 -0.252187
v 0.155484 0.015709 -0.258262
v 0.155170 0.023450 -0.246426
v 0.158839 0.012281 -0.253472
v 0.156080 0.019184 -0.240670
v 0.159868 0.007516 -0.247568
v 0.149077 0.039087 -0.237457
v 0.145277 0.041591 -0.242030
v 0.144028 0.045185 -0.246571
v 0.136111 0.023291 -0.250280
v 0.130637 0.035274 -0.236922
v 0.139847 0.007370 -0.256430
v 0.140821 -0.006746 -0.259734
v 0.139320 0.000816 -0.249947
v 0.137443 -0.017625 -0.252043
v 0.136947 -0.010180 -0.241869
v 0.132480 -0.019662 -0.220543
v 0.127862 -0.032307 -0.202365
v 0.132240 -0.013167 -0.205805
v 0.127780 -0.028466 -0.190316
v 0.131652 -0.010034 -0.193484
v 0.127702 -0.025724 -0.181524
v 0.131124 -0.008456 -0.184535
v 0.130508 0.011713 -0.184274
v 0.130592 -0.007909 -0.177409
v 0.130207 0.010509 -0.176263
v 0.127400 0.023756 -0.173729
v 0.127485 0.025927 -0.181527
v 0.124306 0.035954 -0.177062
v 0.121931 0.046181 -0.183731
v 0.122976 0.047976 -0.201547
v 0.119765 0.052919 -0.180424
v 0.120822 0.055474 -0.199228
v 0.121779 0.058275 -0.214003
v 0.123862 0.050033 -0.215693
v 0.118999 0.059627 -0.177834
v 0.121002 0.062056 -0.197603
v 0.124670 0.062584 -0.175521
v 0.128084 0.063334 -0.196928
v 0.131317 0.061241 -0.174055
v 0.133715 0.059196 -0.196105
v 0.134448 0.054029 -0.173198
v 0.132073 0.055549 -0.151087
v 0.136672 0.048366 -0.147844
v 0.139820 0.047934 -0.171907
v 0.139666 0.039724 -0.145405
v 0.142000 0.037940 -0.170550
v 0.141649 0.025914 -0.142172
v 0.144580 0.022221 -0.168206
v 0.144875 0.010229 -0.138525
v 0.150649 0.007170 -0.164359
v 0.150376 -0.008082 -0.163485
v 0.134716 0.047372 -0.130151
v 0.130667 0.054743 -0.133057
v 0.128977 0.052913 -0.116264
v 0.133436 0.045522 -0.114761
v 0.131310 0.044952 -0.100501
v 0.129179 0.046037 -0.087903
v 0.132628 0.039954 -0.087179
v 0.130145 0.047603 -0.077764
v 0.133034 0.042051 -0.077331
v 0.130671 0.047451 -0.068026
v 0.127247 0.054367 -0.069068
v 0.130539 0.046240 -0.060014
v 0.129148 0.045108 -0.054381
v 0.122857 0.062123 -0.070123
v 0.122034 0.072426 -0.070988
v 0.112452 0.084071 -0.071350
v 0.093719 0.097875 -0.076777
v 0.097693 0.099394 -0.069202
v 0.099142 0.098860 -0.060576
v 0.073626 0.112699 -0.062459
v 0.074758 0.110638 -0.054996
v 0.075628 0.107363 -0.048819
v 0.098278 0.096005 -0.052496
v 0.076303 0.102476 -0.043248
v 0.095997 0.092241 -0.047341
v 0.075724 0.095999 -0.041738
v 0.092365 0.086081 -0.044574
v 0.104688 0.072796 -0.047151
v 0.088528 0.080433 -0.044821
v 0.099784 0.067630 -0.046736
v 0.085342 0.076308 -0.045047
v 0.098021 0.064940 -0.044066
v 0.084456 0.075330 -0.040136
v 0.099069 0.064234 -0.038107
v 0.115094 0.046947 -0.033332
v 0.122347 0.033790 -0.035582
v 0.132068 0.025010 -0.036894
v 0.126277 0.025795 -0.038788
v 0.133630 0.020302 -0.041442
v 0.072464 0.083289 -0.043558
v 0.072762 0.080989 -0.040244
v 0.054826 0.085492 -0.041372
v 0.054293 0.083853 -0.038287
v 0.052712 0.087270 -0.036840
v 0.036542 0.078538 -0.034322
v 0.033445 0.083868 -0.034994
v 0.030561 0.089227 -0.031941
v 0.050989 0.094547 -0.033894
v 0.069379 0.098037 -0.020136
v 0.020282 0.072461 -0.031643
v 0.015014 0.077149 -0.029844
v 0.011965 0.056103 -0.027627
v 0.006464 0.059246 -0.027145
v 0.006789 0.037289 -0.029084
v 0.002922 0.038696 -0.023545
v 0.002848 0.017262 -0.030792
v 0.001337 0.017721 -0.024432
v 0.001279 -0.003099 -0.031572
v 0.004971 0.017206 -0.038380
v 0.002276 -0.003260 -0.038828
v 0.003519 0.017441 -0.044123
v 0.002260 -0.004005 -0.043760
v 0.005243 -0.026381 -0.043750
v -0.002685 -0.004766 -0.044755
v -0.000770 -0.027850 -0.043765
v 0.002877 -0.048933 -0.042033
v -0.005967 -0.029097 -0.045123
v -0.001985 -0.050938 -0.043317
v 0.004637 -0.066166 -0.041884
v 0.009247 -0.064410 -0.040337
v 0.012443 -0.080011 -0.041338
v 0.016702 -0.077222 -0.039247
v 0.024356 -0.092905 -0.039468
v 0.027938 -0.086812 -0.038130
v 0.043945 -0.101437 -0.039394
v 0.045551 -0.095401 -0.038666
v 0.068111 -0.104849 -0.042334
v 0.067917 -0.098196 -0.040710
v 0.091268 -0.096649 -0.045555
v 0.087686 -0.090316 -0.042844
v 0.108510 -0.081729 -0.049407
v 0.103714 -0.076418 -0.045503
v 0.093792 -0.101984 -0.051315
v 0.067596 -0.109576 -0.047419
v 0.066940 -0.113175 -0.053252
v 0.093435 -0.104401 -0.059203
v 0.065921 -0.114434 -0.061469
v 0.091178 -0.105246 -0.068072
v 0.064184 -0.116653 -0.073554
v 0.086781 -0.107576 -0.081851
v 0.099372 -0.095680 -0.089868
v 0.084308 -0.120108 -0.100184
v 0.060875 -0.128628 -0.090455
v 0.037045 -0.124918 -0.087954
v 0.030922 -0.138636 -0.115155
v 0.040261 -0.114487 -0.069805
v 0.018659 -0.103593 -0.069447
v 0.015476 -0.113408 -0.088467
v 0.040845 -0.112529 -0.057635
v 0.018493 -0.102371 -0.057634
v 0.041358 -0.110581 -0.049224
v 0.019295 -0.100844 -0.049593
v 0.005136 -0.083901 -0.051115
v -0.002824 -0.068841 -0.052907
v 0.021854 -0.097326 -0.042902
v 0.008513 -0.082242 -0.045340
v 0.000773 -0.067838 -0.046399
v -0.004969 -0.051723 -0.048515
v -0.006700 -0.052427 -0.055686
v -0.010194 -0.031894 -0.056471
v -0.011011 -0.033020 -0.063475
v -0.008985 -0.030533 -0.049809
v -0.011460 -0.006284 -0.051047
v -0.012549 -0.006858 -0.057348
v -0.008857 -0.005601 -0.045480
v -0.009582 0.018640 -0.045393
v -0.011422 0.019319 -0.051440
v -0.002812 0.018022 -0.044209
v -0.000084 0.039800 -0.042624
v -0.006395 0.041620 -0.044084
v 0.006690 0.038210 -0.042843
v 0.012978 0.055652 -0.041204
v 0.008704 0.057615 -0.040919
v 0.007859 0.037466 -0.036896
v 0.014617 0.054735 -0.034573
v 0.023775 0.069206 -0.034572
v 0.023025 0.070150 -0.039438
v 0.036594 0.079536 -0.039504
v 0.034206 0.084707 -0.038718
v 0.019905 0.072847 -0.039088
v 0.030903 0.090690 -0.037034
v 0.013927 0.077435 -0.037840
v 0.002118 0.060957 -0.040830
v 0.010449 0.081063 -0.042559
v -0.001364 0.063833 -0.046823
v -0.007471 0.043560 -0.050848
v -0.003920 0.066740 -0.053453
v -0.008376 0.046171 -0.058597
v -0.011966 0.020116 -0.058496
v -0.012238 0.021901 -0.065550
v -0.012999 -0.007338 -0.063768
v -0.012504 0.024123 -0.072281
v -0.013397 -0.007800 -0.070305
v -0.011635 -0.034271 -0.070066
v -0.011125 -0.008395 -0.076069
v -0.008604 -0.034718 -0.075678
v -0.010449 -0.008949 -0.080767
v -0.006056 -0.034470 -0.079808
v -0.013545 -0.010076 -0.086193
v -0.009224 -0.036459 -0.085698
v -0.003756 -0.051119 -0.084007
v -0.012135 -0.038873 -0.093510
v -0.007232 -0.052848 -0.091513
v -0.003803 -0.061273 -0.089108
v -0.011867 -0.056289 -0.101292
v -0.008732 -0.065553 -0.099548
v -0.005707 -0.071360 -0.098325
v -0.001139 -0.066502 -0.086990
v -0.008726 -0.074626 -0.095927
v -0.015053 -0.081717 -0.115779
v -0.015619 -0.087392 -0.114301
v -0.010072 -0.078774 -0.093783
v -0.010817 -0.095366 -0.114035
v -0.005367 -0.084722 -0.092996
v -0.004644 -0.108740 -0.113759
v 0.001501 -0.096740 -0.091125
v 0.010523 -0.127280 -0.114929
v -0.009429 -0.114107 -0.131795
v 0.004517 -0.133910 -0.138745
v 0.024361 -0.148084 -0.139949
v 0.000886 -0.134529 -0.152064
v 0.022125 -0.151860 -0.156153
v -0.001859 -0.135996 -0.160668
v 0.020523 -0.153616 -0.164444
v 0.048036 -0.156848 -0.158937
v 0.018905 -0.157749 -0.171359
v 0.049422 -0.159859 -0.166042
v 0.076919 -0.145806 -0.154360
v 0.073864 -0.143953 -0.147884
v 0.050530 -0.160923 -0.172482
v 0.078711 -0.146471 -0.161435
v 0.097446 -0.127774 -0.150613
v 0.076761 -0.142016 -0.165652
v 0.050636 -0.154135 -0.176799
v 0.072207 -0.135164 -0.166394
v 0.069227 -0.133619 -0.160812
v 0.021703 -0.152490 -0.185363
v 0.018388 -0.160095 -0.178286
v -0.002706 -0.137523 -0.173593
v -0.004165 -0.138203 -0.167011
v -0.013877 -0.116471 -0.165679
v -0.015810 -0.062946 -0.119879
v -0.021615 -0.045568 -0.120283
v -0.019345 -0.045591 -0.145769
v -0.014422 -0.041940 -0.102802
v -0.020123 -0.013602 -0.102952
v -0.017361 -0.011878 -0.093315
v -0.014897 0.024108 -0.093869
v -0.018695 0.023053 -0.104517
v -0.012255 0.025628 -0.087957
v -0.009025 0.023708 -0.081649
v -0.008189 0.023787 -0.076964
v -0.014638 -0.047456 -0.164193
v -0.013499 -0.054859 -0.183329
v -0.004007 -0.043097 -0.210279
v -0.011146 -0.065235 -0.205451
v -0.010327 -0.086677 -0.198049
v -0.005297 -0.072771 -0.224126
v -0.005613 -0.092535 -0.218379
v 0.002067 -0.110728 -0.211845
v -0.002307 -0.106586 -0.192045
v 0.015288 -0.124481 -0.206154
v 0.012223 -0.120405 -0.191108
v 0.010364 -0.117060 -0.177951
v 0.026919 -0.129369 -0.190154
v 0.024720 -0.125706 -0.180172
v 0.044205 -0.133159 -0.187281
v 0.042140 -0.130621 -0.178479
v 0.040488 -0.128260 -0.170502
v 0.060737 -0.129737 -0.174147
v 0.038992 -0.127040 -0.162245
v 0.062497 -0.131922 -0.182313
v 0.078903 -0.123181 -0.176692
v 0.076804 -0.121991 -0.168763
v 0.092480 -0.109765 -0.170457
v 0.091209 -0.108531 -0.162300
v 0.104082 -0.093576 -0.166382
v 0.104272 -0.091897 -0.158286
v 0.109915 -0.074576 -0.167314
v 0.110345 -0.072131 -0.160459
v 0.110582 -0.070723 -0.154422
v 0.115356 -0.054202 -0.157439
v 0.117935 -0.039727 -0.158293
v 0.121424 -0.041230 -0.157413
v 0.121400 -0.043598 -0.163347
v 0.120956 -0.029259 -0.161305
v 0.124751 -0.031334 -0.162700
v 0.124447 -0.034251 -0.168979
v 0.124251 -0.037456 -0.176911
v 0.121270 -0.046703 -0.172774
v 0.127688 -0.020500 -0.167136
v 0.127729 -0.023238 -0.174371
v 0.130227 -0.007094 -0.170136
v 0.123774 -0.018408 -0.164419
v 0.125763 -0.005461 -0.166504
v 0.124602 0.007848 -0.166231
v 0.129862 0.009083 -0.169146
v 0.122036 0.019073 -0.164369
v 0.127312 0.021033 -0.166172
v 0.117981 0.007866 -0.170860
v 0.115311 0.018805 -0.168826
v 0.119341 -0.004936 -0.170640
v 0.113086 -0.003467 -0.176402
v 0.118202 -0.017365 -0.167146
v 0.111655 -0.014971 -0.173631
v 0.100948 -0.010315 -0.181243
v 0.101830 -0.000558 -0.181939
v 0.081477 -0.005617 -0.187149
v 0.082292 0.001982 -0.186563
v 0.058028 -0.001411 -0.190481
v 0.058917 0.003895 -0.190468
v 0.059060 0.007687 -0.195078
v 0.035263 0.008303 -0.190586
v 0.035035 0.010621 -0.197090
v 0.035546 0.013005 -0.203974
v 0.059428 0.010472 -0.201433
v 0.036090 0.015823 -0.212279
v 0.059930 0.013445 -0.208555
v 0.037586 0.021134 -0.224541
v 0.060213 0.018226 -0.218966
v 0.081733 0.022266 -0.215237
v 0.096713 0.032444 -0.209260
v 0.061134 0.027703 -0.235881
v 0.080815 0.031780 -0.231253
v 0.094517 0.042110 -0.226153
v 0.104977 0.054187 -0.219636
v 0.105961 0.045294 -0.201896
v 0.079697 0.041614 -0.250375
v 0.093451 0.051541 -0.247444
v 0.104539 0.063717 -0.242649
v 0.112468 0.078324 -0.234513
v 0.112424 0.067849 -0.211325
v 0.089191 0.054598 -0.266641
v 0.104485 0.065822 -0.267178
v 0.114465 0.082892 -0.263188
v 0.119245 0.099379 -0.258009
v 0.114143 0.091364 -0.227565
v 0.099695 0.065467 -0.283762
v 0.108581 0.083751 -0.284667
v 0.112921 0.101855 -0.284537
v 0.114357 0.116816 -0.284132
v 0.119078 0.112890 -0.253467
v 0.104352 0.099373 -0.302957
v 0.093946 0.094725 -0.313879
v 0.085900 0.087238 -0.323599
v 0.079684 0.064867 -0.324781
v 0.079376 0.073646 -0.336561
v 0.077324 0.081789 -0.348342
v 0.066627 0.060164 -0.347195
v 0.062610 0.068222 -0.355766
v 0.058621 0.072832 -0.365997
v 0.075823 0.086175 -0.360888
v 0.054889 0.075399 -0.377423
v 0.071476 0.083646 -0.377053
v 0.053550 0.077497 -0.387275
v 0.071783 0.084862 -0.386647
v 0.080070 0.103283 -0.381797
v 0.081465 0.122871 -0.376700
v 0.084163 0.103501 -0.389212
v 0.086024 0.124556 -0.384344
v 0.074854 0.142443 -0.385242
v 0.071006 0.139019 -0.377562
v 0.087243 0.104508 -0.395670
v 0.088775 0.125884 -0.391907
v 0.077166 0.144059 -0.392461
v 0.062140 0.155543 -0.396672
v 0.060363 0.154580 -0.389251
v 0.086264 0.126091 -0.398718
v 0.075847 0.142515 -0.399226
v 0.062079 0.154203 -0.403212
v 0.050910 0.160752 -0.408235
v 0.049298 0.162185 -0.401683
v 0.070920 0.139878 -0.404379
v 0.060481 0.151485 -0.409005
v 0.051297 0.157961 -0.413622
v 0.043129 0.162135 -0.418697
v 0.040257 0.164034 -0.413021
v 0.063652 0.153213 -0.414588
v 0.054470 0.160035 -0.418830
v 0.045921 0.163517 -0.423625
v 0.034336 0.159821 -0.423869
v 0.023690 0.158011 -0.430951
v 0.020233 0.163936 -0.426516
v 0.030375 0.164388 -0.419028
v 0.015743 0.166737 -0.418164
v 0.027138 0.166926 -0.412128
v 0.037585 0.164458 -0.406583
v 0.023801 0.167091 -0.403769
v 0.034847 0.163621 -0.399467
v 0.046659 0.161298 -0.394369
v 0.043585 0.158395 -0.386983
v 0.057073 0.151414 -0.381298
v 0.052898 0.147572 -0.373534
v 0.066434 0.134762 -0.369235
v 0.051133 0.147997 -0.363410
v 0.064658 0.135580 -0.356299
v 0.050270 0.149443 -0.351709
v 0.063926 0.139899 -0.343812
v 0.058589 0.147578 -0.328335
v 0.045690 0.154594 -0.313522
v 0.012340 0.165988 -0.408704
v 0.009443 0.153187 -0.436322
v 0.069388 0.157233 -0.419687
v 0.072978 0.141078 -0.409037
v 0.079252 0.144558 -0.413582
v 0.086598 0.148315 -0.420378
v 0.078199 0.162428 -0.426643
v 0.101708 0.156185 -0.428071
v 0.094481 0.171777 -0.434696
v 0.094259 0.132537 -0.416499
v 0.108659 0.138872 -0.425630
v 0.127934 0.147979 -0.433227
v 0.112773 0.122180 -0.430504
v 0.132424 0.133604 -0.440959
v 0.150440 0.144635 -0.445080
v 0.144136 0.157167 -0.440507
v 0.154215 0.164800 -0.449332
v 0.159967 0.169877 -0.459759
v 0.149056 0.179997 -0.461037
v 0.151363 0.181766 -0.471399
v 0.133044 0.191947 -0.473131
v 0.131727 0.189779 -0.463089
v 0.108285 0.198674 -0.473774
v 0.108797 0.196339 -0.462458
v 0.108676 0.203261 -0.481316
v 0.082584 0.200495 -0.479386
v 0.134676 0.194281 -0.480289
v 0.137233 0.198520 -0.484585
v 0.109356 0.205818 -0.487924
v 0.153602 0.183799 -0.479340
v 0.157053 0.187529 -0.482737
v 0.158527 0.188195 -0.489679
v 0.138215 0.199975 -0.491448
v 0.170379 0.174791 -0.489919
v 0.175738 0.162180 -0.492764
v 0.173651 0.154217 -0.494932
v 0.168256 0.156114 -0.499032
v 0.171281 0.144648 -0.495634
v 0.164637 0.147161 -0.499108
v 0.156811 0.150487 -0.499640
v 0.159899 0.160595 -0.499723
v 0.146359 0.155116 -0.499755
v 0.148508 0.167325 -0.499810
v 0.152436 0.175283 -0.499869
v 0.133152 0.174097 -0.499757
v 0.135760 0.184059 -0.499780
v 0.138026 0.192730 -0.499810
v 0.111593 0.187929 -0.499561
v 0.110969 0.195543 -0.499451
v 0.110234 0.201683 -0.499153
v 0.138665 0.199027 -0.497403
v 0.109671 0.206338 -0.494276
v 0.081113 0.200369 -0.499446
v 0.081066 0.203387 -0.494164
v 0.081567 0.202786 -0.486930
v 0.059595 0.194483 -0.491471
v 0.061762 0.193798 -0.483571
v 0.066128 0.189724 -0.477478
v 0.053322 0.179739 -0.474880
v 0.039672 0.172244 -0.471360
v 0.023690 0.159573 -0.467054
v 0.003632 0.155230 -0.462839
v 0.001850 0.158391 -0.471438
v -0.018978 0.146744 -0.469555
v -0.018062 0.144422 -0.458975
v 0.000156 0.160194 -0.478969
v -0.021697 0.150423 -0.478599
v -0.038600 0.126865 -0.479075
v -0.035545 0.127030 -0.469263
v -0.002169 0.160451 -0.487040
v -0.022381 0.150743 -0.486993
v -0.039641 0.126219 -0.487458
v -0.040091 0.097252 -0.484868
v -0.039149 0.099618 -0.475082
v -0.023170 0.150557 -0.494272
v -0.037688 0.124673 -0.494354
v -0.038576 0.095966 -0.492770
v -0.030179 0.074906 -0.490811
v -0.030352 0.077238 -0.483151
v -0.031942 0.122178 -0.498021
v -0.033393 0.095686 -0.497756
v -0.025341 0.077026 -0.497145
v -0.009287 0.065105 -0.497348
v -0.012594 0.060594 -0.491671
v 0.012024 0.055585 -0.491636
v 0.011114 0.056214 -0.484414
v -0.012936 0.061623 -0.483932
v 0.013364 0.060491 -0.497144
v 0.014044 0.069226 -0.498228
v 0.014321 0.081243 -0.498709
v 0.030652 0.084555 -0.498694
v 0.014297 0.097245 -0.499157
v 0.028867 0.101123 -0.499233
v 0.039451 0.104241 -0.496821
v 0.022251 0.122499 -0.499766
v 0.030855 0.125828 -0.495234
v 0.038860 0.129110 -0.491342
v 0.048034 0.107096 -0.491748
v 0.048803 0.132932 -0.491098
v 0.057338 0.110935 -0.490596
v 0.055538 0.135122 -0.496935
v 0.063773 0.112464 -0.495407
v 0.064087 0.137613 -0.499777
v 0.070762 0.114715 -0.499550
v 0.075399 0.140849 -0.499635
v 0.080667 0.118158 -0.499400
v 0.083658 0.102236 -0.499129
v 0.093721 0.121193 -0.499294
v 0.096130 0.105934 -0.499065
v 0.096786 0.094588 -0.498558
v 0.115229 0.100397 -0.498844
v 0.115940 0.091800 -0.498058
v 0.116243 0.086198 -0.493523
v 0.140236 0.113337 -0.499365
v 0.143981 0.107494 -0.499304
v 0.147039 0.101937 -0.498091
v 0.146615 0.101380 -0.491773
v 0.115285 0.085512 -0.487066
v 0.160717 0.131430 -0.499360
v 0.166357 0.126795 -0.497829
v 0.167767 0.124766 -0.492437
v 0.166505 0.124433 -0.486624
v 0.145878 0.101508 -0.484992
v 0.172745 0.143526 -0.490682
v 0.142786 0.105386 -0.479297
v 0.112936 0.091240 -0.474636
v 0.114410 0.087233 -0.479527
v 0.163327 0.125896 -0.480851
v 0.159314 0.128276 -0.475103
v 0.140269 0.107428 -0.473273
v 0.139894 0.109856 -0.462914
v 0.113193 0.094955 -0.452151
v 0.112096 0.091150 -0.466056
v 0.158013 0.129638 -0.467083
v 0.156088 0.134505 -0.454122
v 0.138693 0.119304 -0.450098
v 0.114162 0.106232 -0.440231
v 0.097422 0.116052 -0.420945
v 0.097267 0.101406 -0.430016
v 0.088600 0.112525 -0.414956
v 0.086226 0.098229 -0.422905
v 0.081894 0.110681 -0.412071
v 0.080341 0.096332 -0.418889
v 0.083282 0.108697 -0.407410
v 0.081655 0.091953 -0.415441
v 0.087987 0.106147 -0.401558
v 0.079635 0.124911 -0.403599
v 0.079709 0.125913 -0.407760
v 0.086618 0.128886 -0.410958
v 0.154207 0.134955 -0.499638
v 0.089427 0.143586 -0.499552
v 0.071193 0.160367 -0.499720
v 0.086313 0.163763 -0.499654
v 0.110367 0.164332 -0.499640
v 0.084851 0.175818 -0.499612
v 0.110825 0.177856 -0.499612
v 0.131357 0.160337 -0.499729
v 0.083588 0.186024 -0.499547
v 0.068379 0.171627 -0.499697
v 0.065225 0.180297 -0.499658
v 0.061851 0.187889 -0.499606
v 0.082507 0.193492 -0.499498
v 0.058517 0.194172 -0.497809
v 0.055715 0.166484 -0.499759
v 0.059001 0.156111 -0.499801
v 0.049299 0.152488 -0.497662
v 0.046097 0.162863 -0.498583
v 0.042248 0.149661 -0.491472
v 0.039399 0.161346 -0.492405
v 0.033552 0.146454 -0.491069
v 0.024558 0.143511 -0.493095
v 0.018705 0.142912 -0.498798
v 0.012145 0.118497 -0.499586
v 0.010625 0.138906 -0.499627
v 0.011431 0.057039 -0.477141
v -0.011998 0.063245 -0.474793
v -0.029953 0.078619 -0.473410
v -0.009211 0.066277 -0.466107
v -0.026144 0.081368 -0.461536
v -0.035522 0.103298 -0.464762
v -0.020722 0.084387 -0.452348
v -0.029206 0.106916 -0.454580
v -0.028916 0.126575 -0.458572
v -0.026161 0.108957 -0.438464
v -0.025031 0.126759 -0.441843
v -0.014464 0.142913 -0.446735
v -0.016805 0.086422 -0.437666
v -0.008729 0.090507 -0.428235
v -0.004407 0.092298 -0.420426
v 0.013057 0.072212 -0.414887
v -0.005619 0.089702 -0.411980
v 0.014279 0.071297 -0.403685
v -0.005354 0.088062 -0.399346
v -0.013400 0.111217 -0.397111
v -0.002096 0.088199 -0.382835
v 0.016042 0.072072 -0.390098
v 0.016425 0.071031 -0.379853
v -0.001807 0.089748 -0.370736
v 0.014938 0.066797 -0.370673
v -0.006073 0.088206 -0.361338
v -0.015944 0.118163 -0.354800
v -0.010865 0.086102 -0.354305
v -0.021077 0.119201 -0.346725
v -0.007847 0.139290 -0.336940
v -0.006626 0.137814 -0.348740
v -0.024796 0.118061 -0.338390
v -0.012291 0.144800 -0.328035
v 0.003693 0.159653 -0.326278
v -0.014101 0.144871 -0.315911
v 0.006645 0.161700 -0.311324
v -0.011050 0.140925 -0.305089
v -0.022647 0.113498 -0.320786
v -0.021882 0.109745 -0.309723
v -0.005630 0.135655 -0.297445
v -0.026131 0.117166 -0.330289
v -0.023379 0.082086 -0.342828
v -0.020882 0.081342 -0.333136
v -0.020953 0.082920 -0.351305
v 0.011016 0.059938 -0.353256
v -0.004337 0.060149 -0.346856
v 0.012744 0.063452 -0.361665
v 0.037019 0.063861 -0.364175
v 0.039466 0.060795 -0.354767
v 0.036005 0.067131 -0.374426
v 0.035225 0.069523 -0.384519
v 0.000382 0.056001 -0.338163
v -0.002203 0.057322 -0.325340
v -0.021275 0.081019 -0.320425
v -0.006183 0.057478 -0.309258
v -0.020583 0.079684 -0.303947
v -0.019379 0.106672 -0.296560
v -0.015161 0.080655 -0.293236
v -0.014319 0.104814 -0.287573
v -0.018467 0.078196 -0.283744
v -0.018270 0.104790 -0.276766
v -0.000764 0.135296 -0.272767
v -0.015197 0.102694 -0.264561
v 0.000248 0.130692 -0.260145
v 0.031268 0.143543 -0.259269
v 0.006037 0.123492 -0.248112
v 0.029036 0.138903 -0.244038
v 0.053440 0.144711 -0.236096
v 0.057101 0.153994 -0.252699
v 0.077211 0.138224 -0.228338
v 0.081443 0.147222 -0.249199
v 0.077528 0.151237 -0.271764
v 0.100113 0.134461 -0.248874
v 0.096394 0.138617 -0.275911
v 0.111318 0.123668 -0.250394
v 0.108512 0.127544 -0.281224
v 0.095227 0.127021 -0.222761
v 0.106107 0.116021 -0.220376
v 0.112407 0.103868 -0.222837
v 0.104157 0.112845 -0.202540
v 0.111944 0.098320 -0.202494
v 0.113614 0.083627 -0.205738
v 0.108162 0.094417 -0.189975
v 0.109721 0.077092 -0.191273
v 0.109868 0.059799 -0.195468
v 0.110618 0.072162 -0.180421
v 0.112027 0.054194 -0.183876
v 0.111386 0.068938 -0.171741
v 0.113021 0.050454 -0.175070
v 0.111865 0.066130 -0.164572
v 0.114011 0.047866 -0.168089
v 0.106376 0.086189 -0.160988
v 0.105360 0.085518 -0.152860
v 0.106293 0.088403 -0.169585
v 0.097158 0.104627 -0.169918
v 0.096397 0.102737 -0.160455
v 0.105737 0.091170 -0.179154
v 0.097168 0.107024 -0.180934
v 0.083160 0.121458 -0.185392
v 0.081075 0.120272 -0.174894
v 0.101055 0.110656 -0.190951
v 0.087353 0.124547 -0.195245
v 0.068769 0.133804 -0.202721
v 0.064371 0.132867 -0.191212
v 0.091888 0.127015 -0.205272
v 0.073934 0.139875 -0.211516
v 0.047692 0.144647 -0.219845
v 0.045584 0.135868 -0.209769
v 0.023837 0.129546 -0.216880
v 0.019901 0.126987 -0.202986
v 0.041567 0.134702 -0.197067
v 0.024820 0.136911 -0.227908
v 0.004496 0.120852 -0.234169
v 0.006766 0.114891 -0.222138
v -0.003320 0.093423 -0.226363
v -0.008119 0.089679 -0.209475
v 0.002524 0.111719 -0.206386
v -0.004878 0.096584 -0.240203
v -0.001988 0.074211 -0.246512
v -0.002602 0.070706 -0.230298
v -0.005282 0.099362 -0.253728
v -0.006551 0.076492 -0.260788
v 0.003124 0.055341 -0.264245
v 0.006949 0.055033 -0.247561
v -0.017305 0.076334 -0.270396
v -0.004170 0.052663 -0.276420
v 0.019129 0.038552 -0.278034
v 0.022056 0.043679 -0.262547
v -0.003136 0.057259 -0.288877
v 0.019575 0.043228 -0.292648
v 0.044235 0.037995 -0.292209
v 0.043113 0.035478 -0.275215
v -0.002515 0.060009 -0.297355
v 0.020929 0.048463 -0.301115
v 0.045296 0.045447 -0.301999
v 0.061860 0.049660 -0.299271
v 0.064132 0.042160 -0.286433
v 0.020850 0.046358 -0.312730
v 0.046753 0.041908 -0.315584
v 0.064833 0.048695 -0.316034
v 0.074336 0.060244 -0.310051
v 0.072166 0.057193 -0.294905
v 0.069194 0.050276 -0.332970
v 0.084128 0.057480 -0.281333
v 0.075175 0.052180 -0.282162
v 0.075771 0.049537 -0.266090
v 0.062653 0.041206 -0.270477
v 0.062397 0.035855 -0.254115
v 0.042194 0.035910 -0.259420
v 0.040243 0.030868 -0.242467
v 0.021719 0.040513 -0.245696
v 0.017728 0.031750 -0.229561
v 0.003566 0.050228 -0.232006
v 0.013891 0.025532 -0.214994
v -0.001616 0.043965 -0.216726
v -0.008116 0.065789 -0.214318
v -0.004347 0.038993 -0.202124
v 0.011845 0.021435 -0.203773
v 0.012132 0.017094 -0.194473
v -0.006020 0.033495 -0.189046
v 0.012436 0.013866 -0.186557
v -0.000969 0.107655 -0.186724
v 0.017895 0.123412 -0.187909
v -0.000213 0.104043 -0.168712
v 0.018005 0.120716 -0.175590
v 0.037997 0.128492 -0.174820
v 0.039158 0.131522 -0.185151
v 0.058443 0.128840 -0.171307
v 0.060627 0.131191 -0.180236
v 0.080099 0.118218 -0.166280
v 0.057298 0.126581 -0.163155
v 0.078596 0.116831 -0.158773
v 0.094198 0.102493 -0.152615
v 0.056415 0.124889 -0.156302
v 0.036345 0.126466 -0.158541
v 0.057568 0.130942 -0.156424
v 0.037312 0.125982 -0.165510
v 0.018957 0.119015 -0.167160
v 0.019732 0.118613 -0.161295
v 0.003603 0.104919 -0.155100
v 0.000990 0.107286 -0.155552
v 0.001354 0.103598 -0.160208
v -0.009360 0.087737 -0.147538
v -0.007105 0.089437 -0.143573
v -0.007399 0.089087 -0.144197
v -0.009609 0.078884 -0.128300
v -0.013890 0.069382 -0.128738
v -0.009799 0.080323 -0.100998
v -0.013543 0.084240 -0.125035
v -0.008093 0.087338 -0.100374
v -0.013428 0.093334 -0.118708
v -0.004178 0.081798 -0.087037
v 0.000381 0.087291 -0.085631
v -0.003863 0.095222 -0.099507
v 0.002731 0.104864 -0.097568
v -0.002431 0.114577 -0.117842
v -0.009283 0.103247 -0.117539
v 0.007355 0.096605 -0.082820
v 0.022442 0.110809 -0.079536
v 0.017911 0.120044 -0.095390
v 0.009482 0.091907 -0.070963
v 0.024265 0.107097 -0.069196
v 0.047534 0.115999 -0.067365
v 0.045983 0.120941 -0.079130
v 0.005583 0.090536 -0.063038
v 0.023480 0.105904 -0.059218
v 0.048182 0.114158 -0.058266
v 0.072228 0.113878 -0.070915
v 0.024133 0.103167 -0.050497
v 0.049013 0.111629 -0.050400
v 0.026197 0.099153 -0.044161
v 0.050208 0.107848 -0.044835
v 0.028831 0.094858 -0.039666
v 0.051855 0.103912 -0.039035
v 0.052718 0.097735 -0.039053
v 0.054068 0.091561 -0.040274
v 0.073535 0.088648 -0.042839
v 0.007266 0.084913 -0.048045
v 0.005896 0.087750 -0.054735
v 0.092893 0.101861 -0.086812
v 0.073136 0.116580 -0.081157
v 0.092023 0.111368 -0.100320
v 0.072926 0.127823 -0.098376
v 0.042780 0.131057 -0.095019
v 0.012630 0.130765 -0.118152
v 0.008141 0.137558 -0.138626
v -0.006364 0.119313 -0.135267
v -0.009401 0.120705 -0.146868
v 0.102277 0.096603 -0.100121
v 0.102078 0.104005 -0.113732
v 0.108810 0.093445 -0.110240
v 0.109338 0.099706 -0.123488
v 0.103814 0.107687 -0.125951
v 0.111574 0.100200 -0.132751
v 0.107365 0.108331 -0.134102
v 0.107104 0.094009 -0.133629
v 0.105061 0.095374 -0.141207
v 0.107781 0.090905 -0.123272
v 0.105016 0.083390 -0.122830
v 0.099297 0.092427 -0.135541
v 0.106168 0.084329 -0.109674
v 0.104293 0.076479 -0.109663
v 0.108209 0.068649 -0.108525
v 0.108640 0.074007 -0.123737
v 0.107743 0.079040 -0.137683
v 0.112385 0.064569 -0.123201
v 0.117984 0.058221 -0.121568
v 0.125154 0.058667 -0.118039
v 0.107138 0.079549 -0.146123
v 0.100576 0.093872 -0.140061
v 0.100172 0.100492 -0.148199
v 0.093781 0.110048 -0.153260
v 0.082867 0.124664 -0.160158
v 0.086905 0.129135 -0.160790
v 0.071078 0.145004 -0.168823
v 0.073989 0.149510 -0.164638
v 0.090198 0.135431 -0.158349
v 0.066251 0.140604 -0.168830
v 0.059971 0.137326 -0.161380
v -0.001714 0.108379 -0.158197
v -0.009060 0.087110 -0.147720
v 0.012199 0.059969 -0.468281
v 0.031772 0.064847 -0.466834
v 0.034122 0.062173 -0.476076
v 0.047767 0.073356 -0.473029
v 0.034986 0.062186 -0.483612
v -0.020033 0.143555 -0.498579
v -0.004599 0.159294 -0.494460
v -0.004000 0.153670 -0.498880
v 0.080861 -0.010635 -0.190731
v 0.056946 -0.006492 -0.194170
v 0.081628 -0.013262 -0.197183
v 0.056763 -0.010196 -0.201155
v 0.080914 -0.017347 -0.207114
v 0.056302 -0.014085 -0.210617
v 0.032244 -0.016119 -0.210960
v 0.031735 -0.024824 -0.228025
v 0.012865 -0.036065 -0.229511
v 0.010893 -0.025736 -0.210814
v 0.000461 -0.053013 -0.227851
v 0.015512 -0.045254 -0.245129
v 0.003877 -0.059338 -0.241608
v -0.000978 -0.077281 -0.236996
v 0.002555 -0.061466 -0.250993
v -0.004027 -0.078224 -0.246254
v -0.005370 -0.097402 -0.240849
v -0.001578 -0.095136 -0.231728
v 0.003062 -0.116343 -0.232772
v 0.005601 -0.113114 -0.225615
v 0.017849 -0.131566 -0.225820
v 0.019119 -0.127023 -0.218615
v 0.035448 -0.140221 -0.216597
v 0.035509 -0.133721 -0.211888
v 0.030705 -0.132031 -0.201559
v 0.051443 -0.136163 -0.205323
v 0.047370 -0.135400 -0.196501
v 0.067505 -0.132656 -0.199087
v 0.065196 -0.133075 -0.190945
v 0.084223 -0.123060 -0.193435
v 0.081561 -0.123653 -0.185266
v 0.093799 -0.110668 -0.179572
v 0.103386 -0.096721 -0.175750
v 0.108963 -0.079153 -0.175943
v 0.071565 -0.139714 -0.203060
v 0.089782 -0.128930 -0.198539
v 0.075616 -0.140468 -0.212165
v 0.090976 -0.128028 -0.207648
v 0.078347 -0.138530 -0.224106
v 0.094613 -0.127587 -0.223183
v 0.106691 -0.116751 -0.224874
v 0.113074 -0.105090 -0.228627
v 0.119287 -0.102091 -0.256868
v 0.115027 -0.092099 -0.234491
v 0.116661 -0.088121 -0.262333
v 0.112490 -0.078331 -0.241787
v 0.110715 -0.065312 -0.221035
v 0.108527 -0.053208 -0.200348
v 0.118279 -0.107689 -0.274338
v 0.114785 -0.094830 -0.278955
v 0.111014 -0.110676 -0.290234
v 0.108182 -0.098483 -0.292509
v 0.102867 -0.080626 -0.294208
v 0.103910 -0.099643 -0.305853
v 0.098822 -0.080148 -0.303173
v 0.086862 -0.065004 -0.297116
v 0.092085 -0.080463 -0.307760
v 0.082084 -0.067709 -0.299380
v 0.073111 -0.057555 -0.295527
v 0.075929 -0.056709 -0.291100
v 0.064181 -0.046036 -0.293677
v 0.067067 -0.043504 -0.287423
v 0.046936 -0.037684 -0.289816
v 0.048745 -0.035645 -0.282322
v 0.050009 -0.037189 -0.272490
v 0.026981 -0.034910 -0.273654
v 0.029876 -0.039064 -0.267604
v 0.030583 -0.038110 -0.259550
v 0.014268 -0.049916 -0.262786
v 0.014468 -0.047849 -0.255623
v 0.032108 -0.035220 -0.246758
v 0.001966 -0.063138 -0.258942
v 0.009275 -0.045470 -0.267926
v -0.001882 -0.061539 -0.263871
v 0.005447 -0.043158 -0.273350
v -0.008120 -0.057814 -0.266858
v 0.004392 -0.045019 -0.280518
v -0.009722 -0.057181 -0.274799
v -0.017332 -0.071661 -0.271334
v -0.019573 -0.085622 -0.275300
v -0.019833 -0.086748 -0.268047
v -0.016833 -0.106263 -0.271672
v -0.016574 -0.104692 -0.264436
v -0.005069 -0.129295 -0.269239
v -0.004279 -0.127675 -0.260742
v -0.000783 -0.123741 -0.254893
v 0.014369 -0.143163 -0.260925
v 0.018345 -0.139105 -0.254218
v 0.021295 -0.135238 -0.249328
v 0.002779 -0.120622 -0.253200
v 0.020321 -0.135463 -0.241823
v 0.002943 -0.119708 -0.247468
v 0.018257 -0.135015 -0.234055
v 0.002605 -0.118955 -0.241411
v 0.041133 -0.144055 -0.234337
v 0.038000 -0.143889 -0.224814
v 0.059728 -0.144570 -0.228952
v 0.056921 -0.146875 -0.218958
v 0.053566 -0.143609 -0.209750
v 0.041498 -0.144981 -0.244677
v 0.061987 -0.149923 -0.241360
v 0.083283 -0.143414 -0.242195
v 0.060613 -0.154051 -0.255328
v 0.085283 -0.149434 -0.259387
v 0.057488 -0.155161 -0.268256
v 0.080166 -0.148850 -0.275918
v 0.054149 -0.157118 -0.278257
v 0.073580 -0.148760 -0.288782
v 0.088466 -0.137981 -0.295787
v 0.067957 -0.148361 -0.298668
v 0.082628 -0.138690 -0.307237
v 0.090497 -0.130544 -0.310831
v 0.097296 -0.129459 -0.299862
v 0.096183 -0.124056 -0.314990
v 0.103406 -0.122680 -0.304039
v 0.099092 -0.112896 -0.316515
v 0.103665 -0.112735 -0.305464
v 0.098651 -0.098236 -0.313852
v 0.092376 -0.110960 -0.322616
v 0.089771 -0.097030 -0.317358
v 0.087174 -0.081157 -0.308865
v 0.084211 -0.078565 -0.315621
v 0.077913 -0.066465 -0.308552
v 0.079128 -0.068260 -0.302694
v 0.070036 -0.057334 -0.304584
v 0.071041 -0.058015 -0.300008
v 0.060513 -0.050811 -0.301874
v 0.061848 -0.049175 -0.297939
v 0.044945 -0.045626 -0.297414
v 0.045580 -0.041578 -0.294910
v 0.023810 -0.043650 -0.293920
v 0.023938 -0.038747 -0.288471
v 0.024840 -0.035806 -0.281570
v 0.004041 -0.048383 -0.287732
v 0.024241 -0.048131 -0.296131
v 0.044418 -0.046977 -0.301914
v 0.043075 -0.045071 -0.307960
v 0.023956 -0.047410 -0.302750
v 0.041074 -0.041683 -0.314405
v 0.022844 -0.045684 -0.309804
v -0.000051 -0.053965 -0.308482
v 0.055846 -0.042703 -0.320776
v 0.050593 -0.041593 -0.329966
v 0.057998 -0.046817 -0.313227
v 0.069701 -0.051475 -0.316488
v 0.067460 -0.047770 -0.325993
v 0.059167 -0.050476 -0.306915
v 0.069540 -0.055519 -0.309631
v 0.077538 -0.064114 -0.313942
v 0.078068 -0.060414 -0.321360
v 0.079261 -0.072173 -0.330526
v 0.079001 -0.067501 -0.339737
v 0.075883 -0.056337 -0.331435
v 0.081224 -0.075736 -0.322675
v 0.076963 -0.078339 -0.351977
v 0.069435 -0.072689 -0.358002
v 0.057349 -0.069564 -0.360514
v 0.038329 -0.067792 -0.372032
v 0.035370 -0.069546 -0.383312
v 0.016761 -0.071184 -0.380975
v 0.016872 -0.065981 -0.370380
v 0.031300 -0.066819 -0.394527
v 0.015125 -0.073677 -0.391459
v -0.002489 -0.087236 -0.386347
v -0.013691 -0.106855 -0.401933
v -0.012224 -0.110926 -0.389963
v -0.013976 -0.126636 -0.411766
v -0.012651 -0.130541 -0.403054
v -0.010230 -0.140549 -0.424429
v -0.010309 -0.122877 -0.417288
v -0.006669 -0.137208 -0.428932
v 0.002428 -0.147204 -0.435663
v -0.000569 -0.151592 -0.432797
v -0.011425 -0.119944 -0.424166
v -0.018178 -0.097553 -0.431067
v -0.019911 -0.118057 -0.431657
v -0.023927 -0.094153 -0.443989
v -0.027966 -0.115267 -0.443360
v -0.026160 -0.092720 -0.456770
v -0.028904 -0.112937 -0.456375
v -0.027909 -0.130058 -0.458782
v -0.037116 -0.111767 -0.464570
v -0.033236 -0.129974 -0.467210
v -0.024276 -0.144216 -0.471423
v -0.019963 -0.142930 -0.462943
v -0.004563 -0.153860 -0.466508
v 0.015388 -0.158455 -0.471506
v 0.017714 -0.158686 -0.462266
v 0.027919 -0.165574 -0.474061
v 0.029434 -0.166105 -0.466460
v 0.041721 -0.173419 -0.471653
v 0.043005 -0.174378 -0.462678
v 0.039502 -0.174966 -0.478013
v 0.053413 -0.187341 -0.481889
v 0.057846 -0.182961 -0.476707
v 0.036831 -0.176923 -0.485522
v 0.051498 -0.188869 -0.490588
v 0.075410 -0.202197 -0.492340
v 0.076147 -0.200976 -0.484953
v 0.037479 -0.174370 -0.491950
v 0.053125 -0.186007 -0.498443
v 0.076225 -0.198913 -0.498730
v 0.102945 -0.202445 -0.498733
v 0.102941 -0.207883 -0.493279
v 0.057272 -0.179881 -0.499355
v 0.079373 -0.191647 -0.499446
v 0.103553 -0.194848 -0.499402
v 0.125386 -0.188710 -0.499510
v 0.127333 -0.196074 -0.498498
v 0.150648 -0.182744 -0.499139
v 0.153579 -0.187893 -0.496971
v 0.129139 -0.200981 -0.495114
v 0.146010 -0.174994 -0.499605
v 0.139773 -0.165007 -0.499662
v 0.130527 -0.151721 -0.499632
v 0.141743 -0.138530 -0.499682
v 0.113727 -0.134692 -0.499556
v 0.122725 -0.120039 -0.499439
v 0.128732 -0.109550 -0.499160
v 0.149896 -0.128631 -0.499587
v 0.133236 -0.101322 -0.497717
v 0.156282 -0.121530 -0.498851
v 0.135208 -0.096440 -0.491094
v 0.160774 -0.116581 -0.493258
v 0.171790 -0.136769 -0.492099
v 0.175749 -0.153830 -0.492072
v 0.160967 -0.115786 -0.485497
v 0.172000 -0.137353 -0.485416
v 0.175329 -0.154942 -0.485699
v 0.169656 -0.138222 -0.480245
v 0.172765 -0.155879 -0.479721
v 0.168691 -0.173757 -0.480231
v 0.171395 -0.173523 -0.487554
v 0.171499 -0.171223 -0.494717
v 0.154215 -0.190661 -0.490717
v 0.152832 -0.190036 -0.483692
v 0.130421 -0.201139 -0.481158
v 0.130182 -0.202787 -0.488866
v 0.103575 -0.205358 -0.479749
v 0.103261 -0.206758 -0.486303
v 0.077772 -0.197056 -0.479745
v 0.103914 -0.199230 -0.476018
v 0.078308 -0.195156 -0.474028
v 0.058667 -0.183322 -0.469201
v 0.079150 -0.195034 -0.465675
v 0.061270 -0.182396 -0.460685
v 0.046749 -0.173175 -0.453263
v 0.065567 -0.179751 -0.448743
v 0.053010 -0.171507 -0.442565
v 0.073563 -0.173658 -0.435949
v 0.062255 -0.169065 -0.429542
v 0.053291 -0.165781 -0.424811
v 0.073072 -0.157040 -0.420986
v 0.064449 -0.153930 -0.416126
v 0.057976 -0.150509 -0.412998
v 0.075313 -0.138171 -0.409142
v 0.070175 -0.135719 -0.404653
v 0.075194 -0.140540 -0.401756
v 0.057625 -0.153463 -0.408613
v 0.079289 -0.146219 -0.395663
v 0.058161 -0.158233 -0.402388
v 0.054231 -0.159064 -0.393876
v 0.033203 -0.166512 -0.406817
v 0.086024 -0.121734 -0.401699
v 0.091965 -0.121530 -0.392668
v 0.078739 -0.119811 -0.405574
v 0.079845 -0.104502 -0.413780
v 0.085634 -0.105112 -0.417811
v 0.084253 -0.094933 -0.425494
v 0.076441 -0.094000 -0.422520
v 0.083323 -0.120927 -0.409979
v 0.092313 -0.124563 -0.415292
v 0.094580 -0.107703 -0.423162
v 0.083849 -0.142178 -0.414442
v 0.095236 -0.145932 -0.421851
v 0.102823 -0.128795 -0.422802
v 0.084866 -0.161221 -0.427791
v 0.101328 -0.167269 -0.433486
v 0.111410 -0.151375 -0.428509
v 0.090259 -0.181755 -0.442673
v 0.082863 -0.191201 -0.453495
v 0.104617 -0.198932 -0.469453
v 0.128816 -0.193469 -0.470792
v 0.129116 -0.195406 -0.478799
v 0.150625 -0.187101 -0.478682
v 0.148539 -0.183797 -0.470425
v 0.161720 -0.172372 -0.468969
v 0.158264 -0.171587 -0.457515
v 0.164166 -0.172271 -0.477253
v 0.168818 -0.156485 -0.476591
v 0.167452 -0.157221 -0.468882
v 0.163792 -0.141043 -0.469789
v 0.164427 -0.139868 -0.476972
v 0.154025 -0.121108 -0.475541
v 0.152600 -0.122723 -0.468002
v 0.158329 -0.117829 -0.479682
v 0.134661 -0.096687 -0.482935
v 0.132052 -0.099793 -0.476489
v 0.130454 -0.101483 -0.469355
v 0.103210 -0.091326 -0.469145
v 0.103463 -0.092112 -0.456916
v 0.105902 -0.093776 -0.445847
v 0.130411 -0.103393 -0.460300
v 0.105823 -0.101615 -0.438374
v 0.129875 -0.108685 -0.449811
v 0.105699 -0.112028 -0.430337
v 0.125615 -0.119917 -0.439023
v 0.119565 -0.134987 -0.430233
v 0.130379 -0.157768 -0.436278
v 0.147524 -0.166140 -0.445317
v 0.093736 -0.098034 -0.430295
v 0.093393 -0.090806 -0.437213
v 0.089969 -0.089201 -0.447646
v 0.087298 -0.086757 -0.461285
v 0.104871 -0.085864 -0.477120
v 0.084767 -0.086400 -0.474515
v 0.073184 -0.082870 -0.469646
v 0.084009 -0.079849 -0.484096
v 0.069959 -0.081136 -0.479594
v 0.059134 -0.079304 -0.476661
v 0.062252 -0.081877 -0.465917
v 0.049406 -0.074389 -0.474245
v 0.051840 -0.078235 -0.463221
v 0.037442 -0.067883 -0.471514
v 0.038915 -0.071590 -0.460569
v 0.041178 -0.075199 -0.447518
v 0.023054 -0.063277 -0.469003
v 0.037182 -0.064133 -0.478850
v 0.022102 -0.059008 -0.476714
v 0.001235 -0.058965 -0.472488
v 0.005448 -0.066356 -0.464933
v -0.019296 -0.071407 -0.467938
v -0.013789 -0.075064 -0.460059
v -0.031852 -0.090562 -0.465443
v -0.022307 -0.069833 -0.477643
v -0.035618 -0.089459 -0.475093
v -0.040373 -0.110725 -0.474547
v -0.037109 -0.089395 -0.483552
v -0.041593 -0.110675 -0.482978
v -0.039165 -0.128241 -0.484088
v -0.037092 -0.129079 -0.476201
v -0.029738 -0.143500 -0.487205
v -0.027949 -0.144635 -0.479645
v -0.040289 -0.126536 -0.491159
v -0.030763 -0.140070 -0.494177
v -0.015546 -0.150271 -0.496406
v -0.014200 -0.141657 -0.498801
v -0.011148 -0.132020 -0.499336
v 0.001793 -0.139058 -0.499525
v 0.010522 -0.142949 -0.499668
v -0.007047 -0.119140 -0.499499
v 0.005746 -0.125359 -0.499642
v 0.014884 -0.129880 -0.499733
v 0.021845 -0.132976 -0.499799
v 0.017485 -0.145568 -0.499797
v 0.010689 -0.107014 -0.499466
v 0.020494 -0.111499 -0.499599
v 0.028354 -0.115088 -0.499794
v 0.033885 -0.117537 -0.494817
v 0.026574 -0.134998 -0.494223
v 0.026218 -0.093746 -0.499101
v 0.034986 -0.098183 -0.499312
v 0.040567 -0.101177 -0.495665
v 0.047090 -0.104120 -0.491195
v 0.041357 -0.120741 -0.491020
v 0.038926 -0.086182 -0.499128
v 0.045358 -0.089374 -0.496517
v 0.030061 -0.081304 -0.498674
v 0.033154 -0.072086 -0.497934
v 0.018501 -0.076178 -0.498438
v 0.020161 -0.067030 -0.497903
v 0.021082 -0.059587 -0.496034
v 0.035344 -0.066305 -0.495745
v 0.021463 -0.057675 -0.490872
v 0.036099 -0.063466 -0.491689
v 0.021459 -0.057774 -0.484125
v 0.036476 -0.063000 -0.485317
v 0.046655 -0.069545 -0.486394
v 0.048134 -0.071075 -0.480786
v -0.001961 -0.057115 -0.488790
v -0.000809 -0.057615 -0.481326
v -0.023440 -0.069169 -0.485876
v -0.001991 -0.059077 -0.494908
v -0.024025 -0.068659 -0.493924
v -0.038033 -0.089865 -0.491396
v -0.020803 -0.072518 -0.498474
v -0.035376 -0.090951 -0.498331
v -0.041921 -0.110845 -0.490380
v 0.000329 -0.065939 -0.497472
v 0.015290 -0.089227 -0.498928
v 0.051746 -0.125485 -0.492574
v 0.043712 -0.142035 -0.491921
v 0.034111 -0.137862 -0.490796
v 0.058052 -0.108749 -0.491946
v 0.071503 -0.113456 -0.498543
v 0.063732 -0.131183 -0.498781
v 0.075795 -0.100314 -0.497681
v 0.097336 -0.106605 -0.499077
v 0.091262 -0.120701 -0.499352
v 0.077673 -0.089302 -0.496128
v 0.101378 -0.095894 -0.498612
v 0.081712 -0.082089 -0.492092
v 0.104694 -0.087117 -0.495576
v 0.106158 -0.083207 -0.486812
v 0.081382 -0.140148 -0.499578
v 0.070563 -0.158617 -0.499629
v 0.054145 -0.148247 -0.497870
v 0.062585 -0.171813 -0.499600
v 0.046922 -0.160658 -0.496941
v 0.035977 -0.153813 -0.491667
v 0.041769 -0.168003 -0.495343
v 0.029943 -0.161565 -0.491248
v 0.027467 -0.149474 -0.490686
v 0.021555 -0.146926 -0.494513
v 0.041700 -0.062583 -0.414472
v 0.089741 -0.121951 -0.323995
v 0.085056 -0.128328 -0.320841
v 0.081361 -0.126079 -0.333151
v 0.033970 -0.150224 -0.270879
v 0.035924 -0.150524 -0.262919
v 0.013201 -0.143183 -0.269070
v 0.038101 -0.148958 -0.253934
v -0.003755 -0.128850 -0.278218
v -0.001801 -0.128538 -0.285968
v 0.121227 -0.050444 -0.185793
v 0.118962 -0.058267 -0.184818
v 0.124182 -0.040949 -0.187474
v 0.124080 -0.045550 -0.201784
v 0.120994 -0.055810 -0.202603
v 0.042764 -0.106149 -0.043613
v 0.138450 -0.022992 -0.260340
v 0.152756 -0.030667 -0.238058
v 0.145260 -0.048236 -0.229341
v 0.157778 -0.016756 -0.251082
v 0.126515 -0.055213 -0.123793
v 0.118233 -0.057658 -0.124240
v 0.124207 -0.054195 -0.107207
v 0.110888 -0.066675 -0.120266
v 0.017381 -0.113636 0.016240
v -0.036356 -0.094497 0.080593
v -0.039579 -0.091437 0.074847
v -0.043514 -0.085686 0.077807
v -0.045582 -0.079480 0.080462
v -0.049952 -0.072238 0.073908
v -0.053452 -0.070718 0.064960
v -0.061406 -0.072381 0.052855
v -0.057983 -0.070220 0.052196
v -0.033391 -0.098412 0.086495
v -0.030873 -0.102581 0.092745
v -0.030421 -0.110042 0.088669
v -0.029542 -0.114379 0.093247
v -0.029379 -0.106205 0.098389
v -0.033590 -0.107161 0.099867
v -0.034166 -0.116047 0.094702
v -0.039830 -0.115247 0.094621
v -0.038875 -0.107330 0.100363
v -0.041722 -0.121842 0.083493
v -0.090829 -0.164591 -0.205421
v -0.081367 -0.161041 -0.174143
v -0.070237 -0.159803 -0.141713
v -0.069125 -0.161517 -0.107900
v -0.070647 -0.157990 -0.075691
v -0.076870 -0.148365 -0.046754
v -0.080209 -0.135307 -0.020611
v -0.081326 -0.121998 0.003639
v -0.080158 -0.110662 0.026300
v -0.077303 -0.100901 0.046383
v -0.073061 -0.093895 0.064650
v -0.068298 -0.088619 0.079038
v -0.051230 -0.102386 0.136505
v -0.041597 -0.109448 0.148632
v -0.021279 -0.117527 0.162731
v -0.020023 -0.109427 0.162449
v -0.022025 -0.124507 0.158851
v 0.000812 -0.131303 0.166252
v 0.001479 -0.122803 0.169905
v -0.021149 -0.129352 0.151398
v 0.001045 -0.137004 0.160291
v -0.019303 -0.130645 0.146463
v 0.002559 -0.139279 0.152492
v -0.020621 -0.137560 0.144283
v 0.001426 -0.145367 0.151412
v -0.022770 -0.147517 0.140982
v 0.000076 -0.155372 0.149180
v -0.026084 -0.162610 0.134968
v -0.001293 -0.171431 0.143116
v -0.029879 -0.182123 0.121819
v -0.002438 -0.193115 0.129554
v 0.030302 -0.193144 0.128013
v -0.002164 -0.210446 0.110552
v 0.029699 -0.210233 0.108118
v 0.057768 -0.196070 0.096690
v 0.028690 -0.218376 0.090610
v 0.054915 -0.202303 0.081305
v 0.073510 -0.179467 0.068556
v 0.057035 -0.208410 0.073042
v 0.075757 -0.186527 0.060672
v 0.085024 -0.165976 0.051911
v 0.075159 -0.190583 0.053732
v 0.084552 -0.169717 0.044686
v 0.057307 -0.212696 0.065909
v 0.029869 -0.224392 0.080833
v 0.031069 -0.229152 0.074625
v -0.002165 -0.225904 0.082588
v -0.002338 -0.231037 0.075532
v -0.001850 -0.232973 0.068873
v -0.031306 -0.214567 0.071953
v -0.031801 -0.217118 0.064803
v -0.029977 -0.216806 0.058498
v -0.051500 -0.194906 0.057087
v -0.047919 -0.195545 0.050045
v -0.041646 -0.193035 0.046017
v -0.025377 -0.212541 0.053179
v -0.036111 -0.189190 0.046665
v -0.043788 -0.172225 0.040394
v -0.042357 -0.169181 0.047621
v -0.035106 -0.185981 0.053769
v -0.038441 -0.166889 0.050839
v -0.031031 -0.182636 0.056605
v -0.031484 -0.165466 0.049625
v -0.025794 -0.179946 0.054738
v -0.030093 -0.167722 0.043864
v -0.024997 -0.181638 0.048259
v -0.031120 -0.171681 0.036610
v -0.026374 -0.184824 0.041184
v -0.032029 -0.175916 0.028748
v -0.027354 -0.189003 0.033894
v -0.028274 -0.193097 0.025426
v -0.016560 -0.208314 0.032242
v -0.016738 -0.212148 0.024433
v 0.000863 -0.219335 0.029763
v -0.016026 -0.215908 0.016577
v 0.001813 -0.223162 0.023002
v 0.020073 -0.221548 0.026407
v 0.004166 -0.221505 0.015711
v 0.020199 -0.222473 0.019130
v 0.034649 -0.216831 0.016759
v 0.018516 -0.218744 0.012893
v 0.030714 -0.213504 0.011619
v 0.040127 -0.204227 0.005903
v 0.027467 -0.213053 0.006164
v 0.037898 -0.206056 0.001154
v 0.042366 -0.197845 -0.004851
v 0.038587 -0.210731 -0.003125
v 0.045554 -0.202140 -0.009813
v 0.049629 -0.193299 -0.017243
v 0.048928 -0.206340 -0.013229
v 0.040168 -0.215783 -0.005287
v 0.043225 -0.221810 -0.005875
v 0.054173 -0.211191 -0.016421
v 0.047367 -0.229459 -0.006707
v 0.059807 -0.215260 -0.019288
v 0.049675 -0.236040 -0.010928
v 0.062694 -0.219668 -0.023905
v 0.071408 -0.206514 -0.031994
v 0.062246 -0.224652 -0.031252
v 0.070843 -0.212852 -0.039623
v 0.061492 -0.231340 -0.041659
v 0.050984 -0.242547 -0.017918
v 0.051730 -0.249242 -0.028168
v 0.049764 -0.255240 -0.046104
v 0.033642 -0.259944 -0.018339
v 0.036667 -0.268920 -0.036922
v 0.019933 -0.265849 -0.012856
v 0.032621 -0.252992 -0.007130
v 0.018432 -0.258068 0.000447
v 0.003454 -0.258362 0.000599
v 0.018506 -0.249272 0.009249
v 0.002673 -0.250306 0.010086
v -0.010814 -0.245060 0.000483
v 0.005539 -0.239506 0.008393
v -0.008194 -0.237160 0.003656
v 0.018060 -0.238868 0.007570
v 0.031345 -0.236236 0.003084
v 0.032587 -0.245942 0.001012
v 0.005395 -0.217686 0.011419
v -0.011533 -0.212247 0.010739
v -0.008891 -0.211386 0.005155
v -0.034923 -0.163687 0.033349
v -0.035923 -0.157597 0.029829
v -0.029682 -0.155056 0.027649
v -0.025582 -0.142485 0.029759
v -0.020876 -0.128463 0.029836
v -0.018706 -0.121312 0.035394
v -0.046801 -0.157573 0.042705
v -0.050024 -0.159470 0.037236
v -0.055952 -0.149935 0.036392
v -0.066577 -0.150084 0.042435
v -0.061113 -0.143633 0.038898
v -0.066528 -0.159318 0.048863
v -0.061923 -0.171927 0.054951
v -0.056748 -0.167216 0.060724
v -0.047641 -0.186802 0.069592
v -0.048332 -0.183545 0.078374
v -0.056948 -0.163726 0.068788
v -0.052499 -0.191732 0.063954
v -0.028577 -0.209349 0.078154
v -0.001477 -0.219742 0.093523
v -0.028946 -0.205268 0.088522
v -0.029579 -0.196619 0.103735
v -0.048493 -0.176256 0.092694
v -0.047072 -0.164106 0.109444
v -0.055078 -0.148064 0.098510
v -0.056625 -0.157329 0.082883
v -0.060317 -0.136432 0.092775
v -0.061614 -0.144140 0.077085
v -0.051841 -0.136844 0.110527
v -0.057899 -0.128002 0.105347
v -0.042238 -0.149451 0.121736
v -0.038965 -0.137851 0.127984
v 0.002237 -0.114129 0.168402
v 0.023369 -0.107867 0.163366
v 0.002657 -0.108407 0.163272
v -0.018690 -0.104099 0.159444
v 0.002561 -0.102679 0.164665
v -0.018478 -0.098054 0.163470
v 0.003018 -0.096938 0.170474
v -0.017900 -0.091675 0.168627
v -0.040151 -0.085560 0.160723
v -0.015841 -0.083780 0.169888
v -0.039895 -0.078859 0.162945
v -0.056335 -0.072209 0.147638
v -0.056433 -0.077212 0.146360
v -0.065741 -0.071170 0.135779
v -0.037609 -0.073042 0.159379
v -0.052369 -0.066770 0.145127
v -0.013092 -0.077696 0.168031
v 0.004581 -0.079497 0.170028
v 0.003778 -0.088211 0.172931
v 0.020851 -0.088346 0.170569
v 0.019882 -0.079345 0.168413
v 0.022076 -0.096603 0.168409
v 0.041790 -0.092667 0.163788
v 0.040630 -0.085347 0.166108
v 0.022767 -0.102424 0.163439
v 0.041772 -0.098255 0.159348
v 0.060050 -0.092357 0.150895
v 0.060315 -0.087007 0.156081
v 0.072535 -0.077312 0.146623
v 0.069434 -0.072628 0.149611
v 0.058340 -0.080322 0.158834
v 0.073940 -0.081840 0.141959
v 0.081800 -0.068812 0.135473
v 0.080688 -0.065664 0.140206
v 0.093646 -0.054877 0.138380
v 0.090452 -0.049117 0.140552
v 0.078652 -0.061708 0.143954
v 0.092023 -0.055792 0.132883
v 0.104645 -0.041979 0.129983
v 0.104330 -0.039615 0.134453
v 0.103149 -0.043500 0.124013
v 0.112926 -0.025686 0.127657
v 0.076038 -0.057260 0.145379
v 0.065156 -0.066409 0.150019
v 0.073273 -0.052337 0.144012
v 0.062373 -0.060425 0.148878
v 0.050636 -0.066878 0.154218
v 0.054096 -0.072519 0.157818
v 0.035579 -0.071477 0.159385
v 0.037965 -0.077496 0.164141
v 0.047959 -0.060255 0.152368
v 0.034428 -0.064551 0.156982
v 0.045164 -0.059167 0.147008
v 0.032895 -0.061052 0.152926
v 0.042843 -0.056948 0.142175
v 0.031212 -0.058221 0.147500
v 0.019153 -0.057591 0.151480
v 0.031419 -0.053804 0.145180
v 0.019956 -0.052854 0.146798
v 0.008924 -0.049816 0.149472
v 0.007221 -0.054193 0.155272
v -0.002722 -0.044366 0.152503
v -0.004971 -0.047517 0.158989
v -0.013325 -0.034020 0.153904
v -0.015625 -0.034881 0.160999
v -0.021146 -0.036902 0.164266
v -0.024576 -0.018251 0.161397
v -0.021871 -0.018054 0.154528
v -0.025055 -0.001896 0.155572
v -0.017389 -0.017282 0.148544
v -0.020842 -0.001982 0.149144
v -0.019919 0.013946 0.150813
v -0.016809 -0.001580 0.149224
v -0.014453 0.012191 0.148636
v -0.010493 0.024965 0.150996
v -0.014347 0.011840 0.156213
v -0.009771 0.024146 0.156949
v -0.003169 0.034505 0.157200
v -0.009720 0.023920 0.164201
v -0.002808 0.034451 0.164200
v 0.006384 0.042279 0.163530
v 0.005998 0.041449 0.156536
v 0.017081 0.047260 0.162612
v 0.016334 0.046413 0.155492
v 0.029272 0.050253 0.161227
v 0.018426 0.046151 0.170212
v 0.030922 0.047930 0.168838
v 0.044089 0.047900 0.166540
v 0.032217 0.048440 0.176939
v 0.046371 0.048451 0.174614
v 0.059672 0.045407 0.170915
v 0.048534 0.052614 0.180728
v 0.063267 0.049779 0.176713
v 0.076031 0.043825 0.169730
v 0.067008 0.057412 0.180013
v 0.080921 0.050142 0.171639
v 0.092659 0.039322 0.162912
v 0.085436 0.055855 0.173584
v 0.098031 0.043619 0.164079
v 0.109386 0.028641 0.157849
v 0.102131 0.025259 0.157591
v 0.115965 0.012545 0.156519
v 0.106921 0.010966 0.156864
v 0.117098 -0.001751 0.155337
v 0.125052 0.014634 0.155277
v 0.127787 -0.001939 0.153221
v 0.121063 -0.019503 0.155910
v 0.130051 -0.022279 0.154301
v 0.117115 -0.037594 0.159565
v 0.135172 -0.024207 0.151253
v 0.121587 -0.041564 0.156690
v 0.140681 -0.030035 0.149805
v 0.126823 -0.045824 0.155922
v 0.145189 -0.035154 0.150701
v 0.132301 -0.050106 0.155494
v 0.119077 -0.064033 0.161490
v 0.110800 -0.078849 0.166797
v 0.107117 -0.074963 0.166501
v 0.112119 -0.078475 0.173373
v 0.115607 0.031965 0.158794
v 0.122720 0.035719 0.159609
v 0.109265 0.052106 0.167210
v 0.109246 0.054253 0.162624
v 0.124857 0.038176 0.154614
v 0.103234 0.047129 0.166292
v 0.089645 0.060540 0.175131
v 0.093116 0.065797 0.173919
v 0.074361 0.079049 0.183015
v 0.074695 0.082797 0.177488
v 0.093841 0.069205 0.169416
v 0.072288 0.070733 0.184749
v 0.050902 0.075095 0.188077
v 0.051258 0.082366 0.186241
v 0.069615 0.064511 0.182376
v 0.050482 0.067887 0.186799
v 0.031460 0.066717 0.189983
v 0.029860 0.074765 0.190519
v 0.049856 0.060057 0.184255
v 0.032815 0.059013 0.187792
v 0.018186 0.055258 0.189432
v 0.015577 0.062223 0.191241
v 0.033180 0.052107 0.183947
v 0.019265 0.049699 0.184927
v 0.007004 0.044566 0.185518
v 0.005142 0.048918 0.190313
v 0.019086 0.046874 0.178000
v 0.007441 0.042544 0.178630
v -0.002064 0.034536 0.179029
v -0.003467 0.036299 0.185941
v 0.007242 0.041940 0.171070
v -0.001615 0.033811 0.171617
v -0.008605 0.023257 0.171903
v -0.008712 0.023378 0.179547
v -0.011824 0.010187 0.179889
v -0.014559 0.010049 0.186891
v -0.010687 0.024269 0.186754
v -0.012955 0.010821 0.172033
v -0.014043 -0.002725 0.172183
v -0.012616 -0.003448 0.180321
v -0.014828 0.011563 0.163946
v -0.016795 -0.002249 0.164014
v -0.013571 -0.016648 0.164818
v -0.011532 -0.016656 0.172700
v -0.016366 -0.001675 0.156431
v -0.013456 -0.016423 0.157772
v -0.007391 -0.029976 0.159585
v -0.007707 -0.030343 0.166351
v -0.013164 -0.016310 0.150775
v -0.007594 -0.030130 0.152696
v 0.002001 -0.038632 0.154355
v 0.001766 -0.039520 0.160811
v -0.009703 -0.031961 0.149082
v 0.000454 -0.040690 0.148704
v 0.011557 -0.044735 0.149703
v 0.012261 -0.044515 0.155572
v 0.022249 -0.048488 0.149320
v -0.013891 0.025716 0.193160
v -0.005972 0.038965 0.191174
v -0.010219 0.042966 0.192887
v 0.002036 0.053962 0.191987
v -0.014098 0.046340 0.192534
v -0.001998 0.058864 0.191681
v 0.012251 0.069007 0.191027
v -0.006279 0.063137 0.189913
v 0.008148 0.074205 0.189281
v 0.027949 0.083061 0.188678
v 0.026413 0.087919 0.185347
v 0.051821 0.085934 0.181521
v 0.024236 0.091575 0.182527
v 0.051800 0.091121 0.180958
v 0.075935 0.086521 0.174180
v 0.102274 0.079317 0.168453
v 0.097170 0.073874 0.167873
v 0.119485 0.063538 0.161370
v 0.114228 0.059287 0.161238
v 0.134555 0.045854 0.154686
v 0.129879 0.041885 0.154504
v 0.147889 0.028593 0.148670
v 0.138146 0.047670 0.158319
v 0.150306 0.029329 0.153006
v 0.158137 0.015981 0.149459
v 0.163412 0.007333 0.152120
v 0.164871 0.000567 0.151504
v 0.164939 0.007853 0.158604
v 0.166746 0.000752 0.158241
v 0.166856 0.008412 0.166722
v 0.168975 0.000945 0.166931
v 0.167876 -0.006501 0.168009
v 0.172610 0.001805 0.179064
v 0.172053 -0.005845 0.181552
v 0.176105 0.003010 0.194742
v 0.169409 0.009134 0.178456
v 0.178587 0.003056 0.206962
v 0.180848 0.002570 0.217449
v 0.182668 0.001218 0.227621
v 0.184422 0.000463 0.239686
v 0.183536 0.000831 0.254286
v 0.181439 0.001085 0.268010
v 0.173137 0.008896 0.285128
v 0.177258 0.000664 0.286232
v 0.174004 -0.008156 0.284539
v 0.166860 -0.015827 0.281343
v 0.169517 -0.001078 0.307553
v 0.167123 -0.009821 0.306214
v 0.161567 -0.018442 0.302163
v 0.155950 -0.029988 0.295731
v 0.161560 -0.028456 0.277575
v 0.153010 -0.009517 0.324568
v 0.147961 -0.019736 0.319923
v 0.143550 -0.033974 0.312050
v 0.130439 -0.023330 0.337453
v 0.127120 -0.041817 0.330171
v 0.101885 -0.029477 0.360463
v 0.099663 -0.052008 0.350677
v 0.096109 -0.075386 0.331627
v 0.093610 -0.089004 0.310790
v 0.067362 -0.056438 0.361703
v 0.066892 -0.080991 0.342909
v 0.066200 -0.096019 0.321261
v 0.064471 -0.102444 0.303844
v 0.090604 -0.093727 0.294672
v 0.036784 -0.077900 0.344316
v 0.038746 -0.094460 0.322384
v 0.040104 -0.101736 0.306961
v 0.041262 -0.105862 0.294846
v 0.061805 -0.106649 0.290793
v 0.013882 -0.094176 0.312186
v 0.019558 -0.099652 0.297319
v 0.023303 -0.103171 0.287350
v 0.005109 -0.099087 0.277211
v 0.013359 -0.101720 0.270063
v 0.014779 -0.119377 0.261745
v 0.011814 -0.101854 0.247625
v 0.015020 -0.115244 0.236824
v -0.003222 -0.095298 0.255718
v -0.006476 -0.092553 0.291694
v -0.021110 -0.086602 0.265888
v -0.028648 -0.078350 0.250620
v -0.038123 -0.069985 0.286215
v -0.046211 -0.060773 0.264834
v -0.035309 -0.073852 0.240361
v -0.042079 -0.074574 0.235750
v -0.058922 -0.049604 0.235002
v -0.045271 -0.067507 0.226582
v -0.028274 -0.081322 0.218678
v -0.045546 -0.056706 0.214903
v -0.031839 -0.073036 0.210596
v -0.033914 -0.065369 0.201305
v -0.045581 -0.046501 0.307788
v -0.018217 -0.076859 0.315176
v 0.007196 -0.077641 0.335739
v 0.037481 -0.054510 0.362305
v 0.092059 -0.100995 0.275085
v 0.089056 -0.095869 0.281673
v 0.118166 -0.086093 0.269748
v 0.118521 -0.082964 0.276865
v 0.138857 -0.067801 0.265039
v 0.138676 -0.066415 0.271733
v 0.154791 -0.046535 0.263596
v 0.153994 -0.046187 0.273999
v 0.138103 -0.068469 0.258588
v 0.154610 -0.047615 0.255254
v 0.133966 -0.066245 0.253822
v 0.150856 -0.045902 0.250528
v 0.131715 -0.060881 0.252946
v 0.144734 -0.041660 0.250469
v 0.129146 -0.057246 0.249860
v 0.141040 -0.040634 0.244688
v 0.149939 -0.026922 0.240255
v 0.139840 -0.041862 0.237757
v 0.147776 -0.027570 0.234278
v 0.143905 -0.045334 0.236624
v 0.152522 -0.031437 0.233244
v 0.149134 -0.049917 0.236102
v 0.158109 -0.036263 0.232297
v 0.150484 -0.052072 0.231651
v 0.160144 -0.039289 0.228794
v 0.138957 -0.065843 0.234642
v 0.137191 -0.064357 0.239570
v 0.126068 -0.076098 0.242753
v 0.131856 -0.060997 0.240474
v 0.127996 -0.057138 0.243894
v 0.115621 -0.084846 0.246209
v 0.108236 -0.089057 0.249454
v 0.113821 -0.079982 0.256152
v 0.135826 -0.012728 0.343795
v 0.104411 -0.015399 0.364854
v 0.139999 -0.002490 0.348025
v 0.107324 -0.003931 0.371021
v 0.070174 -0.005863 0.383167
v 0.055172 -0.008749 0.392776
v 0.137137 0.008654 0.345539
v 0.156351 -0.001799 0.326984
v 0.153410 0.008121 0.324426
v 0.148263 0.016649 0.319997
v 0.130709 0.018050 0.338655
v 0.141503 0.031713 0.312233
v 0.127740 0.034984 0.334453
v 0.101049 0.036648 0.358579
v 0.117882 0.060599 0.322332
v 0.094839 0.063265 0.345698
v 0.066084 0.061711 0.358526
v 0.083235 0.089095 0.323371
v 0.060999 0.089327 0.334886
v 0.072591 0.100742 0.303464
v 0.103116 0.083428 0.306558
v 0.088633 0.094903 0.294235
v 0.115030 0.078060 0.289959
v 0.129593 0.055803 0.301915
v 0.142124 0.056406 0.285677
v 0.124366 0.077904 0.277242
v 0.145885 0.057061 0.271462
v 0.127505 0.078367 0.267843
v 0.146418 0.058256 0.261785
v 0.128740 0.079212 0.260804
v 0.144597 0.058434 0.253271
v 0.126434 0.076937 0.255306
v 0.138202 0.054252 0.252437
v 0.146539 0.032942 0.247258
v 0.132766 0.051305 0.249754
v 0.144720 0.034408 0.240386
v 0.131511 0.052861 0.242695
v 0.146082 0.038078 0.235456
v 0.153257 0.024744 0.232606
v 0.158545 0.030440 0.231877
v 0.151652 0.043717 0.234916
v 0.159726 0.033741 0.276655
v 0.165649 0.017240 0.281383
v 0.153675 0.032940 0.296176
v 0.160862 0.017944 0.301397
v 0.167172 0.008907 0.305562
v 0.123839 0.066713 0.164335
v 0.106343 0.084151 0.170486
v 0.110024 0.080576 0.176819
v 0.024844 0.098674 0.184710
v 0.025516 0.104643 0.188056
v 0.026273 0.103149 0.192919
v 0.009835 0.095968 0.200266
v 0.027010 0.100725 0.198187
v 0.049923 0.100436 0.195506
v 0.027760 0.099251 0.204079
v 0.049290 0.098968 0.201717
v 0.068869 0.095703 0.199689
v 0.069077 0.096920 0.192918
v 0.085924 0.095286 0.197997
v 0.068238 0.096969 0.207967
v 0.088744 0.097838 0.210046
v 0.101453 0.092714 0.211679
v 0.101104 0.096193 0.229824
v 0.108914 0.090870 0.230191
v 0.110487 0.086064 0.211218
v 0.048780 0.099399 0.208175
v 0.029204 0.099671 0.210632
v 0.031545 0.102267 0.217677
v 0.018747 0.100783 0.221476
v 0.021034 0.108105 0.226822
v 0.033987 0.112798 0.221029
v 0.014248 0.097612 0.213636
v 0.003187 0.095202 0.218039
v 0.009983 0.099465 0.226292
v 0.011422 0.095824 0.206528
v -0.000209 0.092083 0.207427
v -0.007580 0.089173 0.208593
v -0.001768 0.092110 0.200090
v -0.009285 0.087660 0.199431
v -0.012724 0.081225 0.201050
v -0.010923 0.082649 0.210945
v -0.014455 0.082558 0.193800
v -0.022724 0.073832 0.196740
v -0.021476 0.074413 0.204624
v -0.032599 0.061891 0.207175
v -0.033598 0.064398 0.217622
v -0.020511 0.077073 0.213945
v -0.032640 0.060851 0.199699
v -0.043640 0.039701 0.200737
v -0.044587 0.040168 0.207730
v -0.031999 0.059717 0.193263
v -0.028682 0.057138 0.188107
v -0.023147 0.053364 0.187339
v -0.018716 0.049940 0.190427
v -0.047694 0.042474 0.218930
v -0.052225 0.045533 0.237781
v -0.034816 0.069128 0.234724
v -0.053843 0.048100 0.267511
v -0.033806 0.074663 0.261862
v -0.046678 0.049223 0.300813
v -0.027056 0.077323 0.295673
v -0.027191 0.047084 0.333834
v 0.021739 0.121515 0.235570
v 0.039638 0.125899 0.232374
v 0.027977 0.128076 0.256161
v 0.046899 0.133569 0.254042
v 0.068568 0.125605 0.252106
v 0.050598 0.126728 0.273542
v 0.051545 0.117731 0.287465
v 0.056864 -0.055501 0.139642
v 0.059728 -0.057178 0.145275
v 0.071179 -0.050692 0.138093
v -0.091272 -0.230236 -0.256441
v -0.092532 -0.230646 -0.264033
v -0.081936 -0.226150 -0.265497
v 0.040281 0.060689 0.152842
v 0.056314 0.055870 0.138923
v 0.058469 0.057500 0.144373
v 0.072332 0.048496 0.134232
v 0.069310 0.045657 0.132714
v 0.000944 0.186404 0.135747
v 0.027804 0.165501 0.146080
v 0.046968 0.142766 0.143402
v 0.062977 0.123480 0.136270
v -0.046894 0.126508 0.064443
v 0.078987 0.108988 0.012714
v 0.076478 0.113515 0.018619
v 0.072793 0.113042 0.024283
v 0.038395 0.133825 0.001619
v 0.005516 0.213250 0.042013
v 0.021429 0.208259 0.047552
v 0.021870 0.213968 0.040305
v 0.022285 0.218435 0.031776
v 0.036016 0.214631 0.028557
v 0.035589 0.217523 0.021669
v 0.022479 0.221037 0.023062
v 0.046799 0.206022 0.024412
v 0.046829 0.208751 0.018543
v 0.033159 -0.177743 -0.075623
v 0.033796 -0.171653 -0.067128
v -0.020997 -0.265934 -0.121421
v -0.025021 -0.267560 -0.116057
v -0.028086 -0.268440 -0.108145
v 0.071719 -0.263781 -0.157536
v 0.069655 -0.262009 -0.147422
v 0.070156 -0.269068 -0.145681
v 0.072264 -0.271206 -0.156192
v 0.070117 -0.277294 -0.143702
v 0.069648 -0.278753 -0.156392
v 0.066174 -0.286194 -0.142087
v 0.068095 -0.264830 -0.134208
v 0.070643 -0.259100 -0.136423
v 0.073297 -0.250104 -0.128248
v 0.074993 -0.242797 -0.133727
v 0.076051 -0.238461 -0.126952
v 0.072591 -0.244650 -0.120227
v 0.074824 -0.232855 -0.122263
v 0.070424 -0.238487 -0.115237
v 0.071160 -0.226588 -0.120116
v 0.076978 -0.220636 -0.131819
v 0.071737 -0.215697 -0.131985
v 0.065475 -0.220732 -0.120461
v 0.079984 -0.226314 -0.133771
v 0.082365 -0.216426 -0.144938
v 0.080559 -0.231577 -0.137494
v 0.078639 -0.236148 -0.142798
v 0.077317 -0.234399 -0.157550
v 0.085739 -0.215074 -0.156471
v 0.077293 -0.212316 -0.145134
v 0.070393 -0.210946 -0.146930
v 0.063093 -0.213995 -0.150803
v 0.077534 -0.111999 0.069555
v 0.084379 -0.101498 0.079724
v 0.091493 -0.116847 0.103528
v -0.002639 -0.016769 0.392557
v 0.004540 -0.022849 0.381912
v 0.004762 -0.024566 0.395522
v 0.002334 -0.028365 0.407390
v -0.002330 -0.018120 0.404606
v 0.016285 -0.029010 0.388241
v 0.013742 -0.027585 0.400138
v 0.009698 -0.032782 0.412125
v 0.001357 -0.041006 0.423827
v -0.005179 -0.035394 0.415897
v 0.021973 -0.026243 0.406182
v 0.016756 -0.031100 0.419069
v 0.008635 -0.039571 0.433300
v -0.014933 -0.045836 0.433545
v 0.024621 -0.027322 0.425145
v 0.027690 -0.021287 0.411990
v 0.028281 -0.026584 0.395966
v 0.035669 -0.020823 0.402896
v -0.017054 -0.038837 0.421133
v -0.026686 -0.024287 0.412556
v -0.017270 -0.024484 0.414300
v -0.008705 -0.022253 0.411463
v -0.018200 -0.009425 0.406105
v -0.024958 -0.008814 0.406129
v -0.017342 0.006708 0.401135
v -0.013539 0.019957 0.406477
v -0.014254 0.035525 0.415819
v -0.005792 0.030134 0.414708
v -0.006260 0.046584 0.420944
v 0.003573 0.038753 0.421330
v 0.008090 0.039648 0.430613
v -0.026137 0.041949 0.413121
v -0.066508 -0.010332 0.432486
v -0.075875 0.002540 0.422251
v -0.066612 -0.009857 0.421444
v -0.123888 0.128212 0.321761
v 0.007549 0.226685 -0.126584
v -0.003098 0.137528 -0.175739
v 0.001695 0.132240 -0.177584
v -0.013192 -0.092278 -0.147833
v -0.002945 -0.095450 -0.146393
v -0.004951 -0.095000 -0.146555
v -0.110172 -0.169450 -0.261403
v -0.020312 -0.122652 -0.344888
v -0.015184 -0.082463 -0.352967
v -0.007076 -0.144619 -0.334530
v 0.020710 -0.155281 -0.340060
v 0.007236 -0.161400 -0.326813
v 0.079112 -0.095394 0.202245
v 0.049781 -0.100055 0.195662
v 0.078957 -0.094320 0.192647
v 0.098318 -0.090497 0.191835
v 0.096913 -0.093897 0.202897
v 0.105352 -0.091336 0.217226
v 0.112620 -0.083416 0.215923
v 0.104845 -0.093914 0.229716
v 0.112950 -0.071346 0.215084
v 0.151044 -0.017680 0.189545
v 0.154456 -0.035054 0.190603
v 0.045341 0.230599 -0.148311
v 0.055468 0.226818 -0.152004
v 0.054893 0.220141 -0.147995
v 0.042941 0.223819 -0.141262
v 0.062062 0.223135 -0.159409
v 0.067888 0.220333 -0.167634
v 0.075677 0.218885 -0.172082
v 0.129127 0.026893 -0.052295
v 0.125487 0.023547 -0.050056
v 0.143707 0.027803 0.046140
v 0.154802 0.034100 0.188401
v 0.145320 0.041648 0.201214
v 0.151478 0.040758 0.199810
v 0.156381 0.034800 0.198876
v 0.158761 0.028517 0.199396
v 0.156452 0.027588 0.188901
v 0.152805 0.041120 0.208141
v 0.135578 0.063926 0.213661
v 0.134689 0.067891 0.223699
v -0.070865 -0.053792 0.058048
v -0.070617 -0.057922 0.061455
v -0.009589 -0.095858 -0.149781
v -0.046656 0.081373 0.083289
v -0.047388 0.080835 0.078187
v 0.096082 0.099802 -0.146166
v 0.100695 0.093585 -0.145941
v 0.134651 0.003630 -0.051307
v 0.128474 0.001961 -0.051251
v 0.134443 -0.001020 -0.051959
v 0.128827 -0.003351 -0.051658
v 0.134569 0.001799 -0.051564
v 0.132497 0.001472 -0.051512
v 0.132484 0.003044 -0.051288
v 0.130433 0.002490 -0.051269
v 0.130488 0.000914 -0.051493
v 0.128576 0.000428 -0.051368
v 0.132767 -0.001716 -0.051869
v 0.132444 -0.000069 -0.051725
v 0.134508 0.000432 -0.051755
v 0.128702 -0.001481 -0.051515
v 0.130577 -0.000916 -0.051630
v 0.130894 -0.002493 -0.051769
v 0.074795 0.119404 0.075446
v 0.074873 0.119556 0.073208
v 0.074007 0.121082 0.072672
v 0.074251 0.120217 0.076254
v 0.074961 0.118217 0.078269
v 0.075326 0.118280 0.076007
v 0.075511 0.118434 0.073602
v 0.075854 0.117131 0.076187
v 0.076148 0.117313 0.073997
v 0.075550 0.116944 0.078452
v 0.074432 0.118926 0.079322
v 0.075235 0.116749 0.080798
v 0.073541 0.121345 0.076784
v 0.072966 0.122914 0.072028
f 1 546 16 17
f 1 17 547 548
f 1 548 549 546
f 2 550 551 552
f 2 552 553 554
f 2 554 555 550
f 3 556 557 558
f 3 558 559 560
f 3 561 562 563
f 3 563 564 556
f 4 563 562 46
f 4 567 564 563
f 4 565 568 567
f 5 569 47 570
f 5 571 572 569
f 6 573 574 575
f 6 576 577 573
f 6 578 579 576
f 7 580 581 575
f 7 575 574 582
f 7 582 583 580
f 8 585 572 586
f 8 10 587 585
f 10 9 590 591
f 10 592 12 587
f 10 591 593 592
f 11 584 594 595
f 11 595 596 588
f 12 592 597 39
f 12 39 40 598
f 12 599 600 587
f 13 601 602 603
f 13 603 604 605
f 13 605 606 15
f 13 15 607 608
f 13 608 609 601
f 14 610 611 612
f 14 612 15 606
f 14 606 613 610
f 15 614 615 607
f 16 616 617 17
f 16 595 594 618
f 16 618 619 616
f 17 617 620 621
f 17 621 622 547
f 18 623 624 549
f 18 625 626 623
f 18 549 548 625
f 19 627 622 628
f 19 628 629 630
f 19 21 631 627
f 19 630 632 633
f 19 633 634 21
f 20 637 638 639
f 20 639 640 641
f 20 641 642 643
f 20 644 36 637
f 20 643 645 644
f 21 635 646 647
f 21 647 648 631
f 22 649 650 40
f 22 651 652 649
f 12 23 653 599
f 12 598 654 23
f 23 33 655 656
f 23 656 657 653
f 23 654 658 33
f 24 27 659 660
f 24 661 662 663
f 24 660 664 661
f 24 663 665 666
f 24 666 667 27
f 25 668 667 26
f 25 26 669 670
f 25 670 671 668
f 26 667 666 669
f 27 632 630 659
f 27 672 673 632
f 27 667 668 672
f 28 660 659 674
f 28 675 664 660
f 28 674 676 677
f 28 644 645 675
f 28 677 36 644
f 29 678 679 35
f 29 35 36 677
f 29 677 676 678
f 30 680 292 681
f 30 681 682 683
f 30 683 31 684
f 31 685 686 684
f 31 687 688 685
f 30 684 689 680
f 32 33 658 690
f 32 690 34 691
f 32 691 692 33
f 33 692 693 655
f 34 690 694 695
f 34 695 696 691
f 35 679 37 36
f 36 37 697 637
f 37 679 698 697
f 38 699 700 701
f 38 702 703 699
f 38 701 704 65
f 38 65 705 706
f 38 706 707 702
f 39 597 652 651
f 40 650 708 598
f 41 709 710 711
f 41 712 713 709
f 41 711 714 715
f 41 716 717 712
f 42 718 719 720
f 42 720 721 722
f 42 722 723 724
f 42 724 725 726
f 42 726 727 718
f 43 728 712 717
f 730 731 728 43
f 43 717 729 730
f 44 732 733 734
f 736 737 732 44
f 44 734 735 736
f 738 739 740 741
f 45 742 743 744
f 45 745 746 742
f 45 744 747 745
f 46 562 748 749
f 46 749 750 566
f 47 751 752 570
f 47 753 754 751
f 48 755 756 757
f 48 758 759 760
f 48 757 761 758
f 48 760 762 755
f 49 763 764 765
f 49 50 766 763
f 49 765 767 50
f 50 767 768 769
f 50 769 770 771
f 50 771 772 766
f 51 773 774 775
f 51 776 777 773
f 51 775 780 779
f 52 781 782 783
f 52 784 785 781
f 52 783 786 784
f 53 787 788 789
f 53 789 790 791
f 53 792 793 787
f 53 791 85 794
f 54 795 796 797
f 54 798 799 795
f 54 797 800 801
f 54 801 802 803
f 54 803 804 798
f 55 805 806 807
f 55 808 809 810
f 55 810 811 805
f 55 812 813 808
f 55 807 814 812
f 56 815 816 817
f 56 818 819 815
f 56 817 820 818
f 57 816 815 821
f 57 821 822 823
f 57 823 774 773
f 57 773 777 811
f 57 811 810 816
f 58 824 825 826
f 58 827 828 824
f 58 826 829 827
f 59 830 831 60
f 59 832 833 830
f 59 60 834 832
f 60 835 836 834
f 60 837 838 835
f 61 839 840 841
f 61 842 843 839
f 61 70 844 842
f 61 71 845 70
f 62 846 847 848
f 850 851 846 62
f 62 848 849 850
f 63 76 852 853
f 63 854 855 76
f 63 856 75 854
f 64 706 705 67
f 64 857 707 706
f 64 67 858 857
f 65 859 66 705
f 65 704 860 859
f 66 861 67 705
f 66 859 862 861
f 67 861 863 864
f 68 69 865 866
f 68 866 867 868
f 68 868 869 870
f 68 870 871 872
f 68 872 838 69
f 69 838 837 865
f 61 873 874 71
f 61 841 875 873
f 70 845 876 844
f 71 874 877 845
f 72 880 297 878
f 72 879 881 880
f 73 882 883 884
f 73 886 887 888
f 74 889 890 891
f 893 894 889 74
f 74 891 892 893
f 75 895 896 864
f 75 856 897 898
f 75 864 863 854
f 76 855 899 852
f 77 900 901 902
f 77 903 904 900
f 77 902 905 903
f 78 906 907 908
f 78 909 903 905
f 78 910 911 906
f 78 905 912 910
f 78 908 883 909
f 79 913 914 81
f 79 915 170 913
f 79 81 916 915
f 80 917 918 919
f 80 919 920 916
f 80 916 81 917
f 81 914 921 922
f 81 922 923 917
f 82 84 924 925
f 82 926 927 84
f 82 925 579 926
f 83 928 929 930
f 83 927 926 928
f 83 930 931 927
f 6 575 581 932
f 6 933 934 578
f 6 932 898 933
f 84 935 936 924
f 85 791 937 938
f 85 938 939 940
f 85 940 941 794
f 86 942 943 944
f 86 945 946 942
f 86 944 947 945
f 87 948 949 950
f 87 95 951 952
f 87 952 953 948
f 87 950 954 955
f 87 955 956 95
f 88 957 958 959
f 88 959 960 961
f 88 961 962 957
f 89 963 964 965
f 89 966 967 963
f 89 965 968 966
f 90 965 964 969
f 90 969 970 971
f 90 971 968 965
f 91 972 973 974
f 91 975 976 972
f 91 974 977 975
f 92 978 979 980
f 92 980 981 982
f 92 982 983 978
f 93 984 985 986
f 93 987 988 984
f 93 986 94 987
f 94 986 989 990
f 94 991 992 987
f 94 993 994 991
f 94 990 995 993
f 95 956 781 785
f 96 101 996 997
f 96 998 999 101
f 96 1000 1001 998
f 96 997 1002 1003
f 96 1003 1004 1000
f 97 1005 98 1006
f 97 1007 133 1005
f 97 1006 962 1007
f 98 1008 1009 1010
f 98 1005 1011 1008
f 98 1010 1012 1013
f 98 1013 1014 1006
f 99 1015 1016 1017
f 99 1018 1019 1015
f 99 100 102 1020
f 99 1020 1021 1018
f 99 1017 1022 100
f 100 1022 1023 102
f 101 1024 1025 996
f 101 1026 1027 1024
f 102 1028 1029 1020
f 102 1023 112 1028
f 103 1030 1031 1032
f 103 1033 1034 1030
f 103 1035 1036 1033
f 103 104 1037 1035
f 104 103 105 1038
f 104 1038 1039 1037
f 103 1032 106 105
f 105 106 1040 1038
f 106 1032 1041 1042
f 106 1042 1043 1044
f 106 1044 1045 1040
f 107 1046 1047 1048
f 107 1049 1050 1046
f 107 1051 1052 1049
f 107 1053 1054 1051
f 107 1048 1055 1053
f 108 1056 1052 1057
f 108 1057 1058 1059
f 108 1059 1060 1056
f 1061 1062 112 1063
f 109 1064 1065 1066
f 109 1067 1068 1064
f 109 1069 1070 1067
f 110 479 985 1071
f 110 1071 1072 111
f 110 111 1073 479
f 111 1072 1066 1065
f 111 1065 472 480
f 111 480 1074 1073
f 112 1062 1075 1028
f 113 114 116 1076
f 113 1076 1077 1078
f 113 1078 1079 114
f 114 1080 1081 1082
f 114 1082 115 116
f 115 1083 1084 116
f 116 1085 1086 1076
f 117 1087 119 1088
f 117 118 1089 1090
f 117 1088 1091 118
f 118 1091 1092 1089
f 119 1093 1094 1088
f 119 1087 1095 1093
f 120 121 1096 1097
f 120 469 1098 125
f 120 125 1099 121
f 121 1099 1100 1096
f 122 1101 124 1102
f 122 1103 1104 1101
f 122 1105 123 1103
f 123 1106 1107 1103
f 123 1105 1108 1109
f 123 1109 1110 1111
f 123 1111 1112 1106
f 125 1098 1115 1116
f 125 1116 1117 1118
f 125 1118 1119 1099
f 126 1120 1121 1122
f 126 1123 1124 1120
f 126 1122 1125 1126
f 126 128 1127 1123
f 127 132 1128 1129
f 127 1129 1127 128
f 128 126 1126 127
f 127 1126 1130 132
f 129 1131 1107 1106
f 129 1106 1112 1132
f 129 1132 1133 1131
f 130 1134 1135 1136
f 130 1137 1138 1134
f 131 1139 1140 1141
f 131 1142 1143 1139
f 131 1141 1144 1142
f 132 1145 1146 1147
f 133 1007 1148 1149
f 133 1149 1011 1005
f 132 1147 1150 1128
f 132 1130 1151 1145
f 134 1152 136 1153
f 134 1154 1155 1152
f 134 1153 1156 1154
f 135 1157 1158 1159
f 135 1159 1160 1161
f 135 1161 1162 1157
f 136 1163 1164 1165
f 136 1165 1166 1160
f 136 1152 1167 1163
f 136 1160 1159 1153
f 137 1168 1169 1170
f 137 1170 1171 1172
f 137 1172 1173 1168
f 138 1177 1178 1179
f 138 1180 1181 139
f 138 1179 1182 1180
f 138 139 1183 1184
f 138 1184 1185 1177
f 139 1186 1187 1183
f 140 1188 1189 1190
f 140 1190 1191 1192
f 140 1192 1193 1188
f 141 1194 142 1195
f 141 1196 1197 1194
f 141 1195 174 1198
f 141 1198 1199 1200
f 142 1194 1201 1202
f 142 1202 1203 1195
f 143 1204 144 1205
f 143 1174 1206 1204
f 143 1207 1208 1175
f 143 1205 1209 1207
f 144 1210 1211 1212
f 144 1212 149 1205
f 145 1213 1214 1215
f 145 1215 1216 1217
f 145 1217 1218 1219
f 145 1219 1220 1221
f 145 1221 1222 1213
f 146 1216 147 151
f 146 1223 1217 1216
f 146 151 1224 1223
f 147 1216 1215 1225
f 147 1225 1226 151
f 148 1227 1228 1229
f 148 1229 1230 1231
f 148 1231 149 1227
f 149 1212 1232 1227
f 149 1231 1233 1234
f 150 1235 1236 1237
f 150 1237 1224 151
f 150 1238 1239 1240
f 150 1240 1241 1235
f 150 151 1226 1238
f 152 1226 1225 1242
f 152 153 1243 1244
f 152 1242 1245 1246
f 152 1246 1247 153
f 153 1247 1248 1243
f 154 1249 1250 1251
f 155 1252 1253 1254
f 155 1254 1255 1256
f 155 1256 1257 1252
f 156 1258 1259 1260
f 156 1261 1262 1258
f 156 1260 1263 1261
f 157 825 824 1264
f 843 842 825 157
f 157 1264 1265 843
f 158 1266 1267 1268
f 158 1269 1270 1271
f 158 1268 1272 1269
f 158 1273 1274 1266
f 158 1271 1275 1273
f 159 1276 1277 1278
f 159 1279 162 1280
f 159 1278 1281 1279
f 160 163 161 1282
f 160 1282 1283 1284
f 160 1284 1285 163
f 161 1286 1287 1282
f 161 1279 1281 1286
f 161 163 162 1279
f 162 163 1288 1289
f 163 1285 1290 1288
f 164 1291 1292 1293
f 164 1294 1295 1291
f 164 1296 1297 1294
f 164 1298 1299 1296
f 164 1293 1300 1298
f 165 1301 166 1302
f 165 1302 1303 1304
f 165 1304 1305 1301
f 166 1306 1307 169
f 166 1301 1308 1306
f 166 169 168 1309
f 166 1309 1310 1302
f 167 1309 168 1311
f 167 1312 1310 1309
f 167 1311 1313 1314
f 167 1314 1315 1316
f 167 1316 1317 1312
f 168 169 1307 1311
f 170 1318 1319 1320
f 170 1320 1321 913
f 170 915 1322 1323
f 170 1323 1324 1318
f 171 1325 172 1326
f 171 1327 1328 1325
f 171 1329 1330 173
f 171 173 1331 1327
f 171 1326 1332 1329
f 172 1316 1315 1326
f 172 1325 1317 1316
f 173 1330 1333 1331
f 174 1195 1203 1334
f 174 1334 1335 176
f 174 176 1336 1337
f 174 1337 1338 1198
f 175 1339 1340 1341
f 175 1341 1342 1343
f 175 1344 1345 1346
f 175 1346 1347 1339
f 175 1343 1348 1344
f 176 1335 1349 1336
f 177 1347 1346 1351
f 177 1352 1353 1347
f 177 1351 1354 1352
f 178 179 1355 1356
f 178 1357 1358 1359
f 178 1359 1360 179
f 179 1360 1361 1355
f 180 1362 1363 1364
f 180 1364 1365 1366
f 180 1366 1367 1362
f 181 1368 1369 1370
f 181 1371 1372 1373
f 181 1370 1374 1371
f 182 1375 1376 1377
f 182 1378 1379 1380
f 182 1380 1381 1382
f 182 1382 1383 1375
f 182 1377 1384 1378
f 183 1385 1386 1387
f 183 1388 1389 1385
f 184 1390 1391 1392
f 184 1392 1393 1394
f 184 1394 1395 1396
f 184 1396 1397 1390
f 185 1398 1399 1400
f 185 1400 1401 1402
f 185 1403 1404 1405
f 185 1402 1406 1403
f 185 1405 1407 1398
f 186 1407 1408 251
f 186 251 1409 301
f 186 1410 302 1411
f 186 301 187 1410
f 186 1411 1398 1407
f 187 301 1409 1415
f 188 1414 1413 1416
f 188 1416 1366 1365
f 188 1365 1417 191
f 188 191 1394 1393
f 189 1367 1418 1419
f 189 1419 1420 1421
f 189 1422 1362 1367
f 190 1423 1424 1425
f 190 1426 1427 1423
f 190 1425 1428 1426
f 191 1429 1430 1431
f 191 1417 1432 1429
f 192 193 1433 1434
f 193 1435 1436 1437
f 193 1437 1438 1433
f 194 1439 1440 1441
f 194 1441 1442 1443
f 194 1443 1444 1445
f 194 1445 205 1446
f 194 1446 1447 1439
f 195 1448 1449 1450
f 195 1450 1451 1452
f 195 1452 1453 1448
f 196 1454 1455 1456
f 196 1456 1457 1458
f 196 1459 1460 1454
f 196 1458 1461 1462
f 196 1462 1463 1459
f 197 1464 1448 1453
f 197 1453 1465 1466
f 197 1467 1468 1464
f 198 1468 1467 1469
f 198 1470 1471 1468
f 198 1469 1472 1470
f 199 1473 1474 1475
f 199 1476 1477 1478
f 199 1478 425 1473
f 200 1479 1480 1481
f 200 1481 1482 1483
f 200 1483 1484 1479
f 201 1484 1483 1485
f 201 1486 1487 1484
f 201 1485 1488 1489
f 202 1490 1491 203
f 202 203 1492 1493
f 203 1494 1495 1492
f 203 1496 1497 1494
f 203 1457 1498 1496
f 204 1499 1500 1501
f 204 1445 1444 1499
f 204 1501 205 1445
f 205 1501 1502 1503
f 205 1503 1504 1446
f 206 1505 1506 1507
f 206 1507 1508 1509
f 206 1509 1510 1511
f 206 1512 1513 1505
f 206 1511 1514 1512
f 207 1515 1513 1512
f 207 1512 1514 208
f 208 1516 1517 1518
f 207 208 1518 1515
f 208 1519 1520 1516
f 209 1519 208 1514
f 209 1521 1522 1519
f 209 1514 1511 1521
f 181 1373 1523 1368
f 210 1524 1525 1526
f 210 1527 1498 1524
f 210 1526 1528 1527
f 211 1529 1530 1531
f 211 1532 1533 1529
f 211 1531 1534 1532
f 212 1535 1536 1537
f 212 1538 1539 1535
f 212 1537 1540 1538
f 213 1541 1542 1543
f 213 1544 1545 1541
f 213 1543 1546 1544
f 214 1547 1548 1549
f 214 1550 1551 1547
f 214 1549 1552 1550
f 215 1520 1553 1554
f 215 1554 1555 1556
f 215 1557 1516 1520
f 215 1558 1559 1557
f 216 1560 1561 1562
f 216 1563 217 1560
f 1564 1565 1566 218
f 216 1562 1564 218
f 217 1567 1568 1560
f 217 1569 1570 1567
f 218 1566 1563 216
f 219 404 1571 1572
f 219 220 1573 404
f 219 1572 1574 220
f 220 1574 1575 403
f 221 1576 1577 1578
f 221 1579 1580 1576
f 221 1578 1581 1582
f 221 1582 1583 1579
f 222 1581 1584 1585
f 222 1553 1522 1586
f 222 1585 1554 1553
f 222 1587 1582 1581
f 222 1586 1588 1587
f 223 229 1589 1590
f 223 1591 1592 229
f 223 1590 1593 1594
f 223 1595 1596 1591
f 223 1594 1597 1595
f 224 1598 1599 1600
f 224 1601 1602 1598
f 224 1600 1603 1601
f 225 1604 1605 1589
f 225 1589 229 1606
f 225 1606 1607 1604
f 226 1608 1434 1609
f 226 1610 394 1608
f 226 1611 1612 1610
f 226 1609 1613 1611
f 227 397 399 398
f 227 398 1614 1615
f 227 1615 1616 397
f 228 1619 1620 1621
f 228 1621 1622 1617
f 229 1623 1624 1606
f 229 1592 1625 1623
f 230 1626 1627 1628
f 230 1628 1629 1630
f 230 1630 1631 1626
f 231 1632 1633 1634
f 231 1635 232 1636
f 231 1636 1637 1632
f 231 1634 1638 1635
f 232 1639 1640 1636
f 232 1641 1642 1643
f 232 1635 1644 1641
f 232 1643 1645 1639
f 233 1646 1647 235
f 233 235 1648 1649
f 233 1650 234 1646
f 233 1649 1651 1650
f 234 1650 1652 1653
f 234 1654 1655 1646
f 234 1653 1656 1654
f 235 1647 1657 1658
f 235 241 240 1648
f 235 1658 1659 241
f 236 1660 1661 1662
f 236 1662 1644 1663
f 236 1663 1664 1665
f 236 237 240 1660
f 236 1665 1666 237
f 237 1666 1667 238
f 237 238 1668 240
f 238 1667 1669 1668
f 239 1670 1671 1672
f 239 1672 1645 1673
f 239 1674 1675 1676
f 239 1676 249 1670
f 239 1673 1677 1674
f 240 241 1659 1660
f 240 1668 1678 1648
f 242 1679 1421 1680
f 242 1681 1682 1679
f 242 1680 1683 1681
f 243 1684 1685 1686
f 243 1687 1688 1684
f 243 1686 1689 1687
f 244 1690 1691 1692
f 244 1692 1693 1694
f 244 1694 1695 1690
f 245 1688 1687 1696
f 245 1696 1697 1698
f 245 1698 1699 1688
f 246 1700 1674 1677
f 246 1677 1691 1690
f 246 1690 1695 1700
f 247 1594 1593 1701
f 247 1701 1702 1703
f 247 1703 1597 1594
f 248 1703 1702 1704
f 248 1705 1597 1703
f 248 1704 1706 1705
f 249 1707 1708 1709
f 249 1709 1710 1670
f 249 1676 1711 1712
f 249 1712 1713 1707
f 250 1714 1715 1716
f 250 1716 1717 1718
f 250 1719 1720 1714
f 250 1721 1722 1719
f 250 1718 1723 1721
f 251 1724 1725 1409
f 251 1408 1726 1727
f 251 1727 1728 1724
f 187 1412 1729 1410
f 252 1730 1731 1732
f 252 1732 1733 1734
f 252 1734 1735 1730
f 253 1736 1737 1738
f 253 1739 1740 1736
f 253 1738 311 1741
f 253 1741 1742 1743
f 253 1743 1744 1739
f 254 1745 1746 1747
f 254 1747 1748 1749
f 254 1749 1750 1745
f 255 300 1754 257
f 255 1755 1756 300
f 255 1757 1758 1759
f 255 1759 1717 1755
f 255 257 1760 1757
f 256 1761 1762 1763
f 256 1763 1764 1765
f 256 1765 1766 1761
f 257 258 1751 1760
f 257 1767 1768 258
f 258 1769 1770 1771
f 258 1771 1772 1752
f 258 1768 1773 1769
f 259 1774 1775 1773
f 259 1773 1768 1776
f 259 1777 1778 1774
f 259 1779 1780 1777
f 259 1776 1781 1779
f 260 1782 1783 1784
f 260 261 1785 1786
f 260 1786 263 1782
f 261 260 1784 309
f 261 1787 1788 1789
f 261 309 1790 1787
f 261 1789 1791 1785
f 262 1795 1796 1797
f 262 1797 1798 1794
f 262 1799 1800 1795
f 262 1793 1801 1799
f 263 1802 1803 1782
f 263 1786 1806 1804
f 264 1807 1808 1809
f 264 265 269 1807
f 264 1809 1810 1811
f 264 1811 1812 1813
f 264 1813 1814 265
f 265 1814 270 269
f 266 1815 1816 267
f 266 1817 1818 1815
f 266 267 1819 1817
f 268 1798 1797 1820
f 268 279 1821 1798
f 268 1820 1822 279
f 269 270 1823 1807
f 270 275 1824 1823
f 270 1814 1825 1826
f 271 1830 1831 1832
f 271 1828 1833 1834
f 271 1834 1835 1830
f 271 1832 1836 1829
f 272 1837 1838 276
f 272 276 1839 274
f 272 274 1840 1837
f 273 290 1841 289
f 273 289 1842 1843
f 273 1843 1844 1845
f 274 1847 1848 1840
f 274 1849 1850 1847
f 274 1831 1830 1849
f 274 1839 278 1831
f 275 1853 1854 1824
f 275 1855 1856 1853
f 275 1852 1857 1855
f 276 1838 1858 1859
f 276 1859 1860 1839
f 277 1862 1836 1832
f 277 1860 1863 1862
f 277 1832 1831 278
f 277 278 1839 1860
f 279 1822 1864 1865
f 279 1865 1866 1867
f 279 1867 1868 1821
f 280 1869 1870 1871
f 280 1871 1872 1873
f 280 1873 1874 1869
f 281 1875 1876 1877
f 281 1877 1878 1879
f 281 1880 1881 1875
f 281 291 1882 1880
f 281 1879 1883 291
f 282 1885 1886 1887
f 282 1882 291 284
f 282 284 1888 1885
f 283 1884 1887 1889
f 283 1880 1882 1884
f 284 1892 1893 1888
f 284 1894 1895 1892
f 284 291 1883 1894
f 285 1896 1897 1898
f 285 1898 286 1899
f 285 1840 1848 1900
f 285 1899 1837 1840
f 285 1900 1901 1896
f 286 287 1902 1903
f 286 1903 1904 1899
f 287 286 288 1905
f 287 1905 1906 1902
f 288 286 1898 1907
f 289 1877 1876 1842
f 289 1841 1909 1910
f 289 1910 1878 1877
f 290 1911 1912 1841
f 290 1913 1914 1911
f 292 680 1915 1916
f 292 1916 1901 681
f 293 299 701 700
f 293 700 1917 1918
f 293 1918 1919 299
f 294 704 701 299
f 294 299 1919 1920
f 294 1920 860 704
f 295 1921 1922 1923
f 295 1924 1925 1921
f 295 1923 1926 1924
f 296 297 1927 1928
f 296 1929 1930 1931
f 296 1928 1932 1929
f 296 1931 1933 1934
f 296 1934 1935 297
f 297 1935 1936 1937
f 297 1937 1938 878
f 298 1939 1940 1941
f 298 1942 1943 1939
f 298 1941 1919 1918
f 298 1918 1917 1942
f 297 880 1944 1945
f 297 1945 1946 1927
f 300 1756 1947 1754
f 302 1410 1729 1948
f 303 1949 1950 1951
f 303 1952 1953 1949
f 303 1951 1954 1955
f 303 1955 1956 1952
f 304 1957 1958 1959
f 304 1959 1960 1961
f 304 1961 1962 1957
f 305 1963 1964 1965
f 305 1966 335 1963
f 305 1965 1967 1968
f 305 1968 1969 1970
f 305 1970 324 1966
f 306 1971 1972 1973
f 1975 1976 1971 306
f 306 1973 1974 1975
f 307 1977 1978 1979
f 307 1980 1981 1977
f 307 1979 1982 1983
f 307 1983 1984 1980
f 308 1985 1986 1987
f 308 1987 1988 1989
f 308 1989 1990 1991
f 309 1784 1992 1790
f 310 1993 1994 1995
f 310 1996 1997 1993
f 310 1995 1783 1996
f 311 1998 1999 2000
f 311 1738 2001 2002
f 311 2002 2003 1998
f 312 2004 2005 313
f 312 2006 314 2004
f 312 313 2007 2006
f 313 2005 2008 2009
f 313 2010 2011 2007
f 313 2009 2012 2010
f 314 2006 2013 2014
f 314 2015 2016 2017
f 314 2017 2018 2004
f 315 2019 2020 2021
f 315 2021 2022 316
f 315 316 2023 2019
f 316 2024 2025 2026
f 316 2026 2027 2023
f 317 2028 2029 2030
f 317 2030 2031 2032
f 317 2032 2033 2034
f 317 2034 2035 2036
f 317 2036 2037 2028
f 318 2038 2039 2040
f 318 2040 319 2041
f 318 2042 2043 2038
f 318 2041 2044 2045
f 318 2045 2046 2042
f 319 2040 2047 2048
f 319 2048 320 2049
f 319 2049 2050 2041
f 320 2051 2052 2049
f 320 2048 2053 2051
f 321 2054 383 2055
f 321 2056 2057 2054
f 321 2058 2059 2056
f 321 2060 2061 2058
f 321 2055 380 2060
f 322 2062 2063 1788
f 322 1788 1787 2064
f 322 2064 2065 323
f 322 323 2066 2067
f 322 2067 2068 2062
f 323 2065 2069 2070
f 323 2070 2071 2066
f 324 2072 2073 336
f 324 1970 2068 2072
f 325 2074 2075 2076
f 325 380 2055 2074
f 325 2076 2077 380
f 326 2078 2079 2080
f 326 2081 2082 2083
f 326 2083 2084 2078
f 327 1991 1990 2085
f 327 2086 2087 1991
f 327 2085 2088 2089
f 328 2090 2091 2092
f 328 2092 2093 2073
f 328 2073 2072 2090
f 329 2094 527 526
f 329 526 2095 2096
f 329 2096 2097 2094
f 330 2098 2099 332
f 330 2100 2101 2098
f 330 2102 2103 2100
f 330 723 2104 2102
f 330 332 724 723
f 331 2105 2106 2107
f 331 2108 2109 2105
f 331 2110 2111 2108
f 332 2099 725 724
f 333 2112 2113 2114
f 333 2115 2116 2112
f 333 2117 2118 2115
f 333 2114 2119 334
f 333 334 2120 2117
f 334 2121 2122 2123
f 334 2123 2124 2120
f 334 2119 2125 2121
f 335 1966 2127 2128
f 335 2128 2129 1963
f 336 2073 2093 2127
f 337 2130 2131 2132
f 337 338 2133 2130
f 337 2132 2134 338
f 338 2134 2135 2136
f 338 2136 2137 2138
f 338 2138 2139 2133
f 339 2140 345 2141
f 339 2142 2143 2140
f 339 2141 2144 2142
f 340 2145 2146 2147
f 340 342 2148 2145
f 340 2149 2150 2151
f 340 2147 2152 2149
f 340 2151 2153 342
f 341 2154 2155 2156
f 341 2156 2153 2157
f 341 2157 2158 2154
f 342 2153 2156 2159
f 343 2160 2161 2162
f 2162 381 2163 2164
f 343 2165 2166 2160
f 343 2167 2168 2165
f 344 2169 2170 2171
f 344 2133 2139 2169
f 344 2172 2130 2133
f 344 2171 345 2172
f 345 2171 2173 2141
f 346 2174 2175 2176
f 346 2177 2178 2174
f 346 2176 2179 2177
f 347 2180 2181 2182
f 347 2182 2183 2184
f 347 2184 2185 2186
f 348 351 2187 2188
f 348 2188 2189 2190
f 348 2190 2191 351
f 349 2192 2193 355
f 349 354 352 350
f 349 355 2194 354
f 349 350 2195 2110
f 349 2110 331 2192
f 350 352 351 2195
f 351 2191 2196 2195
f 351 352 2197 2187
f 353 2199 2194 2200
f 353 2201 2202 2199
f 353 2203 2204 2201
f 353 2205 2206 2203
f 353 2200 2207 2205
f 354 2194 2199 2198
f 355 2193 2200 2194
f 356 2208 2209 2210
f 356 2210 2211 2212
f 356 357 2213 2208
f 356 2214 2215 357
f 358 2216 2217 364
f 358 364 2218 2219
f 358 2220 2221 2216
f 358 2219 2222 2223
f 359 2224 2225 2226
f 359 2226 2227 2228
f 360 2229 2230 2231
f 360 2232 2233 2229
f 360 2231 2234 2235
f 360 362 2236 2232
f 361 2237 2238 2239
f 361 2239 2240 2241
f 361 2241 2242 2237
f 362 2243 2244 2245
f 362 360 2235 2243
f 363 2245 2244 2246
f 363 2247 2248 2236
f 363 2246 2249 2247
f 364 2250 2251 2218
f 364 2252 2253 2250
f 364 2217 2254 2252
f 365 2255 2256 368
f 366 2257 2258 2259
f 366 2259 2260 2261
f 366 2261 2262 2263
f 366 2123 2122 2257
f 366 2263 2124 2123
f 367 2264 2265 2266
f 367 2267 2262 2264
f 367 2266 2268 2267
f 368 2256 2269 2270
f 368 2270 2271 2272
f 368 2272 2223 2222
f 368 2222 2273 365
f 369 2274 2275 2276
f 369 2276 2277 2278
f 369 2278 371 2274
f 370 2279 2280 2281
f 370 2282 2283 2284
f 370 2281 2285 2282
f 370 2284 2286 2287
f 370 2287 372 2279
f 371 2278 2288 2289
f 371 2289 2279 372
f 371 372 2290 2291
f 372 2287 2292 2293
f 372 2293 2294 2290
f 373 2295 2275 2274
f 373 374 2296 375
f 373 2297 2298 2295
f 373 375 2299 2297
f 374 2300 2301 2296
f 374 373 2291 2300
f 375 2296 2302 2299
f 376 2303 2304 2305
f 376 2306 2307 2303
f 376 2305 2308 2306
f 373 2274 371 2291
f 377 2309 2310 2311
f 377 2312 2313 2314
f 377 2311 378 2315
f 377 2315 2316 2312
f 378 2317 2318 2315
f 378 2319 2320 2317
f 379 2318 2317 2322
f 379 2322 2323 2324
f 379 2324 2325 2318
f 380 2326 2327 2060
f 380 2077 2079 2326
f 381 2328 2329 2163
f 381 2162 2330 2328
f 382 2331 2332 2333
f 382 2334 2335 2331
f 382 2333 2336 2334
f 383 2337 2074 2055
f 383 2324 2323 2337
f 383 2054 2338 2339
f 383 2339 2325 2324
f 384 2340 2341 2342
f 384 2343 2344 2345
f 384 2342 2346 2343
f 385 2347 2342 2341
f 385 2348 2349 2347
f 385 2341 2350 2348
f 386 2351 2352 2353
f 386 2353 2354 2355
f 386 2355 2356 2357
f 387 2356 2358 2359
f 387 2360 2357 2356
f 387 2359 2361 2360
f 388 1626 1631 2362
f 388 2363 2364 2365
f 388 2362 2366 2363
f 388 2365 2367 2368
f 388 2368 1627 1626
f 389 2369 2370 2371
f 389 2371 2372 2373
f 389 2373 2374 2375
f 389 2375 2376 2377
f 389 2377 390 2369
f 390 2378 2379 2369
f 390 2377 2380 2378
f 391 392 2381 393
f 391 2382 2383 392
f 392 2384 2385 2381
f 392 2386 2387 2384
f 391 393 2388 2382
f 393 2381 1610 1612
f 393 2389 2390 2388
f 393 1612 2391 2389
f 394 2385 2392 1608
f 394 1610 2381 2385
f 395 2393 2394 396
f 395 2395 2396 2393
f 395 396 2397 2395
f 396 2394 2398 2399
f 396 2399 2400 2401
f 397 2402 1624 399
f 397 1616 2403 2404
f 397 2404 2405 2402
f 398 399 2406 1614
f 399 1624 1623 2407
f 399 2407 2408 2406
f 400 2409 1615 1614
f 400 1614 2406 2410
f 400 2410 2411 2409
f 401 2408 2412 2413
f 401 2413 2411 2410
f 401 2410 2406 2408
f 402 2414 1578 1577
f 402 2399 2398 2414
f 402 1577 2400 2399
f 403 2415 2416 2417
f 403 2417 2418 220
f 403 2419 2420 2415
f 404 1573 2421 1571
f 405 2422 2423 2424
f 405 2425 2426 2422
f 405 2427 2428 2425
f 405 2429 2430 2427
f 405 2424 2431 2429
f 406 2432 2433 2434
f 406 2435 2436 2432
f 406 2434 2437 2435
f 407 2438 2439 2440
f 407 2440 2441 2442
f 407 2442 2443 2438
f 408 409 2444 2445
f 408 2445 2446 2447
f 408 2447 2448 409
f 409 2448 2449 2450
f 409 2450 2451 2444
f 410 2454 2455 2452
f 410 2456 2457 2454
f 411 2458 415 2459
f 2461 2462 2458 411
f 411 2459 2460 2461
f 412 2463 2464 2465
f 412 2465 2466 2467
f 412 2467 2468 2463
f 413 2469 2470 2471
f 413 2472 2473 2469
f 413 2471 2474 2472
f 414 2475 2476 2477
f 414 2477 2478 2479
f 414 2479 2480 2475
f 415 2473 2481 2459
f 415 2482 2469 2473
f 416 2483 2484 2485
f 416 2486 2487 2488
f 416 2485 2489 2486
f 417 2490 418 2491
f 417 2491 2492 2493
f 417 2493 2494 2490
f 418 2495 2496 2491
f 418 2497 2498 2495
f 419 2499 2500 2496
f 419 2501 2502 2499
f 419 2496 2495 2501
f 420 2503 2504 421
f 420 421 2505 2506
f 420 2502 2501 2503
f 421 2504 2507 2505
f 420 2506 2508 2509
f 420 2509 2510 2511
f 420 2511 2512 2502
f 422 2513 2514 2515
f 422 2516 2517 2513
f 422 423 2518 2516
f 422 2519 2520 423
f 422 2515 2521 2519
f 423 2520 2522 2518
f 424 2523 2524 2525
f 424 2525 2526 2527
f 424 2527 2528 2523
f 425 2529 2530 1473
f 425 426 2531 2529
f 426 425 2532 2533
f 199 1475 2534 1476
f 427 431 2535 428
f 427 2536 2537 431
f 428 2538 2539 427
f 429 2540 2541 2542
f 430 2544 2540 429
f 429 2542 2543 430
f 430 2543 2545 2546
f 430 2546 2547 2544
f 431 2548 2549 2535
f 431 2550 2401 2548
f 432 2551 2552 2553
f 432 2554 2555 2551
f 432 2556 2557 437
f 432 437 2558 2554
f 432 2553 445 2556
f 433 2559 2560 2561
f 433 2562 2563 2559
f 433 2561 2564 2565
f 433 2565 434 2562
f 434 2566 2567 2562
f 434 2565 2568 2566
f 435 2569 2570 436
f 435 436 2571 2572
f 435 2572 2573 2574
f 436 2575 2576 2577
f 437 2578 2579 2558
f 437 2580 2581 2578
f 437 2557 2582 2580
f 438 2583 439 2584
f 438 2585 2586 2587
f 438 2587 2588 2583
f 439 2593 2589 2592
f 439 2592 2594 2584
f 440 2595 2596 2597
f 440 2598 442 2595
f 440 2597 2599 441
f 442 2598 2600 2601
f 442 2601 2602 2595
f 443 2603 2604 2605
f 443 2605 2606 2607
f 443 2607 2601 2600
f 444 2608 2609 2610
f 2612 2613 2608 444
f 444 2610 2611 2612
f 445 2609 2614 2556
f 445 2553 2610 2609
f 446 2615 449 2616
f 446 2617 2618 2615
f 446 2616 2619 2617
f 447 2616 449 2620
f 447 2621 2619 2616
f 447 2620 2622 2621
f 448 2623 2620 449
f 448 2624 2625 2623
f 448 449 2626 2624
f 450 2627 2628 2629
f 450 2630 2631 2627
f 450 2629 2632 2630
f 451 2633 452 2634
f 451 2635 2636 2633
f 451 2637 2638 2635
f 452 2633 2639 2640
f 452 2640 2641 2634
f 453 2642 2643 2644
f 453 2644 2645 2646
f 453 2646 2647 2642
f 454 2648 2646 2645
f 454 2649 2650 2651
f 454 2645 2652 2649
f 455 2653 2654 456
f 455 456 459 2655
f 455 2655 2656 2653
f 456 2654 2657 2658
f 457 459 2659 2660
f 457 2660 2661 2662
f 457 2662 2655 459
f 458 2663 2664 2665
f 458 2665 2666 2667
f 458 2668 2669 2670
f 458 2670 2671 2663
f 459 456 2672 2673
f 460 2674 2675 2676
f 460 2676 2677 2678
f 460 2678 2656 2674
f 461 462 2679 2680
f 461 2681 2682 462
f 461 2683 2684 2681
f 461 2680 2685 2686
f 461 2686 2687 2683
f 462 2682 2688 2679
f 463 2692 2693 2694
f 463 2691 464 2692
f 464 2695 2696 2692
f 464 2691 2690 2695
f 465 2697 2698 2699
f 465 2700 2701 2697
f 465 2699 2702 2703
f 465 2703 2704 2705
f 465 2705 2706 2700
f 466 2707 2708 2709
f 466 2710 2711 2707
f 466 2709 2712 2710
f 467 1115 1098 2713
f 467 2714 2715 2716
f 467 2716 1095 1115
f 467 2713 2717 2718
f 468 2719 2720 2721
f 468 2721 2722 2723
f 468 2723 2724 2719
f 469 2725 2713 1098
f 469 120 2726 2725
f 470 2727 2728 2729
f 470 2729 2725 2726
f 470 2726 2730 2727
f 471 2731 2732 2733
f 471 2733 2734 2735
f 471 2735 2736 2731
f 472 2737 1074 480
f 472 1065 1064 2737
f 473 2738 2739 2740
f 473 2741 2742 2738
f 473 2740 2743 2741
f 474 2744 475 2745
f 474 2746 2747 2744
f 474 2745 2748 2746
f 475 481 2749 2745
f 475 2744 2750 2751
f 475 2751 2752 2753
f 475 2753 2754 481
f 476 2755 2756 486
f 476 2757 2758 2755
f 476 477 2759 2757
f 476 486 2760 2761
f 477 2762 2763 2759
f 477 476 2764 2762
f 476 2761 2765 2764
f 478 2766 2767 2768
f 478 2768 2769 2770
f 478 2770 2758 2771
f 478 2772 2773 2766
f 478 2771 2748 2772
f 479 2774 2775 989
f 479 1073 2776 2774
f 481 2754 2777 2749
f 482 1044 1043 2778
f 482 484 1045 1044
f 482 2778 2779 2780
f 483 2781 1045 484
f 483 2782 2783 2781
f 483 2780 2784 2782
f 485 2785 2786 2787
f 485 2788 2789 2785
f 485 2787 2790 2788
f 486 2791 2792 2760
f 486 2756 2793 2791
f 487 489 2794 2795
f 487 490 2796 488
f 487 488 2797 489
f 487 2795 2798 2799
f 487 2799 2800 490
f 488 2796 2801 2797
f 489 2797 2802 2794
f 490 2803 2804 2805
f 490 2805 2806 2796
f 490 2800 2807 2803
f 491 2808 2809 2810
f 491 2810 2811 2812
f 491 2812 2813 2808
f 492 2814 2815 508
f 492 2816 2817 2818
f 492 2818 2819 2814
f 492 2820 2821 2816
f 492 508 2822 2820
f 493 2823 495 2824
f 493 2825 2826 2823
f 493 2827 2828 2825
f 493 2824 2829 2830
f 493 2830 2831 2827
f 494 2832 2833 2834
f 494 2834 2835 2836
f 494 2836 2828 2832
f 495 2837 499 2838
f 495 2823 2839 2837
f 496 2840 2841 2842
f 496 2843 2844 2840
f 496 2845 2846 2843
f 497 2848 2849 2850
f 497 2851 2852 2848
f 497 2853 2854 2851
f 498 2855 2856 2857
f 498 2857 2816 2821
f 498 2858 2859 2855
f 498 2860 2861 2858
f 499 2837 2862 502
f 500 2863 2864 2865
f 500 2865 2866 2867
f 500 2867 2868 2863
f 501 2841 2840 2838
f 501 2838 499 2869
f 501 2870 2871 2841
f 2875 2876 2877 2878
f 503 2880 2881 506
f 503 2882 2883 2884
f 503 2884 2885 2886
f 504 2887 2888 2881
f 504 2881 2880 2889
f 504 2889 2890 2887
f 505 2887 2890 2892
f 505 2893 2888 2887
f 505 2892 2894 2893
f 506 2881 2888 2895
f 507 2896 2897 2898
f 507 2898 2899 2900
f 507 2900 2901 2902
f 507 2903 2904 2896
f 507 2902 2905 2903
f 508 2815 2906 2822
f 509 2907 2821 2820
f 509 2820 2822 2908
f 509 2908 2909 510
f 509 510 2910 2911
f 509 2911 2912 2907
f 510 2909 2913 2910
f 511 2860 2907 2912
f 511 2912 2914 512
f 512 2918 2919 2861
f 512 2861 2860 511
f 512 2920 2915 2918
f 513 2921 2922 514
f 513 2923 2924 2921
f 513 514 2925 2923
f 514 2926 2927 2925
f 514 2928 2929 2926
f 514 2922 2930 2928
f 515 2935 2936 2937
f 515 2937 2897 2938
f 515 2939 2929 2935
f 516 2940 2941 2942
f 516 2943 2944 2940
f 516 2942 2945 2946
f 516 2947 2948 2943
f 516 2946 2949 2947
f 517 2950 2951 2952
f 517 2953 2954 2950
f 517 2955 2956 2953
f 517 2952 2957 2955
f 518 519 2958 2959
f 518 2960 2961 2962
f 518 2962 2963 2964
f 518 2964 2965 519
f 519 2965 2966 2967
f 519 2968 2969 2958
f 519 2967 2970 2968
f 520 2971 2972 2973
f 520 2973 2974 2975
f 520 2975 2976 2971
f 521 2977 2975 2974
f 521 2978 2979 2980
f 521 2980 2981 2977
f 522 2982 2983 2984
f 522 2985 2986 2982
f 522 2984 2987 2985
f 523 2983 2982 2988
f 523 2988 2989 2990
f 523 2990 2991 2992
f 523 2992 2993 734
f 523 734 733 2983
f 524 2994 2995 2996
f 524 2996 2997 2998
f 524 2998 735 2994
f 525 2999 3000 3001
f 525 3002 3003 2999
f 525 3001 3004 3002
f 526 527 3005 3006
f 526 3006 3007 2095
f 527 2999 3003 3005
f 528 3008 3009 3010
f 528 3011 3012 533
f 528 533 3013 3008
f 529 3014 3015 3016
f 529 532 3017 3014
f 529 3016 3018 532
f 530 3019 3020 3021
f 530 3021 533 531
f 530 531 532 3018
f 531 533 3012 532
f 532 3012 537 3023
f 532 3023 3024 3017
f 533 3021 3025 3013
f 534 3026 3027 3028
f 534 3029 3030 3031
f 534 3031 3032 3033
f 534 3033 3034 3026
f 534 3028 3035 3029
f 535 3036 3027 536
f 535 3037 3038 3036
f 535 3039 3040 3037
f 535 536 537 3041
f 535 3041 3042 3039
f 536 3027 3026 3043
f 536 3043 3044 542
f 536 542 3045 537
f 537 3045 3046 3047
f 537 3012 3011 3041
f 537 3048 3049 3023
f 537 3047 3050 3048
f 538 3054 3055 3056
f 538 3056 3057 541
f 538 541 3058 3054
f 539 3059 3060 3055
f 539 3061 3062 3059
f 539 3055 3054 3061
f 540 3063 3058 3064
f 540 3065 3066 3063
f 540 3064 3067 3065
f 541 3057 3064 3058
f 542 3044 3069 3070
f 542 3071 3072 3045
f 543 3073 3070 3069
f 543 3074 3075 3073
f 543 3076 3077 3074
f 543 3069 3078 3079
f 543 3079 3080 3076
f 544 3081 3082 3083
f 544 3084 3085 3081
f 544 3083 3086 3084
f 545 3087 3088 3089
f 545 3090 3091 3087
f 545 3089 3092 3090
f 3096 3095 3086 3083
f 3096 3083 3082 3097
f 3096 3097 3098 3093
f 3098 3097 3099 3100
f 3098 3100 3101 3102
f 3098 3102 3094 3093
f 3102 3101 3103 3104
f 3102 3104 3105 3094
f 3105 3086 3095 3094
f 3105 3104 3087 3091
f 3105 3091 3084 3086
f 3104 3103 3088 3087
f 3103 3101 3106 3107
f 3103 3107 3108 3088
f 3108 3107 3079 3078
f 3108 3078 3109 3110
f 3108 3110 3089 3088
f 3110 3109 3111 3112
f 3110 3112 3092 3089
f 3112 3111 3034 3113
f 3112 3113 3114 3092
f 3114 3085 3090 3092
f 3114 3113 3115 3116
f 3114 3116 3081 3085
f 3116 3115 3117 3118
f 3116 3118 3082 3081
f 3118 3117 3119 3099
f 3118 3099 3097 3082
f 3119 3117 3032 3120
f 3119 3120 3121 3122
f 3119 3122 3100 3099
f 3122 3121 3080 3106
f 3122 3106 3101 3100
f 3121 3120 3123 3124
f 3121 3124 3076 3080
f 3124 3123 3125 3126
f 3124 3126 3077 3076
f 3126 3125 3127 3128
f 3126 3128 3129 3077
f 3129 3128 3130 3131
f 3129 3131 3132 3133
f 3129 3133 3074 3077
f 3133 3132 3134 3135
f 3133 3135 3075 3074
f 3135 3134 3136 3137
f 3135 3137 3138 3075
f 3138 3139 3073 3075
f 3138 3137 3140 3141
f 3138 3141 3142 3139
f 3142 3143 3144 3139
f 3142 3141 3145 3146
f 3142 3146 3024 3143
f 3146 3145 3147 3148
f 3146 3148 3017 3024
f 3148 3147 3149 3150
f 3148 3150 3014 3017
f 3150 3149 3151 3152
f 3150 3152 3015 3014
f 3152 3151 3153 3154
f 3152 3154 3155 3015
f 3155 3156 3016 3015
f 3155 3154 3157 3158
f 3155 3158 3020 3156
f 3158 3157 3159 3025
f 3158 3025 3021 3020
f 3159 3157 3160 3161
f 3159 3161 3162 3163
f 3159 3163 3013 3025
f 3163 3162 3164 3165
f 3163 3165 3008 3013
f 3165 3164 3166 3167
f 3165 3167 3009 3008
f 3167 3166 3168 3169
f 3167 3169 3170 3009
f 3170 3171 3010 3009
f 3170 3169 3172 3173
f 3170 3173 3174 3171
f 3174 3175 3176 3171
f 3174 3173 3038 3037
f 3174 3037 3040 3175
f 3176 3177 3178 3179
f 3176 3179 3010 3171
f 3176 3175 3180 3177
f 3180 3060 3059 3177
f 3180 3175 3040 3181
f 3180 3181 3182 3060
f 3182 3056 3055 3060
f 3182 3181 3183 3184
f 3182 3184 3057 3056
f 3184 3183 3185 3067
f 3184 3067 3064 3057
f 3185 3183 3039 3042
f 3185 3042 3186 3187
f 3185 3187 3065 3067
f 3187 3186 3188 3189
f 3187 3189 3066 3065
f 3189 3188 3179 3178
f 3189 3178 3062 3066
f 3188 3186 3011 528
f 3188 528 3010 3179
f 3186 3042 3041 3011
f 3183 3181 3040 3039
f 3178 3177 3059 3062
f 3173 3172 3190 3038
f 3190 3172 3191 3192
f 3190 3192 3193 3194
f 3190 3194 3036 3038
f 3194 3193 3035 3028
f 3194 3028 3027 3036
f 3193 3192 3195 3196
f 3193 3196 3197 3035
f 3197 3196 3198 3199
f 3197 3199 3200 3201
f 3197 3201 3029 3035
f 3201 3200 3202 3203
f 3201 3203 3030 3029
f 3203 3202 3204 3127
f 3203 3127 3125 3030
f 3204 3202 3007 3006
f 3204 3006 3005 3130
f 3204 3130 3128 3127
f 3202 3200 3205 3007
f 3205 3200 3199 3206
f 3205 3206 3207 3208
f 3205 3208 2095 3007
f 3208 3207 3209 3210
f 3208 3210 2096 2095
f 3210 3209 3211 3212
f 3210 3212 2097 2096
f 3212 3211 3213 3214
f 3212 3214 3215 2097
f 3215 3214 3216 3217
f 3215 3217 3218 3219
f 3215 3219 2094 2097
f 3219 3218 3220 3221
f 3219 3221 527 2094
f 3221 3220 3222 3000
f 3221 3000 2999 527
f 3222 3220 3223 3224
f 3222 3224 3225 3226
f 3222 3226 3001 3000
f 3226 3227 3004 3001
f 3226 3225 3228 3227
f 3228 3229 3136 3227
f 3228 3225 3230 3231
f 3228 3231 3232 3229
f 3232 3233 3140 3229
f 3232 3231 3234 3235
f 3232 3235 3236 3233
f 3236 3147 3145 3233
f 3236 3235 3237 3238
f 3236 3238 3149 3147
f 3238 3237 2109 3239
f 3238 3239 3151 3149
f 3239 2109 2108 3240
f 3239 3240 3153 3151
f 3240 2108 2111 3241
f 3240 3241 3160 3153
f 3241 2111 2196 3242
f 3241 3242 3161 3160
f 3242 2196 2191 3243
f 3242 3243 3162 3161
f 3243 2191 2190 3244
f 3243 3244 3164 3162
f 3244 2190 2189 3245
f 3244 3245 3166 3164
f 3245 2189 3246 3247
f 3245 3247 3168 3166
f 3247 3246 3248 3249
f 3247 3249 3191 3168
f 3249 3248 3250 3195
f 3249 3195 3192 3191
f 3250 3248 3251 3252
f 3250 3252 3253 3198
f 3250 3198 3196 3195
f 3253 3252 3254 3255
f 3253 3255 3207 3206
f 3253 3206 3199 3198
f 3255 3254 2204 3256
f 3255 3256 3209 3207
f 3256 2204 2203 3257
f 3256 3257 3211 3209
f 3257 2203 2206 3258
f 3257 3258 3213 3211
f 3258 2206 3259 3260
f 3258 3260 3261 3213
f 3261 3260 3262 3263
f 3261 3263 3264 3216
f 3261 3216 3214 3213
f 3264 3263 3265 3266
f 3264 3266 719 3267
f 3264 3267 3217 3216
f 3267 719 718 3268
f 3267 3268 3218 3217
f 3268 718 727 3223
f 3268 3223 3220 3218
f 3266 3265 3269 3270
f 3266 3270 720 719
f 3270 3269 3271 3272
f 3270 3272 721 720
f 3272 3271 3273 3274
f 3272 3274 3275 721
f 3275 3274 710 709
f 3275 709 713 3276
f 3275 3276 722 721
f 3276 713 3277 2104
f 3276 2104 723 722
f 3277 713 712 728
f 3277 728 731 3278
f 3277 3278 2102 2104
f 3278 3279 2103 2102
f 3278 731 3280 3279
f 3280 2088 3281 3279
f 3280 731 730 3282
f 3280 3282 2089 2088
f 3282 730 3283 3284
f 3282 3284 3285 2089
f 3285 3286 327 2089
f 3285 3284 3287 2209
f 3285 2209 2208 3286
f 3287 3284 3283 3288
f 3287 3288 3289 3290
f 3287 3290 2210 2209
f 3290 3289 3291 3292
f 3290 3292 2211 2210
f 3292 3291 3293 3294
f 3292 3294 2143 2211
f 3294 3293 3295 3296
f 3294 3296 2140 2143
f 3296 3295 3297 3298
f 3296 3298 345 2140
f 3298 3297 3299 3300
f 3298 3300 2172 345
f 3300 3299 3301 2131
f 3300 2131 2130 2172
f 3301 3299 3302 3303
f 3301 3303 3304 3305
f 3301 3305 2132 2131
f 3305 3304 3306 3307
f 3305 3307 2134 2132
f 3307 3306 3308 3309
f 3307 3309 2135 2134
f 3309 3308 3310 3311
f 3309 3311 3312 2135
f 3312 3313 2136 2135
f 3312 3311 3314 3315
f 3312 3315 3316 3313
f 3316 3317 3318 3313
f 3316 3315 3319 3320
f 3316 3320 3321 3317
f 3321 3322 3323 3317
f 3321 3320 3324 3325
f 3321 3325 3326 3322
f 3326 3327 3328 3322
f 3326 3325 3329 3330
f 3326 3330 3331 3327
f 3331 3332 3333 3327
f 3331 3330 3334 3335
f 3331 3335 3336 3332
f 3336 3337 3338 3332
f 3336 3335 3339 3340
f 3336 3340 3341 3337
f 3341 3342 3343 3337
f 3341 3340 3344 3345
f 3341 3345 3346 3342
f 3346 3347 3348 3342
f 3346 3345 3349 3350
f 3346 3350 3351 3347
f 3351 3352 3353 3347
f 3351 3350 3354 3355
f 3351 3355 3356 3352
f 3356 3357 3358 3352
f 3356 3355 3359 3360
f 3356 3360 3361 3357
f 3361 3362 3363 3357
f 3361 3360 3364 3365
f 3361 3365 3366 3362
f 3366 1950 3367 3362
f 3366 3365 3368 3369
f 3366 3369 1951 1950
f 3369 3368 3370 3371
f 3369 3371 1954 1951
f 3371 3370 3372 3373
f 3371 3373 3374 1954
f 3374 3375 1955 1954
f 3374 3373 3376 3377
f 3374 3377 3378 3375
f 3378 3379 3380 3375
f 3378 3377 3381 3382
f 3378 3382 3383 3379
f 3383 3384 3385 3379
f 3383 3382 3386 3387
f 3383 3387 609 3384
f 3387 3386 3388 3389
f 3387 3389 601 609
f 3389 3388 3390 3391
f 3389 3391 602 601
f 3391 3390 703 702
f 3391 702 707 602
f 3390 3388 3392 3393
f 3390 3393 3394 703
f 3394 3393 3395 3396
f 3394 3396 3397 3398
f 3394 3398 699 703
f 3398 3397 3399 3400
f 3398 3400 700 699
f 3400 3399 1754 1947
f 3400 1947 1917 700
f 3399 3397 3401 1767
f 3399 1767 257 1754
f 3401 3397 3396 3402
f 3401 3402 1781 1776
f 3401 1776 1768 1767
f 3402 3396 3395 3403
f 3402 3403 3404 1781
f 3404 3403 3405 3406
f 3404 3406 3407 3408
f 3404 3408 1779 1781
f 3408 3407 3409 3410
f 3408 3410 1780 1779
f 3410 3409 3411 3412
f 3410 3412 3413 1780
f 3413 3412 3414 3415
f 3413 3415 3416 3417
f 3413 3417 1777 1780
f 3417 3416 3418 3419
f 3417 3419 1778 1777
f 3419 3418 3420 3421
f 3419 3421 1960 1778
f 3421 3420 3422 3423
f 3421 3423 1961 1960
f 3423 3422 3424 3425
f 3423 3425 1962 1961
f 3425 3424 3426 3427
f 3425 3427 3428 1962
f 3428 3429 1957 1962
f 3428 3427 3430 3431
f 3428 3431 3432 3429
f 3432 3433 3434 3429
f 3432 3431 3435 3436
f 3432 3436 3437 3433
f 3437 3438 3439 3433
f 3437 3436 3440 3441
f 3437 3441 3442 3438
f 3442 3443 3444 3438
f 3442 3441 1764 1763
f 3442 1763 1762 3443
f 3444 3445 1771 1770
f 3444 1770 3439 3438
f 3444 3443 3446 3445
f 3446 1740 3447 3445
f 3446 3443 1762 3448
f 3446 3448 1736 1740
f 3448 1762 1761 3449
f 3448 3449 1737 1736
f 3449 1761 1766 3450
f 3449 3450 3451 1737
f 3451 3450 3452 2012
f 3451 2012 2009 2001
f 3451 2001 1738 1737
f 3452 3450 1766 3453
f 3452 3453 3454 3455
f 3452 3455 2010 2012
f 3455 3454 3456 3457
f 3455 3457 2011 2010
f 3457 3456 3458 3459
f 3457 3459 3460 2011
f 3460 3459 3461 3462
f 3460 3462 3463 3464
f 3460 3464 2007 2011
f 3464 3463 3465 2013
f 3464 2013 2006 2007
f 3465 3463 3466 3467
f 3465 3467 3468 3469
f 3465 3469 2014 2013
f 3469 3468 3470 3471
f 3469 3471 3472 2014
f 3471 3470 3473 3474
f 3471 3474 2015 3472
f 3474 3473 3475 3476
f 3474 3476 2016 2015
f 3476 3475 3477 3478
f 3476 3478 3479 2016
f 3479 3480 2017 2016
f 3479 3478 3481 3482
f 3479 3482 3483 3480
f 3483 3484 3485 3480
f 3483 3482 3486 3487
f 3483 3487 3488 3484
f 3488 3489 3490 3484
f 3488 3487 3491 3492
f 3488 3492 3493 3489
f 3493 3494 3495 3489
f 3493 3492 3496 3497
f 3493 3497 3498 3494
f 3498 3499 3500 3494
f 3498 3497 3501 3502
f 3498 3502 3503 3499
f 3503 3504 3505 3499
f 3503 3502 3506 3507
f 3503 3507 3508 3504
f 3508 3509 3510 3504
f 3508 3507 3511 3512
f 3508 3512 3513 3509
f 3513 3514 3515 3509
f 3513 3512 2035 3516
f 3513 3516 3517 3514
f 3517 3518 3519 3514
f 3517 3516 3520 3521
f 3517 3521 3522 3518
f 3522 384 2345 3518
f 3522 3521 3523 3524
f 3522 3524 2340 384
f 3524 3523 3525 3526
f 3524 3526 3527 2340
f 3527 2350 2341 2340
f 3527 3526 3528 3529
f 3527 3529 3530 2350
f 3530 3531 2348 2350
f 3530 3529 3532 3533
f 3530 3533 3534 3531
f 3534 3535 3536 3531
f 3534 3533 386 2357
f 3534 2357 2360 3535
f 3536 3537 3538 2349
f 3536 2349 2348 3531
f 3536 3535 3539 3537
f 3539 3540 3541 3537
f 3539 3535 2360 2361
f 3539 2361 3542 3540
f 3542 3543 3544 3540
f 3542 2361 2359 3545
f 3542 3545 3546 3543
f 3546 3547 3548 3543
f 3546 3545 3549 3550
f 3546 3550 3551 3547
f 3551 3552 3553 3547
f 3551 3550 3554 2367
f 3551 2367 2365 3552
f 3554 3550 3549 3555
f 3554 3555 3556 3557
f 3554 3557 2368 2367
f 3557 3556 3558 3559
f 3557 3559 1627 2368
f 3559 3558 3560 3561
f 3559 3561 1628 1627
f 3561 3560 3562 3563
f 3561 3563 1629 1628
f 3563 3562 2371 2370
f 3563 2370 3564 1629
f 3564 3565 1630 1629
f 3564 2370 2369 2379
f 3564 2379 1620 3565
f 3565 3566 1631 1630
f 3565 1620 1619 3566
f 3566 3567 2362 1631
f 3566 1619 3568 3567
f 3567 3569 2366 2362
f 3567 3568 3570 3569
f 3570 3571 3572 3569
f 3570 3568 3573 3574
f 3570 3574 3575 3571
f 3575 3576 3577 3571
f 3575 3574 3578 3579
f 3575 3579 3580 3576
f 3580 3581 3582 3576
f 3580 3579 1603 3583
f 3580 3583 3584 3581
f 3584 3585 3586 3581
f 3584 3583 3587 1706
f 3584 1706 1704 3585
f 3587 3583 1603 1600
f 3587 1600 1599 3588
f 3587 3588 1705 1706
f 3588 1599 1596 1595
f 3588 1595 1597 1705
f 3586 3589 3590 3591
f 3586 3591 3582 3581
f 3586 3585 3592 3589
f 3592 3593 3594 3589
f 3592 3585 1704 1702
f 3592 1702 1701 3593
f 3594 3595 3596 3597
f 3594 3597 3590 3589
f 3594 3593 3598 3595
f 3598 3599 3600 3595
f 3598 3593 1701 1593
f 3598 1593 1590 3599
f 3600 3601 3602 3603
f 3600 3603 3596 3595
f 3600 3599 1605 3601
f 3603 3602 3604 1710
f 3603 1710 1709 3596
f 3604 3605 3606 1671
f 3604 1671 1670 1710
f 3604 3602 3607 3605
f 3607 3608 3609 3605
f 3607 3602 3601 3610
f 3607 3610 3611 3608
f 3611 2405 3612 3608
f 3611 3610 1604 1607
f 3611 1607 2402 2405
f 3612 3613 3614 3615
f 3612 3615 3609 3608
f 3612 2405 2404 3613
f 3615 3614 3616 3617
f 3615 3617 3618 3609
f 3618 3617 3619 3620
f 3618 3620 3621 3606
f 3618 3606 3605 3609
f 3621 3620 1640 1639
f 3621 1639 1645 1672
f 3621 1672 1671 3606
f 3620 3619 3622 1640
f 3622 3623 3624 1637
f 3622 1637 1636 1640
f 3622 3619 3625 3623
f 3625 3626 3627 3623
f 3625 3619 3617 3616
f 3625 3616 3628 3626
f 3628 3629 3630 3626
f 3628 3616 3614 3631
f 3628 3631 3632 3629
f 3632 3633 3634 3629
f 3632 3631 3635 3636
f 3632 3636 3637 3633
f 3637 2374 2373 3633
f 3637 3636 3638 3639
f 3637 3639 3640 2374
f 3640 3641 2375 2374
f 3640 3639 3642 3643
f 3640 3643 3644 3641
f 3644 3645 3646 3641
f 3644 3643 2413 2412
f 3644 2412 3647 3645
f 3647 1625 3648 3645
f 3647 2412 2408 2407
f 3647 2407 1623 1625
f 3648 3649 3650 3651
f 3648 3651 3646 3645
f 3648 1625 1592 3649
f 3651 3650 3652 3653
f 3651 3653 2376 3646
f 3653 3652 1622 2380
f 3653 2380 2377 2376
f 3652 3654 1617 1622
f 3652 3650 3655 3654
f 3655 3656 3657 3654
f 3655 3650 3649 3658
f 3655 3658 3659 3656
f 3659 1598 1602 3656
f 3659 3658 1591 1596
f 3659 1596 1599 1598
f 3658 3649 1592 1591
f 3657 3660 3573 1618
f 3657 1618 1617 3654
f 3657 3656 1602 3660
f 3660 3578 3574 3573
f 3660 1602 1601 3578
f 3646 2376 2375 3641
f 3643 3642 2411 2413
f 3642 3639 3638 3661
f 3642 3661 2409 2411
f 3661 3638 2403 1616
f 3661 1616 1615 2409
f 3638 3636 3635 2403
f 3635 3631 3614 3613
f 3635 3613 2404 2403
f 3634 2372 3662 3663
f 3634 3663 3630 3629
f 3634 3633 2373 2372
f 3663 3662 3664 3665
f 3663 3665 3666 3630
f 3666 3665 3667 3668
f 3666 3668 3669 3627
f 3666 3627 3626 3630
f 3669 3668 2353 2352
f 3669 2352 3670 3624
f 3669 3624 3623 3627
f 3670 2352 2351 3671
f 3670 3671 1633 1632
f 3670 1632 1637 3624
f 3671 2351 3532 3672
f 3671 3672 3673 1633
f 3673 3672 3528 3674
f 3673 3674 3675 3676
f 3673 3676 1634 1633
f 3676 3675 3677 3678
f 3676 3678 1638 1634
f 3678 3677 3679 1664
f 3678 1664 1663 1638
f 3679 3677 3680 3681
f 3679 3681 3682 3683
f 3679 3683 1665 1664
f 3683 3682 1735 3684
f 3683 3684 1666 1665
f 3684 1735 1734 3685
f 3684 3685 1667 1666
f 3685 1734 1733 3686
f 3685 3686 1669 1667
f 3686 1733 3687 3688
f 3686 3688 3689 1669
f 3689 3688 3690 3691
f 3689 3691 3692 1678
f 3689 1678 1668 1669
f 3692 3691 3693 3694
f 3692 3694 1651 1649
f 3692 1649 1648 1678
f 3694 3693 3695 3696
f 3694 3696 3697 1651
f 3697 3696 3698 3699
f 3697 3699 2364 1652
f 3697 1652 1650 1651
f 3699 3698 3553 3552
f 3699 3552 2365 2364
f 3698 3696 3695 3700
f 3698 3700 3701 3553
f 3701 3700 3702 3703
f 3701 3703 3704 3548
f 3701 3548 3547 3553
f 3704 3703 3705 3706
f 3704 3706 3707 3544
f 3704 3544 3543 3548
f 3707 3706 3708 3709
f 3707 3709 3710 3541
f 3707 3541 3540 3544
f 3710 3709 3711 3712
f 3710 3712 3713 3538
f 3710 3538 3537 3541
f 3713 3712 3714 2346
f 3713 2346 2342 2347
f 3713 2347 2349 3538
f 3714 3715 3716 3717
f 3714 3717 2343 2346
f 3714 3712 3711 3715
f 3717 3716 3718 3719
f 3717 3719 2344 2343
f 3719 3718 3720 3721
f 3719 3721 3722 2344
f 3722 3721 3723 3724
f 3722 3724 3725 3726
f 3722 3726 2345 2344
f 3726 3725 3727 3519
f 3726 3519 3518 2345
f 3727 3725 2046 3728
f 3727 3728 3729 3515
f 3727 3515 3514 3519
f 3729 3728 3730 3731
f 3729 3731 3732 3510
f 3729 3510 3509 3515
f 3732 3731 3733 3734
f 3732 3734 3735 3505
f 3732 3505 3504 3510
f 3735 3734 3736 3737
f 3735 3737 3738 3500
f 3735 3500 3499 3505
f 3738 3737 3739 3740
f 3738 3740 3741 3495
f 3738 3495 3494 3500
f 3741 3740 3742 3743
f 3741 3743 3744 3490
f 3741 3490 3489 3495
f 3744 3743 3745 3746
f 3744 3746 2018 3485
f 3744 3485 3484 3490
f 3746 3745 2008 2005
f 3746 2005 2004 2018
f 3745 2003 2002 2008
f 3745 3743 3742 2003
f 3742 3747 1998 2003
f 3742 3740 3739 3747
f 3747 3748 1999 1998
f 3747 3739 3749 3748
f 3749 3750 3751 3748
f 3749 3739 3737 3736
f 3749 3736 3752 3750
f 3752 3753 3754 3750
f 3752 3736 3734 3733
f 3752 3733 3755 3753
f 3755 2044 3756 3753
f 3755 3733 3731 3730
f 3755 3730 2045 2044
f 3756 2050 3757 3758
f 3756 3758 3754 3753
f 3756 2044 2041 2050
f 3758 3757 3759 3760
f 3758 3760 3761 3754
f 3761 3760 3762 3763
f 3761 3763 3764 3751
f 3761 3751 3750 3754
f 3764 3763 3765 3766
f 3764 3766 2000 1999
f 3764 1999 3748 3751
f 3766 3765 3767 3768
f 3766 3768 3769 2000
f 3769 3768 3770 3771
f 3769 3771 1742 1741
f 3769 1741 311 2000
f 3771 3770 3772 3773
f 3771 3773 3774 1742
f 3774 3773 3775 3776
f 3774 3776 3777 3778
f 3774 3778 1743 1742
f 3778 3777 3779 3780
f 3778 3780 1744 1743
f 3780 3779 1748 1747
f 3780 1747 1746 1744
f 3779 3777 3781 3782
f 3779 3782 1758 1748
f 3782 3781 3783 3784
f 3782 3784 1759 1758
f 3784 3783 1723 1718
f 3784 1718 1717 1759
f 3783 3785 3786 1723
f 3783 3781 3787 3785
f 3787 1972 1971 3785
f 3787 3781 3777 3776
f 3787 3776 3775 1972
f 3786 1976 3788 3789
f 3786 3789 1721 1723
f 3786 3785 1971 1976
f 3789 3788 3790 3791
f 3789 3791 1722 1721
f 3791 3790 3792 3793
f 3791 3793 3794 1722
f 3794 3793 3795 3796
f 3794 3796 3797 3798
f 3794 3798 1719 1722
f 3798 3797 3799 3800
f 3798 3800 1720 1719
f 3800 3799 3801 3802
f 3800 3802 3803 1720
f 3803 3802 1935 1934
f 3803 1934 1933 3804
f 3803 3804 1714 1720
f 3804 1933 3805 3806
f 3804 3806 1715 1714
f 3806 3805 893 1940
f 3806 1940 1939 1715
f 3805 1933 1931 3807
f 3805 3807 894 893
f 3807 1931 1930 3808
f 3807 3808 3809 894
f 3809 3808 3810 3811
f 3809 3811 3812 3813
f 3809 3813 889 894
f 3813 3812 852 899
f 3813 899 890 889
f 3812 3811 3814 3815
f 3812 3815 853 852
f 3815 3814 3816 3817
f 3815 3817 3818 853
f 3818 3817 3819 3820
f 3818 3820 850 3821
f 3818 3821 63 853
f 3821 850 849 3822
f 3821 3822 856 63
f 3822 849 3823 3824
f 3822 3824 897 856
f 3824 3823 3825 3826
f 3824 3826 3827 897
f 3827 933 898 897
f 3827 3826 3828 3829
f 3827 3829 934 933
f 3829 3828 3830 3831
f 3829 3831 929 934
f 3831 3830 3832 3833
f 3831 3833 930 929
f 3833 3832 3834 3835
f 3833 3835 931 930
f 3835 3834 3836 3837
f 3835 3837 3838 931
f 3837 3836 792 3839
f 3837 3839 3840 3838
f 3839 792 53 794
f 3836 3834 3841 3842
f 3836 3842 793 792
f 3842 3841 3843 3844
f 3842 3844 3845 793
f 3845 3844 3846 3847
f 3845 3847 3848 3849
f 3845 3849 787 793
f 3849 3848 3850 3851
f 3849 3851 788 787
f 3851 3850 3852 3853
f 3851 3853 3854 788
f 3854 3855 789 788
f 3854 3853 3856 3857
f 3854 3857 3858 3855
f 3858 3859 3860 3855
f 3858 3857 796 3861
f 3858 3861 3862 3859
f 3862 3863 3864 3859
f 3862 3861 772 771
f 3862 771 770 3863
f 3864 3865 3866 3867
f 3864 3867 3860 3859
f 3864 3863 3868 3865
f 3868 3869 3870 3865
f 3868 3863 770 3871
f 3868 3871 3872 3869
f 3872 3873 3874 3875
f 3872 3875 3876 3869
f 3872 3871 3877 3873
f 3877 3878 3879 3873
f 3877 3871 770 769
f 3877 769 768 3878
f 3879 3880 3881 3882
f 3879 3882 3874 3873
f 3879 3878 3883 3880
f 3883 3884 3885 3880
f 3883 3878 768 3886
f 3883 3886 3887 3884
f 3887 3888 3889 3884
f 3887 3886 3890 3891
f 3887 3891 3892 3888
f 3892 3893 3894 3888
f 3892 3891 3895 3896
f 3892 3896 3897 3893
f 3897 3898 3899 3893
f 3897 3896 3900 3901
f 3897 3901 3902 3898
f 3902 3903 2905 3898
f 3902 3901 2957 3904
f 3902 3904 3905 3903
f 3905 3906 3907 3903
f 3905 3904 3908 3909
f 3905 3909 3910 3906
f 3910 3911 3912 3906
f 3910 3909 3913 3914
f 3910 3914 3915 3911
f 3915 3916 3917 3911
f 3915 3914 3918 3919
f 3915 3919 3920 3916
f 3920 3921 3922 3916
f 3920 3919 3923 3924
f 3920 3924 3925 3921
f 3925 809 808 3921
f 3925 3924 3926 820
f 3925 820 817 809
f 3926 3924 3923 3927
f 3926 3927 2807 3928
f 3926 3928 818 820
f 3928 2807 2800 3929
f 3928 3929 819 818
f 3929 2800 2799 3930
f 3929 3930 3931 819
f 3931 821 815 819
f 3931 3930 3932 3933
f 3931 3933 822 821
f 3933 3932 3934 3935
f 3933 3935 3936 822
f 3936 3937 823 822
f 3936 3935 1042 1041
f 3936 1041 3938 3937
f 3938 3939 3940 3937
f 3938 1041 1032 1031
f 3938 1031 3941 3939
f 3941 951 3942 3939
f 3941 1031 1030 3943
f 3941 3943 952 951
f 3943 3944 953 952
f 3943 1030 1034 3944
f 3944 3945 3946 953
f 3944 1034 3947 3945
f 3947 973 972 3945
f 3947 1034 1033 981
f 3947 981 980 973
f 3946 976 970 3948
f 3946 3948 948 953
f 3946 3945 972 976
f 3948 970 969 3949
f 3948 3949 949 948
f 3949 969 964 1004
f 3949 1004 1003 949
f 3942 3950 3951 3952
f 3942 3952 3940 3939
f 3942 951 95 3950
f 3952 3951 780 775
f 3952 775 774 3940
f 3951 3953 3954 780
f 3951 3950 3955 3953
f 3955 3956 3957 3953
f 3955 3950 95 785
f 3955 785 784 3956
f 3957 3958 3959 3960
f 3957 3960 3954 3953
f 3957 3956 3961 3958
f 3961 3962 3963 3958
f 3961 3956 784 786
f 3961 786 3964 3962
f 3964 3965 3966 3962
f 3964 786 783 3967
f 3964 3967 3968 3965
f 3968 3969 3970 3965
f 3968 3967 3971 3972
f 3968 3972 3973 3969
f 3973 3974 3975 3969
f 3973 3972 3976 3977
f 3973 3977 3978 3974
f 3978 2786 2785 3974
f 3978 3977 3979 3980
f 3978 3980 2765 2786
f 3980 3979 3981 3982
f 3980 3982 2764 2765
f 3982 3981 3983 3984
f 3982 3984 2762 2764
f 3984 3983 3985 3986
f 3984 3986 2763 2762
f 3986 3985 1029 3987
f 3986 3987 3988 2763
f 3988 3989 2759 2763
f 3988 3987 1075 3990
f 3988 3990 2747 3989
f 3990 1075 1062 2750
f 3990 2750 2744 2747
f 3989 3991 2757 2759
f 3989 2747 2746 3991
f 3991 2771 2758 2757
f 3991 2746 2748 2771
f 3987 1029 1028 1075
f 3985 3983 3992 1021
f 3985 1021 1020 1029
f 3992 3983 3981 3993
f 3992 3993 3994 3995
f 3992 3995 1018 1021
f 3995 3994 3996 3997
f 3995 3997 1019 1018
f 3997 3996 954 3998
f 3997 3998 3999 1019
f 3999 3998 1002 997
f 3999 997 996 4000
f 3999 4000 1015 1019
f 4000 996 1025 4001
f 4000 4001 1016 1015
f 4001 1025 4002 4003
f 4001 4003 4004 1016
f 4004 4005 1017 1016
f 4004 4003 4006 4007
f 4004 4007 4008 4005
f 4008 4007 959 958
f 4008 958 4009 4010
f 4008 4010 4011 4005
f 4011 4010 4012 4013
f 4011 4013 1023 1022
f 4011 1022 1017 4005
f 4013 4012 4014 4015
f 4013 4015 112 1023
f 4015 4014 4016 4017
f 4015 4017 1063 112
f 4017 4016 4018 4019
f 4017 4019 2752 1063
f 4019 4018 4020 4021
f 4019 4021 2753 2752
f 4021 4020 4022 4023
f 4021 4023 2754 2753
f 4023 4022 2742 4024
f 4023 4024 2777 2754
f 4024 2742 2741 4025
f 4024 4025 2773 2777
f 4025 4026 2766 2773
f 4025 2741 2743 4026
f 4026 4027 2767 2766
f 4026 2743 4028 4027
f 4028 4029 4030 4027
f 4028 2743 2740 2734
f 4028 2734 2733 4029
f 4030 4031 4032 4033
f 4030 4033 2767 4027
f 4030 4029 4034 4031
f 4034 4035 4036 4031
f 4034 4029 2733 2732
f 4034 2732 4037 4035
f 4037 4038 4039 4035
f 4037 2732 2731 4040
f 4037 4040 4041 4038
f 4041 4042 4043 4038
f 4041 4040 4044 4045
f 4041 4045 4046 4042
f 4046 1010 1009 4042
f 4046 4045 4047 4048
f 4046 4048 1012 1010
f 4048 4047 4049 4050
f 4048 4050 4051 1012
f 4051 4052 1013 1012
f 4051 4050 4016 4014
f 4051 4014 4012 4052
f 4052 4009 1014 1013
f 4052 4012 4010 4009
f 4050 4049 4018 4016
f 4049 4047 4053 4054
f 4049 4054 4020 4018
f 4054 4053 4055 4056
f 4054 4056 4022 4020
f 4056 4055 2739 2738
f 4056 2738 2742 4022
f 4055 4053 4044 2736
f 4055 2736 2735 2739
f 4053 4047 4045 4044
f 4044 4040 2731 2736
f 4043 4057 4058 4059
f 4043 4059 4039 4038
f 4043 4042 1009 4057
f 4059 4058 4060 4061
f 4059 4061 4062 4039
f 4062 4061 1059 1058
f 4062 1058 4063 4036
f 4062 4036 4035 4039
f 4063 1058 1057 4064
f 4063 4064 4065 4032
f 4063 4032 4031 4036
f 4065 4064 1051 1054
f 4065 1054 4066 4067
f 4065 4067 4033 4032
f 4067 4066 2769 2768
f 4067 2768 2767 4033
f 4066 1054 1053 4068
f 4066 4068 4069 2769
f 4069 4068 2783 2782
f 4069 2782 2784 4070
f 4069 4070 2770 2769
f 4070 2784 2756 2755
f 4070 2755 2758 2770
f 4068 1053 1055 2783
f 4064 1057 1052 1051
f 4061 4060 1060 1059
f 4060 4071 4072 1060
f 4060 4058 4073 4071
f 4073 4074 4075 4071
f 4073 4058 4057 4076
f 4073 4076 4077 4074
f 4077 4078 4079 4074
f 4077 4076 1008 1011
f 4077 1011 1149 4078
f 4079 4080 4002 4081
f 4079 4081 4075 4074
f 4079 4078 4082 4080
f 4082 960 4006 4080
f 4082 4078 1149 1148
f 4082 1148 961 960
f 4081 4002 1025 1024
f 4081 1024 1027 4075
f 4080 4006 4003 4002
f 4076 4057 1009 1008
f 4075 1027 4072 4071
f 4072 1027 1026 4083
f 4072 4083 1056 1060
f 4083 1026 1050 1049
f 4083 1049 1052 1056
f 4009 958 957 1014
f 4007 4006 960 959
f 3998 954 950 1002
f 3996 3994 4084 4085
f 3996 4085 955 954
f 4085 4084 4086 4087
f 4085 4087 956 955
f 4087 4086 3971 782
f 4087 782 781 956
f 4086 3976 3972 3971
f 4086 4084 4088 3976
f 4088 3979 3977 3976
f 4088 4084 3994 3993
f 4088 3993 3981 3979
f 3975 2789 4089 4090
f 3975 4090 3970 3969
f 3975 3974 2785 2789
f 4090 4089 4091 4092
f 4090 4092 4093 3970
f 4093 4092 4094 4095
f 4093 4095 4096 3966
f 4093 3966 3965 3970
f 4096 4095 4097 4098
f 4096 4098 4099 3963
f 4096 3963 3962 3966
f 4099 4098 4100 4101
f 4099 4101 4102 3959
f 4099 3959 3958 3963
f 4102 4101 4103 4104
f 4102 4104 4105 4106
f 4102 4106 3960 3959
f 4106 4105 4107 4108
f 4106 4108 3954 3960
f 4108 4107 778 779
f 4108 779 780 3954
f 4107 4105 4109 4110
f 4107 4110 776 778
f 4110 4109 4111 4112
f 4110 4112 777 776
f 4112 4111 806 805
f 4112 805 811 777
f 4111 4113 4114 806
f 4111 4109 4115 4113
f 4115 4116 4117 4113
f 4115 4109 4105 4104
f 4115 4104 4103 4116
f 4117 4118 4119 4120
f 4117 4120 4114 4113
f 4117 4116 4121 4118
f 4121 4122 4123 4118
f 4121 4116 4103 4124
f 4121 4124 4125 4122
f 4125 4126 4127 4122
f 4125 4124 4100 4128
f 4125 4128 4129 4126
f 4129 4130 4131 4126
f 4129 4128 4097 4132
f 4129 4132 4133 4130
f 4133 4134 4135 4130
f 4133 4132 4094 4136
f 4133 4136 4137 4134
f 4137 4138 4139 4134
f 4137 4136 4091 4140
f 4137 4140 4141 4138
f 4141 4142 4143 4138
f 4141 4140 4144 4145
f 4141 4145 2792 4142
f 4145 4144 2788 2790
f 4145 2790 2760 2792
f 4144 4140 4091 4089
f 4144 4089 2789 2788
f 4143 4146 2802 4147
f 4143 4147 4139 4138
f 4143 4142 4148 4146
f 4148 4149 4150 4146
f 4148 4142 2792 2791
f 4148 2791 2793 4149
f 4150 4151 2795 2794
f 4150 2794 2802 4146
f 4150 4149 2779 4151
f 4151 4152 2798 2795
f 4151 2779 2778 4152
f 4152 3934 3932 2798
f 4152 2778 1043 3934
f 4149 2793 2780 2779
f 4147 2802 2797 2801
f 4147 2801 4153 4139
f 4153 2801 2796 2806
f 4153 2806 4154 4135
f 4153 4135 4134 4139
f 4154 2806 2805 4155
f 4154 4155 4156 4131
f 4154 4131 4130 4135
f 4156 4155 4157 4158
f 4156 4158 4159 4127
f 4156 4127 4126 4131
f 4159 4158 4160 4161
f 4159 4161 4162 4123
f 4159 4123 4122 4127
f 4162 4161 4163 4164
f 4162 4164 761 4119
f 4162 4119 4118 4123
f 4164 4163 4165 4166
f 4164 4166 758 761
f 4166 4165 2950 2954
f 4166 2954 759 758
f 4165 4167 2951 2950
f 4165 4163 4168 4167
f 4168 4169 4170 4167
f 4168 4163 4161 4160
f 4168 4160 4171 4169
f 4171 4172 4173 4169
f 4171 4160 4158 4157
f 4171 4157 2804 4172
f 4173 4174 3918 4175
f 4173 4175 4170 4169
f 4173 4172 4176 4174
f 4176 3927 3923 4174
f 4176 4172 2804 2803
f 4176 2803 2807 3927
f 4175 3918 3914 3913
f 4175 3913 4177 4170
f 4177 3913 3909 3908
f 4177 3908 2952 2951
f 4177 2951 4167 4170
f 4174 3923 3919 3918
f 4157 4155 2805 2804
f 4136 4094 4092 4091
f 4132 4097 4095 4094
f 4128 4100 4098 4097
f 4124 4103 4101 4100
f 4120 4119 761 757
f 4120 757 756 4114
f 4114 756 807 806
f 3971 3967 783 782
f 3940 774 823 3937
f 3935 3934 1043 1042
f 3932 3930 2799 2798
f 3922 813 802 4178
f 3922 4178 3917 3916
f 3922 3921 808 813
f 4178 802 801 4179
f 4178 4179 4180 3917
f 4180 4179 4181 4182
f 4180 4182 4183 3912
f 4180 3912 3911 3917
f 4183 4182 4184 2904
f 4183 2904 2903 3907
f 4183 3907 3906 3912
f 4184 4185 4186 4187
f 4184 4187 2896 2904
f 4184 4182 4181 4185
f 4187 4186 4188 2938
f 4187 2938 2897 2896
f 4188 3850 3848 4189
f 4188 4189 515 2938
f 4188 4186 3852 3850
f 4189 3848 3847 4190
f 4189 4190 2939 515
f 4190 3847 3846 4191
f 4190 4191 4192 2939
f 4192 4191 4193 4194
f 4192 4194 2927 2926
f 4192 2926 2929 2939
f 4194 4193 2949 2946
f 4194 2946 2945 2927
f 4193 4195 4196 2949
f 4193 4191 3846 4195
f 4196 4197 4198 4199
f 4196 4199 2947 2949
f 4196 4195 3843 4197
f 4199 4198 4200 4201
f 4199 4201 2948 2947
f 4201 4200 4202 4203
f 4201 4203 4204 2948
f 4204 4203 4205 4206
f 4204 4206 4207 4208
f 4204 4208 2943 2948
f 4208 4207 4209 4210
f 4208 4210 2944 2943
f 4210 4209 4211 4212
f 4210 4212 4213 2944
f 4213 4212 4214 4215
f 4213 4215 4216 4217
f 4213 4217 2940 2944
f 4217 4216 4218 4219
f 4217 4219 2941 2940
f 4219 4218 4220 4221
f 4219 4221 4222 2941
f 4222 4223 2942 2941
f 4222 4221 4224 4225
f 4222 4225 4226 4223
f 4226 4227 4228 4223
f 4226 4225 4229 4230
f 4226 4230 4231 4227
f 4231 2924 2923 4227
f 4231 4230 4232 2883
f 4231 2883 2882 2924
f 4232 4230 4229 4233
f 4232 4233 4234 4235
f 4232 4235 2884 2883
f 4235 4234 4236 4237
f 4235 4237 2885 2884
f 4237 4236 4238 4239
f 4237 4239 4240 2885
f 4240 4241 2886 2885
f 4240 4239 4242 4243
f 4240 4243 4244 4241
f 4244 4245 4246 4241
f 4244 4243 4247 4248
f 4244 4248 4249 4245
f 4249 4250 4251 4245
f 4249 4248 4252 4253
f 4249 4253 4254 4250
f 4254 4255 4256 4250
f 4254 4253 4257 4258
f 4254 4258 4259 4255
f 4259 4260 4261 4255
f 4259 4258 4262 4263
f 4259 4263 4264 4260
f 4264 4265 4266 4260
f 4264 4263 4267 4268
f 4264 4268 4269 4265
f 4269 4270 4271 4265
f 4269 4268 4272 4273
f 4269 4273 4274 4270
f 4274 4275 4276 4270
f 4274 4273 4277 4278
f 4274 4278 4279 4275
f 4279 4280 4281 4275
f 4279 4278 4282 4283
f 4279 4283 4284 4280
f 4284 4285 4286 4280
f 4284 4283 4287 4288
f 4284 4288 4289 4285
f 4289 4290 4291 4285
f 4289 4288 4292 4293
f 4289 4293 4294 4290
f 4294 4295 4296 4290
f 4294 4293 4297 4298
f 4294 4298 4299 4295
f 4299 4300 4301 4295
f 4299 4298 4302 4303
f 4299 4303 4304 4300
f 4304 4305 4306 4300
f 4304 4303 4307 4308
f 4304 4308 4309 4305
f 4309 4310 4311 4305
f 4309 4308 4312 4313
f 4309 4313 4314 4310
f 4314 4315 4316 4310
f 4314 4313 4317 2688
f 4314 2688 2682 4315
f 4317 4313 4312 4318
f 4317 4318 2693 4319
f 4317 4319 2679 2688
f 4319 2693 2692 2696
f 4319 2696 2680 2679
f 4318 4312 4320 4321
f 4318 4321 2694 2693
f 4321 4320 4322 4323
f 4321 4323 4324 2694
f 4324 4323 2668 4325
f 4324 4325 4326 4327
f 4324 4327 463 2694
f 4327 4326 4328 4329
f 4327 4329 2689 463
f 4329 4328 4330 4331
f 4329 4331 2690 2689
f 4331 4330 2686 2685
f 4331 2685 2695 2690
f 4330 4328 4332 4333
f 4330 4333 2687 2686
f 4333 4332 2677 2676
f 4333 2676 2675 2687
f 4332 4328 4326 4334
f 4332 4334 4335 2677
f 4335 4334 2667 2666
f 4335 2666 4336 4337
f 4335 4337 2678 2677
f 4337 4336 2654 2653
f 4337 2653 2656 2678
f 4336 2666 2665 4338
f 4336 4338 2657 2654
f 4338 4339 4340 2657
f 4338 2665 2664 4339
f 4340 2651 4341 4342
f 4340 4342 2658 2657
f 4340 4339 454 2651
f 4342 4341 4343 4344
f 4342 4344 4345 2658
f 4345 4344 4346 4347
f 4345 4347 4348 2672
f 4345 2672 456 2658
f 4348 4347 4349 4350
f 4348 4350 4351 4352
f 4348 4352 2673 2672
f 4352 4351 4353 4354
f 4352 4354 4355 2673
f 4355 4354 4356 4357
f 4355 4357 4358 2659
f 4355 2659 459 2673
f 4358 4357 4359 4360
f 4358 4360 2681 2684
f 4358 2684 2660 2659
f 4360 4359 4316 4315
f 4360 4315 2682 2681
f 4359 4357 4356 4361
f 4359 4361 4362 4316
f 4362 4361 4363 4364
f 4362 4364 4365 4311
f 4362 4311 4310 4316
f 4365 4364 4366 4367
f 4365 4367 4368 4306
f 4365 4306 4305 4311
f 4368 4367 4369 4370
f 4368 4370 4371 4301
f 4368 4301 4300 4306
f 4371 4370 4372 4373
f 4371 4373 4374 4296
f 4371 4296 4295 4301
f 4374 4373 4375 4376
f 4374 4376 4377 4291
f 4374 4291 4290 4296
f 4377 4376 4378 4379
f 4377 4379 4380 4286
f 4377 4286 4285 4291
f 4380 4379 4381 4382
f 4380 4382 4383 4281
f 4380 4281 4280 4286
f 4383 4382 4384 4385
f 4383 4385 4386 4276
f 4383 4276 4275 4281
f 4386 4385 4387 4388
f 4386 4388 4389 4271
f 4386 4271 4270 4276
f 4389 4388 4390 4391
f 4389 4391 4392 4266
f 4389 4266 4265 4271
f 4392 4391 4393 4394
f 4392 4394 4395 4261
f 4392 4261 4260 4266
f 4395 4394 4396 4397
f 4395 4397 4398 4256
f 4395 4256 4255 4261
f 4398 4397 4399 4400
f 4398 4400 4401 4251
f 4398 4251 4250 4256
f 4401 4400 2889 2880
f 4401 2880 2879 4246
f 4401 4246 4245 4251
f 4400 4399 2890 2889
f 4399 4402 2892 2890
f 4399 4397 4396 4402
f 4402 4403 2894 2892
f 4402 4396 4404 4403
f 4404 4405 4406 4403
f 4404 4396 4394 4393
f 4404 4393 4407 4405
f 4407 4408 4409 4405
f 4407 4393 4391 4390
f 4407 4390 4410 4408
f 4410 4411 4412 4408
f 4410 4390 4388 4387
f 4410 4387 4413 4411
f 4413 4414 4415 4411
f 4413 4387 4385 4384
f 4413 4384 4416 4414
f 4416 4417 4418 4414
f 4416 4384 4382 4381
f 4416 4381 4419 4417
f 4419 4420 4421 4417
f 4419 4381 4379 4378
f 4419 4378 4422 4420
f 4422 4423 4424 4420
f 4422 4378 4376 4375
f 4422 4375 4425 4423
f 4425 4426 4427 4423
f 4425 4375 4373 4372
f 4425 4372 4428 4426
f 4428 4429 4430 4426
f 4428 4372 4370 4369
f 4428 4369 4431 4429
f 4431 4432 4433 4429
f 4431 4369 4367 4366
f 4431 4366 4434 4432
f 4434 4435 4436 4432
f 4434 4366 4364 4363
f 4434 4363 4437 4435
f 4437 4353 4438 4435
f 4437 4363 4361 4356
f 4437 4356 4354 4353
f 4438 4439 4440 4441
f 4438 4441 4436 4435
f 4438 4353 4351 4439
f 4441 4440 4442 4443
f 4441 4443 4444 4436
f 4444 4443 4445 4446
f 4444 4446 4447 4433
f 4444 4433 4432 4436
f 4447 4446 4448 4449
f 4447 4449 4450 4430
f 4447 4430 4429 4433
f 4450 4449 4451 4452
f 4450 4452 4453 4427
f 4450 4427 4426 4430
f 4453 4452 4454 4455
f 4453 4455 4456 4424
f 4453 4424 4423 4427
f 4456 4455 4457 4458
f 4456 4458 4459 4421
f 4456 4421 4420 4424
f 4459 4458 4460 4461
f 4459 4461 4462 4418
f 4459 4418 4417 4421
f 4462 4461 4463 4464
f 4462 4464 4465 4415
f 4462 4415 4414 4418
f 4465 4464 4466 4467
f 4465 4467 4468 4412
f 4465 4412 4411 4415
f 4468 4467 4469 4470
f 4468 4470 4471 4409
f 4468 4409 4408 4412
f 4471 4472 4473 4406
f 4471 4406 4405 4409
f 4473 4472 4474 4475
f 4473 4475 2893 2894
f 4473 2894 4403 4406
f 4475 2895 2888 2893
f 4472 4476 4477 4478
f 4472 4471 4470 4476
f 4478 4477 2919 4479
f 4478 4479 4480 4481
f 4482 4481 4483 4484
f 4482 4484 4485 4486
f 4487 4486 2922 2921
f 4487 2921 2924 2882
f 4486 4485 2930 2922
f 4485 4484 4488 4489
f 4485 4489 4490 2930
f 4490 4489 2910 2913
f 4490 2913 4491 4492
f 4490 4492 2928 2930
f 4492 4491 2936 2935
f 4492 2935 2929 2928
f 4491 2913 2909 4493
f 4491 4493 4494 2936
f 4494 4493 4495 4496
f 4494 4496 4497 4498
f 4494 4498 2937 2936
f 4498 4497 2899 2898
f 4498 2898 2897 2937
f 4497 4496 4499 4500
f 4497 4500 4501 2899
f 4501 4500 4502 4503
f 4501 4503 4504 4505
f 4501 4505 2900 2899
f 4505 4504 4506 4507
f 4505 4507 2901 2900
f 4507 4506 4508 4509
f 4507 4509 4510 2901
f 4510 4509 4511 3894
f 4510 3894 3893 3899
f 4510 3899 2902 2901
f 4511 4509 4508 4512
f 4511 4512 4513 3889
f 4511 3889 3888 3894
f 4513 4512 4514 4515
f 4513 4515 4516 3885
f 4513 3885 3884 3889
f 4516 4515 4517 4518
f 4516 4518 4519 3881
f 4516 3881 3880 3885
f 4519 4518 4520 4521
f 4519 4521 4522 4523
f 4519 4523 3882 3881
f 4523 4522 4524 4525
f 4523 4525 3874 3882
f 4525 4524 4526 4527
f 4525 4527 3875 3874
f 4527 4526 944 943
f 4527 943 3876 3875
f 4526 4524 4528 4529
f 4526 4529 947 944
f 4529 4528 4530 4531
f 4529 4531 4532 947
f 4532 4531 4533 4534
f 4532 4534 4535 4536
f 4532 4536 945 947
f 4536 4535 4537 4538
f 4536 4538 946 945
f 4538 4537 4539 4540
f 4538 4540 4541 946
f 4541 4540 4542 4543
f 4541 4543 3870 4544
f 4541 4544 942 946
f 4544 3870 3869 3876
f 4544 3876 943 942
f 4543 4542 4545 3866
f 4543 3866 3865 3870
f 4545 4542 4546 4547
f 4545 4547 937 4548
f 4545 4548 3867 3866
f 4548 937 791 790
f 4548 790 3860 3867
f 4547 4546 4549 4550
f 4547 4550 938 937
f 4550 4549 935 4551
f 4550 4551 939 938
f 4549 4552 936 935
f 4549 4546 4539 4552
f 4552 4553 4554 936
f 4552 4539 4537 4553
f 4554 4555 4556 4557
f 4554 4557 924 936
f 4554 4553 4558 4555
f 4558 4559 4560 4555
f 4558 4553 4537 4535
f 4558 4535 4534 4559
f 4560 4561 4562 4563
f 4560 4563 4556 4555
f 4560 4559 4564 4561
f 4564 4565 4566 4561
f 4564 4559 4534 4533
f 4564 4533 4567 4565
f 4567 4568 4569 4565
f 4567 4533 4531 4530
f 4567 4530 4570 4568
f 4570 4571 4572 4568
f 4570 4530 4528 4573
f 4570 4573 4574 4571
f 4574 4575 4576 4571
f 4574 4573 4522 4521
f 4574 4521 4520 4575
f 4576 4577 4578 4579
f 4576 4579 4572 4571
f 4576 4575 4580 4577
f 4580 4581 4582 4577
f 4580 4575 4520 4583
f 4580 4583 4584 4581
f 4584 4585 4586 4581
f 4584 4583 4517 4587
f 4584 4587 4588 4585
f 4588 4589 4590 4585
f 4588 4587 4514 4591
f 4588 4591 4592 4589
f 4592 4593 4594 4589
f 4592 4591 4508 4506
f 4592 4506 4504 4593
f 4594 4595 4596 4597
f 4594 4597 4590 4589
f 4594 4593 4598 4595
f 4598 4503 4502 4599
f 4598 4599 4600 4595
f 4598 4593 4504 4503
f 4600 4599 4601 4602
f 4600 4602 4603 4604
f 4600 4604 4596 4595
f 4604 4603 4605 4606
f 4604 4606 2813 4596
f 4606 4605 4607 4608
f 4606 4608 2808 2813
f 4608 4607 4609 4610
f 4608 4610 2809 2808
f 4610 4609 4611 4612
f 4610 4612 4613 2809
f 4613 4612 4614 4615
f 4613 4615 4582 4616
f 4613 4616 2810 2809
f 4616 4582 4581 4586
f 4616 4586 2811 2810
f 4615 4614 4617 4578
f 4615 4578 4577 4582
f 4617 4614 4618 4619
f 4617 4619 4620 4621
f 4617 4621 4579 4578
f 4621 4620 4622 4623
f 4621 4623 4572 4579
f 4623 4622 4624 4569
f 4623 4569 4568 4572
f 4624 4622 4625 4626
f 4624 4626 4627 4566
f 4624 4566 4565 4569
f 4627 4626 4628 4629
f 4627 4629 4630 4562
f 4627 4562 4561 4566
f 4630 4629 4631 4632
f 4630 4632 4633 4634
f 4630 4634 4563 4562
f 4634 4633 577 4635
f 4634 4635 4556 4563
f 4635 577 576 4636
f 4635 4636 4557 4556
f 4636 576 579 925
f 4636 925 924 4557
f 4633 4632 4637 4638
f 4633 4638 573 577
f 4638 4637 4639 4640
f 4638 4640 574 573
f 4640 4639 4641 4642
f 4640 4642 582 574
f 4642 4641 4643 4644
f 4642 4644 583 582
f 4644 4643 4645 4646
f 4644 4646 4647 583
f 4647 4646 610 613
f 4647 613 4648 4649
f 4647 4649 580 583
f 4649 4648 4650 4651
f 4649 4651 581 580
f 4651 4650 896 895
f 4651 895 932 581
f 4650 4648 605 604
f 4650 604 858 896
f 4648 613 606 605
f 4646 4645 611 610
f 4645 4652 4653 611
f 4645 4643 4654 4652
f 4654 4655 4656 4652
f 4654 4643 4641 4657
f 4654 4657 4658 4655
f 4658 4659 4660 4655
f 4658 4657 4661 4662
f 4658 4662 4663 4659
f 4663 4664 4665 4659
f 4663 4662 4666 4667
f 4663 4667 4668 4664
f 4668 4669 4670 4664
f 4668 4667 4671 4672
f 4668 4672 4673 4669
f 4673 4674 4675 4669
f 4673 4672 4676 4677
f 4673 4677 4678 4674
f 4678 4679 4680 4674
f 4678 4677 4681 4682
f 4678 4682 4683 4679
f 4683 4684 4685 4679
f 4683 4682 4618 4611
f 4683 4611 4609 4684
f 4685 2850 2849 4686
f 4685 4686 4680 4679
f 4685 4684 4687 2850
f 4687 4688 497 2850
f 4687 4684 4609 4607
f 4687 4607 4605 4688
f 4688 4689 2853 497
f 4688 4605 4603 4689
f 4689 2819 2818 2853
f 4689 4603 4602 2819
f 4686 2849 4690 4691
f 4686 4691 4692 4680
f 4692 4691 4693 4694
f 4692 4694 4695 4675
f 4692 4675 4674 4680
f 4695 4694 4696 4697
f 4695 4697 4698 4670
f 4695 4670 4669 4675
f 4698 4697 4699 4700
f 4698 4700 4701 4665
f 4698 4665 4664 4670
f 4701 4700 4702 4703
f 4701 4703 4704 4660
f 4701 4660 4659 4665
f 4704 4703 4705 4706
f 4704 4706 4707 4656
f 4704 4656 4655 4660
f 4707 4706 4708 4709
f 4707 4709 4710 4653
f 4707 4653 4652 4656
f 4710 4709 4711 614
f 4710 614 15 612
f 4710 612 611 4653
f 4711 4712 4713 4714
f 4711 4714 615 614
f 4711 4709 4708 4712
f 4714 4713 2969 4715
f 4714 4715 4716 615
f 4716 4715 4717 4718
f 4716 4718 4719 4720
f 4716 4720 607 615
f 4720 4719 4721 4722
f 4720 4722 608 607
f 4722 4721 3385 3384
f 4722 3384 609 608
f 4721 4719 4723 4724
f 4721 4724 4725 3385
f 4725 4724 4726 4727
f 4725 4727 1956 3380
f 4725 3380 3379 3385
f 4727 4726 4728 4729
f 4727 4729 1952 1956
f 4729 4728 4730 4731
f 4729 4731 1953 1952
f 4731 4730 4732 4733
f 4731 4733 4734 1953
f 4734 4733 4735 4736
f 4734 4736 4737 4738
f 4734 4738 1949 1953
f 4738 4737 4739 3367
f 4738 3367 1950 1949
f 4739 4737 4740 4741
f 4739 4741 4742 3363
f 4739 3363 3362 3367
f 4742 4741 4743 4744
f 4742 4744 4745 3358
f 4742 3358 3357 3363
f 4745 4744 4746 4747
f 4745 4747 4748 3353
f 4745 3353 3352 3358
f 4748 4747 4749 4750
f 4748 4750 4751 3348
f 4748 3348 3347 3353
f 4751 4750 4752 4753
f 4751 4753 4754 3343
f 4751 3343 3342 3348
f 4754 4753 4755 4756
f 4754 4756 4757 3338
f 4754 3338 3337 3343
f 4757 4756 4758 4759
f 4757 4759 4760 3333
f 4757 3333 3332 3338
f 4760 4759 4761 4762
f 4760 4762 4763 3328
f 4760 3328 3327 3333
f 4763 4762 4764 4765
f 4763 4765 4766 3323
f 4763 3323 3322 3328
f 4766 4765 4767 4768
f 4766 4768 2137 3318
f 4766 3318 3317 3323
f 4768 4767 1964 4769
f 4768 4769 2138 2137
f 4769 1964 1963 2129
f 4769 2129 2139 2138
f 4767 4770 1965 1964
f 4767 4765 4764 4770
f 4770 4771 1967 1965
f 4770 4764 4772 4771
f 4772 4773 1796 4771
f 4772 4764 4762 4761
f 4772 4761 4774 4773
f 4774 1822 1820 4773
f 4774 4761 4759 4758
f 4774 4758 1864 1822
f 4773 1820 1797 1796
f 4771 1796 1795 1967
f 4758 4756 4755 1864
f 4755 4775 1865 1864
f 4755 4753 4752 4775
f 4775 4776 1866 1865
f 4775 4752 4777 4776
f 4777 4778 4779 4776
f 4777 4752 4750 4749
f 4777 4749 4780 4778
f 4780 4781 4782 4778
f 4780 4749 4747 4746
f 4780 4746 4783 4781
f 4783 4784 4785 4781
f 4783 4746 4744 4743
f 4783 4743 4786 4784
f 4786 4787 4788 4784
f 4786 4743 4741 4740
f 4786 4740 4789 4787
f 4789 4790 4791 4787
f 4789 4740 4737 4736
f 4789 4736 4735 4790
f 4791 4792 4793 4794
f 4791 4794 4788 4787
f 4791 4790 4795 4792
f 4795 4796 4797 4792
f 4795 4790 4735 4798
f 4795 4798 4799 4796
f 4799 4800 4801 4796
f 4799 4798 4732 4802
f 4799 4802 4803 4800
f 4803 4804 4805 4800
f 4803 4802 4806 4807
f 4803 4807 4808 4804
f 4808 4809 4810 4804
f 4808 4807 4811 4812
f 4808 4812 4813 4809
f 4813 4814 4815 4809
f 4813 4812 4816 4817
f 4813 4817 4818 4814
f 4818 4819 4820 4814
f 4818 4817 2970 2967
f 4818 2967 2966 4819
f 4820 4821 4822 4823
f 4820 4823 4815 4814
f 4820 4819 4824 4821
f 4824 4825 4826 4821
f 4824 4819 2966 4827
f 4824 4827 4828 4825
f 4828 4829 4830 4825
f 4828 4827 4831 4832
f 4828 4832 4833 4829
f 4833 4834 4835 4829
f 4833 4832 4836 4837
f 4833 4837 4838 4834
f 4838 4839 4840 4834
f 4838 4837 4841 4842
f 4838 4842 4843 4839
f 4843 4844 4845 4839
f 4843 4842 4846 4847
f 4843 4847 4848 4844
f 4848 2125 2119 4844
f 4848 4847 4849 4850
f 4848 4850 2126 2125
f 4850 4849 2258 2257
f 4850 2257 2122 2126
f 4849 4847 4846 4851
f 4849 4851 4852 2258
f 4852 4851 4853 4854
f 4852 4854 4855 4856
f 4852 4856 2259 2258
f 4856 4855 4857 4858
f 4856 4858 2260 2259
f 4858 4857 4859 4860
f 4858 4860 4861 2260
f 4861 4862 2261 2260
f 4861 4860 4863 4864
f 4861 4864 4865 4862
f 4865 2265 2264 4862
f 4865 4864 4866 4867
f 4865 4867 2221 2265
f 4867 4866 4868 4869
f 4867 4869 2216 2221
f 4869 4868 4870 4871
f 4869 4871 2217 2216
f 4871 4870 4872 4873
f 4871 4873 2254 2217
f 4873 4872 4874 2242
f 4873 2242 2241 2254
f 4874 4872 4875 4876
f 4874 4876 4877 4878
f 4874 4878 2237 2242
f 4878 4877 4879 4880
f 4878 4880 2238 2237
f 4880 4879 2186 4881
f 4880 4881 4882 2238
f 4882 4883 2239 2238
f 4882 4881 4884 4885
f 4882 4885 4886 4883
f 4884 4881 2186 2185
f 4884 2185 2175 2174
f 4884 2174 2178 4885
f 4883 4887 2240 2239
f 4883 4886 4888 4887
f 4888 4889 2253 4887
f 4888 4886 4890 4891
f 4888 4891 4892 4889
f 4892 4893 4894 4889
f 4892 4891 4895 4896
f 4892 4896 4897 4893
f 4897 4898 4899 4893
f 4897 4896 4900 4901
f 4897 4901 4902 4898
f 4902 4903 4904 4898
f 4902 4901 4905 4906
f 4902 4906 4907 4903
f 4907 4908 4909 4903
f 4907 4906 4910 4911
f 4907 4911 4912 4908
f 4912 4913 4914 4908
f 4912 4911 4915 4916
f 4912 4916 4917 4913
f 4917 4918 4919 4913
f 4917 4916 4920 4921
f 4917 4921 4922 4918
f 4922 4923 4924 4918
f 4922 4921 4925 4926
f 4922 4926 4927 4923
f 4927 4928 4929 4923
f 4927 4926 4930 4931
f 4927 4931 4932 4928
f 4932 4933 4934 4928
f 4932 4931 4935 4936
f 4932 4936 4937 4933
f 4937 4938 4939 4933
f 4937 4936 4940 4941
f 4937 4941 4942 4938
f 4942 4943 4944 4938
f 4942 4941 4945 4946
f 4942 4946 4947 4943
f 4947 4948 4949 4943
f 4947 4946 4950 4951
f 4947 4951 4952 4948
f 4952 4953 4954 4948
f 4952 4951 4955 4956
f 4952 4956 4957 4953
f 4957 4958 4959 4953
f 4957 4956 4960 4961
f 4957 4961 4962 4958
f 4962 4963 4964 4958
f 4962 4961 4965 4966
f 4962 4966 2455 4963
f 4966 4965 2464 4967
f 4966 4967 2452 2455
f 4967 2464 2463 4968
f 4967 4968 2453 2452
f 4968 2463 2468 4969
f 4968 4969 2456 2453
f 4969 2468 4970 4971
f 4969 4971 2457 2456
f 4971 4970 2482 415
f 4971 415 2458 2457
f 4970 2468 2467 4972
f 4970 4972 4973 2482
f 4973 4972 4974 4975
f 4973 4975 4976 2470
f 4973 2470 2469 2482
f 4976 4975 4977 2476
f 4976 2476 2475 4978
f 4976 4978 2471 2470
f 4978 2475 2480 4979
f 4978 4979 2474 2471
f 4979 2480 2487 2486
f 4979 2486 2489 2474
f 4977 4980 4981 4982
f 4977 4982 2477 2476
f 4977 4975 4974 4980
f 4982 4981 4983 4984
f 4982 4984 2478 2477
f 4984 4983 4950 4985
f 4984 4985 4986 2478
f 4986 4985 4945 4987
f 4986 4987 4988 4989
f 4986 4989 2479 2478
f 4989 4988 2488 2487
f 4989 2487 2480 2479
f 4988 4987 4940 4990
f 4988 4990 4991 2488
f 4991 4990 4935 4992
f 4991 4992 4993 4994
f 4991 4994 416 2488
f 4994 4993 4995 4996
f 4994 4996 2483 416
f 4996 4995 4997 4998
f 4996 4998 4999 2483
f 4999 4998 5000 5001
f 4999 5001 5002 5003
f 4999 5003 2484 2483
f 5003 5002 5004 2512
f 5003 2512 2511 2484
f 5004 5002 5005 5006
f 5004 5006 2500 2499
f 5004 2499 2502 2512
f 5006 5005 5007 5008
f 5006 5008 2492 2500
f 5008 5007 5009 5010
f 5008 5010 2493 2492
f 5010 5009 5011 5012
f 5010 5012 2494 2493
f 5012 5011 5013 5014
f 5012 5014 5015 2494
f 5015 5014 5016 5017
f 5015 5017 5018 5019
f 5015 5019 2490 2494
f 5019 5018 5020 5021
f 5019 5021 418 2490
f 5021 5020 5022 5023
f 5021 5023 2497 418
f 5023 5022 5024 5025
f 5023 5025 5026 2497
f 5026 5025 5027 5028
f 5026 5028 5029 5030
f 5026 5030 2498 2497
f 5030 5029 2507 2504
f 5030 2504 2503 2498
f 5029 5028 5031 5032
f 5029 5032 5033 2507
f 5033 5032 5034 5035
f 5033 5035 5036 5037
f 5033 5037 2505 2507
f 5037 5036 5038 5039
f 5037 5039 2506 2505
f 5039 5038 5040 5041
f 5039 5041 2508 2506
f 5041 5040 5042 2460
f 5041 2460 2459 2508
f 5042 5040 5043 5044
f 5042 5044 5045 5046
f 5042 5046 2461 2460
f 5046 5045 5047 5048
f 5046 5048 4964 2461
f 5048 5047 5049 4959
f 5048 4959 4958 4964
f 5049 5047 5050 5051
f 5049 5051 5052 4954
f 5049 4954 4953 4959
f 5052 5051 5053 5054
f 5052 5054 5055 4949
f 5052 4949 4948 4954
f 5055 5054 5056 5057
f 5055 5057 5058 4944
f 5055 4944 4943 4949
f 5058 5057 5059 5060
f 5058 5060 5061 4939
f 5058 4939 4938 4944
f 5061 5060 5062 5063
f 5061 5063 5064 4934
f 5061 4934 4933 4939
f 5064 5063 5065 5066
f 5064 5066 5067 4929
f 5064 4929 4928 4934
f 5067 5066 5068 5069
f 5067 5069 5070 4924
f 5067 4924 4923 4929
f 5070 5069 5071 5072
f 5070 5072 5073 4919
f 5070 4919 4918 4924
f 5073 5072 5074 5075
f 5073 5075 5076 4914
f 5073 4914 4913 4919
f 5076 5075 5077 5078
f 5076 5078 5079 4909
f 5076 4909 4908 4914
f 5079 5078 5080 5081
f 5079 5081 5082 4904
f 5079 4904 4903 4909
f 5082 5081 5083 5084
f 5082 5084 5085 4899
f 5082 4899 4898 4904
f 5085 5084 5086 2251
f 5085 2251 2250 4894
f 5085 4894 4893 4899
f 5086 5087 5088 5089
f 5086 5089 2218 2251
f 5086 5084 5083 5087
f 5089 5088 5090 5091
f 5089 5091 2219 2218
f 5091 5090 5092 2273
f 5091 2273 2222 2219
f 5092 5093 5094 2255
f 5092 2255 365 2273
f 5092 5090 5095 5093
f 5095 2277 2276 5093
f 5095 5090 5088 5096
f 5095 5096 5097 2277
f 5097 2288 2278 2277
f 5097 5096 5098 5099
f 5097 5099 5100 2288
f 5100 5101 2289 2288
f 5100 5099 5102 5103
f 5100 5103 5104 5101
f 5104 5105 2280 5101
f 5104 5103 5106 5107
f 5104 5107 5108 5105
f 5108 5109 5110 5105
f 5108 5107 5111 5112
f 5108 5112 5113 5109
f 5113 5114 5115 5109
f 5113 5112 5116 5117
f 5113 5117 5118 5114
f 5118 5119 5120 5114
f 5118 5117 5121 5122
f 5118 5122 5123 5119
f 5123 5124 5125 5119
f 5123 5122 5126 5127
f 5123 5127 5128 5124
f 5128 5129 5130 5124
f 5128 5127 5131 5132
f 5128 5132 5133 5129
f 5133 5134 5135 5129
f 5133 5132 5136 5137
f 5133 5137 5138 5134
f 5138 5139 5140 5134
f 5138 5137 5141 5142
f 5138 5142 5143 5139
f 5143 5144 5145 5139
f 5143 5142 5146 5147
f 5143 5147 5148 5144
f 5148 5149 5150 5144
f 5148 5147 5151 5152
f 5148 5152 5153 5149
f 5153 5154 5155 5149
f 5153 5152 5156 5157
f 5153 5157 5158 5154
f 5158 5159 5160 5154
f 5158 5157 5043 5161
f 5158 5161 5162 5159
f 5162 5163 5164 5159
f 5162 5161 5038 5036
f 5162 5036 5035 5163
f 5164 5165 5166 5167
f 5164 5167 5160 5159
f 5164 5163 5168 5165
f 5168 5169 5170 5165
f 5168 5163 5035 5034
f 5168 5034 5171 5169
f 5171 5172 5173 5169
f 5171 5034 5032 5031
f 5171 5031 5174 5172
f 5174 5175 5176 5172
f 5174 5031 5028 5027
f 5174 5027 5177 5175
f 5177 5178 5179 5175
f 5177 5027 5025 5024
f 5177 5024 5180 5178
f 5180 5181 5182 5178
f 5180 5024 5022 5183
f 5180 5183 2517 5181
f 5183 5022 5020 5184
f 5183 5184 2513 2517
f 5184 5020 5018 5185
f 5184 5185 2514 2513
f 5185 5018 5017 5186
f 5185 5186 5187 2514
f 5187 5186 5188 5189
f 5187 5189 5190 5191
f 5187 5191 2515 2514
f 5191 5190 5192 5193
f 5191 5193 2521 2515
f 5193 5192 5194 5195
f 5193 5195 5196 2521
f 5196 5195 5197 5198
f 5196 5198 5199 5200
f 5196 5200 2519 2521
f 5200 5199 5201 5202
f 5200 5202 2520 2519
f 5202 5201 5203 5204
f 5202 5204 2522 2520
f 5204 5203 5205 5206
f 5204 5206 5207 2522
f 5207 5206 5208 5209
f 5207 5209 5210 5211
f 5207 5211 2518 2522
f 5211 5210 5212 5213
f 5211 5213 2516 2518
f 5213 5212 5182 5181
f 5213 5181 2517 2516
f 5212 5210 5214 5215
f 5212 5215 5216 5182
f 5216 5215 5217 5218
f 5216 5218 5219 5179
f 5216 5179 5178 5182
f 5219 5218 5220 5221
f 5219 5221 5222 5176
f 5219 5176 5175 5179
f 5222 5221 5223 5224
f 5222 5224 5225 5173
f 5222 5173 5172 5176
f 5225 5224 5226 5227
f 5225 5227 5228 5170
f 5225 5170 5169 5173
f 5228 5227 5229 5230
f 5228 5230 5231 5166
f 5228 5166 5165 5170
f 5231 5230 5232 5233
f 5231 5233 5234 5235
f 5231 5235 5167 5166
f 5235 5234 5236 5237
f 5235 5237 5160 5167
f 5237 5236 5238 5155
f 5237 5155 5154 5160
f 5238 5236 5239 5240
f 5238 5240 5241 5150
f 5238 5150 5149 5155
f 5241 5240 5242 5243
f 5241 5243 5244 5145
f 5241 5145 5144 5150
f 5244 5243 5245 5246
f 5244 5246 5247 5140
f 5244 5140 5139 5145
f 5247 5246 5248 5249
f 5247 5249 5250 5135
f 5247 5135 5134 5140
f 5250 5249 5251 5252
f 5250 5252 5253 5130
f 5250 5130 5129 5135
f 5253 5252 5254 5255
f 5253 5255 5256 5125
f 5253 5125 5124 5130
f 5256 5255 5257 5258
f 5256 5258 5259 5120
f 5256 5120 5119 5125
f 5259 5258 5260 5261
f 5259 5261 5262 5115
f 5259 5115 5114 5120
f 5262 5261 5263 2285
f 5262 2285 2281 5110
f 5262 5110 5109 5115
f 5263 5264 2305 2304
f 5263 2304 2282 2285
f 5263 5261 5260 5264
f 5264 5265 2308 2305
f 5264 5260 5266 5265
f 5266 5267 5268 5265
f 5266 5260 5258 5257
f 5266 5257 5269 5267
f 5269 5270 5271 5267
f 5269 5257 5255 5254
f 5269 5254 5272 5270
f 5272 5273 5274 5270
f 5272 5254 5252 5251
f 5272 5251 5275 5273
f 5275 5276 5277 5273
f 5275 5251 5249 5248
f 5275 5248 5278 5276
f 5278 5279 5280 5276
f 5278 5248 5246 5245
f 5278 5245 5281 5279
f 5281 5282 5283 5279
f 5281 5245 5243 5242
f 5281 5242 5284 5282
f 5284 5285 5286 5282
f 5284 5242 5240 5239
f 5284 5239 5287 5285
f 5287 5288 5289 5285
f 5287 5239 5236 5234
f 5287 5234 5233 5288
f 5289 5290 5291 5292
f 5289 5292 5286 5285
f 5289 5288 5293 5290
f 5293 5294 5295 5290
f 5293 5288 5233 5232
f 5293 5232 5296 5294
f 5296 5297 5298 5294
f 5296 5232 5230 5229
f 5296 5229 5299 5297
f 5299 5300 5301 5297
f 5299 5229 5227 5226
f 5299 5226 5302 5300
f 5302 5303 5304 5300
f 5302 5226 5224 5223
f 5302 5223 5305 5303
f 5305 5306 5307 5303
f 5305 5223 5221 5220
f 5305 5220 5308 5306
f 5308 5309 5310 5306
f 5308 5220 5218 5217
f 5308 5217 5311 5309
f 5311 5312 5313 5309
f 5311 5217 5215 5214
f 5311 5214 5314 5312
f 5314 5315 5316 5312
f 5314 5214 5210 5209
f 5314 5209 5208 5315
f 5316 5317 5318 5319
f 5316 5319 5313 5312
f 5316 5315 5320 5317
f 5320 5321 5322 5317
f 5320 5315 5208 5323
f 5320 5323 5324 5321
f 5324 5325 5326 5321
f 5324 5323 5205 5327
f 5324 5327 5328 5325
f 5328 5329 5330 5325
f 5328 5327 5331 2638
f 5328 2638 2637 5329
f 5331 5327 5205 5203
f 5331 5203 5201 5332
f 5331 5332 2635 2638
f 5332 5201 5199 5333
f 5332 5333 2636 2635
f 5333 5199 5198 5334
f 5333 5334 5335 2636
f 5335 2639 2633 2636
f 5335 5334 5336 5337
f 5335 5337 5338 2639
f 5338 5337 5339 5340
f 5338 5340 5341 5342
f 5338 5342 2640 2639
f 5342 5341 5343 5344
f 5342 5344 2641 2640
f 5344 5343 5345 5346
f 5344 5346 5347 2641
f 5347 5346 5348 5349
f 5347 5349 5350 5351
f 5347 5351 2634 2641
f 5351 5350 5352 5353
f 5351 5353 451 2634
f 5353 5352 5354 5355
f 5353 5355 2637 451
f 5355 5354 5356 5357
f 5355 5357 5329 2637
f 5357 5356 5358 5359
f 5357 5359 5330 5329
f 5359 5358 5360 5361
f 5359 5361 5362 5330
f 5362 5361 5363 5364
f 5362 5364 5365 5326
f 5362 5326 5325 5330
f 5365 5364 5366 5367
f 5365 5367 5368 5322
f 5365 5322 5321 5326
f 5368 5367 5369 5370
f 5368 5370 5371 5318
f 5368 5318 5317 5322
f 5371 5370 5372 5373
f 5371 5373 5374 5375
f 5371 5375 5319 5318
f 5375 5374 5376 5377
f 5375 5377 5313 5319
f 5377 5376 5378 5310
f 5377 5310 5309 5313
f 5378 5376 5379 5380
f 5378 5380 5381 5307
f 5378 5307 5306 5310
f 5381 5380 5382 5383
f 5381 5383 5384 5304
f 5381 5304 5303 5307
f 5384 5383 5385 5386
f 5384 5386 5387 5301
f 5384 5301 5300 5304
f 5387 5386 5388 5389
f 5387 5389 5390 5298
f 5387 5298 5297 5301
f 5390 5389 5391 5392
f 5390 5392 5393 5295
f 5390 5295 5294 5298
f 5393 5392 5394 5395
f 5393 5395 5396 5291
f 5393 5291 5290 5295
f 5396 5395 5397 5398
f 5396 5398 5399 5400
f 5396 5400 5292 5291
f 5400 5399 5401 5402
f 5400 5402 5286 5292
f 5402 5401 5403 5283
f 5402 5283 5282 5286
f 5403 5401 5404 5405
f 5403 5405 5406 5280
f 5403 5280 5279 5283
f 5406 5405 5407 5408
f 5406 5408 5409 5277
f 5406 5277 5276 5280
f 5409 5408 5410 5411
f 5409 5411 5412 5274
f 5409 5274 5273 5277
f 5412 5411 2229 2233
f 5412 2233 5413 5271
f 5412 5271 5270 5274
f 5413 2233 2232 5414
f 5413 5414 5415 5268
f 5413 5268 5267 5271
f 5415 5414 2248 5416
f 5415 5416 2306 2308
f 5415 2308 5265 5268
f 5416 2248 2247 5417
f 5416 5417 2307 2306
f 5417 2247 2249 5418
f 5417 5418 5419 2307
f 5419 2283 2303 2307
f 5419 5418 5420 5421
f 5419 5421 2284 2283
f 5421 5420 5422 5423
f 5421 5423 2286 2284
f 5423 5422 5424 5425
f 5423 5425 5426 2286
f 5426 2292 2287 2286
f 5426 5425 5427 5428
f 5426 5428 5429 2292
f 5429 2310 2293 2292
f 5429 5428 2319 2321
f 5429 2321 2311 2310
f 5428 5427 2320 2319
f 5427 5425 5424 5430
f 5427 5430 5431 2320
f 5431 5430 5432 5433
f 5431 5433 2323 2322
f 5431 2322 2317 2320
f 5433 5432 5434 5435
f 5433 5435 2337 2323
f 5435 5434 5436 2075
f 5435 2075 2074 2337
f 5436 5434 5437 5438
f 5436 5438 5439 5440
f 5436 5440 2076 2075
f 5440 5439 5441 5442
f 5440 5442 2077 2076
f 5442 5441 5443 2080
f 5442 2080 2079 2077
f 5443 5441 5444 5445
f 5443 5445 5446 5447
f 5443 5447 326 2080
f 5447 5446 2329 5448
f 5447 5448 2081 326
f 5448 5449 5450 2081
f 5448 2329 2328 5449
f 5450 5451 5452 5453
f 5450 5453 2082 2081
f 5450 5449 5454 5451
f 5454 5455 5456 5451
f 5454 5449 2328 2330
f 5454 2330 5457 5455
f 5457 5458 5459 5455
f 5457 2330 2162 2161
f 5457 2161 5460 5458
f 5460 5461 5462 5458
f 5460 2161 2160 5463
f 5460 5463 5464 5461
f 5464 2151 2150 5461
f 5464 5463 2158 2157
f 5464 2157 2153 2151
f 5463 2160 2166 2158
f 5462 5465 5466 5467
f 5462 5467 5459 5458
f 5462 5461 2150 5465
f 5467 5466 5468 5469
f 5467 5469 5470 5459
f 5470 5469 5471 5472
f 5470 5472 5473 5456
f 5470 5456 5455 5459
f 5473 5472 5474 5475
f 5473 5475 1974 5452
f 5473 5452 5451 5456
f 5475 5474 5476 5477
f 5475 5477 1975 1974
f 5477 5476 5478 5479
f 5477 5479 5480 1975
f 5480 5479 1977 1981
f 5480 1981 3790 3788
f 5480 3788 1976 1975
f 5479 5478 1978 1977
f 5478 5481 5482 1978
f 5478 5476 5483 5481
f 5483 5484 5485 5481
f 5483 5476 5474 5486
f 5483 5486 5487 5484
f 5487 5488 5489 5484
f 5487 5486 5471 5490
f 5487 5490 5491 5488
f 5491 4218 4216 5488
f 5491 5490 5468 5492
f 5491 5492 4220 4218
f 5492 5468 5466 5493
f 5492 5493 5494 4220
f 5494 4224 4221 4220
f 5494 5493 5495 5496
f 5494 5496 5497 4224
f 5497 4229 4225 4224
f 5497 5496 2152 5498
f 5497 5498 4233 4229
f 5498 2152 2147 5499
f 5498 5499 4234 4233
f 5499 2147 2146 5500
f 5499 5500 4236 4234
f 5500 2146 5501 5502
f 5500 5502 4238 4236
f 5502 5501 5503 5504
f 5502 5504 5505 4238
f 5505 4242 4239 4238
f 5505 5504 2877 5506
f 5505 5506 5507 4242
f 5507 4247 4243 4242
f 5507 5506 5508 5509
f 5507 5509 5510 4247
f 5510 4252 4248 4247
f 5510 5509 5511 5512
f 5510 5512 5513 4252
f 5513 4257 4253 4252
f 5513 5512 5514 5515
f 5513 5515 5516 4257
f 5516 4262 4258 4257
f 5516 5515 5517 5518
f 5516 5518 5519 4262
f 5519 4267 4263 4262
f 5519 5518 5520 5521
f 5519 5521 5522 4267
f 5522 4272 4268 4267
f 5522 5521 5523 5524
f 5522 5524 5525 4272
f 5525 4277 4273 4272
f 5525 5524 5526 5527
f 5525 5527 5528 4277
f 5528 4282 4278 4277
f 5528 5527 5529 5530
f 5528 5530 5531 4282
f 5531 4287 4283 4282
f 5531 5530 5532 5533
f 5531 5533 5534 4287
f 5534 4292 4288 4287
f 5534 5533 5535 5536
f 5534 5536 5537 4292
f 5537 4297 4293 4292
f 5537 5536 5538 5539
f 5537 5539 5540 4297
f 5540 4302 4298 4297
f 5540 5539 5541 5542
f 5540 5542 5543 4302
f 5543 4307 4303 4302
f 5543 5542 2669 4322
f 5543 4322 4320 4307
f 5542 5541 2670 2669
f 5541 5539 5538 5544
f 5541 5544 2671 2670
f 5544 5538 5545 5546
f 5544 5546 5547 2671
f 5547 5546 5548 5549
f 5547 5549 2647 5550
f 5547 5550 2663 2671
f 5550 2647 2646 2648
f 5550 2648 2664 2663
f 5549 5548 5551 5552
f 5549 5552 2642 2647
f 5552 5551 5553 5554
f 5552 5554 2643 2642
f 5554 5553 5555 5556
f 5554 5556 5557 2643
f 5557 5556 5558 5559
f 5557 5559 5560 5561
f 5557 5561 2644 2643
f 5561 5560 5562 2652
f 5561 2652 2645 2644
f 5562 5563 5564 5565
f 5562 5565 2649 2652
f 5562 5560 5566 5563
f 5566 5567 5568 5563
f 5566 5560 5559 5569
f 5566 5569 5570 5567
f 5570 5356 5354 5567
f 5570 5569 5571 5572
f 5570 5572 5358 5356
f 5572 5571 5573 5574
f 5572 5574 5360 5358
f 5574 5573 5575 5576
f 5574 5576 5577 5360
f 5577 5576 5578 5579
f 5577 5579 5580 5363
f 5577 5363 5361 5360
f 5580 5579 5581 5582
f 5580 5582 5583 5366
f 5580 5366 5364 5363
f 5583 5582 5584 5585
f 5583 5585 5586 5369
f 5583 5369 5367 5366
f 5586 5585 5587 5588
f 5586 5588 5589 5372
f 5586 5372 5370 5369
f 5589 5588 5590 5591
f 5589 5591 5592 5593
f 5589 5593 5373 5372
f 5593 5592 5594 5595
f 5593 5595 5374 5373
f 5595 5594 5596 5379
f 5595 5379 5376 5374
f 5596 5594 5597 5598
f 5596 5598 5599 5382
f 5596 5382 5380 5379
f 5599 5598 5600 5601
f 5599 5601 5602 5385
f 5599 5385 5383 5382
f 5602 5601 342 2159
f 5602 2159 5603 5388
f 5602 5388 5386 5385
f 5603 2159 2156 2155
f 5603 2155 5604 5391
f 5603 5391 5389 5388
f 5604 2155 2154 5605
f 5604 5605 5606 5394
f 5604 5394 5392 5391
f 5606 5605 2166 2165
f 5606 2165 2168 5397
f 5606 5397 5395 5394
f 5605 2154 2158 2166
f 5601 5600 2148 342
f 5600 5607 5608 2148
f 5600 5598 5597 5607
f 5608 5609 5610 5611
f 5608 5611 2145 2148
f 5608 5607 5612 5609
f 5612 5613 5614 5609
f 5612 5607 5597 5615
f 5612 5615 5616 5613
f 5616 5617 5618 5613
f 5616 5615 5592 5591
f 5616 5591 5590 5617
f 5618 5619 5620 5621
f 5618 5621 5614 5613
f 5618 5617 5622 5619
f 5622 5623 5624 5619
f 5622 5617 5590 5625
f 5622 5625 5626 5623
f 5626 5627 5628 5623
f 5626 5625 5587 5629
f 5626 5629 5630 5627
f 5630 5631 5632 5627
f 5630 5629 5584 5633
f 5630 5633 5634 5631
f 5634 5635 5636 5631
f 5634 5633 5581 5637
f 5634 5637 5638 5635
f 5638 5639 5640 5635
f 5638 5637 5578 5641
f 5638 5641 5642 5639
f 5642 5643 5644 5639
f 5642 5641 5575 5645
f 5642 5645 5646 5643
f 5646 5647 5648 5643
f 5646 5645 5649 5555
f 5646 5555 5553 5647
f 5649 5645 5575 5573
f 5649 5573 5571 5558
f 5649 5558 5556 5555
f 5648 5650 5651 5652
f 5648 5652 5644 5643
f 5648 5647 5653 5650
f 5653 5654 5655 5650
f 5653 5647 5553 5551
f 5653 5551 5548 5654
f 5655 5535 5533 5532
f 5655 5532 5651 5650
f 5655 5654 5545 5535
f 5654 5548 5546 5545
f 5652 5651 5529 5656
f 5652 5656 5657 5644
f 5657 5656 5526 5658
f 5657 5658 5659 5640
f 5657 5640 5639 5644
f 5659 5658 5523 5660
f 5659 5660 5661 5636
f 5659 5636 5635 5640
f 5661 5660 5520 5662
f 5661 5662 5663 5632
f 5661 5632 5631 5636
f 5663 5662 5517 5664
f 5663 5664 5665 5628
f 5663 5628 5627 5632
f 5665 5664 5514 5666
f 5665 5666 5667 5624
f 5665 5624 5623 5628
f 5667 5666 5511 5668
f 5667 5668 5669 5620
f 5667 5620 5619 5624
f 5669 5668 5508 2876
f 5669 2876 2875 5670
f 5669 5670 5621 5620
f 5670 2875 2878 5671
f 5670 5671 5614 5621
f 5671 2878 5503 5610
f 5671 5610 5609 5614
f 5668 5511 5509 5508
f 5666 5514 5512 5511
f 5664 5517 5515 5514
f 5662 5520 5518 5517
f 5660 5523 5521 5520
f 5658 5526 5524 5523
f 5656 5529 5527 5526
f 5651 5532 5530 5529
f 5641 5578 5576 5575
f 5637 5581 5579 5578
f 5633 5584 5582 5581
f 5629 5587 5585 5584
f 5625 5590 5588 5587
f 5615 5597 5594 5592
f 5611 5610 5503 5501
f 5611 5501 2146 2145
f 5571 5569 5559 5558
f 5568 5352 5350 5672
f 5568 5672 5564 5563
f 5568 5567 5354 5352
f 5672 5350 5349 5673
f 5672 5673 5674 5564
f 5674 5673 5675 5676
f 5674 5676 5677 5678
f 5674 5678 5565 5564
f 5678 5677 5679 2650
f 5678 2650 2649 5565
f 5679 5677 5680 5681
f 5679 5681 4343 4341
f 5679 4341 2651 2650
f 5681 5680 5682 5683
f 5681 5683 5684 4343
f 5684 5683 5685 5686
f 5684 5686 5687 4346
f 5684 4346 4344 4343
f 5687 5686 5688 5689
f 5687 5689 5690 4349
f 5687 4349 4347 4346
f 5690 5689 5691 5692
f 5690 5692 5693 5694
f 5690 5694 4350 4349
f 5694 5693 4440 4439
f 5694 4439 4351 4350
f 5693 5692 5695 5696
f 5693 5696 4442 4440
f 5696 5695 5697 5698
f 5696 5698 5699 4442
f 5699 5698 5700 5701
f 5699 5701 5702 4445
f 5699 4445 4443 4442
f 5702 5701 5703 5704
f 5702 5704 5705 4448
f 5702 4448 4446 4445
f 5705 5704 5706 5707
f 5705 5707 5708 4451
f 5705 4451 4449 4448
f 5708 5707 5709 5710
f 5708 5710 5711 4454
f 5708 4454 4452 4451
f 5711 5710 5712 5713
f 5711 5713 5714 4457
f 5711 4457 4455 4454
f 5714 5713 5715 5716
f 5714 5716 5717 4460
f 5714 4460 4458 4457
f 5717 5716 5718 5719
f 5717 5719 5720 4463
f 5717 4463 4461 4460
f 5720 5719 5721 5722
f 5720 5722 5723 4466
f 5720 4466 4464 4463
f 5723 5722 2856 2855
f 5723 2855 2859 4469
f 5723 4469 4467 4466
f 5722 5721 5724 2856
f 5724 5725 5726 5727
f 5724 5727 2857 2856
f 5724 5721 5728 5725
f 5728 5729 5730 5725
f 5728 5721 5719 5718
f 5728 5718 5731 5729
f 5731 5732 5733 5729
f 5731 5718 5716 5715
f 5731 5715 5734 5732
f 5734 5735 5736 5732
f 5734 5715 5713 5712
f 5734 5712 5737 5735
f 5737 5738 5739 5735
f 5737 5712 5710 5709
f 5737 5709 5740 5738
f 5740 5741 5742 5738
f 5740 5709 5707 5706
f 5740 5706 5743 5741
f 5743 5744 5745 5741
f 5743 5706 5704 5703
f 5743 5703 5746 5744
f 5746 5747 5748 5744
f 5746 5703 5701 5700
f 5746 5700 5749 5747
f 5749 5750 5751 5747
f 5749 5700 5698 5697
f 5749 5697 5752 5750
f 5752 5753 5754 5750
f 5752 5697 5695 5755
f 5752 5755 5756 5753
f 5756 5757 5758 5753
f 5756 5755 5691 5759
f 5756 5759 5760 5757
f 5760 5761 5762 5757
f 5760 5759 5688 5763
f 5760 5763 5764 5761
f 5764 5765 5766 5761
f 5764 5763 5685 5767
f 5764 5767 5768 5765
f 5768 5769 5770 5765
f 5768 5767 5682 5771
f 5768 5771 5772 5769
f 5772 5773 5774 5769
f 5772 5771 5775 5776
f 5772 5776 5777 5773
f 5777 5345 5778 5773
f 5777 5776 5675 5348
f 5777 5348 5346 5345
f 5778 5779 5780 5781
f 5778 5781 5774 5773
f 5778 5345 5343 5779
f 5781 5780 5782 5783
f 5781 5783 5784 5774
f 5784 5783 5785 5786
f 5784 5786 5787 5770
f 5784 5770 5769 5774
f 5787 5786 5788 5789
f 5787 5789 5790 5766
f 5787 5766 5765 5770
f 5790 5789 5791 5792
f 5790 5792 5793 5762
f 5790 5762 5761 5766
f 5793 5792 5794 5795
f 5793 5795 5796 5758
f 5793 5758 5757 5762
f 5796 5795 5797 5798
f 5796 5798 5799 5754
f 5796 5754 5753 5758
f 5799 5798 5800 5801
f 5799 5801 5802 5751
f 5799 5751 5750 5754
f 5802 5801 5803 5804
f 5802 5804 5805 5748
f 5802 5748 5747 5751
f 5805 5804 5806 5807
f 5805 5807 5808 5745
f 5805 5745 5744 5748
f 5808 5807 5809 5810
f 5808 5810 5811 5742
f 5808 5742 5741 5745
f 5811 5810 5812 5813
f 5811 5813 5814 5739
f 5811 5739 5738 5742
f 5814 5813 5815 5816
f 5814 5816 5817 5736
f 5814 5736 5735 5739
f 5817 5816 5818 5819
f 5817 5819 5820 5733
f 5817 5733 5732 5736
f 5820 5819 5821 5822
f 5820 5822 5823 5730
f 5820 5730 5729 5733
f 5823 5822 2852 2851
f 5823 2851 2854 5726
f 5823 5726 5725 5730
f 5822 5821 5824 2852
f 5824 5821 2831 2830
f 5824 2830 2829 5825
f 5824 5825 2848 2852
f 5825 2829 5826 4690
f 5825 4690 2849 2848
f 5826 2829 2824 5827
f 5826 5827 5828 4693
f 5826 4693 4691 4690
f 5828 5827 2844 2843
f 5828 2843 2846 4696
f 5828 4696 4694 4693
f 5827 2824 495 2844
f 5821 5819 5818 2831
f 5818 5829 2827 2831
f 5818 5816 5815 5829
f 5829 2832 2828 2827
f 5829 5815 2833 2832
f 5815 5813 5812 2833
f 5812 5830 2834 2833
f 5812 5810 5809 5830
f 5830 5831 2835 2834
f 5830 5809 5832 5831
f 5832 5833 5834 5831
f 5832 5809 5807 5806
f 5832 5806 5835 5833
f 5835 5836 5837 5833
f 5835 5806 5804 5803
f 5835 5803 5838 5836
f 5838 5839 5840 5836
f 5838 5803 5801 5800
f 5838 5800 5841 5839
f 5841 5842 5843 5839
f 5841 5800 5798 5797
f 5841 5797 5844 5842
f 5844 5845 5846 5842
f 5844 5797 5795 5794
f 5844 5794 5847 5845
f 5847 5848 5849 5845
f 5847 5794 5792 5791
f 5847 5791 5850 5848
f 5850 5851 5852 5848
f 5850 5791 5789 5788
f 5850 5788 5853 5851
f 5853 5854 5855 5851
f 5853 5788 5786 5785
f 5853 5785 5856 5854
f 5856 5857 5858 5854
f 5856 5785 5783 5782
f 5856 5782 5859 5857
f 5859 5860 5861 5857
f 5859 5782 5780 5862
f 5859 5862 5863 5860
f 5863 5864 5865 5860
f 5863 5862 5866 5867
f 5863 5867 5868 5864
f 5868 5869 5870 5864
f 5868 5867 5340 5339
f 5868 5339 5871 5869
f 5871 5872 5873 5869
f 5871 5339 5337 5336
f 5871 5336 5197 5872
f 5873 5874 5875 5876
f 5873 5876 5870 5869
f 5873 5872 5194 5874
f 5876 5875 5877 5878
f 5876 5878 5879 5870
f 5879 5878 5880 5881
f 5879 5881 5882 5865
f 5879 5865 5864 5870
f 5882 5881 5883 5884
f 5882 5884 5885 5861
f 5882 5861 5860 5865
f 5885 5884 5886 5887
f 5885 5887 5888 5858
f 5885 5858 5857 5861
f 5888 5887 5889 5890
f 5888 5890 5891 5855
f 5888 5855 5854 5858
f 5891 5890 5892 5893
f 5891 5893 5894 5852
f 5891 5852 5851 5855
f 5894 5893 5895 5896
f 5894 5896 5897 5849
f 5894 5849 5848 5852
f 5897 5896 5898 5899
f 5897 5899 5900 5846
f 5897 5846 5845 5849
f 5900 5899 5901 5902
f 5900 5902 5903 5843
f 5900 5843 5842 5846
f 5903 5902 5904 5905
f 5903 5905 5906 5840
f 5903 5840 5839 5843
f 5906 5905 5907 5908
f 5906 5908 5909 5837
f 5906 5837 5836 5840
f 5909 5908 5910 5911
f 5909 5911 5912 5834
f 5909 5834 5833 5837
f 5912 5911 5913 5914
f 5912 5914 2836 2835
f 5912 2835 5831 5834
f 5914 5913 2826 2825
f 5914 2825 2828 2836
f 5913 5915 5916 2826
f 5913 5911 5910 5915
f 5916 2868 5917 2839
f 5916 2839 2823 2826
f 5916 5915 2863 2868
f 5917 5918 5919 2862
f 5917 2862 2837 2839
f 5917 2868 2867 5918
f 5919 2872 502 2862
f 5919 5918 5920 5921
f 5919 5921 5922 2872
f 5922 5923 2873 2872
f 5922 5921 5924 5925
f 5922 5925 5926 5923
f 5926 5927 5928 5923
f 5926 5925 5929 5930
f 5926 5930 5931 5927
f 5931 5932 5933 5927
f 5931 5930 5934 5935
f 5931 5935 5936 5932
f 5936 5937 5938 5932
f 5936 5935 5939 5940
f 5936 5940 2180 5937
f 5940 5939 5941 5942
f 5940 5942 2181 2180
f 5942 5941 5943 5944
f 5942 5944 5945 2181
f 5945 5946 2182 2181
f 5945 5944 5947 5948
f 5945 5948 5949 5946
f 5949 5950 5951 5946
f 5949 5948 5952 5953
f 5949 5953 5954 5950
f 5954 5955 5956 5950
f 5954 5953 5957 5958
f 5954 5958 5959 5955
f 5959 5960 5961 5955
f 5959 5958 5962 5963
f 5959 5963 5964 5960
f 5964 5965 5966 5960
f 5964 5963 5967 5968
f 5964 5968 5969 5965
f 5969 5970 5971 5965
f 5969 5968 5972 5973
f 5969 5973 5974 5970
f 5974 5975 5976 5970
f 5974 5973 5977 5978
f 5974 5978 5013 5975
f 5978 5977 5188 5016
f 5978 5016 5014 5013
f 5977 5973 5972 5979
f 5977 5979 5189 5188
f 5979 5972 5980 5981
f 5979 5981 5190 5189
f 5981 5980 5982 5983
f 5981 5983 5192 5190
f 5983 5982 5875 5874
f 5983 5874 5194 5192
f 5982 5980 5967 5984
f 5982 5984 5877 5875
f 5984 5967 5963 5962
f 5984 5962 5985 5877
f 5985 5962 5958 5957
f 5985 5957 5986 5880
f 5985 5880 5878 5877
f 5986 5957 5953 5952
f 5986 5952 5987 5883
f 5986 5883 5881 5880
f 5987 5952 5948 5947
f 5987 5947 5988 5886
f 5987 5886 5884 5883
f 5988 5947 5944 5943
f 5988 5943 5989 5889
f 5988 5889 5887 5886
f 5989 5943 5941 5990
f 5989 5990 5991 5892
f 5989 5892 5890 5889
f 5991 5990 5992 5993
f 5991 5993 5994 5895
f 5991 5895 5893 5892
f 5994 5993 5995 5996
f 5994 5996 5997 5898
f 5994 5898 5896 5895
f 5997 5996 5998 5999
f 5997 5999 6000 5901
f 5997 5901 5899 5898
f 6000 5999 6001 6002
f 6000 6002 6003 5904
f 6000 5904 5902 5901
f 6003 6002 2866 2865
f 6003 2865 2864 5907
f 6003 5907 5905 5904
f 6002 6001 5920 2866
f 6001 5924 5921 5920
f 6001 5999 5998 5924
f 5998 5929 5925 5924
f 5998 5996 5995 5929
f 5995 5934 5930 5929
f 5995 5993 5992 5934
f 5992 5939 5935 5934
f 5992 5990 5941 5939
f 5980 5972 5968 5967
f 5976 6004 6005 6006
f 5976 6006 5971 5970
f 5976 5975 6007 6004
f 6007 6008 6009 6004
f 6007 5975 5013 5011
f 6007 5011 5009 6008
f 6009 6010 6011 6012
f 6009 6012 6005 6004
f 6009 6008 6013 6010
f 6013 6014 6015 6010
f 6013 6008 5009 5007
f 6013 5007 5005 6014
f 6015 5000 6016 6017
f 6015 6017 6011 6010
f 6015 6014 5001 5000
f 6017 6016 6018 6019
f 6017 6019 6020 6011
f 6020 6019 6021 6022
f 6020 6022 6023 6024
f 6020 6024 6012 6011
f 6024 6023 6025 6026
f 6024 6026 6005 6012
f 6026 6025 6027 6028
f 6026 6028 6006 6005
f 6028 6027 6029 6030
f 6028 6030 5971 6006
f 6030 6029 6031 5966
f 6030 5966 5965 5971
f 6031 6029 6032 6033
f 6031 6033 6034 5961
f 6031 5961 5960 5966
f 6034 6033 6035 6036
f 6034 6036 6037 5956
f 6034 5956 5955 5961
f 6037 6036 6038 6039
f 6037 6039 2183 5951
f 6037 5951 5950 5956
f 6039 6038 6040 6041
f 6039 6041 2184 2183
f 6041 6040 2176 2175
f 6041 2175 2185 2184
f 6040 6042 2179 2176
f 6040 6038 6043 6042
f 6043 6044 6045 6042
f 6043 6038 6036 6035
f 6043 6035 6046 6044
f 6046 6047 6048 6044
f 6046 6035 6033 6032
f 6046 6032 6049 6047
f 6049 6050 6051 6047
f 6049 6032 6029 6027
f 6049 6027 6025 6050
f 6051 6052 6053 6054
f 6051 6054 6048 6047
f 6051 6050 6055 6052
f 6055 6056 6057 6052
f 6055 6050 6025 6023
f 6055 6023 6022 6056
f 6057 6058 6059 6060
f 6057 6060 6053 6052
f 6057 6056 6061 6058
f 6061 6062 6063 6058
f 6061 6056 6022 6021
f 6061 6021 6064 6062
f 6064 6065 6066 6062
f 6064 6021 6019 6018
f 6064 6018 6067 6065
f 6067 6068 6069 6065
f 6067 6018 6016 4997
f 6067 4997 4995 6068
f 6069 4925 4921 4920
f 6069 4920 6066 6065
f 6069 6068 6070 4925
f 6070 4930 4926 4925
f 6070 6068 4995 4993
f 6070 4993 4992 4930
f 6066 4920 4916 4915
f 6066 4915 6063 6062
f 6063 4915 4911 4910
f 6063 4910 6059 6058
f 6060 6059 4905 6071
f 6060 6071 6072 6053
f 6072 6071 4900 6073
f 6072 6073 6074 6075
f 6072 6075 6054 6053
f 6075 6074 6076 6077
f 6075 6077 6048 6054
f 6077 6076 6078 6045
f 6077 6045 6044 6048
f 6078 6076 6079 6080
f 6078 6080 2177 2179
f 6078 2179 6042 6045
f 6080 6079 6081 6082
f 6080 6082 2178 2177
f 6079 6083 4890 6081
f 6079 6076 6074 6083
f 6083 4895 4891 4890
f 6083 6074 6073 4895
f 6073 4900 4896 4895
f 6071 4905 4901 4900
f 6059 4910 4906 4905
f 6016 5000 4998 4997
f 6014 5005 5002 5001
f 5951 2183 2182 5946
f 5938 6084 6085 6086
f 5938 6086 5933 5932
f 5938 5937 6087 6084
f 6087 4879 4877 6084
f 6087 5937 2180 347
f 6087 347 2186 4879
f 6086 6085 6088 6089
f 6086 6089 6090 5933
f 6090 6089 6091 6092
f 6090 6092 2874 5928
f 6090 5928 5927 5933
f 6089 6088 6093 6091
f 6093 6094 6095 6096
f 6093 6096 2869 6091
f 6093 6088 4875 6094
f 6096 6095 6097 6098
f 6096 6098 501 2869
f 6098 6097 4863 6099
f 6098 6099 2870 501
f 6099 4863 4860 4859
f 6099 4859 6100 2870
f 6100 4859 4857 6101
f 6100 6101 6102 6103
f 6100 6103 2871 2870
f 6103 6102 2960 6104
f 6103 6104 6105 2871
f 6105 6104 2959 6106
f 6105 6106 6107 2842
f 6105 2842 2841 2871
f 6107 6106 6108 6109
f 6107 6109 6110 6111
f 6107 6111 496 2842
f 6111 6110 4705 6112
f 6111 6112 2847 496
f 6112 4705 4703 4702
f 6112 4702 2891 2847
f 6110 6109 4712 4708
f 6110 4708 4706 4705
f 6109 6108 4713 4712
f 6108 6106 2959 2958
f 6108 2958 2969 4713
f 6104 2960 518 2959
f 6102 6101 6113 6114
f 6102 6114 2961 2960
f 6114 6113 6115 6116
f 6114 6116 2934 2961
f 6116 6115 6117 6118
f 6116 6118 2931 2934
f 6118 6117 6119 6120
f 6118 6120 2932 2931
f 6120 6119 6121 6122
f 6120 6122 2963 2932
f 6122 6121 4836 6123
f 6122 6123 2964 2963
f 6123 4836 4832 4831
f 6123 4831 2965 2964
f 6121 4841 4837 4836
f 6121 6119 6124 4841
f 6124 4846 4842 4841
f 6124 6119 6117 4853
f 6124 4853 4851 4846
f 6117 6115 4854 4853
f 6115 6113 4855 4854
f 6113 6101 4857 4855
f 6097 4866 4864 4863
f 6097 6095 4868 4866
f 6095 6094 4870 4868
f 6094 4875 4872 4870
f 6088 6085 4876 4875
f 6085 6084 4877 4876
f 5928 2874 2873 5923
f 5920 5918 2867 2866
f 5915 5910 2864 2863
f 5910 5908 5907 2864
f 5872 5197 5195 5194
f 5867 5866 5341 5340
f 5866 5862 5780 5779
f 5866 5779 5343 5341
f 5776 5775 5676 5675
f 5775 5771 5682 5680
f 5775 5680 5677 5676
f 5767 5685 5683 5682
f 5763 5688 5686 5685
f 5759 5691 5689 5688
f 5755 5695 5692 5691
f 5727 5726 2854 2817
f 5727 2817 2816 2857
f 5675 5673 5349 5348
f 5545 5538 5536 5535
f 5508 5506 2877 2876
f 5504 5503 2878 2877
f 5496 5495 2149 2152
f 5495 5493 5466 5465
f 5495 5465 2150 2149
f 5490 5471 5469 5468
f 5489 4215 4214 6125
f 5489 6125 5485 5484
f 5489 5488 4216 4215
f 6125 4214 6126 6127
f 6125 6127 6128 5485
f 6128 6127 6129 6130
f 6128 6130 6131 5482
f 6128 5482 5481 5485
f 6131 6130 6132 6133
f 6131 6133 1982 1979
f 6131 1979 1978 5482
f 6133 6132 6134 6135
f 6133 6135 6136 1982
f 6136 6135 6137 6138
f 6136 6138 6139 6140
f 6136 6140 1983 1982
f 6140 6139 6141 6142
f 6140 6142 1984 1983
f 6142 6141 6143 6144
f 6142 6144 6145 1984
f 6145 6144 6146 3795
f 6145 3795 3793 3792
f 6145 3792 1980 1984
f 6146 6144 6143 6147
f 6146 6147 6148 6149
f 6146 6149 3796 3795
f 6149 6148 6150 6151
f 6149 6151 3797 3796
f 6151 6150 6152 6153
f 6151 6153 3799 3797
f 6153 6152 6154 6155
f 6153 6155 3801 3799
f 6155 6154 1944 6156
f 6155 6156 1936 3801
f 6156 1944 880 881
f 6156 881 1937 1936
f 6154 6152 6157 6158
f 6154 6158 1945 1944
f 6158 6157 6159 6160
f 6158 6160 1946 1945
f 6160 6159 1727 1726
f 6160 1726 6161 1946
f 6161 1726 1408 6162
f 6161 6162 6163 6164
f 6161 6164 1927 1946
f 6164 6163 6165 6166
f 6164 6166 1928 1927
f 6166 6165 6167 6168
f 6166 6168 1932 1928
f 6168 6167 6169 6170
f 6168 6170 6171 1932
f 6171 6170 6172 6173
f 6171 6173 6174 6175
f 6171 6175 1929 1932
f 6175 6174 6176 6177
f 6175 6177 1930 1929
f 6177 6176 6178 3810
f 6177 3810 3808 1930
f 6178 6176 6179 882
f 6178 882 3816 3814
f 6178 3814 3811 3810
f 6179 909 883 882
f 6179 6176 6174 904
f 6179 904 903 909
f 6174 6173 900 904
f 6173 6172 901 900
f 6172 6170 6169 6180
f 6172 6180 6181 901
f 6181 6180 6182 6183
f 6181 6183 923 6184
f 6181 6184 902 901
f 6184 923 922 912
f 6184 912 905 902
f 6183 6182 6185 918
f 6183 918 917 923
f 6185 1924 1926 6186
f 6185 6186 919 918
f 6185 6182 1925 1924
f 6186 6187 920 919
f 6186 1926 1406 6187
f 6187 6188 1322 920
f 6187 1406 1402 6188
f 6188 6189 1323 1322
f 6188 1402 1401 6189
f 6189 6190 1324 1323
f 6189 1401 6191 6190
f 6191 6192 6193 6190
f 6191 1401 1400 6194
f 6191 6194 6195 6192
f 6195 6196 6197 6192
f 6195 6194 6198 6199
f 6195 6199 6200 6196
f 6200 6201 6202 6196
f 6200 6199 6203 6204
f 6200 6204 6205 6201
f 6205 6206 1354 6201
f 6205 6204 1391 6207
f 6205 6207 6208 6206
f 6208 6209 6210 6206
f 6208 6207 6211 6212
f 6208 6212 6213 6209
f 6213 6214 6215 6209
f 6213 6212 6216 6217
f 6213 6217 6218 6214
f 6218 6217 6219 6220
f 6218 6220 6221 6222
f 6218 6222 6223 6214
f 6223 6224 6215 6214
f 6223 6222 6225 6226
f 6223 6226 6227 6224
f 6227 6228 6229 6224
f 6227 6226 6230 1338
f 6227 1338 1337 6228
f 6230 6226 6225 6231
f 6230 6231 6232 1199
f 6230 1199 1198 1338
f 6232 6231 6233 6234
f 6232 6234 6235 1350
f 6232 1350 1200 1199
f 6235 6234 6236 6237
f 6235 6237 6238 1197
f 6235 1197 1196 1350
f 6238 6237 6239 6240
f 6238 6240 6241 1201
f 6238 1201 1194 1197
f 6241 6240 6242 6243
f 6241 6243 6244 6245
f 6241 6245 1202 1201
f 6245 6244 6246 6247
f 6245 6247 1203 1202
f 6247 6246 6248 6249
f 6247 6249 1334 1203
f 6249 6248 6250 6251
f 6249 6251 1335 1334
f 6251 6250 6252 6253
f 6251 6253 1349 1335
f 6253 6252 1342 1341
f 6253 1341 1340 1349
f 6252 6250 6254 1328
f 6252 1328 1327 1342
f 6254 6250 6248 6255
f 6254 6255 1312 1317
f 6254 1317 1325 1328
f 6255 6248 6246 6256
f 6255 6256 1310 1312
f 6256 6246 6244 1303
f 6256 1303 1302 1310
f 6244 6243 1304 1303
f 6243 6242 1305 1304
f 6242 6240 6239 6257
f 6242 6257 6258 1305
f 6258 6257 1300 1293
f 6258 1293 1292 1308
f 6258 1308 1301 1305
f 6257 6239 6259 1300
f 6259 6236 6260 6261
f 6259 6261 1298 1300
f 6259 6239 6237 6236
f 6261 6260 6262 6263
f 6261 6263 1299 1298
f 6263 6262 1389 1388
f 6263 1388 6264 1299
f 6264 1388 183 1387
f 6264 1387 6265 6266
f 6264 6266 1296 1299
f 6266 6265 6267 6268
f 6266 6268 1297 1296
f 6268 6267 6269 6270
f 6268 6270 6271 1297
f 6271 6270 6272 6273
f 6271 6273 6274 6275
f 6271 6275 1294 1297
f 6275 6274 1283 6276
f 6275 6276 1295 1294
f 6276 1283 1282 1287
f 6276 1287 6277 1295
f 6277 6278 1291 1295
f 6277 1287 1286 6279
f 6277 6279 6280 6278
f 6280 6281 6282 6278
f 6280 6279 6283 6284
f 6280 6284 1313 6281
f 6284 6283 6285 6286
f 6284 6286 1314 1313
f 6286 6285 6287 6288
f 6286 6288 1315 1314
f 6288 6287 6289 1332
f 6288 1332 1326 1315
f 6289 6287 1277 6290
f 6289 6290 6291 6292
f 6289 6292 1329 1332
f 6292 6291 6293 6294
f 6292 6294 1330 1329
f 6294 6293 6295 6296
f 6294 6296 1333 1330
f 6296 6295 6297 6298
f 6296 6298 1348 1333
f 6298 6297 6193 6299
f 6298 6299 1344 1348
f 6299 6193 6192 6197
f 6299 6197 1345 1344
f 6297 6295 1318 1324
f 6297 1324 6190 6193
f 6295 6293 1319 1318
f 6293 6291 6300 1319
f 6300 6291 6290 6301
f 6300 6301 6302 6303
f 6300 6303 1320 1319
f 6303 6302 875 6304
f 6303 6304 1321 1320
f 6304 875 841 6305
f 6304 6305 6306 1321
f 6306 6305 6307 6308
f 6306 6308 921 914
f 6306 914 913 1321
f 6308 6307 6309 911
f 6308 911 910 921
f 6309 6307 840 6310
f 6309 6310 836 6311
f 6309 6311 906 911
f 6311 836 835 6312
f 6311 6312 907 906
f 6312 835 838 872
f 6312 872 871 907
f 6310 840 839 6313
f 6310 6313 834 836
f 6313 839 843 6314
f 6313 6314 832 834
f 6314 843 1265 6315
f 6314 6315 833 832
f 6315 1265 6316 6317
f 6315 6317 6318 833
f 6318 6317 6319 6320
f 6318 6320 6321 6322
f 6318 6322 830 833
f 6322 6321 6323 6324
f 6322 6324 831 830
f 6324 6323 6325 6326
f 6324 6326 6327 831
f 6327 837 60 831
f 6327 6326 6328 6329
f 6327 6329 865 837
f 6329 6328 6330 6331
f 6329 6331 866 865
f 6331 6330 6332 6333
f 6331 6333 867 866
f 6333 851 6334 867
f 6333 6332 846 851
f 6334 3820 3819 6335
f 6334 6335 868 867
f 6334 851 850 3820
f 6335 3819 6336 6337
f 6335 6337 869 868
f 6337 6336 6338 888
f 6337 888 887 869
f 6336 3819 3817 3816
f 6332 6330 6339 6340
f 6332 6340 847 846
f 6340 6339 6341 6342
f 6340 6342 6343 847
f 6343 6342 6344 6345
f 6343 6345 6346 6347
f 6343 6347 848 847
f 6347 6346 4206 4205
f 6347 4205 6348 848
f 6348 3823 849 848
f 6348 4205 4203 4202
f 6348 4202 3825 3823
f 6346 6345 6349 6350
f 6346 6350 4207 4206
f 6350 6349 6351 6352
f 6350 6352 4209 4207
f 6352 6351 6353 6354
f 6352 6354 4211 4209
f 6354 6353 6355 6356
f 6354 6356 6126 4211
f 6356 6355 6357 6129
f 6356 6129 6127 6126
f 6357 6355 6358 6359
f 6357 6359 6134 6132
f 6357 6132 6130 6129
f 6359 6358 6360 6361
f 6359 6361 6362 6134
f 6362 6361 6363 6364
f 6362 6364 6365 6137
f 6362 6137 6135 6134
f 6365 6364 6366 6367
f 6365 6367 6368 6369
f 6365 6369 6138 6137
f 6369 6368 6370 6371
f 6369 6371 6139 6138
f 6371 6370 6372 6373
f 6371 6373 6141 6139
f 6373 6372 6374 6375
f 6373 6375 6143 6141
f 6375 6374 6376 6377
f 6375 6377 6147 6143
f 6377 6376 6378 6379
f 6377 6379 6148 6147
f 6379 6378 6380 6381
f 6379 6381 6150 6148
f 6381 6380 6159 6157
f 6381 6157 6152 6150
f 6380 6378 6382 1728
f 6380 1728 1727 6159
f 6382 6383 6384 6385
f 6382 6385 1724 1728
f 6382 6378 6376 6383
f 6385 6384 6386 6387
f 6385 6387 1725 1724
f 6387 6386 6388 6389
f 6387 6389 6390 1725
f 6390 6389 6391 1420
f 6390 1420 1419 1415
f 6390 1415 1409 1725
f 6391 6392 1683 1680
f 6391 1680 1421 1420
f 6391 6389 6388 6392
f 6392 6393 6394 1683
f 6392 6388 6395 6393
f 6395 6396 6397 6393
f 6395 6388 6386 6398
f 6395 6398 6399 6396
f 6399 2586 2585 6396
f 6399 6398 6400 6401
f 6399 6401 6402 2586
f 6402 6403 2587 2586
f 6402 6401 6404 6405
f 6402 6405 6406 6403
f 6406 6407 6408 6403
f 6406 6405 6370 6368
f 6406 6368 6367 6407
f 6408 6409 6410 2588
f 6408 2588 2587 6403
f 6408 6407 6411 6409
f 6411 6412 6413 6409
f 6411 6407 6367 6366
f 6411 6366 6414 6412
f 6414 6415 6416 6412
f 6414 6366 6364 6363
f 6414 6363 6417 6415
f 6417 6418 6419 6415
f 6417 6363 6361 6360
f 6417 6360 6420 6418
f 6420 6421 6422 6418
f 6420 6360 6358 6423
f 6420 6423 6424 6421
f 6424 6425 6426 6421
f 6424 6423 6353 6351
f 6424 6351 6349 6425
f 6426 6427 6428 6429
f 6426 6429 6422 6421
f 6426 6425 6344 6427
f 6429 6428 6430 6431
f 6429 6431 6432 6422
f 6432 6431 6433 6434
f 6432 6434 6435 6419
f 6432 6419 6418 6422
f 6435 6434 6436 6437
f 6435 6437 6438 6416
f 6435 6416 6415 6419
f 6438 6437 2603 6439
f 6438 6439 6440 6413
f 6438 6413 6412 6416
f 6440 6439 6441 6442
f 6440 6442 6443 6410
f 6440 6410 6409 6413
f 6443 6442 6444 6445
f 6443 6445 439 2583
f 6443 2583 2588 6410
f 6445 6444 6446 6447
f 6445 6447 2593 439
f 6447 6446 6448 6449
f 6447 6449 6450 2593
f 6450 6449 6451 6452
f 6450 6452 6453 2590
f 6450 2590 2589 2593
f 6453 6452 6454 6455
f 6453 6455 6456 6457
f 6453 6457 2591 2590
f 6457 6456 6458 2594
f 6457 2594 2592 2591
f 6458 6456 2576 6459
f 6458 6459 6460 6461
f 6458 6461 2584 2594
f 6461 6460 6462 6463
f 6461 6463 438 2584
f 6463 6462 6464 6465
f 6463 6465 2585 438
f 6465 6464 6466 6397
f 6465 6397 6396 2585
f 6466 6464 6467 6468
f 6466 6468 6469 6394
f 6466 6394 6393 6397
f 6469 6468 6470 6471
f 6469 6471 1682 1681
f 6469 1681 1683 6394
f 6471 6470 6472 6473
f 6471 6473 6474 1682
f 6474 6473 6475 6476
f 6474 6476 6477 6478
f 6474 6478 1679 1682
f 6478 6477 1422 189
f 6478 189 1421 1679
f 6477 6476 6479 6480
f 6477 6480 6481 1422
f 6481 6480 6482 1427
f 6481 1427 1426 1363
f 6481 1363 1362 1422
f 6482 6483 1613 6484
f 6482 6484 1423 1427
f 6482 6480 6479 6483
f 6484 1613 1609 6485
f 6484 6485 1424 1423
f 6485 1609 1434 1433
f 6485 1433 1438 1424
f 6483 6486 1611 1613
f 6483 6479 6487 6486
f 6487 6488 2391 6486
f 6487 6479 6476 6475
f 6487 6475 6489 6488
f 6489 2568 6490 6488
f 6489 6475 6473 6472
f 6489 6472 2566 2568
f 6490 2564 2390 2389
f 6490 2389 2391 6488
f 6490 2568 2565 2564
f 6486 2391 1612 1611
f 6472 6470 2567 2566
f 6470 6468 6467 2567
f 6467 2563 2562 2567
f 6467 6464 6462 2563
f 6462 6460 2559 2563
f 6460 6459 2560 2559
f 6459 2576 2575 2560
f 6456 6455 2577 2576
f 6455 6454 6491 2577
f 6491 6492 6493 2571
f 6491 2571 436 2577
f 6491 6454 6494 6492
f 6494 6495 2555 6492
f 6494 6454 6452 6451
f 6494 6451 6496 6495
f 6496 6497 6498 6495
f 6496 6451 6449 6448
f 6496 6448 6499 6497
f 6499 440 441 6497
f 6499 6448 6446 6500
f 6499 6500 2598 440
f 6500 6446 6444 6501
f 6500 6501 2600 2598
f 6501 6444 6442 6441
f 6501 6441 443 2600
f 6498 2599 2552 2551
f 6498 2551 2555 6495
f 6498 6497 441 2599
f 6493 2554 2558 6502
f 6493 6502 2572 2571
f 6493 6492 2555 2554
f 6502 2558 2579 6503
f 6502 6503 2573 2572
f 6503 2579 6504 6505
f 6503 6505 6506 2573
f 6506 6505 6507 6508
f 6506 6508 6509 6510
f 6506 6510 2574 2573
f 6510 6509 6511 6512
f 6510 6512 6513 2574
f 6513 6512 6514 6515
f 6513 6515 2387 2386
f 6513 2386 435 2574
f 6515 6514 6516 6517
f 6515 6517 6518 2387
f 6518 6517 6519 1435
f 6518 1435 193 6520
f 6518 6520 2384 2387
f 6520 193 192 2392
f 6520 2392 2385 2384
f 6519 6517 6516 6521
f 6519 6521 6522 6523
f 6519 6523 1436 1435
f 6523 6522 6524 6525
f 6523 6525 1430 1436
f 6525 6524 6526 6527
f 6525 6527 1431 1430
f 6527 6526 6528 6529
f 6527 6529 6530 1431
f 6530 6529 1384 6531
f 6530 6531 1395 1394
f 6530 1394 191 1431
f 6531 1384 1377 6532
f 6531 6532 6533 1395
f 6533 6534 1396 1395
f 6533 6532 6535 6536
f 6533 6536 6537 6534
f 6537 6538 6539 6534
f 6537 6536 6540 6541
f 6537 6541 6269 6538
f 6541 6540 6542 6272
f 6541 6272 6270 6269
f 6542 6540 6543 6544
f 6542 6544 6545 6546
f 6542 6546 6273 6272
f 6546 6545 6547 6548
f 6546 6548 6274 6273
f 6548 6547 1285 1284
f 6548 1284 1283 6274
f 6547 6545 6549 6550
f 6547 6550 1290 1285
f 6550 6549 1274 1273
f 6550 1273 1275 1290
f 6549 6545 6544 6551
f 6549 6551 6552 1274
f 6552 6551 6553 6554
f 6552 6554 6555 6556
f 6552 6556 1266 1274
f 6556 6555 6557 6558
f 6556 6558 1267 1266
f 6558 6557 6559 6560
f 6558 6560 6561 1267
f 6561 6560 6562 6563
f 6561 6563 6564 6565
f 6561 6565 1268 1267
f 6565 6564 6566 6567
f 6565 6567 1272 1268
f 6567 6566 6568 6569
f 6567 6569 6570 1272
f 6570 6571 1269 1272
f 6570 6569 6572 6573
f 6570 6573 6574 6571
f 6574 6575 6576 6571
f 6574 6573 6577 6578
f 6574 6578 6579 6575
f 6579 6580 6581 6575
f 6579 6578 6582 6583
f 6579 6583 6584 6580
f 6584 6585 6586 6580
f 6584 6583 6587 6588
f 6584 6588 6589 6585
f 6589 6590 6591 6585
f 6589 6588 1193 6592
f 6589 6592 1182 6590
f 6592 1193 1192 6593
f 6592 6593 1180 1182
f 6593 1192 1191 6594
f 6593 6594 1181 1180
f 6594 1191 6595 6596
f 6594 6596 6597 1181
f 6597 6596 6598 6599
f 6597 6599 6600 6601
f 6597 6601 139 1181
f 6601 6600 6602 6603
f 6601 6603 1186 139
f 6603 6602 6604 6605
f 6603 6605 6606 1186
f 6606 6607 1187 1186
f 6606 6605 1220 6608
f 6606 6608 6609 6607
f 6609 6610 6611 6607
f 6609 6608 6612 6613
f 6609 6613 6614 6610
f 6614 6615 6616 6610
f 6614 6613 6617 6618
f 6614 6618 6619 6615
f 6619 6620 6621 6615
f 6619 6618 6622 6623
f 6619 6623 6624 6620
f 6624 6625 6626 6620
f 6624 6623 6627 6628
f 6624 6628 6629 6625
f 6629 1125 6630 6625
f 6629 6628 1151 1130
f 6629 1130 1126 1125
f 6630 6631 6632 6633
f 6630 6633 6626 6625
f 6630 1125 1122 6631
f 6633 6632 6634 6635
f 6633 6635 6636 6626
f 6636 6635 6637 6638
f 6636 6638 6639 6621
f 6636 6621 6620 6626
f 6639 6638 1100 6640
f 6639 6640 6641 6616
f 6639 6616 6615 6621
f 6641 6640 1119 6642
f 6641 6642 6643 6611
f 6641 6611 6610 6616
f 6643 6642 6644 6645
f 6643 6645 1183 1187
f 6643 1187 6607 6611
f 6645 6644 6646 6647
f 6645 6647 1184 1183
f 6647 6646 1090 6648
f 6647 6648 1185 1184
f 6648 1090 1089 6649
f 6648 6649 1079 1185
f 6649 1089 1092 1080
f 6649 1080 114 1079
f 6646 1117 117 1090
f 6646 6644 1118 1117
f 6644 6642 1119 1118
f 6640 1100 1099 1119
f 6638 6637 1096 1100
f 6637 6650 1097 1096
f 6637 6635 6634 6650
f 6650 2722 2730 1097
f 6650 6634 2723 2722
f 6634 6632 2724 2723
f 6632 6631 6651 2724
f 6651 2698 2719 2724
f 6651 6631 1122 1121
f 6651 1121 2699 2698
f 6628 6627 6652 1151
f 6652 6627 6653 6654
f 6652 6654 6655 6656
f 6652 6656 1145 1151
f 6656 6655 6657 6658
f 6656 6658 1146 1145
f 6658 6657 1143 1142
f 6658 1142 1144 1146
f 6657 6655 6659 6660
f 6657 6660 6661 1143
f 6661 6660 6662 6663
f 6661 6663 6664 6665
f 6661 6665 1139 1143
f 6665 6664 1162 6666
f 6665 6666 1140 1139
f 6666 1162 1161 6667
f 6666 6667 6668 1140
f 6668 6669 6670 6671
f 6668 6671 1141 1140
f 6668 6667 1166 6669
f 6671 6670 6672 6673
f 6671 6673 1144 1141
f 6673 6672 1150 1147
f 6673 1147 1146 1144
f 6672 6674 6675 1150
f 6672 6670 6676 6674
f 6676 6677 6678 6674
f 6676 6670 6669 6679
f 6676 6679 6680 6677
f 6680 6681 6682 6677
f 6680 6679 1165 1164
f 6680 1164 6683 6681
f 6683 1134 1138 6681
f 6683 1164 1163 6684
f 6683 6684 1135 1134
f 6684 1163 1167 6685
f 6684 6685 6686 1135
f 6686 6685 6687 6688
f 6686 6688 6689 6690
f 6686 6690 1136 1135
f 6690 6689 6691 6692
f 6690 6692 6693 1136
f 6693 6692 6694 6695
f 6693 6695 6696 1137
f 6693 1137 130 1136
f 6696 6695 6697 6698
f 6696 6698 6699 6700
f 6696 6700 1138 1137
f 6700 6699 6701 6682
f 6700 6682 6681 1138
f 6701 6699 6702 6703
f 6701 6703 6704 6678
f 6701 6678 6677 6682
f 6704 6703 6705 6706
f 6704 6706 6707 6675
f 6704 6675 6674 6678
f 6707 6706 1110 6708
f 6707 6708 1129 1128
f 6707 1128 1150 6675
f 6708 1110 1109 6709
f 6708 6709 1127 1129
f 6709 6710 1123 1127
f 6709 1109 1108 6710
f 6710 6711 1124 1123
f 6710 1108 6712 6711
f 6712 6713 6714 6711
f 6712 1108 1105 6715
f 6712 6715 6716 6713
f 6716 6717 6718 6713
f 6716 6715 6719 6720
f 6716 6720 6721 6717
f 6721 6722 6723 6717
f 6721 6720 6724 6725
f 6721 6725 6726 6722
f 6726 6727 6728 6722
f 6726 6725 6729 6730
f 6726 6730 6731 6727
f 6731 6732 6733 6727
f 6731 6730 2628 2627
f 6731 2627 2631 6732
f 6733 6734 6735 6736
f 6733 6736 6728 6727
f 6733 6732 6737 6734
f 6737 1229 1228 6734
f 6737 6732 2631 6738
f 6737 6738 1230 1229
f 6738 2631 2630 6739
f 6738 6739 6740 1230
f 6740 6739 6741 6742
f 6740 6742 6743 1233
f 6740 1233 1231 1230
f 6743 6742 6744 6745
f 6743 6745 6746 6747
f 6743 6747 1234 1233
f 6747 6746 6748 6749
f 6747 6749 1209 1234
f 6749 6748 6750 6751
f 6749 6751 1207 1209
f 6751 6750 6752 6753
f 6751 6753 1208 1207
f 6753 6752 6754 6755
f 6753 6755 6756 1208
f 6756 1176 1175 1208
f 6756 6755 6757 6758
f 6756 6758 6759 1176
f 6759 1206 1174 1176
f 6759 6758 1171 6760
f 6759 6760 6761 1206
f 6761 6762 1204 1206
f 6761 6760 6763 6764
f 6761 6764 6765 6762
f 6765 6766 6767 6762
f 6765 6764 6768 6769
f 6765 6769 6770 6766
f 6770 6771 6772 6766
f 6770 6769 6687 6773
f 6770 6773 1155 6771
f 6773 6687 6685 1167
f 6773 1167 1152 1155
f 6772 6774 6775 6776
f 6772 6776 6767 6766
f 6772 6771 6777 6774
f 6777 6778 6779 6774
f 6777 6771 1155 1154
f 6777 1154 1156 6778
f 6779 6780 6781 6782
f 6779 6782 6775 6774
f 6779 6778 6783 6780
f 6783 6784 6785 6780
f 6783 6778 1156 1158
f 6783 1158 1157 6784
f 6785 6663 6662 6786
f 6785 6786 6781 6780
f 6785 6784 6664 6663
f 6786 6662 6787 6788
f 6786 6788 1236 6781
f 6788 6787 6789 6790
f 6788 6790 1237 1236
f 6790 6789 6791 6792
f 6790 6792 1224 1237
f 6792 6791 6793 6794
f 6792 6794 1223 1224
f 6794 6793 6795 1218
f 6794 1218 1217 1223
f 6795 6617 6613 6612
f 6795 6612 1219 1218
f 6795 6793 6796 6617
f 6796 6622 6618 6617
f 6796 6793 6791 6797
f 6796 6797 6653 6622
f 6797 6791 6789 6798
f 6797 6798 6654 6653
f 6798 6789 6787 6659
f 6798 6659 6655 6654
f 6787 6662 6660 6659
f 6784 1157 1162 6664
f 6782 6781 1236 1235
f 6782 1235 1241 6775
f 6776 6775 1241 1210
f 6776 1210 144 6767
f 6769 6768 6688 6687
f 6768 6764 6763 6799
f 6768 6799 6689 6688
f 6799 6763 1170 1169
f 6799 1169 6691 6689
f 6767 144 1204 6762
f 6763 6760 1171 1170
f 6758 6757 1172 1171
f 6757 6755 6754 6800
f 6757 6800 1173 1172
f 6800 6754 6801 6802
f 6800 6802 6803 1173
f 6803 6802 6804 6805
f 6803 6805 6694 6806
f 6803 6806 1168 1173
f 6806 6694 6692 6691
f 6806 6691 1169 1168
f 6805 6804 6807 6697
f 6805 6697 6695 6694
f 6807 6804 6808 6809
f 6807 6809 6810 6811
f 6807 6811 6698 6697
f 6811 6810 6812 6702
f 6811 6702 6699 6698
f 6812 6810 1132 1112
f 6812 1112 1111 6705
f 6812 6705 6703 6702
f 6810 6809 1133 1132
f 6809 6808 6813 1133
f 6813 6814 6815 6816
f 6813 6816 1131 1133
f 6813 6808 6801 6814
f 6816 6815 6817 6818
f 6816 6818 1107 1131
f 6818 6817 6819 1104
f 6818 1104 1103 1107
f 6819 6746 6745 6820
f 6819 6820 1101 1104
f 6819 6817 6748 6746
f 6820 6745 6744 6821
f 6820 6821 124 1101
f 6821 6744 6822 6823
f 6821 6823 1114 124
f 6823 6822 2708 2707
f 6823 2707 2711 1114
f 6822 6741 2632 2708
f 6822 6744 6742 6741
f 6817 6815 6750 6748
f 6815 6814 6752 6750
f 6814 6801 6754 6752
f 6808 6804 6802 6801
f 6741 6739 2630 2632
f 6736 6735 6824 6825
f 6736 6825 6826 6728
f 6826 6825 6827 6828
f 6826 6828 6829 6723
f 6826 6723 6722 6728
f 6829 6828 6830 6831
f 6829 6831 6832 6718
f 6829 6718 6717 6723
f 6832 6831 6833 6834
f 6832 6834 6835 6714
f 6832 6714 6713 6718
f 6835 6834 2703 2702
f 6835 2702 1120 1124
f 6835 1124 6711 6714
f 6834 6833 2704 2703
f 6833 6836 6837 2704
f 6833 6831 6830 6836
f 6837 1246 1245 6838
f 6837 6838 2705 2704
f 6837 6836 1247 1246
f 6838 1245 6839 6840
f 6838 6840 2706 2705
f 6840 6839 6841 6842
f 6840 6842 6843 2706
f 6843 6842 6844 2714
f 6843 2714 467 2718
f 6843 2718 2700 2706
f 6844 6845 6846 6847
f 6844 6847 2715 2714
f 6844 6842 6841 6845
f 6847 6846 6848 6849
f 6847 6849 6850 2715
f 6850 6849 6851 6852
f 6850 6852 6853 6854
f 6850 6854 2716 2715
f 6854 6853 1094 1093
f 6854 1093 1095 2716
f 6853 6852 6855 6856
f 6853 6856 6857 1094
f 6857 6856 6858 6859
f 6857 6859 1092 1091
f 6857 1091 1088 1094
f 6859 6858 6860 1081
f 6859 1081 1080 1092
f 6860 6861 6862 6863
f 6860 6863 1082 1081
f 6860 6858 6864 6861
f 6864 6865 6866 6861
f 6864 6858 6856 6855
f 6864 6855 6867 6865
f 6867 6868 6869 6865
f 6867 6855 6852 6851
f 6867 6851 6870 6868
f 6870 6871 6872 6868
f 6870 6851 6849 6848
f 6870 6848 6873 6871
f 6873 6602 6600 6871
f 6873 6848 6846 6874
f 6873 6874 6604 6602
f 6874 6846 6845 1222
f 6874 1222 1221 6604
f 6871 6600 6599 6872
f 6866 6875 6876 6877
f 6866 6877 6862 6861
f 6866 6865 6869 6875
f 6877 6876 6878 6879
f 6877 6879 6880 6862
f 6880 6879 6881 6882
f 6880 6882 1084 1083
f 6880 1083 6863 6862
f 6882 6881 6883 6884
f 6882 6884 6885 1084
f 6885 6884 6886 6887
f 6885 6887 6888 1085
f 6885 1085 116 1084
f 6888 6887 6889 6890
f 6888 6890 6891 6892
f 6888 6892 1086 1085
f 6892 6891 6893 6894
f 6892 6894 6895 1086
f 6895 6894 6896 6897
f 6895 6897 1178 1077
f 6895 1077 1076 1086
f 6897 6896 6898 6899
f 6897 6899 1179 1178
f 6899 6898 6591 6590
f 6899 6590 1182 1179
f 6898 6896 6900 6901
f 6898 6901 6902 6591
f 6902 6901 6903 6904
f 6902 6904 6905 6586
f 6902 6586 6585 6591
f 6905 6904 6906 6907
f 6905 6907 6908 6581
f 6905 6581 6580 6586
f 6908 6907 6909 6910
f 6908 6910 1270 6576
f 6908 6576 6575 6581
f 6910 6909 6911 6912
f 6910 6912 1271 1270
f 6912 6911 6913 6914
f 6912 6914 1275 1271
f 6914 6913 1289 1288
f 6914 1288 1290 1275
f 6913 6915 6916 1289
f 6913 6911 6917 6915
f 6917 6918 6919 6915
f 6917 6911 6909 6920
f 6917 6920 6921 6918
f 6921 6922 6923 6918
f 6921 6920 6906 6924
f 6921 6924 6925 6922
f 6925 6926 6927 6922
f 6925 6924 6903 6928
f 6925 6928 6929 6926
f 6929 6930 6931 6926
f 6929 6928 6900 6893
f 6929 6893 6891 6930
f 6931 6932 6933 6934
f 6931 6934 6927 6926
f 6931 6930 6935 6932
f 6935 6936 6937 6932
f 6935 6930 6891 6890
f 6935 6890 6889 6936
f 6937 6938 6939 6940
f 6937 6940 6933 6932
f 6937 6936 6941 6938
f 6941 6942 6943 6938
f 6941 6936 6889 6944
f 6941 6944 6945 6942
f 6945 6946 6947 6942
f 6945 6944 6886 6948
f 6945 6948 6949 6946
f 6949 6950 6951 6946
f 6949 6948 6883 6952
f 6949 6952 6953 6950
f 6953 6954 6955 6950
f 6953 6952 6956 6957
f 6953 6957 6958 6954
f 6958 6959 6960 6954
f 6958 6957 6961 6962
f 6958 6962 6963 6959
f 6963 6964 6965 6959
f 6963 6962 1250 6966
f 6963 6966 6595 6964
f 6966 1250 1249 6598
f 6966 6598 6596 6595
f 6965 1189 6967 6968
f 6965 6968 6960 6959
f 6965 6964 1190 1189
f 6968 6967 6582 6969
f 6968 6969 6970 6960
f 6970 6969 6577 6971
f 6970 6971 6972 6955
f 6970 6955 6954 6960
f 6972 6971 6572 6973
f 6972 6973 6974 6951
f 6972 6951 6950 6955
f 6974 6973 6568 6975
f 6974 6975 6976 6947
f 6974 6947 6946 6951
f 6976 6975 6977 6978
f 6976 6978 6979 6943
f 6976 6943 6942 6947
f 6979 6978 6980 2613
f 6979 2613 2612 6939
f 6979 6939 6938 6943
f 6980 6981 6982 6983
f 6980 6983 2608 2613
f 6980 6978 6977 6981
f 6983 6982 6984 2614
f 6983 2614 2609 2608
f 6984 6562 2582 2557
f 6984 2557 2556 2614
f 6984 6982 6563 6562
f 6982 6981 6564 6563
f 6981 6977 6566 6564
f 6977 6975 6568 6566
f 6973 6572 6569 6568
f 6971 6577 6573 6572
f 6969 6582 6578 6577
f 6967 6587 6583 6582
f 6967 1189 1188 6587
f 6964 6595 1191 1190
f 6962 6961 1251 1250
f 6961 6957 6956 6878
f 6961 6878 6876 1251
f 6956 6952 6883 6881
f 6956 6881 6879 6878
f 6948 6886 6884 6883
f 6944 6889 6887 6886
f 6940 6939 2612 6985
f 6940 6985 6986 6933
f 6986 6985 6987 6988
f 6986 6988 6989 6990
f 6986 6990 6934 6933
f 6990 6989 6991 6992
f 6990 6992 6927 6934
f 6992 6991 6993 6923
f 6992 6923 6922 6927
f 6993 6991 6994 6995
f 6993 6995 6996 6919
f 6993 6919 6918 6923
f 6996 6995 1253 1252
f 6996 6916 6915 6919
f 6995 6994 6997 1253
f 6997 6998 1069 6999
f 6997 6999 1254 1253
f 6997 6994 7000 6998
f 7000 7001 7002 6998
f 7000 6994 6991 6989
f 7000 6989 6988 7001
f 7002 7003 7004 1070
f 7002 1070 1069 6998
f 7002 7001 7005 7003
f 7005 7006 7007 7003
f 7005 7001 6988 6987
f 7005 6987 2611 7006
f 7007 7008 7004 7003
f 7009 7010 2597 2596
f 7009 2596 7011 7012
f 7011 7013 7014 7012
f 7011 2596 2595 2602
f 7011 2602 7015 7013
f 7015 7016 7017 7013
f 7015 2602 2601 2607
f 7015 2607 2606 7016
f 7017 7018 7019 7020
f 7017 7020 7014 7013
f 7017 7016 7021 7018
f 7021 7022 7023 7018
f 7021 7016 2606 7024
f 7021 7024 7025 7022
f 7025 7026 7027 7022
f 7025 7024 7028 7029
f 7025 7029 7030 7026
f 7030 6319 7031 7026
f 7030 7029 7032 7033
f 7030 7033 6320 6319
f 7033 7032 7034 7035
f 7033 7035 6321 6320
f 7035 7034 7036 7037
f 7035 7037 6323 6321
f 7037 7036 6430 7038
f 7037 7038 6325 6323
f 7038 6430 6428 7039
f 7038 7039 7040 6325
f 7040 6328 6326 6325
f 7040 7039 6341 6339
f 7040 6339 6330 6328
f 7039 6428 6427 6341
f 7036 7034 7041 6433
f 7036 6433 6431 6430
f 7041 7034 7032 7042
f 7041 7042 2604 6436
f 7041 6436 6434 6433
f 7042 7032 7029 7028
f 7042 7028 2605 2604
f 7031 6316 7043 7044
f 7031 7044 7027 7026
f 7031 6319 6317 6316
f 7044 7043 7045 7046
f 7044 7046 7047 7027
f 7047 7046 993 995
f 7047 995 7048 7023
f 7047 7023 7022 7027
f 7048 995 990 7049
f 7048 7049 7050 7019
f 7048 7019 7018 7023
f 7050 7049 2775 7051
f 7050 7051 2623 2625
f 7050 2625 7020 7019
f 7051 2775 2774 2622
f 7051 2622 2620 2623
f 7049 990 989 2775
f 7046 7045 994 993
f 7045 7052 7053 994
f 7045 7043 1264 7052
f 7053 7054 7055 7056
f 7053 7056 991 994
f 7053 7052 828 7054
f 7056 7055 7057 7058
f 7056 7058 992 991
f 7058 7057 1259 1258
f 7058 1258 1262 992
f 7057 7059 7060 1259
f 7057 7055 7061 7059
f 7061 7062 7063 7059
f 7061 7055 7054 7064
f 7061 7064 7065 7062
f 7065 7064 827 829
f 7065 829 876 7066
f 7065 7066 7067 7062
f 7067 7068 7063 7062
f 7067 7066 877 7069
f 7067 7069 1280 7068
f 7069 877 874 7070
f 7069 7070 159 1280
f 7070 874 873 7071
f 7070 7071 1276 159
f 7071 873 875 6302
f 7071 6302 6301 1276
f 7068 7072 7073 7063
f 7068 1280 162 7072
f 7072 162 1289 6916
f 7066 876 845 877
f 7064 7054 828 827
f 7060 7074 1260 1259
f 7074 7075 1263 1260
f 7074 1257 1256 7075
f 7075 7076 7077 1263
f 7075 1256 1255 7076
f 7077 7078 7079 7080
f 7077 7080 1261 1263
f 7077 7076 7081 7078
f 7081 1066 1072 7078
f 7081 7076 1255 7082
f 7081 7082 109 1066
f 7082 1255 1254 6999
f 7082 6999 1069 109
f 7080 7079 984 988
f 7080 988 1262 1261
f 7079 1071 985 984
f 7079 7078 1072 1071
f 7052 1264 824 828
f 7043 6316 1265 1264
f 7028 7024 2606 2605
f 7020 2625 2624 7014
f 7014 2624 2626 7012
f 7083 1067 1070 7004
f 7083 7084 2615 2618
f 7083 2618 1068 1067
f 7010 2610 2553 2552
f 7010 2552 2599 2597
f 6987 6985 2612 2611
f 6928 6903 6901 6900
f 6924 6906 6904 6903
f 6920 6909 6907 6906
f 6900 6896 6894 6893
f 6876 6875 154 1251
f 6863 1083 115 1082
f 6845 6841 1213 1222
f 6841 6839 1214 1213
f 6839 1245 1242 1214
f 6836 6830 1248 1247
f 6830 6828 6827 1248
f 6827 7085 1243 1248
f 6827 6825 6824 7085
f 7085 7086 1244 1243
f 7085 6824 7087 7086
f 7087 7088 1239 7086
f 7087 6824 6735 7089
f 7087 7089 1232 7088
f 7089 6735 6734 1228
f 7089 1228 1227 1232
f 7088 1211 1240 1239
f 7088 1232 1212 1211
f 7086 1239 1238 1244
f 6730 6729 2712 2628
f 6729 6725 6724 7090
f 6729 7090 2710 2712
f 7090 6724 7091 7092
f 7090 7092 2711 2710
f 7092 7091 1102 1113
f 7092 1113 1114 2711
f 7091 6724 6720 6719
f 7091 6719 122 1102
f 6719 6715 1105 122
f 6706 6705 1111 1110
f 6679 6669 1166 1165
f 6667 1161 1160 1166
f 6653 6627 6623 6622
f 6612 6608 1220 1219
f 6605 6604 1221 1220
f 6599 6598 1249 6872
f 6588 6587 1188 1193
f 6576 1270 1269 6571
f 6562 6560 6559 2582
f 6559 6557 7093 7094
f 6559 7094 2580 2582
f 7094 7093 7095 7096
f 7094 7096 2581 2580
f 7096 7095 7097 7098
f 7096 7098 7099 2581
f 7099 7098 1440 7100
f 7099 7100 7101 7102
f 7099 7102 2578 2581
f 7102 7101 7103 6504
f 7102 6504 2579 2578
f 7103 7101 7104 7105
f 7103 7105 7106 6507
f 7103 6507 6505 6504
f 7106 7105 7107 7108
f 7106 7108 7109 7110
f 7106 7110 6508 6507
f 7110 7109 7111 7112
f 7110 7112 6509 6508
f 7112 7111 7113 7114
f 7112 7114 6511 6509
f 7114 7113 7115 7116
f 7114 7116 7117 6511
f 7117 7116 7118 7119
f 7117 7119 6516 6514
f 7117 6514 6512 6511
f 7119 7118 7120 7121
f 7119 7121 6521 6516
f 7121 7120 7122 7123
f 7121 7123 6522 6521
f 7123 7122 1361 7124
f 7123 7124 6524 6522
f 7124 1361 1360 7125
f 7124 7125 6526 6524
f 7125 1360 1359 7126
f 7125 7126 6528 6526
f 7126 1359 1358 1379
f 7126 1379 1378 6528
f 7122 7120 7127 7128
f 7122 7128 1355 1361
f 7128 7127 7129 7130
f 7128 7130 1356 1355
f 7130 7129 7131 7132
f 7130 7132 7133 1356
f 7133 7132 1374 1370
f 7133 1370 1369 7134
f 7133 7134 178 1356
f 7134 1369 7135 7136
f 7134 7136 1357 178
f 7136 7135 7137 7138
f 7136 7138 7139 1357
f 7139 7138 1444 1443
f 7139 1443 1442 7140
f 7139 7140 1358 1357
f 7140 1442 1381 1380
f 7140 1380 1379 1358
f 7138 7137 1499 1444
f 7137 7135 7141 7142
f 7137 7142 1500 1499
f 7142 7141 7143 7144
f 7142 7144 7145 1500
f 7145 7144 7146 7147
f 7145 7147 7148 1502
f 7145 1502 1501 1500
f 7148 7147 7149 7150
f 7148 7150 7151 7152
f 7148 7152 1503 1502
f 7152 7151 7153 7154
f 7152 7154 1504 1503
f 7154 7153 7155 7156
f 7154 7156 7157 1504
f 7157 7156 7158 7159
f 7157 7159 7160 1447
f 7157 1447 1446 1504
f 7160 7159 7161 7162
f 7160 7162 7104 7163
f 7160 7163 1439 1447
f 7163 7104 7101 7100
f 7163 7100 1440 1439
f 7162 7161 7164 7107
f 7162 7107 7105 7104
f 7164 7161 7165 7166
f 7164 7166 2543 2542
f 7164 2542 7108 7107
f 7166 7165 7167 7168
f 7166 7168 2545 2543
f 7168 7167 7169 7170
f 7168 7170 7171 2545
f 7171 7170 2539 2538
f 7171 2538 7172 7173
f 7171 7173 2546 2545
f 7173 7172 7174 7175
f 7173 7175 2547 2546
f 7175 7174 7176 7177
f 7175 7177 7178 2547
f 7178 7177 7179 7180
f 7178 7180 7181 7182
f 7178 7182 2544 2547
f 7182 7181 7183 7184
f 7182 7184 2540 2544
f 7184 7183 7185 7186
f 7184 7186 2541 2540
f 7186 7185 7113 7111
f 7186 7111 7109 2541
f 7185 7183 7187 7188
f 7185 7188 7115 7113
f 7188 7187 7189 7190
f 7188 7190 7191 7115
f 7191 7190 7129 7127
f 7191 7127 7120 7118
f 7191 7118 7116 7115
f 7190 7189 7131 7129
f 7189 7187 7192 7193
f 7189 7193 7194 7131
f 7194 7193 7195 7196
f 7194 7196 1371 1374
f 7194 1374 7132 7131
f 7196 7195 7197 7198
f 7196 7198 1372 1371
f 7198 7197 7199 7200
f 7198 7200 7201 1372
f 7201 7200 7202 7203
f 7201 7203 7204 7205
f 7201 7205 1373 1372
f 7205 7204 7206 7207
f 7205 7207 1523 1373
f 7207 7206 7208 7209
f 7207 7209 7143 1523
f 7209 7208 7210 7146
f 7209 7146 7144 7143
f 7210 7208 7211 7212
f 7210 7212 7213 7149
f 7210 7149 7147 7146
f 7213 7212 1508 7214
f 7213 7214 7215 7216
f 7213 7216 7150 7149
f 7216 7215 7217 7218
f 7216 7218 7151 7150
f 7218 7217 7219 7220
f 7218 7220 7153 7151
f 7220 7219 7221 7222
f 7220 7222 7155 7153
f 7222 7221 7223 7224
f 7222 7224 7225 7155
f 7225 7224 7169 7167
f 7225 7167 7165 7158
f 7225 7158 7156 7155
f 7224 7223 7226 7169
f 7226 7223 7227 2536
f 7226 2536 427 2539
f 7226 2539 7170 7169
f 7227 7228 7229 7230
f 7227 7230 2537 2536
f 7227 7223 7221 7228
f 7230 7229 7231 7232
f 7230 7232 7233 2537
f 7233 7232 1470 1472
f 7233 1472 2397 2550
f 7233 2550 431 2537
f 7232 7231 1471 1470
f 7231 7234 7235 1471
f 7231 7229 7236 7234
f 7236 7237 7238 7234
f 7236 7229 7228 7239
f 7236 7239 7240 7237
f 7240 7241 7242 7237
f 7240 7239 7219 7217
f 7240 7217 7215 7241
f 7242 7243 7244 7245
f 7242 7245 7238 7237
f 7242 7241 7246 7243
f 7246 1507 1506 7243
f 7246 7241 7215 7214
f 7246 7214 1508 1507
f 7245 7244 1451 1450
f 7245 1450 1449 7238
f 7244 7247 7248 1451
f 7244 7243 1506 7247
f 7248 1459 1463 7249
f 7248 7249 1452 1451
f 7248 7247 1460 1459
f 7249 1463 7250 1465
f 7249 1465 1453 1452
f 7250 1463 1462 7251
f 7250 7251 7252 7253
f 7250 7253 1466 1465
f 7253 7252 2430 2429
f 7253 2429 2431 1466
f 7252 7251 7254 7255
f 7252 7255 7256 2430
f 7256 7255 2529 2531
f 7256 2531 7257 7258
f 7256 7258 2427 2430
f 7258 7257 7259 7260
f 7258 7260 2428 2427
f 7260 7259 7261 2433
f 7260 2433 2432 2428
f 7261 7259 7262 7263
f 7261 7263 7264 7265
f 7261 7265 2434 2433
f 7265 7264 1566 1565
f 7265 1565 2437 2434
f 7264 7263 2447 2446
f 7264 2446 1563 1566
f 7263 7262 7266 2447
f 7266 2532 7267 7268
f 7266 7268 2448 2447
f 7266 7262 2533 2532
f 7268 7267 7269 7270
f 7268 7270 2449 2448
f 7270 7269 7271 7272
f 7270 7272 7273 2449
f 7273 7272 7274 7275
f 7273 7275 7276 7277
f 7273 7277 2450 2449
f 7277 7276 2416 7278
f 7277 7278 2451 2450
f 7278 2416 2415 7279
f 7278 7279 7280 2451
f 7280 7279 7281 7282
f 7280 7282 1570 1569
f 7280 1569 2444 2451
f 7282 7283 7284 1570
f 7282 7281 7285 7283
f 7285 7286 7287 7283
f 7285 7281 2420 7288
f 7285 7288 7289 7286
f 7289 7290 7291 7286
f 7289 7288 7292 7293
f 7289 7293 7294 7290
f 7294 7295 7296 7290
f 7294 7293 7297 7298
f 7294 7298 7299 7295
f 7299 7300 7301 7295
f 7299 7298 1548 1547
f 7299 1547 1551 7300
f 7301 7302 7303 7304
f 7301 7304 7296 7295
f 7301 7300 7305 7302
f 7305 1538 1540 7302
f 7305 7300 1551 7306
f 7305 7306 1539 1538
f 7306 1551 1550 7307
f 7306 7307 7308 1539
f 7308 7307 7309 7310
f 7308 7310 7311 7312
f 7308 7312 1535 1539
f 7312 7311 7313 7314
f 7312 7314 1536 1535
f 7314 7313 7315 7316
f 7314 7316 7317 1536
f 7317 7318 1537 1536
f 7317 7316 7319 7320
f 7317 7320 7321 7318
f 7321 7320 7322 7323
f 7321 7323 7324 7325
f 7321 7325 7326 7318
f 7326 7325 7327 7303
f 7326 7303 7302 1540
f 7326 1540 1537 7318
f 7327 7325 7324 7328
f 7327 7328 7329 7330
f 7327 7330 7304 7303
f 7330 7329 7331 7332
f 7330 7332 7296 7304
f 7332 7331 7333 7291
f 7332 7291 7290 7296
f 7333 7331 7334 7335
f 7333 7335 7336 7287
f 7333 7287 7286 7291
f 7336 7335 7337 7338
f 7336 7338 7339 7284
f 7336 7284 7283 7287
f 7339 7338 7340 7341
f 7339 7341 1568 1567
f 7339 1567 1570 7284
f 7341 7340 7342 7343
f 7341 7343 7344 1568
f 7344 7343 7345 7346
f 7344 7346 7347 1561
f 7344 1561 1560 1568
f 7347 7346 7348 7349
f 7347 7349 7350 7351
f 7347 7351 1562 1561
f 7351 7350 7352 7353
f 7351 7353 1564 1562
f 7353 7352 1517 7354
f 7353 7354 7355 1564
f 7355 7354 1557 1559
f 7355 1559 2435 2437
f 7355 2437 1565 1564
f 7354 1517 1516 1557
f 7352 7350 7356 7357
f 7352 7357 1518 1517
f 7357 7356 1528 1526
f 7357 1526 1525 1518
f 7356 7358 7359 1528
f 7356 7350 7349 7358
f 7359 7360 7361 7362
f 7359 7362 1527 1528
f 7359 7358 7363 7360
f 7363 7364 7365 7360
f 7363 7358 7349 7348
f 7363 7348 7366 7364
f 7366 7367 7368 7364
f 7366 7348 7346 7345
f 7366 7345 7369 7367
f 7369 7370 7371 7367
f 7369 7345 7343 7342
f 7369 7342 7372 7370
f 7372 1541 1545 7370
f 7372 7342 7340 7373
f 7372 7373 1542 1541
f 7373 7340 7338 7337
f 7373 7337 7374 1542
f 7374 7375 1543 1542
f 7374 7337 7335 7334
f 7374 7334 7376 7375
f 7376 7377 7378 7375
f 7376 7334 7331 7329
f 7376 7329 7328 7377
f 7378 7379 7380 1546
f 7378 1546 1543 7375
f 7378 7377 7381 7379
f 7381 7382 7383 7379
f 7381 7377 7328 7324
f 7381 7324 7323 7382
f 7383 7384 1529 1533
f 7383 1533 7380 7379
f 7383 7382 7385 7384
f 7385 7386 7387 7384
f 7385 7382 7323 7322
f 7385 7322 7388 7386
f 7388 7322 7320 7319
f 7388 7319 7389 7390
f 7388 7390 7391 7386
f 7391 7390 7392 7393
f 7391 7393 7394 7395
f 7391 7395 7387 7386
f 7395 7394 7396 7397
f 7395 7397 1530 7387
f 7397 7396 7398 7399
f 7397 7399 1531 1530
f 7399 7398 7368 7400
f 7399 7400 1534 1531
f 7400 7368 7367 7371
f 7400 7371 7401 1534
f 7401 7402 1532 1534
f 7401 7371 7370 1545
f 7401 1545 1544 7402
f 7402 1544 1546 7380
f 7402 7380 1533 1532
f 7398 7396 7403 7365
f 7398 7365 7364 7368
f 7403 7396 7394 7404
f 7403 7404 1497 7361
f 7403 7361 7360 7365
f 7404 7394 7393 7405
f 7404 7405 1494 1497
f 7405 7393 7392 7406
f 7405 7406 1495 1494
f 7406 7392 7407 7408
f 7406 7408 7409 1495
f 7409 7408 7410 7411
f 7409 7411 7412 7413
f 7409 7413 1492 1495
f 7413 7412 7414 7415
f 7413 7415 1493 1492
f 7415 7414 7416 7417
f 7415 7417 7418 1493
f 7418 7417 2534 1475
f 7418 1475 1474 1490
f 7418 1490 202 1493
f 7417 7416 7419 2534
f 7419 7416 7420 7421
f 7419 7421 7422 7423
f 7419 7423 1476 2534
f 7423 7422 7424 7425
f 7423 7425 1477 1476
f 7425 7424 7426 7271
f 7425 7271 7269 1477
f 7426 7424 7427 7428
f 7426 7428 7429 7274
f 7426 7274 7272 7271
f 7429 7428 7430 7431
f 7429 7431 7432 7433
f 7429 7433 7275 7274
f 7433 7432 7434 7435
f 7433 7435 7276 7275
f 7435 7434 2418 2417
f 7435 2417 2416 7276
f 7434 7432 7436 7437
f 7434 7437 7438 2418
f 7438 7437 2443 7439
f 7438 7439 2421 1573
f 7438 1573 220 2418
f 7439 2443 2442 7440
f 7439 7440 7441 2421
f 7441 7442 1571 2421
f 7441 7440 7443 7444
f 7441 7444 7445 7442
f 7445 7446 7447 7442
f 7445 7444 7448 7449
f 7445 7449 7450 7446
f 7450 7451 7452 7446
f 7450 7449 7453 7454
f 7450 7454 7455 7451
f 7455 7456 7457 7451
f 7455 7454 7458 7459
f 7455 7459 1487 7456
f 7459 7458 1480 1479
f 7459 1479 1484 1487
f 7458 7454 7453 7460
f 7458 7460 7461 1480
f 7461 7460 7462 7463
f 7461 7463 7464 7465
f 7461 7465 1481 1480
f 7465 7464 7466 7467
f 7465 7467 1482 1481
f 7467 7466 7468 7469
f 7467 7469 7470 1482
f 7470 1485 1483 1482
f 7470 7469 7420 7471
f 7470 7471 1488 1485
f 7471 7420 7416 7414
f 7471 7414 7412 1488
f 7469 7468 7421 7420
f 7468 7466 7472 7473
f 7468 7473 7422 7421
f 7473 7472 7474 7427
f 7473 7427 7424 7422
f 7474 7472 7475 7476
f 7474 7476 7477 7430
f 7474 7430 7428 7427
f 7477 7476 7478 7479
f 7477 7479 2439 7480
f 7477 7480 7431 7430
f 7480 2439 2438 7436
f 7480 7436 7432 7431
f 7479 7478 2527 2526
f 7479 2526 2440 2439
f 7478 7481 2528 2527
f 7478 7476 7475 7481
f 7481 7463 7462 2528
f 7481 7475 7464 7463
f 7475 7472 7466 7464
f 7462 7460 7453 7482
f 7462 7482 2523 2528
f 7482 7453 7449 7448
f 7482 7448 2524 2523
f 7457 7483 7484 7485
f 7457 7485 7452 7451
f 7457 7456 7486 7483
f 7486 7487 7488 7483
f 7486 7456 1487 1486
f 7486 1486 7489 7487
f 7489 7490 7491 7487
f 7489 1486 201 7492
f 7489 7492 7493 7490
f 7493 7311 7310 7490
f 7493 7492 7494 7495
f 7493 7495 7313 7311
f 7495 7494 7410 7496
f 7495 7496 7315 7313
f 7496 7410 7408 7407
f 7496 7407 7389 7315
f 7494 7492 201 1489
f 7494 1489 7411 7410
f 7491 7309 1552 7497
f 7491 7497 7488 7487
f 7491 7490 7310 7309
f 7497 1552 1549 7498
f 7497 7498 7499 7488
f 7499 7498 7500 7501
f 7499 7501 7502 7484
f 7499 7484 7483 7488
f 7502 7501 7503 7504
f 7502 7504 1575 7505
f 7502 7505 7485 7484
f 7505 1575 1574 7506
f 7505 7506 7452 7485
f 7506 1574 1572 7447
f 7506 7447 7446 7452
f 7504 7503 7292 2419
f 7504 2419 403 1575
f 7503 7297 7293 7292
f 7503 7501 7500 7297
f 7500 1548 7298 7297
f 7500 7498 1549 1548
f 7448 7444 7443 2524
f 7447 1572 1571 7442
f 7443 7440 2442 2441
f 7443 2441 2525 2524
f 7437 7436 2438 2443
f 7412 7411 1489 1488
f 7407 7392 7390 7389
f 7389 7319 7316 7315
f 7387 1530 1529 7384
f 7362 7361 1497 1496
f 7362 1496 1498 1527
f 7309 7307 1550 1552
f 7292 7288 2420 2419
f 7281 7279 2415 2420
f 7269 7267 1478 1477
f 7267 2532 425 1478
f 7262 7259 7257 2533
f 7257 2531 426 2533
f 7255 7254 2530 2529
f 7254 1461 7507 2530
f 7254 7251 1462 1461
f 7507 1491 1490 1474
f 7507 1474 1473 2530
f 7507 1461 1458 1491
f 7247 1506 1505 1460
f 7239 7228 7221 7219
f 7238 1449 7235 7234
f 7235 1449 1448 1464
f 7235 1464 1468 1471
f 7212 7211 1509 1508
f 7211 7508 1510 1509
f 7211 7208 7206 7508
f 7508 7509 7510 1510
f 7508 7206 7204 7509
f 7510 1586 1522 1521
f 7510 1521 1511 1510
f 7510 7509 1588 1586
f 7509 7204 7203 1588
f 7203 7202 1587 1588
f 7202 1583 1582 1587
f 7202 7200 7199 1583
f 7199 7511 1579 1583
f 7199 7197 7512 7511
f 7512 7179 7513 7511
f 7512 7197 7195 7514
f 7512 7514 7180 7179
f 7514 7195 7193 7192
f 7514 7192 7181 7180
f 7513 7176 7515 1580
f 7513 1580 1579 7511
f 7513 7179 7177 7176
f 7515 2549 2548 7516
f 7515 7516 1576 1580
f 7515 7176 7174 2549
f 7516 2548 2401 2400
f 7516 2400 1577 1576
f 7192 7187 7183 7181
f 7174 7172 2535 2549
f 7172 2538 428 2535
f 7165 7161 7159 7158
f 7143 7141 1368 1523
f 7141 7135 1369 1368
f 7109 7108 2542 2541
f 7098 7097 1441 1440
f 7097 1381 1442 1441
f 7097 7095 1382 1381
f 7095 7093 1383 1382
f 7093 6557 6555 1383
f 6555 6554 1375 1383
f 6554 6553 1376 1375
f 6553 6543 6535 1376
f 6553 6551 6544 6543
f 6543 6540 6536 6535
f 6539 7517 7518 1397
f 6539 1397 1396 6534
f 6539 6538 7519 7517
f 7519 7520 7521 7517
f 7519 6538 6269 6267
f 7519 6267 6265 7520
f 7521 6219 6217 6216
f 7521 6216 7518 7517
f 7521 7520 1386 6219
f 7520 6265 1387 1386
f 7518 6216 6212 6211
f 7518 6211 1390 1397
f 6535 6532 1377 1376
f 6529 6528 1378 1384
f 6441 6439 2603 443
f 6437 6436 2604 2603
f 6427 6344 6342 6341
f 6425 6349 6345 6344
f 6423 6358 6355 6353
f 6405 6404 6372 6370
f 6404 6401 6400 7522
f 6404 7522 6374 6372
f 7522 6400 6384 6383
f 7522 6383 6376 6374
f 6400 6398 6386 6384
f 6307 6305 841 840
f 6301 6290 1277 1276
f 6287 6285 1278 1277
f 6285 6283 1281 1278
f 6283 6279 1286 1281
f 6282 1306 1308 1292
f 6282 1292 1291 6278
f 6282 6281 1307 1306
f 6281 1313 1311 1307
f 6262 7523 6221 1389
f 6262 6260 6233 7523
f 7523 6225 6222 6221
f 7523 6233 6231 6225
f 6260 6236 6234 6233
f 6229 7524 1353 7525
f 6229 7525 6215 6224
f 6229 6228 7526 7524
f 7526 1340 1339 7524
f 7526 6228 1337 1336
f 7526 1336 1349 1340
f 7525 1353 1352 6210
f 7525 6210 6209 6215
f 7524 1339 1347 1353
f 6221 6220 1385 1389
f 6220 6219 1386 1385
f 6211 6207 1391 1390
f 6210 1352 1354 6206
f 6204 6203 1392 1391
f 6203 6199 6198 7527
f 6203 7527 7528 1392
f 7528 7527 7529 1948
f 7528 1948 1729 7530
f 7528 7530 1393 1392
f 7530 1729 1412 1414
f 7530 1414 188 1393
f 7529 7527 6198 1399
f 7529 1399 1398 1411
f 7529 1411 302 1948
f 6202 1351 1346 1345
f 6202 1345 6197 6196
f 6202 6201 1354 1351
f 6198 6194 1400 1399
f 6182 6180 6169 1925
f 6169 6167 1921 1925
f 6167 6165 1922 1921
f 6165 6163 1404 1922
f 6163 6162 1405 1404
f 6162 1408 1407 1405
f 6126 4214 4212 4211
f 5486 5474 5472 5471
f 5453 5452 1974 1973
f 5453 1973 7531 2082
f 7531 1973 1972 3775
f 7531 3775 3773 3772
f 7531 3772 2083 2082
f 5446 5445 7532 7533
f 5446 7533 2163 2329
f 7533 7532 2234 7534
f 7533 7534 2164 2163
f 7534 2234 2231 7535
f 7534 7535 7536 2164
f 7536 7535 2227 2226
f 7536 2226 2225 7537
f 7536 7537 2167 2164
f 7537 2225 7538 7539
f 7537 7539 2168 2167
f 7539 7538 5399 5398
f 7539 5398 5397 2168
f 7538 2225 2224 5404
f 7538 5404 5401 5399
f 7535 2231 2230 2227
f 7532 7540 2235 2234
f 7532 5445 5444 7540
f 7540 7541 2243 2235
f 7540 5444 7542 7541
f 7542 7543 7544 7541
f 7542 5444 5441 5439
f 7542 5439 5438 7543
f 7544 7545 2246 2244
f 7544 2244 2243 7541
f 7544 7543 7546 7545
f 7546 7547 7548 7545
f 7546 7543 5438 5437
f 7546 5437 7549 7547
f 7549 5424 5422 7547
f 7549 5437 5434 5432
f 7549 5432 5430 5424
f 7548 5420 5418 2249
f 7548 2249 2246 7545
f 7548 7547 5422 5420
f 5414 2232 2236 2248
f 5411 5410 2230 2229
f 5410 2228 2227 2230
f 5410 5408 5407 2228
f 5407 2224 359 2228
f 5407 5405 5404 2224
f 5336 5334 5198 5197
f 5323 5208 5206 5205
f 5188 5186 5017 5016
f 5161 5043 5040 5038
f 5157 5156 5044 5043
f 5156 5152 5151 7550
f 5156 7550 5045 5044
f 7550 5151 7551 5050
f 7550 5050 5047 5045
f 7551 5151 5147 5146
f 7551 5146 7552 5053
f 7551 5053 5051 5050
f 7552 5146 5142 5141
f 7552 5141 7553 5056
f 7552 5056 5054 5053
f 7553 5141 5137 5136
f 7553 5136 7554 5059
f 7553 5059 5057 5056
f 7554 5136 5132 5131
f 7554 5131 7555 5062
f 7554 5062 5060 5059
f 7555 5131 5127 5126
f 7555 5126 7556 5065
f 7555 5065 5063 5062
f 7556 5126 5122 5121
f 7556 5121 7557 5068
f 7556 5068 5066 5065
f 7557 5121 5117 5116
f 7557 5116 7558 5071
f 7557 5071 5069 5068
f 7558 5116 5112 5111
f 7558 5111 7559 5074
f 7558 5074 5072 5071
f 7559 5111 5107 5106
f 7559 5106 7560 5077
f 7559 5077 5075 5074
f 7560 5106 5103 5102
f 7560 5102 7561 5080
f 7560 5080 5078 5077
f 7561 5102 5099 5098
f 7561 5098 5087 5083
f 7561 5083 5081 5080
f 5110 2281 2280 5105
f 5101 2280 2279 2289
f 5098 5096 5088 5087
f 5094 7562 2256 2255
f 5094 5093 2276 2275
f 5094 2275 2295 7562
f 7562 7563 2269 2256
f 7562 2295 2298 7563
f 7563 7564 7565 2269
f 7563 2298 7566 7564
f 7566 7567 7568 7564
f 7566 2298 2297 7569
f 7566 7569 7570 7567
f 7570 3418 3416 7567
f 7570 7569 7571 7572
f 7570 7572 3420 3418
f 7572 7571 7573 7574
f 7572 7574 3422 3420
f 7574 7573 7575 7576
f 7574 7576 3424 3422
f 7576 7575 7577 7578
f 7576 7578 3426 3424
f 7578 7577 7579 7580
f 7578 7580 7581 3426
f 7581 3430 3427 3426
f 7581 7580 7582 7583
f 7581 7583 7584 3430
f 7584 3435 3431 3430
f 7584 7583 7585 7586
f 7584 7586 7587 3435
f 7587 3440 3436 3435
f 7587 7586 7588 7589
f 7587 7589 7590 3440
f 7590 1764 3441 3440
f 7590 7589 7591 7592
f 7590 7592 1765 1764
f 7592 7591 3454 3453
f 7592 3453 1766 1765
f 7591 7589 7588 7593
f 7591 7593 3456 3454
f 7593 7588 7594 7595
f 7593 7595 3458 3456
f 7595 7594 7596 7597
f 7595 7597 7598 3458
f 7598 7597 7599 7600
f 7598 7600 7601 3461
f 7598 3461 3459 3458
f 7601 7600 7602 7603
f 7601 7603 7604 7605
f 7601 7605 3462 3461
f 7605 7604 7606 3466
f 7605 3466 3463 3462
f 7606 7604 2336 7607
f 7606 7607 7608 7609
f 7606 7609 3467 3466
f 7609 7608 7610 7611
f 7609 7611 3468 3467
f 7611 7610 7612 7613
f 7611 7613 3470 3468
f 7613 7612 7614 7615
f 7613 7615 3473 3470
f 7615 7614 7616 7617
f 7615 7617 3475 3473
f 7617 7616 7618 7619
f 7617 7619 3477 3475
f 7619 7618 2047 7620
f 7619 7620 7621 3477
f 7621 3481 3478 3477
f 7621 7620 2039 7622
f 7621 7622 7623 3481
f 7623 3486 3482 3481
f 7623 7622 7624 7625
f 7623 7625 7626 3486
f 7626 3491 3487 3486
f 7626 7625 7627 7628
f 7626 7628 7629 3491
f 7629 3496 3492 3491
f 7629 7628 7630 7631
f 7629 7631 7632 3496
f 7632 3501 3497 3496
f 7632 7631 7633 7634
f 7632 7634 7635 3501
f 7635 3506 3502 3501
f 7635 7634 7636 7637
f 7635 7637 7638 3506
f 7638 3511 3507 3506
f 7638 7637 7639 2037
f 7638 2037 2036 3511
f 7639 7637 7636 7640
f 7639 7640 7641 7642
f 7639 7642 2028 2037
f 7642 7641 7643 7644
f 7642 7644 2029 2028
f 7644 7643 7645 7646
f 7644 7646 7647 2029
f 7647 1731 2030 2029
f 7647 7646 7648 7649
f 7647 7649 1732 1731
f 7649 7648 7650 3687
f 7649 3687 1733 1732
f 7650 7648 7651 7652
f 7650 7652 7653 3690
f 7650 3690 3688 3687
f 7653 7652 7654 7655
f 7653 7655 3695 3693
f 7653 3693 3691 3690
f 7655 7654 7656 3702
f 7655 3702 3700 3695
f 7656 7654 7657 7658
f 7656 7658 7659 3705
f 7656 3705 3703 3702
f 7659 7658 7660 7661
f 7659 7661 7662 3708
f 7659 3708 3706 3705
f 7662 7661 7663 7664
f 7662 7664 3715 3711
f 7662 3711 3709 3708
f 7664 7663 2023 2027
f 7664 2027 3716 3715
f 7663 7665 2019 2023
f 7663 7661 7660 7665
f 7665 7666 2020 2019
f 7665 7660 7667 7666
f 7667 7645 7643 7666
f 7667 7660 7658 7657
f 7667 7657 7651 7645
f 7666 7643 7641 2020
f 7657 7654 7652 7651
f 7651 7648 7646 7645
f 7641 7640 2021 2020
f 7640 7636 2022 2021
f 7636 7634 7633 2022
f 7633 7631 7630 2024
f 7633 2024 316 2022
f 7630 7628 7627 7668
f 7630 7668 2025 2024
f 7668 7627 7669 7670
f 7668 7670 3720 2025
f 7670 7669 2043 3723
f 7670 3723 3721 3720
f 7669 7627 7625 7624
f 7669 7624 2038 2043
f 7624 7622 2039 2038
f 7620 2047 2040 2039
f 7618 7616 7671 2053
f 7618 2053 2048 2047
f 7671 7616 7614 2059
f 7671 2059 2058 7672
f 7671 7672 2051 2053
f 7672 2058 2061 7673
f 7672 7673 2052 2051
f 7673 2061 7674 3759
f 7673 3759 3757 2052
f 7674 2061 2060 2327
f 7674 2327 7675 3762
f 7674 3762 3760 3759
f 7675 2327 2326 7676
f 7675 7676 3767 3765
f 7675 3765 3763 3762
f 7676 2326 2079 2078
f 7676 2078 2084 3767
f 7614 7612 2056 2059
f 7612 7610 2057 2056
f 7610 7608 7677 2057
f 7677 7608 7607 7678
f 7677 7678 7679 2338
f 7677 2338 2054 2057
f 7679 7678 2333 2332
f 7679 2332 7680 7681
f 7679 7681 2339 2338
f 7681 7680 2312 2316
f 7681 2316 2325 2339
f 7680 2332 2331 7682
f 7680 7682 2313 2312
f 7682 7683 7684 2313
f 7682 2331 2335 7683
f 7684 7685 7686 7687
f 7684 7687 2314 2313
f 7684 7683 7688 7685
f 7688 7599 7689 7685
f 7688 7683 2335 7602
f 7688 7602 7600 7599
f 7689 7596 7690 7691
f 7689 7691 7686 7685
f 7689 7599 7597 7596
f 7691 7690 7582 7692
f 7691 7692 7693 7686
f 7693 7692 7579 7694
f 7693 7694 7695 7696
f 7693 7696 7687 7686
f 7696 7695 7697 7698
f 7696 7698 2314 7687
f 7698 7697 2294 2309
f 7698 2309 377 2314
f 7697 7695 7699 7700
f 7697 7700 2290 2294
f 7700 7699 2301 2300
f 7700 2300 2291 2290
f 7699 7701 7702 2301
f 7699 7695 7694 7701
f 7702 7575 7573 2302
f 7702 2302 2296 2301
f 7702 7701 7577 7575
f 7701 7694 7579 7577
f 7692 7582 7580 7579
f 7690 7585 7583 7582
f 7690 7596 7594 7585
f 7678 7607 2336 2333
f 7604 7603 2334 2336
f 7603 7602 2335 2334
f 7594 7588 7586 7585
f 7573 7571 2299 2302
f 7571 7569 2297 2299
f 7568 3415 3414 7703
f 7568 7703 7565 7564
f 7568 7567 3416 3415
f 7703 3414 7704 7705
f 7703 7705 7706 7565
f 7706 7705 7707 7708
f 7706 7708 2271 2270
f 7706 2270 2269 7565
f 7708 7707 7709 7710
f 7708 7710 7711 2271
f 7711 7710 7712 7713
f 7711 7713 7714 7715
f 7711 7715 2272 2271
f 7715 7714 2268 7716
f 7715 7716 2223 2272
f 7716 2268 2266 2220
f 7716 2220 358 2223
f 7714 7713 7717 7718
f 7714 7718 2267 2268
f 7718 7717 2124 2263
f 7718 2263 2262 2267
f 7717 7719 2120 2124
f 7717 7713 7712 7719
f 7719 7720 2117 2120
f 7719 7712 7721 7720
f 7721 7722 7723 7720
f 7721 7712 7710 7709
f 7721 7709 7724 7722
f 7724 7725 7726 7722
f 7724 7709 7707 7727
f 7724 7727 7728 7725
f 7728 7729 7730 7725
f 7728 7727 7704 3411
f 7728 3411 3409 7729
f 7730 7731 7732 7733
f 7730 7733 7726 7725
f 7730 7729 7734 7731
f 7734 7735 7736 7731
f 7734 7729 3409 3407
f 7734 3407 3406 7735
f 7736 7737 7738 7739
f 7736 7739 7732 7731
f 7736 7735 7740 7737
f 7740 7741 7742 7737
f 7740 7735 3406 3405
f 7740 3405 7743 7741
f 7743 3392 7744 7741
f 7743 3405 3403 3395
f 7743 3395 3393 3392
f 7744 3386 3382 3381
f 7744 3381 7742 7741
f 7744 3392 3388 3386
f 7742 3381 3377 3376
f 7742 3376 7738 7737
f 7739 7738 3372 7745
f 7739 7745 7746 7732
f 7746 7745 7747 7748
f 7746 7748 7749 7750
f 7746 7750 7733 7732
f 7750 7749 7751 7752
f 7750 7752 7726 7733
f 7752 7751 2118 7723
f 7752 7723 7722 7726
f 7751 7749 7753 7754
f 7751 7754 2115 2118
f 7754 7753 7755 7756
f 7754 7756 2116 2115
f 7756 7755 7757 7758
f 7756 7758 7759 2116
f 7759 7758 7760 7761
f 7759 7761 7762 7763
f 7759 7763 2112 2116
f 7763 7762 7764 7765
f 7763 7765 2113 2112
f 7765 7764 7766 7767
f 7765 7767 7768 2113
f 7768 7767 7769 4840
f 7768 4840 4839 4845
f 7768 4845 2114 2113
f 7769 7767 7766 7770
f 7769 7770 7771 4835
f 7769 4835 4834 4840
f 7771 7770 7772 7773
f 7771 7773 7774 4830
f 7771 4830 4829 4835
f 7774 7773 7775 7776
f 7774 7776 7777 4826
f 7774 4826 4825 4830
f 7777 7776 7778 7779
f 7777 7779 7780 4822
f 7777 4822 4821 4826
f 7780 7779 7781 7782
f 7780 7782 7783 7784
f 7780 7784 4823 4822
f 7784 7783 7785 7786
f 7784 7786 4815 4823
f 7786 7785 7787 4810
f 7786 4810 4809 4815
f 7787 7785 7788 7789
f 7787 7789 7790 4805
f 7787 4805 4804 4810
f 7790 7789 7791 7792
f 7790 7792 7793 4801
f 7790 4801 4800 4805
f 7793 7792 7794 7795
f 7793 7795 7796 4797
f 7793 4797 4796 4801
f 7796 7795 7797 7798
f 7796 7798 7799 4793
f 7796 4793 4792 4797
f 7799 7798 7800 7801
f 7799 7801 7802 7803
f 7799 7803 4794 4793
f 7803 7802 7804 7805
f 7803 7805 4788 4794
f 7805 7804 7806 4785
f 7805 4785 4784 4788
f 7806 7804 7807 7808
f 7806 7808 7809 4782
f 7806 4782 4781 4785
f 7809 7808 687 7810
f 7809 7810 7811 4779
f 7809 4779 4778 4782
f 7811 7810 7812 7813
f 7811 7813 1867 1866
f 7811 1866 4776 4779
f 7813 7812 7814 7815
f 7813 7815 1868 1867
f 7815 7814 7816 7817
f 7815 7817 7818 1868
f 7818 7817 1847 1850
f 7818 1850 7819 7820
f 7818 7820 1821 1868
f 7820 7819 1792 1794
f 7820 1794 1798 1821
f 7819 1850 1849 7821
f 7819 7821 1793 1792
f 7821 1849 1830 1835
f 7821 1835 1801 1793
f 7817 7816 1848 1847
f 7816 682 1900 1848
f 7816 7814 683 682
f 7814 7812 31 683
f 7812 7810 687 31
f 7808 7807 688 687
f 7807 7822 7823 688
f 7807 7804 7802 7822
f 7823 7824 7825 7826
f 7823 7826 685 688
f 7823 7822 7827 7824
f 7827 7828 7829 7824
f 7827 7822 7802 7801
f 7827 7801 7800 7828
f 7829 7830 7831 7832
f 7829 7832 7825 7824
f 7829 7828 7833 7830
f 7833 7834 7835 7830
f 7833 7828 7800 7836
f 7833 7836 7837 7834
f 7837 7838 7839 7834
f 7837 7836 7797 7840
f 7837 7840 7841 7838
f 7841 7842 7843 7838
f 7841 7840 7794 7844
f 7841 7844 7845 7842
f 7845 7846 7847 7842
f 7845 7844 7791 7848
f 7845 7848 7849 7846
f 7849 7850 7851 7846
f 7849 7848 7788 7852
f 7849 7852 7853 7850
f 7853 7854 7855 7850
f 7853 7852 7783 7782
f 7853 7782 7781 7854
f 7855 7856 7857 7858
f 7855 7858 7851 7850
f 7855 7854 7859 7856
f 7859 7860 7861 7856
f 7859 7854 7781 7862
f 7859 7862 7863 7860
f 7863 7864 7865 7860
f 7863 7862 7778 7866
f 7863 7866 7867 7864
f 7867 7868 7869 7864
f 7867 7866 7775 7870
f 7867 7870 7871 7868
f 7871 7872 7873 7868
f 7871 7870 7772 7874
f 7871 7874 7875 7872
f 7875 7876 7877 7872
f 7875 7874 7766 7764
f 7875 7764 7762 7876
f 7877 3344 3340 3339
f 7877 3339 7873 7872
f 7877 7876 7878 3344
f 7878 3349 3345 3344
f 7878 7876 7762 7761
f 7878 7761 7760 3349
f 7874 7772 7770 7766
f 7873 3339 3335 3334
f 7873 3334 7869 7868
f 7870 7775 7773 7772
f 7869 3334 3330 3329
f 7869 3329 7865 7864
f 7866 7778 7776 7775
f 7865 3329 3325 3324
f 7865 3324 7861 7860
f 7862 7781 7779 7778
f 7861 3324 3320 3319
f 7861 3319 7857 7856
f 7858 7857 3314 7879
f 7858 7879 7880 7851
f 7880 7879 3310 7881
f 7880 7881 7882 7847
f 7880 7847 7846 7851
f 7882 7881 7883 7884
f 7882 7884 7885 7843
f 7882 7843 7842 7847
f 7885 7884 7886 7887
f 7885 7887 7888 7839
f 7885 7839 7838 7843
f 7888 7887 2978 7889
f 7888 7889 7890 7835
f 7888 7835 7834 7839
f 7890 7889 7891 7892
f 7890 7892 7893 7831
f 7890 7831 7830 7835
f 7893 7892 754 753
f 7893 753 7894 7895
f 7893 7895 7832 7831
f 7895 7894 7896 7897
f 7895 7897 7825 7832
f 7897 7896 7898 7899
f 7897 7899 7826 7825
f 7899 7898 7900 686
f 7899 686 685 7826
f 7900 7898 7901 7902
f 7900 7902 7903 689
f 7900 689 684 686
f 7903 1915 680 689
f 7903 7902 653 657
f 7903 657 7904 1915
f 7904 7905 1916 1915
f 7904 657 656 7906
f 7904 7906 7907 7905
f 7907 1897 1896 7905
f 7907 7906 7908 7909
f 7907 7909 7910 1897
f 7910 1907 1898 1897
f 7910 7909 7911 7912
f 7910 7912 1912 1907
f 7912 7911 7913 1909
f 7912 1909 1841 1912
f 7913 7911 7914 662
f 7913 662 661 7915
f 7913 7915 1910 1909
f 7915 661 664 7916
f 7915 7916 1878 1910
f 7916 664 675 7917
f 7916 7917 1879 1878
f 7917 675 645 7918
f 7917 7918 1883 1879
f 7918 645 643 7919
f 7918 7919 1894 1883
f 7919 643 642 7920
f 7919 7920 1895 1894
f 7920 642 7921 7922
f 7920 7922 7923 1895
f 7923 7924 1892 1895
f 7923 7922 7925 7926
f 7923 7926 7927 7924
f 7927 7928 7929 7924
f 7927 7926 7930 7931
f 7927 7931 7932 7928
f 7932 1873 1872 7928
f 7932 7931 7933 7934
f 7932 7934 1874 1873
f 7934 7933 7935 7936
f 7934 7936 7937 1874
f 7937 7938 1869 1874
f 7937 7936 7939 7940
f 7937 7940 7941 7938
f 7941 7942 7943 7938
f 7941 7940 7944 7945
f 7941 7945 7946 7942
f 7946 7947 7948 7942
f 7946 7945 7949 7950
f 7946 7950 7951 7947
f 7951 1994 1993 7947
f 7951 7950 7952 7953
f 7951 7953 7954 1994
f 7954 1992 1995 1994
f 7954 7953 7955 7956
f 7954 7956 1790 1992
f 7956 7955 2065 2064
f 7956 2064 1787 1790
f 7955 7953 7952 7957
f 7955 7957 2069 2065
f 7957 7952 7958 7959
f 7957 7959 7960 2069
f 7960 7959 7961 7962
f 7960 7962 2215 7963
f 7960 7963 2070 2069
f 7963 2215 2214 7964
f 7963 7964 2071 2070
f 7964 2214 7965 7966
f 7964 7966 7967 2071
f 7967 2091 2066 2071
f 7967 7966 7968 7969
f 7967 7969 2092 2091
f 7969 7968 2173 7970
f 7969 7970 2093 2092
f 7970 2173 2171 2170
f 7970 2170 2127 2093
f 7968 7966 7965 2144
f 7968 2144 2141 2173
f 7965 2214 356 2212
f 7965 2212 2142 2144
f 7962 7961 7971 2213
f 7962 2213 357 2215
f 7971 7961 7972 2086
f 7971 2086 327 3286
f 7971 3286 2208 2213
f 7972 7958 7949 7973
f 7972 7973 2087 2086
f 7972 7961 7959 7958
f 7973 7949 7945 7944
f 7973 7944 7974 2087
f 7974 7944 7940 7939
f 7974 7939 1985 308
f 7974 308 1991 2087
f 7958 7952 7950 7949
f 7948 1997 7975 7976
f 7948 7976 7943 7942
f 7948 7947 1993 1997
f 7976 7975 7977 7978
f 7976 7978 1870 7943
f 7978 7977 7979 7980
f 7978 7980 1871 1870
f 7980 7979 7981 7982
f 7980 7982 1872 1871
f 7982 7981 1893 7929
f 7982 7929 7928 1872
f 7981 7979 7983 7984
f 7981 7984 1888 1893
f 7984 7983 7985 7986
f 7984 7986 1885 1888
f 7986 7985 7987 7988
f 7986 7988 1886 1885
f 7988 7987 7989 7990
f 7988 7990 7991 1886
f 7991 7990 7992 7993
f 7991 7993 1890 1889
f 7991 1889 1887 1886
f 7993 7992 7994 7995
f 7993 7995 1891 1890
f 7995 7994 7996 7997
f 7995 7997 1881 1891
f 7997 7996 7998 7999
f 7997 7999 1875 1881
f 7999 7998 1824 1854
f 7999 1854 1876 1875
f 7998 8000 1823 1824
f 7998 7996 8001 8000
f 8001 8002 1808 8000
f 8001 7996 7994 8003
f 8001 8003 1818 8002
f 8003 7994 7992 8004
f 8003 8004 1815 1818
f 8004 7992 7990 7989
f 8004 7989 1816 1815
f 8002 8005 1809 1808
f 8002 1818 1817 8005
f 8005 1817 1819 8006
f 8005 8006 1810 1809
f 8000 1808 1807 1823
f 7989 7987 8007 1816
f 7987 7985 263 8007
f 7985 7983 1802 263
f 7983 7979 7977 1802
f 7977 7975 1803 1802
f 7975 1997 1996 1803
f 7943 1870 1869 7938
f 7939 7936 7935 1985
f 7935 7933 8008 8009
f 7935 8009 1986 1985
f 8009 8008 8010 8011
f 8009 8011 8012 1986
f 8012 8011 714 711
f 8012 711 710 8013
f 8012 8013 1987 1986
f 8013 3273 1988 1987
f 8013 710 3274 3273
f 8011 8010 8014 714
f 8014 8010 8015 8016
f 8014 8016 8017 8018
f 8014 8018 715 714
f 8018 8017 8019 8020
f 8018 8020 8021 715
f 8021 8020 8022 8023
f 8021 8023 8024 716
f 8021 716 41 715
f 8024 8023 8025 8026
f 8024 8026 2998 2997
f 8024 2997 717 716
f 8026 8025 8027 736
f 8026 736 735 2998
f 8027 8025 8028 8029
f 8027 8029 566 750
f 8027 750 737 736
f 8029 8028 8030 568
f 8029 568 565 566
f 8030 8031 8032 8033
f 8030 8033 567 568
f 8030 8028 8022 8031
f 8033 8032 8034 8035
f 8033 8035 564 567
f 8035 8034 8036 8037
f 8035 8037 556 564
f 8037 8036 8038 8039
f 8037 8039 557 556
f 8039 8038 8040 553
f 8039 553 552 557
f 8040 638 8041 8042
f 8040 8042 554 553
f 8040 8038 639 638
f 8042 8041 8043 8044
f 8042 8044 555 554
f 8044 8043 8045 620
f 8044 620 617 555
f 8045 8046 8047 8048
f 8045 8048 621 620
f 8045 8043 698 8046
f 8048 8047 629 628
f 8048 628 622 621
f 8047 676 674 629
f 8047 8046 678 676
f 8046 698 679 678
f 8043 8041 697 698
f 8041 638 637 697
f 8038 8036 640 639
f 8036 8034 8049 640
f 8049 8050 641 640
f 8049 8034 8032 8051
f 8049 8051 8052 8050
f 8052 8053 7921 8050
f 8052 8051 8019 8017
f 8052 8017 8016 8053
f 8053 7925 7922 7921
f 8053 8016 8015 7925
f 8051 8032 8031 8019
f 8050 7921 642 641
f 8031 8022 8020 8019
f 8028 8025 8023 8022
f 8015 7930 7926 7925
f 8015 8010 8008 7930
f 8008 7933 7931 7930
f 7929 1893 1892 7924
f 7914 7911 7909 7908
f 7914 7908 655 693
f 7914 693 663 662
f 7908 7906 656 655
f 7905 1896 1901 1916
f 7902 7901 599 653
f 7901 8054 600 599
f 7901 7898 7896 8054
f 8054 8055 8056 600
f 8054 7896 7894 8055
f 8056 569 572 585
f 8056 585 587 600
f 8056 8055 47 569
f 8055 7894 753 47
f 7892 7891 8057 754
f 8057 2974 2973 8058
f 8057 8058 751 754
f 8057 7891 521 2974
f 8058 2973 2972 8059
f 8058 8059 752 751
f 8059 2972 8060 8061
f 8059 8061 8062 752
f 8062 8061 8063 8064
f 8062 8064 8065 8066
f 8062 8066 570 752
f 8066 8065 8067 571
f 8066 571 5 570
f 8067 8065 8068 8069
f 8067 8069 8070 586
f 8067 586 572 571
f 8070 8069 743 8071
f 8070 8071 8072 8073
f 8070 8073 8 586
f 8073 8072 618 594
f 8073 594 584 8
f 8072 8071 560 559
f 8072 559 619 618
f 8069 8068 744 743
f 8068 8074 747 744
f 8068 8065 8064 8074
f 8074 8075 8076 747
f 8074 8064 8063 8075
f 8076 8077 8078 8079
f 8076 8079 745 747
f 8076 8075 8080 8077
f 8080 8081 8082 8077
f 8080 8075 8063 8083
f 8080 8083 8084 8081
f 8084 8085 2989 8081
f 8084 8083 8060 8086
f 8084 8086 8087 8085
f 8087 8088 8089 8085
f 8087 8086 2971 2976
f 8087 2976 8090 8088
f 8090 8091 8092 8088
f 8090 2976 2975 2977
f 8090 2977 2981 8091
f 8092 8093 8094 8095
f 8092 8095 8089 8088
f 8092 8091 8096 8093
f 8096 8097 8098 8093
f 8096 8091 2981 8099
f 8096 8099 3302 8097
f 8099 2981 2980 8100
f 8099 8100 3303 3302
f 8100 2980 2979 8101
f 8100 8101 3304 3303
f 8101 2979 7886 8102
f 8101 8102 3306 3304
f 8102 7886 7884 7883
f 8102 7883 3308 3306
f 8098 3295 3293 8103
f 8098 8103 8094 8093
f 8098 8097 3297 3295
f 8103 3293 3291 8104
f 8103 8104 8105 8094
f 8105 8104 8106 8107
f 8105 8107 2992 2991
f 8105 2991 8095 8094
f 8107 8106 8108 8109
f 8107 8109 2993 2992
f 8109 8108 8110 2995
f 8109 2995 2994 2993
f 8110 3283 730 729
f 8110 729 2996 2995
f 8110 8108 3288 3283
f 8108 8106 3289 3288
f 8106 8104 3291 3289
f 8097 3302 3299 3297
f 8095 2991 2990 8089
f 8089 2990 2989 8085
f 8086 8060 2972 2971
f 8083 8063 8061 8060
f 8082 2988 2982 2986
f 8082 2986 8078 8077
f 8082 8081 2989 2988
f 8079 8078 8111 8112
f 8079 8112 746 745
f 8112 8111 8113 8114
f 8112 8114 8115 746
f 8115 8114 8116 748
f 8115 748 562 561
f 8115 561 742 746
f 8116 741 740 8117
f 8116 8117 749 748
f 8116 8114 8113 741
f 8117 740 732 737
f 8117 737 750 749
f 8113 2987 738 741
f 8113 8111 2985 2987
f 8111 8078 2986 2985
f 7891 7889 2978 521
f 7887 7886 2979 2978
f 7883 7881 3310 3308
f 7879 3314 3311 3310
f 7857 3319 3315 3314
f 7852 7788 7785 7783
f 7848 7791 7789 7788
f 7844 7794 7792 7791
f 7840 7797 7795 7794
f 7836 7800 7798 7797
f 7760 3354 3350 3349
f 7760 7758 7757 3354
f 7757 3359 3355 3354
f 7757 7755 8118 3359
f 8118 3364 3360 3359
f 8118 7755 7753 8119
f 8118 8119 8120 3364
f 8120 3368 3365 3364
f 8120 8119 7748 7747
f 8120 7747 3370 3368
f 8119 7753 7749 7748
f 7747 7745 3372 3370
f 7738 3376 3373 3372
f 7727 7707 7705 7704
f 7723 2118 2117 7720
f 7704 3414 3412 3411
f 4992 4935 4931 4930
f 4990 4940 4936 4935
f 4987 4945 4941 4940
f 4985 4950 4946 4945
f 4983 4955 4951 4950
f 4983 4981 8121 4955
f 8121 4960 4956 4955
f 8121 4981 4980 8122
f 8121 8122 8123 4960
f 8123 4965 4961 4960
f 8123 8122 2466 2465
f 8123 2465 2464 4965
f 8122 4980 4974 2466
f 4974 4972 2467 2466
f 4964 4963 2462 2461
f 4963 2455 2454 2462
f 4894 2250 2253 4889
f 4887 2253 2252 2240
f 4862 2264 2262 2261
f 4845 4844 2119 2114
f 4831 4827 2966 2965
f 4817 4816 8124 2970
f 8124 4816 8125 8126
f 8124 8126 4718 4717
f 8124 4717 2968 2970
f 8126 8125 8127 4723
f 8126 4723 4719 4718
f 8127 8125 4811 8128
f 8127 8128 4728 4726
f 8127 4726 4724 4723
f 8128 4811 4807 4806
f 8128 4806 4730 4728
f 8125 4816 4812 4811
f 4806 4802 4732 4730
f 4798 4735 4733 4732
f 4717 4715 2969 2968
f 4702 4700 4699 2891
f 4699 2846 2845 2891
f 4699 4697 4696 2846
f 4682 4681 4619 4618
f 4681 4677 4676 8129
f 4681 8129 4620 4619
f 8129 4676 8130 4625
f 8129 4625 4622 4620
f 8130 4676 4672 4671
f 8130 4671 8131 4628
f 8130 4628 4626 4625
f 8131 4671 4667 4666
f 8131 4666 8132 4631
f 8131 4631 4629 4628
f 8132 4666 4662 4661
f 8132 4661 4639 4637
f 8132 4637 4632 4631
f 4661 4657 4641 4639
f 4618 4614 4612 4611
f 4602 4601 2814 2819
f 4601 8133 2815 2814
f 4601 4599 4502 8133
f 8133 4499 2906 2815
f 8133 4502 4500 4499
f 4597 4596 2813 2812
f 4597 2812 2811 4590
f 4591 4514 4512 4508
f 4590 2811 4586 4585
f 4587 4517 4515 4514
f 4583 4520 4518 4517
f 4573 4528 4524 4522
f 4546 4542 4540 4539
f 4499 4496 4495 2906
f 4495 4493 2909 2908
f 4495 2908 2822 2906
f 4489 4488 2911 2910
f 4488 4484 4483 2914
f 4488 2914 2912 2911
f 4483 4481 4480 2920
f 4483 2920 512 2914
f 4480 4479 2917 2916
f 4480 2916 2915 2920
f 4479 2919 2918 2917
f 4477 2858 2861 2919
f 4477 4476 2859 2858
f 4476 4470 4469 2859
f 4339 2664 2648 454
f 4334 4326 4325 2667
f 4325 2668 458 2667
f 4323 4322 2669 2668
f 4320 4312 4308 4307
f 4246 2879 2886 4241
f 4228 2925 2927 2945
f 4228 2945 2942 4223
f 4228 4227 2923 2925
f 4202 4200 8134 3825
f 8134 3828 3826 3825
f 8134 4200 4198 8135
f 8134 8135 3830 3828
f 8135 4198 4197 8136
f 8135 8136 3832 3830
f 8136 4197 3843 3841
f 8136 3841 3834 3832
f 4195 3846 3844 3843
f 4186 4185 8137 3852
f 8137 3856 3853 3852
f 8137 4185 4181 800
f 8137 800 797 3856
f 4181 4179 801 800
f 3908 3904 2957 2952
f 3907 2903 2905 3903
f 3901 3900 2955 2957
f 3900 3896 3895 8138
f 3900 8138 2956 2955
f 8138 3895 8139 8140
f 8138 8140 8141 2956
f 8141 8140 764 8142
f 8141 8142 8143 8144
f 8141 8144 2953 2956
f 8144 8143 760 759
f 8144 759 2954 2953
f 8143 8142 8145 8146
f 8143 8146 762 760
f 8146 8145 799 798
f 8146 798 804 762
f 8145 763 766 799
f 8145 8142 764 763
f 8140 8139 765 764
f 8139 3895 3891 3890
f 8139 3890 767 765
f 3899 3898 2905 2902
f 3890 3886 768 767
f 3861 796 795 772
f 3860 790 789 3855
f 3857 3856 797 796
f 3802 3801 1936 1935
f 3792 3790 1981 1980
f 3772 3770 2084 2083
f 3770 3768 3767 2084
f 3757 2050 2049 2052
f 3730 3728 2046 2045
f 3725 3724 2042 2046
f 3724 3723 2043 2042
f 3720 3718 2026 2025
f 3718 3716 2027 2026
f 3682 3681 2032 2031
f 3682 2031 1730 1735
f 3681 3680 2033 2032
f 3680 8147 8148 2033
f 3680 3677 3675 8147
f 8148 3523 3521 3520
f 8148 3520 2034 2033
f 8148 8147 3525 3523
f 8147 3675 3674 3525
f 3674 3528 3526 3525
f 3672 3532 3529 3528
f 3668 3667 2354 2353
f 3667 8149 8150 2354
f 3667 3665 3664 8149
f 8150 3556 3555 8151
f 8150 8151 2355 2354
f 8150 8149 3558 3556
f 8151 3555 3549 2358
f 8151 2358 2356 2355
f 8149 3664 3560 3558
f 3664 3662 3562 3560
f 3662 2372 2371 3562
f 3610 3601 1605 1604
f 3599 1590 1589 1605
f 3597 3596 1709 1708
f 3597 1708 8152 3590
f 8152 1708 1707 8153
f 8152 8153 8154 8155
f 8152 8155 3591 3590
f 8155 8154 8156 8157
f 8155 8157 3582 3591
f 8157 8156 8158 3577
f 8157 3577 3576 3582
f 8158 8156 1655 1654
f 8158 1654 1656 3572
f 8158 3572 3571 3577
f 8156 8154 8159 1655
f 8159 8160 1657 1647
f 8159 1647 1646 1655
f 8159 8154 8153 8160
f 8160 1713 8161 1657
f 8160 8153 1707 1713
f 8161 8162 8163 8164
f 8161 8164 1658 1657
f 8161 1713 1712 8162
f 8164 8163 8165 8166
f 8164 8166 1659 1658
f 8166 8165 8167 1661
f 8166 1661 1660 1659
f 8167 8168 8169 8170
f 8167 8170 1662 1661
f 8167 8165 8171 8168
f 8171 1685 8172 8168
f 8171 8165 8163 8173
f 8171 8173 1686 1685
f 8173 8163 8162 8174
f 8173 8174 1689 1686
f 8174 8162 1712 1711
f 8174 1711 8175 1689
f 8175 1696 1687 1689
f 8175 1711 1676 1675
f 8175 1675 1697 1696
f 8172 8176 1693 8177
f 8172 8177 8169 8168
f 8172 1685 1684 8176
f 8177 1693 1692 8178
f 8177 8178 1642 8169
f 8178 1692 1691 8179
f 8178 8179 1643 1642
f 8179 1691 1677 1673
f 8179 1673 1645 1643
f 8176 1699 1694 1693
f 8176 1684 1688 1699
f 8170 8169 1642 1641
f 8170 1641 1644 1662
f 3579 3578 1601 1603
f 3572 1656 2366 3569
f 3549 3545 2359 2358
f 3533 3532 2351 386
f 3520 3516 2035 2034
f 3512 3511 2036 2035
f 3485 2018 2017 3480
f 3447 8180 8181 1772
f 3447 1772 1771 3445
f 3447 1740 1739 8180
f 8181 1745 1750 1753
f 8181 1753 1752 1772
f 8181 8180 1746 1745
f 8180 1739 1744 1746
f 3439 1770 1769 8182
f 3439 8182 3434 3433
f 8182 1769 1773 1775
f 8182 1775 1958 3434
f 3434 1958 1957 3429
f 3380 1956 1955 3375
f 3318 2137 2136 3313
f 3281 8183 2103 3279
f 3281 2088 2085 8184
f 3281 8184 8185 8183
f 8185 8186 8187 8183
f 8185 8184 8188 8189
f 8185 8189 8190 8186
f 8190 8191 8192 8186
f 8190 8189 8193 8194
f 8190 8194 8195 8191
f 8195 3259 8196 8191
f 8195 8194 8197 3262
f 8195 3262 3260 3259
f 8197 8194 8193 8198
f 8197 8198 3269 3265
f 8197 3265 3263 3262
f 8198 8193 8199 8200
f 8198 8200 3271 3269
f 8200 8199 1989 1988
f 8200 1988 3273 3271
f 8199 8193 8189 8188
f 8199 8188 1990 1989
f 8196 2205 2207 8201
f 8196 8201 8192 8191
f 8196 3259 2206 2205
f 8201 2207 8202 8203
f 8201 8203 8204 8192
f 8204 8203 8205 2101
f 8204 2101 2100 8187
f 8204 8187 8186 8192
f 8205 8206 2107 8207
f 8205 8207 2098 2101
f 8205 8203 8202 8206
f 8207 2107 2106 8208
f 8207 8208 2099 2098
f 8208 2106 8209 8210
f 8208 8210 725 2099
f 8210 8209 8211 8212
f 8210 8212 726 725
f 8212 8211 3230 8213
f 8212 8213 727 726
f 8213 3230 3225 3224
f 8213 3224 3223 727
f 8211 3234 3231 3230
f 8211 8209 8214 3234
f 8214 3237 3235 3234
f 8214 8209 2106 2105
f 8214 2105 2109 3237
f 8206 2192 331 2107
f 8206 8202 2193 2192
f 8202 2207 2200 2193
f 8188 8184 2085 1990
f 8187 2100 2103 8183
f 3254 3252 3251 8215
f 3254 8215 2201 2204
f 8215 3251 8216 8217
f 8215 8217 2202 2201
f 8217 8216 2188 2187
f 8217 2187 2197 2202
f 8216 3246 2189 2188
f 8216 3251 3248 3246
f 3233 3145 3141 3140
f 3229 3140 3137 3136
f 3227 3136 3134 3004
f 3191 3172 3169 3168
f 3160 3157 3154 3153
f 3156 3022 3018 3016
f 3156 3020 3019 3022
f 3144 3071 542 3070
f 3144 3070 3073 3139
f 3144 3143 3049 3071
f 3143 3024 3023 3049
f 3134 3132 3002 3004
f 3132 3131 3003 3002
f 3131 3130 3005 3003
f 3125 3123 3031 3030
f 3123 3120 3032 3031
f 3117 3115 3033 3032
f 3115 3113 3034 3033
f 3111 3109 3044 3043
f 3111 3043 3026 3034
f 3109 3078 3069 3044
f 3107 3106 3080 3079
f 3091 3090 3085 3084
f 3072 8218 3046 3045
f 3072 3071 3049 3048
f 3072 3048 3050 8218
f 8218 3068 3052 3046
f 8218 3050 3053 3068
f 3066 3062 3061 3063
f 3063 3061 3054 3058
f 3053 3050 3047 3051
f 3052 3051 3047 3046
f 2997 2996 729 717
f 2994 735 734 2993
f 2987 2984 739 738
f 2984 2983 733 739
f 2963 2962 2933 2932
f 2962 2961 2934 2933
f 2907 2860 498 2821
f 2869 499 502 2874
f 6092 6091 2869 2874
f 2854 2853 2818 2817
f 2844 495 2838 2840
f 2793 2756 2784 2780
f 2790 2787 2761 2760
f 2787 2786 2765 2761
f 2783 1055 8219 2781
f 8219 1039 1038 1040
f 8219 1040 1045 2781
f 8219 1055 1048 1039
f 2777 2773 2772 2749
f 2776 1073 1074 8220
f 2776 8220 2619 2621
f 2776 2621 2622 2774
f 8220 1074 2737 8221
f 8220 8221 2617 2619
f 8221 2737 1064 1068
f 8221 1068 2618 2617
f 2772 2748 2745 2749
f 2752 2751 1061 1063
f 2751 2750 1062 1061
f 2740 2739 2735 2734
f 2730 2726 120 1097
f 2730 2722 2721 2727
f 2729 2717 2713 2725
f 2729 2728 2701 2717
f 2728 2727 2721 2720
f 2728 2720 2697 2701
f 2720 2719 2698 2697
f 2718 2717 2701 2700
f 2712 2709 2629 2628
f 2709 2708 2632 2629
f 2702 2699 1121 1120
f 2696 2695 2685 2680
f 2687 2675 2661 2683
f 2684 2683 2661 2660
f 2675 2674 2662 2661
f 2674 2656 2655 2662
f 2575 8222 2561 2560
f 8222 2390 2564 2561
f 8222 2575 436 2570
f 8223 2383 2382 8224
f 435 2386 392 2383
f 2550 2397 396 2401
f 2526 2525 2441 2440
f 2511 2510 2485 2484
f 2510 2509 2481 8225
f 2510 8225 2489 2485
f 8225 2481 2473 2472
f 8225 2472 2474 2489
f 2509 2508 2459 2481
f 2503 2501 2495 2498
f 2500 2492 2491 2496
f 2462 2454 2457 2458
f 2446 2445 217 1563
f 2445 2444 1569 217
f 2436 2425 2428 2432
f 2436 2435 1559 1558
f 2436 1558 2426 2425
f 2431 2424 8226 8227
f 2431 8227 197 1466
f 8227 8226 2393 2396
f 8227 2396 1467 197
f 8226 2424 2423 8228
f 8226 8228 2394 2393
f 8228 2423 8229 8230
f 8228 8230 2398 2394
f 8230 8229 1585 1584
f 8230 1584 2414 2398
f 8229 2423 2422 1555
f 8229 1555 1554 1585
f 2422 2426 1556 1555
f 2414 1584 1581 1578
f 2402 1607 1606 1624
f 2397 1472 1469 2395
f 2396 2395 1469 1467
f 2392 192 1434 1608
f 2380 1622 1621 2378
f 2379 2378 1621 1620
f 2366 1656 1653 2363
f 2364 2363 1653 1652
f 2325 2316 2315 2318
f 2310 2309 2294 2293
f 2304 2303 2283 2282
f 2266 2265 2221 2220
f 2254 2241 2240 2252
f 2212 2211 2143 2142
f 2202 2197 2198 2199
f 2196 2111 2110 2195
f 2170 2169 2128 2127
f 2169 2139 2129 2128
f 2091 2090 2067 2066
f 2090 2072 2068 2067
f 2068 1970 1969 2062
f 2063 8231 1789 1788
f 2063 2062 1969 8232
f 2063 8232 8233 8231
f 8233 8234 8235 8231
f 8233 8232 1800 1799
f 8233 1799 1801 8234
f 8235 1833 8236 1791
f 8235 1791 1789 8231
f 8235 8234 1834 1833
f 8236 8237 1812 8238
f 8236 8238 1785 1791
f 8236 1833 1828 8237
f 8238 1812 1811 1806
f 8238 1806 1786 1785
f 8237 8239 1813 1812
f 8237 1828 1827 8239
f 8239 1825 1814 1813
f 8239 1827 1829 1825
f 8234 1801 1835 1834
f 8232 1969 1968 1800
f 2031 2030 1731 1730
f 3472 2015 314 2014
f 2009 2008 2002 2001
f 1996 1783 1782 1803
f 1995 1992 1784 1783
f 1968 1967 1795 1800
f 1960 1959 1774 1778
f 1959 1958 1775 1774
f 1947 1756 1942 1917
f 1943 1755 1717 1716
f 1943 1716 1715 1939
f 1943 1942 1756 1755
f 1941 1940 893 892
f 1941 892 1920 1919
f 1938 1937 881 879
f 1926 1923 1403 1406
f 1923 1922 1404 1403
f 1920 892 891 860
f 1914 8240 1906 1908
f 1914 1908 288 1911
f 1914 1913 1846 8240
f 8240 1845 1902 1906
f 8240 1846 273 1845
f 1912 1911 288 1907
f 1904 1838 1837 1899
f 1904 1903 1844 8241
f 1904 8241 1858 1838
f 8241 1844 1843 1856
f 8241 1856 1855 1858
f 1903 1902 1845 1844
f 1901 1900 682 681
f 283 1891 1881 1880
f 1876 1854 1853 1842
f 1863 1860 1859 1857
f 1863 1857 1852 1851
f 1863 1851 1861 1862
f 1862 1861 1826 1836
f 1859 1858 1855 1857
f 1856 1843 1842 1853
f 1836 1826 1825 1829
f 8006 1805 1804 1810
f 8007 1805 8006 1819
f 1819 267 1816 8007
f 1811 1810 1804 1806
f 1760 1751 1753 1750
f 1760 1750 1749 1757
f 1758 1757 1749 1748
f 1700 1695 1698 1697
f 1700 1697 1675 1674
f 1699 1698 1695 1694
f 1663 1644 1635 1638
f 228 3573 3568 1619
f 1556 2426 1558 215
f 1553 1520 1519 1522
f 1525 1524 1456 1455
f 1525 1455 1515 1518
f 1524 1498 1457 1456
f 1515 1455 1454 1513
f 1513 1454 1460 1505
f 203 1491 1458 1457
f 1438 1437 1429 1432
f 1438 1432 1425 1424
f 1437 1436 1430 1429
f 1432 1417 1428 1425
f 1428 1417 1365 1364
f 1428 1364 1363 1426
f 1419 1418 187 1415
f 1418 1367 1366 1416
f 1418 1416 1413 187
f 1348 1343 1331 1333
f 1343 1342 1327 1331
f 1322 915 916 920
f 1262 988 987 992
f 6868 6872 1249 154
f 6869 6868 154 6875
f 1244 1238 1226 152
f 1242 1225 1215 1214
f 1241 1240 1211 1210
f 1234 1209 1205 149
f 1185 1079 1078 1177
f 1178 1177 1078 1077
f 1159 1158 1156 1153
f 1148 1007 962 961
f 1117 1116 1087 117
f 1116 1115 1095 1087
f 479 989 986 985
f 1050 999 8242 1046
f 1050 1026 101 999
f 8242 8243 8244 8245
f 8242 8245 1047 1046
f 8242 999 998 8243
f 8245 8244 1036 1035
f 8245 1035 1037 1047
f 8244 983 982 1036
f 8244 8243 8246 983
f 8246 8247 978 983
f 8246 8243 998 1001
f 8246 1001 967 8247
f 8247 8248 979 978
f 8247 967 966 8248
f 8248 977 974 979
f 8248 966 968 977
f 1048 1047 1037 1039
f 1036 982 981 1033
f 1014 957 962 1006
f 1004 964 963 1000
f 1003 1002 950 949
f 1001 1000 963 967
f 980 979 974 973
f 977 968 971 975
f 976 975 971 970
f 3838 84 927 931
f 934 929 928 578
f 932 895 75 898
f 928 926 579 578
f 922 921 910 912
f 908 8249 884 883
f 908 907 871 8249
f 8249 8250 885 884
f 8249 871 870 8250
f 8250 887 886 885
f 8250 870 869 887
f 899 855 8251 890
f 8251 855 854 863
f 8251 863 861 862
f 8251 862 891 890
f 896 858 67 864
f 891 862 859 860
f 876 829 826 844
f 858 604 603 857
f 857 603 602 707
f 844 826 825 842
f 817 816 810 809
f 814 804 803 812
f 814 807 756 755
f 814 755 762 804
f 813 812 803 802
f 799 766 772 795
f 740 739 733 732
f 708 8252 654 598
f 708 650 8253 8254
f 708 8254 8255 8252
f 8255 8256 8257 8252
f 8255 8254 8258 673
f 8255 673 672 8256
f 8258 8254 8253 636
f 8258 636 634 633
f 8258 633 632 673
f 8257 694 690 658
f 8257 658 654 8252
f 8257 8256 671 694
f 8256 672 668 671
f 8253 650 649 646
f 8253 646 635 636
f 696 665 692 691
f 696 695 670 669
f 696 669 666 665
f 695 694 671 670
f 693 692 665 663
f 674 659 630 629
f 652 597 648 647
f 652 647 646 649
f 648 597 592 593
f 648 593 8259 631
f 8259 593 591 626
f 8259 626 625 8260
f 8259 8260 627 631
f 8260 625 548 547
f 8260 547 622 627
f 626 591 590 623
f 624 623 590 589
f 624 589 588 596
f 624 596 546 549
f 619 559 558 551
f 619 551 550 616
f 617 616 550 555
f 596 595 16 546
f 584 9 10 8
f 560 8071 743 742
f 560 742 561 3
f 558 557 552 551
f 4 46 566 565
f 9 588 589 590
f 21 634 636 635
f 51 779 778 776
f 124 1114 1113 1102
f 143 1175 1176 1174
f 141 1200 1350 1196
f 187 1413 1414 1412
f 228 1617 1618 3573
f 258 1752 1753 1751
f 262 1794 1792 1793
f 263 1804 1805 8007
f 271 1829 1827 1828
f 270 1851 1852 275
f 270 1826 1861 1851
f 283 1889 1890 1891
f 288 1908 1906 1905
f 2121 2125 2126 2122
f 343 2162 2164 2167
f 378 2311 2321 2319
f 410 2452 2453 2456
f 2589 2590 2591 2592
f 463 2689 2690 2691
f 496 2847 2891 2845
f 502 2872 2873 2874
f 503 2886 2879 2880
f 2931 2932 2933 2934
f 3093 3094 3095 3096
f 72 878 1938 879
f 73 884 885 886
f 352 354 2198 2197
f 362 2245 363 2236
f 2915 2916 2917 2918
f 530 3018 3022 3019
f 273 1846 1913 290
f 3051 3052 3068 3053
f 11 588 9 584
f 39 651 22 40
f 336 2127 1966 324
f 2780 483 484 482
f 6338 6336 3816 882
f 882 73 888 6338
f 3840 3839 794 941
f 2569 435 2383 8223
f 7084 7083 7004 7008
f 6082 6081 8262 8261
f 4890 4886 8262 6081
f 8261 8262 4886 4885
f 2178 6082 8261 4885
f 4551 935 84 3840
f 84 3838 3840
f 2388 2390 8222 8263
f 8222 2570 8224 8263
f 8224 2382 2388 8263
f 2611 2610 7010
f 2611 7010 7009
f 2611 7009 7012
f 2611 7012 2626
f 2611 2626 449
f 2611 449 2615
f 2611 2615 7084
f 4474 4472 8265 8264
f 4487 2882 8265 4472
f 4472 4482 4486 4487
f 4472 4478 4481 4482
f 8264 8265 506 2895
f 8265 2882 503 506
f 1257 7073 8267 8266
f 7072 6916 8267 7073
f 8266 8267 6916 6996
f 1252 1257 8266 6996
f 1257 7060 7059 7063
f 1257 7074 7060
f 282 1887 1884 1882
f 2895 4475 4474 8264
f 8268 8272 8273 8274
f 8269 8275 8276 8277
f 8270 8278 8279 8280
f 8271 8281 8282 8283
f 8282 8281 8277 8276
f 8282 8276 8273 8279
f 8282 8279 8278 8283
f 8279 8273 8272 8280
f 8276 8275 8274 8273
f 8284 8285 8286 8287
f 8284 8287 8288 8289
f 8284 8289 8290 8285
f 8290 8289 8291 8292
f 8291 8289 8288 8293
f 8293 8288 8294 8295
f 8294 8288 8287 8296
f 8296 8287 8286 8297
