v 0.413818 -0.362061 -0.493896
v 0.412354 -0.359619 -0.495361
v 0.405029 -0.368408 -0.493896
v 0.406006 -0.366455 -0.495361
v 0.413330 -0.359619 -0.434814
v 0.407471 -0.360596 -0.432373
v 0.404541 -0.366455 -0.436768
v 0.406494 -0.255615 -0.495361
v 0.407959 -0.253174 -0.493896
v 0.407471 -0.255127 -0.434814
v 0.404053 -0.254150 -0.432373
v 0.344971 -0.368408 -0.493896
v 0.343994 -0.366455 -0.495361
v 0.328369 -0.367432 -0.493896
v 0.337158 -0.359619 -0.495361
v 0.328369 -0.365479 -0.496826
v 0.333252 -0.362549 -0.496338
v 0.335693 -0.362061 -0.493896
v 0.335693 -0.361084 -0.493896
v 0.328369 -0.364502 -0.440674
v 0.335205 -0.359619 -0.440674
v 0.347412 -0.365967 -0.437256
v 0.344482 -0.360107 -0.433350
v 0.328369 -0.360107 -0.436768
v 0.338135 -0.359131 -0.435791
v 0.333252 -0.306396 -0.496338
v 0.335693 -0.307373 -0.493896
v 0.328369 -0.303467 -0.496826
v 0.328369 -0.301514 -0.493896
v 0.328857 -0.306885 -0.471436
v 0.334717 -0.300049 -0.471436
v 0.328857 -0.306396 -0.449463
v 0.335205 -0.308350 -0.440674
v 0.334229 -0.299561 -0.449463
v 0.328369 -0.302979 -0.440674
v 0.328857 -0.299561 -0.444092
v 0.343018 -0.255615 -0.495361
v 0.342041 -0.253174 -0.493896
v 0.335693 -0.264404 -0.473877
v 0.341553 -0.257568 -0.473877
v 0.339600 -0.264893 -0.467041
v 0.333252 -0.258057 -0.467041
v 0.339111 -0.264893 -0.445068
v 0.335693 -0.263916 -0.447021
v 0.333252 -0.265381 -0.439697
v 0.333252 -0.258545 -0.444580
v 0.341553 -0.257080 -0.446533
v 0.335693 -0.257080 -0.441162
v 0.328369 -0.306396 -0.436768
v 0.343994 -0.255127 -0.435303
v 0.347412 -0.254150 -0.432861
v 0.234619 -0.367432 -0.496826
v 0.234619 -0.364990 -0.499756
v 0.230225 -0.362061 -0.499756
v 0.227783 -0.361084 -0.496826
v 0.222900 -0.361572 -0.499756
v 0.225342 -0.360596 -0.496826
v 0.236572 -0.363525 -0.443604
v 0.224854 -0.359619 -0.443604
v 0.237061 -0.359131 -0.439697
v 0.229736 -0.358643 -0.443604
v 0.218506 -0.366943 -0.496826
v 0.218018 -0.366943 -0.496826
v 0.218018 -0.364502 -0.499756
v 0.217529 -0.364990 -0.443604
v 0.218018 -0.360596 -0.439697
v 0.142822 -0.367432 -0.492920
v 0.142822 -0.364990 -0.496338
v 0.125244 -0.368408 -0.497803
v 0.126221 -0.367920 -0.497803
v 0.125244 -0.372803 -0.491943
v 0.137939 -0.362061 -0.495850
v 0.135986 -0.361084 -0.492920
v 0.131104 -0.366943 -0.491943
v 0.144775 -0.365967 -0.439697
v 0.137451 -0.360596 -0.439697
v 0.144775 -0.361572 -0.435791
v 0.131104 -0.364502 -0.436279
v 0.239014 -0.303467 -0.497314
v 0.239502 -0.301514 -0.493896
v 0.234619 -0.301514 -0.487061
v 0.237061 -0.300537 -0.484619
v 0.238525 -0.307861 -0.471436
v 0.234131 -0.306396 -0.496826
v 0.232178 -0.307373 -0.493896
v 0.226807 -0.306396 -0.496826
v 0.229248 -0.307373 -0.493896
v 0.231689 -0.304932 -0.487061
v 0.222412 -0.303467 -0.496826
v 0.222412 -0.301514 -0.493896
v 0.230713 -0.307373 -0.484131
v 0.232666 -0.301025 -0.471436
v 0.239014 -0.306885 -0.449463
v 0.236084 -0.300537 -0.447021
v 0.241455 -0.302979 -0.440674
v 0.239502 -0.300537 -0.444092
v 0.230225 -0.306885 -0.447021
v 0.234131 -0.308350 -0.440674
v 0.228760 -0.308350 -0.440674
v 0.233643 -0.300537 -0.449463
v 0.230225 -0.300537 -0.441162
v 0.221924 -0.302979 -0.440674
v 0.238525 -0.266357 -0.475830
v 0.237061 -0.264893 -0.484619
v 0.234619 -0.264404 -0.487061
v 0.236572 -0.254639 -0.490967
v 0.231201 -0.260986 -0.490967
v 0.231689 -0.260986 -0.487061
v 0.231201 -0.258545 -0.484131
v 0.232666 -0.265381 -0.468994
v 0.232666 -0.259521 -0.475830
v 0.239502 -0.265869 -0.448975
v 0.233643 -0.265869 -0.446533
v 0.239014 -0.258545 -0.468506
v 0.236084 -0.265381 -0.447021
v 0.239502 -0.259033 -0.446533
v 0.239502 -0.265381 -0.441162
v 0.239502 -0.259033 -0.443115
v 0.234619 -0.254639 -0.444092
v 0.233643 -0.259033 -0.448975
v 0.230225 -0.259033 -0.446533
v 0.230225 -0.265381 -0.441162
v 0.230225 -0.260010 -0.444092
v 0.230225 -0.255127 -0.440674
v 0.240967 -0.306396 -0.436768
v 0.221924 -0.306396 -0.436768
v 0.170654 -0.304932 -0.486084
v 0.167236 -0.301514 -0.486084
v 0.171143 -0.307373 -0.483643
v 0.165283 -0.300537 -0.483154
v 0.172607 -0.307373 -0.446045
v 0.172607 -0.300537 -0.440186
v 0.163330 -0.307861 -0.462646
v 0.169678 -0.301514 -0.462646
v 0.162842 -0.307373 -0.446045
v 0.169189 -0.301025 -0.446045
v 0.166748 -0.300537 -0.445557
v 0.162842 -0.300537 -0.439697
v 0.142822 -0.303467 -0.496338
v 0.142822 -0.301514 -0.492920
v 0.137939 -0.306396 -0.495850
v 0.135986 -0.307373 -0.492920
v 0.126221 -0.307861 -0.497803
v 0.125244 -0.306885 -0.497803
v 0.131104 -0.308350 -0.491943
v 0.125244 -0.302490 -0.491943
v 0.144775 -0.302979 -0.439697
v 0.137451 -0.308350 -0.439697
v 0.167236 -0.264404 -0.486084
v 0.170654 -0.261475 -0.490479
v 0.170654 -0.260986 -0.486084
v 0.169678 -0.255615 -0.484619
v 0.164795 -0.255127 -0.489990
v 0.165283 -0.264893 -0.483154
v 0.171143 -0.258545 -0.483643
v 0.173096 -0.259033 -0.446045
v 0.173096 -0.265381 -0.440186
v 0.172119 -0.260498 -0.443604
v 0.172119 -0.255615 -0.440186
v 0.169678 -0.264893 -0.462646
v 0.162842 -0.262451 -0.465088
v 0.163330 -0.258057 -0.462646
v 0.169189 -0.265381 -0.446045
v 0.166748 -0.265381 -0.445557
v 0.162842 -0.262451 -0.446533
v 0.162842 -0.259033 -0.446045
v 0.162842 -0.265381 -0.439697
v 0.169678 -0.255615 -0.446533
v 0.167725 -0.255127 -0.443604
v 0.162842 -0.255615 -0.439697
v 0.144775 -0.306396 -0.435791
v 0.131104 -0.309326 -0.436279
v 0.124756 -0.370361 -0.436279
v 0.124756 -0.364502 -0.429932
v 0.001221 -0.368896 -0.491943
v 0.000244 -0.364502 -0.497803
v 0.001709 -0.364502 -0.436279
v 0.001709 -0.359131 -0.429932
v 0.082275 -0.307861 -0.484131
v 0.088623 -0.301514 -0.484131
v 0.092041 -0.307373 -0.462646
v 0.085205 -0.301025 -0.462646
v 0.092529 -0.306885 -0.446045
v 0.081299 -0.306885 -0.446045
v 0.087646 -0.300537 -0.446045
v 0.086182 -0.300537 -0.446045
v 0.092529 -0.300537 -0.439697
v 0.081299 -0.300537 -0.439697
v 0.088135 -0.264893 -0.462646
v 0.091553 -0.258057 -0.462646
v 0.085205 -0.264893 -0.462646
v 0.081787 -0.258057 -0.462646
v 0.087646 -0.265381 -0.446045
v 0.092041 -0.259033 -0.446045
v 0.092529 -0.265381 -0.439697
v 0.085693 -0.265381 -0.446045
v 0.081299 -0.259033 -0.446045
v 0.080811 -0.265381 -0.439697
v 0.124756 -0.307861 -0.429932
v 0.124756 -0.303467 -0.436279
v 0.017334 -0.306885 -0.484131
v 0.000244 -0.306885 -0.497803
v 0.000732 -0.305908 -0.497803
v 0.009033 -0.302490 -0.486084
v 0.010986 -0.300537 -0.486084
v 0.001221 -0.301514 -0.491943
v 0.008057 -0.304932 -0.483643
v 0.010986 -0.301025 -0.484131
v 0.013916 -0.299561 -0.483643
v 0.018311 -0.304932 -0.446045
v 0.018311 -0.299072 -0.439697
v 0.008057 -0.304443 -0.467041
v 0.013428 -0.299072 -0.467041
v 0.011963 -0.299072 -0.446045
v 0.013428 -0.298584 -0.446045
v 0.007568 -0.303467 -0.446045
v 0.007080 -0.298096 -0.440186
v 0.017822 -0.258057 -0.462646
v 0.018311 -0.259033 -0.446045
v 0.018799 -0.265381 -0.439697
v 0.011475 -0.262939 -0.466553
v 0.011475 -0.262939 -0.465088
v 0.011475 -0.264893 -0.462646
v 0.011963 -0.265381 -0.446045
v 0.011475 -0.262939 -0.446533
v 0.010986 -0.256104 -0.446045
v 0.011963 -0.256104 -0.439697
v 0.005127 -0.251709 -0.440186
v 0.001709 -0.305908 -0.429932
v 0.001709 -0.302002 -0.436279
v 0.410400 -0.236572 -0.493896
v 0.408936 -0.233154 -0.495361
v 0.411865 -0.238525 -0.465576
v 0.409912 -0.235107 -0.439209
v 0.403076 -0.248779 -0.495361
v 0.402588 -0.246826 -0.493896
v 0.402100 -0.246338 -0.493896
v 0.405518 -0.241943 -0.495361
v 0.405029 -0.247803 -0.466553
v 0.404541 -0.243408 -0.441162
v 0.406494 -0.236084 -0.436768
v 0.402100 -0.248291 -0.436768
v 0.347900 -0.246338 -0.493896
v 0.346924 -0.248779 -0.495361
v 0.347412 -0.246826 -0.493896
v 0.344482 -0.241943 -0.495361
v 0.345459 -0.247803 -0.466553
v 0.347900 -0.243408 -0.441162
v 0.339111 -0.236572 -0.493896
v 0.340576 -0.233154 -0.495361
v 0.338623 -0.238525 -0.465576
v 0.342041 -0.235107 -0.439209
v 0.349854 -0.248291 -0.437256
v 0.345947 -0.236084 -0.436768
v 0.305420 -0.181885 -0.458740
v 0.312256 -0.174561 -0.458740
v 0.263428 -0.132568 -0.455811
v 0.263428 -0.127686 -0.455811
v 0.300049 -0.176514 -0.400635
v 0.306885 -0.169678 -0.400635
v 0.299561 -0.169189 -0.394287
v 0.286377 -0.164795 -0.395264
v 0.291260 -0.159912 -0.395264
v 0.250244 -0.149170 -0.434814
v 0.250244 -0.148682 -0.392822
v 0.251221 -0.145752 -0.386963
v 0.251221 -0.142334 -0.389404
v 0.251221 -0.147217 -0.382568
v 0.251221 -0.147217 -0.351807
v 0.251221 -0.145752 -0.347412
v 0.251221 -0.142334 -0.345459
v 0.263428 -0.132568 -0.363525
v 0.282471 -0.161377 -0.310303
v 0.286865 -0.156982 -0.310303
v 0.280518 -0.159424 -0.256104
v 0.284912 -0.155029 -0.256104
v 0.410400 -0.105713 -0.493896
v 0.408936 -0.108643 -0.495361
v 0.411865 -0.103760 -0.465576
v 0.409912 -0.107178 -0.439209
v 0.405518 -0.099854 -0.495361
v 0.404541 -0.098389 -0.493896
v 0.398193 -0.095459 -0.494873
v 0.405518 -0.095947 -0.466553
v 0.405029 -0.095459 -0.466553
v 0.404053 -0.099365 -0.441162
v 0.400635 -0.095947 -0.444580
v 0.406982 -0.091064 -0.494873
v 0.410400 -0.085205 -0.494873
v 0.408936 -0.086670 -0.440186
v 0.404541 -0.087646 -0.437744
v 0.406494 -0.106201 -0.436768
v 0.410889 -0.033936 -0.494873
v 0.409424 -0.031982 -0.439697
v 0.407471 -0.027588 -0.494873
v 0.407959 -0.018311 -0.494873
v 0.411377 -0.013916 -0.494873
v 0.410400 -0.014893 -0.446045
v 0.398682 -0.024170 -0.494873
v 0.398193 -0.023193 -0.494873
v 0.401123 -0.024170 -0.444092
v 0.402588 -0.023193 -0.446045
v 0.405029 -0.031494 -0.437256
v 0.403076 -0.014893 -0.437256
v 0.344482 -0.099854 -0.495361
v 0.345459 -0.098389 -0.493896
v 0.349854 -0.095459 -0.494873
v 0.347412 -0.095459 -0.466553
v 0.354248 -0.099365 -0.441162
v 0.351807 -0.095947 -0.444580
v 0.340576 -0.108643 -0.495361
v 0.339111 -0.105713 -0.493408
v 0.340088 -0.095459 -0.494873
v 0.330811 -0.099854 -0.494873
v 0.341553 -0.103760 -0.473877
v 0.335693 -0.097412 -0.473877
v 0.338623 -0.103760 -0.465576
v 0.341064 -0.104248 -0.447021
v 0.342041 -0.107178 -0.439209
v 0.335205 -0.104248 -0.441162
v 0.333740 -0.099854 -0.449951
v 0.335205 -0.097412 -0.447021
v 0.343506 -0.091064 -0.494873
v 0.343506 -0.089111 -0.494873
v 0.339600 -0.085205 -0.494873
v 0.341553 -0.091064 -0.449951
v 0.343506 -0.086670 -0.440186
v 0.334229 -0.091064 -0.441162
v 0.352783 -0.106201 -0.436768
v 0.348389 -0.087646 -0.437256
v 0.281982 -0.099854 -0.494873
v 0.310303 -0.097900 -0.458740
v 0.281982 -0.099854 -0.449951
v 0.275635 -0.095459 -0.494873
v 0.258545 -0.105225 -0.445557
v 0.258545 -0.106201 -0.439209
v 0.259033 -0.100830 -0.452881
v 0.260498 -0.100830 -0.448486
v 0.260986 -0.100830 -0.439697
v 0.303467 -0.091064 -0.458740
v 0.281982 -0.091064 -0.441162
v 0.272217 -0.089111 -0.494873
v 0.274658 -0.091064 -0.449951
v 0.289795 -0.109619 -0.395264
v 0.281982 -0.121826 -0.384521
v 0.305420 -0.103271 -0.400635
v 0.298096 -0.103760 -0.394287
v 0.298096 -0.095947 -0.400635
v 0.284912 -0.104736 -0.395264
v 0.276123 -0.121826 -0.391357
v 0.280029 -0.121826 -0.388916
v 0.251221 -0.116943 -0.390381
v 0.250244 -0.113525 -0.389404
v 0.257080 -0.106201 -0.399658
v 0.257080 -0.104736 -0.392822
v 0.259521 -0.100830 -0.399658
v 0.258545 -0.100830 -0.392822
v 0.250244 -0.109131 -0.387451
v 0.256592 -0.100830 -0.386963
v 0.343994 -0.044189 -0.494873
v 0.352783 -0.036377 -0.444580
v 0.350830 -0.037842 -0.444580
v 0.340576 -0.038330 -0.494873
v 0.339600 -0.033936 -0.494873
v 0.333252 -0.033936 -0.494873
v 0.331299 -0.034424 -0.494873
v 0.342041 -0.042725 -0.449951
v 0.334717 -0.042725 -0.441162
v 0.337646 -0.037842 -0.444580
v 0.343506 -0.031982 -0.439697
v 0.334229 -0.034424 -0.449951
v 0.335693 -0.034424 -0.448486
v 0.335693 -0.036377 -0.444580
v 0.349854 -0.024170 -0.494873
v 0.352295 -0.023193 -0.494873
v 0.346436 -0.021729 -0.494873
v 0.343994 -0.018311 -0.494873
v 0.351807 -0.024170 -0.444092
v 0.344971 -0.023682 -0.444092
v 0.352295 -0.023193 -0.446045
v 0.352783 -0.015381 -0.444580
v 0.344482 -0.014893 -0.445557
v 0.351318 -0.013916 -0.444580
v 0.343506 -0.029053 -0.494873
v 0.343506 -0.027588 -0.494873
v 0.340576 -0.013916 -0.494873
v 0.338623 -0.024658 -0.441650
v 0.337646 -0.013916 -0.444580
v 0.335693 -0.015381 -0.444580
v 0.348389 -0.031494 -0.437256
v 0.358154 -0.056396 -0.385498
v 0.355225 -0.056396 -0.386963
v 0.355225 -0.057861 -0.385498
v 0.352783 -0.036377 -0.384521
v 0.350830 -0.037842 -0.384521
v 0.342041 -0.031494 -0.422119
v 0.342041 -0.032471 -0.421143
v 0.340088 -0.056396 -0.386963
v 0.340088 -0.057861 -0.385498
v 0.340088 -0.057373 -0.385986
v 0.337158 -0.056396 -0.386963
v 0.338623 -0.056885 -0.385498
v 0.337158 -0.057861 -0.385498
v 0.337158 -0.057373 -0.385986
v 0.338623 -0.056396 -0.385986
v 0.316162 -0.056396 -0.386963
v 0.313232 -0.056396 -0.386963
v 0.316162 -0.057861 -0.385498
v 0.316162 -0.057373 -0.385986
v 0.314697 -0.056885 -0.385498
v 0.313232 -0.057861 -0.385498
v 0.313232 -0.057373 -0.385986
v 0.314697 -0.056396 -0.385986
v 0.342041 -0.032471 -0.405518
v 0.342041 -0.031494 -0.404541
v 0.337646 -0.037842 -0.384521
v 0.335693 -0.036377 -0.384521
v 0.351807 -0.014893 -0.437256
v 0.352783 -0.015381 -0.384521
v 0.351318 -0.013916 -0.384521
v 0.342041 -0.020264 -0.422119
v 0.342041 -0.019287 -0.421143
v 0.342041 -0.020264 -0.404541
v 0.342041 -0.019287 -0.405518
v 0.337646 -0.013916 -0.384521
v 0.335693 -0.015381 -0.384521
v 0.286377 -0.033936 -0.494873
v 0.281982 -0.034424 -0.494873
v 0.309326 -0.037842 -0.444580
v 0.310791 -0.036377 -0.444580
v 0.281982 -0.042725 -0.441162
v 0.295654 -0.037842 -0.444580
v 0.293701 -0.036377 -0.444580
v 0.286377 -0.034424 -0.448486
v 0.282471 -0.034424 -0.449951
v 0.272217 -0.044189 -0.494873
v 0.275635 -0.038330 -0.494873
v 0.274658 -0.042725 -0.449951
v 0.282959 -0.024658 -0.441650
v 0.311279 -0.015381 -0.444580
v 0.309326 -0.013916 -0.444580
v 0.295654 -0.013916 -0.444580
v 0.293701 -0.015381 -0.444580
v 0.280029 -0.029053 -0.494873
v 0.276611 -0.021729 -0.494873
v 0.278564 -0.023682 -0.444092
v 0.259033 -0.027588 -0.452881
v 0.260498 -0.027588 -0.448486
v 0.258545 -0.023682 -0.447021
v 0.260986 -0.027588 -0.439697
v 0.263916 -0.017822 -0.447021
v 0.262939 -0.023193 -0.441162
v 0.258545 -0.022217 -0.439209
v 0.264893 -0.017822 -0.442627
v 0.304932 -0.031494 -0.422119
v 0.304932 -0.032471 -0.421143
v 0.298584 -0.056396 -0.386963
v 0.298584 -0.057861 -0.385498
v 0.295166 -0.056396 -0.385498
v 0.304932 -0.032471 -0.405518
v 0.304932 -0.031494 -0.404541
v 0.309326 -0.037842 -0.384521
v 0.310791 -0.036377 -0.384521
v 0.295654 -0.037842 -0.384521
v 0.293701 -0.036377 -0.384521
v 0.304932 -0.020264 -0.422119
v 0.304932 -0.019287 -0.421143
v 0.304932 -0.020264 -0.404541
v 0.304932 -0.019287 -0.405518
v 0.311279 -0.015381 -0.384521
v 0.309326 -0.013916 -0.384521
v 0.295654 -0.013916 -0.384521
v 0.293701 -0.015381 -0.384521
v 0.262939 -0.025146 -0.434814
v 0.265381 -0.017822 -0.435303
v 0.259521 -0.027588 -0.399658
v 0.261963 -0.024170 -0.399170
v 0.258545 -0.027588 -0.392822
v 0.257080 -0.024170 -0.392334
v 0.264404 -0.016846 -0.399170
v 0.261475 -0.021729 -0.392822
v 0.263428 -0.016846 -0.392822
v 0.257568 -0.022217 -0.399658
v 0.256592 -0.027588 -0.386963
v 0.260986 -0.016846 -0.387939
v 0.281982 -0.121826 -0.347900
v 0.250244 -0.113525 -0.344971
v 0.250244 -0.109131 -0.347412
v 0.280029 -0.121826 -0.343506
v 0.276123 -0.121826 -0.341064
v 0.285889 -0.112549 -0.310303
v 0.281494 -0.108154 -0.310303
v 0.282471 -0.116455 -0.256104
v 0.279053 -0.111572 -0.256104
v 0.358154 -0.056396 -0.363525
v 0.355225 -0.057861 -0.363525
v 0.355225 -0.056396 -0.362549
v 0.340088 -0.057861 -0.363525
v 0.340088 -0.057373 -0.363037
v 0.340088 -0.056396 -0.362549
v 0.338623 -0.056885 -0.363525
v 0.337158 -0.057861 -0.363525
v 0.337158 -0.057373 -0.363037
v 0.338623 -0.056396 -0.363037
v 0.337158 -0.056396 -0.362549
v 0.316162 -0.057861 -0.363525
v 0.314697 -0.056885 -0.363525
v 0.313232 -0.057861 -0.363525
v 0.316162 -0.057373 -0.363037
v 0.313232 -0.057373 -0.363037
v 0.316162 -0.056396 -0.362549
v 0.314697 -0.056396 -0.363037
v 0.313232 -0.056396 -0.362061
v 0.298584 -0.057861 -0.363525
v 0.298584 -0.056396 -0.362061
v 0.295166 -0.056396 -0.363525
v 0.272217 -0.031982 -0.281494
v 0.274170 -0.033936 -0.280029
v 0.274658 -0.034424 -0.278076
v 0.275635 -0.031982 -0.278076
v 0.274658 -0.031982 -0.280518
v 0.272217 -0.035400 -0.278076
v 0.272217 -0.034424 -0.280518
v 0.282471 -0.161377 -0.192139
v 0.286865 -0.156494 -0.192139
v 0.274658 -0.146240 -0.169189
v 0.275635 -0.143799 -0.171631
v 0.272705 -0.147705 -0.167725
v 0.260498 -0.148682 -0.169678
v 0.262451 -0.147217 -0.167236
v 0.263916 -0.144775 -0.165771
v 0.250732 -0.147705 -0.167725
v 0.329834 -0.164795 -0.040283
v 0.330322 -0.164795 -0.031494
v 0.332275 -0.162354 -0.042236
v 0.332764 -0.162842 -0.040283
v 0.329834 -0.162842 -0.042725
v 0.334229 -0.159912 -0.040283
v 0.332764 -0.159912 -0.042725
v 0.329834 -0.159912 -0.044678
v 0.333252 -0.162842 -0.031982
v 0.329346 -0.161865 -0.031982
v 0.334717 -0.159912 -0.031982
v 0.333252 -0.159912 -0.031494
v 0.320557 -0.159912 -0.047607
v 0.313721 -0.160400 -0.047607
v 0.324463 -0.164795 -0.041260
v 0.321045 -0.164795 -0.042725
v 0.313721 -0.165283 -0.042725
v 0.324463 -0.163330 -0.044189
v 0.324463 -0.160400 -0.042725
v 0.320557 -0.162842 -0.045654
v 0.323975 -0.159912 -0.045654
v 0.313721 -0.163330 -0.045654
v 0.343018 -0.172119 -0.001709
v 0.330322 -0.164307 -0.030029
v 0.328369 -0.166260 -0.026123
v 0.331299 -0.165771 -0.027100
v 0.334229 -0.162842 -0.028564
v 0.332764 -0.162354 -0.029541
v 0.330322 -0.162842 -0.029053
v 0.335693 -0.159912 -0.029053
v 0.333252 -0.159912 -0.029053
v 0.330322 -0.159912 -0.027100
v 0.338623 -0.165771 -0.005615
v 0.336182 -0.166260 -0.002197
v 0.339600 -0.164307 -0.002197
v 0.340576 -0.162354 -0.010498
v 0.341553 -0.159424 -0.011963
v 0.341064 -0.159424 -0.008057
v 0.341064 -0.161865 -0.007568
v 0.340576 -0.161377 -0.000732
v 0.339111 -0.159424 -0.004639
v 0.324463 -0.164795 -0.030518
v 0.321045 -0.164795 -0.030029
v 0.313721 -0.165283 -0.030029
v 0.324463 -0.162842 -0.027588
v 0.325928 -0.161865 -0.031006
v 0.320557 -0.162842 -0.027100
v 0.323975 -0.159912 -0.026611
v 0.320557 -0.159912 -0.025146
v 0.313721 -0.163330 -0.027100
v 0.313721 -0.159912 -0.025146
v 0.290283 -0.172119 -0.049561
v 0.290283 -0.166748 -0.054932
v 0.293213 -0.170166 -0.049561
v 0.290283 -0.170166 -0.052979
v 0.292725 -0.169678 -0.052490
v 0.293213 -0.166748 -0.052979
v 0.295166 -0.166748 -0.049561
v 0.287842 -0.165283 -0.040283
v 0.293213 -0.159912 -0.040283
v 0.290283 -0.172119 -0.006592
v 0.293213 -0.170166 -0.006592
v 0.295166 -0.166748 -0.006592
v 0.270264 -0.158447 -0.039307
v 0.263428 -0.127197 -0.024658
v 0.283936 -0.117432 -0.192139
v 0.275146 -0.119385 -0.197021
v 0.274170 -0.116943 -0.199463
v 0.280518 -0.111084 -0.192139
v 0.272217 -0.115479 -0.200928
v 0.250244 -0.115967 -0.200928
v 0.262939 -0.116943 -0.165771
v 0.278564 -0.008057 -0.213623
v 0.277100 -0.009033 -0.214600
v 0.277100 -0.009033 -0.213135
v 0.269287 -0.009033 -0.214600
v 0.269287 -0.009033 -0.213135
v 0.274658 -0.034424 -0.155029
v 0.274170 -0.033936 -0.153076
v 0.275635 -0.031982 -0.155029
v 0.274658 -0.031982 -0.152588
v 0.272217 -0.035400 -0.155029
v 0.272217 -0.034424 -0.152588
v 0.272217 -0.031982 -0.151611
v 0.332275 -0.122314 -0.043213
v 0.333740 -0.122314 -0.040771
v 0.329346 -0.122314 -0.045166
v 0.328369 -0.122314 -0.043213
v 0.330811 -0.122314 -0.042236
v 0.331787 -0.122314 -0.040283
v 0.333740 -0.118408 -0.040771
v 0.331299 -0.118408 -0.043213
v 0.329346 -0.118408 -0.045166
v 0.328369 -0.118408 -0.043701
v 0.331787 -0.118408 -0.040283
v 0.334229 -0.122314 -0.032471
v 0.332764 -0.122314 -0.033447
v 0.331787 -0.122314 -0.032959
v 0.330322 -0.122314 -0.031494
v 0.329346 -0.122314 -0.033936
v 0.328369 -0.122314 -0.033936
v 0.334229 -0.118408 -0.032471
v 0.331787 -0.118408 -0.032959
v 0.320557 -0.122314 -0.048096
v 0.320068 -0.118408 -0.048096
v 0.322998 -0.122314 -0.046143
v 0.322021 -0.122314 -0.044678
v 0.323975 -0.122314 -0.042725
v 0.322998 -0.118408 -0.046143
v 0.322021 -0.118408 -0.044678
v 0.323975 -0.118408 -0.042725
v 0.325928 -0.122314 -0.032959
v 0.313232 -0.122314 -0.045654
v 0.313232 -0.118408 -0.045654
v 0.335205 -0.121826 -0.030518
v 0.332764 -0.122314 -0.029541
v 0.331299 -0.122314 -0.030518
v 0.329346 -0.122314 -0.029053
v 0.329834 -0.122314 -0.027588
v 0.332764 -0.118408 -0.029541
v 0.331299 -0.118408 -0.030518
v 0.329834 -0.118408 -0.027588
v 0.328857 -0.118408 -0.029053
v 0.341064 -0.121826 -0.013428
v 0.341064 -0.121826 -0.009033
v 0.338135 -0.121826 -0.012939
v 0.337646 -0.121826 -0.010010
v 0.338135 -0.117920 -0.012939
v 0.337646 -0.117920 -0.010010
v 0.340088 -0.121826 -0.002686
v 0.338623 -0.121826 -0.006104
v 0.340088 -0.117920 -0.002686
v 0.335693 -0.121826 -0.007568
v 0.335693 -0.117920 -0.007568
v 0.346924 -0.089111 -0.004150
v 0.348389 -0.075439 -0.005615
v 0.340088 -0.090088 -0.008057
v 0.342529 -0.083252 -0.002197
v 0.336670 -0.085205 -0.006104
v 0.339600 -0.083252 -0.002197
v 0.337158 -0.081299 -0.007080
v 0.334717 -0.084229 -0.004639
v 0.342529 -0.075439 -0.010498
v 0.291260 -0.119873 -0.054932
v 0.295166 -0.121826 -0.049561
v 0.293701 -0.120361 -0.052490
v 0.293213 -0.118896 -0.049561
v 0.291260 -0.117920 -0.052979
v 0.290283 -0.116943 -0.049561
v 0.292725 -0.114014 -0.040283
v 0.286865 -0.110596 -0.040283
v 0.295166 -0.121826 -0.006592
v 0.293213 -0.118896 -0.006592
v 0.290283 -0.116943 -0.006592
v 0.274658 -0.004150 -0.028076
v 0.273682 -0.006104 -0.025635
v 0.271729 -0.007568 -0.024170
v 0.135010 -0.244873 -0.447510
v 0.139893 -0.239502 -0.447510
v 0.135010 -0.239502 -0.452881
v 0.135010 -0.244873 -0.422119
v 0.139893 -0.239502 -0.422119
v 0.135010 -0.239502 -0.416748
v 0.126709 -0.197510 -0.425537
v 0.126709 -0.201416 -0.421143
v 0.130615 -0.197510 -0.421143
v 0.126709 -0.201416 -0.401123
v 0.130615 -0.197510 -0.401123
v 0.126709 -0.197510 -0.396729
v 0.228760 -0.183350 -0.458740
v 0.221436 -0.176514 -0.458740
v 0.236572 -0.151611 -0.490479
v 0.245850 -0.148682 -0.446533
v 0.245850 -0.149658 -0.442139
v 0.234619 -0.151611 -0.443604
v 0.230225 -0.151611 -0.440674
v 0.233643 -0.178467 -0.398193
v 0.236084 -0.166260 -0.395264
v 0.234131 -0.170654 -0.391846
v 0.226318 -0.171631 -0.398193
v 0.230713 -0.161377 -0.395264
v 0.245850 -0.150635 -0.433838
v 0.245361 -0.150146 -0.395752
v 0.245361 -0.149170 -0.388916
v 0.248291 -0.148193 -0.386963
v 0.245361 -0.147217 -0.383545
v 0.162842 -0.174561 -0.438721
v 0.168701 -0.168213 -0.438721
v 0.137939 -0.165771 -0.447510
v 0.133057 -0.166260 -0.452881
v 0.166260 -0.151611 -0.489990
v 0.173096 -0.151611 -0.440186
v 0.164795 -0.149170 -0.447510
v 0.168701 -0.151611 -0.443115
v 0.164795 -0.150635 -0.443115
v 0.161865 -0.149658 -0.437744
v 0.158936 -0.174561 -0.385986
v 0.165283 -0.168213 -0.385986
v 0.158447 -0.168213 -0.379639
v 0.137939 -0.165771 -0.422119
v 0.133057 -0.166260 -0.416748
v 0.152588 -0.158936 -0.385010
v 0.164795 -0.151123 -0.434814
v 0.164795 -0.150635 -0.396240
v 0.159912 -0.149170 -0.393311
v 0.164795 -0.149658 -0.389404
v 0.157471 -0.154541 -0.385010
v 0.161865 -0.148682 -0.387939
v 0.164795 -0.148193 -0.384033
v 0.129150 -0.144287 -0.421143
v 0.150635 -0.145264 -0.391357
v 0.150635 -0.148682 -0.388916
v 0.150635 -0.150146 -0.384521
v 0.129150 -0.144287 -0.401123
v 0.125244 -0.144287 -0.396729
v 0.238037 -0.162354 -0.310303
v 0.233643 -0.157959 -0.310303
v 0.238525 -0.160400 -0.256104
v 0.234131 -0.156494 -0.256104
v 0.150635 -0.150146 -0.355713
v 0.150635 -0.148682 -0.351318
v 0.150635 -0.145264 -0.348877
v 0.114990 -0.176025 -0.437256
v 0.108154 -0.169678 -0.437256
v 0.114990 -0.176025 -0.384521
v 0.114502 -0.169678 -0.377686
v 0.121826 -0.159912 -0.385010
v 0.108154 -0.169678 -0.384033
v 0.113037 -0.140869 -0.406494
v 0.115967 -0.138428 -0.406494
v 0.115479 -0.132568 -0.406494
v 0.116943 -0.155518 -0.385010
v 0.086182 -0.141846 -0.406494
v 0.081299 -0.141846 -0.406494
v 0.083740 -0.139893 -0.406494
v 0.056885 -0.142822 -0.406494
v 0.051514 -0.142822 -0.406494
v 0.053955 -0.140869 -0.406494
v 0.053955 -0.140381 -0.406494
v 0.053955 -0.136963 -0.406494
v 0.053955 -0.135010 -0.406494
v 0.019775 -0.144287 -0.406494
v 0.016846 -0.141846 -0.406494
v 0.016357 -0.142334 -0.406494
v 0.014404 -0.144287 -0.406494
v 0.016357 -0.138428 -0.406494
v 0.016846 -0.136475 -0.406494
v 0.063721 -0.143311 -0.352783
v 0.063721 -0.141357 -0.352783
v 0.063232 -0.144775 -0.350830
v 0.086670 -0.156006 -0.313721
v 0.086182 -0.151611 -0.313721
v 0.072021 -0.144775 -0.342529
v 0.074463 -0.142822 -0.342529
v 0.074463 -0.141357 -0.342529
v 0.063721 -0.144775 -0.334717
v 0.063721 -0.143311 -0.332764
v 0.063721 -0.141357 -0.332764
v 0.104736 -0.156982 -0.302979
v 0.102783 -0.158447 -0.300049
v 0.095459 -0.160400 -0.305420
v 0.096924 -0.158936 -0.308838
v 0.098877 -0.156494 -0.297607
v 0.086670 -0.160400 -0.311279
v 0.086670 -0.161377 -0.307373
v 0.093506 -0.158447 -0.301514
v 0.086670 -0.159424 -0.303467
v 0.079346 -0.158936 -0.302002
v 0.076416 -0.160400 -0.309326
v 0.077881 -0.161377 -0.305908
v 0.070557 -0.160400 -0.300537
v 0.073975 -0.157959 -0.297607
v 0.068115 -0.158936 -0.302979
v 0.067139 -0.157959 -0.292236
v 0.063721 -0.156494 -0.293701
v 0.089111 -0.160400 -0.278076
v 0.086670 -0.160889 -0.278076
v 0.090576 -0.158936 -0.277100
v 0.091064 -0.157471 -0.276611
v 0.091064 -0.160889 -0.272705
v 0.089111 -0.162354 -0.272705
v 0.086670 -0.162842 -0.272705
v 0.086670 -0.160400 -0.267334
v 0.091064 -0.158447 -0.273193
v 0.091064 -0.157471 -0.269775
v 0.090576 -0.158936 -0.268799
v 0.089111 -0.159912 -0.267822
v 0.084229 -0.160889 -0.278076
v 0.082275 -0.159912 -0.277588
v 0.083252 -0.156494 -0.273682
v 0.081787 -0.157959 -0.276611
v 0.084229 -0.162354 -0.272705
v 0.082275 -0.161377 -0.272705
v 0.084229 -0.160400 -0.267822
v 0.082275 -0.159424 -0.268311
v 0.081787 -0.158936 -0.273193
v 0.081787 -0.157959 -0.269775
v 0.110107 -0.150146 -0.294678
v 0.105713 -0.153076 -0.304932
v 0.104736 -0.148682 -0.304932
v 0.096924 -0.155029 -0.311279
v 0.096436 -0.150635 -0.311279
v 0.096924 -0.151611 -0.297119
v 0.102295 -0.146240 -0.303467
v 0.094971 -0.147705 -0.309326
v 0.098389 -0.146729 -0.300049
v 0.108643 -0.154053 -0.293213
v 0.105713 -0.156006 -0.292236
v 0.103760 -0.153076 -0.283447
v 0.106689 -0.151123 -0.282959
v 0.101318 -0.154541 -0.291260
v 0.098877 -0.150146 -0.292236
v 0.097900 -0.148682 -0.286865
v 0.099854 -0.152100 -0.284912
v 0.094482 -0.151123 -0.285889
v 0.096924 -0.151123 -0.283447
v 0.093994 -0.152100 -0.281494
v 0.108643 -0.146240 -0.295654
v 0.105713 -0.144287 -0.295166
v 0.108154 -0.147217 -0.283447
v 0.106689 -0.143799 -0.284912
v 0.103760 -0.142334 -0.285889
v 0.100830 -0.145264 -0.294189
v 0.099365 -0.144287 -0.287354
v 0.093994 -0.143311 -0.281494
v 0.094482 -0.139404 -0.285889
v 0.095947 -0.139404 -0.283936
v 0.098389 -0.148682 -0.274658
v 0.093994 -0.150635 -0.279541
v 0.096924 -0.151123 -0.276123
v 0.093994 -0.152100 -0.267334
v 0.099365 -0.144775 -0.274658
v 0.098389 -0.141846 -0.276123
v 0.096436 -0.140869 -0.279053
v 0.093994 -0.151123 -0.262939
v 0.096436 -0.150146 -0.264893
v 0.094482 -0.149658 -0.262939
v 0.095947 -0.139404 -0.264893
v 0.094482 -0.139404 -0.262939
v 0.092529 -0.152588 -0.301025
v 0.086182 -0.153076 -0.302002
v 0.080322 -0.153076 -0.300537
v 0.086182 -0.148193 -0.311279
v 0.086182 -0.148193 -0.305908
v 0.093018 -0.147705 -0.304443
v 0.078857 -0.148193 -0.304443
v 0.092529 -0.152588 -0.282959
v 0.088623 -0.155518 -0.281494
v 0.086182 -0.155518 -0.281494
v 0.084229 -0.155518 -0.281494
v 0.079834 -0.153076 -0.282959
v 0.078857 -0.153076 -0.281494
v 0.093018 -0.147217 -0.281982
v 0.078857 -0.148193 -0.281982
v 0.075928 -0.156006 -0.311768
v 0.075928 -0.151611 -0.311768
v 0.076904 -0.148682 -0.309326
v 0.075928 -0.152588 -0.297607
v 0.067139 -0.155029 -0.304932
v 0.067627 -0.150146 -0.305420
v 0.073486 -0.147705 -0.300537
v 0.070068 -0.147705 -0.303955
v 0.071533 -0.156006 -0.291748
v 0.073486 -0.151123 -0.292725
v 0.072510 -0.153564 -0.284912
v 0.077881 -0.151611 -0.285889
v 0.074463 -0.149658 -0.286865
v 0.075439 -0.152100 -0.283447
v 0.068604 -0.154541 -0.283447
v 0.065674 -0.153076 -0.283447
v 0.063721 -0.149170 -0.283936
v 0.071045 -0.146729 -0.294189
v 0.072021 -0.145264 -0.287354
v 0.077881 -0.143799 -0.281982
v 0.063232 -0.148193 -0.295654
v 0.066162 -0.145752 -0.295654
v 0.064697 -0.145752 -0.284912
v 0.068115 -0.143799 -0.286377
v 0.076904 -0.139893 -0.285889
v 0.075439 -0.139893 -0.283936
v 0.090088 -0.154541 -0.280029
v 0.090576 -0.154053 -0.278564
v 0.089600 -0.155518 -0.275635
v 0.089600 -0.156006 -0.273682
v 0.086182 -0.155518 -0.273682
v 0.086182 -0.155029 -0.275146
v 0.089111 -0.153564 -0.277100
v 0.086182 -0.153076 -0.276123
v 0.090088 -0.150146 -0.279053
v 0.089600 -0.149658 -0.280029
v 0.088135 -0.149658 -0.281006
v 0.086182 -0.149658 -0.281006
v 0.086182 -0.150146 -0.277588
v 0.088623 -0.150635 -0.277100
v 0.086182 -0.150635 -0.276611
v 0.086182 -0.150635 -0.273682
v 0.090088 -0.154541 -0.266357
v 0.092529 -0.152588 -0.265869
v 0.090576 -0.154053 -0.267822
v 0.089600 -0.155518 -0.271729
v 0.086182 -0.155029 -0.272217
v 0.089111 -0.153564 -0.270264
v 0.086182 -0.153564 -0.271240
v 0.090088 -0.150146 -0.268311
v 0.088623 -0.150635 -0.269775
v 0.086182 -0.150635 -0.270752
v 0.089600 -0.150146 -0.266846
v 0.088135 -0.149658 -0.266357
v 0.086182 -0.149658 -0.265869
v 0.082275 -0.155029 -0.280518
v 0.083252 -0.156006 -0.275635
v 0.083252 -0.153564 -0.277100
v 0.081787 -0.154541 -0.278564
v 0.083740 -0.150635 -0.277588
v 0.082275 -0.150635 -0.279053
v 0.084229 -0.150146 -0.281006
v 0.082764 -0.150146 -0.280518
v 0.078369 -0.151611 -0.279541
v 0.083252 -0.156006 -0.271729
v 0.083252 -0.154053 -0.270264
v 0.082275 -0.155029 -0.266357
v 0.081787 -0.154541 -0.267822
v 0.080322 -0.153076 -0.265869
v 0.078857 -0.153076 -0.267334
v 0.083740 -0.150635 -0.269775
v 0.082275 -0.150635 -0.268311
v 0.084229 -0.150146 -0.266357
v 0.082764 -0.150146 -0.266846
v 0.085693 -0.147217 -0.280029
v 0.085693 -0.143311 -0.279541
v 0.085693 -0.140869 -0.276123
v 0.085693 -0.148193 -0.271240
v 0.085693 -0.144775 -0.270752
v 0.085693 -0.141357 -0.273193
v 0.088623 -0.155029 -0.264893
v 0.086182 -0.155029 -0.264893
v 0.084229 -0.155029 -0.264893
v 0.078369 -0.151611 -0.262939
v 0.075439 -0.152100 -0.276611
v 0.073486 -0.150146 -0.274658
v 0.072510 -0.146240 -0.274658
v 0.074951 -0.141846 -0.279053
v 0.072998 -0.142822 -0.276611
v 0.075439 -0.152100 -0.265381
v 0.076904 -0.139893 -0.262939
v 0.075439 -0.139893 -0.264893
v 0.062256 -0.152588 -0.295166
v 0.238525 -0.097412 -0.473877
v 0.232666 -0.103760 -0.473389
v 0.239014 -0.104248 -0.440674
v 0.239014 -0.097412 -0.446533
v 0.219971 -0.099854 -0.458740
v 0.233154 -0.104248 -0.446533
v 0.227295 -0.105225 -0.447998
v 0.226807 -0.106689 -0.440674
v 0.226807 -0.093018 -0.458740
v 0.245361 -0.122314 -0.391357
v 0.241455 -0.122314 -0.389404
v 0.249268 -0.116943 -0.385986
v 0.246338 -0.116943 -0.383545
v 0.229736 -0.111084 -0.395264
v 0.234619 -0.106201 -0.395264
v 0.232178 -0.105225 -0.391846
v 0.223877 -0.105713 -0.393799
v 0.224854 -0.104736 -0.398193
v 0.231689 -0.097900 -0.398193
v 0.223877 -0.101807 -0.387939
v 0.164307 -0.118408 -0.443115
v 0.169189 -0.114990 -0.446045
v 0.162354 -0.114990 -0.439209
v 0.166748 -0.096924 -0.438721
v 0.126709 -0.114990 -0.452881
v 0.160400 -0.118408 -0.436279
v 0.158447 -0.117432 -0.390869
v 0.163330 -0.117432 -0.384033
v 0.160400 -0.117432 -0.386475
v 0.163330 -0.096924 -0.385986
v 0.156494 -0.096924 -0.379639
v 0.149658 -0.114990 -0.391357
v 0.156006 -0.113525 -0.385010
v 0.126709 -0.114990 -0.406006
v 0.232666 -0.023682 -0.442627
v 0.224365 -0.023193 -0.447998
v 0.225830 -0.021729 -0.440674
v 0.228760 -0.025146 -0.435791
v 0.229248 -0.024658 -0.399170
v 0.229248 -0.023193 -0.393799
v 0.224365 -0.021729 -0.399170
v 0.223877 -0.022705 -0.393799
v 0.223877 -0.026611 -0.387939
v 0.228760 -0.017822 -0.388428
v 0.245361 -0.122314 -0.341553
v 0.241455 -0.122314 -0.343506
v 0.232666 -0.114014 -0.310303
v 0.237061 -0.109131 -0.310303
v 0.238037 -0.109619 -0.256104
v 0.233154 -0.114502 -0.256104
v 0.149658 -0.115967 -0.348877
v 0.149658 -0.112061 -0.351318
v 0.249268 -0.032471 -0.281494
v 0.249268 -0.035889 -0.278076
v 0.249268 -0.034424 -0.280518
v 0.247803 -0.033936 -0.280029
v 0.247314 -0.034424 -0.278076
v 0.247314 -0.032471 -0.280518
v 0.245850 -0.032471 -0.278076
v 0.106689 -0.098389 -0.437256
v 0.115479 -0.114990 -0.385010
v 0.113037 -0.098389 -0.377686
v 0.106689 -0.098389 -0.384033
v 0.164307 -0.199463 -0.128662
v 0.161377 -0.202393 -0.130127
v 0.164307 -0.190186 -0.139404
v 0.160889 -0.193604 -0.140381
v 0.142822 -0.202881 -0.128174
v 0.142334 -0.194092 -0.138916
v 0.139404 -0.199951 -0.126221
v 0.139404 -0.190674 -0.137451
v 0.239502 -0.162354 -0.192139
v 0.235107 -0.157959 -0.192139
v 0.235596 -0.148682 -0.196533
v 0.237549 -0.149658 -0.194092
v 0.234131 -0.146240 -0.197998
v 0.160400 -0.169678 -0.212646
v 0.160400 -0.166260 -0.216064
v 0.163330 -0.166260 -0.212646
v 0.160400 -0.169678 -0.198975
v 0.163330 -0.166260 -0.198486
v 0.141846 -0.170166 -0.212158
v 0.141846 -0.166748 -0.215576
v 0.151123 -0.158936 -0.204346
v 0.150635 -0.158936 -0.204346
v 0.146240 -0.163330 -0.204834
v 0.148193 -0.159424 -0.208740
v 0.141846 -0.170166 -0.197998
v 0.138428 -0.166748 -0.211670
v 0.138428 -0.166748 -0.197510
v 0.162842 -0.147217 -0.212646
v 0.159912 -0.147217 -0.216064
v 0.162842 -0.147217 -0.198975
v 0.154053 -0.154541 -0.204346
v 0.141357 -0.147705 -0.215576
v 0.137939 -0.147705 -0.211670
v 0.137939 -0.147705 -0.197998
v 0.149658 -0.135010 -0.204346
v 0.147705 -0.135010 -0.208740
v 0.160400 -0.172119 -0.182861
v 0.160400 -0.177490 -0.168213
v 0.163818 -0.174072 -0.167725
v 0.163818 -0.168701 -0.182373
v 0.160889 -0.185303 -0.154053
v 0.163818 -0.181885 -0.153564
v 0.141846 -0.172607 -0.181885
v 0.142334 -0.177979 -0.167236
v 0.138916 -0.174561 -0.166260
v 0.144287 -0.158936 -0.182861
v 0.138428 -0.169189 -0.181396
v 0.139893 -0.163330 -0.184814
v 0.128662 -0.163818 -0.165283
v 0.132568 -0.158936 -0.162842
v 0.142334 -0.185791 -0.153076
v 0.138916 -0.182373 -0.151611
v 0.162842 -0.147217 -0.182861
v 0.162842 -0.147217 -0.167725
v 0.162842 -0.147217 -0.153564
v 0.162842 -0.147217 -0.139893
v 0.162842 -0.147217 -0.128662
v 0.179443 -0.138428 -0.125244
v 0.161865 -0.138916 -0.125244
v 0.137939 -0.147705 -0.181885
v 0.137939 -0.147705 -0.166260
v 0.143311 -0.135010 -0.182861
v 0.131592 -0.135498 -0.162842
v 0.137939 -0.147705 -0.151611
v 0.137939 -0.147705 -0.137939
v 0.137939 -0.147705 -0.126709
v 0.204346 -0.232666 -0.099365
v 0.208740 -0.228760 -0.101318
v 0.213623 -0.225342 -0.094482
v 0.209717 -0.222900 -0.102295
v 0.206787 -0.223389 -0.104736
v 0.197998 -0.230225 -0.117432
v 0.201904 -0.225342 -0.118896
v 0.197510 -0.225342 -0.121826
v 0.197998 -0.230225 -0.098389
v 0.201904 -0.226318 -0.105225
v 0.202393 -0.225342 -0.099365
v 0.197998 -0.225342 -0.093994
v 0.207275 -0.232666 -0.092041
v 0.210205 -0.227783 -0.086670
v 0.213135 -0.222900 -0.089600
v 0.183838 -0.227295 -0.121826
v 0.181885 -0.229248 -0.121826
v 0.181885 -0.227295 -0.123779
v 0.183838 -0.227295 -0.106689
v 0.181885 -0.229248 -0.106201
v 0.164307 -0.229736 -0.121826
v 0.164307 -0.227783 -0.123779
v 0.162354 -0.227783 -0.121826
v 0.165283 -0.222900 -0.109619
v 0.161865 -0.222900 -0.113525
v 0.161865 -0.225830 -0.109619
v 0.164307 -0.229736 -0.101807
v 0.162354 -0.227783 -0.101318
v 0.165283 -0.222900 -0.093994
v 0.166748 -0.234131 -0.082764
v 0.163818 -0.231689 -0.086182
v 0.163330 -0.228271 -0.087158
v 0.161377 -0.231201 -0.081299
v 0.157471 -0.233643 -0.080811
v 0.162842 -0.229736 -0.080811
v 0.156982 -0.230225 -0.084717
v 0.164307 -0.224365 -0.080811
v 0.161865 -0.225830 -0.088135
v 0.159912 -0.226318 -0.085205
v 0.159912 -0.224854 -0.085205
v 0.159424 -0.226318 -0.080811
v 0.169189 -0.234131 -0.076904
v 0.170654 -0.231201 -0.072998
v 0.170654 -0.227783 -0.072021
v 0.157959 -0.234131 -0.073486
v 0.163818 -0.230225 -0.072998
v 0.158936 -0.231201 -0.068604
v 0.166748 -0.226318 -0.071533
v 0.165771 -0.224854 -0.072021
v 0.162842 -0.225830 -0.073486
v 0.162354 -0.226318 -0.067627
v 0.143311 -0.223389 -0.112061
v 0.140869 -0.229248 -0.095459
v 0.143311 -0.226318 -0.108154
v 0.139893 -0.223389 -0.107666
v 0.141357 -0.233643 -0.091064
v 0.143311 -0.226318 -0.088135
v 0.141357 -0.233643 -0.077881
v 0.141357 -0.229248 -0.073486
v 0.139893 -0.223389 -0.088135
v 0.164795 -0.212646 -0.117432
v 0.161377 -0.216064 -0.118896
v 0.143311 -0.216553 -0.116943
v 0.139893 -0.213135 -0.114990
v 0.212158 -0.173096 -0.093994
v 0.207764 -0.173096 -0.102783
v 0.202881 -0.172119 -0.105225
v 0.206299 -0.167725 -0.101807
v 0.210205 -0.167725 -0.093994
v 0.200928 -0.166748 -0.103271
v 0.202393 -0.164795 -0.100342
v 0.211182 -0.172607 -0.089600
v 0.208252 -0.170654 -0.087646
v 0.207764 -0.166748 -0.089600
v 0.206299 -0.164795 -0.092041
v 0.238525 -0.173584 -0.049561
v 0.238525 -0.168213 -0.054932
v 0.238525 -0.171631 -0.052979
v 0.239502 -0.166748 -0.040283
v 0.234131 -0.161377 -0.040283
v 0.238525 -0.173584 -0.006592
v 0.238525 -0.171631 -0.003662
v 0.238525 -0.168213 -0.001709
v 0.157959 -0.176514 -0.086182
v 0.159912 -0.173096 -0.087158
v 0.156494 -0.175049 -0.081299
v 0.164307 -0.176025 -0.070557
v 0.167725 -0.173096 -0.071533
v 0.161377 -0.176514 -0.077393
v 0.159912 -0.176514 -0.072998
v 0.162842 -0.177002 -0.068115
v 0.159424 -0.176514 -0.063721
v 0.156982 -0.176514 -0.065186
v 0.160400 -0.169189 -0.085205
v 0.157471 -0.171143 -0.081299
v 0.161377 -0.167725 -0.083252
v 0.166260 -0.169189 -0.072998
v 0.165283 -0.167725 -0.075439
v 0.160889 -0.171143 -0.073975
v 0.159424 -0.171143 -0.076416
v 0.160400 -0.171631 -0.067627
v 0.156006 -0.176514 -0.083252
v 0.156006 -0.176514 -0.080811
v 0.153076 -0.180420 -0.073975
v 0.154541 -0.180908 -0.065674
v 0.147217 -0.183350 -0.072998
v 0.148193 -0.183838 -0.065674
v 0.154541 -0.176025 -0.074463
v 0.152100 -0.176025 -0.076904
v 0.155518 -0.175537 -0.063232
v 0.147217 -0.178955 -0.077881
v 0.140869 -0.178955 -0.065186
v 0.137451 -0.179932 -0.066650
v 0.135498 -0.182861 -0.066162
v 0.153564 -0.169678 -0.079346
v 0.154053 -0.168213 -0.076416
v 0.155029 -0.168701 -0.067627
v 0.155518 -0.170654 -0.064209
v 0.162842 -0.147217 -0.118408
v 0.162842 -0.147217 -0.114502
v 0.162842 -0.147217 -0.110596
v 0.181396 -0.138428 -0.123291
v 0.181396 -0.138428 -0.109131
v 0.159912 -0.138916 -0.123291
v 0.159912 -0.138916 -0.105225
v 0.137939 -0.147705 -0.116455
v 0.137939 -0.147705 -0.112549
v 0.137939 -0.147705 -0.099365
v 0.139893 -0.146240 -0.062744
v 0.152588 -0.135986 -0.072998
v 0.155518 -0.136475 -0.063232
v 0.148193 -0.135010 -0.075928
v 0.151123 -0.131592 -0.072021
v 0.153076 -0.132080 -0.063232
v 0.145752 -0.129639 -0.071533
v 0.144287 -0.132080 -0.075439
v 0.177002 -0.160400 -0.015381
v 0.170166 -0.164307 -0.015381
v 0.150635 -0.179932 -0.060791
v 0.142334 -0.180420 -0.061279
v 0.142334 -0.180908 -0.052490
v 0.140869 -0.179932 -0.048096
v 0.155029 -0.176514 -0.061279
v 0.135498 -0.185791 -0.061279
v 0.135010 -0.186279 -0.052979
v 0.135498 -0.183838 -0.048096
v 0.145752 -0.165283 -0.015381
v 0.138428 -0.161377 -0.015381
v 0.176025 -0.136475 -0.015381
v 0.147217 -0.148682 -0.057861
v 0.147217 -0.149658 -0.047607
v 0.143799 -0.147705 -0.062256
v 0.146240 -0.144287 -0.056885
v 0.140869 -0.142822 -0.060303
v 0.140869 -0.141357 -0.056885
v 0.146240 -0.144775 -0.047607
v 0.141357 -0.141846 -0.047119
v 0.144287 -0.148682 -0.042725
v 0.141357 -0.143799 -0.043701
v 0.140381 -0.147217 -0.042236
v 0.152100 -0.135986 -0.058838
v 0.148682 -0.135010 -0.057861
v 0.148682 -0.131104 -0.059814
v 0.147705 -0.129639 -0.062256
v 0.152100 -0.147217 -0.015869
v 0.137939 -0.137451 -0.015381
v 0.118408 -0.164795 -0.208252
v 0.117920 -0.160889 -0.212646
v 0.122803 -0.159912 -0.204346
v 0.114014 -0.161377 -0.209717
v 0.114502 -0.164795 -0.193115
v 0.109131 -0.160889 -0.195068
v 0.117920 -0.155518 -0.204346
v 0.115479 -0.136963 -0.213135
v 0.112061 -0.136963 -0.210693
v 0.107178 -0.136963 -0.195557
v 0.072021 -0.144775 -0.235107
v 0.074463 -0.142822 -0.235107
v 0.074463 -0.141357 -0.235107
v 0.063232 -0.144775 -0.243408
v 0.063721 -0.143311 -0.244873
v 0.063721 -0.141357 -0.244873
v 0.063721 -0.144775 -0.226807
v 0.063721 -0.143311 -0.224854
v 0.063721 -0.141357 -0.224854
v 0.106201 -0.164795 -0.178467
v 0.101807 -0.160889 -0.181396
v 0.094971 -0.165283 -0.165771
v 0.113525 -0.164307 -0.148682
v 0.116943 -0.159424 -0.145264
v 0.095459 -0.164795 -0.134521
v 0.097900 -0.160400 -0.130615
v 0.091064 -0.161377 -0.169678
v 0.078369 -0.161865 -0.159912
v 0.081299 -0.165771 -0.155518
v 0.066162 -0.166260 -0.147705
v 0.063721 -0.162354 -0.152588
v 0.113037 -0.140869 -0.166748
v 0.115479 -0.138428 -0.168213
v 0.115479 -0.132568 -0.168213
v 0.099854 -0.136963 -0.182373
v 0.115967 -0.135986 -0.145264
v 0.096924 -0.136475 -0.130615
v 0.089600 -0.137451 -0.170654
v 0.076904 -0.137939 -0.160889
v 0.085693 -0.141846 -0.153564
v 0.083252 -0.140869 -0.152100
v 0.081299 -0.141846 -0.152100
v 0.054443 -0.166748 -0.144775
v 0.050049 -0.164795 -0.145264
v 0.052979 -0.162842 -0.150146
v 0.049561 -0.163818 -0.146729
v 0.049561 -0.160889 -0.146240
v 0.050537 -0.163330 -0.142822
v 0.046143 -0.167236 -0.143799
v 0.045654 -0.163330 -0.148682
v 0.026611 -0.164307 -0.148682
v 0.026611 -0.168213 -0.143799
v 0.019287 -0.164795 -0.150146
v 0.018311 -0.168701 -0.145264
v 0.022217 -0.166260 -0.145264
v 0.022705 -0.164795 -0.146729
v 0.021729 -0.164795 -0.142822
v 0.022217 -0.161865 -0.146240
v 0.008545 -0.164795 -0.153076
v 0.006592 -0.169189 -0.148193
v 0.056885 -0.142822 -0.142334
v 0.051514 -0.142822 -0.139404
v 0.053955 -0.140869 -0.139404
v 0.062256 -0.138428 -0.154053
v 0.051514 -0.138916 -0.151123
v 0.053955 -0.140381 -0.141357
v 0.048584 -0.138916 -0.148193
v 0.053955 -0.135010 -0.141357
v 0.053955 -0.136963 -0.139404
v 0.044678 -0.139404 -0.150146
v 0.019775 -0.144287 -0.139404
v 0.016846 -0.142334 -0.139404
v 0.016846 -0.141846 -0.139404
v 0.007568 -0.141357 -0.154053
v 0.014404 -0.144287 -0.140381
v 0.025635 -0.140381 -0.150146
v 0.018799 -0.140381 -0.151123
v 0.021729 -0.140381 -0.148193
v 0.016846 -0.138428 -0.139404
v 0.016357 -0.136475 -0.139404
v 0.107178 -0.234619 -0.085205
v 0.108643 -0.238037 -0.080811
v 0.102295 -0.235107 -0.081299
v 0.095947 -0.235107 -0.081299
v 0.109131 -0.238037 -0.073486
v 0.103271 -0.235596 -0.073486
v 0.109131 -0.235596 -0.069092
v 0.096924 -0.236084 -0.072998
v 0.103271 -0.229736 -0.085693
v 0.099365 -0.229736 -0.081299
v 0.097412 -0.228760 -0.081787
v 0.105713 -0.231201 -0.068115
v 0.100342 -0.230225 -0.072021
v 0.099365 -0.229736 -0.072510
v 0.095459 -0.231201 -0.067139
v 0.089600 -0.239014 -0.081299
v 0.089111 -0.235596 -0.085693
v 0.090088 -0.239990 -0.073486
v 0.091553 -0.236572 -0.068115
v 0.092529 -0.229736 -0.086182
v 0.091553 -0.187744 -0.067627
v 0.093506 -0.190674 -0.062744
v 0.087158 -0.189209 -0.062744
v 0.075928 -0.190186 -0.064209
v 0.093506 -0.191162 -0.054443
v 0.093506 -0.188721 -0.049561
v 0.087646 -0.189209 -0.053955
v 0.082275 -0.188232 -0.055908
v 0.076416 -0.191162 -0.056396
v 0.077393 -0.189209 -0.051025
v 0.035889 -0.243408 -0.080322
v 0.034424 -0.239502 -0.085205
v 0.035889 -0.243408 -0.072510
v 0.036377 -0.240479 -0.067627
v 0.031982 -0.235596 -0.066650
v 0.016846 -0.243896 -0.080322
v 0.028076 -0.240479 -0.080322
v 0.024658 -0.234619 -0.080811
v 0.023193 -0.239990 -0.081299
v 0.015869 -0.240479 -0.084717
v 0.019287 -0.234619 -0.085693
v 0.017822 -0.244385 -0.072510
v 0.029053 -0.240479 -0.072021
v 0.024658 -0.240479 -0.072998
v 0.027588 -0.234619 -0.072998
v 0.025635 -0.234619 -0.071045
v 0.023682 -0.235596 -0.067627
v 0.019287 -0.240967 -0.067627
v 0.029541 -0.234131 -0.085693
v 0.025146 -0.233643 -0.082275
v 0.026123 -0.195557 -0.062744
v 0.024658 -0.192627 -0.066650
v 0.020752 -0.188721 -0.067139
v 0.016357 -0.188721 -0.064697
v 0.008545 -0.197021 -0.064209
v 0.014404 -0.193604 -0.064697
v 0.010986 -0.189209 -0.069092
v 0.007568 -0.193604 -0.068604
v 0.027100 -0.196533 -0.054443
v 0.027100 -0.194580 -0.050049
v 0.019775 -0.193604 -0.062256
v 0.015869 -0.194580 -0.056396
v 0.016357 -0.189697 -0.062256
v 0.018311 -0.190186 -0.055420
v 0.020264 -0.194580 -0.053955
v 0.023193 -0.191162 -0.048584
v 0.017334 -0.190674 -0.052490
v 0.009521 -0.197998 -0.056396
v 0.010498 -0.195557 -0.051514
v 0.014404 -0.191650 -0.050537
v 0.094482 -0.180908 -0.078369
v 0.099854 -0.179443 -0.081787
v 0.104248 -0.179932 -0.062744
v 0.094971 -0.181396 -0.077393
v 0.100342 -0.182861 -0.063721
v 0.095947 -0.182373 -0.067627
v 0.096436 -0.181885 -0.068115
v 0.102783 -0.173096 -0.067139
v 0.103271 -0.175049 -0.064209
v 0.101318 -0.173096 -0.077881
v 0.093994 -0.176025 -0.068115
v 0.074463 -0.165771 -0.124268
v 0.075928 -0.160889 -0.119873
v 0.089111 -0.179443 -0.082275
v 0.085693 -0.174072 -0.080322
v 0.087646 -0.183838 -0.068115
v 0.092529 -0.181396 -0.063721
v 0.088135 -0.179932 -0.062744
v 0.083740 -0.185303 -0.062744
v 0.081299 -0.187256 -0.064209
v 0.083252 -0.182861 -0.064209
v 0.083252 -0.181396 -0.063721
v 0.078369 -0.183350 -0.068604
v 0.092529 -0.175049 -0.077393
v 0.086182 -0.172119 -0.076904
v 0.087646 -0.172607 -0.067627
v 0.088135 -0.175049 -0.064209
v 0.075439 -0.187256 -0.068115
v 0.074951 -0.137451 -0.119873
v 0.076416 -0.149658 -0.062744
v 0.086182 -0.185791 -0.051025
v 0.089111 -0.185791 -0.049072
v 0.084717 -0.184326 -0.054932
v 0.081299 -0.185303 -0.050049
v 0.084229 -0.183350 -0.053955
v 0.085205 -0.150146 -0.062256
v 0.081787 -0.150635 -0.058838
v 0.080322 -0.151611 -0.057373
v 0.083252 -0.152100 -0.049072
v 0.087158 -0.148193 -0.061768
v 0.085205 -0.145264 -0.056396
v 0.079834 -0.146729 -0.057861
v 0.081299 -0.147705 -0.048584
v 0.086182 -0.153076 -0.042236
v 0.089600 -0.150635 -0.041748
v 0.081787 -0.152588 -0.046631
v 0.079834 -0.152100 -0.044189
v 0.086182 -0.145752 -0.046143
v 0.088623 -0.147217 -0.042725
v 0.074463 -0.144775 -0.057373
v 0.073975 -0.145752 -0.060791
v 0.075439 -0.145752 -0.048096
v 0.075928 -0.151123 -0.043701
v 0.075928 -0.147705 -0.044678
v 0.057861 -0.166748 -0.119873
v 0.049072 -0.167236 -0.118896
v 0.052979 -0.164307 -0.116943
v 0.049561 -0.164795 -0.114990
v 0.058350 -0.161377 -0.114502
v 0.053467 -0.163330 -0.119873
v 0.053467 -0.162354 -0.114990
v 0.053467 -0.160400 -0.115967
v 0.049561 -0.161865 -0.113037
v 0.022705 -0.168213 -0.118896
v 0.017822 -0.164795 -0.119873
v 0.021729 -0.166260 -0.114990
v 0.017822 -0.166260 -0.116943
v 0.017822 -0.164307 -0.114990
v 0.021240 -0.163330 -0.113037
v 0.017334 -0.162354 -0.115967
v 0.013916 -0.168701 -0.119873
v 0.012939 -0.163818 -0.114502
v 0.025635 -0.183350 -0.081787
v 0.022217 -0.185303 -0.079834
v 0.016357 -0.183838 -0.083252
v 0.020264 -0.179443 -0.078857
v 0.024658 -0.185791 -0.070068
v 0.020264 -0.185303 -0.076904
v 0.021240 -0.186279 -0.066650
v 0.021240 -0.185303 -0.065186
v 0.016357 -0.183838 -0.064209
v 0.028076 -0.176514 -0.077881
v 0.030029 -0.178955 -0.063232
v 0.029541 -0.176514 -0.066162
v 0.022217 -0.179443 -0.070068
v 0.016357 -0.178955 -0.065674
v 0.012939 -0.178467 -0.081299
v 0.013428 -0.176514 -0.077881
v 0.015381 -0.176514 -0.068604
v 0.056885 -0.138428 -0.114502
v 0.052490 -0.138428 -0.115479
v 0.048584 -0.138916 -0.113037
v 0.011475 -0.140869 -0.114502
v 0.019775 -0.140381 -0.113037
v 0.015869 -0.140381 -0.115479
v 0.008057 -0.152100 -0.063232
v 0.034912 -0.168213 -0.000732
v 0.031006 -0.183838 -0.061768
v 0.026611 -0.186768 -0.062256
v 0.013428 -0.156982 -0.046143
v 0.030518 -0.170166 -0.000732
v 0.030518 -0.166260 -0.005615
v 0.008057 -0.171143 -0.000732
v 0.008057 -0.167236 -0.005615
v 0.003662 -0.169189 -0.000732
v 0.034424 -0.148682 -0.000732
v 0.016846 -0.153564 -0.061279
v 0.019287 -0.149658 -0.058838
v 0.015869 -0.154541 -0.049561
v 0.019775 -0.148193 -0.055420
v 0.019775 -0.156006 -0.041748
v 0.021240 -0.149658 -0.045654
v 0.021729 -0.151611 -0.042725
v 0.013916 -0.153564 -0.059326
v 0.011963 -0.155518 -0.056396
v 0.013916 -0.151123 -0.055420
v 0.011475 -0.149170 -0.057861
v 0.013428 -0.150146 -0.049072
v 0.004639 -0.148193 -0.060791
v 0.005615 -0.147217 -0.057373
v 0.007080 -0.148193 -0.048096
v 0.011963 -0.154541 -0.044678
v 0.014893 -0.152588 -0.046143
v 0.008057 -0.153564 -0.043701
v 0.007568 -0.150146 -0.045166
v 0.029541 -0.148682 -0.005615
v 0.007080 -0.149658 -0.005615
v 0.002686 -0.150146 -0.000732
v 0.239014 -0.110596 -0.192139
v 0.233643 -0.118408 -0.197998
v 0.234131 -0.115479 -0.192139
v 0.152588 -0.113525 -0.204346
v 0.249268 -0.035889 -0.155029
v 0.249268 -0.034424 -0.152588
v 0.247314 -0.034424 -0.155029
v 0.247803 -0.033936 -0.153076
v 0.247314 -0.032471 -0.152588
v 0.249268 -0.032471 -0.151611
v 0.245850 -0.032471 -0.155029
v 0.195557 -0.105225 -0.119385
v 0.191162 -0.105713 -0.122314
v 0.196045 -0.105225 -0.099365
v 0.191650 -0.105713 -0.093994
v 0.238037 -0.123291 -0.054932
v 0.238037 -0.118408 -0.049561
v 0.238525 -0.111084 -0.040283
v 0.233154 -0.114990 -0.040283
v 0.238037 -0.123291 -0.001709
v 0.238037 -0.118408 -0.006592
v 0.134521 -0.112061 -0.090576
v 0.134521 -0.112061 -0.062256
v 0.249756 -0.008057 -0.024170
v 0.116455 -0.114990 -0.204346
v 0.114502 -0.099365 -0.213135
v 0.110596 -0.099365 -0.210693
v 0.106201 -0.099365 -0.195557
v 0.098389 -0.099854 -0.182373
v 0.088135 -0.099854 -0.170166
v 0.075439 -0.100342 -0.160889
v 0.047119 -0.103760 -0.147217
v 0.060791 -0.100830 -0.153564
v 0.050049 -0.101318 -0.151123
v 0.042725 -0.101807 -0.150146
v 0.023682 -0.102783 -0.150146
v 0.016357 -0.103271 -0.151123
v 0.019775 -0.105225 -0.147217
v 0.005615 -0.103760 -0.154053
v 0.356689 -0.172119 0.014893
v 0.345459 -0.177979 0.005615
v 0.349854 -0.172119 0.002197
v 0.354736 -0.176025 0.021240
v 0.350830 -0.178467 0.018311
v 0.357666 -0.171143 0.019775
v 0.354248 -0.171631 0.025635
v 0.339600 -0.176514 0.001221
v 0.338135 -0.161377 0.002197
v 0.267822 -0.181885 0.062256
v 0.263428 -0.179443 0.059326
v 0.261963 -0.176514 0.060791
v 0.275146 -0.134033 0.062256
v 0.267822 -0.135498 0.058838
v 0.268799 -0.125732 0.060303
v 0.263428 -0.129150 0.061768
v 0.260986 -0.125732 0.056396
v 0.258545 -0.126221 0.059326
v 0.281982 -0.180908 0.091553
v 0.283447 -0.177490 0.079346
v 0.285889 -0.176025 0.086182
v 0.282471 -0.176514 0.092529
v 0.278564 -0.179932 0.069580
v 0.275635 -0.180908 0.068115
v 0.272705 -0.185791 0.075439
v 0.265869 -0.185303 0.071533
v 0.276611 -0.178955 0.070557
v 0.281006 -0.174561 0.072510
v 0.273682 -0.175049 0.072998
v 0.269287 -0.178955 0.066650
v 0.280029 -0.183838 0.085205
v 0.263916 -0.176025 0.065674
v 0.281982 -0.132568 0.070557
v 0.284424 -0.131592 0.077881
v 0.276611 -0.125244 0.075439
v 0.269287 -0.126709 0.066162
v 0.273193 -0.125244 0.071533
v 0.281006 -0.130127 0.083252
v 0.279053 -0.126221 0.081787
v 0.262939 -0.127197 0.063232
v 0.338135 -0.121826 0.000732
v 0.338135 -0.117920 0.000732
v 0.353271 -0.088135 0.007080
v 0.354736 -0.087646 0.013428
v 0.349854 -0.082275 0.011963
v 0.346436 -0.083252 0.010498
v 0.349854 -0.081787 0.010498
v 0.351318 -0.080322 0.012939
v 0.351318 -0.080322 0.015381
v 0.346436 -0.080322 0.010498
v 0.350830 -0.086670 0.018799
v 0.348877 -0.081787 0.016846
v 0.354248 -0.075439 0.008057
v 0.354736 -0.074951 0.013428
v 0.353271 -0.075928 0.016846
v 0.339600 -0.081787 0.000244
v 0.273682 -0.119385 0.056396
v 0.266357 -0.119873 0.052490
v 0.274170 -0.084717 0.058838
v 0.275635 -0.081787 0.055908
v 0.273193 -0.082764 0.053955
v 0.266357 -0.083740 0.048096
v 0.271240 -0.084229 0.056885
v 0.261475 -0.081299 0.044678
v 0.258545 -0.090576 0.051025
v 0.259521 -0.087646 0.048096
v 0.260498 -0.090576 0.055420
v 0.263916 -0.084717 0.051025
v 0.278076 -0.075928 0.058838
v 0.270752 -0.075928 0.058838
v 0.261963 -0.076904 0.051025
v 0.260498 -0.077393 0.048096
v 0.282959 -0.117432 0.067139
v 0.284424 -0.116943 0.070557
v 0.284424 -0.116943 0.074951
v 0.278564 -0.123779 0.071533
v 0.281006 -0.121338 0.075928
v 0.277100 -0.123779 0.075928
v 0.277100 -0.089111 0.062744
v 0.269775 -0.089600 0.063232
v 0.282471 -0.047607 0.062256
v 0.281006 -0.048096 0.059326
v 0.271729 -0.049561 0.048584
v 0.264404 -0.050537 0.044678
v 0.276123 -0.040771 0.061768
v 0.266846 -0.042236 0.050537
v 0.265869 -0.038330 0.054443
v 0.271240 -0.031982 0.051025
v 0.259033 -0.043701 0.047119
v 0.259521 -0.039795 0.055908
v 0.255615 -0.040771 0.052490
v 0.259033 -0.037842 0.050537
v 0.263916 -0.032471 0.047119
v 0.278564 -0.030518 0.060303
v 0.282471 -0.046143 0.066650
v 0.274658 -0.040283 0.067627
v 0.274658 -0.036377 0.064209
v 0.273682 -0.035400 0.069092
v 0.270264 -0.037842 0.064697
v 0.268799 -0.038818 0.063232
v 0.280518 -0.029541 0.065186
v 0.279053 -0.029541 0.069092
v 0.207764 -0.188721 0.124268
v 0.203369 -0.184814 0.119873
v 0.201904 -0.185303 0.123291
v 0.218506 -0.126221 0.124756
v 0.211182 -0.126221 0.124756
v 0.201904 -0.128662 0.109131
v 0.202393 -0.127686 0.115967
v 0.219482 -0.192627 0.140869
v 0.219971 -0.192139 0.148193
v 0.214600 -0.188721 0.131104
v 0.218018 -0.187744 0.134033
v 0.204834 -0.192627 0.130615
v 0.211182 -0.194580 0.141357
v 0.195557 -0.191162 0.127686
v 0.198486 -0.195068 0.136475
v 0.192139 -0.192139 0.130615
v 0.166260 -0.203369 0.215088
v 0.177002 -0.196533 0.218506
v 0.175537 -0.196533 0.211182
v 0.159424 -0.197021 0.198975
v 0.170166 -0.191650 0.199463
v 0.164795 -0.192627 0.197021
v 0.172119 -0.201904 0.221924
v 0.175537 -0.196533 0.223389
v 0.150146 -0.203369 0.204834
v 0.153076 -0.197021 0.197021
v 0.146240 -0.199463 0.199463
v 0.142334 -0.199463 0.201416
v 0.154541 -0.192139 0.190186
v 0.227295 -0.185303 0.140381
v 0.224854 -0.185303 0.135986
v 0.220459 -0.181396 0.136475
v 0.223877 -0.185791 0.148193
v 0.212646 -0.181885 0.136475
v 0.209717 -0.185303 0.125244
v 0.203857 -0.182373 0.127686
v 0.177002 -0.160400 0.148682
v 0.170166 -0.164307 0.156006
v 0.147705 -0.187256 0.183350
v 0.145752 -0.165283 0.179932
v 0.138428 -0.161377 0.187256
v 0.176025 -0.136475 0.148193
v 0.152100 -0.147217 0.166260
v 0.137939 -0.137451 0.187256
v 0.174072 -0.183838 0.201416
v 0.164307 -0.183838 0.203857
v 0.150635 -0.185303 0.196045
v 0.147217 -0.185791 0.190186
v 0.042725 -0.192139 0.029053
v 0.042725 -0.192139 0.052490
v 0.047607 -0.186768 0.029053
v 0.042725 -0.186768 0.023193
v 0.034912 -0.172607 0.024170
v 0.047607 -0.186768 0.052490
v 0.042725 -0.186768 0.058350
v 0.035889 -0.177002 0.059326
v 0.034912 -0.176025 0.056396
v 0.032959 -0.176514 0.054932
v 0.032959 -0.178955 0.059326
v 0.035400 -0.174072 0.054932
v 0.037842 -0.173584 0.059326
v 0.030518 -0.175049 0.024170
v 0.008057 -0.176025 0.024170
v 0.003662 -0.174072 0.024170
v 0.011475 -0.179932 0.058838
v 0.010986 -0.177490 0.054932
v 0.009033 -0.177490 0.055908
v 0.008057 -0.177979 0.058838
v 0.008545 -0.175049 0.054932
v 0.006104 -0.175537 0.058838
v 0.016846 -0.166748 0.060791
v 0.017334 -0.164307 0.061768
v 0.016846 -0.156494 0.061768
v 0.010010 -0.168213 0.054443
v 0.008057 -0.167236 0.052490
v 0.014893 -0.167725 0.058838
v 0.006592 -0.164795 0.051514
v 0.006104 -0.156982 0.051514
v 0.034424 -0.148682 0.024170
v 0.040771 -0.126709 0.023193
v 0.045654 -0.126709 0.029053
v 0.036377 -0.147217 0.059326
v 0.033936 -0.147217 0.054932
v 0.045654 -0.126709 0.052490
v 0.040771 -0.126709 0.058350
v 0.002686 -0.150146 0.024170
v 0.007080 -0.148682 0.054932
v 0.004639 -0.148682 0.058838
v 0.017822 -0.166748 0.106689
v 0.015869 -0.167725 0.108643
v 0.018311 -0.163818 0.105713
v 0.017822 -0.156982 0.105713
v 0.015869 -0.167725 0.116943
v 0.017822 -0.166748 0.119385
v 0.018311 -0.163818 0.120361
v 0.009521 -0.163818 0.109131
v 0.009033 -0.156494 0.109131
v 0.012451 -0.168213 0.112549
v 0.010498 -0.166748 0.110107
v 0.017334 -0.156006 0.120361
v 0.078857 -0.150146 0.144775
v 0.078857 -0.154053 0.150635
v 0.085205 -0.150146 0.150635
v 0.078369 -0.128174 0.144775
v 0.084229 -0.127686 0.150635
v 0.075439 -0.152100 0.233643
v 0.075439 -0.154053 0.236084
v 0.075439 -0.155029 0.239990
v 0.074463 -0.128174 0.233643
v 0.033936 -0.177002 0.149658
v 0.035889 -0.173584 0.149658
v 0.031494 -0.174561 0.152100
v 0.031982 -0.174072 0.152100
v 0.033936 -0.175537 0.152588
v 0.033447 -0.174072 0.154053
v 0.032471 -0.175537 0.153564
v 0.032959 -0.174072 0.154053
v 0.033936 -0.174561 0.156982
v 0.032959 -0.174561 0.165283
v 0.031006 -0.178955 0.149658
v 0.030029 -0.177002 0.153564
v 0.029541 -0.175049 0.151611
v 0.031006 -0.175537 0.154053
v 0.009521 -0.179932 0.148682
v 0.008057 -0.179932 0.155518
v 0.009033 -0.176025 0.151123
v 0.008545 -0.177979 0.152588
v 0.009033 -0.177490 0.153076
v 0.006104 -0.177979 0.148682
v 0.007080 -0.177002 0.151611
v 0.006104 -0.176514 0.152100
v 0.003662 -0.176025 0.155029
v 0.007568 -0.175537 0.150635
v 0.007080 -0.175049 0.150635
v 0.004150 -0.175537 0.148682
v 0.007080 -0.175049 0.153076
v 0.005127 -0.175537 0.152588
v 0.029541 -0.178467 0.156494
v 0.028564 -0.178955 0.164307
v 0.023682 -0.179443 0.176025
v 0.028076 -0.174561 0.178467
v 0.016846 -0.179443 0.187256
v 0.007568 -0.179932 0.159912
v 0.004639 -0.179932 0.168213
v 0.002686 -0.176025 0.158447
v 0.015869 -0.164307 0.170654
v 0.015869 -0.166748 0.172119
v 0.015869 -0.167725 0.175049
v 0.015381 -0.156494 0.170654
v 0.014893 -0.167725 0.182861
v 0.014893 -0.166748 0.185791
v 0.014404 -0.164307 0.187256
v 0.013916 -0.156494 0.187256
v 0.057373 -0.151123 0.144775
v 0.055420 -0.151123 0.144775
v 0.057373 -0.155029 0.150635
v 0.054932 -0.155029 0.150635
v 0.062256 -0.150635 0.150635
v 0.051025 -0.151123 0.150635
v 0.031982 -0.155518 0.150635
v 0.034424 -0.147217 0.149658
v 0.031494 -0.147705 0.152100
v 0.032471 -0.147217 0.154053
v 0.031982 -0.147217 0.154053
v 0.056396 -0.128662 0.144775
v 0.054932 -0.128662 0.144775
v 0.061768 -0.128662 0.150635
v 0.050537 -0.128662 0.150635
v 0.032959 -0.147217 0.156494
v 0.031494 -0.147217 0.165283
v 0.031006 -0.151611 0.144775
v 0.024170 -0.152100 0.150635
v 0.005615 -0.148682 0.150635
v 0.005127 -0.148682 0.153076
v 0.004150 -0.148682 0.152588
v 0.002686 -0.148682 0.148682
v 0.002686 -0.148682 0.154541
v 0.030518 -0.129639 0.144775
v 0.023193 -0.129639 0.150635
v 0.026611 -0.147705 0.178467
v 0.001709 -0.148682 0.158936
v 0.020264 -0.175049 0.189697
v 0.007568 -0.179932 0.196533
v 0.010498 -0.175537 0.199951
v 0.019287 -0.148193 0.189697
v 0.009033 -0.148682 0.199951
v 0.203369 -0.124756 0.107666
v 0.216064 -0.121826 0.120361
v 0.212646 -0.121826 0.117432
v 0.215576 -0.118408 0.119873
v 0.212158 -0.119385 0.117920
v 0.206787 -0.122803 0.111572
v 0.204834 -0.120850 0.113037
v 0.218506 -0.112549 0.122314
v 0.211182 -0.112061 0.123291
v 0.199951 -0.118896 0.109131
v 0.200928 -0.113525 0.115967
v 0.198975 -0.114502 0.112061
v 0.223877 -0.090576 0.123779
v 0.220947 -0.091064 0.119385
v 0.219482 -0.074463 0.117432
v 0.221924 -0.073486 0.121826
v 0.205811 -0.092529 0.109131
v 0.215088 -0.083252 0.122803
v 0.215088 -0.080811 0.121826
v 0.206787 -0.081299 0.123291
v 0.198486 -0.093506 0.107178
v 0.194580 -0.083252 0.108154
v 0.201416 -0.084229 0.113037
v 0.202393 -0.083740 0.111084
v 0.196533 -0.084717 0.114014
v 0.195557 -0.081299 0.118408
v 0.192139 -0.085693 0.110107
v 0.192139 -0.084229 0.110596
v 0.188721 -0.084229 0.113037
v 0.206787 -0.076904 0.106201
v 0.198975 -0.077393 0.103271
v 0.215576 -0.035889 0.109131
v 0.208252 -0.035400 0.110107
v 0.196533 -0.037842 0.098877
v 0.199463 -0.031982 0.096436
v 0.201904 -0.031494 0.097900
v 0.197510 -0.034424 0.094971
v 0.198486 -0.036865 0.102783
v 0.195068 -0.030029 0.093018
v 0.212158 -0.031006 0.105225
v 0.212158 -0.024170 0.106201
v 0.209229 -0.030518 0.102783
v 0.209229 -0.030029 0.103760
v 0.206299 -0.031006 0.101807
v 0.204834 -0.024170 0.106689
v 0.193604 -0.026611 0.093994
v 0.195068 -0.025146 0.099365
v 0.219482 -0.088135 0.131104
v 0.215088 -0.082764 0.130127
v 0.215088 -0.079346 0.129150
v 0.218018 -0.073975 0.128662
v 0.157471 -0.122314 0.185791
v 0.159912 -0.106689 0.178955
v 0.151123 -0.123291 0.183350
v 0.148682 -0.114990 0.186768
v 0.149170 -0.114014 0.186279
v 0.156006 -0.113037 0.183350
v 0.146729 -0.113525 0.178955
v 0.143799 -0.114014 0.181885
v 0.143799 -0.116943 0.184326
v 0.139893 -0.115479 0.186768
v 0.151611 -0.107666 0.174561
v 0.166748 -0.083252 0.180908
v 0.162354 -0.078369 0.176514
v 0.157959 -0.083740 0.182861
v 0.158447 -0.077881 0.174072
v 0.156494 -0.076416 0.175537
v 0.160400 -0.070068 0.177490
v 0.142334 -0.086182 0.169678
v 0.149170 -0.079346 0.168701
v 0.143311 -0.082764 0.163818
v 0.145264 -0.078857 0.168701
v 0.145752 -0.085205 0.175049
v 0.153076 -0.077881 0.173584
v 0.141846 -0.071533 0.172119
v 0.152588 -0.070068 0.179443
v 0.140381 -0.077881 0.164307
v 0.138916 -0.072510 0.167236
v 0.173096 -0.119873 0.197998
v 0.174072 -0.118408 0.204834
v 0.172119 -0.117432 0.209229
v 0.166748 -0.110107 0.195068
v 0.164307 -0.112061 0.199463
v 0.157471 -0.110596 0.199951
v 0.165771 -0.112061 0.207275
v 0.169678 -0.104736 0.189209
v 0.171143 -0.103760 0.194580
v 0.164795 -0.108643 0.201904
v 0.168701 -0.103760 0.200928
v 0.156006 -0.113037 0.194092
v 0.145752 -0.111084 0.192627
v 0.230713 -0.000244 0.162354
v 0.230713 -0.002197 0.167725
v 0.231201 -0.001221 0.170166
v 0.156982 -0.031982 0.169189
v 0.149170 -0.032959 0.165283
v 0.166748 -0.030518 0.178955
v 0.168701 -0.029541 0.184814
v 0.162842 -0.024170 0.182861
v 0.164307 -0.018311 0.182861
v 0.156494 -0.022217 0.185303
v 0.156982 -0.020264 0.185303
v 0.156494 -0.015381 0.166260
v 0.167236 -0.013428 0.177002
v 0.169678 -0.012451 0.181885
v 0.167236 -0.012939 0.187256
v 0.143311 -0.026611 0.167725
v 0.148682 -0.015869 0.162354
v 0.153076 -0.021240 0.171143
v 0.143799 -0.021729 0.166748
v 0.141357 -0.022217 0.169189
v 0.152588 -0.025146 0.172119
v 0.149170 -0.022217 0.178955
v 0.145264 -0.022705 0.175537
v 0.140381 -0.025146 0.170654
v 0.153564 -0.002197 0.160889
v 0.153076 -0.001221 0.163330
v 0.165283 -0.028076 0.190674
v 0.161377 -0.023193 0.190186
v 0.162354 -0.017822 0.187744
v 0.094482 -0.113525 0.233643
v 0.099365 -0.110107 0.239990
v 0.094971 -0.114990 0.246338
v 0.111084 -0.108154 0.249756
v 0.111084 -0.099854 0.247803
v 0.108154 -0.105713 0.245850
v 0.107666 -0.108154 0.247314
v 0.104248 -0.106689 0.243896
v 0.096436 -0.108154 0.237549
v 0.102783 -0.099854 0.249268
v 0.092529 -0.115967 0.240479
v 0.091553 -0.107178 0.232666
v 0.090088 -0.102783 0.235596
v 0.092041 -0.101807 0.240967
v 0.100342 -0.081299 0.240479
v 0.096436 -0.065186 0.233643
v 0.099365 -0.070557 0.242920
v 0.098389 -0.071045 0.249268
v 0.104736 -0.064209 0.238037
v 0.091553 -0.082764 0.236572
v 0.090576 -0.070557 0.238525
v 0.087158 -0.071045 0.241455
v 0.092041 -0.071533 0.244385
v 0.089111 -0.072510 0.243896
v 0.085205 -0.075439 0.238525
v 0.082275 -0.074463 0.240967
v 0.114990 -0.062256 0.247803
v 0.108154 -0.024170 0.233643
v 0.104736 -0.020264 0.229736
v 0.104736 -0.015869 0.228760
v 0.094971 -0.017822 0.222412
v 0.101318 -0.019775 0.227295
v 0.101318 -0.016846 0.226807
v 0.099854 -0.024170 0.234619
v 0.108154 -0.010010 0.231201
v 0.099854 -0.010010 0.232178
v 0.089111 -0.023682 0.216553
v 0.092041 -0.018311 0.218506
v 0.087646 -0.012939 0.218018
v 0.087646 -0.027100 0.220947
v 0.089600 -0.026123 0.226318
v 0.093506 -0.021240 0.220947
v 0.090088 -0.011475 0.223877
v 0.111572 -0.207764 0.273682
v 0.116455 -0.206787 0.276611
v 0.100342 -0.207764 0.263916
v 0.096436 -0.203857 0.272705
v 0.100342 -0.203857 0.274658
v 0.119873 -0.199463 0.279053
v 0.110107 -0.199951 0.280518
v 0.095459 -0.202881 0.256592
v 0.093994 -0.201904 0.263916
v 0.096924 -0.201416 0.270752
v 0.117920 -0.203857 0.288818
v 0.120361 -0.203369 0.292236
v 0.110596 -0.203857 0.281494
v 0.114014 -0.210205 0.296143
v 0.120850 -0.203369 0.300049
v 0.106201 -0.210693 0.290283
v 0.089111 -0.205811 0.273193
v 0.092041 -0.210693 0.280029
v 0.084717 -0.205811 0.274658
v 0.063232 -0.225830 0.366943
v 0.066650 -0.218506 0.358154
v 0.069580 -0.218506 0.361572
v 0.068604 -0.218506 0.370850
v 0.044189 -0.219482 0.338135
v 0.058350 -0.218994 0.351318
v 0.058838 -0.218994 0.352295
v 0.054443 -0.219971 0.349365
v 0.048584 -0.218994 0.345459
v 0.055420 -0.226318 0.361572
v 0.040283 -0.225830 0.352295
v 0.036377 -0.220459 0.344482
v 0.031982 -0.220459 0.346436
v 0.039795 -0.214111 0.330322
v 0.044678 -0.218506 0.343506
v 0.037842 -0.213623 0.338135
v 0.061768 -0.211670 0.355713
v 0.052002 -0.212158 0.356201
v 0.040283 -0.213623 0.344971
v 0.113037 -0.143311 0.265869
v 0.116455 -0.141357 0.274170
v 0.093994 -0.152100 0.261963
v 0.101807 -0.146240 0.256104
v 0.096436 -0.141357 0.258545
v 0.104736 -0.149658 0.273193
v 0.109131 -0.148193 0.273682
v 0.108643 -0.145752 0.280518
v 0.117920 -0.138428 0.275146
v 0.120361 -0.137939 0.278564
v 0.110596 -0.139404 0.267822
v 0.113525 -0.140381 0.280029
v 0.112061 -0.131104 0.280029
v 0.104248 -0.130615 0.275146
v 0.119873 -0.136475 0.286377
v 0.112549 -0.130615 0.283447
v 0.086670 -0.152100 0.257568
v 0.086182 -0.150146 0.255127
v 0.090576 -0.152588 0.263428
v 0.078857 -0.154053 0.255127
v 0.083740 -0.151611 0.260010
v 0.093018 -0.146729 0.252197
v 0.075439 -0.155029 0.264893
v 0.074951 -0.154053 0.268799
v 0.074951 -0.152100 0.271240
v 0.088135 -0.133545 0.255127
v 0.089111 -0.137451 0.258057
v 0.084717 -0.136475 0.260010
v 0.090576 -0.131104 0.265869
v 0.088135 -0.130615 0.267822
v 0.074463 -0.128174 0.271240
v 0.057373 -0.155029 0.255127
v 0.061279 -0.150635 0.255127
v 0.054443 -0.155029 0.255127
v 0.051025 -0.151123 0.255127
v 0.031494 -0.155518 0.255127
v 0.060791 -0.128662 0.255127
v 0.023682 -0.152100 0.255127
v 0.023193 -0.129639 0.255127
v 0.052490 -0.134521 0.327393
v 0.056396 -0.133545 0.329346
v 0.060303 -0.127686 0.331299
v 0.058838 -0.129639 0.340088
v 0.051514 -0.127197 0.332764
v 0.049561 -0.130127 0.340088
v 0.039307 -0.135498 0.315674
v 0.043701 -0.135986 0.321045
v 0.040283 -0.129150 0.323975
v 0.042725 -0.126709 0.321533
v 0.038818 -0.131104 0.314697
v 0.037842 -0.130615 0.318604
v 0.036865 -0.132568 0.322510
v 0.038818 -0.131592 0.329346
v 0.016357 -0.224365 0.423584
v 0.004639 -0.228271 0.420654
v 0.011475 -0.225830 0.419678
v 0.000732 -0.225342 0.407959
v 0.009033 -0.228271 0.426514
v 0.003662 -0.233643 0.426025
v 0.018799 -0.216553 0.426025
v 0.004150 -0.210205 0.420166
v 0.009521 -0.217041 0.426514
v 0.008545 -0.210205 0.426514
v 0.003662 -0.205322 0.427002
v 0.002686 -0.203857 0.430908
v 0.001221 -0.203369 0.437256
v 0.000732 -0.195068 0.417725
v 0.009033 -0.197998 0.429443
v 0.007080 -0.197021 0.423584
v 0.006592 -0.197510 0.438721
v 0.114990 -0.112549 0.255127
v 0.106201 -0.113037 0.255615
v 0.111084 -0.079834 0.250244
v 0.114990 -0.077881 0.258545
v 0.111572 -0.074951 0.264404
v 0.111572 -0.067627 0.254150
v 0.111084 -0.066162 0.260010
v 0.107178 -0.071533 0.254639
v 0.102783 -0.070557 0.253662
v 0.106689 -0.070557 0.261963
v 0.107666 -0.068604 0.256592
v 0.064697 -0.119873 0.332764
v 0.067627 -0.119385 0.336182
v 0.064697 -0.110107 0.333740
v 0.065186 -0.115479 0.342041
v 0.067627 -0.104736 0.326416
v 0.070068 -0.103760 0.330811
v 0.069580 -0.103271 0.333740
v 0.062744 -0.103271 0.341553
v 0.048096 -0.108154 0.311768
v 0.036865 -0.064209 0.301514
v 0.038818 -0.062744 0.306885
v 0.051025 -0.121338 0.322021
v 0.049072 -0.114014 0.325928
v 0.052490 -0.113037 0.322021
v 0.055420 -0.124756 0.334229
v 0.052002 -0.124756 0.331787
v 0.062256 -0.110596 0.335205
v 0.059814 -0.111084 0.337646
v 0.056885 -0.110107 0.343506
v 0.052002 -0.109619 0.335205
v 0.044678 -0.122314 0.318604
v 0.042236 -0.113525 0.316650
v 0.039307 -0.114014 0.319580
v 0.036377 -0.115967 0.319092
v 0.031494 -0.114502 0.321533
v 0.038818 -0.109619 0.326904
v 0.056396 -0.107178 0.316162
v 0.060303 -0.109131 0.340576
v 0.062256 -0.116943 0.347900
v 0.118408 -0.060791 0.253662
v 0.116455 -0.060791 0.259033
v 0.067139 -0.024170 0.307861
v 0.064209 -0.016846 0.312256
v 0.063232 -0.008057 0.304932
v 0.065674 -0.007080 0.308350
v 0.066162 -0.007080 0.311768
v 0.069580 -0.023682 0.312744
v 0.069092 -0.023193 0.315186
v 0.062744 -0.020264 0.322021
v 0.055420 -0.057373 0.305908
v 0.054932 -0.057373 0.309326
v 0.051514 -0.058350 0.303955
v 0.051025 -0.057373 0.307373
v 0.058838 -0.051514 0.308350
v 0.050537 -0.051025 0.309326
v 0.039307 -0.058350 0.292725
v 0.038330 -0.061768 0.296631
v 0.037842 -0.054443 0.295654
v 0.043213 -0.059326 0.297119
v 0.042725 -0.058838 0.301025
v 0.039795 -0.052979 0.300537
v 0.047607 -0.027100 0.293213
v 0.055908 -0.026123 0.297607
v 0.052002 -0.018311 0.301025
v 0.041748 -0.020264 0.295166
v 0.041748 -0.016357 0.303955
v 0.038330 -0.018799 0.297607
v 0.034424 -0.015869 0.299561
v 0.051025 -0.010010 0.295166
v 0.056885 -0.013916 0.312256
v 0.055420 -0.014404 0.311768
v 0.042725 -0.010498 0.291748
v 0.046631 -0.015381 0.305908
v 0.036377 -0.015381 0.297119
v 0.058838 -0.061279 0.313721
v 0.050049 -0.060791 0.315674
v 0.059326 -0.015381 0.319092
v 0.058350 -0.013428 0.313232
v 0.059326 -0.011475 0.316650
v 0.016357 -0.011963 0.365967
v 0.016846 -0.000732 0.361572
v 0.000732 -0.009521 0.351318
v 0.001221 -0.008545 0.351807
v 0.010498 -0.007080 0.358643
v 0.009521 -0.007568 0.359131
v 0.008057 -0.011963 0.367432
v 0.013916 -0.006104 0.360107
v 0.009033 -0.000244 0.362549
v 0.012939 -0.110596 0.393799
v 0.005127 -0.110596 0.393799
v 0.015869 -0.097900 0.387451
v 0.012939 -0.103760 0.385010
v 0.009033 -0.104736 0.383057
v 0.010010 -0.105225 0.387939
v 0.000732 -0.106201 0.375244
v 0.000244 -0.106201 0.378174
v 0.007080 -0.104736 0.385010
v 0.008057 -0.097412 0.388428
v 0.005127 -0.084229 0.390381
v 0.007568 -0.082275 0.395264
v 0.000244 -0.077393 0.387939
v 0.005127 -0.070557 0.385986
v 0.002197 -0.076416 0.391846
v 0.001221 -0.076416 0.393799
v 0.007080 -0.070557 0.391357
v 0.004639 -0.069580 0.400635
v 0.004150 -0.079346 0.407959
v -0.005127 -0.363037 -0.491943
v -0.010986 -0.361572 -0.494873
v -0.008545 -0.360596 -0.491943
v -0.015869 -0.364502 -0.495361
v -0.015869 -0.366943 -0.491943
v -0.016846 -0.363525 -0.438721
v -0.009521 -0.358154 -0.438721
v -0.004639 -0.358643 -0.436279
v -0.016846 -0.359131 -0.434814
v -0.109131 -0.367432 -0.491455
v -0.109131 -0.364990 -0.494385
v -0.120361 -0.367432 -0.488525
v -0.114014 -0.362549 -0.493896
v -0.115967 -0.361572 -0.490967
v -0.107178 -0.364502 -0.437744
v -0.114502 -0.359619 -0.437744
v -0.120850 -0.364502 -0.437744
v -0.120361 -0.312744 -0.488525
v -0.120850 -0.313232 -0.437744
v -0.107178 -0.360107 -0.433838
v -0.005127 -0.307373 -0.491943
v -0.010986 -0.306396 -0.494873
v -0.008545 -0.307373 -0.491943
v -0.015869 -0.303467 -0.495361
v -0.015869 -0.301514 -0.491943
v -0.009521 -0.307373 -0.438721
v -0.016846 -0.302979 -0.438721
v -0.046631 -0.304932 -0.483643
v -0.047119 -0.302979 -0.486084
v -0.049561 -0.300537 -0.486084
v -0.054932 -0.308350 -0.473389
v -0.052490 -0.299561 -0.483643
v -0.049072 -0.302490 -0.473389
v -0.045654 -0.303955 -0.446045
v -0.045654 -0.298584 -0.440186
v -0.052002 -0.299072 -0.466553
v -0.055420 -0.306885 -0.445068
v -0.051514 -0.298584 -0.446045
v -0.049561 -0.301025 -0.445068
v -0.055420 -0.301025 -0.439697
v -0.004639 -0.307373 -0.436279
v -0.016846 -0.305908 -0.434814
v -0.109131 -0.303467 -0.494385
v -0.109131 -0.301514 -0.491455
v -0.114014 -0.306396 -0.493896
v -0.115967 -0.307373 -0.490967
v -0.107178 -0.302979 -0.437744
v -0.114502 -0.308350 -0.437744
v -0.107178 -0.306396 -0.433838
v -0.125244 -0.368408 -0.493896
v -0.126221 -0.368896 -0.493896
v -0.126221 -0.372803 -0.488525
v -0.126709 -0.369873 -0.437744
v -0.174072 -0.314209 -0.493408
v -0.174561 -0.313232 -0.445557
v -0.126709 -0.364502 -0.431396
v -0.125244 -0.312256 -0.493896
v -0.126221 -0.311279 -0.493896
v -0.126221 -0.307373 -0.488525
v -0.128174 -0.309326 -0.473389
v -0.132080 -0.306885 -0.468994
v -0.135010 -0.309814 -0.468994
v -0.134033 -0.303467 -0.473389
v -0.132080 -0.306396 -0.446045
v -0.127686 -0.308350 -0.445068
v -0.126709 -0.308350 -0.437744
v -0.135010 -0.309326 -0.445557
v -0.127686 -0.302490 -0.439697
v -0.132080 -0.302979 -0.443115
v -0.133545 -0.302490 -0.445068
v -0.135010 -0.303467 -0.440186
v -0.167725 -0.307861 -0.493408
v -0.166260 -0.309814 -0.468506
v -0.169678 -0.306885 -0.468506
v -0.166260 -0.309326 -0.445557
v -0.168701 -0.307373 -0.445557
v -0.169678 -0.306396 -0.446045
v -0.166260 -0.303467 -0.440186
v -0.169678 -0.302979 -0.442627
v -0.174561 -0.307373 -0.440186
v -0.178955 -0.261963 -0.441162
v -0.180908 -0.259521 -0.444092
v -0.126709 -0.312256 -0.431396
v -0.172119 -0.268799 -0.413330
v -0.175537 -0.265381 -0.413818
v -0.170166 -0.271240 -0.392334
v -0.173096 -0.268311 -0.398193
v -0.173584 -0.267334 -0.390869
v -0.197021 -0.274170 -0.441162
v -0.198486 -0.271240 -0.444580
v -0.218994 -0.278564 -0.441650
v -0.218994 -0.275635 -0.445068
v -0.240967 -0.274170 -0.442139
v -0.239502 -0.271240 -0.445068
v -0.194092 -0.283447 -0.413330
v -0.194092 -0.282471 -0.398682
v -0.193115 -0.286377 -0.392334
v -0.195068 -0.281494 -0.391357
v -0.219482 -0.283447 -0.414307
v -0.219482 -0.288330 -0.413818
v -0.244873 -0.283447 -0.414307
v -0.219482 -0.291748 -0.392822
v -0.219482 -0.287842 -0.398682
v -0.219971 -0.286865 -0.391846
v -0.244873 -0.282471 -0.399170
v -0.246338 -0.286377 -0.393311
v -0.244873 -0.281982 -0.392334
v -0.195557 -0.278564 -0.413818
v -0.242920 -0.278564 -0.414795
v -0.172119 -0.269775 -0.362061
v -0.172607 -0.269287 -0.328857
v -0.176025 -0.265869 -0.329834
v -0.174561 -0.267822 -0.325928
v -0.175537 -0.266846 -0.308838
v -0.178955 -0.263428 -0.308350
v -0.180908 -0.261963 -0.290771
v -0.182861 -0.260010 -0.287842
v -0.187256 -0.255615 -0.287842
v -0.194092 -0.284424 -0.362549
v -0.194580 -0.283936 -0.329346
v -0.195557 -0.281982 -0.326416
v -0.219971 -0.289795 -0.362549
v -0.246338 -0.284424 -0.363037
v -0.220947 -0.289307 -0.329346
v -0.220947 -0.284424 -0.330811
v -0.220947 -0.286865 -0.326904
v -0.246826 -0.284424 -0.329834
v -0.245850 -0.281982 -0.327393
v -0.196533 -0.279541 -0.330322
v -0.244873 -0.279541 -0.330811
v -0.220947 -0.285889 -0.309814
v -0.196533 -0.281006 -0.309326
v -0.197998 -0.276611 -0.308838
v -0.199463 -0.274170 -0.290771
v -0.200439 -0.271729 -0.287842
v -0.202881 -0.265869 -0.288330
v -0.188232 -0.254150 -0.297607
v -0.188721 -0.254150 -0.290771
v -0.203369 -0.264404 -0.297607
v -0.203857 -0.264404 -0.291260
v -0.220947 -0.281006 -0.309326
v -0.221436 -0.267822 -0.298096
v -0.221436 -0.278564 -0.291260
v -0.221436 -0.276123 -0.288330
v -0.221436 -0.267822 -0.291260
v -0.221436 -0.269775 -0.288330
v -0.245850 -0.281006 -0.309814
v -0.243896 -0.276611 -0.309326
v -0.243408 -0.274658 -0.291748
v -0.239990 -0.266357 -0.288818
v -0.242432 -0.271729 -0.288818
v -0.239014 -0.264404 -0.298096
v -0.239014 -0.264404 -0.291748
v -0.227295 -0.440674 -0.039795
v -0.226807 -0.455811 -0.000244
v -0.220459 -0.446045 -0.019287
v -0.226807 -0.449951 -0.020752
v -0.221436 -0.408936 -0.066650
v -0.227783 -0.411865 -0.069580
v -0.228271 -0.393311 -0.078857
v -0.221924 -0.391357 -0.075928
v -0.221924 -0.385498 -0.065186
v -0.220947 -0.424561 -0.054443
v -0.227295 -0.427490 -0.056885
v -0.220947 -0.436768 -0.037842
v -0.221436 -0.414307 -0.045166
v -0.226318 -0.410400 -0.041748
v -0.231689 -0.408936 -0.040283
v -0.220947 -0.425049 -0.031006
v -0.220947 -0.432861 -0.014893
v -0.226318 -0.427979 -0.013428
v -0.231201 -0.426025 -0.012451
v -0.226318 -0.420654 -0.028564
v -0.231689 -0.418701 -0.027100
v -0.221436 -0.400635 -0.056885
v -0.226807 -0.397705 -0.052490
v -0.232178 -0.396729 -0.050537
v -0.227295 -0.383545 -0.060303
v -0.232178 -0.382568 -0.058350
v -0.056396 -0.251221 -0.072998
v -0.058350 -0.251221 -0.065674
v -0.113037 -0.250244 -0.109619
v -0.115967 -0.252686 -0.094482
v -0.116455 -0.255615 -0.090576
v -0.113037 -0.250244 -0.090088
v -0.121826 -0.252686 -0.092041
v -0.118408 -0.255615 -0.083252
v -0.119873 -0.252197 -0.079346
v -0.123779 -0.252686 -0.084717
v -0.222412 -0.371826 -0.081787
v -0.228760 -0.372803 -0.084717
v -0.222412 -0.368408 -0.070557
v -0.227295 -0.367432 -0.065674
v -0.232666 -0.366943 -0.063232
v -0.222900 -0.350830 -0.084229
v -0.229248 -0.351318 -0.087646
v -0.222900 -0.350830 -0.072998
v -0.227783 -0.350342 -0.067627
v -0.233154 -0.350342 -0.065674
v -0.223389 -0.329834 -0.083740
v -0.229736 -0.329346 -0.087158
v -0.223389 -0.332275 -0.072510
v -0.228271 -0.333252 -0.067139
v -0.233643 -0.333740 -0.065186
v -0.223389 -0.314697 -0.068604
v -0.228760 -0.316650 -0.063721
v -0.233643 -0.317627 -0.061768
v -0.223877 -0.309326 -0.079834
v -0.230225 -0.307861 -0.083252
v -0.224365 -0.290771 -0.072510
v -0.230713 -0.288330 -0.075928
v -0.231201 -0.271240 -0.064697
v -0.223877 -0.298096 -0.061768
v -0.228760 -0.301025 -0.057373
v -0.234131 -0.302490 -0.055420
v -0.224365 -0.283936 -0.052002
v -0.229248 -0.287354 -0.048096
v -0.234619 -0.289307 -0.046143
v -0.224365 -0.274170 -0.061768
v -0.229736 -0.276123 -0.035400
v -0.224854 -0.271729 -0.038818
v -0.234619 -0.278076 -0.033936
v -0.231689 -0.256592 -0.049072
v -0.224854 -0.260010 -0.046631
v -0.229736 -0.267334 -0.021240
v -0.235107 -0.269775 -0.020264
v -0.224854 -0.262451 -0.023193
v -0.230225 -0.261963 -0.005615
v -0.224854 -0.256592 -0.006592
v -0.235107 -0.264404 -0.004639
v -0.250732 -0.367432 -0.489014
v -0.250732 -0.364502 -0.493896
v -0.252197 -0.363525 -0.493896
v -0.256592 -0.362549 -0.489014
v -0.263428 -0.363525 -0.492432
v -0.263428 -0.365479 -0.489502
v -0.259033 -0.359619 -0.491943
v -0.256592 -0.359131 -0.489502
v -0.250732 -0.364014 -0.441162
v -0.264404 -0.364502 -0.444092
v -0.257568 -0.358154 -0.444092
v -0.256592 -0.359131 -0.441162
v -0.263916 -0.358154 -0.438232
v -0.308350 -0.364014 -0.492432
v -0.308350 -0.365967 -0.489502
v -0.307861 -0.364502 -0.444092
v -0.308350 -0.358643 -0.438232
v -0.252686 -0.320557 -0.489502
v -0.252686 -0.314209 -0.493408
v -0.254639 -0.319580 -0.491943
v -0.256592 -0.312744 -0.489014
v -0.258545 -0.316162 -0.492432
v -0.258057 -0.314209 -0.489502
v -0.252686 -0.313232 -0.473877
v -0.258545 -0.319092 -0.473877
v -0.253662 -0.321045 -0.444092
v -0.260010 -0.321045 -0.438232
v -0.252197 -0.313721 -0.445557
v -0.253174 -0.312744 -0.445557
v -0.256592 -0.313721 -0.441162
v -0.259033 -0.318604 -0.445557
v -0.259033 -0.315186 -0.444092
v -0.259033 -0.312744 -0.440186
v -0.250732 -0.359619 -0.435791
v -0.250732 -0.312744 -0.435791
v -0.320068 -0.371826 -0.490479
v -0.316650 -0.367920 -0.490479
v -0.321045 -0.374268 -0.487061
v -0.314697 -0.366943 -0.487061
v -0.313232 -0.360107 -0.491943
v -0.315186 -0.359619 -0.489502
v -0.322021 -0.373291 -0.441162
v -0.315186 -0.366455 -0.441162
v -0.314697 -0.358643 -0.444092
v -0.368896 -0.372314 -0.490479
v -0.367920 -0.374756 -0.487061
v -0.372314 -0.368896 -0.490479
v -0.374756 -0.367920 -0.487061
v -0.367432 -0.374268 -0.441162
v -0.373779 -0.367432 -0.441162
v -0.320068 -0.320557 -0.489502
v -0.314209 -0.316162 -0.492432
v -0.317627 -0.319580 -0.491943
v -0.314209 -0.314209 -0.489502
v -0.320068 -0.319092 -0.473877
v -0.325928 -0.313232 -0.473877
v -0.312744 -0.321045 -0.438232
v -0.319092 -0.321045 -0.444092
v -0.319580 -0.318604 -0.445557
v -0.313721 -0.315186 -0.444092
v -0.319580 -0.312744 -0.440186
v -0.325439 -0.312744 -0.445068
v -0.320068 -0.367920 -0.433350
v -0.368896 -0.368896 -0.433350
v -0.250732 -0.311279 -0.493896
v -0.252197 -0.312256 -0.493896
v -0.250732 -0.307861 -0.489014
v -0.259033 -0.308350 -0.493408
v -0.250732 -0.309326 -0.441162
v -0.252197 -0.307373 -0.440186
v -0.258057 -0.307373 -0.445557
v -0.283936 -0.289307 -0.438232
v -0.285400 -0.291260 -0.438721
v -0.285400 -0.291260 -0.438232
v -0.287354 -0.291748 -0.438232
v -0.257080 -0.260010 -0.445557
v -0.259033 -0.261963 -0.442139
v -0.311279 -0.251221 -0.487061
v -0.312256 -0.250732 -0.441162
v -0.306396 -0.298096 -0.425049
v -0.308350 -0.298584 -0.425537
v -0.308350 -0.298584 -0.424561
v -0.310303 -0.298096 -0.424561
v -0.286377 -0.289795 -0.433350
v -0.290283 -0.291748 -0.436768
v -0.289307 -0.291260 -0.433838
v -0.294678 -0.289795 -0.430908
v -0.283936 -0.287354 -0.434326
v -0.282959 -0.286865 -0.437256
v -0.283936 -0.281982 -0.431396
v -0.288818 -0.286377 -0.429443
v -0.297119 -0.290283 -0.434814
v -0.303955 -0.296143 -0.424561
v -0.300049 -0.290771 -0.423584
v -0.297119 -0.281494 -0.422607
v -0.301514 -0.284424 -0.427490
v -0.304932 -0.285400 -0.432373
v -0.301514 -0.291260 -0.419678
v -0.304932 -0.295654 -0.421143
v -0.308350 -0.295654 -0.419678
v -0.311768 -0.295654 -0.420166
v -0.307861 -0.291748 -0.416748
v -0.299072 -0.281982 -0.417236
v -0.308350 -0.282471 -0.413818
v -0.278076 -0.266846 -0.425537
v -0.266846 -0.268799 -0.414795
v -0.262939 -0.265381 -0.415283
v -0.268311 -0.262939 -0.429932
v -0.268311 -0.262451 -0.428955
v -0.269775 -0.263916 -0.428955
v -0.272217 -0.265381 -0.427490
v -0.272217 -0.263916 -0.424072
v -0.267822 -0.260498 -0.428955
v -0.268799 -0.258057 -0.425049
v -0.270264 -0.260986 -0.423584
v -0.268311 -0.257568 -0.428467
v -0.271240 -0.251221 -0.426514
v -0.271240 -0.252686 -0.422607
v -0.276611 -0.264893 -0.421631
v -0.273682 -0.259033 -0.420166
v -0.279541 -0.255615 -0.416748
v -0.266357 -0.268311 -0.399658
v -0.269287 -0.271240 -0.393799
v -0.265869 -0.267822 -0.392334
v -0.282959 -0.280029 -0.435303
v -0.294189 -0.279053 -0.425049
v -0.285889 -0.270752 -0.432373
v -0.286865 -0.273193 -0.427979
v -0.286865 -0.266357 -0.423096
v -0.311768 -0.279053 -0.430908
v -0.308350 -0.277588 -0.425049
v -0.297119 -0.272705 -0.422119
v -0.300537 -0.270752 -0.422119
v -0.298584 -0.265869 -0.424561
v -0.299072 -0.272217 -0.416748
v -0.309326 -0.271729 -0.412842
v -0.290283 -0.263428 -0.430908
v -0.295654 -0.258057 -0.432373
v -0.292236 -0.264893 -0.425537
v -0.284912 -0.263916 -0.418701
v -0.294678 -0.264404 -0.421631
v -0.293701 -0.260986 -0.416260
v -0.290283 -0.250732 -0.413330
v -0.300049 -0.261963 -0.423096
v -0.297119 -0.259521 -0.427002
v -0.302979 -0.259521 -0.428467
v -0.304443 -0.259033 -0.423584
v -0.304932 -0.265381 -0.423584
v -0.309814 -0.260010 -0.427979
v -0.301514 -0.254639 -0.435303
v -0.302979 -0.255127 -0.430908
v -0.312256 -0.250732 -0.432373
v -0.306396 -0.256592 -0.426514
v -0.300537 -0.264893 -0.419189
v -0.300537 -0.258545 -0.417725
v -0.310791 -0.265381 -0.415283
v -0.312256 -0.259521 -0.420166
v -0.305908 -0.255127 -0.421631
v -0.309814 -0.266846 -0.400146
v -0.308838 -0.266357 -0.396729
v -0.310791 -0.266357 -0.395752
v -0.300049 -0.259033 -0.403564
v -0.299072 -0.259033 -0.400146
v -0.302490 -0.260986 -0.402588
v -0.303955 -0.260010 -0.405029
v -0.301514 -0.258057 -0.406006
v -0.301025 -0.260498 -0.399658
v -0.303955 -0.260498 -0.400635
v -0.302979 -0.260986 -0.399170
v -0.304443 -0.260986 -0.397705
v -0.304443 -0.260498 -0.398193
v -0.301514 -0.259521 -0.397705
v -0.303467 -0.258545 -0.395752
v -0.308350 -0.264404 -0.403564
v -0.305908 -0.261963 -0.404053
v -0.306885 -0.265381 -0.401123
v -0.304932 -0.262939 -0.401123
v -0.311279 -0.265381 -0.402588
v -0.306396 -0.260498 -0.403564
v -0.304932 -0.261475 -0.401123
v -0.305420 -0.258057 -0.401611
v -0.306396 -0.265381 -0.397705
v -0.308350 -0.264893 -0.394775
v -0.304932 -0.263428 -0.398193
v -0.305908 -0.263428 -0.395752
v -0.307861 -0.262939 -0.393311
v -0.310303 -0.264893 -0.393799
v -0.311279 -0.262939 -0.392334
v -0.304932 -0.259033 -0.397705
v -0.305908 -0.258545 -0.395264
v -0.308350 -0.258545 -0.397217
v -0.308838 -0.258545 -0.393311
v -0.312256 -0.258545 -0.390869
v -0.298096 -0.256592 -0.403564
v -0.300049 -0.255615 -0.406006
v -0.298096 -0.257080 -0.400146
v -0.297607 -0.255615 -0.399658
v -0.297119 -0.254150 -0.399658
v -0.297607 -0.253662 -0.402588
v -0.299072 -0.252197 -0.405029
v -0.298096 -0.252197 -0.398682
v -0.298096 -0.250732 -0.401123
v -0.299072 -0.257568 -0.397705
v -0.299561 -0.254150 -0.396240
v -0.301514 -0.256592 -0.395264
v -0.303955 -0.255127 -0.398193
v -0.304443 -0.255615 -0.394775
v -0.302490 -0.256104 -0.391357
v -0.299561 -0.251221 -0.397217
v -0.302490 -0.253174 -0.395264
v -0.301514 -0.250732 -0.397217
v -0.304443 -0.251221 -0.396729
v -0.311279 -0.251221 -0.398682
v -0.310791 -0.250732 -0.398682
v -0.307373 -0.256104 -0.398193
v -0.307373 -0.254150 -0.396729
v -0.310791 -0.256104 -0.396240
v -0.312256 -0.257568 -0.394287
v -0.310303 -0.251221 -0.397217
v -0.310303 -0.250244 -0.397217
v -0.311279 -0.251221 -0.396729
v -0.312256 -0.251221 -0.398193
v -0.312256 -0.250244 -0.397705
v -0.311768 -0.250732 -0.396240
v -0.306396 -0.258057 -0.389404
v -0.310791 -0.258057 -0.388428
v -0.302002 -0.251221 -0.389404
v -0.306396 -0.252686 -0.386475
v -0.311768 -0.253662 -0.385498
v -0.313721 -0.250244 -0.490479
v -0.319580 -0.257080 -0.441162
v -0.319092 -0.255615 -0.437744
v -0.313232 -0.250732 -0.438232
v -0.319580 -0.251709 -0.442627
v -0.318115 -0.251221 -0.441162
v -0.319092 -0.250732 -0.439697
v -0.312744 -0.296143 -0.423584
v -0.316650 -0.291748 -0.422119
v -0.314697 -0.291748 -0.418213
v -0.317627 -0.283447 -0.415771
v -0.321045 -0.283936 -0.420654
v -0.343994 -0.283936 -0.432861
v -0.350342 -0.283447 -0.433350
v -0.350830 -0.282959 -0.430420
v -0.344971 -0.283447 -0.428955
v -0.352783 -0.282471 -0.433838
v -0.315674 -0.273193 -0.432373
v -0.316162 -0.265869 -0.430420
v -0.317627 -0.268311 -0.435303
v -0.313232 -0.271729 -0.426514
v -0.323975 -0.269775 -0.433350
v -0.323975 -0.268799 -0.422607
v -0.324463 -0.268311 -0.427979
v -0.319580 -0.274170 -0.414795
v -0.322998 -0.275635 -0.420166
v -0.321045 -0.267334 -0.417236
v -0.321045 -0.265869 -0.416260
v -0.323486 -0.268799 -0.412354
v -0.321533 -0.265869 -0.407471
v -0.334717 -0.281006 -0.431885
v -0.328369 -0.275635 -0.431396
v -0.329346 -0.274658 -0.426025
v -0.336670 -0.280029 -0.426514
v -0.329346 -0.271240 -0.408447
v -0.321533 -0.262939 -0.437256
v -0.321533 -0.261963 -0.432373
v -0.323975 -0.263916 -0.426514
v -0.321045 -0.261475 -0.422119
v -0.313721 -0.252197 -0.436768
v -0.314209 -0.251709 -0.435303
v -0.315674 -0.251221 -0.430908
v -0.316650 -0.252686 -0.436768
v -0.316650 -0.250244 -0.435303
v -0.319580 -0.252686 -0.431396
v -0.314209 -0.255615 -0.422119
v -0.317139 -0.256592 -0.427002
v -0.321045 -0.254150 -0.434814
v -0.326904 -0.251221 -0.429443
v -0.319580 -0.262451 -0.420654
v -0.316650 -0.258545 -0.417725
v -0.318115 -0.262451 -0.412354
v -0.314209 -0.250244 -0.408447
v -0.315186 -0.250732 -0.407959
v -0.320068 -0.253174 -0.406494
v -0.331299 -0.256592 -0.423584
v -0.338135 -0.252686 -0.423584
v -0.341064 -0.250732 -0.428467
v -0.335693 -0.263428 -0.420654
v -0.335693 -0.250732 -0.420654
v -0.342041 -0.251221 -0.416260
v -0.314209 -0.265869 -0.401123
v -0.312744 -0.266846 -0.398682
v -0.315186 -0.265869 -0.396729
v -0.327881 -0.269287 -0.404053
v -0.335693 -0.271729 -0.404053
v -0.334717 -0.270264 -0.400635
v -0.339600 -0.269775 -0.401123
v -0.339111 -0.268799 -0.398682
v -0.342041 -0.267822 -0.399658
v -0.343506 -0.265869 -0.398682
v -0.342041 -0.265869 -0.397705
v -0.316650 -0.264893 -0.399170
v -0.315186 -0.262451 -0.394775
v -0.312744 -0.265381 -0.394287
v -0.314209 -0.263916 -0.393311
v -0.315186 -0.262451 -0.392334
v -0.316650 -0.263916 -0.395264
v -0.318115 -0.262939 -0.397705
v -0.317627 -0.262451 -0.397705
v -0.318604 -0.262451 -0.396729
v -0.317627 -0.263428 -0.393799
v -0.316650 -0.262451 -0.390869
v -0.320068 -0.262451 -0.392334
v -0.314209 -0.260010 -0.396240
v -0.314209 -0.258057 -0.394775
v -0.314209 -0.260498 -0.392822
v -0.314697 -0.261475 -0.393311
v -0.312744 -0.259521 -0.392822
v -0.321045 -0.261475 -0.395264
v -0.322021 -0.260010 -0.390869
v -0.323486 -0.259521 -0.393799
v -0.312744 -0.254150 -0.392334
v -0.316162 -0.252197 -0.391357
v -0.315186 -0.251709 -0.391846
v -0.323486 -0.256104 -0.402100
v -0.324463 -0.256592 -0.391846
v -0.322021 -0.251709 -0.391357
v -0.324463 -0.253174 -0.390869
v -0.318604 -0.261963 -0.389404
v -0.314209 -0.260010 -0.389404
v -0.316650 -0.260986 -0.388428
v -0.320068 -0.260010 -0.388428
v -0.317627 -0.259521 -0.387451
v -0.320557 -0.258057 -0.387451
v -0.315674 -0.257568 -0.386963
v -0.313232 -0.255615 -0.388916
v -0.317627 -0.254639 -0.386475
v -0.319092 -0.255615 -0.386475
v -0.315674 -0.253174 -0.387939
v -0.315186 -0.251221 -0.387939
v -0.318115 -0.252197 -0.388916
v -0.319580 -0.253174 -0.386963
v -0.319580 -0.252197 -0.387939
v -0.318115 -0.251221 -0.388916
v -0.316650 -0.250244 -0.385498
v -0.320068 -0.250244 -0.385498
v -0.322998 -0.257568 -0.389404
v -0.322998 -0.254150 -0.388428
v -0.320557 -0.255127 -0.386475
v -0.321045 -0.251709 -0.388428
v -0.323975 -0.250244 -0.390381
v -0.322510 -0.250732 -0.387451
v -0.329834 -0.260498 -0.398682
v -0.343506 -0.264404 -0.398682
v -0.336182 -0.264404 -0.396729
v -0.341064 -0.261963 -0.396729
v -0.339600 -0.258545 -0.396240
v -0.343018 -0.261475 -0.398193
v -0.335205 -0.253174 -0.397217
v -0.338623 -0.250732 -0.400146
v -0.342041 -0.257080 -0.398193
v -0.349365 -0.278564 -0.425537
v -0.354736 -0.281006 -0.434326
v -0.354736 -0.281006 -0.433350
v -0.355225 -0.279053 -0.432861
v -0.355225 -0.276123 -0.431396
v -0.352783 -0.280518 -0.428955
v -0.354248 -0.277588 -0.428955
v -0.353271 -0.272705 -0.426025
v -0.354248 -0.270264 -0.429443
v -0.344482 -0.269775 -0.421631
v -0.350830 -0.261963 -0.427002
v -0.348877 -0.265381 -0.423096
v -0.345947 -0.255615 -0.426025
v -0.349854 -0.250244 -0.413818
v -0.372314 -0.250732 -0.433350
v -0.268311 -0.269775 -0.363525
v -0.265381 -0.265869 -0.331299
v -0.268799 -0.269287 -0.330322
v -0.267334 -0.267822 -0.327393
v -0.266846 -0.267334 -0.310303
v -0.263428 -0.263916 -0.309814
v -0.254150 -0.254150 -0.298584
v -0.261963 -0.261963 -0.291748
v -0.260010 -0.260010 -0.288818
v -0.254150 -0.254150 -0.291748
v -0.255615 -0.255615 -0.288818
v -0.375732 -0.250732 -0.490479
v -0.377686 -0.251709 -0.487061
v -0.376709 -0.252686 -0.436768
v -0.255127 -0.441162 -0.039795
v -0.260498 -0.438232 -0.038330
v -0.254639 -0.456299 -0.000244
v -0.254639 -0.450928 -0.020752
v -0.260010 -0.447510 -0.019775
v -0.255615 -0.412354 -0.069580
v -0.260986 -0.409912 -0.067627
v -0.256104 -0.393799 -0.078857
v -0.261475 -0.392334 -0.076416
v -0.255127 -0.428467 -0.056885
v -0.262451 -0.426514 -0.053955
v -0.256592 -0.373291 -0.084717
v -0.261963 -0.372314 -0.082764
v -0.257080 -0.351807 -0.087646
v -0.262451 -0.351807 -0.085205
v -0.257568 -0.329834 -0.087158
v -0.262939 -0.330811 -0.084717
v -0.263428 -0.310303 -0.080811
v -0.258057 -0.308350 -0.083252
v -0.263916 -0.291260 -0.073486
v -0.258545 -0.288818 -0.075928
v -0.263916 -0.274658 -0.062744
v -0.259033 -0.271729 -0.064697
v -0.259033 -0.257568 -0.049561
v -0.264404 -0.259521 -0.046631
v -0.046631 -0.249756 -0.447510
v -0.046631 -0.244873 -0.452881
v -0.052002 -0.244873 -0.447510
v -0.052979 -0.203857 -0.466553
v -0.052979 -0.203857 -0.446045
v -0.047119 -0.208252 -0.440186
v -0.046631 -0.249756 -0.422119
v -0.046631 -0.244873 -0.416748
v -0.052002 -0.244873 -0.422119
v -0.045654 -0.206299 -0.421143
v -0.045654 -0.202393 -0.425537
v -0.049561 -0.202393 -0.421143
v -0.045654 -0.206299 -0.401123
v -0.045654 -0.202393 -0.396729
v -0.049561 -0.202393 -0.401123
v -0.049072 -0.171143 -0.452881
v -0.053955 -0.171143 -0.447510
v -0.049072 -0.143799 -0.472412
v -0.054932 -0.137939 -0.472412
v -0.049561 -0.144287 -0.444092
v -0.055420 -0.144287 -0.438721
v -0.055420 -0.138428 -0.444092
v -0.040771 -0.182861 -0.437256
v -0.034424 -0.176514 -0.437256
v -0.053955 -0.171143 -0.422119
v -0.049072 -0.171143 -0.416748
v -0.040771 -0.182861 -0.384521
v -0.034424 -0.176514 -0.384033
v -0.040771 -0.176514 -0.377686
v -0.045166 -0.162842 -0.385010
v -0.049561 -0.167236 -0.385010
v -0.012451 -0.145264 -0.406494
v -0.014404 -0.143799 -0.406494
v -0.014893 -0.142822 -0.406494
v -0.016846 -0.145752 -0.406494
v -0.014893 -0.139893 -0.406494
v -0.043701 -0.146240 -0.406494
v -0.046143 -0.144287 -0.406494
v -0.061279 -0.148682 -0.433838
v -0.051025 -0.149170 -0.421143
v -0.046631 -0.138428 -0.406494
v -0.051025 -0.149170 -0.401123
v -0.047119 -0.149170 -0.396729
v -0.061279 -0.148682 -0.395752
v -0.088623 -0.184326 -0.438721
v -0.094971 -0.177979 -0.438721
v -0.068115 -0.149170 -0.447510
v -0.063232 -0.148682 -0.441650
v -0.068115 -0.150146 -0.442627
v -0.084717 -0.184326 -0.385986
v -0.084717 -0.177979 -0.379639
v -0.091064 -0.177979 -0.385986
v -0.077881 -0.160400 -0.384033
v -0.077881 -0.156982 -0.386475
v -0.077881 -0.161865 -0.379639
v -0.080811 -0.168213 -0.385010
v -0.085693 -0.163818 -0.385010
v -0.068115 -0.151123 -0.434814
v -0.068115 -0.150635 -0.396240
v -0.063721 -0.148682 -0.388916
v -0.068115 -0.150146 -0.389404
v -0.068115 -0.148193 -0.384033
v -0.078857 -0.126709 -0.386475
v -0.006592 -0.145264 -0.356201
v -0.006592 -0.146729 -0.354248
v -0.006592 -0.143311 -0.356201
v -0.013916 -0.145264 -0.356201
v -0.013916 -0.147217 -0.354248
v -0.013916 -0.143799 -0.356201
v -0.015869 -0.145264 -0.356201
v -0.015869 -0.147217 -0.354736
v -0.022217 -0.145752 -0.356201
v -0.021729 -0.147217 -0.354736
v -0.015869 -0.143799 -0.356201
v -0.022217 -0.143799 -0.356201
v -0.006592 -0.146729 -0.339600
v -0.006592 -0.145264 -0.337646
v -0.006592 -0.143311 -0.337646
v -0.014404 -0.147217 -0.339600
v -0.013916 -0.145264 -0.337646
v -0.014404 -0.143799 -0.337646
v -0.016357 -0.147217 -0.339111
v -0.018311 -0.147217 -0.338623
v -0.015869 -0.145264 -0.337646
v -0.017334 -0.145264 -0.337158
v -0.015869 -0.143799 -0.337646
v -0.017334 -0.143799 -0.337158
v -0.022217 -0.147217 -0.334717
v -0.021240 -0.145752 -0.333740
v -0.021240 -0.143799 -0.333740
v -0.024658 -0.147217 -0.331787
v -0.023682 -0.145752 -0.329834
v -0.023682 -0.143799 -0.329834
v -0.036377 -0.147705 -0.347900
v -0.037354 -0.146240 -0.348877
v -0.038818 -0.146240 -0.347900
v -0.037354 -0.147705 -0.346924
v -0.037842 -0.147705 -0.345459
v -0.037842 -0.144287 -0.348877
v -0.038818 -0.144287 -0.347900
v -0.039795 -0.146240 -0.345947
v -0.039795 -0.144287 -0.345947
v -0.037842 -0.147705 -0.331787
v -0.039795 -0.146240 -0.329834
v -0.039795 -0.144287 -0.329834
v -0.077881 -0.161865 -0.348877
v -0.077881 -0.160400 -0.344482
v -0.077881 -0.156982 -0.342041
v -0.078857 -0.127686 -0.342041
v -0.166748 -0.243408 -0.440674
v -0.169189 -0.242432 -0.444092
v -0.162354 -0.221436 -0.440674
v -0.165283 -0.221436 -0.444092
v -0.166748 -0.199951 -0.441162
v -0.169678 -0.200928 -0.444092
v -0.152588 -0.221436 -0.412842
v -0.155029 -0.248291 -0.391846
v -0.149658 -0.221436 -0.391846
v -0.153564 -0.221436 -0.398193
v -0.154541 -0.221436 -0.390869
v -0.157959 -0.247314 -0.412842
v -0.162354 -0.245361 -0.413330
v -0.157959 -0.221436 -0.413330
v -0.158447 -0.246826 -0.398193
v -0.159424 -0.246338 -0.390869
v -0.155029 -0.194580 -0.391846
v -0.157959 -0.196045 -0.412842
v -0.162354 -0.197998 -0.413818
v -0.158936 -0.196045 -0.398193
v -0.159912 -0.196533 -0.390869
v -0.178955 -0.181396 -0.441162
v -0.180908 -0.183350 -0.444580
v -0.128174 -0.144775 -0.438721
v -0.132080 -0.145264 -0.441650
v -0.132080 -0.141846 -0.444580
v -0.134033 -0.144775 -0.444092
v -0.135498 -0.144775 -0.438721
v -0.128174 -0.138916 -0.444092
v -0.135498 -0.138916 -0.452881
v -0.135498 -0.138916 -0.444092
v -0.168213 -0.140381 -0.491943
v -0.163818 -0.151611 -0.443115
v -0.164307 -0.150146 -0.447510
v -0.170166 -0.148682 -0.445557
v -0.169189 -0.150146 -0.440674
v -0.166748 -0.144775 -0.438721
v -0.170166 -0.145264 -0.441650
v -0.169678 -0.141846 -0.444580
v -0.168701 -0.140869 -0.444092
v -0.177490 -0.149170 -0.451416
v -0.177002 -0.150635 -0.446533
v -0.177002 -0.151123 -0.437744
v -0.174561 -0.140869 -0.438721
v -0.166748 -0.138916 -0.452881
v -0.166748 -0.138916 -0.444092
v -0.174561 -0.135010 -0.444092
v -0.176025 -0.177979 -0.413818
v -0.172607 -0.174561 -0.413330
v -0.170166 -0.172119 -0.392334
v -0.173096 -0.174561 -0.398193
v -0.174072 -0.175537 -0.391357
v -0.178467 -0.162842 -0.385986
v -0.178467 -0.159424 -0.388428
v -0.178467 -0.163818 -0.381592
v -0.163818 -0.152100 -0.434814
v -0.167236 -0.148682 -0.436768
v -0.171143 -0.150146 -0.434326
v -0.163330 -0.152100 -0.396729
v -0.166748 -0.148682 -0.396240
v -0.170654 -0.150146 -0.396240
v -0.168701 -0.150146 -0.390869
v -0.163330 -0.151123 -0.389404
v -0.163330 -0.149170 -0.384033
v -0.170166 -0.148682 -0.388428
v -0.177002 -0.151123 -0.396729
v -0.177002 -0.150146 -0.388916
v -0.177002 -0.148193 -0.383057
v -0.179443 -0.129150 -0.388428
v -0.198486 -0.172119 -0.444580
v -0.197510 -0.169189 -0.441650
v -0.239502 -0.172119 -0.445557
v -0.218994 -0.168213 -0.445068
v -0.218994 -0.164795 -0.441650
v -0.240967 -0.169189 -0.442139
v -0.196045 -0.164307 -0.414307
v -0.194092 -0.159912 -0.413818
v -0.194580 -0.160400 -0.398682
v -0.195068 -0.161377 -0.391846
v -0.193115 -0.156982 -0.392822
v -0.219482 -0.159912 -0.414795
v -0.243408 -0.164795 -0.414795
v -0.245361 -0.159912 -0.414307
v -0.219971 -0.156494 -0.391846
v -0.245361 -0.160400 -0.399658
v -0.244873 -0.161377 -0.392334
v -0.246826 -0.156982 -0.393799
v -0.219482 -0.155029 -0.414307
v -0.219971 -0.155518 -0.399170
v -0.219971 -0.151611 -0.393311
v -0.152100 -0.221436 -0.362061
v -0.153076 -0.221436 -0.328369
v -0.155518 -0.221436 -0.325928
v -0.157471 -0.247314 -0.362061
v -0.157959 -0.247314 -0.328857
v -0.162842 -0.245361 -0.329834
v -0.160400 -0.246338 -0.325928
v -0.157959 -0.221436 -0.329834
v -0.157471 -0.195557 -0.362061
v -0.158447 -0.195557 -0.328857
v -0.162842 -0.197510 -0.329834
v -0.160400 -0.196045 -0.325928
v -0.161377 -0.245850 -0.308838
v -0.165771 -0.244385 -0.308350
v -0.168213 -0.243408 -0.290283
v -0.171143 -0.241943 -0.287842
v -0.178467 -0.239014 -0.297607
v -0.178467 -0.239014 -0.290771
v -0.176514 -0.239990 -0.287842
v -0.156494 -0.221436 -0.308838
v -0.161377 -0.221436 -0.308350
v -0.163818 -0.221436 -0.290283
v -0.166748 -0.221436 -0.287842
v -0.175049 -0.221436 -0.297607
v -0.175049 -0.221436 -0.290771
v -0.173096 -0.221436 -0.287842
v -0.178467 -0.203369 -0.297607
v -0.178467 -0.203369 -0.290771
v -0.161377 -0.196533 -0.308838
v -0.166260 -0.198486 -0.308350
v -0.168213 -0.199463 -0.290771
v -0.171143 -0.200439 -0.287842
v -0.177002 -0.202881 -0.287842
v -0.188721 -0.188721 -0.297607
v -0.188721 -0.188232 -0.291260
v -0.172119 -0.173096 -0.362061
v -0.179932 -0.163818 -0.349854
v -0.179932 -0.162842 -0.345459
v -0.176514 -0.177002 -0.330322
v -0.173096 -0.173584 -0.328857
v -0.174561 -0.175049 -0.326416
v -0.179932 -0.159424 -0.343018
v -0.180908 -0.125732 -0.345459
v -0.180908 -0.130127 -0.343018
v -0.178955 -0.178955 -0.308838
v -0.175537 -0.175537 -0.309326
v -0.180908 -0.180420 -0.290771
v -0.187256 -0.186768 -0.287842
v -0.182861 -0.182861 -0.287842
v -0.194580 -0.158447 -0.362549
v -0.195068 -0.158936 -0.329346
v -0.197021 -0.163330 -0.330322
v -0.196045 -0.160889 -0.326904
v -0.246338 -0.158447 -0.363525
v -0.220947 -0.158447 -0.330811
v -0.244873 -0.163330 -0.331299
v -0.246826 -0.158936 -0.330322
v -0.246338 -0.160889 -0.327393
v -0.220459 -0.153564 -0.363037
v -0.220947 -0.153564 -0.329834
v -0.220947 -0.156006 -0.326904
v -0.202881 -0.176514 -0.288330
v -0.203857 -0.178467 -0.298096
v -0.203857 -0.178467 -0.291260
v -0.198486 -0.166260 -0.308838
v -0.196533 -0.161865 -0.309326
v -0.199463 -0.168213 -0.291260
v -0.200439 -0.170654 -0.288330
v -0.221436 -0.175049 -0.298096
v -0.221436 -0.175049 -0.291748
v -0.221436 -0.173096 -0.288330
v -0.239014 -0.178467 -0.298584
v -0.239502 -0.178467 -0.291748
v -0.239990 -0.176514 -0.288818
v -0.221436 -0.161865 -0.309326
v -0.221436 -0.156982 -0.309814
v -0.221436 -0.166748 -0.288818
v -0.221436 -0.163818 -0.291260
v -0.244385 -0.166260 -0.309814
v -0.245850 -0.161865 -0.310303
v -0.243408 -0.168213 -0.291748
v -0.242432 -0.171143 -0.288818
v -0.051514 -0.120361 -0.452881
v -0.061279 -0.118408 -0.434326
v -0.036377 -0.105225 -0.437256
v -0.046631 -0.121826 -0.385010
v -0.051514 -0.120361 -0.406006
v -0.061279 -0.117432 -0.394775
v -0.062256 -0.117432 -0.389404
v -0.036377 -0.105225 -0.384033
v -0.042725 -0.105225 -0.377686
v -0.063232 -0.118896 -0.441650
v -0.096924 -0.106689 -0.438721
v -0.067627 -0.117432 -0.383545
v -0.078857 -0.123291 -0.384521
v -0.086670 -0.123291 -0.385010
v -0.093018 -0.106689 -0.385986
v -0.086670 -0.106689 -0.379639
v -0.078857 -0.123779 -0.344482
v -0.169189 -0.117920 -0.445557
v -0.170166 -0.120361 -0.441650
v -0.166260 -0.116943 -0.437256
v -0.172119 -0.119873 -0.434814
v -0.171631 -0.118896 -0.395264
v -0.165283 -0.118896 -0.384033
v -0.170654 -0.118896 -0.389893
v -0.167236 -0.115967 -0.388428
v -0.175049 -0.116455 -0.382568
v -0.105225 -0.227295 -0.238525
v -0.107178 -0.229248 -0.238525
v -0.108643 -0.227783 -0.240479
v -0.106689 -0.225830 -0.240479
v -0.105225 -0.227295 -0.232178
v -0.107178 -0.229248 -0.232178
v -0.107178 -0.227295 -0.230225
v -0.109131 -0.223877 -0.230713
v -0.109131 -0.218994 -0.230713
v -0.114502 -0.219482 -0.246338
v -0.115479 -0.220459 -0.246338
v -0.115967 -0.218994 -0.247314
v -0.113525 -0.223389 -0.241943
v -0.111572 -0.220947 -0.241943
v -0.110596 -0.225830 -0.230713
v -0.115479 -0.225830 -0.230713
v -0.116455 -0.223877 -0.230713
v -0.111084 -0.218018 -0.230713
v -0.107666 -0.192139 -0.240479
v -0.106689 -0.190674 -0.238525
v -0.108154 -0.188721 -0.238525
v -0.106689 -0.190674 -0.232178
v -0.108154 -0.190674 -0.230713
v -0.108154 -0.188721 -0.232178
v -0.116455 -0.199463 -0.247314
v -0.114990 -0.198975 -0.246338
v -0.115967 -0.197998 -0.246338
v -0.112549 -0.197021 -0.241943
v -0.114502 -0.195068 -0.241943
v -0.109619 -0.190186 -0.240479
v -0.111572 -0.199951 -0.230713
v -0.109619 -0.198975 -0.231201
v -0.109619 -0.194092 -0.231201
v -0.111572 -0.192627 -0.231201
v -0.116455 -0.192627 -0.231201
v -0.117432 -0.194580 -0.230713
v -0.104736 -0.230713 -0.183350
v -0.104248 -0.232178 -0.180908
v -0.101807 -0.230225 -0.180908
v -0.103760 -0.229736 -0.183350
v -0.104736 -0.227783 -0.180420
v -0.106689 -0.229248 -0.180420
v -0.104736 -0.231689 -0.177979
v -0.102783 -0.229736 -0.177979
v -0.104736 -0.227295 -0.173584
v -0.107178 -0.229736 -0.173584
v -0.105225 -0.222900 -0.180420
v -0.106689 -0.221436 -0.180420
v -0.111572 -0.229736 -0.180420
v -0.112549 -0.227783 -0.180420
v -0.117432 -0.218994 -0.159912
v -0.117432 -0.219971 -0.157959
v -0.077393 -0.193604 -0.148193
v -0.074463 -0.190186 -0.147217
v -0.077393 -0.202393 -0.134521
v -0.073975 -0.198975 -0.133057
v -0.114990 -0.217529 -0.157959
v -0.115967 -0.217529 -0.159912
v -0.116943 -0.216064 -0.159424
v -0.118896 -0.218018 -0.159424
v -0.107666 -0.196045 -0.180420
v -0.105713 -0.195068 -0.180420
v -0.104736 -0.187744 -0.183350
v -0.106201 -0.189697 -0.180908
v -0.107666 -0.188232 -0.180908
v -0.103760 -0.187744 -0.177979
v -0.105713 -0.190186 -0.173584
v -0.108154 -0.188232 -0.173584
v -0.112549 -0.188232 -0.180908
v -0.114014 -0.190186 -0.180420
v -0.116455 -0.200439 -0.159912
v -0.115479 -0.200439 -0.157959
v -0.117432 -0.202393 -0.159424
v -0.119385 -0.199951 -0.159424
v -0.117920 -0.198975 -0.159912
v -0.117920 -0.197998 -0.157959
v -0.096436 -0.203369 -0.134521
v -0.109131 -0.210693 -0.130615
v -0.109131 -0.206787 -0.130127
v -0.117432 -0.216064 -0.152588
v -0.118896 -0.217529 -0.152100
v -0.119385 -0.215576 -0.151123
v -0.124756 -0.215576 -0.151123
v -0.122803 -0.214600 -0.149658
v -0.124756 -0.218018 -0.144775
v -0.122803 -0.216553 -0.144775
v -0.119873 -0.211182 -0.145752
v -0.120361 -0.212646 -0.141846
v -0.124756 -0.214111 -0.144775
v -0.124756 -0.212646 -0.140869
v -0.122803 -0.209229 -0.152100
v -0.123291 -0.204346 -0.149658
v -0.119873 -0.207275 -0.145752
v -0.120850 -0.205811 -0.141846
v -0.114502 -0.212158 -0.138428
v -0.113037 -0.212158 -0.131104
v -0.116943 -0.212158 -0.125244
v -0.124756 -0.215576 -0.137939
v -0.122803 -0.214111 -0.139404
v -0.111572 -0.210693 -0.140381
v -0.116943 -0.209229 -0.136475
v -0.111572 -0.206787 -0.140381
v -0.114502 -0.205811 -0.137939
v -0.115967 -0.208740 -0.131592
v -0.113037 -0.205322 -0.131104
v -0.121338 -0.209229 -0.139404
v -0.122803 -0.209229 -0.136963
v -0.122803 -0.204346 -0.139404
v -0.118408 -0.208740 -0.127197
v -0.123779 -0.209229 -0.126221
v -0.096436 -0.194580 -0.148193
v -0.099854 -0.191162 -0.147217
v -0.099854 -0.199951 -0.133057
v -0.117920 -0.201904 -0.152588
v -0.119385 -0.200928 -0.152588
v -0.119873 -0.202393 -0.151123
v -0.123291 -0.202393 -0.144775
v -0.043701 -0.173096 -0.211182
v -0.040283 -0.172607 -0.196045
v -0.039307 -0.169189 -0.212646
v -0.043213 -0.169678 -0.215576
v -0.046143 -0.162842 -0.204346
v -0.035400 -0.168213 -0.197510
v -0.050537 -0.167236 -0.204346
v -0.006592 -0.146729 -0.246826
v -0.006592 -0.145264 -0.248291
v -0.006592 -0.143311 -0.248291
v -0.013916 -0.147217 -0.246826
v -0.013916 -0.145264 -0.248779
v -0.013916 -0.143799 -0.248779
v -0.006592 -0.146729 -0.231689
v -0.006592 -0.145264 -0.230225
v -0.006592 -0.143311 -0.230225
v -0.014404 -0.147217 -0.231689
v -0.013916 -0.145264 -0.229736
v -0.014404 -0.143799 -0.229736
v -0.015869 -0.147217 -0.246826
v -0.015869 -0.145264 -0.248779
v -0.021729 -0.147217 -0.246826
v -0.022217 -0.145752 -0.248779
v -0.015869 -0.143799 -0.248779
v -0.022217 -0.143799 -0.248779
v -0.016357 -0.147217 -0.231689
v -0.018311 -0.147217 -0.230713
v -0.015869 -0.145264 -0.229736
v -0.017334 -0.145264 -0.229248
v -0.022217 -0.147217 -0.226807
v -0.015869 -0.143799 -0.229736
v -0.017334 -0.143799 -0.229248
v -0.021240 -0.145752 -0.225830
v -0.021240 -0.143799 -0.225830
v -0.024658 -0.147217 -0.223877
v -0.023682 -0.145752 -0.222412
v -0.023682 -0.143799 -0.222412
v -0.036377 -0.147705 -0.239990
v -0.037354 -0.147705 -0.239014
v -0.037354 -0.146240 -0.241455
v -0.038818 -0.146240 -0.239990
v -0.037842 -0.147705 -0.238037
v -0.037842 -0.144287 -0.241455
v -0.038818 -0.144287 -0.239990
v -0.039795 -0.146240 -0.238525
v -0.039795 -0.144287 -0.238525
v -0.037842 -0.147705 -0.223877
v -0.039795 -0.146240 -0.222412
v -0.039795 -0.144287 -0.222412
v -0.039795 -0.144775 -0.213623
v -0.043213 -0.145264 -0.216064
v -0.035889 -0.144287 -0.197998
v -0.006104 -0.165771 -0.160400
v -0.008545 -0.170166 -0.156494
v -0.028564 -0.167725 -0.183350
v -0.021729 -0.171143 -0.167236
v -0.018311 -0.166748 -0.170654
v -0.023682 -0.170654 -0.135498
v -0.026611 -0.166260 -0.131592
v -0.032471 -0.172119 -0.180420
v -0.056396 -0.173096 -0.168213
v -0.060791 -0.169189 -0.165283
v -0.041748 -0.172119 -0.150146
v -0.045654 -0.167725 -0.146729
v -0.006592 -0.141846 -0.161865
v -0.028564 -0.143799 -0.183838
v -0.018799 -0.142822 -0.171631
v -0.011963 -0.145264 -0.149170
v -0.014404 -0.143799 -0.150146
v -0.016357 -0.145752 -0.151123
v -0.028076 -0.142822 -0.131592
v -0.043701 -0.146729 -0.162842
v -0.046143 -0.144287 -0.163818
v -0.062256 -0.145264 -0.165283
v -0.046631 -0.138428 -0.163818
v -0.047119 -0.144287 -0.146729
v -0.077881 -0.177002 -0.206787
v -0.072021 -0.175049 -0.209229
v -0.077881 -0.173584 -0.210205
v -0.074951 -0.173584 -0.206787
v -0.066650 -0.174072 -0.188232
v -0.077881 -0.177002 -0.193115
v -0.074951 -0.173584 -0.192627
v -0.074463 -0.171143 -0.213135
v -0.077393 -0.171143 -0.208740
v -0.081787 -0.168213 -0.204346
v -0.087158 -0.163818 -0.204346
v -0.096924 -0.177490 -0.206787
v -0.097412 -0.174072 -0.210205
v -0.100342 -0.174072 -0.206787
v -0.096924 -0.177490 -0.193115
v -0.100342 -0.174072 -0.192627
v -0.075439 -0.153076 -0.206787
v -0.076904 -0.147217 -0.213135
v -0.075439 -0.153076 -0.192627
v -0.078857 -0.153564 -0.210205
v -0.078857 -0.147217 -0.209229
v -0.097900 -0.154053 -0.210205
v -0.101318 -0.154053 -0.206787
v -0.101318 -0.154053 -0.192627
v -0.077881 -0.179932 -0.177002
v -0.074463 -0.176025 -0.176514
v -0.077881 -0.185303 -0.162354
v -0.074463 -0.181885 -0.161377
v -0.071533 -0.170166 -0.186768
v -0.096924 -0.180420 -0.177002
v -0.103271 -0.187256 -0.180908
v -0.105225 -0.185303 -0.181396
v -0.105713 -0.186768 -0.183350
v -0.105713 -0.185791 -0.177979
v -0.100342 -0.177002 -0.176514
v -0.096924 -0.185791 -0.162354
v -0.100342 -0.182373 -0.161377
v -0.075439 -0.153076 -0.177002
v -0.072998 -0.146240 -0.186768
v -0.075439 -0.153076 -0.161865
v -0.075439 -0.153076 -0.147217
v -0.075439 -0.153076 -0.133545
v -0.101318 -0.154053 -0.177002
v -0.101318 -0.154053 -0.161865
v -0.101318 -0.154053 -0.147217
v -0.101318 -0.154053 -0.133545
v -0.045166 -0.239014 -0.078369
v -0.038818 -0.247803 -0.073486
v -0.037842 -0.247803 -0.065674
v -0.040771 -0.244385 -0.077881
v -0.046143 -0.244873 -0.072998
v -0.045166 -0.244873 -0.064697
v -0.055908 -0.246338 -0.086182
v -0.055908 -0.241455 -0.090576
v -0.051025 -0.247803 -0.072021
v -0.050537 -0.242432 -0.075439
v -0.053467 -0.242920 -0.077881
v -0.052979 -0.247803 -0.064209
v -0.054932 -0.247803 -0.077393
v -0.055420 -0.246338 -0.073486
v -0.049072 -0.241943 -0.072021
v -0.050049 -0.239014 -0.072998
v -0.050537 -0.241943 -0.063232
v -0.048096 -0.239014 -0.063721
v -0.055908 -0.241455 -0.069092
v -0.042236 -0.198486 -0.063721
v -0.043213 -0.198486 -0.070068
v -0.057373 -0.195068 -0.078369
v -0.053467 -0.197021 -0.076416
v -0.051514 -0.197510 -0.072510
v -0.053467 -0.196533 -0.070557
v -0.047607 -0.200439 -0.066650
v -0.052002 -0.196533 -0.066650
v -0.052979 -0.197510 -0.063232
v -0.048584 -0.194092 -0.075439
v -0.053467 -0.192139 -0.072510
v -0.048096 -0.188232 -0.076416
v -0.053467 -0.190186 -0.071045
v -0.057861 -0.190674 -0.076904
v -0.054932 -0.188232 -0.074951
v -0.058350 -0.189209 -0.073975
v -0.054932 -0.191650 -0.064209
v -0.058838 -0.191650 -0.070068
v -0.060791 -0.190674 -0.062744
v -0.060303 -0.188721 -0.065674
v -0.037354 -0.244385 -0.061279
v -0.041748 -0.239502 -0.059814
v -0.052979 -0.242432 -0.060303
v -0.058838 -0.247803 -0.060791
v -0.057373 -0.242920 -0.059814
v -0.045654 -0.203369 -0.062256
v -0.045166 -0.204346 -0.054443
v -0.044678 -0.202393 -0.049561
v -0.045166 -0.194580 -0.058350
v -0.041260 -0.187744 -0.057373
v -0.046143 -0.190674 -0.057373
v -0.052979 -0.201904 -0.061768
v -0.052490 -0.196533 -0.062256
v -0.052002 -0.202881 -0.053467
v -0.049072 -0.198975 -0.048096
v -0.056885 -0.197510 -0.061768
v -0.059814 -0.197998 -0.060303
v -0.055420 -0.198486 -0.052002
v -0.050049 -0.189209 -0.057373
v -0.052002 -0.190674 -0.061279
v -0.057373 -0.195068 -0.060303
v -0.061279 -0.194580 -0.060791
v -0.056885 -0.191162 -0.060791
v -0.074951 -0.246338 -0.114502
v -0.073975 -0.243408 -0.116943
v -0.071533 -0.241943 -0.114502
v -0.072998 -0.238525 -0.102783
v -0.075928 -0.238525 -0.106689
v -0.075928 -0.241455 -0.102783
v -0.076416 -0.225830 -0.112549
v -0.073486 -0.222412 -0.111084
v -0.074463 -0.246338 -0.093018
v -0.071533 -0.242920 -0.092529
v -0.072998 -0.238525 -0.093506
v -0.075928 -0.241455 -0.093506
v -0.095459 -0.243896 -0.117432
v -0.094971 -0.246826 -0.114014
v -0.098389 -0.243896 -0.114014
v -0.094971 -0.246826 -0.100342
v -0.098389 -0.243896 -0.101318
v -0.095459 -0.239014 -0.106689
v -0.095459 -0.241943 -0.102783
v -0.098877 -0.239014 -0.102783
v -0.113037 -0.245361 -0.114014
v -0.117432 -0.245850 -0.111084
v -0.117920 -0.248779 -0.095947
v -0.122803 -0.247803 -0.094971
v -0.095947 -0.226807 -0.112549
v -0.099365 -0.223389 -0.111084
v -0.113037 -0.245361 -0.086182
v -0.117432 -0.245850 -0.091064
v -0.123291 -0.248291 -0.080322
v -0.076904 -0.211670 -0.123779
v -0.073975 -0.208252 -0.122314
v -0.095947 -0.212646 -0.123779
v -0.099365 -0.209229 -0.122314
v -0.123779 -0.212646 -0.123779
v -0.114502 -0.210693 -0.121826
v -0.114990 -0.206787 -0.121826
v -0.116943 -0.205322 -0.124756
v -0.124756 -0.210693 -0.119873
v -0.124268 -0.205811 -0.123291
v -0.124756 -0.206787 -0.119385
v -0.124756 -0.203369 -0.095459
v -0.120361 -0.201416 -0.096436
v -0.119873 -0.196045 -0.094482
v -0.124756 -0.197998 -0.093018
v -0.123291 -0.199951 -0.078857
v -0.123291 -0.195557 -0.080322
v -0.120361 -0.194092 -0.091553
v -0.122803 -0.194092 -0.083252
v -0.003174 -0.169678 -0.124756
v -0.005127 -0.165283 -0.119873
v -0.045166 -0.180908 -0.072998
v -0.051514 -0.183838 -0.070557
v -0.006592 -0.141846 -0.119873
v -0.052490 -0.150146 -0.073975
v -0.058838 -0.154053 -0.072510
v -0.061768 -0.152588 -0.068115
v -0.050049 -0.144775 -0.071045
v -0.057861 -0.147217 -0.068115
v -0.042236 -0.182861 -0.058838
v -0.042725 -0.180420 -0.062256
v -0.049561 -0.184326 -0.061768
v -0.060303 -0.157959 -0.057861
v -0.061279 -0.158936 -0.054443
v -0.052979 -0.158936 -0.041260
v -0.059814 -0.159912 -0.045654
v -0.052979 -0.155029 -0.055420
v -0.053467 -0.152588 -0.058350
v -0.047607 -0.150635 -0.054932
v -0.052979 -0.151123 -0.054443
v -0.054932 -0.156006 -0.060303
v -0.059814 -0.153564 -0.058838
v -0.059326 -0.154053 -0.054443
v -0.048096 -0.145752 -0.057373
v -0.056396 -0.147705 -0.059326
v -0.050537 -0.154053 -0.042236
v -0.051025 -0.152100 -0.045166
v -0.057861 -0.155029 -0.045166
v -0.075439 -0.153076 -0.122314
v -0.077393 -0.154053 -0.118408
v -0.074463 -0.154053 -0.114990
v -0.075439 -0.153076 -0.112061
v -0.075439 -0.153076 -0.108154
v -0.074463 -0.154053 -0.097900
v -0.101318 -0.154053 -0.122314
v -0.097900 -0.155029 -0.118408
v -0.101318 -0.155029 -0.114990
v -0.101318 -0.154053 -0.112061
v -0.101318 -0.154053 -0.108154
v -0.101318 -0.155029 -0.102295
v -0.120850 -0.126709 -0.114990
v -0.120850 -0.126709 -0.087158
v -0.079346 -0.173584 -0.000732
v -0.083740 -0.175537 -0.000732
v -0.083740 -0.171631 -0.005615
v -0.106201 -0.176514 -0.000732
v -0.106201 -0.172607 -0.005615
v -0.110596 -0.174561 -0.000732
v -0.079834 -0.154053 -0.000732
v -0.084717 -0.154053 -0.005615
v -0.107178 -0.155029 -0.005615
v -0.111572 -0.155518 -0.000732
v -0.135986 -0.221436 -0.246338
v -0.135498 -0.219482 -0.247314
v -0.136963 -0.219971 -0.246338
v -0.137451 -0.223877 -0.241943
v -0.139893 -0.221924 -0.241943
v -0.135498 -0.226318 -0.230713
v -0.134521 -0.224365 -0.230713
v -0.140381 -0.226318 -0.230713
v -0.140381 -0.218994 -0.230713
v -0.142334 -0.228760 -0.240479
v -0.143799 -0.230225 -0.238525
v -0.144287 -0.226807 -0.240479
v -0.145752 -0.228271 -0.238525
v -0.143799 -0.230225 -0.232178
v -0.143799 -0.228271 -0.230225
v -0.145752 -0.228271 -0.232178
v -0.142334 -0.224854 -0.230713
v -0.142334 -0.219971 -0.230713
v -0.135986 -0.199951 -0.247314
v -0.137939 -0.199463 -0.246338
v -0.136475 -0.198486 -0.246338
v -0.140381 -0.197998 -0.241943
v -0.138428 -0.196045 -0.241943
v -0.135498 -0.195068 -0.230713
v -0.136475 -0.193115 -0.231201
v -0.145264 -0.193115 -0.240479
v -0.146729 -0.191650 -0.238525
v -0.143311 -0.191162 -0.240479
v -0.144775 -0.190186 -0.238525
v -0.140869 -0.200928 -0.230713
v -0.142822 -0.199951 -0.231201
v -0.142822 -0.195068 -0.231201
v -0.141357 -0.193115 -0.231201
v -0.144775 -0.191650 -0.230713
v -0.146729 -0.191650 -0.232178
v -0.144775 -0.190186 -0.232178
v -0.138428 -0.228760 -0.180420
v -0.139404 -0.230225 -0.180420
v -0.134521 -0.219482 -0.159912
v -0.134521 -0.220459 -0.157959
v -0.144287 -0.230713 -0.180420
v -0.146729 -0.233643 -0.180908
v -0.146240 -0.231689 -0.183350
v -0.147217 -0.230713 -0.183350
v -0.146240 -0.228760 -0.180420
v -0.143799 -0.230713 -0.173584
v -0.146240 -0.232666 -0.177979
v -0.148193 -0.230713 -0.177979
v -0.146240 -0.228271 -0.173584
v -0.149170 -0.231201 -0.180908
v -0.144287 -0.222900 -0.180420
v -0.146240 -0.223877 -0.180420
v -0.132568 -0.218506 -0.159424
v -0.135986 -0.218018 -0.159912
v -0.135010 -0.216553 -0.159424
v -0.136963 -0.218506 -0.157959
v -0.139404 -0.191162 -0.180420
v -0.140381 -0.189209 -0.180908
v -0.135498 -0.202881 -0.159424
v -0.133057 -0.200439 -0.159424
v -0.136475 -0.200928 -0.159912
v -0.135010 -0.199463 -0.159912
v -0.137451 -0.200928 -0.157959
v -0.135010 -0.198486 -0.157959
v -0.145264 -0.197021 -0.180420
v -0.147217 -0.196045 -0.180908
v -0.147217 -0.191162 -0.180908
v -0.145752 -0.189209 -0.180908
v -0.147705 -0.188232 -0.183350
v -0.147217 -0.191650 -0.173584
v -0.145264 -0.189209 -0.173584
v -0.148682 -0.189209 -0.183350
v -0.150146 -0.188721 -0.181396
v -0.149658 -0.189209 -0.177979
v -0.132568 -0.216064 -0.151123
v -0.127197 -0.214600 -0.149658
v -0.127197 -0.216553 -0.144775
v -0.125244 -0.212646 -0.148193
v -0.129639 -0.211182 -0.143799
v -0.134521 -0.216553 -0.152588
v -0.133057 -0.218018 -0.152100
v -0.125244 -0.209229 -0.153564
v -0.125244 -0.209229 -0.149658
v -0.127197 -0.209229 -0.152100
v -0.125244 -0.203369 -0.151123
v -0.127197 -0.204346 -0.149658
v -0.129639 -0.207275 -0.143799
v -0.125244 -0.205811 -0.148193
v -0.125244 -0.204834 -0.144775
v -0.125244 -0.205811 -0.140869
v -0.127197 -0.214600 -0.139404
v -0.127686 -0.212646 -0.140381
v -0.131592 -0.212646 -0.134521
v -0.130127 -0.212646 -0.127686
v -0.135498 -0.211182 -0.135498
v -0.133545 -0.211182 -0.125244
v -0.125244 -0.209229 -0.139404
v -0.126221 -0.209229 -0.137939
v -0.127197 -0.209229 -0.136963
v -0.125244 -0.209229 -0.135498
v -0.128662 -0.209229 -0.134033
v -0.127686 -0.206299 -0.140381
v -0.127197 -0.204346 -0.139404
v -0.131592 -0.206299 -0.134521
v -0.127686 -0.209229 -0.129150
v -0.130127 -0.205811 -0.127197
v -0.135498 -0.207764 -0.135010
v -0.133545 -0.207275 -0.125244
v -0.127686 -0.202393 -0.144775
v -0.125244 -0.200439 -0.144775
v -0.134521 -0.202393 -0.152588
v -0.133545 -0.201416 -0.152588
v -0.133057 -0.202881 -0.151123
v -0.125244 -0.202881 -0.137939
v -0.148193 -0.186279 -0.181396
v -0.147705 -0.187256 -0.177979
v -0.126221 -0.247314 -0.085205
v -0.126221 -0.203369 -0.093506
v -0.128662 -0.203369 -0.084717
v -0.126709 -0.202881 -0.080322
v -0.127197 -0.197998 -0.084717
v -0.225342 -0.249756 -0.029053
v -0.231689 -0.245850 -0.031006
v -0.225342 -0.242920 -0.010010
v -0.232178 -0.239014 -0.010986
v -0.125244 -0.127197 -0.112061
v -0.125244 -0.127197 -0.092041
v -0.150635 -0.162354 -0.050049
v -0.153076 -0.163818 -0.047607
v -0.149658 -0.159912 -0.051514
v -0.178467 -0.164307 -0.021240
v -0.180420 -0.163330 -0.018799
v -0.181885 -0.160889 -0.017334
v -0.150146 -0.132080 -0.051514
v -0.182373 -0.132568 -0.017334
v -0.202393 -0.175537 -0.015381
v -0.209229 -0.179443 -0.015381
v -0.233643 -0.180420 -0.015381
v -0.240479 -0.176514 -0.015381
v -0.202881 -0.151611 -0.015381
v -0.241455 -0.152588 -0.015381
v -0.047607 -0.121826 -0.204346
v -0.042236 -0.107666 -0.213623
v -0.046143 -0.107666 -0.216064
v -0.038330 -0.107178 -0.197998
v -0.008545 -0.104736 -0.161377
v -0.031006 -0.106201 -0.183838
v -0.021240 -0.105225 -0.171631
v -0.088623 -0.123291 -0.204346
v -0.063232 -0.122803 -0.091553
v -0.063232 -0.122803 -0.058350
v -0.268799 -0.242432 -0.445557
v -0.271729 -0.243408 -0.442627
v -0.272705 -0.221924 -0.446045
v -0.276123 -0.221924 -0.442627
v -0.310791 -0.236084 -0.492920
v -0.312256 -0.233154 -0.494385
v -0.311768 -0.234619 -0.438232
v -0.268799 -0.201416 -0.446045
v -0.271729 -0.199951 -0.442627
v -0.295166 -0.201904 -0.458740
v -0.288330 -0.195068 -0.458740
v -0.277588 -0.243896 -0.424072
v -0.278076 -0.246338 -0.419189
v -0.281006 -0.247314 -0.414795
v -0.276611 -0.245361 -0.415283
v -0.278564 -0.233643 -0.431396
v -0.276123 -0.229248 -0.432373
v -0.276123 -0.228271 -0.429932
v -0.278076 -0.232178 -0.427979
v -0.275635 -0.224365 -0.433838
v -0.275635 -0.226318 -0.433350
v -0.275635 -0.224365 -0.432861
v -0.276611 -0.222900 -0.432861
v -0.279053 -0.220459 -0.431396
v -0.276611 -0.225342 -0.428467
v -0.279053 -0.226318 -0.425537
v -0.278076 -0.221924 -0.428955
v -0.280518 -0.246826 -0.400146
v -0.280029 -0.246826 -0.392822
v -0.296143 -0.244873 -0.431396
v -0.289795 -0.242920 -0.429443
v -0.283447 -0.239014 -0.430420
v -0.285400 -0.239502 -0.422607
v -0.283447 -0.236572 -0.426025
v -0.290283 -0.240479 -0.424561
v -0.292236 -0.237549 -0.424072
v -0.285889 -0.241455 -0.417236
v -0.292725 -0.239014 -0.418213
v -0.296631 -0.236084 -0.413818
v -0.295654 -0.235596 -0.410400
v -0.295654 -0.234619 -0.407959
v -0.302002 -0.245361 -0.433838
v -0.297119 -0.242920 -0.426025
v -0.302979 -0.243408 -0.429443
v -0.311279 -0.242432 -0.437256
v -0.311279 -0.244873 -0.427002
v -0.310303 -0.243896 -0.427490
v -0.310303 -0.242920 -0.427002
v -0.311279 -0.242432 -0.427002
v -0.312256 -0.242432 -0.427490
v -0.299561 -0.237549 -0.427490
v -0.301025 -0.238037 -0.423584
v -0.306396 -0.236572 -0.426025
v -0.310303 -0.238037 -0.428955
v -0.297119 -0.248291 -0.414795
v -0.304443 -0.245850 -0.420166
v -0.304443 -0.243896 -0.408447
v -0.310303 -0.245361 -0.418213
v -0.308838 -0.244385 -0.418213
v -0.311279 -0.244385 -0.418213
v -0.308838 -0.243408 -0.418213
v -0.310303 -0.242920 -0.418213
v -0.311279 -0.243408 -0.418213
v -0.305908 -0.243408 -0.410889
v -0.306885 -0.244385 -0.406982
v -0.308838 -0.243896 -0.409424
v -0.311279 -0.243408 -0.407471
v -0.300537 -0.238037 -0.414795
v -0.298584 -0.236084 -0.415771
v -0.300537 -0.239014 -0.410889
v -0.303955 -0.241455 -0.412354
v -0.302490 -0.239014 -0.413330
v -0.302490 -0.239014 -0.412354
v -0.302490 -0.241943 -0.409424
v -0.302002 -0.241455 -0.406494
v -0.301025 -0.239014 -0.409912
v -0.302490 -0.238525 -0.409424
v -0.301025 -0.238525 -0.406982
v -0.298584 -0.238037 -0.412354
v -0.297119 -0.237061 -0.409912
v -0.299072 -0.238037 -0.408936
v -0.300049 -0.238037 -0.407959
v -0.298096 -0.236084 -0.406982
v -0.302490 -0.236084 -0.410889
v -0.301514 -0.236572 -0.406982
v -0.302490 -0.234619 -0.408447
v -0.301514 -0.236084 -0.406982
v -0.285889 -0.228760 -0.422119
v -0.281494 -0.219971 -0.426514
v -0.296631 -0.222900 -0.422119
v -0.289307 -0.220459 -0.423584
v -0.293701 -0.221436 -0.423584
v -0.293701 -0.232178 -0.420166
v -0.295654 -0.233154 -0.414307
v -0.294678 -0.233643 -0.410889
v -0.294189 -0.230713 -0.410889
v -0.295166 -0.230713 -0.413818
v -0.294678 -0.231689 -0.407959
v -0.295654 -0.230713 -0.406982
v -0.296143 -0.227295 -0.412354
v -0.295654 -0.228271 -0.408936
v -0.281494 -0.221924 -0.415283
v -0.286377 -0.221924 -0.414795
v -0.295166 -0.220459 -0.418701
v -0.295654 -0.224365 -0.412354
v -0.295654 -0.224854 -0.409424
v -0.295166 -0.222900 -0.409424
v -0.296143 -0.220947 -0.412354
v -0.295654 -0.220947 -0.406494
v -0.295166 -0.220459 -0.408936
v -0.296143 -0.218994 -0.407959
v -0.303467 -0.231201 -0.428955
v -0.298096 -0.227295 -0.426025
v -0.309814 -0.227295 -0.431885
v -0.305420 -0.231689 -0.425537
v -0.310791 -0.229736 -0.429443
v -0.303955 -0.222900 -0.427979
v -0.303955 -0.225342 -0.424561
v -0.298096 -0.220459 -0.426514
v -0.311279 -0.221924 -0.422607
v -0.300049 -0.234131 -0.421631
v -0.297607 -0.233154 -0.416260
v -0.297119 -0.229736 -0.416260
v -0.297607 -0.227783 -0.415283
v -0.300049 -0.230713 -0.409424
v -0.303955 -0.233643 -0.407471
v -0.304443 -0.233154 -0.406982
v -0.297119 -0.227295 -0.411377
v -0.297607 -0.227295 -0.408447
v -0.297607 -0.226807 -0.408447
v -0.300049 -0.227783 -0.406982
v -0.302002 -0.226807 -0.406494
v -0.312256 -0.228271 -0.421631
v -0.308350 -0.229736 -0.408447
v -0.307861 -0.228760 -0.408936
v -0.307861 -0.229736 -0.406982
v -0.307373 -0.229248 -0.407471
v -0.308350 -0.227783 -0.408447
v -0.307373 -0.228271 -0.406982
v -0.307861 -0.227783 -0.406494
v -0.308838 -0.229736 -0.407959
v -0.309326 -0.229248 -0.407471
v -0.309326 -0.227783 -0.407471
v -0.309814 -0.228271 -0.407471
v -0.299072 -0.226318 -0.420654
v -0.297607 -0.224854 -0.415283
v -0.299072 -0.226318 -0.414307
v -0.297607 -0.221436 -0.414795
v -0.303467 -0.219482 -0.407471
v -0.311279 -0.222900 -0.418701
v -0.306885 -0.220947 -0.415283
v -0.305420 -0.220459 -0.406494
v -0.284424 -0.248291 -0.393799
v -0.299561 -0.249756 -0.404053
v -0.300049 -0.248779 -0.403076
v -0.299072 -0.246826 -0.403076
v -0.299561 -0.249756 -0.400146
v -0.300049 -0.249268 -0.399658
v -0.297607 -0.247314 -0.400146
v -0.301025 -0.248291 -0.402588
v -0.298584 -0.243896 -0.402588
v -0.297119 -0.244385 -0.399658
v -0.303467 -0.242920 -0.405518
v -0.298096 -0.248291 -0.397217
v -0.300049 -0.249756 -0.397217
v -0.297607 -0.246338 -0.396729
v -0.299072 -0.247314 -0.394287
v -0.302979 -0.248779 -0.397217
v -0.302002 -0.249268 -0.393799
v -0.303467 -0.247803 -0.392334
v -0.297607 -0.244385 -0.396240
v -0.298096 -0.242432 -0.395264
v -0.299072 -0.244385 -0.393311
v -0.300537 -0.245850 -0.391846
v -0.302002 -0.243408 -0.391357
v -0.301025 -0.242432 -0.391846
v -0.310303 -0.249756 -0.398682
v -0.304932 -0.242432 -0.403076
v -0.307373 -0.242920 -0.403076
v -0.309326 -0.243896 -0.405029
v -0.311279 -0.242432 -0.403076
v -0.304932 -0.249756 -0.395752
v -0.306396 -0.247803 -0.393799
v -0.310791 -0.249268 -0.398193
v -0.310791 -0.249268 -0.396729
v -0.312256 -0.249268 -0.397217
v -0.311279 -0.248779 -0.397705
v -0.311768 -0.249756 -0.396240
v -0.309326 -0.246826 -0.393311
v -0.312256 -0.246338 -0.391846
v -0.304932 -0.244873 -0.391357
v -0.307861 -0.244873 -0.393311
v -0.305908 -0.243408 -0.394287
v -0.305420 -0.242432 -0.393311
v -0.305908 -0.243896 -0.390869
v -0.305908 -0.242432 -0.391846
v -0.312256 -0.244385 -0.390869
v -0.310303 -0.242920 -0.391846
v -0.299561 -0.240967 -0.401123
v -0.302490 -0.240479 -0.404053
v -0.301514 -0.238525 -0.399170
v -0.303955 -0.238525 -0.401611
v -0.299561 -0.235107 -0.405518
v -0.301514 -0.238037 -0.404053
v -0.302490 -0.235107 -0.404541
v -0.302979 -0.234619 -0.406006
v -0.303955 -0.235596 -0.399170
v -0.298096 -0.241455 -0.398193
v -0.300049 -0.239014 -0.396240
v -0.299561 -0.240967 -0.393799
v -0.303955 -0.240967 -0.391357
v -0.301514 -0.239990 -0.392334
v -0.302490 -0.238037 -0.394775
v -0.303955 -0.237549 -0.397217
v -0.306885 -0.239014 -0.400635
v -0.312256 -0.240479 -0.402588
v -0.312256 -0.239990 -0.405518
v -0.310791 -0.239990 -0.403076
v -0.308838 -0.241455 -0.401611
v -0.309814 -0.239990 -0.401123
v -0.310303 -0.239014 -0.400146
v -0.312256 -0.239990 -0.398682
v -0.306885 -0.236572 -0.406006
v -0.307861 -0.236572 -0.401123
v -0.304932 -0.235107 -0.402100
v -0.308838 -0.235107 -0.402588
v -0.310303 -0.235107 -0.403564
v -0.309326 -0.237549 -0.401611
v -0.310303 -0.238037 -0.401611
v -0.308838 -0.235596 -0.399658
v -0.305420 -0.241455 -0.394775
v -0.305908 -0.238525 -0.396240
v -0.306885 -0.238525 -0.395752
v -0.304932 -0.240479 -0.391357
v -0.304932 -0.239014 -0.393799
v -0.305420 -0.239014 -0.393311
v -0.306396 -0.236572 -0.395752
v -0.305420 -0.237061 -0.392822
v -0.308350 -0.235107 -0.394287
v -0.307373 -0.235596 -0.391357
v -0.310303 -0.237061 -0.397705
v -0.310791 -0.234619 -0.392822
v -0.303955 -0.246826 -0.387939
v -0.307373 -0.247314 -0.385498
v -0.311768 -0.248779 -0.385010
v -0.307861 -0.245361 -0.389404
v -0.307861 -0.242920 -0.387451
v -0.310791 -0.245361 -0.388428
v -0.312256 -0.245361 -0.387451
v -0.310303 -0.242920 -0.386475
v -0.305908 -0.241943 -0.388916
v -0.305420 -0.238525 -0.390381
v -0.306885 -0.239502 -0.387939
v -0.308350 -0.239502 -0.386963
v -0.309814 -0.239990 -0.386475
v -0.306885 -0.237549 -0.388916
v -0.310303 -0.237549 -0.386963
v -0.308838 -0.237061 -0.387939
v -0.309814 -0.235107 -0.389893
v -0.312256 -0.236084 -0.388916
v -0.285889 -0.221924 -0.400146
v -0.284912 -0.221924 -0.392822
v -0.296143 -0.223877 -0.406006
v -0.289795 -0.221924 -0.394287
v -0.297119 -0.233154 -0.405518
v -0.300049 -0.231689 -0.404541
v -0.300537 -0.233643 -0.400146
v -0.298096 -0.230713 -0.402100
v -0.297607 -0.229248 -0.406006
v -0.302490 -0.229736 -0.406006
v -0.302002 -0.228760 -0.397217
v -0.307373 -0.233154 -0.405029
v -0.311768 -0.234131 -0.402588
v -0.308838 -0.231689 -0.401611
v -0.308350 -0.229248 -0.406006
v -0.308350 -0.228271 -0.406006
v -0.310791 -0.229248 -0.400146
v -0.311768 -0.228271 -0.400146
v -0.306396 -0.232178 -0.396240
v -0.311279 -0.234131 -0.395752
v -0.309326 -0.232178 -0.397705
v -0.308350 -0.227783 -0.394775
v -0.311279 -0.229736 -0.396729
v -0.311279 -0.227295 -0.396729
v -0.298584 -0.225830 -0.405518
v -0.300049 -0.224365 -0.406006
v -0.300049 -0.223877 -0.403564
v -0.299072 -0.226318 -0.400146
v -0.303467 -0.224854 -0.404541
v -0.297607 -0.221924 -0.404053
v -0.299072 -0.219482 -0.403564
v -0.301514 -0.220947 -0.402588
v -0.303467 -0.218994 -0.403564
v -0.302002 -0.221924 -0.398682
v -0.304443 -0.221924 -0.401123
v -0.304443 -0.218994 -0.399658
v -0.305908 -0.223877 -0.404541
v -0.306885 -0.223877 -0.403564
v -0.309326 -0.225342 -0.401123
v -0.305420 -0.219482 -0.404541
v -0.306885 -0.221436 -0.399658
v -0.306396 -0.218994 -0.398682
v -0.308838 -0.221436 -0.401611
v -0.309814 -0.221436 -0.400146
v -0.309814 -0.220459 -0.399658
v -0.304932 -0.223877 -0.395752
v -0.308838 -0.224854 -0.397217
v -0.310791 -0.223389 -0.394775
v -0.310791 -0.219482 -0.395752
v -0.276611 -0.197998 -0.415283
v -0.281006 -0.196045 -0.414795
v -0.281006 -0.196533 -0.400146
v -0.280029 -0.196533 -0.392822
v -0.283447 -0.218506 -0.429443
v -0.291260 -0.218506 -0.427490
v -0.291260 -0.214111 -0.424072
v -0.290283 -0.206299 -0.424072
v -0.291748 -0.212646 -0.419189
v -0.290771 -0.205322 -0.420654
v -0.298584 -0.218506 -0.413818
v -0.297119 -0.218018 -0.411377
v -0.300537 -0.216064 -0.412354
v -0.297607 -0.217529 -0.406982
v -0.299072 -0.216064 -0.409424
v -0.301514 -0.215088 -0.407471
v -0.303467 -0.215088 -0.409912
v -0.302490 -0.214600 -0.413330
v -0.302979 -0.214600 -0.406982
v -0.309814 -0.214111 -0.417725
v -0.310791 -0.216064 -0.412842
v -0.304932 -0.214111 -0.409424
v -0.306885 -0.212646 -0.407959
v -0.298096 -0.207764 -0.414795
v -0.310303 -0.208740 -0.415283
v -0.311279 -0.208740 -0.413818
v -0.312256 -0.209229 -0.409912
v -0.291260 -0.201416 -0.424072
v -0.292725 -0.197998 -0.424561
v -0.293701 -0.196533 -0.424561
v -0.293701 -0.197021 -0.423584
v -0.295166 -0.196045 -0.424072
v -0.291748 -0.201416 -0.421631
v -0.294678 -0.201416 -0.417725
v -0.293701 -0.198975 -0.420166
v -0.296143 -0.197021 -0.420654
v -0.298584 -0.195557 -0.422607
v -0.300049 -0.197510 -0.418213
v -0.303467 -0.196533 -0.420654
v -0.306396 -0.202393 -0.415283
v -0.309814 -0.201416 -0.418701
v -0.298096 -0.218506 -0.404541
v -0.299561 -0.216553 -0.405518
v -0.302490 -0.217529 -0.404541
v -0.301514 -0.217529 -0.404053
v -0.303955 -0.216553 -0.405029
v -0.302979 -0.215088 -0.404053
v -0.302979 -0.218018 -0.401611
v -0.303955 -0.215576 -0.401123
v -0.304443 -0.213623 -0.402588
v -0.305420 -0.215576 -0.399658
v -0.306885 -0.216064 -0.399170
v -0.310303 -0.218506 -0.400146
v -0.309814 -0.218018 -0.398682
v -0.310791 -0.217529 -0.399658
v -0.308838 -0.215088 -0.399170
v -0.305420 -0.212646 -0.405029
v -0.307373 -0.212158 -0.403564
v -0.305908 -0.213623 -0.401123
v -0.307373 -0.213623 -0.400146
v -0.311279 -0.213135 -0.404541
v -0.308838 -0.212158 -0.406006
v -0.311279 -0.214600 -0.400635
v -0.309326 -0.212646 -0.402100
v -0.284424 -0.195068 -0.394287
v -0.293701 -0.190186 -0.398193
v -0.300537 -0.197021 -0.398193
v -0.301025 -0.189697 -0.391846
v -0.316650 -0.246338 -0.490479
v -0.317139 -0.245850 -0.490479
v -0.317627 -0.243896 -0.487061
v -0.315186 -0.241455 -0.494385
v -0.317139 -0.242920 -0.440186
v -0.321045 -0.246338 -0.442139
v -0.321045 -0.247803 -0.437744
v -0.322998 -0.245361 -0.440186
v -0.324463 -0.245361 -0.437744
v -0.326904 -0.244873 -0.440674
v -0.316162 -0.241455 -0.438721
v -0.320068 -0.241943 -0.439697
v -0.319092 -0.240967 -0.438721
v -0.317139 -0.239502 -0.437744
v -0.319092 -0.238525 -0.439209
v -0.322021 -0.236572 -0.437744
v -0.323975 -0.237061 -0.438721
v -0.320557 -0.235107 -0.438232
v -0.319580 -0.233154 -0.439209
v -0.372314 -0.247314 -0.490479
v -0.371826 -0.245850 -0.489990
v -0.371338 -0.244873 -0.487061
v -0.374756 -0.241455 -0.494385
v -0.374756 -0.241943 -0.493896
v -0.372803 -0.243408 -0.440186
v -0.371826 -0.203857 -0.458740
v -0.313232 -0.247803 -0.431396
v -0.319092 -0.246826 -0.436279
v -0.316650 -0.249756 -0.433350
v -0.316650 -0.248779 -0.430908
v -0.315674 -0.247314 -0.428467
v -0.319580 -0.246338 -0.428955
v -0.320068 -0.248291 -0.422607
v -0.319092 -0.247803 -0.423096
v -0.318604 -0.246826 -0.422607
v -0.319092 -0.246338 -0.422119
v -0.313232 -0.245850 -0.427979
v -0.313232 -0.242432 -0.428467
v -0.312744 -0.243896 -0.427002
v -0.312744 -0.242920 -0.426514
v -0.318604 -0.244385 -0.427490
v -0.318115 -0.243408 -0.427490
v -0.317139 -0.242920 -0.426514
v -0.319092 -0.243408 -0.426514
v -0.321533 -0.242432 -0.433838
v -0.322998 -0.243896 -0.436768
v -0.320557 -0.247314 -0.422119
v -0.320557 -0.243408 -0.426514
v -0.323486 -0.242920 -0.428467
v -0.313232 -0.241943 -0.434814
v -0.315186 -0.239014 -0.433838
v -0.315186 -0.241455 -0.431396
v -0.315186 -0.235596 -0.435791
v -0.316162 -0.235596 -0.434814
v -0.314697 -0.234619 -0.434814
v -0.313232 -0.236084 -0.433350
v -0.315186 -0.236084 -0.431885
v -0.315674 -0.235596 -0.430420
v -0.319580 -0.235107 -0.435791
v -0.319580 -0.236084 -0.434326
v -0.317627 -0.235107 -0.429932
v -0.318115 -0.234619 -0.429932
v -0.319580 -0.238525 -0.428467
v -0.316650 -0.236572 -0.428955
v -0.319092 -0.234619 -0.428955
v -0.319580 -0.235107 -0.429443
v -0.321533 -0.238525 -0.431396
v -0.324463 -0.240479 -0.430420
v -0.321533 -0.238037 -0.431396
v -0.320557 -0.234619 -0.430908
v -0.327393 -0.235107 -0.433350
v -0.321533 -0.240479 -0.428955
v -0.320068 -0.246338 -0.421631
v -0.317627 -0.248291 -0.416260
v -0.317627 -0.245850 -0.421631
v -0.313721 -0.249268 -0.408447
v -0.314209 -0.248291 -0.407959
v -0.315674 -0.249756 -0.407471
v -0.315186 -0.248779 -0.407471
v -0.323975 -0.242920 -0.410889
v -0.318115 -0.237549 -0.419189
v -0.318604 -0.236572 -0.414795
v -0.323975 -0.241943 -0.419189
v -0.324951 -0.241943 -0.416260
v -0.327881 -0.237549 -0.418701
v -0.327881 -0.239502 -0.410400
v -0.330322 -0.248291 -0.427002
v -0.328857 -0.246338 -0.422119
v -0.333252 -0.249268 -0.427979
v -0.336670 -0.247803 -0.432373
v -0.329346 -0.235596 -0.436279
v -0.328857 -0.241943 -0.422119
v -0.334229 -0.248291 -0.415283
v -0.330322 -0.242920 -0.407959
v -0.340576 -0.248291 -0.410889
v -0.329834 -0.241943 -0.419189
v -0.328369 -0.241455 -0.412842
v -0.332764 -0.239990 -0.413330
v -0.332764 -0.237549 -0.411865
v -0.335693 -0.237061 -0.409424
v -0.338623 -0.237549 -0.407471
v -0.315674 -0.234131 -0.437256
v -0.314697 -0.231689 -0.428955
v -0.315674 -0.232178 -0.426025
v -0.317627 -0.231689 -0.429443
v -0.319092 -0.233643 -0.425049
v -0.318604 -0.228271 -0.422119
v -0.322998 -0.233643 -0.432861
v -0.322510 -0.233643 -0.429932
v -0.322998 -0.232178 -0.432373
v -0.321045 -0.227295 -0.436768
v -0.326416 -0.228271 -0.425537
v -0.319092 -0.226318 -0.435791
v -0.320068 -0.223389 -0.430420
v -0.319092 -0.222412 -0.422119
v -0.323975 -0.222900 -0.432373
v -0.321045 -0.220947 -0.425049
v -0.322998 -0.219482 -0.425049
v -0.312744 -0.232178 -0.418213
v -0.312744 -0.230713 -0.418213
v -0.316162 -0.231201 -0.419189
v -0.313232 -0.232666 -0.417725
v -0.314209 -0.232178 -0.417236
v -0.314209 -0.230713 -0.417236
v -0.313721 -0.230225 -0.417725
v -0.316162 -0.229736 -0.415771
v -0.318115 -0.226807 -0.419189
v -0.319092 -0.228760 -0.417725
v -0.318604 -0.226807 -0.409912
v -0.326416 -0.228760 -0.417725
v -0.327881 -0.227783 -0.417236
v -0.320557 -0.234131 -0.409424
v -0.320068 -0.223877 -0.413330
v -0.321045 -0.225342 -0.406982
v -0.321045 -0.222412 -0.409912
v -0.332275 -0.226807 -0.424561
v -0.338135 -0.231201 -0.428467
v -0.336182 -0.231201 -0.425049
v -0.343018 -0.227783 -0.423584
v -0.329834 -0.228760 -0.420654
v -0.334229 -0.227783 -0.414307
v -0.340088 -0.227295 -0.419678
v -0.339111 -0.232178 -0.406982
v -0.340576 -0.227295 -0.409912
v -0.331299 -0.226318 -0.419678
v -0.329834 -0.219971 -0.406982
v -0.330811 -0.219482 -0.409424
v -0.334717 -0.219482 -0.413818
v -0.336182 -0.224854 -0.419189
v -0.342041 -0.224854 -0.414795
v -0.313232 -0.242432 -0.406006
v -0.312744 -0.248291 -0.391357
v -0.325928 -0.244385 -0.405029
v -0.313721 -0.240479 -0.405029
v -0.313232 -0.240967 -0.401611
v -0.316162 -0.239990 -0.400146
v -0.317139 -0.239990 -0.403076
v -0.318115 -0.238037 -0.398682
v -0.319092 -0.237549 -0.401611
v -0.320068 -0.234619 -0.400146
v -0.314209 -0.239014 -0.397705
v -0.312744 -0.238037 -0.396729
v -0.315674 -0.237549 -0.396240
v -0.313232 -0.236084 -0.395752
v -0.316162 -0.235107 -0.395752
v -0.316162 -0.238037 -0.390869
v -0.315674 -0.237061 -0.390869
v -0.313721 -0.235596 -0.391357
v -0.319092 -0.235107 -0.397217
v -0.312744 -0.248779 -0.387451
v -0.314697 -0.247803 -0.384521
v -0.318604 -0.248779 -0.384033
v -0.317139 -0.246826 -0.383545
v -0.320068 -0.247803 -0.384521
v -0.315186 -0.245850 -0.390381
v -0.313232 -0.243896 -0.388428
v -0.313721 -0.244873 -0.385010
v -0.319580 -0.245361 -0.384033
v -0.316650 -0.243896 -0.384033
v -0.318604 -0.243408 -0.384033
v -0.323975 -0.247314 -0.389404
v -0.322998 -0.247803 -0.386475
v -0.323486 -0.244385 -0.388916
v -0.322021 -0.244873 -0.385986
v -0.313232 -0.241943 -0.386963
v -0.313721 -0.241943 -0.387451
v -0.316162 -0.239502 -0.387451
v -0.315674 -0.239014 -0.388428
v -0.314209 -0.241455 -0.386475
v -0.316162 -0.241455 -0.385010
v -0.312744 -0.239502 -0.386475
v -0.317139 -0.238525 -0.390381
v -0.317627 -0.239502 -0.386963
v -0.319092 -0.239502 -0.389404
v -0.317139 -0.241943 -0.384521
v -0.314209 -0.237549 -0.387939
v -0.315186 -0.238037 -0.388428
v -0.321533 -0.241455 -0.388916
v -0.320557 -0.241943 -0.385986
v -0.329834 -0.247803 -0.400146
v -0.333740 -0.245850 -0.403076
v -0.331787 -0.235596 -0.406006
v -0.320068 -0.231201 -0.399658
v -0.313232 -0.227783 -0.400146
v -0.317627 -0.229248 -0.400635
v -0.319580 -0.228271 -0.399658
v -0.314697 -0.232666 -0.394775
v -0.313232 -0.231201 -0.395264
v -0.316650 -0.232178 -0.395264
v -0.318604 -0.231689 -0.396729
v -0.314209 -0.228760 -0.397705
v -0.315674 -0.230225 -0.395752
v -0.314209 -0.228271 -0.397705
v -0.315186 -0.227295 -0.395264
v -0.317139 -0.228760 -0.397217
v -0.317627 -0.228271 -0.396729
v -0.325928 -0.230713 -0.404541
v -0.320068 -0.225830 -0.398682
v -0.320068 -0.222412 -0.398682
v -0.318604 -0.219482 -0.399658
v -0.312744 -0.225830 -0.394775
v -0.316162 -0.224854 -0.394287
v -0.313721 -0.223389 -0.393799
v -0.318604 -0.225342 -0.396240
v -0.312744 -0.219971 -0.394775
v -0.314697 -0.219971 -0.394775
v -0.312744 -0.221924 -0.394287
v -0.315674 -0.222412 -0.394287
v -0.318604 -0.221924 -0.396240
v -0.317139 -0.219482 -0.396729
v -0.335693 -0.231201 -0.404053
v -0.331299 -0.227295 -0.402588
v -0.337646 -0.226807 -0.403564
v -0.340576 -0.227295 -0.405518
v -0.329346 -0.222412 -0.404053
v -0.334229 -0.222412 -0.403564
v -0.335693 -0.220459 -0.405518
v -0.336182 -0.224365 -0.403076
v -0.339111 -0.222900 -0.404541
v -0.338623 -0.222900 -0.404053
v -0.340088 -0.224854 -0.405029
v -0.337646 -0.221436 -0.405029
v -0.348877 -0.247314 -0.408936
v -0.357666 -0.246826 -0.412354
v -0.357178 -0.244873 -0.408447
v -0.370361 -0.245850 -0.436768
v -0.361572 -0.242920 -0.412354
v -0.363037 -0.239502 -0.412354
v -0.361084 -0.240967 -0.409424
v -0.363037 -0.235596 -0.412354
v -0.360596 -0.237549 -0.407959
v -0.363525 -0.237549 -0.412842
v -0.363525 -0.237549 -0.411865
v -0.349365 -0.228760 -0.407959
v -0.356689 -0.231201 -0.407959
v -0.357178 -0.229736 -0.411865
v -0.344971 -0.220947 -0.415771
v -0.347900 -0.222412 -0.420654
v -0.349854 -0.226318 -0.412842
v -0.361084 -0.233154 -0.411865
v -0.360107 -0.234131 -0.408936
v -0.348389 -0.238037 -0.405518
v -0.356689 -0.238037 -0.406006
v -0.322998 -0.218018 -0.428955
v -0.324951 -0.211670 -0.424561
v -0.315186 -0.215088 -0.415771
v -0.318115 -0.212646 -0.420166
v -0.320068 -0.218506 -0.407959
v -0.325928 -0.213623 -0.419189
v -0.314697 -0.207275 -0.417725
v -0.333740 -0.218506 -0.414795
v -0.332275 -0.213135 -0.406494
v -0.336670 -0.214600 -0.413330
v -0.336182 -0.213623 -0.410889
v -0.330322 -0.208252 -0.416748
v -0.328857 -0.206299 -0.421631
v -0.333252 -0.204834 -0.406982
v -0.342041 -0.207764 -0.414307
v -0.337158 -0.205811 -0.410889
v -0.313721 -0.201416 -0.414307
v -0.318604 -0.195557 -0.414307
v -0.315674 -0.201416 -0.409912
v -0.319580 -0.195557 -0.410889
v -0.325439 -0.196045 -0.407959
v -0.322998 -0.193115 -0.414307
v -0.326416 -0.191650 -0.414307
v -0.327881 -0.191162 -0.414795
v -0.322998 -0.193604 -0.411377
v -0.325928 -0.193604 -0.410400
v -0.327393 -0.191650 -0.413818
v -0.340576 -0.198486 -0.422119
v -0.334717 -0.201416 -0.421631
v -0.331787 -0.197021 -0.408936
v -0.335205 -0.197998 -0.411865
v -0.336182 -0.202393 -0.417236
v -0.341553 -0.198975 -0.418701
v -0.329346 -0.192139 -0.414307
v -0.329346 -0.194092 -0.410889
v -0.332275 -0.194092 -0.413330
v -0.312744 -0.217041 -0.403076
v -0.313232 -0.216553 -0.399170
v -0.314697 -0.216553 -0.401611
v -0.316650 -0.217041 -0.400635
v -0.313232 -0.214600 -0.403076
v -0.312744 -0.218018 -0.396240
v -0.313721 -0.218506 -0.395752
v -0.314697 -0.216553 -0.398193
v -0.321533 -0.211182 -0.405518
v -0.323486 -0.203369 -0.406006
v -0.351318 -0.216064 -0.420654
v -0.349365 -0.213623 -0.416260
v -0.350830 -0.205322 -0.418701
v -0.352295 -0.207275 -0.421631
v -0.351318 -0.201904 -0.423096
v -0.349854 -0.199463 -0.424072
v -0.344971 -0.197998 -0.422607
v -0.348877 -0.198486 -0.424072
v -0.348877 -0.198486 -0.423096
v -0.347900 -0.197998 -0.423584
v -0.347412 -0.199951 -0.419678
v -0.346436 -0.201904 -0.417236
v -0.349854 -0.201416 -0.420654
v -0.344971 -0.198486 -0.420166
v -0.366943 -0.198486 -0.400635
v -0.366455 -0.191162 -0.394287
v -0.374268 -0.191650 -0.400635
v -0.257080 -0.183838 -0.445557
v -0.259521 -0.181396 -0.442627
v -0.259033 -0.140381 -0.491943
v -0.253174 -0.137451 -0.472412
v -0.259033 -0.131592 -0.472412
v -0.252686 -0.140869 -0.438721
v -0.258545 -0.140869 -0.444092
v -0.253174 -0.137939 -0.444092
v -0.252686 -0.135010 -0.444092
v -0.259033 -0.137939 -0.438721
v -0.259033 -0.132080 -0.444092
v -0.311768 -0.150635 -0.451904
v -0.311768 -0.152100 -0.447021
v -0.311768 -0.152588 -0.438232
v -0.263428 -0.177979 -0.415283
v -0.266846 -0.174561 -0.414795
v -0.266357 -0.175049 -0.399658
v -0.265869 -0.175537 -0.392822
v -0.269287 -0.172119 -0.393799
v -0.303467 -0.185303 -0.395264
v -0.298584 -0.180420 -0.395264
v -0.310791 -0.152588 -0.397217
v -0.310791 -0.151611 -0.389404
v -0.310791 -0.149658 -0.383545
v -0.310791 -0.135498 -0.392822
v -0.300049 -0.130127 -0.395264
v -0.304932 -0.125244 -0.395264
v -0.308838 -0.135498 -0.387939
v -0.325439 -0.137451 -0.472412
v -0.319580 -0.131592 -0.472412
v -0.319092 -0.150146 -0.444092
v -0.330322 -0.140869 -0.453857
v -0.319092 -0.137939 -0.438721
v -0.324951 -0.137939 -0.444092
v -0.319092 -0.132080 -0.444092
v -0.312744 -0.165283 -0.387939
v -0.312744 -0.166748 -0.383545
v -0.312744 -0.161865 -0.390381
v -0.353760 -0.186768 -0.395264
v -0.359131 -0.181885 -0.395264
v -0.321045 -0.150635 -0.437256
v -0.318115 -0.150146 -0.390869
v -0.320557 -0.150635 -0.396729
v -0.315186 -0.135498 -0.395264
v -0.313721 -0.132568 -0.390381
v -0.313721 -0.128662 -0.387939
v -0.345947 -0.135986 -0.395264
v -0.349854 -0.136475 -0.393311
v -0.355225 -0.126221 -0.395264
v -0.351807 -0.136475 -0.388916
v -0.360107 -0.131592 -0.395264
v -0.367920 -0.125732 -0.394287
v -0.279053 -0.245850 -0.331787
v -0.282959 -0.247803 -0.364014
v -0.288330 -0.221436 -0.364014
v -0.283447 -0.247803 -0.330811
v -0.281494 -0.246826 -0.327881
v -0.283936 -0.221436 -0.331787
v -0.288818 -0.221436 -0.330811
v -0.286377 -0.221436 -0.327881
v -0.279053 -0.197510 -0.331787
v -0.283447 -0.195557 -0.364014
v -0.283447 -0.195557 -0.330811
v -0.281494 -0.196533 -0.327881
v -0.263916 -0.239014 -0.298584
v -0.264404 -0.239014 -0.292236
v -0.280518 -0.246338 -0.310791
v -0.276123 -0.244385 -0.310303
v -0.271729 -0.242432 -0.289307
v -0.274658 -0.243408 -0.292236
v -0.266357 -0.239990 -0.289307
v -0.267822 -0.221436 -0.299072
v -0.281006 -0.221436 -0.310303
v -0.267822 -0.221436 -0.292236
v -0.269775 -0.221436 -0.289307
v -0.276123 -0.221436 -0.289307
v -0.279053 -0.221436 -0.292236
v -0.285889 -0.221436 -0.310791
v -0.264404 -0.203857 -0.299072
v -0.264404 -0.203857 -0.292236
v -0.254150 -0.188721 -0.298584
v -0.254150 -0.188721 -0.292236
v -0.276123 -0.198486 -0.310303
v -0.281006 -0.197021 -0.310791
v -0.266357 -0.202881 -0.289307
v -0.272217 -0.200439 -0.289307
v -0.274658 -0.199463 -0.292236
v -0.268799 -0.173584 -0.363525
v -0.265381 -0.177002 -0.331787
v -0.268799 -0.173584 -0.330322
v -0.267334 -0.175049 -0.327881
v -0.308838 -0.135498 -0.348389
v -0.310791 -0.135498 -0.343994
v -0.263428 -0.179443 -0.309814
v -0.255615 -0.187256 -0.289307
v -0.260010 -0.182861 -0.289307
v -0.261963 -0.180908 -0.292236
v -0.266846 -0.176025 -0.310791
v -0.305908 -0.181396 -0.310303
v -0.301514 -0.177002 -0.310303
v -0.306885 -0.179932 -0.256104
v -0.302490 -0.175537 -0.256104
v -0.302979 -0.133057 -0.310303
v -0.307373 -0.128662 -0.310303
v -0.303467 -0.133545 -0.256104
v -0.307861 -0.129639 -0.256104
v -0.312744 -0.166748 -0.344971
v -0.312744 -0.165283 -0.340088
v -0.312744 -0.161865 -0.338135
v -0.330322 -0.140869 -0.361084
v -0.315186 -0.135498 -0.342041
v -0.313721 -0.132568 -0.338135
v -0.313721 -0.128662 -0.340088
v -0.349854 -0.136475 -0.344482
v -0.351807 -0.136475 -0.348877
v -0.345947 -0.135986 -0.342041
v -0.350342 -0.182861 -0.310303
v -0.354736 -0.178467 -0.310303
v -0.348389 -0.180908 -0.256104
v -0.352783 -0.176514 -0.256104
v -0.355713 -0.134033 -0.310303
v -0.351807 -0.129639 -0.310303
v -0.353760 -0.135010 -0.256104
v -0.349854 -0.130615 -0.256104
v -0.379639 -0.236572 -0.492432
v -0.378662 -0.233154 -0.494385
v -0.378662 -0.235107 -0.438232
v -0.379150 -0.197021 -0.458740
v -0.375244 -0.236084 -0.435791
v -0.375732 -0.125244 -0.400635
v -0.290283 -0.118408 -0.458740
v -0.297119 -0.111572 -0.458740
v -0.312256 -0.114014 -0.446045
v -0.312256 -0.114990 -0.442139
v -0.295166 -0.123291 -0.398193
v -0.302490 -0.124268 -0.391846
v -0.302002 -0.116455 -0.398193
v -0.308350 -0.115479 -0.398193
v -0.308350 -0.114990 -0.393311
v -0.308350 -0.111084 -0.387939
v -0.320068 -0.120361 -0.445557
v -0.322021 -0.119385 -0.437744
v -0.343018 -0.112061 -0.446045
v -0.343018 -0.115479 -0.438721
v -0.347412 -0.108643 -0.494385
v -0.345947 -0.105713 -0.492432
v -0.351318 -0.099854 -0.494385
v -0.351807 -0.098389 -0.492432
v -0.352783 -0.097412 -0.489502
v -0.344482 -0.112061 -0.442139
v -0.373779 -0.113037 -0.458740
v -0.346924 -0.107178 -0.438232
v -0.352783 -0.099365 -0.440186
v -0.352295 -0.094971 -0.441162
v -0.349365 -0.092529 -0.492920
v -0.346924 -0.087646 -0.493896
v -0.344971 -0.088135 -0.491455
v -0.345947 -0.086670 -0.438721
v -0.312744 -0.118408 -0.383545
v -0.320068 -0.118408 -0.389893
v -0.341553 -0.116943 -0.398193
v -0.341064 -0.114502 -0.390869
v -0.343018 -0.111572 -0.392334
v -0.340576 -0.111572 -0.387451
v -0.344971 -0.112061 -0.434326
v -0.350830 -0.106201 -0.435791
v -0.343994 -0.112061 -0.398682
v -0.368896 -0.117920 -0.400635
v -0.349854 -0.087158 -0.436279
v -0.310791 -0.035889 -0.442139
v -0.312256 -0.035889 -0.441162
v -0.310791 -0.035400 -0.439209
v -0.310791 -0.037354 -0.435303
v -0.308838 -0.036865 -0.398193
v -0.308838 -0.035889 -0.393311
v -0.309326 -0.034424 -0.398193
v -0.309326 -0.034912 -0.393311
v -0.308838 -0.038818 -0.387939
v -0.308838 -0.030518 -0.387939
v -0.342041 -0.036865 -0.439209
v -0.343994 -0.041748 -0.446045
v -0.343994 -0.038818 -0.442627
v -0.343018 -0.031006 -0.446045
v -0.342041 -0.038330 -0.433838
v -0.343506 -0.041748 -0.392334
v -0.341064 -0.037842 -0.398193
v -0.342529 -0.036377 -0.398193
v -0.342041 -0.038330 -0.390869
v -0.341064 -0.035889 -0.393311
v -0.341553 -0.041260 -0.387451
v -0.345947 -0.042236 -0.434326
v -0.344482 -0.031494 -0.434326
v -0.344971 -0.041748 -0.398682
v -0.343506 -0.030518 -0.398682
v -0.342529 -0.030518 -0.392334
v -0.340576 -0.030029 -0.387451
v -0.316650 -0.004150 -0.267822
v -0.314697 -0.000244 -0.269775
v -0.314209 -0.002686 -0.267822
v -0.314697 -0.002197 -0.269287
v -0.313232 -0.000244 -0.267822
v -0.316650 -0.002686 -0.269775
v -0.316650 -0.000732 -0.271240
v -0.339600 -0.005127 -0.267822
v -0.339600 -0.003662 -0.269775
v -0.339600 -0.001221 -0.271240
v -0.342041 -0.001709 -0.269775
v -0.341553 -0.003174 -0.269287
v -0.342041 -0.003662 -0.267822
v -0.343506 -0.001709 -0.267822
v -0.405518 -0.097412 -0.489502
v -0.380615 -0.120361 -0.458740
v -0.413818 -0.108643 -0.494385
v -0.415283 -0.105713 -0.492432
v -0.409912 -0.098389 -0.492432
v -0.410889 -0.099854 -0.494385
v -0.414307 -0.107178 -0.438232
v -0.408936 -0.099365 -0.440186
v -0.406494 -0.094971 -0.441162
v -0.409424 -0.092529 -0.492920
v -0.411865 -0.087646 -0.493896
v -0.413818 -0.088135 -0.491455
v -0.412354 -0.086670 -0.438721
v -0.410400 -0.106201 -0.435791
v -0.408936 -0.087158 -0.436279
v -0.307373 -0.181396 -0.192139
v -0.302979 -0.177002 -0.192139
v -0.306396 -0.165771 -0.196533
v -0.308838 -0.167236 -0.194092
v -0.305420 -0.163330 -0.197998
v -0.304443 -0.134521 -0.192139
v -0.305908 -0.135498 -0.197998
v -0.308838 -0.130127 -0.192139
v -0.350342 -0.182373 -0.192139
v -0.354736 -0.178467 -0.192139
v -0.322510 -0.131104 -0.199463
v -0.346924 -0.135498 -0.195557
v -0.345947 -0.133057 -0.197998
v -0.355713 -0.135986 -0.192139
v -0.343994 -0.131592 -0.199463
v -0.351318 -0.131104 -0.192139
v -0.321533 -0.162842 -0.165771
v -0.333252 -0.167725 -0.167725
v -0.335205 -0.166748 -0.165283
v -0.336670 -0.164307 -0.163818
v -0.343018 -0.163330 -0.165771
v -0.344971 -0.162354 -0.167236
v -0.345947 -0.159912 -0.169678
v -0.337158 -0.135986 -0.163818
v -0.259521 -0.246338 -0.031006
v -0.264893 -0.249268 -0.029541
v -0.264893 -0.242432 -0.010010
v -0.259521 -0.239502 -0.010986
v -0.303955 -0.189697 -0.056885
v -0.303955 -0.191650 -0.053955
v -0.303955 -0.191650 -0.016357
v -0.303955 -0.189697 -0.013428
v -0.354248 -0.187744 -0.058838
v -0.353760 -0.190674 -0.056885
v -0.356689 -0.190186 -0.056396
v -0.357178 -0.187744 -0.056885
v -0.353760 -0.192627 -0.053955
v -0.357178 -0.191162 -0.053955
v -0.359131 -0.187744 -0.053955
v -0.373291 -0.187744 -0.042725
v -0.353760 -0.192627 -0.016357
v -0.357178 -0.191162 -0.016357
v -0.359131 -0.187744 -0.016357
v -0.353760 -0.190674 -0.013428
v -0.354248 -0.187744 -0.011475
v -0.356689 -0.190186 -0.013916
v -0.357178 -0.187744 -0.013428
v -0.304443 -0.186279 -0.058838
v -0.302490 -0.179932 -0.040283
v -0.307373 -0.184814 -0.040283
v -0.304443 -0.186279 -0.011475
v -0.305908 -0.141357 -0.058838
v -0.306396 -0.136475 -0.053955
v -0.303955 -0.134521 -0.040283
v -0.308838 -0.130127 -0.040283
v -0.305908 -0.141357 -0.011475
v -0.306396 -0.136475 -0.016357
v -0.320068 -0.173584 -0.038330
v -0.353760 -0.186279 -0.040283
v -0.358154 -0.181396 -0.040283
v -0.365967 -0.182373 -0.047607
v -0.373291 -0.182373 -0.047607
v -0.365967 -0.185303 -0.045654
v -0.365967 -0.187256 -0.042725
v -0.373291 -0.185303 -0.045654
v -0.365967 -0.187256 -0.030029
v -0.365967 -0.185303 -0.027100
v -0.365967 -0.182373 -0.025146
v -0.373291 -0.187256 -0.030029
v -0.373291 -0.185303 -0.027100
v -0.373291 -0.182373 -0.025146
v -0.359619 -0.141357 -0.056885
v -0.361084 -0.142822 -0.053955
v -0.373779 -0.143311 -0.047607
v -0.366943 -0.143311 -0.045654
v -0.357178 -0.140381 -0.058838
v -0.356689 -0.138428 -0.056885
v -0.359131 -0.138916 -0.053955
v -0.355713 -0.137451 -0.053955
v -0.357666 -0.136963 -0.040283
v -0.354248 -0.132568 -0.040771
v -0.374268 -0.139404 -0.047607
v -0.366943 -0.139404 -0.045654
v -0.359131 -0.142822 -0.013428
v -0.355713 -0.142822 -0.011475
v -0.361084 -0.142822 -0.016357
v -0.373779 -0.143311 -0.025635
v -0.359619 -0.139404 -0.016846
v -0.374268 -0.139404 -0.025635
v -0.376709 -0.187744 -0.041260
v -0.382568 -0.187744 -0.040283
v -0.383057 -0.187744 -0.031494
v -0.376709 -0.187744 -0.030518
v -0.379639 -0.187744 -0.026123
v -0.387939 -0.187744 -0.002197
v -0.376709 -0.185791 -0.044189
v -0.382568 -0.186279 -0.042725
v -0.376709 -0.182861 -0.045654
v -0.377197 -0.183350 -0.042725
v -0.382568 -0.183350 -0.044678
v -0.378174 -0.182861 -0.031494
v -0.380615 -0.182861 -0.031982
v -0.382080 -0.182373 -0.031982
v -0.385010 -0.185791 -0.042725
v -0.385498 -0.186279 -0.040283
v -0.385498 -0.183350 -0.042725
v -0.386963 -0.183350 -0.040283
v -0.385986 -0.186279 -0.031982
v -0.387451 -0.183350 -0.031982
v -0.386963 -0.181396 -0.031494
v -0.376709 -0.185791 -0.027588
v -0.378662 -0.185791 -0.029053
v -0.381592 -0.185791 -0.030029
v -0.376709 -0.182861 -0.026611
v -0.383057 -0.186279 -0.029053
v -0.384033 -0.185791 -0.027588
v -0.385498 -0.185791 -0.029541
v -0.384033 -0.184326 -0.030518
v -0.386475 -0.183838 -0.031006
v -0.386475 -0.185303 -0.028076
v -0.383057 -0.187256 -0.027100
v -0.383545 -0.183350 -0.030518
v -0.383057 -0.183350 -0.027588
v -0.385986 -0.183350 -0.029053
v -0.389404 -0.181396 -0.029053
v -0.390381 -0.187256 -0.005615
v -0.391357 -0.185791 -0.008545
v -0.393799 -0.184326 -0.010498
v -0.395264 -0.181396 -0.011963
v -0.394775 -0.181396 -0.008057
v -0.392334 -0.184326 -0.006104
v -0.394287 -0.183838 -0.007568
v -0.391846 -0.185791 -0.001709
v -0.392822 -0.181396 -0.004639
v -0.392334 -0.182861 -0.000244
v -0.394287 -0.183350 -0.001709
v -0.376709 -0.143311 -0.045654
v -0.375732 -0.143799 -0.044189
v -0.377686 -0.143311 -0.042236
v -0.382080 -0.143799 -0.043701
v -0.379150 -0.143311 -0.033447
v -0.382080 -0.143799 -0.033936
v -0.383057 -0.143799 -0.044678
v -0.385986 -0.143799 -0.043213
v -0.385010 -0.143799 -0.042725
v -0.385498 -0.143799 -0.039795
v -0.387451 -0.143799 -0.040283
v -0.383057 -0.143799 -0.033936
v -0.383545 -0.143799 -0.033936
v -0.385986 -0.143799 -0.032471
v -0.385986 -0.143799 -0.031982
v -0.387451 -0.143799 -0.033447
v -0.387939 -0.143799 -0.031982
v -0.375732 -0.139404 -0.044678
v -0.377197 -0.139404 -0.045654
v -0.378174 -0.139404 -0.042236
v -0.382568 -0.139893 -0.043701
v -0.383057 -0.139893 -0.044678
v -0.385986 -0.139893 -0.043213
v -0.385010 -0.139893 -0.042725
v -0.385498 -0.139893 -0.039795
v -0.387451 -0.139893 -0.040283
v -0.385986 -0.139893 -0.031982
v -0.385986 -0.139404 -0.032471
v -0.387939 -0.139893 -0.031982
v -0.376709 -0.143311 -0.027588
v -0.377686 -0.143311 -0.030518
v -0.383057 -0.143799 -0.028076
v -0.385498 -0.143799 -0.029541
v -0.386475 -0.143799 -0.029053
v -0.383545 -0.143799 -0.027100
v -0.386963 -0.143799 -0.029053
v -0.389893 -0.143799 -0.030518
v -0.390381 -0.143799 -0.007080
v -0.392334 -0.143799 -0.012939
v -0.392334 -0.143799 -0.009521
v -0.395752 -0.143799 -0.013428
v -0.395264 -0.143799 -0.009033
v -0.393311 -0.143799 -0.006104
v -0.393311 -0.143311 -0.006592
v -0.393799 -0.143799 -0.002197
v -0.376709 -0.139404 -0.027588
v -0.377686 -0.139404 -0.030518
v -0.383057 -0.139404 -0.028076
v -0.385498 -0.139893 -0.029541
v -0.386475 -0.139893 -0.029053
v -0.383545 -0.139404 -0.027100
v -0.386963 -0.139404 -0.029053
v -0.390381 -0.139404 -0.007080
v -0.392334 -0.139404 -0.012939
v -0.392334 -0.139404 -0.009521
v -0.393311 -0.139404 -0.006592
v -0.393799 -0.139404 -0.002686
v -0.316650 -0.004150 -0.139893
v -0.314209 -0.002686 -0.139893
v -0.314697 -0.002197 -0.137939
v -0.313232 -0.000244 -0.139893
v -0.314697 -0.000244 -0.137451
v -0.316650 -0.002686 -0.137451
v -0.316650 -0.000732 -0.136475
v -0.339600 -0.005127 -0.139893
v -0.339600 -0.003662 -0.137451
v -0.339600 -0.001221 -0.136475
v -0.341553 -0.003174 -0.137939
v -0.342041 -0.003662 -0.139893
v -0.343506 -0.001709 -0.139893
v -0.342041 -0.001709 -0.137451
v -0.322998 -0.022705 -0.022705
v -0.344482 -0.023682 -0.022705
v -0.346436 -0.022217 -0.024170
v -0.347412 -0.020264 -0.026611
v -0.390381 -0.100830 -0.009033
v -0.385986 -0.095947 -0.006592
v -0.397217 -0.100342 -0.004639
v -0.392334 -0.093994 -0.002686
v -0.390381 -0.092529 -0.004150
v -0.391846 -0.090576 -0.008545
v -0.398193 -0.091553 -0.004150
v -0.397217 -0.084717 -0.011475
v -0.403564 -0.084717 -0.006592
v -0.399170 -0.003662 -0.015381
v -0.405029 -0.003662 -0.010498
v -0.226807 -0.456787 0.020752
v -0.220459 -0.451416 0.000244
v -0.220947 -0.437744 0.002197
v -0.220459 -0.452393 0.020752
v -0.220947 -0.438721 0.019775
v -0.226807 -0.454346 0.041748
v -0.220459 -0.449951 0.040771
v -0.227295 -0.447021 0.061768
v -0.220947 -0.443115 0.059814
v -0.225830 -0.432373 0.003174
v -0.231201 -0.430420 0.003174
v -0.225830 -0.433838 0.019775
v -0.231201 -0.431396 0.018799
v -0.220947 -0.436279 0.037354
v -0.225830 -0.431396 0.036377
v -0.231201 -0.428955 0.035889
v -0.220947 -0.430420 0.054443
v -0.226318 -0.426025 0.052002
v -0.231689 -0.423584 0.051025
v -0.220947 -0.432861 0.077393
v -0.227295 -0.436279 0.080322
v -0.221436 -0.421631 0.069580
v -0.226318 -0.417236 0.066650
v -0.231689 -0.415283 0.065186
v -0.221436 -0.419189 0.093018
v -0.221436 -0.409424 0.082764
v -0.238525 -0.407471 0.074951
v -0.227783 -0.422119 0.095947
v -0.232178 -0.410889 0.100830
v -0.232178 -0.414795 0.110596
v -0.232178 -0.410889 0.119873
v -0.236084 -0.413330 0.098877
v -0.239990 -0.411377 0.100830
v -0.236572 -0.407959 0.104248
v -0.236084 -0.417725 0.110596
v -0.239990 -0.414795 0.110596
v -0.236084 -0.410400 0.110596
v -0.236572 -0.407959 0.116943
v -0.236084 -0.413330 0.122314
v -0.239990 -0.411377 0.119873
v -0.232178 -0.404541 0.077393
v -0.224854 -0.401611 0.083252
v -0.226807 -0.406006 0.078857
v -0.226807 -0.405518 0.085205
v -0.230225 -0.401611 0.088623
v -0.221924 -0.395264 0.093506
v -0.227295 -0.397705 0.085205
v -0.226807 -0.392822 0.089111
v -0.232178 -0.391357 0.087158
v -0.236572 -0.401611 0.077881
v -0.236572 -0.405518 0.081299
v -0.236572 -0.402100 0.085693
v -0.236572 -0.402100 0.093506
v -0.245850 -0.406006 0.085205
v -0.247803 -0.401611 0.083252
v -0.248291 -0.402100 0.083252
v -0.242920 -0.402100 0.088623
v -0.236572 -0.398193 0.081299
v -0.245850 -0.398193 0.085205
v -0.222900 -0.405518 0.094971
v -0.219971 -0.401611 0.094971
v -0.221924 -0.402588 0.105225
v -0.224854 -0.401611 0.106689
v -0.227783 -0.401611 0.094971
v -0.230225 -0.401611 0.101318
v -0.232666 -0.401611 0.096924
v -0.226807 -0.405518 0.104248
v -0.228271 -0.405029 0.108643
v -0.223389 -0.397705 0.094971
v -0.227295 -0.397705 0.104248
v -0.224854 -0.401611 0.117432
v -0.226807 -0.405518 0.119385
v -0.230225 -0.402100 0.122803
v -0.232666 -0.402100 0.123779
v -0.227295 -0.397705 0.119385
v -0.232666 -0.392822 0.119873
v -0.236572 -0.402100 0.101318
v -0.240479 -0.402100 0.096924
v -0.236572 -0.406006 0.108154
v -0.236572 -0.402100 0.103760
v -0.249756 -0.406006 0.094971
v -0.245361 -0.402100 0.094971
v -0.242920 -0.402100 0.101318
v -0.245850 -0.406006 0.104248
v -0.248291 -0.402100 0.106689
v -0.236572 -0.390869 0.098877
v -0.240479 -0.392822 0.100830
v -0.236572 -0.395752 0.104248
v -0.236572 -0.398193 0.108154
v -0.249756 -0.398193 0.094971
v -0.245850 -0.398193 0.104248
v -0.236572 -0.406006 0.115479
v -0.236572 -0.402100 0.111572
v -0.236572 -0.402100 0.112549
v -0.236572 -0.402100 0.119385
v -0.236572 -0.402100 0.120361
v -0.240479 -0.402100 0.123779
v -0.245850 -0.406006 0.119385
v -0.242920 -0.402100 0.122803
v -0.248291 -0.402100 0.117432
v -0.236572 -0.398193 0.115479
v -0.236572 -0.395752 0.116943
v -0.236572 -0.393311 0.110596
v -0.236572 -0.390869 0.122314
v -0.240479 -0.392822 0.119873
v -0.245850 -0.398193 0.119385
v -0.233154 -0.390381 0.100830
v -0.222412 -0.379150 0.101318
v -0.227295 -0.377197 0.096436
v -0.232666 -0.376709 0.093994
v -0.222412 -0.384033 0.114014
v -0.232666 -0.388916 0.110596
v -0.228760 -0.385498 0.117920
v -0.240967 -0.389404 0.110596
v -0.237061 -0.385986 0.110596
v -0.213135 -0.443604 0.152100
v -0.213135 -0.448486 0.156494
v -0.208740 -0.443604 0.156494
v -0.210693 -0.447998 0.202881
v -0.213135 -0.449463 0.200928
v -0.208252 -0.445068 0.200928
v -0.211182 -0.447510 0.203369
v -0.213135 -0.445557 0.205811
v -0.232178 -0.411377 0.139404
v -0.232178 -0.414795 0.148682
v -0.236084 -0.413330 0.136963
v -0.239990 -0.411377 0.139404
v -0.236084 -0.418213 0.148682
v -0.239990 -0.415283 0.148682
v -0.236572 -0.408447 0.142334
v -0.236084 -0.410889 0.148682
v -0.236572 -0.408447 0.155029
v -0.232178 -0.411377 0.158447
v -0.236084 -0.413330 0.160400
v -0.239990 -0.411377 0.158447
v -0.214111 -0.404053 0.152100
v -0.209717 -0.404053 0.156494
v -0.214111 -0.399658 0.156494
v -0.216553 -0.400635 0.164795
v -0.222900 -0.405518 0.129150
v -0.219971 -0.401611 0.129150
v -0.227783 -0.401611 0.129150
v -0.226807 -0.405518 0.138916
v -0.230225 -0.402100 0.135498
v -0.232666 -0.402100 0.135498
v -0.223389 -0.397705 0.129150
v -0.227295 -0.398193 0.138916
v -0.232666 -0.392822 0.139404
v -0.224854 -0.401611 0.140869
v -0.236572 -0.402100 0.127197
v -0.236572 -0.402100 0.132080
v -0.236572 -0.402100 0.137939
v -0.236572 -0.402100 0.139893
v -0.240479 -0.402100 0.135498
v -0.249756 -0.406006 0.129150
v -0.245361 -0.402100 0.129150
v -0.245850 -0.406006 0.138916
v -0.242920 -0.402100 0.135498
v -0.236572 -0.390869 0.136963
v -0.240479 -0.392822 0.139404
v -0.249756 -0.398193 0.129150
v -0.245850 -0.398193 0.138916
v -0.236572 -0.406006 0.142822
v -0.236572 -0.402100 0.145752
v -0.248291 -0.402100 0.140869
v -0.236572 -0.398193 0.142822
v -0.236572 -0.395752 0.142334
v -0.236572 -0.396240 0.155029
v -0.236572 -0.393311 0.148682
v -0.232666 -0.389404 0.148682
v -0.240967 -0.389404 0.148682
v -0.237061 -0.385986 0.148682
v -0.221924 -0.400635 0.159424
v -0.232666 -0.402100 0.162354
v -0.232666 -0.392822 0.158447
v -0.236572 -0.402100 0.157959
v -0.240479 -0.402100 0.162354
v -0.236572 -0.402100 0.165771
v -0.247314 -0.401123 0.159424
v -0.236572 -0.390869 0.160400
v -0.240479 -0.393311 0.158447
v -0.209717 -0.403564 0.200928
v -0.216553 -0.400146 0.194092
v -0.212158 -0.401123 0.202881
v -0.214600 -0.399658 0.200928
v -0.214111 -0.404053 0.205811
v -0.212158 -0.401611 0.203369
v -0.221924 -0.400635 0.199463
v -0.247314 -0.401123 0.199463
v -0.222900 -0.361572 0.105713
v -0.227783 -0.361084 0.100342
v -0.233154 -0.360596 0.097900
v -0.222900 -0.364014 0.118896
v -0.229248 -0.364502 0.123291
v -0.228271 -0.343994 0.101318
v -0.233643 -0.343994 0.098877
v -0.234619 -0.312744 0.091064
v -0.222900 -0.343506 0.106201
v -0.223389 -0.343018 0.119873
v -0.229736 -0.343018 0.124268
v -0.223389 -0.325439 0.103760
v -0.228760 -0.326904 0.098389
v -0.233643 -0.327393 0.096436
v -0.223877 -0.322510 0.116943
v -0.230225 -0.321533 0.120850
v -0.230225 -0.259521 0.010986
v -0.225342 -0.254150 0.010986
v -0.230225 -0.260498 0.028076
v -0.225342 -0.255127 0.028564
v -0.235107 -0.262451 0.011475
v -0.235107 -0.263428 0.027588
v -0.224854 -0.267822 0.061768
v -0.229736 -0.272705 0.059326
v -0.235107 -0.267334 0.043213
v -0.239502 -0.278076 0.062256
v -0.235107 -0.274658 0.057861
v -0.235107 -0.275635 0.062256
v -0.224854 -0.260010 0.045654
v -0.229736 -0.264893 0.044189
v -0.228760 -0.310791 0.093018
v -0.234619 -0.297119 0.082275
v -0.229736 -0.282959 0.072510
v -0.224365 -0.292725 0.088135
v -0.229248 -0.295654 0.084229
v -0.234619 -0.284912 0.071045
v -0.223877 -0.308350 0.097412
v -0.223877 -0.302490 0.109619
v -0.230713 -0.301025 0.113525
v -0.224365 -0.284424 0.098877
v -0.231201 -0.281982 0.102295
v -0.239502 -0.281494 0.110107
v -0.224365 -0.279053 0.076416
v -0.224854 -0.268799 0.085205
v -0.230225 -0.269287 0.085205
v -0.229736 -0.268311 0.084229
v -0.231201 -0.265869 0.088135
v -0.244385 -0.275635 0.063232
v -0.239990 -0.272217 0.063232
v -0.239990 -0.265869 0.077881
v -0.235107 -0.272217 0.082764
v -0.239990 -0.270264 0.080322
v -0.237061 -0.269287 0.084717
v -0.239990 -0.265869 0.082764
v -0.239990 -0.265869 0.085693
v -0.235596 -0.265869 0.086182
v -0.239990 -0.265869 0.089600
v -0.239990 -0.265869 0.093506
v -0.244385 -0.272217 0.082764
v -0.249268 -0.269775 0.085205
v -0.244385 -0.265869 0.086182
v -0.246338 -0.265869 0.088135
v -0.225342 -0.256104 0.068604
v -0.231689 -0.252686 0.071045
v -0.228271 -0.265381 0.082764
v -0.230713 -0.261475 0.085205
v -0.233643 -0.265381 0.088135
v -0.239990 -0.258545 0.063232
v -0.236084 -0.255615 0.063232
v -0.240479 -0.253174 0.063232
v -0.244873 -0.255615 0.063232
v -0.239990 -0.261963 0.080322
v -0.240479 -0.261963 0.080322
v -0.235596 -0.259521 0.082764
v -0.240479 -0.258057 0.084717
v -0.244873 -0.259521 0.082764
v -0.226318 -0.269287 0.094482
v -0.233643 -0.265869 0.100830
v -0.230225 -0.269287 0.104248
v -0.230225 -0.269287 0.119385
v -0.233643 -0.265869 0.122314
v -0.235596 -0.274658 0.100830
v -0.239502 -0.277100 0.098389
v -0.243408 -0.275146 0.100830
v -0.236084 -0.265869 0.096436
v -0.239990 -0.265869 0.101318
v -0.239502 -0.271729 0.103760
v -0.239990 -0.269775 0.108154
v -0.239990 -0.265869 0.103760
v -0.243896 -0.265869 0.096436
v -0.248779 -0.265869 0.094482
v -0.246338 -0.265869 0.100830
v -0.249268 -0.269775 0.104248
v -0.235596 -0.278564 0.110107
v -0.239502 -0.274658 0.110107
v -0.235596 -0.275146 0.119873
v -0.239502 -0.277100 0.121826
v -0.243408 -0.278564 0.110107
v -0.243408 -0.275146 0.119873
v -0.239502 -0.271729 0.116455
v -0.239990 -0.269775 0.115479
v -0.239990 -0.265869 0.111572
v -0.239990 -0.265869 0.112061
v -0.236084 -0.265869 0.123779
v -0.239990 -0.265869 0.119385
v -0.239990 -0.265869 0.119873
v -0.249268 -0.269775 0.119385
v -0.243896 -0.265869 0.123779
v -0.246338 -0.265869 0.122314
v -0.223389 -0.265381 0.094482
v -0.230713 -0.265381 0.094482
v -0.226807 -0.261475 0.094482
v -0.228271 -0.265381 0.106201
v -0.230713 -0.261963 0.104248
v -0.228271 -0.265381 0.116943
v -0.230713 -0.261963 0.119385
v -0.239990 -0.261963 0.108154
v -0.239990 -0.259521 0.103760
v -0.249268 -0.261963 0.104248
v -0.236084 -0.256592 0.100830
v -0.239990 -0.254639 0.098389
v -0.243896 -0.256592 0.100830
v -0.239990 -0.261963 0.115479
v -0.239990 -0.259521 0.116455
v -0.249268 -0.261963 0.119385
v -0.239990 -0.257080 0.110107
v -0.236084 -0.252686 0.110107
v -0.236084 -0.256592 0.119873
v -0.239990 -0.254639 0.121826
v -0.243896 -0.253174 0.110107
v -0.243896 -0.256592 0.119873
v -0.239502 -0.281982 0.148682
v -0.226318 -0.269287 0.128662
v -0.230713 -0.265869 0.128662
v -0.230225 -0.269775 0.138428
v -0.233643 -0.265869 0.135010
v -0.235596 -0.275146 0.138916
v -0.239502 -0.277100 0.136963
v -0.243408 -0.275146 0.138916
v -0.239990 -0.265869 0.127197
v -0.239990 -0.265869 0.131592
v -0.236084 -0.265869 0.135010
v -0.239990 -0.265869 0.137939
v -0.239990 -0.265869 0.139404
v -0.248779 -0.265869 0.128662
v -0.249268 -0.269775 0.138428
v -0.243896 -0.265869 0.135010
v -0.246338 -0.265869 0.135010
v -0.235596 -0.278564 0.148682
v -0.239502 -0.274658 0.148682
v -0.243408 -0.279053 0.148682
v -0.239502 -0.272217 0.141846
v -0.239990 -0.269775 0.142334
v -0.239990 -0.265869 0.145752
v -0.239502 -0.272217 0.155029
v -0.223389 -0.265381 0.128662
v -0.226807 -0.261475 0.128662
v -0.228271 -0.265381 0.140381
v -0.230713 -0.261963 0.138428
v -0.249268 -0.261963 0.138428
v -0.236084 -0.256592 0.138916
v -0.239990 -0.254639 0.136963
v -0.243896 -0.257080 0.138916
v -0.239990 -0.261963 0.142334
v -0.239990 -0.260010 0.141846
v -0.239990 -0.260010 0.155029
v -0.239990 -0.257080 0.148682
v -0.236084 -0.253174 0.148682
v -0.239990 -0.250244 0.148682
v -0.243896 -0.253174 0.148682
v -0.235596 -0.275146 0.157959
v -0.239502 -0.277100 0.160400
v -0.243408 -0.275146 0.157959
v -0.236084 -0.265869 0.161865
v -0.239990 -0.265869 0.157471
v -0.239990 -0.265869 0.165283
v -0.243896 -0.265869 0.161865
v -0.236084 -0.256592 0.157959
v -0.239990 -0.254639 0.160400
v -0.243896 -0.257080 0.157959
v -0.254639 -0.457764 0.020752
v -0.261963 -0.454346 0.021240
v -0.260010 -0.452881 0.000244
v -0.254639 -0.454834 0.041748
v -0.261963 -0.451904 0.041260
v -0.255127 -0.447998 0.061768
v -0.261963 -0.445068 0.060791
v -0.255127 -0.436768 0.079834
v -0.262451 -0.434814 0.078369
v -0.260986 -0.420166 0.093506
v -0.255615 -0.422607 0.095947
v -0.253174 -0.402100 0.094971
v -0.256104 -0.405518 0.108643
v -0.261475 -0.403564 0.106201
v -0.256592 -0.386475 0.117920
v -0.261963 -0.385010 0.114990
v -0.253662 -0.445557 0.152100
v -0.253662 -0.449951 0.156982
v -0.258545 -0.445557 0.156982
v -0.253662 -0.450928 0.200928
v -0.256104 -0.448975 0.202881
v -0.258545 -0.446533 0.200928
v -0.253662 -0.446533 0.205811
v -0.255615 -0.448486 0.203369
v -0.253174 -0.402100 0.129150
v -0.254639 -0.405518 0.152100
v -0.255127 -0.401123 0.156494
v -0.252686 -0.401611 0.164795
v -0.259521 -0.405518 0.156494
v -0.252686 -0.401123 0.194092
v -0.257080 -0.402588 0.202881
v -0.255127 -0.400635 0.200928
v -0.259521 -0.405029 0.200928
v -0.254639 -0.405029 0.205811
v -0.257080 -0.403076 0.203369
v -0.257080 -0.365479 0.123291
v -0.262451 -0.364502 0.119873
v -0.257568 -0.343506 0.124268
v -0.262939 -0.343506 0.120850
v -0.258057 -0.322021 0.120850
v -0.263428 -0.322510 0.117920
v -0.258545 -0.301514 0.113525
v -0.263916 -0.302490 0.110596
v -0.263916 -0.284424 0.099854
v -0.259033 -0.282471 0.102295
v -0.251709 -0.265869 0.082764
v -0.264404 -0.268311 0.085693
v -0.259033 -0.266357 0.088135
v -0.264893 -0.255615 0.069092
v -0.259521 -0.253174 0.070557
v -0.250244 -0.261963 0.084229
v -0.253174 -0.269775 0.094482
v -0.256104 -0.265869 0.094482
v -0.251709 -0.265869 0.106201
v -0.251709 -0.265869 0.116943
v -0.253174 -0.261963 0.094482
v -0.253174 -0.269775 0.128662
v -0.256104 -0.266357 0.128662
v -0.251709 -0.265869 0.140381
v -0.253174 -0.262451 0.128662
v -0.119385 -0.197510 0.029053
v -0.119873 -0.192139 0.023193
v -0.124756 -0.192627 0.029053
v -0.119385 -0.197510 0.052490
v -0.124756 -0.192627 0.052490
v -0.119873 -0.192139 0.058350
v -0.037842 -0.169678 0.050049
v -0.037354 -0.167236 0.049072
v -0.040283 -0.171143 0.051514
v -0.044678 -0.171143 0.053955
v -0.046143 -0.165283 0.054443
v -0.046143 -0.170166 0.054932
v -0.044678 -0.167236 0.054932
v -0.037842 -0.159912 0.049072
v -0.045166 -0.159424 0.054932
v -0.048584 -0.171631 0.054932
v -0.055908 -0.171631 0.054932
v -0.058838 -0.170654 0.054932
v -0.060303 -0.168213 0.054932
v -0.060791 -0.160889 0.054932
v -0.083740 -0.180420 0.024170
v -0.079346 -0.177979 0.024170
v -0.089600 -0.180420 0.059814
v -0.092041 -0.182373 0.056885
v -0.091553 -0.180420 0.055908
v -0.091064 -0.183350 0.059814
v -0.106201 -0.181396 0.024170
v -0.110596 -0.179443 0.024170
v -0.093994 -0.185303 0.059814
v -0.093994 -0.182861 0.055908
v -0.096924 -0.172607 0.050049
v -0.098389 -0.173584 0.052490
v -0.102783 -0.174072 0.057861
v -0.104736 -0.173096 0.060303
v -0.115967 -0.183838 0.055908
v -0.115479 -0.186279 0.059814
v -0.117920 -0.183838 0.056885
v -0.118896 -0.184814 0.059814
v -0.118408 -0.181885 0.055908
v -0.120850 -0.181885 0.059814
v -0.096436 -0.170166 0.049072
v -0.105225 -0.170654 0.061279
v -0.096924 -0.162354 0.049072
v -0.105713 -0.162842 0.061279
v -0.079834 -0.154053 0.024170
v -0.093018 -0.153564 0.055908
v -0.090576 -0.153564 0.059814
v -0.111572 -0.155518 0.024170
v -0.121826 -0.132080 0.023193
v -0.119873 -0.155029 0.055908
v -0.122314 -0.155029 0.059814
v -0.121826 -0.132080 0.058350
v -0.095947 -0.173096 0.115479
v -0.097412 -0.173584 0.115479
v -0.098877 -0.173584 0.115967
v -0.099854 -0.173584 0.114014
v -0.097900 -0.173584 0.122803
v -0.094971 -0.170166 0.115479
v -0.100342 -0.170166 0.111572
v -0.095459 -0.166260 0.115479
v -0.101318 -0.162354 0.112061
v -0.000244 -0.176025 0.166260
v -0.000244 -0.180420 0.175537
v -0.006592 -0.180908 0.182373
v -0.013916 -0.180908 0.187256
v -0.004150 -0.176025 0.173096
v -0.010010 -0.176514 0.178467
v -0.016846 -0.177002 0.183350
v -0.024170 -0.177002 0.186279
v -0.029541 -0.177490 0.187256
v -0.056396 -0.178955 0.187256
v -0.061768 -0.178955 0.185791
v -0.001221 -0.149170 0.166260
v -0.005615 -0.149170 0.173096
v -0.010986 -0.149658 0.178955
v -0.017822 -0.149658 0.183350
v -0.025635 -0.150146 0.186768
v -0.003174 -0.180420 0.203857
v -0.015381 -0.181396 0.209229
v -0.001221 -0.176025 0.207764
v -0.014404 -0.176514 0.213623
v -0.022217 -0.181396 0.190674
v -0.028564 -0.181885 0.192139
v -0.025635 -0.181885 0.211182
v -0.025146 -0.177002 0.216064
v -0.029541 -0.178467 0.211182
v -0.029541 -0.179443 0.214111
v -0.029053 -0.176025 0.214600
v -0.029541 -0.177979 0.215576
v -0.034912 -0.180420 0.190186
v -0.035400 -0.182373 0.193115
v -0.032471 -0.178955 0.191162
v -0.032471 -0.178467 0.190186
v -0.032471 -0.177979 0.192139
v -0.031982 -0.178467 0.194092
v -0.035889 -0.178467 0.188232
v -0.032471 -0.175537 0.190674
v -0.032959 -0.182373 0.212158
v -0.032471 -0.180420 0.215576
v -0.032471 -0.177002 0.217041
v -0.050537 -0.180908 0.190186
v -0.050049 -0.182861 0.193115
v -0.053467 -0.180420 0.190674
v -0.053955 -0.179932 0.193604
v -0.056885 -0.183350 0.192139
v -0.050049 -0.178955 0.188232
v -0.053467 -0.179443 0.190186
v -0.053467 -0.177002 0.190674
v -0.053467 -0.178955 0.191650
v -0.052979 -0.183350 0.211670
v -0.053955 -0.181396 0.215088
v -0.056885 -0.179932 0.210693
v -0.060303 -0.183350 0.210693
v -0.056885 -0.180908 0.213623
v -0.053955 -0.178467 0.217041
v -0.057373 -0.177002 0.214111
v -0.056885 -0.178955 0.215088
v -0.061279 -0.178467 0.215576
v -0.034424 -0.169678 0.190674
v -0.036865 -0.170654 0.189697
v -0.033447 -0.166748 0.191162
v -0.041260 -0.171143 0.188721
v -0.042725 -0.170166 0.188232
v -0.044678 -0.170654 0.187744
v -0.045654 -0.171143 0.189209
v -0.041260 -0.167236 0.188232
v -0.034424 -0.158936 0.191162
v -0.041748 -0.159424 0.188232
v -0.050049 -0.171631 0.190674
v -0.052490 -0.170654 0.191650
v -0.053955 -0.168213 0.192139
v -0.047119 -0.167725 0.187744
v -0.047119 -0.158936 0.187744
v -0.054443 -0.159912 0.192139
v -0.002686 -0.149170 0.207764
v -0.015869 -0.149658 0.213623
v -0.026611 -0.150146 0.216064
v -0.030029 -0.150635 0.215088
v -0.031494 -0.150635 0.187744
v -0.033936 -0.150635 0.190186
v -0.036865 -0.150635 0.188232
v -0.033447 -0.150635 0.217041
v -0.051514 -0.151611 0.188232
v -0.054443 -0.151611 0.190186
v -0.057373 -0.151611 0.187744
v -0.055420 -0.151611 0.217041
v -0.058838 -0.152100 0.215088
v -0.062256 -0.152100 0.215576
v -0.091553 -0.183350 0.140381
v -0.090088 -0.180420 0.140869
v -0.091553 -0.183350 0.147705
v -0.090088 -0.180420 0.147705
v -0.093506 -0.184814 0.154541
v -0.089111 -0.180908 0.154053
v -0.091553 -0.181885 0.151123
v -0.092529 -0.182373 0.150635
v -0.091064 -0.180420 0.151611
v -0.093506 -0.180908 0.149658
v -0.093018 -0.179932 0.149658
v -0.092529 -0.180420 0.152100
v -0.075928 -0.179932 0.177979
v -0.071533 -0.183838 0.186768
v -0.069580 -0.179443 0.182861
v -0.093018 -0.185303 0.158936
v -0.088623 -0.180420 0.157959
v -0.090088 -0.184814 0.167236
v -0.086182 -0.180420 0.165283
v -0.085693 -0.184814 0.175049
v -0.081787 -0.179932 0.172119
v -0.079346 -0.184326 0.181396
v -0.079834 -0.159912 0.178955
v -0.094482 -0.185303 0.140381
v -0.099854 -0.173096 0.125732
v -0.094482 -0.185303 0.147705
v -0.093994 -0.183350 0.151611
v -0.094482 -0.182373 0.152100
v -0.094971 -0.181396 0.150146
v -0.115967 -0.186279 0.140381
v -0.119385 -0.184814 0.140381
v -0.121338 -0.181885 0.140381
v -0.116455 -0.186279 0.148193
v -0.114990 -0.185791 0.155518
v -0.115479 -0.184326 0.152588
v -0.116455 -0.183838 0.152588
v -0.115479 -0.182373 0.150635
v -0.119385 -0.184326 0.148193
v -0.121338 -0.181885 0.148193
v -0.118896 -0.183838 0.151123
v -0.117432 -0.181885 0.150635
v -0.119385 -0.183350 0.151123
v -0.117920 -0.181396 0.150635
v -0.118408 -0.181885 0.152588
v -0.118896 -0.181885 0.152588
v -0.119385 -0.181885 0.152588
v -0.119873 -0.182373 0.155518
v -0.100830 -0.170166 0.126709
v -0.100830 -0.161865 0.126221
v -0.112061 -0.156494 0.150635
v -0.117920 -0.156982 0.144775
v -0.117920 -0.160889 0.150635
v -0.101807 -0.172607 0.171631
v -0.102295 -0.185791 0.185791
v -0.100830 -0.173584 0.174561
v -0.099854 -0.173584 0.181885
v -0.099365 -0.172607 0.184814
v -0.114014 -0.186279 0.162842
v -0.118896 -0.181885 0.164307
v -0.109619 -0.185791 0.175049
v -0.114014 -0.181885 0.177002
v -0.102295 -0.170166 0.170654
v -0.102783 -0.162842 0.170654
v -0.099365 -0.170166 0.186279
v -0.099854 -0.162354 0.186279
v -0.102295 -0.160400 0.178955
v -0.109131 -0.156982 0.178955
v -0.091064 -0.153564 0.140869
v -0.091064 -0.153564 0.147705
v -0.092529 -0.153564 0.151611
v -0.093506 -0.153564 0.152100
v -0.091064 -0.153564 0.153564
v -0.063232 -0.152100 0.186279
v -0.072998 -0.155518 0.178955
v -0.077393 -0.153076 0.178467
v -0.071045 -0.152588 0.182861
v -0.090088 -0.153564 0.157959
v -0.087646 -0.153564 0.165771
v -0.083252 -0.153076 0.172607
v -0.093994 -0.154053 0.150146
v -0.122803 -0.155029 0.140381
v -0.122803 -0.155029 0.148193
v -0.119385 -0.155029 0.150635
v -0.120361 -0.155029 0.152588
v -0.120850 -0.155029 0.152588
v -0.121338 -0.155029 0.155029
v -0.112549 -0.134521 0.150635
v -0.118896 -0.134521 0.144775
v -0.120361 -0.155029 0.163818
v -0.115479 -0.155029 0.177002
v -0.063232 -0.183350 0.190674
v -0.070068 -0.183838 0.208740
v -0.072021 -0.179443 0.213135
v -0.093506 -0.185303 0.195557
v -0.082275 -0.184814 0.203369
v -0.085205 -0.180420 0.207275
v -0.096924 -0.180908 0.198975
v -0.106689 -0.181396 0.188721
v -0.073486 -0.152588 0.213135
v -0.086670 -0.153564 0.207275
v -0.097900 -0.154053 0.198975
v -0.107666 -0.154541 0.188721
v -0.225342 -0.240479 0.010010
v -0.232178 -0.236084 0.010010
v -0.225342 -0.241455 0.030518
v -0.232178 -0.237549 0.031006
v -0.225342 -0.246826 0.050049
v -0.231689 -0.242920 0.051514
v -0.217041 -0.222412 0.123291
v -0.239990 -0.249756 0.110107
v -0.217529 -0.198486 0.123291
v -0.126709 -0.132568 0.029053
v -0.126709 -0.132568 0.052490
v -0.216553 -0.227295 0.129150
v -0.211182 -0.222412 0.129150
v -0.221436 -0.226807 0.164795
v -0.226807 -0.227295 0.159424
v -0.211670 -0.197998 0.129150
v -0.217529 -0.193604 0.129150
v -0.216553 -0.227295 0.211182
v -0.211182 -0.222412 0.211182
v -0.217041 -0.222412 0.217041
v -0.221436 -0.226807 0.194092
v -0.226807 -0.227295 0.199463
v -0.211670 -0.197998 0.211182
v -0.217529 -0.198486 0.217041
v -0.217529 -0.193604 0.211182
v -0.237061 -0.190186 0.192139
v -0.236084 -0.188232 0.198975
v -0.243408 -0.195068 0.200439
v -0.249268 -0.205811 0.224365
v -0.243896 -0.200928 0.219971
v -0.247803 -0.200928 0.218994
v -0.139893 -0.157471 0.144775
v -0.139404 -0.161377 0.150635
v -0.145752 -0.157959 0.150635
v -0.140381 -0.135498 0.144775
v -0.146729 -0.135498 0.150635
v -0.145752 -0.158447 0.233643
v -0.145752 -0.160400 0.236572
v -0.145752 -0.161865 0.239990
v -0.146729 -0.135498 0.233643
v -0.202393 -0.175537 0.187256
v -0.209229 -0.179443 0.179932
v -0.215576 -0.156982 0.166748
v -0.233643 -0.180420 0.155518
v -0.240479 -0.176514 0.148193
v -0.202881 -0.151611 0.187256
v -0.241455 -0.152588 0.148193
v -0.239014 -0.187256 0.204834
v -0.181885 -0.109619 0.235107
v -0.179443 -0.105713 0.234131
v -0.181396 -0.103760 0.241943
v -0.180908 -0.084229 0.238525
v -0.171631 -0.076416 0.242432
v -0.174072 -0.077393 0.240479
v -0.179443 -0.072510 0.239502
v -0.176025 -0.072510 0.242432
v -0.177490 -0.073975 0.245361
v -0.181396 -0.074951 0.244385
v -0.180908 -0.073486 0.245361
v -0.185303 -0.067139 0.235107
v -0.233154 -0.118896 0.183350
v -0.236084 -0.118408 0.180420
v -0.237549 -0.119385 0.186768
v -0.245361 -0.117432 0.184326
v -0.240967 -0.113037 0.176025
v -0.248779 -0.112061 0.179443
v -0.234131 -0.086182 0.165771
v -0.233154 -0.089600 0.171631
v -0.236084 -0.082764 0.167725
v -0.239990 -0.082764 0.170654
v -0.235596 -0.088623 0.177490
v -0.247803 -0.086182 0.185791
v -0.240967 -0.082275 0.172607
v -0.247314 -0.080811 0.176025
v -0.248291 -0.081299 0.176514
v -0.232178 -0.076416 0.168701
v -0.234131 -0.075439 0.173096
v -0.244873 -0.073486 0.180420
v -0.189209 -0.109619 0.242432
v -0.199951 -0.113525 0.244385
v -0.197510 -0.107666 0.246826
v -0.200439 -0.101807 0.248779
v -0.248779 -0.116943 0.195557
v -0.245361 -0.118408 0.206299
v -0.241455 -0.116943 0.207764
v -0.245361 -0.112549 0.214600
v -0.189209 -0.083252 0.242920
v -0.188232 -0.072510 0.243896
v -0.193604 -0.066162 0.239014
v -0.203857 -0.063721 0.249268
v -0.177979 -0.025635 0.216553
v -0.175049 -0.012939 0.218506
v -0.176514 -0.029053 0.221436
v -0.178467 -0.027588 0.226318
v -0.179443 -0.018311 0.218994
v -0.182373 -0.023193 0.220947
v -0.182373 -0.018311 0.222900
v -0.187256 -0.022217 0.226807
v -0.177490 -0.011963 0.224365
v -0.187256 -0.010010 0.232178
v -0.230713 -0.031494 0.166260
v -0.236572 -0.038330 0.163818
v -0.244385 -0.037354 0.167725
v -0.227783 -0.030029 0.169189
v -0.229736 -0.023682 0.166260
v -0.227295 -0.024658 0.168701
v -0.239990 -0.030029 0.170654
v -0.234619 -0.018311 0.161865
v -0.239014 -0.023193 0.170654
v -0.242432 -0.017334 0.165771
v -0.237061 -0.027100 0.177490
v -0.235596 -0.024170 0.177490
v -0.244385 -0.026611 0.184326
v -0.248291 -0.019775 0.187256
v -0.197021 -0.025635 0.233643
v -0.193604 -0.021729 0.229736
v -0.188721 -0.016846 0.227295
v -0.192139 -0.015869 0.229248
v -0.188721 -0.026123 0.235107
v -0.195068 -0.010010 0.231689
v -0.249756 -0.028076 0.188721
v -0.022217 -0.235107 0.374756
v -0.020752 -0.231201 0.371826
v -0.018311 -0.229736 0.373779
v -0.022705 -0.230225 0.369873
v -0.050537 -0.236084 0.374756
v -0.050049 -0.231201 0.369873
v -0.052490 -0.232178 0.371826
v -0.054443 -0.231201 0.373779
v -0.021240 -0.207764 0.366943
v -0.019287 -0.207764 0.368896
v -0.023682 -0.207764 0.364990
v -0.025146 -0.203369 0.367432
v -0.021240 -0.202881 0.371338
v -0.033447 -0.205322 0.359131
v -0.040771 -0.205322 0.359131
v -0.033447 -0.207764 0.363037
v -0.036865 -0.207764 0.364014
v -0.033447 -0.206787 0.361084
v -0.037354 -0.206299 0.361084
v -0.040771 -0.207275 0.361084
v -0.040771 -0.207764 0.363037
v -0.050537 -0.208740 0.364990
v -0.052979 -0.209229 0.366943
v -0.049561 -0.203857 0.367432
v -0.053467 -0.204346 0.371338
v -0.055420 -0.209229 0.368896
v -0.033936 -0.202881 0.357666
v -0.037354 -0.202881 0.358154
v -0.040771 -0.202881 0.357178
v -0.121826 -0.223877 0.342041
v -0.121826 -0.229736 0.353760
v -0.116943 -0.223389 0.343994
v -0.124756 -0.215088 0.336182
v -0.020752 -0.166260 0.367920
v -0.024658 -0.167236 0.364990
v -0.052490 -0.168213 0.364990
v -0.056396 -0.167725 0.367920
v -0.035400 -0.143799 0.356201
v -0.037354 -0.143799 0.356689
v -0.038818 -0.143799 0.357178
v -0.040283 -0.143799 0.356689
v -0.042236 -0.143799 0.356201
v -0.079834 -0.159912 0.255127
v -0.102295 -0.160400 0.255127
v -0.109131 -0.156982 0.255127
v -0.112061 -0.156494 0.258057
v -0.117920 -0.160889 0.258057
v -0.072998 -0.155518 0.255127
v -0.073975 -0.133545 0.255127
v -0.109619 -0.134521 0.255127
v -0.005127 -0.218994 0.398193
v -0.008545 -0.234619 0.425537
v -0.012451 -0.234619 0.424072
v -0.005127 -0.228271 0.420166
v -0.010498 -0.232666 0.421143
v -0.013916 -0.234131 0.418213
v -0.009521 -0.228760 0.416260
v -0.009033 -0.228760 0.417725
v -0.006592 -0.218506 0.406006
v -0.003662 -0.218018 0.413330
v -0.005615 -0.210693 0.420166
v -0.009521 -0.210693 0.417725
v -0.010010 -0.210693 0.416260
v -0.013916 -0.204834 0.419678
v -0.000732 -0.203857 0.427490
v -0.008057 -0.204834 0.426514
v -0.011963 -0.204834 0.425049
v -0.008057 -0.201416 0.420166
v -0.033447 -0.207764 0.393311
v -0.036865 -0.207764 0.394287
v -0.033936 -0.205811 0.397217
v -0.035400 -0.207275 0.405518
v -0.035400 -0.205811 0.401123
v -0.037354 -0.206299 0.398682
v -0.037354 -0.205811 0.402100
v -0.038818 -0.205811 0.401123
v -0.040283 -0.207764 0.393311
v -0.040283 -0.206299 0.397217
v -0.039307 -0.207764 0.405518
v -0.035400 -0.202393 0.397705
v -0.033936 -0.202881 0.399658
v -0.035889 -0.202881 0.400635
v -0.037354 -0.202393 0.398682
v -0.037354 -0.202881 0.400635
v -0.038330 -0.202881 0.400635
v -0.039307 -0.202393 0.397705
v -0.040283 -0.202881 0.399658
v -0.037354 -0.207764 0.406494
v -0.035400 -0.207275 0.428955
v -0.038818 -0.207764 0.428955
v -0.037354 -0.207764 0.429932
v -0.035400 -0.205811 0.433350
v -0.037354 -0.205811 0.434326
v -0.039307 -0.206299 0.433838
v -0.035400 -0.202881 0.436279
v -0.037354 -0.202881 0.437256
v -0.039307 -0.202881 0.436279
v -0.013428 -0.235596 0.480713
v -0.026123 -0.236084 0.483154
v -0.028564 -0.236084 0.480713
v -0.008057 -0.229736 0.480713
v -0.013916 -0.230225 0.486084
v -0.025635 -0.230713 0.488037
v -0.028564 -0.230713 0.487061
v -0.031494 -0.236084 0.482666
v -0.053467 -0.236572 0.476807
v -0.055908 -0.236572 0.473389
v -0.059326 -0.237061 0.474854
v -0.031494 -0.230713 0.488037
v -0.057861 -0.232178 0.478760
v -0.057861 -0.231201 0.479248
v -0.055420 -0.231201 0.481201
v -0.060791 -0.231689 0.479248
v -0.008545 -0.211670 0.479248
v -0.011475 -0.206787 0.476318
v -0.014404 -0.212158 0.484619
v -0.016357 -0.206787 0.480713
v -0.025146 -0.206299 0.481689
v -0.028564 -0.206299 0.479736
v -0.026123 -0.212646 0.486572
v -0.029053 -0.212646 0.485596
v -0.011475 -0.195068 0.469971
v -0.017334 -0.200439 0.469971
v -0.018799 -0.194580 0.474365
v -0.032471 -0.206787 0.481689
v -0.031982 -0.212646 0.486572
v -0.055908 -0.213135 0.480225
v -0.058350 -0.213135 0.477783
v -0.061279 -0.213623 0.477783
v -0.054443 -0.207275 0.475830
v -0.057861 -0.207275 0.471924
v -0.061768 -0.207275 0.472900
v -0.040771 -0.200928 0.471436
v -0.041748 -0.195068 0.475342
v -0.074463 -0.220947 0.397705
v -0.073486 -0.219971 0.405518
v -0.062744 -0.236572 0.421143
v -0.066162 -0.235107 0.424072
v -0.064209 -0.236572 0.427002
v -0.068115 -0.236572 0.428467
v -0.074463 -0.237061 0.428955
v -0.067139 -0.230713 0.419189
v -0.068115 -0.230713 0.420654
v -0.077393 -0.219971 0.413330
v -0.071533 -0.231201 0.423096
v -0.074951 -0.231201 0.423096
v -0.081787 -0.227295 0.407471
v -0.079834 -0.231689 0.429443
v -0.093506 -0.219482 0.425537
v -0.093994 -0.227783 0.418213
v -0.099854 -0.226807 0.421631
v -0.068604 -0.213135 0.420654
v -0.067627 -0.212646 0.419189
v -0.072021 -0.213135 0.423096
v -0.075439 -0.213135 0.423096
v -0.064697 -0.206787 0.422607
v -0.066650 -0.206787 0.427979
v -0.070557 -0.207275 0.429443
v -0.076416 -0.208252 0.429443
v -0.080322 -0.213623 0.428955
v -0.079346 -0.205322 0.424072
v -0.081787 -0.205811 0.426514
v -0.079834 -0.205322 0.431885
v -0.072021 -0.202881 0.417236
v -0.080811 -0.197021 0.414307
v -0.087158 -0.198975 0.419678
v -0.084717 -0.199951 0.432861
v -0.088623 -0.199951 0.424561
v -0.103271 -0.218506 0.424072
v -0.072021 -0.237549 0.467529
v -0.077393 -0.232178 0.466064
v -0.072998 -0.231689 0.472900
v -0.077881 -0.214111 0.465088
v -0.071045 -0.208740 0.468506
v -0.074463 -0.208740 0.463135
v -0.066162 -0.202393 0.463623
v -0.065674 -0.196045 0.468018
v -0.072021 -0.197021 0.462646
v -0.073486 -0.214111 0.471436
v -0.037354 -0.173584 0.421631
v -0.008545 -0.152588 0.416260
v -0.009033 -0.151611 0.422119
v -0.035400 -0.143311 0.394775
v -0.037354 -0.143799 0.395752
v -0.038818 -0.143799 0.396240
v -0.040283 -0.143799 0.395752
v -0.042236 -0.143799 0.394775
v -0.036865 -0.143311 0.432373
v -0.038818 -0.143311 0.433350
v -0.040771 -0.143311 0.432861
v -0.018311 -0.148193 0.450439
v -0.019287 -0.145264 0.452881
v -0.023193 -0.147705 0.453857
v -0.041260 -0.148193 0.453369
v -0.060303 -0.148682 0.450439
v -0.062744 -0.169678 0.402100
v -0.070068 -0.153076 0.420166
v -0.070068 -0.152588 0.422119
v -0.064209 -0.149658 0.446045
v -0.063721 -0.146729 0.448486
v -0.179443 -0.218994 0.281982
v -0.175537 -0.213623 0.273193
v -0.179932 -0.213623 0.271729
v -0.187256 -0.211670 0.271729
v -0.182373 -0.218506 0.279541
v -0.131104 -0.220947 0.336670
v -0.130127 -0.221924 0.341553
v -0.125244 -0.229248 0.350830
v -0.139893 -0.229736 0.360596
v -0.140869 -0.221436 0.348389
v -0.144775 -0.220459 0.351318
v -0.151611 -0.222412 0.357178
v -0.147705 -0.229248 0.365967
v -0.154541 -0.221924 0.361084
v -0.153564 -0.221924 0.369385
v -0.126709 -0.216064 0.328369
v -0.125244 -0.215576 0.331787
v -0.126709 -0.214600 0.343018
v -0.138428 -0.213135 0.355225
v -0.148193 -0.213135 0.354736
v -0.196533 -0.218994 0.289307
v -0.194580 -0.208252 0.264404
v -0.191650 -0.212158 0.273682
v -0.200928 -0.208740 0.274170
v -0.204346 -0.207764 0.278076
v -0.191650 -0.202393 0.256104
v -0.188232 -0.201904 0.262451
v -0.188721 -0.201904 0.268799
v -0.197510 -0.200928 0.280518
v -0.202393 -0.218506 0.296143
v -0.208740 -0.211670 0.287842
v -0.211670 -0.211182 0.296143
v -0.206299 -0.212158 0.301514
v -0.207275 -0.200439 0.281494
v -0.139404 -0.161377 0.258057
v -0.145752 -0.161865 0.264893
v -0.145752 -0.157959 0.258057
v -0.145752 -0.160400 0.268799
v -0.145752 -0.158447 0.271240
v -0.146729 -0.135498 0.271240
v -0.129150 -0.130127 0.312256
v -0.173584 -0.153564 0.261475
v -0.176514 -0.153564 0.259521
v -0.182861 -0.148682 0.254150
v -0.179932 -0.154053 0.265381
v -0.183838 -0.154053 0.263916
v -0.187256 -0.141846 0.258057
v -0.175537 -0.136963 0.259033
v -0.179932 -0.137939 0.257568
v -0.181396 -0.131592 0.264893
v -0.178955 -0.130615 0.267334
v -0.128174 -0.135986 0.314209
v -0.132568 -0.136475 0.319580
v -0.140381 -0.134521 0.326416
v -0.126709 -0.131104 0.318604
v -0.126709 -0.131104 0.320068
v -0.132568 -0.125244 0.318604
v -0.128662 -0.129639 0.322510
v -0.128662 -0.130127 0.326904
v -0.139404 -0.127197 0.331787
v -0.138916 -0.128174 0.338135
v -0.144287 -0.133545 0.328857
v -0.147705 -0.128174 0.330811
v -0.148193 -0.128174 0.338135
v -0.191650 -0.147705 0.258545
v -0.193604 -0.151123 0.275635
v -0.197998 -0.149658 0.276611
v -0.201416 -0.144775 0.268799
v -0.204834 -0.142822 0.277588
v -0.201416 -0.139893 0.267822
v -0.195068 -0.130615 0.275146
v -0.208252 -0.138916 0.274658
v -0.197021 -0.147217 0.283447
v -0.201416 -0.141846 0.283447
v -0.201904 -0.131104 0.281982
v -0.205322 -0.135986 0.287842
v -0.211182 -0.137939 0.282471
v -0.004639 -0.110107 0.371338
v -0.002686 -0.105225 0.370850
v -0.004639 -0.100830 0.373779
v -0.079346 -0.110596 0.369873
v -0.085205 -0.106201 0.373291
v -0.081787 -0.105225 0.368896
v -0.080322 -0.100830 0.371826
v -0.122314 -0.117432 0.317139
v -0.117432 -0.115967 0.319580
v -0.124756 -0.115479 0.318604
v -0.121826 -0.110107 0.327881
v -0.124756 -0.110596 0.325439
v -0.002686 -0.011963 0.347900
v -0.002197 -0.013916 0.357666
v -0.004150 -0.015381 0.352295
v -0.003662 -0.007080 0.347412
v -0.004150 -0.002686 0.350342
v -0.002197 -0.002197 0.354736
v -0.124756 -0.020264 0.297607
v -0.121338 -0.016846 0.300049
v -0.080322 -0.015869 0.351318
v -0.082275 -0.012451 0.346924
v -0.085693 -0.010010 0.350342
v -0.082275 -0.014404 0.357178
v -0.086182 -0.009033 0.351807
v -0.081787 -0.007568 0.347412
v -0.080811 -0.004150 0.347412
v -0.080811 -0.003174 0.350830
v -0.082764 -0.002686 0.354736
v -0.092529 -0.012451 0.366455
v -0.093994 -0.008057 0.358643
v -0.094482 -0.007568 0.358154
v -0.100830 -0.012939 0.365479
v -0.097412 -0.008545 0.361084
v -0.098389 -0.006592 0.360107
v -0.093994 -0.000732 0.363037
v -0.101807 -0.001221 0.361572
v -0.006592 -0.113037 0.378174
v -0.004639 -0.112061 0.384033
v -0.002686 -0.099365 0.379150
v -0.001221 -0.086670 0.385986
v -0.009521 -0.078369 0.384033
v -0.001709 -0.076904 0.389404
v -0.008057 -0.077881 0.383545
v -0.001221 -0.070068 0.380615
v -0.000244 -0.075439 0.399658
v -0.001221 -0.074463 0.404541
v -0.012451 -0.073975 0.433350
v -0.012451 -0.065674 0.429443
v -0.017822 -0.070557 0.428955
v -0.019287 -0.073486 0.437256
v -0.017822 -0.070068 0.430420
v -0.019287 -0.064697 0.433350
v -0.041260 -0.070557 0.430908
v -0.041260 -0.070068 0.431885
v -0.041260 -0.065186 0.434326
v -0.041748 -0.073486 0.438232
v -0.077393 -0.113037 0.377197
v -0.079834 -0.112549 0.383057
v -0.091553 -0.111084 0.393311
v -0.085205 -0.106689 0.376709
v -0.093018 -0.105225 0.384033
v -0.082275 -0.099854 0.377197
v -0.092529 -0.097900 0.386963
v -0.099854 -0.111572 0.392822
v -0.093994 -0.105225 0.381592
v -0.096436 -0.105713 0.386963
v -0.097412 -0.104248 0.383545
v -0.100830 -0.098389 0.385986
v -0.073486 -0.079834 0.381592
v -0.075439 -0.079834 0.381104
v -0.081787 -0.088623 0.383057
v -0.088135 -0.086182 0.386963
v -0.080811 -0.078857 0.386963
v -0.083252 -0.078857 0.385986
v -0.083252 -0.078369 0.389893
v -0.084229 -0.078857 0.387939
v -0.084717 -0.081299 0.401611
v -0.089111 -0.084229 0.390869
v -0.081787 -0.071533 0.377686
v -0.088135 -0.072510 0.382568
v -0.089111 -0.072510 0.386963
v -0.080811 -0.077393 0.394775
v -0.085205 -0.071533 0.395752
v -0.079834 -0.076416 0.399170
v -0.066162 -0.072021 0.423096
v -0.065674 -0.071533 0.424561
v -0.065186 -0.074951 0.431396
v -0.071533 -0.075928 0.426025
v -0.065186 -0.066162 0.427979
v -0.071533 -0.067139 0.422607
v -0.134033 -0.109619 0.310791
v -0.125244 -0.064697 0.300049
v -0.127197 -0.063232 0.305420
v -0.184814 -0.072998 0.250244
v -0.130615 -0.124268 0.317627
v -0.136963 -0.122803 0.321045
v -0.128174 -0.114990 0.315674
v -0.131592 -0.114014 0.322998
v -0.132568 -0.115479 0.327881
v -0.138428 -0.114502 0.321045
v -0.137451 -0.110596 0.334717
v -0.141357 -0.123291 0.329346
v -0.144775 -0.123291 0.332275
v -0.150146 -0.121338 0.332764
v -0.153076 -0.120850 0.336670
v -0.141846 -0.114502 0.333252
v -0.144287 -0.111572 0.341064
v -0.145264 -0.112061 0.338135
v -0.150146 -0.111572 0.333252
v -0.148682 -0.110596 0.337646
v -0.142334 -0.108643 0.315186
v -0.153076 -0.106201 0.325928
v -0.147705 -0.104736 0.341553
v -0.155029 -0.105225 0.330811
v -0.154541 -0.104736 0.334229
v -0.151611 -0.118896 0.344482
v -0.196533 -0.115479 0.250732
v -0.197510 -0.114502 0.256104
v -0.202881 -0.109619 0.251221
v -0.205322 -0.113037 0.267334
v -0.213623 -0.113037 0.268311
v -0.191650 -0.101807 0.250244
v -0.208740 -0.108154 0.259521
v -0.211182 -0.108154 0.262939
v -0.199463 -0.081299 0.253174
v -0.202393 -0.078857 0.261475
v -0.195068 -0.072998 0.257080
v -0.193604 -0.072021 0.256592
v -0.192139 -0.069580 0.261963
v -0.200439 -0.069092 0.256104
v -0.199951 -0.067627 0.261475
v -0.198975 -0.076416 0.266846
v -0.127686 -0.058838 0.292725
v -0.126709 -0.062256 0.295654
v -0.126221 -0.054932 0.295166
v -0.131592 -0.060303 0.297119
v -0.131104 -0.059814 0.299561
v -0.139893 -0.058838 0.303955
v -0.138916 -0.057861 0.306396
v -0.127686 -0.053467 0.300537
v -0.138428 -0.051514 0.309326
v -0.143311 -0.057861 0.305908
v -0.142822 -0.057861 0.308350
v -0.146240 -0.052002 0.308350
v -0.134033 -0.028564 0.292725
v -0.128174 -0.021729 0.294678
v -0.125244 -0.016357 0.296143
v -0.129150 -0.017822 0.304443
v -0.132568 -0.016846 0.305420
v -0.137939 -0.019775 0.300537
v -0.142334 -0.027588 0.297607
v -0.152588 -0.026123 0.308350
v -0.141357 -0.015869 0.311279
v -0.129639 -0.011963 0.292236
v -0.137939 -0.011475 0.295654
v -0.150146 -0.009033 0.305908
v -0.152588 -0.008057 0.310303
v -0.137939 -0.061279 0.314209
v -0.146240 -0.061768 0.313232
v -0.155029 -0.025146 0.313232
v -0.154541 -0.024170 0.316650
v -0.145264 -0.017334 0.319580
v -0.149658 -0.018311 0.312744
v -0.141357 -0.015381 0.317139
v -0.144775 -0.014893 0.313232
v -0.146240 -0.014404 0.313232
v -0.147705 -0.012451 0.316162
v -0.152100 -0.008057 0.313721
v -0.206787 -0.062256 0.255615
v -0.204834 -0.062256 0.260498
v -0.264893 -0.239990 0.010010
v -0.260010 -0.236572 0.010010
v -0.264893 -0.240967 0.030518
v -0.260010 -0.238037 0.031006
v -0.264893 -0.246338 0.050537
v -0.259521 -0.243408 0.051514
v -0.265381 -0.223877 0.123291
v -0.266357 -0.199463 0.123291
v -0.275635 -0.190674 0.124268
v -0.323975 -0.189209 0.062256
v -0.320068 -0.192139 0.068115
v -0.327393 -0.193115 0.071533
v -0.331787 -0.188721 0.067627
v -0.334717 -0.187744 0.069580
v -0.335693 -0.191650 0.080322
v -0.339600 -0.188721 0.085693
v -0.271729 -0.186279 0.119873
v -0.272217 -0.130127 0.108643
v -0.273682 -0.126221 0.107178
v -0.273193 -0.129150 0.115479
v -0.281982 -0.128174 0.123779
v -0.289307 -0.128662 0.123291
v -0.319580 -0.186768 0.058838
v -0.318115 -0.183838 0.060791
v -0.323975 -0.143311 0.055420
v -0.331299 -0.142334 0.058350
v -0.320068 -0.136963 0.058838
v -0.326416 -0.135498 0.056885
v -0.328857 -0.135010 0.053955
v -0.330322 -0.136475 0.060791
v -0.336670 -0.135010 0.057861
v -0.333740 -0.129150 0.049561
v -0.341064 -0.129150 0.053467
v -0.320068 -0.183350 0.065186
v -0.323975 -0.186279 0.063232
v -0.331299 -0.186768 0.066162
v -0.330322 -0.182373 0.072998
v -0.338623 -0.185791 0.074463
v -0.337646 -0.182373 0.072021
v -0.341553 -0.184326 0.081299
v -0.341553 -0.184326 0.085693
v -0.338623 -0.141357 0.066650
v -0.326416 -0.134521 0.062744
v -0.334229 -0.133545 0.071533
v -0.341064 -0.134521 0.069092
v -0.341553 -0.140381 0.073486
v -0.342041 -0.139404 0.076904
v -0.339111 -0.135498 0.076416
v -0.346436 -0.133057 0.069092
v -0.350830 -0.127197 0.064697
v -0.344971 -0.131592 0.075439
v -0.348877 -0.126221 0.074463
v -0.352295 -0.126221 0.069092
v -0.265381 -0.228271 0.129150
v -0.271240 -0.223877 0.129150
v -0.252197 -0.227783 0.159424
v -0.257568 -0.227783 0.164795
v -0.271729 -0.199951 0.129150
v -0.266357 -0.195068 0.129150
v -0.286377 -0.198975 0.139893
v -0.289795 -0.197998 0.136963
v -0.282959 -0.191162 0.130615
v -0.286377 -0.190186 0.133057
v -0.296631 -0.192139 0.132568
v -0.292236 -0.201416 0.146240
v -0.296631 -0.200439 0.142334
v -0.303955 -0.192139 0.135498
v -0.304932 -0.200439 0.152588
v -0.257568 -0.227783 0.194092
v -0.252197 -0.227783 0.199463
v -0.265381 -0.228271 0.211182
v -0.265381 -0.223877 0.217041
v -0.271240 -0.223877 0.211182
v -0.253174 -0.195068 0.207764
v -0.258057 -0.194092 0.210205
v -0.266357 -0.199463 0.217041
v -0.271729 -0.199951 0.211182
v -0.266357 -0.195068 0.211182
v -0.256592 -0.207275 0.232666
v -0.259521 -0.206299 0.233154
v -0.260498 -0.206299 0.234131
v -0.261475 -0.206787 0.239502
v -0.262451 -0.206299 0.237549
v -0.254150 -0.199463 0.218994
v -0.262939 -0.200439 0.225830
v -0.265381 -0.201416 0.241943
v -0.266357 -0.200928 0.230713
v -0.268311 -0.200928 0.235107
v -0.313232 -0.198975 0.153076
v -0.319092 -0.191650 0.148193
v -0.321045 -0.191162 0.153076
v -0.312744 -0.197998 0.160889
v -0.316650 -0.191650 0.160400
v -0.272705 -0.183838 0.127686
v -0.281982 -0.183838 0.135986
v -0.289307 -0.183838 0.135010
v -0.252197 -0.185791 0.214111
v -0.261963 -0.185791 0.212158
v -0.390869 -0.187744 0.001221
v -0.397217 -0.189209 0.005127
v -0.402588 -0.189697 0.018311
v -0.389404 -0.185791 0.000732
v -0.390869 -0.182861 0.002197
v -0.401123 -0.183350 0.002197
v -0.408447 -0.182861 0.013916
v -0.406982 -0.187256 0.021240
v -0.409912 -0.182861 0.019775
v -0.409912 -0.183350 0.023682
v -0.391846 -0.143311 0.000732
v -0.391846 -0.139404 0.000732
v -0.271240 -0.122803 0.108643
v -0.270264 -0.118408 0.111084
v -0.272217 -0.117432 0.115479
v -0.277100 -0.124268 0.110596
v -0.276123 -0.124268 0.112061
v -0.283447 -0.123779 0.116455
v -0.283936 -0.123779 0.117432
v -0.286865 -0.124268 0.119385
v -0.286865 -0.122803 0.118896
v -0.282471 -0.115967 0.122314
v -0.289795 -0.116455 0.121338
v -0.293701 -0.101318 0.112549
v -0.301514 -0.100342 0.115479
v -0.288818 -0.090576 0.109131
v -0.293213 -0.084229 0.104248
v -0.286377 -0.091064 0.111572
v -0.287354 -0.093506 0.114990
v -0.283936 -0.092041 0.117432
v -0.289795 -0.091553 0.115479
v -0.293701 -0.091553 0.113037
v -0.296631 -0.091553 0.118408
v -0.290283 -0.088135 0.123291
v -0.300537 -0.083740 0.107178
v -0.305908 -0.089111 0.123291
v -0.313721 -0.097412 0.050537
v -0.314697 -0.094482 0.047607
v -0.315674 -0.097412 0.054932
v -0.332764 -0.096924 0.062256
v -0.317139 -0.088623 0.044678
v -0.319092 -0.092041 0.050537
v -0.321533 -0.091064 0.048096
v -0.326904 -0.091553 0.056396
v -0.316162 -0.084717 0.047607
v -0.317139 -0.084229 0.051025
v -0.326416 -0.083252 0.058838
v -0.328369 -0.090576 0.053955
v -0.329834 -0.092041 0.058350
v -0.331299 -0.089600 0.055908
v -0.333740 -0.083740 0.058838
v -0.325439 -0.096924 0.062744
v -0.313721 -0.081299 0.119385
v -0.315674 -0.080322 0.123779
v -0.262451 -0.031494 0.093018
v -0.267334 -0.038818 0.093506
v -0.264893 -0.034912 0.093994
v -0.266357 -0.042236 0.097412
v -0.268311 -0.041260 0.101807
v -0.278076 -0.040283 0.108643
v -0.269287 -0.035889 0.098877
v -0.271729 -0.036377 0.096436
v -0.275146 -0.035889 0.101318
v -0.279053 -0.035400 0.101318
v -0.278564 -0.034912 0.103271
v -0.285400 -0.040771 0.107666
v -0.281982 -0.035889 0.103760
v -0.264404 -0.029541 0.099365
v -0.273682 -0.028564 0.106201
v -0.281494 -0.029053 0.105225
v -0.325439 -0.052979 0.043213
v -0.321045 -0.047607 0.049561
v -0.323975 -0.048584 0.052490
v -0.326904 -0.049561 0.049561
v -0.331299 -0.059814 0.040771
v -0.338135 -0.059326 0.044678
v -0.333252 -0.052002 0.046631
v -0.329834 -0.047607 0.051025
v -0.334229 -0.047119 0.060791
v -0.337646 -0.048584 0.057373
v -0.342529 -0.050537 0.057861
v -0.323486 -0.046631 0.047119
v -0.328369 -0.041260 0.043213
v -0.335693 -0.041260 0.047119
v -0.339111 -0.045654 0.060303
v -0.343506 -0.040283 0.055908
v -0.347900 -0.057861 0.054932
v -0.349365 -0.056885 0.059326
v -0.344971 -0.039307 0.060303
v -0.341553 -0.049561 0.063721
v -0.338135 -0.044678 0.065186
v -0.343018 -0.038818 0.064697
v -0.345947 -0.054932 0.064697
v -0.256592 -0.086182 0.184326
v -0.252197 -0.081299 0.179443
v -0.252686 -0.073486 0.178955
v -0.301025 -0.088135 0.129150
v -0.309814 -0.090088 0.129639
v -0.308838 -0.089111 0.136963
v -0.311279 -0.085693 0.128662
v -0.256592 -0.114502 0.195557
v -0.255127 -0.113037 0.202881
v -0.259033 -0.109619 0.189697
v -0.251709 -0.124756 0.206299
v -0.259521 -0.123779 0.212646
v -0.263916 -0.123291 0.218018
v -0.253662 -0.114990 0.214111
v -0.261475 -0.108154 0.199463
v -0.262451 -0.108154 0.195557
v -0.263428 -0.120850 0.229736
v -0.253662 -0.113525 0.219971
v -0.260498 -0.114990 0.226318
v -0.262451 -0.116943 0.220947
v -0.265869 -0.122803 0.222900
v -0.315674 -0.098389 0.127197
v -0.318115 -0.097412 0.132080
v -0.313232 -0.094482 0.138916
v -0.315186 -0.080811 0.126709
v -0.254150 -0.035400 0.177490
v -0.256592 -0.032959 0.187256
v -0.258057 -0.034424 0.183838
v -0.250732 -0.028564 0.181396
v -0.250732 -0.020264 0.182373
v -0.253174 -0.015381 0.176025
v -0.253174 -0.014404 0.186768
v -0.255615 -0.013916 0.180908
v -0.404541 -0.099365 0.006592
v -0.406494 -0.098877 0.012939
v -0.406494 -0.097900 0.016846
v -0.397705 -0.091553 0.010010
v -0.400146 -0.093018 0.009033
v -0.400635 -0.092529 0.010010
v -0.404541 -0.091064 0.010498
v -0.403564 -0.093506 0.014893
v -0.406006 -0.090088 0.014893
v -0.403564 -0.091064 0.015869
v -0.409424 -0.084717 0.007568
v -0.409912 -0.084717 0.012451
v -0.408447 -0.085693 0.016357
v -0.410400 -0.003174 0.002197
v -0.409424 -0.001221 0.011475
v -0.410889 -0.002686 0.008057
v 0.412354 0.019775 -0.494873
v 0.408936 0.024658 -0.494873
v 0.407959 0.030518 -0.491943
v 0.410889 0.020752 -0.446045
v 0.398682 0.029053 -0.494873
v 0.403076 0.029053 -0.446045
v 0.406006 0.030029 -0.447021
v 0.408936 0.031494 -0.493408
v 0.415283 0.043701 -0.491943
v 0.413330 0.043701 -0.493896
v 0.411377 0.043701 -0.446533
v 0.404053 0.042725 -0.441162
v 0.403564 0.020752 -0.437256
v 0.414795 0.124756 -0.437744
v 0.352783 0.029053 -0.494873
v 0.352295 0.030518 -0.491943
v 0.344971 0.024658 -0.494873
v 0.351318 0.031006 -0.493408
v 0.345459 0.020752 -0.445557
v 0.352783 0.029053 -0.446045
v 0.355713 0.030029 -0.444580
v 0.341064 0.019775 -0.494873
v 0.346924 0.043701 -0.493896
v 0.345459 0.043701 -0.491943
v 0.352295 0.042725 -0.438232
v 0.347900 0.043701 -0.440674
v 0.352783 0.020752 -0.437256
v 0.361572 0.062256 -0.383545
v 0.358154 0.062256 -0.385010
v 0.342529 0.062256 -0.385010
v 0.341064 0.062256 -0.384033
v 0.339600 0.062256 -0.385010
v 0.315186 0.062256 -0.385010
v 0.297607 0.062256 -0.385010
v 0.294678 0.062256 -0.383545
v 0.279541 0.039307 -0.390869
v 0.275146 0.039307 -0.392822
v 0.281006 0.039307 -0.385986
v 0.347412 0.062744 -0.494873
v 0.344971 0.070068 -0.494873
v 0.345459 0.078857 -0.493896
v 0.348877 0.085205 -0.493896
v 0.346436 0.064697 -0.444092
v 0.346924 0.083252 -0.448975
v 0.336182 0.073975 -0.494873
v 0.336182 0.074463 -0.493896
v 0.342041 0.065674 -0.441650
v 0.339111 0.073975 -0.448486
v 0.339111 0.074463 -0.448975
v 0.339600 0.083252 -0.440186
v 0.347900 0.124756 -0.440674
v 0.286377 0.073975 -0.494873
v 0.286377 0.074463 -0.493896
v 0.282959 0.065674 -0.441650
v 0.286377 0.073975 -0.448486
v 0.286865 0.074463 -0.448975
v 0.286377 0.083252 -0.440186
v 0.276611 0.062744 -0.494873
v 0.280029 0.070068 -0.494873
v 0.280029 0.078857 -0.493896
v 0.276611 0.085205 -0.493896
v 0.278564 0.064697 -0.444092
v 0.279053 0.083252 -0.448975
v 0.265869 0.092041 -0.442627
v 0.264404 0.091553 -0.447021
v 0.263916 0.097412 -0.441162
v 0.259521 0.097412 -0.439697
v 0.260010 0.102295 -0.446533
v 0.260986 0.102295 -0.442139
v 0.266357 0.092041 -0.435303
v 0.264893 0.091064 -0.399170
v 0.263916 0.091064 -0.392822
v 0.261963 0.090576 -0.387939
v 0.259521 0.095947 -0.433838
v 0.263916 0.099365 -0.434814
v 0.261475 0.102295 -0.434326
v 0.262451 0.098389 -0.399170
v 0.262451 0.095947 -0.392822
v 0.258545 0.095947 -0.397217
v 0.258057 0.097900 -0.390869
v 0.260986 0.102295 -0.397705
v 0.259521 0.102295 -0.391357
v 0.257568 0.102295 -0.385986
v 0.312744 0.015381 -0.317627
v 0.312744 0.020264 -0.322510
v 0.317627 0.020264 -0.317627
v 0.361572 0.062256 -0.363525
v 0.358154 0.062256 -0.362549
v 0.342529 0.062256 -0.362549
v 0.341064 0.062256 -0.363037
v 0.339600 0.062256 -0.362549
v 0.314697 0.062256 -0.362061
v 0.312744 0.015869 -0.288818
v 0.317627 0.020264 -0.288818
v 0.312744 0.020264 -0.283936
v 0.314697 0.009521 -0.278564
v 0.313721 0.009033 -0.275635
v 0.315674 0.018799 -0.277588
v 0.314209 0.018311 -0.273682
v 0.314209 0.027100 -0.277588
v 0.312744 0.027100 -0.273193
v 0.329346 0.039795 -0.277588
v 0.329346 0.042236 -0.273682
v 0.330322 0.043213 -0.277100
v 0.322510 0.034912 -0.276611
v 0.327881 0.037354 -0.277588
v 0.325439 0.035889 -0.277100
v 0.323486 0.036377 -0.273193
v 0.318115 0.035889 -0.276123
v 0.312744 0.034912 -0.267822
v 0.319580 0.037354 -0.272217
v 0.313232 0.035400 -0.270752
v 0.313721 0.038330 -0.270264
v 0.312744 0.036377 -0.265869
v 0.313721 0.037354 -0.267334
v 0.326904 0.039307 -0.272217
v 0.324463 0.042236 -0.270752
v 0.312744 0.042236 -0.271729
v 0.312744 0.041748 -0.268799
v 0.313232 0.042725 -0.265869
v 0.312744 0.043701 -0.271240
v 0.313232 0.046631 -0.270752
v 0.313721 0.043701 -0.268799
v 0.314209 0.046631 -0.267822
v 0.314209 0.044678 -0.265381
v 0.313232 0.044189 -0.263428
v 0.314209 0.046143 -0.264893
v 0.329346 0.048584 -0.276611
v 0.328857 0.047607 -0.272705
v 0.318115 0.049072 -0.269775
v 0.312744 0.050049 -0.269287
v 0.313721 0.049561 -0.266846
v 0.324463 0.057861 -0.276123
v 0.323486 0.055908 -0.272217
v 0.317139 0.057373 -0.270264
v 0.316650 0.057373 -0.269775
v 0.314209 0.056396 -0.270264
v 0.316162 0.056885 -0.270264
v 0.313721 0.057861 -0.268799
v 0.318115 0.058838 -0.269775
v 0.318115 0.061279 -0.269287
v 0.316650 0.060791 -0.267822
v 0.315186 0.059326 -0.267822
v 0.314697 0.061279 -0.266846
v 0.313721 0.048584 -0.263916
v 0.312744 0.047119 -0.261963
v 0.312744 0.050049 -0.262451
v 0.259521 0.015381 -0.317627
v 0.259521 0.020264 -0.322510
v 0.286377 0.036865 -0.346436
v 0.297607 0.062256 -0.362061
v 0.294189 0.062256 -0.363037
v 0.286377 0.052979 -0.346924
v 0.298096 0.033447 -0.317627
v 0.303955 0.036865 -0.317627
v 0.293213 0.036865 -0.342529
v 0.287842 0.033447 -0.342041
v 0.303955 0.052979 -0.318115
v 0.298096 0.056396 -0.318115
v 0.293213 0.052979 -0.342529
v 0.287842 0.056396 -0.342529
v 0.281006 0.037354 -0.351807
v 0.279541 0.036865 -0.346924
v 0.275146 0.036865 -0.344971
v 0.259521 0.036865 -0.346436
v 0.259521 0.052979 -0.346924
v 0.259521 0.033447 -0.342041
v 0.259521 0.033447 -0.317627
v 0.259521 0.056396 -0.342529
v 0.259521 0.056396 -0.318115
v 0.306396 0.029053 -0.298584
v 0.306396 0.029053 -0.284424
v 0.310303 0.002197 -0.280029
v 0.308350 0.001221 -0.280518
v 0.308350 0.001221 -0.280029
v 0.306885 0.001709 -0.280029
v 0.305420 0.003662 -0.276611
v 0.312256 0.004150 -0.279541
v 0.311279 0.004639 -0.277100
v 0.308838 0.004150 -0.276123
v 0.304443 0.003174 -0.279053
v 0.302490 0.007080 -0.275146
v 0.300537 0.007080 -0.278076
v 0.308350 0.008057 -0.273682
v 0.299072 0.014404 -0.273193
v 0.296143 0.013916 -0.277100
v 0.306885 0.016357 -0.271240
v 0.308838 0.030518 -0.270752
v 0.309326 0.031006 -0.267334
v 0.307373 0.031006 -0.273193
v 0.304932 0.030518 -0.272217
v 0.305908 0.030029 -0.269775
v 0.307373 0.030518 -0.267334
v 0.305908 0.031006 -0.266846
v 0.304443 0.026123 -0.270264
v 0.299072 0.026611 -0.267822
v 0.301025 0.028564 -0.271240
v 0.302979 0.030518 -0.271240
v 0.302002 0.027588 -0.268799
v 0.303955 0.030518 -0.268799
v 0.303955 0.030518 -0.265869
v 0.298096 0.027588 -0.270264
v 0.300049 0.027100 -0.264404
v 0.302490 0.028076 -0.265381
v 0.301514 0.028564 -0.262939
v 0.303467 0.030518 -0.263916
v 0.298096 0.027588 -0.263428
v 0.299561 0.029053 -0.261475
v 0.293213 0.021729 -0.276611
v 0.296143 0.023193 -0.272705
v 0.293701 0.030029 -0.274170
v 0.291260 0.028076 -0.278564
v 0.296631 0.027100 -0.266357
v 0.295166 0.028076 -0.268799
v 0.292725 0.029053 -0.267334
v 0.296631 0.028076 -0.262451
v 0.294189 0.028076 -0.264404
v 0.295166 0.029541 -0.261475
v 0.296631 0.030518 -0.260498
v 0.292725 0.030518 -0.262939
v 0.272217 0.000732 -0.281982
v 0.272217 0.007080 -0.281982
v 0.259521 0.015381 -0.288818
v 0.265869 0.029053 -0.298584
v 0.272217 0.028564 -0.282471
v 0.265869 0.029053 -0.284424
v 0.259521 0.020264 -0.284424
v 0.275635 0.000732 -0.278564
v 0.274170 0.000732 -0.280518
v 0.273682 0.002197 -0.280029
v 0.274170 0.002686 -0.278564
v 0.273682 0.005615 -0.280518
v 0.274170 0.005127 -0.278564
v 0.275635 0.007080 -0.278564
v 0.274170 0.007080 -0.281006
v 0.272217 0.002686 -0.280518
v 0.272217 0.005127 -0.281006
v 0.272217 0.004150 -0.278564
v 0.275635 0.028564 -0.279053
v 0.274170 0.028564 -0.281006
v 0.273682 0.030029 -0.280518
v 0.274170 0.030518 -0.279053
v 0.272217 0.030518 -0.281006
v 0.306396 0.039307 -0.282471
v 0.290283 0.032959 -0.281494
v 0.289307 0.042725 -0.286865
v 0.295166 0.045654 -0.287354
v 0.290771 0.045166 -0.284912
v 0.298584 0.056396 -0.286865
v 0.295166 0.047119 -0.285400
v 0.293213 0.047119 -0.284424
v 0.311279 0.033936 -0.279053
v 0.309814 0.032959 -0.273682
v 0.310303 0.033936 -0.275146
v 0.311768 0.035889 -0.273682
v 0.311279 0.032471 -0.271240
v 0.311768 0.032959 -0.267822
v 0.312256 0.038818 -0.272705
v 0.304932 0.035400 -0.267334
v 0.299561 0.038330 -0.276123
v 0.302002 0.032471 -0.272217
v 0.304443 0.032471 -0.265869
v 0.302490 0.033447 -0.268311
v 0.302490 0.036865 -0.266357
v 0.310791 0.040283 -0.275635
v 0.305908 0.039795 -0.278564
v 0.311279 0.041748 -0.271240
v 0.311768 0.040283 -0.265869
v 0.312256 0.041748 -0.265869
v 0.310303 0.041260 -0.266846
v 0.307861 0.040771 -0.266846
v 0.311768 0.043213 -0.271240
v 0.304443 0.045654 -0.275635
v 0.304443 0.040283 -0.265869
v 0.301025 0.041748 -0.267334
v 0.301514 0.042236 -0.267334
v 0.300049 0.041260 -0.266846
v 0.299561 0.041748 -0.266357
v 0.299561 0.042725 -0.265869
v 0.301514 0.043213 -0.266846
v 0.300537 0.043701 -0.266357
v 0.300049 0.043701 -0.265869
v 0.311279 0.033936 -0.265381
v 0.307861 0.031982 -0.265381
v 0.304932 0.034912 -0.263916
v 0.307373 0.034424 -0.260986
v 0.309326 0.035400 -0.263428
v 0.311279 0.038330 -0.264404
v 0.309326 0.038818 -0.259521
v 0.306885 0.037842 -0.262939
v 0.303955 0.034424 -0.265381
v 0.303467 0.033936 -0.258057
v 0.301514 0.034912 -0.261475
v 0.300049 0.033447 -0.264893
v 0.300537 0.031494 -0.260498
v 0.297607 0.032959 -0.259521
v 0.301025 0.037842 -0.264893
v 0.297119 0.038330 -0.262939
v 0.298584 0.035889 -0.260010
v 0.297119 0.037354 -0.258057
v 0.299561 0.035400 -0.256104
v 0.311768 0.042725 -0.262939
v 0.309814 0.041748 -0.262939
v 0.306885 0.040771 -0.265381
v 0.308350 0.041260 -0.264404
v 0.309326 0.044189 -0.258545
v 0.311279 0.045654 -0.260986
v 0.304932 0.043213 -0.262939
v 0.307861 0.043701 -0.260986
v 0.305420 0.039307 -0.255615
v 0.305908 0.045166 -0.255615
v 0.298584 0.039795 -0.260986
v 0.304443 0.046631 -0.261963
v 0.301025 0.044678 -0.260498
v 0.303467 0.045654 -0.261475
v 0.299561 0.044189 -0.260010
v 0.300537 0.040283 -0.254150
v 0.298584 0.040771 -0.257080
v 0.302979 0.046631 -0.257568
v 0.301514 0.045166 -0.254150
v 0.298096 0.044189 -0.256104
v 0.300049 0.046631 -0.256592
v 0.292725 0.035400 -0.278076
v 0.289795 0.046631 -0.266357
v 0.283447 0.040771 -0.266846
v 0.288818 0.044189 -0.270264
v 0.294189 0.031494 -0.260498
v 0.295166 0.033936 -0.259521
v 0.291260 0.031494 -0.265381
v 0.290771 0.033936 -0.263916
v 0.292236 0.032959 -0.261475
v 0.292725 0.034912 -0.260986
v 0.296143 0.036377 -0.261963
v 0.296143 0.036377 -0.260498
v 0.294678 0.036865 -0.260986
v 0.293701 0.035400 -0.258545
v 0.291748 0.035889 -0.263916
v 0.292725 0.035400 -0.260986
v 0.289795 0.036865 -0.259521
v 0.295166 0.037354 -0.256104
v 0.291260 0.037354 -0.256592
v 0.292725 0.038330 -0.255615
v 0.288818 0.037354 -0.262451
v 0.295166 0.042236 -0.259521
v 0.295654 0.040283 -0.254639
v 0.293213 0.040283 -0.254639
v 0.290771 0.039307 -0.255615
v 0.290771 0.041748 -0.255127
v 0.295654 0.044678 -0.254639
v 0.293213 0.043701 -0.254150
v 0.293701 0.046631 -0.254639
v 0.291748 0.044678 -0.254639
v 0.289795 0.045654 -0.256592
v 0.287842 0.040283 -0.260986
v 0.288818 0.039795 -0.258057
v 0.287842 0.043701 -0.260010
v 0.284424 0.043213 -0.262939
v 0.288818 0.042725 -0.257080
v 0.305908 0.048096 -0.271729
v 0.311279 0.052490 -0.267822
v 0.308838 0.053955 -0.265869
v 0.299561 0.050537 -0.278076
v 0.300537 0.052979 -0.273682
v 0.310303 0.055908 -0.270752
v 0.311279 0.056396 -0.269287
v 0.310791 0.058350 -0.268311
v 0.305420 0.056885 -0.271240
v 0.305908 0.057861 -0.269287
v 0.306396 0.061279 -0.271729
v 0.306885 0.059814 -0.267334
v 0.300049 0.060791 -0.277100
v 0.299561 0.062256 -0.276123
v 0.301025 0.058350 -0.271240
v 0.301025 0.059326 -0.269775
v 0.301025 0.060791 -0.265869
v 0.302490 0.062256 -0.266846
v 0.309814 0.048584 -0.260010
v 0.310791 0.050049 -0.260498
v 0.307373 0.047119 -0.264404
v 0.307373 0.047119 -0.260010
v 0.305420 0.048096 -0.258545
v 0.307861 0.050537 -0.260498
v 0.306885 0.050537 -0.261475
v 0.305420 0.050049 -0.260986
v 0.306396 0.049561 -0.259521
v 0.312256 0.052002 -0.264893
v 0.309814 0.053467 -0.263428
v 0.310303 0.051514 -0.261475
v 0.308838 0.051514 -0.260498
v 0.306885 0.053467 -0.264893
v 0.305420 0.053467 -0.264404
v 0.306396 0.052979 -0.261963
v 0.306396 0.052490 -0.259521
v 0.306396 0.054443 -0.261475
v 0.305908 0.053955 -0.259521
v 0.305420 0.051025 -0.257080
v 0.303467 0.049561 -0.261475
v 0.298584 0.048096 -0.259033
v 0.302979 0.049561 -0.255615
v 0.297119 0.047119 -0.257080
v 0.297119 0.047607 -0.256592
v 0.300049 0.049072 -0.255127
v 0.297607 0.050537 -0.255615
v 0.302490 0.052490 -0.255615
v 0.304443 0.053467 -0.257080
v 0.300537 0.052002 -0.255127
v 0.298584 0.052490 -0.255615
v 0.300049 0.053955 -0.256104
v 0.304932 0.055908 -0.263916
v 0.302979 0.056885 -0.262939
v 0.301025 0.056885 -0.262939
v 0.303467 0.056396 -0.260010
v 0.301025 0.056396 -0.259033
v 0.301514 0.057373 -0.259521
v 0.299072 0.057373 -0.265381
v 0.299072 0.055420 -0.258545
v 0.298584 0.054932 -0.261475
v 0.297119 0.055908 -0.260498
v 0.298096 0.055420 -0.258057
v 0.300049 0.056885 -0.261475
v 0.302490 0.060303 -0.263428
v 0.302979 0.059814 -0.260010
v 0.301514 0.058838 -0.258057
v 0.303467 0.062256 -0.260010
v 0.302979 0.061768 -0.258545
v 0.304443 0.054932 -0.257568
v 0.302002 0.054932 -0.256592
v 0.298584 0.055908 -0.257080
v 0.297119 0.057373 -0.255127
v 0.300537 0.059814 -0.256104
v 0.297119 0.062256 -0.255127
v 0.297119 0.058838 -0.252197
v 0.291260 0.048096 -0.274658
v 0.292725 0.053955 -0.279541
v 0.293213 0.050537 -0.270752
v 0.296631 0.054932 -0.281006
v 0.296631 0.057861 -0.278564
v 0.294189 0.055420 -0.276123
v 0.296631 0.060791 -0.271729
v 0.296631 0.061768 -0.270264
v 0.290283 0.060303 -0.265869
v 0.295166 0.048096 -0.258057
v 0.293701 0.049072 -0.260498
v 0.289307 0.047119 -0.259521
v 0.291260 0.049072 -0.259521
v 0.293701 0.053955 -0.262451
v 0.293701 0.051025 -0.260010
v 0.295654 0.053467 -0.260010
v 0.294678 0.053467 -0.260010
v 0.293213 0.053955 -0.258545
v 0.291748 0.053955 -0.260986
v 0.292236 0.054443 -0.258057
v 0.289307 0.052979 -0.260010
v 0.290771 0.054443 -0.260498
v 0.295166 0.050537 -0.257568
v 0.293701 0.049072 -0.257080
v 0.291748 0.048096 -0.256592
v 0.296143 0.053467 -0.257568
v 0.296631 0.054443 -0.257568
v 0.290771 0.052490 -0.257568
v 0.291260 0.053467 -0.254639
v 0.286865 0.052490 -0.259033
v 0.281494 0.051514 -0.259033
v 0.287842 0.052002 -0.256104
v 0.288818 0.052979 -0.253174
v 0.286865 0.053467 -0.252197
v 0.284424 0.052490 -0.254150
v 0.284424 0.052979 -0.257568
v 0.281494 0.054443 -0.255615
v 0.296631 0.054932 -0.263916
v 0.294189 0.058838 -0.258057
v 0.294678 0.054932 -0.256592
v 0.294189 0.055908 -0.256104
v 0.292725 0.055420 -0.255615
v 0.292236 0.056885 -0.256592
v 0.292725 0.058350 -0.256104
v 0.289307 0.058350 -0.255127
v 0.291260 0.055420 -0.252686
v 0.290283 0.057861 -0.250732
v 0.294678 0.059326 -0.255127
v 0.291748 0.060303 -0.257080
v 0.290771 0.061768 -0.257080
v 0.291260 0.061279 -0.252686
v 0.287354 0.056885 -0.261963
v 0.288330 0.055420 -0.250732
v 0.284424 0.055420 -0.250244
v 0.281982 0.054932 -0.252197
v 0.285400 0.062256 -0.252197
v 0.267822 0.035400 -0.282471
v 0.263916 0.031982 -0.282471
v 0.267822 0.048584 -0.282959
v 0.263916 0.052002 -0.282959
v 0.272217 0.031494 -0.279053
v 0.278076 0.041260 -0.260010
v 0.277100 0.039795 -0.262939
v 0.273682 0.042725 -0.258545
v 0.273193 0.041260 -0.260498
v 0.270752 0.043213 -0.259521
v 0.269287 0.045166 -0.258545
v 0.269287 0.046631 -0.258545
v 0.270752 0.045166 -0.257568
v 0.262939 0.037354 -0.278076
v 0.277588 0.060303 -0.278564
v 0.272705 0.057373 -0.275635
v 0.265869 0.055420 -0.274658
v 0.272705 0.059814 -0.271240
v 0.276123 0.047119 -0.257080
v 0.269287 0.049561 -0.258057
v 0.269775 0.054443 -0.258545
v 0.271240 0.049072 -0.257080
v 0.272217 0.052979 -0.256592
v 0.276123 0.058838 -0.258057
v 0.279541 0.058350 -0.253662
v 0.281006 0.057373 -0.251221
v 0.280518 0.060303 -0.250732
v 0.279053 0.061279 -0.252686
v 0.272705 0.061279 -0.260010
v 0.258545 0.055908 -0.273682
v 0.265381 0.057373 -0.270264
v 0.254150 0.058350 -0.273682
v 0.251709 0.060791 -0.273682
v 0.257568 0.057373 -0.270752
v 0.253662 0.059814 -0.271240
v 0.330322 0.087158 -0.281494
v 0.319580 0.064697 -0.276611
v 0.314209 0.069092 -0.278564
v 0.317627 0.063232 -0.272217
v 0.317627 0.065674 -0.268799
v 0.315674 0.064697 -0.266846
v 0.320557 0.073975 -0.279053
v 0.320557 0.076416 -0.275146
v 0.314209 0.071045 -0.278564
v 0.313721 0.073486 -0.274658
v 0.315186 0.071533 -0.268311
v 0.313721 0.070557 -0.266357
v 0.328857 0.082275 -0.280518
v 0.328369 0.083252 -0.278076
v 0.329834 0.085205 -0.281006
v 0.330322 0.087158 -0.281006
v 0.328369 0.086670 -0.277588
v 0.329834 0.089111 -0.281006
v 0.325928 0.078369 -0.279541
v 0.325928 0.079834 -0.276611
v 0.319092 0.084717 -0.272705
v 0.327881 0.089600 -0.278076
v 0.325439 0.086182 -0.275146
v 0.327881 0.091553 -0.280518
v 0.324463 0.092529 -0.276611
v 0.317627 0.093506 -0.274658
v 0.313232 0.092529 -0.271240
v 0.313232 0.092041 -0.268311
v 0.323975 0.094482 -0.279053
v 0.317139 0.095947 -0.278076
v 0.312744 0.094971 -0.273193
v 0.313721 0.095459 -0.271240
v 0.313721 0.094971 -0.268311
v 0.313232 0.093994 -0.266846
v 0.312744 0.095947 -0.266357
v 0.313232 0.098389 -0.270752
v 0.313232 0.097900 -0.267822
v 0.314697 0.102295 -0.276123
v 0.315674 0.109131 -0.276611
v 0.313232 0.104248 -0.272705
v 0.314697 0.110596 -0.274170
v 0.315186 0.114014 -0.277100
v 0.314209 0.114502 -0.275146
v 0.312744 0.116455 -0.274658
v 0.314209 0.117432 -0.278076
v 0.313232 0.118896 -0.278564
v 0.313232 0.118408 -0.277588
v 0.297119 0.062744 -0.281494
v 0.307861 0.072021 -0.282471
v 0.304443 0.071045 -0.282959
v 0.297607 0.073975 -0.285400
v 0.299072 0.074463 -0.288330
v 0.297119 0.075439 -0.287842
v 0.293701 0.065674 -0.287354
v 0.294189 0.064697 -0.284424
v 0.292725 0.063232 -0.286377
v 0.293701 0.069092 -0.285400
v 0.292725 0.068604 -0.287354
v 0.290283 0.070068 -0.283936
v 0.281982 0.065186 -0.282959
v 0.293213 0.073486 -0.289795
v 0.291260 0.077393 -0.290283
v 0.292725 0.070557 -0.286377
v 0.291260 0.073975 -0.287842
v 0.290283 0.071533 -0.281982
v 0.295654 0.075928 -0.285400
v 0.289307 0.074951 -0.286377
v 0.287354 0.072998 -0.288818
v 0.288330 0.073486 -0.286377
v 0.286865 0.073486 -0.285889
v 0.287354 0.072021 -0.282959
v 0.287842 0.074951 -0.285889
v 0.287842 0.075928 -0.285400
v 0.286865 0.074951 -0.286377
v 0.288818 0.076416 -0.285889
v 0.286865 0.076416 -0.281982
v 0.284912 0.075928 -0.283447
v 0.297119 0.079834 -0.281494
v 0.301025 0.083252 -0.283447
v 0.300537 0.090576 -0.283447
v 0.290771 0.078857 -0.289307
v 0.289307 0.080811 -0.289307
v 0.290283 0.083252 -0.289795
v 0.293213 0.079346 -0.287842
v 0.296631 0.081787 -0.285400
v 0.293213 0.080811 -0.288330
v 0.294189 0.079346 -0.284912
v 0.292725 0.081787 -0.285889
v 0.290283 0.078369 -0.281494
v 0.289307 0.081787 -0.282959
v 0.294189 0.083252 -0.285889
v 0.295166 0.084717 -0.287842
v 0.295166 0.082275 -0.282959
v 0.291748 0.082275 -0.285889
v 0.292725 0.083740 -0.282471
v 0.286865 0.078857 -0.289307
v 0.288330 0.079834 -0.288818
v 0.288818 0.078369 -0.281982
v 0.286377 0.078369 -0.284912
v 0.286865 0.079834 -0.284912
v 0.286865 0.080811 -0.283936
v 0.283447 0.079834 -0.285400
v 0.281982 0.079834 -0.287842
v 0.288818 0.083740 -0.284424
v 0.286865 0.083252 -0.284424
v 0.285889 0.084717 -0.281494
v 0.284424 0.082275 -0.285889
v 0.282471 0.083252 -0.287842
v 0.290771 0.086670 -0.285889
v 0.290771 0.089600 -0.288330
v 0.291260 0.086182 -0.283447
v 0.289307 0.086182 -0.282959
v 0.287354 0.088135 -0.286377
v 0.312256 0.068115 -0.274170
v 0.309326 0.066650 -0.265869
v 0.298096 0.064697 -0.267334
v 0.308838 0.070557 -0.280518
v 0.306396 0.071045 -0.278564
v 0.307861 0.072510 -0.276123
v 0.311768 0.075439 -0.268799
v 0.309814 0.074951 -0.266357
v 0.302002 0.072510 -0.280518
v 0.301514 0.077393 -0.266846
v 0.298584 0.074463 -0.266846
v 0.303467 0.063721 -0.262939
v 0.302002 0.064209 -0.265381
v 0.302490 0.066162 -0.261963
v 0.302979 0.065186 -0.259521
v 0.298096 0.064209 -0.259033
v 0.300537 0.066162 -0.259033
v 0.297119 0.066162 -0.258545
v 0.302979 0.068115 -0.261963
v 0.301025 0.066650 -0.264404
v 0.302002 0.068604 -0.264893
v 0.301514 0.067139 -0.261475
v 0.302490 0.067627 -0.259033
v 0.303467 0.068604 -0.259521
v 0.300049 0.066650 -0.258545
v 0.302002 0.063232 -0.257080
v 0.299561 0.064697 -0.256592
v 0.299561 0.063232 -0.251709
v 0.302979 0.070068 -0.257080
v 0.300537 0.067627 -0.256592
v 0.299072 0.068604 -0.255127
v 0.300537 0.068604 -0.251709
v 0.305420 0.071533 -0.265381
v 0.303955 0.070557 -0.262451
v 0.302490 0.071045 -0.264893
v 0.302490 0.073975 -0.264404
v 0.304443 0.070557 -0.259033
v 0.303955 0.073975 -0.261475
v 0.304443 0.073486 -0.258545
v 0.301514 0.076904 -0.262939
v 0.302979 0.076416 -0.260498
v 0.301514 0.070557 -0.254639
v 0.303467 0.072510 -0.256104
v 0.298584 0.071045 -0.257568
v 0.300537 0.073486 -0.254150
v 0.298096 0.072510 -0.254150
v 0.303467 0.075439 -0.257568
v 0.302490 0.074463 -0.255615
v 0.301514 0.076416 -0.256104
v 0.298584 0.075439 -0.255127
v 0.298096 0.075439 -0.255127
v 0.299072 0.077881 -0.257568
v 0.298096 0.077881 -0.257080
v 0.298096 0.077393 -0.254639
v 0.297119 0.076416 -0.251709
v 0.293213 0.063232 -0.273682
v 0.291260 0.065186 -0.276123
v 0.290283 0.066162 -0.275146
v 0.292725 0.067627 -0.280518
v 0.289307 0.068115 -0.278564
v 0.294678 0.066162 -0.269287
v 0.292236 0.063721 -0.271729
v 0.294678 0.068115 -0.268311
v 0.288818 0.069092 -0.277588
v 0.282471 0.067139 -0.279053
v 0.287354 0.069580 -0.270752
v 0.286377 0.068604 -0.270752
v 0.285400 0.068604 -0.270264
v 0.284912 0.069580 -0.269775
v 0.291748 0.070557 -0.270264
v 0.289795 0.070557 -0.273193
v 0.292725 0.073486 -0.269775
v 0.293701 0.074951 -0.269287
v 0.292236 0.077881 -0.272705
v 0.287842 0.072510 -0.279541
v 0.287842 0.073975 -0.277100
v 0.288330 0.072510 -0.275146
v 0.287842 0.076904 -0.278564
v 0.288330 0.077881 -0.279053
v 0.288818 0.074463 -0.275146
v 0.283447 0.074951 -0.279541
v 0.283936 0.074463 -0.274170
v 0.287354 0.071045 -0.270264
v 0.285889 0.070557 -0.270752
v 0.285889 0.071045 -0.269775
v 0.282471 0.074463 -0.271729
v 0.291260 0.066162 -0.258057
v 0.290771 0.066162 -0.259033
v 0.289795 0.066162 -0.258545
v 0.292236 0.066650 -0.258057
v 0.291260 0.066650 -0.259033
v 0.291748 0.067627 -0.259033
v 0.290283 0.067139 -0.258545
v 0.289307 0.066650 -0.258057
v 0.290771 0.068604 -0.258545
v 0.290283 0.068604 -0.258057
v 0.293701 0.063721 -0.257568
v 0.296631 0.067139 -0.257568
v 0.291748 0.067627 -0.257568
v 0.290771 0.066650 -0.257568
v 0.290771 0.067139 -0.257568
v 0.290771 0.067627 -0.257080
v 0.289307 0.067627 -0.257568
v 0.283936 0.068604 -0.264893
v 0.286865 0.064697 -0.254639
v 0.288330 0.062744 -0.251221
v 0.281982 0.063232 -0.250244
v 0.283936 0.064697 -0.252686
v 0.288330 0.066650 -0.252197
v 0.285889 0.069092 -0.250732
v 0.296631 0.077393 -0.259521
v 0.295166 0.071045 -0.255615
v 0.295654 0.072021 -0.255615
v 0.296631 0.073975 -0.253174
v 0.294189 0.072998 -0.251221
v 0.292725 0.070557 -0.254150
v 0.289795 0.071533 -0.252197
v 0.289307 0.073975 -0.251709
v 0.296143 0.074951 -0.256104
v 0.295166 0.074463 -0.254639
v 0.289795 0.074463 -0.251709
v 0.305908 0.081787 -0.273682
v 0.307373 0.079346 -0.270752
v 0.306396 0.081299 -0.270264
v 0.304932 0.078369 -0.267334
v 0.305908 0.079834 -0.266846
v 0.307373 0.080811 -0.268311
v 0.308350 0.081299 -0.265869
v 0.311279 0.083252 -0.271729
v 0.308838 0.085693 -0.271240
v 0.309326 0.082764 -0.268799
v 0.309326 0.082764 -0.266357
v 0.310303 0.085205 -0.269287
v 0.309814 0.084229 -0.265869
v 0.307861 0.083252 -0.271240
v 0.302979 0.080811 -0.273682
v 0.303467 0.085205 -0.280518
v 0.297119 0.082275 -0.276611
v 0.303955 0.079834 -0.268799
v 0.301025 0.079834 -0.266846
v 0.300537 0.080322 -0.269775
v 0.300049 0.081787 -0.265869
v 0.305420 0.086670 -0.280029
v 0.308838 0.090088 -0.277588
v 0.310791 0.093018 -0.274170
v 0.304932 0.091553 -0.275635
v 0.308838 0.087646 -0.271240
v 0.309326 0.089600 -0.271729
v 0.309814 0.087158 -0.266357
v 0.309814 0.088135 -0.268799
v 0.310303 0.089600 -0.269287
v 0.305420 0.086182 -0.266357
v 0.307861 0.089600 -0.266357
v 0.310791 0.090088 -0.272705
v 0.312256 0.090088 -0.270264
v 0.312256 0.092041 -0.273193
v 0.311279 0.090576 -0.267822
v 0.309326 0.090576 -0.266846
v 0.311768 0.093018 -0.265869
v 0.306885 0.091064 -0.273193
v 0.306885 0.090576 -0.267334
v 0.303467 0.087158 -0.277100
v 0.300049 0.088623 -0.279541
v 0.297119 0.091553 -0.274170
v 0.302490 0.091553 -0.267334
v 0.302490 0.091553 -0.265869
v 0.301514 0.091064 -0.266846
v 0.301025 0.091064 -0.266357
v 0.301514 0.091553 -0.265869
v 0.302490 0.092529 -0.267334
v 0.302490 0.092529 -0.266357
v 0.301514 0.092041 -0.266846
v 0.302002 0.093018 -0.266846
v 0.302002 0.093018 -0.265869
v 0.301025 0.093018 -0.266357
v 0.300537 0.091553 -0.266357
v 0.300537 0.092529 -0.266357
v 0.306396 0.080322 -0.264404
v 0.304932 0.080322 -0.263916
v 0.305908 0.081299 -0.263428
v 0.307861 0.082764 -0.263916
v 0.305420 0.082275 -0.262451
v 0.307373 0.084229 -0.262939
v 0.303467 0.080811 -0.262939
v 0.301514 0.080322 -0.264404
v 0.301514 0.078369 -0.259033
v 0.299072 0.080322 -0.265381
v 0.299561 0.081299 -0.265381
v 0.300049 0.080322 -0.262939
v 0.300537 0.081299 -0.263428
v 0.297119 0.080322 -0.264404
v 0.297607 0.080322 -0.261963
v 0.300049 0.078369 -0.261475
v 0.298096 0.078857 -0.260010
v 0.300049 0.081299 -0.260498
v 0.298584 0.081299 -0.259521
v 0.304443 0.083740 -0.261963
v 0.301514 0.083252 -0.263428
v 0.301514 0.083740 -0.262451
v 0.303467 0.085693 -0.261963
v 0.301514 0.085205 -0.263916
v 0.301514 0.083252 -0.261475
v 0.301514 0.085693 -0.260498
v 0.298584 0.082764 -0.258057
v 0.297119 0.082275 -0.258545
v 0.300537 0.084229 -0.259033
v 0.297607 0.079346 -0.254150
v 0.297119 0.080811 -0.256592
v 0.297607 0.084229 -0.257080
v 0.308838 0.086182 -0.264404
v 0.309326 0.089600 -0.261963
v 0.305908 0.087158 -0.262939
v 0.307373 0.088623 -0.264893
v 0.305908 0.089111 -0.265381
v 0.306885 0.087158 -0.260010
v 0.309326 0.092041 -0.264893
v 0.308838 0.093506 -0.260498
v 0.305908 0.092529 -0.265381
v 0.305908 0.091553 -0.258057
v 0.301514 0.086670 -0.263916
v 0.301514 0.086670 -0.263428
v 0.303467 0.089111 -0.264893
v 0.303955 0.086182 -0.259033
v 0.300537 0.089600 -0.262451
v 0.300537 0.088135 -0.259033
v 0.298096 0.088135 -0.261475
v 0.301025 0.092041 -0.265381
v 0.301514 0.093018 -0.265381
v 0.298096 0.091553 -0.260986
v 0.298584 0.090576 -0.258545
v 0.298096 0.093018 -0.260986
v 0.297119 0.093506 -0.260498
v 0.298584 0.093506 -0.258545
v 0.302002 0.089111 -0.257080
v 0.299072 0.086182 -0.257080
v 0.297607 0.089111 -0.256592
v 0.300537 0.093018 -0.256592
v 0.296631 0.081299 -0.274170
v 0.289307 0.078857 -0.280518
v 0.288818 0.079346 -0.273682
v 0.287842 0.080322 -0.270264
v 0.285400 0.082764 -0.265869
v 0.294678 0.087646 -0.277588
v 0.290771 0.086182 -0.274170
v 0.289307 0.089111 -0.275635
v 0.290283 0.088135 -0.271240
v 0.282959 0.086670 -0.278076
v 0.281982 0.086182 -0.279053
v 0.288818 0.091064 -0.272705
v 0.285889 0.090576 -0.273193
v 0.287354 0.090576 -0.266846
v 0.295166 0.080811 -0.262939
v 0.295654 0.080811 -0.260498
v 0.296143 0.080811 -0.259521
v 0.294189 0.082275 -0.258057
v 0.293701 0.083252 -0.259033
v 0.292236 0.083740 -0.260986
v 0.292725 0.085693 -0.258057
v 0.296143 0.079346 -0.251709
v 0.294678 0.079346 -0.250244
v 0.295654 0.081299 -0.252686
v 0.294189 0.081787 -0.251709
v 0.292236 0.081299 -0.250732
v 0.295166 0.082275 -0.255615
v 0.295166 0.084229 -0.257080
v 0.291260 0.083252 -0.256592
v 0.292725 0.083252 -0.254150
v 0.290283 0.082764 -0.252686
v 0.285400 0.078369 -0.253174
v 0.286865 0.078369 -0.250732
v 0.285889 0.078369 -0.250244
v 0.288330 0.080811 -0.251221
v 0.286377 0.080811 -0.253662
v 0.282471 0.078369 -0.252197
v 0.288330 0.082764 -0.255127
v 0.291260 0.087158 -0.260010
v 0.296143 0.092041 -0.259033
v 0.293213 0.092529 -0.260498
v 0.294678 0.092529 -0.259033
v 0.294189 0.092041 -0.258545
v 0.291260 0.090088 -0.260010
v 0.292725 0.090576 -0.258057
v 0.296631 0.086670 -0.256104
v 0.294678 0.086670 -0.256592
v 0.294678 0.089111 -0.256592
v 0.292725 0.088135 -0.257568
v 0.295654 0.090576 -0.257080
v 0.296143 0.093506 -0.257568
v 0.284912 0.092041 -0.264404
v 0.273682 0.083252 -0.281982
v 0.278076 0.062744 -0.274170
v 0.279541 0.070068 -0.267334
v 0.270264 0.069580 -0.267334
v 0.281006 0.073486 -0.275635
v 0.279053 0.073975 -0.273682
v 0.278076 0.076416 -0.277588
v 0.280029 0.075439 -0.275635
v 0.275635 0.072510 -0.270264
v 0.279053 0.076904 -0.266846
v 0.274170 0.077393 -0.271240
v 0.275635 0.075928 -0.269287
v 0.280518 0.064697 -0.260498
v 0.276611 0.066650 -0.262939
v 0.280029 0.063721 -0.253174
v 0.281006 0.063232 -0.250244
v 0.277588 0.066650 -0.251709
v 0.277588 0.070068 -0.251221
v 0.278564 0.073486 -0.250732
v 0.280029 0.076416 -0.251221
v 0.262451 0.066162 -0.266846
v 0.250732 0.062744 -0.274170
v 0.256104 0.063721 -0.268311
v 0.252686 0.063232 -0.269775
v 0.250732 0.062744 -0.273193
v 0.250732 0.064697 -0.273193
v 0.254150 0.070068 -0.269287
v 0.252197 0.066650 -0.270264
v 0.251709 0.067627 -0.272705
v 0.258545 0.077881 -0.272217
v 0.259521 0.074951 -0.268311
v 0.253662 0.072021 -0.272217
v 0.275146 0.083252 -0.279541
v 0.274170 0.085205 -0.280029
v 0.276611 0.083252 -0.276611
v 0.269775 0.084717 -0.276123
v 0.272217 0.079346 -0.268311
v 0.272705 0.078857 -0.266846
v 0.266357 0.079346 -0.268799
v 0.271729 0.082275 -0.271729
v 0.269287 0.083740 -0.265869
v 0.268799 0.084229 -0.266357
v 0.280029 0.090088 -0.275146
v 0.275635 0.093018 -0.275635
v 0.271240 0.086670 -0.275146
v 0.268799 0.086182 -0.278564
v 0.266357 0.093018 -0.272217
v 0.275146 0.080322 -0.264404
v 0.271729 0.085205 -0.262939
v 0.269775 0.084229 -0.265381
v 0.280029 0.086182 -0.262451
v 0.275146 0.089600 -0.261963
v 0.269775 0.089600 -0.263428
v 0.267822 0.089111 -0.264893
v 0.271240 0.092041 -0.262451
v 0.268311 0.091553 -0.264893
v 0.269287 0.093506 -0.263916
v 0.268799 0.093506 -0.264404
v 0.264404 0.082275 -0.272705
v 0.264404 0.091064 -0.276123
v 0.289795 0.094971 -0.281982
v 0.286865 0.096924 -0.282471
v 0.310303 0.095459 -0.278076
v 0.312256 0.095459 -0.275635
v 0.304932 0.093994 -0.280029
v 0.310303 0.096924 -0.271729
v 0.305908 0.096436 -0.266357
v 0.311768 0.097900 -0.272705
v 0.310303 0.100342 -0.271729
v 0.312256 0.097900 -0.266357
v 0.311768 0.099365 -0.266846
v 0.311279 0.100342 -0.269287
v 0.309326 0.101318 -0.267822
v 0.310303 0.099854 -0.266357
v 0.307861 0.099365 -0.265869
v 0.306885 0.100830 -0.266357
v 0.306396 0.101318 -0.268799
v 0.297119 0.101318 -0.274658
v 0.300049 0.096924 -0.270752
v 0.307861 0.101807 -0.270264
v 0.306885 0.103271 -0.269775
v 0.308350 0.101807 -0.267822
v 0.307861 0.103760 -0.267822
v 0.305420 0.105225 -0.268799
v 0.306396 0.105225 -0.266846
v 0.307373 0.109131 -0.270264
v 0.303467 0.102783 -0.269287
v 0.302979 0.105713 -0.267334
v 0.301025 0.105713 -0.265869
v 0.297607 0.107178 -0.272705
v 0.311279 0.094971 -0.264893
v 0.308350 0.093994 -0.263916
v 0.308350 0.094971 -0.265381
v 0.305420 0.093994 -0.264893
v 0.308350 0.096924 -0.263916
v 0.305908 0.096924 -0.264404
v 0.304932 0.097412 -0.262451
v 0.306885 0.097412 -0.260010
v 0.310303 0.097900 -0.264893
v 0.306885 0.097900 -0.263916
v 0.308350 0.099365 -0.265381
v 0.305908 0.098877 -0.265381
v 0.307373 0.100342 -0.263428
v 0.305420 0.100342 -0.261475
v 0.303467 0.095459 -0.264893
v 0.301514 0.096436 -0.263428
v 0.300537 0.094971 -0.262451
v 0.300537 0.095947 -0.259033
v 0.304443 0.099365 -0.264404
v 0.301025 0.098389 -0.261963
v 0.302979 0.098389 -0.261475
v 0.301025 0.099365 -0.260498
v 0.303467 0.100830 -0.260986
v 0.301025 0.100830 -0.261475
v 0.300049 0.098389 -0.261963
v 0.300537 0.099854 -0.262939
v 0.299561 0.100830 -0.258057
v 0.303467 0.095947 -0.257568
v 0.297607 0.095459 -0.256592
v 0.299561 0.097412 -0.257080
v 0.297607 0.098877 -0.256592
v 0.297607 0.101318 -0.257568
v 0.308350 0.101807 -0.265381
v 0.306885 0.102783 -0.262939
v 0.305420 0.103271 -0.261963
v 0.307373 0.103760 -0.264404
v 0.305908 0.104736 -0.263916
v 0.304932 0.104736 -0.263428
v 0.303955 0.104736 -0.262451
v 0.301025 0.104736 -0.262939
v 0.303955 0.103271 -0.261475
v 0.302002 0.102783 -0.261475
v 0.302979 0.104248 -0.261475
v 0.299561 0.101807 -0.264893
v 0.299072 0.102783 -0.264893
v 0.300049 0.101807 -0.262939
v 0.300049 0.103271 -0.262451
v 0.300049 0.104736 -0.265381
v 0.298096 0.103760 -0.264404
v 0.300049 0.102295 -0.260010
v 0.299072 0.102783 -0.259521
v 0.298584 0.103760 -0.261475
v 0.303955 0.106201 -0.265381
v 0.302002 0.105713 -0.263916
v 0.294189 0.094971 -0.274170
v 0.295654 0.096436 -0.277100
v 0.291260 0.094971 -0.277588
v 0.295166 0.100342 -0.270264
v 0.286377 0.095459 -0.279053
v 0.282959 0.100830 -0.274658
v 0.286377 0.094482 -0.270264
v 0.285400 0.094971 -0.267334
v 0.286377 0.101318 -0.266846
v 0.291748 0.105225 -0.276611
v 0.293213 0.103271 -0.272705
v 0.296143 0.109131 -0.271240
v 0.295654 0.107666 -0.268799
v 0.284424 0.102783 -0.279053
v 0.291748 0.094971 -0.260010
v 0.292725 0.095459 -0.258057
v 0.293701 0.100830 -0.258545
v 0.291748 0.097900 -0.260010
v 0.292725 0.098389 -0.258057
v 0.292725 0.100830 -0.260986
v 0.296631 0.097412 -0.256104
v 0.294678 0.095947 -0.256592
v 0.295166 0.098389 -0.256592
v 0.295654 0.100342 -0.257080
v 0.294678 0.102783 -0.261963
v 0.296631 0.103760 -0.263428
v 0.295654 0.102783 -0.260010
v 0.286865 0.108643 -0.265381
v 0.311279 0.114990 -0.272705
v 0.298584 0.115967 -0.275635
v 0.301025 0.114990 -0.272217
v 0.311768 0.119385 -0.278076
v 0.308838 0.120361 -0.277588
v 0.310303 0.118896 -0.275635
v 0.306885 0.118408 -0.274170
v 0.304443 0.119873 -0.276611
v 0.294189 0.110596 -0.275146
v 0.296143 0.114502 -0.273682
v 0.294678 0.115479 -0.269775
v 0.286865 0.116455 -0.266846
v 0.293701 0.121338 -0.274170
v 0.290771 0.124756 -0.275146
v 0.292725 0.121826 -0.271729
v 0.290283 0.124756 -0.272705
v 0.287354 0.123291 -0.269775
v 0.281494 0.124268 -0.270752
v 0.261475 0.107178 -0.290283
v 0.259033 0.105713 -0.290283
v 0.251221 0.105713 -0.290283
v 0.262939 0.110107 -0.289795
v 0.262939 0.123291 -0.290283
v 0.262939 0.117432 -0.288818
v 0.261963 0.120361 -0.288818
v 0.261963 0.120850 -0.288818
v 0.259033 0.119873 -0.287842
v 0.259033 0.121826 -0.288818
v 0.251221 0.119873 -0.287842
v 0.280029 0.096436 -0.272217
v 0.276611 0.094482 -0.271729
v 0.277100 0.096924 -0.265869
v 0.273682 0.098877 -0.270264
v 0.280518 0.108154 -0.277100
v 0.274170 0.103760 -0.272217
v 0.277100 0.103271 -0.268311
v 0.279053 0.106201 -0.273193
v 0.268311 0.105713 -0.271240
v 0.277100 0.094482 -0.262939
v 0.272705 0.094482 -0.263428
v 0.270264 0.094971 -0.264893
v 0.272217 0.096436 -0.265381
v 0.260986 0.096924 -0.276611
v 0.262451 0.099365 -0.273193
v 0.260010 0.105225 -0.278076
v 0.260986 0.107178 -0.275146
v 0.275635 0.112061 -0.277588
v 0.273682 0.111084 -0.273682
v 0.274170 0.110107 -0.270752
v 0.277100 0.110107 -0.266846
v 0.270264 0.114990 -0.278076
v 0.266357 0.114990 -0.278564
v 0.268799 0.114014 -0.275635
v 0.265869 0.114502 -0.276611
v 0.278076 0.117432 -0.268311
v 0.275146 0.117432 -0.271729
v 0.278564 0.123779 -0.273193
v 0.264893 0.111084 -0.274170
v 0.261963 0.111084 -0.277100
v 0.263916 0.113037 -0.276123
v 0.260986 0.110596 -0.279053
v 0.263916 0.114502 -0.279541
v 0.262939 0.114014 -0.280029
v 0.261963 0.113525 -0.280029
v 0.262939 0.114014 -0.279053
v 0.415771 0.125732 -0.491943
v 0.413818 0.125732 -0.493896
v 0.409424 0.139893 -0.491943
v 0.412354 0.140869 -0.490967
v 0.413330 0.142334 -0.491943
v 0.417236 0.151611 -0.492432
v 0.418701 0.148682 -0.490479
v 0.406982 0.139404 -0.444580
v 0.410400 0.140869 -0.443115
v 0.414307 0.149170 -0.439209
v 0.409912 0.125732 -0.435303
v 0.409424 0.148193 -0.433350
v 0.346924 0.125732 -0.493896
v 0.348877 0.131104 -0.493896
v 0.345459 0.125732 -0.491943
v 0.352295 0.139893 -0.491943
v 0.345459 0.137451 -0.493896
v 0.354736 0.140869 -0.490967
v 0.353760 0.141846 -0.491943
v 0.348389 0.147705 -0.490479
v 0.348877 0.151611 -0.492432
v 0.346924 0.150635 -0.492432
v 0.347412 0.148682 -0.490479
v 0.352295 0.125732 -0.438232
v 0.346924 0.132568 -0.448975
v 0.355713 0.139404 -0.444580
v 0.358154 0.140869 -0.443115
v 0.353271 0.146729 -0.444580
v 0.347412 0.148193 -0.439209
v 0.355225 0.148682 -0.444580
v 0.349854 0.149170 -0.439209
v 0.341553 0.139893 -0.490967
v 0.342529 0.141357 -0.492432
v 0.336182 0.141357 -0.493896
v 0.339600 0.132568 -0.440186
v 0.339600 0.139893 -0.443604
v 0.339111 0.140869 -0.448975
v 0.339111 0.146729 -0.444580
v 0.337158 0.148682 -0.444580
v 0.355225 0.169189 -0.444580
v 0.353271 0.171143 -0.444580
v 0.337158 0.169189 -0.444580
v 0.339111 0.171143 -0.444580
v 0.354248 0.148193 -0.436768
v 0.343994 0.152100 -0.408936
v 0.343994 0.153076 -0.407959
v 0.353271 0.146729 -0.384521
v 0.355225 0.148682 -0.384521
v 0.343018 0.147217 -0.436768
v 0.343506 0.152100 -0.424561
v 0.343506 0.153076 -0.425537
v 0.339111 0.146729 -0.384521
v 0.337158 0.148682 -0.384521
v 0.343994 0.165771 -0.408936
v 0.343994 0.164795 -0.407959
v 0.355225 0.169189 -0.384521
v 0.353271 0.171143 -0.384521
v 0.361572 0.179443 -0.385498
v 0.358643 0.179443 -0.386963
v 0.358643 0.180908 -0.385498
v 0.343506 0.164795 -0.425537
v 0.343506 0.165771 -0.424561
v 0.337158 0.169189 -0.384521
v 0.339111 0.171143 -0.384521
v 0.343018 0.179443 -0.386963
v 0.340088 0.179443 -0.386963
v 0.341553 0.179443 -0.385986
v 0.343018 0.180420 -0.385986
v 0.343018 0.180908 -0.385498
v 0.341553 0.179932 -0.385498
v 0.340088 0.180420 -0.385986
v 0.340088 0.180908 -0.385498
v 0.315674 0.179443 -0.386963
v 0.315674 0.180908 -0.385498
v 0.282959 0.139893 -0.490967
v 0.286377 0.141357 -0.493896
v 0.281982 0.140869 -0.492432
v 0.286377 0.132568 -0.440186
v 0.285889 0.139893 -0.443604
v 0.309814 0.146729 -0.444580
v 0.311768 0.148682 -0.444580
v 0.296143 0.146729 -0.444580
v 0.286865 0.140869 -0.448975
v 0.294189 0.148682 -0.444580
v 0.276611 0.131104 -0.493896
v 0.280029 0.137451 -0.493896
v 0.276123 0.147705 -0.490479
v 0.277588 0.150635 -0.492432
v 0.279053 0.132568 -0.448975
v 0.278076 0.148193 -0.439209
v 0.311768 0.169189 -0.444580
v 0.309814 0.171143 -0.444580
v 0.294189 0.169189 -0.444580
v 0.296143 0.171143 -0.444580
v 0.305420 0.152100 -0.424561
v 0.305420 0.153564 -0.425537
v 0.305420 0.152100 -0.408936
v 0.305420 0.153564 -0.407959
v 0.282471 0.147217 -0.436768
v 0.309814 0.146729 -0.384521
v 0.311768 0.148682 -0.384521
v 0.295654 0.146729 -0.384521
v 0.293701 0.148682 -0.384521
v 0.305420 0.164795 -0.425537
v 0.305420 0.165771 -0.424561
v 0.305420 0.165771 -0.408936
v 0.305420 0.164795 -0.407959
v 0.311768 0.169189 -0.384521
v 0.309814 0.171143 -0.384521
v 0.293701 0.169189 -0.384521
v 0.295654 0.171143 -0.384521
v 0.298096 0.179443 -0.386963
v 0.298096 0.180908 -0.385498
v 0.295166 0.179443 -0.385498
v 0.274170 0.202881 -0.442139
v 0.272217 0.197998 -0.440674
v 0.259521 0.189697 -0.446533
v 0.260498 0.189697 -0.442139
v 0.258545 0.194580 -0.439697
v 0.272705 0.203369 -0.446045
v 0.272705 0.196533 -0.433838
v 0.260986 0.189697 -0.434326
v 0.258545 0.196045 -0.433838
v 0.274658 0.203369 -0.434326
v 0.278076 0.199463 -0.391846
v 0.273682 0.199463 -0.393799
v 0.271729 0.196533 -0.398193
v 0.271240 0.198486 -0.391846
v 0.280029 0.199463 -0.386963
v 0.270752 0.202881 -0.387451
v 0.260010 0.189697 -0.397705
v 0.259033 0.189697 -0.390869
v 0.257568 0.194092 -0.390869
v 0.257568 0.196045 -0.397217
v 0.257080 0.189697 -0.385986
v 0.273682 0.203369 -0.398682
v 0.272705 0.203369 -0.392334
v 0.361572 0.179443 -0.363525
v 0.358643 0.179443 -0.362061
v 0.358643 0.180908 -0.363525
v 0.343018 0.179443 -0.362061
v 0.341553 0.179443 -0.363037
v 0.340088 0.179443 -0.362549
v 0.343018 0.180908 -0.363525
v 0.341553 0.179932 -0.363525
v 0.340088 0.180908 -0.363525
v 0.343018 0.180420 -0.363037
v 0.340088 0.180420 -0.363037
v 0.315674 0.179443 -0.362549
v 0.315674 0.180908 -0.363525
v 0.315186 0.136475 -0.287354
v 0.315186 0.136475 -0.286865
v 0.313721 0.136475 -0.286377
v 0.316650 0.140381 -0.286865
v 0.316162 0.137939 -0.287354
v 0.315186 0.136963 -0.286377
v 0.315674 0.140381 -0.284912
v 0.313721 0.138916 -0.283447
v 0.316650 0.145752 -0.286377
v 0.316162 0.144775 -0.283936
v 0.315674 0.144775 -0.283447
v 0.313721 0.151611 -0.282471
v 0.313232 0.151611 -0.281982
v 0.314697 0.153076 -0.285889
v 0.322021 0.155518 -0.280518
v 0.322021 0.156006 -0.279541
v 0.316162 0.155029 -0.278564
v 0.316162 0.155029 -0.278076
v 0.328857 0.159424 -0.283447
v 0.328857 0.159424 -0.282959
v 0.328857 0.159424 -0.282471
v 0.328857 0.161377 -0.282959
v 0.328857 0.161377 -0.282471
v 0.328369 0.163818 -0.282471
v 0.327881 0.158447 -0.282471
v 0.327393 0.158447 -0.281982
v 0.325928 0.168213 -0.281494
v 0.325439 0.158447 -0.279053
v 0.322510 0.157471 -0.277588
v 0.326904 0.160889 -0.279053
v 0.327881 0.163330 -0.280029
v 0.324463 0.162354 -0.276611
v 0.316650 0.157471 -0.275146
v 0.325928 0.167236 -0.279053
v 0.320557 0.171631 -0.277100
v 0.318604 0.164795 -0.274170
v 0.321045 0.173096 -0.280518
v 0.314697 0.174561 -0.275635
v 0.315186 0.176025 -0.279541
v 0.298096 0.179443 -0.362549
v 0.298096 0.180908 -0.363525
v 0.295166 0.179443 -0.363525
v 0.293701 0.179443 -0.345947
v 0.286865 0.179443 -0.350342
v 0.287842 0.176025 -0.345947
v 0.298584 0.176514 -0.321533
v 0.303955 0.179932 -0.321533
v 0.259521 0.179443 -0.350342
v 0.259521 0.176025 -0.345947
v 0.259521 0.176025 -0.321533
v 0.311279 0.136475 -0.285400
v 0.311768 0.137451 -0.283936
v 0.311768 0.137451 -0.283447
v 0.306885 0.137451 -0.283936
v 0.308350 0.138428 -0.281494
v 0.308350 0.138916 -0.281494
v 0.312256 0.141846 -0.281494
v 0.301514 0.140869 -0.281982
v 0.302002 0.156006 -0.283447
v 0.296631 0.145264 -0.281494
v 0.293701 0.149658 -0.282959
v 0.293213 0.155518 -0.282471
v 0.292236 0.153076 -0.285400
v 0.288330 0.152100 -0.281982
v 0.298096 0.127686 -0.278076
v 0.298096 0.127686 -0.277588
v 0.297119 0.127686 -0.275635
v 0.301025 0.131104 -0.277100
v 0.299072 0.130615 -0.274170
v 0.300537 0.131104 -0.276611
v 0.299561 0.131104 -0.274170
v 0.303467 0.137939 -0.276123
v 0.302979 0.137939 -0.275635
v 0.301514 0.137451 -0.272705
v 0.296143 0.126221 -0.278564
v 0.296143 0.126221 -0.278076
v 0.294678 0.125732 -0.279053
v 0.294678 0.125732 -0.278564
v 0.294678 0.125732 -0.278076
v 0.293213 0.126221 -0.278076
v 0.293213 0.126709 -0.278076
v 0.294678 0.127686 -0.274658
v 0.294678 0.128174 -0.274658
v 0.291260 0.127686 -0.277588
v 0.291260 0.128174 -0.277588
v 0.292236 0.128174 -0.275635
v 0.292236 0.128174 -0.275146
v 0.290283 0.131104 -0.273682
v 0.289795 0.131104 -0.274170
v 0.294678 0.131104 -0.272705
v 0.288330 0.126709 -0.275635
v 0.286865 0.127686 -0.276123
v 0.285400 0.127686 -0.275635
v 0.286865 0.127686 -0.275146
v 0.282471 0.126709 -0.274658
v 0.288818 0.131104 -0.276611
v 0.288818 0.131592 -0.277100
v 0.287354 0.125732 -0.272217
v 0.284424 0.126221 -0.272705
v 0.294678 0.137451 -0.270752
v 0.285889 0.137451 -0.276123
v 0.285889 0.137451 -0.275635
v 0.288330 0.136963 -0.272217
v 0.287842 0.136963 -0.272705
v 0.308350 0.147217 -0.278564
v 0.302979 0.142334 -0.279053
v 0.303467 0.142822 -0.279053
v 0.303955 0.144287 -0.276123
v 0.298096 0.147217 -0.278076
v 0.298584 0.147705 -0.278076
v 0.302002 0.144775 -0.272217
v 0.309814 0.155518 -0.277588
v 0.309814 0.156006 -0.277100
v 0.303467 0.149658 -0.277588
v 0.301514 0.150146 -0.273682
v 0.303955 0.153564 -0.277588
v 0.302490 0.154053 -0.280029
v 0.300049 0.155029 -0.277100
v 0.294189 0.145264 -0.269775
v 0.282471 0.140869 -0.279541
v 0.281494 0.141357 -0.275635
v 0.284912 0.143799 -0.275635
v 0.286377 0.146729 -0.280029
v 0.285400 0.147217 -0.276123
v 0.286865 0.144287 -0.272217
v 0.286865 0.144287 -0.271729
v 0.295166 0.152100 -0.279053
v 0.294678 0.151611 -0.279541
v 0.296143 0.156006 -0.274658
v 0.293701 0.155029 -0.275146
v 0.294189 0.150635 -0.271729
v 0.294189 0.151123 -0.271240
v 0.294678 0.151611 -0.271240
v 0.293701 0.152100 -0.269287
v 0.292236 0.150146 -0.270752
v 0.291260 0.149658 -0.270264
v 0.289795 0.150146 -0.270264
v 0.289795 0.150146 -0.269775
v 0.289795 0.150635 -0.269775
v 0.289307 0.150635 -0.269775
v 0.292236 0.151123 -0.269287
v 0.290771 0.152100 -0.268799
v 0.290283 0.152100 -0.268799
v 0.296631 0.154053 -0.272217
v 0.295654 0.153564 -0.272705
v 0.295654 0.155029 -0.269775
v 0.293701 0.152588 -0.269287
v 0.291260 0.153564 -0.268311
v 0.289307 0.152588 -0.268799
v 0.286865 0.149658 -0.273682
v 0.286377 0.149658 -0.274170
v 0.284912 0.148682 -0.277588
v 0.287842 0.152588 -0.278076
v 0.285889 0.152588 -0.280029
v 0.287842 0.154053 -0.276611
v 0.287354 0.154053 -0.277100
v 0.288818 0.151611 -0.269775
v 0.287354 0.154053 -0.269775
v 0.288818 0.154541 -0.268311
v 0.284424 0.155518 -0.273193
v 0.262939 0.128662 -0.293213
v 0.261963 0.131104 -0.295166
v 0.259033 0.132568 -0.296143
v 0.251221 0.132568 -0.296143
v 0.277100 0.136475 -0.279053
v 0.276123 0.136475 -0.276123
v 0.272217 0.135010 -0.278564
v 0.270264 0.135010 -0.278564
v 0.272217 0.135498 -0.276611
v 0.268311 0.135498 -0.278076
v 0.268311 0.135986 -0.278564
v 0.269287 0.135986 -0.276611
v 0.267822 0.136963 -0.278076
v 0.268311 0.138916 -0.275146
v 0.267334 0.138916 -0.277100
v 0.272217 0.138916 -0.273193
v 0.276123 0.144775 -0.272217
v 0.268311 0.142334 -0.273682
v 0.266846 0.143311 -0.276123
v 0.269775 0.148193 -0.272217
v 0.280029 0.151611 -0.272217
v 0.280029 0.154541 -0.270752
v 0.275635 0.155029 -0.268311
v 0.267822 0.149658 -0.275146
v 0.270264 0.156006 -0.275146
v 0.272705 0.155029 -0.272217
v 0.311279 0.158447 -0.285400
v 0.309814 0.157959 -0.281494
v 0.307861 0.162354 -0.286865
v 0.306396 0.161865 -0.282959
v 0.306396 0.161865 -0.282471
v 0.301025 0.158936 -0.286377
v 0.302002 0.160889 -0.282471
v 0.298096 0.160889 -0.282471
v 0.297119 0.163818 -0.284912
v 0.303467 0.164795 -0.289307
v 0.297607 0.166748 -0.291748
v 0.302490 0.164307 -0.285400
v 0.297119 0.164307 -0.285400
v 0.298096 0.169189 -0.281494
v 0.298584 0.169678 -0.281494
v 0.298584 0.170654 -0.281494
v 0.291260 0.161377 -0.291260
v 0.291748 0.163330 -0.289307
v 0.295166 0.159912 -0.281982
v 0.293701 0.161865 -0.281494
v 0.295166 0.163818 -0.283447
v 0.291260 0.160400 -0.285400
v 0.291748 0.163818 -0.285400
v 0.289795 0.160889 -0.284912
v 0.292725 0.163330 -0.283447
v 0.290771 0.162354 -0.282959
v 0.288818 0.157959 -0.284912
v 0.287842 0.157959 -0.283447
v 0.287842 0.157959 -0.281982
v 0.288330 0.158447 -0.281982
v 0.293213 0.165771 -0.289307
v 0.296143 0.167236 -0.290283
v 0.292725 0.166260 -0.292236
v 0.295166 0.171631 -0.289307
v 0.292236 0.171631 -0.291260
v 0.293213 0.166748 -0.285400
v 0.293213 0.164795 -0.284912
v 0.296631 0.166260 -0.283447
v 0.295166 0.166260 -0.284912
v 0.293213 0.166260 -0.281982
v 0.290283 0.167725 -0.288818
v 0.291748 0.164307 -0.283936
v 0.292725 0.164795 -0.281982
v 0.292725 0.165771 -0.281982
v 0.292236 0.166260 -0.281494
v 0.295654 0.169189 -0.285889
v 0.296631 0.169189 -0.282959
v 0.293701 0.168213 -0.284912
v 0.293701 0.170166 -0.284912
v 0.290283 0.171143 -0.287354
v 0.289307 0.171143 -0.287354
v 0.292236 0.171143 -0.284912
v 0.291260 0.171631 -0.281494
v 0.287842 0.166748 -0.289307
v 0.287842 0.167725 -0.286865
v 0.282471 0.164795 -0.284424
v 0.287354 0.169189 -0.288818
v 0.285400 0.169189 -0.285400
v 0.288330 0.170654 -0.288330
v 0.287354 0.171631 -0.287354
v 0.285889 0.170654 -0.288818
v 0.285400 0.168213 -0.284424
v 0.285400 0.169189 -0.283936
v 0.282959 0.169678 -0.285400
v 0.284912 0.171143 -0.287842
v 0.283447 0.168701 -0.281982
v 0.284912 0.171631 -0.281494
v 0.305420 0.175537 -0.282959
v 0.307373 0.177979 -0.285889
v 0.305420 0.178955 -0.281494
v 0.303955 0.175537 -0.287842
v 0.302490 0.175537 -0.284424
v 0.298584 0.172607 -0.286865
v 0.297607 0.172119 -0.284424
v 0.310303 0.182373 -0.284424
v 0.296143 0.172119 -0.291748
v 0.291748 0.174072 -0.289307
v 0.293213 0.172607 -0.288330
v 0.294189 0.175537 -0.282959
v 0.290771 0.172119 -0.287354
v 0.290771 0.172607 -0.287354
v 0.289307 0.172119 -0.286865
v 0.289795 0.172607 -0.286865
v 0.290283 0.173584 -0.286865
v 0.290771 0.175049 -0.287842
v 0.289795 0.172119 -0.282471
v 0.291748 0.174561 -0.284424
v 0.292236 0.175537 -0.281982
v 0.294678 0.176025 -0.284912
v 0.296631 0.178955 -0.281982
v 0.291260 0.179443 -0.285889
v 0.289307 0.176514 -0.283936
v 0.290283 0.176025 -0.281494
v 0.289795 0.176025 -0.282471
v 0.290771 0.177979 -0.282959
v 0.288330 0.172607 -0.288330
v 0.287842 0.174561 -0.288818
v 0.285889 0.172607 -0.283447
v 0.282471 0.172119 -0.282471
v 0.285400 0.177979 -0.286865
v 0.285889 0.176025 -0.283936
v 0.291260 0.183350 -0.286377
v 0.291748 0.182373 -0.283936
v 0.309814 0.157471 -0.281006
v 0.310303 0.158447 -0.273682
v 0.305420 0.156982 -0.278564
v 0.305420 0.156982 -0.278076
v 0.304932 0.159912 -0.275146
v 0.305908 0.163818 -0.268799
v 0.302002 0.158447 -0.281006
v 0.300537 0.157471 -0.279053
v 0.297607 0.156494 -0.273682
v 0.297607 0.158936 -0.275635
v 0.301514 0.161377 -0.277588
v 0.297607 0.160889 -0.277588
v 0.297119 0.162354 -0.280518
v 0.297119 0.162842 -0.275146
v 0.297607 0.159424 -0.265869
v 0.302490 0.163818 -0.269775
v 0.302002 0.161865 -0.267334
v 0.303955 0.163330 -0.267822
v 0.303467 0.163818 -0.267334
v 0.301514 0.162354 -0.269287
v 0.297119 0.161377 -0.272705
v 0.299561 0.160889 -0.268799
v 0.300049 0.160400 -0.266846
v 0.306885 0.168213 -0.273682
v 0.311768 0.167236 -0.272705
v 0.309326 0.167725 -0.267334
v 0.306885 0.166260 -0.271729
v 0.307861 0.165771 -0.269287
v 0.306885 0.164795 -0.266846
v 0.308350 0.165771 -0.266846
v 0.304932 0.164307 -0.265869
v 0.309326 0.168213 -0.269775
v 0.308838 0.168213 -0.265869
v 0.309814 0.169678 -0.266846
v 0.309326 0.170654 -0.269287
v 0.308838 0.171631 -0.266357
v 0.307861 0.168701 -0.271729
v 0.308350 0.171143 -0.271240
v 0.302490 0.168701 -0.276611
v 0.297119 0.169189 -0.281006
v 0.297607 0.171143 -0.281006
v 0.299072 0.169189 -0.275635
v 0.298584 0.168701 -0.275635
v 0.297607 0.168701 -0.275635
v 0.297607 0.169678 -0.275635
v 0.299072 0.170166 -0.275635
v 0.298096 0.170166 -0.275635
v 0.304443 0.164307 -0.270752
v 0.303467 0.165771 -0.266846
v 0.302490 0.164307 -0.269287
v 0.301025 0.165771 -0.266846
v 0.303467 0.168213 -0.265869
v 0.301025 0.168213 -0.265869
v 0.299072 0.159912 -0.263916
v 0.302490 0.161865 -0.264893
v 0.301025 0.161865 -0.263428
v 0.302979 0.163818 -0.264893
v 0.302002 0.163818 -0.262939
v 0.300537 0.160400 -0.264404
v 0.299561 0.161377 -0.262451
v 0.297119 0.160400 -0.262939
v 0.297607 0.161865 -0.261475
v 0.300049 0.163330 -0.261475
v 0.297119 0.163818 -0.260986
v 0.305908 0.164795 -0.265381
v 0.307861 0.166748 -0.265381
v 0.306396 0.167725 -0.263916
v 0.307861 0.170166 -0.264404
v 0.305908 0.171143 -0.263916
v 0.304932 0.168213 -0.260986
v 0.304443 0.165771 -0.264404
v 0.302979 0.165283 -0.265381
v 0.302979 0.167236 -0.263916
v 0.302002 0.166260 -0.263428
v 0.301514 0.167725 -0.258545
v 0.299072 0.166260 -0.263916
v 0.299561 0.166748 -0.261963
v 0.297119 0.166260 -0.261475
v 0.297119 0.167725 -0.260498
v 0.304443 0.169189 -0.263428
v 0.301025 0.168213 -0.265381
v 0.302490 0.171143 -0.264893
v 0.298584 0.168701 -0.264404
v 0.298096 0.168213 -0.257568
v 0.296143 0.159424 -0.278564
v 0.296143 0.157959 -0.276611
v 0.289307 0.158936 -0.281006
v 0.289795 0.158447 -0.277100
v 0.290283 0.160400 -0.277100
v 0.290771 0.161377 -0.277100
v 0.296631 0.158447 -0.270752
v 0.292236 0.156982 -0.267822
v 0.291748 0.157471 -0.267822
v 0.294189 0.163818 -0.269775
v 0.296631 0.160400 -0.267822
v 0.293213 0.161377 -0.268311
v 0.294678 0.160889 -0.266846
v 0.292725 0.161377 -0.267822
v 0.288818 0.159912 -0.279053
v 0.286865 0.156982 -0.275635
v 0.288818 0.158936 -0.273682
v 0.281982 0.156494 -0.274170
v 0.288330 0.161865 -0.280029
v 0.283447 0.161377 -0.278076
v 0.286865 0.156982 -0.269775
v 0.285889 0.157471 -0.271240
v 0.286377 0.159912 -0.270264
v 0.288330 0.157471 -0.267822
v 0.286865 0.156982 -0.269287
v 0.281494 0.156494 -0.268799
v 0.286865 0.160400 -0.269775
v 0.286865 0.163818 -0.273193
v 0.286377 0.162354 -0.271240
v 0.286865 0.162842 -0.270752
v 0.286865 0.163818 -0.271240
v 0.288818 0.161377 -0.267822
v 0.288330 0.161377 -0.267822
v 0.288330 0.163818 -0.268799
v 0.281494 0.162354 -0.267334
v 0.295166 0.165771 -0.280518
v 0.296631 0.164307 -0.278076
v 0.296143 0.164795 -0.277588
v 0.294189 0.166748 -0.280029
v 0.296143 0.164307 -0.274170
v 0.289795 0.164795 -0.280518
v 0.292725 0.166748 -0.279053
v 0.291260 0.166260 -0.279053
v 0.289307 0.165283 -0.276123
v 0.296631 0.170166 -0.281006
v 0.293701 0.170166 -0.280029
v 0.293213 0.170166 -0.280029
v 0.294189 0.170654 -0.278076
v 0.293701 0.171143 -0.277588
v 0.293213 0.169678 -0.274658
v 0.292725 0.169189 -0.281006
v 0.292236 0.170654 -0.279541
v 0.292725 0.171631 -0.277588
v 0.292236 0.171631 -0.277588
v 0.290771 0.171143 -0.279541
v 0.290771 0.171143 -0.278076
v 0.289795 0.169189 -0.274170
v 0.291260 0.170166 -0.275146
v 0.295166 0.165283 -0.272705
v 0.293701 0.166748 -0.273193
v 0.293213 0.164307 -0.269287
v 0.291748 0.166748 -0.271729
v 0.290283 0.166748 -0.271240
v 0.289795 0.164307 -0.268799
v 0.295166 0.171143 -0.273193
v 0.294189 0.171143 -0.272705
v 0.288818 0.168701 -0.274658
v 0.285889 0.164307 -0.269775
v 0.288330 0.166260 -0.272217
v 0.288330 0.166260 -0.271729
v 0.288818 0.164307 -0.268799
v 0.288818 0.168213 -0.273193
v 0.282959 0.170654 -0.269775
v 0.295654 0.160400 -0.264893
v 0.295654 0.161865 -0.261963
v 0.294189 0.161865 -0.263428
v 0.293213 0.163330 -0.264893
v 0.293701 0.162842 -0.262939
v 0.293213 0.163330 -0.262939
v 0.295166 0.163330 -0.261475
v 0.294189 0.163818 -0.260498
v 0.292725 0.162354 -0.265381
v 0.292236 0.163818 -0.264893
v 0.291260 0.163330 -0.261963
v 0.290771 0.163330 -0.264404
v 0.292236 0.163818 -0.259521
v 0.295654 0.164795 -0.262939
v 0.294189 0.165771 -0.262451
v 0.295654 0.167725 -0.263916
v 0.296631 0.167236 -0.262939
v 0.295654 0.165283 -0.261475
v 0.293213 0.164795 -0.258545
v 0.295654 0.166748 -0.259521
v 0.291260 0.164795 -0.258545
v 0.289307 0.164795 -0.260498
v 0.290283 0.166748 -0.258057
v 0.295166 0.168213 -0.261963
v 0.296631 0.170654 -0.262451
v 0.296631 0.169189 -0.259521
v 0.294678 0.171631 -0.259033
v 0.292236 0.171631 -0.259521
v 0.290283 0.171631 -0.259033
v 0.289307 0.171631 -0.258545
v 0.294189 0.167725 -0.257568
v 0.292236 0.166748 -0.257568
v 0.293701 0.170166 -0.257568
v 0.291748 0.168701 -0.257080
v 0.290283 0.168701 -0.257568
v 0.291260 0.171631 -0.257568
v 0.290771 0.170654 -0.257568
v 0.288818 0.165283 -0.262939
v 0.287842 0.167725 -0.261963
v 0.288330 0.166748 -0.259521
v 0.288330 0.169678 -0.259033
v 0.287354 0.170166 -0.260986
v 0.309326 0.175537 -0.276611
v 0.310303 0.176514 -0.281006
v 0.308838 0.172607 -0.268311
v 0.308838 0.173584 -0.267822
v 0.310303 0.175537 -0.268311
v 0.309326 0.174561 -0.265869
v 0.310303 0.175537 -0.265869
v 0.307861 0.173096 -0.270264
v 0.307373 0.173584 -0.269775
v 0.307861 0.174072 -0.269775
v 0.308350 0.173584 -0.265869
v 0.306885 0.173584 -0.267334
v 0.305420 0.172607 -0.266846
v 0.305420 0.173096 -0.265869
v 0.309326 0.176025 -0.270264
v 0.309814 0.177979 -0.269775
v 0.310791 0.177979 -0.267822
v 0.304443 0.175049 -0.279541
v 0.299072 0.172607 -0.266357
v 0.299561 0.173096 -0.266357
v 0.298096 0.172119 -0.266357
v 0.297607 0.172607 -0.265869
v 0.298584 0.173096 -0.265869
v 0.298584 0.173584 -0.265869
v 0.299072 0.174072 -0.266357
v 0.308838 0.183838 -0.280518
v 0.308838 0.180420 -0.269287
v 0.309814 0.180420 -0.266846
v 0.307373 0.182373 -0.267822
v 0.308350 0.182373 -0.265869
v 0.304932 0.183350 -0.266357
v 0.301025 0.181885 -0.281006
v 0.300049 0.181396 -0.278076
v 0.299561 0.182861 -0.278564
v 0.303467 0.185791 -0.279053
v 0.302002 0.185303 -0.275146
v 0.308838 0.175049 -0.263428
v 0.306885 0.172607 -0.265381
v 0.306885 0.173096 -0.265381
v 0.306396 0.174072 -0.263428
v 0.305420 0.175537 -0.261963
v 0.305908 0.172119 -0.260010
v 0.309814 0.176514 -0.263916
v 0.310303 0.177979 -0.265381
v 0.309814 0.179443 -0.264404
v 0.309326 0.177979 -0.262939
v 0.307373 0.176514 -0.261963
v 0.308350 0.179443 -0.262451
v 0.306396 0.178955 -0.261963
v 0.305420 0.176025 -0.259521
v 0.304443 0.172607 -0.265381
v 0.303955 0.173584 -0.264893
v 0.302979 0.175049 -0.263428
v 0.299072 0.172607 -0.265381
v 0.299561 0.173096 -0.265381
v 0.298584 0.172607 -0.264893
v 0.298096 0.173096 -0.264893
v 0.297607 0.173584 -0.265381
v 0.299072 0.174072 -0.265381
v 0.298584 0.174072 -0.264893
v 0.298096 0.174072 -0.265381
v 0.297119 0.174561 -0.260986
v 0.302002 0.176514 -0.262939
v 0.302002 0.177490 -0.262939
v 0.303955 0.177979 -0.264404
v 0.301025 0.177490 -0.259521
v 0.304443 0.177979 -0.261475
v 0.302979 0.178467 -0.260986
v 0.301514 0.179443 -0.258545
v 0.300537 0.176025 -0.262451
v 0.300537 0.179443 -0.262451
v 0.297607 0.176514 -0.261475
v 0.298096 0.177490 -0.260986
v 0.298584 0.177490 -0.259033
v 0.297119 0.179443 -0.259033
v 0.302490 0.172119 -0.257080
v 0.298096 0.172119 -0.256104
v 0.302490 0.176514 -0.257568
v 0.299072 0.176025 -0.256592
v 0.297119 0.177490 -0.257568
v 0.308838 0.180420 -0.263916
v 0.306885 0.181396 -0.262939
v 0.304932 0.180908 -0.261963
v 0.304932 0.182373 -0.263916
v 0.306396 0.182861 -0.264404
v 0.304443 0.179932 -0.262451
v 0.303467 0.179932 -0.262451
v 0.302979 0.182861 -0.265381
v 0.303955 0.182373 -0.263428
v 0.303467 0.180420 -0.260010
v 0.304443 0.181396 -0.261475
v 0.303955 0.182861 -0.260986
v 0.302490 0.182373 -0.259521
v 0.301514 0.182373 -0.258545
v 0.299072 0.179932 -0.258057
v 0.297607 0.180420 -0.260498
v 0.299561 0.182373 -0.258057
v 0.297607 0.181885 -0.258545
v 0.298584 0.183350 -0.258545
v 0.303467 0.184326 -0.265381
v 0.303955 0.183838 -0.262939
v 0.302490 0.185303 -0.261963
v 0.301514 0.185791 -0.264404
v 0.302490 0.183838 -0.260010
v 0.301025 0.184326 -0.259033
v 0.297119 0.185303 -0.262451
v 0.299561 0.185791 -0.263428
v 0.299561 0.183838 -0.258545
v 0.297119 0.184326 -0.260010
v 0.298096 0.184814 -0.260010
v 0.300049 0.185791 -0.260986
v 0.293213 0.173584 -0.280029
v 0.293213 0.174072 -0.281006
v 0.291260 0.172607 -0.281006
v 0.292236 0.173096 -0.281006
v 0.292236 0.172607 -0.279053
v 0.289795 0.173096 -0.280029
v 0.290771 0.172607 -0.279053
v 0.292236 0.174561 -0.273682
v 0.295166 0.177979 -0.279053
v 0.295166 0.176514 -0.276123
v 0.295166 0.177490 -0.275146
v 0.295654 0.172119 -0.273193
v 0.295166 0.173096 -0.273193
v 0.293701 0.172119 -0.272705
v 0.294189 0.173096 -0.272705
v 0.292236 0.175049 -0.272705
v 0.295654 0.179443 -0.273193
v 0.292236 0.177979 -0.270264
v 0.288818 0.172607 -0.281006
v 0.286377 0.172607 -0.276123
v 0.288330 0.175049 -0.274170
v 0.284912 0.173096 -0.278076
v 0.283936 0.173096 -0.274658
v 0.282959 0.173096 -0.274170
v 0.287354 0.176514 -0.275635
v 0.286377 0.177979 -0.275635
v 0.282959 0.177002 -0.280029
v 0.285400 0.172119 -0.272705
v 0.288330 0.175049 -0.273193
v 0.288330 0.175537 -0.272705
v 0.286377 0.177979 -0.272705
v 0.286377 0.178467 -0.273193
v 0.287842 0.178467 -0.269287
v 0.287842 0.179443 -0.268799
v 0.296143 0.179932 -0.276611
v 0.296143 0.181396 -0.275635
v 0.294189 0.181885 -0.275146
v 0.295654 0.183838 -0.273682
v 0.289307 0.183838 -0.277588
v 0.295166 0.182373 -0.271240
v 0.291748 0.180908 -0.268799
v 0.295654 0.186279 -0.271729
v 0.294678 0.186768 -0.272705
v 0.294189 0.185791 -0.270752
v 0.291260 0.184814 -0.268311
v 0.287842 0.182861 -0.276611
v 0.286865 0.183838 -0.279053
v 0.288818 0.185791 -0.279053
v 0.285889 0.180420 -0.270752
v 0.285889 0.179932 -0.270264
v 0.285889 0.183350 -0.269775
v 0.285889 0.182861 -0.269287
v 0.283447 0.181885 -0.269287
v 0.288330 0.187256 -0.273193
v 0.287842 0.187256 -0.272705
v 0.287354 0.184814 -0.267822
v 0.285889 0.185303 -0.269287
v 0.295166 0.172119 -0.260986
v 0.294678 0.173096 -0.261475
v 0.294189 0.173096 -0.260498
v 0.294678 0.172607 -0.258057
v 0.296631 0.174561 -0.258057
v 0.292236 0.172119 -0.258057
v 0.292725 0.173096 -0.259521
v 0.289307 0.172119 -0.260986
v 0.290283 0.173096 -0.259033
v 0.296143 0.177979 -0.260986
v 0.296143 0.178467 -0.260498
v 0.293701 0.173584 -0.256104
v 0.292236 0.175049 -0.255615
v 0.290771 0.174072 -0.256592
v 0.294189 0.176025 -0.255615
v 0.293213 0.177002 -0.255127
v 0.295166 0.179443 -0.256104
v 0.290771 0.176025 -0.255615
v 0.291260 0.177979 -0.255615
v 0.289795 0.178955 -0.257568
v 0.288330 0.172607 -0.260986
v 0.288818 0.173584 -0.258057
v 0.287842 0.174072 -0.260498
v 0.287842 0.176514 -0.260010
v 0.288818 0.179443 -0.259521
v 0.288818 0.176514 -0.257568
v 0.295654 0.182373 -0.261963
v 0.296143 0.180908 -0.259033
v 0.296631 0.180908 -0.258057
v 0.296631 0.181885 -0.260010
v 0.296143 0.183350 -0.259521
v 0.295166 0.182861 -0.259033
v 0.294678 0.181885 -0.261475
v 0.294678 0.183350 -0.261475
v 0.293213 0.182373 -0.258545
v 0.290283 0.181396 -0.260010
v 0.292725 0.182861 -0.260498
v 0.295654 0.184326 -0.261963
v 0.295166 0.181396 -0.257080
v 0.294189 0.180908 -0.256592
v 0.292725 0.179932 -0.256104
v 0.291260 0.180908 -0.257568
v 0.278564 0.167725 -0.285400
v 0.281006 0.169678 -0.287354
v 0.281006 0.172607 -0.284424
v 0.275146 0.159912 -0.274658
v 0.277588 0.163818 -0.278076
v 0.273682 0.163818 -0.276123
v 0.276611 0.156494 -0.267334
v 0.277100 0.156982 -0.266846
v 0.274170 0.157959 -0.266357
v 0.276611 0.160889 -0.265869
v 0.272705 0.160889 -0.277588
v 0.273193 0.163818 -0.276611
v 0.269287 0.163330 -0.273682
v 0.273193 0.156982 -0.267334
v 0.271729 0.158936 -0.266846
v 0.272217 0.160400 -0.266357
v 0.271729 0.161377 -0.266846
v 0.271240 0.160400 -0.266357
v 0.273193 0.162842 -0.265869
v 0.272217 0.162842 -0.266846
v 0.277588 0.165283 -0.280518
v 0.279053 0.165771 -0.278564
v 0.279541 0.166260 -0.278564
v 0.275146 0.164307 -0.280518
v 0.278564 0.167725 -0.267334
v 0.274658 0.165283 -0.273193
v 0.275146 0.164795 -0.266357
v 0.273682 0.165771 -0.267334
v 0.280518 0.171631 -0.270752
v 0.276611 0.169189 -0.269287
v 0.276611 0.169189 -0.268799
v 0.269775 0.165283 -0.270264
v 0.273193 0.165771 -0.267334
v 0.263916 0.164307 -0.272217
v 0.263916 0.166260 -0.269287
v 0.258545 0.167236 -0.271729
v 0.259033 0.168701 -0.269287
v 0.256104 0.170166 -0.272217
v 0.256592 0.171143 -0.270264
v 0.277588 0.174561 -0.277100
v 0.280518 0.179443 -0.278564
v 0.280029 0.172119 -0.271240
v 0.276123 0.173096 -0.271240
v 0.278076 0.176514 -0.271240
v 0.277100 0.177490 -0.269775
v 0.274658 0.176514 -0.272217
v 0.274170 0.176514 -0.272705
v 0.271729 0.173096 -0.268799
v 0.272217 0.179443 -0.269775
v 0.279053 0.180908 -0.280029
v 0.276611 0.180420 -0.273682
v 0.275635 0.182373 -0.277100
v 0.274658 0.180420 -0.266846
v 0.281006 0.185303 -0.266846
v 0.271240 0.182861 -0.274170
v 0.271729 0.180420 -0.270752
v 0.271729 0.179932 -0.270264
v 0.265869 0.179932 -0.269775
v 0.271240 0.185303 -0.266357
v 0.269287 0.183838 -0.268799
v 0.269287 0.183838 -0.268311
v 0.265381 0.173096 -0.267822
v 0.259521 0.173584 -0.268311
v 0.258057 0.176514 -0.270752
v 0.260498 0.179443 -0.272705
v 0.260498 0.178467 -0.269775
v 0.255615 0.172607 -0.272705
v 0.256104 0.175537 -0.272705
v 0.257080 0.174072 -0.269775
v 0.255127 0.174072 -0.273193
v 0.255615 0.174072 -0.272217
v 0.257568 0.177002 -0.272217
v 0.265381 0.181885 -0.273193
v 0.318115 0.213623 -0.322021
v 0.312744 0.213623 -0.326904
v 0.312744 0.218994 -0.322510
v 0.312744 0.188232 -0.285400
v 0.313232 0.194580 -0.286377
v 0.312744 0.198486 -0.286865
v 0.312744 0.195557 -0.283447
v 0.318115 0.213623 -0.293213
v 0.312744 0.213623 -0.288818
v 0.312744 0.218994 -0.293701
v 0.293701 0.196045 -0.346436
v 0.286865 0.196045 -0.350830
v 0.287842 0.199951 -0.346436
v 0.303955 0.196533 -0.322021
v 0.298584 0.199951 -0.322021
v 0.280029 0.201904 -0.349365
v 0.278076 0.201904 -0.344971
v 0.259521 0.196045 -0.350830
v 0.259521 0.199951 -0.346436
v 0.273682 0.201904 -0.342529
v 0.259521 0.199951 -0.322021
v 0.259521 0.213623 -0.326904
v 0.259521 0.218506 -0.322510
v 0.311279 0.189697 -0.281982
v 0.312256 0.198975 -0.284912
v 0.309326 0.198975 -0.281494
v 0.312256 0.200928 -0.287354
v 0.311279 0.202393 -0.287842
v 0.311279 0.202393 -0.286865
v 0.309814 0.202881 -0.287354
v 0.310791 0.200928 -0.283936
v 0.307373 0.202881 -0.286377
v 0.308350 0.202393 -0.284424
v 0.305420 0.201904 -0.282471
v 0.298584 0.198975 -0.282959
v 0.303955 0.202393 -0.284424
v 0.292725 0.189697 -0.282959
v 0.295166 0.194092 -0.281982
v 0.306396 0.204346 -0.302490
v 0.306396 0.204346 -0.288330
v 0.306396 0.193604 -0.279053
v 0.302979 0.188232 -0.277588
v 0.304443 0.190186 -0.277588
v 0.303467 0.190674 -0.274170
v 0.297119 0.192139 -0.270752
v 0.304443 0.196045 -0.278076
v 0.303467 0.197021 -0.274658
v 0.300537 0.197998 -0.280029
v 0.302979 0.201904 -0.278564
v 0.302490 0.202393 -0.276123
v 0.297607 0.197998 -0.271729
v 0.294189 0.188232 -0.279541
v 0.296631 0.192627 -0.278564
v 0.293213 0.189209 -0.272217
v 0.292725 0.188232 -0.270752
v 0.291748 0.190674 -0.271729
v 0.291748 0.189697 -0.270752
v 0.290283 0.189697 -0.269775
v 0.290771 0.191162 -0.271240
v 0.289795 0.191162 -0.270752
v 0.290771 0.187744 -0.268799
v 0.289307 0.189697 -0.269287
v 0.289795 0.191650 -0.271240
v 0.289307 0.193604 -0.271240
v 0.287842 0.189209 -0.276611
v 0.287842 0.189209 -0.276123
v 0.286377 0.189209 -0.275635
v 0.285400 0.192627 -0.273682
v 0.286865 0.194092 -0.274170
v 0.288330 0.188232 -0.272705
v 0.287842 0.190186 -0.270264
v 0.288818 0.191162 -0.270752
v 0.285400 0.190674 -0.270264
v 0.285400 0.191162 -0.270264
v 0.287842 0.187744 -0.268311
v 0.286865 0.188232 -0.269287
v 0.284424 0.193115 -0.273193
v 0.291260 0.199463 -0.272217
v 0.288818 0.199463 -0.274658
v 0.301025 0.204834 -0.279053
v 0.299561 0.206787 -0.279053
v 0.300537 0.204834 -0.277100
v 0.298096 0.203857 -0.273682
v 0.298584 0.206299 -0.276123
v 0.298096 0.207275 -0.279541
v 0.298096 0.207275 -0.279053
v 0.294678 0.206787 -0.277588
v 0.293701 0.204834 -0.274170
v 0.296143 0.206299 -0.276123
v 0.291748 0.204834 -0.276123
v 0.296631 0.207275 -0.278564
v 0.268311 0.196533 -0.287354
v 0.264404 0.193115 -0.287354
v 0.262451 0.199951 -0.281982
v 0.266357 0.204346 -0.302490
v 0.266357 0.204346 -0.288330
v 0.268311 0.210205 -0.287842
v 0.276611 0.216553 -0.289307
v 0.279053 0.216553 -0.286865
v 0.278564 0.217041 -0.288818
v 0.276611 0.215088 -0.286865
v 0.264404 0.213623 -0.287842
v 0.259521 0.213623 -0.288818
v 0.253662 0.216553 -0.289307
v 0.253662 0.218506 -0.290283
v 0.251221 0.218506 -0.289307
v 0.253662 0.215088 -0.286865
v 0.251221 0.216553 -0.286865
v 0.251709 0.217041 -0.288818
v 0.250244 0.218506 -0.286865
v 0.276611 0.189697 -0.265869
v 0.280518 0.194092 -0.268799
v 0.280518 0.194580 -0.269287
v 0.269775 0.191162 -0.266846
v 0.267822 0.189697 -0.268799
v 0.269287 0.190674 -0.266846
v 0.267334 0.189697 -0.269287
v 0.269775 0.191650 -0.266846
v 0.272705 0.194092 -0.266846
v 0.267822 0.193115 -0.269775
v 0.269287 0.194092 -0.268311
v 0.281006 0.195557 -0.272705
v 0.281006 0.195557 -0.272217
v 0.276123 0.197510 -0.271729
v 0.276123 0.197510 -0.271240
v 0.275635 0.196045 -0.268311
v 0.276123 0.196533 -0.268799
v 0.275146 0.196045 -0.268311
v 0.270264 0.197021 -0.271240
v 0.270264 0.197021 -0.270752
v 0.269775 0.196533 -0.270264
v 0.272705 0.197510 -0.271240
v 0.272705 0.197510 -0.270752
v 0.272705 0.197021 -0.269287
v 0.271240 0.195557 -0.268311
v 0.268311 0.195557 -0.270752
v 0.268311 0.195557 -0.270264
v 0.269287 0.196533 -0.271240
v 0.269287 0.196533 -0.270752
v 0.279053 0.218994 -0.289307
v 0.276611 0.218994 -0.290283
v 0.280029 0.218994 -0.286865
v 0.259521 0.218994 -0.293701
v 0.278564 0.242432 -0.289307
v 0.276611 0.242432 -0.290283
v 0.276611 0.244873 -0.289307
v 0.276611 0.248291 -0.289307
v 0.280029 0.242432 -0.286865
v 0.278076 0.244385 -0.288818
v 0.278564 0.244873 -0.286865
v 0.276611 0.245850 -0.286865
v 0.278076 0.248779 -0.288818
v 0.278564 0.248291 -0.286865
v 0.276611 0.246826 -0.286865
v 0.253174 0.242432 -0.290283
v 0.251221 0.242432 -0.289307
v 0.253174 0.244385 -0.289307
v 0.253174 0.247803 -0.289307
v 0.251709 0.243896 -0.288818
v 0.253174 0.245850 -0.286865
v 0.251221 0.244385 -0.286865
v 0.253174 0.246826 -0.286865
v 0.251221 0.247803 -0.286865
v 0.251709 0.248291 -0.288818
v 0.277100 0.007080 -0.230225
v 0.269287 0.007080 -0.230225
v 0.278564 0.008057 -0.229248
v 0.277100 0.008545 -0.230225
v 0.269287 0.008545 -0.230713
v 0.260986 0.030518 -0.242432
v 0.258545 0.030518 -0.243896
v 0.262451 0.030518 -0.239014
v 0.250244 0.030518 -0.243896
v 0.262451 0.030029 -0.230713
v 0.260986 0.030029 -0.227295
v 0.258545 0.030029 -0.225830
v 0.250244 0.030029 -0.225830
v 0.277100 0.007080 -0.197510
v 0.269287 0.007080 -0.197510
v 0.278564 0.008057 -0.198486
v 0.277100 0.008545 -0.197510
v 0.269287 0.008545 -0.197510
v 0.278564 0.023682 -0.214111
v 0.277100 0.025146 -0.215088
v 0.277100 0.025146 -0.213135
v 0.269287 0.025146 -0.215088
v 0.269287 0.025146 -0.213135
v 0.293213 0.059326 -0.248779
v 0.289307 0.061768 -0.247314
v 0.286377 0.056885 -0.249268
v 0.283936 0.056396 -0.249756
v 0.287354 0.060303 -0.249268
v 0.282959 0.058838 -0.249268
v 0.283936 0.061279 -0.249268
v 0.275635 0.000732 -0.155029
v 0.274170 0.000732 -0.153076
v 0.274170 0.002686 -0.155518
v 0.273682 0.002197 -0.153564
v 0.274170 0.005127 -0.155518
v 0.273682 0.005615 -0.153564
v 0.275635 0.007080 -0.155518
v 0.274170 0.007080 -0.153076
v 0.272217 0.002686 -0.153076
v 0.272217 0.000732 -0.151611
v 0.272217 0.004150 -0.155518
v 0.272217 0.005127 -0.153076
v 0.272217 0.007080 -0.152100
v 0.272705 0.013428 -0.148193
v 0.272705 0.013916 -0.129639
v 0.277100 0.017822 -0.148193
v 0.272705 0.017334 -0.152588
v 0.275635 0.028564 -0.155518
v 0.274170 0.028564 -0.153564
v 0.274170 0.030518 -0.155518
v 0.273682 0.030029 -0.154053
v 0.272217 0.030518 -0.153564
v 0.272217 0.028564 -0.152100
v 0.277100 0.017822 -0.129639
v 0.272705 0.017822 -0.125244
v 0.262451 0.038818 -0.156494
v 0.260986 0.036865 -0.158936
v 0.258545 0.035889 -0.159912
v 0.250244 0.035889 -0.159912
v 0.272217 0.031494 -0.155518
v 0.267822 0.035400 -0.150146
v 0.263916 0.031982 -0.149658
v 0.262939 0.035889 -0.153076
v 0.262451 0.044189 -0.150635
v 0.260986 0.046143 -0.148193
v 0.267822 0.048584 -0.150146
v 0.263916 0.052002 -0.150635
v 0.258545 0.047119 -0.147217
v 0.250244 0.047119 -0.147217
v 0.297607 0.070557 -0.248779
v 0.296143 0.064697 -0.247803
v 0.290771 0.066650 -0.245850
v 0.286865 0.065674 -0.248291
v 0.284912 0.063721 -0.249268
v 0.284424 0.065186 -0.249268
v 0.284912 0.066162 -0.246826
v 0.281982 0.064697 -0.247803
v 0.281494 0.066162 -0.246826
v 0.288818 0.068604 -0.248291
v 0.286377 0.069580 -0.245850
v 0.282959 0.068115 -0.245850
v 0.293213 0.071533 -0.246826
v 0.289307 0.072021 -0.248779
v 0.291260 0.073486 -0.249756
v 0.294678 0.075928 -0.249756
v 0.292236 0.076416 -0.248779
v 0.286377 0.073975 -0.246338
v 0.284424 0.072021 -0.245361
v 0.281982 0.072510 -0.245850
v 0.288818 0.075439 -0.249756
v 0.288330 0.075928 -0.249268
v 0.286377 0.076416 -0.247803
v 0.283447 0.074463 -0.246338
v 0.281494 0.075928 -0.248291
v 0.283936 0.077881 -0.249268
v 0.284912 0.076416 -0.247314
v 0.292725 0.079346 -0.249268
v 0.289795 0.078857 -0.249268
v 0.290771 0.080322 -0.249756
v 0.279053 0.066650 -0.248779
v 0.281006 0.069580 -0.246338
v 0.278564 0.069580 -0.248291
v 0.279541 0.072998 -0.248291
v 0.259033 0.110596 -0.146240
v 0.261475 0.112061 -0.146729
v 0.262939 0.114990 -0.148193
v 0.250244 0.110596 -0.146240
v 0.262939 0.119873 -0.150146
v 0.259033 0.120361 -0.152100
v 0.261963 0.121826 -0.151611
v 0.261963 0.123291 -0.151611
v 0.348877 0.005615 -0.008057
v 0.343994 0.012451 -0.006592
v 0.347412 0.024658 -0.005127
v 0.343018 0.005127 -0.012939
v 0.337646 0.011475 -0.010986
v 0.335693 0.013428 -0.007568
v 0.336670 0.017822 -0.008545
v 0.339600 0.015869 -0.003174
v 0.342529 0.024658 -0.010498
v 0.274170 0.021240 -0.053955
v 0.273193 0.023193 -0.056396
v 0.271240 0.024658 -0.057861
v 0.344971 0.118896 -0.005127
v 0.340088 0.118896 -0.010986
v 0.262939 0.125244 -0.151123
v 0.259033 0.125244 -0.152588
v 0.262939 0.130127 -0.149658
v 0.250244 0.125244 -0.152588
v 0.261963 0.133057 -0.148682
v 0.259033 0.134521 -0.148193
v 0.250244 0.134521 -0.148193
v 0.281494 0.216553 -0.221924
v 0.281494 0.216553 -0.219971
v 0.282959 0.218018 -0.220947
v 0.259033 0.202393 -0.245361
v 0.250732 0.202393 -0.245361
v 0.273682 0.216553 -0.221924
v 0.273682 0.216553 -0.219971
v 0.261963 0.203369 -0.244385
v 0.262939 0.205322 -0.241943
v 0.262939 0.209229 -0.236572
v 0.261963 0.211182 -0.234131
v 0.259033 0.212158 -0.233154
v 0.250732 0.212158 -0.233154
v 0.281494 0.232666 -0.237061
v 0.282959 0.233643 -0.236084
v 0.281494 0.234619 -0.237061
v 0.282959 0.249268 -0.220947
v 0.282959 0.233643 -0.205811
v 0.281494 0.232666 -0.204834
v 0.281494 0.234619 -0.204834
v 0.273682 0.232666 -0.237061
v 0.273682 0.234619 -0.237061
v 0.273682 0.232666 -0.204834
v 0.273682 0.234619 -0.204834
v 0.262451 0.201416 -0.157471
v 0.279053 0.216553 -0.162842
v 0.278564 0.217041 -0.160889
v 0.276611 0.215088 -0.162842
v 0.276611 0.216553 -0.160400
v 0.261963 0.210693 -0.170166
v 0.262939 0.210205 -0.166748
v 0.262939 0.208740 -0.158447
v 0.259033 0.211182 -0.171631
v 0.251221 0.211182 -0.171631
v 0.253662 0.215088 -0.162842
v 0.253662 0.216553 -0.160400
v 0.251221 0.216553 -0.162842
v 0.250244 0.218506 -0.162842
v 0.251709 0.217041 -0.160889
v 0.251221 0.218506 -0.160400
v 0.253662 0.218506 -0.158936
v 0.268311 0.197021 -0.155029
v 0.264404 0.193115 -0.155029
v 0.268311 0.210205 -0.155518
v 0.261963 0.208252 -0.154541
v 0.259033 0.208252 -0.153076
v 0.250732 0.208252 -0.153076
v 0.264404 0.213623 -0.155518
v 0.280029 0.218994 -0.162842
v 0.279053 0.218994 -0.160400
v 0.276611 0.218994 -0.158936
v 0.272705 0.224854 -0.158936
v 0.280029 0.242432 -0.162842
v 0.278564 0.242432 -0.160400
v 0.278564 0.244873 -0.162842
v 0.278076 0.244385 -0.160889
v 0.276611 0.245850 -0.162842
v 0.276611 0.244873 -0.160400
v 0.276611 0.242432 -0.158936
v 0.278564 0.248291 -0.162842
v 0.278076 0.248779 -0.160889
v 0.276611 0.246826 -0.162842
v 0.276611 0.248291 -0.160400
v 0.251221 0.242432 -0.160400
v 0.251709 0.243896 -0.160889
v 0.253174 0.245850 -0.162842
v 0.253174 0.244385 -0.160400
v 0.251221 0.244385 -0.162842
v 0.253174 0.242432 -0.158936
v 0.253174 0.246826 -0.162842
v 0.253174 0.247803 -0.160400
v 0.251221 0.247803 -0.162842
v 0.251709 0.248291 -0.160889
v 0.277588 0.224854 -0.154053
v 0.273193 0.229248 -0.154541
v 0.277588 0.224854 -0.135498
v 0.273193 0.224854 -0.131104
v 0.273193 0.229248 -0.135498
v 0.346924 0.127686 -0.006592
v 0.353760 0.135498 -0.008545
v 0.348389 0.135498 -0.013916
v 0.343506 0.129150 -0.011963
v 0.339111 0.126221 -0.004150
v 0.333740 0.125244 -0.009033
v 0.332764 0.127686 -0.004639
v 0.351807 0.218506 -0.010010
v 0.346436 0.218506 -0.015381
v 0.346924 0.224854 -0.008545
v 0.345947 0.235107 -0.013428
v 0.350830 0.235107 -0.000244
v 0.335205 0.229248 -0.015869
v 0.341064 0.223877 -0.013428
v 0.339111 0.225830 -0.009521
v 0.341553 0.228760 -0.011475
v 0.340088 0.235107 -0.018311
v 0.278564 0.212646 -0.057861
v 0.279541 0.214600 -0.055420
v 0.276611 0.211182 -0.059326
v 0.255127 0.210693 -0.059326
v 0.279053 0.239990 -0.030518
v 0.278564 0.242432 -0.028076
v 0.276123 0.243408 -0.026611
v 0.254639 0.243408 -0.026611
v 0.242920 0.038818 -0.392334
v 0.233154 0.097412 -0.442627
v 0.228760 0.096924 -0.441650
v 0.229736 0.091553 -0.388428
v 0.227783 0.095459 -0.435303
v 0.231689 0.098877 -0.435791
v 0.229736 0.098389 -0.399170
v 0.229736 0.097412 -0.393799
v 0.225830 0.095459 -0.397217
v 0.225830 0.096436 -0.392334
v 0.225342 0.100830 -0.386475
v 0.243896 0.036865 -0.344482
v 0.239502 0.036865 -0.346436
v 0.249268 0.000732 -0.281982
v 0.249268 0.007080 -0.281982
v 0.248779 0.028076 -0.282471
v 0.246826 0.000732 -0.280518
v 0.249268 0.002686 -0.280518
v 0.249268 0.003662 -0.278564
v 0.247314 0.002197 -0.280518
v 0.246826 0.002686 -0.278564
v 0.245850 0.000732 -0.278564
v 0.249268 0.005127 -0.281006
v 0.249268 0.004150 -0.278564
v 0.247314 0.005615 -0.280518
v 0.246826 0.005127 -0.278564
v 0.246826 0.007080 -0.281006
v 0.245361 0.007080 -0.278564
v 0.246826 0.028076 -0.281006
v 0.248779 0.030029 -0.281006
v 0.248779 0.031006 -0.279053
v 0.247314 0.029541 -0.280518
v 0.246826 0.030029 -0.279053
v 0.245361 0.028076 -0.279053
v 0.241943 0.031982 -0.282471
v 0.241943 0.051514 -0.282959
v 0.209229 0.036865 -0.278076
v 0.249756 0.121826 -0.288818
v 0.241943 0.197510 -0.442139
v 0.228271 0.194580 -0.441650
v 0.240967 0.195557 -0.435303
v 0.226807 0.196045 -0.435303
v 0.239014 0.195068 -0.398193
v 0.238525 0.196045 -0.393311
v 0.241455 0.198975 -0.392822
v 0.238525 0.200928 -0.387939
v 0.224854 0.195068 -0.392334
v 0.225342 0.196045 -0.397217
v 0.224854 0.190674 -0.386475
v 0.238037 0.201416 -0.343994
v 0.242432 0.201416 -0.342529
v 0.242432 0.193115 -0.287354
v 0.242432 0.213623 -0.287842
v 0.208740 0.199463 -0.282471
v 0.249756 0.242432 -0.286865
v 0.246826 0.000732 -0.153076
v 0.249268 0.003662 -0.155518
v 0.249268 0.002686 -0.153076
v 0.246826 0.002686 -0.155518
v 0.247314 0.002197 -0.153564
v 0.249268 0.000732 -0.151611
v 0.245850 0.000732 -0.155518
v 0.249268 0.004150 -0.155518
v 0.249268 0.005127 -0.153076
v 0.246826 0.005127 -0.155518
v 0.247314 0.005615 -0.153564
v 0.246826 0.007080 -0.153076
v 0.249268 0.007080 -0.152100
v 0.245361 0.007080 -0.155518
v 0.247314 0.013428 -0.148193
v 0.247314 0.013428 -0.129639
v 0.247314 0.017334 -0.152588
v 0.246826 0.028076 -0.153564
v 0.248779 0.031006 -0.155518
v 0.248779 0.030029 -0.153564
v 0.246826 0.030029 -0.155518
v 0.247314 0.029541 -0.154053
v 0.248779 0.028076 -0.152100
v 0.245361 0.028076 -0.155518
v 0.247314 0.017822 -0.125244
v 0.241943 0.031982 -0.150146
v 0.241943 0.051514 -0.150635
v 0.209229 0.035889 -0.153076
v 0.249756 0.120361 -0.152100
v 0.249268 0.024170 -0.057861
v 0.242432 0.193115 -0.155029
v 0.242432 0.213623 -0.155518
v 0.208740 0.200928 -0.157471
v 0.247314 0.224854 -0.158936
v 0.249756 0.242432 -0.162842
v 0.247314 0.228760 -0.154541
v 0.247314 0.224854 -0.131104
v 0.247314 0.228760 -0.135498
v 0.414795 0.250244 -0.492432
v 0.416260 0.253174 -0.490479
v 0.410400 0.259033 -0.491943
v 0.409912 0.260010 -0.490479
v 0.407959 0.267822 -0.490479
v 0.411377 0.274658 -0.490479
v 0.415283 0.250732 -0.440186
v 0.411377 0.251709 -0.437744
v 0.407959 0.259033 -0.444580
v 0.409912 0.272705 -0.439209
v 0.401611 0.262939 -0.490479
v 0.402588 0.262939 -0.443115
v 0.406006 0.271729 -0.437256
v 0.411865 0.340576 -0.490479
v 0.410889 0.342529 -0.439209
v 0.408447 0.346924 -0.490479
v 0.408447 0.357178 -0.487061
v 0.409424 0.357178 -0.445557
v 0.402100 0.350830 -0.490479
v 0.401611 0.353271 -0.491943
v 0.400635 0.352783 -0.487061
v 0.405518 0.355713 -0.491943
v 0.403076 0.350342 -0.443604
v 0.401123 0.352783 -0.445557
v 0.406494 0.343018 -0.436768
v 0.402100 0.355225 -0.433350
v 0.346436 0.250244 -0.492432
v 0.347900 0.253174 -0.490479
v 0.346436 0.250244 -0.491943
v 0.344971 0.252686 -0.490479
v 0.351807 0.260010 -0.490479
v 0.352783 0.262939 -0.490479
v 0.350830 0.259033 -0.491943
v 0.351807 0.251709 -0.438232
v 0.347412 0.250732 -0.440186
v 0.346924 0.251221 -0.439209
v 0.355225 0.259033 -0.444580
v 0.351807 0.262939 -0.443115
v 0.342041 0.259033 -0.491943
v 0.341553 0.260498 -0.490479
v 0.330811 0.262939 -0.490479
v 0.343506 0.267822 -0.490479
v 0.339111 0.267822 -0.490479
v 0.342529 0.274170 -0.490479
v 0.340088 0.274658 -0.490479
v 0.339111 0.259521 -0.443115
v 0.333252 0.262451 -0.444580
v 0.343506 0.272705 -0.439209
v 0.340576 0.272217 -0.440186
v 0.336182 0.271240 -0.437744
v 0.348389 0.271729 -0.437256
v 0.342529 0.252197 -0.436768
v 0.281494 0.259033 -0.491943
v 0.282471 0.260498 -0.490479
v 0.285400 0.259521 -0.443115
v 0.277588 0.250244 -0.491943
v 0.276123 0.253174 -0.490479
v 0.281006 0.262939 -0.490479
v 0.274658 0.267822 -0.490479
v 0.270752 0.274170 -0.490479
v 0.278076 0.251221 -0.439209
v 0.281006 0.262451 -0.444580
v 0.277588 0.271240 -0.437744
v 0.273193 0.272217 -0.440186
v 0.270264 0.308350 -0.446045
v 0.271729 0.308350 -0.442139
v 0.281982 0.252197 -0.436768
v 0.272217 0.308350 -0.434326
v 0.271240 0.308350 -0.398682
v 0.270264 0.308350 -0.392334
v 0.267822 0.308350 -0.387451
v 0.343994 0.342529 -0.439209
v 0.342529 0.340576 -0.490479
v 0.340576 0.340576 -0.490479
v 0.340576 0.342041 -0.440186
v 0.336182 0.343018 -0.437744
v 0.352783 0.350830 -0.490479
v 0.343994 0.346924 -0.490479
v 0.351807 0.350342 -0.443604
v 0.339111 0.346436 -0.490479
v 0.330322 0.350342 -0.490479
v 0.333252 0.350342 -0.444580
v 0.348389 0.343018 -0.436768
v 0.301514 0.323486 -0.447021
v 0.308350 0.330322 -0.447021
v 0.270752 0.340576 -0.490479
v 0.269287 0.313232 -0.440674
v 0.277588 0.343018 -0.437744
v 0.272705 0.342041 -0.440186
v 0.274170 0.346436 -0.490479
v 0.280518 0.350342 -0.490479
v 0.274170 0.355225 -0.490479
v 0.275635 0.354248 -0.485596
v 0.270264 0.357666 -0.490479
v 0.272217 0.357178 -0.487061
v 0.269287 0.355713 -0.491943
v 0.267334 0.359131 -0.485596
v 0.265381 0.353271 -0.491943
v 0.263916 0.352783 -0.487061
v 0.281006 0.350342 -0.444580
v 0.276611 0.354248 -0.444092
v 0.272217 0.352295 -0.444092
v 0.272705 0.357178 -0.445068
v 0.271240 0.356201 -0.439209
v 0.268311 0.359131 -0.444092
v 0.264893 0.352783 -0.445068
v 0.257568 0.366943 -0.464600
v 0.302490 0.335205 -0.390381
v 0.295166 0.328369 -0.390381
v 0.294678 0.335693 -0.384033
v 0.286377 0.343018 -0.388428
v 0.269287 0.314697 -0.433838
v 0.268311 0.314697 -0.398682
v 0.268311 0.312744 -0.391846
v 0.290283 0.347412 -0.388428
v 0.277588 0.351807 -0.436768
v 0.276123 0.357178 -0.433350
v 0.265869 0.355225 -0.433350
v 0.277588 0.350830 -0.396729
v 0.277100 0.350830 -0.391357
v 0.276123 0.355225 -0.392334
v 0.271729 0.355225 -0.394287
v 0.271729 0.350830 -0.385498
v 0.277588 0.355225 -0.387451
v 0.278564 0.250244 -0.289307
v 0.276611 0.250244 -0.290283
v 0.280029 0.250244 -0.286865
v 0.253174 0.250244 -0.290283
v 0.251221 0.250244 -0.289307
v 0.278564 0.284912 -0.289307
v 0.276123 0.284912 -0.290771
v 0.276123 0.287354 -0.289307
v 0.279541 0.284912 -0.286865
v 0.278076 0.286865 -0.288818
v 0.278564 0.287354 -0.286865
v 0.276123 0.288330 -0.286865
v 0.253174 0.284912 -0.290771
v 0.250732 0.284912 -0.289307
v 0.253174 0.286865 -0.289307
v 0.251221 0.286377 -0.288818
v 0.250732 0.286865 -0.286865
v 0.253174 0.288330 -0.286865
v 0.277588 0.355225 -0.347900
v 0.257568 0.366943 -0.372803
v 0.276123 0.355225 -0.343506
v 0.271729 0.355225 -0.341553
v 0.284424 0.351318 -0.312256
v 0.281006 0.347900 -0.312256
v 0.408447 0.429932 -0.487061
v 0.409424 0.429932 -0.445557
v 0.405518 0.431885 -0.491943
v 0.401611 0.435791 -0.491943
v 0.402100 0.432373 -0.433350
v 0.399658 0.439697 -0.487061
v 0.400635 0.439697 -0.445557
v 0.328857 0.385498 -0.438232
v 0.325439 0.381592 -0.438721
v 0.325928 0.381592 -0.438232
v 0.324463 0.381104 -0.437744
v 0.323975 0.381104 -0.438232
v 0.327393 0.383057 -0.438721
v 0.326904 0.383545 -0.439209
v 0.317627 0.429932 -0.437744
v 0.318115 0.430420 -0.437744
v 0.317139 0.431885 -0.438232
v 0.315186 0.433838 -0.437744
v 0.344482 0.403076 -0.429932
v 0.345947 0.406006 -0.432861
v 0.346436 0.406006 -0.432373
v 0.345459 0.404541 -0.432373
v 0.346436 0.405029 -0.429443
v 0.345459 0.404541 -0.426025
v 0.343994 0.398682 -0.391846
v 0.343994 0.400635 -0.393799
v 0.328857 0.384033 -0.436279
v 0.330811 0.386963 -0.434326
v 0.330322 0.389404 -0.436279
v 0.326904 0.381592 -0.435303
v 0.326904 0.382568 -0.431885
v 0.323486 0.380615 -0.434814
v 0.322021 0.380615 -0.436279
v 0.321533 0.380615 -0.436279
v 0.321045 0.380127 -0.431885
v 0.317627 0.380615 -0.433350
v 0.317139 0.382080 -0.426514
v 0.312744 0.382568 -0.428467
v 0.324951 0.386475 -0.426025
v 0.313232 0.385498 -0.421631
v 0.330322 0.394775 -0.431885
v 0.330811 0.391846 -0.428955
v 0.329834 0.398193 -0.424072
v 0.339600 0.400635 -0.429932
v 0.343506 0.403076 -0.431396
v 0.342041 0.400635 -0.427979
v 0.336670 0.399170 -0.424072
v 0.333740 0.398682 -0.426514
v 0.332764 0.393799 -0.419678
v 0.330322 0.392822 -0.419189
v 0.330811 0.392822 -0.417236
v 0.334717 0.396240 -0.419678
v 0.333740 0.394775 -0.419678
v 0.333252 0.394775 -0.416748
v 0.334229 0.397217 -0.417236
v 0.331299 0.395752 -0.413818
v 0.341064 0.404541 -0.421143
v 0.334717 0.398682 -0.418701
v 0.334229 0.402100 -0.416260
v 0.333740 0.400635 -0.414795
v 0.331787 0.398682 -0.420654
v 0.330322 0.398682 -0.419678
v 0.334229 0.405029 -0.416260
v 0.328857 0.406006 -0.414307
v 0.330322 0.404541 -0.410400
v 0.327881 0.396729 -0.424072
v 0.327881 0.398193 -0.423096
v 0.327393 0.399658 -0.427490
v 0.322998 0.403564 -0.425049
v 0.326416 0.391357 -0.418213
v 0.327881 0.391846 -0.415771
v 0.321533 0.390869 -0.420654
v 0.320557 0.390869 -0.415771
v 0.322510 0.391846 -0.412842
v 0.326416 0.397705 -0.409912
v 0.317627 0.394775 -0.418213
v 0.317139 0.395264 -0.418213
v 0.316650 0.393311 -0.409424
v 0.314697 0.391846 -0.413330
v 0.313721 0.394287 -0.408936
v 0.324463 0.399658 -0.417725
v 0.322998 0.398682 -0.421143
v 0.323486 0.401123 -0.421631
v 0.320557 0.400146 -0.406494
v 0.318604 0.400635 -0.420166
v 0.318115 0.400635 -0.418701
v 0.319580 0.401611 -0.417236
v 0.314697 0.403076 -0.419189
v 0.315186 0.402588 -0.418213
v 0.315674 0.406006 -0.421143
v 0.312744 0.405029 -0.416748
v 0.312744 0.403076 -0.410889
v 0.329346 0.382080 -0.391357
v 0.336670 0.386963 -0.399658
v 0.338623 0.388916 -0.399170
v 0.337646 0.386475 -0.396729
v 0.337646 0.386475 -0.393799
v 0.340576 0.389893 -0.395752
v 0.339111 0.387939 -0.396729
v 0.339600 0.388428 -0.394287
v 0.339111 0.390381 -0.392334
v 0.336182 0.388916 -0.390869
v 0.333740 0.385498 -0.398682
v 0.334717 0.388428 -0.401123
v 0.331787 0.386963 -0.400146
v 0.334717 0.385010 -0.395752
v 0.333252 0.385010 -0.394775
v 0.334717 0.385498 -0.393799
v 0.332275 0.386475 -0.392822
v 0.328857 0.383057 -0.395752
v 0.331299 0.385498 -0.396729
v 0.331299 0.385498 -0.395752
v 0.329346 0.385986 -0.397705
v 0.331299 0.384033 -0.393311
v 0.331787 0.386475 -0.392822
v 0.332764 0.387939 -0.391357
v 0.332764 0.389893 -0.390869
v 0.329834 0.386963 -0.398193
v 0.329346 0.388428 -0.393799
v 0.331299 0.390381 -0.391846
v 0.336182 0.387451 -0.387939
v 0.332764 0.386475 -0.384521
v 0.331299 0.384033 -0.389893
v 0.329346 0.384033 -0.387451
v 0.332275 0.386963 -0.389893
v 0.330322 0.387939 -0.386963
v 0.328369 0.387939 -0.389893
v 0.328857 0.387939 -0.381104
v 0.327393 0.381592 -0.391357
v 0.325928 0.382080 -0.394287
v 0.323486 0.382080 -0.391846
v 0.327393 0.384521 -0.397705
v 0.324951 0.384033 -0.396240
v 0.322021 0.384033 -0.393799
v 0.327881 0.382568 -0.388428
v 0.324951 0.382080 -0.388916
v 0.325439 0.383545 -0.386475
v 0.326904 0.385498 -0.385498
v 0.323975 0.383057 -0.386963
v 0.321533 0.384033 -0.388428
v 0.323486 0.385010 -0.385498
v 0.323975 0.386475 -0.384521
v 0.321045 0.385986 -0.385986
v 0.325439 0.389893 -0.386963
v 0.327393 0.388428 -0.385010
v 0.325928 0.388428 -0.383057
v 0.324463 0.390381 -0.385010
v 0.321045 0.388428 -0.387939
v 0.322510 0.386963 -0.385986
v 0.323486 0.386963 -0.383545
v 0.321533 0.387939 -0.385010
v 0.324951 0.389404 -0.379150
v 0.322998 0.387451 -0.380615
v 0.321045 0.386963 -0.381592
v 0.320557 0.387939 -0.380127
v 0.322021 0.389404 -0.378174
v 0.319580 0.385986 -0.389893
v 0.319092 0.387939 -0.387451
v 0.320068 0.386963 -0.384521
v 0.320068 0.389404 -0.386475
v 0.317627 0.388916 -0.385010
v 0.318115 0.388428 -0.382080
v 0.317627 0.390381 -0.379639
v 0.320068 0.389404 -0.378174
v 0.320068 0.390381 -0.377686
v 0.337158 0.390869 -0.401123
v 0.338623 0.393311 -0.399658
v 0.340088 0.391846 -0.398193
v 0.340088 0.394287 -0.395752
v 0.340088 0.392822 -0.393799
v 0.341064 0.394287 -0.390869
v 0.339600 0.393311 -0.394287
v 0.338135 0.393311 -0.391357
v 0.336182 0.393799 -0.392822
v 0.336182 0.392822 -0.392334
v 0.341553 0.395264 -0.396240
v 0.343018 0.397705 -0.395752
v 0.340576 0.396729 -0.398193
v 0.342529 0.394775 -0.393799
v 0.343018 0.395752 -0.391357
v 0.343506 0.396729 -0.392822
v 0.338623 0.396240 -0.397217
v 0.335205 0.393799 -0.391357
v 0.329834 0.390869 -0.391846
v 0.341553 0.398682 -0.397705
v 0.342041 0.401611 -0.395752
v 0.343018 0.403076 -0.391357
v 0.341553 0.404053 -0.393311
v 0.338623 0.393799 -0.389893
v 0.338623 0.390869 -0.385986
v 0.341553 0.396240 -0.388428
v 0.343018 0.397705 -0.389893
v 0.338135 0.395752 -0.387451
v 0.337646 0.397705 -0.388428
v 0.339111 0.395752 -0.384033
v 0.336182 0.396240 -0.380127
v 0.333740 0.392334 -0.390381
v 0.329346 0.391846 -0.388428
v 0.334717 0.396240 -0.387939
v 0.334229 0.398193 -0.386475
v 0.329346 0.396240 -0.389893
v 0.328369 0.395752 -0.389404
v 0.330322 0.396729 -0.389893
v 0.330322 0.397705 -0.389404
v 0.328857 0.397217 -0.388916
v 0.329346 0.396729 -0.388428
v 0.328369 0.397217 -0.387939
v 0.329834 0.398193 -0.388428
v 0.328857 0.397705 -0.387939
v 0.328369 0.398193 -0.384033
v 0.335205 0.390869 -0.381592
v 0.330322 0.391846 -0.378174
v 0.332275 0.396240 -0.377197
v 0.329834 0.396729 -0.379639
v 0.328857 0.397705 -0.376221
v 0.343018 0.399170 -0.388916
v 0.341064 0.399170 -0.386963
v 0.343506 0.400635 -0.389893
v 0.342041 0.402100 -0.387451
v 0.338135 0.398682 -0.385986
v 0.336670 0.400146 -0.383057
v 0.338623 0.401611 -0.385986
v 0.341064 0.404541 -0.388916
v 0.339600 0.406006 -0.390381
v 0.336182 0.405518 -0.387939
v 0.338135 0.404053 -0.386475
v 0.339111 0.404053 -0.384033
v 0.336182 0.401611 -0.379639
v 0.338135 0.403076 -0.381104
v 0.338623 0.406006 -0.381592
v 0.336182 0.404541 -0.378662
v 0.335205 0.401123 -0.385986
v 0.333740 0.402100 -0.383057
v 0.329834 0.401611 -0.383057
v 0.335205 0.399170 -0.382080
v 0.333252 0.401611 -0.378174
v 0.331299 0.399170 -0.379639
v 0.331787 0.399658 -0.379639
v 0.329834 0.399170 -0.382568
v 0.328369 0.400635 -0.380127
v 0.329346 0.401611 -0.379150
v 0.330322 0.400146 -0.376709
v 0.334229 0.404053 -0.377686
v 0.332275 0.405029 -0.377197
v 0.330811 0.403564 -0.380127
v 0.330811 0.402588 -0.377686
v 0.330322 0.403076 -0.377197
v 0.328857 0.403564 -0.375244
v 0.328857 0.404541 -0.377686
v 0.329346 0.405518 -0.378174
v 0.312744 0.391357 -0.405029
v 0.315674 0.398193 -0.399658
v 0.314209 0.394775 -0.395752
v 0.317139 0.401611 -0.405518
v 0.315674 0.402100 -0.405518
v 0.314697 0.401611 -0.404053
v 0.312744 0.404541 -0.394287
v 0.326416 0.390869 -0.385986
v 0.327393 0.393799 -0.384033
v 0.327881 0.396240 -0.388428
v 0.325439 0.396729 -0.383057
v 0.327393 0.390869 -0.381104
v 0.326416 0.393799 -0.379150
v 0.324463 0.392334 -0.377686
v 0.322021 0.391846 -0.376709
v 0.321045 0.392822 -0.376709
v 0.322021 0.394287 -0.376709
v 0.326904 0.395264 -0.379639
v 0.325928 0.396240 -0.381104
v 0.324463 0.396240 -0.380615
v 0.326416 0.396240 -0.376709
v 0.322998 0.397705 -0.379150
v 0.323975 0.395264 -0.378174
v 0.323975 0.395264 -0.377686
v 0.323486 0.397217 -0.375244
v 0.320557 0.396729 -0.377197
v 0.321045 0.397217 -0.377197
v 0.317627 0.391846 -0.378662
v 0.318115 0.393311 -0.377686
v 0.316162 0.392334 -0.381592
v 0.316162 0.393311 -0.380615
v 0.316650 0.395264 -0.379639
v 0.320068 0.397217 -0.380127
v 0.319580 0.395752 -0.376709
v 0.319580 0.398193 -0.378662
v 0.318115 0.397705 -0.378662
v 0.326904 0.405518 -0.379639
v 0.327881 0.405518 -0.376221
v 0.323975 0.406006 -0.376709
v 0.321533 0.404541 -0.376221
v 0.319092 0.399170 -0.378174
v 0.320068 0.401611 -0.376709
v 0.346924 0.407471 -0.431885
v 0.346924 0.409424 -0.430420
v 0.347412 0.407959 -0.428955
v 0.346924 0.409912 -0.426025
v 0.346436 0.412354 -0.427002
v 0.343994 0.421143 -0.416748
v 0.343994 0.421143 -0.414307
v 0.344482 0.424561 -0.414307
v 0.344482 0.425049 -0.415771
v 0.344482 0.427490 -0.415283
v 0.343994 0.428467 -0.414795
v 0.342529 0.414795 -0.422119
v 0.343506 0.411865 -0.420654
v 0.337646 0.412842 -0.416260
v 0.329346 0.409424 -0.417725
v 0.335693 0.411377 -0.417236
v 0.330322 0.406982 -0.412842
v 0.328369 0.408447 -0.413818
v 0.335205 0.411377 -0.413330
v 0.331787 0.413818 -0.413818
v 0.340576 0.416260 -0.417236
v 0.337158 0.416260 -0.418213
v 0.340576 0.416260 -0.413818
v 0.336670 0.419678 -0.408447
v 0.330811 0.416748 -0.416260
v 0.332275 0.416748 -0.407471
v 0.315186 0.407471 -0.423584
v 0.322021 0.407959 -0.417725
v 0.321045 0.407959 -0.415283
v 0.323975 0.413818 -0.414307
v 0.324951 0.406982 -0.407471
v 0.325928 0.409424 -0.409912
v 0.322021 0.407471 -0.413330
v 0.321533 0.408447 -0.406494
v 0.327393 0.413330 -0.407959
v 0.321045 0.413818 -0.413818
v 0.320557 0.411377 -0.409424
v 0.323975 0.413330 -0.407959
v 0.313721 0.407959 -0.418213
v 0.314697 0.407471 -0.417236
v 0.318115 0.409424 -0.406494
v 0.319580 0.410400 -0.410400
v 0.320068 0.411377 -0.409912
v 0.314697 0.412354 -0.410400
v 0.313721 0.410400 -0.407471
v 0.317627 0.417725 -0.412842
v 0.341553 0.424072 -0.410400
v 0.343506 0.426514 -0.412354
v 0.341064 0.428467 -0.411377
v 0.337646 0.428467 -0.408936
v 0.342041 0.429932 -0.413818
v 0.341064 0.429932 -0.413330
v 0.339600 0.430420 -0.412354
v 0.335205 0.430420 -0.409912
v 0.317139 0.425049 -0.430908
v 0.318115 0.427490 -0.434326
v 0.318604 0.428955 -0.436768
v 0.319092 0.429443 -0.433350
v 0.318604 0.427979 -0.429932
v 0.314209 0.423096 -0.426025
v 0.315186 0.427002 -0.424561
v 0.318604 0.432373 -0.434326
v 0.316650 0.434326 -0.436279
v 0.317139 0.433838 -0.431396
v 0.313721 0.437256 -0.434326
v 0.312744 0.434814 -0.426025
v 0.327393 0.428467 -0.406982
v 0.314209 0.422607 -0.406494
v 0.313232 0.427979 -0.412354
v 0.312744 0.426514 -0.409912
v 0.316650 0.436279 -0.410889
v 0.317139 0.435791 -0.406494
v 0.328369 0.421631 -0.403564
v 0.337646 0.406494 -0.388428
v 0.338623 0.406982 -0.385010
v 0.337646 0.408447 -0.386475
v 0.336182 0.409912 -0.384521
v 0.336182 0.406494 -0.379150
v 0.337158 0.408447 -0.382568
v 0.335205 0.408936 -0.380127
v 0.334229 0.406494 -0.377686
v 0.332764 0.408447 -0.378662
v 0.328369 0.406494 -0.380127
v 0.328369 0.407959 -0.379150
v 0.330811 0.409424 -0.380127
v 0.330322 0.406982 -0.377686
v 0.333740 0.410400 -0.382080
v 0.322510 0.411377 -0.404541
v 0.313721 0.409912 -0.401611
v 0.320068 0.410400 -0.406006
v 0.317139 0.411865 -0.398682
v 0.327393 0.416260 -0.406006
v 0.326416 0.415283 -0.402100
v 0.327881 0.420654 -0.400635
v 0.322510 0.421143 -0.395264
v 0.317139 0.419678 -0.405029
v 0.313721 0.418213 -0.406006
v 0.320068 0.415283 -0.396240
v 0.312744 0.418701 -0.392334
v 0.326416 0.406982 -0.378174
v 0.330322 0.425537 -0.405518
v 0.327881 0.425537 -0.401611
v 0.327881 0.425049 -0.399658
v 0.323486 0.422119 -0.404053
v 0.320557 0.425049 -0.405518
v 0.326416 0.428955 -0.399658
v 0.323975 0.425537 -0.395264
v 0.326416 0.427979 -0.398193
v 0.324463 0.428467 -0.396240
v 0.321533 0.429443 -0.394775
v 0.316650 0.423584 -0.392334
v 0.312744 0.425049 -0.395264
v 0.313232 0.425537 -0.392334
v 0.319092 0.427490 -0.392822
v 0.312744 0.426025 -0.392822
v 0.316162 0.428955 -0.392822
v 0.324951 0.430420 -0.398682
v 0.323486 0.431396 -0.397705
v 0.323975 0.431396 -0.397217
v 0.322021 0.431396 -0.396240
v 0.319580 0.430908 -0.394775
v 0.307373 0.405029 -0.447021
v 0.275146 0.380615 -0.444092
v 0.270264 0.380615 -0.449951
v 0.270264 0.382080 -0.445557
v 0.257080 0.380127 -0.464600
v 0.300537 0.411865 -0.447021
v 0.272217 0.429932 -0.487061
v 0.269287 0.431885 -0.491943
v 0.267334 0.431885 -0.485596
v 0.270264 0.433838 -0.490479
v 0.264893 0.435791 -0.491943
v 0.272705 0.429932 -0.445068
v 0.268311 0.431885 -0.444092
v 0.309814 0.384521 -0.424561
v 0.305908 0.387939 -0.422607
v 0.310303 0.388428 -0.419678
v 0.308350 0.390381 -0.418701
v 0.312256 0.392822 -0.412842
v 0.310303 0.394287 -0.412842
v 0.309814 0.394287 -0.412842
v 0.308838 0.393311 -0.408936
v 0.311279 0.395752 -0.408936
v 0.305908 0.396240 -0.412842
v 0.307373 0.398193 -0.409424
v 0.301025 0.394287 -0.420166
v 0.302979 0.395752 -0.418701
v 0.302979 0.395264 -0.408936
v 0.308838 0.402100 -0.418213
v 0.306885 0.402100 -0.414307
v 0.308838 0.404053 -0.414795
v 0.307373 0.399170 -0.412842
v 0.310303 0.404541 -0.406494
v 0.297607 0.403076 -0.420166
v 0.299072 0.405029 -0.418213
v 0.302002 0.399658 -0.412842
v 0.297607 0.404541 -0.413818
v 0.300537 0.405029 -0.409424
v 0.306885 0.386475 -0.402588
v 0.311279 0.387939 -0.400635
v 0.307373 0.389893 -0.406006
v 0.306885 0.384521 -0.395264
v 0.302979 0.383545 -0.397217
v 0.299072 0.382080 -0.390381
v 0.309326 0.390381 -0.389893
v 0.302002 0.383057 -0.389404
v 0.299561 0.383545 -0.385498
v 0.297119 0.383057 -0.385986
v 0.303955 0.386963 -0.385498
v 0.297607 0.385010 -0.382080
v 0.300049 0.388428 -0.382080
v 0.297607 0.388916 -0.381592
v 0.296143 0.384033 -0.383545
v 0.296143 0.385498 -0.382080
v 0.296631 0.386475 -0.381592
v 0.302490 0.405518 -0.405518
v 0.306885 0.396240 -0.385010
v 0.302979 0.398193 -0.384033
v 0.302490 0.391357 -0.382080
v 0.299561 0.392822 -0.381592
v 0.311279 0.400635 -0.389404
v 0.306885 0.403076 -0.388428
v 0.301025 0.399170 -0.390381
v 0.297119 0.405518 -0.388916
v 0.291748 0.397705 -0.392334
v 0.286377 0.396729 -0.393311
v 0.292236 0.401611 -0.398682
v 0.288330 0.401123 -0.399658
v 0.289795 0.391357 -0.388428
v 0.289795 0.395752 -0.385986
v 0.292725 0.398193 -0.384033
v 0.285400 0.395264 -0.388428
v 0.284912 0.394775 -0.386963
v 0.285400 0.394775 -0.378174
v 0.293701 0.406006 -0.390381
v 0.295166 0.403564 -0.383057
v 0.277100 0.381104 -0.436279
v 0.270264 0.382568 -0.436768
v 0.277100 0.381104 -0.397705
v 0.270264 0.382080 -0.391357
v 0.270264 0.383057 -0.398193
v 0.274658 0.380615 -0.390381
v 0.270264 0.380127 -0.385498
v 0.281006 0.393799 -0.379639
v 0.303467 0.411377 -0.422119
v 0.310303 0.407471 -0.418213
v 0.310303 0.407959 -0.415771
v 0.311279 0.409912 -0.414307
v 0.309326 0.408447 -0.416260
v 0.311768 0.413330 -0.414307
v 0.307861 0.410400 -0.416260
v 0.307861 0.412842 -0.415771
v 0.310791 0.406494 -0.413818
v 0.310303 0.408447 -0.412842
v 0.309326 0.409912 -0.411377
v 0.308350 0.406494 -0.410400
v 0.307373 0.407959 -0.407471
v 0.306396 0.407959 -0.406982
v 0.308350 0.408447 -0.409424
v 0.311768 0.410400 -0.411377
v 0.308350 0.410889 -0.413330
v 0.304932 0.410889 -0.409424
v 0.301514 0.407959 -0.418213
v 0.303955 0.409912 -0.417725
v 0.298584 0.409912 -0.419678
v 0.303467 0.410400 -0.420166
v 0.302490 0.410400 -0.414307
v 0.300049 0.410889 -0.417236
v 0.299561 0.410400 -0.415771
v 0.298584 0.411865 -0.415283
v 0.298584 0.412354 -0.416748
v 0.301025 0.408936 -0.412842
v 0.302490 0.407959 -0.408447
v 0.303467 0.408447 -0.407471
v 0.302490 0.408447 -0.408447
v 0.299072 0.409912 -0.408936
v 0.304443 0.412842 -0.412354
v 0.302002 0.411377 -0.406494
v 0.300537 0.410889 -0.410889
v 0.300049 0.410889 -0.410400
v 0.300537 0.412842 -0.413330
v 0.300537 0.412842 -0.411377
v 0.300049 0.412842 -0.408936
v 0.311279 0.415283 -0.416260
v 0.309326 0.421631 -0.421143
v 0.305420 0.419189 -0.415771
v 0.309814 0.419678 -0.407959
v 0.309326 0.420654 -0.408447
v 0.300049 0.415283 -0.414307
v 0.303467 0.419678 -0.419189
v 0.297119 0.419678 -0.417725
v 0.304443 0.414795 -0.407959
v 0.301025 0.415771 -0.409912
v 0.302490 0.417236 -0.408447
v 0.299072 0.414795 -0.411865
v 0.297119 0.415283 -0.410889
v 0.299072 0.417725 -0.412354
v 0.298584 0.417725 -0.406982
v 0.304443 0.419678 -0.406982
v 0.295166 0.407471 -0.414795
v 0.293701 0.411377 -0.416260
v 0.296631 0.409424 -0.412354
v 0.293213 0.408447 -0.407471
v 0.290283 0.408447 -0.407471
v 0.295166 0.412354 -0.412354
v 0.294189 0.413330 -0.412842
v 0.293213 0.412842 -0.408447
v 0.293213 0.414307 -0.414307
v 0.295166 0.418701 -0.407471
v 0.286377 0.419678 -0.418701
v 0.281982 0.419189 -0.418213
v 0.284912 0.417725 -0.406494
v 0.311279 0.437256 -0.436768
v 0.309814 0.426025 -0.419678
v 0.308350 0.426514 -0.416748
v 0.306885 0.429443 -0.410400
v 0.303955 0.424072 -0.416748
v 0.304443 0.427490 -0.407959
v 0.302490 0.426514 -0.406982
v 0.306396 0.434814 -0.420654
v 0.306885 0.434814 -0.414795
v 0.307861 0.430420 -0.411865
v 0.308350 0.431885 -0.412354
v 0.308350 0.432861 -0.413818
v 0.305908 0.431396 -0.409912
v 0.305908 0.434814 -0.412842
v 0.305908 0.434326 -0.411377
v 0.301025 0.433350 -0.418213
v 0.304443 0.437256 -0.415771
v 0.303955 0.430908 -0.407471
v 0.302002 0.430908 -0.406494
v 0.303467 0.437256 -0.413330
v 0.302490 0.435791 -0.410400
v 0.300049 0.436279 -0.409912
v 0.297119 0.436768 -0.409424
v 0.284912 0.427490 -0.422119
v 0.293213 0.436768 -0.429932
v 0.290771 0.433350 -0.426514
v 0.286377 0.431885 -0.422119
v 0.287354 0.434814 -0.424072
v 0.296143 0.422119 -0.416748
v 0.289307 0.427979 -0.417236
v 0.285889 0.422607 -0.416748
v 0.281494 0.423584 -0.421631
v 0.283936 0.425537 -0.417236
v 0.284912 0.429443 -0.421631
v 0.281982 0.427979 -0.419189
v 0.289795 0.435303 -0.421143
v 0.290283 0.437256 -0.418701
v 0.292725 0.434814 -0.406982
v 0.292236 0.437256 -0.409424
v 0.285889 0.433838 -0.419189
v 0.283936 0.435791 -0.414795
v 0.286377 0.433350 -0.406982
v 0.283936 0.430420 -0.406982
v 0.281982 0.431885 -0.409424
v 0.285889 0.436768 -0.411377
v 0.311768 0.408936 -0.403076
v 0.311768 0.406982 -0.399170
v 0.311768 0.406982 -0.398682
v 0.308350 0.409424 -0.401611
v 0.306396 0.409912 -0.402100
v 0.304932 0.410400 -0.401611
v 0.306396 0.411865 -0.399170
v 0.307861 0.406494 -0.392822
v 0.306885 0.412842 -0.397705
v 0.303955 0.408936 -0.405518
v 0.300049 0.409912 -0.406006
v 0.301025 0.412842 -0.404541
v 0.302002 0.412842 -0.402100
v 0.297119 0.410400 -0.405518
v 0.300049 0.411865 -0.393799
v 0.310791 0.421631 -0.400146
v 0.309814 0.415283 -0.393799
v 0.307861 0.415771 -0.397217
v 0.309326 0.418701 -0.390869
v 0.309326 0.421631 -0.393311
v 0.309814 0.421143 -0.392334
v 0.306396 0.419189 -0.395264
v 0.306885 0.418213 -0.394287
v 0.304443 0.415771 -0.397217
v 0.304443 0.417725 -0.398193
v 0.301025 0.413818 -0.386475
v 0.297119 0.413818 -0.385498
v 0.309326 0.421631 -0.384521
v 0.300537 0.417236 -0.380127
v 0.296143 0.409912 -0.405029
v 0.294189 0.409912 -0.405518
v 0.295166 0.411865 -0.406006
v 0.290771 0.413818 -0.406006
v 0.289307 0.412354 -0.403564
v 0.290283 0.413818 -0.402588
v 0.296631 0.407959 -0.395264
v 0.295654 0.411865 -0.394287
v 0.286865 0.412354 -0.404541
v 0.285400 0.413330 -0.390869
v 0.281982 0.412354 -0.392822
v 0.291260 0.415283 -0.405518
v 0.291748 0.414795 -0.403076
v 0.290283 0.414307 -0.406006
v 0.291748 0.416260 -0.402588
v 0.292236 0.417725 -0.403564
v 0.289307 0.414795 -0.402100
v 0.289307 0.416748 -0.402100
v 0.289795 0.419189 -0.404541
v 0.289307 0.420654 -0.405029
v 0.296631 0.414795 -0.391846
v 0.289307 0.419678 -0.392334
v 0.288330 0.414795 -0.404541
v 0.288818 0.415771 -0.402588
v 0.285400 0.414307 -0.404541
v 0.287354 0.416260 -0.405029
v 0.281982 0.420166 -0.406006
v 0.287354 0.415283 -0.397705
v 0.287842 0.416260 -0.392334
v 0.295166 0.411865 -0.378662
v 0.293213 0.417725 -0.390381
v 0.295166 0.414307 -0.385986
v 0.293213 0.417236 -0.384521
v 0.290771 0.419678 -0.390381
v 0.289307 0.421143 -0.386475
v 0.295166 0.417236 -0.380127
v 0.291748 0.415283 -0.377686
v 0.283447 0.414795 -0.383057
v 0.281982 0.414795 -0.386475
v 0.282959 0.418701 -0.381104
v 0.308838 0.425049 -0.401123
v 0.307861 0.426025 -0.403076
v 0.310303 0.428467 -0.396729
v 0.297119 0.425049 -0.404541
v 0.300537 0.426025 -0.405518
v 0.298584 0.427002 -0.398682
v 0.311279 0.434814 -0.398682
v 0.299561 0.430420 -0.405518
v 0.301514 0.436279 -0.393311
v 0.312256 0.428955 -0.388428
v 0.305908 0.427490 -0.377197
v 0.310303 0.432373 -0.390381
v 0.307861 0.435791 -0.384521
v 0.309814 0.432861 -0.382568
v 0.293213 0.423096 -0.404053
v 0.295166 0.428955 -0.398682
v 0.290771 0.428955 -0.403564
v 0.289795 0.427979 -0.394775
v 0.292236 0.427002 -0.391357
v 0.286865 0.422119 -0.403076
v 0.287354 0.425537 -0.403564
v 0.281982 0.423096 -0.406006
v 0.281982 0.423584 -0.406006
v 0.282471 0.424072 -0.405518
v 0.286377 0.427490 -0.404053
v 0.288330 0.424072 -0.396729
v 0.295166 0.429932 -0.404053
v 0.296631 0.436768 -0.393799
v 0.286377 0.432373 -0.400635
v 0.284424 0.430420 -0.394775
v 0.289307 0.425049 -0.389893
v 0.289795 0.422119 -0.382568
v 0.288818 0.425537 -0.385010
v 0.286865 0.425049 -0.376709
v 0.282959 0.423584 -0.376221
v 0.282471 0.427002 -0.375244
v 0.291748 0.430420 -0.384521
v 0.285400 0.431396 -0.389893
v 0.288818 0.433350 -0.386963
v 0.288330 0.433350 -0.378174
v 0.283447 0.431885 -0.382568
v 0.285889 0.436279 -0.380127
v 0.278076 0.412354 -0.416748
v 0.278076 0.413818 -0.417236
v 0.275635 0.410889 -0.413818
v 0.277100 0.415771 -0.419189
v 0.275635 0.415283 -0.415283
v 0.278564 0.418213 -0.420654
v 0.276123 0.419678 -0.419189
v 0.281006 0.414795 -0.410400
v 0.278076 0.416260 -0.410889
v 0.276123 0.414307 -0.412354
v 0.275635 0.417725 -0.413330
v 0.276123 0.417236 -0.412354
v 0.274658 0.417236 -0.413330
v 0.273682 0.417236 -0.413330
v 0.273682 0.417725 -0.412842
v 0.277588 0.418213 -0.412354
v 0.278076 0.419189 -0.413330
v 0.278076 0.418213 -0.409912
v 0.277588 0.421631 -0.409912
v 0.276611 0.419678 -0.411377
v 0.277100 0.419189 -0.410400
v 0.276123 0.421143 -0.413818
v 0.271729 0.416260 -0.418213
v 0.271729 0.417725 -0.417236
v 0.268311 0.414795 -0.416260
v 0.269287 0.417236 -0.415771
v 0.271729 0.418701 -0.421631
v 0.271729 0.419678 -0.419189
v 0.271729 0.419189 -0.415283
v 0.270264 0.418213 -0.417725
v 0.269775 0.420166 -0.415771
v 0.269775 0.414307 -0.413330
v 0.270264 0.415771 -0.413330
v 0.271240 0.416260 -0.413330
v 0.268311 0.415283 -0.408936
v 0.270264 0.420654 -0.407959
v 0.268799 0.418701 -0.407471
v 0.259521 0.420654 -0.411377
v 0.276611 0.423584 -0.422119
v 0.278564 0.426025 -0.425049
v 0.272705 0.427002 -0.422607
v 0.276123 0.433838 -0.433350
v 0.265869 0.432373 -0.433350
v 0.272705 0.430420 -0.422119
v 0.271729 0.436279 -0.423584
v 0.273193 0.437256 -0.422607
v 0.281006 0.423584 -0.418213
v 0.279053 0.424072 -0.419678
v 0.277588 0.422119 -0.417725
v 0.274170 0.424072 -0.414307
v 0.281006 0.427002 -0.421143
v 0.276123 0.427979 -0.418213
v 0.273682 0.428467 -0.419189
v 0.275635 0.426025 -0.415283
v 0.274658 0.425537 -0.411865
v 0.275146 0.423584 -0.409424
v 0.279053 0.427979 -0.410889
v 0.275635 0.426025 -0.412842
v 0.273193 0.425049 -0.420654
v 0.271240 0.424561 -0.418213
v 0.269775 0.424072 -0.418213
v 0.268311 0.423096 -0.418701
v 0.272705 0.427490 -0.419189
v 0.271240 0.428467 -0.419678
v 0.269287 0.429443 -0.421631
v 0.268799 0.428467 -0.417236
v 0.271729 0.422607 -0.413330
v 0.273193 0.423584 -0.413330
v 0.271729 0.422119 -0.410400
v 0.272705 0.424561 -0.411377
v 0.271240 0.424072 -0.411377
v 0.269287 0.423584 -0.413330
v 0.268311 0.428467 -0.408447
v 0.269287 0.428955 -0.407959
v 0.281006 0.429932 -0.418213
v 0.278076 0.431885 -0.418701
v 0.280029 0.430420 -0.415771
v 0.277100 0.433350 -0.415283
v 0.279541 0.435303 -0.420166
v 0.273682 0.434326 -0.419189
v 0.275146 0.429932 -0.409424
v 0.277100 0.435303 -0.411377
v 0.277100 0.435791 -0.411377
v 0.272217 0.431885 -0.421631
v 0.268799 0.430908 -0.419678
v 0.266846 0.436768 -0.417725
v 0.266357 0.432861 -0.406982
v 0.272705 0.434326 -0.407471
v 0.272705 0.434814 -0.407471
v 0.263428 0.435303 -0.424561
v 0.261963 0.422119 -0.410889
v 0.264404 0.424561 -0.411865
v 0.263916 0.425049 -0.409912
v 0.261475 0.424072 -0.412354
v 0.264893 0.428467 -0.410889
v 0.256104 0.425537 -0.408447
v 0.253174 0.425049 -0.409424
v 0.255615 0.429443 -0.408936
v 0.262451 0.431885 -0.417725
v 0.264404 0.433838 -0.416748
v 0.262939 0.431396 -0.409912
v 0.259521 0.430908 -0.410889
v 0.264404 0.437256 -0.407959
v 0.260986 0.435303 -0.410889
v 0.257080 0.437256 -0.414307
v 0.270264 0.411377 -0.404541
v 0.265869 0.411377 -0.398193
v 0.270264 0.415283 -0.402588
v 0.266357 0.420654 -0.399170
v 0.265869 0.418701 -0.396729
v 0.265869 0.420166 -0.391846
v 0.278564 0.413330 -0.385010
v 0.275635 0.416260 -0.378662
v 0.279541 0.418213 -0.375244
v 0.271240 0.418213 -0.379639
v 0.260498 0.411377 -0.393311
v 0.265381 0.416260 -0.395752
v 0.260010 0.415771 -0.391357
v 0.254150 0.409912 -0.389893
v 0.253174 0.414307 -0.387939
v 0.280029 0.426514 -0.403564
v 0.267334 0.422119 -0.404053
v 0.267334 0.422119 -0.400635
v 0.269287 0.425537 -0.399658
v 0.271240 0.426514 -0.405518
v 0.276123 0.431396 -0.399170
v 0.277100 0.434326 -0.394287
v 0.271729 0.430908 -0.399658
v 0.271729 0.432861 -0.395752
v 0.272705 0.433838 -0.394775
v 0.265869 0.423096 -0.387939
v 0.268311 0.427979 -0.389893
v 0.267334 0.426025 -0.386475
v 0.267334 0.422607 -0.381592
v 0.269287 0.422119 -0.376221
v 0.269775 0.427490 -0.378662
v 0.277588 0.435303 -0.388916
v 0.277588 0.435303 -0.387939
v 0.276611 0.434814 -0.382568
v 0.272217 0.434814 -0.388428
v 0.272217 0.433838 -0.383545
v 0.272217 0.433838 -0.383057
v 0.271729 0.431885 -0.376221
v 0.272217 0.431885 -0.375732
v 0.258545 0.427979 -0.404053
v 0.262451 0.424072 -0.398193
v 0.250732 0.426025 -0.403564
v 0.252686 0.427490 -0.399658
v 0.257568 0.424072 -0.394287
v 0.316650 0.438232 -0.410400
v 0.317139 0.437744 -0.406494
v 0.315674 0.442139 -0.409912
v 0.316162 0.442139 -0.405518
v 0.289795 0.441162 -0.442627
v 0.291748 0.440186 -0.440674
v 0.289307 0.442627 -0.442139
v 0.291260 0.442627 -0.440186
v 0.288330 0.441162 -0.443604
v 0.287354 0.441650 -0.444092
v 0.287842 0.442139 -0.444092
v 0.286377 0.442139 -0.444092
v 0.287842 0.444092 -0.442139
v 0.285889 0.444580 -0.442139
v 0.284424 0.443604 -0.443115
v 0.281494 0.445068 -0.441162
v 0.287842 0.445557 -0.439697
v 0.284424 0.446533 -0.440186
v 0.274170 0.437744 -0.490479
v 0.276123 0.441162 -0.485596
v 0.263428 0.439697 -0.487061
v 0.277100 0.441162 -0.444092
v 0.263916 0.439697 -0.445068
v 0.307861 0.440186 -0.430420
v 0.304443 0.440186 -0.432861
v 0.301514 0.440674 -0.425537
v 0.298584 0.440674 -0.428955
v 0.300049 0.438721 -0.417236
v 0.299561 0.439209 -0.414307
v 0.297607 0.438721 -0.417725
v 0.310303 0.452393 -0.406982
v 0.294189 0.438721 -0.434814
v 0.293213 0.442627 -0.433838
v 0.295654 0.439209 -0.423096
v 0.292725 0.438721 -0.426514
v 0.292236 0.441162 -0.428467
v 0.290283 0.437744 -0.424561
v 0.283447 0.443115 -0.424072
v 0.286865 0.447510 -0.433350
v 0.284912 0.446533 -0.427979
v 0.293213 0.438232 -0.418213
v 0.294189 0.439697 -0.414307
v 0.288818 0.438721 -0.414307
v 0.281982 0.445068 -0.414795
v 0.286865 0.443604 -0.411865
v 0.288330 0.442627 -0.409424
v 0.288818 0.442139 -0.406494
v 0.284424 0.444092 -0.413818
v 0.281982 0.444580 -0.412842
v 0.282471 0.447510 -0.414307
v 0.286865 0.446045 -0.411377
v 0.288818 0.445557 -0.408936
v 0.287842 0.447998 -0.407959
v 0.286377 0.448486 -0.409912
v 0.283447 0.447021 -0.412842
v 0.281982 0.447021 -0.411865
v 0.283447 0.448975 -0.410889
v 0.281494 0.448975 -0.411865
v 0.285400 0.449463 -0.407959
v 0.285400 0.449463 -0.406494
v 0.281494 0.449951 -0.413330
v 0.281982 0.449463 -0.408447
v 0.281494 0.449463 -0.406982
v 0.310791 0.439697 -0.397705
v 0.309814 0.444580 -0.397705
v 0.301025 0.439697 -0.392334
v 0.301025 0.442627 -0.392334
v 0.311279 0.452393 -0.404053
v 0.307861 0.452881 -0.398682
v 0.301514 0.452881 -0.395264
v 0.298096 0.452881 -0.395264
v 0.302490 0.438721 -0.376709
v 0.296143 0.440186 -0.392822
v 0.296143 0.442627 -0.392822
v 0.287842 0.441162 -0.400146
v 0.287842 0.442139 -0.403564
v 0.287354 0.441650 -0.402588
v 0.285889 0.442139 -0.403564
v 0.288818 0.444580 -0.406006
v 0.287842 0.444580 -0.403076
v 0.285889 0.444580 -0.402588
v 0.286377 0.442139 -0.402100
v 0.287842 0.443604 -0.399170
v 0.286865 0.444092 -0.401611
v 0.285889 0.444580 -0.401611
v 0.281494 0.444092 -0.403076
v 0.281494 0.445068 -0.400146
v 0.286865 0.440674 -0.397217
v 0.285400 0.440674 -0.394775
v 0.282959 0.440674 -0.393311
v 0.287354 0.443115 -0.396240
v 0.285889 0.443115 -0.394287
v 0.283447 0.443115 -0.392822
v 0.287354 0.447021 -0.403564
v 0.285889 0.447021 -0.402588
v 0.287842 0.447510 -0.406006
v 0.285400 0.448486 -0.404541
v 0.285400 0.446045 -0.401123
v 0.286377 0.446045 -0.400146
v 0.283447 0.447021 -0.402588
v 0.281494 0.446045 -0.403076
v 0.282471 0.448975 -0.404541
v 0.282959 0.445557 -0.402100
v 0.284912 0.447510 -0.399170
v 0.281982 0.447510 -0.401123
v 0.286865 0.446045 -0.398193
v 0.286377 0.445557 -0.396240
v 0.285400 0.445557 -0.394775
v 0.284912 0.447021 -0.396240
v 0.283447 0.447021 -0.394775
v 0.282959 0.448486 -0.397217
v 0.283447 0.445557 -0.393311
v 0.306885 0.455811 -0.404541
v 0.307861 0.455322 -0.403076
v 0.306396 0.455811 -0.400146
v 0.304932 0.457275 -0.403076
v 0.300537 0.456299 -0.398682
v 0.303955 0.457764 -0.401611
v 0.302002 0.457275 -0.400635
v 0.302979 0.455811 -0.398193
v 0.273682 0.437744 -0.427490
v 0.273682 0.440674 -0.424561
v 0.275146 0.444580 -0.425537
v 0.271240 0.444092 -0.429932
v 0.272217 0.441162 -0.427490
v 0.271729 0.443115 -0.422119
v 0.279541 0.448486 -0.434326
v 0.276123 0.446533 -0.435791
v 0.274170 0.445557 -0.430908
v 0.277100 0.447510 -0.429443
v 0.267334 0.446533 -0.433350
v 0.266357 0.449463 -0.430908
v 0.270752 0.446533 -0.427002
v 0.268799 0.447021 -0.423584
v 0.276123 0.439209 -0.415771
v 0.276123 0.439697 -0.415771
v 0.275146 0.441162 -0.412354
v 0.275146 0.440674 -0.411865
v 0.280518 0.444580 -0.413330
v 0.278076 0.445068 -0.406494
v 0.269775 0.445068 -0.419189
v 0.273193 0.443115 -0.417236
v 0.265869 0.442139 -0.418701
v 0.270752 0.439209 -0.408447
v 0.271729 0.443604 -0.413330
v 0.267334 0.443604 -0.412354
v 0.269287 0.441650 -0.409424
v 0.278076 0.446045 -0.418701
v 0.278564 0.448975 -0.418213
v 0.281006 0.445557 -0.416748
v 0.281006 0.447998 -0.416260
v 0.274658 0.447021 -0.418701
v 0.280029 0.450928 -0.415283
v 0.278076 0.451416 -0.416260
v 0.275146 0.449463 -0.418213
v 0.276123 0.451904 -0.416260
v 0.275146 0.452393 -0.415771
v 0.281006 0.448486 -0.410400
v 0.278076 0.445557 -0.409424
v 0.280518 0.448486 -0.409912
v 0.277588 0.447510 -0.408447
v 0.275146 0.447021 -0.408447
v 0.276123 0.448975 -0.408936
v 0.279541 0.451416 -0.413818
v 0.279541 0.451416 -0.411377
v 0.279053 0.449951 -0.409424
v 0.277100 0.452393 -0.411865
v 0.274170 0.452393 -0.412842
v 0.276123 0.450928 -0.409424
v 0.271729 0.447021 -0.417725
v 0.270264 0.447021 -0.415283
v 0.269775 0.447021 -0.415771
v 0.266846 0.446045 -0.420166
v 0.266357 0.446533 -0.418213
v 0.268311 0.446045 -0.416260
v 0.268311 0.447510 -0.415771
v 0.272217 0.449951 -0.417236
v 0.270264 0.449951 -0.415283
v 0.270264 0.449463 -0.414307
v 0.272217 0.451904 -0.414795
v 0.268311 0.449951 -0.414795
v 0.265869 0.449951 -0.414307
v 0.269775 0.447021 -0.413818
v 0.272217 0.447998 -0.411865
v 0.271729 0.447021 -0.409912
v 0.272217 0.446533 -0.407959
v 0.271240 0.446045 -0.406494
v 0.271729 0.449951 -0.412354
v 0.271729 0.450439 -0.411377
v 0.270264 0.449463 -0.412354
v 0.273193 0.451416 -0.410400
v 0.269775 0.451416 -0.412842
v 0.272705 0.449463 -0.407471
v 0.271729 0.449951 -0.406982
v 0.271240 0.450928 -0.408447
v 0.270264 0.452393 -0.409912
v 0.268799 0.451416 -0.413330
v 0.267822 0.452393 -0.411377
v 0.266357 0.451904 -0.412354
v 0.268799 0.452393 -0.407959
v 0.266846 0.452881 -0.409912
v 0.266846 0.451904 -0.406494
v 0.255615 0.438232 -0.426514
v 0.254639 0.440674 -0.423096
v 0.252197 0.438232 -0.427002
v 0.251709 0.440186 -0.424072
v 0.253174 0.444580 -0.424561
v 0.262451 0.448486 -0.435791
v 0.259033 0.448486 -0.436279
v 0.261963 0.450439 -0.433838
v 0.259033 0.449951 -0.435303
v 0.260498 0.450928 -0.432373
v 0.259033 0.448975 -0.425537
v 0.264404 0.449951 -0.427979
v 0.256592 0.448486 -0.436768
v 0.255127 0.447998 -0.436768
v 0.254150 0.447998 -0.435791
v 0.255615 0.448486 -0.436279
v 0.252197 0.447021 -0.429932
v 0.253174 0.447510 -0.433350
v 0.257080 0.450439 -0.434326
v 0.256104 0.450439 -0.430420
v 0.254639 0.449463 -0.433350
v 0.254150 0.449463 -0.429932
v 0.255615 0.447510 -0.424072
v 0.263428 0.437744 -0.420654
v 0.258057 0.437744 -0.418213
v 0.260986 0.440674 -0.417236
v 0.262451 0.445068 -0.417236
v 0.260986 0.444092 -0.418701
v 0.258057 0.444580 -0.419678
v 0.260010 0.442139 -0.416260
v 0.261475 0.443604 -0.414795
v 0.262939 0.439697 -0.409424
v 0.260498 0.437744 -0.411865
v 0.260010 0.439697 -0.413818
v 0.261963 0.441650 -0.411865
v 0.251709 0.439209 -0.416748
v 0.255615 0.441650 -0.420654
v 0.263916 0.446045 -0.420166
v 0.264893 0.446533 -0.420166
v 0.263916 0.446045 -0.419678
v 0.263428 0.446533 -0.421143
v 0.262451 0.445557 -0.419678
v 0.264404 0.446045 -0.417236
v 0.265381 0.445557 -0.415283
v 0.265381 0.447510 -0.414795
v 0.263428 0.447510 -0.412842
v 0.261963 0.447021 -0.409912
v 0.262939 0.447021 -0.406494
v 0.261963 0.447021 -0.407471
v 0.263428 0.449951 -0.412354
v 0.264893 0.451904 -0.411377
v 0.263916 0.450928 -0.406982
v 0.262451 0.449463 -0.409912
v 0.262451 0.449463 -0.406982
v 0.263916 0.451904 -0.409424
v 0.265381 0.452393 -0.408447
v 0.278564 0.444580 -0.401611
v 0.275635 0.444092 -0.405029
v 0.275635 0.443604 -0.404053
v 0.275635 0.445068 -0.403564
v 0.274658 0.443604 -0.404541
v 0.274658 0.444092 -0.405029
v 0.273682 0.444580 -0.405029
v 0.275146 0.443604 -0.403564
v 0.274170 0.444092 -0.404053
v 0.274170 0.444092 -0.403076
v 0.275146 0.445068 -0.402588
v 0.274170 0.445068 -0.402588
v 0.277100 0.444092 -0.398682
v 0.280518 0.441162 -0.392822
v 0.278564 0.445068 -0.396240
v 0.279541 0.442627 -0.392822
v 0.278564 0.441650 -0.393799
v 0.278564 0.442139 -0.391357
v 0.281006 0.443604 -0.392334
v 0.279541 0.444580 -0.392334
v 0.279053 0.444092 -0.393311
v 0.278076 0.444580 -0.390869
v 0.273193 0.444580 -0.404541
v 0.273193 0.444092 -0.403564
v 0.266846 0.444580 -0.395264
v 0.267822 0.443604 -0.391846
v 0.266846 0.444092 -0.393799
v 0.265869 0.444580 -0.393799
v 0.279053 0.445557 -0.404541
v 0.281006 0.447510 -0.405518
v 0.279541 0.447998 -0.406006
v 0.280029 0.447998 -0.399658
v 0.275146 0.445557 -0.404053
v 0.274170 0.445557 -0.403564
v 0.277100 0.445557 -0.398682
v 0.273682 0.446045 -0.399658
v 0.280518 0.451904 -0.405029
v 0.280518 0.451416 -0.400635
v 0.279541 0.445557 -0.394775
v 0.278564 0.447021 -0.397217
v 0.278564 0.446045 -0.394775
v 0.281006 0.447510 -0.395264
v 0.281006 0.446045 -0.393311
v 0.278564 0.447021 -0.392822
v 0.277588 0.447021 -0.390869
v 0.274170 0.445557 -0.396240
v 0.276611 0.447998 -0.396240
v 0.273682 0.448975 -0.396729
v 0.276611 0.448975 -0.393311
v 0.275635 0.448486 -0.391357
v 0.273682 0.448975 -0.391357
v 0.279053 0.450439 -0.397217
v 0.275146 0.451416 -0.396729
v 0.273682 0.449463 -0.393311
v 0.271240 0.448486 -0.401123
v 0.267822 0.446533 -0.405029
v 0.269287 0.448486 -0.404053
v 0.266357 0.448486 -0.405518
v 0.267334 0.447998 -0.401611
v 0.270264 0.450928 -0.405518
v 0.267822 0.450439 -0.405029
v 0.268311 0.450928 -0.402588
v 0.266357 0.449951 -0.404541
v 0.269287 0.450928 -0.399658
v 0.265869 0.451904 -0.402100
v 0.266357 0.451904 -0.399170
v 0.270752 0.446533 -0.397705
v 0.270752 0.447998 -0.397217
v 0.270264 0.448486 -0.396729
v 0.270264 0.447998 -0.390869
v 0.270752 0.448486 -0.391846
v 0.267822 0.447021 -0.396240
v 0.267822 0.448975 -0.395264
v 0.268311 0.446045 -0.391357
v 0.267334 0.446045 -0.393311
v 0.266846 0.447021 -0.393799
v 0.268311 0.447998 -0.393311
v 0.270752 0.451904 -0.398193
v 0.270752 0.449463 -0.393799
v 0.268311 0.450439 -0.396729
v 0.276123 0.442139 -0.389893
v 0.276123 0.444580 -0.389404
v 0.273193 0.442627 -0.389404
v 0.269775 0.443115 -0.390381
v 0.273193 0.445068 -0.388916
v 0.275146 0.447021 -0.389893
v 0.270264 0.445557 -0.389893
v 0.273193 0.447510 -0.389893
v 0.271240 0.447510 -0.390381
v 0.263428 0.445068 -0.394775
v 0.262939 0.446533 -0.405518
v 0.262939 0.448975 -0.405518
v 0.261475 0.447021 -0.405029
v 0.260010 0.446533 -0.402588
v 0.260498 0.446045 -0.399658
v 0.260498 0.448975 -0.402100
v 0.260498 0.448486 -0.399170
v 0.265381 0.449463 -0.404541
v 0.265381 0.450439 -0.405029
v 0.264404 0.450928 -0.404053
v 0.263428 0.450928 -0.403564
v 0.261963 0.450928 -0.401123
v 0.263428 0.450928 -0.398682
v 0.263916 0.451416 -0.401123
v 0.261475 0.449951 -0.399170
v 0.263916 0.447510 -0.394775
v 0.261963 0.447998 -0.396729
v 0.261475 0.445557 -0.396729
v 0.265381 0.450928 -0.396729
v 0.264893 0.449463 -0.395264
v 0.262939 0.449951 -0.396729
v 0.276611 0.453369 -0.406006
v 0.275635 0.453369 -0.401123
v 0.270752 0.453369 -0.402588
v 0.328369 0.401123 -0.374756
v 0.325439 0.398193 -0.374756
v 0.326904 0.399658 -0.374268
v 0.325439 0.401123 -0.373779
v 0.323975 0.399658 -0.373779
v 0.321533 0.400635 -0.374756
v 0.326904 0.402588 -0.373779
v 0.325439 0.405029 -0.374756
v 0.322998 0.403076 -0.374268
v 0.281494 0.395752 -0.370850
v 0.290283 0.401611 -0.374756
v 0.284912 0.400635 -0.368408
v 0.281982 0.404053 -0.364502
v 0.278076 0.395264 -0.371826
v 0.280029 0.398193 -0.366943
v 0.277588 0.397705 -0.366943
v 0.279053 0.401123 -0.364014
v 0.277588 0.401611 -0.363525
v 0.277100 0.400146 -0.364502
v 0.278564 0.403076 -0.363525
v 0.280029 0.405029 -0.364014
v 0.290283 0.409424 -0.371826
v 0.287354 0.412354 -0.371338
v 0.285400 0.406494 -0.366455
v 0.282959 0.408447 -0.365967
v 0.298584 0.423096 -0.373779
v 0.302002 0.432861 -0.371338
v 0.304443 0.436768 -0.374756
v 0.299561 0.435791 -0.369385
v 0.293701 0.422607 -0.373779
v 0.292725 0.429443 -0.369385
v 0.296631 0.429932 -0.369385
v 0.296631 0.434326 -0.368408
v 0.293213 0.434326 -0.367920
v 0.294189 0.436768 -0.367920
v 0.281982 0.436768 -0.371338
v 0.274658 0.421631 -0.370850
v 0.273193 0.420166 -0.374756
v 0.270752 0.420654 -0.372314
v 0.277588 0.422607 -0.373291
v 0.274658 0.425049 -0.370850
v 0.277588 0.426514 -0.370361
v 0.280518 0.428955 -0.369873
v 0.277588 0.427979 -0.370361
v 0.274658 0.428467 -0.369385
v 0.274170 0.427979 -0.369385
v 0.272217 0.423584 -0.371826
v 0.270264 0.425049 -0.372803
v 0.273193 0.427490 -0.369385
v 0.271240 0.427490 -0.370850
v 0.272217 0.428467 -0.370361
v 0.272705 0.429443 -0.369873
v 0.269775 0.427979 -0.365479
v 0.266846 0.427002 -0.366943
v 0.279541 0.430908 -0.374756
v 0.274658 0.430908 -0.371826
v 0.275635 0.432861 -0.374756
v 0.276611 0.429932 -0.370850
v 0.273682 0.432861 -0.364990
v 0.267822 0.432373 -0.363525
v 0.267334 0.436279 -0.363037
v 0.265381 0.431885 -0.364502
v 0.264893 0.434814 -0.364014
v 0.265381 0.436768 -0.364014
v 0.283447 0.386963 -0.312256
v 0.280029 0.390381 -0.312256
v 0.301025 0.437744 -0.371338
v 0.299072 0.439209 -0.372314
v 0.296631 0.439209 -0.369873
v 0.295654 0.438232 -0.368408
v 0.294678 0.438721 -0.368408
v 0.280029 0.439209 -0.373779
v 0.273682 0.439697 -0.368408
v 0.275146 0.438232 -0.366455
v 0.271240 0.437744 -0.364502
v 0.269287 0.438721 -0.365479
v 0.266846 0.437744 -0.364502
v 0.281494 0.250732 -0.221924
v 0.281494 0.250732 -0.220459
v 0.273682 0.250244 -0.221924
v 0.273682 0.250244 -0.220459
v 0.280029 0.250244 -0.162842
v 0.278564 0.250244 -0.160400
v 0.276611 0.250244 -0.158936
v 0.251221 0.250244 -0.160400
v 0.253174 0.250244 -0.158936
v 0.279541 0.284912 -0.162842
v 0.278564 0.284912 -0.160400
v 0.276123 0.284912 -0.158936
v 0.278076 0.286865 -0.160889
v 0.278564 0.287354 -0.162842
v 0.276123 0.288330 -0.162842
v 0.276123 0.287354 -0.160400
v 0.250732 0.284912 -0.160400
v 0.253174 0.284912 -0.158936
v 0.253174 0.286865 -0.160400
v 0.250732 0.286865 -0.162842
v 0.251221 0.286377 -0.160889
v 0.253174 0.288330 -0.162842
v 0.283447 0.351807 -0.245850
v 0.280518 0.348389 -0.245850
v 0.277588 0.355225 -0.203369
v 0.274658 0.351807 -0.207275
v 0.276611 0.353271 -0.205811
v 0.252686 0.351318 -0.207275
v 0.281982 0.346924 -0.170654
v 0.285400 0.350342 -0.170654
v 0.275146 0.351807 -0.159424
v 0.345947 0.322998 -0.002686
v 0.353271 0.337158 -0.000732
v 0.347900 0.336670 -0.013428
v 0.335205 0.322510 -0.019287
v 0.341064 0.322998 -0.014404
v 0.329834 0.328369 -0.016357
v 0.342041 0.336670 -0.018311
v 0.343506 0.330322 -0.011475
v 0.336182 0.329346 -0.012451
v 0.337158 0.330811 -0.015381
v 0.333252 0.330811 -0.010986
v 0.292725 0.341553 -0.106689
v 0.297607 0.346436 -0.106689
v 0.292236 0.346924 -0.111084
v 0.303467 0.334229 -0.055420
v 0.309326 0.340088 -0.055420
v 0.309326 0.356689 -0.058838
v 0.309326 0.355713 -0.055420
v 0.282471 0.346436 -0.062256
v 0.285889 0.349854 -0.062256
v 0.308350 0.360107 -0.060791
v 0.257568 0.367432 -0.034424
v 0.282959 0.385986 -0.245850
v 0.279541 0.388916 -0.245850
v 0.284424 0.386475 -0.170654
v 0.277100 0.380127 -0.178467
v 0.276123 0.382568 -0.176025
v 0.274170 0.383545 -0.175049
v 0.273682 0.382080 -0.160889
v 0.274658 0.379639 -0.159912
v 0.281006 0.389893 -0.170654
v 0.271240 0.383057 -0.163330
v 0.252197 0.383545 -0.175049
v 0.262451 0.383545 -0.168701
v 0.347900 0.415283 -0.004150
v 0.328369 0.409424 -0.039795
v 0.316650 0.407471 -0.055420
v 0.315186 0.407471 -0.058838
v 0.314697 0.410400 -0.058350
v 0.315186 0.410889 -0.055420
v 0.326416 0.409424 -0.042725
v 0.322998 0.409424 -0.044189
v 0.326416 0.412354 -0.039795
v 0.322998 0.412354 -0.042236
v 0.316650 0.407471 -0.043701
v 0.319092 0.409424 -0.045166
v 0.315186 0.407471 -0.040283
v 0.318115 0.412842 -0.043701
v 0.315186 0.410889 -0.043701
v 0.314697 0.410400 -0.040771
v 0.323486 0.414307 -0.039307
v 0.322021 0.414307 -0.039307
v 0.319580 0.414307 -0.041260
v 0.337158 0.413818 -0.019775
v 0.333252 0.409424 -0.021240
v 0.332275 0.409424 -0.017334
v 0.331299 0.412354 -0.019775
v 0.330322 0.412842 -0.016357
v 0.328857 0.414307 -0.017822
v 0.331787 0.419189 -0.017334
v 0.330322 0.409424 -0.014893
v 0.330811 0.409912 -0.012939
v 0.329834 0.409424 -0.013916
v 0.329346 0.409912 -0.009521
v 0.328857 0.412354 -0.014893
v 0.343018 0.414795 -0.015381
v 0.337646 0.420654 -0.013428
v 0.327393 0.414307 -0.017334
v 0.327881 0.412842 -0.010010
v 0.327393 0.414307 -0.012939
v 0.340088 0.422119 -0.000732
v 0.291260 0.392334 -0.111084
v 0.296631 0.392822 -0.106689
v 0.291748 0.397705 -0.106689
v 0.301025 0.398193 -0.062744
v 0.284912 0.386475 -0.062256
v 0.281494 0.389893 -0.062256
v 0.307861 0.400146 -0.055420
v 0.300537 0.401123 -0.061279
v 0.301025 0.402588 -0.057373
v 0.302002 0.405518 -0.055420
v 0.283447 0.404541 -0.021729
v 0.257080 0.380127 -0.037842
v 0.279541 0.382568 -0.024170
v 0.277100 0.385986 -0.020752
v 0.276123 0.389404 -0.019287
v 0.278564 0.399658 -0.017822
v 0.280518 0.402588 -0.018799
v 0.312256 0.407471 -0.060791
v 0.304932 0.407471 -0.060791
v 0.312256 0.410889 -0.058838
v 0.312256 0.412842 -0.055420
v 0.304932 0.410889 -0.058838
v 0.304932 0.412354 -0.055420
v 0.312256 0.412842 -0.043701
v 0.312256 0.410889 -0.040283
v 0.304932 0.412354 -0.043701
v 0.304932 0.410889 -0.040283
v 0.312256 0.407471 -0.038330
v 0.304932 0.407471 -0.038330
v 0.235596 0.308838 -0.387939
v 0.239014 0.312744 -0.442139
v 0.225342 0.322510 -0.447021
v 0.218506 0.329346 -0.447021
v 0.237549 0.314209 -0.435303
v 0.235596 0.314209 -0.398193
v 0.235596 0.313721 -0.393311
v 0.230713 0.327393 -0.387939
v 0.248291 0.342529 -0.388428
v 0.241943 0.342529 -0.388428
v 0.231201 0.335205 -0.381592
v 0.223389 0.334229 -0.387939
v 0.248291 0.344482 -0.393311
v 0.248291 0.348389 -0.395264
v 0.241455 0.354736 -0.394287
v 0.237061 0.354736 -0.391846
v 0.238037 0.346436 -0.388428
v 0.175537 0.346924 -0.442139
v 0.175537 0.350342 -0.443115
v 0.141846 0.354248 -0.485596
v 0.140381 0.355225 -0.490479
v 0.135498 0.357178 -0.489014
v 0.133057 0.355713 -0.491455
v 0.136475 0.357666 -0.490479
v 0.134033 0.359131 -0.485596
v 0.129150 0.353271 -0.491455
v 0.127197 0.352783 -0.489014
v 0.142822 0.354248 -0.444092
v 0.135010 0.357178 -0.444092
v 0.135010 0.359131 -0.443604
v 0.126709 0.352783 -0.444092
v 0.177490 0.345947 -0.435303
v 0.174072 0.349365 -0.435791
v 0.174561 0.344971 -0.397217
v 0.174072 0.344971 -0.391846
v 0.174072 0.348877 -0.395752
v 0.179932 0.348877 -0.384521
v 0.175049 0.348877 -0.389893
v 0.168701 0.344482 -0.386475
v 0.142334 0.357178 -0.433350
v 0.127686 0.355225 -0.433350
v 0.249756 0.250244 -0.286865
v 0.249756 0.284912 -0.286865
v 0.248291 0.342529 -0.345459
v 0.237061 0.354736 -0.343994
v 0.248291 0.344482 -0.341064
v 0.248291 0.348389 -0.338623
v 0.241455 0.354736 -0.341553
v 0.244873 0.346924 -0.312256
v 0.241455 0.350342 -0.312256
v 0.071533 0.352783 -0.489014
v 0.069580 0.353271 -0.491455
v 0.065674 0.355713 -0.491455
v 0.063232 0.357178 -0.489014
v 0.064209 0.357178 -0.484131
v 0.065674 0.343994 -0.441650
v 0.071045 0.352783 -0.444092
v 0.062744 0.357178 -0.444092
v 0.062744 0.357178 -0.442139
v 0.070557 0.374268 -0.447021
v 0.065674 0.373779 -0.441162
v 0.063721 0.343018 -0.434326
v 0.063721 0.342041 -0.396729
v 0.064697 0.342041 -0.391357
v 0.070068 0.342529 -0.385986
v 0.102295 0.343994 -0.395264
v 0.070068 0.355225 -0.433350
v 0.063721 0.373779 -0.433838
v 0.063721 0.373779 -0.397705
v 0.066162 0.373779 -0.390869
v 0.071045 0.373291 -0.385986
v 0.025146 0.340576 -0.438232
v 0.022705 0.341064 -0.445557
v 0.057373 0.353271 -0.489014
v 0.061279 0.355713 -0.489014
v 0.055908 0.352783 -0.484131
v 0.054932 0.352783 -0.442139
v 0.021729 0.371338 -0.444092
v 0.014893 0.371338 -0.450928
v 0.014404 0.372803 -0.446533
v 0.014404 0.373291 -0.438232
v 0.023682 0.339600 -0.392822
v 0.017334 0.339111 -0.386963
v 0.055420 0.355225 -0.433350
v 0.023682 0.371338 -0.437256
v 0.023682 0.371338 -0.399170
v 0.021240 0.371338 -0.393799
v 0.014404 0.373291 -0.399658
v 0.013916 0.372314 -0.392334
v 0.014404 0.370361 -0.386963
v 0.104736 0.338135 -0.345947
v 0.104736 0.340576 -0.343018
v 0.118408 0.364990 -0.370361
v 0.104736 0.344971 -0.341553
v 0.217529 0.404053 -0.447021
v 0.224365 0.410889 -0.447021
v 0.247803 0.378174 -0.395264
v 0.247803 0.382080 -0.393311
v 0.247803 0.384033 -0.388428
v 0.237061 0.390381 -0.388428
v 0.240967 0.394287 -0.388428
v 0.230713 0.398193 -0.381592
v 0.229736 0.406006 -0.387939
v 0.222900 0.398682 -0.387939
v 0.245850 0.436768 -0.427979
v 0.242432 0.437256 -0.422119
v 0.238525 0.432861 -0.426514
v 0.238525 0.433350 -0.426514
v 0.237549 0.431396 -0.423096
v 0.237549 0.432373 -0.425049
v 0.241943 0.435303 -0.427490
v 0.239502 0.433838 -0.427002
v 0.241943 0.436279 -0.426025
v 0.238525 0.433838 -0.423096
v 0.239990 0.435791 -0.424561
v 0.246338 0.428467 -0.411377
v 0.242432 0.429443 -0.413818
v 0.246338 0.433350 -0.411865
v 0.243896 0.433838 -0.413818
v 0.238525 0.430420 -0.419189
v 0.239502 0.433838 -0.419189
v 0.238525 0.411377 -0.390869
v 0.238037 0.413330 -0.391357
v 0.239014 0.415283 -0.392822
v 0.239502 0.416748 -0.390869
v 0.240479 0.418701 -0.395264
v 0.241455 0.420166 -0.392334
v 0.246338 0.409424 -0.388428
v 0.245850 0.412354 -0.386963
v 0.241943 0.409912 -0.388916
v 0.239502 0.410889 -0.389404
v 0.238525 0.411865 -0.390381
v 0.241455 0.412354 -0.387939
v 0.243408 0.417725 -0.388428
v 0.249756 0.421143 -0.390381
v 0.240479 0.415283 -0.388428
v 0.244873 0.422607 -0.399170
v 0.246338 0.424561 -0.395264
v 0.180908 0.379150 -0.448975
v 0.180908 0.380127 -0.444580
v 0.176025 0.378662 -0.443115
v 0.166260 0.376221 -0.447510
v 0.171631 0.376221 -0.441650
v 0.166260 0.377686 -0.443115
v 0.135498 0.429932 -0.489014
v 0.133057 0.431885 -0.491455
v 0.134033 0.431885 -0.485596
v 0.136475 0.433838 -0.490479
v 0.129150 0.435791 -0.491455
v 0.135010 0.429932 -0.444092
v 0.135010 0.431885 -0.443604
v 0.180908 0.381104 -0.436279
v 0.173584 0.376221 -0.434326
v 0.174072 0.378662 -0.435303
v 0.166260 0.378174 -0.435303
v 0.181396 0.380615 -0.397217
v 0.173584 0.376221 -0.398193
v 0.174561 0.378662 -0.396729
v 0.181396 0.378662 -0.385010
v 0.181396 0.380127 -0.390381
v 0.177002 0.378662 -0.389893
v 0.171631 0.376221 -0.391357
v 0.166260 0.378174 -0.398193
v 0.166260 0.377197 -0.391846
v 0.166748 0.375732 -0.386475
v 0.142334 0.433838 -0.433350
v 0.127686 0.432373 -0.433350
v 0.245361 0.438721 -0.426025
v 0.140869 0.437744 -0.490479
v 0.142822 0.441162 -0.485596
v 0.126709 0.439697 -0.489014
v 0.143799 0.441162 -0.444092
v 0.125732 0.439697 -0.444092
v 0.247803 0.384033 -0.345459
v 0.247803 0.378174 -0.338623
v 0.247803 0.382080 -0.341064
v 0.243896 0.389404 -0.312256
v 0.240479 0.385986 -0.312256
v 0.070557 0.375244 -0.442627
v 0.063232 0.429932 -0.489014
v 0.065674 0.431885 -0.491455
v 0.069580 0.435791 -0.491455
v 0.064209 0.429932 -0.484131
v 0.062744 0.429932 -0.444092
v 0.062744 0.429932 -0.442139
v 0.101318 0.375732 -0.396240
v 0.101318 0.380127 -0.393799
v 0.101318 0.382080 -0.389404
v 0.070557 0.376221 -0.434814
v 0.071045 0.375732 -0.397705
v 0.071045 0.375244 -0.391357
v 0.070068 0.432373 -0.433350
v 0.061279 0.431885 -0.489014
v 0.057373 0.435791 -0.489014
v 0.055420 0.432373 -0.433350
v 0.072510 0.439697 -0.489014
v 0.071533 0.439697 -0.444092
v 0.055420 0.439697 -0.484131
v 0.053955 0.439697 -0.442139
v 0.103760 0.382080 -0.348877
v 0.103760 0.380127 -0.343994
v 0.103760 0.375732 -0.342041
v 0.249756 0.250244 -0.162842
v 0.249756 0.284912 -0.162842
v 0.245850 0.347900 -0.245850
v 0.242432 0.350830 -0.245850
v 0.242432 0.346436 -0.188232
v 0.242920 0.350830 -0.192627
v 0.239014 0.349854 -0.188232
v 0.243896 0.340576 -0.106689
v 0.243896 0.345947 -0.111084
v 0.239014 0.345459 -0.106689
v 0.239014 0.333252 -0.055420
v 0.233154 0.338623 -0.055420
v 0.245361 0.345459 -0.062256
v 0.241455 0.348877 -0.062256
v 0.155518 0.353271 -0.042236
v 0.105713 0.296631 -0.000732
v 0.040283 0.295166 -0.001709
v 0.027588 0.295166 -0.002197
v 0.111084 0.335693 -0.000244
v 0.105713 0.331299 -0.000244
v 0.105225 0.328369 -0.000732
v 0.105713 0.335693 -0.002686
v 0.116943 0.352295 -0.042236
v 0.119873 0.349854 -0.009521
v 0.104736 0.367432 -0.002686
v 0.104736 0.371826 -0.000244
v 0.087158 0.348877 -0.043701
v 0.039307 0.326904 -0.001709
v 0.026611 0.326904 -0.001709
v 0.244873 0.388428 -0.245850
v 0.241455 0.385010 -0.245850
v 0.242432 0.378662 -0.192627
v 0.243408 0.381104 -0.191650
v 0.245850 0.382568 -0.189209
v 0.238525 0.385498 -0.188232
v 0.241943 0.388916 -0.188232
v 0.242920 0.391357 -0.111084
v 0.242432 0.396729 -0.106689
v 0.238037 0.391846 -0.106689
v 0.244385 0.388916 -0.062256
v 0.240967 0.385498 -0.062256
v 0.237549 0.404541 -0.055420
v 0.231689 0.398682 -0.055420
v 0.155029 0.378662 -0.042725
v 0.147705 0.382568 -0.042725
v 0.123291 0.382080 -0.042725
v 0.118408 0.377197 -0.037354
v 0.116455 0.377686 -0.042725
v 0.119385 0.377686 -0.010010
v 0.117920 0.380127 -0.010986
v 0.115479 0.381104 -0.013428
v 0.086670 0.376709 -0.044189
v 0.090088 0.380615 -0.040283
v 0.087646 0.379150 -0.042725
v 0.354248 0.006104 0.004150
v 0.354736 0.006592 0.010010
v 0.353271 0.008057 0.013428
v 0.345947 0.014404 0.006592
v 0.349854 0.013428 0.008545
v 0.350830 0.012451 0.011963
v 0.346924 0.018311 0.013428
v 0.344971 0.017822 0.014893
v 0.350830 0.024658 0.009521
v 0.350342 0.025146 0.013916
v 0.348877 0.024170 0.016846
v 0.343018 0.015869 0.010010
v 0.300049 0.028564 0.030029
v 0.300049 0.028564 0.048096
v 0.272705 0.012451 0.050049
v 0.255615 0.011475 0.038330
v 0.256104 0.014404 0.034424
v 0.256592 0.011475 0.041260
v 0.265381 0.012451 0.049561
v 0.269775 0.017334 0.045654
v 0.271729 0.018311 0.046631
v 0.269287 0.017334 0.044678
v 0.267334 0.017822 0.043701
v 0.273682 0.024658 0.050049
v 0.266357 0.024658 0.049561
v 0.262939 0.016846 0.038330
v 0.259033 0.018799 0.034424
v 0.260498 0.017334 0.037354
v 0.257080 0.022217 0.035889
v 0.258057 0.023682 0.041260
v 0.305420 0.032959 0.030029
v 0.300049 0.032959 0.024170
v 0.305420 0.032959 0.048096
v 0.300049 0.032959 0.053955
v 0.293213 0.037354 0.054443
v 0.290283 0.037842 0.050049
v 0.290283 0.035400 0.054443
v 0.295166 0.040283 0.054443
v 0.292725 0.040283 0.050049
v 0.282959 0.052490 0.043701
v 0.295166 0.061768 0.054443
v 0.292725 0.061768 0.050049
v 0.285400 0.060303 0.050049
v 0.284424 0.061279 0.048096
v 0.282471 0.061768 0.047119
v 0.285400 0.057373 0.055420
v 0.284424 0.055908 0.057373
v 0.282471 0.055420 0.058350
v 0.262451 0.037842 0.050049
v 0.262451 0.035400 0.054443
v 0.270752 0.048584 0.042725
v 0.270264 0.057373 0.045654
v 0.278076 0.049561 0.052002
v 0.279541 0.050049 0.056885
v 0.278564 0.051025 0.060791
v 0.275635 0.061768 0.047119
v 0.275635 0.055420 0.058350
v 0.277100 0.058350 0.057861
v 0.273682 0.056885 0.057373
v 0.275635 0.057861 0.060791
v 0.273193 0.056396 0.056885
v 0.271240 0.057373 0.058350
v 0.271729 0.056396 0.060791
v 0.263428 0.047607 0.038818
v 0.258057 0.053955 0.041748
v 0.263916 0.058350 0.040771
v 0.261963 0.057861 0.042236
v 0.262939 0.055908 0.045166
v 0.265381 0.056885 0.046631
v 0.256104 0.054932 0.043701
v 0.264404 0.057373 0.051514
v 0.285400 0.058838 0.107178
v 0.285400 0.059814 0.108643
v 0.282471 0.058838 0.105225
v 0.285400 0.060303 0.114502
v 0.282471 0.058350 0.118408
v 0.284424 0.058838 0.117432
v 0.275146 0.058350 0.105225
v 0.275146 0.058838 0.117920
v 0.347900 0.118896 0.009033
v 0.347412 0.118896 0.013428
v 0.345947 0.119873 0.015869
v 0.293213 0.065186 0.054443
v 0.290283 0.064697 0.050049
v 0.292236 0.064209 0.051514
v 0.290283 0.067139 0.054443
v 0.281982 0.064209 0.054932
v 0.282471 0.064209 0.059326
v 0.281494 0.064209 0.062256
v 0.282471 0.091064 0.052002
v 0.284424 0.092041 0.052002
v 0.276123 0.063721 0.043213
v 0.269775 0.064209 0.038330
v 0.262451 0.064697 0.050049
v 0.262451 0.067139 0.054443
v 0.276123 0.091064 0.052002
v 0.285400 0.094482 0.052002
v 0.285400 0.099854 0.052002
v 0.285400 0.103760 0.051025
v 0.284424 0.102295 0.052002
v 0.282471 0.101807 0.052490
v 0.282471 0.103271 0.052002
v 0.285400 0.107178 0.049072
v 0.284424 0.109131 0.047607
v 0.282471 0.110107 0.046631
v 0.276123 0.101807 0.052490
v 0.275146 0.103271 0.052002
v 0.276123 0.110107 0.046631
v 0.274170 0.124268 0.041260
v 0.267822 0.124268 0.034912
v 0.259521 0.124268 0.043213
v 0.250732 0.124268 0.034424
v 0.255615 0.118896 0.046631
v 0.257080 0.124756 0.040771
v 0.262939 0.118896 0.047119
v 0.285400 0.064697 0.110107
v 0.284912 0.066162 0.110107
v 0.282471 0.067139 0.110107
v 0.275146 0.067139 0.110107
v 0.312744 0.009033 0.167236
v 0.313232 0.016357 0.161377
v 0.306396 0.010986 0.155029
v 0.307373 0.015381 0.154053
v 0.304443 0.012939 0.155518
v 0.304443 0.014404 0.153076
v 0.309326 0.016357 0.155518
v 0.306396 0.015869 0.154053
v 0.307373 0.027100 0.147217
v 0.308350 0.030029 0.148193
v 0.306885 0.029541 0.147217
v 0.308838 0.028076 0.149170
v 0.309814 0.029541 0.151123
v 0.304443 0.026611 0.145752
v 0.304443 0.029053 0.145752
v 0.306396 0.004639 0.161865
v 0.306396 0.001221 0.167725
v 0.306885 0.002197 0.171143
v 0.308838 0.015381 0.156982
v 0.306885 0.014404 0.156494
v 0.306885 0.014893 0.158936
v 0.304443 0.013428 0.157959
v 0.311279 0.006104 0.172607
v 0.308838 0.016357 0.158936
v 0.310303 0.018311 0.157471
v 0.312256 0.020264 0.159424
v 0.312256 0.023193 0.161865
v 0.306885 0.031982 0.148193
v 0.308838 0.031494 0.149658
v 0.304443 0.031494 0.146729
v 0.293213 0.037354 0.162842
v 0.290283 0.035400 0.162842
v 0.292725 0.038330 0.165771
v 0.290283 0.037842 0.167236
v 0.295166 0.040283 0.162842
v 0.292725 0.040283 0.167236
v 0.282959 0.052490 0.167236
v 0.295166 0.061768 0.162842
v 0.290283 0.060303 0.159424
v 0.292725 0.061279 0.159912
v 0.292725 0.060303 0.162354
v 0.292725 0.061768 0.167236
v 0.284424 0.058350 0.159912
v 0.282471 0.057861 0.158936
v 0.285400 0.058838 0.162354
v 0.285400 0.059814 0.168701
v 0.284424 0.060303 0.171143
v 0.292725 0.060303 0.178955
v 0.290283 0.060303 0.181885
v 0.292725 0.061279 0.181396
v 0.282471 0.060303 0.172119
v 0.262451 0.035400 0.162842
v 0.262451 0.037842 0.167236
v 0.275635 0.057861 0.158936
v 0.275635 0.060303 0.172119
v 0.262451 0.060303 0.159424
v 0.262451 0.060303 0.181885
v 0.304932 0.052002 0.211670
v 0.305908 0.054443 0.216064
v 0.305420 0.055908 0.209229
v 0.310303 0.056396 0.214600
v 0.311279 0.059326 0.213135
v 0.310303 0.058838 0.212646
v 0.305420 0.061768 0.217529
v 0.309326 0.051514 0.221924
v 0.309326 0.052490 0.228760
v 0.304443 0.048096 0.219482
v 0.304443 0.048584 0.227295
v 0.311279 0.055908 0.224365
v 0.311768 0.059814 0.219482
v 0.258057 0.051514 0.208252
v 0.250244 0.054443 0.205322
v 0.257568 0.047607 0.216064
v 0.252686 0.051025 0.217529
v 0.251709 0.052002 0.218018
v 0.258545 0.055420 0.205811
v 0.254150 0.058350 0.208252
v 0.252197 0.059326 0.209717
v 0.253174 0.054932 0.211182
v 0.252197 0.055420 0.212646
v 0.252197 0.059326 0.214600
v 0.253174 0.062256 0.212158
v 0.257080 0.048096 0.223389
v 0.250244 0.048584 0.222900
v 0.252686 0.052002 0.224365
v 0.251709 0.054932 0.219971
v 0.317139 0.120361 0.249268
v 0.293213 0.064209 0.158936
v 0.295166 0.064209 0.162354
v 0.293213 0.065186 0.162842
v 0.290283 0.064209 0.156982
v 0.290283 0.067139 0.162842
v 0.292725 0.064209 0.165771
v 0.290283 0.064697 0.167236
v 0.295166 0.064209 0.178955
v 0.293213 0.064209 0.182373
v 0.290283 0.064209 0.184326
v 0.262451 0.064209 0.156982
v 0.262451 0.067139 0.162842
v 0.262451 0.064697 0.167236
v 0.262451 0.064209 0.184326
v 0.284424 0.096924 0.171631
v 0.285400 0.098877 0.170654
v 0.285400 0.102295 0.169189
v 0.282471 0.101807 0.167725
v 0.284912 0.103271 0.168213
v 0.284912 0.105225 0.168213
v 0.285400 0.106201 0.168701
v 0.282471 0.106201 0.168213
v 0.282471 0.095947 0.172119
v 0.285400 0.109619 0.169678
v 0.284424 0.112061 0.170654
v 0.282471 0.113037 0.171143
v 0.275146 0.101807 0.167725
v 0.275146 0.106201 0.168213
v 0.275146 0.095947 0.172119
v 0.275146 0.113037 0.171143
v 0.305908 0.069580 0.201904
v 0.311279 0.066162 0.208740
v 0.305908 0.069092 0.210693
v 0.311279 0.062744 0.211670
v 0.311279 0.062744 0.216553
v 0.274170 0.080322 0.246826
v 0.274170 0.082275 0.245850
v 0.269775 0.084717 0.247803
v 0.258545 0.080322 0.247803
v 0.262939 0.084717 0.249756
v 0.258545 0.082275 0.246826
v 0.305420 0.103760 0.225830
v 0.305420 0.108643 0.225830
v 0.307373 0.103760 0.228271
v 0.307861 0.104736 0.229248
v 0.306396 0.105225 0.227783
v 0.308350 0.103271 0.231689
v 0.308350 0.105225 0.232666
v 0.306396 0.107178 0.227783
v 0.307373 0.108643 0.228271
v 0.307861 0.108154 0.229248
v 0.307861 0.106201 0.230713
v 0.308350 0.107178 0.232666
v 0.308350 0.109131 0.231689
v 0.302979 0.103760 0.224365
v 0.302979 0.105225 0.225342
v 0.302979 0.107178 0.225342
v 0.302979 0.109131 0.224365
v 0.308350 0.103271 0.248291
v 0.308350 0.105225 0.249756
v 0.308350 0.107178 0.249756
v 0.308350 0.109131 0.248291
v 0.274170 0.120361 0.244873
v 0.274170 0.122803 0.245361
v 0.273682 0.124756 0.249268
v 0.269775 0.118408 0.246826
v 0.262939 0.118408 0.248779
v 0.258545 0.120361 0.245361
v 0.258545 0.122803 0.246338
v 0.354248 0.129150 0.010010
v 0.350342 0.127197 0.006104
v 0.357666 0.135010 0.005127
v 0.357666 0.135010 0.010010
v 0.356201 0.134033 0.013428
v 0.343018 0.125732 0.010498
v 0.341064 0.126221 0.014404
v 0.339111 0.127686 0.009033
v 0.293213 0.147217 0.054443
v 0.290771 0.147217 0.050537
v 0.290283 0.145264 0.054443
v 0.285400 0.147705 0.051514
v 0.284424 0.146240 0.049561
v 0.282471 0.145264 0.049072
v 0.281494 0.145264 0.059326
v 0.295166 0.150146 0.054443
v 0.292725 0.150146 0.050049
v 0.285400 0.151611 0.055420
v 0.284424 0.153076 0.056885
v 0.282471 0.154053 0.057861
v 0.276611 0.125244 0.043213
v 0.279053 0.131104 0.046631
v 0.271729 0.130615 0.046631
v 0.263916 0.126221 0.031494
v 0.262451 0.130127 0.034912
v 0.263428 0.130127 0.037842
v 0.275146 0.145752 0.043701
v 0.269287 0.145264 0.038818
v 0.269775 0.152100 0.045654
v 0.266357 0.155029 0.041260
v 0.281006 0.145264 0.054443
v 0.275635 0.145264 0.049072
v 0.276611 0.151611 0.057373
v 0.274658 0.151611 0.061768
v 0.275635 0.154053 0.057861
v 0.271240 0.155518 0.052002
v 0.272217 0.153076 0.056885
v 0.260010 0.155029 0.036865
v 0.258057 0.154541 0.038818
v 0.263916 0.151123 0.041260
v 0.263428 0.153564 0.046143
v 0.261475 0.152588 0.042725
v 0.260986 0.153564 0.042236
v 0.262451 0.147705 0.050049
v 0.262451 0.145264 0.054443
v 0.305420 0.179932 0.029541
v 0.300049 0.179932 0.024170
v 0.300049 0.184326 0.029541
v 0.282959 0.160400 0.043701
v 0.295166 0.171631 0.054443
v 0.305420 0.179932 0.048096
v 0.300049 0.179932 0.053955
v 0.300049 0.184326 0.048096
v 0.293213 0.175049 0.054443
v 0.289795 0.174561 0.050049
v 0.292725 0.173584 0.051025
v 0.289795 0.177002 0.054443
v 0.271729 0.161865 0.038330
v 0.275635 0.156982 0.052979
v 0.280029 0.163330 0.050049
v 0.276611 0.158447 0.057861
v 0.281006 0.163818 0.055420
v 0.280029 0.163330 0.058350
v 0.265381 0.161377 0.033936
v 0.262451 0.174561 0.050049
v 0.261963 0.177002 0.054443
v 0.284424 0.148193 0.102783
v 0.281982 0.147705 0.101807
v 0.285400 0.153076 0.101318
v 0.284424 0.154541 0.099365
v 0.282471 0.155029 0.098389
v 0.285400 0.150146 0.104736
v 0.285400 0.153076 0.108643
v 0.284424 0.154541 0.110596
v 0.282471 0.155029 0.111572
v 0.278076 0.146729 0.062744
v 0.275635 0.147705 0.101807
v 0.276123 0.155029 0.098389
v 0.275146 0.155029 0.111572
v 0.355225 0.218506 0.002686
v 0.355225 0.218506 0.008545
v 0.353271 0.222412 0.010498
v 0.347900 0.226318 0.005127
v 0.346924 0.228271 0.001709
v 0.345459 0.228271 0.007568
v 0.347412 0.233643 0.009521
v 0.350830 0.234619 0.005127
v 0.341064 0.225830 0.003662
v 0.274170 0.217529 0.045166
v 0.266846 0.217041 0.044678
v 0.258057 0.217041 0.032959
v 0.259033 0.217041 0.036377
v 0.259033 0.220459 0.029541
v 0.257568 0.226807 0.030029
v 0.269775 0.222900 0.038818
v 0.271729 0.222412 0.041748
v 0.272217 0.223877 0.040771
v 0.269287 0.223389 0.039307
v 0.274658 0.229736 0.044678
v 0.267334 0.229248 0.044678
v 0.262451 0.222412 0.032471
v 0.262939 0.222900 0.032959
v 0.258545 0.228760 0.036377
v 0.267822 0.247803 0.037842
v 0.275146 0.248779 0.048096
v 0.277100 0.249756 0.053955
v 0.293213 0.148193 0.158936
v 0.295166 0.148193 0.162354
v 0.293213 0.147217 0.162842
v 0.290283 0.148193 0.156982
v 0.290283 0.145264 0.162842
v 0.292236 0.148193 0.165771
v 0.290283 0.147705 0.167236
v 0.295166 0.150635 0.162842
v 0.292236 0.151123 0.159912
v 0.290283 0.152100 0.159424
v 0.292725 0.152100 0.162354
v 0.292725 0.150635 0.167236
v 0.285400 0.151611 0.161377
v 0.284424 0.152100 0.158936
v 0.282471 0.152100 0.157959
v 0.285400 0.151123 0.168213
v 0.284424 0.150635 0.170654
v 0.282471 0.150635 0.171631
v 0.295166 0.148193 0.178955
v 0.293213 0.148193 0.182373
v 0.290283 0.148193 0.184326
v 0.292725 0.152100 0.178955
v 0.292236 0.151123 0.181396
v 0.290283 0.152100 0.181885
v 0.275635 0.152100 0.157959
v 0.275635 0.150635 0.172119
v 0.262451 0.148193 0.156982
v 0.262451 0.145264 0.162842
v 0.262451 0.147705 0.167236
v 0.262451 0.152100 0.159424
v 0.262451 0.148193 0.184326
v 0.262451 0.152100 0.181885
v 0.302979 0.183838 0.140381
v 0.308838 0.182861 0.146240
v 0.305420 0.180420 0.143311
v 0.306885 0.182861 0.143311
v 0.305420 0.182861 0.141846
v 0.307373 0.181396 0.144775
v 0.307373 0.184326 0.143799
v 0.305908 0.185303 0.142334
v 0.302979 0.181396 0.141357
v 0.302979 0.185791 0.140869
v 0.282959 0.160400 0.167236
v 0.295166 0.171631 0.162842
v 0.292725 0.171631 0.167236
v 0.293213 0.175049 0.162842
v 0.290283 0.177002 0.162842
v 0.292236 0.174072 0.165771
v 0.290283 0.174561 0.167236
v 0.262451 0.177002 0.162842
v 0.262451 0.174561 0.167236
v 0.305908 0.142334 0.198975
v 0.305908 0.143311 0.207764
v 0.311279 0.146240 0.203857
v 0.311279 0.149658 0.206787
v 0.310791 0.154541 0.210205
v 0.310303 0.156006 0.210693
v 0.305420 0.151123 0.214111
v 0.311768 0.156006 0.211670
v 0.305420 0.154053 0.214111
v 0.253174 0.155518 0.207275
v 0.310303 0.159912 0.207764
v 0.310303 0.163818 0.210205
v 0.305420 0.162842 0.203857
v 0.311768 0.159424 0.214111
v 0.305420 0.158447 0.212158
v 0.304932 0.166748 0.206299
v 0.309326 0.168213 0.216553
v 0.304443 0.171143 0.214111
v 0.311279 0.163818 0.219482
v 0.309326 0.167236 0.223389
v 0.304443 0.170654 0.221924
v 0.259033 0.162354 0.200439
v 0.254150 0.159424 0.202881
v 0.250244 0.160889 0.201904
v 0.258545 0.166260 0.202881
v 0.251709 0.156494 0.206787
v 0.252197 0.158936 0.209717
v 0.253174 0.163330 0.205811
v 0.252197 0.160400 0.209229
v 0.251709 0.163330 0.214600
v 0.257568 0.170654 0.210693
v 0.251709 0.164795 0.214600
v 0.252686 0.167725 0.212158
v 0.257080 0.170654 0.218018
v 0.252686 0.166748 0.218994
v 0.312744 0.195557 0.156006
v 0.311768 0.191162 0.153564
v 0.308350 0.194580 0.152100
v 0.305908 0.196045 0.148193
v 0.307373 0.196045 0.150146
v 0.306885 0.197510 0.151611
v 0.305420 0.197510 0.148682
v 0.305420 0.198486 0.151123
v 0.307373 0.196533 0.153564
v 0.304932 0.197998 0.153564
v 0.305908 0.200439 0.149658
v 0.302490 0.198486 0.147705
v 0.302979 0.198975 0.152588
v 0.302490 0.199463 0.150146
v 0.305908 0.207275 0.155518
v 0.312256 0.188721 0.156494
v 0.312256 0.202881 0.161377
v 0.305908 0.210693 0.161865
v 0.310791 0.206299 0.166748
v 0.306396 0.210205 0.165283
v 0.316650 0.077881 0.255615
v 0.321045 0.080811 0.257568
v 0.321533 0.084229 0.253662
v 0.317139 0.079834 0.251709
v 0.317139 0.082275 0.250732
v 0.325439 0.089600 0.264404
v 0.324463 0.085693 0.270264
v 0.319092 0.082764 0.272705
v 0.326416 0.095947 0.271729
v 0.326416 0.107666 0.271240
v 0.326416 0.102295 0.273682
v 0.325439 0.113525 0.263428
v 0.321533 0.118408 0.252686
v 0.321045 0.121826 0.256104
v 0.317139 0.122314 0.250244
v 0.316650 0.124756 0.254150
v 0.324463 0.118408 0.269775
v 0.319092 0.121338 0.271729
v 0.325439 0.096436 0.286377
v 0.319092 0.093994 0.288818
v 0.325439 0.102295 0.288330
v 0.325439 0.108154 0.285889
v 0.319092 0.102783 0.291748
v 0.319092 0.111084 0.288330
v 0.273682 0.078369 0.250732
v 0.269287 0.081299 0.251709
v 0.266357 0.086182 0.264893
v 0.267334 0.090088 0.259033
v 0.265869 0.090088 0.258057
v 0.270264 0.083252 0.267334
v 0.262451 0.081299 0.253662
v 0.258057 0.078369 0.251709
v 0.265381 0.086182 0.263916
v 0.260010 0.083252 0.267334
v 0.307373 0.103760 0.253174
v 0.305420 0.103760 0.257080
v 0.307373 0.109131 0.253174
v 0.307373 0.106201 0.254639
v 0.305908 0.106201 0.257568
v 0.305420 0.108643 0.257080
v 0.311768 0.104248 0.265381
v 0.311279 0.107178 0.261475
v 0.302979 0.104248 0.258545
v 0.302979 0.106201 0.259521
v 0.302979 0.108154 0.258545
v 0.304932 0.096924 0.271729
v 0.310303 0.099365 0.270752
v 0.311279 0.102295 0.267822
v 0.305420 0.104736 0.271240
v 0.306885 0.111084 0.256592
v 0.306396 0.109619 0.257568
v 0.305908 0.109619 0.264893
v 0.306396 0.111572 0.263428
v 0.312256 0.113525 0.259033
v 0.312256 0.116455 0.262939
v 0.305908 0.115967 0.268799
v 0.311279 0.120361 0.266846
v 0.305908 0.123291 0.267822
v 0.268311 0.096436 0.266357
v 0.266846 0.096924 0.280518
v 0.268311 0.102295 0.268311
v 0.268311 0.108154 0.265869
v 0.266846 0.108643 0.280518
v 0.259033 0.100342 0.257568
v 0.264404 0.096436 0.264404
v 0.258057 0.096436 0.261475
v 0.252686 0.093994 0.262451
v 0.255615 0.100342 0.264404
v 0.252686 0.100830 0.262451
v 0.259033 0.102783 0.253662
v 0.261475 0.108643 0.255127
v 0.264404 0.108154 0.264404
v 0.261475 0.109131 0.261963
v 0.253662 0.104736 0.250732
v 0.253174 0.104736 0.257080
v 0.256104 0.106689 0.256592
v 0.255127 0.103760 0.260498
v 0.260010 0.097412 0.266357
v 0.260010 0.097412 0.266846
v 0.263428 0.096924 0.279053
v 0.264404 0.102295 0.266846
v 0.260986 0.104736 0.267334
v 0.263428 0.102783 0.281006
v 0.263428 0.108643 0.279053
v 0.265869 0.113525 0.257080
v 0.267334 0.114014 0.258545
v 0.269287 0.121826 0.250732
v 0.266357 0.118408 0.264404
v 0.270264 0.121338 0.266357
v 0.261963 0.110596 0.252686
v 0.259033 0.113037 0.253174
v 0.259033 0.115967 0.257080
v 0.261963 0.111084 0.259521
v 0.261475 0.115479 0.264893
v 0.256592 0.112549 0.254150
v 0.253174 0.110596 0.250732
v 0.252686 0.111084 0.257080
v 0.255615 0.115967 0.258057
v 0.252197 0.115479 0.261963
v 0.262451 0.122314 0.252197
v 0.258057 0.124756 0.250244
v 0.265381 0.118408 0.263428
v 0.258057 0.119873 0.260498
v 0.260498 0.122803 0.263916
v 0.255615 0.119873 0.261963
v 0.252197 0.122314 0.261963
v 0.260010 0.121338 0.266357
v 0.268799 0.093994 0.283447
v 0.266846 0.102783 0.282959
v 0.268799 0.102783 0.286377
v 0.259521 0.094482 0.283447
v 0.259033 0.102783 0.285889
v 0.268799 0.111084 0.282959
v 0.259521 0.111572 0.282959
v 0.243408 0.028564 0.029541
v 0.243408 0.028564 0.048096
v 0.243408 0.032959 0.024170
v 0.243408 0.032959 0.053955
v 0.218994 0.014893 0.111084
v 0.196533 0.012451 0.093018
v 0.190186 0.022217 0.092529
v 0.216553 0.014404 0.106689
v 0.204346 0.012939 0.095947
v 0.187744 0.015381 0.106201
v 0.211670 0.021240 0.109131
v 0.206787 0.024658 0.105225
v 0.211182 0.021729 0.116455
v 0.214600 0.016846 0.117432
v 0.203857 0.019287 0.111084
v 0.204834 0.023193 0.109619
v 0.206299 0.021240 0.116455
v 0.210205 0.026123 0.111572
v 0.210205 0.026123 0.114502
v 0.199463 0.020264 0.098877
v 0.197510 0.022705 0.095947
v 0.191650 0.018799 0.095947
v 0.194092 0.016846 0.101318
v 0.189209 0.020264 0.098389
v 0.193115 0.022217 0.101807
v 0.198975 0.017822 0.114990
v 0.211182 0.060303 0.091064
v 0.208740 0.059326 0.089111
v 0.207275 0.059326 0.092529
v 0.204834 0.059814 0.090576
v 0.192139 0.052979 0.083740
v 0.193604 0.053467 0.089600
v 0.202393 0.059326 0.083252
v 0.198486 0.061279 0.079346
v 0.197998 0.058838 0.085205
v 0.193604 0.055908 0.082275
v 0.210205 0.054443 0.096436
v 0.202881 0.054932 0.096924
v 0.140869 0.052490 0.043701
v 0.184814 0.016357 0.096924
v 0.247314 0.121338 0.031006
v 0.246338 0.117432 0.034912
v 0.247314 0.117920 0.037842
v 0.197021 0.064697 0.081299
v 0.197998 0.065674 0.086182
v 0.213623 0.066162 0.094482
v 0.206299 0.066162 0.094482
v 0.219482 0.119873 0.103271
v 0.218994 0.119385 0.105713
v 0.202393 0.100830 0.089600
v 0.195068 0.100342 0.085205
v 0.198975 0.108154 0.092529
v 0.190674 0.106689 0.087646
v 0.187744 0.108154 0.090576
v 0.204834 0.116943 0.087646
v 0.197510 0.116455 0.084229
v 0.200928 0.110596 0.092041
v 0.192627 0.110596 0.089111
v 0.190674 0.110107 0.091064
v 0.211182 0.101807 0.099365
v 0.214111 0.102783 0.105713
v 0.214111 0.103760 0.108643
v 0.208740 0.109131 0.103271
v 0.210205 0.109131 0.109619
v 0.212646 0.113037 0.101807
v 0.215088 0.114502 0.107178
v 0.206787 0.110596 0.102783
v 0.205811 0.110596 0.105225
v 0.217041 0.118896 0.098877
v 0.196533 0.109619 0.095947
v 0.194092 0.110107 0.096436
v 0.143311 0.089600 0.124268
v 0.238525 0.010498 0.155518
v 0.239014 0.015381 0.153564
v 0.236572 0.015381 0.155518
v 0.231201 0.007568 0.153564
v 0.231201 0.011963 0.151611
v 0.238525 0.004150 0.161865
v 0.238525 0.001221 0.168213
v 0.236084 0.002197 0.166260
v 0.237549 0.003662 0.170654
v 0.237061 0.010986 0.157959
v 0.238525 0.015381 0.162354
v 0.238525 0.006592 0.172607
v 0.232666 0.008545 0.167236
v 0.233643 0.005615 0.172607
v 0.237549 0.019287 0.159424
v 0.233154 0.019287 0.157959
v 0.232178 0.015869 0.161377
v 0.232666 0.022705 0.161377
v 0.243896 0.043213 0.212646
v 0.244385 0.051025 0.201416
v 0.249756 0.050537 0.208252
v 0.243896 0.047119 0.203857
v 0.249268 0.047119 0.215576
v 0.238037 0.054443 0.210693
v 0.241455 0.054443 0.214111
v 0.237061 0.051514 0.212646
v 0.236084 0.055908 0.210693
v 0.238037 0.057373 0.208740
v 0.238037 0.060303 0.205322
v 0.236084 0.061279 0.208740
v 0.241455 0.061279 0.215576
v 0.231689 0.047607 0.213135
v 0.232178 0.055420 0.215576
v 0.244385 0.044189 0.220947
v 0.192139 0.046143 0.196045
v 0.190674 0.041748 0.204834
v 0.189697 0.042236 0.212646
v 0.193115 0.050537 0.193604
v 0.188721 0.053955 0.196533
v 0.187744 0.057861 0.200928
v 0.188232 0.058350 0.200928
v 0.154053 0.007568 0.147217
v 0.154053 0.000244 0.155518
v 0.154541 0.011963 0.145752
v 0.149658 0.015381 0.148193
v 0.148193 0.010986 0.150635
v 0.139893 0.012939 0.154541
v 0.148682 0.019287 0.152100
v 0.147217 0.015869 0.154541
v 0.141846 0.025146 0.147217
v 0.135498 0.017822 0.152100
v 0.137451 0.022217 0.148682
v 0.134033 0.021240 0.151611
v 0.129150 0.022705 0.148193
v 0.128174 0.026611 0.149658
v 0.130615 0.028076 0.155029
v 0.148682 0.002686 0.163818
v 0.147705 0.004639 0.158936
v 0.144287 0.003662 0.168213
v 0.146240 0.007568 0.169189
v 0.145264 0.011475 0.159912
v 0.147705 0.015381 0.163818
v 0.144287 0.004639 0.173096
v 0.138428 0.002686 0.164307
v 0.138428 0.000244 0.170166
v 0.139404 0.009033 0.156494
v 0.139404 0.001221 0.172607
v 0.156006 0.020264 0.162842
v 0.148682 0.020264 0.164307
v 0.145264 0.015869 0.157471
v 0.147705 0.018799 0.161377
v 0.146729 0.019287 0.160889
v 0.141357 0.022705 0.156982
v 0.152100 0.025146 0.158936
v 0.149170 0.025146 0.156982
v 0.145752 0.024170 0.159424
v 0.148193 0.030029 0.161377
v 0.137939 0.018799 0.156982
v 0.140381 0.029541 0.162842
v 0.156982 0.056396 0.153564
v 0.167725 0.057861 0.164307
v 0.169678 0.058838 0.169189
v 0.167236 0.060791 0.174072
v 0.149170 0.055420 0.149658
v 0.146240 0.061279 0.153564
v 0.143799 0.061768 0.152100
v 0.143799 0.061279 0.156006
v 0.140869 0.052490 0.167236
v 0.151611 0.061768 0.162354
v 0.186279 0.045166 0.206299
v 0.185791 0.046631 0.213623
v 0.177002 0.044189 0.210693
v 0.177979 0.045166 0.218506
v 0.157471 0.046143 0.202881
v 0.187256 0.050049 0.199463
v 0.176514 0.048096 0.202881
v 0.177002 0.052490 0.200439
v 0.185303 0.049561 0.209229
v 0.182861 0.052002 0.207275
v 0.182861 0.048096 0.213135
v 0.184814 0.053467 0.216064
v 0.186279 0.054932 0.203369
v 0.182861 0.056396 0.204834
v 0.184814 0.061279 0.209229
v 0.185303 0.057373 0.211670
v 0.158936 0.062256 0.200928
v 0.158447 0.054443 0.206299
v 0.183838 0.050049 0.220947
v 0.152588 0.049072 0.200928
v 0.152588 0.053955 0.198486
v 0.153076 0.059814 0.195068
v 0.154541 0.059326 0.201904
v 0.149658 0.062256 0.198486
v 0.153076 0.051514 0.210205
v 0.154053 0.053955 0.207764
v 0.148193 0.049072 0.212158
v 0.154541 0.056396 0.205322
v 0.149658 0.062256 0.206299
v 0.149170 0.055908 0.213135
v 0.240967 0.068604 0.200439
v 0.236084 0.066162 0.203369
v 0.241455 0.068604 0.208740
v 0.232666 0.063721 0.205322
v 0.232666 0.062744 0.209229
v 0.209229 0.082764 0.241455
v 0.209229 0.080322 0.242432
v 0.208740 0.078369 0.246338
v 0.203857 0.081299 0.247314
v 0.204346 0.084717 0.243408
v 0.197510 0.084717 0.246826
v 0.192627 0.080811 0.244873
v 0.192627 0.078857 0.248779
v 0.193115 0.082764 0.243896
v 0.194092 0.099365 0.249268
v 0.200928 0.104248 0.244385
v 0.195557 0.104736 0.248291
v 0.195068 0.102295 0.245850
v 0.189209 0.106689 0.243896
v 0.189209 0.109131 0.243408
v 0.209229 0.120361 0.239990
v 0.209229 0.122803 0.240967
v 0.204346 0.118408 0.242432
v 0.203857 0.122314 0.245850
v 0.200439 0.109619 0.244385
v 0.194580 0.111572 0.245850
v 0.193604 0.114502 0.249268
v 0.197510 0.118896 0.245850
v 0.197021 0.122314 0.249268
v 0.193115 0.120850 0.242432
v 0.192627 0.122803 0.243408
v 0.158936 0.068604 0.152100
v 0.166260 0.066162 0.168701
v 0.164795 0.064697 0.168213
v 0.161377 0.064209 0.169189
v 0.158447 0.066162 0.166748
v 0.169678 0.071533 0.163330
v 0.171631 0.072998 0.168701
v 0.166748 0.067139 0.172607
v 0.162354 0.065186 0.172607
v 0.170654 0.072510 0.172119
v 0.151611 0.067627 0.148193
v 0.153076 0.063232 0.156006
v 0.141357 0.062744 0.154053
v 0.155518 0.062744 0.156982
v 0.145752 0.065186 0.156982
v 0.130127 0.107666 0.136963
v 0.131592 0.108643 0.144775
v 0.148682 0.115967 0.147217
v 0.149170 0.109619 0.152100
v 0.145264 0.114990 0.145264
v 0.146240 0.114502 0.147705
v 0.142822 0.114990 0.145752
v 0.141357 0.110107 0.152588
v 0.151611 0.121826 0.150146
v 0.143799 0.121826 0.151123
v 0.133545 0.112549 0.137451
v 0.138428 0.113525 0.140381
v 0.135498 0.114014 0.137451
v 0.131592 0.119385 0.137451
v 0.136963 0.114014 0.140869
v 0.133545 0.120361 0.143311
v 0.158936 0.063232 0.196533
v 0.142822 0.080811 0.240967
v 0.142822 0.082764 0.239990
v 0.142334 0.078857 0.244873
v 0.125732 0.082764 0.234131
v 0.137451 0.085205 0.241943
v 0.137451 0.081787 0.246338
v 0.130127 0.081787 0.240967
v 0.125732 0.080811 0.235107
v 0.125244 0.078857 0.239014
v 0.130615 0.085205 0.237061
v 0.133057 0.090576 0.248779
v 0.129150 0.095459 0.247803
v 0.128662 0.099365 0.243896
v 0.134033 0.105225 0.237061
v 0.133545 0.108154 0.236572
v 0.135010 0.105225 0.245361
v 0.134521 0.108643 0.245361
v 0.128662 0.102783 0.239014
v 0.129150 0.104248 0.248291
v 0.128662 0.106689 0.245850
v 0.127686 0.109131 0.242432
v 0.142822 0.120850 0.239014
v 0.142822 0.122803 0.239502
v 0.125732 0.120361 0.233154
v 0.125732 0.122803 0.234131
v 0.133057 0.114014 0.247803
v 0.128174 0.110596 0.238525
v 0.128174 0.113037 0.245850
v 0.128174 0.114014 0.243408
v 0.127686 0.115967 0.248291
v 0.137451 0.118408 0.240967
v 0.137451 0.122314 0.244873
v 0.133057 0.121826 0.249268
v 0.130615 0.118408 0.236084
v 0.130127 0.122314 0.239502
v 0.128174 0.118408 0.247314
v 0.073486 0.019287 0.154541
v 0.072021 0.006592 0.169678
v 0.072021 0.009033 0.163818
v 0.072998 0.015381 0.156494
v 0.067627 0.011475 0.168213
v 0.071533 0.007568 0.172607
v 0.067627 0.011963 0.173096
v 0.068115 0.019287 0.159912
v 0.069092 0.023193 0.157471
v 0.067139 0.023193 0.163818
v 0.066650 0.015869 0.168701
v 0.069092 0.027100 0.160400
v 0.099854 0.028564 0.216553
v 0.117432 0.019775 0.240967
v 0.113525 0.018799 0.234619
v 0.115479 0.021729 0.245361
v 0.114502 0.027100 0.237549
v 0.110107 0.026123 0.238525
v 0.109619 0.027100 0.244873
v 0.113037 0.028564 0.244385
v 0.103760 0.017334 0.224854
v 0.095459 0.016357 0.220947
v 0.093994 0.023193 0.220947
v 0.097900 0.023193 0.232666
v 0.104248 0.023682 0.226318
v 0.108154 0.029541 0.220947
v 0.098389 0.025146 0.227783
v 0.107666 0.026123 0.240479
v 0.102783 0.027588 0.237549
v 0.090576 0.022705 0.223877
v 0.089600 0.023193 0.222900
v 0.086182 0.024170 0.225342
v 0.092529 0.027588 0.232178
v 0.120361 0.046143 0.194580
v 0.120361 0.041748 0.202881
v 0.120850 0.042725 0.210693
v 0.115967 0.045166 0.204346
v 0.120361 0.050049 0.192139
v 0.116455 0.053955 0.195068
v 0.115479 0.049561 0.197510
v 0.114990 0.054443 0.201416
v 0.115967 0.058350 0.198975
v 0.112061 0.056396 0.200439
v 0.111084 0.060791 0.198486
v 0.114990 0.050049 0.207275
v 0.112549 0.052490 0.205811
v 0.116943 0.047119 0.211670
v 0.114502 0.053467 0.213135
v 0.114990 0.057373 0.208252
v 0.114502 0.061279 0.204346
v 0.105225 0.052979 0.197021
v 0.105225 0.057373 0.195068
v 0.106689 0.048584 0.203857
v 0.108643 0.049072 0.211670
v 0.117432 0.031982 0.230713
v 0.120850 0.033447 0.237549
v 0.117432 0.033447 0.243408
v 0.081787 0.055908 0.211670
v 0.077393 0.059326 0.209717
v 0.061768 0.013428 0.152588
v 0.061768 0.012451 0.155029
v 0.061279 0.025635 0.145264
v 0.061279 0.028076 0.144775
v 0.061279 0.030518 0.145752
v 0.061768 0.012939 0.157471
v 0.042725 0.052979 0.197998
v 0.042725 0.057373 0.196533
v 0.037842 0.056396 0.201904
v 0.037842 0.060791 0.199951
v 0.043701 0.048584 0.204834
v 0.039307 0.052002 0.207275
v 0.045166 0.049072 0.212646
v 0.040771 0.053467 0.214600
v 0.037842 0.056396 0.210205
v 0.036865 0.062256 0.204834
v 0.113525 0.065186 0.202393
v 0.103271 0.070068 0.210693
v 0.106689 0.066162 0.215088
v 0.099854 0.070068 0.208252
v 0.098877 0.065674 0.216064
v 0.100342 0.069580 0.213135
v 0.103271 0.070557 0.214600
v 0.106689 0.076416 0.217529
v 0.098877 0.076416 0.218506
v 0.087158 0.063232 0.202881
v 0.092529 0.069092 0.202393
v 0.088623 0.066650 0.198486
v 0.089600 0.068115 0.202881
v 0.083252 0.068604 0.197998
v 0.089111 0.064209 0.207764
v 0.093506 0.067627 0.207275
v 0.083740 0.069092 0.205811
v 0.083252 0.062744 0.212646
v 0.087646 0.072510 0.204834
v 0.089600 0.073975 0.210205
v 0.077881 0.067139 0.200928
v 0.077393 0.063721 0.205811
v 0.072021 0.082764 0.233643
v 0.072021 0.080811 0.234619
v 0.071533 0.078857 0.238525
v 0.066650 0.081787 0.239990
v 0.066650 0.085205 0.236084
v 0.098389 0.109131 0.202393
v 0.115479 0.111572 0.217041
v 0.110107 0.121826 0.218506
v 0.106201 0.110107 0.207275
v 0.095459 0.114502 0.212646
v 0.101318 0.117432 0.210205
v 0.099365 0.120361 0.207764
v 0.095459 0.119385 0.214600
v 0.119385 0.105225 0.238525
v 0.121338 0.106201 0.246826
v 0.118896 0.113037 0.223877
v 0.115479 0.114990 0.229248
v 0.112061 0.118896 0.220947
v 0.113037 0.122803 0.223877
v 0.110596 0.119873 0.228271
v 0.112061 0.122803 0.227783
v 0.120361 0.111572 0.239990
v 0.122314 0.111084 0.247803
v 0.121826 0.119385 0.249756
v 0.107666 0.116943 0.223877
v 0.102783 0.115479 0.226318
v 0.104248 0.119873 0.219971
v 0.092529 0.114990 0.204346
v 0.089111 0.115967 0.206787
v 0.090088 0.113037 0.218506
v 0.085693 0.114502 0.208252
v 0.082764 0.114014 0.211182
v 0.091553 0.119873 0.203857
v 0.072021 0.120361 0.232666
v 0.072021 0.122803 0.233154
v 0.071533 0.124756 0.237061
v 0.066650 0.118408 0.235107
v 0.066650 0.121826 0.239014
v 0.037354 0.064697 0.203857
v 0.060303 0.103271 0.222412
v 0.060303 0.105225 0.223389
v 0.060303 0.108643 0.222412
v 0.060303 0.107178 0.223389
v 0.055420 0.107666 0.247314
v 0.053467 0.107178 0.239502
v 0.049561 0.105225 0.247314
v 0.049072 0.108643 0.242920
v 0.056396 0.111084 0.248779
v 0.054443 0.111084 0.240479
v 0.047607 0.109619 0.241943
v 0.048584 0.113525 0.246338
v 0.049561 0.117920 0.249756
v 0.242920 0.179932 0.024170
v 0.242920 0.184326 0.029541
v 0.242920 0.179932 0.053955
v 0.242920 0.184326 0.048096
v 0.210693 0.148682 0.092041
v 0.203369 0.148682 0.092041
v 0.207764 0.153564 0.088623
v 0.205322 0.154053 0.086182
v 0.193604 0.148193 0.077881
v 0.195557 0.151123 0.076416
v 0.194580 0.148193 0.083252
v 0.199463 0.155518 0.080811
v 0.198975 0.154053 0.079834
v 0.211670 0.163330 0.092041
v 0.209229 0.157471 0.088623
v 0.206299 0.156494 0.086670
v 0.204346 0.163330 0.092529
v 0.195068 0.157471 0.076904
v 0.193604 0.160889 0.078857
v 0.195068 0.161865 0.084229
v 0.140381 0.159912 0.043701
v 0.140869 0.183350 0.116943
v 0.212646 0.200928 0.092529
v 0.201416 0.199463 0.082275
v 0.194092 0.198486 0.078857
v 0.205322 0.213623 0.077881
v 0.215088 0.214600 0.090088
v 0.192139 0.206787 0.076904
v 0.197510 0.213135 0.073486
v 0.200928 0.206787 0.081787
v 0.196533 0.206299 0.085693
v 0.197021 0.205322 0.086670
v 0.189209 0.205811 0.079834
v 0.188721 0.204834 0.082275
v 0.192139 0.208252 0.090088
v 0.215576 0.201416 0.097412
v 0.215576 0.202393 0.099854
v 0.211182 0.207275 0.100342
v 0.204346 0.206299 0.093994
v 0.210205 0.207764 0.093994
v 0.207764 0.207275 0.094482
v 0.204346 0.208740 0.096924
v 0.209229 0.209717 0.101807
v 0.215576 0.214111 0.098877
v 0.216553 0.215088 0.095947
v 0.186768 0.205811 0.084717
v 0.241455 0.141846 0.197021
v 0.236084 0.144775 0.199951
v 0.237549 0.150146 0.199951
v 0.241943 0.142822 0.205322
v 0.236084 0.149170 0.204834
v 0.237061 0.153564 0.203369
v 0.236572 0.154053 0.208252
v 0.241455 0.150635 0.212158
v 0.232178 0.146240 0.196533
v 0.231689 0.147217 0.204346
v 0.230713 0.155029 0.211182
v 0.188232 0.155029 0.199463
v 0.208740 0.125244 0.244873
v 0.192627 0.125244 0.247314
v 0.244385 0.163818 0.197510
v 0.243896 0.168213 0.200439
v 0.241455 0.157959 0.210205
v 0.236572 0.156494 0.205811
v 0.235596 0.159424 0.207764
v 0.249756 0.164795 0.204834
v 0.249268 0.169189 0.211670
v 0.229736 0.162354 0.209229
v 0.243408 0.172607 0.209229
v 0.244385 0.172119 0.217041
v 0.249756 0.168213 0.218994
v 0.188232 0.159424 0.195068
v 0.192627 0.162842 0.192139
v 0.191650 0.167236 0.194580
v 0.190186 0.172119 0.203369
v 0.189209 0.172119 0.210693
v 0.164795 0.150635 0.151123
v 0.167725 0.151611 0.156982
v 0.166260 0.153564 0.160400
v 0.147705 0.147217 0.136475
v 0.141846 0.153564 0.139404
v 0.155029 0.148682 0.140869
v 0.150146 0.155518 0.143799
v 0.147705 0.155518 0.147217
v 0.139893 0.155518 0.140869
v 0.138428 0.154541 0.142334
v 0.155029 0.138428 0.187256
v 0.160889 0.157471 0.154541
v 0.162354 0.159424 0.153564
v 0.157471 0.157471 0.154053
v 0.165283 0.164795 0.149170
v 0.167725 0.165771 0.154541
v 0.160400 0.157959 0.160400
v 0.162842 0.160400 0.158936
v 0.166748 0.165283 0.157959
v 0.155029 0.162842 0.137451
v 0.142334 0.156494 0.137939
v 0.147217 0.162354 0.134033
v 0.151123 0.156982 0.142334
v 0.154053 0.158447 0.154053
v 0.145264 0.157471 0.148193
v 0.144775 0.187256 0.139893
v 0.143799 0.183350 0.143799
v 0.142334 0.187256 0.146729
v 0.140381 0.159912 0.167236
v 0.187256 0.156006 0.199951
v 0.155029 0.138916 0.195068
v 0.149170 0.140869 0.189209
v 0.148682 0.145264 0.194092
v 0.154053 0.147217 0.201904
v 0.153076 0.154541 0.200439
v 0.148193 0.150146 0.197998
v 0.129639 0.146729 0.188721
v 0.129639 0.149658 0.192139
v 0.129639 0.152100 0.194580
v 0.128662 0.155029 0.197021
v 0.142334 0.125244 0.243408
v 0.125244 0.125244 0.237549
v 0.186279 0.158936 0.201904
v 0.186768 0.163818 0.197998
v 0.181885 0.161865 0.199463
v 0.181885 0.166260 0.201416
v 0.176025 0.165283 0.195068
v 0.176025 0.169678 0.197021
v 0.184326 0.157471 0.203857
v 0.184326 0.161377 0.206299
v 0.184814 0.164307 0.207764
v 0.184326 0.165771 0.210693
v 0.185791 0.168701 0.204834
v 0.181885 0.170654 0.207764
v 0.185303 0.167725 0.212158
v 0.182373 0.169189 0.215576
v 0.176025 0.174072 0.204834
v 0.177002 0.173584 0.213135
v 0.234619 0.191650 0.152588
v 0.235107 0.192139 0.153076
v 0.238525 0.196045 0.148682
v 0.235596 0.196045 0.156006
v 0.238525 0.200439 0.150146
v 0.233154 0.191162 0.153564
v 0.233643 0.192627 0.152100
v 0.227783 0.197998 0.144287
v 0.227295 0.202881 0.146240
v 0.233154 0.195557 0.148682
v 0.232666 0.197510 0.154053
v 0.233643 0.200439 0.151123
v 0.225830 0.211670 0.155518
v 0.232666 0.188721 0.156494
v 0.231689 0.193115 0.158936
v 0.231689 0.201416 0.162842
v 0.238525 0.207764 0.156494
v 0.238525 0.210693 0.162354
v 0.238037 0.210205 0.165771
v 0.233154 0.205322 0.161377
v 0.233154 0.206299 0.161377
v 0.231689 0.209717 0.159912
v 0.233643 0.205811 0.167236
v 0.231201 0.209717 0.165283
v 0.225342 0.214111 0.160889
v 0.225830 0.213135 0.163818
v 0.149658 0.190674 0.137451
v 0.149170 0.195557 0.138916
v 0.143311 0.191650 0.142334
v 0.141357 0.196533 0.152100
v 0.142822 0.201416 0.151611
v 0.127686 0.188232 0.146729
v 0.126221 0.191650 0.142822
v 0.128174 0.192139 0.149658
v 0.126709 0.196533 0.145264
v 0.127686 0.200928 0.154541
v 0.144775 0.209717 0.140381
v 0.141846 0.208740 0.137939
v 0.144287 0.211182 0.139404
v 0.141357 0.211182 0.137451
v 0.147705 0.206299 0.143311
v 0.147705 0.203857 0.147705
v 0.147217 0.206787 0.153564
v 0.148193 0.215576 0.143799
v 0.135010 0.208252 0.131592
v 0.134033 0.210205 0.131592
v 0.128174 0.204834 0.130615
v 0.129639 0.207275 0.128174
v 0.130615 0.209717 0.127197
v 0.130127 0.204834 0.135986
v 0.128662 0.214600 0.130127
v 0.130615 0.215088 0.135986
v 0.139893 0.206299 0.144287
v 0.125732 0.204834 0.153564
v 0.139893 0.215576 0.144775
v 0.142334 0.200928 0.156982
v 0.146729 0.205811 0.156494
v 0.125732 0.204346 0.158936
v 0.160400 0.240967 0.142334
v 0.163330 0.241943 0.148193
v 0.156494 0.247803 0.146240
v 0.159424 0.249756 0.148193
v 0.161865 0.243408 0.152100
v 0.156494 0.247803 0.152588
v 0.150635 0.239990 0.132080
v 0.142822 0.239014 0.128174
v 0.149170 0.248291 0.135498
v 0.145752 0.246826 0.135498
v 0.145264 0.247314 0.140381
v 0.141846 0.248779 0.140381
v 0.154053 0.248291 0.148193
v 0.151123 0.249268 0.146729
v 0.137451 0.245361 0.131104
v 0.140381 0.248779 0.130615
v 0.137939 0.248291 0.133545
v 0.134521 0.246338 0.134033
v 0.124268 0.143799 0.185791
v 0.085693 0.159912 0.185303
v 0.083740 0.164307 0.187256
v 0.124268 0.143799 0.193604
v 0.124268 0.151123 0.200439
v 0.110107 0.150635 0.197021
v 0.111084 0.155029 0.198975
v 0.107666 0.155029 0.193115
v 0.101807 0.156006 0.204346
v 0.093994 0.155518 0.204834
v 0.083252 0.152588 0.191162
v 0.084717 0.155518 0.188232
v 0.085205 0.153564 0.197021
v 0.123779 0.157959 0.198975
v 0.115479 0.160889 0.191650
v 0.114990 0.156494 0.196045
v 0.114014 0.159912 0.197998
v 0.111572 0.158936 0.202393
v 0.119873 0.164307 0.188721
v 0.119385 0.168701 0.190674
v 0.114502 0.164795 0.194092
v 0.114990 0.169678 0.200439
v 0.111084 0.162842 0.207275
v 0.114014 0.164795 0.203369
v 0.115967 0.168213 0.208252
v 0.108154 0.159424 0.194580
v 0.109131 0.163818 0.199463
v 0.101807 0.161377 0.198975
v 0.101318 0.158447 0.189697
v 0.101318 0.162842 0.191162
v 0.098389 0.159912 0.199951
v 0.096924 0.159912 0.196045
v 0.094971 0.159912 0.197998
v 0.102783 0.167725 0.197510
v 0.103760 0.166748 0.200928
v 0.095459 0.166748 0.201904
v 0.105225 0.167725 0.205322
v 0.119385 0.173096 0.198486
v 0.119873 0.172607 0.206787
v 0.089600 0.158936 0.190186
v 0.088135 0.157959 0.191650
v 0.085693 0.165283 0.193604
v 0.060303 0.142334 0.185303
v 0.059814 0.182861 0.139893
v 0.059814 0.185303 0.140381
v 0.059814 0.180908 0.141357
v 0.052002 0.186768 0.146729
v 0.060791 0.142334 0.193115
v 0.055420 0.144775 0.188232
v 0.054932 0.148682 0.192627
v 0.060303 0.149658 0.199951
v 0.055420 0.153076 0.196533
v 0.033936 0.153076 0.198975
v 0.033447 0.156006 0.199951
v 0.059814 0.156494 0.198486
v 0.034424 0.156982 0.194580
v 0.038818 0.160400 0.191162
v 0.033936 0.161377 0.196533
v 0.040283 0.169678 0.198975
v 0.038818 0.164795 0.192627
v 0.035400 0.166260 0.201416
v 0.034424 0.161865 0.204834
v 0.041748 0.169189 0.206787
v 0.037354 0.165283 0.208740
v 0.120850 0.195068 0.139893
v 0.120850 0.199463 0.141846
v 0.120850 0.206787 0.149170
v 0.120850 0.209229 0.155029
v 0.121338 0.208252 0.157959
v 0.082275 0.249756 0.177979
v 0.080811 0.246826 0.179443
v 0.082764 0.247314 0.186768
v 0.109619 0.199951 0.207764
v 0.113037 0.200928 0.214111
v 0.112061 0.202393 0.217529
v 0.099854 0.198975 0.197510
v 0.110107 0.215576 0.210205
v 0.111572 0.216064 0.215088
v 0.095459 0.205811 0.200439
v 0.094971 0.208252 0.201416
v 0.098877 0.214111 0.197510
v 0.107178 0.206787 0.212158
v 0.107178 0.207275 0.217529
v 0.106689 0.210205 0.215576
v 0.102783 0.208740 0.214111
v 0.102295 0.209717 0.218994
v 0.108154 0.215576 0.221436
v 0.091553 0.198486 0.193604
v 0.086182 0.204834 0.196045
v 0.088135 0.206787 0.202881
v 0.083252 0.205811 0.198486
v 0.084717 0.207764 0.196533
v 0.082275 0.207275 0.198486
v 0.091064 0.213623 0.192627
v 0.093018 0.207275 0.205811
v 0.092529 0.208740 0.207764
v 0.100830 0.248779 0.194580
v 0.092529 0.248291 0.195068
v 0.057861 0.193604 0.139893
v 0.052979 0.190186 0.142822
v 0.052002 0.195068 0.145264
v 0.051025 0.190674 0.149658
v 0.059814 0.197510 0.147705
v 0.057373 0.198486 0.141846
v 0.059814 0.198975 0.149658
v 0.059814 0.198486 0.152588
v 0.051025 0.198975 0.154541
v 0.057373 0.205322 0.149170
v 0.056885 0.207764 0.155029
v 0.052490 0.203369 0.153564
v 0.052490 0.202881 0.158936
v 0.056885 0.206787 0.157959
v 0.037842 0.207764 0.248779
v 0.043213 0.213135 0.249268
v 0.039307 0.211182 0.244385
v 0.042725 0.212646 0.248779
v 0.038818 0.213623 0.243408
v 0.037354 0.218018 0.246826
v 0.044189 0.245850 0.249756
v 0.205811 0.083252 0.261475
v 0.197021 0.081787 0.250732
v 0.193604 0.083740 0.261475
v 0.200439 0.090576 0.252197
v 0.200928 0.090576 0.253174
v 0.198486 0.092529 0.255615
v 0.199951 0.086670 0.258057
v 0.199951 0.086182 0.259033
v 0.189209 0.093506 0.257080
v 0.203857 0.094482 0.277588
v 0.203369 0.103271 0.280518
v 0.195557 0.097412 0.256104
v 0.199951 0.099854 0.256104
v 0.196045 0.100342 0.253662
v 0.201904 0.096924 0.260010
v 0.198486 0.096924 0.258545
v 0.193604 0.095459 0.253174
v 0.190186 0.101318 0.258057
v 0.200439 0.104248 0.251221
v 0.196045 0.102295 0.251221
v 0.201904 0.102783 0.262451
v 0.198486 0.102783 0.260498
v 0.201904 0.108643 0.260010
v 0.198486 0.108154 0.258057
v 0.190186 0.106689 0.252686
v 0.197510 0.097412 0.273193
v 0.200439 0.097412 0.274658
v 0.193115 0.094482 0.277588
v 0.197510 0.108643 0.272705
v 0.200439 0.103271 0.276611
v 0.197021 0.102783 0.275146
v 0.200439 0.109131 0.274658
v 0.193115 0.103271 0.280518
v 0.205811 0.121826 0.260498
v 0.203857 0.111572 0.277100
v 0.200439 0.110107 0.251221
v 0.200439 0.114014 0.251221
v 0.200928 0.114014 0.252686
v 0.199463 0.114502 0.256104
v 0.195557 0.114014 0.250244
v 0.195557 0.116455 0.253174
v 0.189697 0.109619 0.252197
v 0.189697 0.114990 0.257568
v 0.199951 0.118408 0.257080
v 0.197998 0.121826 0.255615
v 0.199951 0.118896 0.258057
v 0.193115 0.118896 0.253174
v 0.195068 0.119385 0.255127
v 0.188721 0.122803 0.256104
v 0.193604 0.121826 0.260498
v 0.193115 0.111572 0.277100
v 0.138916 0.083740 0.257568
v 0.126221 0.084717 0.259033
v 0.133057 0.086670 0.254639
v 0.134033 0.092041 0.250244
v 0.132568 0.087646 0.256104
v 0.135010 0.099854 0.251221
v 0.134521 0.097412 0.258057
v 0.128662 0.101318 0.250244
v 0.134521 0.108154 0.257568
v 0.134521 0.102783 0.260010
v 0.130615 0.102295 0.256592
v 0.130615 0.103271 0.256592
v 0.130615 0.102783 0.257080
v 0.130615 0.108643 0.252686
v 0.133057 0.097900 0.272217
v 0.137451 0.094482 0.273682
v 0.130127 0.097412 0.269287
v 0.125732 0.094971 0.275146
v 0.133057 0.108643 0.272217
v 0.136963 0.103271 0.276611
v 0.133057 0.103271 0.274170
v 0.130127 0.103271 0.271240
v 0.130615 0.108643 0.269287
v 0.125732 0.103271 0.278076
v 0.133545 0.112549 0.250244
v 0.134521 0.114014 0.251221
v 0.133057 0.118408 0.253662
v 0.138916 0.121826 0.256592
v 0.132568 0.117432 0.255127
v 0.126221 0.120850 0.257568
v 0.137451 0.111572 0.273193
v 0.125732 0.111572 0.275146
v 0.062744 0.055420 0.291260
v 0.065186 0.055908 0.294678
v 0.065186 0.057373 0.298096
v 0.039307 0.030029 0.275635
v 0.037842 0.027100 0.279541
v 0.058350 0.030029 0.292725
v 0.050049 0.030029 0.293701
v 0.039795 0.028076 0.284912
v 0.043213 0.032471 0.279053
v 0.043213 0.032959 0.279053
v 0.039307 0.032959 0.273682
v 0.037354 0.037842 0.276611
v 0.042236 0.052490 0.278076
v 0.036865 0.059326 0.280518
v 0.054932 0.033936 0.287842
v 0.054932 0.034912 0.287354
v 0.051514 0.033936 0.285400
v 0.051514 0.034424 0.285889
v 0.057861 0.040771 0.289795
v 0.049561 0.040771 0.290771
v 0.039307 0.038818 0.281982
v 0.050537 0.053467 0.281494
v 0.059326 0.061768 0.293701
v 0.046143 0.060791 0.283936
v 0.004150 0.015381 0.361084
v 0.004150 0.028564 0.357666
v 0.006592 0.017334 0.365967
v 0.001221 0.022705 0.363037
v 0.000732 0.023193 0.364502
v 0.006104 0.028564 0.362549
v 0.004150 0.030029 0.371826
v 0.069092 0.084717 0.258545
v 0.063232 0.088135 0.255615
v 0.062744 0.092529 0.250732
v 0.063721 0.074463 0.287842
v 0.066650 0.075439 0.292725
v 0.066162 0.075439 0.296631
v 0.122803 0.097900 0.252197
v 0.123291 0.105225 0.253662
v 0.122314 0.112061 0.251709
v 0.068115 0.094971 0.275146
v 0.068115 0.103271 0.278076
v 0.062744 0.112061 0.250244
v 0.063232 0.116943 0.255127
v 0.069092 0.120361 0.257568
v 0.068115 0.111084 0.274658
v 0.052490 0.072021 0.277588
v 0.038330 0.066162 0.278076
v 0.044189 0.071045 0.273682
v 0.058838 0.063232 0.296143
v 0.057373 0.068115 0.296143
v 0.048584 0.066162 0.282959
v 0.054443 0.064209 0.295166
v 0.058838 0.063232 0.300537
v 0.059326 0.070557 0.300049
v 0.040771 0.063721 0.288818
v 0.042725 0.065674 0.289307
v 0.035400 0.065674 0.281494
v 0.056396 0.097900 0.252686
v 0.050537 0.100830 0.251221
v 0.060303 0.104248 0.253662
v 0.057373 0.105225 0.254150
v 0.060303 0.108154 0.253662
v 0.060303 0.106201 0.254639
v 0.060791 0.101807 0.260010
v 0.060791 0.102783 0.260010
v 0.060791 0.103760 0.260010
v 0.061279 0.097900 0.271729
v 0.061279 0.108154 0.271240
v 0.061279 0.103271 0.273682
v 0.056396 0.114014 0.252686
v 0.055420 0.121338 0.250732
v 0.056885 0.120850 0.274658
v 0.051025 0.122803 0.268799
v 0.054443 0.123779 0.270752
v 0.048584 0.120850 0.275146
v 0.039307 0.122803 0.257568
v 0.043701 0.121826 0.262451
v 0.042236 0.123779 0.260986
v 0.038330 0.120850 0.256104
v 0.036377 0.117432 0.260986
v 0.038818 0.118896 0.266357
v 0.016846 0.076904 0.340088
v 0.012939 0.074951 0.341064
v 0.011475 0.075439 0.337646
v 0.009521 0.075439 0.339111
v 0.000732 0.073975 0.332764
v 0.000244 0.074463 0.330322
v 0.002686 0.074951 0.333252
v 0.020264 0.082275 0.341064
v 0.009033 0.082764 0.343506
v 0.016357 0.071045 0.344971
v 0.008545 0.071533 0.346436
v 0.003174 0.114990 0.336670
v 0.005615 0.117432 0.341064
v 0.000732 0.122314 0.338623
v 0.002686 0.120361 0.353271
v 0.003174 0.020752 0.378174
v 0.062744 0.152100 0.273193
v 0.065674 0.153076 0.278564
v 0.064697 0.154541 0.281982
v 0.062744 0.167725 0.271729
v 0.064697 0.168701 0.277100
v 0.057861 0.129150 0.273193
v 0.053467 0.125244 0.269775
v 0.050049 0.125244 0.267822
v 0.050049 0.129639 0.274170
v 0.037842 0.127197 0.260986
v 0.040283 0.128174 0.265869
v 0.052002 0.150635 0.262939
v 0.043701 0.149658 0.258545
v 0.047607 0.157959 0.265381
v 0.051025 0.165771 0.260010
v 0.058838 0.158936 0.276123
v 0.057373 0.161377 0.278564
v 0.050049 0.159912 0.276123
v 0.053955 0.161377 0.278564
v 0.046631 0.159424 0.264404
v 0.037842 0.156494 0.260986
v 0.037354 0.159912 0.259521
v 0.034912 0.157471 0.263428
v 0.034424 0.159424 0.262451
v 0.043213 0.165283 0.255615
v 0.040771 0.158447 0.269775
v 0.041260 0.160400 0.269775
v 0.058350 0.159912 0.282959
v 0.057861 0.163330 0.282959
v 0.062256 0.168213 0.282471
v 0.003174 0.128174 0.333252
v 0.005615 0.128174 0.338623
v 0.003174 0.129150 0.347412
v 0.019287 0.162842 0.325439
v 0.015869 0.166748 0.322021
v 0.016846 0.168213 0.320557
v 0.008545 0.162842 0.327881
v 0.010986 0.167725 0.320068
v 0.009521 0.167236 0.320557
v 0.002197 0.165771 0.315186
v 0.002197 0.166260 0.313232
v 0.019775 0.173096 0.322021
v 0.008545 0.173584 0.323975
v 0.010986 0.174072 0.324463
v 0.065674 0.248291 0.275635
v 0.057373 0.209717 0.261963
v 0.049561 0.209717 0.262939
v 0.053955 0.214111 0.257568
v 0.050537 0.214111 0.255615
v 0.050537 0.213135 0.256104
v 0.053467 0.214111 0.258057
v 0.039795 0.208252 0.254150
v 0.039307 0.218506 0.252197
v 0.056396 0.219482 0.260986
v 0.048584 0.219482 0.261475
v 0.052490 0.246826 0.257568
v 0.062256 0.247803 0.268799
v 0.002197 0.212646 0.316162
v 0.004639 0.214600 0.321045
v 0.001709 0.218018 0.333252
v 0.004639 0.225830 0.318604
v 0.002197 0.225830 0.313721
v 0.002686 0.226807 0.327881
v 0.281494 0.264893 0.052490
v 0.266846 0.262451 0.029541
v 0.267822 0.256104 0.036865
v 0.273193 0.262939 0.034424
v 0.276123 0.250732 0.056885
v 0.271240 0.256592 0.049072
v 0.271240 0.255615 0.051025
v 0.266846 0.257080 0.050537
v 0.272217 0.255615 0.056396
v 0.275635 0.258057 0.050049
v 0.274170 0.258057 0.054443
v 0.280518 0.264404 0.047119
v 0.280029 0.263916 0.056396
v 0.259033 0.250732 0.033936
v 0.259033 0.255615 0.033936
v 0.261475 0.256592 0.031982
v 0.261963 0.254639 0.039795
v 0.262451 0.255127 0.039307
v 0.254150 0.254150 0.037354
v 0.346436 0.322998 0.003662
v 0.350342 0.331787 0.004150
v 0.345947 0.329346 0.001221
v 0.353760 0.337158 0.004150
v 0.352295 0.336182 0.007568
v 0.342529 0.323975 0.008545
v 0.342041 0.329346 0.003174
v 0.338135 0.330811 0.000732
v 0.260986 0.327393 0.030029
v 0.252686 0.324463 0.030029
v 0.263428 0.341064 0.027588
v 0.274170 0.326904 0.040771
v 0.271729 0.325928 0.038818
v 0.269287 0.322021 0.045166
v 0.266357 0.326904 0.041748
v 0.265381 0.325439 0.032959
v 0.261963 0.321533 0.045166
v 0.263916 0.327881 0.039307
v 0.251709 0.321533 0.032471
v 0.253174 0.321045 0.037354
v 0.257080 0.327393 0.033447
v 0.276611 0.332275 0.044189
v 0.269287 0.331787 0.044189
v 0.276123 0.342529 0.043701
v 0.269775 0.341553 0.032471
v 0.277588 0.343506 0.050049
v 0.260010 0.330811 0.033447
v 0.260986 0.331299 0.036377
v 0.282471 0.357666 0.046143
v 0.272705 0.356201 0.031006
v 0.258057 0.346924 0.030029
v 0.260498 0.350342 0.030029
v 0.265381 0.355713 0.026611
v 0.276123 0.351318 0.044678
v 0.267334 0.349854 0.034424
v 0.271729 0.349854 0.044678
v 0.267822 0.350830 0.046143
v 0.280518 0.357178 0.040771
v 0.276123 0.345459 0.053955
v 0.273682 0.348877 0.050049
v 0.269775 0.350830 0.052002
v 0.275635 0.351807 0.050049
v 0.280518 0.356689 0.050537
v 0.263428 0.348389 0.034424
v 0.264404 0.348877 0.038818
v 0.258057 0.349854 0.034912
v 0.255615 0.347900 0.031494
v 0.348389 0.415283 0.002197
v 0.347412 0.416260 0.005615
v 0.344482 0.420654 0.001709
v 0.254150 0.414795 0.030029
v 0.269287 0.423096 0.027588
v 0.262451 0.422119 0.023193
v 0.263916 0.428955 0.030029
v 0.257080 0.427979 0.026123
v 0.254150 0.428955 0.028564
v 0.270264 0.412842 0.044189
v 0.267334 0.417236 0.040771
v 0.262939 0.412354 0.044189
v 0.254150 0.411865 0.036377
v 0.253174 0.411377 0.033447
v 0.264404 0.417725 0.038818
v 0.258057 0.417236 0.032959
v 0.277100 0.423584 0.037354
v 0.279541 0.423584 0.042725
v 0.272217 0.429443 0.045654
v 0.268799 0.430908 0.041260
v 0.277588 0.425049 0.047119
v 0.209229 0.253174 0.090088
v 0.205322 0.258545 0.085205
v 0.203857 0.258057 0.084229
v 0.206299 0.258057 0.086670
v 0.207764 0.264404 0.089111
v 0.196045 0.256592 0.076416
v 0.191650 0.252197 0.075439
v 0.192139 0.258545 0.072998
v 0.190186 0.262451 0.074463
v 0.202881 0.257568 0.082764
v 0.197021 0.257080 0.078369
v 0.201904 0.252686 0.090088
v 0.192627 0.251221 0.081787
v 0.200439 0.264404 0.088623
v 0.191162 0.263428 0.079834
v 0.203857 0.295166 0.076904
v 0.212646 0.295654 0.087646
v 0.196045 0.295166 0.072510
v 0.208740 0.302490 0.092041
v 0.208740 0.304443 0.093506
v 0.211670 0.309814 0.089111
v 0.190674 0.301514 0.075439
v 0.192627 0.308350 0.074951
v 0.199463 0.302490 0.080811
v 0.197021 0.302979 0.083252
v 0.202393 0.304443 0.092529
v 0.195068 0.304443 0.085205
v 0.187744 0.302979 0.078857
v 0.195068 0.301514 0.089111
v 0.200928 0.308838 0.078369
v 0.215088 0.296143 0.094482
v 0.214111 0.297119 0.097412
v 0.207764 0.302490 0.098877
v 0.205322 0.302979 0.094971
v 0.214600 0.310303 0.094482
v 0.214111 0.309814 0.097900
v 0.210205 0.305420 0.098389
v 0.138428 0.277100 0.109619
v 0.187256 0.302490 0.078857
v 0.185303 0.302002 0.082275
v 0.204834 0.348877 0.086670
v 0.205322 0.351807 0.083740
v 0.208252 0.356689 0.087158
v 0.195557 0.350342 0.076416
v 0.188721 0.350342 0.070068
v 0.188721 0.347900 0.077881
v 0.191650 0.352295 0.072998
v 0.193115 0.353271 0.073975
v 0.190186 0.355225 0.072510
v 0.190186 0.356201 0.075928
v 0.202393 0.350830 0.081787
v 0.197510 0.348877 0.086670
v 0.199463 0.354248 0.080322
v 0.202393 0.353760 0.082764
v 0.200928 0.356689 0.087646
v 0.191162 0.356201 0.079346
v 0.212646 0.365479 0.090088
v 0.212158 0.366455 0.093506
v 0.209229 0.364990 0.084229
v 0.207764 0.370850 0.093506
v 0.206299 0.370850 0.088623
v 0.204834 0.373291 0.089111
v 0.198975 0.364014 0.074463
v 0.191162 0.363525 0.070557
v 0.195068 0.370850 0.077881
v 0.202881 0.372314 0.089600
v 0.194580 0.373291 0.079834
v 0.192627 0.372803 0.083252
v 0.206787 0.374756 0.094971
v 0.145752 0.330811 0.123779
v 0.144287 0.342529 0.124756
v 0.187256 0.347412 0.072510
v 0.185791 0.369385 0.073975
v 0.183350 0.370850 0.076904
v 0.187256 0.374756 0.074951
v 0.185303 0.374268 0.076904
v 0.155518 0.353271 0.108154
v 0.128174 0.366943 0.123291
v 0.133057 0.372314 0.123779
v 0.134521 0.373291 0.123291
v 0.129150 0.369873 0.120850
v 0.165771 0.256104 0.148682
v 0.163818 0.255615 0.143311
v 0.157471 0.250732 0.154053
v 0.161865 0.255615 0.154053
v 0.153564 0.254639 0.131104
v 0.146240 0.254639 0.126709
v 0.142822 0.304443 0.135498
v 0.149170 0.310303 0.140381
v 0.145752 0.305420 0.137451
v 0.143311 0.305420 0.138916
v 0.146240 0.300049 0.142822
v 0.141357 0.310303 0.140869
v 0.135010 0.303955 0.129150
v 0.126709 0.299072 0.128662
v 0.128662 0.303467 0.125244
v 0.128662 0.299561 0.134521
v 0.133057 0.305420 0.130127
v 0.140381 0.305908 0.136475
v 0.131104 0.305908 0.125732
v 0.129639 0.308838 0.127686
v 0.131104 0.309814 0.132568
v 0.138428 0.300049 0.143311
v 0.163818 0.331787 0.139893
v 0.165283 0.331787 0.145264
v 0.161865 0.333740 0.150635
v 0.159424 0.338135 0.143799
v 0.157471 0.338623 0.149658
v 0.156982 0.339600 0.150146
v 0.153076 0.330811 0.127686
v 0.145752 0.335693 0.136475
v 0.149170 0.337646 0.131592
v 0.152100 0.343018 0.129150
v 0.140869 0.337158 0.126709
v 0.145264 0.339600 0.135986
v 0.154053 0.337158 0.144287
v 0.154053 0.340088 0.143799
v 0.139404 0.335693 0.129639
v 0.137939 0.338135 0.129639
v 0.160889 0.344482 0.138916
v 0.164307 0.345459 0.145264
v 0.160889 0.344971 0.151123
v 0.145264 0.373291 0.131592
v 0.144287 0.372803 0.132080
v 0.140869 0.372803 0.130127
v 0.141846 0.373291 0.129639
v 0.147217 0.368896 0.135986
v 0.139893 0.368408 0.136963
v 0.129639 0.367432 0.128662
v 0.110596 0.292725 0.002686
v 0.111572 0.292236 0.007568
v 0.113525 0.296631 0.007568
v 0.111572 0.296631 0.001709
v 0.106201 0.291748 0.001709
v 0.105713 0.289795 0.007080
v 0.111084 0.291748 0.052490
v 0.113037 0.296143 0.052490
v 0.110107 0.292236 0.057373
v 0.110107 0.289795 0.060791
v 0.110107 0.293701 0.056396
v 0.110596 0.296143 0.057861
v 0.112061 0.293701 0.060791
v 0.105713 0.293701 0.053955
v 0.105713 0.289307 0.056396
v 0.105225 0.291748 0.057861
v 0.105225 0.296143 0.060303
v 0.111084 0.293701 0.109131
v 0.109131 0.289795 0.109131
v 0.104736 0.289307 0.113525
v 0.109131 0.293701 0.113525
v 0.108154 0.296143 0.115479
v 0.104736 0.293213 0.115479
v 0.103760 0.295654 0.114502
v 0.109131 0.295654 0.120361
v 0.103760 0.293701 0.120361
v 0.111084 0.300537 0.120361
v 0.109131 0.300537 0.114502
v 0.103760 0.300049 0.112061
v 0.040283 0.288818 0.006104
v 0.040283 0.290771 0.000732
v 0.031982 0.291260 0.001221
v 0.034424 0.290771 0.006104
v 0.032959 0.290771 0.006104
v 0.035400 0.295166 0.006104
v 0.034424 0.295166 0.000732
v 0.032959 0.295166 0.000732
v 0.031982 0.295166 0.006104
v 0.039307 0.288330 0.051514
v 0.039307 0.290283 0.056885
v 0.039307 0.294678 0.059326
v 0.033936 0.290283 0.051025
v 0.031982 0.290283 0.051025
v 0.034424 0.294678 0.051025
v 0.031494 0.294678 0.051025
v 0.031494 0.290771 0.055908
v 0.033936 0.294678 0.056885
v 0.031982 0.294678 0.056885
v 0.027100 0.288330 0.006104
v 0.027588 0.290283 0.000244
v 0.026611 0.288330 0.051025
v 0.026611 0.290283 0.056885
v 0.026123 0.294678 0.059326
v 0.037842 0.294189 0.113525
v 0.032959 0.294678 0.114014
v 0.037354 0.292236 0.118896
v 0.031982 0.294189 0.118896
v 0.037354 0.299072 0.111084
v 0.031982 0.298584 0.113525
v 0.031982 0.298584 0.118896
v 0.029053 0.294678 0.114014
v 0.024658 0.293701 0.113037
v 0.024170 0.291748 0.118896
v 0.030029 0.294189 0.118896
v 0.030029 0.298584 0.113037
v 0.024170 0.298584 0.110596
v 0.029541 0.298584 0.118896
v 0.110596 0.328369 0.001709
v 0.113037 0.328369 0.007568
v 0.111084 0.331299 0.005615
v 0.109619 0.332275 0.002686
v 0.110596 0.332764 0.007568
v 0.113037 0.335693 0.005615
v 0.105713 0.329346 0.005615
v 0.105225 0.332764 0.001709
v 0.104736 0.334717 0.007568
v 0.109619 0.326416 0.056396
v 0.110107 0.327881 0.058350
v 0.111572 0.326416 0.060791
v 0.104736 0.326416 0.053955
v 0.112549 0.328369 0.052490
v 0.110596 0.330811 0.052002
v 0.110107 0.332764 0.052490
v 0.113037 0.335693 0.052002
v 0.109619 0.333252 0.057861
v 0.110596 0.335205 0.057861
v 0.105225 0.328857 0.052002
v 0.104248 0.334229 0.052490
v 0.109131 0.330322 0.057861
v 0.109131 0.330322 0.060791
v 0.104736 0.330322 0.056885
v 0.104736 0.328369 0.060303
v 0.109131 0.332275 0.056885
v 0.105225 0.332764 0.055908
v 0.104248 0.332764 0.058350
v 0.104736 0.335205 0.060303
v 0.110107 0.367432 0.000244
v 0.112549 0.367432 0.005615
v 0.110107 0.371826 0.005615
v 0.104736 0.373779 0.005615
v 0.112061 0.367432 0.052002
v 0.109619 0.371826 0.052002
v 0.109619 0.367432 0.057861
v 0.104248 0.373291 0.052002
v 0.108643 0.367920 0.057861
v 0.108643 0.370850 0.056885
v 0.108154 0.370850 0.058838
v 0.104248 0.367920 0.055908
v 0.104248 0.367920 0.059814
v 0.103760 0.371338 0.057861
v 0.104736 0.327881 0.062744
v 0.109619 0.329834 0.062744
v 0.111572 0.333252 0.062744
v 0.110596 0.326416 0.109131
v 0.108643 0.326416 0.113525
v 0.103760 0.326416 0.115479
v 0.111084 0.333252 0.108643
v 0.110596 0.334717 0.120361
v 0.110107 0.339600 0.120361
v 0.108643 0.330322 0.109131
v 0.104248 0.328369 0.109131
v 0.109131 0.329346 0.110596
v 0.106689 0.330811 0.112549
v 0.104248 0.328857 0.114014
v 0.102783 0.330322 0.114502
v 0.108643 0.333252 0.113525
v 0.108154 0.334717 0.114502
v 0.102783 0.334717 0.112061
v 0.103760 0.334717 0.115479
v 0.108154 0.330322 0.120361
v 0.102783 0.328369 0.120361
v 0.108154 0.339600 0.114990
v 0.102783 0.339600 0.112061
v 0.107178 0.343506 0.115479
v 0.110596 0.367920 0.062744
v 0.108643 0.371338 0.062744
v 0.103760 0.372803 0.062744
v 0.116943 0.352295 0.108154
v 0.102295 0.343994 0.114502
v 0.107666 0.343994 0.120361
v 0.102295 0.345947 0.120361
v 0.110107 0.367920 0.108643
v 0.109619 0.364502 0.120361
v 0.107666 0.371338 0.108643
v 0.103271 0.372803 0.108643
v 0.107178 0.364502 0.114990
v 0.101807 0.364502 0.112061
v 0.107178 0.370850 0.112549
v 0.108154 0.367920 0.113525
v 0.106201 0.368408 0.115479
v 0.103271 0.367920 0.115479
v 0.101807 0.369385 0.114502
v 0.103271 0.371338 0.113037
v 0.107178 0.368896 0.120361
v 0.101807 0.370850 0.120361
v 0.033936 0.326904 0.000732
v 0.031982 0.326904 0.000732
v 0.034424 0.326904 0.006592
v 0.031494 0.326904 0.006592
v 0.039307 0.331299 0.000732
v 0.039307 0.333252 0.006592
v 0.031494 0.330811 0.001709
v 0.033936 0.331299 0.006592
v 0.031982 0.331299 0.006592
v 0.033447 0.326416 0.051514
v 0.038330 0.326904 0.059814
v 0.032959 0.326416 0.056885
v 0.032959 0.331299 0.051514
v 0.038330 0.333252 0.051514
v 0.038330 0.331299 0.057373
v 0.026611 0.331299 0.000732
v 0.026123 0.333252 0.006104
v 0.031006 0.326416 0.056885
v 0.025635 0.326416 0.059326
v 0.031006 0.331299 0.051514
v 0.025635 0.332764 0.051514
v 0.025635 0.330811 0.056885
v 0.036865 0.338135 0.111084
v 0.036377 0.342529 0.113525
v 0.031494 0.342041 0.114502
v 0.029053 0.337646 0.113525
v 0.031006 0.338135 0.113525
v 0.023682 0.337646 0.110596
v 0.028076 0.341553 0.114502
v 0.031006 0.337646 0.119385
v 0.028564 0.337646 0.119385
v 0.031006 0.342529 0.119385
v 0.028564 0.342529 0.119385
v 0.023193 0.342529 0.113037
v 0.036377 0.344482 0.119385
v 0.023193 0.344482 0.118896
v 0.092529 0.253662 0.187256
v 0.086670 0.252197 0.181885
v 0.082764 0.254150 0.176514
v 0.085693 0.253174 0.180420
v 0.080811 0.258545 0.179443
v 0.082275 0.259033 0.184814
v 0.111572 0.292236 0.172607
v 0.114014 0.296631 0.172607
v 0.108154 0.295654 0.160889
v 0.102783 0.293701 0.160889
v 0.106201 0.292236 0.166748
v 0.107178 0.296143 0.165771
v 0.102783 0.295166 0.166748
v 0.110596 0.300049 0.161377
v 0.111572 0.297119 0.166748
v 0.107178 0.297119 0.164307
v 0.108154 0.300049 0.166748
v 0.102295 0.300049 0.169189
v 0.091553 0.291260 0.185303
v 0.064697 0.292725 0.167725
v 0.068604 0.296143 0.164795
v 0.063721 0.296143 0.166260
v 0.068604 0.290283 0.172119
v 0.086182 0.297119 0.187256
v 0.087646 0.302979 0.186768
v 0.096924 0.253174 0.190186
v 0.093994 0.253174 0.188232
v 0.095459 0.254150 0.189697
v 0.099365 0.259521 0.193604
v 0.091553 0.260010 0.194092
v 0.110596 0.292725 0.203857
v 0.112061 0.293213 0.208740
v 0.111084 0.292236 0.213135
v 0.113525 0.296631 0.213135
v 0.111084 0.296143 0.218506
v 0.099854 0.291748 0.191650
v 0.105713 0.289795 0.213135
v 0.105713 0.291748 0.218506
v 0.108154 0.295166 0.215088
v 0.105225 0.293701 0.217041
v 0.095459 0.303467 0.191162
v 0.096924 0.298584 0.196533
v 0.107178 0.299072 0.208740
v 0.101807 0.300537 0.213135
v 0.098877 0.300049 0.207275
v 0.099365 0.299072 0.211182
v 0.107178 0.304932 0.203857
v 0.109131 0.305420 0.208740
v 0.105713 0.305420 0.215088
v 0.109619 0.289795 0.219971
v 0.110107 0.289307 0.224854
v 0.110596 0.293701 0.218994
v 0.112549 0.294189 0.224365
v 0.104736 0.287354 0.225342
v 0.105225 0.289307 0.219482
v 0.105225 0.296143 0.220947
v 0.086182 0.296631 0.201416
v 0.081299 0.296631 0.192139
v 0.091553 0.297607 0.196045
v 0.083252 0.298096 0.189697
v 0.078857 0.297119 0.194092
v 0.093506 0.301514 0.203369
v 0.062256 0.291260 0.172119
v 0.036865 0.292236 0.159912
v 0.036377 0.294189 0.165771
v 0.031982 0.294678 0.164795
v 0.031494 0.298584 0.159912
v 0.036377 0.298584 0.168213
v 0.023682 0.291748 0.159912
v 0.031006 0.294189 0.159912
v 0.029053 0.293701 0.159912
v 0.028564 0.294678 0.164795
v 0.023682 0.293701 0.165283
v 0.028564 0.298584 0.159912
v 0.031006 0.298584 0.165771
v 0.029053 0.298584 0.165283
v 0.023682 0.298096 0.167725
v 0.036377 0.259521 0.246826
v 0.060791 0.289795 0.213623
v 0.054443 0.290771 0.213623
v 0.058838 0.295166 0.220947
v 0.053955 0.295166 0.219482
v 0.041748 0.288818 0.223389
v 0.041748 0.286865 0.229248
v 0.041748 0.293701 0.221436
v 0.037354 0.289795 0.224854
v 0.033936 0.290283 0.225342
v 0.036377 0.293701 0.224365
v 0.034424 0.294189 0.224365
v 0.036377 0.289307 0.229736
v 0.034424 0.289795 0.230225
v 0.036865 0.294678 0.230225
v 0.033936 0.293701 0.229736
v 0.049561 0.303955 0.246826
v 0.038330 0.301025 0.234131
v 0.042236 0.303467 0.239502
v 0.046631 0.303955 0.249756
v 0.039307 0.303467 0.242432
v 0.036865 0.297607 0.238525
v 0.038818 0.298096 0.244385
v 0.035400 0.304932 0.238037
v 0.033936 0.307861 0.240479
v 0.035400 0.308838 0.245850
v 0.029053 0.287842 0.229736
v 0.029053 0.289795 0.224365
v 0.029053 0.294189 0.221924
v 0.109619 0.334717 0.161377
v 0.110596 0.328369 0.167236
v 0.109619 0.339600 0.161377
v 0.113037 0.328369 0.172607
v 0.110596 0.333252 0.172607
v 0.107178 0.330322 0.161377
v 0.101807 0.328369 0.161377
v 0.106201 0.328369 0.164307
v 0.101807 0.330322 0.166748
v 0.107178 0.334717 0.166748
v 0.105225 0.333252 0.167236
v 0.101318 0.334717 0.169189
v 0.107178 0.339600 0.167236
v 0.101807 0.339600 0.169189
v 0.106201 0.343506 0.166260
v 0.103760 0.341064 0.168213
v 0.105225 0.334717 0.172607
v 0.103760 0.339111 0.173584
v 0.109131 0.341553 0.174072
v 0.096436 0.343506 0.184814
v 0.095459 0.342529 0.185303
v 0.067627 0.327881 0.165283
v 0.062744 0.327393 0.166260
v 0.081787 0.340088 0.171143
v 0.092529 0.342529 0.182861
v 0.093506 0.343018 0.182373
v 0.079834 0.336670 0.175049
v 0.085693 0.342041 0.175049
v 0.085693 0.342041 0.176025
v 0.081787 0.337158 0.180908
v 0.063721 0.330811 0.167725
v 0.067627 0.333740 0.172607
v 0.070557 0.338623 0.172607
v 0.064209 0.339111 0.172607
v 0.111572 0.345947 0.174072
v 0.107178 0.343994 0.161377
v 0.101807 0.345947 0.161377
v 0.109131 0.345947 0.168213
v 0.104736 0.345459 0.165771
v 0.101807 0.343994 0.167236
v 0.095459 0.357178 0.185791
v 0.108643 0.364502 0.161377
v 0.106201 0.364502 0.167236
v 0.100830 0.364502 0.169678
v 0.106201 0.368896 0.161377
v 0.105713 0.368408 0.166260
v 0.100830 0.370850 0.161377
v 0.100830 0.368896 0.167236
v 0.081299 0.346924 0.174072
v 0.082764 0.347900 0.179443
v 0.087646 0.356201 0.180908
v 0.070557 0.344482 0.165771
v 0.065186 0.344482 0.166748
v 0.082275 0.362061 0.183350
v 0.091064 0.368896 0.184814
v 0.082764 0.368408 0.180908
v 0.077393 0.363037 0.185303
v 0.112549 0.328369 0.213135
v 0.110107 0.332764 0.213135
v 0.098877 0.337646 0.189697
v 0.104736 0.334717 0.213623
v 0.103271 0.339111 0.214111
v 0.108643 0.341064 0.214111
v 0.102783 0.343018 0.218018
v 0.110107 0.328369 0.218994
v 0.110107 0.343506 0.225342
v 0.104736 0.328369 0.221436
v 0.104736 0.332764 0.218994
v 0.108154 0.343018 0.219971
v 0.103271 0.341064 0.219482
v 0.090576 0.337646 0.190186
v 0.062744 0.338135 0.214111
v 0.111084 0.345459 0.214111
v 0.099854 0.348877 0.187744
v 0.106689 0.358154 0.197998
v 0.109131 0.358643 0.202881
v 0.106689 0.351318 0.218506
v 0.101318 0.350830 0.216553
v 0.102783 0.364502 0.201904
v 0.098389 0.364990 0.199463
v 0.101807 0.369873 0.194092
v 0.105225 0.370850 0.199463
v 0.105225 0.360596 0.208740
v 0.101318 0.366455 0.205322
v 0.098877 0.365479 0.203857
v 0.101318 0.364990 0.208252
v 0.105713 0.370361 0.203857
v 0.106201 0.373291 0.218506
v 0.100830 0.372803 0.216553
v 0.108643 0.345459 0.219482
v 0.106201 0.347412 0.219482
v 0.107178 0.347412 0.220947
v 0.106201 0.346924 0.224365
v 0.103271 0.345459 0.221924
v 0.107666 0.348389 0.225830
v 0.108643 0.351318 0.223877
v 0.102295 0.347900 0.220459
v 0.101807 0.350342 0.226318
v 0.101318 0.346436 0.218994
v 0.100830 0.344482 0.224854
v 0.108154 0.372803 0.224365
v 0.092041 0.348877 0.188232
v 0.091064 0.363525 0.188721
v 0.087158 0.363525 0.189209
v 0.090576 0.363037 0.199951
v 0.087646 0.365479 0.195557
v 0.080322 0.362061 0.194092
v 0.085205 0.364990 0.192139
v 0.073975 0.362549 0.188721
v 0.061279 0.332275 0.172119
v 0.035400 0.338135 0.168213
v 0.035400 0.342529 0.165771
v 0.030518 0.337646 0.159912
v 0.027588 0.337646 0.159912
v 0.030029 0.342529 0.159912
v 0.028076 0.342529 0.159912
v 0.028076 0.337646 0.165771
v 0.030029 0.338135 0.165771
v 0.030518 0.342041 0.164795
v 0.027100 0.341553 0.164795
v 0.022705 0.337646 0.168213
v 0.022705 0.342041 0.165771
v 0.035400 0.344482 0.160400
v 0.022705 0.343994 0.159912
v 0.059814 0.333252 0.214111
v 0.053467 0.332275 0.214111
v 0.056396 0.339111 0.214111
v 0.058350 0.327393 0.220947
v 0.053467 0.327393 0.219971
v 0.049072 0.343506 0.229736
v 0.040283 0.340088 0.225830
v 0.040771 0.339600 0.230713
v 0.035400 0.339600 0.224854
v 0.035400 0.337646 0.230713
v 0.037842 0.339111 0.237549
v 0.060791 0.343994 0.221436
v 0.055908 0.343994 0.219971
v 0.049072 0.344971 0.224365
v 0.048584 0.349365 0.221924
v 0.040771 0.343994 0.225342
v 0.043213 0.349365 0.224854
v 0.043213 0.344971 0.230225
v 0.043213 0.343994 0.230713
v 0.040771 0.349854 0.230713
v 0.035400 0.343994 0.222900
v 0.033447 0.344971 0.224854
v 0.032471 0.348877 0.225830
v 0.032959 0.344971 0.230713
v 0.032959 0.349365 0.230225
v 0.034912 0.349365 0.230713
v 0.031982 0.344971 0.238525
v 0.033447 0.346924 0.246338
v 0.031494 0.346436 0.246826
v 0.040771 0.353271 0.241455
v 0.033447 0.352783 0.237549
v 0.048096 0.370850 0.222412
v 0.049561 0.368896 0.243896
v 0.049561 0.368408 0.245850
v 0.052979 0.373779 0.246826
v 0.034424 0.365479 0.232178
v 0.042725 0.370361 0.225342
v 0.040283 0.369873 0.225342
v 0.039307 0.373779 0.226318
v 0.042236 0.369873 0.231201
v 0.040283 0.369873 0.231201
v 0.042236 0.374756 0.230713
v 0.039795 0.374268 0.231201
v 0.034424 0.369385 0.222900
v 0.034424 0.374268 0.225342
v 0.033936 0.368896 0.231689
v 0.032471 0.372314 0.233154
v 0.032959 0.362549 0.235596
v 0.034912 0.363037 0.240967
v 0.046143 0.368408 0.241943
v 0.046143 0.368408 0.243408
v 0.045166 0.373779 0.247803
v 0.038330 0.367920 0.235596
v 0.038330 0.367432 0.236572
v 0.034424 0.372803 0.239502
v 0.027588 0.344971 0.222412
v 0.027588 0.349365 0.224854
v 0.027588 0.351318 0.230225
v 0.028564 0.345947 0.240479
v 0.027588 0.347900 0.241455
v 0.025146 0.347412 0.243408
v 0.213623 0.379639 0.090088
v 0.210693 0.379639 0.084229
v 0.200928 0.380127 0.074463
v 0.193115 0.380127 0.070557
v 0.210205 0.378174 0.095459
v 0.212158 0.422119 0.091064
v 0.209229 0.422119 0.085205
v 0.205322 0.424561 0.084229
v 0.205811 0.427490 0.090576
v 0.198975 0.422607 0.075439
v 0.199463 0.428955 0.077881
v 0.188232 0.426025 0.069092
v 0.191650 0.422607 0.072021
v 0.188721 0.423584 0.076416
v 0.192627 0.428467 0.072510
v 0.197998 0.424072 0.084229
v 0.202393 0.428955 0.080322
v 0.195557 0.428467 0.079834
v 0.202881 0.428467 0.092041
v 0.193115 0.429443 0.085205
v 0.208740 0.423096 0.096436
v 0.205322 0.426514 0.096436
v 0.155029 0.379150 0.107666
v 0.147705 0.383057 0.107666
v 0.135498 0.378662 0.102783
v 0.130615 0.375244 0.120361
v 0.129150 0.378174 0.123779
v 0.187256 0.423584 0.069580
v 0.187256 0.423096 0.072998
v 0.186279 0.427979 0.075439
v 0.183838 0.428467 0.078369
v 0.148193 0.417725 0.124268
v 0.140381 0.416748 0.120361
v 0.127686 0.421143 0.124756
v 0.135010 0.423096 0.122803
v 0.129150 0.424072 0.121338
v 0.148193 0.377686 0.135010
v 0.140381 0.377686 0.135986
v 0.130615 0.377686 0.127686
v 0.156982 0.418701 0.134033
v 0.160400 0.419189 0.140869
v 0.156982 0.420654 0.146240
v 0.147217 0.421631 0.135986
v 0.139404 0.421143 0.136963
v 0.129639 0.421143 0.128662
v 0.153076 0.424561 0.138428
v 0.143311 0.424072 0.127686
v 0.143799 0.425537 0.132568
v 0.147705 0.426514 0.139404
v 0.153076 0.424561 0.144775
v 0.133057 0.424072 0.125244
v 0.140381 0.426025 0.130615
v 0.139893 0.426025 0.132080
v 0.133545 0.426025 0.125244
v 0.123291 0.382080 0.107666
v 0.116455 0.378174 0.107666
v 0.110596 0.378174 0.174072
v 0.108643 0.377686 0.168701
v 0.103760 0.377686 0.165771
v 0.102783 0.382568 0.168701
v 0.108154 0.382568 0.174072
v 0.102783 0.384521 0.173584
v 0.070068 0.377197 0.168213
v 0.066162 0.375732 0.165771
v 0.065186 0.379150 0.168213
v 0.069092 0.382080 0.173096
v 0.062744 0.380615 0.173096
v 0.096436 0.420654 0.183838
v 0.078369 0.419189 0.171631
v 0.088623 0.420166 0.184326
v 0.079346 0.419189 0.176025
v 0.080811 0.423096 0.169189
v 0.089600 0.424561 0.177490
v 0.089111 0.424561 0.178955
v 0.093018 0.424561 0.179932
v 0.083252 0.424072 0.172119
v 0.080811 0.423584 0.175537
v 0.085205 0.430420 0.182373
v 0.075439 0.429443 0.178467
v 0.077881 0.432373 0.187256
v 0.072021 0.430420 0.181885
v 0.110107 0.377686 0.214111
v 0.107666 0.382080 0.214111
v 0.102295 0.384033 0.214600
v 0.107666 0.377686 0.219971
v 0.105713 0.377197 0.224365
v 0.105225 0.377197 0.219971
v 0.102295 0.377686 0.222412
v 0.106689 0.381592 0.218994
v 0.102295 0.382080 0.219971
v 0.100342 0.377686 0.219482
v 0.099854 0.379150 0.225342
v 0.103760 0.425537 0.194092
v 0.103760 0.427002 0.197998
v 0.099854 0.425049 0.188721
v 0.096436 0.430908 0.192139
v 0.099365 0.430908 0.198486
v 0.088623 0.432373 0.192627
v 0.061279 0.381592 0.214600
v 0.055420 0.380615 0.215088
v 0.059814 0.375732 0.221436
v 0.054932 0.375244 0.220459
v 0.056396 0.378662 0.218994
v 0.048096 0.375244 0.224854
v 0.048096 0.376709 0.230225
v 0.034424 0.376221 0.231201
v 0.051025 0.429443 0.242432
v 0.047607 0.432861 0.238525
v 0.052979 0.431885 0.247314
v 0.038818 0.430420 0.232666
v 0.035889 0.432373 0.230713
v 0.031494 0.429932 0.228760
v 0.043213 0.428955 0.243408
v 0.032471 0.427979 0.235107
v 0.043701 0.432861 0.236572
v 0.030029 0.427490 0.228760
v 0.031006 0.429932 0.226807
v 0.025635 0.435303 0.231689
v 0.023193 0.436279 0.233643
v 0.043213 0.438721 0.249756
v 0.029541 0.437744 0.237549
v 0.063721 0.250244 0.280029
v 0.100342 0.287842 0.271240
v 0.105713 0.289795 0.271729
v 0.108154 0.295166 0.272217
v 0.104736 0.290771 0.277100
v 0.105713 0.293701 0.276123
v 0.105225 0.294678 0.277588
v 0.100830 0.289307 0.276123
v 0.099854 0.289795 0.277100
v 0.100342 0.293701 0.273682
v 0.100830 0.293701 0.279053
v 0.099854 0.287354 0.281494
v 0.105225 0.289307 0.281982
v 0.107666 0.293701 0.281982
v 0.064697 0.291748 0.276611
v 0.100830 0.287842 0.324951
v 0.101318 0.287354 0.326416
v 0.095947 0.285889 0.325439
v 0.096436 0.286865 0.325928
v 0.101807 0.291260 0.325439
v 0.103271 0.292236 0.324951
v 0.096436 0.291260 0.323486
v 0.101807 0.286865 0.331299
v 0.096436 0.284424 0.331787
v 0.099854 0.288330 0.329834
v 0.094971 0.287354 0.330322
v 0.104248 0.291260 0.331299
v 0.100342 0.291748 0.330811
v 0.094482 0.291748 0.332764
v 0.068115 0.285889 0.324463
v 0.067627 0.290771 0.331299
v 0.062744 0.290771 0.330322
v 0.048584 0.253662 0.261475
v 0.059326 0.254639 0.273193
v 0.058350 0.255127 0.280029
v 0.055420 0.257568 0.277588
v 0.051025 0.256592 0.274170
v 0.049072 0.255615 0.275146
v 0.058838 0.262939 0.272705
v 0.061279 0.263428 0.278076
v 0.054443 0.258057 0.281006
v 0.039307 0.253662 0.256104
v 0.037842 0.251709 0.250732
v 0.034912 0.252686 0.253174
v 0.033447 0.252686 0.258545
v 0.045166 0.260010 0.253662
v 0.042236 0.256104 0.266357
v 0.060791 0.263916 0.281494
v 0.027588 0.253662 0.253174
v 0.030518 0.254150 0.250732
v 0.015869 0.259521 0.310303
v 0.016846 0.262451 0.308838
v 0.001221 0.260010 0.296631
v 0.011963 0.261475 0.306885
v 0.009521 0.260010 0.307861
v 0.001709 0.259033 0.301025
v 0.019775 0.267334 0.311279
v 0.010498 0.267822 0.311768
v 0.057861 0.289795 0.277100
v 0.041260 0.286865 0.267822
v 0.041260 0.288818 0.273193
v 0.040771 0.293213 0.275635
v 0.035889 0.289307 0.267334
v 0.036377 0.289795 0.272217
v 0.033936 0.289795 0.267334
v 0.032959 0.290283 0.272217
v 0.036377 0.294189 0.267334
v 0.033447 0.293701 0.267334
v 0.033936 0.294189 0.273193
v 0.055908 0.299561 0.253662
v 0.048096 0.299561 0.254150
v 0.053467 0.303467 0.250244
v 0.053467 0.309326 0.255127
v 0.045654 0.309814 0.255615
v 0.061279 0.287842 0.281494
v 0.058350 0.288330 0.281494
v 0.028564 0.287354 0.267334
v 0.028564 0.289307 0.273193
v 0.028076 0.294189 0.275635
v 0.019287 0.255127 0.313721
v 0.008057 0.255615 0.314697
v 0.061768 0.286377 0.324463
v 0.041260 0.288818 0.326904
v 0.041748 0.284424 0.329346
v 0.041748 0.282471 0.334717
v 0.040771 0.284912 0.334229
v 0.041260 0.288818 0.333252
v 0.041748 0.283936 0.339111
v 0.043701 0.288330 0.339111
v 0.036865 0.284912 0.330322
v 0.035889 0.283936 0.333252
v 0.035889 0.288818 0.329346
v 0.035889 0.288818 0.330811
v 0.033447 0.288330 0.335205
v 0.036377 0.281982 0.338623
v 0.104736 0.319580 0.276611
v 0.100830 0.319580 0.274658
v 0.100830 0.320068 0.280029
v 0.099365 0.323975 0.276611
v 0.099365 0.323975 0.279541
v 0.099365 0.327881 0.277588
v 0.102783 0.328369 0.279541
v 0.106689 0.319580 0.282471
v 0.104248 0.323486 0.282471
v 0.102783 0.323486 0.284912
v 0.105225 0.327881 0.284912
v 0.098389 0.325439 0.282471
v 0.063232 0.319092 0.273193
v 0.063721 0.324463 0.280029
v 0.105713 0.345947 0.273193
v 0.102295 0.348389 0.273193
v 0.103271 0.350830 0.273193
v 0.102783 0.346436 0.279053
v 0.101807 0.350830 0.278076
v 0.097412 0.346436 0.273682
v 0.096924 0.346924 0.281006
v 0.101318 0.348877 0.278076
v 0.096436 0.348389 0.278564
v 0.096924 0.351318 0.278564
v 0.104736 0.352783 0.273682
v 0.101807 0.353271 0.279053
v 0.097412 0.352783 0.272705
v 0.095947 0.352783 0.281006
v 0.103760 0.369385 0.273682
v 0.101807 0.367432 0.280029
v 0.101318 0.368896 0.279541
v 0.097900 0.367432 0.278076
v 0.101318 0.373779 0.273682
v 0.100342 0.372803 0.278564
v 0.100830 0.371338 0.281006
v 0.096436 0.374756 0.274658
v 0.096436 0.371826 0.280029
v 0.103760 0.367432 0.285400
v 0.095459 0.368896 0.281494
v 0.101318 0.371826 0.285400
v 0.095947 0.373779 0.285400
v 0.102295 0.317139 0.325439
v 0.101318 0.317139 0.325928
v 0.097412 0.317139 0.323975
v 0.095459 0.319580 0.321045
v 0.103271 0.325928 0.321045
v 0.100830 0.321533 0.321045
v 0.099854 0.321533 0.326416
v 0.096436 0.321533 0.326416
v 0.095459 0.321045 0.326416
v 0.100830 0.325928 0.326904
v 0.095947 0.324951 0.326416
v 0.103271 0.317139 0.331299
v 0.099365 0.316650 0.331299
v 0.093994 0.316650 0.333252
v 0.100830 0.321533 0.331787
v 0.098877 0.320557 0.330322
v 0.095947 0.322998 0.331787
v 0.101318 0.324951 0.331299
v 0.101318 0.329834 0.325928
v 0.095947 0.329834 0.323975
v 0.103271 0.329834 0.331299
v 0.093506 0.321045 0.330811
v 0.067139 0.322510 0.324951
v 0.067139 0.316650 0.331787
v 0.064209 0.328369 0.322998
v 0.064209 0.328857 0.327393
v 0.065186 0.332764 0.328369
v 0.063232 0.332275 0.329834
v 0.101807 0.365479 0.322021
v 0.099854 0.362549 0.326904
v 0.094482 0.362549 0.325439
v 0.099365 0.364990 0.327393
v 0.093994 0.366943 0.327881
v 0.099365 0.369385 0.322021
v 0.098389 0.368896 0.326416
v 0.093994 0.369385 0.327393
v 0.093994 0.371338 0.322021
v 0.101807 0.362549 0.332275
v 0.098389 0.366455 0.328369
v 0.098877 0.366943 0.332764
v 0.093506 0.368896 0.333740
v 0.067627 0.369385 0.322998
v 0.067627 0.368408 0.326904
v 0.064209 0.368896 0.327881
v 0.063721 0.371338 0.322510
v 0.068115 0.364990 0.328369
v 0.064209 0.364502 0.329834
v 0.057861 0.319092 0.274170
v 0.057861 0.323486 0.280029
v 0.054443 0.326904 0.278076
v 0.048584 0.340576 0.250732
v 0.058838 0.333740 0.273193
v 0.055908 0.333252 0.271729
v 0.060303 0.330322 0.276611
v 0.055908 0.328857 0.273682
v 0.058350 0.341553 0.265869
v 0.062256 0.342529 0.274658
v 0.061768 0.343018 0.278076
v 0.040771 0.339111 0.268311
v 0.039795 0.339600 0.272705
v 0.040283 0.343506 0.273682
v 0.034912 0.337158 0.268311
v 0.034912 0.339111 0.273682
v 0.034912 0.343506 0.276123
v 0.001709 0.312744 0.301025
v 0.004150 0.314209 0.305908
v 0.000732 0.326904 0.300049
v 0.002686 0.326904 0.305420
v 0.048096 0.349365 0.257568
v 0.049072 0.350342 0.262451
v 0.054932 0.355225 0.256592
v 0.055908 0.355713 0.261475
v 0.048584 0.343994 0.268799
v 0.049561 0.349854 0.269775
v 0.048584 0.345947 0.274170
v 0.054443 0.348877 0.276123
v 0.048096 0.350342 0.276611
v 0.045654 0.348389 0.259521
v 0.043213 0.345947 0.268311
v 0.042725 0.343994 0.268311
v 0.040771 0.350342 0.267822
v 0.039795 0.344971 0.276123
v 0.039795 0.349365 0.274170
v 0.042725 0.350342 0.273682
v 0.032471 0.344971 0.267822
v 0.034424 0.349365 0.267822
v 0.032471 0.349365 0.267822
v 0.031982 0.348877 0.272705
v 0.034424 0.344971 0.273682
v 0.032471 0.344482 0.273682
v 0.052979 0.364502 0.250244
v 0.058838 0.367432 0.273193
v 0.055420 0.367432 0.271729
v 0.058838 0.371338 0.274658
v 0.059814 0.371826 0.279053
v 0.054932 0.371826 0.273682
v 0.055908 0.373291 0.278564
v 0.047607 0.369385 0.277100
v 0.047607 0.373779 0.274658
v 0.045166 0.364502 0.250732
v 0.042236 0.369385 0.268311
v 0.039795 0.369385 0.268311
v 0.042236 0.374268 0.268311
v 0.039795 0.373779 0.268311
v 0.042725 0.373291 0.273193
v 0.042236 0.369385 0.274170
v 0.039795 0.369385 0.274170
v 0.038818 0.373291 0.273193
v 0.033936 0.369385 0.276611
v 0.033936 0.373779 0.274170
v 0.027100 0.351318 0.267822
v 0.027100 0.344482 0.275635
v 0.027100 0.349365 0.273682
v 0.016846 0.359131 0.296631
v 0.019287 0.347900 0.303955
v 0.015869 0.352295 0.300049
v 0.000244 0.350830 0.284912
v 0.013428 0.354248 0.295166
v 0.009521 0.347900 0.303955
v 0.010986 0.352295 0.297119
v 0.006592 0.359131 0.298096
v 0.061279 0.321533 0.324951
v 0.062256 0.327881 0.327881
v 0.062256 0.316650 0.330811
v 0.061768 0.320068 0.329346
v 0.047119 0.322021 0.333252
v 0.047119 0.326416 0.330811
v 0.040771 0.315186 0.327393
v 0.039307 0.313721 0.333740
v 0.040283 0.319580 0.329834
v 0.041260 0.313232 0.339600
v 0.046631 0.320068 0.338623
v 0.033447 0.313721 0.331299
v 0.034912 0.314697 0.329834
v 0.032471 0.314697 0.335693
v 0.035889 0.318604 0.330811
v 0.037842 0.317139 0.334717
v 0.032959 0.318115 0.333740
v 0.038818 0.317627 0.339600
v 0.032959 0.319580 0.339111
v 0.040283 0.321045 0.335205
v 0.041748 0.322510 0.334717
v 0.041260 0.325928 0.334229
v 0.040771 0.322021 0.339600
v 0.039307 0.325928 0.340088
v 0.035889 0.324463 0.339600
v 0.035889 0.328857 0.334229
v 0.038330 0.328857 0.340088
v 0.030518 0.324463 0.333740
v 0.030518 0.322510 0.339111
v 0.000732 0.317139 0.319092
v 0.030518 0.328857 0.331299
v 0.047119 0.360596 0.332275
v 0.041260 0.360107 0.335205
v 0.046631 0.364990 0.334717
v 0.039307 0.360107 0.341064
v 0.046631 0.366455 0.340088
v 0.042236 0.364014 0.336182
v 0.041260 0.364502 0.341064
v 0.034912 0.360596 0.335205
v 0.037354 0.360107 0.341064
v 0.033936 0.364014 0.336182
v 0.034912 0.364502 0.341064
v 0.029541 0.360596 0.332275
v 0.029053 0.364990 0.334717
v 0.029053 0.366455 0.340576
v 0.108154 0.277100 0.389404
v 0.107178 0.275635 0.416748
v 0.106689 0.281006 0.423096
v 0.114014 0.282959 0.389893
v 0.108154 0.282959 0.384033
v 0.099365 0.283936 0.380127
v 0.093994 0.281982 0.380127
v 0.101318 0.288330 0.380615
v 0.098877 0.288330 0.385986
v 0.113037 0.281494 0.417236
v 0.093506 0.283936 0.385986
v 0.093506 0.287842 0.388428
v 0.085693 0.292725 0.420654
v 0.092041 0.299072 0.421143
v 0.083252 0.293701 0.486572
v 0.089600 0.300049 0.487549
v 0.079834 0.297119 0.492432
v 0.085205 0.303467 0.492920
v 0.041748 0.281006 0.377686
v 0.041748 0.282959 0.377197
v 0.040771 0.283447 0.382080
v 0.043701 0.287354 0.377197
v 0.041748 0.282471 0.383057
v 0.041260 0.286865 0.383057
v 0.041260 0.286865 0.385498
v 0.036377 0.281494 0.377197
v 0.036377 0.282959 0.382568
v 0.033447 0.286865 0.377197
v 0.035400 0.286865 0.385498
v 0.041260 0.311768 0.377686
v 0.039307 0.311768 0.383057
v 0.040283 0.312256 0.385986
v 0.034912 0.312256 0.383545
v 0.033447 0.311768 0.385498
v 0.056885 0.309814 0.450928
v 0.055420 0.310791 0.489014
v 0.059814 0.305420 0.494873
v 0.022705 0.309326 0.450439
v 0.002686 0.295654 0.492432
v 0.021240 0.304443 0.494873
v 0.024658 0.309814 0.489014
v 0.012451 0.311768 0.495361
v 0.100830 0.313721 0.381104
v 0.098389 0.318115 0.381104
v 0.097900 0.313721 0.386475
v 0.097412 0.317139 0.385986
v 0.098389 0.322021 0.381104
v 0.100342 0.326904 0.381592
v 0.097412 0.322510 0.385986
v 0.097900 0.326416 0.386963
v 0.093018 0.320068 0.380615
v 0.092529 0.313232 0.388916
v 0.092529 0.317627 0.386475
v 0.092529 0.321533 0.386475
v 0.092041 0.325928 0.388916
v 0.096436 0.359131 0.387939
v 0.098877 0.359619 0.382568
v 0.096436 0.364014 0.382568
v 0.095459 0.363037 0.387451
v 0.090576 0.359131 0.390381
v 0.078369 0.356201 0.395264
v 0.078369 0.354248 0.401123
v 0.091064 0.365967 0.382568
v 0.090576 0.363525 0.387939
v 0.087646 0.357178 0.423584
v 0.080322 0.363037 0.424072
v 0.062744 0.316650 0.451416
v 0.067627 0.313232 0.495361
v 0.085205 0.359131 0.494385
v 0.081299 0.355713 0.499756
v 0.065186 0.344971 0.498779
v 0.074951 0.361572 0.499756
v 0.077881 0.364990 0.494873
v 0.045166 0.318604 0.378662
v 0.040283 0.318604 0.378174
v 0.044678 0.320068 0.384521
v 0.040283 0.316650 0.384033
v 0.038818 0.316162 0.377686
v 0.037842 0.315674 0.382568
v 0.035400 0.316162 0.382568
v 0.032471 0.312744 0.377686
v 0.034912 0.317139 0.378174
v 0.032959 0.318115 0.377686
v 0.032959 0.316162 0.383545
v 0.039307 0.320557 0.378662
v 0.039795 0.321045 0.383057
v 0.044678 0.324463 0.386963
v 0.039307 0.324463 0.384033
v 0.035889 0.322998 0.378662
v 0.037354 0.324463 0.378662
v 0.037842 0.327393 0.378662
v 0.034912 0.323486 0.383545
v 0.035400 0.327393 0.384521
v 0.030029 0.321045 0.378662
v 0.030029 0.322510 0.384033
v 0.030029 0.326904 0.386475
v 0.044189 0.358643 0.387939
v 0.039307 0.358643 0.385498
v 0.037354 0.359131 0.379639
v 0.034912 0.358643 0.385498
v 0.039307 0.363037 0.380127
v 0.044678 0.364990 0.380615
v 0.044678 0.363037 0.385986
v 0.039795 0.362549 0.385010
v 0.034424 0.363525 0.380127
v 0.033936 0.362549 0.384521
v 0.029053 0.358643 0.387939
v 0.029053 0.365479 0.380127
v 0.029053 0.363525 0.385498
v 0.056396 0.316162 0.444580
v 0.061279 0.338623 0.452881
v 0.054443 0.338623 0.446045
v 0.061768 0.317139 0.489502
v 0.059814 0.340576 0.491943
v 0.021729 0.315186 0.444092
v 0.015381 0.315186 0.450928
v 0.019775 0.337646 0.446045
v 0.013428 0.337646 0.452881
v 0.017334 0.316162 0.489502
v 0.015869 0.339111 0.491455
v 0.010010 0.343506 0.497803
v 0.053955 0.344971 0.453369
v 0.052490 0.346436 0.492432
v 0.056396 0.352295 0.499268
v 0.019775 0.343994 0.452881
v 0.022217 0.345947 0.491943
v 0.017822 0.351318 0.498291
v 0.047607 0.375732 0.269287
v 0.033936 0.375732 0.268311
v 0.000244 0.385010 0.295166
v 0.002686 0.385498 0.300537
v 0.053467 0.432373 0.252686
v 0.014404 0.435791 0.288818
v 0.004150 0.435791 0.290771
v 0.046631 0.437744 0.252197
v 0.010986 0.439697 0.285889
v 0.004639 0.440186 0.283936
v 0.000244 0.441650 0.285889
v 0.002686 0.444092 0.291260
v 0.112061 0.378174 0.393799
v 0.106201 0.378174 0.387939
v 0.105713 0.383545 0.393799
v 0.111084 0.376709 0.422119
v 0.104736 0.376221 0.427979
v 0.104736 0.382080 0.422119
v -0.310791 0.026123 -0.391357
v -0.346924 0.024658 -0.493896
v -0.349365 0.029541 -0.493408
v -0.349365 0.030029 -0.492920
v -0.344971 0.025146 -0.491455
v -0.345947 0.023682 -0.438721
v -0.353271 0.035400 -0.492432
v -0.352783 0.032959 -0.489502
v -0.354248 0.033936 -0.490967
v -0.349365 0.046143 -0.492432
v -0.347900 0.043213 -0.490967
v -0.352295 0.031982 -0.441162
v -0.356689 0.033936 -0.443604
v -0.349365 0.044189 -0.439209
v -0.316162 0.026123 -0.395264
v -0.349854 0.024170 -0.436279
v -0.348389 0.025635 -0.396240
v -0.352783 0.025635 -0.394287
v -0.354736 0.025146 -0.389404
v -0.352783 0.043213 -0.436768
v -0.311768 0.077393 -0.435303
v -0.311768 0.079834 -0.437256
v -0.309814 0.077393 -0.397217
v -0.309326 0.074463 -0.387939
v -0.309814 0.080322 -0.398193
v -0.309326 0.079346 -0.393311
v -0.309814 0.078369 -0.392334
v -0.309814 0.083252 -0.386475
v -0.343506 0.072998 -0.445068
v -0.313232 0.078857 -0.442139
v -0.343506 0.079346 -0.441162
v -0.343018 0.078857 -0.437744
v -0.343994 0.083740 -0.446533
v -0.345459 0.083740 -0.442139
v -0.343506 0.077393 -0.433838
v -0.343018 0.072510 -0.392334
v -0.342529 0.077393 -0.397217
v -0.341553 0.077881 -0.393311
v -0.341064 0.072510 -0.387451
v -0.341553 0.079346 -0.398193
v -0.342529 0.079834 -0.390869
v -0.342041 0.083740 -0.385986
v -0.344971 0.072998 -0.434326
v -0.345947 0.083740 -0.434326
v -0.343994 0.072510 -0.398682
v -0.344971 0.083740 -0.397705
v -0.343994 0.083740 -0.391357
v -0.310791 0.024170 -0.348877
v -0.279053 0.061279 -0.263916
v -0.312744 0.024170 -0.346436
v -0.317627 0.023682 -0.344971
v -0.348389 0.023193 -0.345459
v -0.354736 0.023193 -0.352295
v -0.352783 0.023193 -0.347412
v -0.314697 0.045654 -0.297607
v -0.314697 0.041748 -0.292725
v -0.339111 0.044678 -0.297607
v -0.339111 0.040771 -0.292725
v -0.315674 0.033936 -0.269775
v -0.314209 0.033936 -0.267822
v -0.317627 0.033936 -0.271240
v -0.316162 0.035400 -0.269287
v -0.315674 0.035889 -0.267822
v -0.318115 0.035889 -0.269775
v -0.318115 0.037354 -0.267822
v -0.314697 0.041748 -0.270752
v -0.314697 0.045654 -0.265869
v -0.341064 0.032959 -0.271240
v -0.343018 0.032959 -0.269775
v -0.341064 0.034912 -0.269775
v -0.342529 0.034424 -0.269287
v -0.343018 0.034912 -0.267822
v -0.341064 0.036377 -0.267822
v -0.339111 0.040771 -0.270752
v -0.339111 0.044678 -0.265869
v -0.312744 0.051025 -0.269287
v -0.334717 0.050049 -0.269287
v -0.338135 0.052979 -0.269287
v -0.332275 0.057861 -0.275146
v -0.332275 0.059326 -0.263916
v -0.343994 0.044189 -0.292725
v -0.344482 0.032959 -0.267822
v -0.343994 0.044189 -0.270752
v -0.313721 0.069092 -0.269287
v -0.335205 0.068115 -0.269287
v -0.339111 0.065186 -0.269287
v -0.327393 0.102783 -0.271240
v -0.322510 0.106201 -0.264404
v -0.331299 0.102295 -0.271240
v -0.333740 0.102783 -0.270264
v -0.335205 0.104736 -0.268311
v -0.331787 0.105713 -0.264404
v -0.334717 0.106689 -0.264893
v -0.335205 0.107666 -0.265381
v -0.323975 0.119385 -0.270752
v -0.336182 0.109619 -0.266357
v -0.336182 0.114990 -0.268799
v -0.332275 0.118896 -0.270752
v -0.335205 0.117432 -0.270264
v -0.411865 0.024658 -0.493896
v -0.409424 0.030029 -0.492920
v -0.413818 0.025146 -0.491455
v -0.412354 0.023682 -0.438721
v -0.405518 0.032959 -0.489502
v -0.410400 0.035400 -0.492432
v -0.408936 0.033936 -0.490967
v -0.413818 0.046143 -0.492432
v -0.415283 0.043213 -0.490967
v -0.406494 0.033936 -0.443604
v -0.406494 0.031982 -0.441162
v -0.413818 0.044189 -0.439209
v -0.408936 0.024170 -0.436279
v -0.409912 0.043213 -0.436768
v -0.311768 0.178467 -0.435303
v -0.312256 0.177002 -0.398193
v -0.309814 0.178467 -0.397217
v -0.309814 0.177979 -0.392334
v -0.312256 0.177979 -0.393311
v -0.309814 0.173096 -0.386475
v -0.312256 0.182861 -0.387939
v -0.313232 0.177002 -0.441650
v -0.315186 0.178467 -0.442139
v -0.343506 0.176514 -0.439697
v -0.343994 0.172119 -0.446533
v -0.345459 0.172119 -0.442139
v -0.345947 0.178955 -0.440674
v -0.346436 0.183838 -0.446045
v -0.347900 0.183350 -0.442139
v -0.314209 0.177002 -0.435303
v -0.343506 0.177979 -0.433838
v -0.342041 0.171631 -0.385986
v -0.313721 0.186279 -0.391357
v -0.319092 0.186279 -0.395264
v -0.342529 0.177979 -0.397217
v -0.342529 0.176514 -0.392334
v -0.345947 0.172119 -0.434326
v -0.345947 0.177002 -0.433838
v -0.348389 0.183350 -0.434326
v -0.344971 0.171631 -0.397705
v -0.343994 0.171631 -0.390869
v -0.344971 0.177002 -0.398193
v -0.344971 0.179443 -0.391846
v -0.347412 0.183838 -0.398682
v -0.346436 0.183838 -0.392334
v -0.351318 0.185791 -0.396240
v -0.355713 0.185303 -0.393799
v -0.344482 0.183838 -0.387451
v -0.357666 0.185303 -0.389404
v -0.283447 0.165283 -0.263916
v -0.321045 0.180908 -0.297607
v -0.321045 0.184814 -0.292725
v -0.318115 0.156982 -0.269287
v -0.330322 0.159424 -0.270264
v -0.334229 0.159424 -0.270264
v -0.337158 0.159912 -0.269287
v -0.340088 0.156494 -0.269287
v -0.338135 0.161865 -0.266846
v -0.336182 0.163330 -0.263916
v -0.331299 0.169678 -0.257568
v -0.335205 0.169189 -0.257568
v -0.338623 0.166260 -0.260986
v -0.337646 0.168213 -0.258545
v -0.319092 0.175537 -0.269287
v -0.321045 0.180908 -0.265869
v -0.321045 0.184814 -0.270752
v -0.325928 0.187256 -0.266846
v -0.341064 0.174561 -0.269287
v -0.345459 0.179932 -0.297607
v -0.350342 0.179932 -0.292725
v -0.345947 0.183838 -0.292725
v -0.343994 0.159424 -0.269287
v -0.344482 0.171631 -0.269287
v -0.345459 0.179932 -0.265869
v -0.350342 0.179932 -0.270752
v -0.345947 0.183838 -0.270752
v -0.349365 0.187256 -0.269287
v -0.348877 0.186279 -0.266846
v -0.351318 0.187256 -0.266846
v -0.313721 0.188721 -0.345947
v -0.315674 0.188721 -0.343018
v -0.320557 0.188721 -0.341553
v -0.357666 0.187744 -0.348877
v -0.355713 0.188232 -0.343994
v -0.351318 0.188232 -0.342041
v -0.323975 0.188232 -0.266846
v -0.323975 0.190186 -0.269287
v -0.322510 0.190186 -0.266846
v -0.325928 0.190186 -0.270752
v -0.325928 0.188232 -0.269287
v -0.324463 0.188721 -0.268799
v -0.323486 0.212646 -0.266846
v -0.326904 0.212158 -0.270752
v -0.324951 0.212158 -0.269287
v -0.325439 0.214111 -0.268799
v -0.324951 0.214600 -0.266846
v -0.326904 0.214600 -0.269287
v -0.326904 0.215576 -0.266846
v -0.326904 0.216553 -0.266846
v -0.325439 0.218018 -0.268799
v -0.324951 0.217529 -0.266846
v -0.326904 0.217529 -0.269287
v -0.349365 0.189697 -0.270752
v -0.350830 0.187744 -0.268799
v -0.351318 0.189209 -0.269287
v -0.352783 0.189209 -0.266846
v -0.349854 0.211670 -0.270752
v -0.350342 0.213623 -0.269287
v -0.350342 0.214600 -0.266846
v -0.350342 0.216553 -0.269287
v -0.350342 0.215576 -0.266846
v -0.352295 0.211182 -0.269287
v -0.353760 0.211182 -0.266846
v -0.351807 0.213135 -0.268799
v -0.352295 0.213623 -0.266846
v -0.352295 0.216553 -0.266846
v -0.351807 0.217041 -0.268799
v -0.323486 0.219971 -0.266846
v -0.327393 0.219971 -0.270752
v -0.324951 0.219971 -0.269287
v -0.350342 0.218994 -0.270752
v -0.352295 0.218994 -0.269287
v -0.353760 0.218994 -0.266846
v -0.279053 0.059814 -0.135986
v -0.338623 0.017334 -0.222412
v -0.339111 0.019287 -0.222412
v -0.338135 0.001221 -0.203369
v -0.338135 0.001221 -0.201416
v -0.346436 0.016846 -0.222412
v -0.346436 0.018799 -0.222412
v -0.347900 0.017822 -0.220947
v -0.345947 0.000732 -0.203369
v -0.345947 0.000732 -0.201416
v -0.347412 0.001709 -0.202393
v -0.339600 0.035400 -0.203369
v -0.339600 0.035400 -0.201416
v -0.320557 0.056396 -0.208740
v -0.333252 0.057861 -0.212158
v -0.333252 0.061279 -0.217529
v -0.329346 0.055908 -0.208740
v -0.331787 0.056396 -0.209717
v -0.347412 0.034912 -0.203369
v -0.347412 0.034912 -0.201416
v -0.348877 0.033936 -0.202393
v -0.338623 0.017334 -0.182373
v -0.339111 0.019287 -0.182373
v -0.346436 0.016846 -0.182373
v -0.346436 0.018799 -0.182373
v -0.347900 0.017822 -0.183838
v -0.314209 0.033936 -0.139893
v -0.315674 0.033936 -0.137451
v -0.317627 0.033936 -0.136475
v -0.315674 0.035889 -0.139893
v -0.316162 0.035400 -0.137939
v -0.318115 0.035889 -0.137451
v -0.318115 0.037354 -0.139893
v -0.314209 0.042725 -0.133057
v -0.314697 0.046143 -0.137939
v -0.343018 0.032959 -0.137451
v -0.341064 0.034912 -0.137451
v -0.343018 0.034912 -0.139893
v -0.342529 0.034424 -0.137939
v -0.341064 0.032959 -0.136475
v -0.341064 0.036377 -0.139893
v -0.339111 0.041748 -0.133057
v -0.339111 0.045166 -0.137939
v -0.343506 0.045166 -0.133057
v -0.325439 0.057373 -0.144287
v -0.312744 0.051025 -0.133545
v -0.329346 0.056885 -0.144287
v -0.331787 0.057373 -0.143311
v -0.334717 0.050049 -0.133545
v -0.338135 0.052979 -0.133545
v -0.332275 0.057861 -0.135986
v -0.333252 0.058838 -0.140381
v -0.333252 0.061768 -0.134033
v -0.344482 0.032959 -0.139893
v -0.321045 0.064209 -0.220947
v -0.329834 0.063721 -0.220947
v -0.332275 0.063232 -0.219971
v -0.313721 0.069092 -0.133545
v -0.325928 0.064209 -0.130127
v -0.335205 0.068115 -0.133545
v -0.329834 0.063721 -0.130127
v -0.332275 0.063232 -0.131104
v -0.339111 0.065186 -0.133545
v -0.322510 0.107178 -0.137451
v -0.322510 0.103271 -0.131104
v -0.335205 0.105225 -0.134033
v -0.331787 0.106689 -0.137451
v -0.334717 0.107666 -0.136963
v -0.335205 0.108154 -0.136475
v -0.331299 0.102783 -0.131104
v -0.333740 0.103271 -0.132080
v -0.323486 0.119385 -0.131592
v -0.336182 0.110596 -0.135498
v -0.336182 0.114990 -0.133545
v -0.332275 0.118896 -0.131592
v -0.335205 0.117920 -0.132080
v -0.314209 0.042725 -0.111084
v -0.314697 0.046143 -0.106201
v -0.339111 0.041748 -0.111084
v -0.343506 0.045166 -0.111084
v -0.339111 0.045166 -0.106201
v -0.323975 0.009033 -0.056396
v -0.347412 0.007080 -0.054932
v -0.348389 0.004639 -0.052490
v -0.345947 0.008545 -0.056396
v -0.389404 0.009033 -0.010010
v -0.393311 0.002686 -0.013428
v -0.391357 0.004639 -0.010010
v -0.392334 0.007080 -0.005127
v -0.400146 0.003174 -0.009033
v -0.395264 0.015381 -0.012451
v -0.400635 0.015381 -0.007080
v -0.389893 0.116455 -0.011963
v -0.390381 0.118896 -0.007568
v -0.396729 0.109619 -0.014404
v -0.392334 0.114990 -0.012939
v -0.396240 0.116943 -0.008057
v -0.401611 0.109619 -0.009033
v -0.400146 0.119873 -0.013916
v -0.399170 0.118408 -0.010498
v -0.404053 0.118408 -0.009033
v -0.283447 0.166748 -0.135986
v -0.325928 0.160889 -0.222900
v -0.334229 0.160400 -0.222900
v -0.337158 0.160889 -0.221924
v -0.338623 0.162842 -0.219482
v -0.326416 0.170166 -0.210693
v -0.335205 0.169678 -0.210693
v -0.338623 0.166748 -0.214111
v -0.337646 0.168701 -0.211670
v -0.326416 0.170654 -0.143799
v -0.318115 0.156982 -0.133545
v -0.325928 0.162354 -0.131104
v -0.335205 0.170166 -0.143799
v -0.337646 0.169189 -0.142822
v -0.334717 0.161865 -0.131104
v -0.340088 0.156494 -0.133545
v -0.338623 0.163818 -0.134521
v -0.337158 0.162354 -0.132080
v -0.338623 0.167725 -0.140381
v -0.336182 0.164795 -0.135986
v -0.319092 0.175537 -0.133545
v -0.321045 0.179932 -0.137939
v -0.321045 0.183838 -0.133057
v -0.325928 0.187256 -0.139404
v -0.341064 0.174561 -0.133545
v -0.343994 0.159424 -0.133545
v -0.344482 0.171631 -0.133545
v -0.345459 0.179443 -0.137939
v -0.349854 0.178955 -0.133057
v -0.345947 0.182861 -0.133057
v -0.348877 0.186279 -0.139404
v -0.349365 0.187256 -0.136963
v -0.351318 0.187256 -0.139404
v -0.347412 0.204834 -0.221924
v -0.347412 0.206299 -0.221924
v -0.355225 0.204346 -0.221924
v -0.355225 0.206299 -0.221924
v -0.356689 0.205322 -0.220459
v -0.346924 0.188721 -0.202881
v -0.346924 0.188721 -0.200928
v -0.354248 0.188232 -0.202881
v -0.354248 0.188232 -0.200928
v -0.355713 0.189697 -0.201904
v -0.348389 0.222412 -0.202881
v -0.348389 0.222412 -0.200928
v -0.357178 0.220947 -0.201904
v -0.355713 0.221924 -0.202881
v -0.355713 0.221924 -0.200928
v -0.323975 0.188232 -0.139404
v -0.322510 0.190186 -0.139404
v -0.323975 0.190186 -0.136963
v -0.325928 0.188232 -0.136963
v -0.324463 0.188721 -0.137451
v -0.325928 0.190186 -0.135498
v -0.323486 0.212646 -0.139404
v -0.324951 0.212158 -0.136963
v -0.324951 0.214600 -0.139404
v -0.325439 0.214111 -0.137451
v -0.326904 0.214600 -0.136963
v -0.326904 0.212158 -0.135498
v -0.326904 0.215576 -0.139404
v -0.326904 0.216553 -0.139404
v -0.324951 0.217529 -0.139404
v -0.325439 0.218018 -0.137451
v -0.326904 0.217529 -0.136963
v -0.347412 0.204834 -0.181885
v -0.347412 0.206299 -0.181885
v -0.355225 0.204346 -0.181885
v -0.355225 0.206299 -0.181885
v -0.356689 0.205322 -0.182861
v -0.350830 0.187744 -0.137451
v -0.351318 0.189209 -0.136963
v -0.349365 0.189697 -0.135498
v -0.352783 0.189209 -0.139404
v -0.350342 0.214600 -0.139404
v -0.350342 0.213623 -0.136963
v -0.349854 0.211670 -0.135498
v -0.350342 0.215576 -0.139404
v -0.350342 0.216553 -0.136963
v -0.352295 0.211182 -0.136963
v -0.353760 0.211182 -0.139404
v -0.352295 0.213623 -0.139404
v -0.351807 0.213135 -0.137451
v -0.352295 0.216553 -0.139404
v -0.351807 0.217041 -0.137451
v -0.323486 0.219971 -0.139404
v -0.324951 0.219971 -0.136963
v -0.327393 0.219971 -0.135498
v -0.350342 0.218994 -0.135498
v -0.352295 0.218994 -0.136963
v -0.353760 0.218994 -0.139404
v -0.321045 0.183838 -0.111084
v -0.321045 0.179932 -0.106201
v -0.349854 0.178955 -0.111084
v -0.345947 0.182861 -0.111084
v -0.345459 0.179443 -0.106201
v -0.329346 0.202393 -0.055908
v -0.350830 0.201904 -0.055908
v -0.352783 0.202881 -0.054443
v -0.353760 0.205322 -0.052002
v -0.330322 0.234619 -0.022217
v -0.354736 0.230225 -0.025635
v -0.353760 0.232666 -0.023682
v -0.351807 0.233643 -0.022217
v -0.405518 0.125732 -0.016357
v -0.410889 0.125732 -0.010986
v -0.402100 0.214600 -0.015869
v -0.392334 0.217041 -0.009033
v -0.398193 0.218506 -0.010986
v -0.400146 0.215576 -0.014404
v -0.407471 0.209229 -0.018311
v -0.412842 0.209229 -0.012939
v -0.416260 0.209229 -0.000244
v -0.407959 0.215576 -0.011475
v -0.394287 0.220459 -0.016357
v -0.396240 0.221924 -0.017822
v -0.400146 0.226807 -0.019287
v -0.401611 0.219971 -0.012451
v -0.406006 0.226318 -0.014404
v -0.410889 0.226318 -0.000732
v -0.044189 0.340576 -0.395264
v -0.044678 0.373291 -0.396240
v -0.118408 0.339111 -0.446045
v -0.117432 0.339600 -0.441650
v -0.120850 0.338135 -0.438232
v -0.073975 0.354736 -0.492432
v -0.077881 0.357178 -0.492432
v -0.072510 0.354248 -0.487549
v -0.085205 0.354248 -0.491943
v -0.080811 0.358643 -0.487549
v -0.082275 0.355713 -0.487061
v -0.089111 0.352295 -0.491943
v -0.090576 0.351807 -0.487061
v -0.073975 0.354248 -0.445068
v -0.081299 0.356201 -0.445068
v -0.081787 0.358643 -0.445068
v -0.089600 0.352295 -0.445068
v -0.111572 0.369385 -0.451416
v -0.111572 0.370361 -0.446533
v -0.111572 0.371338 -0.438232
v -0.117920 0.368896 -0.445557
v -0.122803 0.369385 -0.447021
v -0.118408 0.368896 -0.440186
v -0.122803 0.370361 -0.442627
v -0.116455 0.338623 -0.435303
v -0.116455 0.337646 -0.397217
v -0.117432 0.337646 -0.391846
v -0.119385 0.337158 -0.392822
v -0.113037 0.337158 -0.386963
v -0.121338 0.337158 -0.386475
v -0.074951 0.357178 -0.433350
v -0.088623 0.354248 -0.433350
v -0.117432 0.368896 -0.433838
v -0.120850 0.368896 -0.437256
v -0.122803 0.370850 -0.434814
v -0.111572 0.370850 -0.399658
v -0.111084 0.370361 -0.392334
v -0.120361 0.368896 -0.399170
v -0.117432 0.368896 -0.397705
v -0.117432 0.368896 -0.391846
v -0.118896 0.368408 -0.390869
v -0.123291 0.370850 -0.397705
v -0.123291 0.369873 -0.391357
v -0.111084 0.368408 -0.386963
v -0.123291 0.367920 -0.385986
v -0.023193 0.340576 -0.351807
v -0.044189 0.335693 -0.348877
v -0.044189 0.337646 -0.346436
v -0.044189 0.342529 -0.344971
v -0.024170 0.372803 -0.352295
v -0.044678 0.362549 -0.367920
v -0.044678 0.373291 -0.345459
v -0.068604 0.339111 -0.351807
v -0.069580 0.371338 -0.352295
v -0.067627 0.374756 -0.352295
v -0.166748 0.352295 -0.490479
v -0.165283 0.351807 -0.485596
v -0.170654 0.354248 -0.490479
v -0.179443 0.353271 -0.491455
v -0.173096 0.357178 -0.489014
v -0.175049 0.355713 -0.491455
v -0.173096 0.355713 -0.485596
v -0.180908 0.352783 -0.489014
v -0.164307 0.352295 -0.444092
v -0.172119 0.356201 -0.444092
v -0.172119 0.357178 -0.444092
v -0.180420 0.352783 -0.444092
v -0.164795 0.354248 -0.433350
v -0.179443 0.355225 -0.433350
v -0.195557 0.338135 -0.442139
v -0.197998 0.338135 -0.442139
v -0.192139 0.367920 -0.447021
v -0.192139 0.368896 -0.442627
v -0.196045 0.367432 -0.441650
v -0.198975 0.367432 -0.440674
v -0.206299 0.367920 -0.446045
v -0.205811 0.369385 -0.442139
v -0.237061 0.352783 -0.489014
v -0.238525 0.353271 -0.491455
v -0.242920 0.355713 -0.491455
v -0.244873 0.357178 -0.489014
v -0.247314 0.357178 -0.488037
v -0.236084 0.352783 -0.444092
v -0.246338 0.357178 -0.445557
v -0.244385 0.357178 -0.444092
v -0.197021 0.336670 -0.434814
v -0.195557 0.337158 -0.435303
v -0.196045 0.335693 -0.393311
v -0.190674 0.338135 -0.395264
v -0.195068 0.336182 -0.398193
v -0.197021 0.336182 -0.397217
v -0.196045 0.336182 -0.391846
v -0.202881 0.335693 -0.387939
v -0.192139 0.336182 -0.386475
v -0.192139 0.369873 -0.434814
v -0.196533 0.367920 -0.433838
v -0.197510 0.367432 -0.433838
v -0.205811 0.369873 -0.434326
v -0.196045 0.366943 -0.390869
v -0.191162 0.370850 -0.396240
v -0.192139 0.369385 -0.398193
v -0.192139 0.368408 -0.391357
v -0.191162 0.374756 -0.394287
v -0.196533 0.367432 -0.398193
v -0.197510 0.367432 -0.397705
v -0.198975 0.367432 -0.392822
v -0.192139 0.366943 -0.385986
v -0.205811 0.369385 -0.398682
v -0.205811 0.368408 -0.392334
v -0.205811 0.366943 -0.387451
v -0.237061 0.355225 -0.433350
v -0.192627 0.333252 -0.348877
v -0.192627 0.335205 -0.346436
v -0.192627 0.340088 -0.344971
v -0.193604 0.370850 -0.345459
v -0.193604 0.374756 -0.347412
v -0.045166 0.377197 -0.394287
v -0.045166 0.379150 -0.389404
v -0.077881 0.433350 -0.492432
v -0.073486 0.437256 -0.492432
v -0.080811 0.431885 -0.487549
v -0.082275 0.433350 -0.487061
v -0.085205 0.434814 -0.491943
v -0.081787 0.431885 -0.445068
v -0.081299 0.433838 -0.445068
v -0.074951 0.433838 -0.433350
v -0.088623 0.435303 -0.433350
v -0.072021 0.441162 -0.487549
v -0.089600 0.437744 -0.491943
v -0.091064 0.440186 -0.487061
v -0.072998 0.441162 -0.445068
v -0.090088 0.440674 -0.445068
v -0.026123 0.375732 -0.352295
v -0.030518 0.377197 -0.352295
v -0.045166 0.379150 -0.352295
v -0.045166 0.377197 -0.347412
v -0.063232 0.376709 -0.352295
v -0.170654 0.434814 -0.490479
v -0.173096 0.429932 -0.489014
v -0.175049 0.431885 -0.491455
v -0.173096 0.433350 -0.485596
v -0.179443 0.435791 -0.491455
v -0.172119 0.429932 -0.444092
v -0.172119 0.433838 -0.444092
v -0.164795 0.435303 -0.433350
v -0.179443 0.432373 -0.433350
v -0.238525 0.435791 -0.491455
v -0.244873 0.429932 -0.489014
v -0.242920 0.431885 -0.491455
v -0.247314 0.429932 -0.488037
v -0.246338 0.429932 -0.445557
v -0.244385 0.429932 -0.444092
v -0.191162 0.376709 -0.389404
v -0.237061 0.432373 -0.433350
v -0.166260 0.437744 -0.490479
v -0.164307 0.440186 -0.485596
v -0.181885 0.439697 -0.489014
v -0.163330 0.440674 -0.444092
v -0.181396 0.439697 -0.444092
v -0.236084 0.439697 -0.489014
v -0.235107 0.439697 -0.444092
v -0.193604 0.376709 -0.352295
v -0.027100 0.373291 -0.211670
v -0.072998 0.340088 -0.138916
v -0.073975 0.372314 -0.138916
v -0.022217 0.289307 -0.000244
v -0.022217 0.294189 -0.002686
v -0.028076 0.294189 -0.000244
v -0.043701 0.352783 -0.062744
v -0.023193 0.325928 -0.002686
v -0.028564 0.325928 -0.000244
v -0.023193 0.330322 -0.000244
v -0.026611 0.328369 -0.000732
v -0.026611 0.332764 -0.003174
v -0.032471 0.332764 -0.000732
v -0.027588 0.364502 -0.003174
v -0.027588 0.369385 -0.000732
v -0.043701 0.352783 -0.011475
v -0.044678 0.362549 -0.030029
v -0.032959 0.364502 -0.000732
v -0.170166 0.343506 -0.041260
v -0.171143 0.371338 -0.041748
v -0.172607 0.373779 -0.040283
v -0.202393 0.343018 -0.007568
v -0.217529 0.346924 -0.042236
v -0.218506 0.372314 -0.042725
v -0.199463 0.374268 -0.011475
v -0.201904 0.373291 -0.009033
v -0.202881 0.370850 -0.007568
v -0.231689 0.368408 -0.036865
v -0.029053 0.376221 -0.211182
v -0.033447 0.378174 -0.210693
v -0.068115 0.377197 -0.139893
v -0.072021 0.375244 -0.139404
v -0.044678 0.398682 -0.062744
v -0.044678 0.402588 -0.060791
v -0.044678 0.404053 -0.057861
v -0.044678 0.404541 -0.016846
v -0.044678 0.399170 -0.011475
v -0.044678 0.402588 -0.013428
v -0.174561 0.375244 -0.037842
v -0.225342 0.376221 -0.042725
v -0.249756 0.375732 -0.042725
v -0.311279 0.284424 -0.398193
v -0.311279 0.284912 -0.393311
v -0.311279 0.290283 -0.387939
v -0.346924 0.250732 -0.492432
v -0.345459 0.253662 -0.490479
v -0.351318 0.260010 -0.491943
v -0.352295 0.261475 -0.490479
v -0.355225 0.262451 -0.490479
v -0.348877 0.267334 -0.490479
v -0.345947 0.274170 -0.490479
v -0.346924 0.252197 -0.439209
v -0.354736 0.260498 -0.443604
v -0.355225 0.262451 -0.443115
v -0.347900 0.272217 -0.439209
v -0.348877 0.279541 -0.446045
v -0.350342 0.279541 -0.442139
v -0.312744 0.284912 -0.439209
v -0.317627 0.284912 -0.442139
v -0.312744 0.285889 -0.442139
v -0.348389 0.284424 -0.440674
v -0.345947 0.285889 -0.438721
v -0.346436 0.289307 -0.446045
v -0.347412 0.289307 -0.442139
v -0.314209 0.281006 -0.387939
v -0.350830 0.253174 -0.436768
v -0.352295 0.271240 -0.437256
v -0.350830 0.279541 -0.434326
v -0.349854 0.279541 -0.398682
v -0.348389 0.279541 -0.392334
v -0.346436 0.279541 -0.387451
v -0.316650 0.286865 -0.435303
v -0.314697 0.286865 -0.398193
v -0.314697 0.285889 -0.393311
v -0.348389 0.285889 -0.433838
v -0.347900 0.289307 -0.434326
v -0.344482 0.284424 -0.398193
v -0.346924 0.283936 -0.392822
v -0.347412 0.285889 -0.398193
v -0.343994 0.286377 -0.390869
v -0.346924 0.289307 -0.398682
v -0.345947 0.289307 -0.392334
v -0.343994 0.289307 -0.387451
v -0.310303 0.315186 -0.447021
v -0.303467 0.322021 -0.447021
v -0.254150 0.353271 -0.492920
v -0.250244 0.355713 -0.492920
v -0.255615 0.352783 -0.487549
v -0.254639 0.352783 -0.445557
v -0.308838 0.326904 -0.387939
v -0.253662 0.355225 -0.433350
v -0.345947 0.340088 -0.490479
v -0.348389 0.342041 -0.439209
v -0.314697 0.357178 -0.446045
v -0.316650 0.358643 -0.442139
v -0.337646 0.351807 -0.461182
v -0.337646 0.358154 -0.460205
v -0.334717 0.366455 -0.446045
v -0.341553 0.365967 -0.440674
v -0.335205 0.367432 -0.442139
v -0.349365 0.346436 -0.490479
v -0.355713 0.350342 -0.490479
v -0.356201 0.349854 -0.443604
v -0.347900 0.354248 -0.446045
v -0.349365 0.354248 -0.442139
v -0.345947 0.356201 -0.442139
v -0.347900 0.357178 -0.438721
v -0.315674 0.319580 -0.387939
v -0.316162 0.326904 -0.381592
v -0.319580 0.342529 -0.393311
v -0.323975 0.342041 -0.395264
v -0.326416 0.333252 -0.388428
v -0.317627 0.342529 -0.388428
v -0.322510 0.337646 -0.388428
v -0.336670 0.333252 -0.392334
v -0.343506 0.333740 -0.398193
v -0.342529 0.333740 -0.393311
v -0.336670 0.337646 -0.394775
v -0.335693 0.333740 -0.387939
v -0.352783 0.342529 -0.436768
v -0.353760 0.341553 -0.395264
v -0.357666 0.341553 -0.393311
v -0.370361 0.332275 -0.388428
v -0.359619 0.341553 -0.388428
v -0.374756 0.336182 -0.388428
v -0.335205 0.367920 -0.434326
v -0.313232 0.359131 -0.393311
v -0.312744 0.353760 -0.387939
v -0.313232 0.359619 -0.398193
v -0.334717 0.366943 -0.392334
v -0.340576 0.365479 -0.391846
v -0.334717 0.367920 -0.398682
v -0.337158 0.367432 -0.395264
v -0.337158 0.371826 -0.393311
v -0.334717 0.364990 -0.387451
v -0.337158 0.373779 -0.388428
v -0.349854 0.354248 -0.434326
v -0.343994 0.365967 -0.433838
v -0.348877 0.354248 -0.398682
v -0.347412 0.354248 -0.392334
v -0.346436 0.359131 -0.398193
v -0.345947 0.357178 -0.390869
v -0.345459 0.354248 -0.387451
v -0.343994 0.365479 -0.398682
v -0.324951 0.253174 -0.266846
v -0.326416 0.253174 -0.269287
v -0.326904 0.254639 -0.268799
v -0.326416 0.255127 -0.266846
v -0.328369 0.253174 -0.270752
v -0.328369 0.255127 -0.269287
v -0.328369 0.256592 -0.266846
v -0.351807 0.252197 -0.270752
v -0.353271 0.253662 -0.268799
v -0.353760 0.252197 -0.269287
v -0.355225 0.252197 -0.266846
v -0.351807 0.254150 -0.269287
v -0.351807 0.255615 -0.266846
v -0.353760 0.254150 -0.266846
v -0.317627 0.342529 -0.345459
v -0.336670 0.331299 -0.347412
v -0.319580 0.342529 -0.341064
v -0.323975 0.342041 -0.338623
v -0.336670 0.333252 -0.343018
v -0.336670 0.337646 -0.341064
v -0.359619 0.341553 -0.345459
v -0.353760 0.341553 -0.338623
v -0.357666 0.341553 -0.340576
v -0.337646 0.351807 -0.368896
v -0.337646 0.358154 -0.367432
v -0.337158 0.373779 -0.347900
v -0.337158 0.367432 -0.341064
v -0.337158 0.371826 -0.343506
v -0.325928 0.341553 -0.312256
v -0.329346 0.338135 -0.312256
v -0.365479 0.337158 -0.312256
v -0.368896 0.340088 -0.312256
v -0.404053 0.262451 -0.490479
v -0.415283 0.250732 -0.492432
v -0.416748 0.253662 -0.490479
v -0.409912 0.261475 -0.490479
v -0.410889 0.260010 -0.491943
v -0.412354 0.267334 -0.490479
v -0.415771 0.274170 -0.490479
v -0.414795 0.252197 -0.439209
v -0.407471 0.260498 -0.443604
v -0.406494 0.262451 -0.443115
v -0.413818 0.272217 -0.439209
v -0.410889 0.253174 -0.436768
v -0.409424 0.271240 -0.437256
v -0.385498 0.312744 -0.447021
v -0.392822 0.319092 -0.447021
v -0.416748 0.340088 -0.490479
v -0.414795 0.342041 -0.439209
v -0.405029 0.350342 -0.490479
v -0.401611 0.353271 -0.489014
v -0.405518 0.355713 -0.489014
v -0.400146 0.352783 -0.484131
v -0.399170 0.352783 -0.442139
v -0.413330 0.346436 -0.490479
v -0.408447 0.357178 -0.484131
v -0.407471 0.349854 -0.443604
v -0.406982 0.357178 -0.442139
v -0.380127 0.317627 -0.390381
v -0.379639 0.324951 -0.384033
v -0.386963 0.324463 -0.390381
v -0.410400 0.342529 -0.436768
v -0.399658 0.355225 -0.433350
v -0.305908 0.396729 -0.447021
v -0.250244 0.431885 -0.492920
v -0.254639 0.435791 -0.492920
v -0.310791 0.391357 -0.387939
v -0.253662 0.432373 -0.433350
v -0.312744 0.403076 -0.447021
v -0.323486 0.381592 -0.388428
v -0.318604 0.390381 -0.381592
v -0.327881 0.385498 -0.388428
v -0.318115 0.397705 -0.387939
v -0.371826 0.384521 -0.388428
v -0.256104 0.439697 -0.487549
v -0.255127 0.439697 -0.445557
v -0.326904 0.377197 -0.312256
v -0.330322 0.380615 -0.312256
v -0.366455 0.379639 -0.312256
v -0.369873 0.376221 -0.312256
v -0.388428 0.401123 -0.447021
v -0.395264 0.393799 -0.447021
v -0.405518 0.431885 -0.489014
v -0.401611 0.435791 -0.489014
v -0.408447 0.429932 -0.484131
v -0.406982 0.429932 -0.442139
v -0.375732 0.380127 -0.388428
v -0.381592 0.387939 -0.384033
v -0.389404 0.388428 -0.390381
v -0.382568 0.395752 -0.390381
v -0.399658 0.432373 -0.433350
v -0.399658 0.439697 -0.484131
v -0.398193 0.439697 -0.442139
v -0.324951 0.253174 -0.139404
v -0.326416 0.253174 -0.136963
v -0.326416 0.255127 -0.139404
v -0.326904 0.254639 -0.137451
v -0.328369 0.253174 -0.135498
v -0.328369 0.255127 -0.136963
v -0.328369 0.256592 -0.139404
v -0.353271 0.253662 -0.137451
v -0.355225 0.252197 -0.139404
v -0.353760 0.252197 -0.136963
v -0.351807 0.252197 -0.135498
v -0.351807 0.255615 -0.139404
v -0.351807 0.254150 -0.136963
v -0.353760 0.254150 -0.139404
v -0.326904 0.342041 -0.234619
v -0.329834 0.338623 -0.234619
v -0.325928 0.340576 -0.190674
v -0.335693 0.342041 -0.203857
v -0.364502 0.337646 -0.234619
v -0.367920 0.341064 -0.234619
v -0.357178 0.341553 -0.203857
v -0.359131 0.342529 -0.202393
v -0.326904 0.368408 -0.191162
v -0.327881 0.370850 -0.189697
v -0.360107 0.344971 -0.199951
v -0.325928 0.340576 -0.170654
v -0.329346 0.337158 -0.170654
v -0.357666 0.340088 -0.157959
v -0.365967 0.336182 -0.170654
v -0.369385 0.339600 -0.170654
v -0.330322 0.371826 -0.187256
v -0.336670 0.373779 -0.170654
v -0.337646 0.372314 -0.166748
v -0.358154 0.373291 -0.170654
v -0.358154 0.367920 -0.157959
v -0.357178 0.370361 -0.159424
v -0.354736 0.371338 -0.161865
v -0.361084 0.369385 -0.174561
v -0.360107 0.371826 -0.172119
v -0.256104 0.345947 -0.042236
v -0.257080 0.371338 -0.042725
v -0.325439 0.337158 -0.111084
v -0.324951 0.331787 -0.106689
v -0.320557 0.336670 -0.106689
v -0.373291 0.335693 -0.111084
v -0.374268 0.330811 -0.106689
v -0.320068 0.323975 -0.055420
v -0.314209 0.330322 -0.055420
v -0.325439 0.340088 -0.062256
v -0.328857 0.336670 -0.062256
v -0.366455 0.335693 -0.062256
v -0.369873 0.339111 -0.062256
v -0.337646 0.351807 -0.035889
v -0.337646 0.358154 -0.029053
v -0.355225 0.370361 -0.018311
v -0.357178 0.367432 -0.021729
v -0.355225 0.373779 -0.016357
v -0.378662 0.335205 -0.106689
v -0.384033 0.322510 -0.055420
v -0.390381 0.328369 -0.055420
v -0.393799 0.319092 -0.015869
v -0.395752 0.318115 -0.017334
v -0.399658 0.313232 -0.018799
v -0.402100 0.321533 -0.017334
v -0.405518 0.313721 -0.013916
v -0.400635 0.319580 -0.013916
v -0.401123 0.319580 -0.012451
v -0.397705 0.321533 -0.010498
v -0.407471 0.327393 -0.020264
v -0.409912 0.313232 -0.002197
v -0.410889 0.319580 -0.000244
v -0.408447 0.321045 -0.012939
v -0.413330 0.327393 -0.015381
v -0.414307 0.321533 -0.001709
v -0.418701 0.327393 -0.002686
v -0.387451 0.346924 -0.058838
v -0.387451 0.345947 -0.055420
v -0.387451 0.350342 -0.060791
v -0.327881 0.376221 -0.234619
v -0.331299 0.379150 -0.234619
v -0.365479 0.378174 -0.234619
v -0.368896 0.375244 -0.234619
v -0.326904 0.376709 -0.170654
v -0.330322 0.380127 -0.170654
v -0.366943 0.379150 -0.170654
v -0.370361 0.375732 -0.170654
v -0.326416 0.382568 -0.111084
v -0.321533 0.383057 -0.106689
v -0.326416 0.387451 -0.106689
v -0.374756 0.381104 -0.111084
v -0.326416 0.376709 -0.062256
v -0.315674 0.389893 -0.055420
v -0.330322 0.380127 -0.062256
v -0.321533 0.395752 -0.055420
v -0.370850 0.375732 -0.062256
v -0.367432 0.379150 -0.062256
v -0.374756 0.399170 -0.060791
v -0.374756 0.402100 -0.058838
v -0.374756 0.399170 -0.038330
v -0.356689 0.377197 -0.015869
v -0.358643 0.380615 -0.016846
v -0.361572 0.382568 -0.019775
v -0.380127 0.381592 -0.106689
v -0.375244 0.386475 -0.106689
v -0.387939 0.388428 -0.062744
v -0.391846 0.388428 -0.055420
v -0.385986 0.394287 -0.055420
v -0.387939 0.391357 -0.061279
v -0.387939 0.392822 -0.057373
v -0.382080 0.399170 -0.060791
v -0.382080 0.402100 -0.058838
v -0.375244 0.404053 -0.055420
v -0.382080 0.404053 -0.055420
v -0.385010 0.399170 -0.058838
v -0.386475 0.399170 -0.055420
v -0.384521 0.401611 -0.058350
v -0.385010 0.402100 -0.055420
v -0.389893 0.399658 -0.047607
v -0.382080 0.402100 -0.040283
v -0.375244 0.404053 -0.043701
v -0.375244 0.402588 -0.040283
v -0.382080 0.404053 -0.043701
v -0.382080 0.399170 -0.038330
v -0.386475 0.399170 -0.043701
v -0.385010 0.402100 -0.043701
v -0.385010 0.399170 -0.040283
v -0.384521 0.401611 -0.040771
v -0.389404 0.403076 -0.046143
v -0.394775 0.399658 -0.047119
v -0.397705 0.399658 -0.046143
v -0.394287 0.403076 -0.045654
v -0.390869 0.404541 -0.043213
v -0.393799 0.404541 -0.042725
v -0.394775 0.403076 -0.045654
v -0.397217 0.402588 -0.045654
v -0.398193 0.403076 -0.043213
v -0.395264 0.404541 -0.042725
v -0.399658 0.399658 -0.043213
v -0.398193 0.404541 -0.020752
v -0.404053 0.399658 -0.025146
v -0.402588 0.403076 -0.023682
v -0.400146 0.399658 -0.017822
v -0.401123 0.399658 -0.018799
v -0.403076 0.399658 -0.021240
v -0.401123 0.403076 -0.019775
v -0.399658 0.404541 -0.021240
v -0.399658 0.403076 -0.018311
v -0.397705 0.403076 -0.012451
v -0.397217 0.404541 -0.015381
v -0.398682 0.400146 -0.011963
v -0.400635 0.400146 -0.014893
v -0.406494 0.404541 -0.022705
v -0.412354 0.405029 -0.018311
v -0.417236 0.405518 -0.006592
v -0.418213 0.405518 -0.000732
v -0.401611 0.409912 -0.020264
v -0.407959 0.410889 -0.016357
v -0.410400 0.412842 -0.003662
v -0.414307 0.410889 -0.000732
v -0.223877 0.079346 0.124268
v -0.184326 0.014404 0.220947
v -0.175049 0.022217 0.225830
v -0.177979 0.021240 0.223389
v -0.183350 0.020752 0.221924
v -0.179932 0.020264 0.224854
v -0.186768 0.023193 0.227783
v -0.186768 0.020752 0.233643
v -0.181396 0.025635 0.232178
v -0.217529 0.022217 0.148682
v -0.216553 0.025635 0.147217
v -0.218018 0.027588 0.156006
v -0.229248 0.012939 0.152100
v -0.226318 0.021729 0.155518
v -0.230713 0.017334 0.148193
v -0.234619 0.019287 0.151123
v -0.231201 0.013916 0.156494
v -0.241455 0.015381 0.164307
v -0.248779 0.015381 0.162842
v -0.234131 0.023682 0.159912
v -0.228271 0.029541 0.163330
v -0.241943 0.020752 0.156494
v -0.245361 0.020264 0.158936
v -0.236084 0.029541 0.161865
v -0.231689 0.052979 0.148682
v -0.226318 0.059326 0.151123
v -0.223389 0.060303 0.153076
v -0.226318 0.059814 0.155029
v -0.228760 0.059814 0.152588
v -0.239502 0.053955 0.152588
v -0.235107 0.060791 0.155029
v -0.238037 0.060791 0.156006
v -0.234619 0.060303 0.161377
v -0.249756 0.055420 0.162842
v -0.246826 0.062256 0.167236
v -0.249756 0.058838 0.173096
v -0.189209 0.026123 0.217529
v -0.192139 0.015381 0.225342
v -0.193115 0.021729 0.227295
v -0.197021 0.027100 0.222412
v -0.201904 0.016846 0.235107
v -0.190674 0.025635 0.238037
v -0.196533 0.023682 0.241943
v -0.198486 0.024170 0.239014
v -0.197998 0.025146 0.245361
v -0.201416 0.026611 0.245850
v -0.206299 0.029541 0.232178
v -0.205322 0.018311 0.241455
v -0.203369 0.020264 0.245850
v -0.203369 0.024658 0.239014
v -0.209229 0.031494 0.239014
v -0.205811 0.031494 0.244873
v -0.172607 0.063232 0.202881
v -0.174072 0.066650 0.198975
v -0.175049 0.069580 0.202881
v -0.177979 0.068604 0.202881
v -0.174561 0.064209 0.208252
v -0.178955 0.069092 0.206787
v -0.185303 0.070068 0.208740
v -0.184326 0.065674 0.216064
v -0.173096 0.073975 0.204834
v -0.175049 0.075439 0.210205
v -0.185791 0.070557 0.213135
v -0.184326 0.077881 0.218018
v -0.187256 0.105225 0.202393
v -0.170654 0.113525 0.210693
v -0.177490 0.112549 0.206787
v -0.173584 0.114014 0.207764
v -0.177002 0.113037 0.217529
v -0.180908 0.111572 0.204346
v -0.182861 0.114014 0.212158
v -0.183838 0.115967 0.214600
v -0.178955 0.119385 0.203369
v -0.187256 0.119873 0.207275
v -0.186768 0.114502 0.222412
v -0.234131 0.065674 0.147217
v -0.227783 0.062744 0.156006
v -0.241943 0.066650 0.150635
v -0.240479 0.063721 0.165771
v -0.243896 0.062744 0.168213
v -0.244873 0.063232 0.171631
v -0.248779 0.064209 0.167725
v -0.249268 0.065674 0.171631
v -0.213623 0.105225 0.135986
v -0.215088 0.106201 0.144775
v -0.215576 0.109619 0.136475
v -0.216064 0.112549 0.137939
v -0.212158 0.118408 0.137939
v -0.214600 0.119385 0.143799
v -0.224854 0.107666 0.152588
v -0.232666 0.107178 0.151611
v -0.218994 0.112549 0.140869
v -0.222412 0.112061 0.142334
v -0.225830 0.113525 0.145752
v -0.228760 0.112549 0.147705
v -0.229248 0.114502 0.147217
v -0.224854 0.120850 0.151123
v -0.232666 0.120361 0.149658
v -0.188721 0.070068 0.210693
v -0.192139 0.066162 0.215088
v -0.188721 0.071533 0.215088
v -0.192139 0.077881 0.217529
v -0.195068 0.106689 0.207275
v -0.203857 0.108643 0.217041
v -0.189697 0.114014 0.209717
v -0.197510 0.121338 0.218018
v -0.192627 0.116455 0.219971
v -0.194580 0.116455 0.223877
v -0.199951 0.115479 0.220947
v -0.198486 0.116455 0.228271
v -0.195068 0.117432 0.228760
v -0.200439 0.122314 0.223877
v -0.199463 0.122314 0.227295
v -0.206787 0.109619 0.223877
v -0.203369 0.112061 0.229248
v -0.226318 0.173584 0.116943
v -0.169678 0.159424 0.186768
v -0.169678 0.164795 0.184326
v -0.168213 0.169189 0.186279
v -0.168213 0.156494 0.190186
v -0.169678 0.157471 0.195557
v -0.170166 0.170166 0.192627
v -0.173096 0.161865 0.190674
v -0.173584 0.163818 0.188721
v -0.186768 0.159912 0.202881
v -0.179932 0.163330 0.196533
v -0.183350 0.163818 0.198486
v -0.179443 0.171143 0.200928
v -0.180908 0.164307 0.195068
v -0.185791 0.165771 0.197998
v -0.178955 0.159424 0.203857
v -0.229736 0.145752 0.134033
v -0.223877 0.152100 0.136963
v -0.220947 0.153076 0.139404
v -0.222900 0.156006 0.140381
v -0.232666 0.154053 0.141357
v -0.230713 0.155029 0.146729
v -0.237549 0.146729 0.137939
v -0.247314 0.149170 0.148193
v -0.243408 0.156006 0.152100
v -0.248779 0.152100 0.157471
v -0.225830 0.156494 0.137451
v -0.230713 0.161865 0.133057
v -0.227783 0.156494 0.145752
v -0.238037 0.162354 0.136963
v -0.234619 0.156494 0.141357
v -0.236572 0.156982 0.151611
v -0.240479 0.156982 0.153564
v -0.245361 0.158447 0.153076
v -0.248779 0.163818 0.148682
v -0.242920 0.156494 0.157471
v -0.246338 0.159912 0.158447
v -0.249756 0.164307 0.157471
v -0.187744 0.170654 0.199951
v -0.168701 0.249268 0.177979
v -0.170654 0.249756 0.185303
v -0.126709 0.208252 0.248779
v -0.128174 0.211670 0.243896
v -0.127197 0.214600 0.242432
v -0.131104 0.213135 0.247314
v -0.132080 0.213623 0.248779
v -0.180420 0.197998 0.192627
v -0.171143 0.207764 0.197021
v -0.175049 0.204346 0.195068
v -0.173096 0.208252 0.195068
v -0.172119 0.205322 0.197998
v -0.176514 0.206787 0.201416
v -0.184326 0.205322 0.199951
v -0.183350 0.208740 0.199463
v -0.179443 0.214111 0.191162
v -0.187256 0.214111 0.195557
v -0.177979 0.208252 0.204346
v -0.125732 0.218994 0.245850
v -0.133057 0.245361 0.246826
v -0.211670 0.204346 0.129639
v -0.213135 0.207275 0.127686
v -0.216553 0.208740 0.128174
v -0.217529 0.210205 0.130615
v -0.213623 0.204834 0.135498
v -0.212646 0.214600 0.129150
v -0.214600 0.215088 0.134521
v -0.219482 0.208252 0.132080
v -0.224854 0.210693 0.135986
v -0.227295 0.208740 0.137939
v -0.228271 0.210693 0.138428
v -0.228760 0.209229 0.138916
v -0.223877 0.205811 0.143311
v -0.231201 0.205811 0.141846
v -0.224365 0.215576 0.143311
v -0.232178 0.215088 0.142822
v -0.229736 0.238525 0.126709
v -0.223877 0.244873 0.130127
v -0.224365 0.247314 0.132080
v -0.221436 0.245850 0.133057
v -0.227295 0.247803 0.129150
v -0.232666 0.245850 0.134521
v -0.228760 0.248291 0.138916
v -0.232178 0.246338 0.138916
v -0.237061 0.239014 0.131104
v -0.235596 0.247314 0.134033
v -0.246826 0.239990 0.141357
v -0.249756 0.240479 0.147217
v -0.248291 0.241943 0.151123
v -0.238037 0.248291 0.145752
v -0.240967 0.247314 0.146240
v -0.243408 0.246826 0.145264
v -0.246338 0.248779 0.146240
v -0.242920 0.246826 0.151611
v -0.244385 0.249268 0.152100
v -0.188232 0.198486 0.197021
v -0.198486 0.199463 0.207275
v -0.201416 0.200439 0.213135
v -0.200439 0.201904 0.216553
v -0.188232 0.207764 0.209229
v -0.191162 0.209717 0.216553
v -0.195068 0.210205 0.213623
v -0.195557 0.206299 0.211182
v -0.196045 0.206787 0.216553
v -0.198486 0.215576 0.208252
v -0.199951 0.216064 0.213135
v -0.196533 0.215576 0.218994
v -0.002197 0.012939 0.356689
v -0.000244 0.022217 0.359131
v -0.008545 0.021240 0.354736
v -0.010498 0.021240 0.355225
v -0.002197 0.029053 0.352783
v -0.002686 0.022217 0.360596
v -0.000732 0.024170 0.370361
v -0.124268 0.057861 0.280518
v -0.082764 0.010986 0.354248
v -0.088623 0.013428 0.358154
v -0.090088 0.015381 0.362061
v -0.076416 0.019287 0.352783
v -0.074463 0.019775 0.353271
v -0.081787 0.020752 0.358643
v -0.084229 0.020264 0.357666
v -0.083252 0.027588 0.350342
v -0.089111 0.026611 0.354736
v -0.090088 0.026611 0.359131
v -0.081787 0.021729 0.365967
v -0.083740 0.021240 0.361084
v -0.085205 0.020752 0.359619
v -0.085205 0.018311 0.372314
v -0.080322 0.023193 0.369873
v -0.085693 0.027588 0.367432
v -0.002197 0.075928 0.327881
v -0.005127 0.068115 0.330811
v -0.004639 0.068604 0.334229
v -0.002686 0.069580 0.338135
v -0.003662 0.071045 0.329834
v -0.003662 0.079834 0.329834
v -0.001221 0.080811 0.335205
v -0.003174 0.112549 0.332275
v -0.001221 0.121338 0.335205
v -0.003174 0.121826 0.336182
v -0.000244 0.122803 0.340088
v -0.009521 0.120361 0.330322
v -0.011475 0.120850 0.330811
v -0.001221 0.123779 0.345947
v -0.002197 0.124756 0.350342
v -0.124268 0.064697 0.281494
v -0.124756 0.116455 0.260010
v -0.084717 0.075439 0.326904
v -0.080811 0.067627 0.330322
v -0.081299 0.068115 0.333740
v -0.083252 0.069092 0.337646
v -0.082275 0.070557 0.328857
v -0.086670 0.073486 0.332275
v -0.088623 0.074463 0.331787
v -0.083252 0.079346 0.329346
v -0.085205 0.080811 0.334717
v -0.094971 0.074951 0.338623
v -0.096924 0.075439 0.338623
v -0.098877 0.074463 0.340576
v -0.100342 0.076416 0.340576
v -0.095459 0.082275 0.343506
v -0.103271 0.081787 0.342529
v -0.093994 0.071045 0.345947
v -0.101807 0.070557 0.344971
v -0.077881 0.118896 0.328369
v -0.075928 0.119385 0.328857
v -0.084229 0.110596 0.329834
v -0.090088 0.113037 0.333740
v -0.091553 0.115479 0.337158
v -0.083252 0.120361 0.334229
v -0.085693 0.119873 0.333252
v -0.085205 0.121338 0.336670
v -0.082764 0.121338 0.341553
v -0.086182 0.120361 0.335205
v -0.072021 0.124268 0.370850
v -0.081299 0.122803 0.345459
v -0.086182 0.118408 0.347412
v -0.001709 0.025146 0.375244
v -0.012451 0.026123 0.402100
v -0.019287 0.026611 0.406006
v -0.017822 0.029053 0.398682
v -0.017822 0.030029 0.399658
v -0.040771 0.029053 0.400635
v -0.040771 0.030029 0.401123
v -0.041260 0.026611 0.406982
v -0.012451 0.033936 0.399170
v -0.019287 0.034424 0.403076
v -0.041260 0.034424 0.404053
v -0.065674 0.027588 0.393311
v -0.065186 0.028564 0.394287
v -0.064697 0.025146 0.400635
v -0.071045 0.024170 0.395752
v -0.064697 0.033447 0.397705
v -0.071045 0.032471 0.392822
v -0.125732 0.026123 0.279053
v -0.127197 0.029053 0.275146
v -0.127686 0.027100 0.284424
v -0.137939 0.029053 0.293213
v -0.145752 0.029053 0.292236
v -0.127686 0.031982 0.273682
v -0.131592 0.031494 0.278564
v -0.131104 0.031982 0.278564
v -0.125732 0.036865 0.276123
v -0.130127 0.051025 0.278076
v -0.127686 0.037842 0.281982
v -0.138916 0.032959 0.285400
v -0.139404 0.033447 0.285400
v -0.137451 0.040283 0.290771
v -0.142334 0.033936 0.287842
v -0.142822 0.033447 0.287842
v -0.145752 0.039795 0.290283
v -0.138428 0.052002 0.281982
v -0.134033 0.059326 0.283936
v -0.150146 0.053955 0.292236
v -0.146729 0.060791 0.295166
v -0.152588 0.054932 0.296143
v -0.147705 0.061279 0.299561
v -0.152100 0.056396 0.299561
v -0.127197 0.064697 0.278564
v -0.133057 0.070068 0.273682
v -0.141357 0.071045 0.278076
v -0.128174 0.062744 0.288818
v -0.131104 0.064209 0.288818
v -0.136963 0.065186 0.282959
v -0.137939 0.063721 0.296631
v -0.141846 0.062744 0.295654
v -0.149170 0.068115 0.295166
v -0.151611 0.072998 0.288818
v -0.154541 0.074463 0.294189
v -0.142334 0.066650 0.297607
v -0.149170 0.069580 0.300049
v -0.153564 0.074463 0.298096
v -0.126709 0.119873 0.255127
v -0.127197 0.123291 0.257568
v -0.130615 0.122314 0.260010
v -0.131104 0.122314 0.262451
v -0.126709 0.117432 0.265869
v -0.137939 0.123779 0.266846
v -0.138428 0.123291 0.268799
v -0.136475 0.119385 0.274658
v -0.141357 0.123779 0.269287
v -0.141846 0.124268 0.270752
v -0.144287 0.119873 0.273682
v -0.004150 0.159912 0.311279
v -0.002686 0.162842 0.310303
v -0.000244 0.164795 0.311768
v -0.000244 0.166260 0.309326
v -0.003662 0.171143 0.309814
v -0.003174 0.128662 0.328369
v -0.012939 0.133545 0.374756
v -0.018311 0.129150 0.373779
v -0.018799 0.129639 0.374756
v -0.004150 0.159912 0.314697
v -0.002197 0.160889 0.319092
v -0.001709 0.172119 0.314697
v -0.123779 0.156006 0.262939
v -0.084229 0.162842 0.308838
v -0.084229 0.167236 0.305420
v -0.082764 0.171143 0.307861
v -0.088135 0.166260 0.310303
v -0.122803 0.158936 0.261475
v -0.084229 0.126709 0.325928
v -0.090088 0.126221 0.330322
v -0.091553 0.126221 0.334717
v -0.087158 0.127197 0.343018
v -0.066162 0.128174 0.369385
v -0.066650 0.127197 0.368408
v -0.072021 0.132080 0.368408
v -0.065674 0.133057 0.373291
v -0.082764 0.159912 0.312744
v -0.084717 0.160889 0.318115
v -0.088135 0.165283 0.312744
v -0.084717 0.172119 0.313232
v -0.094971 0.162842 0.326904
v -0.102783 0.162354 0.326416
v -0.095947 0.166748 0.317627
v -0.096436 0.166748 0.319580
v -0.099365 0.167725 0.319580
v -0.099854 0.166748 0.322021
v -0.094482 0.173584 0.322998
v -0.102295 0.173096 0.322510
v -0.004150 0.210205 0.311768
v -0.010498 0.218018 0.310303
v -0.012451 0.218018 0.310791
v -0.004150 0.226318 0.308838
v -0.002197 0.218994 0.315186
v -0.000244 0.219482 0.318604
v -0.004150 0.219482 0.316162
v -0.001221 0.220459 0.320557
v -0.002197 0.220947 0.325928
v -0.003174 0.222412 0.330811
v -0.013916 0.222900 0.357178
v -0.013916 0.230713 0.355225
v -0.019287 0.225830 0.354248
v -0.019775 0.226807 0.355225
v -0.020752 0.231201 0.358643
v -0.021240 0.223877 0.361084
v -0.042725 0.225830 0.356201
v -0.042725 0.226807 0.356689
v -0.043213 0.223877 0.362061
v -0.042725 0.231201 0.360107
v -0.076904 0.216553 0.308838
v -0.085693 0.208252 0.309326
v -0.079346 0.216553 0.308350
v -0.085693 0.224854 0.306396
v -0.091553 0.223877 0.310791
v -0.091553 0.210693 0.313232
v -0.084717 0.218018 0.314209
v -0.092529 0.212646 0.317139
v -0.086670 0.217041 0.313232
v -0.087646 0.217529 0.315186
v -0.086670 0.218506 0.316650
v -0.087646 0.216064 0.327881
v -0.084229 0.218994 0.321533
v -0.082764 0.220459 0.325439
v -0.092529 0.223877 0.315186
v -0.088623 0.224854 0.323486
v -0.068115 0.224365 0.348877
v -0.067627 0.225342 0.349854
v -0.066650 0.222412 0.355713
v -0.072998 0.220947 0.350830
v -0.066650 0.229736 0.353760
v -0.073486 0.228760 0.348877
v -0.012939 0.126221 0.377197
v -0.020264 0.126709 0.380615
v -0.019775 0.134033 0.378174
v -0.041748 0.128662 0.375732
v -0.041748 0.126709 0.381592
v -0.041748 0.130127 0.376221
v -0.041748 0.134033 0.379150
v -0.065674 0.125244 0.375732
v -0.125732 0.127686 0.260498
v -0.127686 0.128662 0.265869
v -0.137451 0.130127 0.274170
v -0.145264 0.129639 0.273193
v -0.132568 0.148682 0.258545
v -0.126709 0.155029 0.260498
v -0.140381 0.149658 0.262939
v -0.150635 0.151123 0.273193
v -0.153564 0.152100 0.279541
v -0.152588 0.153564 0.282959
v -0.126221 0.159424 0.259033
v -0.136475 0.156494 0.265381
v -0.135498 0.158936 0.264404
v -0.132080 0.164795 0.255127
v -0.139893 0.165283 0.260010
v -0.129150 0.157959 0.269287
v -0.130127 0.159424 0.269775
v -0.137451 0.158936 0.276123
v -0.147705 0.157959 0.277100
v -0.140869 0.160400 0.278564
v -0.141357 0.160400 0.279541
v -0.146729 0.161377 0.277100
v -0.150146 0.166748 0.271729
v -0.152588 0.167725 0.277588
v -0.148193 0.158447 0.282959
v -0.146729 0.162842 0.282471
v -0.151123 0.167725 0.281494
v -0.128662 0.208740 0.253662
v -0.138428 0.210205 0.262451
v -0.138916 0.214111 0.255127
v -0.139404 0.214600 0.255127
v -0.146240 0.209717 0.261475
v -0.141357 0.214600 0.256592
v -0.142822 0.214600 0.257568
v -0.127686 0.219482 0.251221
v -0.136963 0.220459 0.260498
v -0.144775 0.219971 0.260010
v -0.140869 0.245850 0.251709
v -0.150635 0.246826 0.262939
v -0.152100 0.248779 0.273193
v -0.153564 0.247803 0.269775
v -0.275635 0.020264 0.091064
v -0.270752 0.014404 0.095947
v -0.274170 0.013428 0.104736
v -0.290283 0.005615 0.091064
v -0.284912 0.011963 0.093506
v -0.282471 0.013428 0.095947
v -0.281982 0.015381 0.101807
v -0.289795 0.014404 0.097412
v -0.297119 0.006104 0.093994
v -0.309814 0.008057 0.105713
v -0.312256 0.009033 0.110596
v -0.311279 0.010010 0.113037
v -0.306885 0.014893 0.113037
v -0.282959 0.020752 0.094971
v -0.292236 0.022705 0.103760
v -0.285400 0.016357 0.113525
v -0.289795 0.017334 0.109619
v -0.292236 0.019287 0.114990
v -0.295654 0.024170 0.110107
v -0.295654 0.024170 0.113037
v -0.301025 0.016357 0.107666
v -0.262939 0.056396 0.077881
v -0.262451 0.047607 0.081787
v -0.263916 0.048096 0.088135
v -0.261475 0.059814 0.079834
v -0.262451 0.060791 0.084717
v -0.266846 0.053955 0.081299
v -0.266846 0.052490 0.082275
v -0.269287 0.053467 0.084717
v -0.274170 0.053955 0.088623
v -0.275146 0.053955 0.088623
v -0.275635 0.054443 0.089600
v -0.278076 0.053467 0.090576
v -0.271240 0.060791 0.093018
v -0.278564 0.060303 0.092529
v -0.273682 0.049072 0.095459
v -0.281006 0.048584 0.094971
v -0.314697 0.007568 0.034424
v -0.313721 0.004150 0.038330
v -0.314697 0.004639 0.041260
v -0.319092 0.010010 0.037354
v -0.316162 0.015381 0.035889
v -0.317627 0.011963 0.034424
v -0.321533 0.009521 0.037842
v -0.325928 0.010498 0.043213
v -0.327881 0.010010 0.044189
v -0.323975 0.005127 0.049561
v -0.328369 0.010010 0.045654
v -0.330322 0.010498 0.046143
v -0.331299 0.004639 0.049561
v -0.317139 0.016357 0.040771
v -0.325439 0.016846 0.049072
v -0.332764 0.016846 0.049561
v -0.325928 0.043213 0.038818
v -0.323975 0.044678 0.041260
v -0.324463 0.045654 0.042236
v -0.327393 0.046143 0.043701
v -0.331299 0.036865 0.035889
v -0.338135 0.037354 0.039795
v -0.328857 0.046143 0.040283
v -0.332764 0.044678 0.042236
v -0.332764 0.045654 0.052490
v -0.334717 0.046631 0.055908
v -0.339600 0.046143 0.052979
v -0.339600 0.045166 0.057861
v -0.320557 0.047119 0.037354
v -0.322998 0.047607 0.035400
v -0.328857 0.052979 0.032959
v -0.335205 0.052490 0.037842
v -0.336182 0.047119 0.052490
v -0.341553 0.052490 0.049072
v -0.342041 0.052979 0.053467
v -0.339600 0.052979 0.057373
v -0.345947 0.038330 0.048584
v -0.347412 0.038330 0.053467
v -0.344971 0.039795 0.057373
v -0.264404 0.106201 0.089600
v -0.268799 0.101318 0.085693
v -0.274170 0.094482 0.083252
v -0.265869 0.102783 0.088623
v -0.265869 0.106689 0.087158
v -0.269775 0.105713 0.093506
v -0.277588 0.104248 0.093506
v -0.274170 0.106689 0.090088
v -0.271240 0.112549 0.082275
v -0.278564 0.113037 0.085205
v -0.281006 0.105713 0.100830
v -0.281494 0.094971 0.087158
v -0.290283 0.096436 0.096924
v -0.293213 0.097412 0.103271
v -0.293213 0.098389 0.105713
v -0.286865 0.103271 0.100830
v -0.285889 0.108643 0.099854
v -0.282471 0.105713 0.103760
v -0.289307 0.103271 0.106689
v -0.288818 0.110107 0.104736
v -0.290283 0.114502 0.095947
v -0.293213 0.115479 0.100830
v -0.292725 0.114990 0.103271
v -0.320068 0.115479 0.031006
v -0.322998 0.119873 0.031006
v -0.318604 0.112549 0.033447
v -0.319580 0.112061 0.037842
v -0.321533 0.116943 0.032471
v -0.327393 0.112549 0.046631
v -0.323486 0.118408 0.034424
v -0.327393 0.117432 0.034912
v -0.322021 0.123779 0.034424
v -0.322998 0.123779 0.037842
v -0.329834 0.118408 0.040771
v -0.333740 0.117920 0.040771
v -0.332275 0.117920 0.043213
v -0.331299 0.124268 0.046143
v -0.336182 0.118408 0.043213
v -0.338135 0.124268 0.046631
v -0.334717 0.112549 0.047119
v -0.252197 0.056396 0.168213
v -0.252197 0.069580 0.161865
v -0.253174 0.071045 0.170654
v -0.254639 0.071045 0.167236
v -0.395752 0.006592 0.008545
v -0.402100 0.005127 0.004639
v -0.406006 0.004150 0.006104
v -0.398193 0.008057 0.013428
v -0.404541 0.015381 0.007568
v -0.400146 0.009033 0.011963
v -0.404053 0.015381 0.011963
v -0.403076 0.014893 0.014893
v -0.407959 0.002197 0.009521
v -0.406494 0.003174 0.010010
v -0.405518 0.109619 0.005127
v -0.401123 0.116943 0.006592
v -0.405518 0.109619 0.009521
v -0.404053 0.110596 0.012451
v -0.401611 0.115479 0.010498
v -0.397217 0.118408 0.005615
v -0.399170 0.117432 0.010986
v -0.406982 0.117432 0.004639
v -0.410889 0.119873 0.008057
v -0.413330 0.124756 0.011475
v -0.262939 0.144287 0.075928
v -0.264893 0.147217 0.074463
v -0.264404 0.144287 0.081299
v -0.268799 0.149658 0.077881
v -0.267822 0.153564 0.077881
v -0.272705 0.144775 0.090088
v -0.280029 0.144287 0.090088
v -0.270264 0.153076 0.080811
v -0.275146 0.149658 0.083740
v -0.277588 0.149170 0.086182
v -0.276611 0.154053 0.086182
v -0.279541 0.155029 0.088135
v -0.263916 0.159424 0.077881
v -0.265381 0.159912 0.083252
v -0.274658 0.160889 0.091553
v -0.282471 0.160400 0.091553
v -0.333252 0.135498 0.034424
v -0.339111 0.135498 0.039307
v -0.342529 0.136963 0.058350
v -0.327881 0.141846 0.036865
v -0.325928 0.142822 0.038818
v -0.327881 0.144287 0.041748
v -0.327881 0.149658 0.036865
v -0.326416 0.149170 0.038330
v -0.333740 0.142334 0.041260
v -0.333740 0.156006 0.033447
v -0.332764 0.148682 0.041260
v -0.340576 0.156006 0.038330
v -0.336182 0.143311 0.052490
v -0.340576 0.141846 0.052979
v -0.339111 0.141846 0.057373
v -0.339600 0.149658 0.052002
v -0.344971 0.135010 0.049561
v -0.345459 0.135010 0.054932
v -0.343994 0.151123 0.052979
v -0.344971 0.152588 0.058350
v -0.348389 0.156982 0.050537
v -0.348389 0.156982 0.058350
v -0.349854 0.157959 0.055420
v -0.265381 0.201904 0.079834
v -0.263428 0.202881 0.082275
v -0.270264 0.195557 0.076416
v -0.278076 0.196045 0.079346
v -0.277588 0.202393 0.085693
v -0.272217 0.204346 0.075928
v -0.278564 0.210205 0.072510
v -0.269775 0.203369 0.078857
v -0.269287 0.205322 0.087158
v -0.273682 0.203369 0.082764
v -0.281006 0.203857 0.080811
v -0.288818 0.197021 0.089111
v -0.285889 0.210205 0.076904
v -0.284912 0.203857 0.091553
v -0.284912 0.203369 0.093018
v -0.290771 0.204834 0.093018
v -0.295654 0.210693 0.089111
v -0.292236 0.197998 0.094482
v -0.292236 0.198975 0.096924
v -0.281494 0.205322 0.093994
v -0.287842 0.203857 0.097412
v -0.288818 0.204346 0.097900
v -0.296631 0.210693 0.097900
v -0.297607 0.211182 0.094482
v -0.266357 0.249268 0.074951
v -0.267822 0.249268 0.080322
v -0.277100 0.249756 0.088623
v -0.322021 0.213135 0.030518
v -0.323975 0.215088 0.029541
v -0.323486 0.218018 0.030518
v -0.322021 0.211670 0.032959
v -0.322998 0.211670 0.035889
v -0.326416 0.216553 0.032959
v -0.324951 0.217529 0.031494
v -0.327393 0.217529 0.032471
v -0.332764 0.217041 0.038330
v -0.334229 0.217529 0.038818
v -0.331299 0.211670 0.044678
v -0.333740 0.217041 0.039307
v -0.335205 0.218018 0.040283
v -0.338623 0.211670 0.044678
v -0.336182 0.217041 0.041260
v -0.320068 0.222412 0.030029
v -0.335205 0.241455 0.030518
v -0.321533 0.223389 0.035889
v -0.330322 0.223389 0.044189
v -0.337646 0.223389 0.044189
v -0.342041 0.241943 0.035400
v -0.330322 0.247803 0.032959
v -0.328369 0.248779 0.034912
v -0.336182 0.249268 0.037354
v -0.348877 0.242920 0.045654
v -0.350830 0.243408 0.052002
v -0.344971 0.249756 0.048584
v -0.346436 0.249268 0.054443
v -0.349854 0.244873 0.054932
v -0.250244 0.150146 0.154053
v -0.251221 0.164795 0.153564
v -0.414795 0.125732 0.003174
v -0.414795 0.125732 0.008057
v -0.403076 0.218018 0.000732
v -0.416260 0.209229 0.006104
v -0.414795 0.210205 0.009521
v -0.412842 0.214600 0.006104
v -0.408936 0.217041 0.002197
v -0.405029 0.219482 0.006592
v -0.406494 0.219482 0.000732
v -0.407471 0.220947 0.005615
v -0.410889 0.225830 0.004150
v -0.406982 0.224854 0.008545
v -0.022217 0.287354 0.005615
v -0.027100 0.290283 0.000732
v -0.028076 0.289307 0.005615
v -0.030518 0.293701 0.005127
v -0.023682 0.287354 0.050537
v -0.027100 0.287354 0.052002
v -0.027100 0.285400 0.056396
v -0.027100 0.291260 0.050049
v -0.029541 0.289307 0.050049
v -0.024170 0.289307 0.055908
v -0.029053 0.289795 0.054932
v -0.024170 0.293701 0.058350
v -0.029541 0.293701 0.055908
v -0.031494 0.287354 0.056396
v -0.031494 0.291260 0.052002
v -0.031982 0.293701 0.050049
v -0.033936 0.291260 0.056396
v -0.028564 0.285400 0.104736
v -0.028564 0.286865 0.109131
v -0.022217 0.292725 0.112061
v -0.022217 0.290771 0.117920
v -0.029053 0.291260 0.111572
v -0.027100 0.293701 0.113037
v -0.028076 0.292725 0.117920
v -0.022217 0.297607 0.110107
v -0.028076 0.297607 0.112061
v -0.030518 0.297607 0.117920
v -0.032959 0.287354 0.104736
v -0.033447 0.291260 0.109131
v -0.035400 0.291260 0.104736
v -0.031006 0.325439 0.005615
v -0.028076 0.329346 0.000732
v -0.029053 0.330322 0.005615
v -0.027588 0.323975 0.050049
v -0.025146 0.325439 0.058838
v -0.030518 0.325439 0.055908
v -0.028076 0.327393 0.057373
v -0.028564 0.327881 0.056885
v -0.030518 0.329834 0.050537
v -0.028076 0.328369 0.052002
v -0.025146 0.330322 0.056396
v -0.028564 0.332764 0.055420
v -0.028564 0.332764 0.058350
v -0.032471 0.328369 0.004639
v -0.034912 0.332764 0.004639
v -0.032471 0.323975 0.052002
v -0.032471 0.325439 0.050537
v -0.034424 0.323975 0.056396
v -0.032959 0.327393 0.062256
v -0.033936 0.328369 0.050049
v -0.036377 0.332764 0.050049
v -0.032471 0.328369 0.055420
v -0.032959 0.330811 0.057373
v -0.035400 0.330322 0.062256
v -0.033936 0.332764 0.055908
v -0.029541 0.364502 0.058350
v -0.029053 0.365479 0.055420
v -0.029053 0.368896 0.057373
v -0.029541 0.368896 0.055908
v -0.029053 0.370361 0.062256
v -0.035889 0.364502 0.004639
v -0.033447 0.368896 0.005127
v -0.036865 0.364502 0.050537
v -0.034912 0.364502 0.055908
v -0.033447 0.366943 0.057861
v -0.035889 0.365479 0.062256
v -0.034912 0.368896 0.050537
v -0.033936 0.368896 0.062256
v -0.027588 0.342041 0.063721
v -0.029541 0.323975 0.111572
v -0.024658 0.327881 0.112549
v -0.029541 0.327393 0.110107
v -0.024658 0.325928 0.117920
v -0.030029 0.327393 0.117920
v -0.031006 0.328369 0.108643
v -0.024658 0.332275 0.110107
v -0.030029 0.332275 0.112549
v -0.023193 0.336670 0.110107
v -0.023193 0.341553 0.112549
v -0.028564 0.336670 0.112549
v -0.028076 0.340576 0.113525
v -0.023682 0.343506 0.118408
v -0.029053 0.341064 0.118408
v -0.033936 0.323975 0.109131
v -0.035889 0.323975 0.104736
v -0.033936 0.327393 0.104736
v -0.033936 0.330811 0.109131
v -0.035889 0.330811 0.104248
v -0.032959 0.331787 0.117920
v -0.031494 0.336670 0.117920
v -0.028564 0.374268 0.063721
v -0.030029 0.370361 0.104248
v -0.030029 0.368896 0.109131
v -0.025635 0.362061 0.110107
v -0.031006 0.362061 0.112549
v -0.025635 0.366455 0.112549
v -0.030518 0.365479 0.111572
v -0.025635 0.368408 0.118408
v -0.034912 0.365479 0.109131
v -0.036865 0.365479 0.104248
v -0.034912 0.368896 0.104248
v -0.033447 0.361572 0.117920
v -0.031494 0.366455 0.118408
v -0.064697 0.341064 0.064209
v -0.065674 0.373291 0.063721
v -0.026611 0.287354 0.170654
v -0.023682 0.290771 0.158936
v -0.029053 0.292725 0.158936
v -0.027100 0.294189 0.162842
v -0.028564 0.293213 0.163818
v -0.026611 0.289307 0.165283
v -0.023682 0.292725 0.164795
v -0.024170 0.297119 0.167236
v -0.029541 0.297119 0.164307
v -0.031982 0.289307 0.170654
v -0.031982 0.294189 0.165283
v -0.034424 0.293701 0.170654
v -0.031494 0.297119 0.158936
v -0.027100 0.286865 0.217529
v -0.021729 0.288818 0.223877
v -0.022217 0.286865 0.229736
v -0.027100 0.288818 0.222900
v -0.027588 0.288818 0.229736
v -0.022217 0.293213 0.221436
v -0.026611 0.289307 0.224854
v -0.027100 0.293213 0.225342
v -0.027588 0.293213 0.223877
v -0.030029 0.293213 0.229736
v -0.032471 0.289307 0.217041
v -0.034912 0.293213 0.217529
v -0.032471 0.293213 0.222900
v -0.119385 0.254639 0.249268
v -0.123779 0.309326 0.239990
v -0.025635 0.325439 0.158936
v -0.031006 0.327393 0.158936
v -0.028076 0.325439 0.162842
v -0.025635 0.327393 0.164795
v -0.025635 0.331787 0.167236
v -0.027588 0.330322 0.165283
v -0.031006 0.331787 0.164795
v -0.024658 0.343506 0.158936
v -0.030518 0.341064 0.158936
v -0.029541 0.340576 0.163818
v -0.025146 0.336670 0.167236
v -0.030518 0.336670 0.164795
v -0.028564 0.338623 0.166748
v -0.025146 0.341553 0.164795
v -0.029053 0.343018 0.164307
v -0.032959 0.325439 0.165283
v -0.035400 0.325439 0.170654
v -0.033447 0.331787 0.158936
v -0.032959 0.330322 0.171143
v -0.032471 0.336670 0.158936
v -0.033936 0.343018 0.166748
v -0.033936 0.338623 0.172607
v -0.036377 0.342529 0.172119
v -0.026611 0.361572 0.167236
v -0.026611 0.366455 0.164795
v -0.026611 0.368408 0.159424
v -0.030029 0.374756 0.164307
v -0.034424 0.361572 0.158936
v -0.031982 0.365967 0.158936
v -0.031982 0.361572 0.164795
v -0.034912 0.374756 0.166748
v -0.028076 0.325439 0.225830
v -0.028076 0.329834 0.223389
v -0.024658 0.338135 0.224365
v -0.030518 0.339600 0.224365
v -0.024658 0.342529 0.221924
v -0.030518 0.342529 0.224365
v -0.031006 0.343018 0.225830
v -0.024658 0.336182 0.230225
v -0.030518 0.338135 0.230225
v -0.031006 0.343506 0.229736
v -0.023682 0.342529 0.241943
v -0.035889 0.325439 0.217529
v -0.033447 0.329834 0.217529
v -0.034424 0.338135 0.218506
v -0.036865 0.342529 0.218506
v -0.033447 0.325439 0.223389
v -0.034912 0.342529 0.224365
v -0.032959 0.342529 0.230225
v -0.023193 0.343994 0.221924
v -0.029053 0.343994 0.224365
v -0.023682 0.348389 0.224365
v -0.028076 0.347900 0.225342
v -0.023682 0.350342 0.229736
v -0.029053 0.348389 0.229736
v -0.025635 0.368408 0.222412
v -0.031006 0.367920 0.224854
v -0.025635 0.372803 0.224854
v -0.030518 0.371826 0.225830
v -0.026123 0.374756 0.230713
v -0.024658 0.374756 0.241455
v -0.046143 0.371338 0.215088
v -0.032471 0.364502 0.232178
v -0.034912 0.364502 0.234131
v -0.031494 0.373779 0.225830
v -0.037842 0.374756 0.218994
v -0.033447 0.367920 0.230225
v -0.031494 0.372803 0.230713
v -0.036865 0.364502 0.237061
v -0.052490 0.364502 0.234131
v -0.054932 0.364502 0.232178
v -0.050537 0.364502 0.237061
v -0.069092 0.341553 0.241943
v -0.070068 0.373779 0.241455
v -0.116455 0.348389 0.241455
v -0.119873 0.346924 0.239014
v -0.122803 0.345947 0.237061
v -0.118408 0.348877 0.239502
v -0.122314 0.347412 0.244873
v -0.124268 0.347900 0.244385
v -0.124268 0.353760 0.235596
v -0.124268 0.370361 0.230225
v -0.123291 0.373291 0.230225
v -0.123291 0.373779 0.233643
v -0.123779 0.364014 0.235107
v -0.228760 0.267334 0.110107
v -0.216553 0.302490 0.124268
v -0.218506 0.304932 0.124268
v -0.229248 0.334717 0.124756
v -0.233643 0.340576 0.122803
v -0.234619 0.328369 0.121826
v -0.217529 0.347412 0.108154
v -0.218506 0.372803 0.107666
v -0.217529 0.364990 0.119873
v -0.217529 0.364990 0.123291
v -0.231689 0.368896 0.102783
v -0.218994 0.367920 0.119385
v -0.222900 0.370361 0.122803
v -0.220459 0.373291 0.119873
v -0.224365 0.371338 0.122803
v -0.170166 0.252197 0.176514
v -0.170654 0.256104 0.175537
v -0.168701 0.260498 0.178467
v -0.170654 0.260986 0.184326
v -0.173584 0.254639 0.179443
v -0.174072 0.254639 0.180420
v -0.177979 0.255127 0.183838
v -0.181396 0.291260 0.184326
v -0.176025 0.297607 0.186279
v -0.177490 0.302979 0.185303
v -0.127197 0.251709 0.248779
v -0.125732 0.260010 0.245361
v -0.179932 0.250732 0.193604
v -0.182861 0.255127 0.188232
v -0.183838 0.255127 0.188232
v -0.179443 0.261475 0.193115
v -0.128174 0.302002 0.233643
v -0.126709 0.298584 0.238037
v -0.129150 0.304443 0.241943
v -0.132080 0.304443 0.239014
v -0.128662 0.299072 0.243896
v -0.125244 0.305908 0.237549
v -0.125244 0.309814 0.245361
v -0.136475 0.304932 0.248779
v -0.139404 0.304932 0.245850
v -0.142822 0.304443 0.248291
v -0.170654 0.297119 0.190674
v -0.168701 0.297607 0.192627
v -0.173096 0.298584 0.188721
v -0.175537 0.297119 0.196533
v -0.175537 0.297119 0.197021
v -0.175537 0.297119 0.199463
v -0.180908 0.298096 0.194092
v -0.185303 0.298584 0.192139
v -0.185303 0.303467 0.189697
v -0.185791 0.297607 0.202393
v -0.232666 0.253662 0.125244
v -0.239990 0.253662 0.129150
v -0.249268 0.254150 0.152100
v -0.214600 0.298584 0.128174
v -0.216553 0.298584 0.133545
v -0.217041 0.308838 0.127686
v -0.222412 0.302979 0.127686
v -0.220947 0.304443 0.128662
v -0.227783 0.304443 0.135498
v -0.230225 0.303467 0.134033
v -0.233154 0.303955 0.135986
v -0.231201 0.303955 0.137939
v -0.218994 0.308838 0.131592
v -0.228760 0.309326 0.139404
v -0.225830 0.299072 0.142334
v -0.234131 0.298584 0.141846
v -0.236572 0.308838 0.138916
v -0.188232 0.250732 0.193115
v -0.187744 0.260498 0.192627
v -0.189209 0.291748 0.189209
v -0.199951 0.292725 0.201416
v -0.201416 0.293213 0.206299
v -0.197998 0.295166 0.212646
v -0.197021 0.304932 0.201416
v -0.189697 0.300049 0.205322
v -0.189209 0.299072 0.209229
v -0.192627 0.300049 0.206787
v -0.193604 0.300049 0.205811
v -0.192627 0.300049 0.211182
v -0.196533 0.299072 0.205811
v -0.198975 0.305420 0.206299
v -0.195557 0.305420 0.212646
v -0.170166 0.336182 0.174561
v -0.172119 0.339600 0.170654
v -0.176025 0.341553 0.175537
v -0.177490 0.342529 0.176025
v -0.172119 0.336670 0.180420
v -0.182861 0.342041 0.181885
v -0.184326 0.343018 0.182373
v -0.185791 0.341553 0.184326
v -0.187256 0.343506 0.184326
v -0.172119 0.347412 0.173584
v -0.173584 0.348389 0.179443
v -0.178467 0.356689 0.179443
v -0.186279 0.357178 0.183838
v -0.164795 0.363037 0.187256
v -0.170166 0.363037 0.184814
v -0.168213 0.363525 0.183838
v -0.173096 0.362061 0.181885
v -0.181885 0.363525 0.187256
v -0.173584 0.368408 0.179443
v -0.181885 0.368896 0.183350
v -0.128174 0.340088 0.235107
v -0.135986 0.340576 0.240479
v -0.180908 0.337158 0.189209
v -0.131104 0.347412 0.242920
v -0.125732 0.349365 0.246338
v -0.131592 0.354248 0.239502
v -0.125244 0.366455 0.231689
v -0.128662 0.368896 0.234131
v -0.125732 0.364502 0.240479
v -0.135986 0.365479 0.249756
v -0.129639 0.368408 0.235596
v -0.125244 0.374268 0.237549
v -0.136475 0.369385 0.239990
v -0.140381 0.369873 0.241943
v -0.136963 0.369385 0.242432
v -0.140381 0.369385 0.244873
v -0.135986 0.374756 0.245850
v -0.143799 0.365479 0.248779
v -0.143799 0.374268 0.244873
v -0.182861 0.349365 0.187744
v -0.170654 0.362061 0.192627
v -0.177490 0.363525 0.187744
v -0.177979 0.365479 0.193115
v -0.180908 0.363037 0.197998
v -0.226318 0.335693 0.127686
v -0.227783 0.334229 0.127686
v -0.234131 0.337646 0.134033
v -0.241943 0.328369 0.125732
v -0.237549 0.335693 0.129639
v -0.234619 0.333740 0.134521
v -0.240967 0.341064 0.126709
v -0.249756 0.342041 0.136475
v -0.242920 0.335205 0.142334
v -0.248291 0.335693 0.141846
v -0.242920 0.337646 0.141846
v -0.245850 0.337646 0.148193
v -0.246338 0.336182 0.147705
v -0.190674 0.348877 0.187256
v -0.218994 0.365479 0.127197
v -0.229248 0.366455 0.135498
v -0.230225 0.370850 0.128662
v -0.232178 0.370850 0.128662
v -0.233154 0.370850 0.129639
v -0.233643 0.370361 0.131104
v -0.236572 0.366455 0.135010
v -0.235107 0.371338 0.130615
v -0.189209 0.337158 0.188721
v -0.197510 0.358154 0.195068
v -0.199463 0.358643 0.200439
v -0.188721 0.364990 0.197510
v -0.189697 0.365479 0.200928
v -0.193115 0.364502 0.198975
v -0.192139 0.369873 0.192627
v -0.196045 0.370361 0.197998
v -0.189697 0.365967 0.204346
v -0.192139 0.364990 0.205322
v -0.196045 0.360596 0.206299
v -0.193604 0.369873 0.203857
v -0.030518 0.377197 0.063721
v -0.034912 0.379150 0.063721
v -0.059326 0.378174 0.063721
v -0.063721 0.376709 0.063721
v -0.029541 0.379639 0.167236
v -0.037354 0.375244 0.172607
v -0.034912 0.379639 0.172607
v -0.027100 0.378174 0.241455
v -0.031006 0.379639 0.241455
v -0.031494 0.376709 0.224854
v -0.035400 0.379150 0.218994
v -0.033936 0.428955 0.231201
v -0.036377 0.429443 0.233154
v -0.033447 0.432373 0.233643
v -0.038330 0.429443 0.236084
v -0.036377 0.432373 0.236572
v -0.038330 0.432373 0.239990
v -0.033447 0.433838 0.236084
v -0.035889 0.433838 0.239502
v -0.037842 0.433838 0.241943
v -0.053955 0.428955 0.233154
v -0.056396 0.428955 0.231201
v -0.056885 0.432373 0.233643
v -0.052002 0.429443 0.236084
v -0.053955 0.432373 0.236572
v -0.052002 0.432373 0.239990
v -0.052490 0.433838 0.241943
v -0.054443 0.433838 0.239502
v -0.056885 0.433350 0.236084
v -0.064209 0.378662 0.241455
v -0.068115 0.377197 0.241455
v -0.122803 0.428467 0.225830
v -0.122803 0.428467 0.229736
v -0.124756 0.428955 0.233643
v -0.116943 0.436768 0.232666
v -0.123779 0.430908 0.225342
v -0.124756 0.430420 0.227783
v -0.119385 0.436279 0.230713
v -0.122803 0.438721 0.236572
v -0.225342 0.376709 0.107666
v -0.218994 0.376221 0.122803
v -0.219482 0.419189 0.124268
v -0.231689 0.415771 0.118408
v -0.239014 0.416260 0.122314
v -0.220459 0.422607 0.121338
v -0.226318 0.422119 0.120850
v -0.224365 0.423096 0.123291
v -0.224365 0.424072 0.124268
v -0.171143 0.419189 0.171631
v -0.172119 0.419189 0.175537
v -0.181396 0.420166 0.184326
v -0.168213 0.429443 0.177979
v -0.165283 0.430908 0.180908
v -0.171143 0.432373 0.186279
v -0.173584 0.423096 0.169189
v -0.173584 0.424072 0.174561
v -0.176025 0.424072 0.172119
v -0.182373 0.425049 0.177490
v -0.181885 0.424561 0.178467
v -0.185791 0.424561 0.179932
v -0.177979 0.430420 0.181885
v -0.128174 0.433350 0.228760
v -0.132080 0.430908 0.231689
v -0.135498 0.429932 0.241455
v -0.139893 0.433350 0.237061
v -0.136475 0.433838 0.234619
v -0.143311 0.429932 0.240479
v -0.145264 0.431885 0.245361
v -0.146240 0.432373 0.248779
v -0.181396 0.432373 0.191650
v -0.220947 0.376221 0.127197
v -0.230713 0.375732 0.135010
v -0.238525 0.375244 0.134521
v -0.189209 0.420654 0.183350
v -0.220947 0.419678 0.128174
v -0.230713 0.419189 0.136475
v -0.238525 0.419189 0.135986
v -0.248291 0.417236 0.131592
v -0.248291 0.419189 0.143799
v -0.232178 0.424072 0.130127
v -0.233154 0.424561 0.129150
v -0.235107 0.423584 0.132568
v -0.239014 0.425049 0.136963
v -0.246338 0.423584 0.140869
v -0.192627 0.425049 0.187744
v -0.193604 0.427002 0.198975
v -0.196045 0.425537 0.192627
v -0.189209 0.430420 0.191162
v -0.189697 0.430420 0.198486
v -0.135986 0.439209 0.248779
v -0.002686 0.256104 0.295166
v -0.003174 0.261475 0.291748
v -0.004150 0.265381 0.294189
v -0.002197 0.253662 0.304443
v -0.004150 0.253174 0.298584
v -0.000732 0.258057 0.297607
v -0.002197 0.266357 0.299561
v -0.023193 0.286377 0.266846
v -0.023193 0.288330 0.272705
v -0.026611 0.288330 0.272217
v -0.028564 0.288330 0.266846
v -0.028076 0.288818 0.271729
v -0.026611 0.283936 0.274658
v -0.026611 0.281982 0.280029
v -0.031006 0.293213 0.266846
v -0.029053 0.293213 0.272705
v -0.023682 0.293213 0.275146
v -0.004639 0.309814 0.296143
v -0.031982 0.283936 0.280029
v -0.031982 0.288330 0.274658
v -0.034424 0.287842 0.280029
v -0.020752 0.287842 0.327393
v -0.026611 0.281494 0.321533
v -0.026611 0.282959 0.326904
v -0.020264 0.283447 0.329834
v -0.020264 0.281494 0.335205
v -0.025146 0.283936 0.330322
v -0.026123 0.283447 0.335205
v -0.026611 0.287842 0.329346
v -0.029053 0.287842 0.334717
v -0.031982 0.283447 0.321045
v -0.034424 0.287354 0.321045
v -0.031982 0.287354 0.326904
v -0.085205 0.256592 0.293701
v -0.084229 0.262451 0.290771
v -0.088135 0.260986 0.295654
v -0.083740 0.253174 0.297119
v -0.085693 0.254150 0.302490
v -0.089111 0.259033 0.298096
v -0.083252 0.266357 0.293701
v -0.085205 0.267334 0.298584
v -0.116943 0.254639 0.251221
v -0.124268 0.252686 0.251221
v -0.122314 0.253174 0.256592
v -0.095459 0.255127 0.312256
v -0.103271 0.255127 0.312256
v -0.096924 0.260010 0.305420
v -0.100342 0.259521 0.307861
v -0.098389 0.262451 0.305420
v -0.095459 0.268311 0.308838
v -0.102783 0.267822 0.308350
v -0.087646 0.308350 0.293701
v -0.093994 0.310791 0.298096
v -0.094971 0.312256 0.302002
v -0.027588 0.317139 0.272705
v -0.027588 0.321533 0.275146
v -0.030029 0.326904 0.278564
v -0.025635 0.335693 0.267822
v -0.028076 0.330322 0.275635
v -0.026123 0.337646 0.273193
v -0.030518 0.338135 0.272217
v -0.030029 0.343506 0.272705
v -0.024658 0.343506 0.275146
v -0.026123 0.342041 0.275635
v -0.011475 0.319092 0.295654
v -0.012939 0.318115 0.295654
v -0.005615 0.327393 0.295166
v -0.001709 0.320068 0.304443
v -0.004150 0.319580 0.300537
v -0.002197 0.321045 0.305908
v -0.030029 0.325439 0.282959
v -0.032959 0.316650 0.275146
v -0.035400 0.316650 0.280518
v -0.032959 0.321045 0.280518
v -0.032471 0.330322 0.277588
v -0.031494 0.337646 0.267334
v -0.032471 0.343506 0.267334
v -0.033936 0.342041 0.267822
v -0.031494 0.342041 0.273193
v -0.034912 0.330322 0.282959
v -0.004150 0.348389 0.280518
v -0.024658 0.350342 0.267334
v -0.024658 0.348389 0.273193
v -0.030029 0.348389 0.267334
v -0.029541 0.347900 0.272217
v -0.028076 0.364502 0.275635
v -0.029053 0.364502 0.276123
v -0.027100 0.374268 0.267822
v -0.027100 0.367920 0.276123
v -0.028076 0.368408 0.278076
v -0.029053 0.368408 0.278076
v -0.027100 0.372314 0.273682
v -0.005127 0.345459 0.284424
v -0.003174 0.346436 0.289795
v -0.000732 0.352295 0.285889
v -0.004639 0.353760 0.281494
v -0.003662 0.358154 0.288818
v -0.005615 0.357178 0.283936
v -0.042725 0.364502 0.255127
v -0.044678 0.364502 0.255127
v -0.043701 0.364502 0.256104
v -0.033447 0.364014 0.278076
v -0.034424 0.367920 0.267822
v -0.032471 0.372314 0.267822
v -0.031494 0.371826 0.272705
v -0.032471 0.367920 0.273682
v -0.035889 0.364014 0.283447
v -0.033447 0.367920 0.283936
v -0.042725 0.364990 0.297119
v -0.043701 0.364990 0.298096
v -0.044678 0.364990 0.297119
v -0.051514 0.364990 0.281494
v -0.003662 0.322021 0.312744
v -0.004150 0.322021 0.316650
v -0.000244 0.327881 0.317139
v -0.025635 0.317139 0.327393
v -0.027588 0.320068 0.327393
v -0.025146 0.324463 0.327393
v -0.031006 0.324951 0.320557
v -0.030029 0.325439 0.327881
v -0.030518 0.326416 0.325439
v -0.027588 0.315674 0.329834
v -0.031006 0.317627 0.329346
v -0.021240 0.325928 0.340088
v -0.021240 0.325928 0.342041
v -0.026611 0.321533 0.329834
v -0.025146 0.322510 0.332764
v -0.030518 0.321045 0.330322
v -0.027588 0.322998 0.335205
v -0.031006 0.324463 0.332275
v -0.025635 0.329346 0.324951
v -0.031006 0.329346 0.326904
v -0.015869 0.330322 0.341064
v -0.015381 0.322021 0.343994
v -0.022705 0.322510 0.347900
v -0.022705 0.330811 0.344971
v -0.032959 0.315674 0.327393
v -0.035400 0.316162 0.321533
v -0.032959 0.320557 0.321533
v -0.032959 0.317627 0.334717
v -0.031494 0.321533 0.335205
v -0.044678 0.325439 0.342041
v -0.044678 0.325928 0.343506
v -0.033447 0.329834 0.325928
v -0.035889 0.329834 0.320557
v -0.033447 0.328857 0.332275
v -0.045166 0.322510 0.348877
v -0.045166 0.330322 0.345947
v -0.026123 0.360596 0.325928
v -0.026123 0.364990 0.328369
v -0.026123 0.366943 0.334229
v -0.031006 0.364502 0.328369
v -0.031982 0.360596 0.327393
v -0.034424 0.363037 0.326416
v -0.036865 0.363037 0.321045
v -0.033936 0.366455 0.325439
v -0.034424 0.367432 0.321045
v -0.033936 0.360596 0.332764
v -0.031982 0.364990 0.333252
v -0.079346 0.316650 0.293701
v -0.081299 0.317627 0.293701
v -0.087158 0.325928 0.292725
v -0.085205 0.320068 0.311279
v -0.087158 0.317627 0.299072
v -0.088623 0.318115 0.299072
v -0.089111 0.318115 0.302002
v -0.089600 0.318604 0.301025
v -0.086182 0.319580 0.307373
v -0.093018 0.324951 0.297119
v -0.089600 0.325928 0.311279
v -0.093994 0.324951 0.301514
v -0.086182 0.349854 0.279541
v -0.085693 0.355225 0.280029
v -0.085205 0.346924 0.283447
v -0.086670 0.347412 0.288818
v -0.084717 0.358643 0.282471
v -0.089600 0.353760 0.284424
v -0.090088 0.352295 0.283936
v -0.086670 0.359131 0.287354
v -0.097900 0.353271 0.291748
v -0.100342 0.354736 0.293213
v -0.101807 0.352783 0.294678
v -0.096924 0.348389 0.299072
v -0.104736 0.348389 0.298584
v -0.096924 0.360107 0.296631
v -0.104248 0.359619 0.296143
v -0.075928 0.320068 0.337646
v -0.069092 0.321045 0.342529
v -0.070068 0.324463 0.336670
v -0.070557 0.323975 0.334717
v -0.090088 0.315186 0.312744
v -0.069092 0.329346 0.340088
v -0.075439 0.328857 0.335205
v -0.019287 0.280518 0.377686
v -0.036377 0.280029 0.382080
v -0.035400 0.274170 0.387939
v -0.041748 0.279541 0.387939
v -0.031982 0.272705 0.416260
v -0.038330 0.278076 0.416748
v -0.031494 0.278076 0.422607
v -0.019287 0.282471 0.383057
v -0.019775 0.286865 0.385498
v -0.025146 0.282471 0.377686
v -0.024170 0.282959 0.382568
v -0.028076 0.286865 0.377686
v -0.025635 0.286865 0.383545
v -0.005127 0.290771 0.418701
v -0.012451 0.296631 0.419189
v -0.000732 0.291748 0.486572
v -0.003662 0.301514 0.492920
v -0.008057 0.297607 0.487061
v -0.022217 0.314697 0.386475
v -0.023193 0.319092 0.384033
v -0.030518 0.315674 0.378174
v -0.029053 0.319580 0.378174
v -0.028076 0.315186 0.384033
v -0.027588 0.318604 0.383057
v -0.024170 0.321045 0.378174
v -0.030029 0.322998 0.378174
v -0.024170 0.322510 0.384033
v -0.029053 0.323486 0.383057
v -0.024658 0.326904 0.386475
v -0.030029 0.326904 0.384033
v -0.032471 0.327393 0.378174
v -0.025146 0.358154 0.387451
v -0.030518 0.358154 0.385010
v -0.017334 0.353760 0.395264
v -0.017334 0.351807 0.401123
v -0.031006 0.363037 0.379639
v -0.025146 0.364990 0.379639
v -0.025146 0.363037 0.385010
v -0.030029 0.362061 0.384033
v -0.016357 0.354736 0.424072
v -0.010010 0.361084 0.424561
v -0.032959 0.358643 0.379150
v -0.044189 0.374756 0.392334
v -0.040283 0.373291 0.421631
v -0.033447 0.373291 0.427490
v -0.007080 0.353271 0.494873
v -0.011475 0.356689 0.489502
v -0.005127 0.363037 0.489990
v -0.001709 0.359619 0.495361
v -0.128174 0.254639 0.254150
v -0.130127 0.255127 0.258545
v -0.136475 0.252686 0.254639
v -0.135498 0.255615 0.265381
v -0.133545 0.260498 0.250244
v -0.140381 0.256104 0.268799
v -0.139893 0.257568 0.272705
v -0.143311 0.261963 0.262451
v -0.147705 0.253662 0.267334
v -0.147705 0.253662 0.273193
v -0.140869 0.257080 0.269287
v -0.146240 0.262939 0.268799
v -0.145264 0.262939 0.272217
v -0.137939 0.300049 0.253174
v -0.139893 0.305908 0.250732
v -0.135498 0.310791 0.254639
v -0.145752 0.300049 0.252686
v -0.143311 0.310303 0.253662
v -0.145264 0.341064 0.252197
v -0.148193 0.342041 0.259033
v -0.147217 0.343018 0.262451
v -0.137939 0.348877 0.253662
v -0.138916 0.349365 0.255615
v -0.135498 0.348877 0.258057
v -0.139404 0.350342 0.260010
v -0.142334 0.348389 0.261475
v -0.143311 0.347900 0.258057
v -0.144775 0.355225 0.253174
v -0.145752 0.355713 0.256592
v -0.144287 0.355713 0.260986
v -0.006104 0.384521 0.289795
v -0.054443 0.392334 0.277100
v -0.007080 0.436768 0.273193
v -0.006592 0.434326 0.281006
v -0.008057 0.434326 0.276123
v -0.044189 0.429443 0.254150
v -0.045166 0.429443 0.255127
v -0.046143 0.429443 0.254150
v -0.044189 0.432373 0.257080
v -0.046143 0.432373 0.257080
v -0.045166 0.432373 0.258545
v -0.043701 0.433838 0.261475
v -0.046631 0.433838 0.261475
v -0.045166 0.433838 0.262939
v -0.034424 0.429443 0.276611
v -0.035889 0.429443 0.278076
v -0.037354 0.429443 0.280518
v -0.033447 0.433838 0.269287
v -0.036377 0.433838 0.271240
v -0.033936 0.432373 0.273682
v -0.036377 0.432373 0.275146
v -0.037842 0.432373 0.277588
v -0.038818 0.433838 0.273682
v -0.054443 0.429443 0.278076
v -0.052979 0.429443 0.280518
v -0.055908 0.429443 0.276611
v -0.053955 0.433838 0.271240
v -0.054443 0.432373 0.275146
v -0.052490 0.432373 0.277588
v -0.051514 0.433838 0.273682
v -0.056885 0.433838 0.269287
v -0.056396 0.432373 0.273682
v -0.044189 0.433838 0.286865
v -0.046143 0.433838 0.286865
v -0.045166 0.433838 0.288330
v -0.044189 0.432373 0.292236
v -0.046143 0.432373 0.292236
v -0.044189 0.429932 0.296143
v -0.046143 0.429932 0.296143
v -0.045166 0.432373 0.293213
v -0.045166 0.429443 0.297119
v -0.000732 0.386475 0.313232
v -0.016846 0.388916 0.338623
v -0.024170 0.388916 0.342529
v -0.046631 0.388916 0.343506
v -0.088623 0.382568 0.287354
v -0.091553 0.384521 0.305908
v -0.094482 0.383057 0.292236
v -0.095947 0.383545 0.296631
v -0.085205 0.435303 0.275146
v -0.087158 0.435791 0.280029
v -0.089111 0.436279 0.278564
v -0.097412 0.436768 0.289307
v -0.104736 0.436768 0.288818
v -0.077393 0.386963 0.331787
v -0.071045 0.387939 0.337158
v -0.003174 0.439209 0.277100
v -0.006104 0.438232 0.281006
v -0.014893 0.444092 0.281006
v -0.007080 0.448486 0.286377
v -0.003662 0.449463 0.290771
v -0.006104 0.451416 0.302979
v -0.000732 0.447021 0.305420
v -0.017822 0.451416 0.331787
v -0.025146 0.451904 0.335693
v -0.023682 0.455811 0.329834
v -0.047607 0.451904 0.336670
v -0.047607 0.455322 0.331299
v -0.080811 0.442627 0.279053
v -0.086182 0.438232 0.272217
v -0.090576 0.440186 0.276123
v -0.088135 0.446533 0.283936
v -0.090576 0.447510 0.287354
v -0.092041 0.445068 0.299072
v -0.087158 0.449463 0.297119
v -0.095459 0.439697 0.282959
v -0.098389 0.441162 0.282959
v -0.096924 0.442139 0.287354
v -0.101807 0.440674 0.284912
v -0.072021 0.450439 0.329834
v -0.078857 0.449463 0.324951
v -0.072998 0.454346 0.323975
v -0.038818 0.375244 0.385986
v -0.037842 0.380615 0.392334
v -0.034424 0.379150 0.422119
v -0.144775 0.433350 0.252686
v -0.139893 0.438232 0.250732
v -0.267822 0.252197 0.072998
v -0.272217 0.254639 0.076416
v -0.274170 0.255615 0.075439
v -0.270264 0.261475 0.075928
v -0.276611 0.255127 0.078857
v -0.279053 0.255615 0.082275
v -0.271729 0.261963 0.081299
v -0.280518 0.262451 0.090088
v -0.281982 0.255127 0.084717
v -0.282471 0.255615 0.084229
v -0.284424 0.250244 0.088623
v -0.285400 0.256104 0.086670
v -0.288330 0.261963 0.090088
v -0.280518 0.291748 0.072021
v -0.275146 0.298584 0.074951
v -0.277588 0.304932 0.073975
v -0.271240 0.299072 0.079834
v -0.272217 0.299561 0.078369
v -0.273682 0.298096 0.084229
v -0.280029 0.301025 0.085205
v -0.288330 0.291748 0.076416
v -0.297119 0.291748 0.087158
v -0.285400 0.305420 0.077881
v -0.283936 0.299072 0.080322
v -0.281494 0.299561 0.082275
v -0.285400 0.299072 0.092041
v -0.287354 0.301025 0.092041
v -0.293213 0.298584 0.091553
v -0.296631 0.305908 0.088623
v -0.299561 0.306396 0.093506
v -0.299561 0.292236 0.093994
v -0.298584 0.293213 0.096924
v -0.292236 0.300049 0.094482
v -0.295166 0.297607 0.097412
v -0.294678 0.302002 0.097900
v -0.298584 0.305908 0.096924
v -0.330322 0.250732 0.037842
v -0.339111 0.251221 0.035400
v -0.341553 0.251709 0.033936
v -0.340576 0.251221 0.048096
v -0.347412 0.257568 0.031006
v -0.345947 0.250244 0.038330
v -0.353760 0.257568 0.035889
v -0.351318 0.250732 0.050537
v -0.354736 0.251221 0.052979
v -0.356689 0.255127 0.058350
v -0.361084 0.258057 0.049072
v -0.362061 0.258545 0.054443
v -0.273193 0.344482 0.075439
v -0.273193 0.351318 0.071533
v -0.275146 0.347412 0.073486
v -0.278564 0.346436 0.075439
v -0.274170 0.348877 0.072021
v -0.279541 0.349854 0.076904
v -0.272705 0.352295 0.075439
v -0.274658 0.344482 0.080811
v -0.274170 0.352295 0.078857
v -0.272705 0.365479 0.073486
v -0.278076 0.359619 0.070068
v -0.274170 0.370361 0.077393
v -0.276123 0.370850 0.075439
v -0.279541 0.368408 0.082764
v -0.256104 0.346436 0.108154
v -0.257080 0.371826 0.107666
v -0.285400 0.346924 0.080811
v -0.286865 0.346924 0.082275
v -0.288330 0.347412 0.083252
v -0.285889 0.350342 0.083252
v -0.288818 0.349854 0.085693
v -0.283447 0.344971 0.089600
v -0.290771 0.344482 0.089600
v -0.283447 0.352783 0.086670
v -0.291260 0.352295 0.086182
v -0.285889 0.359619 0.073975
v -0.281982 0.366455 0.077393
v -0.296143 0.360107 0.083740
v -0.292236 0.366943 0.093506
v -0.293213 0.366455 0.088135
v -0.281982 0.369385 0.080322
v -0.289795 0.367920 0.089111
v -0.293701 0.368896 0.089600
v -0.299561 0.360596 0.089600
v -0.298584 0.362061 0.093018
v -0.299561 0.374756 0.084717
v -0.302490 0.374756 0.090088
v -0.295654 0.370361 0.095459
v -0.299072 0.373779 0.095459
v -0.320557 0.318604 0.030029
v -0.327393 0.321045 0.029053
v -0.342041 0.343018 0.029541
v -0.319580 0.315186 0.031982
v -0.320557 0.314697 0.036865
v -0.324951 0.321045 0.033447
v -0.325928 0.324951 0.032471
v -0.326904 0.324951 0.035400
v -0.331299 0.319092 0.031982
v -0.329834 0.315186 0.045166
v -0.337646 0.319580 0.037842
v -0.336670 0.315186 0.044678
v -0.340576 0.320068 0.039795
v -0.331787 0.321045 0.039307
v -0.334229 0.320557 0.041260
v -0.335693 0.325439 0.043213
v -0.343018 0.325439 0.043213
v -0.339111 0.342529 0.031982
v -0.342529 0.341064 0.035400
v -0.343018 0.342041 0.035400
v -0.350342 0.334717 0.031494
v -0.356689 0.334717 0.036377
v -0.345459 0.341064 0.033936
v -0.348877 0.342529 0.033936
v -0.351318 0.342041 0.038330
v -0.353271 0.342041 0.044189
v -0.357666 0.343506 0.044189
v -0.359131 0.342041 0.051025
v -0.359131 0.340576 0.057861
v -0.363037 0.335205 0.047607
v -0.364502 0.335693 0.053955
v -0.347412 0.348389 0.026123
v -0.354248 0.348389 0.030518
v -0.345459 0.343994 0.038818
v -0.355225 0.343994 0.050537
v -0.356689 0.344482 0.050049
v -0.362061 0.348877 0.040283
v -0.364014 0.349365 0.045654
v -0.360596 0.348877 0.050537
v -0.250732 0.254150 0.141357
v -0.252686 0.254639 0.146729
v -0.252197 0.328857 0.137451
v -0.250732 0.331299 0.148193
v -0.254150 0.329346 0.142822
v -0.253174 0.343018 0.142822
v -0.250244 0.343018 0.148682
v -0.406006 0.320068 0.000732
v -0.404541 0.320068 0.007080
v -0.402588 0.321533 0.000732
v -0.410400 0.313721 0.004150
v -0.406982 0.318604 0.005615
v -0.406494 0.314697 0.008545
v -0.415283 0.322510 0.003174
v -0.417725 0.326904 0.005615
v -0.418701 0.327393 0.002197
v -0.250244 0.376221 0.107666
v -0.281982 0.376221 0.071045
v -0.289795 0.375244 0.074951
v -0.273193 0.419189 0.068604
v -0.272705 0.419189 0.072021
v -0.274170 0.419189 0.075928
v -0.274170 0.422119 0.068604
v -0.277100 0.423584 0.075928
v -0.278564 0.424561 0.072021
v -0.274170 0.424561 0.078857
v -0.281982 0.418213 0.072021
v -0.289795 0.418213 0.075928
v -0.283447 0.419678 0.083740
v -0.291260 0.419678 0.083252
v -0.299561 0.417725 0.085693
v -0.302979 0.417236 0.091553
v -0.284912 0.424561 0.077393
v -0.283936 0.425537 0.085693
v -0.285889 0.424072 0.080322
v -0.288330 0.424072 0.079834
v -0.296631 0.423096 0.091064
v -0.293213 0.424072 0.092529
v -0.299561 0.418701 0.096924
v -0.298584 0.420654 0.095947
v -0.324463 0.405518 0.031494
v -0.325439 0.405518 0.034424
v -0.334229 0.406006 0.042236
v -0.341064 0.406006 0.042236
v -0.325439 0.408936 0.028076
v -0.329346 0.411377 0.031006
v -0.339111 0.421631 0.028076
v -0.341553 0.420654 0.025635
v -0.336182 0.411377 0.036865
v -0.338623 0.410889 0.038818
v -0.346924 0.414795 0.023193
v -0.348877 0.421631 0.030029
v -0.354248 0.415283 0.027100
v -0.362061 0.415771 0.036865
v -0.364014 0.415771 0.042236
v -0.359619 0.421143 0.043213
v -0.359619 0.420166 0.045654
v -0.360596 0.417236 0.047119
v -0.353271 0.423096 0.040771
v -0.251709 0.417725 0.137939
v -0.416748 0.406494 0.002686
f 5 6 7
f 242 11 10
f 22 23 25
f 50 51 253
f 20 21 24
f 58 60 61
f 33 35 49
f 32 34 36
f 93 96 100
f 46 45 43
f 95 98 125
f 44 47 48
f 112 118 120
f 117 116 113
f 322 320 318
f 56 57 62
f 56 62 64
f 62 63 64
f 65 63 62
f 66 65 59
f 99 102 126
f 77 76 75
f 2259 176 175
f 174 173 78
f 147 148 171
f 200 199 172
f 101 97 94
f 115 121 122
f 131 132 137
f 124 123 119
f 982 983 985
f 164 157 156
f 158 159 169
f 135 136 138
f 187 186 183
f 163 166 167
f 1001 168 152
f 165 168 170
f 196 195 194
f 177 178 2266
f 229 230 2299
f 184 185 188
f 210 211 214
f 193 197 198
f 224 220 219
f 204 205 207
f 209 207 205
f 207 212 2286
f 2288 2287 2286
f 212 216 2292
f 2292 2286 212
f 2290 2288 2286
f 2294 2290 2286
f 2286 2292 2294
f 217 216 215
f 2292 2293 2296
f 2296 2294 2292
f 241 240 234
f 280 286 292
f 249 246 243
f 246 249 250
f 254 252 248
f 309 319 329
f 259 260 261
f 257 258 272
f 9542 9120 9083
f 709 711 712
f 348 347 346
f 714 706 264
f 716 717 718
f 1011 358 353
f 596 597 1736
f 1736 1273 596
f 4576 13787 14481
f 13788 13787 4576
f 9120 9542 10666
f 285 284 282
f 284 285 286
f 288 287 283
f 287 288 290
f 287 290 291
f 288 289 290
f 307 310 323
f 327 323 310
f 330 327 310
f 294 301 303
f 295 299 301
f 296 297 298
f 296 298 302
f 302 300 296
f 304 302 298
f 6402 6403 6405
f 6407 6405 6403
f 6405 6407 6414
f 385 378 374
f 380 377 375
f 370 378 385
f 390 378 370
f 377 380 382
f 418 382 380
f 327 325 323
f 321 314 313
f 326 321 313
f 313 324 326
f 321 326 328
f 331 333 334
f 343 334 333
f 333 341 343
f 360 363 367
f 364 370 385
f 371 367 363
f 371 368 367
f 343 342 334
f 335 337 338
f 449 448 447
f 431 435 438
f 438 437 436
f 435 437 438
f 998 997 995
f 989 990 8884
f 355 357 359
f 478 479 484
f 363 366 371
f 384 372 365
f 372 379 387
f 384 379 372
f 376 379 384
f 427 434 444
f 437 435 428
f 434 439 446
f 446 444 434
f 377 382 386
f 6440 6441 6444
f 6449 6444 6441
f 6449 6448 6444
f 6418 6420 6421
f 6423 6420 6418
f 6428 6421 6420
f 393 392 391
f 392 393 400
f 400 398 392
f 393 399 400
f 497 496 495
f 398 400 405
f 402 400 399
f 400 402 405
f 496 497 499
f 499 498 496
f 405 404 401
f 402 404 405
f 402 403 404
f 498 499 501
f 406 409 413
f 406 413 6434
f 504 501 499
f 503 502 501
f 504 503 501
f 410 409 408
f 409 410 413
f 413 412 407
f 410 412 413
f 6434 413 407
f 410 411 412
f 458 412 411
f 457 458 459
f 509 507 506
f 510 508 507
f 507 509 512
f 512 510 507
f 508 510 514
f 446 445 444
f 6455 6456 6463
f 6463 6460 6459
f 6456 6460 6463
f 454 452 451
f 6465 6466 6467
f 515 514 510
f 514 515 516
f 481 482 485
f 6479 6474 6473
f 500 499 497
f 499 500 504
f 503 504 505
f 509 511 512
f 6493 512 511
f 510 512 513
f 510 513 515
f 6493 513 512
f 547 550 551
f 547 551 574
f 580 574 551
f 580 577 574
f 553 551 550
f 639 620 619
f 542 544 556
f 542 556 578
f 559 556 544
f 562 559 544
f 558 557 556
f 559 558 556
f 556 557 578
f 5740 644 578
f 632 631 629
f 644 633 632
f 629 631 647
f 640 580 551
f 651 580 564
f 580 640 643
f 580 10518 10520
f 1599 674 671
f 567 566 565
f 5802 5785 566
f 564 650 651
f 648 647 631
f 650 648 631
f 648 649 650
f 648 650 651
f 660 658 648
f 567 571 573
f 573 572 567
f 573 571 570
f 663 665 666
f 4780 4759 583
f 10573 4780 583
f 4778 4762 4759
f 4780 4778 4759
f 4858 4805 4780
f 4874 4858 4780
f 14674 4874 4780
f 4780 10573 14649
f 680 678 676
f 677 678 679
f 680 679 678
f 11502 1736 597
f 597 10495 11891
f 11891 11502 597
f 1273 1736 5635
f 5895 5893 1736
f 11502 5895 1736
f 4749 5635 14710
f 4749 14710 14825
f 10556 10822 13165
f 12567 11891 10495
f 5895 11502 13625
f 11502 11891 13625
f 11891 12567 13624
f 607 606 605
f 8652 8651 8649
f 8662 8664 8665
f 626 625 624
f 625 626 642
f 627 624 623
f 10509 10514 10516
f 10514 10515 10517
f 10517 10516 10514
f 10529 654 652
f 10530 10529 10528
f 5740 5741 5752
f 5752 5751 5740
f 660 658 654
f 660 655 654
f 10529 10530 10531
f 10534 661 660
f 10538 10536 10534
f 13624 5901 1633
f 1633 10537 13624
f 10535 10536 10538
f 1644 1639 1637
f 1639 1644 1645
f 1636 1638 1641
f 1637 1639 1640
f 8761 8764 8765
f 679 680 681
f 692 691 690
f 693 694 695
f 2906 2905 2904
f 2910 2911 2912
f 698 697 696
f 2915 2914 2913
f 699 700 701
f 2916 2917 2918
f 725 727 728
f 735 728 727
f 741 740 738
f 729 730 731
f 757 758 760
f 782 785 788
f 867 868 869
f 867 869 970
f 5731 5727 1053
f 5727 5731 5732
f 1056 1057 1058
f 1068 1062 1061
f 1064 1065 1066
f 1278 1276 1275
f 1124 1125 1126
f 1131 1130 1129
f 1109 1110 1121
f 1112 1111 1110
f 1113 1112 1110
f 1110 1111 1121
f 1113 1118 1175
f 1118 1139 1140
f 1121 1122 1151
f 1151 1150 1121
f 1141 1139 1138
f 1173 1177 1180
f 1116 1115 1114
f 1117 1119 1120
f 1152 1151 1122
f 1150 1151 1154
f 1151 1152 1156
f 1156 1154 1151
f 1182 1181 1180
f 1182 1180 1177
f 1134 1133 1132
f 1160 1162 1163
f 1149 1147 1141
f 1203 1202 1192
f 1210 1203 1192
f 1153 1154 1155
f 1159 1155 1154
f 1154 1157 1159
f 1154 1156 1158
f 1144 1143 1142
f 1143 1144 1148
f 1148 1145 1143
f 1355 1356 1357
f 1203 1210 1211
f 1195 1196 1205
f 1361 1360 1359
f 1226 1218 1200
f 1360 1361 1366
f 1207 1198 1195
f 1195 1205 1207
f 1209 1200 1199
f 1200 1209 1226
f 1183 1182 1177
f 1176 1178 1179
f 1205 1206 1207
f 1202 1203 1204
f 1208 1223 1224
f 1209 1225 1226
f 1251 1213 1201
f 1247 1215 1213
f 1251 1247 1213
f 1217 1216 1212
f 1239 1242 1269
f 1212 1214 1219
f 1219 1217 1212
f 3470 3474 3478
f 3469 3497 3501
f 1238 1240 1241
f 1433 1429 1427
f 1222 1221 1220
f 1262 1260 1237
f 1258 1260 1261
f 1262 1261 1260
f 1375 1376 1377
f 1433 1432 1430
f 1433 1430 1429
f 1261 1262 1263
f 1271 1269 1242
f 1272 1271 1242
f 1271 1270 1269
f 1259 1264 1266
f 1267 1266 1264
f 1266 1267 1268
f 1264 1265 1267
f 1468 1469 1473
f 1291 1288 1285
f 1341 1321 1320
f 1480 1481 1482
f 1330 1332 1352
f 1488 1490 1491
f 1360 1366 1367
f 1374 1365 1358
f 1358 1370 1371
f 1358 1371 1374
f 1362 1368 1369
f 1362 1369 1373
f 1373 1372 1362
f 1426 1428 1434
f 1425 1438 1448
f 1431 1435 1441
f 1451 1441 1435
f 1451 1442 1441
f 1391 1386 1385
f 1387 1388 1397
f 1388 1389 1397
f 1438 1439 1448
f 1381 1455 1459
f 1456 1455 1381
f 1452 1444 1378
f 1384 1383 1382
f 1415 1406 1405
f 1447 1445 1444
f 1452 1447 1444
f 1455 1456 1468
f 1470 1459 1455
f 1455 1468 1470
f 1458 1384 1382
f 1382 1457 1458
f 1413 1414 1419
f 1420 1419 1414
f 1535 1420 1414
f 1478 1477 1471
f 1400 1397 1389
f 1523 1522 1507
f 1523 1507 1503
f 1394 1393 1390
f 1393 1394 1395
f 1393 1395 1404
f 1396 1398 1402
f 3454 3453 3451
f 1497 1502 1506
f 1398 1399 1401
f 1398 1401 1402
f 1498 1499 1500
f 1511 1500 1499
f 3489 3455 3452
f 1509 1504 1501
f 1503 1507 1508
f 1510 1505 1504
f 1504 1509 1510
f 3455 3489 3490
f 1540 1532 1531
f 1531 1539 1540
f 1408 1410 1411
f 1412 1410 1409
f 1412 1411 1410
f 1416 1418 1424
f 1541 1538 1520
f 1423 1422 1416
f 3475 3494 3500
f 1424 1423 1416
f 1543 1541 1520
f 1419 1420 1421
f 1524 1535 1547
f 1535 1537 1547
f 1533 1542 1546
f 3495 3496 3502
f 1549 1548 1546
f 3503 3502 3496
f 3575 3503 3496
f 1549 1546 1542
f 1449 1448 1439
f 1435 1450 1451
f 1466 1461 1454
f 1475 1466 1454
f 1475 1474 1466
f 1463 1467 1471
f 1478 1471 1467
f 1467 1476 1478
f 1540 1534 1532
f 1547 1537 1536
f 1485 1486 1515
f 1519 1494 1492
f 1500 1511 1512
f 1513 1510 1509
f 3570 3499 3498
f 3499 3570 3572
f 3570 3571 3572
f 1541 1543 1544
f 1521 1525 1526
f 1529 1528 1527
f 1542 1545 1549
f 3583 3580 3578
f 3586 3587 3588
f 3588 3576 3575
f 3575 3586 3588
f 1595 1597 1598
f 1620 1615 1614
f 1614 1619 1620
f 1628 1667 1669
f 1664 1665 1667
f 1668 1667 1665
f 1667 1668 1669
f 1695 1699 1880
f 1885 1880 1699
f 1610 1612 1613
f 1703 1704 1727
f 1704 1725 1727
f 1630 1629 1625
f 1729 1695 1694
f 1671 1670 1650
f 1650 1654 1671
f 1698 1881 1882
f 1699 1700 1885
f 1883 1669 1668
f 1888 1884 1883
f 1881 1698 1697
f 12567 13165 13624
f 1636 1641 1643
f 1661 1652 1651
f 1651 1660 1661
f 10834 10831 10830
f 10849 10848 10844
f 10848 10849 10852
f 1665 1666 1668
f 1672 1673 1676
f 1883 1887 1888
f 1691 1687 1676
f 1678 1681 1683
f 10899 10894 1683
f 1692 1688 1685
f 1688 1689 1690
f 10899 10897 10894
f 10897 10899 10900
f 10890 10883 10882
f 1919 1912 1911
f 1912 1919 1921
f 1924 1922 1920
f 1924 1923 1922
f 1701 1702 1706
f 1724 1723 1701
f 1739 1715 1714
f 1714 1738 1739
f 1741 1732 1722
f 1722 1740 1741
f 1717 1716 1711
f 1713 1718 1719
f 1720 1719 1718
f 1721 1720 1718
f 2043 2044 2049
f 1964 1960 1959
f 2044 2048 2049
f 2051 2050 2045
f 2052 2051 2045
f 1892 1893 1897
f 5905 5904 5895
f 1942 1943 1944
f 1945 1944 1943
f 1745 1744 1742
f 1743 1747 1748
f 5345 5344 5343
f 5348 5347 5346
f 1803 1804 1807
f 1810 1807 1804
f 1791 1792 5354
f 5354 5352 1791
f 1789 1790 5353
f 1796 1795 1794
f 1847 1849 1852
f 1807 1810 1816
f 1811 1809 1808
f 1809 1811 1831
f 1831 1814 1809
f 1824 1820 1818
f 1829 1823 1821
f 1825 1824 1818
f 1824 1825 1830
f 1851 1850 1848
f 1865 1864 1853
f 1897 1899 1928
f 1894 1895 1898
f 1929 1899 1898
f 11435 11438 11441
f 1955 1953 1946
f 11468 11467 11459
f 11459 11460 11468
f 1946 1947 1955
f 1961 1965 1966
f 1961 1967 1969
f 1962 1963 1964
f 11576 11571 11570
f 11571 11576 11577
f 2152 2151 2003
f 2003 2006 2152
f 1978 1977 1976
f 2009 2005 2004
f 2009 2007 2005
f 11510 1972 1971
f 11560 11545 1995
f 1995 1996 11559
f 1995 11559 11560
f 11535 11534 11528
f 1978 1980 1998
f 1999 1981 1979
f 1979 1983 1984
f 2028 2031 2033
f 2035 2032 2029
f 11655 11584 11583
f 2029 2034 2035
f 11560 11551 11548
f 11551 11560 11612
f 11596 11609 11611
f 2027 2028 2033
f 2017 2023 2159
f 2024 2023 2017
f 2159 2158 2017
f 2158 2154 2153
f 2191 2156 2026
f 2156 2157 2161
f 2023 2024 2025
f 2158 2159 2160
f 11734 11735 11738
f 11800 11798 11797
f 11797 11799 11800
f 2046 2047 2060
f 2085 2047 2046
f 2060 2059 2046
f 2059 2060 2061
f 2085 2107 2109
f 2053 2054 2056
f 2057 2056 2054
f 2093 2090 2089
f 2079 2069 2068
f 2068 2078 2079
f 2077 2075 2066
f 2080 2077 2066
f 2062 2063 2064
f 2062 2064 2065
f 2065 2165 2190
f 2142 2136 2134
f 2134 2140 2142
f 2165 2163 2162
f 2181 2165 2162
f 2162 2173 2181
f 2181 2180 2165
f 2165 2180 2190
f 2070 2072 2076
f 2070 2076 2182
f 2187 2181 2173
f 2173 2182 2187
f 2074 2073 2072
f 2072 2073 2076
f 2182 2185 2187
f 5772 5764 2137
f 5773 5772 2137
f 2185 2186 2187
f 2176 2125 2123
f 2125 2176 2177
f 2081 2082 2087
f 2086 2087 2088
f 2094 2109 2177
f 2120 2121 2124
f 2121 2122 2124
f 2093 2094 2096
f 2227 2226 2202
f 2202 2204 2227
f 2135 2138 2139
f 2144 2143 2141
f 5811 5814 5815
f 5765 5766 5768
f 2245 2241 2240
f 2144 5779 5828
f 2241 2245 2248
f 5831 5828 5779
f 5831 5830 5828
f 2146 5836 5889
f 5889 5876 2146
f 5837 5836 5835
f 5836 5846 5889
f 5889 5890 5891
f 2206 2203 2201
f 2201 2205 2206
f 2164 2166 2167
f 2164 2167 2168
f 2164 2168 2189
f 2178 2175 2164
f 2179 2178 2164
f 2189 2179 2164
f 2168 2169 2189
f 2175 2178 2179
f 2174 2175 2179
f 2193 2194 2198
f 2199 2198 2194
f 2249 2243 2242
f 2249 2244 2243
f 2194 2222 2228
f 2236 2228 2222
f 2221 2229 2230
f 12304 12283 12282
f 12283 12304 12331
f 2239 2238 2232
f 2231 2236 2237
f 12296 12288 12287
f 12288 12296 12299
f 2225 2224 2219
f 2219 2224 2234
f 2219 2234 6006
f 2219 6006 14956
f 12295 14956 14959
f 14956 14957 14959
f 2235 2238 2239
f 12337 12305 12295
f 12374 12373 12365
f 12365 12367 12374
f 6043 6040 6039
f 6042 6041 6038
f 2264 2265 2267
f 2278 2274 2273
f 2284 2285 2300
f 2314 2311 2275
f 2305 2306 2307
f 2277 2324 2341
f 2295 2297 2298
f 2323 2326 2328
f 2925 2924 2923
f 2522 2500 2497
f 2313 2334 2338
f 2516 2558 2559
f 2518 2523 2557
f 3041 3039 3036
f 3059 3056 3052
f 3165 2397 2395
f 2395 3119 3136
f 2395 3136 3165
f 3171 2400 2397
f 2397 3165 3171
f 3119 3126 3129
f 3119 3129 3136
f 3174 2410 2400
f 2400 3171 3174
f 4937 2432 2426
f 2426 2435 4954
f 4954 4937 2426
f 2430 2432 4932
f 4937 4932 2432
f 2435 2437 4962
f 4962 4954 2435
f 4926 4924 2430
f 4929 4926 2430
f 4932 4929 2430
f 2437 2452 5023
f 5023 4962 2437
f 2452 2457 5105
f 5105 5023 2452
f 3462 3458 2438
f 2439 3461 3492
f 2441 2442 2444
f 3458 3459 3464
f 3462 3459 3458
f 3462 3460 3459
f 2445 2446 2447
f 3461 3466 3491
f 3461 3491 3492
f 3493 3492 3491
f 3492 3493 3510
f 3533 3532 2440
f 2443 3538 3539
f 3540 2447 2446
f 2447 3540 3729
f 3730 3552 3535
f 3556 3557 3732
f 2457 2462 5109
f 5109 5105 2457
f 2462 2465 5116
f 5116 5109 2462
f 2465 2473 5110
f 2465 5110 5116
f 2473 2476 5134
f 5134 5110 2473
f 2476 2480 5138
f 5138 5134 2476
f 2480 2484 5129
f 2480 5129 5138
f 2484 2488 5127
f 2484 5127 5129
f 2488 5123 5124
f 2488 5124 5127
f 2498 2499 2501
f 2504 2505 2532
f 2520 2515 2514
f 2548 2546 2545
f 2521 2519 2517
f 4477 4476 4474
f 2547 2549 2550
f 2530 2531 2551
f 2552 2538 2537
f 2567 4168 4169
f 4386 2878 2864
f 4501 4500 4499
f 4475 4473 4472
f 2562 2561 2560
f 2572 2562 2560
f 2576 2572 2560
f 2577 2576 2560
f 2561 2562 2563
f 2574 2573 2563
f 2570 2569 2568
f 2568 2581 2587
f 2569 2570 2571
f 2588 2571 2570
f 2571 2588 2589
f 2571 2589 2725
f 2600 2599 2598
f 2601 2597 2596
f 2596 2597 2598
f 2603 2598 2597
f 2603 2600 2598
f 2604 2602 2601
f 2637 2639 2758
f 2640 2757 2761
f 2761 2759 2640
f 2760 2736 2637
f 2637 2758 2760
f 2759 2761 2762
f 2765 2762 2761
f 4192 4171 3813
f 4183 4181 4171
f 2671 2649 2648
f 2648 2670 2671
f 2649 2671 2675
f 2649 2675 2792
f 2673 2671 2670
f 2670 2672 2673
f 2671 2673 2674
f 2651 2684 2691
f 2685 2684 2682
f 2687 2685 2682
f 2660 2657 2655
f 2684 2685 2691
f 2692 2691 2685
f 2691 2692 2693
f 2657 2659 2668
f 2677 2658 2656
f 2665 2663 2656
f 2656 2663 2669
f 2673 2672 2658
f 2678 2673 2658
f 2658 2677 2678
f 2703 2678 2677
f 2661 2693 2695
f 2698 2693 2692
f 2698 2695 2693
f 2805 2795 2793
f 2803 2805 2806
f 2805 2797 2791
f 2685 2686 2692
f 2687 2686 2685
f 2686 2689 2692
f 2697 2692 2689
f 2692 2697 2698
f 2699 3920 3928
f 3920 3922 3927
f 3920 3927 3928
f 2770 2702 2701
f 2701 2702 2707
f 2709 2707 2701
f 2701 2709 2710
f 2708 3940 3947
f 4216 3947 3940
f 2708 3947 3948
f 3950 3948 3947
f 4146 2724 2722
f 2724 4146 4147
f 2741 2754 2773
f 2731 2732 2734
f 2852 2851 2734
f 2851 2852 2853
f 2773 2774 2776
f 2763 4177 4215
f 4177 4178 4182
f 4177 4182 4215
f 4182 4184 4215
f 4184 4188 4215
f 4220 4215 4188
f 4214 4215 4220
f 2774 2775 2862
f 2862 2861 2774
f 2860 2861 2862
f 2797 2796 2795
f 2805 2797 2795
f 2843 2786 2784
f 2785 2786 2787
f 2789 2787 2786
f 2843 2789 2786
f 2789 2843 2844
f 2845 2844 2843
f 2789 2788 2787
f 2788 2789 2842
f 2844 2842 2789
f 2842 2844 2846
f 2819 2817 2800
f 2820 2821 2822
f 2832 2827 2812
f 2812 2828 2829
f 2815 2829 2831
f 2830 2832 2838
f 2831 2834 2840
f 2826 2822 2821
f 2822 2826 2837
f 2834 4312 4314
f 2856 2854 2853
f 4545 4538 4531
f 2880 2883 5289
f 5291 2889 2880
f 2880 5289 5291
f 2883 5285 5287
f 2883 5287 5289
f 2885 2889 5292
f 2889 5291 5292
f 5287 5285 5284
f 5296 2887 2885
f 2885 5292 5296
f 5298 2891 2887
f 2887 5296 5298
f 5319 2893 2891
f 2891 5298 5319
f 5321 2895 2893
f 2893 5319 5321
f 5323 2896 2895
f 2895 5321 5323
f 5325 2898 2896
f 2896 5323 5325
f 5326 2900 2898
f 2898 5325 5326
f 5329 2903 2900
f 2900 5326 5329
f 5331 4717 2903
f 2903 5329 5331
f 6166 4718 4717
f 4717 5331 6166
f 2930 2931 2932
f 2953 2954 2955
f 3396 2939 2937
f 2936 2939 3396
f 2950 2951 2952
f 2965 2964 2963
f 3048 3046 3045
f 2966 3081 3197
f 3074 3075 3076
f 3081 4511 4512
f 3001 3000 2994
f 3006 3001 2994
f 3038 3042 3043
f 3054 3053 3047
f 4478 4479 4497
f 3209 3077 3072
f 3080 3079 3077
f 4489 4490 4508
f 3217 3216 3215
f 3234 3233 3232
f 3626 3627 3628
f 3220 3221 3222
f 3237 3236 3235
f 3615 3614 3613
f 3648 3647 3646
f 3631 3632 3633
f 3292 3291 3290
f 3324 3325 3326
f 3687 3692 3693
f 3725 3724 3723
f 3331 3330 3328
f 3412 3411 3405
f 3369 3366 3362
f 3374 3369 3362
f 3404 3406 3407
f 3417 3416 3415
f 3480 3481 3563
f 3563 3562 3480
f 3490 3467 3455
f 3482 3472 3471
f 3479 3473 3472
f 3482 3479 3472
f 3477 3485 3509
f 3572 3508 3499
f 3479 3482 3484
f 3505 3504 3500
f 3488 3487 3485
f 3485 3487 3509
f 3510 3509 3487
f 3554 3555 3558
f 3566 3567 3569
f 3557 3559 3733
f 3733 3732 3557
f 3502 3503 3506
f 3573 3574 3583
f 3585 3582 3577
f 3512 3513 3514
f 3524 3525 3526
f 3517 3516 3515
f 3593 3522 3515
f 3517 3523 3530
f 3529 3530 3531
f 3730 3555 3552
f 3731 3732 3733
f 3603 3604 3605
f 3608 3607 3606
f 3770 4193 4595
f 4164 4163 4144
f 4595 4593 4165
f 4618 4619 4632
f 4140 4139 4138
f 3784 3781 3780
f 3781 3784 3785
f 3781 3785 3788
f 3785 3784 3783
f 3786 3785 3783
f 3785 3786 3790
f 3790 3788 3785
f 3786 3787 3790
f 3858 3804 3803
f 3803 3804 3843
f 3846 3843 3804
f 4028 3846 3804
f 3804 3858 3861
f 3846 3844 3843
f 3858 3859 3861
f 3846 3845 3844
f 4028 3966 3846
f 3966 4028 4029
f 4190 4151 3808
f 3813 3817 4192
f 4197 4192 3817
f 3817 4196 4197
f 3926 3828 3820
f 3828 3926 3942
f 3828 3942 3943
f 3926 3941 3942
f 3982 3942 3941
f 3836 3835 3833
f 3840 3836 3833
f 3847 3839 3836
f 3840 3845 3848
f 3850 3841 3839
f 3941 3963 3965
f 3967 3965 3963
f 3848 3966 3969
f 3893 3864 3863
f 3863 3887 3891
f 3868 3869 3891
f 3892 3891 3869
f 3870 3869 3868
f 3869 3870 4026
f 3873 3872 3870
f 3870 3872 4026
f 4048 3895 3892
f 4053 4026 3872
f 3872 3873 3874
f 4115 4114 4086
f 3878 3896 4198
f 4195 4198 4200
f 4155 4194 4242
f 4210 4200 4198
f 4243 4244 4249
f 4055 4052 4050
f 4052 4055 4063
f 4259 3898 3897
f 3897 3898 3900
f 3902 3900 3898
f 4260 3901 3898
f 3898 3901 3902
f 3898 4201 4260
f 4259 4201 3898
f 4259 4204 4201
f 4204 4259 4262
f 3903 3902 3901
f 3906 3903 3901
f 3903 3906 4039
f 3906 3907 4039
f 4204 4262 4263
f 3912 4089 4091
f 4094 4091 4089
f 4088 4089 4118
f 4056 4116 4120
f 4244 4246 4249
f 4246 4268 4270
f 4271 4270 4268
f 3929 3927 3922
f 3927 3929 3930
f 3936 3930 3929
f 3929 3934 3936
f 3934 3935 3936
f 3941 3965 3978
f 3941 3978 3982
f 3930 3936 3937
f 3959 3955 3954
f 3939 3973 3975
f 3959 3974 3999
f 3983 3982 3978
f 3979 3983 3992
f 3953 4011 4316
f 4316 4325 4326
f 3994 3995 3998
f 4326 4012 3960
f 4328 4326 4325
f 4326 4328 4329
f 3987 3990 3992
f 3991 3984 3981
f 3993 3991 3989
f 4302 4301 3985
f 4005 4002 4000
f 4019 4016 4015
f 4018 4020 4331
f 4331 4336 4337
f 4337 4336 4307
f 4353 4046 4040
f 4352 4353 4355
f 4041 4047 4351
f 4062 4066 4070
f 4351 4354 4356
f 4303 4304 4305
f 4347 4305 4304
f 4063 4117 4118
f 4056 4058 4060
f 4061 4064 4067
f 4068 4067 4064
f 4127 4072 4066
f 4068 4126 4127
f 4132 4128 4124
f 4445 4365 4072
f 4363 4367 4368
f 4368 4367 4365
f 4446 4366 4365
f 4365 4366 4368
f 4365 4445 4446
f 4100 4101 4105
f 4101 4103 4105
f 4107 4105 4103
f 4122 4121 4119
f 4101 4102 4103
f 4104 4103 4102
f 4103 4104 4108
f 4108 4107 4103
f 4109 4108 4104
f 4603 4602 4601
f 4464 4465 4466
f 4591 4164 4161
f 4150 4149 4148
f 4209 4185 4153
f 4153 4199 4209
f 4156 4157 4159
f 4156 4159 4254
f 4159 4253 4254
f 4211 4252 4278
f 4252 4254 4258
f 4181 4183 4204
f 4200 4210 4250
f 4207 4205 4203
f 4212 4207 4203
f 4205 4207 4245
f 4212 4208 4207
f 4270 4249 4246
f 4249 4270 4285
f 4270 4271 4285
f 4381 4374 4373
f 4376 4377 4382
f 4305 4347 4349
f 4337 4307 4306
f 4306 4328 4337
f 4362 4363 4368
f 4373 4378 4380
f 4373 4380 4381
f 4380 4378 4376
f 4382 4380 4376
f 4381 4380 4379
f 4379 4380 4382
f 4389 4388 4387
f 4388 4389 4393
f 4389 4391 4393
f 4393 4392 4388
f 4390 4392 4393
f 4401 4393 4391
f 4425 4426 4428
f 4430 4428 4426
f 4430 4429 4428
f 4429 4430 4438
f 4426 4427 4430
f 4437 4430 4427
f 4430 4437 4438
f 4439 4438 4437
f 4456 4459 4463
f 4463 4459 4458
f 4458 4460 4463
f 4462 4455 4454
f 4462 4458 4455
f 4462 4460 4458
f 4458 4457 4455
f 4457 4458 4459
f 4634 4596 4518
f 13709 4494 4491
f 4491 4510 13723
f 13723 13709 4491
f 13787 13788 13866
f 13787 13866 14481
f 4690 4684 4683
f 4609 4610 4616
f 4609 4616 4647
f 4631 4616 4610
f 4630 4629 4628
f 4657 4648 4647
f 4620 4624 4635
f 4688 4686 4677
f 4691 4689 4685
f 4688 4687 4686
f 13716 13713 13712
f 13714 13720 13724
f 4656 4654 4651
f 4648 4638 4636
f 4662 4661 4655
f 13751 13740 13737
f 13747 13746 13744
f 13810 13809 13808
f 13809 13810 13812
f 13820 13818 13811
f 6164 6162 4718
f 6166 6164 4718
f 4768 4767 4763
f 4763 4764 4769
f 4769 4768 4763
f 4753 4756 4789
f 4781 4784 4790
f 4781 4787 4789
f 4790 4789 4781
f 4779 4777 4775
f 4775 4776 4779
f 4744 4768 4770
f 4768 4769 4770
f 14341 14604 15674
f 14341 14482 14604
f 14604 14583 14482
f 14604 15664 15674
f 16142 14825 14710
f 16142 15664 14825
f 4802 4790 4784
f 4790 4802 4805
f 4862 4814 4805
f 14676 14674 4874
f 5799 5789 4785
f 4786 5792 5803
f 4803 5728 5733
f 6264 6263 5807
f 4834 4831 4829
f 5741 5742 5754
f 5755 5754 5742
f 4794 4809 4813
f 4794 4813 4839
f 4840 4839 4794
f 4843 4841 4840
f 5728 5732 5733
f 4825 4870 4871
f 4867 4869 4871
f 4883 4871 4870
f 4865 4867 4871
f 4865 4871 4880
f 4883 4880 4871
f 6270 6264 5810
f 4845 4848 4849
f 14688 14680 4855
f 14684 14681 14679
f 4856 4877 14676
f 14676 14674 4877
f 14693 4882 4880
f 14697 14693 14692
f 14701 14697 14692
f 14700 6271 5903
f 6390 6389 4906
f 6389 6390 6393
f 4909 4908 4907
f 14020 14018 14017
f 4913 6399 14020
f 15319 14020 6399
f 4968 4963 4940
f 4940 4964 4967
f 4940 4967 4969
f 4969 4968 4940
f 5031 5030 5029
f 5030 5031 5032
f 5030 5032 5033
f 5034 5032 5031
f 5051 5050 5049
f 5299 5300 5301
f 5032 5034 5035
f 5097 5095 5050
f 5301 5303 5304
f 5306 5304 5303
f 5095 5097 5100
f 5306 5305 5304
f 5311 5309 5308
f 5315 5313 5311
f 5313 5315 5317
f 5315 5316 5317
f 5154 5152 5148
f 5148 5152 5167
f 5412 5425 5436
f 5412 5436 5439
f 5437 5436 5425
f 5434 5435 5436
f 5434 5436 5437
f 5439 5436 5435
f 5482 5439 5435
f 5451 5447 5413
f 5413 5450 5451
f 5487 5450 5413
f 5446 5447 5451
f 5449 5450 5486
f 5451 5450 5449
f 5487 5486 5450
f 5451 5449 5445
f 5445 5446 5451
f 5480 5431 5430
f 5441 5440 5429
f 5434 5433 5432
f 5435 5434 5432
f 5438 5435 5432
f 5443 5444 5445
f 5452 5453 5456
f 5458 5459 5489
f 5493 5494 5498
f 5502 5498 5494
f 5498 5502 5518
f 5497 5496 5495
f 5517 5497 5495
f 5496 5497 5499
f 5535 5525 5524
f 5537 5535 5524
f 5762 5761 5564
f 5523 5526 5530
f 5530 5528 5523
f 5531 5527 5525
f 5535 5531 5525
f 5532 5529 5528
f 5528 5530 5532
f 5529 5532 5534
f 5537 5536 5535
f 5542 5541 5540
f 5624 5625 5626
f 5557 5758 5763
f 5605 5604 5599
f 5609 5608 5601
f 6168 6215 6216
f 6169 6219 6220
f 5610 5611 5612
f 5617 5616 5615
f 6232 6233 6234
f 6239 6238 6237
f 5618 5619 5620
f 5640 5620 5619
f 6258 6236 6235
f 5623 5622 5621
f 6245 5623 5621
f 5621 6240 6241
f 5935 5939 5940
f 5935 5940 5941
f 6244 6242 6241
f 6236 6258 6259
f 5641 5642 5643
f 5641 5643 5671
f 5655 5653 5641
f 6113 5671 5643
f 6113 5673 5671
f 6113 5674 5673
f 5649 5650 6085
f 6125 6083 5965
f 6118 6085 5650
f 6085 6118 6120
f 6116 6117 6118
f 6122 6121 6119
f 6361 6360 5675
f 6368 6362 6360
f 6295 6290 5662
f 5666 5670 6355
f 6295 6291 6290
f 6313 6312 6295
f 5664 5667 6354
f 6354 6353 5664
f 6356 6357 6358
f 14732 14728 14727
f 14727 14731 14732
f 5711 5708 5707
f 5678 6366 6370
f 5682 6121 6160
f 14757 14753 14750
f 5687 5689 5698
f 5690 5708 5711
f 5704 5698 5689
f 5709 5704 5689
f 5701 5704 6382
f 5704 5706 6382
f 5710 5709 5692
f 6381 5713 5705
f 5712 5710 5692
f 14808 14769 14768
f 14769 14808 14809
f 6378 6380 6381
f 6385 6383 6382
f 5714 5715 5716
f 5717 5715 5714
f 5720 5719 5718
f 5721 5720 5718
f 5769 5768 5766
f 5726 5723 5722
f 5722 5724 5725
f 5722 5725 5726
f 5852 5851 5850
f 5735 5736 5737
f 5738 5737 5736
f 5739 5738 5736
f 5753 5752 5741
f 5754 5753 5741
f 5921 5920 5743
f 6087 6086 5920
f 5922 5921 5744
f 6089 6002 5998
f 5998 6086 6089
f 5848 5849 5860
f 5849 5857 5860
f 5926 5925 5922
f 5746 5919 5930
f 5931 5919 5746
f 5919 5918 5914
f 5918 5919 5934
f 5919 5929 5930
f 5919 5923 5934
f 5970 5969 5968
f 5969 5970 5972
f 5851 5852 5853
f 5787 5795 5797
f 5787 5797 5798
f 5823 5820 5819
f 5826 5821 5820
f 5820 5823 5826
f 5825 5823 5819
f 5825 5824 5823
f 5823 5824 5826
f 5885 5884 5883
f 5845 5871 5888
f 5888 5887 5845
f 5871 5872 5888
f 5861 5859 5854
f 5864 5863 5862
f 5882 5864 5862
f 5873 5872 5868
f 6050 6052 6057
f 6057 6055 6050
f 5925 5926 5927
f 5928 5927 5926
f 6079 6078 6077
f 5904 5905 5906
f 5907 5906 5905
f 5913 5907 5905
f 5913 5908 5907
f 5913 5912 5908
f 16142 15674 15664
f 16142 16141 15674
f 5918 5917 5916
f 5917 5918 5936
f 5963 5962 5960
f 5934 5943 5944
f 5932 5924 5923
f 6086 6087 6089
f 5924 5932 5933
f 5945 5944 5943
f 5946 5945 5943
f 6107 6098 6096
f 5970 5968 5954
f 6094 5977 5974
f 5974 6093 6094
f 5942 5938 5937
f 5938 5942 5947
f 6115 6112 6111
f 6111 6114 6115
f 5990 5988 5985
f 5990 5989 5988
f 5970 5964 5963
f 6093 5970 5963
f 5971 5966 5965
f 5986 5980 5979
f 5982 5981 5980
f 5963 5984 6093
f 5967 5973 5975
f 5976 5975 5973
f 6130 6134 6149
f 6150 6149 6134
f 6001 6002 6092
f 6002 6089 6092
f 6139 6141 6155
f 6017 6016 6010
f 6010 6138 14938
f 6140 6138 6010
f 6016 6017 6018
f 6140 6144 6157
f 14976 14973 14938
f 14938 15037 15046
f 6020 6022 6024
f 6024 6023 6020
f 6026 6025 6021
f 6156 6144 6021
f 14976 14974 14973
f 6025 6026 6027
f 6144 6156 6157
f 6158 6157 6156
f 6141 6154 6155
f 6155 6154 6153
f 6152 6106 6104
f 6151 6152 6154
f 6152 6153 6154
f 6148 6157 6158
f 6148 6158 6159
f 14981 14983 14987
f 14988 14987 14983
f 15006 15004 15003
f 6076 6080 6081
f 6104 6101 6099
f 6101 6104 6106
f 15016 15015 15014
f 6105 6103 6100
f 6143 6151 6154
f 6129 6132 6133
f 6135 6133 6132
f 15034 15023 15022
f 15022 15031 15034
f 6157 6148 6147
f 15040 15039 15038
f 6170 6178 6255
f 6188 6178 6172
f 6188 6179 6178
f 6256 6224 6223
f 6198 6175 6174
f 6188 6180 6179
f 6175 6198 6200
f 6269 6268 6267
f 6202 6201 6177
f 6224 6256 6257
f 6179 6180 6181
f 6275 6181 6180
f 6279 6183 6182
f 6182 6278 6279
f 6207 6208 6209
f 6189 6190 6330
f 6336 6333 6330
f 6330 6334 6336
f 6212 6210 6206
f 6214 6211 6210
f 6334 6335 6336
f 6311 6308 6299
f 6303 6308 6311
f 6281 6280 6277
f 6340 6346 6347
f 6280 6281 6282
f 6253 6250 6229
f 6252 6251 6250
f 6373 6372 6365
f 6357 6374 6375
f 6387 6388 6393
f 6319 6323 6326
f 6326 6325 6319
f 6309 6307 6306
f 6310 6309 6306
f 15244 15243 15241
f 15243 15244 15246
f 6394 6395 6398
f 6398 6397 6394
f 15207 15208 15209
f 6328 6324 6322
f 6324 6328 6329
f 6350 6344 6338
f 6339 6340 6349
f 15227 15229 15232
f 15233 15232 15229
f 6348 6345 6344
f 15260 15270 15271
f 15313 14744 14743
f 15325 6401 6400
f 15326 15325 6400
f 6403 6406 6407
f 6408 6412 6413
f 6416 6418 6421
f 6422 6426 6427
f 7564 7565 7566
f 6415 7571 7574
f 7576 7578 7579
f 6452 7587 7589
f 7621 7622 7623
f 7631 7623 7622
f 7622 7628 7631
f 7628 7630 7631
f 7634 7630 7629
f 7633 7631 7630
f 7634 7633 7630
f 7636 7634 7629
f 7634 7636 7637
f 7677 7676 7675
f 6441 6446 6449
f 6442 6443 6445
f 6442 6445 6450
f 6450 6447 6442
f 6451 6450 6445
f 7577 7580 7588
f 7600 7588 7580
f 7600 7598 7588
f 6460 6456 6453
f 6454 6457 6461
f 6457 6458 6464
f 6464 6461 6457
f 6464 6462 6461
f 7641 7646 7652
f 7652 7649 7648
f 7646 7649 7652
f 6468 6469 6470
f 7682 7681 7680
f 6481 6483 6484
f 7695 7696 7698
f 6485 6486 6487
f 6494 6495 6496
f 8485 8486 8487
f 7703 7702 7701
f 7710 7705 7704
f 7711 7706 7705
f 7710 7708 7705
f 7705 7708 7711
f 7706 7711 7712
f 8494 8493 8492
f 6574 6579 6580
f 6505 6504 6503
f 6506 6508 6509
f 6516 6515 6511
f 6590 6658 6684
f 6656 6654 6591
f 6673 6659 6656
f 6520 6521 6670
f 6706 6669 6520
f 6520 6670 6671
f 6590 6684 6685
f 6688 6685 6684
f 6706 6689 6669
f 6688 6689 6691
f 6706 6691 6689
f 6521 6526 6527
f 6670 6703 6704
f 6675 6691 6706
f 6528 6527 6526
f 6548 6547 6546
f 6547 6548 6779
f 6536 6537 6539
f 6541 6537 6536
f 6540 6539 6537
f 6544 6540 6537
f 6538 6539 6540
f 6541 6542 6543
f 6765 6767 6769
f 6769 6768 6765
f 6771 6769 6767
f 7039 6777 6771
f 6777 7039 7070
f 6789 6779 6548
f 6779 6789 6790
f 6790 6789 6788
f 6551 6557 6558
f 6562 6561 6554
f 7753 7754 7755
f 6576 6575 6574
f 6575 6576 6577
f 6581 6577 6576
f 6577 6578 6582
f 6581 6578 6577
f 6685 6594 6590
f 6591 6592 6599
f 6685 6595 6594
f 6685 6663 6595
f 6663 6685 6686
f 6688 6686 6685
f 6692 6602 6601
f 6604 6605 6606
f 6692 6607 6602
f 6698 6694 6692
f 6608 6609 6617
f 6620 6617 6609
f 6620 6619 6617
f 6619 6620 6728
f 6652 6651 6648
f 6647 6649 6652
f 6972 6772 6650
f 6686 6688 6691
f 6733 6734 6737
f 6783 6781 6778
f 6802 6722 6717
f 6793 6785 6783
f 6715 6720 6723
f 6715 6723 6801
f 6786 6782 6716
f 6716 6784 6786
f 6794 6786 6784
f 6784 6791 6795
f 6795 6794 6784
f 6802 6750 6722
f 6802 6752 6750
f 6752 6802 6857
f 6802 6844 6857
f 6752 6751 6750
f 6742 6743 6748
f 6751 6752 6753
f 6752 6857 6858
f 6908 6897 6895
f 6793 6790 6788
f 6837 6838 6978
f 7096 6838 6773
f 7070 7040 6777
f 6841 7040 7098
f 6841 7098 7099
f 7100 7098 7040
f 7047 7048 7070
f 6783 6790 6793
f 6810 6795 6791
f 6794 6795 6796
f 6827 6806 6796
f 6809 6808 6807
f 6815 6823 6824
f 6817 6829 6860
f 6826 6824 6823
f 6823 6825 6826
f 6874 6873 6830
f 6853 6874 6876
f 6876 6881 6882
f 7064 7062 7055
f 6839 6979 7099
f 6979 6981 7099
f 6981 6989 7099
f 7121 7099 6989
f 7095 7099 7108
f 7107 7099 7098
f 7099 7107 7108
f 7098 7100 7107
f 7329 7141 7121
f 6877 6875 6853
f 6862 6875 6879
f 6875 6877 6879
f 6877 6883 6884
f 6886 6867 6866
f 6879 6880 6886
f 6908 6902 6897
f 6902 6908 6911
f 6912 6911 6908
f 6887 8674 8675
f 8677 8675 8674
f 6899 6898 6897
f 6902 6899 6897
f 6902 6900 6899
f 6902 6901 6900
f 6901 6902 6911
f 6911 6909 6901
f 8722 7145 7144
f 7144 8678 8722
f 6924 6922 6921
f 7351 7348 6922
f 7348 7351 7352
f 6940 6939 6925
f 6942 6940 6925
f 6939 6938 6937
f 6948 6946 6942
f 6951 6952 7192
f 6952 6957 6958
f 7194 7192 6952
f 6959 6958 6957
f 6961 6959 6957
f 6959 6961 7396
f 7397 7396 6961
f 6969 6967 6966
f 6969 6970 6971
f 6968 6971 7504
f 7502 6971 6970
f 6971 7502 7504
f 7502 7503 7504
f 7046 7002 6990
f 6990 7002 7011
f 7008 7005 6990
f 7011 7008 6990
f 6981 6982 6987
f 6981 6987 6989
f 6989 6995 7121
f 7005 7008 7015
f 7005 7015 7016
f 7008 7011 7015
f 7137 7106 7105
f 7032 7031 7021
f 7139 7122 7106
f 7122 7137 7139
f 7118 7001 7000
f 7119 7118 7000
f 7001 7118 7333
f 7118 7119 7331
f 7118 7331 7333
f 7331 7332 7333
f 7017 7009 7003
f 7174 7017 7003
f 7280 7019 7017
f 7017 7174 7199
f 7174 7180 7199
f 7006 7007 7033
f 7033 7025 7006
f 7034 7033 7007
f 7020 7026 7027
f 7018 7019 7036
f 7018 7036 7037
f 7013 7024 7276
f 7024 7116 7276
f 7280 7036 7019
f 7036 7280 7473
f 7473 7280 7201
f 7097 7101 7112
f 7117 7116 7115
f 7117 7115 7113
f 7111 7116 7117
f 7035 7030 7029
f 7029 7030 7285
f 7030 7035 7287
f 7287 7284 7030
f 7030 7284 7285
f 7472 7471 7035
f 7370 7285 7284
f 7287 7477 7528
f 7109 7100 7048
f 7109 7107 7100
f 7047 7162 7178
f 7178 7048 7047
f 7110 7109 7048
f 7107 7109 7114
f 7109 7110 7111
f 7109 7111 7117
f 7117 7114 7109
f 7275 7111 7110
f 7054 7059 7060
f 7059 7058 7056
f 7054 7060 7067
f 7060 7061 7066
f 7060 7066 7067
f 7074 7066 7061
f 7080 7079 7066
f 7087 7083 7082
f 7086 7085 7084
f 7223 7089 7086
f 7087 7090 7156
f 7088 7090 7091
f 7291 7245 7090
f 7151 7150 7088
f 7291 7245 7231
f 7298 7296 7244
f 7108 7101 7095
f 7101 7108 7114
f 7114 7108 7107
f 7113 7114 7117
f 7125 7126 7130
f 7138 7126 7125
f 7130 7128 7125
f 7125 7128 7138
f 7131 7130 7126
f 7138 7131 7126
f 7130 7129 7128
f 7128 7129 7138
f 7129 7130 7132
f 7130 7131 7140
f 7133 7132 7130
f 7140 7133 7130
f 7129 7132 7138
f 7131 7138 7140
f 7132 7133 7138
f 7140 7138 7133
f 8727 8721 7146
f 8724 8723 8721
f 8723 8724 8725
f 7155 7307 8739
f 8739 8731 7155
f 7154 8732 8738
f 7307 8738 8746
f 7308 7307 7306
f 8739 8735 8731
f 8735 8739 8740
f 7161 7176 7177
f 7177 7176 7163
f 7222 7177 7163
f 7177 7222 7225
f 7163 7215 7216
f 7163 7216 7222
f 7217 7216 7215
f 7216 7221 7222
f 7227 7222 7221
f 7165 7169 7218
f 7169 7171 7218
f 7171 7186 7247
f 7186 7187 7198
f 7226 7224 7179
f 7235 7226 7179
f 7239 7232 7226
f 7226 7235 7239
f 7251 7250 7198
f 7202 7203 7204
f 7202 7204 7209
f 7209 7207 7202
f 7204 7205 7209
f 7207 7209 7210
f 7213 7209 7205
f 7212 7210 7209
f 7264 7214 7213
f 7234 7221 7219
f 7236 7227 7221
f 7221 7234 7236
f 7219 7220 7234
f 7237 7236 7234
f 7236 7237 7257
f 7233 7241 7242
f 7322 7321 7320
f 7314 7267 7266
f 7314 7315 7317
f 7314 7317 7324
f 7445 7325 7270
f 7478 7326 7288
f 7323 7313 7295
f 7295 7321 7323
f 7323 7318 7313
f 7321 7322 7323
f 7323 7319 7318
f 7323 7322 7319
f 8747 8745 7300
f 8735 8740 8744
f 7493 7492 7491
f 7363 7367 7368
f 7352 7354 7355
f 7380 7368 7367
f 7367 7376 7380
f 7382 7380 7379
f 7538 7383 7381
f 7382 7383 7384
f 7539 7384 7383
f 7383 7538 7539
f 7540 7539 7538
f 7393 7401 7426
f 7401 7408 7449
f 7428 7427 7402
f 7450 7452 7453
f 7437 7436 7432
f 7458 7440 7439
f 7439 7457 7458
f 7442 7461 7463
f 7466 7443 7438
f 7467 7448 7443
f 7443 7466 7467
f 7459 7457 7455
f 7459 7458 7457
f 7447 7448 7494
f 7496 7468 7465
f 7804 7514 7512
f 7804 7805 7807
f 7806 7808 7812
f 7562 7559 7557
f 7557 7558 7563
f 7563 7562 7557
f 7560 7552 7550
f 7563 7558 7552
f 7552 7560 7563
f 7560 7561 7563
f 7561 7562 7563
f 7572 7573 7575
f 7607 7594 7590
f 8985 8984 8983
f 7580 7597 7600
f 7612 7599 7592
f 9012 9022 9028
f 9013 9011 9010
f 7649 7646 7639
f 7662 7653 7642
f 7623 7631 7632
f 7633 7632 7631
f 7703 7707 7710
f 7633 7634 7635
f 7637 7635 7634
f 7707 7708 7710
f 7708 7709 7711
f 9031 9037 9043
f 7678 7679 7683
f 9063 9042 9041
f 10589 10588 8928
f 7700 7693 7691
f 9090 9047 9046
f 7714 7715 7716
f 7718 7715 7714
f 7719 7716 7715
f 7715 7718 7719
f 7716 7719 7765
f 7765 7764 7716
f 7720 7718 7717
f 7719 7721 7765
f 7766 7765 7721
f 7720 7723 7724
f 7729 7739 7741
f 7729 7741 7742
f 7732 7733 7738
f 7736 7734 7733
f 7758 7757 7756
f 8495 8496 8497
f 7772 7905 7907
f 7841 7840 7775
f 7916 7917 7932
f 7917 7930 7932
f 7779 7780 7789
f 7784 7782 7780
f 7796 7795 7780
f 7792 7791 7789
f 7782 7784 7803
f 7821 7786 7785
f 7791 7792 7793
f 7799 7797 7793
f 7805 7806 7807
f 7814 7815 7835
f 8005 8006 8009
f 7889 7882 7879
f 7847 7860 7861
f 7854 7849 7848
f 7854 7852 7849
f 7852 7854 7855
f 7861 7856 7855
f 7856 7861 7872
f 7861 8094 8095
f 7851 7850 7849
f 7852 7851 7849
f 7850 7851 7853
f 7851 7852 7853
f 7870 7853 7852
f 7852 7855 7856
f 7852 7856 7862
f 7852 7862 7870
f 7872 7862 7856
f 7923 7927 7928
f 8111 8107 7871
f 8110 8118 8119
f 8418 7896 7895
f 7895 8112 8418
f 8102 8101 8090
f 7882 7881 7880
f 7881 7882 7885
f 7889 7885 7882
f 7889 7887 7885
f 7887 7889 7891
f 7881 7883 7884
f 7885 7883 7881
f 7886 7884 7883
f 7883 7885 7886
f 7887 7886 7885
f 7886 7887 7888
f 8419 8418 8112
f 8418 8419 8420
f 8426 8425 8420
f 7911 7904 7903
f 7936 7920 7912
f 7937 7908 7906
f 8013 7937 7906
f 7906 8009 8013
f 7908 7937 7938
f 8041 7946 7937
f 7937 8013 8041
f 7932 7931 7910
f 7930 7931 7932
f 7922 7925 7936
f 7963 7961 7960
f 7922 7923 7925
f 7924 7935 7939
f 7924 7939 8091
f 8101 7941 7924
f 7924 8091 8101
f 7947 7939 7935
f 8092 8091 7939
f 8137 8092 7939
f 7943 7942 7941
f 7944 7943 7941
f 8127 7944 7941
f 7941 8101 8105
f 7941 8105 8127
f 8091 8092 8103
f 8101 8091 8090
f 7956 7954 7953
f 7977 7934 7933
f 7933 7934 7975
f 7977 7976 7934
f 8002 8001 7976
f 7945 7946 7973
f 7973 7972 7945
f 8158 8103 8092
f 8092 8137 8158
f 8141 8137 7952
f 8137 8141 8158
f 7942 7943 8122
f 7943 7944 8125
f 8125 8122 7943
f 8128 8125 7944
f 7944 8127 8129
f 8129 8128 7944
f 8087 8015 8014
f 8124 8123 8122
f 8125 8124 8122
f 8124 8125 8146
f 8125 8128 8146
f 7985 7952 7951
f 8222 8152 8151
f 8151 8220 8222
f 8152 8222 8223
f 7955 7958 7962
f 7955 7962 7965
f 7955 7965 8434
f 8434 8416 7955
f 7997 7962 7958
f 7958 7996 7997
f 7966 7965 7962
f 7997 7966 7962
f 7965 7966 8434
f 8454 8434 7966
f 8454 8437 8434
f 8413 7963 7960
f 7966 7997 8339
f 7997 8000 8339
f 7983 7964 7959
f 7964 7998 8414
f 7994 7992 7983
f 8413 8412 7963
f 8451 8414 7998
f 8455 8451 7998
f 8452 8339 8000
f 8339 8452 8462
f 7987 7986 7978
f 7978 7986 7988
f 7986 7987 7993
f 7993 7991 7986
f 8360 8549 8550
f 8351 8366 8367
f 8451 8455 8457
f 8451 8457 8458
f 8455 8456 8457
f 8018 8020 8053
f 8020 8033 8074
f 8074 8053 8020
f 8067 8033 8031
f 8050 8039 8029
f 8126 8023 8016
f 8146 8126 8124
f 8146 8145 8126
f 8021 8051 8059
f 8057 8058 8061
f 8075 8074 8073
f 8051 8055 8076
f 8096 8145 8147
f 8036 8035 8028
f 8209 8040 8039
f 8071 8239 8252
f 8252 8239 8213
f 8063 8064 8161
f 8179 8176 8081
f 8173 8176 8179
f 8178 8179 8190
f 8145 8146 8147
f 8148 8147 8146
f 8118 8150 8157
f 8421 8420 8419
f 8120 8117 8116
f 8114 8117 8155
f 8117 8120 8156
f 8156 8155 8117
f 8157 8156 8120
f 8156 8149 8143
f 8149 8156 8157
f 8157 8150 8149
f 8438 8430 8421
f 8132 8134 8146
f 8134 8136 8146
f 8148 8146 8136
f 8140 8139 8138
f 8142 8140 8138
f 8153 8143 8142
f 8134 8135 8136
f 8139 8136 8135
f 8136 8139 8144
f 8136 8144 8149
f 8149 8148 8136
f 8139 8140 8144
f 8140 8142 8144
f 8142 8143 8144
f 8149 8144 8143
f 8332 8334 8335
f 8332 8335 8340
f 8220 8221 8224
f 8224 8222 8220
f 8224 8223 8222
f 8223 8224 8259
f 8173 8167 8164
f 8178 8172 8167
f 8172 8178 8180
f 8191 8180 8178
f 8178 8190 8191
f 8191 8182 8180
f 8196 8194 8193
f 8186 8371 8376
f 8195 8376 8378
f 8375 8188 8187
f 8381 8375 8373
f 8189 8378 8390
f 8205 8207 8212
f 8214 8211 8205
f 8238 8212 8207
f 8214 8240 8253
f 8245 8244 8208
f 8240 8241 8253
f 8226 8224 8221
f 8224 8226 8262
f 8262 8259 8224
f 8249 8282 8283
f 8292 8287 8285
f 8265 8268 8288
f 8290 8288 8284
f 8384 8374 8281
f 8287 8269 8264
f 8296 8276 8275
f 8276 8296 8299
f 8397 8380 8276
f 8386 8384 8281
f 8398 8386 8281
f 8399 8398 8297
f 8276 8299 8397
f 8400 8397 8299
f 8397 8400 8402
f 8386 8385 8384
f 8385 8386 8410
f 8386 8398 8408
f 8386 8408 8409
f 8386 8409 8410
f 8305 8294 8293
f 8309 8300 8298
f 8407 8400 8310
f 8407 8402 8400
f 8316 8314 8313
f 8317 8316 8313
f 8320 8319 8317
f 8319 8318 8315
f 8319 8320 8333
f 8341 8333 8320
f 8343 8337 8333
f 8333 8341 8343
f 8341 8342 8343
f 8336 8335 8334
f 8368 8364 8346
f 8363 8364 8369
f 8364 8368 8369
f 8552 8550 8549
f 8561 8558 8552
f 8387 8383 8382
f 8410 8388 8385
f 8424 8423 8417
f 8427 8426 8420
f 8426 8427 8429
f 8428 8430 8431
f 8431 8439 8444
f 8449 8450 8478
f 8482 8478 8450
f 8450 8480 8482
f 8482 8481 8478
f 8479 8481 8482
f 8470 8595 8598
f 8470 8598 8600
f 8603 8598 8595
f 8602 8600 8598
f 8603 8602 8598
f 8600 8602 8605
f 8604 8601 8599
f 8483 8479 8475
f 8511 8509 8490
f 8511 8512 8513
f 8517 8515 8513
f 8514 8513 8512
f 8513 8514 8517
f 8514 8516 8517
f 8564 8565 8566
f 8543 8541 8540
f 8544 8542 8541
f 8541 8543 8544
f 8547 8544 8543
f 8542 8544 8546
f 8544 8547 8556
f 8565 8569 8570
f 8575 8570 8569
f 8571 8573 8575
f 8603 8610 8612
f 8610 8611 8612
f 8618 8612 8611
f 8604 8605 8621
f 8621 8620 8604
f 8619 8618 8615
f 8623 8621 8615
f 8618 8617 8614
f 8614 8615 8618
f 8623 8615 8614
f 8667 8668 8669
f 8695 8694 8692
f 8693 8702 8703
f 8855 8854 8832
f 8858 8857 8856
f 8728 8735 8736
f 8726 8729 8749
f 8741 8736 8735
f 8744 8741 8735
f 8741 8737 8736
f 8761 8765 10833
f 8761 10833 10834
f 10835 10834 10833
f 10836 10838 10839
f 10841 10838 10836
f 8863 8864 8865
f 10836 10837 10841
f 11110 10910 10909
f 8783 8782 8781
f 8796 8795 8794
f 8800 8799 8798
f 8797 10443 10444
f 8868 8872 8873
f 11112 11111 11110
f 8868 8873 11192
f 11192 11187 8868
f 11191 11188 8870
f 12468 12462 10474
f 12469 12468 10474
f 11191 11189 11188
f 11191 11190 11189
f 11198 11205 11207
f 12480 12471 11198
f 8981 8982 8986
f 8981 8986 8988
f 8988 8987 8981
f 8989 8988 8986
f 8992 8991 8990
f 8991 8992 8999
f 8991 8999 9001
f 9008 9014 9018
f 9024 9018 9014
f 9027 9024 9014
f 8992 8995 8999
f 9002 9000 8994
f 9131 9129 9126
f 9053 9054 9055
f 9055 9054 9048
f 9059 9055 9048
f 9093 9081 9077
f 9024 9021 9018
f 9017 9019 9023
f 9019 9020 9025
f 9025 9023 9019
f 9023 9025 9026
f 9038 9035 9034
f 9056 9051 9049
f 9054 9050 9048
f 9035 9038 9040
f 9038 9039 9040
f 9058 9052 9051
f 9051 9056 9058
f 9040 9036 9035
f 9062 9065 9066
f 9076 9065 9064
f 9076 9066 9065
f 9056 9057 9058
f 9076 9067 9066
f 9086 9085 9084
f 9549 9080 9079
f 9079 9080 9082
f 9094 9082 9080
f 9539 9540 9541
f 9887 9094 9080
f 9080 9549 9887
f 10016 9887 9549
f 9550 9886 10015
f 10613 10603 10601
f 9611 9607 9599
f 10581 10584 10585
f 9619 9618 9616
f 9132 9137 9138
f 9151 9137 9132
f 9135 9156 9157
f 9158 9157 9156
f 9139 9140 9473
f 9141 9140 9139
f 9141 9142 9479
f 9472 9473 9474
f 9169 9146 9143
f 9144 9145 9146
f 9417 9145 9144
f 9417 9418 9419
f 9305 9304 9303
f 9553 9551 9164
f 9553 9552 9551
f 9552 9553 9554
f 9187 9186 9185
f 9175 9174 9173
f 9182 9179 9176
f 9211 9206 9205
f 9436 9441 9446
f 9436 9446 9452
f 9207 9201 9200
f 9210 9209 9206
f 9211 9210 9206
f 9559 9557 9556
f 9210 9211 9213
f 9215 9213 9211
f 9621 9641 9642
f 9642 9641 9639
f 9216 9567 9629
f 9568 9567 9216
f 9216 9629 9635
f 9566 9567 9568
f 9558 9564 9568
f 9637 9631 9629
f 9629 9631 9635
f 9737 9635 9631
f 9737 9735 9635
f 9217 9238 9247
f 9259 9253 9217
f 9238 9236 9233
f 9253 9259 9260
f 9224 9223 9222
f 9232 9231 9230
f 9225 9294 9297
f 9297 9294 9293
f 9239 9235 9231
f 9235 9239 9243
f 9243 9242 9235
f 9233 9244 9249
f 9269 9266 9262
f 9266 9269 9271
f 9382 9271 9269
f 9266 9271 9275
f 9265 9263 9261
f 9277 9274 9270
f 9386 9276 9270
f 9270 9276 9277
f 9274 9277 9278
f 9280 9277 9276
f 9279 9278 9277
f 9280 9279 9277
f 9279 9280 9288
f 9289 9288 9280
f 9389 9289 9280
f 9398 9388 9387
f 9289 9389 9390
f 9391 9390 9389
f 9390 9391 9408
f 9408 9403 9390
f 9313 9296 9295
f 9295 9296 9303
f 9295 9303 9304
f 9324 9344 9346
f 9346 9345 9324
f 9324 9345 9359
f 9324 9359 9363
f 9346 9350 9351
f 9356 9350 9346
f 9359 9362 9363
f 9365 9363 9362
f 9325 9326 9329
f 9330 9326 9325
f 9329 9327 9325
f 9325 9327 9330
f 9384 9329 9326
f 9326 9330 9384
f 9329 9328 9327
f 9327 9328 9330
f 9328 9329 9332
f 9329 9331 9333
f 9333 9332 9329
f 9384 9331 9329
f 9332 9330 9328
f 9333 9331 9330
f 9330 9332 9333
f 9330 9331 9384
f 9369 9361 9358
f 9392 9395 9397
f 9399 9397 9395
f 10367 9399 9395
f 9354 9353 9351
f 9352 9353 9355
f 9353 9354 9355
f 9491 9351 9350
f 9491 9354 9351
f 9354 9491 9495
f 9494 9355 9354
f 9497 9368 9367
f 9374 9371 9369
f 9365 9370 9373
f 10372 10366 9372
f 9577 9558 9375
f 9577 9564 9558
f 9381 9735 9736
f 9381 9736 9741
f 9450 9453 9457
f 9737 9736 9735
f 9736 9737 9740
f 9736 9740 9741
f 9397 9401 9407
f 9415 9407 9401
f 9391 9400 9408
f 9409 9400 9396
f 9397 9399 9401
f 9399 10367 10370
f 9424 9425 9426
f 9465 9467 9468
f 9462 9446 9441
f 9462 9452 9446
f 9452 9462 9626
f 9626 9624 9452
f 9660 9626 9462
f 9624 9626 9628
f 9734 9506 9505
f 9734 9633 9506
f 9636 9633 9630
f 9638 9653 9655
f 9655 9650 9638
f 9465 9468 9469
f 9664 9663 9484
f 9657 9663 9665
f 9663 9664 9665
f 9691 9487 9485
f 9646 9662 9669
f 9646 9647 9662
f 9742 9739 9738
f 9592 9630 9633
f 9633 9634 9649
f 9657 9644 9643
f 9533 9524 9522
f 9535 9525 9524
f 9524 9533 9535
f 9533 9534 9535
f 9536 9535 9534
f 9526 9536 9537
f 9532 9531 9529
f 10714 10713 10712
f 14202 14410 14482
f 9560 9561 9572
f 9574 9572 9561
f 9574 9573 9572
f 9570 9571 9641
f 9571 9639 9641
f 9645 9676 9678
f 9678 9655 9645
f 9585 9583 9582
f 9595 9587 9585
f 9764 9765 9769
f 9679 9680 9683
f 9679 9683 9764
f 10675 10676 10677
f 10375 10377 10380
f 10732 10733 10734
f 9631 9637 9740
f 9740 9737 9631
f 9745 9740 9648
f 9743 9649 9634
f 9634 9738 9743
f 9743 9651 9649
f 9738 9739 9743
f 9651 9743 9746
f 9746 9743 9739
f 9677 9681 9682
f 9677 9682 9684
f 9648 9659 9745
f 9659 9672 9745
f 9746 9757 9758
f 9652 9744 9747
f 9652 9747 9763
f 9748 9747 9744
f 9747 9748 9770
f 9770 9763 9747
f 9668 9670 9675
f 9670 9671 9673
f 9670 9673 9675
f 9765 9764 9683
f 9777 9775 9774
f 9719 9721 9891
f 9853 9852 9688
f 9782 9817 9823
f 9789 9823 9824
f 9856 9855 9853
f 9862 9856 9853
f 9692 9698 9701
f 9698 9699 9701
f 9703 9701 9699
f 9702 9700 9697
f 10023 10022 10021
f 10022 10023 10035
f 9727 9726 9711
f 10035 9727 9711
f 9727 10035 10036
f 10036 9733 9727
f 10023 10034 10035
f 9712 9715 9723
f 9723 9720 9712
f 9896 9851 9723
f 9920 9896 9723
f 9920 9923 9924
f 9716 9722 9724
f 9884 9722 9716
f 9722 9884 9892
f 9892 9884 9883
f 9850 9851 9872
f 9896 9872 9851
f 9872 9896 9907
f 9896 9897 9907
f 9920 9897 9896
f 9897 9920 9924
f 9729 9733 10036
f 9732 9731 9730
f 9733 9732 9730
f 9729 9732 9733
f 9921 9732 9729
f 9919 9895 9893
f 9921 9919 9893
f 9731 9732 9901
f 9921 9901 9732
f 9921 9893 9866
f 9866 9901 9921
f 9731 9826 9827
f 9901 9826 9731
f 9817 9819 9823
f 9827 9823 9819
f 9901 9863 9826
f 9901 9866 9863
f 9766 9767 9771
f 9768 9767 9766
f 9778 9768 9766
f 9781 9778 9766
f 9777 9786 9793
f 9785 9780 9779
f 9779 9780 9784
f 9779 9784 9790
f 9787 9785 9779
f 9790 9787 9779
f 9828 9784 9780
f 9780 9785 9788
f 9780 9788 9822
f 9780 9822 9828
f 9791 9790 9784
f 9797 9791 9784
f 9784 9828 9833
f 9785 9787 9788
f 9861 9822 9788
f 9788 9860 9861
f 9822 9825 9965
f 9861 9825 9822
f 9791 9797 9802
f 9802 9801 9791
f 9837 9802 9797
f 9861 9860 9857
f 9825 9861 9864
f 9864 9861 9857
f 9802 9837 10405
f 10403 9979 9959
f 9970 9965 9900
f 9831 10068 10081
f 10070 10068 9831
f 10071 10070 9831
f 10096 10074 10071
f 9840 9981 9982
f 10423 10410 10409
f 9984 9982 9981
f 9854 9847 9845
f 9874 9873 9848
f 9849 9855 9893
f 9855 9866 9893
f 9872 9905 9906
f 9908 9905 9872
f 9878 9859 9857
f 9859 9878 9913
f 9913 9900 9859
f 9878 9880 9913
f 9900 9913 9969
f 9969 9913 9880
f 9867 9868 9870
f 9870 9869 9867
f 9875 9870 9868
f 9904 9875 9868
f 9868 9903 9904
f 9875 9904 9936
f 9929 9910 9904
f 9904 9910 9936
f 9924 9907 9897
f 9928 9908 9888
f 9930 9908 9890
f 9890 9908 9928
f 9946 9936 9910
f 9881 9953 9967
f 9880 9968 9969
f 9953 9954 9955
f 9959 9955 9954
f 9976 9968 9967
f 9972 9969 9968
f 9973 9972 9968
f 9976 9973 9968
f 9953 9955 9975
f 9975 9967 9953
f 9967 9975 9977
f 9977 9976 9967
f 10724 10739 10745
f 10114 9890 9888
f 9888 9890 9928
f 9890 10114 10115
f 9890 10115 10119
f 9922 9902 9898
f 9899 9902 9925
f 9902 9922 9926
f 9926 9925 9902
f 10128 9926 9922
f 9918 9925 9932
f 9925 9926 9932
f 10128 9927 9926
f 9910 9929 9946
f 9911 9915 9916
f 9917 9918 9931
f 9932 9931 9918
f 9931 9932 9933
f 9927 10128 10131
f 10128 10129 10131
f 10129 10130 10131
f 10197 10199 10231
f 9955 9959 9978
f 9978 9975 9955
f 9979 9978 9959
f 9978 9979 9980
f 10413 9980 9979
f 9973 9976 9984
f 9972 9973 9974
f 9984 9974 9973
f 9984 9985 9986
f 10415 10413 10412
f 9988 10421 10422
f 9988 10416 10417
f 9988 10417 10421
f 10412 10414 10415
f 10416 10415 10414
f 10416 10414 10411
f 10417 10416 10411
f 10417 10411 10410
f 10002 10000 9998
f 10000 10002 10004
f 10000 10004 10006
f 10002 10003 10004
f 10005 10004 10003
f 10008 10007 10005
f 10109 10107 10106
f 10132 10048 10041
f 10132 10152 10153
f 10049 10051 10151
f 10054 10146 10157
f 10046 10047 10052
f 10153 10055 10050
f 10159 10154 10151
f 10153 10056 10055
f 10056 10153 10282
f 10160 10158 10157
f 10282 10095 10056
f 10090 10088 10087
f 10146 10147 10157
f 10147 10149 10157
f 10149 10150 10157
f 10160 10157 10150
f 10282 10280 10095
f 10133 10280 10282
f 10108 10111 10113
f 10113 10112 10110
f 10111 10112 10113
f 10432 10433 10434
f 10096 10091 10074
f 10098 10096 10079
f 10078 10088 10093
f 10078 10093 10094
f 10097 10092 10091
f 10092 10097 10099
f 10102 10100 10099
f 10101 10103 10105
f 10234 10167 10166
f 10150 10170 10173
f 10170 10171 10173
f 10161 10160 10150
f 10173 10161 10150
f 10178 10181 10183
f 10184 10181 10178
f 10156 10188 10363
f 10188 10310 10365
f 10167 10234 10235
f 10167 10235 10238
f 10235 10234 10233
f 10222 10235 10237
f 10237 10235 10233
f 10238 10235 10222
f 10185 10190 10191
f 10192 10191 10190
f 10186 10180 10179
f 10180 10186 10187
f 10180 10187 10311
f 10307 10312 10349
f 10251 10250 10247
f 10343 10349 10350
f 10208 10204 10202
f 10208 10209 10211
f 10205 10214 10215
f 10216 10214 10211
f 10209 10210 10211
f 10216 10211 10210
f 10210 10213 10216
f 10237 10223 10222
f 10314 10309 10243
f 10343 10314 10243
f 10344 10343 10243
f 10308 10309 10314
f 10314 10313 10308
f 10314 10343 10351
f 10352 10351 10343
f 10292 10291 10264
f 10253 10254 10256
f 10253 10256 10257
f 10253 10257 10284
f 10259 10256 10254
f 10260 10258 10257
f 10257 10258 10284
f 10285 10284 10258
f 10261 10260 10259
f 10258 10260 10274
f 10258 10274 10285
f 10260 10261 10275
f 10275 10274 10260
f 10274 10275 10285
f 10285 10275 10263
f 10261 10263 10275
f 10290 10271 10267
f 10271 10290 10295
f 10298 10290 10286
f 10296 10301 10337
f 10327 10279 10276
f 10276 10319 10327
f 10319 10324 10327
f 10331 10324 10319
f 10326 10323 10278
f 10323 10326 10328
f 10320 10299 10287
f 10340 10322 10321
f 10355 10317 10316
f 10317 10354 10360
f 10355 10354 10317
f 10352 10353 10355
f 10354 10356 10362
f 10389 10378 10377
f 10435 10398 10394
f 10394 10432 10435
f 10432 10434 10435
f 10400 10399 10398
f 10435 10400 10398
f 10400 10435 10436
f 10436 10435 10434
f 10424 10439 10440
f 10418 10424 10425
f 10414 10412 10406
f 10428 10427 10425
f 10442 10429 10426
f 12468 12467 12462
f 12465 12463 10475
f 10475 12463 12464
f 10508 10544 12511
f 12511 12509 10508
f 12463 12465 12466
f 12464 10482 10481
f 10481 10482 10483
f 10487 10486 10485
f 10785 10784 10783
f 10547 10546 10545
f 14320 14626 14628
f 10505 10507 10826
f 12511 12510 12509
f 10516 10517 10524
f 10517 10521 10526
f 10532 10531 10530
f 10538 10541 10542
f 10543 10542 10541
f 16005 16201 16202
f 12523 12520 12519
f 10814 10813 10812
f 14651 10561 10555
f 14349 10561 10555
f 10555 14349 14351
f 10555 14349 14652
f 14652 14651 10561
f 14652 14651 14349
f 10639 10586 10582
f 10639 10587 10586
f 10717 10716 10715
f 10614 10604 10602
f 10746 10740 10723
f 10640 10631 10630
f 10735 10737 10738
f 10657 10650 10632
f 10633 10634 10752
f 10757 10765 10770
f 10772 10768 10758
f 10643 10644 10764
f 10655 10659 10660
f 10651 10652 10653
f 14182 14167 14165
f 14172 14170 14169
f 10660 10662 10663
f 14188 14191 14195
f 10684 10685 10686
f 10688 10685 10681
f 10681 10687 10688
f 10688 10686 10685
f 10683 10681 10680
f 10680 10681 10685
f 10681 10683 10687
f 10687 10683 10682
f 10705 10696 10695
f 10695 10704 10705
f 10698 10697 10696
f 10706 10704 10703
f 10706 10705 10704
f 10705 10706 10709
f 14275 14277 14282
f 10792 12689 12694
f 10803 12814 12818
f 12691 12689 12688
f 12689 12691 12694
f 12696 12694 12691
f 10794 10795 10797
f 12728 10795 10794
f 12731 12728 10794
f 10795 12728 12732
f 10800 10801 12755
f 12757 12755 10801
f 12757 12756 12755
f 14326 14325 14324
f 15489 14326 14324
f 12758 12757 10801
f 14331 14328 14327
f 14328 14331 15507
f 12814 12817 12821
f 12821 12818 12814
f 12821 12819 12818
f 10854 10851 10850
f 10850 10853 10854
f 10861 10860 10842
f 10843 10862 10863
f 10940 10942 10944
f 10943 10942 10940
f 11150 11151 11152
f 11157 11156 11155
f 10866 10865 10864
f 10864 10865 10868
f 10868 10867 10864
f 10890 10897 10900
f 10889 10888 10887
f 10887 10916 10917
f 10900 10891 10890
f 10890 10891 10892
f 11477 11458 11457
f 11457 11476 11477
f 11119 11135 11137
f 10938 11125 11127
f 11125 11126 11127
f 11010 10971 10949
f 10950 10974 10975
f 10971 10966 10965
f 11007 11010 11012
f 11069 11012 11010
f 10975 11066 11067
f 11622 11066 10975
f 10975 11504 11622
f 11069 11068 11012
f 11067 11068 11069
f 11504 11518 11520
f 11504 11520 11622
f 11509 11514 11516
f 11068 11067 11066
f 11623 11622 11520
f 11622 11623 11624
f 11533 11529 11527
f 11017 11014 11013
f 11367 11358 11070
f 11533 11532 11529
f 11532 11533 11624
f 11362 11363 11365
f 11363 11364 11365
f 11395 11394 11031
f 11357 11358 11368
f 11022 11033 11034
f 11023 11032 11525
f 11392 11030 11029
f 11392 11387 11030
f 11287 11290 11407
f 11287 11407 11412
f 11392 11389 11387
f 11389 11392 11393
f 11384 11394 11398
f 11394 11395 11398
f 11385 11383 11382
f 11398 11393 11384
f 11389 11393 11398
f 11101 11099 11098
f 11330 11331 11332
f 11624 11623 11532
f 11269 11275 11370
f 11370 11366 11269
f 11358 11367 11368
f 11073 11072 11071
f 11342 11073 11071
f 11071 11341 11342
f 11320 11318 11317
f 11320 11319 11318
f 11319 11320 11321
f 11074 11075 11347
f 11076 11075 11074
f 11074 11347 11348
f 11628 11629 11630
f 11627 11628 11631
f 11628 11630 11631
f 11080 11081 11087
f 11081 11084 11087
f 11084 11086 11087
f 11089 11086 11085
f 11087 11083 11080
f 11083 11087 11088
f 11088 11087 11086
f 11089 11088 11086
f 11095 11096 11354
f 11403 11100 11099
f 11099 11101 11403
f 11102 11103 11104
f 11102 11104 11416
f 11417 11416 11104
f 11644 11643 11642
f 11643 11644 11645
f 11643 11645 11928
f 11105 11108 11109
f 11113 11114 11121
f 11115 11114 11113
f 11121 11120 11113
f 11141 11138 11137
f 11160 11158 11154
f 11160 11159 11158
f 11200 11194 11193
f 11194 11200 11202
f 12456 11168 11142
f 11140 11163 11165
f 11163 11164 11166
f 11166 11165 11163
f 11876 11875 11874
f 11875 11876 11877
f 11165 11166 11167
f 11886 11885 11884
f 11208 12456 12459
f 12461 12459 12456
f 11887 11888 12536
f 12450 12459 12461
f 12461 12536 12540
f 11158 11159 11161
f 12449 11210 11209
f 11886 11884 11883
f 12451 12447 11210
f 11210 12449 12451
f 11199 11201 11204
f 11201 11203 11204
f 12475 12476 12478
f 12479 12478 12476
f 12459 12450 12449
f 12449 12450 12451
f 11264 11263 11262
f 11312 11264 11262
f 11916 11312 11262
f 11312 11298 11297
f 11312 11916 12017
f 12017 12006 11312
f 11919 11917 11916
f 11916 11917 12017
f 11265 11266 11268
f 11268 11270 11923
f 11917 11919 11920
f 11923 11920 11919
f 11276 11270 11267
f 11270 11276 11932
f 11932 11923 11270
f 11316 11315 11314
f 11923 11922 11920
f 11922 11923 11932
f 11370 11369 11366
f 11369 11370 11371
f 11406 11409 11411
f 11281 11280 11278
f 11369 11371 11372
f 11373 11372 11371
f 11372 11373 11374
f 11296 11294 11291
f 11293 11936 11940
f 11421 11414 11410
f 11410 11420 11421
f 12006 12009 12010
f 12017 12009 12006
f 12023 12021 12020
f 12009 12017 12018
f 12204 12211 12215
f 11415 11419 11422
f 12234 11647 11646
f 12234 11648 11647
f 11648 12234 12237
f 11648 12237 12245
f 12237 12243 12245
f 11446 11443 11441
f 11470 11453 11440
f 11484 11483 11470
f 11445 11447 11456
f 11448 11445 11442
f 11493 11491 11490
f 11575 11578 11581
f 11578 11579 11581
f 11478 11479 11496
f 11478 11495 11499
f 11496 11495 11478
f 11495 11496 11497
f 11910 11905 11892
f 11670 11676 11677
f 11498 11494 11493
f 11671 11673 11675
f 11673 11674 11675
f 11677 11672 11670
f 11532 11519 11515
f 11518 11519 11520
f 12013 12005 12004
f 11530 11526 11513
f 11535 11528 11526
f 11530 11531 11626
f 11531 11625 11626
f 11918 11924 12004
f 11918 12004 12005
f 11614 11609 11608
f 11612 11611 11609
f 11614 11612 11609
f 11592 11593 11600
f 11541 11542 11543
f 11542 11604 11639
f 11975 11941 11927
f 11550 11613 11684
f 11614 11613 11612
f 11977 11972 11956
f 11977 11973 11972
f 11561 11562 11565
f 11567 11566 11561
f 11573 11564 11563
f 11564 11573 11619
f 11616 11617 11621
f 11573 11615 11619
f 11620 11619 11615
f 11621 11618 11616
f 11725 11723 11722
f 11655 11657 11661
f 11660 11656 11654
f 11602 11603 11610
f 12207 12210 12216
f 12210 12212 12216
f 11640 11638 11606
f 11638 11640 12223
f 12223 12218 11638
f 11994 11647 11641
f 11647 11994 12238
f 11994 11995 12238
f 11816 11812 11809
f 11813 11779 11778
f 11817 11813 11812
f 11812 11816 11817
f 11779 11813 11817
f 11632 11633 11635
f 12200 11633 11632
f 12200 11634 11633
f 11690 11689 11685
f 11689 11686 11685
f 11689 11690 12252
f 12260 12213 12203
f 11685 11687 11690
f 11641 11647 12240
f 11988 11975 11647
f 11647 12238 12240
f 11699 11711 12095
f 12000 11998 11996
f 11652 11650 11649
f 11649 11651 11652
f 11650 11652 11929
f 11707 11716 11986
f 11654 11658 11659
f 11801 11802 11804
f 11957 11947 11946
f 11802 11803 11804
f 12056 12044 12042
f 12042 12043 12056
f 11694 11692 11688
f 11693 11692 11691
f 11691 11692 11694
f 12266 12260 12252
f 11819 11820 11821
f 12262 12259 12256
f 12255 11700 11697
f 11767 11765 11757
f 12096 12095 11711
f 11717 11720 12274
f 12320 12257 11703
f 11704 11839 11840
f 11769 11768 11766
f 12320 12319 12257
f 11705 11831 12085
f 11832 11831 11705
f 11705 12085 12086
f 11712 11714 12321
f 11987 11719 11709
f 11855 11853 11852
f 11714 11841 12321
f 12106 12102 12097
f 12101 12103 12104
f 12241 12246 12247
f 11725 11727 11731
f 11749 11739 11738
f 11737 11740 11748
f 11737 11775 11776
f 12301 12298 12297
f 12297 12300 12301
f 11835 11833 11824
f 11791 11793 11794
f 12343 12341 12340
f 11865 11864 11863
f 11864 11865 11866
f 12110 12089 12088
f 12089 12110 12112
f 11844 11837 11835
f 11825 11836 11842
f 11843 11842 11837
f 12161 12153 12152
f 11867 11862 11861
f 12386 12357 12354
f 12355 12356 12388
f 12356 12385 12388
f 12357 12386 12387
f 11869 12352 12353
f 12352 11869 11868
f 12140 12141 12143
f 12530 12533 12541
f 12541 12533 12532
f 12542 12540 12536
f 11907 11910 11911
f 11914 11909 11896
f 11908 11909 11912
f 12546 12548 12560
f 12058 12041 12040
f 12040 12047 12058
f 11918 11921 11925
f 11925 11924 11918
f 12026 12019 11922
f 12018 12014 12009
f 11926 11933 11934
f 12026 12023 12019
f 11956 11976 11977
f 11926 11934 11937
f 11978 11977 11976
f 11979 11980 11981
f 12024 12025 12027
f 11969 11962 11957
f 11963 11959 11958
f 11958 11960 11961
f 12115 12111 12107
f 12064 12063 12062
f 12107 12114 12115
f 12059 12034 12033
f 11982 11983 12083
f 12080 12035 11982
f 12083 12080 11982
f 11984 11985 12084
f 12093 12084 11985
f 12039 12057 12061
f 11997 11999 12001
f 12246 12241 12239
f 12014 12010 12009
f 12028 12025 12016
f 12046 12045 12034
f 12128 12126 12122
f 12126 12128 12181
f 12057 12146 12147
f 12632 12621 12620
f 12620 12628 12632
f 12075 12067 12064
f 12613 12074 12065
f 12612 12611 12065
f 12875 12177 12176
f 12875 12850 12177
f 12876 12877 12879
f 12122 12127 12128
f 12129 12128 12127
f 12130 12129 12127
f 12129 12130 12131
f 12134 12131 12130
f 12190 12189 12186
f 12189 12188 12187
f 12164 12162 12161
f 12427 12426 12425
f 12156 12157 12163
f 12159 12163 12174
f 12163 12165 12174
f 12892 12881 12880
f 12174 12169 12159
f 12426 12427 12428
f 12429 12430 12434
f 12430 12433 12434
f 12258 12259 12262
f 12334 12331 12304
f 12331 12334 12335
f 15005 15010 15011
f 12316 12317 12332
f 12338 12333 12332
f 12395 12381 12380
f 12364 12371 12372
f 12369 12339 12338
f 12339 12369 14955
f 12370 12369 12338
f 12372 12366 12364
f 12369 12370 14961
f 14960 14955 12369
f 14961 14960 12369
f 12402 15068 15069
f 12402 15069 15070
f 15149 15148 15076
f 12395 12398 12407
f 12383 12384 12396
f 12408 12397 12396
f 12424 12436 13295
f 15077 15069 15068
f 15069 15077 15078
f 15920 13308 13305
f 13305 15915 15920
f 12415 12421 12423
f 15150 15075 15074
f 12422 12423 13342
f 13342 13341 13312
f 13312 13316 13342
f 13298 13296 13295
f 13333 13332 13331
f 12943 13332 13333
f 15116 15119 15121
f 15120 15118 15117
f 12443 12452 12454
f 12448 12452 12453
f 12543 12539 12531
f 12531 12534 12543
f 12484 12474 12473
f 12473 12483 12484
f 12518 12519 12520
f 12495 12501 12506
f 12503 12501 12495
f 12490 12495 12499
f 12506 12496 12495
f 12526 12527 12529
f 12493 12496 12506
f 12517 12516 12493
f 12578 12517 12493
f 12493 12576 12578
f 12515 12516 12517
f 12517 12578 13168
f 13168 13152 12517
f 12579 12578 12576
f 12583 12582 12581
f 12583 12581 12570
f 12584 12580 12571
f 12571 12572 12584
f 13152 13168 13169
f 13157 13156 13148
f 13151 13156 13157
f 12548 12555 12562
f 12549 12550 12564
f 12566 12563 12549
f 12586 12588 12590
f 12617 12619 12622
f 12622 12619 12618
f 12589 12590 12595
f 12657 12656 12653
f 12653 12654 12657
f 12597 12596 12591
f 13141 12598 12591
f 13142 13141 12591
f 12598 13141 13145
f 13178 12655 12652
f 12652 13177 13178
f 12647 12983 13004
f 13191 13175 12647
f 12636 12634 12633
f 12877 12878 12879
f 12646 12637 12636
f 13026 13015 12976
f 12976 12980 13026
f 12638 12645 12650
f 12638 12650 12651
f 12640 12645 12981
f 12645 12649 12650
f 13057 12981 12975
f 12975 13029 13057
f 13005 13004 12983
f 13004 13209 13212
f 13186 13181 13180
f 12673 12669 12668
f 12668 12669 12671
f 12673 12672 12669
f 12679 12677 12676
f 12679 12678 12677
f 12748 12737 12735
f 15460 15453 15451
f 15451 15452 15459
f 15451 15459 15460
f 12697 12698 12700
f 12698 12699 12705
f 12705 12700 12698
f 12678 12679 12681
f 12780 12773 12772
f 15463 15464 15473
f 15464 15467 15474
f 15474 15473 15464
f 12696 12703 12817
f 12705 12703 12700
f 12823 12817 12703
f 12826 12821 12817
f 12817 12823 12826
f 12828 12825 12824
f 12823 12825 12826
f 12833 12831 12823
f 12828 12826 12825
f 12835 12832 12831
f 12831 12833 12835
f 12740 12742 12744
f 12749 12745 12740
f 12740 12744 12749
f 12754 12749 12744
f 15491 15485 15479
f 12828 12827 12826
f 15498 15487 15483
f 15510 15503 15502
f 15501 15504 15509
f 15512 15509 15504
f 12781 12779 12778
f 12779 12781 12782
f 15515 15517 15529
f 12788 12785 12776
f 12786 12785 12783
f 12783 12785 12788
f 12783 12788 12789
f 12965 12961 12956
f 15531 15529 15517
f 15516 15518 15519
f 15516 15519 15522
f 15522 15521 15516
f 15532 15531 15520
f 12964 12962 12961
f 12965 12964 12961
f 15546 15538 15537
f 15539 15540 15541
f 15544 15542 15538
f 15548 15541 15540
f 15548 15543 15541
f 15546 15544 15538
f 12833 12834 12835
f 15486 15481 15480
f 15486 15484 15481
f 12864 12857 12856
f 12856 12860 12864
f 12865 12864 12860
f 12872 12869 12860
f 12882 12883 12884
f 12882 12884 12887
f 12887 12886 12882
f 12960 12959 12957
f 12871 12870 12869
f 12869 12872 12912
f 12886 12887 12928
f 12966 12960 12957
f 12957 12963 12966
f 15560 15556 15551
f 15554 15556 15561
f 15556 15560 15561
f 12977 12978 12986
f 12930 12928 12887
f 12894 12893 12892
f 12892 12896 12897
f 12905 12887 12884
f 12887 12905 12930
f 13013 13014 13020
f 13023 13020 13014
f 13023 13022 13020
f 12934 12937 13095
f 13095 13052 13019
f 13034 13031 13030
f 13263 13264 13269
f 13264 13265 13268
f 13264 13268 13269
f 13022 13023 13083
f 15571 15567 12931
f 15564 15567 15574
f 13023 13080 13083
f 15567 15571 15576
f 15576 15574 15567
f 13105 13099 13095
f 13482 13330 13328
f 13105 13482 13483
f 13329 13330 13482
f 12964 12965 12967
f 12960 12966 12972
f 12987 12972 12966
f 12966 12986 12987
f 13014 13016 13023
f 15582 15580 15579
f 15580 15582 15585
f 15582 15583 15585
f 13065 12987 12986
f 12971 12973 12988
f 12974 12973 12971
f 12993 12974 12971
f 12971 12988 13007
f 12994 12993 12971
f 13007 12994 12971
f 12993 12990 12974
f 13080 13023 13016
f 13017 13018 13025
f 13017 13025 13027
f 13045 13025 13018
f 13018 13028 13045
f 15594 15584 15581
f 15584 15594 15597
f 13091 13027 13025
f 15599 15593 15591
f 15600 15599 15591
f 13197 13198 13201
f 13198 13199 13200
f 13198 13200 13201
f 13203 13200 13199
f 13063 13061 13058
f 15602 15603 15608
f 15603 15604 15607
f 15603 15607 15608
f 13203 13204 13205
f 13035 13036 13037
f 13061 13063 13133
f 13025 13045 13049
f 13025 13049 13091
f 13215 13210 13208
f 13034 13040 13041
f 13096 13094 13093
f 13035 13039 13060
f 13233 13235 13236
f 13497 13488 13113
f 13112 13114 13131
f 13131 13129 13112
f 13113 13130 13497
f 13111 13116 13244
f 13097 13093 13085
f 13097 13096 13093
f 13215 13213 13210
f 15610 15611 15625
f 15611 15622 15625
f 15613 15616 15626
f 15626 15623 15613
f 13470 13472 13476
f 13106 13138 13475
f 13243 13242 13241
f 15643 15626 15616
f 13116 13120 13121
f 13116 13121 13244
f 13481 13476 13472
f 13483 13480 13478
f 13486 13483 13482
f 13486 13482 13330
f 13330 13482 13487
f 13480 13483 13486
f 13466 13108 13107
f 13108 13466 13467
f 13250 13252 13261
f 13252 13258 13261
f 13245 13244 13121
f 13247 13248 13253
f 13255 13253 13248
f 13258 13259 13261
f 13146 13147 13149
f 13149 13159 13162
f 13184 13188 13192
f 13188 13184 13183
f 15640 15674 16141
f 13186 13189 13190
f 13202 13201 13200
f 15605 15609 15829
f 13239 13240 13243
f 13238 13237 13236
f 15644 15834 15835
f 15626 15643 15644
f 15834 15644 15643
f 13697 13699 13700
f 13272 13269 13268
f 13276 13271 13270
f 13270 13273 13336
f 13336 13276 13270
f 13357 13358 13360
f 13357 13360 13365
f 13365 13364 13357
f 13336 13320 13276
f 13320 13336 13337
f 13369 13360 13358
f 13279 13287 13291
f 15927 15924 13320
f 13360 13369 13370
f 13287 13290 13292
f 13292 13291 13287
f 13345 13346 13351
f 13574 13570 13569
f 13569 13571 13572
f 13569 13572 13574
f 15943 15938 13293
f 13522 13521 13421
f 15937 15938 15945
f 15938 15943 15947
f 15947 15945 15938
f 15920 13317 13308
f 13302 13299 13297
f 13297 13300 13301
f 13319 13315 13313
f 13473 13455 13454
f 13313 13318 13319
f 15915 15919 15920
f 15920 15918 13317
f 15920 15919 15918
f 13512 13513 13516
f 13517 13516 13513
f 15924 15927 15934
f 13479 13480 13486
f 13355 13353 13351
f 13589 13590 13591
f 13592 13591 13590
f 13368 13365 13360
f 13370 13368 13360
f 13365 13368 13404
f 13359 13361 13366
f 13361 13362 13363
f 13361 13363 13366
f 13367 13366 13363
f 13420 13404 13368
f 13452 13451 13447
f 13419 13413 13404
f 13420 13419 13404
f 13407 13403 13402
f 13419 13420 13522
f 13420 13519 13522
f 13472 13474 13481
f 13422 13423 13520
f 13407 13429 13430
f 15986 15970 15969
f 15970 15986 15988
f 15989 15973 15971
f 13518 13515 13511
f 16016 16021 16022
f 13699 13697 13696
f 16051 16036 16031
f 13543 13544 13545
f 13546 13544 13543
f 13547 13546 13543
f 13544 13546 13549
f 16049 16048 16039
f 13568 13567 13564
f 13573 13566 13565
f 16109 16110 16111
f 16114 16113 16112
f 13708 13707 13706
f 13703 13704 13705
f 13575 13574 13572
f 13598 13630 13673
f 13601 13678 13679
f 13685 13675 13674
f 13688 13681 13680
f 16270 16269 16150
f 16151 16152 16271
f 13840 13841 14423
f 13840 14423 14426
f 13721 13722 13728
f 13821 13819 13817
f 14365 14366 14379
f 14424 14423 13841
f 13749 13750 13755
f 13742 13741 13739
f 13831 13832 13833
f 13839 13843 13848
f 13765 13766 13789
f 13876 13877 13878
f 13782 13783 13791
f 13883 13882 13881
f 13863 13978 13982
f 13983 13865 13802
f 13865 13982 13983
f 13983 13869 13865
f 14501 14498 14497
f 13855 13852 13850
f 13836 13835 13834
f 14369 14370 14374
f 14383 14384 14391
f 13938 13937 13936
f 13939 13940 13941
f 13951 13950 13949
f 13954 13955 13956
f 13974 13973 13972
f 14011 14010 14009
f 14059 14060 14061
f 14127 14126 14125
f 14026 14023 14016
f 15300 15296 14023
f 15317 15320 15322
f 15322 15321 15317
f 15321 15322 15323
f 15300 15298 15296
f 14029 14030 14031
f 14029 14138 14141
f 14029 14139 15403
f 14141 14139 14029
f 15403 15297 14029
f 15334 14031 14030
f 14145 14141 14138
f 14139 14141 14145
f 14139 14145 15440
f 15404 15403 14139
f 15410 15404 14139
f 15412 15410 14139
f 15440 15412 14139
f 15403 15404 15408
f 15408 15406 15403
f 15334 15335 15434
f 14069 14068 14067
f 14072 14073 14074
f 14079 14078 14077
f 14099 14100 14101
f 14120 14116 14110
f 14116 14120 14121
f 14143 14144 14145
f 15435 15434 15335
f 15440 14145 14144
f 15410 15408 15404
f 15417 15414 15412
f 15420 15409 15405
f 15437 15438 15439
f 15405 15418 15420
f 15445 15444 15443
f 14240 14428 14431
f 14175 14174 14173
f 14191 14189 14179
f 14183 14168 14166
f 14283 14278 14276
f 14219 14216 14215
f 14225 14224 14223
f 14192 14194 14196
f 14258 14253 14250
f 14197 14201 14314
f 14220 14218 14217
f 14295 14296 14309
f 14310 14297 14294
f 14262 14236 14234
f 14226 14227 14228
f 14411 14412 14413
f 14404 14402 14235
f 14533 14525 14302
f 14303 14305 14312
f 14257 14260 14261
f 14443 14444 14448
f 14326 15489 15490
f 14331 15506 15507
f 14396 14395 14393
f 14362 14363 14367
f 14363 14364 14368
f 14368 14367 14363
f 14367 14368 14380
f 14499 14495 14490
f 14414 14406 14405
f 14495 14499 14500
f 14502 14500 14499
f 14406 14414 14416
f 14406 14416 14433
f 14377 14376 14375
f 14389 14377 14375
f 14417 14418 14420
f 14450 14420 14418
f 14456 14455 14453
f 14422 14421 14403
f 14520 14515 14511
f 14530 14528 14524
f 14414 14415 14416
f 14412 14419 14451
f 14507 14512 14514
f 14514 14512 14506
f 14519 14514 14506
f 14516 14517 14518
f 14500 14496 14495
f 14505 14506 14512
f 14543 14548 14550
f 14547 14546 14545
f 14594 14593 14592
f 14595 14596 14608
f 14639 14638 14637
f 14640 14653 14654
f 14614 14616 14622
f 16413 14624 14621
f 16412 16411 16410
f 16376 16373 16371
f 16413 16414 16415
f 14682 14683 14689
f 14691 14695 14696
f 16188 16210 16212
f 16210 16188 16026
f 16460 14709 14705
f 16442 16448 16449
f 16449 16443 16442
f 14751 14753 14754
f 14752 14755 14759
f 14719 14720 14721
f 15198 14720 14719
f 14719 14721 14723
f 15199 15198 14719
f 15198 15199 15203
f 15198 15274 15276
f 14795 14794 14793
f 15276 14795 14793
f 14729 14730 14733
f 14794 14795 14802
f 15214 15213 15212
f 15203 14731 14725
f 14731 15203 15217
f 15203 15204 15217
f 15217 15213 15203
f 14804 14800 14799
f 14799 14803 14804
f 14790 14788 14744
f 14792 14791 14789
f 15316 15314 14791
f 14756 14759 14760
f 15030 15032 15033
f 15035 15033 15032
f 14823 14818 14813
f 14772 14773 14810
f 14811 14810 14773
f 14840 14836 14834
f 14835 14836 14840
f 14820 14817 14784
f 14815 14817 14821
f 14816 14818 14819
f 15158 15066 15063
f 15278 14803 14802
f 14801 14803 15278
f 14806 14805 14803
f 14805 14806 14807
f 15283 15278 14803
f 14803 15278 15290
f 15286 15287 15291
f 15292 15289 15283
f 15291 15290 15288
f 15291 15288 15286
f 15289 15292 15294
f 15295 15294 15292
f 14892 14894 14896
f 14897 14896 14894
f 14920 14921 14926
f 15065 15064 15062
f 15064 15065 15067
f 15066 15158 15159
f 14839 14838 14837
f 14863 14839 14837
f 14860 14856 14849
f 15692 15691 15685
f 15691 15692 15732
f 14861 14858 14857
f 15432 14849 14848
f 15433 14859 14858
f 14910 14911 14915
f 15707 15698 15695
f 14925 14878 14876
f 14876 14924 14925
f 14924 15185 15188
f 15191 15188 15185
f 15184 15186 15189
f 15712 15707 15687
f 15708 15707 15705
f 15707 15706 15705
f 15707 15708 15711
f 15707 15712 15739
f 14929 14928 14925
f 14923 14926 14927
f 14898 14895 14893
f 14895 14898 14899
f 15396 15395 15389
f 15397 15391 15390
f 15389 15393 15396
f 15393 15394 15396
f 15723 15726 15729
f 15730 15729 15726
f 14913 14915 14917
f 14918 14916 14914
f 16401 16400 14916
f 15694 15693 15685
f 15693 15694 15733
f 15189 15187 15184
f 15188 15191 15192
f 15735 15736 15744
f 15736 15737 15744
f 15737 15743 15744
f 15037 15039 15050
f 15013 15017 15018
f 14985 14984 14982
f 14984 14985 14986
f 15041 15049 15050
f 15051 15054 15055
f 15039 15041 15050
f 15103 15099 15098
f 15098 15101 15103
f 15093 15092 15091
f 15155 15090 14999
f 15053 15052 15051
f 15163 15164 15174
f 15104 15102 15100
f 15145 15144 15143
f 15102 15104 15105
f 15181 15176 15102
f 15173 15176 15177
f 15180 15175 15174
f 15181 15177 15176
f 15962 15960 15959
f 15959 15961 15962
f 15142 15146 15147
f 16101 16102 16103
f 15179 15178 15177
f 15194 15196 16165
f 15703 15704 16170
f 16173 16170 15704
f 16162 16165 16166
f 15211 15213 15215
f 15285 15286 15288
f 15230 15228 15226
f 15228 15230 15231
f 15258 15259 15266
f 15259 15260 15261
f 15346 15343 15342
f 15342 15345 15346
f 15248 15245 15242
f 15245 15248 15249
f 15301 15306 15308
f 15301 15308 15312
f 15268 15267 15266
f 15366 15369 15370
f 15294 15293 15289
f 15393 15389 15387
f 15408 15407 15406
f 15333 15331 15330
f 15413 15414 15417
f 15417 15416 15413
f 15335 15336 15435
f 15329 15330 15331
f 15341 15344 15360
f 15359 15360 15363
f 15368 15363 15360
f 15351 15348 15347
f 15365 15366 15367
f 15348 15351 15352
f 15363 15368 15371
f 15372 15371 15368
f 15402 16279 16282
f 15402 16282 16284
f 15375 15373 15371
f 15427 15428 15429
f 15399 15392 15391
f 16304 16301 16295
f 15421 15415 15411
f 15415 15421 15422
f 15445 15443 15441
f 16375 16372 16370
f 16370 16374 16375
f 15429 15430 16313
f 16408 16411 16412
f 15462 15460 15459
f 15481 15484 15492
f 15473 15474 15475
f 15531 15530 15529
f 15531 15532 15533
f 15508 15509 15512
f 15510 15511 15513
f 15546 15545 15544
f 15534 15522 15519
f 15580 15585 15596
f 15540 15547 15548
f 15608 15607 15606
f 15562 15561 15560
f 15576 15575 15574
f 15594 15595 15597
f 15625 15622 15621
f 15599 15600 15601
f 15626 15624 15623
f 15624 15626 15644
f 15859 15862 15863
f 16181 16180 16095
f 16179 16180 16181
f 16185 16184 16179
f 15660 15661 15662
f 15760 15661 15660
f 15860 15857 15856
f 15877 15860 15856
f 16290 16292 16298
f 15792 15756 15750
f 15796 15792 15750
f 15792 15870 15871
f 16348 16335 16331
f 15806 15807 15810
f 15678 15808 16335
f 16354 16352 16335
f 15896 15809 15808
f 15744 15739 15712
f 15752 15754 15769
f 15813 15769 15754
f 16172 16171 15702
f 15709 15710 15714
f 16171 16172 16174
f 15708 15709 15714
f 15714 15711 15708
f 15711 15714 15742
f 15714 15740 15742
f 15739 15741 15743
f 15744 15741 15739
f 15744 15743 15741
f 15709 15708 15705
f 15738 15742 15745
f 15746 15742 15740
f 15746 15745 15742
f 15728 15725 15724
f 16300 16301 16307
f 15725 15728 15731
f 16308 16306 16299
f 16303 16306 16308
f 16303 16308 16309
f 15806 15810 15811
f 15814 15815 15818
f 15750 15753 15796
f 15750 15756 15757
f 15786 15755 15753
f 15799 15796 15753
f 15879 15873 15756
f 15803 15801 15800
f 15755 15786 15804
f 15798 15799 16405
f 15799 15802 16405
f 16406 16405 15802
f 15817 15818 15822
f 15820 15819 15816
f 16175 16176 16183
f 16183 16182 16178
f 15783 15780 15779
f 15776 15781 15782
f 15776 15782 15784
f 15780 15783 15785
f 15821 15816 15790
f 15890 15889 15888
f 15888 15889 15891
f 15875 15882 15884
f 15875 15884 15898
f 15905 15871 15870
f 15800 16402 16404
f 16353 16351 16350
f 15896 15812 15809
f 15812 15896 15897
f 16358 16357 16354
f 15909 15911 15912
f 15900 15904 15906
f 15894 15912 15913
f 15903 15908 16459
f 15893 16272 16273
f 15906 15901 15900
f 16431 16438 16439
f 16439 16437 16436
f 16439 16436 16431
f 16239 16263 16265
f 15935 15934 15933
f 15947 15946 15945
f 15986 15987 15988
f 15963 15964 15965
f 16163 16160 15963
f 16160 16163 16167
f 16094 16096 16097
f 16098 16097 16096
f 16211 16210 16026
f 16038 16047 16050
f 16104 16106 16107
f 16095 16099 16100
f 16265 16240 16239
f 16164 16167 16168
f 16252 16251 16250
f 16268 16267 16266
f 16268 16254 16252
f 16276 16278 16311
f 16315 16312 16311
f 16317 16315 16311
f 16285 16283 16281
f 16286 16285 16281
f 16341 16342 16343
f 16344 16343 16342
f 16317 16318 16320
f 16318 16319 16321
f 16321 16320 16318
f 16389 16344 16342
f 16306 16303 16302
f 16355 16351 16349
f 16391 16389 16388
f 16388 16389 16395
f 16388 16390 16391
f 16323 16326 16378
f 16328 16326 16323
f 16422 16420 16419
f 16446 16422 16419
f 16338 16339 16387
f 16345 16339 16338
f 16387 16386 16338
f 16345 16340 16339
f 16340 16345 16346
f 16398 16397 16387
f 16435 16429 16428
f 16428 16432 16435
f 16430 16431 16436
f 16446 16447 16451
f 16373 16376 16377
f 16453 16454 16455
f 16456 16455 16454
f 16457 16456 16454
f 16451 16455 16458
f 16455 16456 16458
f 4 2 1 3
f 7 3 1 5
f 1 2 8 9
f 10 5 1 9
f 13 4 3 12
f 3 7 22 12
f 11 6 5 10
f 22 7 6 23
f 6 11 51 23
f 236 9 8 235
f 242 10 9 236
f 253 51 11 242
f 15 13 12 19
f 25 19 12 22
f 14 16 17 18
f 14 18 21 20
f 53 16 14 52
f 14 20 58 52
f 15 19 38 37
f 27 18 17 26
f 33 21 18 27
f 19 25 50 38
f 20 24 60 58
f 49 24 21 33
f 50 25 23 51
f 24 49 125 60
f 29 27 26 28
f 27 29 35 33
f 80 29 28 79
f 95 35 29 80
f 30 31 34 32
f 30 32 93 83
f 43 34 31 41
f 32 36 96 93
f 45 36 34 43
f 125 49 35 95
f 36 45 117 96
f 37 38 245 244
f 38 50 253 245
f 39 40 47 44
f 39 44 112 103
f 318 47 40 315
f 41 42 46 43
f 116 46 42 114
f 44 48 118 112
f 45 46 116 117
f 320 48 47 318
f 982 118 48 320
f 54 53 52 55
f 61 55 52 58
f 54 55 85 84
f 55 61 98 85
f 87 57 56 86
f 57 59 65 62
f 99 59 57 87
f 126 66 59 99
f 98 61 60 125
f 68 64 63 67
f 63 65 75 67
f 65 66 77 75
f 171 77 66 126
f 72 68 67 73
f 76 73 67 75
f 69 70 74 71
f 69 71 175 176
f 145 74 70 143
f 71 74 78 173
f 71 173 177 175
f 72 73 142 141
f 73 76 148 142
f 172 78 74 145
f 76 77 171 148
f 78 172 199 174
f 85 80 79 84
f 80 85 98 95
f 81 82 91 88
f 104 82 81 105
f 97 91 82 94
f 115 94 82 104
f 100 92 83 93
f 90 87 86 89
f 87 90 102 99
f 88 91 129 127
f 140 90 89 139
f 147 102 90 140
f 91 97 131 129
f 92 100 113 110
f 122 101 94 115
f 113 100 96 117
f 97 101 132 131
f 101 122 157 132
f 171 126 102 147
f 120 111 103 112
f 104 105 108 109
f 104 109 121 115
f 123 107 106 119
f 707 119 106 704
f 107 123 158 150
f 155 109 108 151
f 156 121 109 155
f 116 114 110 113
f 111 120 985 981
f 985 120 118 982
f 708 124 119 707
f 157 122 121 156
f 123 124 159 158
f 724 159 124 708
f 130 128 127 129
f 128 130 154 149
f 137 130 129 131
f 130 137 164 154
f 164 137 132 157
f 133 134 136 135
f 133 135 183 181
f 163 136 134 160
f 135 138 187 183
f 167 138 136 163
f 138 167 195 187
f 139 141 142 140
f 140 142 148 147
f 143 144 146 145
f 206 146 144 203
f 145 146 200 172
f 230 200 146 206
f 155 151 149 154
f 169 153 150 158
f 165 161 152 168
f 153 169 726 723
f 156 155 154 164
f 726 169 159 724
f 160 162 166 163
f 161 165 225 222
f 194 166 162 190
f 165 170 227 225
f 195 167 166 194
f 1002 170 168 1001
f 173 174 178 177
f 229 178 174 199
f 175 177 2266 2259
f 2279 202 176 2259
f 178 229 2299 2266
f 179 180 185 184
f 179 184 210 201
f 193 185 180 189
f 186 182 181 183
f 182 186 196 191
f 184 188 211 210
f 198 188 185 193
f 186 187 195 196
f 188 198 220 211
f 189 192 197 193
f 190 191 196 194
f 219 197 192 218
f 220 198 197 219
f 199 200 230 229
f 214 208 201 210
f 206 203 202 2279
f 204 207 2286 2287
f 2299 230 206 2279
f 207 209 213 212
f 208 214 224 223
f 224 214 211 220
f 212 213 215 216
f 226 215 213 221
f 228 217 215 226
f 216 217 2293 2292
f 217 228 2909 2293
f 224 219 218 223
f 238 232 231 237
f 231 233 239 237
f 231 232 278 277
f 279 233 231 277
f 233 234 240 239
f 280 234 233 279
f 292 241 234 280
f 245 236 235 244
f 253 242 236 245
f 246 238 237 243
f 237 239 247 243
f 239 240 248 247
f 240 241 254 248
f 329 254 241 292
f 243 247 251 249
f 247 248 252 251
f 311 250 249 312
f 249 251 317 312
f 251 252 319 317
f 252 254 329 319
f 255 256 260 259
f 255 259 709 702
f 346 260 256 332
f 257 272 1013 1004
f 9120 272 258 9083
f 259 261 711 709
f 347 261 260 346
f 261 347 995 711
f 262 263 274 273
f 262 273 748 710
f 491 274 263 344
f 264 265 715 714
f 716 715 265 717
f 265 352 991 717
f 743 267 266 744
f 266 268 745 744
f 1011 353 267 743
f 268 269 752 745
f 269 270 753 752
f 270 271 754 753
f 271 487 1030 754
f 3189 1013 272 4576
f 272 596 4749 4576
f 8578 6903 272 9120
f 8711 596 272 6903
f 273 274 276 275
f 273 275 750 748
f 493 276 274 491
f 275 276 525 524
f 275 524 1051 750
f 276 493 598 525
f 277 278 281 282
f 284 279 277 282
f 286 280 279 284
f 306 282 281 305
f 308 285 282 306
f 283 287 310 307
f 309 286 285 308
f 329 292 286 309
f 287 291 330 310
f 294 290 289 293
f 303 291 290 294
f 291 303 390 330
f 301 294 293 295
f 6405 298 297 6402
f 6414 304 298 6405
f 378 301 299 374
f 300 302 380 375
f 390 303 301 378
f 302 304 418 380
f 6428 418 304 6414
f 305 311 312 306
f 306 312 317 308
f 308 317 319 309
f 314 321 333 331
f 315 316 322 318
f 983 322 316 980
f 320 322 983 982
f 321 328 341 333
f 367 326 324 360
f 325 327 370 364
f 368 328 326 367
f 327 330 390 370
f 431 341 328 368
f 332 340 348 346
f 339 336 335 338
f 335 336 987 986
f 336 339 356 354
f 448 338 337 447
f 450 339 338 448
f 476 356 339 450
f 998 348 340 988
f 438 343 341 431
f 342 343 438 436
f 344 349 492 491
f 345 351 6437 6439
f 6563 486 345 6439
f 347 348 998 995
f 1027 492 349 994
f 6437 351 350 6438
f 350 989 8884 6438
f 357 355 354 356
f 355 359 999 996
f 478 357 356 476
f 484 359 357 478
f 359 484 1022 999
f 395 362 361 394
f 361 381 419 394
f 416 369 362 395
f 365 372 434 427
f 435 371 366 428
f 368 371 435 431
f 417 373 369 416
f 372 387 439 434
f 426 389 373 417
f 6444 379 376 6440
f 6448 387 379 6444
f 381 383 420 419
f 6423 386 382 6420
f 382 418 6428 6420
f 383 388 425 420
f 6455 439 387 6448
f 388 389 426 425
f 496 393 391 495
f 391 392 6430 6429
f 6488 495 391 6429
f 392 398 6431 6430
f 498 399 393 496
f 396 397 456 455
f 466 421 396 455
f 397 414 460 456
f 398 405 6432 6431
f 501 402 399 498
f 401 404 409 406
f 6432 405 401 6433
f 401 406 6434 6433
f 502 403 402 501
f 409 404 403 408
f 506 408 403 502
f 407 412 458 457
f 6435 6434 407 457
f 507 410 408 506
f 508 411 410 507
f 514 458 411 508
f 414 415 461 460
f 415 423 468 461
f 467 422 421 466
f 469 424 422 467
f 423 424 469 468
f 429 430 463 462
f 464 432 429 462
f 430 440 470 463
f 465 433 432 464
f 473 443 433 465
f 6463 446 439 6455
f 440 441 471 470
f 441 442 472 471
f 442 443 473 472
f 445 446 6463 6459
f 448 449 453 450
f 1016 453 449 1015
f 450 453 483 476
f 6465 454 451 6466
f 452 454 475 474
f 452 474 1017 1014
f 1020 483 453 1016
f 6471 475 454 6465
f 457 459 6436 6435
f 516 459 458 514
f 459 516 6553 6436
f 474 475 480 477
f 474 477 1018 1017
f 6472 480 475 6471
f 479 478 476 483
f 477 480 482 481
f 477 481 1019 1018
f 479 483 1020 1021
f 1022 484 479 1021
f 6473 482 480 6472
f 481 485 1023 1019
f 6474 485 482 6473
f 8887 1023 485 6474
f 6564 489 486 6563
f 487 488 1031 1030
f 6565 490 489 6564
f 8895 1024 490 6565
f 491 492 494 493
f 1028 494 492 1027
f 493 494 601 598
f 1553 601 494 1028
f 6489 497 495 6488
f 6490 500 497 6489
f 6491 504 500 6490
f 502 503 509 506
f 503 505 511 509
f 6492 505 504 6491
f 6493 511 505 6492
f 6552 515 513 6493
f 6553 516 515 6552
f 517 521 518 523
f 517 523 1034 1032
f 6630 521 517 6622
f 517 1032 8897 6622
f 518 521 520 519
f 522 523 518 519
f 519 520 612 610
f 614 522 519 610
f 520 521 6630 6629
f 8679 612 520 6629
f 1034 523 522 1033
f 522 614 1557 1033
f 524 525 592 591
f 524 591 1187 1051
f 682 592 525 598
f 526 527 687 688
f 689 528 526 688
f 527 599 8769 687
f 1576 532 528 689
f 5729 1054 529 5782
f 529 530 5784 5782
f 530 531 5794 5784
f 531 604 5896 5794
f 535 536 533 537
f 541 534 533 536
f 550 537 533 547
f 533 534 574 547
f 534 541 560 561
f 534 561 577 574
f 538 536 535 539
f 535 537 540 539
f 536 538 543 541
f 553 540 537 550
f 538 539 617 618
f 628 543 538 618
f 539 540 619 617
f 540 553 639 619
f 541 543 563 560
f 629 544 542 632
f 542 578 644 632
f 648 563 543 628
f 647 562 544 629
f 545 553 550 552
f 554 546 545 552
f 638 553 545 636
f 545 546 645 636
f 546 554 4754 4752
f 4766 645 546 4752
f 552 550 547 548
f 575 548 547 574
f 554 552 548 549
f 576 549 548 575
f 4754 554 549 4755
f 549 576 4757 4755
f 551 553 638 640
f 555 669 667 1594
f 671 669 555 1599
f 555 1594 1593 1599
f 557 558 565 566
f 557 566 5785 5786
f 5793 578 557 5786
f 558 559 568 565
f 559 562 569 568
f 564 561 560 563
f 580 577 561 564
f 656 569 562 647
f 651 564 563 648
f 571 567 565 568
f 566 567 572 1600
f 566 1600 5805 5802
f 568 569 570 571
f 657 570 569 656
f 663 573 570 657
f 572 573 663 662
f 1632 1600 572 662
f 579 575 574 577
f 582 576 575 579
f 576 582 4758 4757
f 577 580 581 579
f 579 581 583 582
f 580 643 10510 10518
f 10572 581 580 10520
f 10573 583 581 10572
f 582 583 4759 4758
f 588 586 584 587
f 584 586 594 593
f 1186 587 584 1184
f 584 593 1189 1184
f 588 587 585 589
f 678 589 585 676
f 585 587 1186 1185
f 1568 676 585 1185
f 586 588 589 590
f 586 590 595 594
f 677 590 589 678
f 684 595 590 677
f 593 594 1190 1189
f 594 595 1191 1190
f 595 684 1572 1191
f 596 1273 5635 4749
f 596 8711 8805 10556
f 10495 597 596 10556
f 598 601 683 682
f 599 600 8770 8769
f 600 602 8771 8770
f 1570 683 601 1553
f 602 603 8968 8771
f 605 606 8649 8651
f 8662 607 605 8664
f 605 8651 8667 8664
f 606 607 609 608
f 606 608 8650 8649
f 8663 609 607 8662
f 613 611 610 612
f 610 611 615 614
f 611 613 616 615
f 8680 613 612 8679
f 8688 616 613 8680
f 614 615 1558 1557
f 615 616 1562 1558
f 8944 1562 616 8688
f 617 619 620 621
f 622 618 617 621
f 618 622 630 628
f 624 621 620 626
f 620 639 642 626
f 627 622 621 624
f 622 627 635 630
f 635 627 623 634
f 623 624 10514 10509
f 10528 634 623 10509
f 624 625 10515 10514
f 625 642 10519 10515
f 628 630 649 648
f 630 635 653 649
f 653 635 634 652
f 10529 652 634 10528
f 636 637 641 638
f 646 637 636 645
f 10511 641 637 10562
f 637 646 10563 10562
f 643 640 638 641
f 10510 643 641 10511
f 4774 646 645 4766
f 646 4774 14647 10563
f 647 648 658 656
f 651 648 649 650
f 655 650 649 653
f 654 651 650 655
f 655 653 652 654
f 10534 660 654 10529
f 659 657 656 658
f 657 659 665 663
f 661 659 658 660
f 659 661 666 665
f 10536 666 661 10534
f 662 663 666 664
f 662 664 1633 1632
f 664 666 10536 10535
f 10537 1633 664 10535
f 667 669 671 670
f 1592 1594 667 1634
f 667 670 1638 1634
f 668 672 673 675
f 1637 672 668 1644
f 668 675 8763 8760
f 10830 1644 668 8760
f 670 671 674 1647
f 1641 1638 670 1647
f 672 1637 1652 1653
f 1655 673 672 1653
f 8763 675 673 8764
f 673 1655 10846 8764
f 674 1599 1602 1657
f 1659 1647 674 1657
f 677 679 685 684
f 679 681 686 685
f 1573 686 681 1569
f 690 691 694 693
f 2905 692 690 2904
f 690 693 2910 2904
f 691 692 722 721
f 732 694 691 721
f 693 695 2911 2910
f 733 695 694 732
f 695 733 2929 2911
f 696 697 2913 2914
f 697 698 700 699
f 697 699 2916 2913
f 746 700 698 742
f 699 701 2917 2916
f 747 701 700 746
f 701 747 2946 2917
f 712 703 702 709
f 703 712 997 984
f 705 706 727 725
f 706 714 735 727
f 749 713 710 748
f 997 712 711 995
f 713 749 1026 993
f 714 715 736 735
f 715 716 738 736
f 716 718 741 738
f 992 718 717 991
f 1007 741 718 992
f 719 720 730 729
f 719 729 757 755
f 1009 730 720 1003
f 725 728 1005 1000
f 728 735 736 737
f 728 737 1006 1005
f 729 731 758 757
f 1010 731 730 1009
f 1041 758 731 1010
f 734 739 1073 1063
f 1277 759 734 1063
f 740 737 736 738
f 737 740 1008 1006
f 739 1012 1556 1073
f 740 741 1007 1008
f 751 749 748 750
f 749 751 1029 1026
f 1052 751 750 1051
f 1555 1029 751 1052
f 760 756 755 757
f 756 760 1042 1039
f 1042 760 758 1041
f 1281 764 759 1277
f 761 762 1307 1306
f 1314 765 761 1306
f 762 763 1308 1307
f 1577 1040 764 1281
f 1315 767 765 1314
f 766 767 1315 1316
f 1335 768 766 1316
f 1340 771 768 1335
f 769 770 1337 1336
f 1345 774 769 1336
f 770 772 1343 1337
f 1342 773 771 1340
f 1347 775 774 1345
f 1354 779 775 1347
f 1349 777 776 1346
f 776 778 1353 1346
f 777 1349 3395 2935
f 785 782 780 786
f 780 781 787 786
f 780 782 2968 2967
f 2969 781 780 2967
f 782 788 2979 2968
f 794 796 783 833
f 783 796 801 887
f 783 784 834 833
f 888 784 783 887
f 837 834 784 875
f 889 875 784 888
f 785 786 789 788
f 786 787 790 789
f 788 789 2980 2979
f 789 790 2981 2980
f 791 792 793 794
f 791 831 830 839
f 791 794 833 831
f 840 792 791 839
f 798 793 792 795
f 843 795 792 840
f 796 794 793 797
f 799 797 793 798
f 844 835 795 843
f 872 798 795 835
f 796 797 802 801
f 797 799 800 802
f 873 799 798 872
f 874 800 799 873
f 803 802 800 804
f 890 804 800 874
f 801 802 803 805
f 891 887 801 805
f 807 805 803 806
f 803 804 895 806
f 804 890 896 895
f 805 807 979 891
f 806 895 897 901
f 902 807 806 901
f 807 902 903 979
f 808 810 812 813
f 814 809 808 813
f 808 809 881 880
f 913 810 808 880
f 809 814 824 820
f 809 820 882 881
f 810 811 816 812
f 914 811 810 913
f 916 816 811 915
f 811 914 919 915
f 812 816 817 818
f 819 813 812 818
f 815 814 813 819
f 814 815 826 824
f 815 819 967 968
f 969 826 815 968
f 932 817 816 916
f 929 818 817 931
f 934 931 817 932
f 967 819 818 929
f 825 821 820 824
f 820 821 942 882
f 828 823 821 825
f 821 823 945 942
f 823 828 822 943
f 822 828 829 951
f 822 917 918 943
f 933 917 822 951
f 823 943 944 945
f 827 825 824 826
f 825 827 829 828
f 953 827 826 969
f 954 829 827 953
f 952 951 829 954
f 830 831 832 850
f 842 839 830 852
f 830 850 853 852
f 831 833 834 832
f 832 834 837 836
f 851 850 832 836
f 855 838 835 844
f 835 838 877 872
f 836 838 855 851
f 836 837 877 838
f 837 875 876 877
f 841 840 839 842
f 840 841 846 843
f 841 842 860 862
f 861 846 841 862
f 842 852 864 860
f 845 844 843 846
f 844 845 856 855
f 857 856 845 885
f 845 846 861 885
f 847 848 849 879
f 859 848 847 858
f 847 879 883 898
f 911 858 847 898
f 863 849 848 868
f 848 859 870 868
f 883 879 849 884
f 849 863 956 884
f 850 851 854 853
f 851 855 856 854
f 852 853 865 864
f 853 854 866 865
f 854 856 857 866
f 857 885 961 962
f 963 866 857 962
f 928 862 860 964
f 860 864 965 964
f 861 862 928 925
f 961 885 861 925
f 863 868 867 930
f 863 930 955 956
f 864 865 966 965
f 865 866 963 966
f 955 930 867 970
f 871 869 868 870
f 869 871 977 970
f 876 873 872 877
f 878 874 873 876
f 874 878 893 890
f 878 876 875 889
f 878 889 894 893
f 922 913 880 923
f 880 881 924 923
f 881 882 948 924
f 882 942 949 948
f 900 898 883 884
f 976 900 884 956
f 897 899 886 950
f 886 899 905 906
f 886 961 925 950
f 962 961 886 906
f 892 888 887 891
f 894 889 888 892
f 890 893 904 896
f 907 892 891 979
f 908 894 892 907
f 893 894 908 904
f 899 897 895 896
f 905 899 896 904
f 971 901 897 950
f 898 900 912 911
f 978 912 900 976
f 972 902 901 971
f 973 903 902 972
f 907 979 903 909
f 975 909 903 973
f 910 905 904 908
f 974 906 905 910
f 963 962 906 974
f 910 908 907 909
f 974 910 909 975
f 921 914 913 922
f 926 919 914 921
f 917 916 915 918
f 920 918 915 919
f 916 917 933 932
f 944 943 918 920
f 927 920 919 926
f 920 927 946 944
f 925 928 971 950
f 928 964 972 971
f 929 931 936 939
f 929 939 940 967
f 931 934 937 936
f 932 933 935 934
f 933 951 952 935
f 934 935 938 937
f 957 938 935 952
f 968 967 940 941
f 969 968 941 959
f 942 945 947 949
f 947 945 944 946
f 952 954 958 957
f 958 954 953 960
f 953 969 959 960
f 976 956 955 970
f 975 966 963 974
f 964 965 973 972
f 965 966 975 973
f 978 976 970 977
f 980 981 985 983
f 1027 994 993 1026
f 1004 1013 3189 3185
f 8896 1025 1024 8895
f 1028 1027 1026 1029
f 1028 1029 1555 1553
f 1032 1034 1035 1037
f 1032 1037 8900 8897
f 1035 1034 1033 1036
f 1559 1036 1033 1557
f 1038 1037 1035 1036
f 1563 1038 1036 1559
f 1037 1038 8905 8900
f 1038 1563 8945 8905
f 1043 1044 1046 1045
f 1043 1045 1098 1099
f 1170 1044 1043 1169
f 1043 1099 1227 1169
f 1048 1046 1044 1047
f 1171 1047 1044 1170
f 1045 1046 1083 1084
f 1045 1084 1097 1098
f 1046 1048 1093 1083
f 1050 1048 1047 1049
f 1172 1049 1047 1171
f 1048 1050 1094 1093
f 1107 1050 1049 1108
f 1234 1108 1049 1172
f 1106 1094 1050 1107
f 1188 1052 1051 1187
f 1052 1188 1571 1555
f 1053 1054 5729 5731
f 1053 5727 5740 1055
f 1055 5740 5751 1554
f 1056 1058 1060 1059
f 1062 1057 1056 1061
f 1056 1059 1067 1061
f 1070 1058 1057 1071
f 1057 1062 1074 1071
f 1072 1060 1058 1070
f 1059 1060 1082 1079
f 1085 1067 1059 1079
f 1060 1072 1095 1082
f 1061 1067 1069 1068
f 1062 1068 1075 1074
f 1064 1066 1078 1077
f 1090 1065 1064 1088
f 1064 1077 1104 1088
f 1276 1066 1065 1275
f 1065 1090 1279 1275
f 1282 1078 1066 1276
f 1089 1069 1067 1085
f 1068 1069 1076 1075
f 1102 1076 1069 1089
f 1081 1080 1079 1082
f 1079 1080 1086 1085
f 1084 1083 1080 1081
f 1080 1083 1093 1086
f 1081 1082 1095 1096
f 1097 1084 1081 1096
f 1085 1086 1087 1089
f 1086 1093 1094 1087
f 1102 1089 1087 1103
f 1087 1094 1106 1103
f 1091 1090 1088 1092
f 1105 1092 1088 1104
f 1090 1091 1294 1279
f 1296 1294 1091 1297
f 1091 1092 1298 1297
f 1092 1105 1310 1298
f 1124 1126 1100 1230
f 1130 1101 1100 1126
f 1101 1130 1131 1232
f 1113 1110 1109 1118
f 1139 1118 1109 1138
f 1109 1121 1150 1138
f 1122 1121 1111 1123
f 1111 1112 1174 1173
f 1180 1123 1111 1173
f 1112 1113 1175 1174
f 1114 1115 1119 1117
f 1161 1116 1114 1164
f 1114 1117 1166 1164
f 1115 1116 1565 1564
f 1566 1119 1115 1564
f 1116 1161 1574 1565
f 1117 1120 1167 1166
f 1118 1140 1193 1175
f 1567 1120 1119 1566
f 1575 1167 1120 1567
f 1122 1123 1180 1181
f 1196 1152 1122 1181
f 1128 1125 1124 1127
f 1124 1230 1231 1127
f 1130 1126 1125 1129
f 1125 1128 1135 1129
f 1136 1131 1129 1135
f 1233 1232 1131 1136
f 1146 1134 1132 1137
f 1170 1169 1132 1133
f 1132 1169 1227 1228
f 1229 1137 1132 1228
f 1133 1134 1162 1160
f 1171 1170 1133 1160
f 1134 1146 1165 1162
f 1154 1141 1138 1150
f 1147 1140 1139 1141
f 1140 1147 1210 1192
f 1158 1149 1141 1154
f 1154 1153 1142 1143
f 1355 1144 1142 1356
f 1142 1153 1359 1356
f 1157 1154 1143 1145
f 1363 1148 1144 1355
f 1145 1148 1194 1197
f 1199 1157 1145 1197
f 1147 1149 1211 1210
f 1149 1158 1198 1211
f 1195 1156 1152 1196
f 1153 1155 1361 1359
f 1155 1159 1200 1218
f 1155 1218 1427 1361
f 1198 1158 1156 1195
f 1200 1159 1157 1199
f 1172 1171 1160 1163
f 1161 1164 3456 3457
f 3762 1574 1161 3457
f 1168 1163 1162 1165
f 1234 1172 1163 1235
f 1163 1168 1236 1235
f 1164 1166 3463 3456
f 1166 1167 3468 3463
f 1167 1575 3763 3468
f 1173 1174 1176 1177
f 1174 1175 1178 1176
f 1183 1177 1176 1179
f 1181 1182 1205 1196
f 1182 1183 1206 1205
f 1208 1197 1194 1223
f 1209 1199 1197 1208
f 1203 1211 1198 1207
f 1201 1213 1212 1216
f 1201 1216 1238 1239
f 1201 1239 1269 1251
f 1206 1204 1203 1207
f 1225 1209 1208 1224
f 1212 1213 1215 1214
f 1214 1215 3469 3470
f 3478 1219 1214 3470
f 1215 1247 3497 3469
f 1216 1217 1240 1238
f 1217 1219 1244 1240
f 1218 1226 1433 1427
f 1220 1221 1237 1260
f 1252 1222 1220 1248
f 1258 1248 1220 1260
f 1221 1222 1375 1440
f 1222 1252 1376 1375
f 1433 1226 1225 1432
f 1242 1239 1238 1241
f 1243 1241 1240 1244
f 1272 1242 1241 1243
f 1731 1246 1245 1730
f 1245 1257 1735 1730
f 1733 1255 1246 1731
f 1247 1251 1269 1270
f 1247 1270 3579 3497
f 1248 1249 1253 1252
f 1259 1249 1248 1258
f 1249 1250 1254 1253
f 1266 1250 1249 1259
f 1268 1254 1250 1266
f 1252 1253 1379 1376
f 1253 1254 1380 1379
f 1254 1268 1469 1380
f 1734 1256 1255 1733
f 1737 1274 1256 1734
f 1264 1259 1258 1261
f 1261 1263 1265 1264
f 1473 1267 1265 1472
f 1469 1268 1267 1473
f 1280 1278 1275 1279
f 1276 1278 1283 1282
f 1278 1280 1284 1283
f 1295 1280 1279 1294
f 1309 1284 1280 1295
f 1282 1283 1579 1578
f 1283 1284 1580 1579
f 1284 1309 1581 1580
f 1289 1286 1285 1288
f 1285 1286 1292 1291
f 1290 1287 1286 1289
f 1286 1287 1293 1292
f 3336 1289 1288 3335
f 1288 1291 3341 3335
f 3337 1290 1289 3336
f 1291 1292 3342 3341
f 1292 1293 3343 3342
f 1301 1295 1294 1296
f 1295 1301 1312 1309
f 1296 1297 1299 1303
f 1302 1301 1296 1303
f 1297 1298 1300 1299
f 1311 1300 1298 1310
f 1304 1303 1299 1436
f 1299 1300 1437 1436
f 1300 1311 1453 1437
f 1301 1302 1313 1312
f 1302 1303 1304 1305
f 1302 1305 1338 1313
f 1319 1305 1304 1317
f 1304 1436 1479 1317
f 1305 1319 1339 1338
f 1309 1312 1582 1581
f 1312 1313 1583 1582
f 1313 1338 1585 1583
f 1321 1319 1317 1322
f 1484 1322 1317 1479
f 1321 1322 1318 1320
f 1324 1320 1318 1323
f 1480 1323 1318 1481
f 1318 1322 1484 1481
f 1319 1321 1341 1339
f 1320 1324 1344 1341
f 1325 1324 1323 1326
f 1488 1326 1323 1480
f 1324 1325 1350 1344
f 1325 1326 1329 1330
f 1325 1330 1352 1350
f 1491 1329 1326 1488
f 1331 1328 1327 1332
f 1327 1328 1334 1333
f 1327 1333 1348 1351
f 1352 1332 1327 1351
f 1328 1331 1489 1495
f 3560 1334 1328 1495
f 1332 1330 1329 1331
f 1489 1331 1329 1491
f 1333 1334 3381 3380
f 3392 1348 1333 3380
f 3385 3381 1334 3560
f 1338 1339 1586 1585
f 1339 1341 1584 1586
f 1341 1344 1587 1584
f 1344 1350 1588 1587
f 1589 1351 1348 1591
f 3758 1591 1348 3392
f 1350 1352 1590 1588
f 1590 1352 1351 1589
f 1355 1357 1364 1363
f 1360 1357 1356 1359
f 1357 1360 1367 1364
f 1368 1362 1358 1365
f 1358 1362 1372 1370
f 1429 1366 1361 1427
f 1363 1364 1428 1426
f 1364 1367 1430 1428
f 1431 1368 1365 1425
f 1365 1374 1438 1425
f 1430 1367 1366 1429
f 1441 1369 1368 1431
f 1442 1373 1369 1441
f 1386 1371 1370 1385
f 1370 1372 1387 1385
f 1403 1374 1371 1386
f 1372 1373 1388 1387
f 1522 1388 1373 1442
f 1443 1440 1375 1377
f 1381 1377 1376 1379
f 1377 1381 1459 1443
f 1382 1383 1378 1444
f 1378 1405 1406 1452
f 1378 1383 1413 1405
f 1379 1380 1456 1381
f 1468 1456 1380 1469
f 1382 1444 1445 1457
f 1383 1384 1414 1413
f 1384 1458 1471 1477
f 1535 1414 1384 1477
f 1385 1387 1397 1391
f 1386 1391 1392 1403
f 1523 1389 1388 1522
f 1503 1400 1389 1523
f 1390 1393 1398 1396
f 1390 1396 3452 3451
f 3453 1394 1390 3451
f 1391 1397 1400 1392
f 1497 1403 1392 1502
f 1392 1400 1503 1502
f 1399 1398 1393 1404
f 3450 1395 1394 3453
f 1498 1404 1395 1499
f 1396 1402 3489 3452
f 1399 1404 1498 1501
f 1504 1401 1399 1501
f 1505 1402 1401 1504
f 1402 1505 3498 3489
f 1405 1413 1419 1415
f 1417 1407 1406 1415
f 1447 1452 1406 1407
f 1454 1446 1407 1531
f 1407 1417 1539 1531
f 1416 1410 1408 1418
f 1408 1411 1520 1538
f 1533 1418 1408 1538
f 1409 1410 1416 1422
f 3475 1412 1409 3494
f 1409 1422 3495 3494
f 1411 1412 3475 3476
f 1421 1417 1415 1419
f 1417 1421 1524 1539
f 1546 1424 1418 1533
f 1524 1421 1420 1535
f 1422 1423 3496 3495
f 1423 1424 1546 1548
f 1423 1548 3575 3496
f 1435 1431 1425 1448
f 1432 1434 1428 1430
f 1435 1448 1449 1450
f 1436 1437 1483 1479
f 1437 1453 1514 1483
f 1440 1443 1462 1460
f 1442 1451 1507 1522
f 1443 1459 1470 1462
f 1445 1447 1454 1461
f 1463 1457 1445 1461
f 1507 1451 1450 1508
f 1454 1531 1532 1475
f 1471 1458 1457 1463
f 1460 1462 1465 1464
f 1467 1463 1461 1466
f 1472 1465 1462 1470
f 1476 1467 1466 1474
f 1468 1473 1472 1470
f 1474 1475 1532 1534
f 1537 1478 1476 1536
f 1477 1478 1537 1535
f 1479 1483 1486 1484
f 1480 1482 1490 1488
f 1481 1484 1486 1485
f 1487 1482 1481 1485
f 1482 1487 1493 1490
f 1515 1486 1483 1514
f 1516 1487 1485 1515
f 1518 1493 1487 1516
f 1489 1491 1492 1494
f 1496 1495 1489 1494
f 1492 1491 1490 1493
f 1492 1493 1518 1519
f 1517 1496 1494 1519
f 1495 1496 3561 3560
f 1496 1517 3564 3561
f 1509 1501 1498 1500
f 1513 1509 1500 1512
f 1502 1503 1508 1506
f 1505 1510 3570 3498
f 1510 1513 3571 3570
f 3578 1543 1520 3581
f 1521 1526 1550 1530
f 1755 1525 1521 1746
f 1521 1530 1772 1746
f 1540 1539 1524 1547
f 1528 1526 1525 1527
f 1756 1527 1525 1755
f 1526 1528 1551 1550
f 1757 1529 1527 1756
f 1528 1529 1552 1551
f 1779 1552 1529 1757
f 1533 1538 1541 1542
f 1547 1536 1534 1540
f 1545 1542 1541 1544
f 3580 1544 1543 3578
f 3586 1549 1545 3587
f 1548 1549 3586 3575
f 1553 1555 1571 1570
f 1557 1558 1560 1559
f 1561 1560 1558 1562
f 1559 1560 1561 1563
f 1561 1562 8944 8939
f 8945 1563 1561 8939
f 1593 1594 1592 1596
f 1595 1596 1592 1597
f 1592 1634 1635 1597
f 1602 1599 1593 1601
f 1593 1596 1615 1601
f 1615 1596 1595 1614
f 1595 1598 1619 1614
f 1642 1598 1597 1635
f 1670 1619 1598 1642
f 1600 1632 5808 5805
f 1603 1602 1601 1623
f 1601 1615 1620 1623
f 1656 1657 1602 1603
f 1603 1623 1658 1656
f 1604 1605 1607 1627
f 1611 1618 1604 1624
f 1621 1605 1604 1618
f 1626 1624 1604 1627
f 1617 1607 1605 1621
f 1609 1608 1606 1631
f 1628 1631 1606 1667
f 1606 1608 1649 1648
f 1606 1648 1664 1667
f 1607 1617 1695 1880
f 1885 1627 1607 1880
f 1675 1649 1608 1680
f 1608 1609 1682 1680
f 1609 1631 1886 1889
f 1916 1682 1609 1889
f 1611 1612 1610 1622
f 1703 1622 1610 1704
f 1610 1613 1725 1704
f 1616 1618 1611 1622
f 1611 1624 1625 1612
f 1629 1613 1612 1625
f 1613 1629 1697 1725
f 1621 1618 1616 1617
f 1695 1617 1616 1694
f 1616 1622 1703 1694
f 1671 1620 1619 1670
f 1658 1623 1620 1671
f 1630 1625 1624 1626
f 1881 1630 1626 1882
f 1626 1627 1885 1882
f 1628 1669 1883 1884
f 1886 1631 1628 1884
f 1629 1630 1881 1697
f 1632 1633 5901 5808
f 1636 1635 1634 1638
f 1635 1636 1643 1642
f 1637 1640 1651 1652
f 1646 1640 1639 1645
f 1640 1646 1660 1651
f 1650 1643 1641 1654
f 1641 1647 1659 1654
f 1642 1643 1650 1670
f 10831 1645 1644 10830
f 10832 1646 1645 10831
f 10844 1660 1646 10832
f 1673 1664 1648 1674
f 1648 1649 1675 1674
f 1662 1653 1652 1661
f 1663 1655 1653 1662
f 1658 1671 1654 1659
f 1655 1663 10845 10846
f 1659 1657 1656 1658
f 10848 1661 1660 10844
f 10847 1662 1661 10848
f 10845 1663 1662 10847
f 1672 1665 1664 1673
f 1686 1666 1665 1672
f 1883 1668 1666 1887
f 1666 1686 1911 1887
f 1672 1676 1687 1686
f 1673 1674 1677 1676
f 1674 1675 1680 1677
f 1676 1677 1681 1691
f 1677 1680 1682 1681
f 1684 1679 1678 1683
f 1678 1679 1685 1688
f 1690 1681 1678 1688
f 10882 1685 1679 10880
f 1679 1684 10893 10880
f 1681 1682 1916 1915
f 1918 1683 1681 1914
f 1921 1691 1681 1915
f 1681 1690 1923 1914
f 10893 1684 1683 10894
f 1683 1918 11466 10899
f 10883 1692 1685 10882
f 1686 1687 1919 1911
f 1687 1691 1921 1919
f 1693 1689 1688 1692
f 1689 1693 1920 1922
f 1923 1690 1689 1922
f 10884 1693 1692 10883
f 11467 1920 1693 10884
f 1694 1703 1727 1729
f 1700 1699 1695 1729
f 1705 1707 1696 1728
f 1896 1728 1696 1900
f 1696 1707 1906 1900
f 1727 1725 1697 1698
f 1698 1700 1729 1727
f 1698 1882 1885 1700
f 1708 1705 1701 1706
f 1726 1702 1701 1723
f 1701 1705 1728 1724
f 1715 1706 1702 1714
f 1738 1714 1702 1726
f 1709 1707 1705 1708
f 1722 1708 1706 1715
f 1707 1709 1908 1906
f 1732 1709 1708 1722
f 1709 1732 1950 1908
f 1710 1712 1711 1716
f 1713 1712 1710 1718
f 1710 1716 2044 2043
f 2045 1718 1710 2043
f 1711 1712 1958 1959
f 1960 1717 1711 1959
f 1712 1713 1931 1958
f 1713 1719 1933 1931
f 1740 1722 1715 1739
f 1716 1717 2048 2044
f 1717 1960 2151 2048
f 2050 1721 1718 2045
f 1719 1720 1939 1933
f 1720 1721 1940 1939
f 2000 1940 1721 2050
f 1723 1724 1893 1892
f 1927 1726 1723 1892
f 1724 1728 1896 1893
f 1942 1738 1726 1927
f 1732 1741 1948 1950
f 5909 5635 1736 5893
f 1944 1739 1738 1942
f 1952 1740 1739 1944
f 1948 1741 1740 1952
f 1747 1743 1742 1744
f 5344 1745 1742 5343
f 1742 1743 5346 5343
f 1743 1748 5348 5346
f 1744 1745 1773 1774
f 1777 1747 1744 1774
f 5391 1773 1745 5344
f 1778 1748 1747 1777
f 1748 1778 5394 5348
f 1751 1750 1749 1752
f 1749 1750 1753 1754
f 1749 1754 1804 1803
f 1813 1752 1749 1803
f 1751 1752 1758 1759
f 1817 1758 1752 1813
f 1775 1754 1753 1776
f 1754 1775 1854 1804
f 1760 1759 1758 1761
f 1822 1761 1758 1817
f 1760 1761 1763 1762
f 1828 1763 1761 1822
f 1762 1763 1781 1780
f 1869 1781 1763 1828
f 5375 1769 1764 5376
f 1764 1765 5384 5376
f 1765 1766 5386 5384
f 1767 1769 5375 5374
f 5543 1768 1767 5545
f 5552 1770 1768 5543
f 5553 1771 1770 5552
f 5350 1784 1782 5349
f 1782 1783 5351 5349
f 1783 1791 5352 5351
f 5356 1785 1784 5350
f 1786 1787 5461 5462
f 5464 1791 1786 5462
f 1787 1788 5463 5461
f 1788 1793 5469 5463
f 5354 1792 1789 5353
f 1789 1792 5466 5474
f 5475 1790 1789 5474
f 5466 1792 1791 5464
f 1798 1796 1794 1797
f 1794 1795 1849 1847
f 1858 1797 1794 1847
f 1795 1796 2098 2100
f 2112 1849 1795 2100
f 1796 1798 2106 2098
f 1799 1800 5630 5629
f 5632 1802 1799 5629
f 1800 1801 5631 5630
f 1801 2103 5949 5631
f 1803 1807 1816 1813
f 1857 1810 1804 1854
f 1805 1806 1808 1809
f 1805 1809 1814 1815
f 1856 1808 1806 1855
f 1862 1811 1808 1856
f 1811 1812 1832 1831
f 1863 1812 1811 1862
f 1833 1832 1812 1834
f 1873 1834 1812 1863
f 1813 1816 1821 1817
f 1818 1820 1814 1831
f 1819 1815 1814 1820
f 1817 1821 1823 1822
f 1818 1831 1832 1836
f 1838 1825 1818 1836
f 1819 1820 1824 1826
f 1822 1823 1829 1828
f 1827 1826 1824 1830
f 1868 1830 1825 1870
f 1825 1838 1874 1870
f 1827 1830 1868 1866
f 1828 1829 1867 1869
f 1832 1833 1837 1836
f 1833 1834 1875 1835
f 1833 1835 5405 1837
f 1834 1873 1878 1875
f 1835 1875 1877 1876
f 1835 1876 5406 5405
f 1836 1837 5404 1838
f 5408 5404 1837 5405
f 5415 1874 1838 5404
f 1839 1840 5373 5383
f 5385 1842 1839 5383
f 1840 1841 5374 5373
f 5546 5545 1841 1843
f 1843 1844 5547 5546
f 1844 1845 5554 5547
f 1845 1846 5555 5554
f 1847 1852 1861 1858
f 1848 1850 1853 1864
f 1860 1851 1848 1859
f 1871 1859 1848 1864
f 2115 1852 1849 2112
f 1850 1851 2113 2114
f 2116 1853 1850 2114
f 1851 1860 2117 2113
f 2118 1865 1853 2116
f 1864 1865 1872 1871
f 2119 1872 1865 2118
f 1879 1877 1875 1878
f 5407 5406 1876 5420
f 1876 1877 5422 5420
f 1877 1879 5477 5422
f 1890 1886 1884 1888
f 1891 1889 1886 1890
f 1912 1888 1887 1911
f 1917 1890 1888 1912
f 1889 1891 1913 1916
f 1913 1891 1890 1917
f 1892 1897 1928 1927
f 1893 1896 1902 1897
f 1894 1898 1903 1909
f 11435 1895 1894 11438
f 1894 1909 11439 11438
f 1929 1898 1895 1930
f 11444 1930 1895 11435
f 1896 1900 1906 1902
f 1905 1899 1897 1902
f 1898 1899 1904 1903
f 1943 1928 1899 1945
f 1899 1929 1946 1953
f 1899 1905 1949 1945
f 1951 1904 1899 1953
f 1901 1903 1904 1907
f 1909 1903 1901 1910
f 11436 1910 1901 11452
f 1901 1907 11454 11452
f 1902 1906 1908 1905
f 1956 1907 1904 1951
f 1905 1908 1950 1949
f 1907 1956 11554 11454
f 1909 1910 11436 11439
f 1912 1921 1915 1917
f 1915 1916 1913 1917
f 1914 1923 1924 1926
f 1925 1918 1914 1926
f 1918 1925 11461 11466
f 11468 1924 1920 11467
f 11462 1926 1924 11468
f 1925 1926 11462 11461
f 1927 1928 1943 1942
f 1929 1930 1947 1946
f 11570 1947 1930 11444
f 1931 1933 1939 1935
f 1962 1958 1931 1935
f 1932 1936 1937 1941
f 1961 1936 1932 1965
f 1932 1941 1975 1974
f 1976 1965 1932 1974
f 1937 1936 1934 1938
f 1934 1936 1961 1969
f 1934 1969 2007 2008
f 2011 1938 1934 2008
f 1935 1939 1940 1970
f 1963 1962 1935 1970
f 1975 1941 1937 1986
f 1937 1938 1994 1986
f 2036 1994 1938 2011
f 2001 1970 1940 2000
f 1944 1945 1949 1952
f 11571 1955 1947 11570
f 1949 1950 1948 1952
f 1951 1953 1955 1954
f 1951 1954 1957 1956
f 11553 1957 1954 11580
f 1954 1955 11571 11580
f 1956 1957 11553 11554
f 1964 1959 1958 1962
f 1960 1964 2003 2151
f 1961 1966 1968 1967
f 1963 1970 2001 2006
f 2003 1964 1963 2006
f 1977 1966 1965 1976
f 1997 1968 1966 1977
f 1967 1968 2004 2005
f 2007 1969 1967 2005
f 1968 1997 2027 2004
f 1971 1972 1995 11545
f 1971 11506 11512 11510
f 11544 11506 1971 11545
f 1972 1973 1996 1995
f 11511 1973 1972 11510
f 1973 11511 11528 11534
f 11596 1996 1973 11534
f 1978 1976 1974 1991
f 1986 1991 1974 1975
f 1977 1978 1998 1997
f 1978 1991 1993 1980
f 1982 1983 1979 1988
f 1979 1984 1985 1999
f 1979 1981 1992 1988
f 2028 1998 1980 2031
f 1980 1993 2041 2031
f 1981 1999 2029 2032
f 2030 1992 1981 2032
f 1982 1988 1989 1987
f 11583 1983 1982 11582
f 1982 1987 11586 11582
f 11584 1984 1983 11583
f 11585 1985 1984 11584
f 2029 1999 1985 2034
f 11798 2034 1985 11585
f 1993 1991 1986 1994
f 1987 1989 11588 11586
f 1990 1989 1988 1992
f 1989 1990 11665 11588
f 1990 1992 2030 2037
f 1990 2037 11807 11665
f 1993 1994 2036 2041
f 11611 11559 1996 11596
f 1997 1998 2028 2027
f 2002 2001 2000 2010
f 2000 2050 2051 2010
f 2152 2006 2001 2002
f 2002 2052 2049 2152
f 2002 2010 2051 2052
f 2033 2009 2004 2027
f 2013 2008 2007 2009
f 2012 2011 2008 2013
f 2040 2013 2009 2033
f 2011 2012 2039 2036
f 2012 2013 2040 2039
f 2024 2017 2014 2019
f 2081 2084 2014 2153
f 2102 2019 2014 2084
f 2014 2017 2158 2153
f 2015 2018 2016 2020
f 11741 2018 2015 11742
f 2015 2020 11751 11742
f 2021 2020 2016 2022
f 2016 2018 2026 2156
f 2161 2022 2016 2156
f 11735 2026 2018 11741
f 2097 2024 2019 2102
f 2020 2021 11752 11751
f 2021 2022 2210 2207
f 2021 2207 12285 11752
f 2022 2161 2203 2210
f 2204 2159 2023 2211
f 2023 2025 2208 2211
f 2101 2025 2024 2097
f 2025 2101 2126 2208
f 11734 2191 2026 11735
f 2030 2032 2035 2042
f 2038 2037 2030 2042
f 2040 2033 2031 2041
f 11800 2035 2034 11798
f 11810 2042 2035 11800
f 2040 2041 2036 2039
f 2037 2038 11805 11807
f 2038 2042 11810 11805
f 2052 2045 2043 2049
f 2046 2059 2107 2085
f 2047 2055 2058 2060
f 2091 2055 2047 2085
f 2048 2151 2152 2049
f 2058 2055 2053 2056
f 2090 2054 2053 2089
f 2053 2055 2091 2089
f 2095 2057 2054 2090
f 2069 2058 2056 2068
f 2056 2057 2078 2068
f 2123 2078 2057 2095
f 2066 2060 2058 2069
f 2059 2061 2108 2107
f 2075 2061 2060 2066
f 2061 2075 2130 2108
f 2067 2063 2062 2071
f 2136 2071 2062 2134
f 2062 2065 2140 2134
f 2163 2064 2063 2162
f 2063 2067 2173 2162
f 2165 2065 2064 2163
f 2240 2140 2065 2190
f 2066 2069 2079 2080
f 2067 2071 2072 2070
f 2067 2070 2182 2173
f 2137 2072 2071 2136
f 5764 2074 2072 2137
f 2182 2076 2073 2185
f 2073 2074 2186 2185
f 5991 2186 2074 5764
f 2075 2077 2132 2130
f 2077 2080 2133 2132
f 2125 2079 2078 2123
f 2133 2080 2079 2125
f 2083 2084 2081 2087
f 2081 2153 2154 2082
f 2088 2087 2082 2092
f 2155 2092 2082 2154
f 2083 2087 2086 2099
f 2101 2097 2083 2099
f 2102 2084 2083 2097
f 2094 2091 2085 2109
f 2086 2088 2121 2120
f 2127 2099 2086 2120
f 2088 2092 2122 2121
f 2089 2091 2094 2093
f 2090 2093 2096 2095
f 2226 2122 2092 2155
f 2176 2096 2094 2177
f 2095 2096 2176 2123
f 2126 2101 2099 2127
f 2103 2104 5951 5949
f 2104 2105 5952 5951
f 2105 2111 5953 5952
f 2107 2108 2110 2109
f 2129 2110 2108 2130
f 2109 2110 2129 2177
f 2120 2124 2128 2127
f 2227 2124 2122 2226
f 2172 2128 2124 2227
f 2129 2133 2125 2177
f 2126 2127 2128 2131
f 2171 2208 2126 2131
f 2171 2131 2128 2172
f 2129 2130 2132 2133
f 2143 2138 2135 2141
f 2135 2139 5765 5767
f 5774 2141 2135 5767
f 5773 2137 2136 2142
f 5811 2139 2138 5814
f 2138 2143 5827 5814
f 5812 5765 2139 5811
f 2241 2142 2140 2240
f 5779 2144 2141 5774
f 2142 2241 6029 5773
f 2143 2144 5828 5827
f 2149 2148 2145 5778
f 2150 2146 2145 2148
f 5874 5778 2145 5875
f 2145 2146 5876 5875
f 2146 2150 5835 5836
f 2250 2149 2147 6031
f 5778 5781 2147 2149
f 2147 5781 5877 5878
f 2148 2149 2250 2251
f 2258 2150 2148 2251
f 2150 2258 6038 5835
f 2154 2158 2160 2155
f 2155 2160 2202 2226
f 2192 2157 2156 2191
f 2203 2161 2157 2201
f 2157 2192 2205 2201
f 2202 2160 2159 2204
f 2188 2166 2164 2175
f 2198 2167 2166 2193
f 2166 2188 2214 2193
f 2199 2168 2167 2198
f 2200 2169 2168 2199
f 2169 2200 2231 2242
f 2243 2189 2169 2242
f 2170 2188 2175 2183
f 2214 2188 2170 2213
f 2170 2183 2216 2213
f 2171 2172 2211 2208
f 2204 2211 2172 2227
f 2183 2175 2174 2184
f 2174 2179 2244 2246
f 5992 2184 2174 2246
f 2179 2189 2243 2244
f 2240 2190 2180 2245
f 2180 2181 2248 2245
f 2181 2187 2247 2248
f 2183 2184 2218 2216
f 6003 2218 2184 5992
f 2247 2187 2186 5991
f 11736 2192 2191 11734
f 12287 2205 2192 11736
f 2215 2194 2193 2214
f 2200 2199 2194 2228
f 2194 2215 2217 2222
f 2224 2220 2195 2221
f 2195 2196 2229 2221
f 12283 2196 2195 12282
f 2195 2220 12303 12282
f 2196 2197 2230 2229
f 12284 2197 2196 12283
f 2238 2230 2197 2232
f 12373 2232 2197 12284
f 2200 2228 2236 2231
f 2212 2210 2203 2206
f 12288 2206 2205 12287
f 12289 2212 2206 12288
f 2207 2210 2212 2209
f 2207 2209 12286 12285
f 2209 2212 12289 12286
f 2215 2214 2213 2216
f 2215 2216 2218 2217
f 2236 2222 2217 2233
f 2217 2218 6003 2233
f 12295 2225 2219 14956
f 2220 2224 2225 2223
f 2220 2223 12294 12303
f 2234 2224 2221 2235
f 2221 2230 2238 2235
f 2223 2225 12295 12294
f 2249 2242 2231 2237
f 12374 2239 2232 12373
f 2237 2236 2233 6004
f 2233 6003 6005 6004
f 2234 2235 2239 6008
f 6007 6006 2234 6008
f 6030 2249 2237 6004
f 14958 6008 2239 12374
f 2241 2248 2247 6029
f 6030 2246 2244 2249
f 5993 5992 2246 6030
f 2247 5991 6028 6029
f 2255 2251 2250 6033
f 2250 6031 6032 6033
f 2251 2255 6037 2258
f 2252 2253 2256 2254
f 6035 2253 2252 6034
f 12308 2256 2253 12306
f 2253 6035 14931 12306
f 2254 2256 2257 6036
f 12379 2257 2256 12308
f 6040 6036 2257 6039
f 15003 6039 2257 12379
f 2258 6037 6042 6038
f 2259 2266 2299 2279
f 2260 2261 2263 2262
f 2281 2261 2260 2280
f 2264 2263 2261 2265
f 2284 2265 2261 2281
f 2262 2263 2268 2269
f 2263 2264 2273 2268
f 2264 2267 2278 2273
f 2300 2267 2265 2284
f 2307 2278 2267 2300
f 2271 2269 2268 2272
f 2274 2272 2268 2273
f 2277 2275 2270 2276
f 2309 2308 2270 2310
f 2270 2275 2311 2310
f 2315 2276 2270 2308
f 2271 2272 2304 2303
f 2272 2274 2306 2304
f 2274 2278 2307 2306
f 2275 2277 2341 2314
f 2276 2315 2316 2317
f 2324 2277 2276 2317
f 2283 2281 2280 2282
f 2281 2283 2285 2284
f 2302 2283 2282 2301
f 2305 2285 2283 2302
f 2307 2300 2285 2305
f 2289 2291 2297 2295
f 2289 2295 2323 2318
f 2923 2297 2291 2921
f 2908 2296 2293 2909
f 2294 2296 2908 2907
f 2295 2298 2326 2323
f 2924 2298 2297 2923
f 3036 2326 2298 2924
f 2301 2303 2304 2302
f 2302 2304 2306 2305
f 2309 2310 2489 2490
f 2310 2311 2497 2489
f 2311 2314 2522 2497
f 2334 2313 2312 2330
f 2312 2313 2516 2507
f 2313 2338 2558 2516
f 2314 2341 2523 2522
f 2555 2317 2316 2553
f 2557 2324 2317 2555
f 2328 2321 2318 2323
f 2325 2320 2319 2322
f 2320 2325 2333 2331
f 2329 2325 2322 2327
f 2523 2341 2324 2557
f 2325 2329 2336 2333
f 3039 2328 2326 3036
f 3040 2329 2327 3037
f 3049 2336 2329 3040
f 3052 2334 2330 3044
f 2335 2332 2331 2333
f 2337 2335 2333 2336
f 3056 2338 2334 3052
f 3050 2337 2336 3049
f 4472 2558 2338 3056
f 2348 2340 2339 2347
f 2339 2345 2354 2347
f 2339 2340 3014 3013
f 3027 2345 2339 3013
f 2342 2344 2355 2353
f 2366 2343 2342 2353
f 3020 2344 2342 3024
f 2342 2343 3025 3024
f 2344 2346 2356 2355
f 3028 2346 2344 3020
f 2377 2354 2345 2368
f 3106 2368 2345 3027
f 2350 2348 2347 2349
f 2361 2349 2347 2354
f 2352 2350 2349 2351
f 2363 2351 2349 2361
f 2564 2352 2351 2565
f 2351 2363 2610 2565
f 2353 2358 2357 2366
f 2353 2355 2360 2358
f 2380 2361 2354 2377
f 2355 2356 2362 2360
f 2357 2358 2359 2367
f 2364 2359 2358 2360
f 2595 2367 2359 2594
f 2359 2364 2611 2594
f 2360 2362 2365 2364
f 2381 2363 2361 2380
f 2363 2381 2865 2610
f 2364 2365 2612 2611
f 2368 2371 2379 2377
f 3109 2371 2368 3106
f 2387 2370 2369 2378
f 2369 2372 2390 2378
f 2369 2370 3108 3107
f 3115 2372 2369 3107
f 2371 2374 2392 2379
f 3117 2374 2371 3109
f 2372 2373 2391 2390
f 3116 2373 2372 3115
f 2374 2375 2393 2392
f 3118 2375 2374 3117
f 2375 2376 2394 2393
f 3121 2376 2375 3118
f 2398 2394 2376 2396
f 3120 2396 2376 3121
f 2377 2379 2384 2380
f 2378 2382 2383 2387
f 2389 2382 2378 2390
f 2401 2384 2379 2392
f 2386 2381 2380 2384
f 2381 2386 2868 2865
f 2388 2383 2382 2385
f 2405 2385 2382 2389
f 2407 2386 2384 2401
f 2866 2388 2385 2867
f 2385 2405 2869 2867
f 2386 2407 2872 2868
f 2389 2390 2391 2399
f 2389 2399 2406 2405
f 2392 2393 2402 2401
f 2393 2394 2404 2402
f 2394 2398 2403 2404
f 2398 2396 2395 2397
f 2395 2396 3120 3119
f 2403 2398 2397 2400
f 2411 2403 2400 2410
f 2401 2402 2409 2407
f 2402 2404 2408 2409
f 2408 2404 2403 2411
f 2405 2406 2870 2869
f 2407 2409 2873 2872
f 2873 2409 2408 2875
f 2408 2411 2874 2875
f 2874 2411 2410 2871
f 4547 2871 2410 3174
f 2414 2415 2412 2423
f 2412 2422 2421 2423
f 2412 2415 2882 2879
f 2888 2422 2412 2879
f 2413 2415 2414 4915
f 2882 2415 2413 2881
f 4917 4914 2413 4915
f 5283 2881 2413 4914
f 2414 2423 2427 2428
f 4916 4915 2414 2428
f 2416 2417 2418 2419
f 2416 2419 2420 2433
f 2422 2417 2416 2421
f 2424 2421 2416 2433
f 2886 2418 2417 2884
f 2417 2422 2888 2884
f 2448 2419 2418 2449
f 2890 2449 2418 2886
f 2450 2420 2419 2448
f 2434 2433 2420 2436
f 2451 2436 2420 2450
f 2427 2423 2421 2424
f 2424 2425 2431 2427
f 2424 2433 2434 2425
f 2425 2426 2432 2431
f 2435 2426 2425 2434
f 2429 2428 2427 2431
f 2428 2429 4923 4916
f 2429 2431 2432 2430
f 2429 2430 4924 4923
f 2434 2436 2437 2435
f 2452 2437 2436 2451
f 2438 2442 2441 3462
f 2438 2439 2445 2442
f 3461 2439 2438 3458
f 2446 2445 2439 3492
f 3457 3456 2440 3532
f 2440 3456 3463 2443
f 2440 2443 3539 3533
f 3460 3462 2441 3534
f 2441 2444 3535 3534
f 2447 2444 2442 2445
f 2443 3463 3468 3538
f 2444 2447 3729 3535
f 2446 3492 3510 3556
f 3732 3540 2446 3556
f 2448 2449 2454 2453
f 2455 2450 2448 2453
f 2892 2454 2449 2890
f 2456 2451 2450 2455
f 2457 2452 2451 2456
f 2453 2454 2459 2458
f 2460 2455 2453 2458
f 2894 2459 2454 2892
f 2461 2456 2455 2460
f 2462 2457 2456 2461
f 2463 2460 2458 2466
f 2458 2459 2467 2466
f 2897 2467 2459 2894
f 2464 2461 2460 2463
f 2465 2462 2461 2464
f 2463 2466 2468 2471
f 2472 2464 2463 2471
f 2473 2465 2464 2472
f 2466 2467 2469 2468
f 2899 2469 2467 2897
f 2468 2469 2470 2477
f 2474 2471 2468 2477
f 2901 2470 2469 2899
f 2482 2477 2470 2481
f 2902 2481 2470 2901
f 2475 2472 2471 2474
f 2476 2473 2472 2475
f 2478 2475 2474 2479
f 2474 2477 2482 2479
f 2480 2476 2475 2478
f 2484 2480 2478 2483
f 2478 2479 2485 2483
f 2479 2482 3734 2485
f 3734 2482 2481 3735
f 2481 2902 4716 3735
f 2483 2485 2487 2486
f 2488 2484 2483 2486
f 3736 2487 2485 3734
f 2486 2487 5120 5119
f 5123 2488 2486 5119
f 2487 3736 5593 5120
f 2491 2490 2489 2492
f 2500 2492 2489 2497
f 2491 2492 2509 2554
f 2492 2500 2518 2509
f 2496 2494 2493 2495
f 2493 2494 2503 2502
f 2494 2496 2499 2498
f 2494 2498 2504 2503
f 2506 2496 2495 2508
f 2514 2499 2496 2506
f 2498 2501 2505 2504
f 2515 2501 2499 2514
f 2500 2522 2523 2518
f 2545 2505 2501 2515
f 2502 2503 2529 2528
f 2503 2504 2532 2529
f 2546 2532 2505 2545
f 2506 2508 2510 2511
f 2506 2511 2520 2514
f 2507 2516 2559 2556
f 2553 2554 2509 2555
f 2557 2555 2509 2518
f 2542 2511 2510 2540
f 2548 2520 2511 2542
f 2519 2513 2512 2517
f 4474 2517 2512 4470
f 2513 2519 2547 2543
f 2515 2520 2548 2545
f 4476 2521 2517 4474
f 2519 2521 2549 2547
f 4499 2549 2521 4476
f 2524 2525 2527 2526
f 2524 2526 2534 2533
f 2566 2527 2525 2718
f 2526 2527 2531 2530
f 2526 2530 2537 2534
f 2567 2531 2527 2566
f 2528 2529 2539 2541
f 2529 2532 2546 2539
f 2552 2537 2530 2551
f 4169 2551 2531 2567
f 2533 2534 2536 2535
f 2538 2536 2534 2537
f 2535 2536 2877 2876
f 2536 2538 2878 2877
f 2538 2552 2864 2878
f 2540 2541 2539 2542
f 2548 2542 2539 2546
f 2550 2544 2543 2547
f 2544 2550 4500 4495
f 4500 2550 2549 4499
f 2864 2552 2551 4169
f 2556 2559 4473 4469
f 4473 2559 2558 4472
f 2574 2563 2562 2572
f 2564 2565 3765 3764
f 2565 2610 3791 3765
f 2566 2718 4141 4143
f 4168 2567 2566 4143
f 2588 2570 2568 2587
f 2575 2574 2572 2579
f 2572 2576 2578 2579
f 2573 2574 2575 2580
f 2585 2580 2575 2584
f 2575 2579 2614 2584
f 2576 2577 2613 2578
f 2614 2579 2578 2616
f 2578 2613 2615 2616
f 2581 2582 2586 2587
f 2582 2583 2591 2586
f 2623 2591 2583 2620
f 2618 2585 2584 2619
f 2584 2614 2621 2619
f 2588 2587 2586 2590
f 2592 2590 2586 2591
f 2727 2589 2588 2590
f 2726 2725 2589 2727
f 2590 2592 2728 2727
f 2624 2592 2591 2623
f 2592 2624 2742 2728
f 2593 2599 2600 2607
f 2593 2607 2628 2617
f 3778 2595 2594 3777
f 2594 2611 3916 3777
f 2597 2601 2602 2603
f 2608 2607 2600 2603
f 2602 2604 2605 2606
f 2608 2603 2602 2606
f 3776 2606 2605 3775
f 2609 2608 2606 3776
f 2607 2608 2609 2628
f 2630 2628 2609 2631
f 2609 3776 3800 2631
f 2610 2865 4520 3791
f 2611 2612 3792 3916
f 2614 2616 2627 2621
f 2627 2616 2615 2625
f 2617 2628 2630 2629
f 2618 2619 2738 2735
f 2619 2621 2636 2738
f 2620 2622 2642 2623
f 2621 2627 2633 2636
f 2622 2634 2635 2642
f 2644 2624 2623 2642
f 2624 2644 2744 2742
f 2625 2626 2633 2627
f 2639 2633 2626 2638
f 2629 2630 2643 2632
f 2630 2631 3818 2643
f 2631 3800 3801 3818
f 2646 2641 2632 2643
f 2637 2636 2633 2639
f 2640 2635 2634 2757
f 2644 2642 2635 2645
f 2635 2640 2759 2645
f 2736 2738 2636 2637
f 2758 2639 2638 2721
f 2641 2646 4171 4170
f 3819 2646 2643 3818
f 2644 2645 2756 2744
f 2762 2756 2645 2759
f 2646 3819 3813 4171
f 2647 2648 2649 2780
f 2662 2664 2647 2666
f 2670 2648 2647 2664
f 2779 2666 2647 2780
f 2781 2780 2649 2792
f 2650 2652 2653 2654
f 2650 2651 2655 2652
f 2650 2654 2683 2682
f 2684 2651 2650 2682
f 2660 2655 2651 2691
f 2652 2655 2657 2668
f 2667 2653 2652 2668
f 2656 2658 2672 2665
f 2661 2659 2657 2660
f 2659 2661 2695 2704
f 2660 2691 2693 2661
f 2665 2664 2662 2663
f 2664 2665 2672 2670
f 2671 2674 2676 2675
f 2680 2674 2673 2678
f 2806 2676 2674 2680
f 2675 2676 2793 2792
f 2805 2793 2676 2806
f 2705 2680 2678 2703
f 2679 2694 2696 2713
f 2679 2713 2714 2804
f 2680 2705 2803 2806
f 2794 2791 2681 2818
f 2802 2706 2681 2791
f 2681 2706 2810 2824
f 2823 2818 2681 2824
f 2682 2683 2688 2687
f 2686 2687 2690 2689
f 2687 2688 3917 2690
f 2689 2690 3921 2697
f 2690 3917 3923 3921
f 2715 2696 2694 3931
f 2700 2704 2695 2698
f 2716 2713 2696 2715
f 2700 2698 2697 3921
f 2699 3928 3932 3945
f 2701 2710 2771 2770
f 3822 2702 2701 3821
f 2701 2711 3823 3821
f 2708 2707 2702 3940
f 2702 3822 3824 3947
f 2702 2770 4216 3940
f 2711 2710 2709 2712
f 2710 2711 4218 2771
f 3826 3823 2711 3949
f 2711 2712 3951 3949
f 2711 3949 4219 4218
f 2717 2714 2713 2716
f 2811 2804 2714 2717
f 2715 3931 3956 4006
f 4007 2716 2715 4006
f 4008 2717 2716 4007
f 4315 2811 2717 4008
f 2724 2720 2719 2722
f 2719 2720 2754 2753
f 2773 2754 2720 2766
f 2720 2724 4147 2766
f 2760 2758 2721 2723
f 2736 2760 2723 2737
f 2726 2727 2728 2729
f 2743 2729 2728 2742
f 2732 2731 2730 2733
f 2751 2733 2730 2748
f 2732 2733 2850 2855
f 2852 2734 2732 2855
f 2733 2751 2859 2850
f 2735 2738 2736 2737
f 2739 2741 2750 2749
f 2739 2753 2754 2741
f 2740 2743 2742 2744
f 2740 2744 2756 2755
f 2776 2750 2741 2773
f 2747 2746 2745 2769
f 2745 2767 2768 2769
f 2746 2747 2782 2752
f 2747 2769 2772 2813
f 2841 2782 2747 2813
f 2748 2749 2750 2751
f 2859 2751 2750 2776
f 2752 2782 2784 2783
f 2755 2756 2762 2765
f 2767 2764 2763 2768
f 2763 2764 4167 4177
f 4214 2768 2763 4215
f 2774 2773 2766 4229
f 2766 4147 4149 4229
f 2772 2769 2768 4214
f 2770 2771 4173 4174
f 2770 4174 4175 4216
f 4187 4173 2771 4218
f 2772 4214 4220 4293
f 4340 2813 2772 4293
f 2859 2776 2774 2861
f 2774 4229 4230 2775
f 2777 4227 4228 4233
f 4235 2778 2777 4233
f 4383 2863 2778 4235
f 2779 2780 2781 2790
f 2781 2792 2793 2795
f 2796 2790 2781 2795
f 2843 2784 2782 2841
f 2783 2784 2786 2785
f 2798 2797 2791 2799
f 2791 2794 2800 2799
f 2794 2818 2819 2800
f 2798 2799 2801 2807
f 2799 2800 2817 2801
f 2809 2807 2801 2808
f 2820 2808 2801 2817
f 2814 2809 2808 2835
f 2808 2820 2822 2835
f 2827 2824 2810 2812
f 4310 2828 2812 4292
f 2847 2841 2813 4340
f 2814 2835 2836 2816
f 2815 2816 2836 2838
f 2815 2831 2840 2839
f 2817 2819 2821 2820
f 2821 2819 2818 2823
f 2821 2823 2825 2826
f 2836 2835 2822 2837
f 2823 2824 2827 2825
f 2825 2827 2832 2830
f 2837 2826 2825 2830
f 2831 2829 2828 2833
f 4311 2833 2828 4310
f 2830 2838 2836 2837
f 2831 2833 4312 2834
f 2833 4311 4313 4312
f 4322 2840 2834 4314
f 2839 2840 4322 4321
f 2845 2843 2841 2847
f 2844 2845 2849 2846
f 2845 2847 2848 2849
f 2847 4340 4341 2848
f 2856 2855 2850 2857
f 2850 2859 2861 2857
f 2852 2855 2856 2853
f 2857 2858 2854 2856
f 2857 2861 2860 2858
f 2863 4383 4385 4384
f 2864 4169 4168 4386
f 2865 2868 4523 4520
f 2866 2867 4522 4519
f 2867 2869 4533 4522
f 2868 2872 4536 4523
f 2869 2870 4534 4533
f 4532 2874 2871 4531
f 4545 4531 2871 4547
f 2872 2873 4535 4536
f 2873 2875 4537 4535
f 4537 2875 2874 4532
f 2876 2877 4162 4160
f 2877 2878 4386 4162
f 2883 2880 2879 2882
f 2879 2880 2889 2888
f 2883 2882 2881 5285
f 2881 5283 5284 5285
f 2884 2885 2887 2886
f 2884 2888 2889 2885
f 2886 2887 2891 2890
f 2890 2891 2893 2892
f 2892 2893 2895 2894
f 2894 2895 2896 2897
f 2899 2897 2896 2898
f 2901 2899 2898 2900
f 2902 2901 2900 2903
f 2902 2903 4717 4716
f 2912 2906 2904 2910
f 2905 2906 2920 2919
f 2906 2912 2928 2920
f 2928 2912 2911 2929
f 2918 2915 2913 2916
f 2915 2918 2945 2943
f 2945 2918 2917 2946
f 2921 2922 2925 2923
f 2924 2925 3041 3036
f 2926 2927 2931 2930
f 2926 2930 2953 2948
f 3192 2931 2927 3187
f 2930 2932 2954 2953
f 3193 2932 2931 3192
f 3200 2954 2932 3193
f 3334 2934 2933 3332
f 2933 3188 3754 3332
f 3413 2959 2934 3334
f 3396 2937 2935 3395
f 3397 2938 2936 3396
f 3399 2940 2938 3397
f 3400 2941 2940 3399
f 3402 2944 2941 3400
f 2952 2951 2942 2961
f 2942 2947 2962 2961
f 3190 2947 2942 3186
f 2942 2951 3194 3186
f 2964 2962 2947 2963
f 3191 2963 2947 3190
f 2955 2949 2948 2953
f 2949 2955 3199 3195
f 2950 2952 3045 3046
f 2952 2961 3068 3045
f 3199 2955 2954 3200
f 3066 2957 2956 3065
f 2956 2958 3067 3065
f 3081 2966 2957 3066
f 2958 3009 3139 3067
f 3414 2960 2959 3413
f 3761 3198 2960 3414
f 2961 2962 3071 3068
f 2962 2964 3075 3071
f 3196 2965 2963 3191
f 2964 2965 3076 3075
f 3207 3076 2965 3196
f 2967 2968 2971 2970
f 2972 2969 2967 2970
f 2982 2971 2968 2979
f 2970 2971 2974 2973
f 2977 2972 2970 2973
f 2985 2974 2971 2982
f 2973 2974 2976 2975
f 2973 2975 2978 2977
f 2986 2976 2974 2985
f 2975 2976 2997 2998
f 3002 2978 2975 2998
f 2976 2986 2991 2997
f 2979 2980 2983 2982
f 2980 2981 2984 2983
f 2982 2983 2987 2985
f 2983 2984 2989 2987
f 2988 2986 2985 2987
f 2986 2988 2992 2991
f 2990 2988 2987 2989
f 2988 2990 2993 2992
f 2991 2992 2995 2994
f 3000 2997 2991 2994
f 2992 2993 2996 2995
f 2994 2995 3007 3006
f 2995 2996 3008 3007
f 2999 2998 2997 3000
f 2998 2999 3003 3002
f 2999 3000 3001 3004
f 3005 3003 2999 3004
f 3001 3006 3007 3004
f 3004 3007 3008 3005
f 3009 3010 3140 3139
f 3010 3011 3144 3140
f 3011 3012 3146 3144
f 3145 3146 3012 3201
f 3013 3014 3016 3015
f 3013 3015 3022 3027
f 3015 3016 3018 3017
f 3015 3017 3032 3022
f 3017 3018 3035 3034
f 3063 3032 3017 3034
f 3020 3024 3019 3021
f 3019 3024 3025 3026
f 3029 3021 3019 3030
f 3019 3026 3031 3030
f 3020 3021 3023 3028
f 3033 3023 3021 3029
f 3106 3027 3022 3103
f 3022 3032 3111 3103
f 3029 3030 3061 3062
f 3064 3033 3029 3062
f 3030 3031 3060 3061
f 3032 3063 3138 3111
f 3034 3035 3082 3083
f 3090 3063 3034 3083
f 3037 3038 3043 3040
f 3040 3043 3058 3049
f 3058 3043 3042 3057
f 3070 3048 3045 3068
f 3055 3054 3047 3069
f 3204 3069 3047 3202
f 3048 3070 3205 3203
f 3051 3050 3049 3058
f 3053 3054 4479 4478
f 3054 3055 4480 4479
f 3055 3069 3072 3078
f 3055 3078 4488 4480
f 3056 3059 4475 4472
f 3089 3061 3060 3088
f 3092 3062 3061 3089
f 3091 3064 3062 3092
f 3063 3090 3152 3138
f 3065 3067 4503 4502
f 4504 3066 3065 4502
f 4511 3081 3066 4504
f 3067 3139 4573 4503
f 3073 3070 3068 3071
f 3209 3072 3069 3204
f 3070 3073 3206 3205
f 3074 3073 3071 3075
f 3079 3078 3072 3077
f 3073 3074 3208 3206
f 3074 3076 3207 3208
f 3210 3080 3077 3209
f 3078 3079 4489 4488
f 3079 3080 4490 4489
f 3080 3210 4625 4490
f 3086 3083 3082 3085
f 3083 3086 3101 3090
f 3086 3085 3084 3087
f 4468 3087 3084 4467
f 3086 3087 3097 3101
f 4483 3097 3087 4468
f 3100 3089 3088 3093
f 3102 3092 3089 3100
f 3090 3101 3161 3152
f 3091 3092 3102 3096
f 3093 3094 3095 3100
f 4482 3095 3094 4481
f 3102 3100 3095 3099
f 4485 3099 3095 4482
f 3096 3102 3099 3098
f 3161 3101 3097 3156
f 4554 3156 3097 4483
f 3098 3099 4485 4484
f 3109 3106 3103 3105
f 3114 3105 3103 3111
f 3104 3107 3108 3110
f 3104 3110 3113 3112
f 3115 3107 3104 3122
f 3104 3112 3131 3122
f 3117 3109 3105 3124
f 3105 3114 3133 3124
f 3143 3114 3111 3138
f 3112 3113 3141 3142
f 3148 3131 3112 3142
f 3149 3133 3114 3143
f 3123 3116 3115 3122
f 3125 3118 3117 3124
f 3128 3121 3118 3125
f 3119 3120 3127 3126
f 3120 3121 3128 3127
f 3132 3123 3122 3131
f 3134 3125 3124 3133
f 3135 3128 3125 3134
f 3126 3127 3130 3129
f 3127 3128 3135 3130
f 3137 3136 3129 3130
f 3130 3135 3150 3137
f 3147 3132 3131 3148
f 3151 3134 3133 3149
f 3150 3135 3134 3151
f 3136 3137 3166 3165
f 3137 3150 3164 3166
f 3155 3143 3138 3152
f 3139 3140 4574 4573
f 3140 3144 4575 4574
f 3153 3142 3141 3154
f 3168 3148 3142 3153
f 3169 3149 3143 3155
f 3144 3146 4578 4575
f 4578 3146 3145 4579
f 3147 3148 3168 3167
f 3170 3151 3149 3169
f 3150 3151 3170 3164
f 3163 3155 3152 3161
f 3153 3154 3157 3162
f 3153 3162 3178 3168
f 3155 3163 3180 3169
f 3163 3161 3156 3160
f 4557 3160 3156 4554
f 3159 3162 3157 3158
f 4556 3159 3158 4555
f 3178 3162 3159 3182
f 4564 3182 3159 4556
f 3180 3163 3160 3183
f 4563 3183 3160 4557
f 3172 3166 3164 3173
f 3164 3170 3179 3173
f 3165 3166 3172 3171
f 3167 3168 3178 3177
f 3179 3170 3169 3180
f 3171 3172 3175 3174
f 3172 3173 3176 3175
f 3184 3176 3173 3179
f 3174 3175 4548 4547
f 3175 3176 4561 4548
f 3176 3184 4562 4561
f 3177 3178 3182 3181
f 3179 3180 3183 3184
f 3181 3182 4564 4560
f 4562 3184 3183 4563
f 4576 4498 3185 3189
f 3211 3212 3213 3214
f 3216 3212 3211 3215
f 3211 3214 3229 3230
f 3232 3215 3211 3230
f 3622 3213 3212 3623
f 3212 3216 3626 3623
f 3224 3214 3213 3223
f 3616 3223 3213 3622
f 3214 3224 3238 3229
f 3233 3217 3215 3232
f 3216 3217 3627 3626
f 3217 3233 3646 3627
f 3252 3225 3218 3251
f 3218 3219 3257 3251
f 3219 3228 3258 3257
f 3220 3224 3223 3221
f 3220 3222 3235 3236
f 3238 3224 3220 3236
f 3614 3222 3221 3613
f 3221 3223 3616 3613
f 3631 3235 3222 3614
f 3259 3226 3225 3252
f 3260 3227 3226 3259
f 3227 3260 3649 3619
f 3228 3241 3271 3258
f 3231 3230 3229 3240
f 3229 3238 3239 3240
f 3230 3231 3234 3232
f 3231 3240 3640 3641
f 3648 3234 3231 3641
f 3233 3234 3648 3646
f 3633 3237 3235 3631
f 3236 3237 3239 3238
f 3635 3239 3237 3633
f 3640 3240 3239 3635
f 3241 3242 3272 3271
f 3242 3243 3274 3272
f 3243 3244 3275 3274
f 3244 3245 3279 3275
f 3245 3246 3280 3279
f 3669 3280 3246 3636
f 3249 3248 3247 3250
f 3273 3250 3247 3436
f 3247 3248 3654 3655
f 3681 3436 3247 3655
f 3248 3249 3254 3253
f 3248 3253 3659 3654
f 3249 3250 3273 3434
f 3276 3254 3249 3434
f 3253 3254 3255 3256
f 3253 3256 3658 3659
f 3277 3255 3254 3276
f 3270 3256 3255 3269
f 3283 3269 3255 3277
f 3256 3270 3665 3658
f 3267 3262 3261 3268
f 3261 3270 3269 3268
f 3261 3262 3652 3651
f 3665 3270 3261 3651
f 3262 3267 3290 3291
f 3262 3291 3693 3652
f 3263 3264 3266 3265
f 3263 3265 3287 3321
f 3431 3264 3263 3430
f 3263 3321 3439 3430
f 3264 3431 3443 3444
f 3445 3266 3264 3444
f 3265 3266 3542 3541
f 3543 3287 3265 3541
f 3266 3445 3589 3542
f 3267 3268 3281 3282
f 3267 3282 3324 3290
f 3268 3269 3283 3281
f 3273 3436 3435 3434
f 3278 3277 3276 3437
f 3276 3434 3435 3437
f 3277 3278 3284 3283
f 3672 3284 3278 3683
f 3278 3437 3728 3683
f 3281 3283 3284 3285
f 3286 3282 3281 3285
f 3282 3286 3325 3324
f 3674 3285 3284 3672
f 3676 3286 3285 3674
f 3724 3325 3286 3676
f 3322 3321 3287 3323
f 3544 3323 3287 3543
f 3288 3306 3305 3310
f 3307 3306 3288 3546
f 3312 3289 3288 3310
f 3288 3289 3547 3546
f 3289 3312 3313 3315
f 3289 3315 3548 3547
f 3326 3292 3290 3324
f 3291 3292 3687 3693
f 3292 3326 3725 3687
f 3293 3294 3296 3295
f 3301 3294 3293 3694
f 3293 3295 3689 3688
f 3293 3688 3696 3694
f 3299 3296 3294 3690
f 3294 3301 3695 3690
f 3295 3296 3309 3308
f 3295 3308 3703 3689
f 3296 3299 3300 3309
f 3297 3310 3305 3298
f 3312 3310 3297 3303
f 3699 3303 3297 3691
f 3297 3298 3704 3691
f 3298 3305 3311 3316
f 3298 3316 3710 3704
f 3688 3689 3299 3690
f 3299 3689 3703 3300
f 3317 3309 3300 3709
f 3300 3703 3711 3709
f 3301 3694 3697 3302
f 3301 3302 3700 3695
f 3302 3327 3701 3700
f 3722 3327 3302 3697
f 3313 3312 3303 3304
f 3714 3304 3303 3699
f 3304 3316 3311 3313
f 3710 3316 3304 3714
f 3305 3306 3314 3311
f 3306 3307 3319 3314
f 3320 3319 3307 3545
f 3307 3546 3549 3545
f 3308 3309 3317 3712
f 3711 3703 3308 3712
f 3315 3313 3311 3314
f 3548 3315 3314 3319
f 3317 3709 3702 3318
f 3726 3712 3317 3318
f 3701 3327 3318 3702
f 3318 3327 3722 3726
f 3319 3320 3550 3548
f 3320 3545 3706 3717
f 3718 3550 3320 3717
f 3321 3322 3440 3439
f 3447 3440 3322 3448
f 3322 3323 3449 3448
f 3595 3449 3323 3544
f 3725 3326 3325 3724
f 3333 3329 3328 3330
f 3328 3329 3408 3405
f 3411 3331 3328 3405
f 3329 3333 3382 3387
f 3329 3387 3388 3408
f 3330 3331 3378 3377
f 3379 3333 3330 3377
f 3421 3378 3331 3411
f 3333 3379 3393 3382
f 3339 3336 3335 3338
f 3344 3338 3335 3341
f 3340 3337 3336 3339
f 3348 3339 3338 3347
f 3338 3344 3353 3347
f 3351 3340 3339 3348
f 3341 3342 3345 3344
f 3342 3343 3346 3345
f 3344 3345 3355 3353
f 3345 3346 3358 3355
f 3350 3348 3347 3349
f 3354 3349 3347 3353
f 3348 3350 3352 3351
f 3349 3354 3357 3365
f 3367 3350 3349 3365
f 3370 3352 3350 3367
f 3356 3354 3353 3355
f 3354 3356 3360 3357
f 3359 3356 3355 3358
f 3356 3359 3361 3360
f 3357 3360 3363 3362
f 3366 3365 3357 3362
f 3360 3361 3364 3363
f 3362 3363 3375 3374
f 3363 3364 3376 3375
f 3365 3366 3368 3367
f 3372 3368 3366 3369
f 3367 3368 3371 3370
f 3373 3371 3368 3372
f 3369 3374 3375 3372
f 3372 3375 3376 3373
f 3377 3378 3756 3755
f 3757 3379 3377 3755
f 3759 3393 3379 3757
f 3380 3381 3383 3384
f 3380 3384 3394 3392
f 3390 3383 3381 3385
f 3383 3387 3382 3384
f 3394 3384 3382 3393
f 3388 3387 3383 3390
f 3385 3386 3391 3390
f 3385 3560 3561 3386
f 3403 3391 3386 3398
f 3386 3561 3564 3398
f 3388 3390 3391 3389
f 3432 3408 3388 3389
f 3389 3391 3403 3401
f 3389 3401 3442 3432
f 3392 3394 3760 3758
f 3760 3394 3393 3759
f 3404 3407 3410 3409
f 3416 3406 3404 3415
f 3404 3409 3418 3415
f 3405 3408 3432 3412
f 3420 3407 3406 3423
f 3406 3416 3425 3423
f 3422 3410 3407 3420
f 3409 3410 3429 3428
f 3433 3418 3409 3428
f 3410 3422 3441 3429
f 3411 3412 3424 3421
f 3412 3432 3442 3424
f 3419 3417 3415 3418
f 3416 3417 3426 3425
f 3417 3419 3427 3426
f 3438 3419 3418 3433
f 3446 3427 3419 3438
f 3431 3430 3428 3429
f 3428 3430 3439 3433
f 3443 3431 3429 3441
f 3433 3439 3440 3438
f 3435 3436 3681 3727
f 3728 3437 3435 3727
f 3438 3440 3447 3446
f 3450 3453 3454 3465
f 3450 3465 3481 3480
f 3451 3452 3455 3454
f 3467 3465 3454 3455
f 3457 3532 3601 3762
f 3466 3461 3458 3464
f 3459 3460 3471 3472
f 3473 3464 3459 3472
f 3477 3466 3464 3473
f 3465 3467 3508 3481
f 3466 3477 3509 3491
f 3467 3490 3499 3508
f 3602 3538 3468 3763
f 3474 3470 3469 3501
f 3554 3482 3471 3553
f 3485 3477 3473 3479
f 3483 3478 3474 3486
f 3474 3501 3511 3486
f 3504 3476 3475 3500
f 3476 3504 3573 3581
f 3478 3483 3566 3565
f 3479 3484 3488 3485
f 3481 3508 3572 3563
f 3558 3484 3482 3554
f 3483 3486 3567 3566
f 3559 3488 3484 3558
f 3486 3511 3582 3567
f 3487 3557 3556 3510
f 3487 3488 3559 3557
f 3499 3490 3489 3498
f 3491 3509 3510 3493
f 3494 3495 3502 3500
f 3511 3501 3497 3507
f 3577 3507 3497 3579
f 3500 3502 3506 3505
f 3503 3575 3576 3506
f 3504 3505 3574 3573
f 3505 3506 3576 3574
f 3582 3511 3507 3577
f 3512 3514 3521 3520
f 3524 3513 3512 3525
f 3512 3520 3527 3525
f 3591 3514 3513 3590
f 3513 3524 3596 3590
f 3594 3521 3514 3591
f 3515 3516 3518 3519
f 3523 3517 3515 3522
f 3515 3519 3592 3593
f 3516 3517 3530 3529
f 3536 3518 3516 3529
f 3518 3541 3542 3519
f 3543 3541 3518 3536
f 3519 3542 3589 3592
f 3524 3526 3597 3596
f 3528 3526 3525 3527
f 3526 3528 3600 3597
f 3529 3531 3537 3536
f 3598 3537 3531 3599
f 3532 3533 3738 3601
f 3533 3539 3739 3738
f 3534 3535 3552 3553
f 3535 3729 3731 3730
f 3544 3543 3536 3537
f 3595 3544 3537 3598
f 3739 3539 3538 3602
f 3731 3729 3540 3732
f 3545 3549 3708 3706
f 3546 3547 3551 3549
f 3547 3548 3550 3551
f 3549 3551 3720 3708
f 3720 3551 3550 3718
f 3554 3553 3552 3555
f 3559 3558 3555 3733
f 3555 3730 3731 3733
f 3572 3571 3562 3563
f 3565 3566 3569 3568
f 3585 3569 3567 3582
f 3578 3581 3573 3583
f 3574 3576 3588 3583
f 3577 3579 3584 3585
f 3580 3583 3588 3587
f 3603 3605 3610 3609
f 5363 3604 3603 5364
f 3603 3609 5387 5364
f 3607 3605 3604 3606
f 5369 3606 3604 5363
f 3605 3607 3611 3610
f 5370 3608 3606 5369
f 3607 3608 3612 3611
f 5390 3612 3608 5370
f 3617 3615 3613 3616
f 3614 3615 3632 3631
f 3615 3617 3634 3632
f 3616 3622 3624 3617
f 3617 3624 3638 3634
f 3618 3619 3649 3650
f 3653 3620 3618 3650
f 3657 3629 3620 3653
f 3621 3630 3664 3663
f 3677 3642 3621 3663
f 3622 3623 3625 3624
f 3628 3625 3623 3626
f 3624 3625 3639 3638
f 3625 3628 3647 3639
f 3647 3628 3627 3646
f 3664 3630 3629 3657
f 3635 3633 3632 3634
f 3640 3635 3634 3638
f 3636 3637 3670 3669
f 3637 3645 3680 3670
f 3641 3640 3638 3639
f 3648 3641 3639 3647
f 3678 3643 3642 3677
f 3679 3644 3643 3678
f 3680 3645 3644 3679
f 3667 3665 3651 3666
f 3651 3652 3668 3666
f 3692 3668 3652 3693
f 3656 3655 3654 3662
f 3654 3659 3660 3662
f 3655 3656 3684 3681
f 3656 3662 3685 3684
f 3660 3659 3658 3661
f 3667 3661 3658 3665
f 3660 3661 3682 3686
f 3685 3662 3660 3686
f 3661 3667 3671 3682
f 3671 3667 3666 3673
f 3666 3668 3675 3673
f 3723 3675 3668 3692
f 3674 3672 3671 3673
f 3671 3672 3683 3682
f 3676 3674 3673 3675
f 3724 3676 3675 3723
f 3685 3727 3681 3684
f 3682 3683 3728 3686
f 3728 3727 3685 3686
f 3723 3692 3687 3725
f 3688 3690 3695 3696
f 3691 3704 3705 3707
f 3719 3699 3691 3707
f 3694 3696 3698 3697
f 3698 3696 3695 3700
f 3697 3698 3721 3722
f 3698 3700 3701 3721
f 3716 3714 3699 3719
f 3701 3702 3715 3721
f 3702 3709 3711 3715
f 3713 3705 3704 3710
f 3705 3706 3708 3707
f 3717 3706 3705 3713
f 3707 3708 3720 3719
f 3710 3714 3716 3713
f 3711 3712 3726 3715
f 3718 3717 3713 3716
f 3715 3726 3722 3721
f 3720 3718 3716 3719
f 3734 3735 3737 3736
f 4719 3737 3735 4716
f 3736 3737 5594 5593
f 3737 4719 6163 5594
f 3740 3741 4695 4694
f 4696 3742 3740 4694
f 3741 3743 4709 4695
f 4698 3746 3742 4696
f 3743 3744 4710 4709
f 3744 3745 4711 4710
f 3745 3747 4715 4711
f 5634 3749 3748 5633
f 3748 3752 5638 5633
f 5636 3750 3749 5634
f 5637 3751 3750 5636
f 5639 3753 3751 5637
f 3764 3765 3767 3766
f 4024 3767 3765 3791
f 3766 3767 3772 3771
f 4075 3772 3767 4024
f 4144 3769 3768 4142
f 3768 3770 4145 4142
f 3768 3769 4611 4612
f 4618 3770 3768 4612
f 4165 4145 3770 4595
f 4632 4193 3770 4618
f 4468 4467 3771 3772
f 4483 4468 3772 4075
f 3773 3774 4138 4139
f 3773 4139 4464 4166
f 4601 4138 3774 4597
f 3800 3776 3775 3796
f 3865 3778 3777 3866
f 4027 3866 3777 3916
f 3779 3780 3781 3782
f 3779 3782 3797 3795
f 3789 3782 3781 3788
f 3782 3789 3851 3797
f 3852 3790 3787 4077
f 3852 3789 3788 3790
f 3854 3851 3789 3852
f 4521 4024 3791 4520
f 4027 3916 3792 4025
f 3793 3794 3798 3806
f 3807 3805 3793 3806
f 3794 3795 3797 3798
f 3801 3800 3796 3799
f 3856 3798 3797 3851
f 3884 3806 3798 3856
f 3815 3801 3799 3814
f 3819 3818 3801 3815
f 3831 3832 3802 3842
f 3802 3803 3843 3842
f 3858 3803 3802 3857
f 3802 3832 3885 3857
f 3804 3861 3862 4028
f 3805 3807 4190 3808
f 3816 3807 3806 3884
f 3807 3816 4191 4190
f 3822 3821 3809 3810
f 3809 3821 3823 4179
f 3824 3822 3810 3811
f 3811 3812 3825 3824
f 3826 3825 3812 4180
f 3813 3819 3815 3817
f 3817 3815 3814 4196
f 3816 3884 3881 3879
f 3816 3879 4194 4191
f 3829 3827 3820 3828
f 3820 3827 3834 3837
f 3820 3837 3838 3926
f 4180 4179 3823 3826
f 3950 3947 3824 3825
f 3825 3826 3949 3950
f 3830 3829 3828 3943
f 3830 3943 3944 4291
f 3831 3842 3833 3835
f 3833 3842 3843 3844
f 3845 3840 3833 3844
f 3839 3837 3834 3836
f 3841 3838 3837 3839
f 3941 3926 3838 3963
f 3838 3841 3967 3963
f 3839 3847 3849 3850
f 3841 3850 3968 3967
f 3845 3846 3966 3848
f 3968 3850 3849 3890
f 3851 3854 3853 3856
f 3852 4077 4078 3854
f 3880 3881 3853 3882
f 3884 3856 3853 3881
f 3853 3854 4078 3882
f 3855 3867 3908 3876
f 4081 3867 3855 4079
f 3859 3858 3857 3860
f 3886 3860 3857 3885
f 3862 3861 3859 3864
f 3859 3860 3863 3864
f 3887 3863 3860 3886
f 3862 3864 3893 4032
f 4029 4028 3862 4032
f 3865 3866 4074 4073
f 3866 4027 4137 4074
f 3914 3908 3867 4090
f 3867 4081 4096 4090
f 3873 3870 3868 3871
f 3868 3891 3910 3909
f 3911 3871 3868 3909
f 4048 3892 3869 4026
f 3874 3873 3871 4084
f 3871 3911 4083 4084
f 4054 4053 3872 4114
f 3872 3874 4086 4114
f 3874 4084 4087 4086
f 3875 3876 3908 3878
f 3875 3878 4198 4195
f 3877 3879 3881 3880
f 4194 3879 3877 4242
f 3878 3908 3914 3896
f 4093 3913 3883 4092
f 3883 3913 4244 4243
f 4030 3889 3888 4031
f 4051 4031 3888 4049
f 3970 3986 3889 4030
f 3988 3968 3890 4035
f 4029 4032 3894 4033
f 3895 4048 4050 4052
f 4210 4198 3896 4255
f 3896 3914 4406 4255
f 3897 3900 3899 3904
f 3897 3904 4262 4259
f 3905 3904 3899 4038
f 4265 3906 3901 4260
f 3904 3905 4263 4262
f 3905 4038 4039 3907
f 3905 3907 4264 4263
f 4264 3907 3906 4265
f 3912 4091 4119 4116
f 4246 4244 3913 4268
f 3913 4093 4408 4268
f 3914 4090 4098 4406
f 4051 4049 3915 4057
f 4069 4057 3915 4125
f 3922 3920 3918 3919
f 3925 3922 3919 3924
f 3922 3925 3934 3929
f 3971 3925 3924 3962
f 3935 3934 3925 3971
f 3932 3928 3927 3930
f 3933 3932 3930 3937
f 3946 3945 3932 3933
f 3933 3937 3938 3954
f 3955 3946 3933 3954
f 3939 3936 3935 3973
f 3935 3971 3972 3973
f 3938 3937 3936 3939
f 3959 3954 3938 3974
f 3938 3939 3975 3974
f 3944 3943 3942 3982
f 3944 3982 3983 3979
f 4294 4291 3944 3979
f 4217 3950 3947 4216
f 3948 3950 3949 3951
f 3949 3950 4217 4219
f 3952 3957 3958 4009
f 4011 3953 3952 4009
f 4007 4006 3956 3961
f 3957 3994 3998 3997
f 4014 3958 3957 3997
f 4010 4009 3958 4014
f 4310 4292 3960 4012
f 4008 4007 3961 4315
f 3962 3964 3972 3971
f 3976 3972 3964 3977
f 3965 3967 3968 3988
f 3987 3978 3965 3988
f 4033 3969 3966 4029
f 3970 4030 4034 4042
f 4036 3986 3970 4042
f 3975 3973 3972 3976
f 3974 3975 3976 3999
f 3996 3999 3976 3977
f 3992 3983 3978 3987
f 4295 4294 3980 3981
f 3981 3984 3985 4295
f 3984 3991 3993 4004
f 4302 3985 3984 4004
f 4296 4295 3985 4301
f 3987 3988 4035 3990
f 4044 3993 3989 4037
f 4043 4004 3993 4044
f 4001 3998 3995 4000
f 3997 3998 4001 4015
f 4016 4014 3997 4015
f 4003 4001 4000 4002
f 4019 4015 4001 4003
f 4022 4003 4002 4005
f 4021 4019 4003 4022
f 4004 4043 4304 4302
f 4023 4022 4005 4308
f 4009 4010 4013 4011
f 4010 4014 4016 4017
f 4018 4013 4010 4017
f 4011 4013 4325 4316
f 4311 4310 4012 4317
f 4329 4317 4012 4326
f 4013 4018 4331 4325
f 4016 4019 4021 4017
f 4020 4018 4017 4021
f 4020 4021 4022 4023
f 4020 4023 4336 4331
f 4023 4308 4307 4336
f 4528 4075 4024 4521
f 4137 4027 4025 4076
f 4050 4048 4026 4053
f 4030 4031 4051 4034
f 4045 4042 4034 4069
f 4034 4051 4057 4069
f 4036 4042 4045 4344
f 4037 4040 4046 4044
f 4070 4047 4041 4062
f 4043 4044 4046 4348
f 4347 4304 4043 4348
f 4045 4069 4125 4344
f 4352 4348 4046 4353
f 4047 4070 4071 4361
f 4354 4351 4047 4361
f 4050 4053 4054 4055
f 4063 4055 4054 4117
f 4054 4114 4115 4117
f 4059 4058 4056 4120
f 4061 4060 4058 4064
f 4058 4059 4065 4064
f 4059 4120 4121 4123
f 4124 4065 4059 4123
f 4064 4065 4126 4068
f 4065 4124 4128 4126
f 4071 4070 4066 4072
f 4363 4361 4071 4367
f 4071 4072 4365 4367
f 4072 4127 4441 4445
f 4482 4481 4073 4074
f 4485 4482 4074 4137
f 4554 4483 4075 4528
f 4076 4484 4485 4137
f 4079 4080 4082 4081
f 4105 4082 4080 4100
f 4081 4082 4106 4096
f 4082 4105 4107 4106
f 4087 4084 4083 4085
f 4085 4089 4088 4087
f 4086 4087 4088 4115
f 4117 4115 4088 4118
f 4090 4096 4112 4098
f 4091 4094 4095 4129
f 4122 4119 4091 4129
f 4099 4093 4092 4097
f 4093 4099 4448 4408
f 4130 4129 4095 4134
f 4096 4106 4110 4112
f 4422 4099 4097 4420
f 4098 4112 4113 4410
f 4407 4406 4098 4410
f 4099 4422 4449 4448
f 4106 4107 4108 4110
f 4108 4109 4111 4110
f 4113 4112 4110 4111
f 4116 4119 4121 4120
f 4131 4123 4121 4122
f 4122 4129 4130 4131
f 4132 4124 4123 4131
f 4135 4127 4126 4128
f 4127 4440 4442 4441
f 4127 4135 4444 4440
f 4128 4132 4136 4135
f 4132 4131 4130 4136
f 4130 4134 4133 4136
f 4135 4136 4133 4444
f 4602 4140 4138 4601
f 4139 4140 4465 4464
f 4518 4465 4140 4602
f 4162 4143 4141 4160
f 4164 4144 4142 4161
f 4142 4145 4165 4161
f 4386 4168 4143 4162
f 4149 4147 4146 4148
f 4230 4229 4149 4150
f 4151 4190 4191 4154
f 4152 4153 4185 4186
f 4154 4191 4194 4155
f 4231 4157 4156 4211
f 4252 4211 4156 4254
f 4280 4199 4158 4276
f 4161 4165 4593 4591
f 4163 4164 4591 4592
f 4166 4464 4466 4594
f 4170 4171 4181 4172
f 4171 4178 4204 4183
f 4217 4216 4175 4176
f 4219 4217 4176 4213
f 4185 4209 4225 4228
f 4227 4186 4185 4228
f 4187 4218 4219 4213
f 4188 4189 4237 4220
f 4690 4595 4193 4632
f 4225 4209 4199 4280
f 4265 4260 4201 4202
f 4264 4265 4202 4206
f 4223 4212 4203 4221
f 4203 4205 4261 4221
f 4204 4263 4264 4206
f 4205 4245 4247 4261
f 4208 4212 4223 4232
f 4210 4255 4257 4250
f 4277 4231 4211 4278
f 4234 4293 4220 4237
f 4221 4222 4224 4223
f 4266 4222 4221 4261
f 4226 4224 4222 4272
f 4222 4266 4269 4272
f 4236 4232 4223 4224
f 4224 4226 4238 4236
f 4233 4228 4225 4239
f 4225 4280 4281 4239
f 4240 4238 4226 4342
f 4226 4272 4357 4342
f 4241 4235 4233 4239
f 4340 4293 4234 4341
f 4235 4241 4402 4383
f 4284 4241 4239 4281
f 4240 4342 4371 4283
f 4241 4284 4394 4402
f 4266 4261 4247 4267
f 4254 4253 4251 4256
f 4282 4278 4252 4411
f 4252 4258 4409 4411
f 4254 4256 4404 4258
f 4407 4257 4255 4406
f 4258 4404 4405 4409
f 4266 4267 4273 4269
f 4287 4271 4268 4408
f 4269 4273 4275 4274
f 4357 4272 4269 4274
f 4288 4285 4271 4287
f 4274 4275 4286 4375
f 4372 4357 4274 4375
f 4281 4280 4276 4289
f 4277 4278 4282 4279
f 4279 4282 4397 4398
f 4290 4284 4281 4289
f 4282 4411 4413 4397
f 4283 4371 4373 4374
f 4284 4290 4399 4394
f 4376 4375 4286 4377
f 4414 4288 4287 4412
f 4287 4408 4448 4412
f 4294 4295 4296 4297
f 4299 4297 4296 4298
f 4296 4301 4303 4298
f 4300 4299 4298 4309
f 4298 4303 4305 4309
f 4300 4309 4350 4343
f 4301 4302 4304 4303
f 4350 4309 4305 4349
f 4327 4328 4306 4332
f 4319 4313 4311 4317
f 4312 4313 4318 4314
f 4320 4318 4313 4319
f 4314 4318 4324 4322
f 4330 4319 4317 4329
f 4318 4320 4339 4324
f 4335 4320 4319 4330
f 4320 4335 4333 4339
f 4321 4322 4324 4323
f 4323 4324 4339 4338
f 4337 4328 4325 4331
f 4329 4328 4327 4330
f 4327 4332 4334 4333
f 4335 4330 4327 4333
f 4338 4339 4333 4334
f 4342 4357 4372 4371
f 4355 4345 4343 4350
f 4345 4351 4356 4346
f 4346 4356 4364 4358
f 4347 4348 4352 4349
f 4355 4350 4349 4352
f 4354 4361 4363 4362
f 4364 4356 4354 4362
f 4369 4359 4358 4364
f 4370 4360 4359 4369
f 4360 4370 4447 4443
f 4369 4364 4362 4368
f 4369 4368 4366 4370
f 4447 4370 4366 4446
f 4371 4372 4378 4373
f 4372 4375 4376 4378
f 4403 4385 4383 4402
f 4384 4385 4389 4387
f 4391 4389 4385 4403
f 4390 4393 4401 4400
f 4391 4403 4395 4401
f 4396 4395 4394 4399
f 4403 4402 4394 4395
f 4400 4401 4395 4396
f 4397 4413 4418 4451
f 4450 4398 4397 4451
f 4415 4409 4405 4416
f 4413 4411 4409 4415
f 4419 4414 4412 4417
f 4412 4448 4449 4417
f 4413 4415 4435 4418
f 4415 4416 4432 4435
f 4424 4433 4417 4449
f 4434 4419 4417 4433
f 4418 4435 4436 4461
f 4452 4451 4418 4461
f 4420 4421 4423 4422
f 4428 4423 4421 4425
f 4422 4423 4424 4449
f 4429 4424 4423 4428
f 4438 4433 4424 4429
f 4435 4432 4431 4436
f 4463 4436 4431 4456
f 4439 4434 4433 4438
f 4460 4461 4436 4463
f 4441 4442 4443 4447
f 4446 4445 4441 4447
f 4450 4451 4452 4453
f 4454 4453 4452 4462
f 4452 4461 4460 4462
f 4596 4466 4465 4518
f 4678 4594 4466 4596
f 4470 4471 4477 4474
f 4501 4477 4471 4496
f 4476 4477 4501 4499
f 4479 4480 4507 4497
f 4480 4488 4509 4507
f 4486 4487 4566 4565
f 4583 4505 4486 4565
f 4487 4492 4569 4566
f 4488 4489 4508 4509
f 4626 4508 4490 4625
f 4492 4493 4570 4569
f 4493 4515 4588 4570
f 4501 4496 4495 4500
f 4497 4507 4608 4607
f 4498 4576 14481 14409
f 4584 4506 4505 4583
f 4587 4517 4506 4584
f 4510 4513 13725 13723
f 4513 4514 13726 13725
f 4514 4516 13727 13726
f 4515 4517 4587 4588
f 4516 4581 13761 13727
f 4518 4602 4603 4634
f 4519 4522 4525 4524
f 4526 4521 4520 4523
f 4521 4526 4530 4528
f 4544 4525 4522 4533
f 4543 4526 4523 4536
f 4524 4525 4529 4527
f 4550 4529 4525 4544
f 4553 4530 4526 4543
f 4556 4555 4527 4529
f 4557 4554 4528 4530
f 4564 4556 4529 4550
f 4563 4557 4530 4553
f 4540 4532 4531 4538
f 4541 4537 4532 4540
f 4533 4534 4539 4544
f 4535 4537 4541 4542
f 4543 4536 4535 4542
f 4546 4540 4538 4545
f 4550 4544 4539 4549
f 4551 4541 4540 4546
f 4552 4542 4541 4551
f 4553 4543 4542 4552
f 4545 4547 4548 4546
f 4546 4548 4561 4551
f 4549 4560 4564 4550
f 4551 4561 4562 4552
f 4563 4553 4552 4562
f 13758 4559 4558 13756
f 13759 4577 4559 13758
f 4565 4566 4568 4567
f 4565 4567 4585 4583
f 4571 4568 4566 4569
f 4567 4568 4693 4692
f 4700 4585 4567 4692
f 4568 4571 4697 4693
f 4569 4570 4572 4571
f 4590 4572 4570 4588
f 4571 4572 4699 4697
f 4572 4590 4707 4699
f 4576 4749 13981 13788
f 13760 4582 4577 13759
f 4580 4582 13760 13762
f 13761 4581 4580 13762
f 4586 4584 4583 4585
f 4584 4586 4589 4587
f 4701 4586 4585 4700
f 4705 4589 4586 4701
f 4590 4588 4587 4589
f 4707 4590 4589 4705
f 4679 4592 4591 4680
f 4591 4593 4683 4680
f 4593 4595 4690 4683
f 4596 4634 4617 4678
f 4597 4598 4603 4601
f 4598 4617 4634 4603
f 4599 4600 4610 4609
f 4600 4604 4627 4610
f 4604 4605 4628 4627
f 4605 4606 4630 4628
f 4656 4630 4606 4644
f 4610 4627 4633 4631
f 4614 4612 4611 4613
f 4612 4614 4619 4618
f 4681 4614 4613 4682
f 4684 4619 4614 4681
f 4615 4621 4622 4623
f 4624 4620 4615 4623
f 4615 4620 4685 4677
f 4686 4621 4615 4677
f 4616 4631 4657 4647
f 4690 4632 4619 4684
f 4620 4635 4691 4685
f 13713 4623 4622 13710
f 13714 4624 4623 13713
f 13724 4635 4624 13714
f 4627 4628 4629 4633
f 4629 4630 4656 4651
f 4659 4633 4629 4651
f 4631 4633 4659 4657
f 13820 4691 4635 13724
f 4637 4639 4650 4646
f 4653 4642 4638 4648
f 4639 4640 4652 4650
f 4640 4641 4655 4652
f 4641 4645 4662 4655
f 4654 4643 4642 4653
f 4656 4644 4643 4654
f 13747 4662 4645 13732
f 4658 4649 4646 4650
f 4648 4657 4659 4653
f 4649 4658 13751 13737
f 4650 4652 4660 4658
f 4653 4659 4651 4654
f 4652 4655 4661 4660
f 4658 4660 13753 13751
f 4660 4661 13744 13753
f 4661 4662 13747 13744
f 4666 4665 4663 4668
f 4671 4668 4663 4670
f 4663 4665 4886 4885
f 4892 4670 4663 4885
f 4665 4666 4664 4667
f 4664 4666 4668 4669
f 13768 4667 4664 13767
f 4664 4669 13769 13767
f 4665 4667 4888 4886
f 13957 4888 4667 13768
f 4672 4669 4668 4671
f 4669 4672 13776 13769
f 4674 4671 4670 4675
f 4896 4675 4670 4892
f 4673 4672 4671 4674
f 4672 4673 13777 13776
f 4673 4674 4675 4676
f 4673 4676 13790 13777
f 4897 4676 4675 4896
f 4676 4897 13984 13790
f 4677 4685 4689 4688
f 4679 4680 4681 4682
f 4684 4681 4680 4683
f 4687 4688 13810 13808
f 4688 4689 13811 13810
f 4689 4691 13820 13811
f 4692 4693 4740 4741
f 4750 4700 4692 4741
f 4693 4697 4745 4740
f 4697 4699 4746 4745
f 4699 4707 4772 4746
f 4751 4701 4700 4750
f 4771 4705 4701 4751
f 4702 4706 14015 14012
f 4703 4714 4902 14014
f 14013 4704 4703 14014
f 14015 4706 4704 14013
f 4772 4707 4705 4771
f 4900 4712 4708 4899
f 4901 4713 4712 4900
f 4902 4714 4713 4901
f 4716 4717 4718 4719
f 6163 4719 4718 6162
f 4720 4725 4724 4739
f 4720 4721 4728 4725
f 4721 4722 4732 4728
f 4722 4723 4735 4732
f 4736 4735 4723 4742
f 4724 4725 4726 4727
f 4743 4739 4724 4767
f 4724 4727 4763 4767
f 4729 4726 4725 4728
f 4730 4727 4726 4729
f 4727 4730 4764 4763
f 4733 4729 4728 4732
f 4734 4730 4729 4733
f 4730 4734 4777 4764
f 4754 4755 4731 4756
f 4731 4755 4757 4760
f 4731 4760 4784 4781
f 4789 4756 4731 4781
f 4737 4733 4732 4735
f 4738 4734 4733 4737
f 4734 4738 4775 4777
f 4738 4737 4735 4736
f 4736 4742 4747 4776
f 4775 4738 4736 4776
f 4779 4776 4747 4748
f 14051 13981 4749 14603
f 15664 14604 4749 14825
f 4752 4754 4756 4753
f 4752 4753 4765 4766
f 4828 4765 4753 4789
f 4757 4758 4761 4760
f 4758 4759 4762 4761
f 4760 4761 4802 4784
f 4761 4762 4805 4802
f 4762 4778 4780 4805
f 4764 4777 4779 4769
f 4774 4766 4765 4773
f 4846 4773 4765 4828
f 14647 4774 4773 14660
f 4773 4846 14664 14660
f 4875 4873 4780 4878
f 14673 4878 4780 14649
f 4783 4782 4781 4784
f 4781 4782 4788 4787
f 4795 4788 4782 4796
f 4782 4783 4799 4796
f 4783 4784 4802 4806
f 4808 4799 4783 4806
f 4804 4803 4785 4812
f 4785 4786 4817 4812
f 4785 4803 5733 5734
f 5792 4786 4785 5789
f 4824 4817 4786 6263
f 4786 4785 5734 5790
f 4786 5790 5791 6263
f 4786 5803 5807 6263
f 4791 4789 4787 4788
f 4797 4791 4788 4795
f 4789 4790 4830 4828
f 4789 4791 4834 4829
f 4790 4805 4858 4830
f 4791 4797 4835 4834
f 4792 4803 4804 4793
f 4792 4793 4833 4832
f 5728 4803 4792 5742
f 4792 4832 5755 5742
f 4809 4794 4793 4804
f 4793 4794 4839 4833
f 4810 4801 4794 4809
f 4794 4801 4843 4840
f 4795 4796 4798 4797
f 4800 4798 4796 4799
f 4797 4798 4838 4835
f 4798 4800 4844 4838
f 4815 4800 4799 4808
f 4800 4815 4861 4844
f 4801 4810 4811 4816
f 4801 4816 4864 4843
f 4802 4805 4814 4806
f 5789 4785 4803 5799
f 4804 4812 4807 4809
f 4805 4857 4859 4862
f 4815 4808 4806 4814
f 4810 4809 4807 4811
f 4807 4812 4817 4818
f 4819 4811 4807 4818
f 4820 4816 4811 4819
f 4861 4815 4814 4862
f 4816 4820 4868 4864
f 4822 4818 4817 4824
f 4823 4819 4818 4822
f 4821 4820 4819 4823
f 4820 4821 4869 4868
f 4821 4823 4822 4825
f 4821 4825 4871 4869
f 4822 4824 4826 4825
f 4824 6263 6264 4826
f 4825 4826 4872 4870
f 6270 4872 4826 6264
f 4827 4903 4904 6260
f 4905 4903 4827 6265
f 4827 6260 6261 6265
f 4828 4830 4847 4846
f 4829 4831 4848 4845
f 4830 4858 4874 4847
f 4831 4834 4835 4836
f 4831 4836 4851 4848
f 4837 4836 4835 4838
f 4836 4837 4852 4851
f 4837 4838 4844 4842
f 4837 4842 4854 4852
f 4841 4843 4864 4863
f 4879 4855 4841 4863
f 4842 4844 4861 4860
f 4876 4854 4842 4860
f 4845 4849 14679 14668
f 4846 4847 14665 14664
f 4847 4874 14674 14665
f 4850 4849 4848 4851
f 4849 4850 14680 14679
f 4850 4851 4852 4853
f 4850 4853 14688 14680
f 4856 4853 4852 4854
f 4853 4856 14690 14688
f 4877 4856 4854 4876
f 4855 4879 14690 14688
f 4857 4873 4875 4859
f 4861 4862 4859 4860
f 4876 4860 4859 4875
f 4863 4864 4868 4866
f 4863 4866 4881 4879
f 4882 4867 4865 4880
f 4866 4868 4869 4867
f 4866 4867 4882 4881
f 4870 4872 4884 4883
f 6271 4884 4872 6270
f 4875 4878 4877 4876
f 4877 4878 14673 14676
f 4879 4881 14694 14690
f 4880 4883 14692 14693
f 4881 4882 14693 14694
f 4883 4884 14701 14692
f 4884 6271 14700 14701
f 4885 4886 4887 4890
f 4885 4890 4893 4892
f 4889 4887 4886 4888
f 4891 4890 4887 4889
f 13958 4889 4888 13957
f 13959 4891 4889 13958
f 4890 4891 4894 4893
f 13970 4894 4891 13959
f 4892 4893 4895 4896
f 4893 4894 4898 4895
f 13966 4898 4894 13970
f 4897 4896 4895 4898
f 4897 4898 13966 13984
f 4906 4904 4903 4905
f 6184 6260 4904 6297
f 4904 4906 6301 6297
f 4905 6265 6266 6386
f 6390 4906 4905 6386
f 6303 6301 4906 6389
f 4907 4908 6300 6302
f 4907 6302 6307 6391
f 6392 4909 4907 6391
f 4908 4909 4911 4910
f 4908 4910 4912 14017
f 15234 6300 4908 14017
f 6396 4911 4909 6392
f 4910 4911 4913 4912
f 6399 4913 4911 6396
f 14020 14017 4912 4913
f 4914 4917 4920 4919
f 4914 4919 5286 5283
f 4915 4916 4918 4917
f 4925 4918 4916 4923
f 4917 4918 4927 4920
f 4918 4925 4928 4927
f 4919 4920 4922 4921
f 4919 4921 5288 5286
f 4930 4922 4920 4927
f 4921 4922 4933 4934
f 4921 4934 5290 5288
f 4922 4930 4935 4933
f 4923 4924 4926 4925
f 4925 4926 4929 4928
f 4927 4928 4931 4930
f 4928 4929 4932 4931
f 4930 4931 4936 4935
f 4931 4932 4937 4936
f 4933 4935 4939 4938
f 4941 4934 4933 4938
f 4934 4941 5293 5290
f 4935 4936 4956 4939
f 4936 4937 4954 4956
f 4938 4939 4959 4975
f 4981 4941 4938 4975
f 4939 4956 4961 4959
f 4941 4981 5295 5293
f 4942 4943 4948 4945
f 4950 4943 4942 4947
f 4942 4945 4966 4979
f 4990 4947 4942 4979
f 4951 4944 4943 4950
f 4943 4944 4952 4948
f 4944 4951 5008 4987
f 5063 4952 4944 4987
f 4949 4946 4945 4948
f 4945 4946 4991 4966
f 4950 4947 4946 4949
f 4946 4947 4990 4991
f 4953 4949 4948 4952
f 4951 4950 4949 4953
f 4951 4953 5010 5008
f 5010 4953 4952 5063
f 4961 4956 4954 4962
f 4964 4963 4955 4957
f 4955 4963 4971 4960
f 4973 4957 4955 4974
f 4955 4960 4982 4974
f 4965 4964 4957 4958
f 4977 4958 4957 4973
f 4958 4960 4971 4965
f 4982 4960 4958 4977
f 4959 4961 5022 5021
f 5024 4975 4959 5021
f 4961 4962 5023 5022
f 4963 4969 4972 4971
f 4964 4965 4970 4967
f 4972 4970 4965 4971
f 4966 4991 5000 4999
f 5020 4979 4966 4999
f 4967 4970 4995 4994
f 5294 4969 4967 4994
f 5003 4972 4969 5294
f 4970 4972 5003 4995
f 4973 4974 4976 4980
f 4978 4977 4973 4980
f 4983 4976 4974 4982
f 5026 4981 4975 5024
f 4992 4980 4976 5006
f 4976 4983 5002 5006
f 4983 4982 4977 4978
f 4978 4980 4992 4993
f 5002 4983 4978 4993
f 5001 4990 4979 5020
f 4981 5026 5297 5295
f 4984 4985 5005 5007
f 5014 4988 4984 5007
f 5053 4985 4984 5054
f 4984 4988 5059 5054
f 4985 4986 5009 5005
f 5055 4986 4985 5053
f 4986 4988 5014 5009
f 5059 4988 4986 5055
f 5015 4989 4987 5008
f 4987 4989 5017 5063
f 4989 5015 5016 5025
f 5028 5017 4989 5025
f 5000 4991 4990 5001
f 4996 4993 4992 4997
f 4992 5006 4998 4997
f 4993 4996 5004 5002
f 4994 4995 4996 4997
f 4994 4997 4998 5294
f 5004 4996 4995 5003
f 4998 5006 5002 5004
f 5003 5294 4998 5004
f 5025 5020 4999 5028
f 4999 5000 5027 5028
f 5000 5001 5016 5027
f 5001 5020 5025 5016
f 5005 5009 5012 5011
f 5013 5007 5005 5011
f 5007 5013 5019 5014
f 5008 5010 5018 5015
f 5019 5012 5009 5014
f 5010 5063 5017 5018
f 5011 5012 5069 5068
f 5307 5013 5011 5068
f 5012 5019 5074 5069
f 5074 5019 5013 5307
f 5015 5018 5027 5016
f 5017 5028 5027 5018
f 5021 5022 5104 5103
f 5106 5024 5021 5103
f 5022 5023 5105 5104
f 5107 5026 5024 5106
f 5026 5107 5318 5297
f 5050 5031 5029 5049
f 5029 5030 5300 5299
f 5308 5049 5029 5299
f 5030 5033 5302 5300
f 5095 5034 5031 5050
f 5302 5033 5032 5303
f 5032 5035 5306 5303
f 5100 5035 5034 5095
f 5099 5036 5035 5100
f 5035 5036 5305 5306
f 5036 5099 5316 5305
f 5037 5038 5041 5039
f 5044 5038 5037 5043
f 5037 5039 5064 5058
f 5066 5043 5037 5058
f 5038 5044 5045 5046
f 5047 5041 5038 5046
f 5042 5040 5039 5041
f 5039 5040 5067 5064
f 5044 5043 5040 5042
f 5040 5043 5066 5067
f 5048 5042 5041 5047
f 5045 5044 5042 5048
f 5087 5046 5045 5089
f 5045 5048 5090 5089
f 5091 5047 5046 5087
f 5090 5048 5047 5091
f 5309 5051 5049 5308
f 5050 5051 5098 5097
f 5314 5098 5051 5309
f 5052 5086 5607 5606
f 5613 5096 5052 5606
f 5057 5055 5053 5056
f 5053 5054 5062 5056
f 5054 5059 5060 5062
f 5055 5057 5060 5059
f 5065 5057 5056 5076
f 5056 5062 5077 5076
f 5079 5060 5057 5065
f 5072 5061 5058 5064
f 5058 5061 5080 5066
f 5077 5062 5060 5079
f 5082 5080 5061 5083
f 5061 5072 5085 5083
f 5064 5067 5073 5072
f 5065 5076 5070 5071
f 5065 5071 5075 5079
f 5073 5067 5066 5080
f 5068 5069 5071 5070
f 5068 5070 5078 5307
f 5075 5071 5069 5074
f 5070 5076 5077 5078
f 5072 5073 5084 5085
f 5073 5080 5082 5084
f 5074 5307 5078 5075
f 5077 5079 5075 5078
f 5081 5082 5083 5088
f 5084 5082 5081 5094
f 5087 5089 5081 5088
f 5081 5089 5090 5094
f 5083 5085 5093 5088
f 5093 5085 5084 5094
f 5086 5092 6217 5607
f 5087 5088 5093 5091
f 5090 5091 5093 5094
f 5092 5310 6218 6217
f 5614 5101 5096 5613
f 5097 5098 5314 5313
f 5317 5100 5097 5313
f 5099 5100 5317 5316
f 6231 5102 5101 5614
f 6230 5312 5102 6231
f 5103 5104 5108 5111
f 5112 5106 5103 5111
f 5104 5105 5109 5108
f 5113 5107 5106 5112
f 5107 5113 5320 5318
f 5114 5111 5108 5115
f 5108 5109 5116 5115
f 5115 5116 5110 5133
f 5137 5133 5110 5134
f 5117 5112 5111 5114
f 5118 5113 5112 5117
f 5113 5118 5322 5320
f 5114 5115 5133 5139
f 5140 5117 5114 5139
f 5141 5118 5117 5140
f 5118 5141 5324 5322
f 5119 5120 5122 5121
f 5124 5123 5119 5121
f 5595 5122 5120 5593
f 5127 5124 5121 5132
f 5121 5122 5131 5132
f 5597 5131 5122 5595
f 5132 5131 5125 5126
f 5135 5126 5125 5145
f 5146 5145 5125 5165
f 5125 5131 5597 5165
f 5126 5129 5127 5132
f 5138 5129 5126 5135
f 5128 5130 5153 5155
f 5161 5150 5128 5155
f 5130 5151 5154 5153
f 5133 5137 5136 5139
f 5134 5138 5135 5137
f 5135 5145 5136 5137
f 5140 5139 5136 5142
f 5136 5145 5146 5142
f 5143 5141 5140 5142
f 5141 5143 5327 5324
f 5149 5143 5142 5146
f 5143 5149 5330 5327
f 5144 5185 5184 5196
f 5186 5185 5144 5200
f 5144 5196 5198 5199
f 5144 5199 5201 5200
f 5146 5165 5166 5149
f 5157 5154 5147 5169
f 5147 5167 5212 5179
f 5213 5169 5147 5179
f 5149 5166 5332 5330
f 5154 5151 5150 5161
f 5152 5154 5162 5328
f 5168 5167 5152 5175
f 5333 5175 5152 5328
f 5153 5154 5156 5158
f 5159 5155 5153 5158
f 5163 5156 5154 5161
f 5154 5157 5164 5162
f 5155 5159 5163 5161
f 5176 5158 5156 5174
f 5156 5163 5178 5174
f 5157 5169 5168 5175
f 5157 5175 5333 5164
f 5177 5159 5158 5176
f 5178 5163 5159 5177
f 5184 5185 5160 5187
f 5160 5185 5186 5192
f 5222 5187 5160 5223
f 5160 5192 5224 5223
f 5162 5164 5193 5334
f 5335 5328 5162 5334
f 5338 5193 5164 5333
f 5598 5166 5165 5597
f 6167 5332 5166 5598
f 5167 5168 5214 5212
f 5168 5169 5213 5214
f 5176 5174 5170 5171
f 5170 5174 5178 5173
f 5177 5176 5171 5172
f 5178 5177 5172 5173
f 5179 5181 5180 5213
f 5215 5181 5179 5212
f 5180 5181 5190 5191
f 5214 5213 5180 5216
f 5180 5191 5219 5216
f 5204 5190 5181 5215
f 5182 5203 5205 5217
f 5182 5183 5208 5203
f 5236 5183 5182 5235
f 5182 5217 5258 5235
f 5225 5208 5183 5218
f 5259 5218 5183 5236
f 5184 5187 5188 5189
f 5197 5196 5184 5189
f 5188 5192 5186 5189
f 5186 5200 5197 5189
f 5220 5188 5187 5222
f 5224 5192 5188 5220
f 5194 5191 5190 5195
f 5336 5195 5190 5204
f 5191 5194 5221 5219
f 5195 5334 5193 5194
f 5221 5194 5193 5338
f 5335 5334 5195 5336
f 5196 5197 5202 5198
f 5197 5200 5201 5202
f 5198 5202 5207 5206
f 5242 5199 5198 5206
f 5210 5201 5199 5242
f 5207 5202 5201 5210
f 5203 5208 5211 5209
f 5337 5205 5203 5209
f 5204 5215 5216 5219
f 5204 5219 5221 5336
f 5218 5217 5205 5225
f 5227 5225 5205 5337
f 5206 5207 5226 5230
f 5206 5230 5231 5242
f 5207 5210 5233 5226
f 5227 5211 5208 5225
f 5209 5211 5247 5339
f 5340 5337 5209 5339
f 5210 5242 5231 5233
f 5211 5227 5342 5247
f 5212 5214 5216 5215
f 5217 5218 5259 5258
f 5220 5222 5229 5228
f 5232 5224 5220 5228
f 5221 5338 5335 5336
f 5222 5223 5600 5229
f 5223 5224 5232 5600
f 5229 5230 5226 5228
f 5232 5228 5226 5233
f 5227 5337 5340 5342
f 5231 5230 5229 5600
f 5232 5233 5231 5600
f 5234 5240 5239 5251
f 5241 5240 5234 5253
f 5234 5251 5273 5274
f 5275 5253 5234 5274
f 5238 5236 5235 5237
f 5260 5237 5235 5258
f 5236 5238 5261 5259
f 5245 5238 5237 5255
f 5256 5255 5237 5260
f 5238 5245 5266 5261
f 5239 5240 5243 5244
f 5239 5244 5246 5254
f 5252 5251 5239 5254
f 5240 5241 5249 5243
f 5241 5254 5246 5249
f 5241 5253 5252 5254
f 5263 5244 5243 5264
f 5243 5249 5265 5264
f 5267 5246 5244 5263
f 5245 5255 5248 5250
f 5245 5250 5262 5266
f 5265 5249 5246 5267
f 5248 5339 5247 5250
f 5262 5250 5247 5342
f 5248 5255 5256 5341
f 5340 5339 5248 5341
f 5251 5252 5257 5273
f 5252 5253 5275 5257
f 5256 5260 5261 5266
f 5256 5266 5262 5341
f 5276 5273 5257 5277
f 5257 5275 5279 5277
f 5258 5259 5261 5260
f 5262 5342 5340 5341
f 5269 5267 5263 5270
f 5263 5264 5271 5270
f 5264 5265 5272 5271
f 5265 5267 5269 5272
f 5268 5269 5270 5280
f 5272 5269 5268 5282
f 5276 5277 5268 5280
f 5268 5277 5279 5282
f 5270 5271 5281 5280
f 5271 5272 5282 5281
f 5278 5274 5273 5276
f 5279 5275 5274 5278
f 5276 5280 5281 5278
f 5278 5281 5282 5279
f 5287 5284 5283 5286
f 5289 5287 5286 5288
f 5291 5289 5288 5290
f 5292 5291 5290 5293
f 5292 5293 5295 5296
f 5298 5296 5295 5297
f 5319 5298 5297 5318
f 5299 5301 5311 5308
f 5303 5301 5300 5302
f 5301 5304 5315 5311
f 5304 5305 5316 5315
f 5313 5314 5309 5311
f 5310 5312 6230 6218
f 5321 5319 5318 5320
f 5323 5321 5320 5322
f 5325 5323 5322 5324
f 5326 5325 5324 5327
f 5326 5327 5330 5329
f 5338 5333 5328 5335
f 5329 5330 5332 5331
f 5331 5332 6167 6166
f 5347 5345 5343 5346
f 5344 5345 5602 5391
f 5345 5347 5603 5602
f 5347 5348 5394 5603
f 5396 5358 5354 5395
f 5354 5355 5400 5395
f 5355 5357 5402 5400
f 5397 5359 5358 5396
f 5398 5360 5359 5397
f 5401 5361 5360 5398
f 5403 5362 5361 5401
f 5366 5367 5365 5368
f 5365 5367 5388 5389
f 5491 5368 5365 5492
f 5365 5389 5558 5492
f 5366 5368 5371 5372
f 5514 5371 5368 5491
f 5377 5372 5371 5378
f 5520 5378 5371 5514
f 5377 5378 5380 5379
f 5521 5380 5378 5520
f 5379 5380 5382 5381
f 5522 5382 5380 5521
f 5381 5382 5393 5392
f 5571 5393 5382 5522
f 5467 5396 5395 5465
f 5395 5400 5468 5465
f 5471 5399 5396 5467
f 5399 5471 5472 5515
f 5400 5402 5470 5468
f 5404 5408 5416 5415
f 5405 5406 5409 5408
f 5406 5407 5410 5409
f 5411 5410 5407 5424
f 5407 5420 5421 5424
f 5408 5409 5417 5416
f 5409 5410 5418 5417
f 5410 5411 5419 5418
f 5411 5424 5425 5412
f 5411 5412 5481 5419
f 5412 5439 5482 5481
f 5413 5414 5563 5487
f 5581 5414 5413 5447
f 5504 5505 5414 5581
f 5414 5505 5566 5563
f 5423 5421 5420 5422
f 5425 5424 5421 5426
f 5421 5423 5427 5426
f 5478 5423 5422 5477
f 5479 5427 5423 5478
f 5425 5426 5428 5437
f 5426 5427 5430 5428
f 5480 5430 5427 5479
f 5431 5429 5428 5430
f 5434 5437 5428 5429
f 5433 5434 5429 5440
f 5429 5431 5442 5441
f 5484 5442 5431 5480
f 5432 5433 5444 5443
f 5448 5438 5432 5443
f 5433 5440 5452 5444
f 5435 5438 5483 5482
f 5438 5448 5485 5483
f 5440 5441 5453 5452
f 5441 5442 5457 5453
f 5488 5457 5442 5484
f 5443 5445 5449 5448
f 5456 5445 5444 5452
f 5454 5446 5445 5456
f 5455 5447 5446 5454
f 5447 5455 5582 5581
f 5448 5449 5486 5485
f 5459 5456 5453 5457
f 5454 5456 5459 5458
f 5460 5455 5454 5458
f 5455 5460 5583 5582
f 5489 5459 5457 5488
f 5490 5460 5458 5489
f 5460 5490 5589 5583
f 5538 5515 5472 5473
f 5473 5476 5539 5538
f 5491 5492 5494 5493
f 5491 5493 5516 5514
f 5559 5494 5492 5558
f 5493 5498 5518 5516
f 5561 5502 5494 5559
f 5495 5496 5507 5506
f 5525 5517 5495 5524
f 5495 5506 5548 5524
f 5496 5499 5560 5562
f 5567 5507 5496 5562
f 5501 5499 5497 5500
f 5519 5500 5497 5517
f 5499 5501 5570 5560
f 5503 5505 5504 5512
f 5510 5511 5503 5512
f 5566 5505 5503 5565
f 5503 5511 5569 5565
f 5504 5581 5582 5585
f 5584 5512 5504 5585
f 5506 5507 5509 5508
f 5506 5508 5550 5548
f 5568 5509 5507 5567
f 5508 5509 5511 5510
f 5508 5510 5544 5550
f 5569 5511 5509 5568
f 5510 5512 5584 5544
f 5757 5556 5513 5756
f 5513 5564 5761 5756
f 5514 5516 5523 5520
f 5516 5518 5526 5523
f 5527 5519 5517 5525
f 5528 5521 5520 5523
f 5529 5522 5521 5528
f 5522 5529 5572 5571
f 5549 5537 5524 5548
f 5532 5530 5526 5534
f 5529 5534 5574 5572
f 5531 5535 5536 5533
f 5533 5536 5575 5573
f 5536 5537 5576 5575
f 5537 5549 5579 5576
f 5540 5541 5578 5577
f 5760 5542 5540 5759
f 5541 5542 5625 5624
f 5627 5578 5541 5624
f 5948 5625 5542 5760
f 5551 5550 5544 5588
f 5544 5584 5587 5588
f 5551 5549 5548 5550
f 5549 5551 5580 5579
f 5551 5588 5592 5580
f 5758 5557 5556 5757
f 5582 5583 5586 5585
f 5590 5586 5583 5589
f 5584 5585 5586 5587
f 5591 5587 5586 5590
f 5592 5588 5587 5591
f 5593 5594 5596 5595
f 6165 5596 5594 6163
f 5598 5597 5595 5596
f 6167 5598 5596 6165
f 5599 5601 5608 5605
f 6169 5601 5599 6168
f 5599 5604 6215 6168
f 6220 5609 5601 6169
f 5604 5605 5611 5610
f 5604 5610 6232 6215
f 5605 5608 5615 5611
f 5608 5609 5617 5615
f 6239 5617 5609 6220
f 5610 5612 6233 6232
f 5616 5612 5611 5615
f 5612 5616 6237 6233
f 5616 5617 6239 6237
f 5660 5619 5618 5659
f 5618 5620 6226 6221
f 6289 5659 5618 6221
f 5663 5640 5619 5660
f 6229 6226 5620 6235
f 5620 5640 6258 6235
f 5621 5935 5937 6240
f 5621 5622 5939 5935
f 5621 6241 6246 6245
f 5622 5677 5672 5939
f 5622 5623 5676 5677
f 6363 5676 5623 6245
f 5624 5626 5628 5627
f 5950 5626 5625 5948
f 5635 5909 16142 14710
f 5640 5663 5664 6258
f 5675 5655 5641 5671
f 5685 5642 5641 5683
f 5641 5653 5696 5683
f 5686 5643 5642 5685
f 5643 5686 5711 6113
f 5650 5646 5644 5679
f 5644 5646 5956 5957
f 5978 5679 5644 5957
f 5645 5646 5650 5649
f 5956 5646 5645 5955
f 5965 5955 5645 6125
f 5645 5649 6128 6125
f 5647 5648 5651 5680
f 5681 5652 5647 5680
f 5647 5652 14711 14713
f 14712 5648 5647 14713
f 6127 5651 5648 6124
f 15020 6124 5648 14712
f 5649 6085 6130 6128
f 5650 5679 6116 6118
f 6121 5680 5651 6119
f 6129 6119 5651 6127
f 5652 5681 14747 14711
f 5656 5654 5653 5655
f 5653 5654 5693 5696
f 5654 5656 5658 5657
f 5654 5657 5694 5693
f 6360 5656 5655 5675
f 6362 5658 5656 6360
f 5657 5658 5695 5694
f 6378 5695 5658 6362
f 5663 5660 5659 5665
f 6293 5665 5659 6289
f 5669 5662 5661 5668
f 5661 5662 6290 6287
f 14722 5668 5661 14724
f 5661 6287 15202 14724
f 5670 5666 5662 5669
f 5662 5666 6359 6295
f 5667 5664 5663 5665
f 6259 6258 5664 6353
f 6356 5667 5665 6293
f 5666 6355 6377 6359
f 6358 6354 5667 6356
f 14726 5669 5668 14722
f 14727 5670 5669 14726
f 14728 6355 5670 14727
f 5671 5673 6361 5675
f 5672 5677 5678 6110
f 5940 5939 5672 6108
f 6109 6108 5672 6110
f 5673 5674 6367 6361
f 5674 6113 5711 5707
f 5674 5707 6379 6367
f 5678 5677 5676 6366
f 5676 6363 6364 6366
f 6114 6110 5678 6370
f 5679 5978 5981 6116
f 5682 5681 5680 6121
f 5681 5682 14750 14747
f 5682 6160 14757 14750
f 5686 5685 5683 5688
f 5703 5688 5683 5696
f 5689 5687 5684 5691
f 5684 5687 14763 14762
f 14766 5691 5684 14762
f 5686 5688 5690 5711
f 5687 5698 14736 14763
f 5705 5690 5688 5703
f 5689 5691 5692 5709
f 5690 5705 5713 5708
f 14769 5692 5691 14766
f 14809 5712 5692 14769
f 5693 5694 5695 5699
f 5703 5696 5693 5699
f 6381 5699 5695 6378
f 5702 5700 5697 5701
f 5697 5698 5704 5701
f 5697 5700 14734 14735
f 14736 5698 5697 14735
f 5705 5703 5699 6381
f 5700 5702 14739 14734
f 6383 5702 5701 6382
f 5702 6383 14743 14739
f 5704 5709 5710 5706
f 5706 5710 5712 6384
f 6385 6382 5706 6384
f 5707 5708 5713 6379
f 14745 6384 5712 14809
f 5713 6381 6380 6379
f 5719 5717 5714 5718
f 5714 5716 5770 5769
f 5850 5718 5714 5769
f 5723 5716 5715 5722
f 5715 5717 5724 5722
f 5716 5723 5776 5770
f 5717 5719 5735 5724
f 5855 5721 5718 5850
f 5719 5720 5736 5735
f 5720 5721 5739 5736
f 5866 5739 5721 5855
f 5723 5726 5777 5776
f 5737 5725 5724 5735
f 5747 5726 5725 5748
f 5725 5737 5749 5748
f 5726 5747 5894 5777
f 5741 5740 5727 5732
f 5728 5742 5741 5732
f 5732 5731 5729 5730
f 5729 5782 5783 5730
f 5730 5734 5733 5732
f 5790 5734 5730 5783
f 5737 5738 5750 5749
f 5738 5739 5866 5869
f 5910 5750 5738 5869
f 5743 5745 5744 5921
f 5999 5745 5743 5998
f 5743 5920 6086 5998
f 5744 5745 5848 5860
f 5744 5860 5863 5922
f 5994 5848 5745 5999
f 5746 5930 5968 5969
f 5972 5931 5746 5969
f 5764 5772 6028 5991
f 5771 5767 5765 5768
f 5813 5766 5765 5812
f 5766 5813 5820 5852
f 5850 5769 5766 5852
f 5767 5771 5775 5774
f 5768 5769 5770 5771
f 5775 5771 5770 5776
f 5772 5773 6029 6028
f 5774 5775 5780 5779
f 5775 5776 5777 5780
f 5877 5781 5778 5874
f 5779 5780 5832 5831
f 5844 5832 5780 5870
f 5787 5783 5782 5784
f 5791 5790 5783 5787
f 5795 5787 5784 5794
f 5788 5786 5785 5801
f 5804 5801 5785 5802
f 5786 5788 5796 5793
f 5800 5791 5787 5798
f 5792 5789 5788 5801
f 5788 5789 5799 5796
f 6264 6263 5791 5800
f 5792 5801 5804 5803
f 5897 5795 5794 5896
f 5898 5797 5795 5897
f 5899 5798 5797 5898
f 5900 5800 5798 5899
f 6270 6264 5800 5900
f 5806 5804 5802 5805
f 5803 5804 5806 5807
f 5809 5806 5805 5808
f 5810 5807 5806 5809
f 5902 5809 5808 5901
f 5903 5810 5809 5902
f 6271 6270 5810 5903
f 5816 5812 5811 5815
f 5817 5813 5812 5816
f 5813 5818 5819 5820
f 5813 5817 5822 5818
f 5829 5815 5814 5827
f 5833 5816 5815 5829
f 5834 5817 5816 5833
f 5839 5822 5817 5834
f 5825 5819 5818 5822
f 5853 5852 5820 5821
f 5854 5853 5821 5883
f 5821 5826 5885 5883
f 5840 5825 5822 5839
f 5824 5825 5840 5841
f 5842 5826 5824 5841
f 5826 5842 5892 5885
f 5827 5828 5830 5829
f 5831 5833 5829 5830
f 5831 5832 5834 5833
f 5839 5834 5832 5838
f 5843 5838 5832 5844
f 6041 5837 5835 6038
f 5836 5837 5847 5846
f 6047 5847 5837 6041
f 5840 5839 5838 5843
f 5844 5841 5840 5843
f 5845 5842 5841 5844
f 5842 5845 5887 5892
f 5844 5870 5871 5845
f 5890 5889 5846 5847
f 6078 5890 5847 6047
f 6048 5849 5848 5994
f 6049 5857 5849 6048
f 5850 5851 5856 5855
f 5851 5853 5858 5856
f 5853 5854 5859 5858
f 5854 5883 5884 5861
f 5855 5856 5865 5866
f 5856 5858 5867 5865
f 5863 5860 5857 5862
f 6050 5862 5857 6049
f 5858 5859 5868 5867
f 5859 5861 5873 5868
f 5886 5873 5861 5884
f 6055 5882 5862 6050
f 5926 5922 5863 5864
f 5864 5882 5928 5926
f 5869 5866 5865 5870
f 5871 5870 5865 5867
f 5872 5871 5867 5868
f 5869 5870 5911 5910
f 5886 5888 5872 5873
f 5878 5877 5874 5879
f 5874 5875 5881 5879
f 5875 5876 5880 5881
f 5891 5880 5876 5889
f 5878 5879 6063 6062
f 5879 5881 6069 6063
f 6069 5881 5880 6068
f 5880 5891 6079 6068
f 6107 5928 5882 6055
f 5884 5885 5892 5886
f 5886 5892 5887 5888
f 6079 5891 5890 6078
f 5916 5915 5914 5918
f 5929 5919 5914 5915
f 5954 5929 5915 5961
f 5915 5916 5962 5961
f 5916 5917 5960 5962
f 5917 5936 5983 5960
f 5918 5934 5944 5936
f 5932 5923 5919 5931
f 5920 5921 5922 5925
f 5920 5925 6095 6087
f 5943 5934 5923 5924
f 5924 5933 5946 5943
f 5925 5927 6096 6095
f 5927 5928 6107 6096
f 5968 5930 5929 5954
f 5974 5932 5931 5972
f 5977 5933 5932 5974
f 5989 5946 5933 5977
f 5942 5937 5935 5941
f 5936 5944 5985 5983
f 6243 6240 5937 5938
f 5938 5947 6247 6243
f 5940 6108 6109 5941
f 6111 5942 5941 6109
f 6112 5947 5942 6111
f 5944 5945 5990 5985
f 5945 5946 5989 5990
f 5947 6112 6369 6247
f 5954 5961 5964 5970
f 5959 5956 5955 5958
f 5966 5958 5955 5965
f 5978 5957 5956 5959
f 5958 5966 5967 5979
f 5980 5959 5958 5979
f 5981 5978 5959 5980
f 5984 5963 5960 5983
f 5961 5962 5963 5964
f 6084 5971 5965 6083
f 5973 5967 5966 5971
f 5986 5979 5967 5975
f 5974 5972 5970 6093
f 6149 5973 5971 6084
f 6150 5976 5973 6149
f 5975 5976 5987 5986
f 6123 5987 5976 6150
f 5988 5989 5977 6094
f 5980 5986 5987 5982
f 6117 6116 5981 5982
f 5982 5987 6123 6117
f 5988 5984 5983 5985
f 6094 6093 5984 5988
f 5992 5993 6005 6003
f 5993 6030 6004 6005
f 5994 5999 6001 6051
f 6049 6048 5994 6051
f 5995 5996 5997 6053
f 6000 5996 5995 6090
f 5995 6053 6054 6056
f 5995 6056 6097 6090
f 5996 6000 6009 6012
f 6011 5997 5996 6012
f 6014 6053 5997 6011
f 6001 5999 5998 6002
f 6000 6090 6091 6088
f 6137 6009 6000 6088
f 6052 6051 6001 6092
f 6006 6007 14957 14956
f 6007 6008 14958 14957
f 6013 6012 6009 6139
f 6009 6137 6141 6139
f 6010 6016 6015 6140
f 14973 6017 6010 14938
f 6011 6012 6013 6014
f 6020 6014 6013 6022
f 6013 6139 6155 6022
f 6054 6053 6014 6020
f 6015 6016 6018 6019
f 6015 6019 6026 6021
f 6144 6140 6015 6021
f 14974 6018 6017 14973
f 14975 6019 6018 14974
f 14987 6026 6019 14975
f 6020 6023 6059 6054
f 6021 6025 6158 6156
f 6153 6024 6022 6155
f 6104 6059 6023 6152
f 6023 6024 6153 6152
f 6025 6027 6159 6158
f 14988 6027 6026 14987
f 15042 6159 6027 14988
f 15004 6043 6039 15003
f 6040 6043 6046 6044
f 6041 6042 6045 6047
f 15009 6046 6043 15004
f 6044 6046 6080 6076
f 6078 6047 6045 6077
f 15015 6080 6046 15009
f 6052 6050 6049 6051
f 6052 6092 6098 6057
f 6058 6056 6054 6059
f 6055 6057 6098 6107
f 6056 6058 6099 6097
f 6058 6059 6104 6099
f 6060 6062 6063 6064
f 6061 6065 6071 6070
f 6066 6064 6063 6069
f 6065 6067 6072 6071
f 6066 6069 6068 6075
f 6074 6072 6067 6073
f 6068 6079 6077 6075
f 6070 6071 14940 14939
f 6071 6072 14941 14940
f 6072 6074 14952 14941
f 6073 6076 6081 6074
f 6074 6081 15016 14952
f 15016 6081 6080 15015
f 6082 6088 6091 6102
f 6137 6088 6082 6136
f 6082 6102 6142 6136
f 6083 6125 6128 6084
f 6084 6128 6130 6149
f 6085 6120 6134 6130
f 6092 6089 6087 6095
f 6100 6091 6090 6097
f 6103 6102 6091 6100
f 6092 6095 6096 6098
f 6097 6099 6101 6100
f 6100 6101 6106 6105
f 6102 6103 6143 6142
f 6103 6105 6151 6143
f 6105 6106 6152 6151
f 6109 6110 6114 6111
f 6112 6115 6371 6369
f 6114 6370 6371 6115
f 6120 6118 6117 6123
f 6133 6122 6119 6129
f 6120 6123 6150 6134
f 6121 6122 6161 6160
f 6122 6133 6135 6161
f 6124 6126 6131 6127
f 15019 6126 6124 15020
f 15021 6131 6126 15019
f 6132 6129 6127 6131
f 15022 6132 6131 15021
f 15023 6135 6132 15022
f 14758 6161 6135 15023
f 6141 6137 6136 6142
f 6138 6140 6146 6145
f 6138 6145 15028 14938
f 6147 6146 6140 6157
f 6141 6142 6143 6154
f 6145 6146 15036 15028
f 6146 6147 15038 15036
f 6147 6148 15040 15038
f 6148 6159 15042 15040
f 6160 6161 14758 14757
f 6165 6163 6162 6164
f 6164 6166 6167 6165
f 6219 6169 6168 6216
f 6170 6173 6172 6178
f 6176 6173 6170 6223
f 6256 6223 6170 6255
f 6171 6184 6185 6195
f 6198 6174 6171 6195
f 6171 6261 6260 6184
f 6171 6174 6262 6261
f 6186 6188 6172 6196
f 6172 6173 6197 6196
f 6173 6176 6199 6197
f 6174 6175 6267 6262
f 6175 6200 6269 6267
f 6176 6177 6201 6199
f 6176 6223 6224 6177
f 6257 6202 6177 6224
f 6178 6179 6181 6255
f 6180 6188 6204 6275
f 6256 6255 6181 6182
f 6278 6182 6181 6275
f 6182 6183 6257 6256
f 6202 6257 6183 6208
f 6209 6208 6183 6279
f 6184 6297 6296 6185
f 6298 6195 6185 6296
f 6186 6196 6197 6187
f 6204 6188 6186 6187
f 6187 6197 6199 6203
f 6187 6203 6205 6204
f 6192 6190 6189 6191
f 6276 6191 6189 6272
f 6315 6272 6189 6330
f 6190 6192 6194 6193
f 6190 6193 6334 6330
f 6210 6192 6191 6206
f 6277 6206 6191 6276
f 6211 6194 6192 6210
f 6193 6194 6335 6334
f 6194 6211 6346 6335
f 6311 6198 6195 6298
f 6299 6200 6198 6311
f 6199 6201 6207 6203
f 6388 6269 6200 6299
f 6201 6202 6208 6207
f 6209 6205 6203 6207
f 6278 6275 6204 6205
f 6279 6278 6205 6209
f 6280 6212 6206 6277
f 6210 6212 6213 6214
f 6211 6214 6347 6346
f 6282 6213 6212 6280
f 6213 6282 6325 6352
f 6347 6214 6213 6352
f 6234 6216 6215 6232
f 6238 6219 6216 6234
f 6239 6220 6219 6238
f 6227 6222 6221 6226
f 6221 6222 6288 6289
f 6228 6225 6222 6227
f 6222 6225 6283 6288
f 6225 6228 6284 6283
f 6250 6227 6226 6229
f 6251 6228 6227 6250
f 6228 6251 6374 6284
f 6229 6235 6236 6253
f 6238 6234 6233 6237
f 6254 6253 6236 6259
f 6244 6241 6240 6243
f 6241 6242 6248 6246
f 6242 6244 6249 6248
f 6249 6244 6243 6247
f 6245 6246 6364 6363
f 6246 6248 6365 6364
f 6373 6249 6247 6369
f 6248 6249 6373 6365
f 6254 6252 6250 6253
f 6251 6252 6375 6374
f 6252 6254 6376 6375
f 6254 6259 6353 6376
f 6266 6265 6261 6262
f 6268 6266 6262 6267
f 6387 6386 6266 6268
f 6268 6269 6388 6387
f 6272 6273 6274 6276
f 6317 6273 6272 6315
f 6318 6274 6273 6317
f 6277 6276 6274 6281
f 6319 6281 6274 6318
f 6325 6282 6281 6319
f 6292 6288 6283 6284
f 6357 6292 6284 6374
f 6285 6287 6290 6291
f 6294 6286 6285 6291
f 6285 6286 15200 15201
f 15202 6287 6285 15201
f 6286 6294 15205 15200
f 6293 6289 6288 6292
f 6291 6295 6312 6294
f 6356 6293 6292 6357
f 6294 6312 15206 15205
f 6377 6313 6295 6359
f 6296 6297 6301 6298
f 6298 6301 6303 6311
f 6299 6308 6393 6388
f 6305 6302 6300 6304
f 15235 6304 6300 15234
f 6302 6305 6306 6307
f 6303 6389 6393 6308
f 15236 6305 6304 15235
f 15243 6306 6305 15236
f 15246 6310 6306 15243
f 6395 6391 6307 6309
f 6309 6310 6398 6395
f 6400 6398 6310 15246
f 6312 6313 15207 15206
f 6313 6377 15208 15207
f 6320 6316 6314 6327
f 15220 6327 6314 15219
f 6318 6317 6315 6321
f 6315 6330 6333 6321
f 6316 6320 6332 6331
f 6316 6331 15251 15224
f 6323 6319 6318 6321
f 6320 6327 6328 6322
f 6320 6322 6338 6332
f 6339 6323 6321 6333
f 6322 6324 6350 6338
f 6349 6326 6323 6339
f 6324 6329 6351 6350
f 6349 6352 6325 6326
f 15232 6328 6327 15220
f 15233 6329 6328 15232
f 15272 6351 6329 15233
f 6331 6332 6337 6341
f 6331 6341 15250 15251
f 6344 6337 6332 6338
f 6333 6336 6340 6339
f 6340 6336 6335 6346
f 6342 6341 6337 6343
f 6345 6343 6337 6344
f 6340 6347 6352 6349
f 6341 6342 15254 15250
f 6342 6343 15255 15254
f 6343 6345 15270 15255
f 6344 6350 6351 6348
f 6345 6348 15271 15270
f 6348 6351 15272 15271
f 6353 6354 6358 6376
f 15208 6377 6355 14728
f 6357 6375 6376 6358
f 6360 6361 6367 6368
f 6362 6368 6380 6378
f 6372 6366 6364 6365
f 6371 6370 6366 6372
f 6380 6368 6367 6379
f 6369 6371 6372 6373
f 6383 6385 15313 14743
f 15313 6385 6384 14745
f 6386 6387 6393 6390
f 6394 6392 6391 6395
f 6392 6394 6397 6396
f 6396 6397 6401 6399
f 6397 6398 6400 6401
f 6399 6401 15325 15319
f 6400 15246 15244 15326
f 6404 6409 6411 6410
f 6412 6408 6404 6410
f 6419 6409 6404 6417
f 6404 6408 6422 6417
f 6421 6407 6406 6416
f 6428 6414 6407 6421
f 6408 6413 6426 6422
f 6415 6412 6410 7564
f 6410 6411 7565 7564
f 7574 6413 6412 6415
f 7587 6426 6413 7574
f 6415 7564 7566 7571
f 6424 6419 6417 6425
f 6417 6422 6427 6425
f 6424 6425 7578 7576
f 6425 6427 6452 7578
f 6452 6427 6426 7587
f 6429 6430 7622 7621
f 7701 6488 6429 7621
f 6430 6431 7628 7622
f 6431 6432 7630 7628
f 6432 6433 7629 7630
f 6433 6434 7636 7629
f 6434 6435 7675 7636
f 6435 6436 7677 7675
f 6436 6553 7755 7677
f 6437 6438 7689 7688
f 7692 6439 6437 7688
f 8928 7689 6438 8884
f 8500 6563 6439 7692
f 7588 6445 6443 7577
f 7598 6451 6445 7588
f 6456 6449 6446 6453
f 6447 6450 6457 6454
f 6448 6449 6456 6455
f 6450 6451 6458 6457
f 7641 6458 6451 7598
f 7579 7578 6452 7589
f 7652 6464 6458 7641
f 6462 6464 7652 7648
f 6465 6467 6476 6471
f 8889 6476 6467 8885
f 6468 6470 6477 6475
f 6468 6475 8888 8886
f 7681 6470 6469 7680
f 7685 6477 6470 7681
f 6478 6472 6471 6476
f 6479 6473 6472 6478
f 6474 6479 8891 8887
f 6475 6477 6482 6480
f 6475 6480 8892 8888
f 8890 6478 6476 8889
f 7694 6482 6477 7685
f 8891 6479 6478 8890
f 6483 6481 6480 6482
f 6480 6481 8893 8892
f 6481 6484 8894 8893
f 7695 6483 6482 7694
f 7698 6484 6483 7695
f 6484 7698 8932 8894
f 6485 6487 6495 6494
f 6550 6486 6485 6549
f 6485 6494 6624 6549
f 8485 6487 6486 8486
f 6486 6550 8506 8486
f 8492 6495 6487 8485
f 7702 6489 6488 7701
f 7704 6490 6489 7702
f 7705 6491 6490 7704
f 7706 6492 6491 7705
f 7712 6493 6492 7706
f 7753 6552 6493 7712
f 6494 6496 6628 6624
f 8493 6496 6495 8492
f 6496 6573 6627 6628
f 8524 6573 6496 8493
f 6500 6498 6497 6499
f 6497 6498 6580 6579
f 6581 6580 6498 6585
f 6498 6500 6588 6585
f 6502 6500 6499 6501
f 6500 6502 6596 6588
f 6655 6502 6501 6653
f 6662 6596 6502 6655
f 6503 6504 6517 6507
f 6518 6517 6504 6530
f 6504 6505 6529 6530
f 6506 6509 6512 6510
f 6509 6508 6507 6517
f 6509 6517 6518 6512
f 6510 6512 6519 6666
f 6511 6513 6514 6516
f 6657 6513 6511 6658
f 6511 6515 6684 6658
f 6512 6518 6531 6519
f 6654 6656 6513 6657
f 6659 6514 6513 6656
f 6669 6516 6514 6520
f 6673 6520 6514 6659
f 6515 6516 6669 6689
f 6688 6684 6515 6689
f 6518 6530 6535 6531
f 6674 6666 6519 6760
f 6519 6531 6766 6760
f 6522 6524 6520 6668
f 6526 6521 6520 6524
f 6521 6527 6703 6670
f 6525 6524 6522 6523
f 6533 6525 6523 6532
f 6524 6525 6528 6526
f 6546 6528 6525 6533
f 6527 6528 6546 6547
f 6527 6547 6708 6703
f 6535 6530 6529 6534
f 6531 6535 6928 6766
f 6787 6533 6532 6761
f 6548 6546 6533 6787
f 6928 6535 6534 6926
f 6537 6541 6543 6544
f 6538 6540 6767 6765
f 6540 6544 6545 6767
f 6930 6543 6542 6929
f 6545 6544 6543 6930
f 6771 6767 6545 7039
f 6545 6930 6936 7039
f 6778 6708 6547 6779
f 6548 6787 6788 6789
f 6551 6554 6561 6557
f 6567 6554 6551 6566
f 6551 6558 6568 6566
f 7755 6553 6552 7753
f 6570 6562 6554 6567
f 6555 6558 6557 6556
f 6568 6558 6555 6569
f 6556 6557 6561 6559
f 6559 6561 6562 6560
f 6560 6562 6570 6571
f 8501 6564 6563 8500
f 8504 6565 6564 8501
f 6565 8504 8934 8895
f 6627 6573 6572 6625
f 6572 6573 8524 8523
f 8579 6625 6572 8523
f 6574 6580 6581 6576
f 6584 6582 6578 6583
f 6578 6581 6585 6583
f 6587 6584 6583 6586
f 6583 6585 6588 6586
f 6586 6588 6596 6611
f 6610 6587 6586 6611
f 6592 6591 6589 6593
f 6589 6590 6594 6593
f 6654 6657 6589 6591
f 6589 6657 6658 6590
f 6592 6593 6601 6599
f 6593 6594 6595 6601
f 6664 6601 6595 6663
f 6612 6611 6596 6662
f 6598 6600 6597 6603
f 6597 6600 6605 6604
f 6597 6604 6608 6614
f 6615 6603 6597 6614
f 6598 6599 6601 6600
f 6600 6601 6602 6605
f 6606 6605 6602 6607
f 6604 6606 6609 6608
f 6606 6607 6696 6609
f 6607 6692 6694 6696
f 6618 6614 6608 6617
f 6697 6620 6609 6696
f 6610 6611 6612 6613
f 6646 6613 6612 6724
f 6612 6662 6661 6724
f 6616 6615 6614 6618
f 6616 6618 6621 6730
f 6621 6618 6617 6619
f 6732 6621 6619 6728
f 6620 6697 6729 6728
f 6731 6730 6621 6732
f 6631 6630 6622 6637
f 8901 6637 6622 8897
f 6623 6636 6633 6638
f 6623 6626 6641 6636
f 8899 6626 6623 8898
f 6623 6638 8906 8898
f 8580 6627 6625 8579
f 6642 6641 6626 6644
f 8913 6644 6626 8899
f 8587 6628 6627 8580
f 6629 6630 6631 6632
f 6629 6632 8681 8679
f 6631 6637 6639 6632
f 6632 6639 8689 8681
f 6633 6636 6635 6634
f 6639 6638 6633 6634
f 6634 6635 8685 8683
f 8689 6639 6634 8683
f 6635 6636 6641 6640
f 6635 6640 8696 8685
f 8902 6639 6637 8901
f 6638 6639 8907 8906
f 8940 8689 6639 8902
f 6639 8689 8946 8907
f 6640 6641 6642 6643
f 6640 6643 8698 8696
f 6642 6644 6894 6643
f 6643 6894 8708 8698
f 8914 6894 6644 8913
f 6645 6648 6651 6667
f 6655 6653 6645 6667
f 6646 6724 6649 6647
f 6649 6724 6661 6652
f 6661 6667 6651 6652
f 6661 6662 6655 6667
f 6660 6672 6690 6687
f 6660 6687 6693 6695
f 6665 6664 6663 6686
f 6665 6686 6691 6675
f 6705 6671 6670 6704
f 6707 6690 6672 6780
f 6674 6760 6764 6763
f 6676 6677 6681 6678
f 6682 6679 6678 6681
f 6683 6680 6679 6682
f 6687 6690 6711 6693
f 6690 6707 6712 6711
f 6718 6702 6693 6711
f 6736 6695 6693 6702
f 6697 6696 6694 6700
f 6694 6698 6699 6700
f 6697 6700 6735 6729
f 6735 6700 6699 6736
f 6713 6719 6701 6734
f 6737 6734 6701 6741
f 6701 6719 6746 6741
f 6702 6718 6745 6736
f 6710 6704 6703 6708
f 6709 6705 6704 6710
f 6707 6780 6798 6712
f 6781 6710 6708 6778
f 6709 6710 6781 6714
f 6711 6712 6721 6718
f 6799 6721 6712 6798
f 6722 6719 6713 6717
f 6714 6781 6783 6785
f 6715 6716 6782 6720
f 6718 6721 6799 6745
f 6719 6722 6750 6746
f 6720 6782 6797 6800
f 6803 6723 6720 6800
f 6804 6801 6723 6803
f 6726 6727 6725 6758
f 6725 6727 6834 6836
f 6725 6836 6842 6885
f 6864 6758 6725 6885
f 6726 6758 6895 6896
f 6728 6729 6739 6732
f 6736 6739 6729 6735
f 6731 6732 6739 6738
f 6733 6737 6742 6740
f 6744 6738 6733 6740
f 6737 6741 6743 6742
f 6740 6742 6748 6756
f 6755 6744 6740 6756
f 6747 6743 6741 6746
f 6743 6747 6749 6748
f 6751 6747 6746 6750
f 6753 6749 6747 6751
f 6759 6756 6748 6749
f 6749 6753 6754 6759
f 6754 6753 6752 6858
f 6757 6759 6754 6845
f 6754 6858 6846 6845
f 6755 6756 6759 6757
f 6758 6864 6908 6895
f 6770 6764 6760 6766
f 6761 6762 6788 6787
f 6793 6788 6762 6792
f 6763 6764 6838 6837
f 6764 6770 6773 6838
f 7038 6770 6766 6928
f 6768 6769 6775 6774
f 6769 6771 6777 6775
f 7042 6773 6770 7038
f 6773 7042 6975 7096
f 6774 6775 6841 6840
f 6775 6777 7040 6841
f 6812 6816 6776 6822
f 7049 6822 6776 7050
f 6778 6779 6790 6783
f 6782 6786 6794 6797
f 6806 6797 6794 6796
f 6795 6810 6811 6813
f 6827 6796 6795 6813
f 6805 6800 6797 6806
f 6807 6803 6800 6805
f 6801 6804 6856 6843
f 6808 6804 6803 6807
f 6804 6808 6859 6856
f 6809 6807 6805 6828
f 6805 6806 6827 6828
f 6808 6809 6820 6859
f 6809 6828 6814 6820
f 6814 6813 6811 6821
f 6812 6815 6817 6818
f 6812 6822 6823 6815
f 6871 6816 6812 6818
f 6828 6827 6813 6814
f 6819 6820 6814 6821
f 6829 6817 6815 6824
f 6849 6818 6817 6860
f 6818 6849 6847 6871
f 6859 6820 6819 6850
f 6825 6823 6822 7049
f 6830 6829 6824 6831
f 6824 6826 7063 6831
f 6825 7049 7051 7052
f 7063 6826 6825 7052
f 6829 6830 6873 6860
f 6830 6831 6832 6881
f 6876 6874 6830 6881
f 7064 6832 6831 7063
f 6882 6881 6832 7134
f 6832 7064 7055 7134
f 6878 6872 6833 8672
f 6833 6872 7053 7065
f 6833 7065 8719 8672
f 6839 6836 6834 6835
f 6979 6839 6835 6980
f 6836 6839 7099 6842
f 6840 6841 7099 7093
f 6842 7099 7121 7141
f 7339 6885 6842 7141
f 6848 6844 6843 6856
f 6858 6857 6844 6846
f 6847 6849 6851 6852
f 6848 6856 6859 6850
f 6849 6860 6873 6851
f 6855 6852 6851 6853
f 6851 6873 6874 6853
f 6854 6855 6853 6861
f 6862 6861 6853 6875
f 6854 6861 6865 6863
f 6861 6862 6866 6865
f 6886 6866 6862 6879
f 6863 6865 6868 6869
f 6912 6908 6864 6913
f 6864 6885 7339 6913
f 6865 6866 6867 6868
f 6888 6868 6867 6887
f 6867 6886 8674 6887
f 6870 6869 6868 6888
f 6870 6888 6915 6914
f 6880 6879 6877 6884
f 6878 8672 8673 6889
f 6880 6884 7143 8676
f 8674 6886 6880 8676
f 7143 6884 6883 7142
f 6915 6888 6887 8675
f 8720 7147 6889 8673
f 8710 6891 6890 8709
f 6890 6892 8714 8709
f 6891 8710 8964 8918
f 6892 6893 8715 8714
f 8965 8715 6893 8919
f 8957 8708 6894 8914
f 6898 6896 6895 6897
f 6903 8578 8937 8920
f 8966 8711 6903 8920
f 6907 6905 6904 7328
f 6904 6984 7102 7328
f 6920 6906 6905 6907
f 6923 6919 6906 6920
f 6907 7328 7335 7330
f 7347 6920 6907 7330
f 6909 6911 6912 6910
f 6910 6912 6913 6918
f 7340 6918 6913 7339
f 6914 6915 6916 6917
f 6915 8675 8677 6916
f 7341 6917 6916 7144
f 8678 7144 6916 8677
f 6924 6921 6919 6923
f 7349 6923 6920 7347
f 6922 6924 7350 7351
f 7350 6924 6923 7349
f 7038 6928 6926 6927
f 7042 7038 6927 6973
f 6936 6930 6929 6935
f 6931 6932 6934 6933
f 6944 6932 6931 6943
f 6932 6944 6947 6945
f 7166 6934 6932 6945
f 6933 6934 7043 7041
f 7159 7043 6934 7166
f 7045 6936 6935 7044
f 7070 7039 6936 7045
f 6944 6943 6937 6938
f 6938 6939 6940 6941
f 6947 6944 6938 6941
f 6946 6941 6940 6942
f 6941 6946 6949 6947
f 6945 6947 6949 6950
f 6945 6950 7182 7166
f 6946 6948 6953 6949
f 6954 6950 6949 6953
f 6950 6954 7389 7182
f 6955 6956 6951 7193
f 6957 6952 6951 6956
f 6951 7192 7191 7193
f 6952 6958 7196 7194
f 6960 6956 6955 7394
f 6961 6957 6956 6960
f 6958 6959 7417 7196
f 6959 7396 7425 7417
f 6960 7394 7395 7398
f 7397 6961 6960 7398
f 6962 6963 6965 6964
f 6962 6964 7392 7390
f 6967 6965 6963 6966
f 7413 7392 6964 7412
f 6964 6965 7499 7412
f 6965 6967 6968 7499
f 6971 6968 6967 6969
f 7505 7499 6968 7504
f 6975 7042 6973 6976
f 6990 6977 6974 7046
f 6974 7041 7043 7046
f 6983 7096 6975 6988
f 6975 6976 6985 6988
f 7005 6986 6977 6990
f 6979 6980 6982 6981
f 6984 6992 6996 7102
f 7104 6993 6991 7103
f 6991 6999 7120 7103
f 7105 6994 6993 7104
f 7106 6998 6994 7105
f 7334 7102 6996 7021
f 6997 6998 7106 7122
f 7120 6999 6997 7122
f 7000 7022 7277 7119
f 7015 7011 7002 7200
f 7002 7046 7043 7159
f 7002 7159 7183 7200
f 7015 7200 7004 7016
f 7004 7200 7183 7391
f 7026 7020 7006 7025
f 7012 7010 7009 7017
f 7012 7017 7019 7018
f 7275 7175 7013 7276
f 7277 7022 7014 7281
f 7014 7028 7282 7281
f 7017 7199 7201 7280
f 7021 7031 7361 7334
f 7023 7112 7113 7115
f 7116 7024 7023 7115
f 7359 7026 7025 7369
f 7025 7033 7475 7369
f 7327 7027 7026 7359
f 7031 7032 7360 7361
f 7033 7034 7388 7475
f 7477 7287 7035 7471
f 7387 7037 7036 7473
f 7040 7070 7048 7100
f 7162 7045 7044 7160
f 7047 7070 7045 7162
f 7275 7110 7048 7178
f 7049 7050 7057 7051
f 7051 7057 7058 7059
f 7062 7052 7051 7059
f 7064 7063 7052 7062
f 7069 7065 7053 7081
f 7054 7067 7068 7135
f 7060 7059 7056 7061
f 7056 7058 7072 7071
f 7074 7061 7056 7071
f 7065 7069 8718 8719
f 7068 7067 7066 7079
f 7066 7074 7076 7080
f 7068 7079 7082 7083
f 7149 7135 7068 7083
f 7069 7081 7157 8718
f 7071 7072 7073 7075
f 7076 7074 7071 7075
f 7078 7075 7073 7077
f 7084 7076 7075 7078
f 7085 7080 7076 7084
f 7223 7078 7077 7230
f 7086 7084 7078 7223
f 7079 7080 7085 7082
f 7082 7085 7086 7087
f 7083 7087 7156 7149
f 7090 7087 7086 7089
f 7088 7091 7092 7151
f 7148 7090 7089 7231
f 7089 7223 7230 7231
f 7244 7091 7090 7245
f 7296 7092 7091 7244
f 7152 7151 7092 8733
f 7092 7296 7297 8733
f 7093 7099 7095 7094
f 7094 7095 7101 7097
f 7113 7112 7101 7114
f 7335 7328 7102 7334
f 7124 7104 7103 7127
f 7103 7120 7136 7127
f 7137 7105 7104 7124
f 7276 7116 7111 7275
f 7278 7123 7119 7277
f 7119 7123 7332 7331
f 7120 7122 7139 7136
f 7123 7278 7279 7336
f 7338 7332 7123 7336
f 7340 7339 7141 7329
f 8722 7143 7142 7145
f 8678 8676 7143 8722
f 7145 7146 8721 8723
f 8725 7342 7145 8723
f 7146 7155 8731 8727
f 8730 7158 7147 8720
f 7150 7151 7152 7153
f 7154 7153 7152 8732
f 7152 8733 8734 8732
f 8730 8718 7157 7158
f 7159 7166 7182 7183
f 7178 7162 7160 7173
f 7161 7164 7163 7176
f 7168 7164 7161 7172
f 7163 7164 7165 7215
f 7169 7165 7164 7168
f 7217 7215 7165 7218
f 7168 7172 7167 7170
f 7187 7170 7167 7184
f 7171 7169 7168 7170
f 7186 7171 7170 7187
f 7220 7218 7171 7247
f 7173 7175 7275 7178
f 7197 7199 7180 7181
f 7181 7390 7392 7197
f 7182 7389 7391 7183
f 7184 7185 7188 7187
f 7192 7188 7185 7191
f 7186 7198 7250 7247
f 7187 7188 7195 7198
f 7188 7192 7194 7195
f 7189 7190 7248 7252
f 7260 7238 7189 7252
f 7254 7248 7190 7419
f 7253 7195 7194 7196
f 7255 7198 7195 7253
f 7418 7253 7196 7417
f 7201 7199 7197 7405
f 7197 7392 7413 7405
f 7481 7473 7201 7405
f 7208 7203 7202 7207
f 7205 7204 7203 7206
f 7205 7206 7264 7213
f 7211 7208 7207 7210
f 7214 7212 7209 7213
f 7265 7211 7210 7212
f 7264 7265 7212 7214
f 7216 7217 7219 7221
f 7217 7218 7220 7219
f 7237 7234 7220 7249
f 7220 7247 7250 7249
f 7224 7226 7229 7228
f 7233 7229 7226 7232
f 7228 7229 7290 7289
f 7229 7233 7242 7290
f 7232 7239 7240 7243
f 7241 7233 7232 7243
f 7240 7239 7235 7258
f 7237 7249 7259 7257
f 7238 7260 7271 7263
f 7240 7258 7261 7262
f 7272 7243 7240 7262
f 7241 7243 7272 7246
f 7302 7242 7241 7246
f 7293 7290 7242 7302
f 7244 7245 7301 7298
f 7245 7291 7292 7301
f 7246 7272 7273 7320
f 7321 7302 7246 7320
f 7256 7252 7248 7254
f 7249 7250 7251 7259
f 7252 7256 7271 7260
f 7420 7255 7253 7418
f 7254 7419 7435 7424
f 7444 7256 7254 7424
f 7274 7271 7256 7444
f 7267 7262 7261 7266
f 7262 7267 7273 7272
f 7274 7269 7263 7271
f 7324 7273 7267 7314
f 7268 7270 7325 7316
f 7434 7270 7268 7433
f 7444 7441 7269 7274
f 7270 7434 7446 7445
f 7322 7320 7273 7324
f 7277 7281 7283 7278
f 7288 7279 7278 7283
f 7279 7288 7326 7377
f 7374 7336 7279 7377
f 7281 7282 7286 7283
f 7283 7286 7478 7288
f 7284 7287 7528 7370
f 7289 7290 7293 7294
f 7304 7301 7292 7303
f 7313 7294 7293 7295
f 7293 7302 7321 7295
f 7299 7297 7296 7298
f 7297 7299 7300 8745
f 8734 8733 7297 8745
f 7304 7299 7298 7301
f 7305 7300 7299 7304
f 7300 7305 7309 8747
f 7305 7304 7303 7312
f 7310 7309 7305 7312
f 7306 7307 7309 7310
f 8743 7308 7306 7311
f 7307 7308 8740 8739
f 7307 8746 8747 7309
f 8744 8740 7308 8743
f 7311 7346 8742 8743
f 7315 7318 7319 7317
f 7315 7316 7486 7485
f 7316 7325 7492 7486
f 7322 7324 7317 7319
f 7325 7445 7491 7492
f 7378 7377 7326 7537
f 7326 7478 7530 7537
f 7327 7359 7371 7372
f 7357 7347 7330 7365
f 7330 7335 7366 7365
f 7337 7333 7332 7338
f 7366 7335 7334 7361
f 7364 7338 7336 7374
f 7337 7338 7364 7363
f 7341 7342 8748 7343
f 7342 8725 8726 8748
f 8750 7344 7343 8748
f 8751 7345 7344 8750
f 8742 7346 7345 8751
f 7353 7349 7347 7357
f 7354 7350 7349 7353
f 7352 7351 7350 7354
f 7355 7354 7353 7358
f 7353 7357 7356 7358
f 7356 7357 7365 7385
f 7359 7369 7529 7371
f 7366 7361 7360 7362
f 7365 7366 7362 7385
f 7363 7364 7376 7367
f 7364 7374 7375 7376
f 7369 7475 7476 7529
f 7370 7528 7534 7533
f 7386 7372 7371 7373
f 7531 7373 7371 7529
f 7373 7531 7536 7542
f 7541 7386 7373 7542
f 7374 7377 7378 7375
f 7380 7376 7375 7379
f 7375 7378 7381 7379
f 7378 7537 7538 7381
f 7379 7381 7383 7382
f 7387 7473 7481 7480
f 7476 7475 7388 7484
f 7393 7426 7423 7431
f 7399 7398 7395 7406
f 7396 7397 7400 7425
f 7397 7398 7399 7400
f 7399 7406 7403 7402
f 7427 7400 7399 7402
f 7421 7425 7400 7427
f 7429 7426 7401 7449
f 7471 7472 7404 7474
f 7404 7416 7483 7474
f 7405 7413 7482 7481
f 7406 7407 7409 7408
f 7411 7409 7407 7410
f 7408 7409 7452 7449
f 7409 7411 7453 7452
f 7469 7411 7410 7414
f 7454 7453 7411 7469
f 7482 7413 7412 7501
f 7412 7499 7505 7501
f 7414 7415 7470 7469
f 7415 7464 7456 7470
f 7509 7483 7416 7508
f 7421 7418 7417 7425
f 7422 7420 7418 7421
f 7421 7427 7428 7422
f 7423 7426 7429 7430
f 7432 7431 7423 7437
f 7423 7430 7439 7437
f 7441 7444 7424 7435
f 7451 7430 7429 7450
f 7429 7449 7452 7450
f 7457 7439 7430 7451
f 7438 7434 7433 7442
f 7434 7438 7443 7446
f 7436 7437 7439 7440
f 7438 7442 7463 7466
f 7440 7458 7463 7462
f 7447 7446 7443 7448
f 7445 7446 7447 7491
f 7493 7491 7447 7494
f 7448 7467 7468 7497
f 7487 7494 7448 7497
f 7450 7453 7454 7451
f 7451 7454 7455 7457
f 7454 7469 7470 7455
f 7455 7470 7456 7459
f 7458 7459 7456 7463
f 7456 7464 7461 7463
f 7460 7462 7463 7461
f 7468 7463 7461 7465
f 7467 7466 7463 7468
f 7495 7497 7468 7496
f 7471 7474 7479 7477
f 7498 7479 7474 7483
f 7531 7529 7476 7535
f 7476 7484 7532 7535
f 7477 7479 7534 7528
f 7479 7498 7548 7534
f 7480 7481 7482 7507
f 7482 7501 7500 7507
f 7510 7498 7483 7509
f 7485 7486 7489 7488
f 7493 7489 7486 7492
f 7488 7489 7487 7490
f 7493 7494 7487 7489
f 7487 7497 7495 7490
f 7498 7510 7553 7548
f 7500 7501 7505 7506
f 7505 7504 7503 7506
f 7513 7509 7508 7511
f 7515 7510 7509 7513
f 7510 7515 7516 7553
f 7511 7512 7514 7513
f 7513 7514 7811 7515
f 7514 7804 7807 7811
f 7812 7516 7515 7811
f 7554 7553 7516 7555
f 7808 7555 7516 7812
f 7517 7520 8704 8705
f 8706 7518 7517 8705
f 8707 7519 7518 8706
f 7520 7522 8712 8704
f 7521 7874 8811 8812
f 8825 7524 7521 8812
f 7522 7523 8713 8712
f 7523 7526 8716 8713
f 8826 7525 7524 8825
f 8827 7527 7525 8826
f 8717 8716 7526 8921
f 7538 7537 7530 7540
f 7531 7535 7546 7536
f 7546 7535 7532 7545
f 7533 7534 7548 7547
f 7544 7542 7536 7556
f 7536 7546 7551 7556
f 7541 7542 7544 7543
f 7543 7544 7557 7559
f 7544 7556 7558 7557
f 7551 7546 7545 7549
f 7547 7548 7553 7554
f 7549 7550 7552 7551
f 7558 7556 7551 7552
f 7589 7571 7566 7579
f 7567 7568 7569 7570
f 7567 7570 7573 7572
f 7582 7568 7567 7581
f 7567 7572 7590 7581
f 8978 7570 7569 8977
f 8983 7573 7570 8978
f 7587 7574 7571 7589
f 7572 7575 7607 7590
f 8984 7575 7573 8983
f 9010 7607 7575 8984
f 7584 7582 7581 7586
f 7594 7586 7581 7590
f 7596 7585 7583 7595
f 7583 7592 7599 7595
f 7583 7585 9005 9004
f 9012 7592 7583 9004
f 7584 7586 9006 9003
f 7586 7594 9011 9006
f 7591 7593 7611 7610
f 7615 7601 7591 7610
f 9028 7612 7592 9012
f 7593 7603 7619 7611
f 7594 7607 9010 9011
f 7640 7596 7595 7638
f 7595 7599 7642 7638
f 7646 7600 7597 7639
f 7598 7600 7646 7641
f 7599 7612 7662 7642
f 7616 7602 7601 7615
f 7626 7605 7602 7616
f 7603 7604 7620 7619
f 7604 7606 7627 7620
f 7627 7606 7605 7626
f 7658 7613 7608 7660
f 7608 7609 7661 7660
f 7609 7618 7670 7661
f 9043 7662 7612 9028
f 7659 7614 7613 7658
f 7667 7624 7614 7659
f 7617 7625 7668 7669
f 7670 7618 7617 7669
f 7621 7623 7703 7701
f 7623 7632 7707 7703
f 7668 7625 7624 7667
f 7632 7633 7708 7707
f 7633 7635 7709 7708
f 7635 7637 7713 7709
f 7676 7637 7636 7675
f 7637 7676 7754 7713
f 7651 7640 7638 7650
f 7638 7642 7653 7650
f 7643 7644 7664 7663
f 7665 7645 7643 7663
f 7644 7654 7671 7664
f 7666 7647 7645 7665
f 7673 7656 7647 7666
f 9032 7651 7650 9033
f 7650 7653 9037 9033
f 7653 7662 9043 9037
f 7654 7655 7672 7671
f 7655 7657 7674 7672
f 7674 7657 7656 7673
f 7676 7677 7755 7754
f 7684 7679 7678 7687
f 7678 7683 9041 9042
f 9044 7687 7678 9042
f 7679 7684 8924 8922
f 7681 7682 7686 7685
f 8925 7686 7682 8923
f 7684 7687 7699 7690
f 7684 7690 8926 8924
f 7685 7686 7697 7694
f 8931 7697 7686 8925
f 9045 7699 7687 9044
f 7688 7689 9098 9097
f 9100 7692 7688 9097
f 7689 8928 10588 9098
f 7700 7691 7690 7699
f 7690 7691 8927 8926
f 7691 7693 8929 8927
f 9119 8500 7692 9100
f 7693 7700 9046 9047
f 10574 8929 7693 9047
f 7696 7695 7694 7697
f 7696 7697 8931 8930
f 8932 7698 7696 8930
f 9046 7700 7699 9045
f 7702 7703 7710 7704
f 7709 7713 7712 7711
f 7712 7713 7754 7753
f 7723 7720 7717 7722
f 7721 7719 7718 7720
f 7770 7721 7720 7724
f 7769 7766 7721 7770
f 7725 7723 7722 7727
f 7726 7724 7723 7725
f 7724 7726 7818 7770
f 7725 7727 7900 7901
f 8003 7726 7725 7901
f 7829 7818 7726 8003
f 7728 7729 7731 7730
f 7739 7729 7728 7738
f 7746 7731 7729 7742
f 7730 7731 7826 7825
f 7731 7746 8004 7826
f 7736 7733 7732 7735
f 7739 7738 7733 7734
f 7741 7739 7734 7743
f 7734 7736 7744 7743
f 7744 7736 7735 7737
f 7737 7740 7747 7744
f 7748 7747 7740 7750
f 7745 7742 7741 7743
f 7742 7745 7749 7746
f 7743 7744 7747 7745
f 7745 7747 7748 7749
f 7746 7749 8027 8004
f 7748 7750 7752 7751
f 8027 7749 7748 7751
f 8026 8027 7751 8202
f 7751 7752 8203 8202
f 7759 7758 7756 7760
f 7756 7757 8496 8495
f 8498 7760 7756 8495
f 7757 7758 7762 7761
f 7757 7761 8502 8496
f 7758 7759 7763 7762
f 7764 7765 7768 7767
f 7765 7766 7769 7768
f 7767 7768 7819 7771
f 7768 7769 7820 7819
f 7769 7770 7818 7820
f 7822 7773 7771 7819
f 7831 7830 7772 7907
f 7841 7774 7773 7822
f 7775 7776 7774 7841
f 7916 7776 7775 7917
f 7930 7917 7775 7918
f 7775 7840 8010 7918
f 7837 7836 7777 7866
f 7929 7866 7777 7926
f 7783 7779 7778 7781
f 7778 7779 7789 7788
f 7784 7780 7779 7783
f 7792 7789 7780 7795
f 7780 7782 7803 7796
f 7786 7783 7781 7785
f 7787 7784 7783 7786
f 7784 7787 7813 7803
f 7824 7787 7786 7821
f 7832 7813 7787 7824
f 7788 7789 7791 7790
f 7790 7791 7793 7794
f 7792 7795 7799 7793
f 7798 7794 7793 7797
f 7795 7796 7800 7799
f 7801 7800 7796 7803
f 7797 7799 7802 7809
f 7810 7798 7797 7809
f 7799 7800 7801 7802
f 7801 7803 7813 7816
f 7817 7802 7801 7816
f 7815 7809 7802 7817
f 7811 7807 7806 7812
f 7814 7810 7809 7815
f 7839 7816 7813 7832
f 7815 7817 7838 7835
f 7838 7817 7816 7839
f 7823 7820 7818 7829
f 7819 7820 7823 7822
f 7828 7824 7821 7827
f 7840 7841 7822 7823
f 8010 7840 7823 7829
f 7824 7828 7844 7832
f 7825 7826 8006 8005
f 7826 8004 8007 8006
f 7827 7830 7831 7828
f 7828 7831 7843 7844
f 7829 8003 7904 8010
f 7831 7907 7919 7843
f 7863 7839 7832 7844
f 7833 7836 7837 7834
f 7833 7834 7879 7878
f 7889 7879 7834 7890
f 7834 7837 7894 7890
f 7835 7838 7864 7865
f 7837 7866 8104 7894
f 7838 7839 7863 7864
f 7857 7858 7842 8011
f 8012 8011 7842 8088
f 7863 7844 7843 7868
f 8089 7868 7843 7919
f 7845 7847 7854 7848
f 7845 7858 7857 7846
f 7845 7846 7860 7847
f 7846 7857 7859 7860
f 7855 7854 7847 7861
f 7857 8011 8093 7859
f 7861 7860 7859 8094
f 7859 8093 8098 8094
f 8110 7872 7861 8095
f 7871 7870 7862 7872
f 7869 7864 7863 7868
f 7867 7865 7864 7869
f 7866 7929 8106 8104
f 7867 7869 7928 7927
f 7928 7869 7868 8089
f 7871 7872 8110 8111
f 7873 8102 8103 8108
f 8112 7895 7873 8108
f 7874 7875 8810 8811
f 7875 7876 8813 8810
f 7876 7877 8814 8813
f 7878 7879 7882 7880
f 7892 7888 7887 7891
f 7889 7890 7893 7891
f 7899 7893 7890 7894
f 7897 7892 7891 7893
f 7898 7897 7893 7899
f 8415 7899 7894 8104
f 7896 8418 8420 8425
f 7898 7899 8415 8422
f 7903 7901 7900 7902
f 7901 7903 7904 8003
f 7911 7903 7902 7909
f 7918 8010 7904 7911
f 7920 7907 7905 7912
f 7936 7919 7907 7920
f 7909 7910 7931 7911
f 7930 7918 7911 7931
f 7913 7914 8044 8045
f 8046 8042 7913 8045
f 7914 7915 8048 8044
f 7915 8043 8049 8048
f 7919 7936 7925 8089
f 7921 7940 7954 7961
f 7923 7928 8089 7925
f 7954 7929 7926 7953
f 7929 7954 7961 8106
f 7970 7971 7933 7975
f 7933 7971 7989 7977
f 7945 7938 7937 7946
f 7939 7947 7948 8137
f 8123 8015 7942 8122
f 8219 7973 7946 8041
f 7952 8137 7948 7951
f 8152 7950 7949 8151
f 7949 7979 8324 8151
f 8326 7981 7950 8152
f 7952 7985 8331 8141
f 7954 7956 7960 7957
f 7984 7983 7959 7995
f 7961 7963 8433 8106
f 7963 8412 8435 8433
f 7964 7983 7992 7998
f 7966 8339 8462 8454
f 7967 7972 7973 8219
f 8202 8203 7967 8219
f 7968 7969 7971 7970
f 8227 7969 7968 7974
f 7989 7971 7969 8235
f 7969 8227 8526 8235
f 8508 8227 7974 8488
f 7976 7977 7989 8002
f 7978 7988 8233 8234
f 8349 7987 7978 8234
f 7979 7980 8325 8324
f 7980 7982 8327 8325
f 8327 7982 7981 8326
f 7983 7984 7990 7994
f 8358 7993 7987 8349
f 7989 8235 8536 8002
f 8351 7994 7990 8360
f 7991 7993 8358 8359
f 7992 7994 8351 8338
f 8455 7998 7992 8338
f 8000 7997 7996 7999
f 8452 8000 7999 8461
f 8001 8002 8536 8521
f 8026 8007 8004 8027
f 8013 8009 8006 8007
f 8041 8013 8007 8026
f 8008 8020 8018 8050
f 8029 8030 8008 8050
f 8008 8030 8032 8031
f 8033 8020 8008 8031
f 8011 8012 8023 8093
f 8012 8014 8016 8023
f 8012 8088 8087 8014
f 8014 8015 8123 8016
f 8016 8123 8124 8126
f 8024 8025 8017 8097
f 8017 8025 8061 8056
f 8017 8056 8063 8160
f 8099 8097 8017 8160
f 8019 8025 8024 8022
f 8052 8021 8019 8022
f 8019 8021 8059 8057
f 8061 8025 8019 8057
f 8098 8093 8023 8096
f 8145 8096 8023 8126
f 8026 8202 8219 8041
f 8030 8034 8028 8032
f 8028 8034 8037 8036
f 8068 8032 8028 8035
f 8034 8030 8029 8039
f 8031 8032 8068 8067
f 8033 8067 8073 8074
f 8040 8037 8034 8039
f 8035 8036 8038 8070
f 8069 8068 8035 8070
f 8036 8037 8204 8038
f 8037 8040 8209 8204
f 8071 8070 8038 8239
f 8038 8204 8213 8239
f 8039 8050 8225 8209
f 8042 8046 8047 8131
f 8047 8049 8043 8131
f 8255 8045 8044 8256
f 8044 8048 8260 8256
f 8257 8046 8045 8255
f 8258 8047 8046 8257
f 8261 8049 8047 8258
f 8048 8049 8261 8260
f 8060 8059 8051 8076
f 8053 8074 8075 8083
f 8054 8072 8077 8078
f 8243 8072 8054 8215
f 8079 8076 8055 8085
f 8056 8061 8058 8062
f 8056 8062 8064 8063
f 8060 8058 8057 8059
f 8065 8062 8058 8060
f 8060 8076 8079 8065
f 8066 8064 8062 8065
f 8162 8160 8063 8161
f 8064 8066 8166 8161
f 8080 8066 8065 8079
f 8066 8080 8177 8166
f 8067 8068 8069 8073
f 8069 8070 8071 8082
f 8075 8073 8069 8082
f 8084 8082 8071 8252
f 8277 8077 8072 8243
f 8084 8083 8075 8082
f 8183 8078 8077 8086
f 8278 8086 8077 8277
f 8079 8085 8175 8080
f 8080 8175 8174 8177
f 8081 8176 8184 8185
f 8190 8179 8081 8185
f 8372 8183 8086 8278
f 8103 8102 8090 8091
f 8100 8095 8094 8098
f 8095 8100 8118 8110
f 8100 8098 8096 8147
f 8099 8160 8162 8168
f 8150 8118 8100 8147
f 8154 8108 8103 8158
f 8104 8106 8433 8415
f 8113 8109 8107 8111
f 8121 8112 8108 8154
f 8109 8113 8116 8115
f 8113 8111 8110 8119
f 8112 8121 8421 8419
f 8120 8116 8113 8119
f 8114 8115 8116 8117
f 8153 8130 8114 8155
f 8120 8119 8118 8157
f 8121 8154 8159 8436
f 8438 8421 8121 8436
f 8142 8138 8130 8153
f 8132 8133 8135 8134
f 8133 8138 8139 8135
f 8141 8331 8334 8332
f 8340 8158 8141 8332
f 8143 8153 8155 8156
f 8147 8148 8149 8150
f 8221 8220 8151 8324
f 8152 8223 8259 8326
f 8154 8158 8340 8159
f 8159 8340 8335 8440
f 8442 8436 8159 8440
f 8165 8162 8161 8166
f 8169 8168 8162 8165
f 8163 8164 8170 8171
f 8164 8167 8172 8170
f 8165 8166 8177 8174
f 8179 8178 8167 8173
f 8170 8172 8180 8181
f 8197 8171 8170 8181
f 8199 8181 8180 8182
f 8198 8197 8181 8199
f 8182 8191 8193 8194
f 8182 8194 8200 8199
f 8186 8185 8184 8371
f 8185 8186 8192 8190
f 8195 8192 8186 8376
f 8187 8370 8373 8375
f 8188 8375 8383 8391
f 8392 8377 8188 8391
f 8194 8196 8189 8200
f 8189 8196 8195 8378
f 8201 8200 8189 8390
f 8193 8191 8190 8192
f 8196 8193 8192 8195
f 8198 8199 8200 8201
f 8204 8209 8210 8213
f 8205 8206 8208 8207
f 8216 8206 8205 8211
f 8205 8212 8240 8214
f 8206 8216 8217 8218
f 8245 8208 8206 8218
f 8207 8208 8244 8238
f 8212 8238 8241 8240
f 8251 8243 8215 8266
f 8229 8218 8217 8228
f 8218 8229 8246 8245
f 8221 8324 8325 8226
f 8226 8325 8327 8262
f 8227 8508 8525 8526
f 8231 8229 8228 8230
f 8229 8231 8282 8246
f 8286 8231 8230 8232
f 8283 8282 8231 8286
f 8290 8286 8232 8289
f 8302 8285 8232 8301
f 8237 8234 8233 8236
f 8234 8237 8354 8349
f 8235 8526 8537 8536
f 8528 8237 8236 8527
f 8529 8354 8237 8528
f 8242 8241 8238 8248
f 8238 8244 8247 8248
f 8254 8253 8241 8242
f 8242 8248 8250 8268
f 8265 8254 8242 8268
f 8243 8251 8279 8277
f 8244 8245 8246 8247
f 8249 8247 8246 8282
f 8250 8248 8247 8249
f 8284 8250 8249 8283
f 8288 8268 8250 8284
f 8251 8266 8272 8279
f 8327 8326 8259 8262
f 8263 8274 8281 8374
f 8373 8370 8263 8374
f 8264 8269 8267 8271
f 8273 8271 8267 8275
f 8267 8269 8291 8270
f 8267 8270 8296 8275
f 8269 8287 8292 8291
f 8270 8291 8294 8295
f 8270 8295 8298 8296
f 8280 8279 8272 8379
f 8273 8275 8276 8380
f 8398 8281 8274 8297
f 8280 8278 8277 8279
f 8379 8372 8278 8280
f 8283 8286 8290 8284
f 8293 8292 8285 8302
f 8291 8292 8293 8294
f 8293 8302 8303 8305
f 8306 8295 8294 8305
f 8309 8298 8295 8306
f 8296 8298 8300 8299
f 8299 8300 8310 8400
f 8300 8309 8311 8310
f 8303 8302 8301 8304
f 8306 8305 8303 8312
f 8303 8304 8308 8312
f 8311 8309 8306 8312
f 8307 8407 8310 8311
f 8312 8308 8307 8311
f 8320 8317 8313 8322
f 8313 8314 8321 8322
f 8315 8316 8317 8319
f 8318 8319 8333 8337
f 8320 8322 8323 8328
f 8320 8328 8342 8341
f 8323 8322 8321 8347
f 8330 8328 8323 8329
f 8323 8347 8348 8329
f 8328 8330 8345 8342
f 8329 8348 8350 8352
f 8353 8330 8329 8352
f 8346 8345 8330 8353
f 8453 8440 8335 8336
f 8338 8351 8367 8365
f 8338 8365 8456 8455
f 8362 8343 8342 8345
f 8361 8344 8343 8362
f 8345 8346 8364 8362
f 8346 8353 8357 8368
f 8349 8354 8554 8358
f 8356 8352 8350 8355
f 8351 8360 8550 8366
f 8357 8353 8352 8356
f 8354 8529 8548 8554
f 8539 8356 8355 8538
f 8545 8357 8356 8539
f 8559 8368 8357 8545
f 8551 8359 8358 8554
f 8361 8362 8364 8363
f 8464 8456 8365 8465
f 8365 8367 8557 8465
f 8366 8550 8552 8558
f 8557 8367 8366 8558
f 8560 8369 8368 8559
f 8373 8374 8384 8381
f 8375 8381 8382 8383
f 8381 8384 8385 8382
f 8382 8385 8388 8387
f 8395 8391 8383 8387
f 8387 8388 8389 8395
f 8411 8389 8388 8410
f 8393 8395 8389 8394
f 8405 8394 8389 8411
f 8393 8392 8391 8395
f 8401 8399 8396 8403
f 8398 8399 8401 8408
f 8401 8403 8406 8404
f 8409 8408 8401 8404
f 8405 8411 8404 8406
f 8410 8409 8404 8411
f 8435 8422 8415 8433
f 8416 8417 8423 8432
f 8437 8417 8416 8434
f 8443 8424 8417 8437
f 8420 8421 8430 8427
f 8424 8443 8446 8445
f 8428 8429 8427 8430
f 8439 8431 8430 8438
f 8439 8438 8436 8442
f 8437 8454 8459 8443
f 8439 8442 8441 8444
f 8441 8442 8440 8453
f 8473 8446 8443 8459
f 8445 8446 8448 8447
f 8474 8448 8446 8473
f 8447 8448 8450 8449
f 8480 8450 8448 8474
f 8452 8461 8463 8462
f 8467 8459 8454 8462
f 8460 8457 8456 8464
f 8468 8458 8457 8460
f 8459 8467 8469 8473
f 8460 8464 8470 8472
f 8471 8468 8460 8472
f 8462 8463 8466 8467
f 8464 8465 8595 8470
f 8465 8557 8596 8595
f 8469 8467 8466 8484
f 8474 8473 8469 8477
f 8469 8484 8476 8477
f 8599 8472 8470 8600
f 8471 8472 8599 8601
f 8474 8477 8475 8480
f 8475 8477 8476 8483
f 8482 8480 8475 8479
f 8485 8487 8494 8492
f 8507 8487 8486 8506
f 8627 8494 8487 8507
f 8488 8489 8491 8508
f 8489 8490 8509 8491
f 8491 8509 8515 8510
f 8525 8508 8491 8510
f 8580 8524 8493 8587
f 8493 8494 8627 8587
f 8495 8497 8499 8498
f 8503 8497 8496 8502
f 8505 8499 8497 8503
f 9121 8501 8500 9119
f 9122 8504 8501 9121
f 10621 8934 8504 9122
f 8509 8511 8513 8515
f 8510 8515 8517 8518
f 8510 8518 8532 8525
f 8518 8517 8516 8520
f 8518 8520 8519 8532
f 8537 8532 8519 8522
f 8537 8522 8521 8536
f 8523 8524 8580 8579
f 8537 8526 8525 8532
f 8531 8528 8527 8530
f 8535 8529 8528 8531
f 8529 8535 8562 8548
f 8534 8531 8530 8533
f 8531 8534 8567 8535
f 8566 8534 8533 8564
f 8534 8566 8568 8567
f 8572 8562 8535 8567
f 8541 8539 8538 8540
f 8539 8541 8542 8545
f 8559 8545 8542 8546
f 8555 8546 8544 8556
f 8560 8559 8546 8555
f 8551 8554 8548 8553
f 8563 8553 8548 8562
f 8607 8561 8552 8606
f 8557 8558 8597 8596
f 8558 8561 8607 8597
f 8574 8563 8562 8572
f 8568 8566 8565 8570
f 8567 8568 8573 8572
f 8568 8570 8575 8573
f 8572 8573 8571 8574
f 8823 8577 8576 8822
f 8576 8581 8824 8822
f 8577 8823 8969 8935
f 8578 8805 8971 8937
f 8578 9120 10556 8805
f 8581 8586 8828 8824
f 8582 8584 8583 8585
f 8582 8588 8589 8625
f 8582 8585 8591 8588
f 8624 8584 8582 8625
f 8583 8584 8624 8626
f 8808 8585 8583 8806
f 8583 8626 8829 8806
f 8815 8591 8585 8808
f 8970 8828 8586 8936
f 8590 8589 8588 8593
f 8588 8591 8592 8593
f 8629 8625 8589 8639
f 8589 8590 8640 8639
f 8590 8593 8592 8594
f 8590 8594 8938 8640
f 8817 8592 8591 8815
f 8818 8594 8592 8817
f 8594 8818 8973 8938
f 8595 8596 8610 8603
f 8596 8597 8611 8610
f 8597 8607 8609 8611
f 8599 8600 8605 8604
f 8602 8603 8619 8605
f 8603 8612 8618 8619
f 8605 8619 8615 8621
f 8609 8607 8606 8608
f 8617 8609 8608 8616
f 8618 8611 8609 8617
f 8617 8616 8613 8614
f 8623 8614 8613 8622
f 8620 8621 8623 8622
f 8624 8625 8629 8628
f 8632 8626 8624 8628
f 8626 8632 8833 8829
f 8628 8629 8630 8633
f 8634 8632 8628 8633
f 8629 8639 8641 8630
f 8634 8633 8630 8635
f 8644 8635 8630 8641
f 8631 8636 8637 8638
f 8631 8638 8646 8642
f 9101 8636 8631 9102
f 8631 8642 9104 9102
f 8632 8634 8835 8833
f 8634 8635 8837 8835
f 8635 8644 8846 8837
f 9103 8637 8636 9101
f 8842 8638 8637 8840
f 10447 8840 8637 9103
f 8850 8646 8638 8842
f 8639 8640 8643 8641
f 8645 8643 8640 8938
f 8641 8643 8645 8644
f 8642 8646 8647 8648
f 8642 8648 9105 9104
f 8644 8645 8848 8846
f 8645 8938 8973 8848
f 8852 8647 8646 8850
f 9105 8648 8647 10615
f 8647 8852 10776 10615
f 8649 8650 8653 8652
f 8651 8652 8668 8667
f 8652 8653 8670 8668
f 8756 8656 8654 8759
f 8654 8655 8775 8759
f 8655 8657 8777 8775
f 8754 8658 8656 8756
f 8753 8659 8658 8754
f 8752 8660 8659 8753
f 8755 8661 8660 8752
f 8666 8663 8662 8665
f 8669 8665 8664 8667
f 8671 8666 8665 8669
f 8671 8669 8668 8670
f 8720 8673 8672 8719
f 8674 8676 8678 8677
f 8682 8680 8679 8681
f 8680 8682 8687 8688
f 8687 8682 8681 8689
f 8686 8684 8683 8685
f 8683 8684 8690 8689
f 8684 8686 8691 8690
f 8697 8686 8685 8696
f 8701 8691 8686 8697
f 8687 8689 8940 8941
f 8944 8688 8687 8941
f 8689 8690 8947 8946
f 8690 8691 8951 8947
f 8691 8701 8961 8951
f 8702 8693 8692 8694
f 8692 8693 8954 8953
f 8955 8695 8692 8953
f 8693 8703 8963 8954
f 8694 8695 8832 8854
f 8856 8702 8694 8854
f 8972 8832 8695 8955
f 8699 8697 8696 8698
f 8697 8699 8700 8701
f 8700 8699 8698 8708
f 8700 8708 8957 8958
f 8961 8701 8700 8958
f 8857 8703 8702 8856
f 8703 8857 8975 8963
f 8971 8805 8711 8966
f 8720 8719 8718 8730
f 8728 8724 8721 8727
f 8726 8725 8724 8729
f 8724 8728 8736 8729
f 8750 8748 8726 8749
f 8735 8728 8727 8731
f 8729 8736 8737 8749
f 8746 8738 8732 8734
f 8734 8745 8747 8746
f 8742 8751 8737 8741
f 8750 8749 8737 8751
f 8743 8742 8741 8744
f 8785 8784 8757 8967
f 8788 8758 8757 8784
f 8789 8774 8758 8788
f 8764 8761 8760 8763
f 8760 8761 10834 10830
f 8762 8767 8766 8768
f 8762 8768 8773 8772
f 10841 8767 8762 10838
f 8762 8772 10909 10838
f 10857 8765 8764 10846
f 10852 10833 8765 10857
f 8773 8768 8766 8864
f 8766 8767 10855 10856
f 11471 8864 8766 10856
f 8767 10841 10851 10855
f 8772 8773 8864 8863
f 8772 8863 11110 10909
f 8790 8776 8774 8789
f 8791 8778 8776 8790
f 8792 8779 8778 8791
f 8793 8780 8779 8792
f 8781 8782 8787 8786
f 8795 8783 8781 8794
f 8781 8786 8801 8794
f 8782 8783 8798 8799
f 8803 8787 8782 8799
f 8783 8795 8797 8798
f 8802 8796 8794 8801
f 8795 8796 10443 8797
f 8796 8802 10445 10443
f 8800 8798 8797 10444
f 8799 8800 8804 8803
f 8800 10444 10446 8804
f 8806 8807 8809 8808
f 8830 8807 8806 8829
f 8831 8809 8807 8830
f 8808 8809 8816 8815
f 8821 8816 8809 8831
f 8815 8816 8819 8817
f 8820 8819 8816 8821
f 8820 8818 8817 8819
f 8818 8820 8844 8973
f 8820 8821 8849 8844
f 8821 8831 8839 8849
f 8834 8830 8829 8833
f 8839 8831 8830 8834
f 8974 8855 8832 8972
f 8836 8834 8833 8835
f 8834 8836 8838 8839
f 8838 8836 8835 8837
f 8847 8838 8837 8846
f 8849 8839 8838 8847
f 8840 8841 8843 8842
f 10448 8841 8840 10447
f 10449 8843 8841 10448
f 8842 8843 8851 8850
f 10451 8851 8843 10449
f 8844 8849 8847 8845
f 8848 8973 8844 8845
f 8845 8847 8846 8848
f 8850 8851 8853 8852
f 10450 8853 8851 10451
f 8852 8853 10450 10776
f 8854 8855 8858 8856
f 8976 8858 8855 8974
f 8857 8858 8976 8975
f 8861 8860 8859 8862
f 10938 10939 8859 11106
f 8859 8860 11107 11106
f 11128 8862 8859 10939
f 8860 8861 8867 8866
f 8860 8866 11184 11107
f 8861 8862 8872 8867
f 11197 8872 8862 11128
f 8863 8865 11112 11110
f 10941 8865 8864 11471
f 8865 10941 10943 11112
f 8866 8867 8872 8868
f 8866 8868 11187 11184
f 8869 8874 8871 8875
f 10474 8870 8869 10478
f 8869 8875 10477 10478
f 8869 8870 11188 8874
f 8870 10474 12462 11191
f 10477 8875 8871 10479
f 8871 8874 11205 11198
f 12471 10479 8871 11198
f 11206 8873 8872 11197
f 11202 11192 8873 11206
f 8874 11188 11199 11205
f 10467 8877 8876 10469
f 8876 8878 10468 10469
f 10499 8880 8877 10467
f 8878 8879 10470 10468
f 10500 8881 8880 10499
f 10501 8882 8881 10500
f 10506 8883 8882 10501
f 8933 8896 8895 8934
f 8897 8900 8903 8901
f 8898 8906 8908 8910
f 8912 8899 8898 8910
f 8899 8912 8915 8913
f 8904 8903 8900 8905
f 8904 8902 8901 8903
f 8902 8904 8942 8940
f 8904 8905 8945 8942
f 8906 8907 8909 8908
f 8948 8909 8907 8946
f 8911 8910 8908 8909
f 8952 8911 8909 8948
f 8910 8911 8917 8912
f 8962 8917 8911 8952
f 8916 8915 8912 8917
f 8916 8914 8913 8915
f 8914 8916 8959 8957
f 8916 8917 8962 8959
f 8920 8937 8971 8966
f 8933 8934 10621 10618
f 8939 8944 8941 8943
f 8942 8945 8939 8943
f 8943 8941 8940 8942
f 8946 8947 8949 8948
f 8950 8949 8947 8951
f 8948 8949 8950 8952
f 8950 8951 8961 8956
f 8962 8952 8950 8956
f 8956 8961 8958 8960
f 8959 8962 8956 8960
f 8960 8958 8957 8959
f 8980 8978 8977 8979
f 8978 8980 8985 8983
f 9007 8980 8979 9009
f 9013 8985 8980 9007
f 8991 8986 8982 8990
f 8984 8985 9013 9010
f 9001 8989 8986 8991
f 8987 8988 9014 9008
f 8988 8989 9027 9014
f 8989 9001 9059 9027
f 8993 8997 8996 8998
f 8993 8994 9000 8997
f 9126 8994 8993 9125
f 8993 8998 9127 9125
f 9129 9002 8994 9126
f 9055 8999 8995 9053
f 8996 8997 9069 9068
f 9059 9001 8999 9055
f 9000 9002 9093 9077
f 9886 9093 9002 9129
f 9003 9006 9007 9009
f 9004 9005 9015 9016
f 9022 9012 9004 9016
f 9013 9007 9006 9011
f 9030 9016 9015 9029
f 9031 9022 9016 9030
f 9017 9023 9038 9034
f 9051 9025 9020 9049
f 9021 9024 9048 9050
f 9043 9028 9022 9031
f 9023 9026 9039 9038
f 9024 9027 9059 9048
f 9052 9026 9025 9051
f 9064 9039 9026 9052
f 9029 9032 9033 9030
f 9030 9033 9037 9031
f 9036 9040 9065 9062
f 9065 9040 9039 9064
f 9088 9044 9042 9063
f 9089 9045 9044 9088
f 9090 9046 9045 9089
f 9047 9090 10580 10574
f 9052 9058 9076 9064
f 9076 9058 9057 9067
f 9060 9061 9084 9085
f 9060 9085 10581 10576
f 9599 9084 9061 9538
f 10578 9088 9063 10575
f 9068 9069 9073 9070
f 9081 9073 9069 9077
f 9070 9073 9546 9547
f 9074 9072 9071 9075
f 9082 9075 9071 9079
f 9071 9072 9545 9544
f 9549 9079 9071 9544
f 9073 9081 9550 9546
f 9613 9092 9078 9539
f 9081 9093 9886 9550
f 9082 9094 10613 10601
f 9607 9086 9084 9599
f 9085 9086 10584 10581
f 9086 9607 10675 10584
f 9087 9091 9123 9124
f 9087 9124 10622 10583
f 10579 9089 9088 10578
f 10580 9090 9089 10579
f 10430 9123 9091 9605
f 9615 9095 9092 9613
f 9094 9887 10739 10613
f 9618 9096 9095 9615
f 9619 9099 9096 9618
f 9099 9619 10732 10610
f 9101 9102 9107 9106
f 9109 9103 9101 9106
f 9102 9104 9113 9107
f 9103 9109 10452 10447
f 9104 9105 9114 9113
f 9105 10615 10616 9114
f 9106 9107 9108 9110
f 9111 9109 9106 9110
f 9115 9108 9107 9113
f 9111 9110 9108 9112
f 9118 9112 9108 9115
f 9109 9111 10456 10452
f 9111 9112 10457 10456
f 9112 9118 10464 10457
f 9113 9114 9116 9115
f 9117 9116 9114 10616
f 9115 9116 9117 9118
f 10464 9118 9117 10462
f 9117 10616 10777 10462
f 10822 10556 9120 10666
f 10466 9124 9123 10465
f 9123 10430 10496 10465
f 9124 10466 10778 10622
f 9125 9127 9128 9130
f 9131 9126 9125 9130
f 10013 9130 9128 10012
f 9129 9131 10015 9886
f 10015 9131 9130 10013
f 9152 9151 9132 9153
f 9133 9134 9135 9136
f 9133 9138 9137 9134
f 9134 9137 9151 9154
f 9156 9135 9134 9154
f 9158 9136 9135 9157
f 9474 9473 9140 9478
f 9140 9141 9479 9478
f 9481 9479 9142 9689
f 9143 9146 9145 9147
f 9143 9147 9148 9170
f 9168 9169 9143 9170
f 9419 9147 9145 9417
f 9420 9148 9147 9419
f 9171 9170 9148 9181
f 9429 9181 9148 9420
f 9301 9150 9149 9305
f 9304 9305 9149 9316
f 9149 9150 9311 9342
f 9340 9316 9149 9342
f 9150 9301 9309 9310
f 9150 9310 9312 9311
f 9151 9152 9155 9154
f 9163 9155 9152 9166
f 9152 9153 9165 9166
f 9154 9155 9159 9156
f 9161 9159 9155 9163
f 9160 9158 9156 9159
f 9162 9160 9159 9161
f 9161 9163 9196 9164
f 9551 9162 9161 9164
f 9163 9166 9190 9196
f 9164 9196 9200 9553
f 9190 9166 9165 9192
f 9167 9172 9171 9185
f 9167 9185 9186 9191
f 9168 9170 9171 9172
f 9171 9181 9187 9185
f 9178 9175 9173 9177
f 9174 9175 9195 9194
f 9175 9178 9180 9195
f 9178 9177 9176 9179
f 9178 9179 9184 9180
f 9179 9182 9183 9184
f 9180 9184 9189 9199
f 9198 9195 9180 9199
f 9430 9187 9181 9429
f 9189 9184 9183 9433
f 9186 9187 9188 9205
f 9206 9191 9186 9205
f 9436 9188 9187 9430
f 9211 9205 9188 9449
f 9188 9436 9452 9449
f 9208 9199 9189 9447
f 9189 9433 9448 9447
f 9190 9192 9193 9207
f 9200 9196 9190 9207
f 9214 9207 9193 9443
f 9194 9195 9198 9197
f 9197 9198 9202 9203
f 9198 9199 9208 9202
f 9554 9553 9200 9201
f 9201 9207 9214 9565
f 9563 9554 9201 9565
f 9378 9204 9202 9208
f 9555 9203 9202 9204
f 9204 9378 9379 9559
f 9556 9555 9204 9559
f 9208 9447 9450 9378
f 9209 9210 9213 9212
f 9211 9449 9623 9215
f 9212 9213 9215 9622
f 9214 9443 9621 9642
f 9639 9565 9214 9642
f 9627 9622 9215 9623
f 9216 9380 9558 9568
f 9735 9380 9216 9635
f 9217 9234 9236 9238
f 9217 9247 9248 9259
f 9254 9234 9217 9253
f 9218 9219 9223 9220
f 9218 9227 9229 9228
f 9218 9220 9230 9227
f 9290 9219 9218 9228
f 9222 9223 9219 9292
f 9219 9290 9291 9292
f 9224 9221 9220 9223
f 9220 9221 9232 9230
f 9221 9224 9225 9226
f 9221 9226 9240 9232
f 9225 9224 9222 9294
f 9222 9292 9293 9294
f 9321 9226 9225 9297
f 9308 9240 9226 9321
f 9227 9230 9231 9235
f 9242 9229 9227 9235
f 9231 9232 9240 9239
f 9247 9238 9233 9249
f 9237 9236 9234 9256
f 9234 9254 9257 9256
f 9239 9240 9308 9243
f 9241 9245 9246 9251
f 9314 9245 9241 9299
f 9250 9249 9244 9322
f 9335 9246 9245 9314
f 9271 9251 9246 9252
f 9336 9252 9246 9335
f 9250 9248 9247 9249
f 9261 9259 9248 9262
f 9248 9250 9269 9262
f 9250 9322 9382 9269
f 9394 9271 9252 9336
f 9255 9254 9253 9260
f 9254 9255 9258 9257
f 9255 9260 9263 9264
f 9281 9258 9255 9264
f 9263 9260 9259 9261
f 9261 9262 9266 9265
f 9267 9264 9263 9265
f 9264 9267 9282 9281
f 9265 9266 9275 9267
f 9267 9275 9284 9282
f 9268 9270 9274 9273
f 9386 9270 9268 9383
f 9283 9282 9272 9273
f 9273 9274 9278 9283
f 9276 9386 9387 9388
f 9389 9280 9276 9388
f 9286 9283 9278 9279
f 9287 9286 9279 9288
f 9282 9283 9286 9285
f 9285 9286 9287 9404
f 9287 9288 9289 9402
f 9405 9404 9287 9402
f 9289 9390 9403 9402
f 9293 9292 9291 9306
f 9293 9306 9302 9300
f 9303 9296 9293 9300
f 9316 9315 9295 9304
f 9317 9313 9295 9315
f 9307 9298 9296 9313
f 9319 9314 9299 9318
f 9300 9301 9305 9303
f 9309 9301 9300 9302
f 9307 9313 9317 9323
f 9343 9342 9311 9347
f 9311 9312 9348 9347
f 9314 9319 9320 9335
f 9315 9316 9340 9341
f 9344 9317 9315 9341
f 9324 9323 9317 9344
f 9320 9319 9318 9357
f 9336 9335 9320 9337
f 9320 9357 9364 9337
f 9361 9338 9334 9358
f 9334 9338 9392 9385
f 9336 9337 9364 9394
f 9366 9339 9338 9361
f 9338 9339 9395 9392
f 9339 9366 10366 10368
f 10367 9395 9339 10368
f 9340 9342 9343 9341
f 9346 9344 9341 9343
f 9343 9347 9350 9346
f 9345 9346 9351 9353
f 9345 9353 9352 9359
f 9347 9348 9349 9350
f 9350 9490 9492 9491
f 9362 9359 9352 9360
f 9352 9355 9367 9360
f 9496 9494 9354 9495
f 9497 9367 9355 9494
f 9365 9362 9360 9370
f 9360 9367 9368 9370
f 9371 9366 9361 9369
f 9366 9371 9372 10366
f 9373 9370 9368 9502
f 9368 9497 9498 9502
f 9412 9372 9371 9374
f 9372 9412 10373 10372
f 9500 9411 9373 9502
f 9516 9412 9374 9499
f 9375 9376 9377 9576
f 9375 9558 9380 9376
f 9375 9576 9575 9577
f 9597 9377 9376 9381
f 9376 9380 9735 9381
f 9578 9576 9377 9581
f 9593 9581 9377 9597
f 9457 9379 9378 9450
f 9379 9457 9461 9569
f 9561 9559 9379 9569
f 9598 9597 9381 9741
f 9387 9386 9383 9393
f 9385 9392 9397 9407
f 9387 9393 9396 9398
f 9391 9389 9388 9398
f 9391 9398 9396 9400
f 10371 9401 9399 10370
f 9410 9408 9400 9409
f 9416 9415 9401 10371
f 9402 9403 9406 9405
f 9410 9406 9403 9408
f 9412 9516 9413 10373
f 10374 10373 9413 9414
f 10371 10374 9414 9416
f 9420 9419 9418 9421
f 9420 9421 9428 9429
f 9424 9423 9422 9425
f 9422 9423 9439 9437
f 9440 9439 9423 9463
f 9423 9424 9464 9463
f 9424 9426 9427 9464
f 9465 9464 9427 9467
f 9430 9429 9428 9438
f 9441 9436 9430 9438
f 9431 9432 9435 9434
f 9431 9434 9445 9444
f 9432 9437 9439 9435
f 9434 9435 9442 9451
f 9458 9445 9434 9451
f 9435 9439 9440 9442
f 9440 9463 9466 9517
f 9520 9442 9440 9517
f 9512 9451 9442 9520
f 9444 9445 9456 9455
f 9625 9456 9445 9458
f 9447 9448 9453 9450
f 9449 9452 9624 9623
f 9513 9458 9451 9512
f 9461 9457 9453 9460
f 9506 9459 9454 9504
f 9509 9504 9454 9508
f 9455 9456 9625 9640
f 9458 9513 9643 9625
f 9459 9506 9633 9636
f 9638 9461 9460 9653
f 9650 9569 9461 9638
f 9463 9464 9465 9466
f 9470 9466 9465 9469
f 9483 9517 9466 9470
f 9471 9472 9474 9475
f 9471 9475 9477 9476
f 9474 9478 9480 9475
f 9482 9477 9475 9480
f 9476 9477 9690 9661
f 9477 9482 9696 9690
f 9478 9479 9481 9480
f 9480 9481 10017 9482
f 9481 9689 10018 10017
f 10019 9696 9482 10017
f 9520 9517 9483 9521
f 9513 9512 9484 9663
f 9484 9512 9520 9521
f 9488 9486 9485 9487
f 9485 9486 9662 9691
f 9669 9662 9486 9804
f 9486 9488 9809 9804
f 9995 9488 9487 9994
f 10057 9809 9488 9995
f 9509 9508 9489 9510
f 9519 9510 9489 9518
f 9491 9492 9493 9495
f 9496 9495 9493 9503
f 9494 9496 9498 9497
f 9496 9503 9501 9498
f 9500 9502 9498 9501
f 9505 9506 9504 9507
f 9514 9507 9504 9509
f 9738 9734 9505 9742
f 9505 9507 9750 9742
f 9507 9514 9515 9750
f 9509 9510 9511 9514
f 9523 9511 9510 9519
f 9515 9514 9511 9527
f 9511 9523 9530 9527
f 9657 9643 9513 9663
f 9515 9527 9529 9754
f 9756 9750 9515 9754
f 9524 9519 9518 9522
f 9525 9523 9519 9524
f 9523 9525 9526 9530
f 9536 9526 9525 9535
f 9532 9530 9526 9537
f 9532 9529 9527 9530
f 9751 9749 9528 9752
f 9761 9752 9528 9812
f 9528 9749 9803 9805
f 9528 9805 9814 9812
f 9753 9754 9529 9531
f 9538 9543 9611 9599
f 9539 9541 9614 9613
f 10713 9541 9540 10712
f 10725 9614 9541 10713
f 14202 10666 9542 14410
f 10676 9611 9543 10669
f 9544 9545 9548 10014
f 10016 9549 9544 10014
f 10012 9547 9546 10013
f 9546 9550 10015 10013
f 10743 10014 9548 10742
f 9552 9554 9563 9562
f 9557 9559 9561 9560
f 9561 9569 9650 9574
f 9562 9563 9571 9570
f 9563 9565 9639 9571
f 9573 9574 9678 9676
f 9574 9650 9655 9678
f 9575 9576 9578 9579
f 9580 9579 9578 9582
f 9578 9581 9585 9582
f 9580 9582 9583 9584
f 9595 9585 9581 9593
f 9583 9585 9587 9586
f 9589 9584 9583 9586
f 9586 9587 9588 9591
f 9590 9589 9586 9591
f 9596 9588 9587 9595
f 9596 9595 9593 9594
f 9593 9597 9598 9594
f 9600 9601 9603 9769
f 9606 9601 9600 9612
f 9783 9760 9600 9769
f 9792 9612 9600 9760
f 9601 9602 9604 9603
f 9609 9602 9601 9606
f 9603 9604 9680 9679
f 9764 9769 9603 9679
f 9605 9608 10431 10430
f 9620 9609 9606 9610
f 9606 9612 10376 9610
f 9607 9611 10676 10675
f 10750 10431 9608 10674
f 10377 10375 9610 10376
f 10379 9620 9610 10375
f 9612 9792 10387 10376
f 9613 9614 9617 9615
f 10729 9617 9614 10725
f 9615 9617 9616 9618
f 9616 9617 10729 10733
f 10732 9619 9616 10733
f 9623 9624 9628 9627
f 9644 9640 9625 9643
f 9633 9734 9738 9634
f 9646 9669 9674 9681
f 9677 9647 9646 9681
f 9652 9656 9654 9744
f 9654 9656 9658 9668
f 9748 9744 9654 9751
f 9654 9668 9749 9751
f 9670 9668 9658 9671
f 9693 9666 9661 9690
f 9717 9667 9666 9693
f 9719 9686 9667 9717
f 9803 9749 9668 9675
f 9669 9804 9808 9674
f 9682 9681 9674 9685
f 9818 9685 9674 9808
f 9775 9765 9683 9774
f 9891 9687 9686 9719
f 9688 9782 9823 9789
f 9688 9789 9862 9853
f 9704 9693 9690 9696
f 9706 9694 9692 9701
f 9693 9704 9718 9717
f 9707 9695 9694 9706
f 9695 9707 9810 9807
f 10027 9704 9696 10019
f 9708 9702 9697 9705
f 9699 9700 9702 9703
f 9701 9703 9709 9706
f 9709 9703 9702 9708
f 9724 9718 9704 10027
f 10022 9708 9705 10021
f 9710 9707 9706 9709
f 9707 9710 9711 9810
f 9710 9709 9708 10022
f 10035 9711 9710 10022
f 9829 9810 9711 9726
f 9712 9714 10030 9715
f 9713 10025 10026 10029
f 10030 9714 9713 10029
f 9920 9723 9715 9923
f 10031 9923 9715 10030
f 10027 10028 9716 9724
f 9717 9718 9721 9719
f 9722 9721 9718 9724
f 9720 9723 9851 9850
f 9892 9891 9721 9722
f 9725 9728 9729 10036
f 10035 10034 9725 10036
f 9726 9727 9733 9730
f 9726 9730 9819 9829
f 9921 9729 9728 9919
f 9730 9731 9827 9819
f 9739 9742 9757 9746
f 9742 9750 9756 9757
f 9748 9751 9752 9759
f 9748 9759 9794 9770
f 9762 9759 9752 9761
f 9756 9754 9753 9755
f 9757 9756 9755 9758
f 9759 9762 9798 9794
f 9760 9783 9793 9795
f 9799 9792 9760 9795
f 9761 9812 9816 9813
f 10391 9762 9761 9813
f 10395 9798 9762 10391
f 9783 9769 9765 9775
f 9773 9771 9767 9772
f 9767 9768 9796 9772
f 9768 9778 9821 9796
f 9772 9796 9834 9800
f 9956 9773 9772 9800
f 9774 9776 9786 9777
f 9793 9783 9775 9777
f 9778 9781 9820 9821
f 9835 9797 9784 9833
f 9789 9824 9865 9862
f 9792 9799 10388 10387
f 9796 9821 9839 9834
f 9797 9835 9838 9837
f 9800 9834 9836 9958
f 9957 9956 9800 9958
f 9801 9802 10405 10403
f 9811 9808 9804 9809
f 9806 9807 9810 9829
f 9806 9829 9819 9817
f 9808 9811 9830 9818
f 10059 9811 9809 10057
f 10066 9830 9811 10059
f 9812 9814 9815 9816
f 9813 9816 10393 10392
f 10397 10391 9813 10392
f 10393 9816 9815 10065
f 9839 9821 9820 9841
f 9832 9828 9822 9965
f 9823 9827 9826 9824
f 9824 9826 9863 9865
f 9825 9864 9900 9965
f 9828 9832 9840 9833
f 9832 9965 9970 9971
f 9981 9840 9832 9971
f 9843 9835 9833 9840
f 9842 9836 9834 9839
f 10420 9838 9835 9843
f 9836 9842 10401 10408
f 10402 9958 9836 10408
f 10406 10405 9837 10407
f 9837 9838 10409 10407
f 10423 10409 9838 10420
f 9839 9841 9844 9842
f 9983 9843 9840 9982
f 9842 9844 10437 10401
f 9843 9983 10422 10420
f 9845 9846 9858 9854
f 9846 9848 9873 9858
f 9847 9854 9952 9950
f 9854 9858 9966 9952
f 9862 9865 9855 9856
f 9855 9865 9863 9866
f 9900 9864 9857 9859
f 9858 9873 9937 9966
f 9869 9870 9935 9882
f 9870 9875 9936 9935
f 9871 9872 9907 9885
f 9873 9874 9938 9937
f 9881 9877 9876 9879
f 9880 9878 9877 9881
f 9953 9881 9879 9954
f 9880 9881 9967 9968
f 9882 9935 9942 9941
f 9924 9889 9885 9907
f 9887 10016 10745 10739
f 9889 9924 10116 10118
f 10136 9930 9890 10119
f 9894 9898 9902 9899
f 9894 9899 9914 9912
f 9918 9914 9899 9925
f 9900 9969 9972 9970
f 9929 9904 9903 9909
f 9905 9908 9930 9944
f 9943 9906 9905 9944
f 10219 9929 9909 9934
f 9911 9912 9914 9915
f 9917 9915 9914 9918
f 9939 9916 9915 9917
f 9917 9931 9945 9939
f 10116 9924 9923 10031
f 9926 9927 9933 9932
f 10137 9933 9927 10131
f 9949 9946 9929 10219
f 10221 9944 9930 10136
f 9948 9945 9931 9947
f 9931 9933 10137 9947
f 9934 10196 10197 10219
f 9935 9936 9946 9942
f 9937 9938 9940 9989
f 9990 9966 9937 9989
f 9992 9989 9940 9991
f 9941 9942 10691 10689
f 9942 9946 9949 10691
f 9943 9944 10221 10220
f 9947 10137 10140 10227
f 10228 9948 9947 10227
f 9949 10219 10197 10231
f 10692 10691 9949 10231
f 9961 9951 9950 9952
f 9962 9960 9951 9961
f 9990 9961 9952 9966
f 9957 9958 10402 10404
f 9960 9962 9964 9963
f 9993 9962 9961 9990
f 10708 9964 9962 9993
f 9963 9964 10702 10701
f 10707 10702 9964 10708
f 9974 9971 9970 9972
f 9971 9974 9984 9981
f 9980 9977 9975 9978
f 9976 9977 9985 9984
f 9977 9980 9987 9985
f 9979 10403 10412 10413
f 10415 9987 9980 10413
f 9986 9983 9982 9984
f 9983 9986 9988 10422
f 9988 9986 9985 9987
f 10416 9988 9987 10415
f 9993 9990 9989 9992
f 10711 9992 9991 10710
f 10708 9993 9992 10711
f 9997 9995 9994 9996
f 9995 9997 10058 10057
f 10061 9997 9996 10024
f 10062 10058 9997 10061
f 10001 9999 9998 10000
f 10026 10025 9999 10001
f 10010 10001 10000 10006
f 10001 10010 10032 10026
f 10004 10005 10007 10006
f 10006 10007 10011 10010
f 10007 10008 10009 10011
f 10120 10011 10009 10121
f 10010 10011 10120 10032
f 10745 10016 10014 10743
f 10017 10018 10020 10019
f 10028 10027 10019 10020
f 10107 10061 10024 10106
f 10033 10029 10026 10032
f 10031 10030 10029 10033
f 10031 10033 10123 10116
f 10123 10033 10032 10120
f 10049 10042 10037 10043
f 10144 10043 10037 10143
f 10045 10039 10038 10044
f 10038 10041 10048 10044
f 10072 10040 10039 10045
f 10073 10069 10040 10072
f 10051 10049 10043 10054
f 10146 10054 10043 10144
f 10046 10045 10044 10047
f 10050 10047 10044 10048
f 10045 10046 10089 10072
f 10046 10052 10053 10089
f 10047 10050 10055 10052
f 10153 10050 10048 10132
f 10051 10054 10157 10158
f 10159 10151 10051 10158
f 10056 10053 10052 10055
f 10087 10089 10053 10090
f 10053 10056 10095 10090
f 10057 10058 10060 10059
f 10063 10060 10058 10062
f 10059 10060 10067 10066
f 10060 10063 10064 10067
f 10108 10062 10061 10107
f 10113 10063 10062 10108
f 10110 10064 10063 10113
f 10432 10393 10065 10433
f 10068 10070 10077 10076
f 10068 10076 10084 10081
f 10069 10073 10078 10075
f 10070 10071 10074 10077
f 10087 10073 10072 10089
f 10088 10078 10073 10087
f 10092 10077 10074 10091
f 10076 10077 10092 10099
f 10100 10084 10076 10099
f 10283 10098 10079 10252
f 10080 10281 10288 10289
f 10303 10266 10080 10289
f 10085 10082 10081 10084
f 10086 10083 10082 10085
f 10083 10086 10270 10265
f 10101 10085 10084 10100
f 10105 10086 10085 10101
f 10086 10105 10294 10270
f 10088 10090 10095 10093
f 10091 10096 10098 10097
f 10093 10095 10280 10094
f 10102 10099 10097 10104
f 10097 10098 10283 10104
f 10103 10101 10100 10102
f 10102 10104 10293 10103
f 10294 10105 10103 10293
f 10104 10283 10291 10293
f 10111 10108 10107 10109
f 10126 10115 10114 10117
f 10127 10119 10115 10126
f 10122 10118 10116 10123
f 10117 10124 10125 10126
f 10119 10127 10236 10136
f 10120 10121 10122 10123
f 10203 10125 10124 10201
f 10127 10126 10125 10207
f 10125 10203 10205 10207
f 10127 10207 10206 10236
f 10138 10130 10129 10135
f 10137 10131 10130 10140
f 10130 10138 10139 10140
f 10153 10152 10133 10282
f 10138 10135 10134 10168
f 10134 10166 10167 10168
f 10224 10221 10136 10236
f 10239 10139 10138 10168
f 10226 10230 10139 10239
f 10227 10140 10139 10230
f 10144 10143 10141 10142
f 10148 10142 10141 10145
f 10146 10144 10142 10147
f 10149 10147 10142 10148
f 10170 10148 10145 10163
f 10150 10149 10148 10170
f 10162 10155 10154 10159
f 10155 10162 10184 10178
f 10288 10281 10156 10363
f 10162 10159 10158 10160
f 10160 10161 10184 10162
f 10161 10173 10181 10184
f 10163 10165 10171 10170
f 10164 10169 10174 10172
f 10183 10171 10165 10176
f 10239 10168 10167 10238
f 10175 10174 10169 10240
f 10181 10173 10171 10183
f 10182 10177 10172 10185
f 10172 10174 10190 10185
f 10174 10175 10192 10190
f 10175 10240 10241 10245
f 10246 10192 10175 10245
f 10186 10179 10177 10182
f 10312 10307 10180 10311
f 10187 10186 10182 10189
f 10182 10185 10191 10189
f 10187 10189 10193 10311
f 10364 10363 10188 10365
f 10189 10191 10194 10193
f 10191 10192 10246 10194
f 10193 10194 10251 10195
f 10312 10311 10193 10195
f 10194 10246 10250 10251
f 10195 10251 10247 10350
f 10349 10312 10195 10350
f 10199 10197 10196 10198
f 10741 10199 10198 10678
f 10679 10231 10199 10741
f 10217 10212 10200 10218
f 10224 10218 10200 10232
f 10201 10202 10204 10203
f 10203 10204 10214 10205
f 10204 10208 10211 10214
f 10206 10207 10205 10215
f 10217 10218 10206 10215
f 10224 10236 10206 10218
f 10216 10213 10212 10217
f 10217 10215 10214 10216
f 10220 10221 10224 10232
f 10222 10223 10225 10226
f 10239 10238 10222 10226
f 10230 10226 10225 10229
f 10229 10228 10227 10230
f 10231 10679 10694 10692
f 10248 10245 10241 10242
f 10242 10244 10249 10248
f 10343 10249 10244 10342
f 10250 10246 10245 10248
f 10248 10249 10247 10250
f 10343 10350 10247 10249
f 10252 10264 10291 10283
f 10255 10254 10253 10284
f 10254 10255 10262 10259
f 10263 10261 10259 10262
f 10272 10268 10265 10270
f 10304 10297 10266 10303
f 10273 10269 10267 10271
f 10269 10273 10333 10332
f 10270 10294 10292 10272
f 10296 10273 10271 10295
f 10273 10296 10337 10333
f 10326 10278 10277 10325
f 10338 10325 10277 10335
f 10279 10327 10357 10341
f 10286 10287 10299 10298
f 10364 10289 10288 10363
f 10304 10303 10289 10364
f 10300 10295 10290 10298
f 10294 10293 10291 10292
f 10301 10296 10295 10300
f 10297 10304 10329 10318
f 10298 10299 10305 10300
f 10330 10305 10299 10320
f 10302 10301 10300 10305
f 10301 10302 10339 10337
f 10302 10305 10330 10322
f 10302 10322 10340 10339
f 10304 10364 10365 10329
f 10306 10308 10313 10315
f 10331 10319 10306 10315
f 10310 10318 10329 10365
f 10317 10315 10313 10316
f 10313 10314 10351 10316
f 10315 10317 10360 10331
f 10316 10351 10352 10355
f 10320 10323 10328 10330
f 10326 10325 10321 10328
f 10321 10322 10330 10328
f 10321 10325 10338 10340
f 10357 10327 10324 10361
f 10324 10331 10360 10361
f 10332 10333 10336 10334
f 10333 10337 10339 10336
f 10338 10335 10334 10336
f 10336 10339 10340 10338
f 10341 10357 10358 10359
f 10343 10344 10345 10347
f 10343 10347 10353 10352
f 10348 10347 10345 10346
f 10346 10359 10358 10348
f 10347 10348 10356 10353
f 10362 10356 10348 10358
f 10354 10355 10353 10356
f 10361 10360 10354 10362
f 10357 10361 10362 10358
f 10369 10368 10366 10372
f 10367 10368 10369 10370
f 10371 10370 10369 10374
f 10369 10372 10373 10374
f 10381 10379 10375 10380
f 10389 10377 10376 10387
f 10377 10378 10382 10380
f 10385 10382 10378 10386
f 10390 10386 10378 10389
f 10384 10381 10380 10382
f 10383 10384 10382 10385
f 10387 10388 10390 10389
f 10396 10395 10391 10397
f 10392 10394 10398 10397
f 10392 10393 10432 10394
f 10396 10397 10398 10399
f 10424 10408 10401 10439
f 10401 10437 10438 10439
f 10419 10404 10402 10418
f 10402 10408 10424 10418
f 10403 10405 10406 10412
f 10406 10407 10411 10414
f 10407 10409 10410 10411
f 10421 10417 10410 10423
f 10427 10419 10418 10425
f 10420 10422 10421 10423
f 10426 10425 10424 10440
f 10425 10426 10429 10428
f 10426 10440 10441 10442
f 10430 10431 10497 10496
f 10805 10497 10431 10750
f 10440 10439 10438 10441
f 10446 10444 10443 10445
f 10453 10448 10447 10452
f 10454 10449 10448 10453
f 10460 10451 10449 10454
f 10450 10451 10460 10459
f 10777 10776 10450 10459
f 10455 10453 10452 10456
f 10458 10454 10453 10455
f 10454 10458 10461 10460
f 10455 10456 10457 10458
f 10461 10458 10457 10464
f 10459 10460 10461 10463
f 10462 10777 10459 10463
f 10461 10464 10462 10463
f 10471 10466 10465 10472
f 10498 10472 10465 10496
f 10466 10471 10780 10778
f 10471 10472 10493 10492
f 10471 10492 10788 10780
f 10549 10493 10472 10498
f 10473 10503 10824 10799
f 10474 10478 10484 12469
f 10481 10476 10475 12464
f 10475 10476 10539 10508
f 10475 10508 12509 12465
f 10483 10480 10476 10481
f 10476 10480 10527 10539
f 10484 10478 10477 10479
f 12482 10484 10479 12471
f 10480 10483 10533 10527
f 12470 10483 10482 12477
f 10482 12464 12474 12477
f 12512 10533 10483 12470
f 12479 12469 10484 12482
f 10485 10486 10489 10488
f 10784 10487 10485 10783
f 10485 10488 10786 10783
f 10486 10487 10545 10546
f 10551 10489 10486 10546
f 10812 10545 10487 10784
f 14320 10494 10490 14626
f 10490 10491 14627 14626
f 14346 10548 10494 14320
f 10495 10556 13165 12567
f 10496 10497 10504 10498
f 10811 10504 10497 10805
f 10498 10504 10550 10549
f 10824 10503 10502 10825
f 10502 10505 10826 10825
f 10815 10550 10504 10811
f 10507 10809 10828 10826
f 10508 10539 10540 10544
f 10509 10516 10530 10528
f 10510 10511 10512 10513
f 10522 10518 10510 10513
f 10511 10562 10564 10512
f 10565 10513 10512 10564
f 10568 10522 10513 10565
f 10521 10517 10515 10519
f 10516 10524 10532 10530
f 10525 10524 10517 10526
f 10523 10520 10518 10522
f 15836 10521 10519 15641
f 10520 10523 10569 10572
f 15838 10526 10521 15836
f 10569 10523 10522 10568
f 10524 10525 10541 10532
f 10525 10526 15838 15842
f 16204 10541 10525 15842
f 10540 10539 10527 10533
f 10529 10531 10538 10534
f 10531 10532 10541 10538
f 12524 10540 10533 12512
f 10542 10537 10535 10538
f 10537 10542 16201 16005
f 12523 10544 10540 12524
f 16206 10543 10541 16204
f 10542 10543 16206 16201
f 12519 12511 10544 12523
f 10813 10547 10545 10812
f 10546 10547 10554 10551
f 10817 10554 10547 10813
f 14347 10552 10548 14346
f 14348 10553 10552 14347
f 14349 10555 10553 14348
f 10557 10558 14605 14606
f 10558 10559 14607 14605
f 10559 10560 14650 14607
f 10560 10561 14651 14650
f 10562 10563 10566 10564
f 14648 10566 10563 14647
f 10567 10565 10564 10566
f 10565 10567 10570 10568
f 14662 10567 10566 14648
f 14670 10570 10567 14662
f 10571 10569 10568 10570
f 10573 10572 10569 10571
f 14671 10571 10570 14670
f 14649 10573 10571 14671
f 10585 10577 10576 10581
f 10577 10585 10677 10668
f 10623 10590 10583 10622
f 10677 10585 10584 10675
f 10587 10639 10759 10670
f 10590 10623 10751 10673
f 10726 10605 10591 10716
f 10592 10606 10727 10714
f 10597 10594 10593 10598
f 10593 10601 10603 10598
f 10599 10596 10595 10600
f 10604 10600 10595 10602
f 10595 10596 10719 10718
f 10723 10602 10595 10718
f 10597 10598 10720 10721
f 10598 10603 10724 10720
f 10740 10614 10602 10723
f 10603 10613 10739 10724
f 10604 10614 10640 10630
f 10730 10607 10605 10726
f 10606 10609 10731 10727
f 10735 10608 10607 10730
f 10738 10612 10608 10735
f 10609 10611 10734 10731
f 10734 10611 10610 10732
f 10644 10638 10612 10738
f 10765 10640 10614 10740
f 10777 10616 10615 10776
f 10617 10619 10665 10664
f 10619 10620 10667 10665
f 10775 10667 10620 10748
f 10779 10623 10622 10778
f 10806 10751 10623 10779
f 10626 10625 10624 10627
f 10624 10630 10631 10627
f 10626 10627 10753 10754
f 10627 10631 10757 10753
f 10647 10648 10628 10649
f 10628 10632 10650 10649
f 10758 10632 10628 10756
f 10628 10648 10766 10756
f 10641 10634 10629 10635
f 10631 10640 10765 10757
f 10768 10657 10632 10758
f 10717 10715 10633 10752
f 10634 10641 10762 10752
f 10635 10636 10642 10641
f 10636 10637 10643 10642
f 10637 10638 10644 10643
f 14153 10759 10639 14152
f 10641 10642 10763 10762
f 10642 10643 10764 10763
f 10644 10738 10737 10764
f 10645 10646 10651 10658
f 10659 10655 10645 10658
f 10650 10657 14182 14165
f 10654 10658 10651 10653
f 14170 10653 10652 14169
f 14171 10654 10653 14170
f 10659 10658 10654 10661
f 14187 10661 10654 14171
f 10663 10656 10655 10660
f 10656 10663 14195 14180
f 10657 10768 14277 14182
f 10659 10661 10662 10660
f 14188 10662 10661 14187
f 14195 10663 10662 14188
f 10664 10665 14199 14198
f 10665 10667 14200 14199
f 14330 10822 10666 14202
f 10667 10775 14203 14200
f 10676 10669 10668 10677
f 10760 10671 10670 10759
f 10761 10672 10671 10760
f 10773 10747 10672 10761
f 10750 10674 10673 10751
f 10678 10684 10686 10741
f 10679 10741 10686 10688
f 10679 10688 10687 10694
f 10694 10687 10682 10693
f 10689 10691 10692 10690
f 10690 10692 10694 10693
f 10709 10698 10696 10705
f 10697 10698 10700 10699
f 10707 10700 10698 10709
f 10711 10710 10699 10700
f 10708 10711 10700 10707
f 10701 10702 10706 10703
f 10709 10706 10702 10707
f 10713 10714 10727 10725
f 10716 10717 10728 10726
f 10717 10752 10762 10728
f 10718 10719 10722 10744
f 10746 10723 10718 10744
f 10742 10721 10720 10743
f 10745 10743 10720 10724
f 10769 10744 10722 10755
f 10725 10727 10731 10729
f 10726 10728 10736 10730
f 10728 10762 10763 10736
f 10734 10733 10729 10731
f 10737 10735 10730 10736
f 10736 10763 10764 10737
f 10740 10746 10770 10765
f 10770 10746 10744 10769
f 10774 10749 10747 10773
f 10748 10749 10774 10775
f 10750 10751 10806 10805
f 10755 10754 10753 10769
f 10753 10757 10770 10769
f 10756 10766 10767 10771
f 10772 10758 10756 10771
f 14268 10760 10759 14153
f 14269 10761 10760 14268
f 14286 10773 10761 14269
f 14279 10771 10767 14271
f 10768 10772 14282 14277
f 14282 10772 10771 14279
f 14287 10774 10773 14286
f 14203 10775 10774 14287
f 10782 10779 10778 10780
f 10779 10782 10810 10806
f 10789 10782 10780 10788
f 10781 10802 10827 10807
f 10782 10789 10816 10810
f 10784 10785 10814 10812
f 10785 10787 10818 10814
f 10790 10819 13163 12606
f 10791 10792 10803 10796
f 10791 12662 12659 12663
f 12689 10792 10791 12663
f 10791 10796 12726 12662
f 12814 10803 10792 12694
f 10793 12695 12690 12708
f 10793 10804 12815 12695
f 10793 12708 14317 14318
f 14321 10804 10793 14318
f 10794 10797 10800 12755
f 12756 12731 10794 12755
f 14325 10797 10795 14324
f 12729 12726 10796 12733
f 10796 10803 12818 12733
f 14327 10800 10797 14325
f 13196 10823 10798 12796
f 10799 10824 14350 14329
f 14328 10801 10800 14327
f 12820 12815 10804 12829
f 14323 12829 10804 14321
f 10805 10806 10810 10811
f 10829 10808 10807 10827
f 10828 10809 10808 10829
f 10815 10811 10810 10816
f 10813 10814 10818 10817
f 10819 10820 13164 13163
f 10820 10821 13195 13164
f 10821 10823 13196 13195
f 15640 13165 10822 14330
f 10824 10825 14351 14350
f 10835 10832 10831 10834
f 10832 10835 10849 10844
f 10849 10835 10833 10852
f 10840 10837 10836 10839
f 10851 10841 10837 10850
f 10837 10840 10853 10850
f 10910 10839 10838 10909
f 10911 10840 10839 10910
f 10944 10853 10840 10911
f 10862 10843 10842 10860
f 10842 10843 11432 11431
f 11433 10861 10842 11431
f 10843 10863 11434 11432
f 10857 10846 10845 10847
f 10847 10848 10852 10857
f 10859 10855 10851 10854
f 10942 10854 10853 10944
f 11473 10859 10854 10942
f 10858 10856 10855 10859
f 10856 10858 11472 11471
f 10858 10859 11473 11472
f 10860 10861 11151 11150
f 11155 10862 10860 11150
f 11870 11151 10861 11433
f 11156 10863 10862 11155
f 10863 11156 11872 11434
f 10980 10866 10864 10979
f 10864 10867 10983 10979
f 10865 10866 10879 10878
f 11000 10879 10866 10980
f 10867 10868 10871 10870
f 10867 10870 10986 10983
f 11253 10985 10869 11153
f 10869 10985 11590 11469
f 10870 10871 10914 10912
f 10870 10912 11038 10986
f 10872 10873 11224 11223
f 11226 10875 10872 11223
f 10873 10874 11225 11224
f 10874 10885 11235 11225
f 11227 10876 10875 11226
f 11228 10877 10876 11227
f 11236 10886 10877 11228
f 10890 10882 10880 10897
f 10894 10897 10880 10893
f 10881 10887 10888 10898
f 10896 10895 10881 10898
f 10916 10887 10881 10921
f 10881 10895 10922 10921
f 10892 10884 10883 10890
f 10884 10892 11459 11467
f 10918 10889 10887 10917
f 10888 10889 11457 11458
f 11463 10898 10888 11458
f 10889 10918 11476 11457
f 11459 10892 10891 11460
f 10891 10900 11465 11460
f 11132 10922 10895 11144
f 10895 10896 11146 11144
f 10896 10898 11463 11464
f 11879 11146 10896 11464
f 11465 10900 10899 11466
f 10901 10903 10919 10920
f 10926 10902 10901 10920
f 10904 10906 10902 10945
f 10902 10926 10927 10945
f 10903 10907 10925 10919
f 11050 10906 10904 11051
f 10904 10945 11052 11051
f 10905 10906 11050 11058
f 11064 10908 10905 11058
f 10910 11110 11111 10911
f 10940 10944 10911 11111
f 10912 10914 10913 10915
f 10912 10915 11040 11038
f 10924 10915 10913 10923
f 10915 10924 11047 11040
f 11119 10917 10916 11135
f 10916 10921 11131 11135
f 11180 10918 10917 11119
f 10918 11180 11874 11476
f 10921 10922 11132 11131
f 10946 10945 10927 10929
f 11171 10929 10928 11176
f 10928 10932 11173 11176
f 10929 10931 10947 10946
f 11172 10930 10929 11171
f 11181 10935 10930 11172
f 10931 10936 10948 10947
f 10932 10933 11174 11173
f 10933 10934 11175 11174
f 10934 10937 11182 11175
f 10938 11106 11105 11125
f 11130 10939 10938 11127
f 11129 11128 10939 11130
f 10940 11111 11112 10943
f 10941 11473 10942 10943
f 10941 11471 11472 11473
f 10945 10946 11055 11052
f 10946 10947 11057 11055
f 10947 10948 11063 11057
f 10951 10950 10949 10964
f 10965 10964 10949 10971
f 10949 10950 11069 11010
f 10950 10951 10956 10974
f 10950 10975 11067 11069
f 11504 10956 10951 11503
f 10951 10964 11508 11503
f 10953 10954 10952 10968
f 10960 10955 10952 10957
f 10952 10954 10962 10957
f 10952 10955 10967 10968
f 10953 10968 10969 10970
f 11780 10954 10953 11781
f 10953 10970 11785 11781
f 11782 10962 10954 11780
f 10955 10960 10961 10973
f 10972 10967 10955 10973
f 10975 10974 10956 11504
f 10957 10959 10958 10960
f 10963 10959 10957 10962
f 10961 10960 10958 10977
f 10958 10959 10976 10977
f 10959 10963 10978 10976
f 10961 10977 11079 11082
f 11094 10973 10961 11082
f 11783 10963 10962 11782
f 11784 10978 10963 11783
f 10964 10965 11509 11508
f 10965 10966 11514 11509
f 10966 10971 11010 11007
f 10966 11007 11527 11514
f 10969 10968 10967 10972
f 10969 10972 11351 11352
f 11359 10970 10969 11352
f 10970 11359 12342 11785
f 10972 10973 11094 11351
f 11079 10977 10976 11077
f 10976 10978 11090 11077
f 11857 11090 10978 11784
f 10982 10980 10979 10981
f 10984 10981 10979 10983
f 10980 10982 11001 11000
f 10990 10984 10983 10986
f 11041 10990 10986 11038
f 11036 10988 10987 11039
f 10987 11004 11046 11039
f 11037 10989 10988 11036
f 11043 10996 10989 11037
f 11116 10993 10991 11117
f 10991 10992 11118 11117
f 10992 11002 11136 11118
f 11122 10994 10993 11116
f 11123 10995 10994 11122
f 11124 10999 10995 11123
f 11044 10998 10996 11043
f 10997 10998 11044 11045
f 11049 11005 10997 11045
f 11139 11003 10999 11124
f 11006 11008 11011 11009
f 11006 11009 11013 11015
f 11006 11015 11021 11019
f 11024 11008 11006 11019
f 11007 11012 11533 11527
f 11272 11011 11008 11274
f 11008 11024 11283 11274
f 11017 11013 11009 11018
f 11009 11011 11070 11018
f 11269 11070 11011 11272
f 11012 11068 11624 11533
f 11016 11015 11013 11014
f 11362 11016 11014 11363
f 11014 11017 11364 11363
f 11015 11016 11031 11021
f 11395 11031 11016 11362
f 11017 11018 11357 11364
f 11018 11070 11358 11357
f 11019 11021 11022 11027
f 11025 11024 11019 11027
f 11020 11026 11028 11523
f 11287 11026 11020 11285
f 11524 11522 11020 11523
f 11930 11285 11020 11522
f 11033 11022 11021 11031
f 11029 11027 11022 11034
f 11382 11032 11023 11380
f 11023 11028 11386 11380
f 11523 11028 11023 11525
f 11024 11025 11284 11283
f 11025 11027 11029 11030
f 11025 11030 11271 11284
f 11386 11028 11026 11390
f 11029 11034 11393 11392
f 11384 11033 11031 11394
f 11032 11382 11383 11536
f 11521 11525 11032 11536
f 11393 11034 11033 11384
f 11035 11098 11099 11331
f 11101 11098 11035 11329
f 11330 11329 11035 11331
f 11212 11037 11036 11211
f 11036 11039 11214 11211
f 11229 11043 11037 11212
f 11038 11040 11042 11041
f 11039 11046 11237 11214
f 11048 11042 11040 11047
f 11230 11044 11043 11229
f 11231 11045 11044 11230
f 11241 11049 11045 11231
f 11053 11172 11171 11054
f 11181 11172 11053 11062
f 11054 11171 11176 11056
f 11056 11176 11177 11059
f 11178 11060 11059 11177
f 11179 11061 11060 11178
f 11183 11065 11061 11179
f 11624 11068 11066 11622
f 11071 11320 11317 11341
f 11071 11072 11321 11320
f 11072 11073 11319 11321
f 11322 11319 11073 11345
f 11073 11342 11349 11345
f 11627 11076 11074 11628
f 11074 11348 11629 11628
f 11075 11344 11343 11347
f 11075 11076 11627 11631
f 12202 11344 11075 11631
f 11080 11079 11077 11081
f 11091 11081 11077 11090
f 11086 11084 11078 11085
f 11078 11084 11092 11093
f 11248 11085 11078 11245
f 11078 11093 11251 11245
f 11083 11082 11079 11080
f 11092 11084 11081 11091
f 11082 11083 11095 11094
f 11083 11088 11096 11095
f 11244 11089 11085 11248
f 11088 11089 11097 11096
f 11299 11097 11089 11244
f 11858 11091 11090 11857
f 11860 11092 11091 11858
f 11859 11093 11092 11860
f 12125 11251 11093 11859
f 11354 11351 11094 11095
f 11096 11097 11353 11354
f 11097 11299 11305 11353
f 11332 11331 11099 11100
f 11334 11332 11100 11405
f 11100 11403 11418 11405
f 11101 11329 11328 11401
f 11101 11401 11418 11403
f 11404 11402 11102 11416
f 11642 11103 11102 11644
f 11102 11402 12235 11644
f 11643 11104 11103 11642
f 11928 11417 11104 11643
f 11105 11106 11107 11108
f 11126 11125 11105 11109
f 11185 11108 11107 11184
f 11186 11109 11108 11185
f 11193 11126 11109 11186
f 11215 11115 11113 11213
f 11113 11120 11218 11213
f 11114 11115 11149 11148
f 11238 11149 11115 11215
f 11119 11137 11138 11180
f 11120 11121 11160 11154
f 11120 11154 11254 11218
f 11194 11127 11126 11193
f 11196 11130 11127 11194
f 11128 11129 11195 11197
f 11129 11130 11196 11195
f 11137 11135 11131 11133
f 11131 11132 11144 11133
f 11141 11137 11133 11145
f 11133 11144 11146 11145
f 11140 11147 11134 11163
f 11143 11142 11134 11147
f 11134 11162 11164 11163
f 11134 11142 11168 11162
f 11874 11180 11138 11876
f 11138 11141 11877 11876
f 11881 11147 11140 11885
f 11140 11165 11884 11885
f 11141 11145 11882 11877
f 11142 11143 12461 12456
f 11143 11147 11881 11887
f 11143 11887 12536 12461
f 11145 11146 11879 11882
f 11150 11152 11157 11155
f 11871 11152 11151 11870
f 11873 11157 11152 11871
f 11974 11253 11153 11890
f 11154 11158 11256 11254
f 11156 11157 11873 11872
f 11158 11161 11257 11256
f 11170 11161 11159 11169
f 11161 11170 11260 11257
f 11209 11164 11162 11208
f 11162 11168 12456 11208
f 11210 11166 11164 11209
f 11165 11167 11883 11884
f 12447 11167 11166 11210
f 12530 11883 11167 12447
f 11186 11185 11184 11187
f 11186 11187 11200 11193
f 11187 11192 11202 11200
f 11188 11189 11201 11199
f 11189 11190 11203 11201
f 11190 11191 12462 12467
f 12475 11203 11190 12467
f 11194 11202 11206 11196
f 11206 11197 11195 11196
f 11198 11207 12481 12480
f 11207 11205 11199 11204
f 12478 11204 11203 12475
f 12481 11207 11204 12478
f 12449 11209 11208 12459
f 11211 11214 11220 11219
f 11221 11212 11211 11219
f 11212 11221 11232 11229
f 11217 11215 11213 11216
f 11222 11216 11213 11218
f 11240 11220 11214 11237
f 11215 11217 11239 11238
f 11255 11222 11218 11254
f 11233 11230 11229 11232
f 11234 11231 11230 11233
f 11231 11234 11242 11241
f 11245 11251 11243 11247
f 11250 11247 11243 11252
f 12124 11252 11243 12123
f 11243 11251 12125 12123
f 11244 11248 11246 11249
f 11244 11249 11301 11299
f 11245 11247 11246 11248
f 11246 11247 11250 11249
f 11249 11250 11303 11301
f 11250 11252 11308 11303
f 12182 11308 11252 12124
f 11258 11255 11254 11256
f 11256 11257 11259 11258
f 11261 11259 11257 11260
f 11262 11263 11919 11916
f 11263 11264 11265 11268
f 11263 11268 11923 11919
f 11297 11265 11264 11312
f 11313 11266 11265 11297
f 11270 11268 11266 11267
f 11315 11267 11266 11313
f 11316 11276 11267 11315
f 11269 11272 11273 11275
f 11289 11284 11271 11288
f 11411 11288 11271 11406
f 11272 11274 11277 11273
f 11273 11277 11279 11278
f 11280 11275 11273 11278
f 11286 11277 11274 11283
f 11275 11280 11371 11370
f 11276 11316 12022 11932
f 11292 11279 11277 11286
f 11278 11279 11282 11281
f 11295 11282 11279 11292
f 11280 11281 11373 11371
f 11281 11282 11374 11373
f 11282 11295 11420 11374
f 11283 11284 11289 11286
f 11290 11287 11285 11935
f 11285 11930 11931 11935
f 11286 11289 11294 11292
f 11294 11289 11288 11291
f 11414 11291 11288 11411
f 11290 11293 11408 11407
f 11290 11935 11936 11293
f 11421 11296 11291 11414
f 11292 11294 11296 11295
f 11419 11408 11293 11940
f 11295 11296 11421 11420
f 11297 11298 11300 11307
f 11297 11307 11311 11313
f 11298 11312 12006 11300
f 11299 11301 11302 11305
f 12008 11307 11300 12006
f 11304 11302 11301 11303
f 11306 11305 11302 11304
f 11310 11304 11303 11308
f 11309 11306 11304 11310
f 11356 11353 11305 11306
f 11306 11309 11361 11356
f 12020 11311 11307 12008
f 12184 11310 11308 12182
f 11309 11310 12184 12185
f 12344 11361 11309 12185
f 11315 11313 11311 11314
f 12021 11314 11311 12020
f 12022 11316 11314 12021
f 11317 11318 11323 11324
f 11346 11341 11317 11324
f 11318 11319 11322 11323
f 11335 11323 11322 11325
f 11322 11345 11381 11325
f 11336 11324 11323 11335
f 11324 11336 11424 11346
f 11325 11327 11337 11335
f 11397 11327 11325 11381
f 11326 11328 11333 11338
f 11337 11327 11326 11338
f 11326 11327 11397 11388
f 11326 11388 11401 11328
f 11328 11329 11330 11333
f 11330 11332 11334 11333
f 11340 11338 11333 11334
f 11334 11405 11429 11340
f 11339 11336 11335 11337
f 11336 11339 11426 11424
f 11337 11338 11340 11339
f 11339 11340 11429 11426
f 11349 11342 11341 11346
f 11348 11347 11343 11350
f 11343 11344 11375 11376
f 11427 11350 11343 11376
f 12214 11375 11344 12202
f 11345 11349 11396 11381
f 11396 11349 11346 11424
f 11348 11350 12199 11629
f 11350 11427 12208 12199
f 11355 11352 11351 11354
f 11352 11355 11360 11359
f 11355 11354 11353 11356
f 11355 11356 11361 11360
f 11365 11364 11357 11368
f 11359 11360 12345 12342
f 11360 11361 12344 12345
f 11362 11365 11398 11395
f 11365 11368 11389 11398
f 11366 11369 11409 11406
f 11367 11387 11389 11368
f 11369 11372 11410 11409
f 11372 11374 11420 11410
f 11425 11376 11375 11377
f 12220 11377 11375 12214
f 11376 11425 11428 11427
f 11377 11378 11379 11425
f 12222 11378 11377 12220
f 11378 11402 11404 11379
f 12235 11402 11378 12222
f 11379 11404 11423 11430
f 11428 11425 11379 11430
f 11385 11382 11380 11391
f 11380 11386 11390 11391
f 11381 11396 11399 11397
f 11539 11536 11383 12204
f 11383 11385 12211 12204
f 11385 11391 12217 12211
f 11388 11397 11399 11400
f 11418 11401 11388 11400
f 12217 11391 11390 11637
f 11396 11424 11426 11399
f 11399 11426 11429 11400
f 11400 11429 11405 11418
f 11404 11416 11417 11423
f 11407 11408 11413 11412
f 11415 11413 11408 11419
f 11414 11411 11409 11410
f 11412 11413 12234 11646
f 11413 11415 12237 12234
f 11415 11422 12243 12237
f 12232 11423 11417 11928
f 11419 11940 11939 11422
f 11422 11939 11945 12243
f 12233 11430 11423 12232
f 11427 11428 12209 12208
f 11428 11430 12233 12209
f 11435 11441 11443 11444
f 11436 11452 11450 11439
f 11437 11451 11453 11470
f 11480 11451 11437 11481
f 11437 11470 11483 11481
f 11438 11439 11450 11441
f 11440 11453 11445 11456
f 11556 11470 11440 11555
f 11440 11456 11575 11555
f 11455 11446 11441 11450
f 11453 11451 11442 11445
f 11442 11451 11480 11490
f 11491 11448 11442 11490
f 11570 11444 11443 11576
f 11443 11446 11577 11576
f 11449 11447 11445 11448
f 11446 11455 11552 11577
f 11575 11456 11447 11578
f 11447 11449 11579 11578
f 11492 11449 11448 11491
f 11449 11492 11671 11579
f 11450 11452 11454 11455
f 11552 11455 11454 11554
f 11475 11463 11458 11477
f 11462 11468 11460 11465
f 11465 11466 11461 11462
f 11474 11464 11463 11475
f 11464 11474 11878 11879
f 11678 11484 11470 11556
f 11474 11475 11880 11878
f 11475 11477 11875 11880
f 11875 11477 11476 11874
f 11478 11499 11892 11905
f 11906 11479 11478 11905
f 11670 11496 11479 11676
f 12044 11676 11479 11906
f 11480 11481 11483 11482
f 11493 11490 11480 11482
f 11482 11483 11484 11501
f 11498 11493 11482 11501
f 11682 11501 11484 11678
f 11488 11486 11485 11487
f 11485 11499 11495 11487
f 11892 11499 11485 11893
f 11485 11486 11894 11893
f 11486 11488 11903 11894
f 11489 11488 11487 11500
f 11487 11495 11497 11500
f 11488 11489 11915 11903
f 11489 11500 11679 11680
f 11489 11680 12051 11915
f 11494 11492 11491 11493
f 11492 11494 11673 11671
f 11494 11498 11674 11673
f 11672 11497 11496 11670
f 11679 11500 11497 11672
f 11498 11501 11682 11674
f 11503 11508 11515 11519
f 11518 11504 11503 11519
f 11506 11507 11505 11512
f 11513 11512 11505 11517
f 12004 11517 11505 12013
f 11505 11507 12011 12013
f 11546 11507 11506 11544
f 11507 11546 12030 12011
f 11508 11509 11516 11515
f 11513 11511 11510 11512
f 11511 11513 11526 11528
f 11513 11517 11531 11530
f 11529 11516 11514 11527
f 11515 11516 11529 11532
f 11623 11520 11519 11532
f 11523 11525 11521 11524
f 11537 11524 11521 11538
f 11521 11536 11539 11538
f 11522 11524 11537 11540
f 11522 11540 11942 11930
f 11526 11530 11626 11535
f 11534 11535 11609 11596
f 11608 11609 11535 11626
f 11541 11540 11537 11597
f 11537 11538 11592 11597
f 11538 11539 11593 11592
f 11539 12204 12215 11593
f 11540 11541 11941 11942
f 11541 11597 11604 11542
f 11541 11543 11927 11941
f 11542 11639 11637 11543
f 11547 11546 11544 11548
f 11544 11545 11560 11548
f 11546 11547 11971 12030
f 11547 11548 11551 11550
f 11547 11550 11972 11971
f 11563 11568 11549 11572
f 11549 11568 11724 11721
f 11729 11572 11549 11721
f 11550 11551 11612 11613
f 11553 11580 11552 11554
f 11552 11580 11571 11577
f 11557 11556 11555 11558
f 11581 11558 11555 11575
f 11556 11557 11668 11678
f 11557 11558 11669 11668
f 11558 11581 11675 11669
f 11612 11560 11559 11611
f 11564 11562 11561 11563
f 11568 11563 11561 11566
f 11561 11565 11569 11567
f 11616 11565 11562 11617
f 11562 11564 11619 11617
f 11563 11572 11574 11573
f 11618 11569 11565 11616
f 11566 11567 11722 11723
f 11724 11568 11566 11723
f 11567 11569 11726 11722
f 11569 11618 11778 11726
f 11732 11574 11572 11729
f 11675 11581 11579 11671
f 11582 11586 11588 11664
f 11655 11583 11582 11664
f 11661 11585 11584 11655
f 11585 11661 11797 11798
f 11591 11589 11587 11666
f 11587 11663 11653 11666
f 11949 11663 11587 11950
f 11587 11589 11955 11950
f 11667 11664 11588 11665
f 11589 11591 11811 11808
f 11589 11808 12091 11955
f 11591 11666 11654 11656
f 11591 11656 11801 11811
f 11604 11597 11592 11600
f 11636 11600 11593 12215
f 11594 11598 11601 11602
f 11610 11595 11594 11602
f 11754 11598 11594 11755
f 11594 11595 11756 11755
f 11595 11610 12210 12207
f 12253 11756 11595 12207
f 11598 11599 11605 11601
f 11758 11599 11598 11754
f 11990 11605 11599 11992
f 11599 11758 12098 11992
f 11639 11604 11600 11636
f 11603 11602 11601 11607
f 11601 11605 11606 11607
f 12210 11610 11603 12212
f 11603 11607 12218 12212
f 11994 11606 11605 11990
f 12218 11607 11606 11638
f 11608 11684 11613 11614
f 11608 11626 11625 11684
f 11812 11620 11615 11809
f 11617 11619 11620 11621
f 11618 11621 11813 11778
f 11813 11621 11620 11812
f 12205 11630 11629 12199
f 12202 11631 11630 12205
f 11632 11635 11686 11689
f 12206 12200 11632 12203
f 11686 11635 11633 11685
f 11633 11634 11687 11685
f 11634 12200 12206 12201
f 12250 11687 11634 12201
f 11637 11639 11636 12217
f 11636 12215 12211 12217
f 11640 11698 11700 12223
f 11701 11699 11641 12240
f 12242 11645 11644 12235
f 12232 11928 11645 12242
f 11646 11647 11975 11927
f 11647 11648 11996 11988
f 12000 11996 11648 12245
f 11706 11651 11649 11715
f 11710 11715 11649 12236
f 11649 11650 12244 12236
f 11650 11929 12248 12244
f 11707 11652 11651 11706
f 11652 11707 11986 11929
f 11654 11666 11653 11658
f 11946 11658 11653 11951
f 11653 11663 11949 11951
f 11654 11659 11662 11660
f 11655 11664 11667 11657
f 11656 11660 11802 11801
f 11797 11661 11657 11799
f 11657 11667 11806 11799
f 11947 11659 11658 11946
f 11948 11662 11659 11947
f 11660 11662 11803 11802
f 12088 11803 11662 11948
f 11806 11667 11665 11807
f 11682 11678 11668 11669
f 11674 11682 11669 11675
f 11672 11677 11683 11679
f 12056 11677 11676 12044
f 12053 11683 11677 12056
f 11681 11680 11679 11683
f 11680 11681 12050 12051
f 11681 11683 12053 12050
f 12252 11690 11687 12250
f 11688 11692 11819 11818
f 11822 11694 11688 11818
f 12203 11632 11689 12252
f 11691 11694 11695 12254
f 12251 11693 11691 12254
f 11692 11693 11820 11819
f 12313 11820 11693 12251
f 12315 11695 11694 11822
f 12264 12254 11695 12256
f 12346 12256 11695 12315
f 11756 12253 11696 11767
f 11696 11697 11765 11767
f 12255 11697 11696 12253
f 11697 11700 11698 11702
f 11697 11702 11761 11765
f 11761 11702 11698 11762
f 11699 11701 11713 11711
f 12216 12223 11700 12255
f 11720 11713 11701 12274
f 11701 12240 12241 12274
f 11768 11769 11703 12257
f 11770 11704 11703 11769
f 11703 11704 11840 12320
f 11704 11770 11796 11839
f 12097 11712 11705 12086
f 11705 11712 12321 11832
f 11706 11715 11716 11707
f 11708 11709 11719 11718
f 11852 11709 11708 11851
f 11708 11718 11854 11851
f 11709 11852 11853 11987
f 11716 11715 11710 12276
f 11710 12236 12221 12263
f 11710 12263 12272 12276
f 11711 11713 12103 12096
f 12102 11714 11712 12097
f 11713 11720 12104 12103
f 12116 11841 11714 12102
f 12277 11986 11716 12276
f 12003 12118 11717 12247
f 12104 11720 11717 12118
f 11717 12274 12241 12247
f 11718 11719 12278 12275
f 12324 11854 11718 12275
f 11719 11987 12279 12278
f 11721 11724 11728 11729
f 11727 11725 11722 11726
f 11728 11724 11723 11725
f 11730 11728 11725 11731
f 11779 11727 11726 11778
f 11817 11731 11727 11779
f 11732 11729 11728 11730
f 11809 11732 11730 11816
f 11730 11731 11817 11816
f 11745 11743 11733 11746
f 11826 11746 11733 11823
f 11733 11743 11845 11823
f 11739 11736 11734 11738
f 11735 11741 11747 11738
f 11736 11739 12296 12287
f 11744 11745 11737 11748
f 11737 11745 11746 11775
f 11777 11740 11737 11776
f 11738 11747 11753 11749
f 11739 11749 12299 12296
f 12298 11748 11740 12297
f 11740 11777 12300 12297
f 11741 11742 11751 11747
f 11743 11745 11744 11750
f 11743 11750 11846 11845
f 12292 11750 11744 12290
f 11744 11748 12298 12290
f 11824 11775 11746 11826
f 11747 11751 11752 11753
f 11749 11753 12291 12299
f 12361 11846 11750 12292
f 12291 11753 11752 12285
f 11754 11755 11757 11760
f 11759 11758 11754 11760
f 11755 11756 11767 11757
f 11757 11765 11761 11760
f 11758 11759 12094 12098
f 11761 11762 11759 11760
f 11759 11762 12095 12094
f 11763 11770 11769 11766
f 11772 11764 11763 11771
f 11763 11766 11773 11771
f 11796 11770 11763 11764
f 12085 11796 11764 12087
f 11764 11772 12108 12087
f 11766 11768 11774 11773
f 11768 12257 12319 11774
f 11787 11772 11771 11786
f 11771 11773 11790 11786
f 11772 11787 12136 12108
f 11773 11774 11792 11790
f 12340 11792 11774 12319
f 11833 11776 11775 11824
f 11834 11777 11776 11833
f 11777 11834 12354 12300
f 11789 11787 11786 11788
f 11791 11788 11786 11790
f 11787 11789 12135 12136
f 11788 11791 11794 11795
f 11856 11789 11788 11795
f 11789 11856 12132 12135
f 11793 11791 11790 11792
f 12341 11793 11792 12340
f 11863 11794 11793 12341
f 11864 11795 11794 11863
f 11866 11856 11795 11864
f 11810 11800 11799 11806
f 11815 11811 11801 11804
f 12089 11804 11803 12088
f 12092 11815 11804 12089
f 11806 11807 11805 11810
f 11808 11811 11815 11814
f 11808 11814 12090 12091
f 11814 11815 12092 12090
f 11818 11819 11821 11822
f 12314 11821 11820 12313
f 12315 11822 11821 12314
f 11828 11826 11823 11845
f 11824 11826 11828 11835
f 11827 11829 11825 11842
f 12153 11836 11825 12152
f 11825 11829 12155 12152
f 11827 11842 11843 11847
f 11827 11847 11849 11848
f 11850 11829 11827 11848
f 11844 11835 11828 11830
f 11828 11845 11846 11830
f 11829 11850 12167 12155
f 11830 11846 12361 12360
f 12387 11844 11830 12360
f 11831 11832 11861 11862
f 12352 11861 11832 12321
f 11837 11834 11833 11835
f 11834 11837 12386 12354
f 11837 11842 11836 11838
f 12154 11838 11836 12153
f 12355 11843 11837 12356
f 11837 11838 12385 12356
f 11837 11844 12387 12386
f 11838 12154 12425 12385
f 11865 11840 11839 11866
f 12343 12320 11840 11865
f 11841 12116 12142 12353
f 12352 12321 11841 12353
f 12359 11847 11843 12355
f 12358 11849 11847 12359
f 12167 11850 11848 12168
f 11848 11849 12170 12168
f 12194 12170 11849 12358
f 11855 11852 11851 11854
f 12279 11987 11853 12326
f 11853 11855 12325 12326
f 12325 11855 11854 12324
f 11868 11867 11861 12352
f 11862 11867 12133 12132
f 11863 12341 12343 11865
f 11867 11868 12141 12133
f 11868 11869 12143 12141
f 11869 12353 12142 12143
f 11875 11877 11882 11880
f 11882 11879 11878 11880
f 11881 11885 11886 11889
f 11888 11887 11881 11889
f 12541 11886 11883 12530
f 12542 11889 11886 12541
f 11888 11889 12542 12536
f 11892 11893 11900 11910
f 11893 11894 11903 11900
f 11897 11898 11895 11899
f 11895 11896 11909 11899
f 12546 11896 11895 12545
f 11895 11898 12547 12545
f 12560 11914 11896 12546
f 11897 11899 11901 11902
f 12547 11898 11897 12551
f 11897 11902 12557 12551
f 11908 11901 11899 11909
f 11911 11910 11900 11904
f 11900 11903 11915 11904
f 11901 11908 12041 12048
f 12052 11902 11901 12048
f 11902 12052 12625 12557
f 12043 11911 11904 12049
f 11904 11915 12051 12049
f 11907 11906 11905 11910
f 11906 11907 12042 12044
f 11907 11911 12043 12042
f 11908 11912 12040 12041
f 11913 11912 11909 11914
f 11912 11913 12047 12040
f 11913 11914 12560 12561
f 12621 12047 11913 12561
f 12018 12017 11917 11920
f 12007 11921 11918 12005
f 11920 11922 12019 12018
f 11926 11925 11921 11933
f 12024 11933 11921 12007
f 11922 11932 12022 12026
f 11924 11925 11976 11956
f 11925 11926 11979 11976
f 11926 11937 11980 11979
f 11929 11986 12277 12248
f 11943 11931 11930 11942
f 11936 11935 11931 11938
f 11944 11938 11931 11943
f 12027 11934 11933 12024
f 12029 11937 11934 12027
f 11939 11940 11936 11938
f 12060 11980 11937 12029
f 11945 11939 11938 11944
f 11943 11942 11941 11989
f 11941 11975 11988 11989
f 11998 11944 11943 11989
f 12000 11945 11944 11998
f 12245 12243 11945 12000
f 11946 11951 11952 11957
f 11962 11948 11947 11957
f 11948 11962 12110 12088
f 11949 11950 11952 11951
f 11970 11952 11950 11955
f 11969 11957 11952 11970
f 11958 11959 11953 11968
f 11953 11954 11966 11968
f 12081 11954 11953 12119
f 11953 11959 12111 12119
f 12076 11966 11954 12079
f 12149 12079 11954 12081
f 12120 11970 11955 12091
f 11958 11961 11964 11963
f 11958 11968 11965 11960
f 11959 11963 12107 12111
f 12063 11961 11960 12062
f 11960 11965 12068 12062
f 12066 11964 11961 12063
f 11962 11969 12112 12110
f 11963 11964 12114 12107
f 11964 12066 12176 12114
f 11965 11968 11966 11967
f 11965 11967 12069 12068
f 12069 11967 11966 12076
f 11969 11970 12120 12112
f 11971 11972 11973 12032
f 12031 12030 11971 12032
f 11973 11977 11978 12033
f 12034 12032 11973 12033
f 11981 11978 11976 11979
f 12059 12033 11978 11981
f 12059 11981 11980 12060
f 12037 11983 11982 12035
f 12039 11984 11983 12037
f 11983 11984 12084 12083
f 12061 11985 11984 12039
f 11985 12061 12148 12093
f 11998 11989 11988 11996
f 11990 11992 11993 11991
f 11990 11991 11995 11994
f 11997 11995 11991 11999
f 11991 11993 12002 11999
f 12099 11993 11992 12098
f 12117 12002 11993 12099
f 12239 12238 11995 11997
f 11997 12001 12246 12239
f 12003 12001 11999 12002
f 12001 12003 12247 12246
f 12118 12003 12002 12117
f 12005 12013 12015 12007
f 12014 12008 12006 12010
f 12007 12015 12025 12024
f 12008 12014 12023 12020
f 12015 12013 12011 12012
f 12031 12012 12011 12030
f 12025 12015 12012 12016
f 12045 12016 12012 12031
f 12014 12018 12019 12023
f 12046 12028 12016 12045
f 12026 12022 12021 12023
f 12029 12027 12025 12028
f 12060 12029 12028 12046
f 12031 12032 12034 12045
f 12060 12046 12034 12059
f 12035 12036 12038 12037
f 12179 12036 12035 12126
f 12145 12038 12036 12144
f 12178 12144 12036 12179
f 12037 12038 12057 12039
f 12146 12057 12038 12145
f 12055 12048 12041 12058
f 12053 12056 12043 12049
f 12632 12058 12047 12621
f 12054 12052 12048 12055
f 12049 12051 12050 12053
f 12052 12054 12624 12625
f 12054 12055 12626 12624
f 12055 12058 12632 12626
f 12148 12061 12057 12147
f 12071 12064 12062 12068
f 12063 12064 12067 12066
f 12064 12071 12073 12075
f 12072 12070 12065 12074
f 12065 12611 12614 12613
f 12065 12070 12615 12612
f 12066 12067 12875 12176
f 12067 12075 12850 12875
f 12068 12069 12076 12071
f 12070 12072 12078 12077
f 12070 12077 12616 12615
f 12071 12076 12079 12073
f 12852 12078 12072 12853
f 12072 12074 12876 12853
f 12073 12079 12149 12851
f 12850 12075 12073 12851
f 12074 12613 12877 12876
f 12599 12616 12077 12643
f 12077 12078 12648 12643
f 12979 12648 12078 12852
f 12080 12083 12127 12122
f 12081 12119 12121 12082
f 12081 12082 12150 12149
f 12082 12121 12151 12150
f 12083 12084 12130 12127
f 12084 12093 12134 12130
f 12105 12086 12085 12087
f 12106 12097 12086 12105
f 12109 12105 12087 12108
f 12120 12092 12089 12112
f 12120 12091 12090 12092
f 12191 12134 12093 12148
f 12094 12095 12096 12100
f 12099 12098 12094 12100
f 12101 12100 12096 12103
f 12099 12100 12101 12117
f 12101 12104 12118 12117
f 12102 12106 12113 12116
f 12113 12106 12105 12109
f 12139 12109 12108 12136
f 12138 12113 12109 12139
f 12121 12119 12111 12115
f 12142 12116 12113 12138
f 12177 12115 12114 12176
f 12151 12121 12115 12177
f 12180 12179 12126 12181
f 12128 12129 12186 12181
f 12129 12131 12190 12186
f 12131 12134 12191 12190
f 12137 12135 12132 12133
f 12140 12137 12133 12141
f 12139 12136 12135 12137
f 12138 12139 12137 12140
f 12138 12140 12143 12142
f 12183 12145 12144 12178
f 12187 12146 12145 12183
f 12188 12147 12146 12187
f 12191 12148 12147 12188
f 12151 12851 12149 12150
f 12850 12851 12151 12177
f 12152 12155 12158 12161
f 12162 12154 12153 12161
f 12154 12162 12427 12425
f 12168 12158 12155 12167
f 12159 12160 12156 12163
f 12881 12157 12156 12880
f 12156 12160 12885 12880
f 12165 12163 12157 12166
f 12888 12166 12157 12881
f 12164 12161 12158 12175
f 12158 12168 12170 12175
f 12159 12169 12172 12171
f 12173 12160 12159 12171
f 12160 12173 12868 12885
f 12162 12164 12428 12427
f 12164 12175 12193 12428
f 12429 12174 12165 12430
f 12165 12166 12433 12430
f 13331 12433 12166 12888
f 12196 12172 12169 12195
f 12169 12174 12429 12195
f 12193 12175 12170 12194
f 12868 12173 12171 12873
f 12171 12172 12907 12873
f 12172 12196 12944 12907
f 12178 12179 12180 12183
f 12180 12181 12186 12189
f 12187 12183 12180 12189
f 12190 12191 12188 12189
f 12193 12194 12192 12431
f 12192 12194 12358 12389
f 12192 12389 12390 12431
f 12426 12428 12193 12431
f 12197 12196 12195 12432
f 12195 12429 12434 12432
f 12196 12197 12948 12944
f 12197 12432 12949 12948
f 12394 12404 12198 12435
f 12198 12404 12401 13304
f 13294 12435 12198 13304
f 12224 12205 12199 12208
f 12201 12206 12225 12226
f 12201 12226 12265 12250
f 12202 12205 12224 12214
f 12225 12206 12203 12213
f 12255 12253 12207 12216
f 12208 12209 12229 12224
f 12227 12229 12209 12233
f 12212 12218 12223 12216
f 12213 12219 12228 12225
f 12261 12219 12213 12260
f 12229 12220 12214 12224
f 12219 12221 12230 12228
f 12219 12261 12263 12221
f 12227 12222 12220 12229
f 12221 12236 12244 12230
f 12242 12235 12222 12227
f 12231 12226 12225 12228
f 12226 12231 12269 12265
f 12227 12233 12232 12242
f 12228 12230 12249 12231
f 12230 12244 12248 12249
f 12231 12249 12280 12269
f 12241 12240 12238 12239
f 12280 12249 12248 12277
f 12266 12252 12250 12265
f 12251 12254 12264 12267
f 12251 12267 12322 12313
f 12256 12259 12270 12264
f 12347 12262 12256 12346
f 12270 12259 12258 12268
f 12258 12275 12278 12268
f 12324 12275 12258 12348
f 12258 12262 12347 12348
f 12271 12261 12260 12266
f 12272 12263 12261 12271
f 12273 12267 12264 12270
f 12271 12266 12265 12269
f 12267 12273 12323 12322
f 12273 12270 12268 12281
f 12268 12278 12279 12281
f 12272 12271 12269 12280
f 12277 12276 12272 12280
f 12273 12281 12327 12323
f 12279 12326 12327 12281
f 12282 12303 12305 12304
f 12335 12284 12283 12331
f 12284 12335 12365 12373
f 12285 12286 12289 12291
f 12291 12289 12288 12299
f 12293 12292 12290 12302
f 12290 12298 12301 12302
f 12292 12293 12362 12361
f 12293 12302 12363 12362
f 12305 12303 12294 12295
f 12368 12337 12295 14959
f 12357 12301 12300 12354
f 12363 12302 12301 12357
f 12304 12305 12337 12334
f 12310 12308 12306 14936
f 12306 14931 14934 14936
f 12307 12311 12309 14932
f 12376 12311 12307 12375
f 12307 14932 14933 14935
f 14962 12375 12307 14935
f 12308 12310 15002 12379
f 12309 12311 12312 14937
f 12378 12312 12311 12376
f 15005 14937 12312 15010
f 12312 12378 15148 15010
f 12349 12314 12313 12322
f 12346 12315 12314 12349
f 12333 12328 12316 12332
f 12381 12317 12316 12380
f 12316 12328 12391 12380
f 12317 12318 12336 12332
f 12382 12318 12317 12381
f 12364 12336 12318 12371
f 12413 12371 12318 12382
f 12319 12320 12343 12340
f 12322 12323 12351 12349
f 12323 12327 12350 12351
f 12350 12325 12324 12348
f 12327 12326 12325 12350
f 12329 12330 12328 12333
f 12328 12330 12392 12391
f 12329 12333 12338 12339
f 12392 12330 12329 12400
f 12329 12339 12402 12400
f 12332 12336 12364 12366
f 12370 12338 12332 12366
f 12365 12335 12334 12367
f 12334 12337 12368 12367
f 15068 12402 12339 14955
f 12351 12347 12346 12349
f 12350 12348 12347 12351
f 12390 12359 12355 12388
f 12357 12387 12360 12363
f 12358 12359 12390 12389
f 12360 12361 12362 12363
f 14961 12370 12366 12372
f 14958 12374 12367 12368
f 14957 14958 12368 14959
f 12416 12372 12371 12413
f 12372 12416 15078 14961
f 14965 12376 12375 14964
f 12375 14962 14967 14964
f 14969 12378 12376 14965
f 12410 12411 12377 14963
f 12377 12411 12412 14968
f 12378 14969 15076 15148
f 12379 15002 15006 15003
f 12380 12391 12393 12395
f 12407 12382 12381 12395
f 12382 12407 12414 12413
f 12399 12394 12383 12396
f 12424 12384 12383 12436
f 12383 12394 12435 12436
f 12408 12396 12384 12409
f 13262 12409 12384 12424
f 12426 12388 12385 12425
f 12388 12426 12431 12390
f 12400 12393 12391 12392
f 12398 12395 12393 12406
f 12393 12400 12402 12406
f 12401 12404 12394 12399
f 12396 12397 12405 12399
f 12397 12408 12415 12417
f 12420 12405 12397 12417
f 12414 12407 12398 12418
f 12398 12406 12419 12418
f 12403 12401 12399 12405
f 13305 13304 12401 12403
f 12419 12406 12402 15070
f 12403 12405 12420 15071
f 15915 13305 12403 15071
f 12408 12409 12421 12415
f 13341 12421 12409 13262
f 12438 12411 12410 12437
f 12410 14963 14966 15073
f 15106 12437 12410 15073
f 12439 12412 12411 12438
f 15075 14968 12412 15074
f 12412 12439 15116 15074
f 12418 12416 12413 12414
f 12422 12417 12415 12423
f 12416 12418 12419 15078
f 15079 12420 12417 12422
f 12419 15070 15069 15078
f 15072 15071 12420 15079
f 13342 12423 12421 13341
f 12422 13342 15918 15079
f 13296 13262 12424 13295
f 12432 12434 13332 12949
f 13332 12434 12433 13331
f 13295 12436 12435 13294
f 12437 15106 15108 15112
f 15113 12438 12437 15112
f 15115 12439 12438 15113
f 12439 15115 15119 15116
f 12440 12441 13462 13463
f 13548 12442 12440 13463
f 15110 12441 12440 15111
f 12440 12442 15114 15111
f 15107 15109 12441 15110
f 15932 13462 12441 15109
f 15118 15114 12442 15117
f 12442 13548 16048 15117
f 12453 12452 12443 12455
f 12443 12454 12485 12487
f 12500 12455 12443 12487
f 12444 12446 12445 12458
f 12486 12446 12444 12472
f 12444 12458 12492 12472
f 12445 12452 12448 12460
f 12454 12452 12445 12446
f 12457 12458 12445 12460
f 12485 12454 12446 12486
f 12447 12451 12533 12530
f 12448 12453 12531 12539
f 12535 12460 12448 12539
f 12533 12451 12450 12532
f 12450 12461 12540 12532
f 12453 12455 12534 12531
f 12455 12500 12570 12534
f 12492 12458 12457 12508
f 12457 12460 12535 12537
f 12574 12508 12457 12537
f 12474 12464 12463 12473
f 12463 12466 12483 12473
f 12510 12466 12465 12509
f 12518 12483 12466 12510
f 12467 12468 12476 12475
f 12468 12469 12479 12476
f 12470 12477 12489 12488
f 12470 12488 12522 12512
f 12471 12480 12481 12482
f 12505 12486 12472 12492
f 12489 12477 12474 12484
f 12482 12481 12478 12479
f 12520 12484 12483 12518
f 12521 12489 12484 12520
f 12501 12487 12485 12497
f 12485 12486 12505 12497
f 12502 12500 12487 12501
f 12488 12489 12521 12522
f 12503 12495 12490 12504
f 12490 12499 12525 12526
f 12529 12504 12490 12526
f 12493 12494 12491 12496
f 12491 12499 12495 12496
f 12491 12494 12514 12513
f 12525 12499 12491 12513
f 12492 12508 12507 12505
f 12514 12494 12493 12516
f 12493 12506 12573 12576
f 12497 12498 12502 12501
f 12507 12498 12497 12505
f 12498 12507 12577 12582
f 12583 12502 12498 12582
f 12500 12502 12583 12570
f 12501 12503 12571 12580
f 12573 12506 12501 12580
f 12503 12504 12572 12571
f 12504 12529 13148 12572
f 12507 12508 12574 12577
f 12510 12511 12519 12518
f 12512 12522 12521 12524
f 12513 12514 12516 12515
f 12513 12515 12528 12525
f 13151 12528 12515 13155
f 12515 12517 13152 13155
f 12520 12523 12524 12521
f 12527 12526 12525 12528
f 13148 12529 12527 13157
f 12527 12528 13151 13157
f 12542 12541 12532 12540
f 12581 12543 12534 12570
f 12538 12537 12535 12544
f 12535 12539 12543 12544
f 12537 12538 12601 12574
f 12538 12544 12575 12601
f 12575 12544 12543 12581
f 12548 12546 12545 12553
f 12551 12553 12545 12547
f 12548 12553 12556 12555
f 12561 12560 12548 12562
f 12558 12554 12549 12563
f 12559 12550 12549 12554
f 12549 12564 12565 12566
f 12586 12564 12550 12588
f 12550 12559 12592 12588
f 12556 12553 12551 12557
f 12552 12559 12554 12568
f 12592 12559 12552 12593
f 12552 12568 12602 12593
f 12554 12558 12569 12568
f 12620 12562 12555 12628
f 12555 12556 12627 12628
f 12556 12557 12625 12627
f 12558 12563 12617 12623
f 12629 12569 12558 12623
f 12561 12562 12620 12621
f 12563 12566 12619 12617
f 12587 12565 12564 12586
f 12619 12566 12565 12618
f 12565 12587 12656 12618
f 12568 12569 12603 12602
f 12610 12603 12569 12629
f 13156 12584 12572 13148
f 12579 12576 12573 12585
f 12573 12580 12584 12585
f 12575 12577 12574 12601
f 12582 12577 12575 12581
f 12578 12579 13169 13168
f 12579 12585 13154 13169
f 13154 12585 12584 13156
f 12589 12587 12586 12590
f 12587 12589 12653 12656
f 12594 12590 12588 12592
f 12589 12595 12654 12653
f 12590 12594 12597 12595
f 12609 12597 12591 12655
f 12591 12598 12652 12655
f 12591 12596 13143 13142
f 12592 12593 12602 12594
f 12594 12602 12603 12597
f 12595 12597 12608 12654
f 12596 12597 12605 12604
f 12596 12604 13144 13143
f 12597 12603 12610 12608
f 13166 12605 12597 12609
f 13177 12652 12598 13145
f 12615 12616 12599 12639
f 12599 12643 12641 12639
f 12600 12642 12640 12647
f 13172 12642 12600 13173
f 12600 12647 13175 13173
f 13153 13144 12604 13170
f 12604 12605 13171 13170
f 12605 13166 13176 13171
f 12608 12610 12607 12658
f 12607 12610 12629 12630
f 12607 12630 12631 12658
f 12657 12654 12608 12658
f 13167 13166 12609 13179
f 12609 12655 13178 13179
f 12611 12612 12633 12634
f 12635 12614 12611 12634
f 12612 12615 12639 12633
f 12613 12614 12878 12877
f 12614 12635 13015 12878
f 12631 12623 12617 12622
f 12657 12622 12618 12656
f 12622 12657 12658 12631
f 12630 12629 12623 12631
f 12627 12625 12624 12626
f 12626 12632 12628 12627
f 12633 12639 12641 12636
f 12637 12635 12634 12636
f 12635 12637 12976 13015
f 12636 12641 12644 12646
f 12637 12646 12980 12976
f 12981 12645 12638 12975
f 12638 12651 13029 12975
f 12640 12642 12649 12645
f 12983 12647 12640 12981
f 12641 12643 12648 12644
f 13180 12649 12642 13172
f 12644 12648 12979 12984
f 12980 12646 12644 12984
f 12647 13004 13212 13191
f 13181 12650 12649 13180
f 13182 12651 12650 13181
f 13208 13029 12651 13182
f 12659 12662 12661 12660
f 12664 12663 12659 12660
f 12660 12661 12666 12665
f 12661 12662 12726 12727
f 12739 12666 12661 12727
f 12663 12664 12688 12689
f 12665 12666 12670 12667
f 12736 12670 12666 12739
f 12667 12670 12675 12674
f 12668 12671 12676 12677
f 12737 12671 12669 12735
f 12669 12672 12738 12735
f 12750 12675 12670 12736
f 12772 12676 12671 12737
f 12672 12673 15451 15453
f 15479 12738 12672 15453
f 12674 12675 12699 12698
f 12824 12699 12675 12750
f 12773 12679 12676 12772
f 12678 12681 15467 15464
f 12774 12681 12679 12773
f 12684 12682 12680 12683
f 12685 12683 12680 12686
f 12680 12682 12687 12686
f 12681 12774 15515 15467
f 12682 12684 12714 12712
f 12716 12687 12682 12712
f 12859 12684 12683 12858
f 12683 12685 12863 12858
f 12913 12714 12684 12859
f 12685 12686 12790 12777
f 12685 12777 12958 12863
f 12686 12687 12791 12790
f 12687 12716 12836 12791
f 12700 12691 12688 12697
f 12690 12695 12693 12692
f 12707 12708 12690 12692
f 12703 12696 12691 12700
f 12692 12693 12702 12701
f 12692 12701 12709 12707
f 12693 12695 12815 12816
f 12823 12702 12693 12816
f 12694 12696 12817 12814
f 12825 12705 12699 12824
f 12701 12702 12706 12704
f 12701 12704 12710 12709
f 12831 12706 12702 12823
f 12703 12705 12825 12823
f 12704 12706 12711 12710
f 12832 12711 12706 12831
f 14317 12708 12707 15446
f 12707 12709 15450 15446
f 12709 12710 15455 15450
f 12710 12711 15457 15455
f 12711 12832 15480 15457
f 12715 12713 12712 12714
f 12712 12713 12717 12716
f 12713 12715 12725 12717
f 12919 12715 12714 12913
f 12923 12725 12715 12919
f 12716 12717 12840 12836
f 12717 12725 12844 12840
f 12718 12722 12719 12723
f 12718 12723 12839 12843
f 12920 12722 12718 12916
f 12718 12843 13068 12916
f 12719 12722 12721 12720
f 12724 12723 12719 12720
f 12720 12721 15466 15465
f 15470 12724 12720 15465
f 12721 12722 12920 12918
f 12721 12918 15552 15466
f 12723 12724 12841 12839
f 15523 12841 12724 15470
f 13069 12844 12725 12923
f 12730 12727 12726 12729
f 12727 12730 12741 12739
f 12728 12731 12742 12740
f 12745 12732 12728 12740
f 12729 12733 12734 12730
f 12730 12734 12746 12741
f 12759 12742 12731 12756
f 12819 12734 12733 12818
f 12827 12746 12734 12819
f 12735 12738 12749 12748
f 12736 12739 12741 12751
f 12753 12750 12736 12751
f 12737 12748 12780 12772
f 15485 12749 12738 15479
f 12741 12746 12753 12751
f 12761 12744 12742 12759
f 12743 12747 12749 12752
f 12743 12752 12766 12763
f 12770 12747 12743 12771
f 12743 12763 12793 12771
f 12767 12754 12744 12761
f 12828 12753 12746 12827
f 12769 12749 12747 12770
f 15487 12752 12749 15483
f 12749 12754 15488 15482
f 12750 12753 12828 12824
f 15502 12766 12752 15487
f 12754 12767 15501 15488
f 12756 12757 12760 12759
f 12757 12758 12762 12760
f 12759 12760 12764 12761
f 12760 12762 12768 12764
f 12761 12764 12768 12767
f 12763 12766 12768 12765
f 12763 12765 12794 12793
f 12765 12768 12795 12794
f 15503 12768 12766 15502
f 12767 12768 15504 15501
f 15505 12795 12768 15503
f 12769 12770 12778 12779
f 12770 12771 12775 12778
f 12800 12775 12771 12793
f 12782 12774 12773 12780
f 12774 12782 15517 15515
f 12781 12778 12775 12784
f 12807 12784 12775 12800
f 12776 12785 12804 12801
f 12961 12788 12776 12956
f 12776 12801 12997 12956
f 12777 12790 12792 12798
f 12777 12798 12991 12958
f 12787 12782 12781 12784
f 15521 12786 12783 15516
f 12809 12787 12784 12807
f 12785 12786 12805 12804
f 15539 12805 12786 15521
f 12787 12809 15542 15520
f 12962 12789 12788 12961
f 12790 12791 12797 12792
f 12837 12797 12791 12836
f 12799 12798 12792 12797
f 12793 12794 12802 12800
f 12794 12795 12803 12802
f 15537 12803 12795 15505
f 12848 12799 12797 12837
f 12798 12799 12992 12991
f 12799 12848 13078 12992
f 12800 12802 12806 12807
f 12801 12804 12808 12812
f 12801 12812 13000 12997
f 12802 12803 12811 12806
f 15538 12811 12803 15537
f 12804 12805 12810 12808
f 15541 12810 12805 15539
f 12809 12807 12806 12811
f 12813 12812 12808 12810
f 12809 12811 15538 15542
f 15543 12813 12810 15541
f 12812 12813 13002 13000
f 15604 13002 12813 15543
f 12822 12816 12815 12820
f 12816 12822 12833 12823
f 12819 12821 12826 12827
f 12820 12829 12830 12822
f 12822 12830 12834 12833
f 12832 12835 15486 15480
f 12838 12837 12836 12840
f 12837 12838 12845 12848
f 12838 12840 12844 12845
f 12846 12843 12839 12842
f 12839 12841 12847 12842
f 15524 12847 12841 15523
f 12849 12846 12842 12847
f 12843 12846 13071 13068
f 13070 12845 12844 13069
f 13078 12848 12845 13070
f 12846 12849 13079 13071
f 15527 12849 12847 15524
f 15586 13079 12849 15527
f 12852 12853 12855 12854
f 12852 12854 12982 12979
f 12879 12855 12853 12876
f 12854 12855 12985 12982
f 12855 12879 13026 12985
f 12856 12857 12883 12882
f 12886 12860 12856 12882
f 12857 12864 12957 12959
f 13013 12883 12857 12959
f 12862 12859 12858 12861
f 12866 12861 12858 12863
f 12859 12862 12914 12913
f 12870 12865 12860 12869
f 12928 12872 12860 12886
f 12867 12862 12861 12866
f 12862 12867 12917 12914
f 12968 12866 12863 12958
f 12864 12865 12963 12957
f 12865 12870 12977 12963
f 12969 12867 12866 12968
f 13066 12917 12867 12969
f 12891 12885 12868 12873
f 12869 12912 15551 15556
f 15554 12871 12869 15556
f 12870 12871 12978 12977
f 15581 12978 12871 15554
f 12929 12912 12872 12928
f 12911 12891 12873 12907
f 12874 12890 12908 12909
f 12996 12890 12874 13006
f 12874 12909 13009 13006
f 13026 12879 12878 13015
f 12880 12885 12891 12892
f 12893 12888 12881 12892
f 13020 12884 12883 13013
f 13022 12905 12884 13020
f 12888 12893 13333 13331
f 12889 12901 12899 12904
f 12889 12904 12932 12934
f 13024 12901 12889 13019
f 12889 12934 13095 13019
f 12892 12908 12890 12896
f 13030 12896 12890 12996
f 12894 12892 12891 12911
f 12898 12893 12892 12897
f 12892 12895 12906 12908
f 12893 12894 12943 13333
f 12893 12898 13334 13333
f 12894 12911 12945 12943
f 12947 12906 12895 12946
f 13031 12897 12896 13030
f 13038 12898 12897 13031
f 12898 13038 13488 13334
f 12899 12901 12902 12900
f 12903 12904 12899 12900
f 13263 12903 12900 13264
f 12900 12902 13265 13264
f 13021 12902 12901 13024
f 12902 13021 13371 13265
f 12932 12904 12903 12933
f 13321 12933 12903 13263
f 13083 12930 12905 13022
f 12909 12908 12906 12910
f 12950 12910 12906 12947
f 12945 12911 12907 12944
f 12909 12910 13012 13009
f 12910 12950 13115 13012
f 12912 12929 15564 15551
f 12913 12914 12915 12919
f 12924 12915 12914 12917
f 12923 12919 12915 12924
f 12921 12920 12916 12925
f 13072 12925 12916 13068
f 13073 12924 12917 13066
f 12918 12920 12921 12922
f 12918 12922 15557 15552
f 12921 12925 12926 12922
f 12922 12926 15558 15557
f 12923 12924 13073 13069
f 13076 12926 12925 13072
f 12926 13076 15589 15558
f 13106 13090 12927 13311
f 12927 13307 13303 13311
f 12927 13090 13448 13307
f 12931 12929 12928 12930
f 12929 12931 15567 15564
f 13084 12931 12930 13083
f 12931 13084 15610 15571
f 12937 12934 12932 12935
f 12932 12933 12939 12935
f 13324 12939 12933 13321
f 12942 12937 12935 12939
f 12936 12938 12941 12940
f 12936 12940 12953 12954
f 12955 12938 12936 12954
f 12937 12942 13105 13095
f 13103 12941 12938 13101
f 12938 12955 13135 13101
f 13329 12942 12939 13324
f 12940 12941 13328 13326
f 13338 12953 12940 13326
f 12941 13103 13482 13328
f 13482 13105 12942 13329
f 12949 13332 12943 12945
f 12944 12948 12949 12945
f 12952 12947 12946 13335
f 12946 13333 13334 13335
f 12951 12950 12947 12952
f 12950 12951 13127 13115
f 12951 12952 13128 13127
f 12952 13335 13497 13128
f 15565 12954 12953 15566
f 12953 13338 15922 15566
f 15569 12955 12954 15565
f 15628 13135 12955 15569
f 12998 12965 12956 12997
f 12970 12968 12958 12991
f 12959 12960 13014 13013
f 12960 12972 13016 13014
f 12986 12966 12963 12977
f 12964 12967 15583 15582
f 12999 12967 12965 12998
f 12967 12999 15602 15583
f 12995 12969 12968 12970
f 12969 12995 13067 13066
f 12970 12991 12992 12995
f 12972 12987 13080 13016
f 12973 12974 13018 13017
f 13027 12988 12973 13017
f 12974 12990 13028 13018
f 15584 12986 12978 15581
f 12985 12984 12979 12982
f 12980 12984 12985 13026
f 13005 12983 12981 13057
f 12988 12989 13008 13007
f 15593 13008 12989 15591
f 12990 12993 13198 13197
f 13222 13028 12990 13197
f 13067 12995 12992 13078
f 12993 12994 13199 13198
f 12994 13007 13203 13199
f 12996 13006 13009 13058
f 13034 13030 12996 13058
f 13001 12998 12997 13000
f 13003 12999 12998 13001
f 12999 13003 15603 15602
f 13003 13001 13000 13002
f 15603 13003 13002 15604
f 13004 13005 13211 13209
f 13005 13057 13210 13211
f 13007 13008 13204 13203
f 15605 13204 13008 15593
f 13009 13012 13063 13058
f 13012 13011 13010 13059
f 13010 13036 13035 13059
f 13010 13011 13217 13214
f 13235 13036 13010 13214
f 13011 13012 13219 13217
f 13012 13059 13062 13064
f 13133 13063 13012 13115
f 13012 13064 13221 13219
f 13047 13024 13019 13052
f 13021 13024 13047 13050
f 13021 13050 13373 13371
f 13092 13082 13027 13091
f 13225 13045 13028 13222
f 13210 13057 13029 13208
f 13031 13034 13041 13038
f 13032 13033 13044 13043
f 13048 13046 13032 13051
f 13054 13033 13032 13046
f 13032 13043 13056 13051
f 13033 13054 13093 13094
f 13111 13044 13033 13094
f 13034 13058 13061 13040
f 13035 13037 13042 13039
f 13062 13059 13035 13060
f 13233 13037 13036 13235
f 13234 13042 13037 13233
f 13038 13041 13113 13488
f 13039 13042 13114 13112
f 13129 13060 13039 13112
f 13113 13041 13040 13130
f 13040 13061 13133 13130
f 13247 13114 13042 13234
f 13226 13056 13043 13227
f 13043 13044 13231 13227
f 13044 13111 13244 13231
f 13228 13049 13045 13225
f 13046 13048 13055 13054
f 13047 13052 13053 13050
f 13376 13055 13048 13372
f 13048 13051 13381 13372
f 13241 13091 13049 13228
f 13050 13053 13383 13373
f 13051 13056 13385 13381
f 13052 13095 13099 13053
f 13053 13099 13478 13383
f 13054 13055 13085 13093
f 13470 13085 13055 13376
f 13056 13226 13389 13385
f 13132 13062 13060 13129
f 13125 13064 13062 13132
f 13064 13125 13257 13221
f 13066 13067 13074 13073
f 13067 13078 13070 13074
f 13068 13071 13075 13072
f 13074 13070 13069 13073
f 13077 13075 13071 13079
f 13072 13075 13077 13076
f 13076 13077 15592 15589
f 13077 13079 15586 15592
f 13084 13083 13080 13081
f 15610 13084 13081 15611
f 13082 13092 15616 15613
f 13476 13097 13085 13470
f 13086 13087 13089 13088
f 13086 13095 13098 13087
f 13100 13095 13086 13088
f 13459 13089 13087 13456
f 13087 13098 13477 13456
f 15614 13100 13088 15612
f 13088 13089 15617 15612
f 13089 13459 15972 15617
f 13090 13106 13475 13448
f 13242 13092 13091 13241
f 13092 13242 15643 15616
f 13094 13096 13116 13111
f 13119 13098 13095 13117
f 13095 13100 13123 13117
f 13096 13097 13120 13116
f 13499 13120 13097 13476
f 13098 13119 13498 13477
f 13099 13105 13483 13478
f 15634 13123 13100 15614
f 13101 13102 13104 13103
f 13136 13102 13101 13135
f 13137 13104 13102 13136
f 13103 13104 13484 13482
f 13104 13137 13508 13484
f 13106 13311 13310 13138
f 13110 13109 13107 13139
f 13107 13108 13140 13139
f 13107 13109 13468 13466
f 13108 13467 13515 16009
f 16010 13140 13108 16009
f 13109 13250 13249 13468
f 13109 13110 13252 13250
f 13110 13139 13258 13252
f 13253 13131 13114 13247
f 13115 13127 13128 13133
f 13117 13118 13122 13119
f 13124 13118 13117 13123
f 13246 13122 13118 13124
f 13119 13122 13501 13498
f 13500 13121 13120 13499
f 13691 13245 13121 13500
f 13122 13246 13692 13501
f 15636 13124 13123 15634
f 15638 13246 13124 15636
f 13125 13132 13134 13126
f 13125 13126 13256 13257
f 13126 13134 13254 13256
f 13128 13497 13130 13133
f 13129 13131 13134 13132
f 13254 13134 13131 13253
f 15630 13136 13135 15628
f 15632 13137 13136 15630
f 15996 13508 13137 15632
f 13514 13475 13138 15995
f 13138 13310 15916 15995
f 13139 13140 13259 13258
f 16189 13259 13140 16010
f 13141 13142 13147 13146
f 13161 13145 13141 13146
f 13142 13143 13150 13147
f 13143 13144 13153 13150
f 13145 13161 13183 13177
f 13146 13149 13162 13161
f 13158 13149 13147 13150
f 13149 13158 13160 13159
f 13150 13153 13170 13158
f 13151 13155 13154 13156
f 13154 13155 13152 13169
f 13158 13170 13171 13160
f 13188 13162 13159 13192
f 13159 13160 13194 13192
f 13160 13171 13176 13194
f 13161 13162 13188 13183
f 16141 13624 13165 15640
f 13166 13167 13174 13176
f 13167 13179 13185 13174
f 13172 13173 13175 13187
f 13186 13180 13172 13187
f 13194 13176 13174 13185
f 13193 13187 13175 13191
f 13184 13178 13177 13183
f 13185 13179 13178 13184
f 13190 13182 13181 13186
f 13182 13190 13215 13208
f 13184 13192 13194 13185
f 13186 13187 13193 13189
f 13215 13190 13189 13213
f 13189 13193 13216 13213
f 13216 13193 13191 13212
f 13197 13201 13223 13222
f 13200 13203 13206 13202
f 13201 13202 13224 13223
f 13202 13206 13239 13224
f 13203 13205 13207 13206
f 15829 13205 13204 15605
f 15831 13207 13205 15829
f 13206 13207 13240 13239
f 15835 13240 13207 15831
f 13209 13211 13216 13212
f 13216 13211 13210 13213
f 13214 13217 13219 13218
f 13214 13218 13236 13235
f 13218 13219 13221 13220
f 13218 13220 13238 13236
f 13255 13238 13220 13251
f 13220 13221 13257 13251
f 13222 13223 13229 13225
f 13223 13224 13230 13229
f 13243 13230 13224 13239
f 13230 13228 13225 13229
f 13226 13227 13231 13232
f 13226 13232 13392 13389
f 13228 13230 13243 13241
f 13231 13244 13245 13232
f 13232 13245 13691 13392
f 13237 13234 13233 13236
f 13234 13237 13248 13247
f 13237 13238 13255 13248
f 15834 13243 13240 15835
f 13242 13243 15834 15643
f 16002 13692 13246 15638
f 13249 13250 13261 13260
f 13469 13468 13249 13695
f 13249 13260 13698 13695
f 13251 13254 13253 13255
f 13251 13257 13256 13254
f 16243 13261 13259 16189
f 13699 13698 13260 13700
f 13260 13261 16243 13700
f 13262 13296 13312 13341
f 13263 13269 13322 13321
f 13374 13268 13265 13371
f 13271 13267 13266 13270
f 13273 13270 13266 13274
f 13266 13267 13275 13274
f 13267 13271 13358 13357
f 13364 13275 13267 13357
f 13377 13272 13268 13374
f 13269 13272 13323 13322
f 13271 13276 13369 13358
f 13479 13323 13272 13377
f 13273 13274 13277 13279
f 13273 13279 13291 13336
f 13274 13275 13282 13277
f 13398 13282 13275 13364
f 13276 13320 13445 13369
f 13287 13279 13277 13286
f 13277 13282 13289 13286
f 13278 13280 13283 13281
f 13285 13280 13278 13284
f 13278 13281 13288 13284
f 13344 13283 13280 13345
f 13280 13285 13346 13345
f 13281 13283 13400 13399
f 13409 13288 13281 13399
f 13410 13289 13282 13398
f 13283 13344 13525 13400
f 13570 13285 13284 13569
f 13284 13288 13571 13569
f 13582 13346 13285 13570
f 13290 13287 13286 13289
f 13288 13409 13606 13571
f 13411 13290 13289 13410
f 13421 13292 13290 13411
f 13291 13292 13293 13343
f 13337 13336 13291 13343
f 13521 13293 13292 13421
f 15937 13343 13293 15938
f 13293 13521 16036 15943
f 13298 13295 13294 13308
f 13294 13304 13305 13308
f 13296 13298 13316 13312
f 13297 13299 13306 13303
f 13307 13300 13297 13303
f 13297 13301 13309 13302
f 13298 13308 13317 13316
f 13299 13302 13313 13315
f 13314 13306 13299 13315
f 13300 13307 13448 13453
f 13454 13301 13300 13453
f 13455 13309 13301 13454
f 13302 13309 13318 13313
f 13310 13311 13303 13306
f 15916 13310 13306 13314
f 13512 13318 13309 13455
f 13314 13315 13319 15921
f 15917 15916 13314 15921
f 15918 13342 13316 13317
f 13516 13319 13318 13512
f 13319 13516 16008 15921
f 13320 13337 15928 15927
f 15969 13445 13320 15924
f 13321 13322 13325 13324
f 13322 13323 13330 13325
f 13486 13330 13323 13479
f 13324 13325 13330 13329
f 13326 13328 13330 13327
f 13326 13327 13339 13338
f 13327 13330 13340 13339
f 13487 13330 13328 13482
f 13329 13330 13486 13482
f 13509 13340 13330 13487
f 13497 13335 13334 13488
f 13337 13343 15937 15928
f 13338 13339 15923 15922
f 13339 13340 15931 15923
f 13340 13509 15977 15931
f 13344 13345 13351 13353
f 13344 13353 13531 13525
f 13589 13351 13346 13582
f 13347 13348 13350 13349
f 13354 13348 13347 13352
f 13347 13349 13356 13352
f 13528 13350 13348 13526
f 13348 13354 13530 13526
f 13349 13350 13585 13583
f 13589 13356 13349 13583
f 13350 13528 13593 13585
f 13591 13355 13351 13589
f 15936 13354 13352 15939
f 13352 13356 15940 15939
f 13353 13355 13532 13531
f 16030 13530 13354 15936
f 13644 13532 13355 13591
f 13356 13589 16108 15940
f 13359 13366 13403 13401
f 13449 13362 13361 13451
f 13386 13363 13362 13388
f 13489 13388 13362 13449
f 13394 13367 13363 13386
f 13364 13365 13404 13398
f 13366 13367 13402 13403
f 13367 13394 13426 13402
f 13368 13370 13519 13420
f 13446 13370 13369 13445
f 13371 13373 13375 13374
f 13379 13376 13372 13378
f 13382 13378 13372 13381
f 13380 13375 13373 13383
f 13374 13375 13380 13377
f 13376 13379 13472 13470
f 13377 13380 13480 13479
f 13384 13379 13378 13382
f 13379 13384 13474 13472
f 13380 13383 13478 13480
f 13387 13382 13381 13385
f 13395 13384 13382 13387
f 13384 13395 13495 13474
f 13390 13387 13385 13389
f 13386 13388 13393 13391
f 13386 13391 13396 13394
f 13387 13390 13393 13395
f 13491 13393 13388 13489
f 13393 13390 13389 13392
f 13391 13393 13397 13396
f 13496 13393 13392 13691
f 13492 13397 13393 13491
f 13495 13395 13393 13496
f 13394 13396 13431 13426
f 13396 13397 13434 13431
f 13439 13434 13397 13492
f 13398 13404 13413 13410
f 13399 13400 13405 13404
f 13399 13404 13412 13409
f 13527 13405 13400 13525
f 13401 13403 13407 13406
f 13401 13406 13423 13422
f 13429 13407 13402 13426
f 13404 13405 13414 13412
f 13538 13414 13405 13527
f 13406 13407 13424 13423
f 13407 13415 13414 13408
f 13407 13408 13417 13416
f 13418 13415 13407 13416
f 13443 13424 13407 13430
f 13524 13417 13408 13523
f 13408 13414 13529 13523
f 13409 13412 13607 13606
f 13419 13411 13410 13413
f 13411 13419 13522 13421
f 13412 13414 13614 13607
f 13414 13415 13610 13614
f 13637 13529 13414 13614
f 13414 13538 13638 13614
f 13415 13418 13611 13610
f 13416 13417 13428 13427
f 13435 13418 13416 13427
f 13550 13428 13417 13524
f 13418 13435 13620 13611
f 13422 13520 16035 16033
f 13423 13424 13425 13520
f 13444 13425 13424 13443
f 16035 13520 13425 16058
f 13425 13444 16068 16058
f 13432 13429 13426 13431
f 13427 13428 13430 13436
f 13437 13435 13427 13436
f 13552 13430 13428 13550
f 13433 13430 13429 13432
f 13437 13436 13430 13438
f 13430 13433 13440 13443
f 13554 13438 13430 13552
f 13433 13432 13431 13434
f 13433 13434 13439 13440
f 13435 13437 13621 13620
f 13437 13438 13626 13621
f 13438 13554 13665 13626
f 13441 13440 13439 13442
f 13439 13492 13494 13442
f 13444 13443 13440 13441
f 16068 13444 13441 16070
f 13441 13442 16071 16070
f 13442 13494 16022 16071
f 15970 13446 13445 15969
f 15971 13452 13447 15985
f 13471 13453 13448 13475
f 13449 13451 13452 13450
f 13449 13450 13490 13489
f 13450 13452 15971 15973
f 16000 13490 13450 15973
f 13473 13454 13453 13471
f 13455 13473 13513 13512
f 13458 13457 13456 13477
f 13456 13457 13460 13459
f 13457 13458 13461 13460
f 13458 13477 13498 13504
f 13506 13461 13458 13504
f 13459 13460 15974 15972
f 13460 13461 15978 15974
f 13461 13506 16003 15978
f 13462 15932 15979 15983
f 15982 13463 13462 15983
f 16028 13548 13463 15982
f 13694 13465 13464 13693
f 13464 15983 15980 15981
f 15984 15983 13464 13465
f 16187 13693 13464 15981
f 16027 15984 13465 16029
f 13465 13694 16228 16029
f 13469 13467 13466 13468
f 13467 13469 13511 13515
f 13469 13695 13696 13511
f 13513 13473 13471 13517
f 13471 13475 13514 13517
f 13503 13481 13474 13495
f 13476 13481 13503 13499
f 13482 13484 13485 13487
f 13510 13485 13484 13508
f 13509 13487 13485 13510
f 13489 13490 13493 13491
f 16004 13493 13490 16000
f 13494 13492 13491 13493
f 16022 13494 13493 16004
f 13495 13496 13502 13503
f 13496 13691 13500 13502
f 13498 13501 13505 13504
f 13502 13500 13499 13503
f 13507 13505 13501 13692
f 13504 13505 13507 13506
f 13506 13507 16006 16003
f 13507 13692 16002 16006
f 15997 13510 13508 15996
f 13509 13510 15997 15977
f 13697 13518 13511 13696
f 13516 13517 13514 16008
f 13514 15995 16007 16008
f 16011 16009 13515 13518
f 13518 13697 16190 16011
f 13521 13522 16031 16036
f 13540 13524 13523 13539
f 13523 13529 13541 13539
f 13524 13540 13551 13550
f 13533 13527 13525 13531
f 13526 13530 13535 13534
f 13536 13528 13526 13534
f 13527 13533 13537 13538
f 13528 13536 13641 13593
f 13648 13541 13529 13637
f 16040 13535 13530 16030
f 13531 13532 13537 13533
f 13645 13537 13532 13644
f 13534 13535 13537 13536
f 16043 13537 13535 16040
f 13536 13537 13646 13641
f 13638 13538 13537 13645
f 16132 13646 13537 16043
f 13542 13540 13539 13541
f 13540 13542 13553 13551
f 13653 13542 13541 13648
f 13662 13553 13542 13653
f 13543 13545 13654 13652
f 13657 13547 13543 13652
f 13558 13545 13544 13557
f 13544 13549 13561 13557
f 13545 13558 13662 13654
f 13546 13547 16041 16032
f 16045 13549 13546 16032
f 13547 13657 16132 16041
f 13548 16028 16039 16048
f 16063 13561 13549 16045
f 13550 13551 13555 13552
f 13551 13553 13556 13555
f 13556 13554 13552 13555
f 13664 13556 13553 13662
f 13554 13556 13664 13665
f 13560 13558 13557 13559
f 13562 13559 13557 13561
f 13558 13560 13668 13662
f 13563 13560 13559 13562
f 13560 13563 13671 13668
f 16064 13562 13561 16063
f 16065 13563 13562 16064
f 16144 13671 13563 16065
f 13573 13565 13564 13567
f 16109 13568 13564 16110
f 13564 13565 16112 16110
f 13565 13566 16114 16112
f 13566 13573 13706 13707
f 13566 13707 16152 16114
f 13567 13568 13704 13703
f 13706 13573 13567 13703
f 16269 13704 13568 16109
f 13570 13574 13586 13582
f 13608 13572 13571 13606
f 13615 13575 13572 13608
f 13574 13575 13588 13586
f 13595 13588 13575 13615
f 13576 13577 13579 13578
f 13576 13578 16123 16121
f 13632 13579 13577 13628
f 13578 13579 13581 13580
f 13578 13580 13602 16123
f 13633 13581 13579 13632
f 13580 13600 13603 13602
f 13580 13581 13631 13600
f 13634 13631 13581 13633
f 13582 13586 13590 13589
f 13587 13584 13583 13585
f 13583 13584 13590 13589
f 13584 13587 13592 13590
f 13594 13587 13585 13593
f 13586 13588 13592 13590
f 13597 13592 13587 13594
f 13596 13592 13588 13595
f 13589 13590 16115 16108
f 13590 13592 16116 16115
f 13591 13592 13596 13644
f 13592 13597 16126 16116
f 13642 13594 13593 13641
f 13647 13597 13594 13642
f 13595 13615 13616 13640
f 13643 13596 13595 13640
f 13645 13644 13596 13643
f 13597 13647 16127 16126
f 13604 13599 13598 13601
f 13598 13599 13676 13630
f 13678 13601 13598 13673
f 13603 13600 13599 13604
f 13599 13600 13631 13676
f 13682 13604 13601 13679
f 13602 13603 13605 16124
f 16125 16123 13602 16124
f 13603 13604 13682 13605
f 13605 13682 13683 13684
f 16153 16124 13605 13684
f 13606 13607 13609 13608
f 13616 13609 13607 13614
f 13608 13609 13616 13615
f 13610 13611 13613 13612
f 13617 13614 13610 13612
f 13619 13613 13611 13620
f 13612 13613 13618 13617
f 13623 13618 13613 13619
f 13614 13617 13639 13637
f 13614 13638 13640 13616
f 13617 13618 13650 13639
f 13618 13623 13660 13650
f 13619 13620 13621 13622
f 13619 13622 13627 13623
f 13627 13622 13621 13626
f 13623 13627 13666 13660
f 16142 13625 13624 16141
f 13666 13627 13626 13665
f 13628 13629 13636 13632
f 16155 13636 13629 16148
f 13675 13673 13630 13674
f 13677 13674 13630 13676
f 13631 13634 13677 13676
f 13635 13633 13632 13636
f 13687 13634 13633 13635
f 13686 13677 13634 13687
f 13690 13687 13635 16156
f 13635 13636 16155 16156
f 13637 13639 13649 13648
f 13638 13645 13643 13640
f 13651 13649 13639 13650
f 13647 13642 13641 13646
f 16127 13647 13646 16132
f 13648 13649 13651 13653
f 13661 13651 13650 13660
f 13662 13653 13651 13661
f 13652 13654 13656 13655
f 13652 13655 13658 13657
f 13663 13656 13654 13662
f 13655 13656 13659 13658
f 13670 13659 13656 13663
f 13657 13658 16134 16132
f 13658 13659 16136 16134
f 13659 13670 16139 16136
f 13667 13661 13660 13666
f 13664 13662 13661 13667
f 13669 13663 13662 13668
f 13663 13669 13672 13670
f 13666 13665 13664 13667
f 13672 13669 13668 13671
f 13670 13672 16145 16139
f 16145 13672 13671 16144
f 13673 13675 13680 13678
f 13674 13677 13686 13685
f 13688 13680 13675 13685
f 13681 13679 13678 13680
f 13679 13681 13683 13682
f 13689 13683 13681 13688
f 13690 13684 13683 13689
f 16156 16153 13684 13690
f 13685 13686 13689 13688
f 13686 13687 13690 13689
f 13702 13694 13693 13701
f 16244 13701 13693 16187
f 13694 13702 16249 16228
f 13699 13696 13695 13698
f 13697 13700 16243 16190
f 13701 16244 16245 16246
f 16247 13702 13701 16246
f 13702 16247 16248 16249
f 13703 13705 13708 13706
f 16270 13705 13704 16269
f 16271 13708 13705 16270
f 13707 13708 16271 16152
f 13709 13723 13841 13840
f 13710 13711 13712 13713
f 13812 13716 13712 13809
f 13720 13714 13713 13716
f 13719 13717 13715 13718
f 13715 13717 13814 13813
f 13818 13720 13716 13812
f 13717 13719 13722 13721
f 13717 13721 13817 13814
f 14359 13719 13718 14358
f 14365 13722 13719 14359
f 13820 13724 13720 13818
f 13721 13728 13821 13817
f 14379 13728 13722 14365
f 13723 13725 13853 13841
f 13725 13726 13854 13853
f 13726 13727 13856 13854
f 13727 13761 13890 13856
f 14501 13821 13728 14379
f 13739 13738 13729 13743
f 13729 13731 13745 13743
f 13748 13733 13730 13740
f 13731 13735 13749 13745
f 13732 13734 13746 13747
f 13746 13734 13733 13748
f 13735 13736 13750 13749
f 13839 13750 13736 13827
f 13739 13743 13752 13742
f 13740 13751 13753 13748
f 13741 13742 13833 13832
f 13742 13752 13844 13833
f 13743 13745 13754 13752
f 13748 13753 13744 13746
f 13745 13749 13755 13754
f 13848 13755 13750 13839
f 13752 13754 13847 13844
f 13754 13755 13848 13847
f 13888 13758 13756 13887
f 13866 13788 13757 13857
f 13757 13788 13981 13931
f 14032 13857 13757 13931
f 13889 13759 13758 13888
f 13892 13760 13759 13889
f 13891 13762 13760 13892
f 13761 13762 13891 13890
f 13763 13764 13766 13765
f 13763 13765 13876 13858
f 13782 13766 13764 13774
f 13765 13789 13877 13876
f 13766 13782 13791 13789
f 13771 13768 13767 13770
f 13767 13769 13772 13770
f 13768 13771 13960 13957
f 13778 13772 13769 13776
f 13773 13771 13770 13772
f 13771 13773 13963 13960
f 13781 13773 13772 13778
f 13773 13781 13971 13963
f 13774 13775 13783 13782
f 13881 13783 13775 13872
f 13776 13777 13779 13778
f 13780 13779 13777 13790
f 13778 13779 13780 13781
f 13971 13781 13780 13968
f 13780 13790 13984 13968
f 13882 13791 13783 13881
f 13979 13785 13784 13976
f 13980 13786 13785 13979
f 13993 13794 13786 13980
f 13789 13791 13882 13877
f 13792 13793 13990 13988
f 13793 13794 13993 13990
f 13977 13797 13795 13975
f 14046 13800 13796 14043
f 13978 13798 13797 13977
f 13982 13799 13798 13978
f 13983 13802 13799 13982
f 14049 13801 13800 14046
f 14048 13804 13801 14049
f 13803 13806 14044 14041
f 14050 13805 13804 14048
f 14045 13807 13805 14050
f 13806 13807 14045 14044
f 13810 13811 13818 13812
f 13813 13814 13816 13815
f 13819 13816 13814 13817
f 13815 13816 14492 14491
f 13816 13819 14497 14492
f 13819 13821 14501 14497
f 13822 13829 13831 13838
f 13842 13824 13822 13838
f 13845 13837 13823 13849
f 13823 13826 13850 13849
f 13843 13825 13824 13842
f 13839 13827 13825 13843
f 13826 13828 13855 13850
f 14384 13855 13828 14378
f 13830 13837 13845 13834
f 13831 13833 13844 13838
f 13846 13836 13834 13845
f 13835 13836 14370 14369
f 13836 13846 14381 14370
f 13838 13844 13847 13842
f 13841 13853 14434 14424
f 13842 13847 13848 13843
f 13845 13849 13851 13846
f 13846 13851 14382 14381
f 13849 13850 13852 13851
f 13851 13852 14383 14382
f 13852 13855 14384 14383
f 13853 13854 14435 14434
f 13854 13856 14437 14435
f 13856 13890 14478 14437
f 14051 13866 13857 14032
f 13878 13859 13858 13876
f 13883 13873 13859 13878
f 14047 13864 13860 14042
f 13861 13975 13977 13862
f 13862 13977 13978 13863
f 14057 13879 13864 14047
f 14603 14481 13866 14051
f 13867 13868 13991 13989
f 13868 13870 13992 13991
f 13869 13983 13992 13870
f 13871 13875 14056 14052
f 13872 13873 13883 13881
f 13874 13885 13884 13897
f 13898 13893 13874 13897
f 14062 13885 13874 14055
f 13874 13893 14080 14055
f 13875 13880 14058 14056
f 13883 13878 13877 13882
f 14058 13880 13879 14057
f 13884 13885 13886 13911
f 13896 13897 13884 13910
f 13912 13910 13884 13911
f 14064 13886 13885 14062
f 13912 13911 13886 13913
f 14105 13913 13886 14064
f 14474 13888 13887 14472
f 14475 13889 13888 14474
f 14479 13892 13889 14475
f 13890 13891 14480 14478
f 13891 13892 14479 14480
f 13894 13895 13893 13898
f 13893 13895 14081 14080
f 13894 13898 13897 13896
f 13899 13895 13894 13901
f 13894 13896 13900 13901
f 13895 13899 14086 14081
f 13896 13910 13914 13900
f 13899 13901 13902 13903
f 13899 13903 14088 14086
f 13902 13901 13900 13904
f 13915 13904 13900 13914
f 13905 13903 13902 13904
f 13903 13905 14092 14088
f 13916 13905 13904 13915
f 13905 13916 14106 14092
f 13907 13908 13906 13909
f 13917 13909 13906 13918
f 13906 13908 14094 14093
f 14109 13918 13906 14093
f 13925 13908 13907 13927
f 13907 13909 13926 13927
f 13908 13925 14117 14094
f 13909 13917 13928 13926
f 13910 13912 13919 13914
f 13912 13913 13920 13919
f 14112 13920 13913 14105
f 13921 13915 13914 13919
f 13922 13916 13915 13921
f 13916 13922 14113 14106
f 13917 13918 13923 13924
f 13917 13924 13929 13928
f 14115 13923 13918 14109
f 13919 13920 13922 13921
f 14113 13922 13920 14112
f 13929 13924 13923 13930
f 14122 13930 13923 14115
f 13925 13927 14459 14458
f 14551 14117 13925 14458
f 14459 13927 13926 14462
f 13926 13928 14465 14462
f 13928 13929 14467 14465
f 13929 13930 14468 14467
f 13930 14122 14559 14468
f 13931 13981 14051 14032
f 13937 13933 13932 13936
f 13932 13934 13939 13936
f 13933 13937 13949 13942
f 13934 13935 13940 13939
f 13954 13940 13935 13952
f 13941 13938 13936 13939
f 13937 13938 13951 13949
f 13938 13941 13956 13951
f 13956 13941 13940 13954
f 13950 13943 13942 13949
f 13943 13950 13955 13953
f 14000 13947 13944 13995
f 13999 13946 13945 13996
f 13945 13948 14001 13996
f 13998 13987 13946 13999
f 14001 13948 13947 14000
f 13950 13951 13956 13955
f 13952 13953 13955 13954
f 13961 13958 13957 13960
f 13962 13959 13958 13961
f 13959 13962 13967 13970
f 13962 13961 13960 13963
f 13962 13963 13971 13967
f 13973 13965 13964 13972
f 14009 13972 13964 14007
f 13965 13973 14059 14053
f 13966 13970 13967 13969
f 13968 13984 13966 13969
f 13967 13971 13968 13969
f 14010 13974 13972 14009
f 13973 13974 14060 14059
f 13974 14010 14125 14060
f 13985 13986 13997 13994
f 13986 13987 13998 13997
f 13994 13997 14034 14033
f 13997 13998 14035 14034
f 13998 14003 14036 14035
f 14038 14005 14002 14037
f 14003 14004 14039 14036
f 14004 14006 14040 14039
f 14040 14006 14005 14038
f 14007 14008 14011 14009
f 14127 14011 14008 14124
f 14010 14011 14127 14125
f 14016 14019 14022 14021
f 14016 14021 14025 14026
f 15240 14019 14016 15239
f 14016 14023 15296 15239
f 14017 14018 15237 15234
f 15241 15237 14018 15318
f 14018 14020 15319 15318
f 14019 15240 15242 15317
f 15321 14022 14019 15317
f 14021 14022 14028 14025
f 15327 14028 14022 15321
f 14027 14024 14023 14026
f 14023 14024 15302 15300
f 15306 15302 14024 15332
f 14024 14027 15328 15332
f 14027 14026 14025 14028
f 14027 14028 15327 15328
f 14029 14031 14137 14136
f 14029 14136 14142 14138
f 15303 14030 14029 15297
f 14030 15303 15307 15334
f 15434 14137 14031 15334
f 14061 14054 14053 14059
f 14054 14061 14126 14123
f 14063 14062 14055 14083
f 14055 14080 14084 14083
f 14126 14061 14060 14125
f 14062 14063 14102 14064
f 14063 14083 14085 14104
f 14103 14102 14063 14104
f 14064 14102 14103 14105
f 14068 14066 14065 14067
f 14072 14067 14065 14070
f 14066 14068 14078 14075
f 14074 14069 14067 14072
f 14068 14069 14077 14078
f 14069 14074 14101 14077
f 14070 14071 14073 14072
f 14099 14073 14071 14097
f 14101 14074 14073 14099
f 14079 14076 14075 14078
f 14076 14079 14100 14098
f 14100 14079 14077 14101
f 14080 14081 14082 14084
f 14087 14082 14081 14086
f 14083 14084 14082 14085
f 14091 14085 14082 14087
f 14108 14104 14085 14091
f 14089 14087 14086 14088
f 14087 14089 14090 14091
f 14090 14089 14088 14092
f 14090 14092 14106 14107
f 14108 14091 14090 14107
f 14093 14094 14095 14096
f 14093 14096 14110 14109
f 14118 14095 14094 14117
f 14119 14096 14095 14118
f 14120 14110 14096 14119
f 14097 14098 14100 14099
f 14103 14104 14108 14111
f 14112 14105 14103 14111
f 14114 14107 14106 14113
f 14111 14108 14107 14114
f 14109 14110 14116 14115
f 14113 14112 14111 14114
f 14115 14116 14121 14122
f 14552 14118 14117 14551
f 14555 14119 14118 14552
f 14561 14120 14119 14555
f 14560 14121 14120 14561
f 14559 14122 14121 14560
f 14127 14124 14123 14126
f 14128 14129 14571 14568
f 14129 14130 14572 14571
f 14130 14131 14575 14572
f 14131 14133 14588 14575
f 14584 14135 14132 14582
f 14133 14134 14589 14588
f 14134 14135 14584 14589
f 14136 14137 14143 14142
f 14144 14143 14137 15434
f 14138 14142 14143 14145
f 14147 14146 14140 14149
f 14140 14146 15405 15409
f 14140 15409 15411 15436
f 15442 14149 14140 15436
f 14144 15434 15435 15437
f 15439 15440 14144 15437
f 14146 14147 14612 14611
f 14146 14611 16361 15405
f 14147 14149 14150 14148
f 14147 14148 14613 14612
f 14148 14150 14615 14613
f 14151 14150 14149 15442
f 14150 14151 14620 14615
f 14151 15442 15443 15444
f 16410 14620 14151 15444
f 14251 14153 14152 14240
f 14153 14251 14254 14268
f 14154 14156 14185 14172
f 14155 14174 14184 14176
f 14156 14179 14189 14185
f 14161 14158 14157 14159
f 14158 14161 14272 14270
f 14159 14165 14167 14161
f 14160 14162 14164 14163
f 14273 14162 14160 14274
f 14161 14167 14275 14272
f 14168 14164 14162 14166
f 14276 14166 14162 14273
f 14278 14183 14166 14276
f 14167 14182 14277 14275
f 14168 14183 14219 14215
f 14185 14171 14170 14172
f 14171 14185 14189 14187
f 14224 14175 14173 14223
f 14174 14175 14186 14184
f 14246 14186 14175 14224
f 14190 14177 14176 14184
f 14192 14178 14177 14190
f 14196 14181 14178 14192
f 14179 14180 14195 14191
f 14181 14196 14258 14245
f 14296 14219 14183 14278
f 14184 14186 14193 14190
f 14252 14193 14186 14246
f 14191 14188 14187 14189
f 14194 14192 14190 14193
f 14253 14194 14193 14252
f 14258 14196 14194 14253
f 14197 14314 15536 15514
f 14198 14199 14264 14263
f 14199 14200 14265 14264
f 14200 14203 14266 14265
f 14201 14284 14342 14314
f 14341 14330 14202 14482
f 14203 14287 14267 14266
f 14316 14205 14204 14315
f 14345 14206 14205 14316
f 14344 14288 14206 14345
f 14207 14208 14213 14209
f 14208 14215 14216 14213
f 14209 14213 14292 14289
f 14210 14212 14211 14214
f 14218 14214 14211 14217
f 14211 14212 14291 14290
f 14294 14217 14211 14290
f 14213 14216 14295 14292
f 14216 14219 14296 14295
f 14297 14220 14217 14294
f 14218 14220 14262 14234
f 14305 14262 14220 14297
f 14248 14225 14221 14237
f 14222 14226 14247 14238
f 14224 14225 14248 14246
f 14226 14228 14249 14247
f 14413 14228 14227 14411
f 14439 14249 14228 14413
f 14231 14230 14229 14232
f 14229 14234 14236 14232
f 14231 14232 14299 14300
f 14232 14236 14303 14299
f 14302 14235 14233 14301
f 14399 14400 14233 14401
f 14233 14235 14402 14401
f 14522 14301 14233 14400
f 14235 14302 14525 14404
f 14236 14262 14305 14303
f 14237 14242 14256 14248
f 14255 14241 14238 14247
f 14239 14241 14255 14257
f 14261 14244 14239 14257
f 14446 14251 14240 14431
f 14242 14243 14250 14256
f 14243 14245 14258 14250
f 14244 14261 14448 14432
f 14246 14248 14256 14252
f 14247 14249 14259 14255
f 14445 14259 14249 14439
f 14250 14253 14252 14256
f 14447 14254 14251 14446
f 14269 14268 14254 14304
f 14449 14304 14254 14447
f 14260 14257 14255 14259
f 14443 14260 14259 14445
f 14448 14261 14260 14443
f 14263 14264 14476 14473
f 14264 14265 14477 14476
f 14265 14266 14484 14477
f 14266 14267 14485 14484
f 14267 14287 14286 14313
f 14267 14313 14483 14485
f 14313 14286 14269 14304
f 14279 14271 14270 14272
f 14282 14279 14272 14275
f 14273 14274 14280 14281
f 14283 14276 14273 14281
f 14278 14283 14309 14296
f 14307 14281 14280 14306
f 14309 14283 14281 14307
f 14284 14285 14343 14342
f 14285 14288 14344 14343
f 14289 14292 14307 14306
f 14290 14291 14293 14308
f 14310 14294 14290 14308
f 14292 14295 14309 14307
f 14311 14308 14293 14298
f 14312 14305 14297 14310
f 14298 14300 14299 14311
f 14299 14303 14312 14311
f 14301 14522 14523 14532
f 14533 14302 14301 14532
f 14483 14313 14304 14449
f 14312 14310 14308 14311
f 14314 14342 15825 15536
f 15550 14316 14315 15549
f 15828 14345 14316 15550
f 14319 14318 14317 15447
f 14317 15446 15448 15447
f 14318 14319 14322 14321
f 14319 15447 15448 15449
f 15476 14322 14319 15449
f 14655 14346 14320 14628
f 14321 14322 15477 14323
f 14322 15476 15478 15477
f 14325 14326 14331 14327
f 15506 14331 14326 15490
f 14330 14341 15674 15640
f 14573 14333 14332 14567
f 14574 14334 14333 14573
f 14581 14352 14334 14574
f 14335 14340 14585 14578
f 14336 14337 15671 15670
f 14337 14353 15864 15671
f 14338 14352 14581 14587
f 14586 14339 14338 14587
f 14585 14340 14339 14586
f 14342 14343 15826 15825
f 14343 14344 15827 15826
f 14344 14345 15828 15827
f 14658 14347 14346 14655
f 14659 14348 14347 14658
f 14652 14349 14348 14659
f 14353 14354 16416 15864
f 14354 14591 16337 16416
f 14375 14371 14355 14390
f 14355 14356 14393 14390
f 14356 14357 14396 14393
f 14456 14396 14357 14441
f 14361 14359 14358 14360
f 14359 14361 14366 14365
f 14493 14361 14360 14494
f 14498 14366 14361 14493
f 14362 14367 14499 14490
f 14406 14368 14364 14405
f 14501 14379 14366 14498
f 14367 14380 14502 14499
f 14433 14380 14368 14406
f 14388 14374 14370 14381
f 14376 14373 14371 14375
f 14372 14374 14388 14385
f 14375 14390 14394 14389
f 14376 14377 14418 14417
f 14377 14389 14450 14418
f 14391 14384 14378 14387
f 14380 14433 14519 14502
f 14381 14382 14392 14388
f 14382 14383 14391 14392
f 14385 14388 14392 14386
f 14391 14387 14386 14392
f 14389 14394 14452 14450
f 14390 14393 14395 14394
f 14394 14395 14453 14452
f 14395 14396 14456 14453
f 14397 14398 14403 14421
f 14397 14421 14516 14503
f 14524 14403 14398 14521
f 14399 14401 14510 14508
f 14401 14402 14511 14510
f 14402 14404 14520 14511
f 14528 14422 14403 14524
f 14548 14520 14404 14525
f 14407 14417 14420 14408
f 14408 14420 14454 14442
f 14482 14410 14409 14481
f 14439 14413 14412 14451
f 14514 14416 14415 14507
f 14519 14433 14416 14514
f 14420 14450 14452 14454
f 14421 14422 14517 14516
f 14545 14517 14422 14528
f 14425 14427 14486 14487
f 14488 14436 14425 14487
f 14534 14486 14427 14527
f 14429 14430 14444 14457
f 14430 14432 14448 14444
f 14489 14438 14436 14488
f 14438 14489 14537 14544
f 14457 14445 14439 14451
f 14440 14442 14454 14455
f 14456 14441 14440 14455
f 14443 14445 14457 14444
f 14452 14453 14455 14454
f 14458 14459 14460 14461
f 14458 14461 14553 14551
f 14459 14462 14463 14460
f 14464 14461 14460 14463
f 14461 14464 14557 14553
f 14469 14463 14462 14465
f 14470 14464 14463 14469
f 14464 14470 14562 14557
f 14465 14467 14466 14469
f 14466 14467 14468 14471
f 14470 14469 14466 14471
f 14564 14471 14468 14559
f 14470 14471 14564 14562
f 14481 14603 14604 14482
f 14566 14487 14486 14565
f 14486 14534 14629 14565
f 14569 14488 14487 14566
f 14570 14489 14488 14569
f 14632 14537 14489 14570
f 14491 14492 14493 14494
f 14498 14493 14492 14497
f 14496 14500 14506 14505
f 14500 14502 14519 14506
f 14518 14504 14503 14516
f 14504 14518 14546 14539
f 14513 14509 14508 14510
f 14509 14513 14542 14540
f 14510 14511 14515 14513
f 14513 14515 14543 14542
f 14515 14520 14548 14543
f 14546 14518 14517 14545
f 14530 14524 14521 14526
f 14549 14532 14523 14541
f 14525 14533 14550 14548
f 14547 14530 14526 14538
f 14527 14529 14535 14534
f 14528 14530 14547 14545
f 14529 14531 14536 14535
f 14531 14544 14537 14536
f 14550 14533 14532 14549
f 14534 14535 14630 14629
f 14535 14536 14631 14630
f 14536 14537 14632 14631
f 14538 14539 14546 14547
f 14549 14541 14540 14542
f 14542 14543 14550 14549
f 14554 14552 14551 14553
f 14552 14554 14556 14555
f 14556 14554 14553 14557
f 14555 14556 14563 14561
f 14556 14557 14562 14563
f 14559 14560 14558 14564
f 14558 14560 14561 14563
f 14558 14563 14562 14564
f 14577 14566 14565 14576
f 14633 14576 14565 14629
f 14579 14569 14566 14577
f 14580 14570 14569 14579
f 14570 14580 14636 14632
f 14600 14577 14576 14599
f 14641 14599 14576 14633
f 14601 14579 14577 14600
f 14602 14580 14579 14601
f 14580 14602 14645 14636
f 16337 14591 14590 16336
f 14592 14593 14596 14595
f 14638 14594 14592 14637
f 14592 14595 14640 14637
f 14609 14596 14593 14597
f 14642 14598 14594 14638
f 14595 14608 14653 14640
f 14610 14608 14596 14609
f 14608 14610 14656 14653
f 14611 14612 14617 14618
f 14611 14618 16366 16361
f 14612 14613 14615 14617
f 14623 14619 14614 14622
f 14614 14619 14702 14706
f 16369 14616 14614 16362
f 14614 14706 16444 16362
f 16407 14617 14615 14620
f 14616 14621 14624 14622
f 16371 14621 14616 16369
f 16409 14618 14617 16407
f 16374 16366 14618 16409
f 14619 14623 14703 14702
f 16411 16407 14620 16410
f 14621 16371 16373 16413
f 14625 14623 14622 14624
f 14623 14625 14704 14703
f 16415 14625 14624 16413
f 14705 14704 14625 16415
f 14629 14630 14634 14633
f 14630 14631 14635 14634
f 14631 14632 14636 14635
f 14633 14634 14643 14641
f 14634 14635 14646 14643
f 14635 14636 14645 14646
f 14654 14639 14637 14640
f 14638 14639 14644 14642
f 14657 14644 14639 14654
f 14647 14660 14661 14648
f 14648 14661 14663 14662
f 14649 14671 14669 14673
f 14657 14654 14653 14656
f 14666 14661 14660 14664
f 14667 14663 14661 14666
f 14662 14663 14672 14670
f 14663 14667 14675 14672
f 14664 14665 14667 14666
f 14675 14667 14665 14674
f 14681 14678 14668 14679
f 15649 15672 14668 15846
f 14668 14678 15847 15846
f 14669 14671 14670 14672
f 14669 14672 14675 14677
f 14676 14673 14669 14677
f 14677 14675 14674 14676
f 14678 14681 14683 14682
f 14678 14682 15853 15847
f 14679 14680 14685 14684
f 14686 14685 14680 14688
f 14687 14683 14681 14684
f 14682 14689 16217 15853
f 14683 14687 14696 14689
f 14684 14685 14686 14687
f 14686 14688 14690 14691
f 14696 14687 14686 14691
f 14689 14696 14695 14697
f 14689 14697 14698 14699
f 14689 14699 16218 16217
f 14695 14691 14690 14694
f 14695 14694 14693 14697
f 14697 14701 14700 14698
f 14698 14700 16188 16212
f 16218 14699 14698 16212
f 14707 14706 14702 14703
f 14703 14704 14708 14707
f 14704 14705 14709 14708
f 14705 16415 16414 16460
f 14706 14707 16445 16444
f 14707 14708 16448 16445
f 14708 14709 16449 16448
f 16443 16449 14709 16460
f 14716 14713 14711 14747
f 14712 14713 14716 14718
f 14712 14718 15026 15020
f 14714 14715 14717 14748
f 14749 14746 14714 14748
f 14714 14746 14774 14779
f 14776 14715 14714 14779
f 15025 14717 14715 15024
f 14715 14776 15057 15024
f 14716 14747 14750 14753
f 14751 14718 14716 14753
f 14759 14748 14717 14752
f 15030 14752 14717 15025
f 14718 14751 15031 15026
f 14719 14723 15212 15199
f 14794 14721 14720 14793
f 15276 14793 14720 15198
f 14729 14723 14721 14730
f 14799 14730 14721 14794
f 14722 14724 14725 14726
f 14723 14729 15214 15212
f 15203 14725 14724 15202
f 14727 14726 14725 14731
f 14728 14732 15209 15208
f 14729 14733 15216 15214
f 14800 14733 14730 14799
f 15209 14732 14731 15217
f 14733 14800 15287 15216
f 14740 14735 14734 14739
f 14786 14736 14735 14740
f 14765 14763 14736 14786
f 14741 14738 14737 14742
f 14767 14742 14737 14764
f 14826 14764 14737 14843
f 14737 14738 14842 14843
f 14738 14741 14787 14785
f 14738 14785 14841 14842
f 14744 14740 14739 14743
f 14740 14744 14788 14786
f 14741 14742 14789 14791
f 15314 14787 14741 14791
f 14742 14767 14772 14789
f 14744 15313 14745 14790
f 14745 14809 14808 14790
f 14746 14749 14812 14774
f 14756 14749 14748 14759
f 14749 14756 14813 14812
f 14751 14754 15034 15031
f 15033 14755 14752 15030
f 14753 14757 14758 14754
f 14754 14758 15023 15034
f 14760 14759 14755 14761
f 15035 14761 14755 15033
f 14756 14760 14823 14813
f 14760 14761 14824 14823
f 15067 14824 14761 15035
f 14762 14763 14765 14766
f 14771 14767 14764 14770
f 14829 14770 14764 14826
f 14769 14766 14765 14768
f 14765 14786 14788 14768
f 14767 14771 14773 14772
f 14768 14788 14790 14808
f 14830 14771 14770 14829
f 14840 14773 14771 14830
f 14792 14789 14772 14810
f 14834 14811 14773 14840
f 14814 14779 14774 14812
f 14780 14777 14775 14778
f 14775 14875 14867 15058
f 14775 14777 14873 14875
f 15060 14778 14775 15058
f 14776 14779 14814 14781
f 14776 14781 15059 15057
f 14777 14780 14783 14782
f 14777 14782 14871 14873
f 14817 14780 14778 14784
f 15063 14784 14778 15060
f 14815 14783 14780 14817
f 14781 14814 14818 14816
f 14781 14816 15062 15059
f 14782 14783 14919 14871
f 14783 14815 14920 14919
f 15066 14820 14784 15063
f 14785 14787 14847 14841
f 14848 14847 14787 15314
f 14791 14792 15315 15316
f 14792 14810 14811 15315
f 14803 14799 14794 14802
f 15278 14802 14795 15276
f 14796 14797 14798 14801
f 14884 14797 14796 14885
f 14796 14801 15278 15273
f 15377 14885 14796 15273
f 14888 14798 14797 14884
f 14803 14801 14798 14806
f 14896 14806 14798 14888
f 14800 14804 15291 15287
f 15291 14804 14803 15290
f 14803 14805 15292 15283
f 14805 14807 15295 15292
f 14897 14807 14806 14896
f 14807 14897 15394 15295
f 14811 14834 14850 15315
f 14812 14813 14818 14814
f 14815 14821 14921 14920
f 14816 14819 15065 15062
f 14817 14820 14822 14821
f 14818 14823 14824 14819
f 14819 14824 15067 15065
f 15159 14822 14820 15066
f 14821 14822 14922 14921
f 15187 14922 14822 15159
f 14830 14829 14826 14832
f 14826 14843 14853 14832
f 14827 14828 14831 14833
f 14827 14833 14846 14844
f 14864 14828 14827 15679
f 14827 14844 14903 15679
f 14865 14831 14828 14864
f 14830 14832 14835 14840
f 14838 14833 14831 14837
f 15691 14837 14831 14865
f 14856 14835 14832 14853
f 14833 14838 14857 14846
f 14834 14836 14860 14850
f 14860 14836 14835 14856
f 15732 14863 14837 15691
f 14838 14839 14861 14857
f 14862 14861 14839 14863
f 14845 14842 14841 14847
f 14853 14843 14842 14845
f 14844 14846 14855 14851
f 14844 14851 14901 14903
f 14845 14847 14848 14849
f 14856 14853 14845 14849
f 14858 14855 14846 14857
f 14848 15314 15316 15432
f 14850 14860 14849 15432
f 15316 15315 14850 15432
f 14854 14852 14851 14855
f 14851 14852 14900 14901
f 14852 14854 14908 14900
f 14854 14855 14858 14859
f 14854 14859 14910 14908
f 14858 14861 14862 15433
f 14911 14910 14859 15433
f 14911 15433 14862 14912
f 14862 14863 15732 14912
f 14864 15679 15684 14865
f 14865 15684 15685 15691
f 14866 14867 14870 15183
f 15058 14867 14866 15156
f 15157 15156 14866 15183
f 14867 14875 14881 14870
f 14868 14869 14876 14872
f 15190 14869 14868 14882
f 15696 14882 14868 15695
f 14868 14872 15707 15695
f 14924 14876 14869 15185
f 15191 15185 14869 15190
f 14870 14881 14923 15186
f 15184 15183 14870 15186
f 14877 14873 14871 14919
f 14878 14874 14872 14876
f 14872 14874 15687 15707
f 14881 14875 14873 14877
f 14874 14878 14880 14879
f 14874 14879 15686 15687
f 14877 14919 14920 14926
f 14923 14881 14877 14926
f 14928 14880 14878 14925
f 14879 14880 15734 15686
f 14880 14928 15735 15734
f 15699 15190 14882 15696
f 15166 15169 14883 15689
f 14883 15169 15170 15193
f 14883 15193 16159 15689
f 14884 14885 14887 14888
f 15384 14887 14885 15377
f 14886 14889 14890 14891
f 14886 14891 15380 15383
f 15718 14889 14886 15665
f 14886 15383 16291 15665
f 14896 14888 14887 14892
f 15395 14892 14887 15384
f 15719 14890 14889 15718
f 14893 14891 14890 14898
f 15729 14898 14890 15719
f 14891 14893 15390 15380
f 15396 14894 14892 15395
f 14893 14895 15397 15390
f 15394 14897 14894 15396
f 14895 14899 15398 15397
f 15730 14899 14898 15729
f 16305 15398 14899 15730
f 14905 14901 14900 14908
f 14906 14903 14901 14905
f 14909 14904 14902 14907
f 14902 14904 15667 15791
f 15683 14907 14902 15680
f 15748 15680 14902 15791
f 15684 15679 14903 14906
f 15669 15667 14904 15715
f 14904 14909 15716 15715
f 14905 14908 14910 14915
f 14913 14906 14905 14915
f 15685 15684 14906 14913
f 14916 14909 14907 14914
f 15685 14914 14907 15683
f 14909 14916 16400 15716
f 14911 14912 14917 14915
f 15692 14917 14912 15732
f 14913 14917 15692 15685
f 15693 14918 14914 15685
f 14916 14918 15717 16401
f 14918 15693 15733 15717
f 14921 14922 14927 14926
f 15189 14927 14922 15187
f 15189 15186 14923 14927
f 14929 14925 14924 14930
f 15192 14930 14924 15188
f 14928 14929 15736 15735
f 14929 14930 15737 15736
f 14930 15192 16173 15737
f 14977 14976 14938 15046
f 14938 15028 15036 15037
f 14939 14940 14944 14943
f 14940 14941 14950 14944
f 14953 14950 14941 14952
f 14942 14945 14947 14946
f 14948 14947 14945 14951
f 14946 14947 14992 14991
f 14947 14948 14993 14992
f 14948 14951 14949 14954
f 14948 14954 15001 14993
f 15018 14954 14949 15013
f 15014 14953 14952 15016
f 14999 15001 14954 15018
f 14955 14960 15077 15068
f 14960 14961 15078 15077
f 14970 14972 14978 15047
f 15048 15043 14970 15047
f 15081 14972 14970 15080
f 14970 15043 15161 15080
f 15024 15057 14971 15027
f 15029 15027 14971 15061
f 14971 15057 15059 15061
f 14980 14978 14972 14979
f 15094 14979 14972 15081
f 14977 14975 14974 14976
f 14975 14977 14981 14987
f 14977 15046 15049 14981
f 14978 14980 14985 14982
f 15054 15047 14978 14982
f 15095 14980 14979 15094
f 15098 14985 14980 15095
f 15041 14983 14981 15049
f 14982 14984 15055 15054
f 15042 14988 14983 15041
f 14984 14986 15056 15055
f 15099 14986 14985 15098
f 15165 15056 14986 15099
f 14989 14995 15087 15086
f 14990 14991 14992 14994
f 14992 14993 14996 14994
f 15000 14996 14993 15001
f 14995 14998 15088 15087
f 15088 14998 14997 15089
f 15092 15089 14997 15091
f 15000 15001 14999 15090
f 14999 15018 15017 15155
f 15004 15006 15008 15009
f 15012 15007 15005 15011
f 15017 15013 15007 15012
f 15015 15009 15008 15014
f 15149 15011 15010 15148
f 15152 15012 15011 15149
f 15155 15017 15012 15152
f 15019 15020 15026 15021
f 15031 15022 15021 15026
f 15029 15025 15024 15027
f 15025 15029 15032 15030
f 15029 15061 15064 15032
f 15067 15035 15032 15064
f 15039 15037 15036 15038
f 15049 15046 15037 15050
f 15039 15040 15042 15041
f 15045 15044 15043 15048
f 15043 15044 15160 15161
f 15044 15045 15162 15160
f 15045 15048 15051 15052
f 15045 15052 15163 15162
f 15051 15048 15047 15054
f 15051 15055 15056 15053
f 15052 15053 15164 15163
f 15053 15056 15165 15164
f 15157 15060 15058 15156
f 15064 15061 15059 15062
f 15158 15063 15060 15157
f 15071 15072 15919 15915
f 15072 15079 15918 15919
f 15074 15116 15121 15150
f 15075 15150 15154 15151
f 15152 15149 15076 15153
f 15096 15081 15080 15172
f 15080 15161 15167 15172
f 15095 15094 15081 15096
f 15082 15083 15097 15084
f 15082 15084 15171 15085
f 15951 15083 15082 15948
f 15082 15085 15957 15948
f 15952 15097 15083 15951
f 15084 15097 15104 15100
f 15084 15100 15173 15171
f 15168 15166 15085 15171
f 15689 15957 15085 15166
f 15086 15087 15131 15127
f 15087 15088 15133 15131
f 15088 15089 15137 15133
f 15089 15092 15145 15137
f 15090 15155 15152 15153
f 15154 15093 15091 15151
f 15092 15093 15144 15145
f 15124 15144 15093 15154
f 15095 15096 15101 15098
f 15096 15172 15175 15101
f 15959 15104 15097 15952
f 15099 15103 15180 15165
f 15100 15102 15176 15173
f 15180 15103 15101 15175
f 15102 15105 15182 15181
f 15960 15105 15104 15959
f 15195 15182 15105 15960
f 16049 15120 15117 16048
f 15118 15120 15125 15122
f 15124 15121 15119 15123
f 16061 15125 15120 16049
f 15154 15150 15121 15124
f 15122 15125 15146 15142
f 15144 15124 15123 15143
f 16102 15146 15125 16061
f 15126 15127 15131 15132
f 15130 15129 15128 15134
f 15129 15130 15967 15966
f 15130 15134 15135 15140
f 15130 15140 15968 15967
f 15136 15132 15131 15133
f 15139 15136 15133 15137
f 15141 15140 15135 15138
f 15137 15145 15143 15139
f 15138 15142 15147 15141
f 15140 15141 16105 15968
f 15141 15147 16101 16105
f 16101 15147 15146 16102
f 15157 15183 15184 15158
f 15187 15159 15158 15184
f 15167 15161 15160 15162
f 15162 15163 15174 15167
f 15164 15165 15180 15174
f 15170 15169 15166 15168
f 15175 15172 15167 15174
f 15168 15171 15173 15177
f 15178 15170 15168 15177
f 15194 15193 15170 15178
f 15177 15181 15182 15179
f 15178 15179 15196 15194
f 15179 15182 15195 15196
f 16170 15191 15190 15699
f 16173 15192 15191 16170
f 15193 15194 16165 16159
f 15195 15960 15962 16166
f 16165 15196 15195 16166
f 15197 15198 15203 15210
f 15274 15198 15197 15275
f 15197 15210 15284 15275
f 15213 15203 15199 15212
f 15204 15201 15200 15205
f 15203 15202 15201 15204
f 15211 15210 15203 15213
f 15204 15205 15206 15217
f 15213 15203 15204 15217
f 15206 15207 15209 15217
f 15210 15211 15285 15284
f 15211 15215 15286 15285
f 15213 15214 15216 15215
f 15215 15216 15287 15286
f 15218 15221 15222 15223
f 15218 15223 15252 15262
f 15337 15221 15218 15338
f 15218 15262 15357 15338
f 15225 15220 15219 15224
f 15220 15225 15227 15232
f 15339 15222 15221 15337
f 15226 15223 15222 15230
f 15342 15230 15222 15339
f 15223 15226 15258 15252
f 15253 15225 15224 15251
f 15259 15227 15225 15253
f 15226 15228 15259 15258
f 15261 15229 15227 15259
f 15228 15231 15269 15259
f 15272 15233 15229 15261
f 15343 15231 15230 15342
f 15355 15269 15231 15343
f 15236 15235 15234 15237
f 15236 15237 15241 15243
f 15240 15239 15238 15247
f 15238 15239 15296 15298
f 15299 15247 15238 15298
f 15248 15242 15240 15247
f 15241 15318 15326 15244
f 15320 15317 15242 15245
f 15245 15249 15324 15320
f 15301 15248 15247 15299
f 15312 15249 15248 15301
f 15249 15312 15330 15324
f 15253 15251 15250 15257
f 15250 15254 15255 15257
f 15263 15262 15252 15256
f 15266 15256 15252 15258
f 15253 15257 15260 15259
f 15260 15257 15255 15270
f 15264 15263 15256 15265
f 15267 15265 15256 15266
f 15268 15266 15259 15269
f 15260 15271 15272 15261
f 15262 15263 15356 15357
f 15263 15264 15353 15356
f 15264 15265 15354 15353
f 15265 15267 15369 15354
f 15267 15268 15370 15369
f 15268 15269 15355 15370
f 15280 15277 15273 15278
f 15273 15277 15376 15377
f 15278 15276 15274 15279
f 15274 15275 15284 15279
f 15277 15280 15282 15281
f 15277 15281 15378 15376
f 15278 15279 15288 15290
f 15289 15280 15278 15283
f 15279 15284 15285 15288
f 15293 15282 15280 15289
f 15281 15282 15379 15378
f 15282 15293 15387 15379
f 15293 15294 15393 15387
f 15294 15295 15394 15393
f 15305 15303 15297 15304
f 15406 15304 15297 15403
f 15298 15300 15302 15299
f 15299 15302 15306 15301
f 15303 15305 15309 15307
f 15407 15305 15304 15406
f 15413 15309 15305 15407
f 15306 15332 15333 15308
f 15307 15309 15311 15310
f 15335 15334 15307 15310
f 15330 15312 15308 15333
f 15416 15311 15309 15413
f 15310 15311 15336 15335
f 15438 15336 15311 15416
f 15318 15319 15325 15326
f 15323 15322 15320 15324
f 15321 15323 15329 15327
f 15323 15324 15330 15329
f 15331 15328 15327 15329
f 15333 15332 15328 15331
f 15437 15435 15336 15438
f 15337 15338 15340 15339
f 15358 15340 15338 15357
f 15339 15340 15345 15342
f 15365 15345 15340 15358
f 15350 15344 15341 15349
f 15400 15349 15341 16274
f 15341 15360 15425 16274
f 15343 15346 15367 15355
f 15351 15347 15344 15350
f 15344 15347 15368 15360
f 15367 15346 15345 15365
f 15347 15348 15372 15368
f 15348 15352 15374 15372
f 15401 15350 15349 15400
f 15402 15351 15350 15401
f 16284 15352 15351 15402
f 15431 15374 15352 16284
f 15361 15356 15353 15354
f 15366 15361 15354 15369
f 15366 15370 15355 15367
f 15358 15357 15356 15361
f 15358 15361 15366 15365
f 15364 15362 15359 15363
f 15359 15362 15419 15424
f 15425 15360 15359 15424
f 15362 15364 15423 15419
f 15373 15364 15363 15371
f 15364 15373 15427 15423
f 15371 15372 15374 15375
f 15373 15375 15428 15427
f 15428 15375 15374 15431
f 15376 15378 15379 15385
f 15384 15377 15376 15385
f 15389 15385 15379 15387
f 15381 15383 15380 15386
f 15391 15386 15380 15390
f 15381 15386 15388 15382
f 15381 15382 16287 16288
f 16291 15383 15381 16288
f 15382 15388 16294 16287
f 15384 15385 15389 15395
f 15392 15388 15386 15391
f 15388 15392 16295 16294
f 15391 15397 15398 15399
f 15392 15399 16304 16295
f 16304 15399 15398 16305
f 15400 16274 16275 15401
f 16279 15402 15401 16275
f 16364 15418 15405 16361
f 15407 15408 15414 15413
f 15408 15410 15412 15414
f 15421 15411 15409 15420
f 15441 15436 15411 15415
f 15439 15417 15412 15440
f 15415 15422 15445 15441
f 15416 15417 15439 15438
f 16365 15420 15418 16364
f 15426 15424 15419 15423
f 16370 15421 15420 16365
f 16372 15422 15421 16370
f 16412 15445 15422 16372
f 15429 15426 15423 15427
f 16310 15425 15424 15426
f 16275 16274 15425 16310
f 15426 15429 16313 16310
f 15428 15431 15430 15429
f 15430 16282 16279 16313
f 15430 15431 16284 16282
f 15436 15441 15443 15442
f 15444 15445 16412 16410
f 15454 15448 15446 15450
f 15461 15449 15448 15454
f 15449 15461 15492 15476
f 15456 15454 15450 15455
f 15473 15459 15452 15463
f 15453 15460 15491 15479
f 15454 15456 15458 15461
f 15458 15456 15455 15457
f 15481 15458 15457 15480
f 15492 15461 15458 15481
f 15475 15462 15459 15473
f 15460 15462 15493 15491
f 15462 15475 15530 15493
f 15465 15466 15469 15468
f 15465 15468 15471 15470
f 15553 15469 15466 15552
f 15529 15474 15467 15515
f 15468 15469 15472 15471
f 15563 15472 15469 15553
f 15470 15471 15525 15523
f 15471 15472 15535 15525
f 15598 15535 15472 15563
f 15530 15475 15474 15529
f 15484 15478 15476 15492
f 15482 15488 15500 15497
f 15483 15494 15499 15498
f 15485 15491 15493 15497
f 15487 15498 15510 15502
f 15509 15500 15488 15501
f 15496 15490 15489 15495
f 15490 15496 15508 15506
f 15531 15497 15493 15530
f 15533 15499 15494 15531
f 15495 15497 15500 15496
f 15496 15500 15509 15508
f 15498 15499 15511 15510
f 15545 15511 15499 15533
f 15513 15505 15503 15510
f 15505 15513 15546 15537
f 15512 15507 15506 15508
f 15546 15513 15511 15545
f 15514 15536 15639 15620
f 15580 15519 15518 15579
f 15596 15534 15519 15580
f 15544 15532 15520 15542
f 15521 15522 15540 15539
f 15522 15534 15547 15540
f 15526 15524 15523 15525
f 15524 15526 15528 15527
f 15528 15526 15525 15535
f 15527 15528 15587 15586
f 15528 15535 15598 15587
f 15545 15533 15532 15544
f 15606 15547 15534 15596
f 15832 15639 15536 15825
f 15543 15548 15607 15604
f 15607 15548 15547 15606
f 15652 15550 15549 15651
f 15550 15652 15855 15828
f 15574 15560 15551 15564
f 15555 15553 15552 15557
f 15553 15555 15559 15563
f 15554 15561 15594 15581
f 15555 15557 15558 15559
f 15590 15559 15558 15589
f 15598 15563 15559 15590
f 15575 15562 15560 15574
f 15561 15562 15595 15594
f 15562 15575 15621 15595
f 15565 15566 15568 15570
f 15572 15569 15565 15570
f 15925 15568 15566 15922
f 15572 15570 15568 15573
f 15929 15573 15568 15925
f 15569 15572 15629 15628
f 15625 15576 15571 15610
f 15572 15573 15619 15629
f 15991 15619 15573 15929
f 15575 15576 15625 15621
f 15577 15655 15654 15956
f 15767 15655 15577 15690
f 15577 15956 15958 16157
f 16161 15690 15577 16157
f 15697 15700 15578 15701
f 15773 15663 15578 15700
f 15578 15663 15775 15701
f 15608 15585 15583 15602
f 15606 15596 15585 15608
f 15588 15592 15586 15587
f 15587 15598 15590 15588
f 15588 15590 15589 15592
f 15593 15599 15609 15605
f 15622 15597 15595 15621
f 15599 15601 15830 15609
f 15624 15601 15600 15623
f 15601 15624 15644 15830
f 15831 15829 15609 15830
f 15612 15613 15615 15614
f 15618 15613 15612 15617
f 15627 15615 15613 15618
f 15614 15615 15635 15634
f 15615 15627 15645 15635
f 15990 15618 15617 15972
f 15992 15627 15618 15990
f 15631 15629 15619 15633
f 15998 15633 15619 15991
f 16017 15645 15627 15992
f 15628 15629 15631 15630
f 15633 15632 15630 15631
f 15632 15633 15998 15996
f 15634 15635 15637 15636
f 15646 15637 15635 15645
f 15636 15637 15646 15638
f 15638 15646 16018 16002
f 15641 15642 15837 15836
f 15642 15647 15839 15837
f 15831 15830 15644 15835
f 16018 15646 15645 16017
f 16192 15839 15647 16013
f 15648 15649 15846 15845
f 15848 15650 15648 15845
f 15650 15848 16194 16014
f 15658 15656 15653 15657
f 15653 15656 15862 15859
f 16091 15657 15653 16087
f 15653 15859 16256 16087
f 15654 15655 15770 15771
f 15949 15956 15654 16086
f 15654 15771 16092 16086
f 15655 15767 15768 15770
f 15656 15658 15772 15659
f 15656 15659 15861 15862
f 15657 16091 16095 16180
f 16179 15658 15657 16180
f 16184 15772 15658 16179
f 15659 15772 15887 15861
f 15660 15662 15778 15774
f 15787 15760 15660 15774
f 15857 15662 15661 15856
f 15661 15760 15877 15856
f 15858 15778 15662 15857
f 15663 15773 15777 15775
f 15719 15718 15665 15722
f 16293 15722 15665 16291
f 15666 15675 15673 15720
f 15666 15720 15727 15721
f 15666 15721 16292 16290
f 16331 15675 15666 16290
f 15793 15791 15667 15795
f 15667 15669 15794 15795
f 15668 15792 15796 15797
f 15668 15797 15868 15867
f 15870 15792 15668 15867
f 15669 15715 15716 15794
f 15673 15675 15676 15805
f 15727 15720 15673 15805
f 16335 15676 15675 16331
f 15806 15805 15676 15807
f 16353 15807 15676 16335
f 15866 15865 15677 15869
f 15895 15678 15677 15865
f 16335 16333 15677 15678
f 16425 15869 15677 16333
f 15896 15808 15678 15895
f 15680 15681 15682 15683
f 15747 15681 15680 15748
f 15751 15682 15681 15747
f 15685 15683 15682 15694
f 15769 15694 15682 15751
f 15712 15687 15686 15734
f 15688 15707 15711 15713
f 15688 15713 15759 15758
f 15763 15707 15688 15758
f 16158 15957 15689 16159
f 15768 15767 15690 16161
f 15813 15733 15694 15769
f 15699 15696 15695 15698
f 15706 15700 15697 15710
f 15697 15702 15714 15710
f 15697 15701 16172 15702
f 15698 15707 15739 15703
f 16170 15699 15698 15703
f 15700 15706 15761 15773
f 15701 15775 15776 16172
f 15740 15714 15702 16171
f 15743 15704 15703 15739
f 15737 16173 15704 15743
f 15705 15706 15710 15709
f 15706 15707 15763 15761
f 15738 15713 15711 15742
f 15712 15734 15735 15744
f 15713 15738 15814 15759
f 16402 15794 15716 16400
f 15717 15733 15813 16403
f 16404 16401 15717 16403
f 15719 15722 15723 15729
f 15728 15724 15721 15727
f 15721 15724 16299 16292
f 16300 15723 15722 16293
f 16307 15726 15723 16300
f 15724 15725 16308 16299
f 15725 15731 16309 16308
f 16305 15730 15726 16307
f 15727 15805 15806 15728
f 15811 15731 15728 15806
f 15731 15811 16356 16309
f 15738 15745 15815 15814
f 15740 16171 16174 15746
f 15745 15746 15823 15815
f 15784 15823 15746 16174
f 15747 15748 15749 15751
f 15748 15791 15793 15749
f 15769 15751 15749 15752
f 15801 15752 15749 15793
f 15786 15753 15750 15757
f 15803 15754 15752 15801
f 15753 15755 15802 15799
f 16403 15813 15754 15803
f 16406 15802 15755 15804
f 15756 15792 15871 15879
f 15874 15757 15756 15873
f 15875 15786 15757 15874
f 15758 15759 15764 15763
f 15818 15764 15759 15814
f 15788 15762 15760 15787
f 15760 15762 15876 15877
f 15761 15763 15764 15789
f 15777 15773 15761 15789
f 15766 15765 15762 15788
f 15762 15765 15880 15876
f 15817 15789 15764 15818
f 15765 15766 15883 15880
f 15766 15788 15816 15819
f 15766 15819 15909 15883
f 15768 16161 16164 16175
f 16183 15770 15768 16175
f 16178 15771 15770 16183
f 16094 16092 15771 16178
f 15892 15887 15772 16184
f 15774 15778 15783 15779
f 15774 15779 15790 15787
f 15781 15776 15775 15777
f 16174 16172 15776 15784
f 15777 15789 15817 15781
f 15888 15783 15778 15858
f 15779 15780 15821 15790
f 15780 15785 15824 15821
f 15822 15782 15781 15817
f 15782 15822 15823 15784
f 15891 15785 15783 15888
f 15910 15824 15785 15891
f 15898 15804 15786 15875
f 15816 15788 15787 15790
f 15793 15795 15800 15801
f 15800 15795 15794 16402
f 15798 15797 15796 15799
f 15797 15798 15902 15868
f 16459 15902 15798 16405
f 16403 15803 15800 16404
f 15804 15898 15903 16406
f 16350 15810 15807 16353
f 16354 16335 15808 15809
f 15809 15812 16359 16354
f 16356 15811 15810 16350
f 15812 15897 16360 16359
f 15822 15818 15815 15823
f 15816 15821 15824 15820
f 15819 15820 15911 15909
f 15820 15824 15910 15911
f 15825 15826 15833 15832
f 15826 15827 15854 15833
f 15827 15828 15855 15854
f 15836 15837 15840 15838
f 15837 15839 15841 15840
f 15843 15842 15838 15840
f 16195 15841 15839 16192
f 15840 15841 15844 15843
f 16198 15844 15841 16195
f 15842 15843 16205 16204
f 15843 15844 16209 16205
f 15844 16198 16219 16209
f 15845 15846 15847 15849
f 15850 15848 15845 15849
f 15852 15849 15847 15853
f 15848 15850 16196 16194
f 15851 15850 15849 15852
f 15850 15851 16199 16196
f 15851 15852 16213 16216
f 16220 16199 15851 16216
f 15852 15853 16217 16213
f 15886 15858 15857 15860
f 15858 15886 15890 15888
f 15859 15863 16257 16256
f 15860 15877 15878 15886
f 15863 15862 15861 15887
f 15863 15887 15892 15914
f 15863 15914 16263 16257
f 15865 15866 15899 15895
f 15866 15869 15872 15899
f 15867 15868 15905 15870
f 15868 15902 15907 15905
f 16433 15872 15869 16425
f 15881 15879 15871 15905
f 15900 15899 15872 15904
f 16437 15904 15872 16433
f 15881 15874 15873 15879
f 15882 15875 15874 15881
f 15878 15877 15876 15885
f 15876 15880 15883 15885
f 15890 15886 15878 15894
f 15878 15885 15912 15894
f 15881 15905 15907 15882
f 15908 15884 15882 15907
f 15912 15885 15883 15909
f 15903 15898 15884 15908
f 15889 15890 15894 15913
f 15910 15891 15889 15913
f 15892 16184 16185 15893
f 16273 15914 15892 15893
f 15893 16185 16186 16272
f 15900 15896 15895 15899
f 15901 15897 15896 15900
f 15897 15901 16438 16360
f 15901 15906 16439 16438
f 15908 15907 15902 16459
f 16405 16406 15903 16459
f 16439 15906 15904 16437
f 15912 15911 15910 15913
f 16265 16263 15914 16273
f 16007 15995 15916 15917
f 15917 15921 16008 16007
f 15922 15923 15926 15925
f 15930 15926 15923 15931
f 15924 15934 15986 15969
f 15925 15926 15930 15929
f 15927 15928 15933 15934
f 15945 15933 15928 15937
f 15929 15930 15976 15991
f 15930 15931 15977 15976
f 15946 15935 15933 15945
f 15934 15935 15987 15986
f 15935 15946 16052 15987
f 15941 15943 15936 15939
f 15936 15943 16037 16030
f 15939 15940 15942 15941
f 16117 15942 15940 16108
f 15944 15943 15941 15942
f 16119 15944 15942 16117
f 16051 15947 15943 16036
f 15943 15944 16054 16037
f 16128 16054 15944 16119
f 15946 15947 16051 16052
f 15952 15951 15948 15953
f 16158 15953 15948 15957
f 15955 15950 15949 15954
f 15958 15956 15949 15950
f 15949 16086 16088 15954
f 15950 15955 15964 15963
f 16160 15958 15950 15963
f 15952 15953 15961 15959
f 16162 15961 15953 16158
f 16089 15955 15954 16088
f 16097 15964 15955 16089
f 16167 16157 15958 16160
f 16166 15962 15961 16162
f 15963 15965 16169 16163
f 16098 15965 15964 16097
f 15965 16098 16177 16169
f 15966 15967 16079 16075
f 15967 15968 16081 16079
f 16077 16081 15968 16105
f 15971 15985 15994 15989
f 15972 15974 15975 15990
f 15973 15989 16016 16000
f 15993 15975 15974 15978
f 15992 15990 15975 15993
f 15976 15977 15997 15999
f 15998 15991 15976 15999
f 16020 15993 15978 16003
f 15981 16076 16232 16187
f 15985 16033 16059 15994
f 16053 15988 15987 16052
f 15989 15994 16021 16016
f 15992 15993 16020 16017
f 16069 16021 15994 16059
f 15999 15997 15996 15998
f 16022 16004 16000 16016
f 16001 16005 16202 16203
f 16224 16023 16001 16203
f 16019 16006 16002 16018
f 16003 16006 16019 16020
f 16012 16010 16009 16011
f 16010 16012 16191 16189
f 16191 16012 16011 16190
f 16013 16015 16193 16192
f 16193 16015 16014 16194
f 16019 16018 16017 16020
f 16071 16022 16021 16069
f 16227 16024 16023 16224
f 16225 16025 16024 16227
f 16211 16026 16025 16225
f 16027 16029 16047 16038
f 16229 16047 16029 16228
f 16030 16037 16042 16040
f 16052 16051 16031 16053
f 16044 16034 16032 16041
f 16032 16034 16046 16045
f 16058 16059 16033 16035
f 16034 16044 16060 16046
f 16055 16042 16037 16054
f 16038 16050 16062 16056
f 16061 16049 16039 16057
f 16040 16042 16055 16043
f 16133 16044 16041 16132
f 16043 16055 16129 16132
f 16138 16060 16044 16133
f 16045 16046 16067 16063
f 16046 16060 16072 16067
f 16230 16050 16047 16229
f 16231 16062 16050 16230
f 16129 16055 16054 16128
f 16056 16062 16106 16104
f 16102 16061 16057 16103
f 16069 16059 16058 16068
f 16149 16072 16060 16138
f 16242 16106 16062 16231
f 16066 16064 16063 16067
f 16073 16065 16064 16066
f 16065 16073 16143 16144
f 16066 16067 16072 16073
f 16068 16070 16071 16069
f 16143 16073 16072 16149
f 16083 16076 16074 16078
f 16076 16083 16234 16232
f 16077 16105 16101 16103
f 16078 16080 16085 16083
f 16080 16082 16084 16085
f 16082 16104 16107 16084
f 16083 16085 16235 16234
f 16235 16085 16084 16233
f 16084 16107 16241 16233
f 16089 16088 16086 16092
f 16087 16090 16093 16091
f 16236 16090 16087 16256
f 16089 16092 16094 16097
f 16237 16093 16090 16236
f 16091 16093 16099 16095
f 16239 16099 16093 16237
f 16094 16178 16182 16096
f 16095 16100 16186 16181
f 16177 16098 16096 16182
f 16240 16100 16099 16239
f 16272 16186 16100 16240
f 16241 16107 16106 16242
f 16108 16115 16118 16117
f 16109 16111 16150 16269
f 16113 16111 16110 16112
f 16111 16113 16151 16150
f 16113 16114 16152 16151
f 16115 16116 16120 16118
f 16130 16120 16116 16126
f 16117 16118 16120 16119
f 16119 16120 16130 16128
f 16125 16122 16121 16123
f 16122 16125 16154 16147
f 16154 16125 16124 16153
f 16126 16127 16131 16130
f 16127 16132 16129 16131
f 16131 16129 16128 16130
f 16135 16133 16132 16134
f 16133 16135 16137 16138
f 16137 16135 16134 16136
f 16140 16137 16136 16139
f 16149 16138 16137 16140
f 16146 16140 16139 16145
f 16143 16149 16140 16146
f 16145 16144 16143 16146
f 16155 16148 16147 16154
f 16271 16270 16150 16151
f 16153 16156 16155 16154
f 16164 16161 16157 16167
f 16158 16159 16165 16162
f 16168 16167 16163 16169
f 16176 16175 16164 16168
f 16168 16169 16177 16176
f 16182 16183 16176 16177
f 16179 16181 16186 16185
f 16187 16232 16238 16244
f 16190 16243 16189 16191
f 16192 16193 16197 16195
f 16193 16194 16196 16197
f 16195 16197 16200 16198
f 16200 16197 16196 16199
f 16198 16200 16221 16219
f 16221 16200 16199 16220
f 16207 16202 16201 16206
f 16208 16203 16202 16207
f 16203 16208 16222 16224
f 16204 16205 16207 16206
f 16208 16207 16205 16209
f 16208 16209 16219 16222
f 16210 16211 16215 16214
f 16218 16212 16210 16214
f 16211 16225 16223 16215
f 16215 16216 16213 16214
f 16213 16217 16218 16214
f 16220 16216 16215 16223
f 16219 16221 16226 16222
f 16226 16221 16220 16223
f 16227 16224 16222 16226
f 16223 16225 16227 16226
f 16250 16229 16228 16249
f 16251 16230 16229 16250
f 16253 16231 16230 16251
f 16266 16242 16231 16253
f 16232 16234 16262 16238
f 16264 16235 16233 16260
f 16233 16241 16267 16260
f 16234 16235 16264 16262
f 16236 16256 16257 16237
f 16237 16257 16263 16239
f 16245 16244 16238 16255
f 16258 16255 16238 16262
f 16273 16272 16240 16265
f 16241 16242 16266 16267
f 16258 16246 16245 16255
f 16259 16247 16246 16258
f 16261 16248 16247 16259
f 16250 16249 16248 16252
f 16268 16252 16248 16261
f 16251 16252 16254 16253
f 16253 16254 16268 16266
f 16258 16262 16264 16259
f 16259 16264 16260 16261
f 16268 16261 16260 16267
f 16313 16279 16275 16310
f 16276 16277 16280 16278
f 16322 16277 16276 16324
f 16276 16311 16380 16324
f 16329 16280 16277 16322
f 16278 16280 16281 16283
f 16278 16283 16317 16311
f 16343 16281 16280 16329
f 16344 16286 16281 16343
f 16283 16285 16318 16317
f 16285 16286 16319 16318
f 16389 16319 16286 16344
f 16297 16288 16287 16294
f 16293 16291 16288 16297
f 16289 16290 16298 16296
f 16331 16290 16289 16332
f 16289 16296 16347 16332
f 16306 16298 16292 16299
f 16293 16297 16301 16300
f 16294 16295 16301 16297
f 16296 16298 16306 16302
f 16296 16302 16349 16347
f 16301 16304 16305 16307
f 16302 16303 16355 16349
f 16303 16309 16356 16355
f 16311 16312 16383 16380
f 16316 16314 16312 16315
f 16312 16314 16381 16383
f 16314 16316 16382 16381
f 16315 16317 16320 16316
f 16316 16320 16390 16382
f 16391 16321 16319 16389
f 16320 16321 16391 16390
f 16322 16324 16327 16329
f 16420 16328 16323 16419
f 16323 16378 16446 16419
f 16394 16327 16324 16380
f 16325 16326 16328 16330
f 16325 16330 16345 16338
f 16378 16326 16325 16379
f 16325 16338 16386 16379
f 16343 16329 16327 16341
f 16395 16341 16327 16394
f 16421 16330 16328 16420
f 16428 16345 16330 16421
f 16331 16332 16347 16348
f 16333 16335 16352 16334
f 16333 16334 16423 16425
f 16334 16352 16418 16417
f 16334 16417 16426 16423
f 16335 16348 16351 16353
f 16339 16340 16396 16387
f 16340 16346 16399 16396
f 16341 16395 16389 16342
f 16429 16346 16345 16428
f 16457 16399 16346 16429
f 16351 16348 16347 16349
f 16355 16356 16350 16351
f 16352 16354 16357 16418
f 16354 16359 16360 16358
f 16427 16418 16357 16430
f 16357 16358 16431 16430
f 16358 16360 16438 16431
f 16365 16364 16361 16366
f 16362 16367 16368 16369
f 16440 16367 16362 16444
f 16363 16378 16379 16384
f 16363 16384 16393 16392
f 16446 16378 16363 16447
f 16363 16392 16450 16447
f 16365 16366 16374 16370
f 16441 16368 16367 16440
f 16371 16369 16368 16376
f 16442 16376 16368 16441
f 16372 16375 16408 16412
f 16414 16413 16373 16377
f 16374 16409 16408 16375
f 16443 16377 16376 16442
f 16377 16443 16460 16414
f 16379 16386 16387 16384
f 16380 16383 16385 16394
f 16385 16383 16381 16382
f 16388 16385 16382 16390
f 16384 16387 16397 16393
f 16395 16394 16385 16388
f 16387 16396 16399 16398
f 16392 16393 16452 16450
f 16393 16397 16453 16452
f 16397 16398 16454 16453
f 16398 16399 16457 16454
f 16400 16401 16404 16402
f 16408 16409 16407 16411
f 16417 16418 16427 16426
f 16424 16421 16420 16422
f 16421 16424 16432 16428
f 16422 16446 16451 16424
f 16423 16426 16427 16434
f 16433 16425 16423 16434
f 16458 16432 16424 16451
f 16427 16430 16436 16434
f 16429 16435 16456 16457
f 16456 16435 16432 16458
f 16433 16434 16436 16437
f 16440 16444 16445 16441
f 16441 16445 16448 16442
f 16447 16450 16452 16451
f 16451 16452 16453 16455
