v 0.394287 -0.361084 -0.499756
v 0.375244 -0.368896 -0.499756
v 0.375244 -0.368896 -0.433838
v 0.390381 -0.359619 -0.437256
v 0.391357 -0.250732 -0.499756
v 0.390869 -0.250732 -0.445557
v 0.234131 -0.367432 -0.499756
v 0.226318 -0.359131 -0.499756
v 0.226318 -0.355713 -0.445068
v 0.218506 -0.366455 -0.499756
v 0.218506 -0.363037 -0.437744
v 0.234131 -0.364014 -0.437256
v 0.135986 -0.366943 -0.499756
v 0.126221 -0.355713 -0.499756
v 0.126221 -0.351807 -0.446533
v 0.135986 -0.363037 -0.435791
v 0.226318 -0.295654 -0.445068
v 0.226318 -0.250732 -0.445557
v 0.125244 -0.295166 -0.446533
v 0.131104 -0.295166 -0.441650
v 0.117920 -0.367432 -0.499756
v 0.117920 -0.363525 -0.440186
v 0.124268 -0.250244 -0.445557
v 0.116455 -0.295166 -0.436279
v 0.391846 -0.236084 -0.499756
v 0.382080 -0.243408 -0.499756
v 0.379150 -0.243408 -0.445557
v 0.388428 -0.236084 -0.438721
v 0.385498 -0.249756 -0.437256
v 0.311279 -0.243408 -0.445557
v 0.298096 -0.185303 -0.451904
v 0.261475 -0.141846 -0.445557
v 0.293701 -0.180908 -0.391357
v 0.284912 -0.172607 -0.386963
v 0.274658 -0.151123 -0.390381
v 0.263916 -0.148682 -0.384521
v 0.255127 -0.151123 -0.390381
v 0.261475 -0.141846 -0.372803
v 0.274658 -0.151123 -0.339600
v 0.263916 -0.148682 -0.329346
v 0.255127 -0.151123 -0.339600
v 0.263916 -0.129150 -0.329346
v 0.278076 -0.167236 -0.255127
v 0.397705 -0.093994 -0.499756
v 0.394287 -0.093994 -0.438721
v 0.388916 -0.082275 -0.499756
v 0.397217 -0.074463 -0.499756
v 0.385498 -0.082275 -0.448486
v 0.393311 -0.074463 -0.441162
v 0.298096 -0.101318 -0.451904
v 0.311279 -0.088623 -0.445557
v 0.251709 -0.088623 -0.445068
v 0.284912 -0.114502 -0.386963
v 0.293701 -0.105713 -0.391357
v 0.340576 -0.038818 -0.445068
v 0.325439 -0.038818 -0.445068
v 0.340576 -0.010986 -0.445068
v 0.325439 -0.010986 -0.445068
v 0.346436 -0.051514 -0.387939
v 0.327881 -0.034912 -0.419189
v 0.340576 -0.038818 -0.384521
v 0.327881 -0.034912 -0.404053
v 0.325439 -0.038818 -0.384521
v 0.327881 -0.014893 -0.419189
v 0.340576 -0.010986 -0.384521
v 0.327881 -0.014893 -0.404053
v 0.325439 -0.010986 -0.384521
v 0.294678 -0.038818 -0.445068
v 0.279541 -0.038818 -0.445068
v 0.294678 -0.010986 -0.445068
v 0.279541 -0.010986 -0.445068
v 0.292236 -0.034912 -0.418701
v 0.292236 -0.034912 -0.403564
v 0.294678 -0.038818 -0.384033
v 0.275146 -0.051514 -0.386475
v 0.279541 -0.038818 -0.383545
v 0.292236 -0.014893 -0.418701
v 0.292236 -0.014893 -0.403564
v 0.294678 -0.010986 -0.384033
v 0.279541 -0.010986 -0.384033
v 0.278076 -0.121338 -0.255615
v 0.346436 -0.051514 -0.363037
v 0.275146 -0.051514 -0.364990
v 0.265869 -0.042236 -0.268311
v 0.265869 -0.037354 -0.273193
v 0.251709 -0.160889 -0.147217
v 0.261475 -0.141846 -0.162842
v 0.271729 -0.129150 -0.140869
v 0.251709 -0.129150 -0.140869
v 0.316650 -0.165283 -0.033447
v 0.321533 -0.160400 -0.033447
v 0.316650 -0.160400 -0.038818
v 0.327393 -0.176025 -0.015381
v 0.317139 -0.165283 -0.013428
v 0.322021 -0.160400 -0.013428
v 0.285400 -0.179443 -0.045166
v 0.281494 -0.173096 -0.023682
v 0.288818 -0.181885 -0.005127
v 0.285400 -0.179443 -0.000244
v 0.288818 -0.158447 -0.010498
v 0.288818 -0.158447 -0.005615
v 0.279541 -0.174072 -0.050049
v 0.261475 -0.141846 -0.005615
v 0.271729 -0.123779 -0.188721
v 0.251709 -0.123779 -0.188721
v 0.251709 -0.121826 -0.147217
v 0.265869 -0.042236 -0.152100
v 0.265869 -0.037354 -0.147705
v 0.337646 -0.091064 -0.003174
v 0.336670 -0.076904 -0.004150
v 0.285400 -0.111084 -0.046631
v 0.281494 -0.117920 -0.025635
v 0.285400 -0.111084 -0.002686
v 0.279541 -0.116455 -0.051514
v 0.271729 -0.023682 -0.038818
v 0.251709 -0.023682 -0.038818
v 0.215576 -0.185303 -0.451904
v 0.219971 -0.180908 -0.391357
v 0.226807 -0.172607 -0.386963
v 0.157959 -0.166260 -0.445068
v 0.153076 -0.171631 -0.445068
v 0.125244 -0.141846 -0.445557
v 0.156494 -0.165771 -0.383545
v 0.151123 -0.171143 -0.383545
v 0.151123 -0.165771 -0.378662
v 0.142822 -0.158447 -0.388428
v 0.142822 -0.134033 -0.388428
v 0.232178 -0.167236 -0.255127
v 0.173096 -0.144775 -0.350830
v 0.177490 -0.130615 -0.350830
v 0.145752 -0.144775 -0.350342
v 0.141357 -0.130615 -0.350342
v 0.117432 -0.234619 -0.445557
v 0.117432 -0.234619 -0.415283
v 0.109131 -0.188232 -0.416748
v 0.109131 -0.188232 -0.391846
v 0.112549 -0.158447 -0.388428
v 0.124756 -0.141846 -0.415283
v 0.121826 -0.148682 -0.382568
v 0.109131 -0.141357 -0.388916
v 0.112549 -0.134033 -0.394775
v 0.121826 -0.148682 -0.331787
v 0.121826 -0.129150 -0.331787
v 0.082275 -0.148682 -0.312744
v 0.082275 -0.161377 -0.281494
v 0.088135 -0.159424 -0.279053
v 0.088135 -0.159424 -0.265381
v 0.082275 -0.161377 -0.262939
v 0.076904 -0.159424 -0.279053
v 0.076904 -0.159424 -0.265381
v 0.103760 -0.148682 -0.300537
v 0.094482 -0.148682 -0.309814
v 0.106689 -0.148682 -0.288330
v 0.096924 -0.154541 -0.296631
v 0.099365 -0.154541 -0.288330
v 0.093994 -0.148682 -0.288330
v 0.096924 -0.143311 -0.296631
v 0.099365 -0.143311 -0.288330
v 0.103760 -0.148682 -0.276123
v 0.096924 -0.154541 -0.280029
v 0.094482 -0.148682 -0.267334
v 0.096924 -0.143311 -0.280029
v 0.090576 -0.154541 -0.302979
v 0.088135 -0.148682 -0.298584
v 0.082275 -0.154541 -0.305420
v 0.082275 -0.148682 -0.300049
v 0.090576 -0.143311 -0.302979
v 0.082275 -0.143311 -0.305420
v 0.092529 -0.148682 -0.294189
v 0.091553 -0.153564 -0.284912
v 0.092529 -0.148682 -0.282471
v 0.082275 -0.153564 -0.288330
v 0.073975 -0.154541 -0.302979
v 0.076416 -0.148682 -0.298584
v 0.070068 -0.148682 -0.309814
v 0.073975 -0.143311 -0.302979
v 0.072510 -0.148682 -0.294189
v 0.073486 -0.153564 -0.284912
v 0.070557 -0.148682 -0.288330
v 0.072510 -0.148682 -0.282471
v 0.067627 -0.154541 -0.296631
v 0.065674 -0.154541 -0.288330
v 0.067627 -0.143311 -0.296631
v 0.065674 -0.143311 -0.288330
v 0.092529 -0.132080 -0.286377
v 0.082275 -0.132080 -0.290283
v 0.072021 -0.132080 -0.286377
v 0.090576 -0.154541 -0.273682
v 0.088135 -0.148682 -0.278564
v 0.082275 -0.148682 -0.276611
v 0.082275 -0.154541 -0.271729
v 0.090576 -0.143311 -0.273682
v 0.082275 -0.143311 -0.271729
v 0.091553 -0.153564 -0.259521
v 0.082275 -0.148682 -0.263916
v 0.082275 -0.153564 -0.256104
v 0.073975 -0.154541 -0.273682
v 0.076416 -0.148682 -0.278564
v 0.067627 -0.154541 -0.280029
v 0.070068 -0.148682 -0.267334
v 0.073975 -0.143311 -0.273682
v 0.067627 -0.143311 -0.280029
v 0.073486 -0.153564 -0.259521
v 0.092529 -0.132080 -0.258057
v 0.082275 -0.132080 -0.254150
v 0.072021 -0.132080 -0.258057
v 0.061279 -0.148682 -0.300537
v 0.057861 -0.148682 -0.288330
v 0.061279 -0.148682 -0.276123
v 0.215576 -0.101318 -0.451904
v 0.226807 -0.114502 -0.386963
v 0.219971 -0.105713 -0.391357
v 0.157959 -0.119385 -0.445068
v 0.156494 -0.119385 -0.383545
v 0.151123 -0.119385 -0.378662
v 0.232178 -0.121338 -0.255615
v 0.249756 -0.042236 -0.268311
v 0.249756 -0.037354 -0.273193
v 0.123291 -0.087646 -0.445557
v 0.109131 -0.119385 -0.380127
v 0.234131 -0.157959 -0.187744
v 0.142822 -0.158447 -0.211182
v 0.146240 -0.164307 -0.202881
v 0.142822 -0.134033 -0.211182
v 0.146240 -0.134033 -0.202881
v 0.174072 -0.178955 -0.133057
v 0.174072 -0.163330 -0.155029
v 0.135498 -0.164307 -0.166748
v 0.148193 -0.178955 -0.132568
v 0.148193 -0.163330 -0.154541
v 0.174072 -0.146729 -0.185791
v 0.178467 -0.132080 -0.185791
v 0.147705 -0.146729 -0.185791
v 0.143311 -0.132080 -0.185303
v 0.135498 -0.134033 -0.166748
v 0.201416 -0.227783 -0.109619
v 0.204834 -0.227783 -0.086670
v 0.178467 -0.229248 -0.113037
v 0.174561 -0.219971 -0.110107
v 0.178467 -0.229248 -0.092041
v 0.143311 -0.229248 -0.112549
v 0.148682 -0.219971 -0.109619
v 0.150146 -0.242432 -0.073486
v 0.143311 -0.229248 -0.081787
v 0.174072 -0.192139 -0.120361
v 0.148682 -0.192139 -0.119873
v 0.150146 -0.242432 -0.062256
v 0.208740 -0.156006 -0.105713
v 0.208740 -0.156006 -0.080811
v 0.226318 -0.173096 -0.024170
v 0.176025 -0.156982 -0.095459
v 0.156494 -0.156982 -0.121826
v 0.178467 -0.133057 -0.109131
v 0.174072 -0.133057 -0.106201
v 0.176025 -0.129150 -0.095459
v 0.178467 -0.133057 -0.087646
v 0.156006 -0.129150 -0.121826
v 0.142822 -0.132568 -0.111572
v 0.148193 -0.133057 -0.108643
v 0.155029 -0.156006 -0.062744
v 0.142822 -0.133057 -0.080811
v 0.172119 -0.164795 -0.008057
v 0.139893 -0.164795 -0.008057
v 0.176025 -0.148193 -0.008057
v 0.155029 -0.156006 -0.045654
v 0.155029 -0.156006 -0.031006
v 0.135986 -0.148193 -0.008057
v 0.112549 -0.158447 -0.211182
v 0.108643 -0.164307 -0.203369
v 0.112549 -0.134033 -0.211182
v 0.108643 -0.134033 -0.203369
v 0.102783 -0.164307 -0.181885
v 0.109131 -0.164307 -0.132568
v 0.084717 -0.164307 -0.157959
v 0.123779 -0.141846 -0.165771
v 0.102783 -0.134033 -0.181885
v 0.107666 -0.134033 -0.135010
v 0.084717 -0.134033 -0.157959
v 0.059326 -0.164307 -0.141846
v 0.029053 -0.164307 -0.136475
v 0.059326 -0.134033 -0.141846
v 0.029053 -0.134033 -0.136475
v 0.104248 -0.233643 -0.091553
v 0.104248 -0.233643 -0.069092
v 0.072021 -0.164307 -0.109131
v 0.104248 -0.156006 -0.086182
v 0.070068 -0.141846 -0.118896
v 0.071533 -0.134033 -0.112549
v 0.104248 -0.156006 -0.061768
v 0.029053 -0.164307 -0.104736
v 0.029053 -0.134033 -0.101318
v 0.234131 -0.124756 -0.187744
v 0.249756 -0.042236 -0.152100
v 0.249756 -0.037354 -0.147705
v 0.226318 -0.117920 -0.025635
v 0.346924 -0.191650 0.022217
v 0.346924 -0.191650 0.029541
v 0.336182 -0.190186 0.006104
v 0.269775 -0.187744 0.061768
v 0.281982 -0.189209 0.086670
v 0.279053 -0.188721 0.071045
v 0.275635 -0.196045 0.079834
v 0.264893 -0.194580 0.070068
v 0.260986 -0.190674 0.066162
v 0.353760 -0.184814 0.020264
v 0.354248 -0.184814 0.027588
v 0.342529 -0.182861 0.003174
v 0.328857 -0.180420 0.011475
v 0.280518 -0.181396 0.074463
v 0.262451 -0.181885 0.063232
v 0.348389 -0.091064 0.012939
v 0.348877 -0.091064 0.020264
v 0.347412 -0.076904 0.011963
v 0.347900 -0.076904 0.019287
v 0.340088 -0.084229 0.014404
v 0.331787 -0.084229 0.001709
v 0.340088 -0.084229 0.021240
v 0.272705 -0.082764 0.064697
v 0.260010 -0.015869 0.173584
v 0.201416 -0.187744 0.123779
v 0.172119 -0.164795 0.106689
v 0.176025 -0.148193 0.108643
v 0.212646 -0.189209 0.133545
v 0.210205 -0.196533 0.142822
v 0.217041 -0.189697 0.149170
v 0.196045 -0.193604 0.130615
v 0.156494 -0.190674 0.204346
v 0.159912 -0.191650 0.220947
v 0.145752 -0.188721 0.194092
v 0.153076 -0.198486 0.214111
v 0.141357 -0.196533 0.203369
v 0.137451 -0.192627 0.199463
v 0.214600 -0.181885 0.136963
v 0.193604 -0.181885 0.125244
v 0.139893 -0.164795 0.142334
v 0.135986 -0.148193 0.145752
v 0.156006 -0.183350 0.207275
v 0.138428 -0.181885 0.195068
v 0.032471 -0.175049 0.026611
v 0.032471 -0.175049 0.058838
v 0.024658 -0.160400 0.000244
v 0.024658 -0.165283 0.029541
v 0.000244 -0.160400 0.000244
v 0.000244 -0.165283 0.029541
v 0.019775 -0.167236 0.056396
v 0.032471 -0.132568 0.026611
v 0.032471 -0.132568 0.058838
v 0.024658 -0.132568 0.000244
v 0.024658 -0.132568 0.029541
v 0.000244 -0.132568 0.000244
v 0.000244 -0.132568 0.029541
v 0.019775 -0.140869 0.056396
v 0.087158 -0.156982 0.156006
v 0.091064 -0.140381 0.156006
v 0.086670 -0.156982 0.230713
v 0.062744 -0.156006 0.229736
v 0.090576 -0.140381 0.231689
v 0.062744 -0.140381 0.225830
v 0.054932 -0.156982 0.156006
v 0.021240 -0.168701 0.156006
v 0.018799 -0.167236 0.150635
v 0.012451 -0.168701 0.178955
v 0.051025 -0.140381 0.156006
v 0.021240 -0.140869 0.156006
v 0.018799 -0.140869 0.150635
v 0.012451 -0.140869 0.178955
v 0.054443 -0.156982 0.230713
v 0.050537 -0.140381 0.231689
v 0.210693 -0.076416 0.128174
v 0.153564 -0.068604 0.192139
v 0.116943 -0.015869 0.173096
v 0.099854 -0.195557 0.296143
v 0.094971 -0.190674 0.281982
v 0.093506 -0.197510 0.279053
v 0.078857 -0.195557 0.268311
v 0.074463 -0.192139 0.264893
v 0.072510 -0.198486 0.275146
v 0.067627 -0.194580 0.271240
v 0.092041 -0.202393 0.289307
v 0.031982 -0.209229 0.357178
v 0.035400 -0.199951 0.344482
v 0.040771 -0.192627 0.349365
v 0.039795 -0.202393 0.362549
v 0.021240 -0.197510 0.334229
v 0.016357 -0.193604 0.330811
v 0.007568 -0.197510 0.340576
v 0.012451 -0.201416 0.343994
v 0.068604 -0.181885 0.266357
v 0.062744 -0.156494 0.265381
v 0.062744 -0.140869 0.269287
v 0.009521 -0.181885 0.332764
v 0.096924 -0.060303 0.254150
v 0.039795 -0.050537 0.316650
v -0.008545 -0.367432 -0.499756
v -0.030518 -0.363525 -0.499756
v -0.017822 -0.355713 -0.499756
v -0.008545 -0.363525 -0.441650
v -0.017822 -0.351807 -0.448486
v -0.030518 -0.359131 -0.437744
v -0.009033 -0.294678 -0.437744
v -0.017822 -0.294678 -0.447998
v -0.027588 -0.294189 -0.437744
v -0.125732 -0.359619 -0.499756
v -0.140869 -0.359619 -0.499756
v -0.133057 -0.351318 -0.499756
v -0.125732 -0.355713 -0.445557
v -0.133057 -0.346924 -0.450439
v -0.140869 -0.355713 -0.437744
v -0.125244 -0.293701 -0.444580
v -0.164307 -0.253662 -0.413818
v -0.162354 -0.255615 -0.391357
v -0.192627 -0.267822 -0.447021
v -0.219971 -0.275146 -0.447021
v -0.246826 -0.267822 -0.447021
v -0.220947 -0.286865 -0.414307
v -0.221924 -0.290283 -0.392334
v -0.188232 -0.278076 -0.414307
v -0.187744 -0.281006 -0.391846
v -0.162842 -0.255615 -0.362061
v -0.165283 -0.255127 -0.331299
v -0.167236 -0.254150 -0.311768
v -0.174561 -0.250244 -0.288330
v -0.188232 -0.281494 -0.362549
v -0.222900 -0.290771 -0.363037
v -0.224365 -0.289307 -0.332275
v -0.224854 -0.287354 -0.313232
v -0.190186 -0.280029 -0.331787
v -0.191650 -0.278564 -0.312256
v -0.196045 -0.271729 -0.287354
v -0.202393 -0.260986 -0.287842
v -0.203369 -0.259033 -0.293701
v -0.225342 -0.279541 -0.288330
v -0.225342 -0.267334 -0.288330
v -0.225342 -0.264893 -0.294678
v -0.247314 -0.259033 -0.295654
v -0.248779 -0.260986 -0.290771
v -0.231689 -0.437744 -0.039307
v -0.230713 -0.452881 -0.009521
v -0.232178 -0.413818 -0.063232
v -0.231689 -0.383057 -0.078369
v -0.050537 -0.250244 -0.070557
v -0.050537 -0.250244 -0.058838
v -0.231201 -0.349365 -0.083740
v -0.230225 -0.315186 -0.078857
v -0.228760 -0.284424 -0.064209
v -0.226807 -0.260010 -0.040771
v -0.253662 -0.358643 -0.499756
v -0.260986 -0.349365 -0.499756
v -0.268799 -0.355225 -0.499756
v -0.250244 -0.354736 -0.439697
v -0.257568 -0.345459 -0.450928
v -0.265381 -0.351318 -0.443604
v -0.328369 -0.351807 -0.499756
v -0.327881 -0.347900 -0.443604
v -0.343994 -0.356201 -0.499756
v -0.343994 -0.352295 -0.441162
v -0.334717 -0.343506 -0.499756
v -0.334717 -0.339600 -0.455322
v -0.281006 -0.251709 -0.440674
v -0.308838 -0.270264 -0.440674
v -0.289795 -0.255615 -0.440186
v -0.254150 -0.278076 -0.414795
v -0.278076 -0.253662 -0.415283
v -0.256592 -0.281006 -0.392822
v -0.303467 -0.256104 -0.433838
v -0.305908 -0.254150 -0.437256
v -0.281494 -0.255615 -0.393311
v -0.319092 -0.272217 -0.440186
v -0.335205 -0.271729 -0.440674
v -0.345459 -0.269775 -0.441162
v -0.363037 -0.265381 -0.437744
v -0.369873 -0.261475 -0.440674
v -0.371826 -0.260986 -0.439697
v -0.325439 -0.260010 -0.433350
v -0.320068 -0.253174 -0.421143
v -0.328369 -0.260498 -0.433350
v -0.333740 -0.257568 -0.422607
v -0.342529 -0.253174 -0.415283
v -0.350830 -0.255615 -0.434326
v -0.351807 -0.255615 -0.431396
v -0.257568 -0.281494 -0.364014
v -0.258057 -0.280029 -0.333740
v -0.258057 -0.278564 -0.314209
v -0.282959 -0.255615 -0.364990
v -0.282959 -0.255127 -0.334717
v -0.281982 -0.254150 -0.315674
v -0.254639 -0.271729 -0.291260
v -0.276123 -0.250244 -0.293213
v -0.398682 -0.356201 -0.499756
v -0.405518 -0.349365 -0.499756
v -0.396240 -0.352295 -0.443115
v -0.398682 -0.356201 -0.451416
v -0.405518 -0.349365 -0.451416
v -0.402100 -0.346924 -0.443115
v -0.387939 -0.258545 -0.440674
v -0.397217 -0.251709 -0.440674
v -0.264893 -0.437744 -0.039795
v -0.263916 -0.452881 -0.010010
v -0.265381 -0.413818 -0.063721
v -0.264893 -0.383057 -0.078857
v -0.264404 -0.349365 -0.084229
v -0.263428 -0.315186 -0.079346
v -0.261963 -0.284424 -0.064697
v -0.260010 -0.260010 -0.041260
v -0.017822 -0.249756 -0.445557
v -0.056885 -0.234619 -0.445068
v -0.056885 -0.234619 -0.422607
v -0.042236 -0.188232 -0.420166
v -0.042236 -0.188232 -0.397705
v -0.053955 -0.158447 -0.388428
v -0.043701 -0.141357 -0.394775
v -0.058350 -0.148682 -0.385986
v -0.053955 -0.134033 -0.394775
v -0.100830 -0.171631 -0.445068
v -0.064697 -0.141846 -0.445068
v -0.092041 -0.165771 -0.385986
v -0.087158 -0.158447 -0.388428
v -0.097412 -0.171143 -0.390869
v -0.064697 -0.141846 -0.417725
v -0.087158 -0.134033 -0.388428
v -0.058350 -0.148682 -0.335693
v -0.058350 -0.129150 -0.335693
v -0.093018 -0.138428 -0.350342
v -0.097412 -0.152588 -0.350342
v -0.134521 -0.249268 -0.445557
v -0.172607 -0.248291 -0.447021
v -0.165283 -0.220947 -0.447021
v -0.172607 -0.193604 -0.447021
v -0.155518 -0.220947 -0.413818
v -0.153076 -0.220947 -0.391846
v -0.163818 -0.187744 -0.414307
v -0.135010 -0.141846 -0.445557
v -0.162354 -0.186279 -0.391846
v -0.192627 -0.173584 -0.447021
v -0.246826 -0.173584 -0.447021
v -0.219971 -0.166260 -0.447021
v -0.188232 -0.163330 -0.414307
v -0.187744 -0.160889 -0.392334
v -0.220947 -0.154541 -0.414795
v -0.221924 -0.151611 -0.392822
v -0.153564 -0.220947 -0.362549
v -0.156006 -0.220947 -0.331299
v -0.187256 -0.242920 -0.294189
v -0.185303 -0.243896 -0.288818
v -0.158447 -0.220947 -0.311768
v -0.166748 -0.220947 -0.288818
v -0.179443 -0.220947 -0.288818
v -0.181396 -0.220947 -0.294189
v -0.187256 -0.198486 -0.294189
v -0.185303 -0.197510 -0.288330
v -0.174561 -0.191162 -0.287842
v -0.225342 -0.220947 -0.295166
v -0.162842 -0.185791 -0.363037
v -0.165283 -0.186279 -0.332275
v -0.167236 -0.187256 -0.312744
v -0.125244 -0.152588 -0.350830
v -0.129150 -0.137939 -0.350830
v -0.188232 -0.160400 -0.363525
v -0.190186 -0.161377 -0.333252
v -0.191650 -0.162842 -0.313721
v -0.222900 -0.150635 -0.364502
v -0.223877 -0.152100 -0.334229
v -0.224854 -0.154053 -0.314697
v -0.202393 -0.180420 -0.288818
v -0.196045 -0.172607 -0.288818
v -0.203369 -0.182373 -0.295166
v -0.225342 -0.176514 -0.295654
v -0.225342 -0.174561 -0.289795
v -0.247314 -0.182373 -0.296631
v -0.248779 -0.180420 -0.290283
v -0.225342 -0.164795 -0.289795
v -0.047607 -0.119385 -0.384521
v -0.100830 -0.119385 -0.445068
v -0.092041 -0.119385 -0.385986
v -0.097412 -0.119385 -0.390869
v -0.135498 -0.085693 -0.445557
v -0.096924 -0.234619 -0.229736
v -0.095459 -0.236572 -0.221436
v -0.098389 -0.233154 -0.218506
v -0.096924 -0.198486 -0.229736
v -0.095459 -0.197021 -0.221436
v -0.098389 -0.199951 -0.218506
v -0.091064 -0.240967 -0.165771
v -0.093994 -0.238037 -0.172119
v -0.101807 -0.230225 -0.148682
v -0.105713 -0.226318 -0.148682
v -0.107178 -0.224854 -0.144287
v -0.124756 -0.226318 -0.148682
v -0.123291 -0.224854 -0.144287
v -0.110596 -0.229248 -0.126221
v -0.119873 -0.229248 -0.126221
v -0.115479 -0.218994 -0.130615
v -0.115479 -0.221924 -0.126221
v -0.091064 -0.192627 -0.165771
v -0.093994 -0.195557 -0.172119
v -0.105713 -0.207275 -0.148682
v -0.101807 -0.203369 -0.148682
v -0.107178 -0.208740 -0.144287
v -0.112061 -0.218506 -0.145752
v -0.114990 -0.213623 -0.145752
v -0.117920 -0.218506 -0.145752
v -0.124756 -0.207275 -0.148682
v -0.123291 -0.208740 -0.144287
v -0.110596 -0.216553 -0.138428
v -0.112061 -0.218506 -0.132568
v -0.114990 -0.213623 -0.132568
v -0.115479 -0.214111 -0.130615
v -0.115479 -0.211670 -0.126221
v -0.119873 -0.216553 -0.138428
v -0.117920 -0.218506 -0.132568
v -0.110596 -0.204346 -0.126221
v -0.119873 -0.204346 -0.126221
v -0.050537 -0.164307 -0.204834
v -0.053955 -0.158447 -0.209229
v -0.050537 -0.134033 -0.204834
v -0.053955 -0.134033 -0.209229
v -0.026611 -0.164307 -0.157959
v -0.000732 -0.164307 -0.141846
v -0.044678 -0.164307 -0.181885
v -0.049072 -0.164307 -0.135010
v -0.026611 -0.134033 -0.157959
v -0.000732 -0.134033 -0.141846
v -0.044678 -0.134033 -0.181885
v -0.051025 -0.134033 -0.132568
v -0.089111 -0.164307 -0.203857
v -0.087158 -0.158447 -0.209229
v -0.087158 -0.134033 -0.209229
v -0.089111 -0.134033 -0.203857
v -0.077393 -0.164307 -0.166748
v -0.101318 -0.186279 -0.132568
v -0.100830 -0.170654 -0.154541
v -0.067139 -0.141846 -0.172607
v -0.077393 -0.134033 -0.166748
v -0.100342 -0.153564 -0.185791
v -0.095947 -0.139404 -0.185303
v -0.046631 -0.233643 -0.086182
v -0.047119 -0.233643 -0.067627
v -0.095947 -0.236572 -0.112549
v -0.101318 -0.227295 -0.109619
v -0.115479 -0.218994 -0.121826
v -0.095947 -0.236572 -0.081787
v -0.115479 -0.214111 -0.121826
v -0.110596 -0.216553 -0.113525
v -0.119873 -0.216553 -0.113525
v -0.101318 -0.199463 -0.119873
v -0.012939 -0.164307 -0.112549
v -0.015381 -0.141846 -0.123779
v -0.013916 -0.134033 -0.109131
v -0.046631 -0.156006 -0.089111
v -0.046631 -0.156006 -0.064209
v -0.055908 -0.156006 -0.065674
v -0.055908 -0.156006 -0.049072
v -0.055908 -0.156006 -0.034424
v -0.095947 -0.139893 -0.111572
v -0.101318 -0.139893 -0.108643
v -0.095947 -0.139893 -0.080811
v -0.101318 -0.160400 -0.009521
v -0.101318 -0.132568 -0.009521
v -0.133057 -0.234619 -0.229736
v -0.135010 -0.236572 -0.221436
v -0.131592 -0.233154 -0.218506
v -0.133057 -0.198486 -0.229736
v -0.135010 -0.197021 -0.221436
v -0.131592 -0.199951 -0.218506
v -0.136475 -0.238037 -0.172119
v -0.139404 -0.240967 -0.165771
v -0.128662 -0.230225 -0.148682
v -0.136475 -0.195557 -0.172119
v -0.139404 -0.192627 -0.165771
v -0.128662 -0.203369 -0.148682
v -0.126709 -0.186279 -0.133057
v -0.126709 -0.170654 -0.155029
v -0.126709 -0.153564 -0.185791
v -0.130615 -0.139404 -0.185791
v -0.131104 -0.236572 -0.113037
v -0.139404 -0.241943 -0.105225
v -0.126709 -0.227295 -0.110107
v -0.131104 -0.236572 -0.092041
v -0.142334 -0.241943 -0.085693
v -0.126709 -0.199463 -0.120361
v -0.225342 -0.243896 -0.011475
v -0.145752 -0.156006 -0.101318
v -0.131104 -0.139893 -0.112061
v -0.126709 -0.139893 -0.109131
v -0.145752 -0.156006 -0.076904
v -0.131104 -0.139893 -0.091064
v -0.165771 -0.148682 -0.063232
v -0.165771 -0.129150 -0.063232
v -0.125732 -0.160400 -0.009521
v -0.125732 -0.132568 -0.009521
v -0.213623 -0.164795 -0.025146
v -0.245850 -0.164795 -0.025146
v -0.209717 -0.148193 -0.025146
v -0.219482 -0.151611 -0.058838
v -0.219482 -0.125244 -0.058838
v -0.249756 -0.148193 -0.025146
v -0.257568 -0.248779 -0.446045
v -0.266846 -0.248291 -0.447021
v -0.274170 -0.220947 -0.447021
v -0.283447 -0.247314 -0.437744
v -0.266846 -0.193604 -0.447021
v -0.272217 -0.219482 -0.434814
v -0.306396 -0.238525 -0.425049
v -0.286377 -0.229248 -0.433838
v -0.290771 -0.234131 -0.430908
v -0.286865 -0.220947 -0.415283
v -0.306396 -0.232178 -0.428955
v -0.306396 -0.224365 -0.424072
v -0.301025 -0.235107 -0.405029
v -0.290771 -0.220947 -0.393799
v -0.298096 -0.220947 -0.398193
v -0.272705 -0.209717 -0.430908
v -0.278076 -0.187744 -0.415283
v -0.287354 -0.204346 -0.424561
v -0.307373 -0.207275 -0.419189
v -0.300537 -0.199463 -0.416260
v -0.304443 -0.212646 -0.392334
v -0.334717 -0.248291 -0.499756
v -0.327881 -0.248291 -0.446533
v -0.334717 -0.248291 -0.455322
v -0.342041 -0.248291 -0.440674
v -0.319092 -0.244385 -0.431396
v -0.315186 -0.242920 -0.406982
v -0.324951 -0.238525 -0.421631
v -0.329834 -0.242920 -0.425537
v -0.335205 -0.238037 -0.423584
v -0.320557 -0.233643 -0.419678
v -0.332275 -0.228760 -0.417236
v -0.343506 -0.243408 -0.404053
v -0.336182 -0.237061 -0.398682
v -0.327881 -0.233643 -0.399658
v -0.328857 -0.220947 -0.391357
v -0.345947 -0.240479 -0.425537
v -0.345947 -0.238525 -0.425049
v -0.347412 -0.238037 -0.425537
v -0.373291 -0.245361 -0.435791
v -0.365479 -0.244385 -0.420166
v -0.359131 -0.227783 -0.427979
v -0.344971 -0.231689 -0.409424
v -0.349854 -0.229736 -0.407471
v -0.346436 -0.226318 -0.421143
v -0.366455 -0.228271 -0.429443
v -0.368408 -0.219482 -0.412842
v -0.362061 -0.222412 -0.398682
v -0.313721 -0.214111 -0.419189
v -0.323486 -0.216064 -0.415283
v -0.330322 -0.203369 -0.411865
v -0.330322 -0.198975 -0.410889
v -0.316162 -0.211670 -0.389404
v -0.348877 -0.214600 -0.417725
v -0.359619 -0.213623 -0.422607
v -0.366943 -0.212646 -0.428467
v -0.368408 -0.203857 -0.426025
v -0.356201 -0.191162 -0.421631
v -0.347900 -0.204346 -0.402100
v -0.361084 -0.212646 -0.396729
v -0.291260 -0.185303 -0.451904
v -0.264404 -0.141846 -0.445557
v -0.254150 -0.163330 -0.415283
v -0.256592 -0.160889 -0.393311
v -0.296143 -0.184326 -0.411865
v -0.303955 -0.177979 -0.407959
v -0.281494 -0.186279 -0.393799
v -0.295654 -0.180908 -0.391357
v -0.302490 -0.172607 -0.386963
v -0.372803 -0.185303 -0.451904
v -0.337646 -0.141846 -0.445557
v -0.319092 -0.184326 -0.407471
v -0.372803 -0.181396 -0.428467
v -0.359131 -0.172607 -0.386963
v -0.368408 -0.180908 -0.391357
v -0.331787 -0.148682 -0.390869
v -0.339111 -0.141846 -0.390381
v -0.352783 -0.151123 -0.396240
v -0.292236 -0.220947 -0.365479
v -0.292236 -0.220947 -0.335205
v -0.290771 -0.220947 -0.316162
v -0.263428 -0.242920 -0.297119
v -0.265381 -0.243896 -0.292725
v -0.269287 -0.220947 -0.297119
v -0.271729 -0.220947 -0.292236
v -0.283936 -0.220947 -0.292725
v -0.263428 -0.198486 -0.296631
v -0.265381 -0.197510 -0.290771
v -0.276123 -0.191162 -0.291748
v -0.257568 -0.160400 -0.364990
v -0.258057 -0.161377 -0.334717
v -0.258057 -0.162842 -0.315674
v -0.282959 -0.185791 -0.365479
v -0.282959 -0.186279 -0.335205
v -0.281982 -0.187256 -0.316162
v -0.254639 -0.169678 -0.290771
v -0.333252 -0.151123 -0.346436
v -0.331787 -0.148682 -0.341064
v -0.331787 -0.129150 -0.341064
v -0.352783 -0.151123 -0.346436
v -0.312744 -0.163818 -0.265381
v -0.357178 -0.167236 -0.265381
v -0.405518 -0.248291 -0.499756
v -0.405518 -0.248291 -0.442627
v -0.392822 -0.231689 -0.440186
v -0.396729 -0.221924 -0.439209
v -0.391846 -0.190186 -0.438721
v -0.380615 -0.239502 -0.414307
v -0.377197 -0.234131 -0.435303
v -0.381592 -0.229736 -0.411377
v -0.381104 -0.207275 -0.430908
v -0.385986 -0.210205 -0.433350
v -0.387451 -0.180908 -0.435791
v -0.291260 -0.096924 -0.451904
v -0.264404 -0.084717 -0.445557
v -0.302490 -0.114502 -0.386963
v -0.295654 -0.101318 -0.391357
v -0.372803 -0.096924 -0.451904
v -0.359131 -0.114502 -0.386963
v -0.368408 -0.101318 -0.391357
v -0.312744 -0.121338 -0.265381
v -0.357178 -0.121338 -0.265381
v -0.318604 -0.148682 -0.209717
v -0.318604 -0.128662 -0.209717
v -0.337158 -0.164307 -0.185791
v -0.341064 -0.154053 -0.172607
v -0.330811 -0.129150 -0.140869
v -0.343994 -0.141846 -0.186768
v -0.350830 -0.129150 -0.140869
v -0.258545 -0.243896 -0.011963
v -0.366455 -0.174072 -0.075439
v -0.371826 -0.179443 -0.070557
v -0.312744 -0.167236 -0.048584
v -0.367432 -0.173584 -0.048584
v -0.373291 -0.179932 -0.031494
v -0.370361 -0.165283 -0.051025
v -0.370361 -0.160400 -0.055908
v -0.370361 -0.165283 -0.032959
v -0.344971 -0.181885 -0.022217
v -0.347412 -0.141846 -0.022217
v -0.376709 -0.191162 -0.007080
v -0.380615 -0.180420 -0.033447
v -0.375244 -0.160400 -0.051514
v -0.375244 -0.160400 -0.032959
v -0.382568 -0.184326 -0.011475
v -0.382080 -0.185303 -0.006592
v -0.330811 -0.123779 -0.188721
v -0.350830 -0.123779 -0.188721
v -0.341064 -0.123291 -0.172607
v -0.366455 -0.116455 -0.075439
v -0.371826 -0.111084 -0.070557
v -0.312744 -0.117920 -0.048584
v -0.367432 -0.117920 -0.048584
v -0.373291 -0.111084 -0.031494
v -0.330811 -0.023682 -0.038818
v -0.350830 -0.023682 -0.038818
v -0.229248 -0.457764 0.023193
v -0.227783 -0.452393 0.055908
v -0.225830 -0.436279 0.085205
v -0.224365 -0.411377 0.108643
v -0.236084 -0.408936 0.102295
v -0.244385 -0.409424 0.102295
v -0.228760 -0.402100 0.115479
v -0.228271 -0.394287 0.115479
v -0.239502 -0.403076 0.095947
v -0.239502 -0.402588 0.104248
v -0.239502 -0.398682 0.109131
v -0.239014 -0.393799 0.095947
v -0.239502 -0.394775 0.104736
v -0.239990 -0.398682 0.121826
v -0.235596 -0.397705 0.113525
v -0.236084 -0.397705 0.118896
v -0.243408 -0.398193 0.113525
v -0.243896 -0.398193 0.119385
v -0.222900 -0.380615 0.123291
v -0.234619 -0.386963 0.102295
v -0.242432 -0.386963 0.102295
v -0.215576 -0.445557 0.153564
v -0.220947 -0.439697 0.159424
v -0.216553 -0.445557 0.200439
v -0.221436 -0.439697 0.195557
v -0.226807 -0.439697 0.200928
v -0.221924 -0.445557 0.205811
v -0.237061 -0.408936 0.130127
v -0.244873 -0.408936 0.130127
v -0.238037 -0.408936 0.161377
v -0.245850 -0.408936 0.161377
v -0.215088 -0.403564 0.153564
v -0.229248 -0.401611 0.144775
v -0.228760 -0.393799 0.144775
v -0.239990 -0.402100 0.126709
v -0.240479 -0.402100 0.133545
v -0.239990 -0.394287 0.126709
v -0.240479 -0.397705 0.136475
v -0.239990 -0.394287 0.133545
v -0.240967 -0.401611 0.156006
v -0.236572 -0.397705 0.141357
v -0.236572 -0.397705 0.149170
v -0.240479 -0.397705 0.151123
v -0.240479 -0.393799 0.156006
v -0.244385 -0.397705 0.141846
v -0.244385 -0.397217 0.149170
v -0.235596 -0.386475 0.130615
v -0.243408 -0.386963 0.130615
v -0.235596 -0.385986 0.161377
v -0.243408 -0.385986 0.161377
v -0.216064 -0.403076 0.199951
v -0.221436 -0.403076 0.205322
v -0.220947 -0.313232 0.122803
v -0.220947 -0.282471 0.107666
v -0.238037 -0.281982 0.095947
v -0.238037 -0.278564 0.090576
v -0.221436 -0.258545 0.084229
v -0.230225 -0.281006 0.095947
v -0.230713 -0.270264 0.107666
v -0.232666 -0.267334 0.102295
v -0.225342 -0.277100 0.113525
v -0.222412 -0.270264 0.113525
v -0.229248 -0.272217 0.113525
v -0.230713 -0.270264 0.117920
v -0.235596 -0.274170 0.101807
v -0.238525 -0.271240 0.107666
v -0.238037 -0.269775 0.113525
v -0.238037 -0.270752 0.117920
v -0.245850 -0.271240 0.113525
v -0.230713 -0.259521 0.095947
v -0.238525 -0.260498 0.095947
v -0.243408 -0.264893 0.113525
v -0.221924 -0.346924 0.128174
v -0.239014 -0.281494 0.129639
v -0.232178 -0.281494 0.161865
v -0.239990 -0.281494 0.161865
v -0.231201 -0.281006 0.129150
v -0.233154 -0.267334 0.125244
v -0.233643 -0.268311 0.133057
v -0.225342 -0.276123 0.144287
v -0.222900 -0.270752 0.144287
v -0.230713 -0.270264 0.140869
v -0.230713 -0.270264 0.149170
v -0.233643 -0.267822 0.156006
v -0.235596 -0.274170 0.125244
v -0.235596 -0.273682 0.132568
v -0.234619 -0.270752 0.135986
v -0.238525 -0.270752 0.140869
v -0.235596 -0.273193 0.156006
v -0.238525 -0.270264 0.149658
v -0.246338 -0.270752 0.144287
v -0.230225 -0.259521 0.129639
v -0.238037 -0.260010 0.129639
v -0.243896 -0.265381 0.144287
v -0.229736 -0.259033 0.161865
v -0.237549 -0.259033 0.161865
v -0.262451 -0.457764 0.022705
v -0.260986 -0.452393 0.055420
v -0.259033 -0.436279 0.084717
v -0.257568 -0.411377 0.108154
v -0.251221 -0.402588 0.115479
v -0.250732 -0.394775 0.115479
v -0.256104 -0.380615 0.122803
v -0.265381 -0.445557 0.153076
v -0.261963 -0.439697 0.158936
v -0.262939 -0.439697 0.195068
v -0.258057 -0.439697 0.200439
v -0.261475 -0.445557 0.205322
v -0.266846 -0.445557 0.199951
v -0.251709 -0.402100 0.144775
v -0.264404 -0.403564 0.153076
v -0.251221 -0.394287 0.144775
v -0.260498 -0.403076 0.204834
v -0.265869 -0.403076 0.199463
v -0.254150 -0.313232 0.122314
v -0.254150 -0.282471 0.107178
v -0.254639 -0.258545 0.083740
v -0.255127 -0.346924 0.127686
v -0.004150 -0.167236 0.056396
v -0.004150 -0.156006 0.056396
v -0.101318 -0.165283 0.019775
v -0.110596 -0.167236 0.047119
v -0.101318 -0.132568 0.019775
v -0.110596 -0.156006 0.047119
v -0.007568 -0.168701 0.152588
v -0.005127 -0.167236 0.148682
v -0.012451 -0.168701 0.165283
v -0.025146 -0.168701 0.179443
v -0.005127 -0.156006 0.148682
v -0.007568 -0.156006 0.152588
v -0.012451 -0.156006 0.165283
v -0.025146 -0.156006 0.179443
v -0.007080 -0.168701 0.200928
v -0.041748 -0.168701 0.188232
v -0.032959 -0.168701 0.214600
v -0.060791 -0.168701 0.190186
v -0.007080 -0.140869 0.200928
v -0.041748 -0.156006 0.188232
v -0.032959 -0.140869 0.214600
v -0.060791 -0.156006 0.190674
v -0.079346 -0.168701 0.185791
v -0.110107 -0.168701 0.146729
v -0.112061 -0.167236 0.143799
v -0.106201 -0.168701 0.159912
v -0.095459 -0.168701 0.175537
v -0.079346 -0.156006 0.185791
v -0.090088 -0.136475 0.187256
v -0.112061 -0.156006 0.143799
v -0.110107 -0.156006 0.146729
v -0.106201 -0.156006 0.160400
v -0.095459 -0.156006 0.175537
v -0.093994 -0.153076 0.187256
v -0.062744 -0.168701 0.218018
v -0.090088 -0.168701 0.208740
v -0.114014 -0.168701 0.193115
v -0.062744 -0.140869 0.218506
v -0.091553 -0.140869 0.211670
v -0.090088 -0.136475 0.244385
v -0.115967 -0.140869 0.195068
v -0.093994 -0.153076 0.243408
v -0.223389 -0.238037 0.021729
v -0.222412 -0.243408 0.054443
v -0.216064 -0.219971 0.124268
v -0.216064 -0.192139 0.124268
v -0.144775 -0.175049 0.015869
v -0.125732 -0.165283 0.019775
v -0.144775 -0.175049 0.047119
v -0.136963 -0.167236 0.047119
v -0.125732 -0.132568 0.019775
v -0.144775 -0.132568 0.015869
v -0.136963 -0.140869 0.047119
v -0.144775 -0.132568 0.047119
v -0.211670 -0.224854 0.129150
v -0.219971 -0.222412 0.162354
v -0.211182 -0.226807 0.214111
v -0.215088 -0.222900 0.218018
v -0.220947 -0.222412 0.192627
v -0.226318 -0.222412 0.197998
v -0.215088 -0.189209 0.218018
v -0.139404 -0.168701 0.147217
v -0.137939 -0.167236 0.143799
v -0.132568 -0.168701 0.171143
v -0.137939 -0.140869 0.143799
v -0.139404 -0.140869 0.147217
v -0.125732 -0.153076 0.160400
v -0.129150 -0.143311 0.164307
v -0.132568 -0.140869 0.171143
v -0.126221 -0.153076 0.243408
v -0.130127 -0.136475 0.244385
v -0.211670 -0.187256 0.129150
v -0.245850 -0.164795 0.164307
v -0.249756 -0.148193 0.166748
v -0.211182 -0.185303 0.214111
v -0.213623 -0.164795 0.193604
v -0.209717 -0.148193 0.197510
v -0.204346 -0.156006 0.226807
v -0.204346 -0.140381 0.223389
v -0.051514 -0.206299 0.370361
v -0.048096 -0.195557 0.365479
v -0.083252 -0.206299 0.366943
v -0.086182 -0.195557 0.361084
v -0.054443 -0.181885 0.359131
v -0.054443 -0.141846 0.359131
v -0.082275 -0.181885 0.356201
v -0.082275 -0.141846 0.356201
v -0.015381 -0.204834 0.416260
v -0.031006 -0.208740 0.422119
v -0.010498 -0.197510 0.422607
v -0.026611 -0.194580 0.421143
v -0.016357 -0.197021 0.422607
v -0.035400 -0.194092 0.402588
v -0.031494 -0.197998 0.406982
v -0.037842 -0.209229 0.471924
v -0.043213 -0.209717 0.476807
v -0.033447 -0.201416 0.473389
v -0.041260 -0.201904 0.480713
v -0.109619 -0.204346 0.405518
v -0.103271 -0.200928 0.397705
v -0.110107 -0.208740 0.422119
v -0.114990 -0.200928 0.421143
v -0.124268 -0.197021 0.422607
v -0.072510 -0.209717 0.476318
v -0.073486 -0.201904 0.480225
v -0.107666 -0.209229 0.460693
v -0.102783 -0.209717 0.467041
v -0.112061 -0.201416 0.461670
v -0.105225 -0.201904 0.470459
v -0.026611 -0.164307 0.414307
v -0.035400 -0.181885 0.401123
v -0.039795 -0.164307 0.452881
v -0.049561 -0.164307 0.460693
v -0.099854 -0.181885 0.392822
v -0.113525 -0.164307 0.414795
v -0.092041 -0.164307 0.452881
v -0.100830 -0.164307 0.443604
v -0.145264 -0.204346 0.339600
v -0.150146 -0.207764 0.343506
v -0.151611 -0.193604 0.332764
v -0.156494 -0.197510 0.336670
v -0.169678 -0.209229 0.358643
v -0.170654 -0.199951 0.348389
v -0.176025 -0.192627 0.353760
v -0.177002 -0.202393 0.364502
v -0.206299 -0.203369 0.273193
v -0.201904 -0.199463 0.269287
v -0.207764 -0.190186 0.263428
v -0.212646 -0.193604 0.267334
v -0.224854 -0.194580 0.279541
v -0.222900 -0.204346 0.288330
v -0.229248 -0.197021 0.296143
v -0.145264 -0.181885 0.335205
v -0.201904 -0.181885 0.265381
v -0.204834 -0.156494 0.262939
v -0.229248 -0.187256 0.285889
v -0.204834 -0.140869 0.266357
v -0.125732 -0.204834 0.416260
v -0.130615 -0.197510 0.422607
v -0.025146 -0.044678 0.376709
v -0.039795 -0.048584 0.426025
v -0.049561 -0.048584 0.433350
v -0.045166 -0.035400 0.422119
v -0.048584 -0.042725 0.425049
v -0.053955 -0.035400 0.426025
v -0.091553 -0.048584 0.427979
v -0.092041 -0.042725 0.419678
v -0.086670 -0.035400 0.422119
v -0.116943 -0.042725 0.382080
v -0.100830 -0.048584 0.419678
v -0.094971 -0.035400 0.417236
v -0.256592 -0.238037 0.021240
v -0.255615 -0.243408 0.053955
v -0.257568 -0.219971 0.123291
v -0.257568 -0.192139 0.123291
v -0.334229 -0.187744 0.061768
v -0.327393 -0.191162 0.067139
v -0.343506 -0.197021 0.077393
v -0.331299 -0.195068 0.069580
v -0.345459 -0.189209 0.069580
v -0.350342 -0.190674 0.082764
v -0.327881 -0.181885 0.064697
v -0.345947 -0.182373 0.073975
v -0.261963 -0.224854 0.128174
v -0.255127 -0.222412 0.161865
v -0.261963 -0.187744 0.128174
v -0.296143 -0.196045 0.146729
v -0.302490 -0.188721 0.140381
v -0.301025 -0.199951 0.149170
v -0.256104 -0.222412 0.192139
v -0.251221 -0.222412 0.197510
v -0.261963 -0.222900 0.217041
v -0.265869 -0.226807 0.212646
v -0.255127 -0.197021 0.218018
v -0.260498 -0.187744 0.211182
v -0.261963 -0.189209 0.217041
v -0.265869 -0.190674 0.213135
v -0.260498 -0.200439 0.220947
v -0.275635 -0.200928 0.228760
v -0.277100 -0.191162 0.219971
v -0.282471 -0.193604 0.235596
v -0.314209 -0.200928 0.155518
v -0.314697 -0.189697 0.146729
v -0.321533 -0.194092 0.160889
v -0.296143 -0.181885 0.143799
v -0.255127 -0.181885 0.214600
v -0.265869 -0.185303 0.212646
v -0.277100 -0.182861 0.224365
v -0.314209 -0.182373 0.151123
v -0.387451 -0.192627 0.006592
v -0.392822 -0.185791 0.002686
v -0.393311 -0.186279 0.010986
v 0.397217 0.003662 -0.499756
v 0.388916 0.011475 -0.499756
v 0.402588 0.020264 -0.499756
v 0.393311 0.003662 -0.441162
v 0.385498 0.011475 -0.450439
v 0.399170 0.020264 -0.437256
v 0.311279 0.003662 -0.444580
v 0.311279 0.011475 -0.452881
v 0.311279 0.020264 -0.443115
v 0.316162 0.030518 -0.274658
v 0.320557 0.040283 -0.275635
v 0.280518 0.028076 -0.344971
v 0.277100 0.028564 -0.348389
v 0.260498 0.028564 -0.347900
v 0.280518 0.049561 -0.345947
v 0.277100 0.049072 -0.348877
v 0.260498 0.049072 -0.348877
v 0.304932 0.007568 -0.312256
v 0.286377 0.023193 -0.308350
v 0.304932 0.007568 -0.277100
v 0.299561 0.010498 -0.274170
v 0.289795 0.006104 -0.270752
v 0.302002 0.027588 -0.271729
v 0.300049 0.030029 -0.268799
v 0.295166 0.031006 -0.251709
v 0.260498 0.023193 -0.307861
v 0.265869 0.023682 -0.275146
v 0.265869 0.023682 -0.274170
v 0.265869 0.028564 -0.270752
v 0.278076 0.016846 -0.263428
v 0.261475 0.030518 -0.281006
v 0.286377 0.053467 -0.309326
v 0.303467 0.034912 -0.256592
v 0.282471 0.038818 -0.261963
v 0.285400 0.045654 -0.260010
v 0.311279 0.053955 -0.270752
v 0.310303 0.056396 -0.267822
v 0.309326 0.047607 -0.258057
v 0.305420 0.060303 -0.253174
v 0.295166 0.047119 -0.265381
v 0.289307 0.055908 -0.262451
v 0.260498 0.053467 -0.309326
v 0.265869 0.045654 -0.275635
v 0.271729 0.036377 -0.257080
v 0.255615 0.032959 -0.278564
v 0.280518 0.051514 -0.257080
v 0.325928 0.065186 -0.271729
v 0.325439 0.076416 -0.271729
v 0.318115 0.102295 -0.271729
v 0.297607 0.063721 -0.252197
v 0.302490 0.076904 -0.253662
v 0.293701 0.062744 -0.263916
v 0.288818 0.072021 -0.262451
v 0.309814 0.084229 -0.267334
v 0.311279 0.086670 -0.270264
v 0.293701 0.078369 -0.263428
v 0.293701 0.085205 -0.264893
v 0.283447 0.081299 -0.258545
v 0.288818 0.083740 -0.261475
v 0.280518 0.071045 -0.256592
v 0.271729 0.087646 -0.255615
v 0.298096 0.096924 -0.266846
v 0.296631 0.107666 -0.263428
v 0.312256 0.110596 -0.268799
v 0.296631 0.111572 -0.266357
v 0.290283 0.122314 -0.263428
v 0.281006 0.094971 -0.258545
v 0.272705 0.108154 -0.255615
v 0.280518 0.122803 -0.259033
v 0.402588 0.141357 -0.499756
v 0.394287 0.149658 -0.499756
v 0.390869 0.149658 -0.451904
v 0.405518 0.158447 -0.499756
v 0.402100 0.158447 -0.439697
v 0.399170 0.141357 -0.437256
v 0.340576 0.152100 -0.445068
v 0.325439 0.152100 -0.445068
v 0.340576 0.179932 -0.445068
v 0.325439 0.179932 -0.445068
v 0.327881 0.156006 -0.419189
v 0.340576 0.152100 -0.385498
v 0.327881 0.156006 -0.405029
v 0.325439 0.152100 -0.385986
v 0.327881 0.176025 -0.419678
v 0.340576 0.179932 -0.385986
v 0.327881 0.176025 -0.405029
v 0.325439 0.179932 -0.386475
v 0.311279 0.149658 -0.453857
v 0.311279 0.141357 -0.443115
v 0.294678 0.152100 -0.445068
v 0.279541 0.152100 -0.445068
v 0.311279 0.158447 -0.443604
v 0.294678 0.179932 -0.445068
v 0.279541 0.179932 -0.445068
v 0.292236 0.156006 -0.419678
v 0.292236 0.156006 -0.405029
v 0.294678 0.152100 -0.386475
v 0.279541 0.152100 -0.386475
v 0.292236 0.176025 -0.419678
v 0.292236 0.176025 -0.405518
v 0.294678 0.179932 -0.386963
v 0.279541 0.179932 -0.386963
v 0.346436 0.193604 -0.387939
v 0.275146 0.193604 -0.387939
v 0.316162 0.158936 -0.282959
v 0.320557 0.168701 -0.283936
v 0.299561 0.140869 -0.281494
v 0.289795 0.136475 -0.278076
v 0.289307 0.155029 -0.272705
v 0.278076 0.147217 -0.271240
v 0.286377 0.184814 -0.311279
v 0.302002 0.157959 -0.278564
v 0.300049 0.158447 -0.277100
v 0.302490 0.171631 -0.263428
v 0.282471 0.167725 -0.270264
v 0.295166 0.168213 -0.258545
v 0.288330 0.171143 -0.252686
v 0.311279 0.182373 -0.279053
v 0.307861 0.183838 -0.264893
v 0.295166 0.174561 -0.272217
v 0.295166 0.177490 -0.272217
v 0.285400 0.175537 -0.267334
v 0.260498 0.184814 -0.311279
v 0.271729 0.166748 -0.264404
v 0.280518 0.178955 -0.264404
v 0.346436 0.193604 -0.363037
v 0.318115 0.202881 -0.279053
v 0.286377 0.214600 -0.312744
v 0.275146 0.193604 -0.367432
v 0.280518 0.189697 -0.353271
v 0.277100 0.189697 -0.356201
v 0.260498 0.189697 -0.356201
v 0.277100 0.210693 -0.357178
v 0.280518 0.211182 -0.354248
v 0.260498 0.210693 -0.357178
v 0.304932 0.229248 -0.323486
v 0.311279 0.187744 -0.277100
v 0.304443 0.195068 -0.260010
v 0.297119 0.198486 -0.254150
v 0.293701 0.191162 -0.272217
v 0.312256 0.211670 -0.276123
v 0.296631 0.208252 -0.269775
v 0.265869 0.203369 -0.286377
v 0.260498 0.214600 -0.312256
v 0.281006 0.195557 -0.264893
v 0.304932 0.229248 -0.288330
v 0.265869 0.225342 -0.287354
v 0.265869 0.233643 -0.289307
v 0.265869 0.228760 -0.284424
v 0.261475 0.218994 -0.291260
v 0.255615 0.226318 -0.290771
v 0.287354 0.034912 -0.245850
v 0.283447 0.047607 -0.240967
v 0.290283 0.059326 -0.246826
v 0.289307 0.060303 -0.242432
v 0.282471 0.062256 -0.240967
v 0.272705 0.014404 -0.146729
v 0.272705 0.014404 -0.129639
v 0.272705 0.019287 -0.151611
v 0.265869 0.019775 -0.149170
v 0.265869 0.024658 -0.154053
v 0.265869 0.023682 -0.151611
v 0.272705 0.019287 -0.125244
v 0.261475 0.030518 -0.145264
v 0.265869 0.045654 -0.152100
v 0.255615 0.032959 -0.148193
v 0.297607 0.064209 -0.247314
v 0.297607 0.088623 -0.248779
v 0.290283 0.091553 -0.242432
v 0.282471 0.087158 -0.237549
v 0.279053 0.067139 -0.237549
v 0.278076 0.073975 -0.235596
v 0.331299 0.015381 -0.008545
v 0.330322 0.030518 -0.009033
v 0.324463 0.022705 -0.003662
v 0.271729 0.015381 -0.049072
v 0.251709 0.015381 -0.049072
v 0.284912 0.182861 -0.247803
v 0.289795 0.194580 -0.249268
v 0.265869 0.203369 -0.156982
v 0.265869 0.225342 -0.157959
v 0.265869 0.228760 -0.159912
v 0.272705 0.231201 -0.158447
v 0.265869 0.233643 -0.155029
v 0.272705 0.231201 -0.129150
v 0.261475 0.218994 -0.151611
v 0.255615 0.226318 -0.154541
v 0.272705 0.235596 -0.154053
v 0.272705 0.235596 -0.134033
v 0.326904 0.126221 -0.012451
v 0.320068 0.133545 -0.007568
v 0.326416 0.141357 -0.012939
v 0.333740 0.234619 -0.000244
v 0.333740 0.249268 -0.000732
v 0.326416 0.234619 -0.014893
v 0.320557 0.241943 -0.010498
v 0.326416 0.249268 -0.015381
v 0.271729 0.214600 -0.055420
v 0.251709 0.214600 -0.055420
v 0.248779 0.011475 -0.445068
v 0.249756 0.007568 -0.311768
v 0.249756 0.007568 -0.276611
v 0.249756 0.023682 -0.275146
v 0.249756 0.027100 -0.272217
v 0.249756 0.045654 -0.275146
v 0.245361 0.149658 -0.445068
v 0.249756 0.229248 -0.322998
v 0.249756 0.203369 -0.285889
v 0.249756 0.233643 -0.289307
v 0.249756 0.229248 -0.287842
v 0.249756 0.228760 -0.284424
v 0.249756 0.014404 -0.146729
v 0.249756 0.014404 -0.129639
v 0.249756 0.019287 -0.151611
v 0.249756 0.022217 -0.151123
v 0.249756 0.019287 -0.125244
v 0.249756 0.045654 -0.152588
v 0.249756 0.203369 -0.157471
v 0.249756 0.230225 -0.157471
v 0.249756 0.231201 -0.158447
v 0.249756 0.231201 -0.129150
v 0.249756 0.235596 -0.154053
v 0.249756 0.235596 -0.134033
v 0.403564 0.277100 -0.499756
v 0.400146 0.277100 -0.440674
v 0.391357 0.284912 -0.499756
v 0.399170 0.292725 -0.499756
v 0.395752 0.292725 -0.446533
v 0.387939 0.284912 -0.454834
v 0.397705 0.369385 -0.499756
v 0.394287 0.369385 -0.447021
v 0.311279 0.277100 -0.445068
v 0.311279 0.284912 -0.454834
v 0.311279 0.292725 -0.446533
v 0.297607 0.323486 -0.451904
v 0.311279 0.369385 -0.447021
v 0.293213 0.327881 -0.391357
v 0.284912 0.345459 -0.386963
v 0.274658 0.366455 -0.396240
v 0.265869 0.292725 -0.290283
v 0.265869 0.297607 -0.285889
v 0.274658 0.366455 -0.346436
v 0.255127 0.366455 -0.346436
v 0.279053 0.350830 -0.320068
v 0.278076 0.351807 -0.252686
v 0.398682 0.382080 -0.499756
v 0.389893 0.375732 -0.499756
v 0.395752 0.382080 -0.444092
v 0.386963 0.375732 -0.453857
v 0.398682 0.448975 -0.499756
v 0.386963 0.456299 -0.499756
v 0.395752 0.445068 -0.444092
v 0.398193 0.448975 -0.452881
v 0.386963 0.456299 -0.444580
v 0.326416 0.388428 -0.438232
v 0.330322 0.397217 -0.441650
v 0.338135 0.427490 -0.438721
v 0.315674 0.389404 -0.426025
v 0.316650 0.404053 -0.409912
v 0.324463 0.410889 -0.434814
v 0.327881 0.417725 -0.430908
v 0.312744 0.420166 -0.422607
v 0.322998 0.419678 -0.413330
v 0.317139 0.428467 -0.430420
v 0.320557 0.435303 -0.405518
v 0.311279 0.375732 -0.453857
v 0.311279 0.382080 -0.444092
v 0.261475 0.375732 -0.453857
v 0.261475 0.375732 -0.443604
v 0.297607 0.410889 -0.451904
v 0.303955 0.399658 -0.413818
v 0.308350 0.398682 -0.401611
v 0.301025 0.403076 -0.391846
v 0.284912 0.401123 -0.386963
v 0.261475 0.375732 -0.382080
v 0.312256 0.414307 -0.419189
v 0.309814 0.427002 -0.420166
v 0.308350 0.437256 -0.416748
v 0.302979 0.435791 -0.407959
v 0.302490 0.413818 -0.405518
v 0.298584 0.418213 -0.384033
v 0.293213 0.406494 -0.391357
v 0.285400 0.421631 -0.397217
v 0.304932 0.434326 -0.387451
v 0.293701 0.426025 -0.400146
v 0.295166 0.430420 -0.402100
v 0.287842 0.424561 -0.389404
v 0.279541 0.414307 -0.389893
v 0.262939 0.421143 -0.392334
v 0.265381 0.413818 -0.385498
v 0.250244 0.412842 -0.379639
v 0.279541 0.436279 -0.400146
v 0.274170 0.425049 -0.388428
v 0.259521 0.430908 -0.398682
v 0.257568 0.436279 -0.400635
v 0.336182 0.437744 -0.437744
v 0.323486 0.441650 -0.428467
v 0.324951 0.446045 -0.433838
v 0.325928 0.461670 -0.431885
v 0.320068 0.465576 -0.425049
v 0.313232 0.439209 -0.395752
v 0.311279 0.456299 -0.499756
v 0.308838 0.447510 -0.440674
v 0.311279 0.456299 -0.444580
v 0.299561 0.454346 -0.438232
v 0.289307 0.456787 -0.438232
v 0.261475 0.456299 -0.499756
v 0.261475 0.452393 -0.439209
v 0.275635 0.457764 -0.439209
v 0.265381 0.456787 -0.437744
v 0.256104 0.455811 -0.439697
v 0.304932 0.445557 -0.425537
v 0.302002 0.438721 -0.413818
v 0.310303 0.446533 -0.419189
v 0.285889 0.450928 -0.427979
v 0.288818 0.440674 -0.410889
v 0.309814 0.455811 -0.417236
v 0.305908 0.460693 -0.412354
v 0.297119 0.447021 -0.391846
v 0.294189 0.446045 -0.399170
v 0.299561 0.460693 -0.404541
v 0.292725 0.457764 -0.380615
v 0.284424 0.455811 -0.375244
v 0.280029 0.451416 -0.425537
v 0.265869 0.450928 -0.426514
v 0.268311 0.442139 -0.408936
v 0.255615 0.443115 -0.412354
v 0.263916 0.454834 -0.411377
v 0.254639 0.454346 -0.416748
v 0.279053 0.440186 -0.405518
v 0.267822 0.450928 -0.402588
v 0.276611 0.441650 -0.378662
v 0.265381 0.438721 -0.405518
v 0.262451 0.442627 -0.391357
v 0.279053 0.395264 -0.320068
v 0.284424 0.437256 -0.374756
v 0.261475 0.426514 -0.370850
v 0.278076 0.393799 -0.252686
v 0.274658 0.443604 -0.363037
v 0.265869 0.439209 -0.361572
v 0.265869 0.296143 -0.160400
v 0.265869 0.291260 -0.155518
v 0.271729 0.352295 -0.209717
v 0.251709 0.352295 -0.209717
v 0.280518 0.349365 -0.161377
v 0.271729 0.357666 -0.161865
v 0.251709 0.357666 -0.161865
v 0.271729 0.253662 -0.046143
v 0.251709 0.253662 -0.046143
v 0.333740 0.337646 -0.002686
v 0.326416 0.337646 -0.016846
v 0.333740 0.352295 -0.002686
v 0.326416 0.352295 -0.016846
v 0.325928 0.344971 -0.001221
v 0.320068 0.344971 -0.011963
v 0.281494 0.350342 -0.112549
v 0.296631 0.350342 -0.106201
v 0.311279 0.344971 -0.052979
v 0.261475 0.363525 -0.053467
v 0.261475 0.375732 -0.178955
v 0.280518 0.395752 -0.161377
v 0.314209 0.412842 -0.055908
v 0.314209 0.412842 -0.039307
v 0.320068 0.423584 -0.039307
v 0.333740 0.430908 -0.003662
v 0.326416 0.430420 -0.017822
v 0.319092 0.437256 -0.015869
v 0.321045 0.423584 -0.015381
v 0.281494 0.394775 -0.112549
v 0.296631 0.394775 -0.106201
v 0.311279 0.398193 -0.052979
v 0.261475 0.375732 -0.053467
v 0.274658 0.375732 -0.015381
v 0.309326 0.412842 -0.060303
v 0.309326 0.417725 -0.055908
v 0.309326 0.417725 -0.039307
v 0.274658 0.429932 -0.015381
v 0.326416 0.437744 -0.002686
v 0.241943 0.281006 -0.445068
v 0.249756 0.284912 -0.446045
v 0.241455 0.292725 -0.445068
v 0.211182 0.323486 -0.451904
v 0.239502 0.369385 -0.445557
v 0.215576 0.327881 -0.391357
v 0.226318 0.345459 -0.386963
v 0.249756 0.292725 -0.290283
v 0.249756 0.297607 -0.285889
v 0.237061 0.370850 -0.346436
v 0.232178 0.350830 -0.320068
v 0.233154 0.351807 -0.252686
v 0.054443 0.373779 -0.350342
v 0.025146 0.373779 -0.350342
v 0.211182 0.410889 -0.451904
v 0.237061 0.390381 -0.396240
v 0.226318 0.401123 -0.386963
v 0.222412 0.414307 -0.414795
v 0.243408 0.427490 -0.407471
v 0.235107 0.426514 -0.409912
v 0.225830 0.432861 -0.431396
v 0.225342 0.435791 -0.425537
v 0.237549 0.421631 -0.404541
v 0.235107 0.408447 -0.375244
v 0.230713 0.418701 -0.394775
v 0.227295 0.410889 -0.381104
v 0.240479 0.436768 -0.394775
v 0.249756 0.436768 -0.389404
v 0.212158 0.414795 -0.427490
v 0.213623 0.422119 -0.434326
v 0.215576 0.406494 -0.391357
v 0.129639 0.375732 -0.440186
v 0.224365 0.447998 -0.437744
v 0.245850 0.453369 -0.439209
v 0.232666 0.454834 -0.438721
v 0.240967 0.445068 -0.425537
v 0.245850 0.452881 -0.427979
v 0.243896 0.437744 -0.407959
v 0.240967 0.439697 -0.421143
v 0.241455 0.448486 -0.414795
v 0.236572 0.440674 -0.404053
v 0.129639 0.456299 -0.499756
v 0.129639 0.452393 -0.439209
v 0.237061 0.390381 -0.346436
v 0.232178 0.395264 -0.320068
v 0.233154 0.393799 -0.252686
v 0.122314 0.375732 -0.447998
v 0.115479 0.375732 -0.440186
v 0.122314 0.447998 -0.499756
v 0.115479 0.456299 -0.499756
v 0.122314 0.444092 -0.447021
v 0.115479 0.452393 -0.439209
v 0.052490 0.384033 -0.350342
v 0.027100 0.384033 -0.350342
v 0.249756 0.296143 -0.160400
v 0.249756 0.291260 -0.155518
v 0.240967 0.369873 -0.209717
v 0.230713 0.349365 -0.161377
v 0.246826 0.369873 -0.161865
v 0.225342 0.344971 -0.052979
v 0.141846 0.369873 -0.046143
v 0.103271 0.369873 -0.055420
v 0.046631 0.373779 -0.102295
v 0.017334 0.373779 -0.102295
v 0.240967 0.389893 -0.209717
v 0.246826 0.389893 -0.161865
v 0.230713 0.395752 -0.161377
v 0.225342 0.398193 -0.052979
v 0.141846 0.389893 -0.046143
v 0.103271 0.389893 -0.055420
v 0.102783 0.375244 -0.015381
v 0.098877 0.391846 -0.015381
v 0.062744 0.375244 -0.015381
v 0.066650 0.391846 -0.015381
v 0.044678 0.384033 -0.102295
v 0.019287 0.384033 -0.102295
v 0.342041 0.015381 0.008057
v 0.340088 0.015381 0.018799
v 0.329834 0.022705 0.008545
v 0.337158 0.030518 0.006592
v 0.328369 0.022705 0.015869
v 0.336182 0.030518 0.017822
v 0.281006 0.022705 0.048096
v 0.288330 0.034424 0.024170
v 0.288330 0.034424 0.054443
v 0.276611 0.045166 0.052979
v 0.250244 0.045166 0.053467
v 0.251221 0.047119 0.053467
v 0.276611 0.071533 0.052490
v 0.267822 0.071533 0.052490
v 0.250244 0.071533 0.052979
v 0.297119 0.031006 0.142822
v 0.297607 0.008057 0.160889
v 0.296631 0.000732 0.165771
v 0.297119 0.019287 0.164795
v 0.266846 0.002197 0.163818
v 0.251221 0.047119 0.152588
v 0.276611 0.045166 0.179443
v 0.250244 0.045166 0.178955
v 0.277588 0.069092 0.162354
v 0.277588 0.069092 0.186768
v 0.276611 0.071533 0.177490
v 0.267822 0.071533 0.177490
v 0.265381 0.069092 0.162354
v 0.265381 0.069092 0.186768
v 0.250244 0.071533 0.177490
v 0.265381 0.093018 0.247314
v 0.309814 0.094971 0.247314
v 0.306885 0.093994 0.249268
v 0.310791 0.106689 0.243408
v 0.301025 0.108643 0.244385
v 0.301025 0.124268 0.226807
v 0.332275 0.126221 0.002686
v 0.331299 0.126221 0.013916
v 0.323975 0.133545 0.004150
v 0.322998 0.133545 0.011963
v 0.333740 0.141357 0.002197
v 0.334229 0.141357 0.013428
v 0.279053 0.133545 0.042236
v 0.276611 0.161865 0.051025
v 0.267822 0.161865 0.051514
v 0.250244 0.161865 0.051514
v 0.251221 0.186279 0.051514
v 0.333740 0.234619 0.010498
v 0.333252 0.249268 0.006104
v 0.325928 0.241943 0.000732
v 0.324951 0.241943 0.007568
v 0.282959 0.191162 0.024170
v 0.282959 0.191162 0.052979
v 0.276611 0.188232 0.051025
v 0.250244 0.188232 0.051514
v 0.258057 0.241943 0.050049
v 0.277588 0.164307 0.156006
v 0.251221 0.186279 0.144287
v 0.276611 0.161865 0.170654
v 0.267822 0.161865 0.170654
v 0.277588 0.164307 0.179932
v 0.250244 0.161865 0.171143
v 0.265381 0.164307 0.156494
v 0.265381 0.164307 0.179932
v 0.301025 0.139893 0.242920
v 0.310791 0.141846 0.241943
v 0.309814 0.153564 0.244873
v 0.306885 0.154541 0.246338
v 0.265381 0.155518 0.244873
v 0.290283 0.198975 0.134521
v 0.297607 0.218506 0.149170
v 0.290283 0.210693 0.153564
v 0.276611 0.188232 0.168701
v 0.250244 0.188232 0.169189
v 0.296631 0.225830 0.153076
v 0.266846 0.225830 0.152100
v 0.311768 0.124268 0.258545
v 0.301025 0.124268 0.258057
v 0.300537 0.123779 0.260010
v 0.311279 0.124268 0.278076
v 0.308350 0.124268 0.281494
v 0.263916 0.124268 0.282959
v 0.234131 0.034424 0.025635
v 0.234131 0.034424 0.055420
v 0.125244 0.034424 0.029541
v 0.125244 0.034424 0.058838
v 0.125244 0.046631 0.056885
v 0.195557 0.027588 0.130127
v 0.125244 0.031006 0.142334
v 0.125244 0.019287 0.162842
v 0.125244 0.046631 0.151611
v 0.142822 0.034424 0.187744
v 0.117432 0.009521 0.156006
v 0.117920 0.016846 0.151123
v 0.090576 0.042236 0.243408
v 0.117432 0.098389 0.236084
v 0.117432 0.124268 0.225830
v 0.124756 0.124268 0.235596
v 0.055420 0.096436 0.238037
v 0.125244 0.186279 0.054932
v 0.234131 0.198975 0.025146
v 0.234131 0.198975 0.053467
v 0.195068 0.244873 0.105713
v 0.125244 0.198975 0.028076
v 0.125244 0.198975 0.056396
v 0.125244 0.186279 0.147217
v 0.127197 0.140381 0.189209
v 0.125244 0.202881 0.137451
v 0.125244 0.214600 0.156494
v 0.138916 0.249756 0.160889
v 0.117432 0.150146 0.234619
v 0.081299 0.149170 0.235107
v 0.055420 0.152100 0.236572
v 0.117920 0.218506 0.144775
v 0.117432 0.225830 0.149170
v 0.038330 0.051025 0.297607
v 0.116943 0.124268 0.265869
v 0.031006 0.124268 0.272705
v 0.036377 0.158936 0.279541
v 0.330322 0.337646 0.008545
v 0.333252 0.352295 0.004150
v 0.322021 0.344971 0.006104
v 0.257568 0.346436 0.047607
v 0.260010 0.251221 0.160400
v 0.333252 0.430908 0.003174
v 0.259521 0.431396 0.041748
v 0.326416 0.438232 0.004150
v 0.257568 0.438232 0.037354
v 0.251709 0.437744 0.031982
v 0.254639 0.447021 0.043701
v 0.260010 0.440674 0.050049
v 0.187256 0.350830 0.099854
v 0.140381 0.358154 0.144775
v 0.116943 0.251221 0.163818
v 0.114014 0.296143 0.156494
v 0.109131 0.291260 0.156494
v 0.086182 0.257568 0.213135
v 0.114014 0.370850 0.156494
v 0.085693 0.370361 0.197021
v 0.243896 0.429932 0.033447
v 0.186768 0.432373 0.093506
v 0.170166 0.429932 0.084717
v 0.244873 0.443604 0.035889
v 0.188232 0.441162 0.101318
v 0.184814 0.439209 0.089111
v 0.177979 0.437744 0.083252
v 0.171631 0.443604 0.087158
v 0.182373 0.447510 0.094971
v 0.137451 0.433838 0.138428
v 0.135010 0.440674 0.133545
v 0.127686 0.438232 0.127686
v 0.133545 0.449463 0.139893
v 0.139893 0.443604 0.146240
v 0.097900 0.385498 0.143799
v 0.097900 0.396729 0.146240
v 0.109131 0.375732 0.156494
v 0.100830 0.375244 0.167725
v 0.096924 0.391846 0.163818
v 0.085693 0.385498 0.181396
v 0.085693 0.396729 0.178955
v 0.064697 0.391846 0.183350
v 0.121338 0.429932 0.129639
v 0.065186 0.429932 0.185303
v 0.081299 0.437256 0.193604
v 0.060791 0.375244 0.187744
v 0.031982 0.383545 0.249268
v 0.010498 0.429932 0.239502
v 0.122803 0.444580 0.132080
v 0.071045 0.439697 0.183350
v 0.064209 0.444092 0.187256
v 0.078857 0.443115 0.189209
v 0.084229 0.447021 0.201904
v 0.077881 0.452393 0.195557
v 0.067627 0.448486 0.189209
v 0.031006 0.442139 0.249268
v 0.018799 0.445068 0.238525
v 0.026123 0.447998 0.243896
v 0.014893 0.440674 0.236572
v 0.009033 0.444092 0.241455
v 0.011963 0.448486 0.243408
v 0.102783 0.295654 0.266846
v 0.095459 0.293701 0.326904
v 0.034424 0.266357 0.263428
v 0.101807 0.367920 0.269775
v 0.093506 0.368896 0.332275
v 0.101807 0.276611 0.381592
v 0.100342 0.277588 0.410889
v 0.107178 0.281982 0.382080
v 0.100830 0.282471 0.377197
v 0.105713 0.282959 0.411377
v 0.098877 0.284424 0.417236
v 0.079834 0.292725 0.418701
v 0.084717 0.297607 0.419189
v 0.077881 0.294189 0.483643
v 0.082764 0.299072 0.484131
v 0.078857 0.302002 0.490967
v 0.073486 0.297119 0.489990
v 0.057861 0.307373 0.491943
v 0.054932 0.311279 0.485107
v 0.015869 0.311768 0.461182
v 0.015869 0.311768 0.486084
v 0.015869 0.307861 0.492432
v 0.086182 0.365967 0.385986
v 0.078369 0.360596 0.426514
v 0.072998 0.365479 0.427490
v 0.064209 0.313721 0.492432
v 0.073486 0.357666 0.499268
v 0.077393 0.361084 0.493896
v 0.072510 0.365967 0.494385
v 0.068604 0.362549 0.499756
v 0.057861 0.313232 0.460205
v 0.059814 0.316162 0.485596
v 0.056885 0.343018 0.490967
v 0.010986 0.316650 0.462158
v 0.010986 0.316650 0.487061
v 0.007080 0.316162 0.493408
v 0.010010 0.342041 0.488037
v 0.054443 0.345947 0.467041
v 0.060791 0.345459 0.497803
v 0.051514 0.347900 0.491455
v 0.054443 0.351807 0.498779
v 0.011963 0.344971 0.467041
v 0.014893 0.346924 0.488525
v 0.011963 0.350342 0.495850
v 0.005615 0.344482 0.494873
v 0.030518 0.449463 0.256592
v 0.024170 0.454834 0.250732
v 0.097412 0.378174 0.387451
v 0.103271 0.378662 0.392822
v 0.097900 0.384033 0.393799
v 0.101318 0.377197 0.422607
v 0.094482 0.375732 0.427979
v 0.095947 0.382568 0.423584
v -0.336670 0.004639 -0.301514
v -0.336670 0.009521 -0.306396
v -0.350830 0.004639 -0.301514
v -0.350830 0.009521 -0.306396
v -0.336670 0.070557 -0.306396
v -0.336670 0.075439 -0.301514
v -0.350830 0.070557 -0.306396
v -0.350830 0.075439 -0.301514
v -0.338135 0.004639 -0.171143
v -0.338135 0.009521 -0.166260
v -0.352783 0.004639 -0.171143
v -0.352783 0.009521 -0.166260
v -0.338135 0.070557 -0.166260
v -0.338135 0.075439 -0.171143
v -0.352783 0.070557 -0.166260
v -0.352783 0.075439 -0.171143
v -0.330811 0.015381 -0.049072
v -0.350830 0.015381 -0.049072
v -0.386475 0.015869 -0.016357
v -0.397217 0.015869 -0.001221
v -0.330811 0.214600 -0.055420
v -0.350830 0.214600 -0.055420
v -0.388428 0.151123 -0.015869
v -0.399658 0.151123 -0.000732
v -0.100342 0.373779 -0.350342
v -0.135986 0.374268 -0.445557
v -0.129639 0.373779 -0.350342
v -0.024170 0.375732 -0.444092
v -0.016846 0.375732 -0.436279
v -0.031006 0.375732 -0.436279
v -0.024170 0.447998 -0.499756
v -0.016846 0.456299 -0.499756
v -0.031006 0.456299 -0.499756
v -0.024170 0.444092 -0.442627
v -0.016846 0.452393 -0.435303
v -0.031006 0.452393 -0.435303
v -0.102295 0.384033 -0.350342
v -0.128662 0.375732 -0.437744
v -0.143311 0.375732 -0.438232
v -0.135986 0.447998 -0.499756
v -0.128662 0.456299 -0.499756
v -0.143311 0.459717 -0.499756
v -0.135986 0.444092 -0.444580
v -0.128662 0.452393 -0.436768
v -0.143311 0.455811 -0.437256
v -0.127686 0.384033 -0.350342
v -0.105713 0.373779 -0.102295
v -0.135010 0.373779 -0.102295
v -0.179932 0.369873 -0.055420
v -0.218994 0.369873 -0.046143
v -0.107666 0.384033 -0.102295
v -0.133057 0.384033 -0.102295
v -0.144775 0.375244 -0.015381
v -0.148682 0.391846 -0.015381
v -0.179932 0.389893 -0.055420
v -0.184814 0.375244 -0.015381
v -0.180908 0.391846 -0.015381
v -0.218994 0.389893 -0.046143
v -0.337646 0.303467 -0.443604
v -0.290283 0.323486 -0.451904
v -0.294678 0.327881 -0.391357
v -0.305908 0.345459 -0.386963
v -0.372803 0.323486 -0.451904
v -0.368408 0.327881 -0.391357
v -0.352783 0.354736 -0.396240
v -0.359131 0.345459 -0.386963
v -0.336670 0.254639 -0.301514
v -0.336670 0.259521 -0.306396
v -0.350830 0.254639 -0.301514
v -0.350830 0.259521 -0.306396
v -0.333252 0.354736 -0.346436
v -0.322021 0.370850 -0.346436
v -0.352783 0.354736 -0.346436
v -0.336670 0.320557 -0.306396
v -0.336670 0.325439 -0.301514
v -0.350830 0.320557 -0.306396
v -0.350830 0.325439 -0.301514
v -0.316162 0.351807 -0.252686
v -0.360107 0.351807 -0.252686
v -0.257080 0.375732 -0.440674
v -0.264404 0.375732 -0.448486
v -0.271729 0.375732 -0.441162
v -0.290283 0.410889 -0.451904
v -0.305908 0.401123 -0.386963
v -0.294678 0.406494 -0.391357
v -0.337646 0.375732 -0.453857
v -0.337646 0.375732 -0.443115
v -0.372803 0.410889 -0.451904
v -0.322021 0.390381 -0.396240
v -0.339111 0.375732 -0.390869
v -0.359131 0.401123 -0.386963
v -0.368408 0.406494 -0.391357
v -0.264404 0.447998 -0.499756
v -0.257080 0.456299 -0.499756
v -0.271729 0.459229 -0.499756
v -0.264404 0.444092 -0.447510
v -0.257080 0.452393 -0.439697
v -0.271729 0.455322 -0.440186
v -0.337646 0.459229 -0.499756
v -0.337646 0.455322 -0.443115
v -0.322021 0.390381 -0.346436
v -0.316162 0.393799 -0.252686
v -0.360107 0.393799 -0.252686
v -0.405518 0.375732 -0.499756
v -0.405518 0.375732 -0.444580
v -0.405518 0.448975 -0.499756
v -0.398682 0.456299 -0.499756
v -0.405518 0.448975 -0.444580
v -0.395752 0.453369 -0.444092
v -0.398682 0.456299 -0.452881
v -0.338135 0.254639 -0.174072
v -0.338135 0.259521 -0.169189
v -0.352783 0.254639 -0.174072
v -0.352783 0.259521 -0.169189
v -0.330811 0.352295 -0.209717
v -0.318604 0.369873 -0.209717
v -0.350830 0.352295 -0.209717
v -0.338135 0.320557 -0.165283
v -0.338135 0.325439 -0.170166
v -0.352783 0.320557 -0.165283
v -0.352783 0.325439 -0.170166
v -0.316162 0.349365 -0.161377
v -0.330811 0.357666 -0.161865
v -0.324463 0.369873 -0.161865
v -0.350830 0.357666 -0.161865
v -0.365479 0.349365 -0.161377
v -0.330811 0.253662 -0.046143
v -0.350830 0.253662 -0.046143
v -0.367432 0.350342 -0.112061
v -0.312744 0.344971 -0.046631
v -0.319092 0.364014 -0.046631
v -0.389404 0.309814 -0.011963
v -0.375244 0.350342 -0.105713
v -0.379150 0.344971 -0.052490
v -0.318604 0.389893 -0.209717
v -0.324463 0.389893 -0.161865
v -0.316162 0.395752 -0.161377
v -0.343994 0.375732 -0.174561
v -0.365479 0.395752 -0.161377
v -0.367432 0.394775 -0.112061
v -0.342041 0.375732 -0.047119
v -0.312744 0.398193 -0.046631
v -0.341553 0.375732 -0.008545
v -0.341553 0.429932 -0.008545
v -0.375244 0.394775 -0.105713
v -0.379639 0.398682 -0.052490
v -0.377686 0.412842 -0.055908
v -0.382568 0.412842 -0.051025
v -0.377686 0.417725 -0.051025
v -0.383057 0.412842 -0.032959
v -0.378662 0.417725 -0.032959
v -0.387451 0.430908 -0.033447
v -0.389893 0.436279 -0.009521
v -0.389893 0.430908 -0.006592
v -0.384033 0.443115 -0.005615
v -0.024170 0.061768 0.351807
v -0.113037 0.061768 0.357666
v -0.045166 0.056396 0.398682
v -0.051514 0.061768 0.394287
v -0.054443 0.056396 0.402100
v -0.087646 0.061768 0.390381
v -0.085693 0.056396 0.398682
v -0.093994 0.056396 0.394775
v -0.048096 0.069092 0.391846
v -0.056396 0.069092 0.394775
v -0.090576 0.069092 0.388916
v -0.082764 0.069092 0.391846
v -0.022705 0.169678 0.328857
v -0.048584 0.162842 0.371826
v -0.056885 0.162842 0.374268
v -0.052490 0.169678 0.370361
v -0.047119 0.176514 0.371826
v -0.055420 0.176514 0.374756
v -0.081299 0.162842 0.372314
v -0.089111 0.162842 0.369385
v -0.085205 0.169678 0.367920
v -0.082275 0.176514 0.372314
v -0.090576 0.176514 0.369385
v -0.110596 0.169678 0.336182
v -0.036377 0.291260 0.156006
v -0.221436 0.291260 0.183350
v -0.036377 0.375732 0.156494
v -0.248291 0.429443 0.109131
v -0.246338 0.439209 0.111084
v -0.249756 0.443604 0.113037
v -0.144775 0.375244 0.174072
v -0.148682 0.391846 0.170166
v -0.184814 0.375244 0.169189
v -0.180908 0.391846 0.165771
v -0.147217 0.429932 0.229248
v -0.209717 0.385498 0.143799
v -0.209717 0.396729 0.146240
v -0.199463 0.385498 0.181396
v -0.199463 0.396729 0.178955
v -0.195557 0.429443 0.169678
v -0.199463 0.436279 0.166748
v -0.216553 0.436768 0.180908
v -0.145264 0.445068 0.232178
v -0.151123 0.440674 0.226318
v -0.154541 0.445068 0.228760
v -0.148682 0.449463 0.234619
v -0.167725 0.442139 0.241943
v -0.163330 0.447998 0.236084
v -0.160889 0.454834 0.243896
v -0.194092 0.443115 0.172119
v -0.197510 0.447510 0.174561
v -0.203369 0.440186 0.168701
v -0.212158 0.442627 0.175049
v -0.209229 0.451904 0.182861
v -0.215576 0.446533 0.189697
v -0.019287 0.281006 0.308838
v -0.036377 0.295654 0.275146
v -0.049072 0.274170 0.347900
v -0.052979 0.281006 0.346436
v -0.056885 0.274170 0.349854
v -0.036377 0.293701 0.331787
v -0.047607 0.287354 0.348877
v -0.055908 0.287354 0.351318
v -0.079834 0.274170 0.348389
v -0.083740 0.281006 0.344482
v -0.087158 0.274170 0.345947
v -0.111084 0.281006 0.315186
v -0.080811 0.287354 0.349365
v -0.088623 0.287354 0.346924
v -0.036377 0.368408 0.279053
v -0.036377 0.369385 0.337646
v -0.046143 0.276611 0.387939
v -0.045166 0.277588 0.417725
v -0.010498 0.292725 0.422119
v -0.015869 0.297607 0.423096
v -0.045654 0.282471 0.383545
v -0.036377 0.295654 0.384033
v -0.051514 0.281982 0.388916
v -0.043701 0.284424 0.423584
v -0.050537 0.282959 0.418701
v -0.007080 0.295654 0.485596
v -0.003174 0.298584 0.491943
v -0.012451 0.300537 0.486084
v -0.008057 0.303467 0.492432
v -0.010498 0.367920 0.431885
v -0.015869 0.363037 0.431396
v -0.036377 0.366943 0.391846
v -0.012451 0.359131 0.490479
v -0.008057 0.356201 0.496338
v -0.007080 0.364014 0.490967
v -0.003174 0.361084 0.496826
v -0.164307 0.284912 0.253662
v -0.016357 0.396729 0.300537
v -0.019775 0.403564 0.297119
v -0.054443 0.375732 0.259033
v -0.015381 0.408936 0.300537
v -0.054443 0.429932 0.259033
v -0.033936 0.429932 0.288330
v -0.049072 0.396729 0.341064
v -0.056885 0.396729 0.343018
v -0.052490 0.403564 0.341064
v -0.046143 0.408936 0.343994
v -0.054443 0.408936 0.346924
v -0.080322 0.375732 0.258057
v -0.109131 0.403564 0.302490
v -0.114502 0.403564 0.305908
v -0.080322 0.429932 0.258057
v -0.098877 0.429932 0.289307
v -0.079834 0.396729 0.341553
v -0.087158 0.396729 0.339111
v -0.083740 0.403564 0.338623
v -0.090088 0.408936 0.341553
v -0.082275 0.408936 0.344971
v -0.014404 0.448486 0.300537
v -0.020264 0.447998 0.300537
v -0.018311 0.453369 0.294189
v -0.027100 0.453857 0.300537
v -0.052002 0.446533 0.261963
v -0.054932 0.451904 0.266846
v -0.031982 0.445068 0.289307
v -0.052002 0.460693 0.341064
v -0.046143 0.454834 0.343994
v -0.054443 0.455811 0.346924
v -0.081787 0.446533 0.260498
v -0.078857 0.451904 0.265869
v -0.098877 0.442627 0.289307
v -0.101807 0.447510 0.292236
v -0.112549 0.447998 0.304932
v -0.117920 0.448486 0.304932
v -0.105713 0.453857 0.304932
v -0.114014 0.453369 0.298096
v -0.084229 0.460693 0.339111
v -0.090088 0.454834 0.341064
v -0.082275 0.455811 0.344971
v -0.045654 0.379639 0.393799
v -0.046143 0.385498 0.400146
v -0.051514 0.380127 0.399658
v -0.043701 0.377197 0.434814
v -0.045166 0.384033 0.430420
v -0.050537 0.378662 0.429932
v -0.167236 0.449463 0.250244
v -0.274170 0.297607 0.116943
v -0.335693 0.303467 0.059814
v -0.400635 0.309814 0.003174
v -0.254639 0.437256 0.106689
v -0.269287 0.434814 0.119385
v -0.313232 0.429932 0.050049
v -0.320557 0.437256 0.047607
v -0.334717 0.433838 0.059814
v -0.264893 0.440674 0.114014
v -0.261475 0.447510 0.121338
v -0.313232 0.441650 0.052002
v -0.326416 0.446533 0.061768
v -0.330811 0.439697 0.055420
v -0.332764 0.441162 0.067627
v -0.268311 0.442627 0.127197
v -0.394775 0.445068 0.008057
v -0.400635 0.438232 0.005127
v -0.400635 0.438721 0.012939
f 3 4 29
f 4 6 29
f 9 12 17
f 18 17 12
f 6 27 29
f 18 29 30
f 30 29 27
f 27 28 30
f 17 11 9
f 19 20 23
f 19 23 24
f 23 219 505
f 505 401 400
f 505 402 401
f 45 48 51
f 48 49 51
f 87 103 275
f 1326 103 87
f 1169 1170 1362
f 1170 1171 1362
f 1322 1323 1377
f 287 275 103
f 92 91 90
f 93 94 95
f 839 833 832
f 1524 1536 1537
f 834 838 840
f 1538 1526 1525
f 98 298 299
f 307 298 98
f 98 299 310
f 98 310 334
f 98 334 1054
f 299 298 296
f 299 303 304
f 299 304 310
f 334 310 304
f 304 320 334
f 320 326 334
f 334 338 1054
f 338 388 1054
f 388 391 1054
f 1081 1054 391
f 1056 1054 1051
f 100 101 1521
f 1348 1522 1534
f 1366 1191 1190
f 125 124 123
f 125 215 220
f 516 572 574
f 140 136 135
f 508 509 511
f 515 519 532
f 773 532 519
f 226 227 254
f 254 245 226
f 259 230 229
f 229 246 259
f 239 245 254
f 259 246 242
f 265 247 243
f 243 260 265
f 247 265 266
f 441 442 652
f 652 651 441
f 653 652 442
f 300 301 309
f 302 301 300
f 320 304 303
f 300 309 318
f 312 317 318
f 318 317 314
f 325 333 369
f 1618 1621 1623
f 325 369 370
f 1621 1622 1623
f 319 1636 1647
f 1633 1634 1636
f 370 337 325
f 327 328 330
f 337 328 327
f 328 337 370
f 328 370 392
f 329 331 332
f 329 332 338
f 392 373 328
f 372 373 392
f 376 378 388
f 393 383 382
f 385 386 391
f 383 393 1110
f 1110 1060 383
f 1058 1060 1062
f 1080 1062 1060
f 1110 1080 1060
f 1114 1111 1110
f 1110 1113 1114
f 1063 1061 1059
f 1061 1063 1064
f 409 407 406
f 407 409 525
f 525 408 407
f 697 451 450
f 552 434 431
f 431 543 552
f 552 435 434
f 543 548 552
f 435 552 778
f 548 549 552
f 566 552 549
f 552 569 783
f 780 778 552
f 783 780 552
f 854 438 437
f 437 439 855
f 855 854 437
f 854 853 438
f 439 440 856
f 856 855 439
f 497 498 951
f 952 499 497
f 497 951 952
f 498 949 950
f 498 950 951
f 440 443 871
f 871 856 440
f 955 500 499
f 499 952 955
f 443 444 925
f 925 871 443
f 970 501 500
f 500 955 970
f 444 445 905
f 444 905 925
f 967 502 501
f 970 967 501
f 445 446 906
f 906 905 445
f 968 503 502
f 502 967 968
f 446 681 909
f 909 906 446
f 969 504 503
f 503 968 969
f 1123 826 504
f 504 969 1123
f 1014 909 681
f 681 1013 1014
f 697 452 451
f 697 459 452
f 459 697 721
f 721 719 459
f 721 720 719
f 721 491 456
f 456 491 492
f 456 720 721
f 721 494 491
f 494 721 800
f 727 725 703
f 746 722 708
f 478 477 475
f 723 478 475
f 478 723 729
f 731 723 709
f 730 729 723
f 731 730 723
f 493 494 800
f 1123 1122 826
f 773 758 532
f 773 767 758
f 592 604 607
f 640 642 643
f 592 607 609
f 644 642 640
f 630 631 655
f 655 645 630
f 639 645 655
f 684 672 671
f 671 680 684
f 684 680 677
f 707 715 746
f 746 739 707
f 750 739 726
f 728 746 747
f 709 711 732
f 732 731 709
f 711 717 749
f 749 732 711
f 1908 1936 1954
f 741 742 750
f 752 750 742
f 769 803 807
f 809 803 769
f 821 798 797
f 829 821 797
f 798 821 830
f 821 829 830
f 1996 1997 1998
f 835 837 841
f 1126 837 835
f 835 1056 1155
f 1132 1126 835
f 1155 1132 835
f 1051 1053 1056
f 1056 1084 1103
f 1056 1103 1104
f 1056 1104 1156
f 1156 1155 1056
f 1126 1127 1129
f 1132 1127 1126
f 1137 1138 1155
f 1162 1161 1160
f 2001 2000 1999
f 1161 1162 1869
f 872 867 857
f 858 869 873
f 863 861 859
f 863 862 859
f 866 863 859
f 887 866 859
f 865 863 860
f 860 863 866
f 864 863 860
f 860 866 889
f 861 863 953
f 862 863 953
f 863 864 954
f 863 865 954
f 863 866 953
f 954 866 863
f 866 887 953
f 954 889 866
f 899 880 868
f 899 893 880
f 882 894 901
f 902 898 883
f 890 888 885
f 892 890 885
f 891 890 886
f 886 890 895
f 886 895 896
f 888 890 962
f 890 891 964
f 890 895 962
f 964 895 890
f 890 892 962
f 890 892 895
f 962 895 892
f 964 896 895
f 895 962 964
f 923 908 907
f 907 908 910
f 907 918 923
f 922 911 910
f 919 914 912
f 924 919 912
f 914 919 930
f 914 915 919
f 913 915 917
f 919 917 913
f 919 917 915
f 917 919 921
f 919 924 930
f 937 921 919
f 937 919 913
f 919 915 913
f 944 929 916
f 944 934 929
f 927 935 947
f 948 942 928
f 939 933 931
f 946 933 931
f 931 938 939
f 931 938 946
f 946 939 931
f 932 933 939
f 946 936 933
f 943 938 932
f 939 938 932
f 938 939 943
f 938 939 946
f 938 943 946
f 932 939 946
f 946 943 939
f 932 941 943
f 990 992 998
f 1069 1071 1072
f 1069 1070 1071
f 1088 1090 1103
f 1097 1098 1104
f 1144 1145 1156
f 1061 1062 1080
f 1065 1066 1074
f 1065 1074 1076
f 1077 1076 1074
f 1083 1075 1068
f 1086 1079 1075
f 1075 1083 1086
f 1085 1073 1072
f 1109 1108 1073
f 1073 1085 1109
f 1119 1109 1085
f 1095 1109 1119
f 1114 1112 1111
f 1094 1119 2006
f 1094 1095 1119
f 1121 1119 1117
f 1117 1119 1120
f 1116 1117 1120
f 2006 1102 1094
f 2096 1106 1102
f 1102 2006 2096
f 2006 2010 2015
f 2012 2010 2006
f 2006 2028 2096
f 2096 1151 1106
f 2096 2030 1151
f 2028 2071 2096
f 2051 2096 2145
f 2110 2096 2071
f 2096 2110 2145
f 2030 1158 1151
f 1115 1114 1113
f 2008 2007 2005
f 2013 2008 2005
f 2007 2008 2009
f 1117 1118 1121
f 2012 2011 2010
f 1138 1129 1127
f 1139 1138 1137
f 2147 1133 1131
f 1869 1162 1133
f 2146 1159 1154
f 1873 2147 2148
f 2159 2153 2147
f 2059 2046 2030
f 2160 2150 2146
f 1368 1251 1250
f 1176 1175 1174
f 1188 1176 1174
f 1174 1181 1188
f 1177 1178 1179
f 1177 1179 1204
f 1204 1194 1177
f 1208 1206 1202
f 1214 1197 1196
f 1187 1195 1314
f 1195 1200 1314
f 1315 1314 1200
f 1200 1201 1315
f 1317 1315 1201
f 1329 1317 1201
f 1212 1213 1334
f 1318 1316 1212
f 1334 1318 1212
f 1213 1330 1332
f 1213 1332 1334
f 1334 1333 1318
f 1330 1331 1332
f 1215 1219 1222
f 1223 1222 1219
f 1229 1220 1218
f 1224 1227 1230
f 1231 1230 1227
f 1227 1228 1231
f 1250 1254 1368
f 1302 1277 1271
f 1282 1284 1286
f 1273 1285 1292
f 1294 1292 1285
f 1290 1296 1306
f 1294 1293 1292
f 1279 1278 1276
f 1340 1279 1276
f 1276 1281 1340
f 1281 1300 1341
f 1341 1340 1281
f 1300 1301 1341
f 1307 1287 1283
f 1297 1296 1295
f 1296 1297 1306
f 1344 1346 1381
f 1664 1667 1672
f 1672 1667 1665
f 1398 1428 1545
f 1415 1410 1408
f 1408 1412 1415
f 1410 1414 1429
f 1415 1414 1410
f 1414 1415 1416
f 1414 1416 1466
f 1466 1429 1414
f 1465 1433 1424
f 1421 1425 1435
f 1435 1434 1421
f 1425 1427 1443
f 1443 1435 1425
f 1447 1442 1424
f 1475 1447 1426
f 1446 1443 1427
f 1463 1446 1427
f 1476 1480 1483
f 1483 1482 1476
f 1452 1450 1449
f 1499 1452 1449
f 1449 1498 1499
f 1451 1456 1559
f 1454 1478 1495
f 1490 1491 1493
f 1496 1493 1491
f 1580 1496 1491
f 1580 1568 1496
f 1568 1580 1581
f 1567 1568 1581
f 1736 1738 1739
f 1739 1738 1737
f 1539 1529 1528
f 1745 1540 1529
f 1744 1743 1540
f 1745 1744 1540
f 1529 1539 1745
f 1756 1745 1539
f 1758 1756 1539
f 2101 1758 1539
f 1745 1756 1759
f 1763 1762 1758
f 2101 1778 1758
f 2101 1779 1778
f 2101 1783 1779
f 1783 2101 2102
f 1654 1656 1659
f 1656 1658 1659
f 1651 1650 1633
f 1634 1648 1649
f 1739 1742 1747
f 1687 1682 1681
f 1692 1691 1687
f 1691 1684 1683
f 1685 1692 1740
f 1748 1757 1760
f 1749 1765 1769
f 2020 2018 2017
f 2021 2020 2017
f 1755 1780 1788
f 1797 1752 1751
f 1754 1772 1800
f 1782 1791 1842
f 2100 2097 1782
f 1767 1778 1784
f 1786 1785 1779
f 1795 1794 1783
f 1785 1786 1790
f 2100 2098 2097
f 2100 2118 2119
f 2124 1796 1795
f 2124 2121 2119
f 2119 2120 2124
f 1805 1804 1802
f 1805 1819 1844
f 1805 2080 2081
f 2063 2062 2060
f 2066 2063 2060
f 1803 1806 1807
f 2082 2080 2076
f 1809 1808 1807
f 2077 2083 2084
f 1846 1845 1844
f 1849 1848 1847
f 1848 1821 1820
f 2078 2079 2083
f 1828 1827 1815
f 1816 1827 1830
f 1834 1830 1827
f 1830 1834 1838
f 2142 2090 2089
f 1836 1834 1829
f 1833 1838 1839
f 2120 2119 2118
f 2141 2140 2139
f 2142 2143 2144
f 2163 2162 2148
f 1936 1949 1958
f 1978 1975 1971
f 1979 1978 1971
f 1959 1949 1948
f 1959 1958 1949
f 1957 1958 1959
f 1948 1956 1959
f 1995 1991 1989
f 1989 1994 1995
f 1993 2002 2004
f 2151 2032 1993
f 1993 2032 2111
f 2149 2033 2032
f 2032 2044 2111
f 2112 2111 2039
f 2111 2044 2039
f 2151 2152 2156
f 2161 2162 2163
f 2008 2013 2014
f 2016 2015 2010
f 2024 2025 2028
f 2025 2027 2028
f 2020 2019 2018
f 2025 2024 2023
f 2020 2021 2022
f 2025 2026 2027
f 2062 2063 2064
f 2068 2069 2070
f 2071 2070 2069
f 2073 2071 2069
f 2149 2034 2033
f 2044 2045 2054
f 2048 2047 2039
f 2131 2132 2134
f 2129 2131 2134
f 2135 2132 2131
f 2110 2133 2145
f 2135 2133 2132
f 2063 2066 2067
f 2069 2072 2073
f 2105 2104 2103
f 2115 2114 2113
f 2105 2106 2107
f 2109 2115 2116
f 2117 2116 2115
f 2127 2126 2125
f 2136 2137 2138
f 3 2 1 4
f 6 4 1 5
f 2 3 12 7
f 18 12 3 29
f 27 6 5 26
f 9 8 7 12
f 8 9 11 10
f 10 11 16 13
f 20 16 11 17
f 15 14 13 16
f 14 15 22 21
f 15 16 20 19
f 15 19 24 22
f 17 18 23 20
f 18 30 51 52
f 219 23 18 52
f 21 22 397 394
f 22 24 400 397
f 400 24 23 505
f 27 26 25 28
f 45 28 25 44
f 51 30 28 45
f 54 33 31 50
f 31 33 118 117
f 32 38 138 122
f 1437 38 32 1430
f 53 34 33 54
f 33 34 119 118
f 81 43 34 53
f 34 43 128 119
f 41 37 35 39
f 1404 39 35 1401
f 36 40 142 139
f 38 87 275 138
f 1312 1193 38 1437
f 1326 87 38 1193
f 1405 41 39 1404
f 40 42 143 142
f 43 81 112 97
f 43 97 250 128
f 48 45 44 46
f 46 47 49 48
f 1166 49 47 1163
f 1169 51 49 1166
f 212 54 50 210
f 1362 52 51 1169
f 53 54 212 211
f 216 81 53 211
f 63 56 55 61
f 55 57 65 61
f 67 58 56 63
f 57 58 67 65
f 83 75 59 82
f 59 75 1266 1265
f 1288 82 59 1265
f 60 62 73 72
f 77 64 60 72
f 62 66 78 73
f 78 66 64 77
f 76 69 68 74
f 68 70 79 74
f 80 71 69 76
f 70 71 80 79
f 295 112 81 216
f 1291 83 82 1288
f 218 85 84 217
f 84 85 1323 1322
f 1377 217 84 1322
f 85 218 1366 1323
f 252 221 86 251
f 86 106 255 251
f 116 89 88 115
f 88 104 1338 115
f 90 91 95 94
f 833 92 90 832
f 90 94 834 832
f 1525 95 91 1524
f 91 92 1536 1524
f 92 833 1996 1536
f 834 94 93 838
f 93 308 842 838
f 93 95 1525 1526
f 1530 308 93 1526
f 113 99 96 111
f 96 102 114 111
f 827 102 96 828
f 96 99 831 828
f 1055 103 98 1054
f 101 103 1980 1521
f 846 114 102 827
f 647 287 103 836
f 1057 836 103 1055
f 103 1326 1348 1534
f 104 105 1339 1338
f 107 108 294 293
f 1191 108 107 1190
f 107 293 1366 1190
f 1377 294 108 1191
f 305 307 109 311
f 315 311 109 316
f 315 316 110 313
f 1617 313 110 1335
f 111 114 846 847
f 117 118 212 210
f 118 119 211 212
f 119 128 216 211
f 124 121 120 123
f 214 123 120 213
f 121 124 518 514
f 134 133 122 138
f 215 125 123 214
f 124 125 516 518
f 125 220 572 516
f 126 127 224 222
f 268 137 126 222
f 295 216 128 250
f 129 130 232 231
f 233 131 129 231
f 234 132 131 233
f 133 134 507 506
f 134 138 519 507
f 135 136 509 508
f 136 140 511 509
f 270 141 137 268
f 144 152 163 165
f 167 152 144 168
f 144 165 173 175
f 176 168 144 175
f 145 146 147 148
f 145 148 150 149
f 170 146 145 172
f 145 149 178 172
f 194 147 146 170
f 196 148 147 194
f 203 150 148 196
f 149 150 203 178
f 151 153 155 154
f 158 153 151 157
f 163 152 151 154
f 151 152 167 157
f 160 155 153 159
f 153 158 162 159
f 154 155 156 169
f 164 163 154 169
f 171 156 155 160
f 156 158 157 169
f 162 158 156 171
f 157 167 164 169
f 188 160 159 161
f 192 161 159 162
f 189 171 160 188
f 191 188 161 195
f 161 192 193 195
f 162 171 189 192
f 166 165 163 164
f 164 167 168 166
f 165 166 174 173
f 166 168 176 174
f 170 172 186 185
f 170 185 204 194
f 172 178 187 186
f 173 174 177 181
f 207 175 173 181
f 174 176 183 177
f 183 176 175 207
f 182 181 177 179
f 184 179 177 183
f 206 187 178 203
f 179 180 199 182
f 202 180 179 184
f 180 198 197 199
f 201 198 180 202
f 181 182 208 207
f 182 199 209 208
f 183 207 208 184
f 209 202 184 208
f 190 189 188 191
f 193 192 189 190
f 197 198 190 191
f 190 198 201 193
f 191 195 200 197
f 200 195 193 201
f 205 196 194 204
f 206 203 196 205
f 209 199 197 200
f 200 201 202 209
f 525 505 219 576
f 221 252 257 292
f 225 223 222 224
f 222 223 269 268
f 223 225 235 228
f 223 228 272 269
f 230 227 226 229
f 246 229 226 245
f 227 231 232 254
f 233 231 227 230
f 274 272 228 273
f 228 235 277 273
f 234 233 230 259
f 249 237 236 248
f 236 237 284 283
f 286 248 236 283
f 237 249 289 284
f 238 240 244 241
f 256 240 238 253
f 238 241 258 253
f 246 245 239 242
f 241 244 261 258
f 243 247 442 441
f 651 260 243 441
f 247 266 653 442
f 262 264 322 321
f 335 263 262 321
f 336 267 263 335
f 268 269 271 270
f 276 271 269 272
f 272 274 278 276
f 279 274 273 285
f 273 277 288 285
f 281 278 274 279
f 279 280 282 281
f 279 285 290 280
f 622 282 280 618
f 280 290 646 618
f 283 284 637 636
f 649 286 283 636
f 285 288 291 290
f 290 291 648 646
f 301 299 296 297
f 306 297 296 305
f 296 298 307 305
f 309 301 297 306
f 299 301 302 303
f 323 302 300 333
f 300 318 369 333
f 320 303 302 323
f 305 311 312 306
f 318 309 306 312
f 317 312 311 315
f 317 315 313 314
f 1618 314 313 1617
f 1623 318 314 1618
f 1704 369 318 1623
f 319 371 1709 1636
f 1712 371 319 1647
f 320 323 324 326
f 323 333 325 324
f 329 326 324 327
f 324 325 337 327
f 338 334 326 329
f 331 329 327 330
f 374 330 328 373
f 375 331 330 374
f 376 332 331 375
f 388 338 332 376
f 347 340 339 346
f 339 340 1019 1017
f 1022 346 339 1017
f 340 347 1024 1019
f 341 342 344 343
f 349 342 341 348
f 351 344 342 349
f 343 344 351 350
f 345 352 365 361
f 345 361 978 971
f 353 354 357 355
f 353 355 367 359
f 1049 358 356 1048
f 356 389 1105 1048
f 368 363 359 367
f 360 361 365 364
f 366 362 360 364
f 978 361 360 977
f 360 362 979 977
f 980 979 362 985
f 362 366 989 985
f 1708 370 369 1704
f 1711 392 370 1708
f 374 373 372 379
f 381 379 372 382
f 372 392 393 382
f 377 375 374 379
f 378 376 375 377
f 377 379 381 384
f 385 378 377 384
f 391 388 378 385
f 380 381 382 383
f 384 381 380 387
f 380 383 1060 1058
f 1064 387 380 1058
f 386 385 384 387
f 386 387 1064 1063
f 1081 391 386 1063
f 389 390 1107 1105
f 1732 393 392 1711
f 2005 1110 393 1732
f 398 396 394 397
f 395 396 398 399
f 395 399 406 403
f 401 398 397 400
f 402 399 398 401
f 399 402 409 406
f 402 505 525 409
f 407 405 403 406
f 404 405 407 408
f 404 408 450 447
f 697 450 408 525
f 410 417 412 526
f 410 411 418 417
f 410 526 527 529
f 530 411 410 529
f 423 418 411 419
f 541 419 411 530
f 412 417 415 413
f 462 414 413 415
f 414 462 463 698
f 415 417 418 416
f 415 416 464 462
f 416 418 423 424
f 416 424 481 464
f 419 420 427 423
f 542 420 419 541
f 420 421 428 427
f 545 421 420 542
f 421 422 429 428
f 546 422 421 545
f 430 429 422 544
f 547 544 422 546
f 425 424 423 427
f 424 425 482 481
f 425 427 428 426
f 425 426 483 482
f 426 428 429 432
f 426 432 487 483
f 429 430 433 432
f 430 431 434 433
f 430 544 543 431
f 432 433 436 487
f 433 434 435 436
f 779 436 435 778
f 488 487 436 779
f 437 438 498 497
f 499 439 437 497
f 949 498 438 853
f 500 440 439 499
f 501 443 440 500
f 502 444 443 501
f 503 445 444 502
f 504 446 445 503
f 446 504 826 681
f 451 448 447 450
f 452 449 448 451
f 449 452 454 453
f 719 454 452 459
f 453 454 458 457
f 720 458 454 719
f 455 456 492 489
f 720 456 455 718
f 457 458 720 718
f 460 465 474 468
f 705 466 461 700
f 467 463 462 464
f 699 698 463 706
f 463 467 710 706
f 484 467 464 481
f 725 474 465 703
f 466 705 708 722
f 467 484 775 710
f 479 470 469 476
f 736 473 471 480
f 472 721 496 495
f 735 479 476 724
f 480 734 742 736
f 481 482 485 484
f 482 483 486 485
f 488 486 483 487
f 484 485 776 775
f 485 486 777 776
f 486 488 782 777
f 488 779 781 782
f 493 490 489 492
f 490 493 800 799
f 493 492 491 494
f 506 507 519 515
f 510 513 616 614
f 626 517 510 614
f 512 521 794 772
f 514 518 575 573
f 575 518 516 574
f 627 520 517 626
f 519 632 824 773
f 521 522 795 794
f 634 524 523 635
f 673 556 524 634
f 525 576 811 697
f 531 529 527 528
f 537 531 528 534
f 533 530 529 531
f 530 533 553 541
f 538 533 531 537
f 533 538 558 553
f 534 536 539 537
f 539 536 535 759
f 535 701 713 759
f 540 538 537 539
f 538 540 561 558
f 539 759 760 540
f 786 561 540 760
f 554 542 541 553
f 555 545 542 554
f 543 544 547 548
f 551 546 545 555
f 550 547 546 551
f 549 548 547 550
f 549 550 564 566
f 550 551 565 564
f 551 555 560 565
f 552 566 567 569
f 559 554 553 558
f 560 555 554 559
f 674 557 556 673
f 562 559 558 561
f 563 560 559 562
f 571 565 560 563
f 787 562 561 786
f 788 563 562 787
f 792 571 563 788
f 567 566 564 568
f 564 565 571 568
f 570 569 567 568
f 568 571 792 570
f 569 570 784 783
f 785 784 570 792
f 581 578 577 580
f 577 578 660 659
f 662 580 577 659
f 582 579 578 581
f 578 579 661 660
f 579 582 595 584
f 579 584 665 661
f 663 581 580 662
f 664 582 581 663
f 668 595 582 664
f 583 584 595 594
f 597 585 583 594
f 665 584 583 666
f 583 585 667 666
f 585 586 588 667
f 596 586 585 597
f 586 587 589 588
f 598 587 586 596
f 603 589 587 598
f 588 589 603 602
f 670 667 588 602
f 592 593 590 604
f 590 591 609 604
f 590 593 640 643
f 644 591 590 643
f 591 593 592 609
f 640 593 591 644
f 594 595 668 669
f 670 597 594 669
f 603 598 596 602
f 596 597 670 602
f 599 600 606 605
f 610 601 599 605
f 600 601 610 606
f 608 607 604 611
f 604 609 612 611
f 612 609 607 608
f 608 611 643 642
f 608 642 644 612
f 644 643 611 612
f 613 614 616 615
f 613 615 623 619
f 626 614 613 625
f 613 619 629 625
f 622 618 617 621
f 617 619 623 621
f 629 619 617 620
f 617 618 646 620
f 620 624 633 629
f 620 646 648 624
f 627 626 625 628
f 625 629 633 628
f 672 631 630 671
f 630 645 680 671
f 631 634 635 655
f 673 634 631 672
f 632 647 836 824
f 636 637 679 676
f 682 649 636 676
f 637 650 685 679
f 656 641 638 654
f 638 641 678 675
f 683 654 638 675
f 680 645 639 677
f 657 658 975 973
f 1018 689 657 973
f 659 660 663 662
f 660 661 664 663
f 668 664 661 665
f 665 666 669 668
f 666 667 670 669
f 674 673 672 684
f 675 678 686 683
f 676 679 685 682
f 681 826 1122 1013
f 820 688 687 819
f 687 694 822 819
f 1021 690 689 1018
f 1043 692 691 1046
f 691 693 1047 1046
f 1044 696 692 1043
f 694 695 845 822
f 1908 721 697 811
f 699 706 713 701
f 714 704 702 712
f 715 707 704 714
f 706 710 763 713
f 789 763 710 775
f 760 759 713 763
f 748 745 716 768
f 716 761 762 768
f 1954 800 721 1908
f 755 740 728 747
f 733 750 743 737
f 737 743 806 804
f 738 753 808 805
f 756 744 740 755
f 751 754 769 807
f 757 764 771 766
f 813 764 757 810
f 760 763 789 786
f 764 765 770 771
f 812 765 764 813
f 798 770 765 797
f 817 797 765 812
f 766 771 816 814
f 767 773 1939 1935
f 816 771 770 815
f 770 798 818 815
f 773 824 1987 1939
f 774 796 1922 1914
f 775 776 790 789
f 776 777 791 790
f 777 782 785 791
f 781 779 778 780
f 780 783 784 781
f 785 782 781 784
f 788 791 785 792
f 790 787 786 789
f 791 788 787 790
f 1922 796 793 1920
f 797 817 848 829
f 849 818 798 830
f 799 800 1954 1953
f 801 805 808 802
f 816 813 810 814
f 812 813 816 815
f 812 815 818 817
f 817 818 849 848
f 852 825 823 851
f 824 836 1990 1987
f 1867 844 825 852
f 827 828 847 846
f 828 831 850 847
f 832 834 840 839
f 833 839 1997 1996
f 835 836 1057 1056
f 837 1126 1130 1160
f 1161 841 837 1160
f 1999 840 838 2001
f 838 842 2003 2001
f 839 840 1999 1997
f 841 1161 1869 1868
f 843 844 1867 1866
f 853 854 950 949
f 854 855 951 950
f 855 856 952 951
f 856 871 955 952
f 869 858 857 867
f 864 860 859 861
f 865 860 859 862
f 859 860 889 887
f 954 864 861 953
f 954 865 862 953
f 873 869 867 872
f 881 870 868 880
f 868 870 900 899
f 870 881 897 900
f 871 925 970 955
f 903 876 874 884
f 874 876 961 956
f 963 884 874 956
f 1029 877 875 1026
f 875 957 1135 1026
f 904 879 876 903
f 876 879 960 961
f 1030 878 877 1029
f 1141 959 878 1030
f 879 904 965 960
f 897 881 880 893
f 882 883 898 894
f 966 903 884 963
f 891 886 885 888
f 895 890 885 892
f 885 886 896 892
f 887 889 954 953
f 964 891 888 962
f 892 896 964 962
f 893 899 900 897
f 894 898 902 901
f 965 904 903 966
f 905 906 968 967
f 970 925 905 967
f 906 909 969 968
f 907 910 911 918
f 922 910 908 923
f 1123 969 909 1014
f 923 918 911 922
f 912 914 913 917
f 915 914 912 919
f 912 917 921 924
f 913 914 930 937
f 930 914 915 919
f 937 919 915 913
f 926 920 916 929
f 916 920 945 944
f 920 926 940 945
f 930 924 921 937
f 926 929 934 940
f 927 928 942 935
f 931 933 932 938
f 931 938 943 946
f 932 933 936 941
f 934 944 945 940
f 935 942 948 947
f 936 946 943 941
f 956 961 966 963
f 957 958 1140 1135
f 958 959 1141 1140
f 966 961 960 965
f 981 972 971 978
f 1000 976 972 981
f 973 975 1021 1018
f 974 976 1000 995
f 974 995 1033 1020
f 981 978 977 982
f 977 979 983 982
f 979 980 984 983
f 980 985 987 986
f 990 984 980 986
f 981 982 1001 1000
f 982 983 1002 1001
f 983 984 1003 1002
f 984 990 998 1003
f 991 987 985 989
f 986 988 992 990
f 986 987 1005 988
f 987 991 1008 1005
f 998 992 988 993
f 1006 993 988 1005
f 993 997 1003 998
f 1007 997 993 1006
f 994 995 1000 1001
f 994 1001 1002 996
f 1033 995 994 1032
f 994 996 1034 1032
f 996 1002 1003 997
f 996 997 1007 1034
f 1012 1004 999 1010
f 1004 1012 1040 1037
f 1009 1006 1005 1008
f 1011 1007 1006 1009
f 1039 1034 1007 1011
f 1013 1122 1123 1014
f 1015 1016 1042 1025
f 1125 1016 1015 1124
f 1015 1025 1134 1124
f 1136 1042 1016 1125
f 1017 1019 1024 1022
f 1035 1023 1020 1033
f 1045 1027 1025 1042
f 1025 1027 1143 1134
f 1031 1028 1027 1045
f 1027 1028 1142 1143
f 1028 1031 1146 1142
f 1031 1045 1157 1146
f 1035 1033 1032 1036
f 1032 1034 1039 1036
f 1041 1038 1037 1040
f 1157 1045 1042 1136
f 1053 1051 1050 1052
f 1050 1051 1063 1059
f 1071 1052 1050 1059
f 1051 1054 1081 1063
f 1070 1053 1052 1071
f 1084 1056 1053 1070
f 1057 1055 1054 1056
f 1058 1062 1061 1064
f 1059 1061 1067 1065
f 1059 1065 1076 1071
f 1082 1067 1061 1080
f 1068 1066 1065 1067
f 1066 1068 1075 1074
f 1083 1068 1067 1082
f 1069 1072 1073 1108
f 1088 1070 1069 1089
f 1092 1089 1069 1108
f 1103 1084 1070 1088
f 1078 1072 1071 1076
f 1072 1078 1087 1085
f 1074 1075 1079 1077
f 1076 1077 1079 1078
f 1078 1079 1086 1087
f 1080 1110 1111 1082
f 1112 1083 1082 1111
f 1116 1086 1083 1112
f 1085 1087 1120 1119
f 1120 1087 1086 1116
f 1088 1089 1091 1090
f 1093 1091 1089 1092
f 1090 1091 1096 1097
f 1104 1103 1090 1097
f 1091 1093 1101 1096
f 1094 1093 1092 1095
f 1092 1108 1109 1095
f 1093 1094 1102 1101
f 1098 1097 1096 1099
f 1100 1099 1096 1101
f 1098 1099 1148 1144
f 1156 1104 1098 1144
f 1099 1100 1149 1148
f 1100 1101 1102 1106
f 1100 1106 1151 1149
f 2007 1113 1110 2005
f 1112 1114 1117 1116
f 2009 1115 1113 2007
f 1114 1115 1118 1117
f 2011 1118 1115 2009
f 2012 1121 1118 2011
f 1119 1121 2012 2006
f 1136 1125 1124 1134
f 1126 1129 1128 1130
f 1127 1132 1155 1138
f 1133 1130 1128 1131
f 1128 1129 1138 1153
f 1159 1131 1128 1153
f 1162 1160 1130 1133
f 1131 1159 2146 2147
f 1873 1869 1133 2147
f 1157 1136 1134 1143
f 1147 1139 1137 1145
f 1137 1155 1156 1145
f 1138 1139 1152 1153
f 1139 1147 1150 1152
f 1157 1143 1142 1146
f 1147 1145 1144 1148
f 1147 1148 1149 1150
f 1158 1150 1149 1151
f 1154 1152 1150 1158
f 1159 1153 1152 1154
f 1154 1158 2030 2146
f 1163 1164 1167 1166
f 1164 1165 1168 1167
f 1237 1168 1165 1232
f 1166 1167 1170 1169
f 1167 1168 1171 1170
f 1251 1171 1168 1237
f 1368 1362 1171 1251
f 1172 1173 1198 1186
f 1174 1175 1178 1177
f 1174 1177 1194 1181
f 1175 1176 1179 1178
f 1308 1182 1180 1298
f 1180 1182 1364 1363
f 1369 1298 1180 1363
f 1182 1308 1372 1364
f 1192 1184 1183 1185
f 1206 1192 1185 1202
f 1214 1196 1186 1198
f 1189 1205 1327 1324
f 1189 1324 1377 1365
f 1199 1209 1210 1216
f 1221 1203 1199 1216
f 1379 1327 1205 1367
f 1207 1313 1349 1328
f 1225 1217 1211 1226
f 1229 1218 1217 1225
f 1230 1223 1219 1224
f 1232 1233 1234 1237
f 1236 1234 1233 1235
f 1251 1237 1234 1250
f 1234 1236 1254 1250
f 1387 1236 1235 1386
f 1394 1254 1236 1387
f 1245 1239 1238 1243
f 1238 1240 1247 1243
f 1249 1241 1239 1245
f 1240 1241 1249 1247
f 1242 1244 1258 1257
f 1261 1246 1242 1257
f 1244 1248 1262 1258
f 1262 1248 1246 1261
f 1260 1253 1252 1259
f 1252 1255 1263 1259
f 1264 1256 1253 1260
f 1541 1368 1254 1394
f 1255 1256 1264 1263
f 1265 1266 1291 1288
f 1267 1268 1280 1275
f 1272 1270 1269 1274
f 1271 1275 1280 1302
f 1272 1274 1282 1286
f 1296 1290 1273 1292
f 1283 1299 1304 1307
f 1304 1299 1289 1303
f 1292 1293 1295 1296
f 1293 1294 1297 1295
f 1372 1308 1298 1369
f 1305 1309 1343 1342
f 1305 1342 1380 1370
f 1381 1343 1309 1373
f 1373 1371 1310 1311
f 1403 1311 1310 1402
f 1310 1371 1548 1402
f 1381 1373 1311 1344
f 1503 1344 1311 1403
f 1312 1437 1522 1348
f 1325 1320 1319 1321
f 1319 1320 1375 1374
f 1376 1321 1319 1374
f 1320 1325 1378 1375
f 1347 1325 1321 1345
f 1382 1345 1321 1376
f 1325 1347 1383 1378
f 1335 1337 1619 1617
f 1619 1337 1336 1620
f 1336 1352 1653 1620
f 1504 1346 1344 1503
f 1351 1347 1345 1350
f 1384 1350 1345 1382
f 1596 1381 1346 1504
f 1347 1351 1385 1383
f 1385 1351 1350 1384
f 1352 1353 1655 1653
f 1353 1354 1657 1655
f 1354 1357 1355 1657
f 1355 1357 1358 1666
f 1658 1657 1355 1664
f 1667 1664 1355 1666
f 1356 1666 1358 1359
f 1356 1359 1513 1512
f 1667 1666 1356 1665
f 1356 1512 1736 1665
f 1360 1361 1506 1505
f 1360 1505 1508 1510
f 1391 1387 1386 1388
f 1387 1391 1395 1394
f 1388 1389 1390 1391
f 1393 1390 1389 1392
f 1395 1391 1390 1396
f 1390 1393 1398 1396
f 1411 1393 1392 1409
f 1428 1398 1393 1411
f 1394 1395 1542 1541
f 1395 1396 1543 1542
f 1396 1398 1545 1543
f 1444 1399 1397 1432
f 1397 1399 1546 1544
f 1436 1400 1399 1444
f 1399 1400 1547 1546
f 1497 1406 1400 1436
f 1400 1406 1551 1547
f 1549 1403 1402 1548
f 1595 1503 1403 1549
f 1500 1407 1406 1497
f 1406 1407 1552 1551
f 1407 1500 1523 1507
f 1407 1507 1598 1552
f 1411 1409 1408 1410
f 1428 1411 1410 1429
f 1412 1413 1416 1415
f 1466 1416 1413 1464
f 1417 1418 1422 1420
f 1459 1423 1419 1458
f 1420 1422 1424 1433
f 1440 1438 1423 1459
f 1426 1460 1479 1475
f 1428 1429 1431 1545
f 1470 1431 1429 1466
f 1939 1437 1430 1935
f 1431 1470 1583 1572
f 1571 1444 1432 1555
f 1436 1444 1571 1557
f 1585 1497 1436 1557
f 1437 1939 1987 1522
f 1482 1445 1439 1476
f 1441 1474 1486 1492
f 1494 1455 1448 1481
f 1565 1453 1451 1559
f 1566 1564 1453 1565
f 1457 1488 1576 1578
f 1460 1461 1462 1479
f 1470 1466 1464 1469
f 1486 1474 1467 1468
f 1583 1470 1469 1582
f 1471 1472 1487 1477
f 1576 1487 1473 1574
f 1495 1478 1477 1487
f 1481 1484 1485 1494
f 1562 1560 1489 1577
f 1586 1500 1497 1585
f 1502 1499 1498 1501
f 1607 1523 1500 1586
f 1596 1504 1503 1595
f 1531 1518 1507 1523
f 1507 1518 1600 1598
f 1511 1510 1508 1509
f 1512 1513 1517 1516
f 1512 1516 1738 1736
f 1514 1516 1517 1515
f 1514 1515 1528 1527
f 1738 1516 1514 1737
f 1514 1527 1741 1737
f 1518 1519 1520 1600
f 1532 1519 1518 1531
f 1533 1520 1519 1532
f 1990 1534 1522 1987
f 1608 1531 1523 1607
f 1538 1525 1524 1537
f 1526 1538 2000 2001
f 2003 1530 1526 2001
f 1527 1528 1529 1540
f 1527 1540 1743 1741
f 1533 1532 1531 1608
f 2101 1539 1535 2099
f 1535 1992 2108 2099
f 1998 1537 1536 1996
f 2000 1538 1537 1998
f 1544 1546 1571 1555
f 1546 1547 1557 1571
f 1547 1551 1585 1557
f 1550 1584 1950 1921
f 1551 1552 1586 1585
f 1607 1586 1552 1598
f 1553 1593 1615 1603
f 1616 1594 1554 1604
f 1950 1584 1556 1938
f 1558 1561 1570 1569
f 1579 1561 1558 1563
f 1562 1577 1575 1573
f 1572 1583 1591 1587
f 1591 1583 1582 1589
f 1592 1588 1587 1591
f 1588 1592 1884 1878
f 1592 1591 1589 1590
f 1884 1592 1590 1881
f 1593 1594 1616 1615
f 1597 1602 1610 1605
f 1598 1600 1608 1607
f 1609 1601 1599 1606
f 1609 1606 1605 1610
f 1611 1612 1774 1773
f 1612 1614 1777 1774
f 1777 1614 1613 1781
f 1621 1618 1617 1619
f 1619 1620 1622 1621
f 1654 1622 1620 1653
f 1659 1623 1622 1654
f 1669 1625 1624 1668
f 1624 1625 1700 1699
f 1625 1669 1718 1700
f 1639 1627 1626 1638
f 1626 1629 1642 1638
f 1646 1631 1627 1639
f 1628 1637 1707 1703
f 1629 1631 1646 1642
f 1676 1643 1630 1661
f 1695 1635 1632 1652
f 1632 1635 1706 1705
f 1714 1652 1632 1705
f 1648 1634 1633 1650
f 1633 1636 1709 1710
f 1713 1651 1633 1710
f 1647 1636 1634 1649
f 1677 1641 1640 1673
f 1640 1644 1679 1673
f 1680 1645 1641 1677
f 1647 1649 1697 1698
f 1647 1698 1733 1712
f 1648 1650 1693 1696
f 1697 1649 1648 1696
f 1650 1651 1694 1693
f 1681 1694 1651 1713
f 1652 1686 1688 1695
f 1724 1686 1652 1714
f 1656 1654 1653 1655
f 1658 1656 1655 1657
f 1658 1664 1672 1659
f 1678 1662 1660 1675
f 1660 1670 1689 1675
f 1690 1671 1662 1678
f 1722 1674 1663 1716
f 1739 1672 1665 1736
f 1718 1669 1668 1717
f 1670 1671 1690 1689
f 1748 1719 1672 1739
f 1693 1694 1681 1682
f 1681 1713 1730 1687
f 1691 1683 1682 1687
f 1696 1693 1682 1683
f 1697 1696 1683 1684
f 1692 1685 1684 1691
f 1698 1697 1684 1685
f 1733 1698 1685 1727
f 1750 1727 1685 1740
f 1725 1688 1686 1724
f 1731 1692 1687 1730
f 1692 1731 1750 1740
f 1699 1700 1702 1701
f 1721 1702 1700 1718
f 1728 1711 1708 1723
f 1711 1728 1735 1732
f 1734 1715 1712 1733
f 1721 1718 1717 1720
f 1749 1726 1719 1748
f 1723 1726 1753 1728
f 1726 1749 1755 1753
f 1734 1733 1727 1729
f 1799 1735 1728 1753
f 1732 1735 2017 2005
f 1735 1799 2060 2017
f 1742 1739 1737 1741
f 1739 1747 1757 1748
f 1741 1743 1744 1742
f 1742 1744 1746 1747
f 1744 1745 1759 1746
f 1757 1747 1746 1761
f 1746 1759 1762 1761
f 1765 1749 1748 1760
f 1780 1755 1749 1769
f 1751 1754 1800 1797
f 1752 1797 2061 2029
f 1753 1755 1782 1799
f 1791 1782 1755 1788
f 1756 1758 1762 1759
f 1757 1761 1764 1760
f 1767 1763 1758 1778
f 1760 1764 1766 1765
f 1761 1762 1763 1764
f 1766 1764 1763 1767
f 1765 1766 1768 1769
f 1766 1767 1784 1768
f 1780 1769 1768 1787
f 1768 1784 1785 1787
f 2041 1771 1770 2040
f 2043 1776 1771 2041
f 2074 1800 1772 2031
f 1775 1776 2043 2042
f 1778 1779 1785 1784
f 1779 1783 1794 1786
f 1780 1787 1789 1788
f 2060 1799 1782 2097
f 1782 1842 2118 2100
f 2124 1795 1783 2102
f 1789 1787 1785 1790
f 1792 1790 1786 1794
f 1788 1789 1793 1791
f 1789 1790 1792 1793
f 1791 1793 1843 1842
f 1792 1794 1795 1796
f 1843 1793 1792 1796
f 2120 1843 1796 2124
f 1801 1798 1797 1800
f 1797 1798 2065 2061
f 1798 1801 1819 1805
f 1798 1805 2081 2065
f 2075 1801 1800 2074
f 2091 1819 1801 2075
f 1806 1803 1802 1804
f 1802 1803 2077 2076
f 2080 1805 1802 2076
f 1803 1807 2083 2077
f 1804 1805 1844 1845
f 1847 1806 1804 1845
f 1848 1807 1806 1847
f 1820 1809 1807 1848
f 1807 1808 2078 2083
f 1808 1809 1811 1810
f 1808 1810 2085 2078
f 1824 1811 1809 1820
f 1810 1811 1812 1813
f 1810 1813 2086 2085
f 1823 1812 1811 1824
f 1814 1813 1812 1822
f 1835 1822 1812 1823
f 1813 1814 1818 2086
f 1814 1815 1817 1818
f 1814 1822 1828 1815
f 1816 1817 1815 1827
f 1831 1817 1816 1830
f 1832 1818 1817 1831
f 2088 2086 1818 1832
f 2139 1844 1819 2091
f 1820 1821 1825 1824
f 2094 1825 1821 2089
f 1821 1848 2142 2089
f 1829 1828 1822 1835
f 1823 1824 1825 1826
f 1823 1826 1837 1835
f 2095 1826 1825 2094
f 1840 1837 1826 2095
f 1827 1828 1829 1834
f 1829 1835 1837 1836
f 1833 1831 1830 1838
f 1841 1832 1831 1833
f 1832 1841 2093 2088
f 1833 1839 1840 1841
f 1834 1836 1839 1838
f 1836 1837 1840 1839
f 1840 2095 2093 1841
f 1842 1843 2120 2118
f 2140 1846 1844 2139
f 1845 1846 1849 1847
f 2143 1849 1846 2140
f 1848 1849 2143 2142
f 1853 1851 1850 1852
f 1860 1852 1850 1858
f 1851 1853 1856 1854
f 1856 1853 1852 1857
f 1865 1857 1852 1860
f 1857 1855 1854 1856
f 1855 1857 1865 1863
f 1858 1859 1861 1860
f 1864 1861 1859 1862
f 1860 1861 1864 1865
f 1862 1863 1865 1864
f 1868 1869 1873 1872
f 1870 1871 1966 1964
f 1974 1966 1871 1977
f 1872 1873 2148 1981
f 1874 1886 1900 1896
f 1875 1887 1893 1892
f 1894 1888 1875 1892
f 1901 1895 1876 1897
f 1877 1878 1884 1883
f 1885 1879 1877 1883
f 1893 1887 1879 1885
f 1884 1881 1880 1883
f 1885 1883 1880 1882
f 1893 1885 1882 1890
f 1886 1895 1901 1900
f 1888 1894 1946 1929
f 1889 1892 1893 1890
f 1894 1892 1889 1891
f 1946 1894 1891 1943
f 1984 1904 1898 1965
f 1899 1907 1985 1973
f 1902 1903 2036 2035
f 1903 1906 2038 2036
f 1985 1907 1904 1984
f 2038 1906 1905 2037
f 1909 1910 1913 1912
f 1934 1910 1909 1932
f 1910 1911 1915 1913
f 1933 1911 1910 1934
f 1928 1915 1911 1927
f 1951 1927 1911 1933
f 1912 1913 1941 1937
f 1913 1915 1940 1941
f 1915 1928 1952 1940
f 1919 1917 1916 1918
f 1962 1918 1916 1960
f 1917 1919 1925 1923
f 1925 1919 1918 1926
f 1970 1926 1918 1962
f 1926 1924 1923 1925
f 1924 1926 1970 1968
f 1975 1928 1927 1971
f 1927 1951 1986 1971
f 1988 1952 1928 1975
f 1945 1930 1929 1946
f 1947 1931 1930 1945
f 1949 1936 1931 1947
f 1941 1934 1932 1937
f 1933 1934 1941 1940
f 1933 1940 1952 1951
f 1957 1954 1936 1958
f 1946 1943 1942 1945
f 1947 1945 1942 1944
f 1949 1947 1944 1948
f 1951 1952 1988 1986
f 1953 1954 1957 1955
f 1959 1956 1955 1957
f 1960 1961 1963 1962
f 1969 1963 1961 1967
f 1962 1963 1969 1970
f 1967 1968 1970 1969
f 1991 1979 1971 1986
f 1972 1974 1977 1976
f 1975 1978 1989 1988
f 1978 1979 1983 1982
f 1978 1982 1994 1989
f 2162 2002 1981 2148
f 1982 1983 1995 1994
f 1986 1988 1989 1991
f 1992 1993 2111 2108
f 1993 2004 2152 2151
f 2000 1998 1997 1999
f 2161 2004 2002 2162
f 2158 2152 2004 2161
f 2018 2013 2005 2017
f 2006 2015 2024 2028
f 2011 2009 2008 2010
f 2016 2010 2008 2014
f 2019 2014 2013 2018
f 2023 2016 2014 2019
f 2015 2016 2023 2024
f 2062 2021 2017 2060
f 2019 2020 2025 2023
f 2020 2022 2026 2025
f 2064 2022 2021 2062
f 2068 2026 2022 2064
f 2070 2027 2026 2068
f 2071 2028 2027 2070
f 2030 2096 2051 2059
f 2030 2046 2160 2146
f 2032 2033 2045 2044
f 2156 2149 2032 2151
f 2033 2034 2056 2045
f 2057 2056 2034 2155
f 2034 2149 2154 2155
f 2039 2044 2054 2048
f 2039 2047 2130 2112
f 2055 2054 2045 2056
f 2058 2057 2046 2059
f 2046 2057 2155 2160
f 2047 2048 2049 2050
f 2047 2050 2131 2130
f 2055 2049 2048 2054
f 2053 2050 2049 2052
f 2058 2052 2049 2055
f 2050 2053 2135 2131
f 2053 2052 2051 2145
f 2058 2059 2051 2052
f 2133 2135 2053 2145
f 2055 2056 2057 2058
f 2060 2097 2103 2066
f 2061 2065 2075 2074
f 2068 2064 2063 2069
f 2063 2067 2072 2069
f 2091 2075 2065 2081
f 2104 2067 2066 2103
f 2113 2072 2067 2104
f 2071 2073 2114 2110
f 2114 2073 2072 2113
f 2076 2077 2084 2082
f 2087 2079 2078 2085
f 2079 2087 2092 2090
f 2142 2083 2079 2090
f 2091 2081 2080 2139
f 2080 2082 2141 2139
f 2082 2084 2144 2141
f 2144 2084 2083 2142
f 2085 2086 2088 2087
f 2087 2088 2093 2092
f 2089 2090 2092 2094
f 2095 2094 2092 2093
f 2097 2098 2105 2103
f 2098 2100 2106 2105
f 2111 2101 2099 2108
f 2126 2106 2100 2119
f 2124 2102 2101 2122
f 2101 2111 2128 2122
f 2104 2105 2115 2113
f 2105 2107 2117 2115
f 2127 2107 2106 2126
f 2138 2117 2107 2127
f 2109 2110 2114 2115
f 2133 2110 2109 2132
f 2109 2116 2137 2132
f 2111 2112 2130 2128
f 2116 2117 2138 2137
f 2119 2121 2125 2126
f 2121 2124 2122 2123
f 2121 2123 2129 2134
f 2136 2125 2121 2134
f 2129 2123 2122 2128
f 2138 2127 2125 2136
f 2128 2130 2131 2129
f 2136 2134 2132 2137
f 2140 2141 2144 2143
f 2159 2147 2146 2150
f 2163 2148 2147 2153
f 2157 2154 2149 2156
f 2150 2160 2155 2154
f 2150 2154 2157 2159
f 2157 2156 2152 2158
f 2157 2158 2153 2159
f 2161 2163 2153 2158
