v 0.400146 -0.359619 -0.497314
v 0.383057 -0.367920 -0.497314
v 0.383057 -0.363525 -0.436768
v 0.397217 -0.356689 -0.436768
v 0.390381 -0.356689 -0.430908
v 0.232666 -0.361572 -0.497314
v 0.225830 -0.353760 -0.497314
v 0.225830 -0.349854 -0.449463
v 0.225830 -0.343994 -0.443604
v 0.218018 -0.363037 -0.497314
v 0.218018 -0.357178 -0.443115
v 0.218018 -0.351318 -0.437744
v 0.232666 -0.357666 -0.436768
v 0.232666 -0.351318 -0.430908
v 0.133545 -0.359619 -0.497314
v 0.125732 -0.352295 -0.497314
v 0.133545 -0.357666 -0.440674
v 0.125732 -0.346436 -0.442139
v 0.133545 -0.351807 -0.434814
v 0.218018 -0.282959 -0.442139
v 0.225830 -0.278564 -0.497314
v 0.225830 -0.276611 -0.447998
v 0.219971 -0.270752 -0.442139
v 0.218018 -0.276611 -0.449951
v 0.133545 -0.282959 -0.439697
v 0.125732 -0.279053 -0.497314
v 0.133545 -0.277100 -0.447510
v 0.125732 -0.277100 -0.445557
v 0.117920 -0.364502 -0.497314
v 0.117920 -0.363037 -0.437256
v 0.117920 -0.352783 -0.429932
v 0.117920 -0.277100 -0.447998
v 0.123291 -0.271240 -0.442139
v 0.117920 -0.279541 -0.436279
v 0.393799 -0.245850 -0.497314
v 0.387939 -0.237549 -0.497314
v 0.397217 -0.232666 -0.497314
v 0.390869 -0.245850 -0.439209
v 0.385010 -0.237549 -0.453857
v 0.379150 -0.237549 -0.447998
v 0.394287 -0.229736 -0.443604
v 0.388916 -0.229736 -0.437744
v 0.385010 -0.245850 -0.433350
v 0.305420 -0.187256 -0.448975
v 0.310303 -0.181885 -0.448975
v 0.256104 -0.141357 -0.447998
v 0.300537 -0.182861 -0.390869
v 0.306396 -0.177002 -0.390869
v 0.289795 -0.172119 -0.384521
v 0.294678 -0.167236 -0.384521
v 0.251221 -0.141846 -0.384521
v 0.256104 -0.139893 -0.385010
v 0.251221 -0.137939 -0.388428
v 0.251221 -0.141846 -0.349365
v 0.251221 -0.137939 -0.345459
v 0.283936 -0.166260 -0.304443
v 0.288330 -0.162354 -0.304443
v 0.400146 -0.088623 -0.497314
v 0.389893 -0.078369 -0.499756
v 0.399170 -0.073975 -0.497314
v 0.397217 -0.086182 -0.443604
v 0.391846 -0.085693 -0.437744
v 0.385010 -0.078369 -0.444092
v 0.396240 -0.071533 -0.445068
v 0.390869 -0.071045 -0.439209
v 0.353760 -0.062744 -0.388428
v 0.310303 -0.100342 -0.448975
v 0.305420 -0.094971 -0.448975
v 0.278076 -0.107666 -0.447998
v 0.301514 -0.078369 -0.444092
v 0.308350 -0.071533 -0.439209
v 0.284424 -0.119873 -0.385010
v 0.288330 -0.119873 -0.381104
v 0.296143 -0.112061 -0.384521
v 0.306396 -0.105225 -0.390869
v 0.300537 -0.099365 -0.390869
v 0.292236 -0.108154 -0.384521
v 0.255615 -0.113037 -0.382568
v 0.277588 -0.107666 -0.385986
v 0.252197 -0.108154 -0.385010
v 0.296143 -0.063232 -0.388428
v 0.347412 -0.039795 -0.445068
v 0.336670 -0.039795 -0.445068
v 0.346924 -0.013916 -0.445068
v 0.336182 -0.013916 -0.445068
v 0.341064 -0.035400 -0.418701
v 0.341064 -0.035400 -0.407959
v 0.341064 -0.018311 -0.418701
v 0.341064 -0.018311 -0.407959
v 0.307373 -0.040283 -0.445068
v 0.296631 -0.040283 -0.445068
v 0.306885 -0.014404 -0.445068
v 0.296143 -0.014404 -0.445068
v 0.302490 -0.035889 -0.418701
v 0.302490 -0.035889 -0.407959
v 0.302490 -0.018799 -0.418701
v 0.302490 -0.018799 -0.407959
v 0.353760 -0.062744 -0.365479
v 0.288330 -0.119873 -0.343018
v 0.284424 -0.119873 -0.339111
v 0.250732 -0.114014 -0.345459
v 0.296143 -0.063232 -0.365479
v 0.293701 -0.119873 -0.304443
v 0.289795 -0.115967 -0.304443
v 0.347412 -0.039795 -0.374756
v 0.336670 -0.039795 -0.374756
v 0.346924 -0.013916 -0.374756
v 0.336182 -0.013916 -0.374756
v 0.307373 -0.040283 -0.374756
v 0.296631 -0.040283 -0.374756
v 0.306885 -0.014404 -0.374756
v 0.296143 -0.014404 -0.374756
v 0.281982 -0.036377 -0.281494
v 0.278564 -0.039307 -0.281494
v 0.278564 -0.036377 -0.284424
v 0.262451 -0.039307 -0.281494
v 0.262451 -0.036377 -0.284424
v 0.282471 -0.165283 -0.239990
v 0.286865 -0.161377 -0.239990
v 0.260986 -0.143311 -0.197021
v 0.280518 -0.125244 -0.191650
v 0.259033 -0.139893 -0.200928
v 0.274658 -0.143311 -0.169678
v 0.277100 -0.140869 -0.160400
v 0.259521 -0.141357 -0.160400
v 0.281006 -0.138916 -0.164307
v 0.276611 -0.139404 -0.165771
v 0.321045 -0.163818 -0.039795
v 0.324463 -0.159912 -0.040771
v 0.320068 -0.159912 -0.043701
v 0.331299 -0.164795 -0.028076
v 0.337158 -0.164795 -0.004150
v 0.333740 -0.169189 -0.000732
v 0.327881 -0.169189 -0.023682
v 0.322998 -0.163818 -0.025146
v 0.325928 -0.159912 -0.029053
v 0.294678 -0.174072 -0.044189
v 0.298584 -0.169678 -0.044189
v 0.294678 -0.169678 -0.048096
v 0.291260 -0.164795 -0.041748
v 0.286865 -0.169189 -0.041748
v 0.289307 -0.123291 -0.239990
v 0.285400 -0.118896 -0.239990
v 0.277100 -0.123291 -0.195557
v 0.258545 -0.122314 -0.200928
v 0.259521 -0.123779 -0.195557
v 0.276123 -0.121826 -0.165771
v 0.282471 -0.012939 -0.217529
v 0.279053 -0.015869 -0.217529
v 0.281982 -0.036377 -0.155029
v 0.278564 -0.039307 -0.155029
v 0.278564 -0.036377 -0.152100
v 0.262451 -0.039307 -0.155029
v 0.262451 -0.036377 -0.152100
v 0.323486 -0.117432 -0.040771
v 0.319580 -0.117432 -0.043701
v 0.330322 -0.117432 -0.028564
v 0.336182 -0.117432 -0.005127
v 0.325439 -0.117432 -0.029541
v 0.324951 -0.117432 -0.029053
v 0.342529 -0.081299 -0.006592
v 0.330811 -0.073486 -0.004150
v 0.341064 -0.066650 -0.008057
v 0.290771 -0.118896 -0.041748
v 0.286865 -0.114990 -0.041748
v 0.297607 -0.107178 -0.044189
v 0.297607 -0.103271 -0.046143
v 0.293701 -0.107178 -0.048096
v 0.274658 -0.028564 -0.038818
v 0.278076 -0.024170 -0.038818
v 0.257080 -0.029053 -0.038818
v 0.225830 -0.238037 -0.457275
v 0.232666 -0.242432 -0.437744
v 0.225830 -0.242432 -0.447998
v 0.232666 -0.238037 -0.447998
v 0.232666 -0.231689 -0.437744
v 0.223877 -0.187256 -0.448975
v 0.218506 -0.181885 -0.448975
v 0.235107 -0.173584 -0.384521
v 0.228760 -0.182861 -0.390869
v 0.222900 -0.177490 -0.390869
v 0.231201 -0.169189 -0.384521
v 0.158447 -0.160889 -0.448975
v 0.153564 -0.166260 -0.448975
v 0.164307 -0.143311 -0.447998
v 0.158447 -0.138428 -0.447998
v 0.150635 -0.163818 -0.390381
v 0.156006 -0.158447 -0.390381
v 0.150146 -0.158447 -0.384521
v 0.163330 -0.141846 -0.385010
v 0.157959 -0.136475 -0.390869
v 0.140869 -0.155029 -0.385498
v 0.145264 -0.150146 -0.385498
v 0.143799 -0.142334 -0.386963
v 0.239502 -0.168701 -0.304443
v 0.235596 -0.164795 -0.304443
v 0.143799 -0.143799 -0.349854
v 0.143799 -0.139893 -0.345947
v 0.117920 -0.237061 -0.448975
v 0.123779 -0.230713 -0.448975
v 0.116943 -0.236572 -0.422607
v 0.122803 -0.230713 -0.422607
v 0.116455 -0.230713 -0.416748
v 0.097900 -0.197021 -0.417236
v 0.104248 -0.190186 -0.417236
v 0.097412 -0.196533 -0.402588
v 0.103271 -0.189697 -0.402588
v 0.095947 -0.193604 -0.399170
v 0.100342 -0.188721 -0.399170
v 0.121338 -0.166748 -0.448975
v 0.102783 -0.168701 -0.448975
v 0.097412 -0.163330 -0.448975
v 0.120361 -0.166748 -0.422607
v 0.114502 -0.167236 -0.416748
v 0.102783 -0.167725 -0.416748
v 0.111572 -0.156494 -0.385498
v 0.097900 -0.161865 -0.391357
v 0.102783 -0.166260 -0.390381
v 0.102783 -0.160400 -0.384521
v 0.106689 -0.151611 -0.385498
v 0.112549 -0.137451 -0.399170
v 0.101318 -0.137451 -0.402588
v 0.098877 -0.137939 -0.399170
v 0.095947 -0.135498 -0.396240
v 0.071533 -0.141357 -0.346436
v 0.062744 -0.145264 -0.352783
v 0.064209 -0.141846 -0.355713
v 0.068604 -0.145264 -0.345459
v 0.079346 -0.152588 -0.312744
v 0.071533 -0.141357 -0.339111
v 0.068604 -0.145264 -0.340088
v 0.062744 -0.145264 -0.332764
v 0.064209 -0.141846 -0.329346
v 0.094482 -0.156982 -0.298096
v 0.096924 -0.156494 -0.289795
v 0.088135 -0.157471 -0.303955
v 0.079346 -0.158447 -0.306396
v 0.070557 -0.158447 -0.303955
v 0.064209 -0.158936 -0.298096
v 0.088135 -0.161377 -0.275146
v 0.088135 -0.156494 -0.275146
v 0.079346 -0.156494 -0.272705
v 0.071045 -0.162354 -0.275146
v 0.070557 -0.157471 -0.275146
v 0.064209 -0.157959 -0.281006
v 0.099854 -0.151123 -0.301025
v 0.093994 -0.145264 -0.298584
v 0.102783 -0.150146 -0.289795
v 0.096436 -0.144775 -0.290283
v 0.093994 -0.144287 -0.281494
v 0.094482 -0.156006 -0.281006
v 0.099854 -0.149658 -0.278564
v 0.091064 -0.151611 -0.309814
v 0.084717 -0.151611 -0.299072
v 0.079346 -0.152100 -0.300537
v 0.087646 -0.145752 -0.304443
v 0.078857 -0.146240 -0.306885
v 0.090576 -0.151123 -0.289795
v 0.089111 -0.151123 -0.295166
v 0.088135 -0.154053 -0.285889
v 0.089111 -0.150635 -0.284424
v 0.073486 -0.152588 -0.299072
v 0.067627 -0.153076 -0.309814
v 0.070557 -0.146729 -0.304443
v 0.064209 -0.146729 -0.298584
v 0.070557 -0.155029 -0.285889
v 0.069580 -0.152588 -0.295166
v 0.068115 -0.152100 -0.289795
v 0.069580 -0.152100 -0.284424
v 0.064209 -0.146240 -0.281494
v 0.087158 -0.135498 -0.285889
v 0.070068 -0.136475 -0.285889
v 0.091064 -0.150146 -0.270264
v 0.084717 -0.150635 -0.280518
v 0.079346 -0.151123 -0.279053
v 0.079346 -0.150635 -0.266846
v 0.087646 -0.144287 -0.275635
v 0.078857 -0.144775 -0.273193
v 0.088135 -0.154053 -0.264404
v 0.073486 -0.151611 -0.280518
v 0.067627 -0.151123 -0.270264
v 0.070557 -0.145264 -0.275635
v 0.070557 -0.155029 -0.264404
v 0.087158 -0.135498 -0.264404
v 0.070068 -0.136475 -0.264404
v 0.062256 -0.158447 -0.289795
v 0.058838 -0.153076 -0.301025
v 0.055420 -0.153076 -0.289795
v 0.061768 -0.146729 -0.290283
v 0.058838 -0.152100 -0.278564
v 0.223877 -0.095459 -0.448975
v 0.218506 -0.100342 -0.448975
v 0.226807 -0.078369 -0.447998
v 0.232666 -0.078369 -0.437744
v 0.220947 -0.078369 -0.442139
v 0.234131 -0.110596 -0.384521
v 0.222900 -0.105225 -0.390869
v 0.228760 -0.099365 -0.390869
v 0.231201 -0.108643 -0.384521
v 0.156494 -0.114502 -0.448975
v 0.157471 -0.114990 -0.389404
v 0.162842 -0.114990 -0.382568
v 0.143799 -0.122314 -0.385498
v 0.154053 -0.114502 -0.390381
v 0.148682 -0.114990 -0.384521
v 0.244873 -0.120361 -0.339111
v 0.238037 -0.114990 -0.304443
v 0.143311 -0.116455 -0.345947
v 0.123291 -0.124756 -0.442139
v 0.096436 -0.114990 -0.397217
v 0.105713 -0.124268 -0.385498
v 0.101318 -0.116943 -0.384521
v 0.095947 -0.116943 -0.390381
v 0.241455 -0.164795 -0.239990
v 0.237549 -0.160889 -0.239990
v 0.140869 -0.160889 -0.205811
v 0.135498 -0.158936 -0.211182
v 0.156494 -0.156006 -0.213135
v 0.152588 -0.153564 -0.217041
v 0.142822 -0.156006 -0.211182
v 0.144775 -0.150146 -0.215576
v 0.146240 -0.156006 -0.205811
v 0.140381 -0.155029 -0.215576
v 0.138428 -0.155518 -0.216064
v 0.139893 -0.150146 -0.210693
v 0.149170 -0.133545 -0.218506
v 0.152588 -0.132568 -0.214600
v 0.144775 -0.125244 -0.205811
v 0.135010 -0.135498 -0.217529
v 0.131592 -0.135498 -0.213135
v 0.159424 -0.162354 -0.163330
v 0.162354 -0.174072 -0.140381
v 0.160889 -0.162842 -0.129639
v 0.136475 -0.157959 -0.184814
v 0.127197 -0.161865 -0.172607
v 0.138428 -0.164795 -0.161377
v 0.131592 -0.156982 -0.170654
v 0.141357 -0.177002 -0.138428
v 0.139893 -0.165771 -0.128174
v 0.157471 -0.155029 -0.186768
v 0.157471 -0.148682 -0.155029
v 0.153076 -0.129150 -0.180908
v 0.132080 -0.131592 -0.179443
v 0.130127 -0.126221 -0.170654
v 0.136475 -0.151123 -0.153076
v 0.220459 -0.226807 -0.083740
v 0.219482 -0.226807 -0.078369
v 0.204834 -0.229248 -0.111572
v 0.207764 -0.232666 -0.094971
v 0.210693 -0.228760 -0.096436
v 0.201904 -0.232666 -0.109619
v 0.200439 -0.229736 -0.113525
v 0.211670 -0.227295 -0.093506
v 0.216064 -0.231201 -0.081787
v 0.207764 -0.232178 -0.091553
v 0.208740 -0.229248 -0.091553
v 0.174072 -0.225342 -0.110596
v 0.171631 -0.223389 -0.113525
v 0.158447 -0.235596 -0.082275
v 0.163330 -0.236572 -0.066650
v 0.158936 -0.235596 -0.067139
v 0.175049 -0.224854 -0.087646
v 0.157959 -0.232178 -0.086182
v 0.168701 -0.234131 -0.067139
v 0.168213 -0.231689 -0.065674
v 0.159424 -0.230713 -0.066162
v 0.158936 -0.232178 -0.063721
v 0.151123 -0.225830 -0.112061
v 0.149658 -0.228271 -0.108643
v 0.150635 -0.228271 -0.085693
v 0.168213 -0.197510 -0.110107
v 0.169189 -0.196533 -0.111572
v 0.167236 -0.198486 -0.114014
v 0.169189 -0.191650 -0.098389
v 0.147217 -0.200928 -0.112061
v 0.144775 -0.199463 -0.109619
v 0.144287 -0.189697 -0.120850
v 0.146240 -0.199951 -0.108154
v 0.144775 -0.195068 -0.095947
v 0.166260 -0.239014 -0.061768
v 0.162842 -0.237061 -0.056885
v 0.174072 -0.231201 -0.059814
v 0.171143 -0.233643 -0.060791
v 0.168213 -0.231201 -0.055908
v 0.156494 -0.187744 -0.038330
v 0.152100 -0.193604 -0.039795
v 0.152100 -0.192139 -0.034912
v 0.203369 -0.180420 -0.095459
v 0.200928 -0.169189 -0.095459
v 0.212158 -0.179932 -0.085693
v 0.211670 -0.179443 -0.079834
v 0.206299 -0.174561 -0.083740
v 0.206299 -0.174561 -0.078369
v 0.197998 -0.175049 -0.093506
v 0.209229 -0.168701 -0.085693
v 0.208740 -0.169189 -0.079834
v 0.232178 -0.174561 -0.044189
v 0.228271 -0.172607 -0.046143
v 0.240479 -0.169189 -0.041748
v 0.236572 -0.165283 -0.041748
v 0.232178 -0.170654 -0.048096
v 0.165283 -0.187256 -0.122803
v 0.164307 -0.177979 -0.111084
v 0.143311 -0.180908 -0.109131
v 0.157471 -0.128662 -0.087646
v 0.134521 -0.131592 -0.085693
v 0.166260 -0.183838 -0.051025
v 0.163818 -0.184326 -0.062256
v 0.157959 -0.178467 -0.061768
v 0.159912 -0.177979 -0.050537
v 0.163330 -0.182861 -0.046143
v 0.157471 -0.176514 -0.044678
v 0.172607 -0.156982 -0.015381
v 0.168701 -0.160889 -0.011475
v 0.151123 -0.187256 -0.048584
v 0.155518 -0.181396 -0.047119
v 0.149658 -0.178955 -0.062256
v 0.135010 -0.161377 -0.011475
v 0.131104 -0.157471 -0.015381
v 0.172119 -0.136475 -0.015381
v 0.126221 -0.147217 -0.047119
v 0.131104 -0.143311 -0.047119
v 0.154541 -0.125244 -0.061768
v 0.150146 -0.126709 -0.048096
v 0.151123 -0.127197 -0.042236
v 0.146729 -0.127197 -0.046143
v 0.138916 -0.127686 -0.058838
v 0.130615 -0.125732 -0.047119
v 0.152100 -0.130127 -0.027588
v 0.149170 -0.130127 -0.031006
v 0.147217 -0.131104 -0.023193
v 0.131104 -0.137451 -0.015381
v 0.111572 -0.156494 -0.215576
v 0.111084 -0.157959 -0.211182
v 0.110107 -0.162354 -0.206299
v 0.104736 -0.158447 -0.206787
v 0.111572 -0.151611 -0.210693
v 0.106689 -0.151611 -0.215576
v 0.112549 -0.137451 -0.210693
v 0.098877 -0.137939 -0.210693
v 0.095947 -0.135498 -0.210693
v 0.109131 -0.125244 -0.210693
v 0.103760 -0.127686 -0.206787
v 0.071533 -0.141357 -0.239502
v 0.062744 -0.145264 -0.245361
v 0.064209 -0.141846 -0.248779
v 0.068604 -0.145264 -0.238525
v 0.071533 -0.141357 -0.231689
v 0.068604 -0.145264 -0.232666
v 0.062744 -0.145264 -0.225830
v 0.064209 -0.141846 -0.222412
v 0.102295 -0.162842 -0.182373
v 0.097900 -0.158936 -0.184326
v 0.101807 -0.163330 -0.141357
v 0.105225 -0.158447 -0.137939
v 0.084229 -0.164307 -0.158447
v 0.080811 -0.159912 -0.161865
v 0.104736 -0.137939 -0.182373
v 0.096436 -0.128174 -0.184326
v 0.103760 -0.127686 -0.137939
v 0.089600 -0.135986 -0.185303
v 0.074463 -0.136475 -0.164307
v 0.085693 -0.138916 -0.156006
v 0.060303 -0.165283 -0.141846
v 0.057861 -0.160889 -0.146240
v 0.028564 -0.167236 -0.134521
v 0.028564 -0.162354 -0.139404
v 0.054443 -0.137939 -0.150146
v 0.056885 -0.130127 -0.146240
v 0.060791 -0.140381 -0.138428
v 0.027588 -0.142334 -0.130127
v 0.000732 -0.140869 -0.150146
v 0.027588 -0.139404 -0.143799
v 0.027100 -0.132080 -0.139404
v 0.101807 -0.239990 -0.071533
v 0.095459 -0.236572 -0.071045
v 0.089600 -0.240967 -0.072021
v 0.103271 -0.243408 -0.061768
v 0.103271 -0.240967 -0.056885
v 0.096924 -0.239502 -0.061279
v 0.096924 -0.237549 -0.056396
v 0.090576 -0.243896 -0.062256
v 0.091064 -0.241943 -0.057373
v 0.099365 -0.191162 -0.050537
v 0.094971 -0.188721 -0.047119
v 0.100342 -0.197510 -0.041748
v 0.100342 -0.196045 -0.036865
v 0.093994 -0.193604 -0.040283
v 0.093994 -0.192139 -0.035400
v 0.086670 -0.192627 -0.051025
v 0.093018 -0.187744 -0.049072
v 0.087646 -0.198486 -0.042236
v 0.088135 -0.197021 -0.036865
v 0.034912 -0.244873 -0.071533
v 0.022705 -0.245361 -0.070557
v 0.028564 -0.240967 -0.070557
v 0.035400 -0.248291 -0.061279
v 0.034912 -0.245850 -0.056396
v 0.029053 -0.244385 -0.060303
v 0.028564 -0.242432 -0.055420
v 0.022705 -0.248779 -0.060791
v 0.022705 -0.246826 -0.055908
v 0.028076 -0.203369 -0.042725
v 0.015381 -0.203857 -0.042725
v 0.027588 -0.197021 -0.051514
v 0.023193 -0.193604 -0.047119
v 0.021240 -0.193115 -0.050049
v 0.028076 -0.201904 -0.037842
v 0.021729 -0.198975 -0.041260
v 0.015869 -0.202393 -0.037842
v 0.021729 -0.197998 -0.036377
v 0.014893 -0.197998 -0.051514
v 0.069580 -0.164795 -0.119873
v 0.071533 -0.160400 -0.115479
v 0.070068 -0.129639 -0.115479
v 0.082764 -0.148193 -0.047119
v 0.077393 -0.144775 -0.047119
v 0.077393 -0.127197 -0.047119
v 0.092041 -0.134521 -0.031006
v 0.091064 -0.135498 -0.024658
v 0.028564 -0.167236 -0.110107
v 0.028564 -0.162354 -0.105225
v 0.027100 -0.132080 -0.105225
v 0.029053 -0.169189 -0.003174
v 0.029053 -0.156494 -0.003174
v 0.004639 -0.170166 -0.004150
v 0.004639 -0.157471 -0.004150
v 0.018799 -0.133545 -0.061768
v 0.018311 -0.140869 -0.025635
v 0.018799 -0.139893 -0.031006
v 0.238525 -0.115479 -0.239990
v 0.141846 -0.123779 -0.210693
v 0.191650 -0.120850 -0.113525
v 0.199463 -0.120361 -0.092041
v 0.196533 -0.120361 -0.090088
v 0.194580 -0.121826 -0.083740
v 0.194092 -0.121826 -0.077881
v 0.236084 -0.115479 -0.041748
v 0.231201 -0.108154 -0.048096
v 0.227295 -0.108154 -0.044189
v 0.185791 -0.122314 -0.093506
v 0.150146 -0.123291 -0.086182
v 0.152100 -0.123291 -0.058838
v 0.105713 -0.124268 -0.215576
v 0.095947 -0.115479 -0.210693
v 0.089111 -0.115967 -0.185303
v 0.073975 -0.116943 -0.164307
v 0.053955 -0.117920 -0.150146
v 0.027100 -0.119385 -0.143799
v 0.000244 -0.120850 -0.150146
v 0.348389 -0.177002 0.023682
v 0.344971 -0.171143 0.001221
v 0.354248 -0.171143 0.020264
v 0.352295 -0.170654 0.027588
v 0.337158 -0.177002 0.004639
v 0.294678 -0.174072 0.012451
v 0.298584 -0.169678 0.009521
v 0.284912 -0.175049 0.085693
v 0.285400 -0.174561 0.093506
v 0.277588 -0.175537 0.075928
v 0.280518 -0.180908 0.090576
v 0.271729 -0.181396 0.078857
v 0.257080 -0.176514 0.084229
v 0.262451 -0.170654 0.087158
v 0.251221 -0.170654 0.080322
v 0.281494 -0.127197 0.082275
v 0.274170 -0.127686 0.066650
v 0.280518 -0.127686 0.074463
v 0.351318 -0.081299 0.011475
v 0.348877 -0.081299 0.018799
v 0.349854 -0.066650 0.013428
v 0.340088 -0.073486 0.006592
v 0.339600 -0.073486 0.020752
v 0.297607 -0.107178 0.009521
v 0.293701 -0.103271 0.012451
v 0.275146 -0.110107 0.061768
v 0.281494 -0.109619 0.076904
v 0.271240 -0.119873 0.070068
v 0.265869 -0.120361 0.066162
v 0.281006 -0.110107 0.069580
v 0.274170 -0.119873 0.079346
v 0.259521 -0.074463 0.070068
v 0.276611 -0.052490 0.061768
v 0.271729 -0.052979 0.054932
v 0.275635 -0.035400 0.060791
v 0.271240 -0.035400 0.054443
v 0.261963 -0.043213 0.055908
v 0.277100 -0.052490 0.069092
v 0.267822 -0.043213 0.062744
v 0.269287 -0.043213 0.068604
v 0.276123 -0.034912 0.068115
v 0.232178 -0.174561 0.063721
v 0.228271 -0.170654 0.066650
v 0.227295 -0.168213 0.088135
v 0.229736 -0.189209 0.152100
v 0.219971 -0.194580 0.146240
v 0.224365 -0.189697 0.144287
v 0.226318 -0.193604 0.155518
v 0.229736 -0.188232 0.159912
v 0.214600 -0.190674 0.141357
v 0.173096 -0.193604 0.214600
v 0.168213 -0.198486 0.217529
v 0.163330 -0.194580 0.212646
v 0.176514 -0.197510 0.230225
v 0.180908 -0.192627 0.227295
v 0.179932 -0.192627 0.233154
v 0.149658 -0.194092 0.210693
v 0.150146 -0.193115 0.213135
v 0.156006 -0.188721 0.215576
v 0.143799 -0.190674 0.206787
v 0.222900 -0.171143 0.139893
v 0.224365 -0.156982 0.133057
v 0.228271 -0.170654 0.147217
v 0.228271 -0.169678 0.155029
v 0.221436 -0.163818 0.144287
v 0.222900 -0.162842 0.150635
v 0.187744 -0.180908 0.138916
v 0.196045 -0.180420 0.148193
v 0.201416 -0.174561 0.151123
v 0.214600 -0.164307 0.137451
v 0.230713 -0.155518 0.148193
v 0.230225 -0.156006 0.140869
v 0.172607 -0.156982 0.138916
v 0.168701 -0.160889 0.143311
v 0.135010 -0.161377 0.182373
v 0.131104 -0.157471 0.187256
v 0.172119 -0.136475 0.138916
v 0.131104 -0.137451 0.187256
v 0.154541 -0.154541 0.207275
v 0.040771 -0.190674 0.026611
v 0.040283 -0.195557 0.031982
v 0.045654 -0.190186 0.031982
v 0.038818 -0.195557 0.056885
v 0.044189 -0.190186 0.056885
v 0.038330 -0.190674 0.062256
v 0.009521 -0.187744 0.060791
v 0.032959 -0.186768 0.061279
v 0.036377 -0.182861 0.061768
v 0.036377 -0.163330 0.061768
v 0.029053 -0.178955 0.012939
v 0.029053 -0.178955 0.029541
v 0.004639 -0.179932 0.012451
v 0.004639 -0.179932 0.029053
v 0.029053 -0.156494 0.029541
v 0.004639 -0.157471 0.029053
v 0.016846 -0.174072 0.058838
v 0.006104 -0.184326 0.060791
v 0.005615 -0.164307 0.060791
v 0.039795 -0.149170 0.026611
v 0.043213 -0.149170 0.056885
v 0.037842 -0.149170 0.062256
v 0.016357 -0.177490 0.108643
v 0.016357 -0.177490 0.115967
v 0.016357 -0.170654 0.104736
v 0.016357 -0.170654 0.119385
v 0.010010 -0.187744 0.154541
v 0.010010 -0.187744 0.161865
v 0.007080 -0.187744 0.174561
v 0.001221 -0.187744 0.183838
v 0.072998 -0.149658 0.153076
v 0.070068 -0.153076 0.153076
v 0.070068 -0.149658 0.150146
v 0.072998 -0.128174 0.153076
v 0.070068 -0.128174 0.150146
v 0.084229 -0.149658 0.231689
v 0.081787 -0.153564 0.235107
v 0.070557 -0.153076 0.232666
v 0.073486 -0.149658 0.235596
v 0.073486 -0.128174 0.235596
v 0.032959 -0.186768 0.155029
v 0.036377 -0.182861 0.155029
v 0.036377 -0.163330 0.155029
v 0.031494 -0.183838 0.158447
v 0.032959 -0.186768 0.161865
v 0.036377 -0.182861 0.161865
v 0.033936 -0.181885 0.158447
v 0.031494 -0.182861 0.181885
v 0.036377 -0.163330 0.161865
v 0.033447 -0.163330 0.158447
v 0.006104 -0.184326 0.154541
v 0.006104 -0.164307 0.154541
v 0.016846 -0.177490 0.162354
v 0.016357 -0.177490 0.169678
v 0.028076 -0.186768 0.180420
v 0.016846 -0.174072 0.172119
v 0.010986 -0.184814 0.158447
v 0.009033 -0.182861 0.158447
v 0.006104 -0.184326 0.161865
v 0.003662 -0.184326 0.173096
v 0.017334 -0.170654 0.158936
v 0.015869 -0.170654 0.173096
v 0.031006 -0.163330 0.181885
v 0.007568 -0.164307 0.159912
v 0.003174 -0.164307 0.173096
v 0.042236 -0.153564 0.153076
v 0.042236 -0.150635 0.150146
v 0.039307 -0.150635 0.153076
v 0.042236 -0.128662 0.150146
v 0.039307 -0.128662 0.153076
v 0.018311 -0.186768 0.193604
v 0.021240 -0.183350 0.196045
v 0.005615 -0.183838 0.208252
v 0.003174 -0.187256 0.205322
v 0.020752 -0.163330 0.196045
v 0.005127 -0.164307 0.208252
v 0.042725 -0.153564 0.232666
v 0.039795 -0.150635 0.235596
v 0.039795 -0.128662 0.235596
v 0.226318 -0.117920 0.088135
v 0.227295 -0.108154 0.066650
v 0.231201 -0.104248 0.063721
v 0.249268 -0.074463 0.062744
v 0.218994 -0.092529 0.120361
v 0.224365 -0.072021 0.123291
v 0.208740 -0.083252 0.120850
v 0.218506 -0.072510 0.115967
v 0.195557 -0.045654 0.123779
v 0.188232 -0.046143 0.121338
v 0.198486 -0.121826 0.139404
v 0.224365 -0.092041 0.127197
v 0.224854 -0.091553 0.134521
v 0.224854 -0.071045 0.130127
v 0.215088 -0.082764 0.127197
v 0.217041 -0.082275 0.133545
v 0.144287 -0.085693 0.183838
v 0.154053 -0.077881 0.187256
v 0.174072 -0.122314 0.208740
v 0.173096 -0.120361 0.214600
v 0.168213 -0.122803 0.198486
v 0.157471 -0.116455 0.197021
v 0.166260 -0.115479 0.212646
v 0.163818 -0.115967 0.203369
v 0.175049 -0.108643 0.207764
v 0.168701 -0.109131 0.195068
v 0.234619 -0.000244 0.168213
v 0.161377 -0.028076 0.181396
v 0.161377 -0.015381 0.178467
v 0.151123 -0.021729 0.180420
v 0.167725 -0.027588 0.193115
v 0.158447 -0.021240 0.194580
v 0.167725 -0.015381 0.190186
v 0.083740 -0.123779 0.231689
v 0.114502 -0.053955 0.245850
v 0.092041 -0.018799 0.248779
v 0.080811 -0.019775 0.237061
v 0.117920 -0.205811 0.298096
v 0.117920 -0.204834 0.306885
v 0.113037 -0.209717 0.301514
v 0.108643 -0.206787 0.286377
v 0.104248 -0.210693 0.290283
v 0.098877 -0.206787 0.286377
v 0.097900 -0.196045 0.291748
v 0.090576 -0.202393 0.280029
v 0.084717 -0.198486 0.276611
v 0.092041 -0.200439 0.289307
v 0.069092 -0.209717 0.363037
v 0.069580 -0.210205 0.370850
v 0.051514 -0.215576 0.357178
v 0.059326 -0.210693 0.352295
v 0.061279 -0.214600 0.366943
v 0.046631 -0.211182 0.353271
v 0.037842 -0.212646 0.350830
v 0.031982 -0.208740 0.347412
v 0.039307 -0.210693 0.360107
v 0.045654 -0.206299 0.362549
v 0.111572 -0.162354 0.278564
v 0.118408 -0.177979 0.294189
v 0.110107 -0.178955 0.282471
v 0.118408 -0.174561 0.301514
v 0.119385 -0.161377 0.290283
v 0.119385 -0.159912 0.296631
v 0.111572 -0.169189 0.298096
v 0.108154 -0.170166 0.288818
v 0.101318 -0.170654 0.281982
v 0.112549 -0.134521 0.270752
v 0.104248 -0.128174 0.269287
v 0.118896 -0.133545 0.281494
v 0.118896 -0.132568 0.288330
v 0.112549 -0.126709 0.284424
v 0.061768 -0.154053 0.264404
v 0.059326 -0.150146 0.267822
v 0.004639 -0.226807 0.426025
v 0.000244 -0.231201 0.429932
v 0.005615 -0.216553 0.422607
v 0.001221 -0.215576 0.430908
v 0.007080 -0.213135 0.436279
v 0.000244 -0.213135 0.431396
v 0.012451 -0.207764 0.437256
v 0.011475 -0.208252 0.431396
v 0.001709 -0.209229 0.422607
v 0.001221 -0.210205 0.471436
v 0.117920 -0.120850 0.265381
v 0.123779 -0.119873 0.277100
v 0.094482 -0.115967 0.271729
v 0.083252 -0.117432 0.259521
v 0.118408 -0.071533 0.259033
v 0.114014 -0.072510 0.251709
v 0.118408 -0.071045 0.265869
v 0.107666 -0.063721 0.257080
v 0.102295 -0.064209 0.250244
v 0.108154 -0.062744 0.265869
v 0.063232 -0.119873 0.327881
v 0.069580 -0.118896 0.337646
v 0.066162 -0.106201 0.322998
v 0.073486 -0.104736 0.337646
v 0.069580 -0.118408 0.344482
v 0.059326 -0.124268 0.267822
v 0.053467 -0.113037 0.326416
v 0.059814 -0.112549 0.332275
v 0.062256 -0.111572 0.341064
v 0.045654 -0.122803 0.343018
v 0.033936 -0.124756 0.331299
v 0.117920 -0.053467 0.251709
v 0.117432 -0.052002 0.257568
v 0.063721 -0.032471 0.304932
v 0.070557 -0.031494 0.316162
v 0.070557 -0.027588 0.320557
v 0.064697 -0.014404 0.315674
v 0.061279 -0.029541 0.304932
v 0.058838 -0.015869 0.303955
v 0.051025 -0.023193 0.306396
v 0.045654 -0.058838 0.324951
v 0.033936 -0.060791 0.313721
v 0.058350 -0.021240 0.320557
v 0.011963 -0.000244 0.370361
v 0.002197 -0.001221 0.361572
v 0.001709 -0.095459 0.387451
v 0.011475 -0.094482 0.396240
v 0.012451 -0.093994 0.401611
v 0.001709 -0.085693 0.384521
v 0.005615 -0.089600 0.396729
v 0.005615 -0.089111 0.400146
v 0.011475 -0.084717 0.393311
v 0.012451 -0.084229 0.398682
v 0.000244 -0.091064 0.436279
v 0.000244 -0.081787 0.433350
v -0.014893 -0.368408 -0.497314
v -0.029053 -0.362061 -0.497314
v -0.022217 -0.355225 -0.497314
v -0.029053 -0.356201 -0.442139
v -0.022217 -0.347412 -0.443115
v -0.014893 -0.366943 -0.437256
v -0.014893 -0.356689 -0.429932
v -0.029053 -0.350342 -0.436279
v -0.014893 -0.281494 -0.439209
v -0.022217 -0.294678 -0.443115
v -0.020752 -0.289307 -0.437744
v -0.014893 -0.278564 -0.447998
v -0.009033 -0.272705 -0.442139
v -0.029053 -0.300049 -0.436279
v -0.128662 -0.359619 -0.497314
v -0.141846 -0.363525 -0.497314
v -0.135986 -0.352783 -0.497314
v -0.141846 -0.361084 -0.445557
v -0.128662 -0.358643 -0.447998
v -0.128662 -0.352783 -0.442139
v -0.135986 -0.347900 -0.449951
v -0.141846 -0.352295 -0.438232
v -0.128662 -0.300537 -0.442139
v -0.130127 -0.289795 -0.444092
v -0.135986 -0.295166 -0.449951
v -0.136475 -0.256104 -0.447998
v -0.142334 -0.260986 -0.438232
v -0.142334 -0.251709 -0.442139
v -0.184326 -0.265869 -0.414307
v -0.181396 -0.268311 -0.412842
v -0.178955 -0.270752 -0.393799
v -0.181396 -0.268799 -0.391357
v -0.206299 -0.274170 -0.443604
v -0.188232 -0.261475 -0.443604
v -0.228271 -0.278564 -0.443604
v -0.202881 -0.282959 -0.413330
v -0.201904 -0.286377 -0.394287
v -0.203369 -0.283447 -0.391846
v -0.228760 -0.284424 -0.415283
v -0.228760 -0.288330 -0.413818
v -0.228760 -0.292236 -0.395264
v -0.228760 -0.288818 -0.392334
v -0.204346 -0.279541 -0.414795
v -0.180908 -0.269775 -0.362549
v -0.181396 -0.269775 -0.331299
v -0.183838 -0.267334 -0.333740
v -0.184326 -0.267822 -0.313232
v -0.186768 -0.264893 -0.311768
v -0.202881 -0.284912 -0.363037
v -0.203857 -0.284912 -0.332275
v -0.204834 -0.281982 -0.334229
v -0.205322 -0.281982 -0.313721
v -0.229736 -0.290283 -0.363525
v -0.230225 -0.290771 -0.332764
v -0.230225 -0.287354 -0.335205
v -0.230713 -0.287354 -0.314209
v -0.230713 -0.283936 -0.313232
v -0.206787 -0.278564 -0.312744
v -0.209229 -0.273682 -0.291260
v -0.210205 -0.271240 -0.288818
v -0.199951 -0.252686 -0.298096
v -0.191162 -0.261475 -0.290771
v -0.193115 -0.259521 -0.288330
v -0.199951 -0.252686 -0.291260
v -0.197998 -0.254639 -0.288818
v -0.214111 -0.262451 -0.298584
v -0.213135 -0.264893 -0.289307
v -0.214111 -0.262451 -0.291748
v -0.231201 -0.265869 -0.299072
v -0.231201 -0.278564 -0.291748
v -0.231201 -0.275635 -0.289795
v -0.231201 -0.268311 -0.289795
v -0.231201 -0.265869 -0.292236
v -0.248291 -0.262939 -0.299561
v -0.249268 -0.265381 -0.290283
v -0.248291 -0.262939 -0.292236
v -0.222412 -0.446045 -0.039307
v -0.221924 -0.456299 -0.021240
v -0.221924 -0.463135 -0.001221
v -0.221924 -0.439697 -0.013916
v -0.222900 -0.415771 -0.068604
v -0.223389 -0.396729 -0.077881
v -0.223389 -0.376221 -0.083740
v -0.222412 -0.432373 -0.055420
v -0.222412 -0.419678 -0.042725
v -0.229248 -0.418213 -0.040771
v -0.222412 -0.431396 -0.029541
v -0.229248 -0.428955 -0.027588
v -0.229248 -0.437256 -0.012939
v -0.222900 -0.406006 -0.053467
v -0.229736 -0.404541 -0.051025
v -0.222900 -0.390381 -0.061279
v -0.230225 -0.389404 -0.058838
v -0.036377 -0.250732 -0.064697
v -0.036377 -0.254150 -0.054443
v -0.032959 -0.251221 -0.050049
v -0.114990 -0.250244 -0.108643
v -0.115967 -0.253662 -0.105225
v -0.119385 -0.250244 -0.106201
v -0.118896 -0.253662 -0.091553
v -0.119873 -0.250244 -0.088135
v -0.122314 -0.250732 -0.092041
v -0.118408 -0.252686 -0.085693
v -0.124268 -0.253174 -0.077881
v -0.223389 -0.373291 -0.066162
v -0.230225 -0.372803 -0.063232
v -0.223877 -0.355225 -0.085205
v -0.223877 -0.355713 -0.067139
v -0.230713 -0.355713 -0.064697
v -0.224365 -0.334229 -0.082764
v -0.223877 -0.338135 -0.065186
v -0.230713 -0.338623 -0.062744
v -0.224854 -0.314209 -0.075928
v -0.224365 -0.321045 -0.059814
v -0.231201 -0.322510 -0.057373
v -0.224854 -0.295654 -0.065674
v -0.224365 -0.305908 -0.051025
v -0.231201 -0.307373 -0.049072
v -0.224854 -0.292236 -0.039795
v -0.231689 -0.294678 -0.037842
v -0.224854 -0.281494 -0.026123
v -0.231689 -0.283936 -0.024658
v -0.225342 -0.279541 -0.052002
v -0.225342 -0.266357 -0.035400
v -0.224854 -0.273682 -0.010498
v -0.231689 -0.276123 -0.009521
v -0.225342 -0.256592 -0.016846
v -0.251709 -0.367432 -0.497314
v -0.263428 -0.359619 -0.497314
v -0.257568 -0.353760 -0.497314
v -0.251709 -0.360107 -0.442139
v -0.251709 -0.355713 -0.438232
v -0.263428 -0.357178 -0.444092
v -0.257568 -0.348389 -0.445557
v -0.263428 -0.351318 -0.438232
v -0.320557 -0.359619 -0.497314
v -0.333252 -0.364014 -0.497314
v -0.326416 -0.353760 -0.497314
v -0.333252 -0.363525 -0.444092
v -0.320557 -0.357178 -0.444092
v -0.320557 -0.351318 -0.438232
v -0.326416 -0.347900 -0.445068
v -0.333252 -0.356689 -0.434326
v -0.250244 -0.274658 -0.443604
v -0.251709 -0.261963 -0.438232
v -0.263428 -0.262451 -0.438232
v -0.257568 -0.257568 -0.447998
v -0.251709 -0.253174 -0.442139
v -0.263428 -0.253174 -0.442139
v -0.268799 -0.262451 -0.443604
v -0.280029 -0.250244 -0.439697
v -0.254150 -0.283447 -0.414307
v -0.256104 -0.287354 -0.395752
v -0.254639 -0.283936 -0.392822
v -0.252686 -0.280029 -0.415771
v -0.273193 -0.266846 -0.416260
v -0.276123 -0.269287 -0.414795
v -0.276611 -0.269775 -0.393311
v -0.279053 -0.272217 -0.396240
v -0.304443 -0.276123 -0.432861
v -0.309814 -0.275146 -0.409912
v -0.290283 -0.260010 -0.434814
v -0.303467 -0.258057 -0.427979
v -0.306396 -0.262451 -0.429932
v -0.305908 -0.259521 -0.426025
v -0.305908 -0.264893 -0.407959
v -0.307861 -0.254150 -0.413330
v -0.309814 -0.251709 -0.407471
v -0.305908 -0.255615 -0.406006
v -0.308838 -0.251709 -0.403564
v -0.313721 -0.289307 -0.440186
v -0.320557 -0.262451 -0.438232
v -0.326416 -0.257080 -0.450928
v -0.320557 -0.253662 -0.442139
v -0.333252 -0.257568 -0.446045
v -0.333252 -0.250244 -0.439697
v -0.327393 -0.286377 -0.434814
v -0.351318 -0.281494 -0.425049
v -0.316162 -0.281006 -0.433350
v -0.319092 -0.275146 -0.427490
v -0.322021 -0.269287 -0.425537
v -0.338623 -0.277588 -0.422607
v -0.340088 -0.275146 -0.429443
v -0.329346 -0.265869 -0.419678
v -0.325439 -0.261963 -0.425537
v -0.322510 -0.257080 -0.433350
v -0.313721 -0.254639 -0.409912
v -0.317627 -0.254150 -0.407471
v -0.313232 -0.250732 -0.410400
v -0.320557 -0.251221 -0.417725
v -0.338135 -0.261963 -0.433838
v -0.330322 -0.251709 -0.428955
v -0.343018 -0.261475 -0.415283
v -0.319580 -0.273682 -0.405029
v -0.312744 -0.269287 -0.406006
v -0.323486 -0.270264 -0.402588
v -0.327881 -0.266357 -0.400635
v -0.315674 -0.262451 -0.402588
v -0.320068 -0.258545 -0.397705
v -0.319092 -0.258057 -0.391846
v -0.323975 -0.260986 -0.401611
v -0.326904 -0.263916 -0.394287
v -0.315186 -0.256104 -0.404541
v -0.312744 -0.254639 -0.400635
v -0.317139 -0.252686 -0.397217
v -0.318115 -0.250244 -0.391846
v -0.322998 -0.257568 -0.401611
v -0.322021 -0.252197 -0.403564
v -0.320557 -0.253174 -0.400146
v -0.324463 -0.261963 -0.389404
v -0.323975 -0.253662 -0.385498
v -0.329346 -0.262451 -0.399170
v -0.336182 -0.260010 -0.395264
v -0.334717 -0.255127 -0.406006
v -0.338623 -0.252197 -0.393311
v -0.330811 -0.260010 -0.385986
v -0.334717 -0.260986 -0.390381
v -0.333252 -0.252686 -0.384521
v -0.337158 -0.252197 -0.387939
v -0.359131 -0.265869 -0.426025
v -0.347900 -0.274658 -0.420166
v -0.357666 -0.271729 -0.418701
v -0.345459 -0.259033 -0.431885
v -0.343994 -0.257568 -0.430908
v -0.357178 -0.257080 -0.414307
v -0.353271 -0.254639 -0.408447
v -0.365967 -0.250732 -0.426514
v -0.364990 -0.252686 -0.403564
v -0.256104 -0.285400 -0.364502
v -0.256592 -0.285889 -0.333740
v -0.255127 -0.282471 -0.335693
v -0.255615 -0.282959 -0.315186
v -0.278564 -0.270752 -0.364990
v -0.254639 -0.279541 -0.313721
v -0.276611 -0.268799 -0.336182
v -0.279053 -0.270752 -0.334229
v -0.277100 -0.268799 -0.315674
v -0.274658 -0.266357 -0.314209
v -0.253174 -0.274658 -0.292725
v -0.252197 -0.271729 -0.290283
v -0.262451 -0.253662 -0.299561
v -0.264404 -0.255127 -0.290283
v -0.262939 -0.253662 -0.292725
v -0.271729 -0.262451 -0.293213
v -0.269775 -0.260498 -0.290771
v -0.389404 -0.365967 -0.497314
v -0.401611 -0.359131 -0.497314
v -0.389404 -0.365967 -0.447021
v -0.398682 -0.359131 -0.447021
v -0.389404 -0.359131 -0.437256
v -0.387939 -0.259033 -0.497314
v -0.401611 -0.264893 -0.497314
v -0.396729 -0.252197 -0.497314
v -0.379150 -0.259033 -0.446533
v -0.385010 -0.259033 -0.452393
v -0.387939 -0.251709 -0.441162
v -0.398682 -0.264893 -0.447021
v -0.393799 -0.252197 -0.447021
v -0.376221 -0.268311 -0.430420
v -0.389404 -0.267334 -0.437256
v -0.380615 -0.258057 -0.430908
v -0.388916 -0.262451 -0.435791
v -0.262451 -0.447021 -0.039307
v -0.262451 -0.457275 -0.021240
v -0.262451 -0.463623 -0.001221
v -0.263428 -0.416260 -0.068604
v -0.263428 -0.397705 -0.077881
v -0.263916 -0.377197 -0.083740
v -0.262939 -0.432861 -0.055420
v -0.264404 -0.356201 -0.085205
v -0.264893 -0.334717 -0.082764
v -0.264893 -0.314697 -0.075928
v -0.265381 -0.296143 -0.065674
v -0.265869 -0.280029 -0.052002
v -0.265869 -0.266846 -0.035400
v -0.265869 -0.257568 -0.016846
v -0.049561 -0.245850 -0.448975
v -0.055420 -0.240479 -0.448975
v -0.048584 -0.245361 -0.422607
v -0.054443 -0.239990 -0.422607
v -0.048584 -0.239502 -0.416748
v -0.043701 -0.204346 -0.417236
v -0.055908 -0.198486 -0.422607
v -0.050049 -0.198486 -0.417236
v -0.042725 -0.203857 -0.402588
v -0.041748 -0.200928 -0.399170
v -0.046631 -0.196533 -0.399170
v -0.049561 -0.197998 -0.402588
v -0.044189 -0.176514 -0.448975
v -0.039307 -0.171143 -0.448975
v -0.058350 -0.145752 -0.448975
v -0.045166 -0.174072 -0.390381
v -0.039795 -0.168701 -0.390381
v -0.045166 -0.168701 -0.384521
v -0.054443 -0.165771 -0.385498
v -0.050049 -0.160400 -0.385498
v -0.043213 -0.145752 -0.399170
v -0.040771 -0.142822 -0.396240
v -0.048096 -0.145264 -0.399170
v -0.051025 -0.145752 -0.402588
v -0.056885 -0.146729 -0.399170
v -0.046631 -0.125244 -0.384521
v -0.051025 -0.132568 -0.385498
v -0.095459 -0.178955 -0.448975
v -0.100830 -0.174072 -0.448975
v -0.089600 -0.153076 -0.447998
v -0.102295 -0.127686 -0.448975
v -0.093018 -0.176514 -0.390381
v -0.083740 -0.166748 -0.385498
v -0.093018 -0.170654 -0.384521
v -0.088623 -0.162354 -0.385498
v -0.098389 -0.171143 -0.390381
v -0.089600 -0.152100 -0.393799
v -0.089600 -0.156006 -0.389404
v -0.089111 -0.134521 -0.385498
v -0.093994 -0.127197 -0.384521
v -0.099854 -0.127197 -0.390381
v -0.001221 -0.148682 -0.348877
v -0.015381 -0.149170 -0.347900
v -0.001709 -0.144775 -0.351807
v -0.014404 -0.145264 -0.351318
v -0.022705 -0.149658 -0.353271
v -0.021729 -0.145752 -0.356201
v -0.001221 -0.148682 -0.335693
v -0.015381 -0.149170 -0.336182
v -0.001709 -0.144775 -0.332764
v -0.014404 -0.145264 -0.333252
v -0.022705 -0.149658 -0.331299
v -0.021729 -0.145752 -0.327881
v -0.032471 -0.150146 -0.353271
v -0.035400 -0.146240 -0.356201
v -0.032471 -0.150146 -0.331299
v -0.035400 -0.146240 -0.327881
v -0.089600 -0.156006 -0.353760
v -0.089600 -0.152100 -0.349854
v -0.089600 -0.128174 -0.349854
v -0.176025 -0.242920 -0.443604
v -0.172119 -0.220947 -0.443604
v -0.176514 -0.199463 -0.443604
v -0.170654 -0.245361 -0.414307
v -0.167236 -0.246338 -0.412842
v -0.162354 -0.220947 -0.412354
v -0.166260 -0.220947 -0.413818
v -0.164307 -0.247803 -0.393311
v -0.167236 -0.246826 -0.390869
v -0.158936 -0.220947 -0.393311
v -0.162354 -0.220947 -0.390869
v -0.167725 -0.195557 -0.412354
v -0.171143 -0.197021 -0.413818
v -0.167725 -0.195557 -0.390869
v -0.164795 -0.194092 -0.393311
v -0.181885 -0.156494 -0.447998
v -0.174072 -0.154541 -0.447998
v -0.178467 -0.149658 -0.447998
v -0.185303 -0.177002 -0.414307
v -0.182373 -0.174072 -0.412842
v -0.182373 -0.173584 -0.390869
v -0.179932 -0.171631 -0.393311
v -0.179443 -0.149170 -0.398682
v -0.175049 -0.154053 -0.393799
v -0.183350 -0.155518 -0.389893
v -0.188721 -0.181396 -0.443604
v -0.207275 -0.169189 -0.443604
v -0.229248 -0.164795 -0.443604
v -0.205811 -0.163818 -0.414307
v -0.204346 -0.159912 -0.412842
v -0.202881 -0.156494 -0.393799
v -0.204346 -0.159424 -0.391357
v -0.229736 -0.158936 -0.414795
v -0.229736 -0.155029 -0.413330
v -0.230225 -0.154541 -0.391846
v -0.230225 -0.151611 -0.394287
v -0.166260 -0.247314 -0.362061
v -0.161377 -0.220947 -0.361572
v -0.166748 -0.247314 -0.330811
v -0.169678 -0.246338 -0.333252
v -0.161865 -0.220947 -0.330811
v -0.165283 -0.220947 -0.332764
v -0.166748 -0.194580 -0.361572
v -0.170166 -0.196045 -0.332764
v -0.167236 -0.194580 -0.330811
v -0.170166 -0.246338 -0.312256
v -0.173584 -0.244873 -0.311279
v -0.178955 -0.242920 -0.290283
v -0.181396 -0.241943 -0.287842
v -0.165283 -0.220947 -0.312256
v -0.168701 -0.220947 -0.311279
v -0.187256 -0.221436 -0.297607
v -0.174561 -0.220947 -0.289795
v -0.177490 -0.220947 -0.287842
v -0.187256 -0.221436 -0.290283
v -0.184814 -0.221436 -0.287842
v -0.170654 -0.196045 -0.312256
v -0.174072 -0.197510 -0.311279
v -0.179443 -0.199463 -0.289795
v -0.181885 -0.200439 -0.287842
v -0.190186 -0.238037 -0.297607
v -0.190674 -0.238037 -0.290771
v -0.188232 -0.239014 -0.288330
v -0.190674 -0.204346 -0.297607
v -0.190674 -0.204346 -0.290283
v -0.188721 -0.203369 -0.287842
v -0.200439 -0.190186 -0.297607
v -0.200439 -0.190186 -0.290771
v -0.198975 -0.188232 -0.288330
v -0.181885 -0.172607 -0.362061
v -0.182373 -0.172607 -0.330811
v -0.184814 -0.175049 -0.333252
v -0.184814 -0.175049 -0.312744
v -0.204346 -0.157959 -0.362549
v -0.206299 -0.160889 -0.333740
v -0.204834 -0.157959 -0.331299
v -0.206299 -0.160889 -0.313232
v -0.231201 -0.156494 -0.334229
v -0.230713 -0.153076 -0.363037
v -0.231689 -0.153076 -0.332275
v -0.231689 -0.156006 -0.313721
v -0.187744 -0.177490 -0.311279
v -0.191650 -0.181396 -0.290283
v -0.193604 -0.183350 -0.287842
v -0.215088 -0.180908 -0.298096
v -0.215088 -0.180908 -0.290771
v -0.214111 -0.178467 -0.288330
v -0.207764 -0.164307 -0.311768
v -0.210205 -0.169189 -0.290771
v -0.211182 -0.171631 -0.288330
v -0.232178 -0.177490 -0.298584
v -0.232178 -0.177490 -0.291260
v -0.232178 -0.175049 -0.288818
v -0.248779 -0.181396 -0.299072
v -0.249268 -0.181396 -0.291748
v -0.231689 -0.159912 -0.312256
v -0.232178 -0.165283 -0.291260
v -0.232178 -0.167725 -0.288818
v -0.015381 -0.078857 -0.447998
v -0.009521 -0.078857 -0.442139
v -0.021240 -0.078857 -0.442139
v -0.043213 -0.123291 -0.399170
v -0.041260 -0.124756 -0.390381
v -0.090088 -0.121826 -0.391846
v -0.131104 -0.078857 -0.442139
v -0.136963 -0.078857 -0.447998
v -0.142334 -0.078857 -0.442139
v -0.175049 -0.123291 -0.392334
v -0.179443 -0.123291 -0.397217
v -0.183350 -0.123291 -0.388428
v -0.099365 -0.239014 -0.227295
v -0.097412 -0.237061 -0.227295
v -0.101318 -0.235107 -0.227783
v -0.097412 -0.240967 -0.225342
v -0.095947 -0.239014 -0.224854
v -0.097412 -0.240967 -0.218994
v -0.095459 -0.239014 -0.218994
v -0.106201 -0.230713 -0.231689
v -0.123779 -0.231689 -0.232178
v -0.114990 -0.222412 -0.233154
v -0.099365 -0.239502 -0.217041
v -0.097412 -0.237549 -0.217041
v -0.103271 -0.239014 -0.217041
v -0.104736 -0.236572 -0.217041
v -0.097900 -0.233154 -0.217041
v -0.100342 -0.232178 -0.217041
v -0.106689 -0.213623 -0.231689
v -0.097900 -0.206299 -0.227295
v -0.099854 -0.204834 -0.227295
v -0.096436 -0.204834 -0.224854
v -0.096436 -0.204834 -0.218994
v -0.101807 -0.208740 -0.227783
v -0.123779 -0.214600 -0.232178
v -0.098389 -0.202881 -0.225342
v -0.097900 -0.202881 -0.218994
v -0.100830 -0.212158 -0.217041
v -0.098389 -0.210693 -0.217041
v -0.097900 -0.206299 -0.217041
v -0.099854 -0.204834 -0.217041
v -0.105225 -0.207764 -0.217041
v -0.103760 -0.205322 -0.217041
v -0.092041 -0.242920 -0.170654
v -0.092041 -0.242920 -0.166260
v -0.093506 -0.241455 -0.164795
v -0.095459 -0.243408 -0.172119
v -0.099854 -0.242920 -0.172119
v -0.093994 -0.241455 -0.172119
v -0.101318 -0.240479 -0.172119
v -0.094482 -0.236572 -0.172119
v -0.096924 -0.235596 -0.172119
v -0.093994 -0.244873 -0.170654
v -0.093994 -0.244873 -0.166260
v -0.095459 -0.243408 -0.164795
v -0.102783 -0.235107 -0.153076
v -0.103271 -0.235107 -0.153076
v -0.103271 -0.234619 -0.149658
v -0.105713 -0.232666 -0.147217
v -0.104248 -0.228271 -0.136963
v -0.104248 -0.228271 -0.127197
v -0.101318 -0.223877 -0.137939
v -0.101318 -0.223877 -0.125732
v -0.106689 -0.223877 -0.135498
v -0.104248 -0.219482 -0.136963
v -0.101807 -0.223877 -0.125244
v -0.106689 -0.223877 -0.128662
v -0.104248 -0.219482 -0.127197
v -0.112549 -0.233643 -0.147705
v -0.109619 -0.231201 -0.146240
v -0.115479 -0.231689 -0.146240
v -0.112549 -0.229248 -0.144775
v -0.112549 -0.228271 -0.141846
v -0.124756 -0.233643 -0.147705
v -0.112549 -0.223877 -0.153076
v -0.109619 -0.223877 -0.150146
v -0.115967 -0.224365 -0.150635
v -0.112549 -0.223877 -0.148193
v -0.112549 -0.223877 -0.144775
v -0.112549 -0.218994 -0.144775
v -0.112549 -0.219971 -0.141846
v -0.109619 -0.231201 -0.137939
v -0.112549 -0.233643 -0.136475
v -0.115479 -0.231689 -0.137939
v -0.112549 -0.229248 -0.139404
v -0.120850 -0.228760 -0.137451
v -0.120850 -0.228760 -0.127686
v -0.112549 -0.224365 -0.138916
v -0.109619 -0.223877 -0.133545
v -0.112549 -0.224365 -0.135986
v -0.115967 -0.224365 -0.134033
v -0.112549 -0.218994 -0.139404
v -0.112549 -0.224365 -0.131104
v -0.112549 -0.224365 -0.128662
v -0.112549 -0.224365 -0.125732
v -0.116943 -0.224365 -0.127197
v -0.118408 -0.224365 -0.135986
v -0.123779 -0.224365 -0.138916
v -0.120850 -0.220459 -0.137451
v -0.118408 -0.224365 -0.129150
v -0.123779 -0.224854 -0.126709
v -0.120850 -0.220459 -0.127686
v -0.093018 -0.201416 -0.170654
v -0.093018 -0.201904 -0.166260
v -0.097412 -0.209229 -0.172119
v -0.094971 -0.207764 -0.172119
v -0.094482 -0.203369 -0.172119
v -0.102295 -0.204834 -0.172119
v -0.094482 -0.203369 -0.164795
v -0.096436 -0.201416 -0.172119
v -0.100830 -0.202393 -0.172119
v -0.094971 -0.199951 -0.170654
v -0.096436 -0.201416 -0.164795
v -0.094971 -0.199951 -0.166260
v -0.103271 -0.211182 -0.153076
v -0.103760 -0.211670 -0.149658
v -0.106201 -0.214111 -0.147217
v -0.109619 -0.216553 -0.146240
v -0.115967 -0.217041 -0.146240
v -0.112549 -0.214600 -0.147705
v -0.109619 -0.216553 -0.137939
v -0.115967 -0.217041 -0.137939
v -0.112549 -0.214600 -0.136475
v -0.093994 -0.188721 -0.136475
v -0.114502 -0.190186 -0.137451
v -0.053955 -0.166260 -0.211182
v -0.052490 -0.171143 -0.206299
v -0.047607 -0.166260 -0.206787
v -0.054932 -0.165771 -0.215576
v -0.050049 -0.160400 -0.215576
v -0.054932 -0.160889 -0.210693
v -0.001221 -0.148682 -0.241455
v -0.015381 -0.149170 -0.240967
v -0.001709 -0.144775 -0.244873
v -0.014404 -0.145264 -0.243896
v -0.001221 -0.148682 -0.228760
v -0.015381 -0.149170 -0.229248
v -0.001709 -0.144775 -0.225342
v -0.014404 -0.145264 -0.226318
v -0.022705 -0.149658 -0.245850
v -0.021729 -0.145752 -0.249268
v -0.022705 -0.149658 -0.223877
v -0.021729 -0.145752 -0.220947
v -0.032471 -0.150146 -0.245850
v -0.035400 -0.146240 -0.249268
v -0.032471 -0.150146 -0.223877
v -0.035400 -0.146240 -0.220947
v -0.043213 -0.145752 -0.210693
v -0.040771 -0.142822 -0.210693
v -0.056885 -0.146729 -0.210693
v -0.052979 -0.134521 -0.210693
v -0.026611 -0.170166 -0.158447
v -0.023682 -0.165283 -0.161865
v -0.002686 -0.168701 -0.141846
v -0.000732 -0.164307 -0.146240
v -0.044678 -0.170654 -0.182373
v -0.040771 -0.165771 -0.184326
v -0.044678 -0.170654 -0.141357
v -0.048096 -0.166260 -0.137939
v -0.019287 -0.141846 -0.164307
v -0.005615 -0.143799 -0.138428
v -0.030518 -0.145264 -0.156006
v -0.034424 -0.142334 -0.185303
v -0.049561 -0.146240 -0.182373
v -0.049072 -0.135498 -0.137939
v -0.083740 -0.172607 -0.205811
v -0.083740 -0.166748 -0.215576
v -0.085693 -0.167725 -0.211182
v -0.089111 -0.168213 -0.205811
v -0.083740 -0.161865 -0.210693
v -0.088623 -0.162354 -0.215576
v -0.097900 -0.166748 -0.206299
v -0.094482 -0.169678 -0.201904
v -0.111572 -0.167725 -0.206787
v -0.114990 -0.171143 -0.202881
v -0.086670 -0.136963 -0.211182
v -0.089111 -0.134521 -0.215576
v -0.090088 -0.137451 -0.205811
v -0.086182 -0.135986 -0.210693
v -0.094971 -0.145752 -0.203369
v -0.098389 -0.146240 -0.207275
v -0.112061 -0.147217 -0.207764
v -0.115479 -0.147217 -0.204346
v -0.070068 -0.171631 -0.172607
v -0.074463 -0.167236 -0.170654
v -0.093994 -0.176025 -0.156982
v -0.114502 -0.177490 -0.157959
v -0.094482 -0.168701 -0.177979
v -0.114990 -0.170166 -0.178955
v -0.093994 -0.177002 -0.127197
v -0.114502 -0.178467 -0.128174
v -0.094482 -0.162354 -0.149658
v -0.114990 -0.163818 -0.150635
v -0.075439 -0.136475 -0.170654
v -0.094971 -0.142334 -0.173096
v -0.115479 -0.143799 -0.174072
v -0.038818 -0.245850 -0.086182
v -0.038818 -0.249268 -0.082275
v -0.038818 -0.249268 -0.067139
v -0.038818 -0.245850 -0.063721
v -0.044189 -0.248291 -0.064697
v -0.042236 -0.245850 -0.063721
v -0.039795 -0.243896 -0.062744
v -0.038818 -0.246338 -0.049072
v -0.042725 -0.243896 -0.054932
v -0.042236 -0.249268 -0.053467
v -0.047119 -0.248779 -0.056885
v -0.048096 -0.244385 -0.052002
v -0.051514 -0.209229 -0.043213
v -0.051514 -0.207275 -0.038330
v -0.056885 -0.203857 -0.042236
v -0.039795 -0.190674 -0.056885
v -0.052002 -0.202881 -0.052002
v -0.057373 -0.197510 -0.051025
v -0.048584 -0.191162 -0.046143
v -0.093018 -0.239014 -0.112549
v -0.090576 -0.240967 -0.109131
v -0.090576 -0.240967 -0.089600
v -0.114502 -0.242432 -0.110596
v -0.112549 -0.239990 -0.113525
v -0.101318 -0.228271 -0.117920
v -0.100342 -0.228271 -0.109619
v -0.104248 -0.228271 -0.122314
v -0.098389 -0.223877 -0.120850
v -0.101318 -0.219482 -0.117920
v -0.096924 -0.223877 -0.109619
v -0.100342 -0.219482 -0.109619
v -0.107178 -0.223877 -0.119385
v -0.104248 -0.219482 -0.122314
v -0.104248 -0.223877 -0.115479
v -0.103760 -0.223877 -0.110107
v -0.112061 -0.228760 -0.124756
v -0.112549 -0.228271 -0.122803
v -0.115967 -0.228760 -0.123291
v -0.117920 -0.228760 -0.117920
v -0.117920 -0.228760 -0.110596
v -0.111084 -0.224365 -0.121338
v -0.112549 -0.224365 -0.119873
v -0.114014 -0.224365 -0.120361
v -0.114990 -0.224365 -0.117432
v -0.112061 -0.219971 -0.124756
v -0.112549 -0.219971 -0.122803
v -0.115967 -0.219971 -0.123291
v -0.114990 -0.224365 -0.110596
v -0.121338 -0.224854 -0.117920
v -0.117920 -0.220459 -0.117920
v -0.121338 -0.224854 -0.111084
v -0.117920 -0.220459 -0.110596
v -0.114502 -0.242432 -0.091064
v -0.118408 -0.249268 -0.086670
v -0.122803 -0.248291 -0.089111
v -0.093506 -0.213623 -0.112549
v -0.091553 -0.211182 -0.110107
v -0.092529 -0.212158 -0.109131
v -0.091553 -0.206787 -0.098877
v -0.093506 -0.201904 -0.120361
v -0.093506 -0.192627 -0.110107
v -0.113037 -0.214600 -0.113525
v -0.114990 -0.213135 -0.111572
v -0.114014 -0.213623 -0.110107
v -0.114014 -0.203369 -0.121338
v -0.114990 -0.208252 -0.099854
v -0.114014 -0.194092 -0.111572
v -0.121826 -0.199463 -0.091064
v -0.116943 -0.193604 -0.089600
v -0.121826 -0.188232 -0.091064
v -0.123779 -0.194092 -0.079834
v -0.122314 -0.194092 -0.074463
v -0.012451 -0.169189 -0.119873
v -0.014404 -0.164795 -0.115479
v -0.015869 -0.134033 -0.115479
v -0.043213 -0.135010 -0.086182
v -0.042725 -0.184326 -0.049072
v -0.045654 -0.187256 -0.052979
v -0.059326 -0.142822 -0.046143
v -0.059326 -0.145752 -0.031494
v -0.039795 -0.138916 -0.051025
v -0.052979 -0.137939 -0.061768
v -0.049561 -0.135498 -0.058838
v -0.048584 -0.139404 -0.040283
v -0.052979 -0.144775 -0.031006
v -0.054443 -0.146729 -0.026611
v -0.093506 -0.141846 -0.089600
v -0.119873 -0.138916 -0.108643
v -0.116455 -0.143311 -0.091064
v -0.122314 -0.141357 -0.089600
v -0.120850 -0.138916 -0.086670
v -0.124268 -0.139404 -0.088135
v -0.090576 -0.175049 -0.007568
v -0.090576 -0.162354 -0.007568
v -0.114502 -0.176025 -0.008057
v -0.114990 -0.163330 -0.008057
v -0.132080 -0.242432 -0.225830
v -0.132080 -0.242432 -0.219482
v -0.130127 -0.240479 -0.227783
v -0.132080 -0.239014 -0.227783
v -0.128174 -0.236572 -0.228271
v -0.133545 -0.240479 -0.225830
v -0.134033 -0.240967 -0.219482
v -0.126221 -0.239990 -0.217529
v -0.130615 -0.240967 -0.217529
v -0.132568 -0.239014 -0.218018
v -0.125244 -0.237549 -0.217529
v -0.132080 -0.234619 -0.217529
v -0.129639 -0.233154 -0.217529
v -0.128662 -0.210205 -0.228271
v -0.132568 -0.207764 -0.227783
v -0.131104 -0.206299 -0.227783
v -0.132568 -0.204346 -0.225830
v -0.134521 -0.206299 -0.225830
v -0.134521 -0.206299 -0.219482
v -0.133057 -0.204346 -0.219482
v -0.130127 -0.213623 -0.217529
v -0.132568 -0.212158 -0.217529
v -0.125732 -0.208740 -0.217529
v -0.127197 -0.206299 -0.217529
v -0.131104 -0.206299 -0.217529
v -0.133057 -0.207764 -0.218018
v -0.130127 -0.244385 -0.173096
v -0.134521 -0.244873 -0.173096
v -0.136475 -0.243408 -0.173096
v -0.128662 -0.241943 -0.173096
v -0.135986 -0.238525 -0.173096
v -0.133545 -0.237061 -0.173096
v -0.135986 -0.246826 -0.171631
v -0.135986 -0.246826 -0.167236
v -0.134521 -0.245361 -0.165771
v -0.136475 -0.243408 -0.165771
v -0.137939 -0.244873 -0.171631
v -0.137939 -0.244873 -0.167236
v -0.127197 -0.236084 -0.153564
v -0.127197 -0.236084 -0.150635
v -0.134033 -0.211182 -0.173096
v -0.129150 -0.205811 -0.173096
v -0.130615 -0.203857 -0.173096
v -0.136475 -0.209717 -0.173096
v -0.135010 -0.203369 -0.173096
v -0.136963 -0.205322 -0.173096
v -0.135498 -0.203369 -0.165771
v -0.138916 -0.203857 -0.171631
v -0.136963 -0.205322 -0.165771
v -0.138916 -0.203857 -0.167236
v -0.136963 -0.201904 -0.171631
v -0.136963 -0.201904 -0.167236
v -0.127686 -0.212158 -0.153564
v -0.127686 -0.212646 -0.150635
v -0.125244 -0.215088 -0.147705
v -0.129150 -0.248779 -0.079346
v -0.127197 -0.248779 -0.073975
v -0.128662 -0.199951 -0.081299
v -0.128662 -0.188721 -0.081299
v -0.126709 -0.199951 -0.075928
v -0.126709 -0.188721 -0.075928
v -0.129150 -0.141846 -0.079834
v -0.127197 -0.141846 -0.074463
v -0.159912 -0.164795 -0.048584
v -0.164795 -0.168701 -0.048584
v -0.159912 -0.147217 -0.048584
v -0.209229 -0.169678 -0.049072
v -0.214111 -0.166260 -0.049072
v -0.218506 -0.179932 -0.016357
v -0.214600 -0.176025 -0.019775
v -0.214111 -0.148682 -0.049072
v -0.214600 -0.155518 -0.019775
v -0.041260 -0.122803 -0.210693
v -0.043213 -0.123291 -0.210693
v -0.020264 -0.121826 -0.164307
v -0.025635 -0.122314 -0.161865
v -0.036377 -0.122803 -0.185303
v -0.281494 -0.244385 -0.443604
v -0.285889 -0.222412 -0.443604
v -0.281006 -0.199951 -0.448975
v -0.286377 -0.204834 -0.448975
v -0.281982 -0.200439 -0.443604
v -0.287842 -0.248779 -0.433350
v -0.285400 -0.238037 -0.432373
v -0.286865 -0.246338 -0.416260
v -0.290771 -0.247803 -0.414795
v -0.296143 -0.248779 -0.413818
v -0.289307 -0.239502 -0.413818
v -0.296143 -0.240967 -0.410400
v -0.300537 -0.246826 -0.426025
v -0.302490 -0.239990 -0.422607
v -0.310303 -0.244385 -0.421631
v -0.309326 -0.244873 -0.407471
v -0.312256 -0.244873 -0.409912
v -0.306885 -0.241943 -0.407471
v -0.309814 -0.241943 -0.408447
v -0.311768 -0.234619 -0.407471
v -0.293701 -0.224365 -0.427490
v -0.296143 -0.232666 -0.408447
v -0.292236 -0.222412 -0.416260
v -0.296143 -0.222412 -0.414795
v -0.297607 -0.231201 -0.424072
v -0.299072 -0.229736 -0.426514
v -0.297119 -0.219482 -0.427490
v -0.312256 -0.223389 -0.419189
v -0.291748 -0.248291 -0.393799
v -0.294678 -0.249268 -0.396240
v -0.307861 -0.245850 -0.403076
v -0.311279 -0.242432 -0.400146
v -0.311279 -0.248779 -0.397705
v -0.312256 -0.243408 -0.397705
v -0.309814 -0.241455 -0.404541
v -0.308838 -0.240479 -0.400146
v -0.308350 -0.235107 -0.404541
v -0.307373 -0.235596 -0.400635
v -0.311279 -0.236572 -0.394287
v -0.301514 -0.231201 -0.406006
v -0.309326 -0.230713 -0.398682
v -0.308350 -0.228760 -0.406006
v -0.310791 -0.229248 -0.402588
v -0.300049 -0.222412 -0.396240
v -0.297119 -0.222412 -0.393799
v -0.293213 -0.210205 -0.433350
v -0.301025 -0.214600 -0.427002
v -0.304443 -0.209717 -0.427490
v -0.308350 -0.204834 -0.427490
v -0.287354 -0.198486 -0.416260
v -0.291260 -0.197021 -0.414795
v -0.291260 -0.200928 -0.394287
v -0.292236 -0.197021 -0.393311
v -0.295166 -0.195557 -0.396240
v -0.285400 -0.195068 -0.394287
v -0.298096 -0.191162 -0.387939
v -0.326416 -0.249756 -0.445068
v -0.335693 -0.244873 -0.453369
v -0.336182 -0.245361 -0.452393
v -0.330811 -0.238525 -0.452881
v -0.330811 -0.238037 -0.452881
v -0.337158 -0.240479 -0.451904
v -0.337646 -0.239502 -0.451904
v -0.336670 -0.239990 -0.450928
v -0.339111 -0.234619 -0.452881
v -0.338623 -0.234131 -0.452881
v -0.343994 -0.241455 -0.452881
v -0.343994 -0.240967 -0.452393
v -0.367920 -0.205322 -0.448975
v -0.373291 -0.200439 -0.448975
v -0.319580 -0.242920 -0.429932
v -0.314697 -0.245361 -0.429443
v -0.327393 -0.249756 -0.424561
v -0.327393 -0.235596 -0.424072
v -0.325439 -0.248779 -0.406982
v -0.318115 -0.235596 -0.414795
v -0.315674 -0.241455 -0.410400
v -0.313232 -0.240479 -0.406982
v -0.315674 -0.241455 -0.406982
v -0.321045 -0.240967 -0.413330
v -0.332764 -0.235596 -0.427979
v -0.337646 -0.234619 -0.434326
v -0.338135 -0.235596 -0.432861
v -0.336182 -0.240479 -0.428467
v -0.336670 -0.236572 -0.426514
v -0.340576 -0.237549 -0.426025
v -0.343018 -0.249268 -0.416260
v -0.338623 -0.245850 -0.421143
v -0.343018 -0.239990 -0.412354
v -0.316162 -0.228271 -0.430420
v -0.314697 -0.229248 -0.408447
v -0.316650 -0.230225 -0.407959
v -0.323486 -0.232178 -0.421631
v -0.337646 -0.232666 -0.427002
v -0.337646 -0.229736 -0.427979
v -0.336670 -0.221924 -0.425049
v -0.338135 -0.218994 -0.423584
v -0.332275 -0.233643 -0.413818
v -0.337646 -0.234131 -0.421143
v -0.341064 -0.229248 -0.412842
v -0.313232 -0.242432 -0.403564
v -0.314697 -0.244873 -0.401611
v -0.317627 -0.242432 -0.405518
v -0.318604 -0.243408 -0.399658
v -0.319092 -0.248779 -0.397217
v -0.318115 -0.247803 -0.395752
v -0.315674 -0.243408 -0.397217
v -0.319580 -0.242920 -0.397705
v -0.322998 -0.249268 -0.403076
v -0.321533 -0.249756 -0.399170
v -0.322510 -0.249268 -0.401611
v -0.322998 -0.246826 -0.402100
v -0.321533 -0.247314 -0.398193
v -0.327393 -0.242920 -0.398193
v -0.324951 -0.242432 -0.393799
v -0.316162 -0.241943 -0.394775
v -0.318604 -0.237549 -0.392822
v -0.320557 -0.241943 -0.403564
v -0.321045 -0.241943 -0.401611
v -0.323486 -0.237061 -0.399658
v -0.326904 -0.238525 -0.398193
v -0.324463 -0.239990 -0.393799
v -0.322021 -0.237549 -0.395264
v -0.322998 -0.244873 -0.388916
v -0.322998 -0.238037 -0.388428
v -0.334717 -0.244385 -0.394775
v -0.334717 -0.238525 -0.394287
v -0.329834 -0.245850 -0.385498
v -0.333252 -0.243896 -0.389404
v -0.332764 -0.239502 -0.389404
v -0.329346 -0.238037 -0.385010
v -0.313721 -0.229736 -0.405518
v -0.315674 -0.227783 -0.398682
v -0.318115 -0.228760 -0.402100
v -0.319092 -0.232178 -0.395752
v -0.317139 -0.232178 -0.393311
v -0.313232 -0.229736 -0.395752
v -0.322021 -0.231689 -0.399658
v -0.322510 -0.231689 -0.400146
v -0.320557 -0.231201 -0.395752
v -0.314697 -0.219482 -0.402588
v -0.326904 -0.226318 -0.404541
v -0.323975 -0.223389 -0.398193
v -0.321045 -0.222900 -0.394287
v -0.318604 -0.231689 -0.389893
v -0.323486 -0.230225 -0.381592
v -0.320068 -0.224365 -0.388916
v -0.326904 -0.218994 -0.388916
v -0.324463 -0.221436 -0.384033
v -0.340088 -0.232666 -0.404541
v -0.338623 -0.231689 -0.391846
v -0.332275 -0.225342 -0.404541
v -0.329346 -0.219971 -0.393799
v -0.337646 -0.220947 -0.403564
v -0.333252 -0.231689 -0.382568
v -0.337646 -0.232178 -0.386475
v -0.335693 -0.223877 -0.390381
v -0.334229 -0.222900 -0.385498
v -0.330322 -0.224854 -0.381104
v -0.350342 -0.243896 -0.430908
v -0.350342 -0.242432 -0.419678
v -0.356201 -0.242432 -0.421631
v -0.373291 -0.235596 -0.429932
v -0.370361 -0.234619 -0.419189
v -0.356689 -0.230713 -0.433838
v -0.354736 -0.230225 -0.430908
v -0.346924 -0.230713 -0.421143
v -0.343994 -0.229736 -0.410400
v -0.360107 -0.220947 -0.418701
v -0.353271 -0.242920 -0.403564
v -0.347900 -0.239014 -0.406006
v -0.364990 -0.244873 -0.400635
v -0.372314 -0.245361 -0.400146
v -0.365967 -0.236572 -0.398682
v -0.354736 -0.230713 -0.401123
v -0.355713 -0.234131 -0.398193
v -0.345947 -0.226318 -0.396240
v -0.359131 -0.223877 -0.393799
v -0.352783 -0.218994 -0.392822
v -0.314697 -0.206787 -0.424072
v -0.321045 -0.210205 -0.423096
v -0.326416 -0.211670 -0.421631
v -0.319580 -0.210205 -0.421631
v -0.339600 -0.211670 -0.420654
v -0.340576 -0.203369 -0.421143
v -0.324951 -0.201904 -0.422607
v -0.341064 -0.196533 -0.426514
v -0.328369 -0.195068 -0.426025
v -0.322021 -0.216553 -0.400635
v -0.319092 -0.210205 -0.399658
v -0.328857 -0.213135 -0.399170
v -0.337158 -0.218018 -0.396729
v -0.358643 -0.214111 -0.425537
v -0.349854 -0.207764 -0.421143
v -0.372314 -0.212646 -0.425049
v -0.365479 -0.203369 -0.426514
v -0.353760 -0.197510 -0.427979
v -0.346924 -0.213623 -0.392822
v -0.357178 -0.214111 -0.391846
v -0.353760 -0.189697 -0.387939
v -0.363525 -0.201416 -0.394287
v -0.369385 -0.195557 -0.394287
v -0.269775 -0.181885 -0.443604
v -0.251221 -0.169678 -0.443604
v -0.274170 -0.177979 -0.415771
v -0.277100 -0.175049 -0.414307
v -0.253662 -0.164307 -0.415283
v -0.255615 -0.160400 -0.413818
v -0.280029 -0.172607 -0.395752
v -0.277588 -0.175049 -0.392822
v -0.257080 -0.156982 -0.395264
v -0.256104 -0.159912 -0.392334
v -0.293701 -0.187256 -0.387939
v -0.295166 -0.126709 -0.388428
v -0.297119 -0.128662 -0.387939
v -0.312744 -0.158447 -0.447998
v -0.349365 -0.130127 -0.447998
v -0.340576 -0.187256 -0.431885
v -0.342529 -0.187256 -0.431885
v -0.312744 -0.158936 -0.392334
v -0.312744 -0.157471 -0.389893
v -0.358643 -0.184814 -0.387939
v -0.313721 -0.130127 -0.394287
v -0.312744 -0.125244 -0.388428
v -0.347412 -0.133057 -0.391357
v -0.348389 -0.130127 -0.395752
v -0.351807 -0.133057 -0.386963
v -0.357178 -0.126221 -0.388916
v -0.355713 -0.125732 -0.387939
v -0.360107 -0.130127 -0.387939
v -0.361084 -0.130615 -0.388428
v -0.293701 -0.248779 -0.364990
v -0.299072 -0.222412 -0.364990
v -0.291260 -0.247314 -0.336670
v -0.294189 -0.248779 -0.334229
v -0.288330 -0.246338 -0.314697
v -0.291748 -0.247803 -0.315674
v -0.296631 -0.222412 -0.336670
v -0.293213 -0.222412 -0.313232
v -0.300049 -0.222412 -0.334229
v -0.297119 -0.222412 -0.315674
v -0.294189 -0.196045 -0.364990
v -0.291748 -0.197510 -0.336182
v -0.294678 -0.196045 -0.334229
v -0.288818 -0.198975 -0.314209
v -0.292236 -0.197510 -0.315674
v -0.272217 -0.239014 -0.300049
v -0.272705 -0.239014 -0.293213
v -0.274658 -0.239990 -0.290771
v -0.276123 -0.222412 -0.300049
v -0.276123 -0.222412 -0.293213
v -0.278564 -0.222412 -0.290771
v -0.283936 -0.243896 -0.293213
v -0.281494 -0.242920 -0.290771
v -0.288818 -0.222412 -0.293213
v -0.285889 -0.222412 -0.290771
v -0.272705 -0.205322 -0.299561
v -0.272705 -0.205322 -0.292725
v -0.275146 -0.204346 -0.290283
v -0.263428 -0.191162 -0.299561
v -0.263428 -0.191162 -0.292236
v -0.265381 -0.189209 -0.290283
v -0.281982 -0.201904 -0.290771
v -0.284424 -0.200928 -0.292725
v -0.279541 -0.173584 -0.364502
v -0.257080 -0.158447 -0.363525
v -0.277588 -0.176025 -0.335693
v -0.280029 -0.173584 -0.333740
v -0.275635 -0.178467 -0.313721
v -0.278076 -0.176025 -0.315186
v -0.256592 -0.161865 -0.335205
v -0.258057 -0.158447 -0.332764
v -0.257080 -0.161377 -0.314209
v -0.307861 -0.133545 -0.344971
v -0.250244 -0.178955 -0.289795
v -0.253174 -0.172119 -0.289795
v -0.270264 -0.184326 -0.290283
v -0.272217 -0.182373 -0.292725
v -0.255615 -0.164795 -0.311768
v -0.254150 -0.169678 -0.291748
v -0.302002 -0.182861 -0.311768
v -0.306396 -0.186768 -0.311768
v -0.302979 -0.133057 -0.311768
v -0.312744 -0.159912 -0.355225
v -0.312744 -0.156006 -0.351318
v -0.312744 -0.132568 -0.351318
v -0.347412 -0.133057 -0.344971
v -0.351318 -0.133057 -0.349365
v -0.350342 -0.183350 -0.311768
v -0.354736 -0.179443 -0.311768
v -0.358643 -0.136963 -0.311768
v -0.354736 -0.133057 -0.311768
v -0.385498 -0.247803 -0.432861
v -0.379150 -0.221436 -0.425049
v -0.379150 -0.208252 -0.431396
v -0.281494 -0.118408 -0.448975
v -0.286865 -0.113037 -0.448975
v -0.252686 -0.079346 -0.442139
v -0.258545 -0.079346 -0.447998
v -0.264404 -0.079346 -0.442139
v -0.285889 -0.123291 -0.394287
v -0.291748 -0.117432 -0.394287
v -0.373779 -0.118896 -0.448975
v -0.368408 -0.113525 -0.448975
v -0.326416 -0.079346 -0.453857
v -0.326416 -0.087646 -0.447998
v -0.326416 -0.079346 -0.447998
v -0.320557 -0.079346 -0.442139
v -0.333252 -0.087646 -0.441162
v -0.333252 -0.079346 -0.447998
v -0.364014 -0.117920 -0.394287
v -0.369385 -0.123779 -0.394287
v -0.333252 -0.070068 -0.437256
v -0.343018 -0.020752 -0.447998
v -0.348389 -0.024658 -0.447998
v -0.347900 -0.017334 -0.447998
v -0.313232 -0.019287 -0.399170
v -0.313232 -0.023193 -0.394287
v -0.313232 -0.015869 -0.391357
v -0.343018 -0.019287 -0.400146
v -0.347900 -0.023193 -0.395752
v -0.347900 -0.015381 -0.392822
v -0.296631 -0.000244 -0.284424
v -0.329346 -0.057861 -0.281494
v -0.329346 -0.054932 -0.284424
v -0.345459 -0.056396 -0.281494
v -0.345459 -0.053467 -0.284424
v -0.348389 -0.052979 -0.281494
v -0.324951 -0.008057 -0.284424
v -0.320068 -0.004150 -0.281494
v -0.324951 -0.005127 -0.281494
v -0.341064 -0.006592 -0.284424
v -0.338623 -0.002686 -0.281494
v -0.341064 -0.003174 -0.281494
v -0.344482 -0.006104 -0.281494
v -0.387939 -0.079346 -0.499756
v -0.396729 -0.088135 -0.497314
v -0.399170 -0.070557 -0.497314
v -0.385010 -0.079346 -0.453857
v -0.387939 -0.088135 -0.441162
v -0.379150 -0.079346 -0.447998
v -0.393799 -0.088135 -0.447021
v -0.389404 -0.070068 -0.440186
v -0.398193 -0.070557 -0.447021
v -0.308350 -0.182861 -0.248291
v -0.303955 -0.178955 -0.248291
v -0.303955 -0.133545 -0.248291
v -0.314697 -0.174072 -0.204346
v -0.312744 -0.170654 -0.208252
v -0.349365 -0.182373 -0.248291
v -0.353760 -0.178467 -0.248291
v -0.312744 -0.153076 -0.208252
v -0.351318 -0.136475 -0.248291
v -0.355225 -0.140381 -0.248291
v -0.328369 -0.174561 -0.177002
v -0.330322 -0.170654 -0.173096
v -0.330322 -0.153076 -0.173096
v -0.367920 -0.187744 -0.063232
v -0.362061 -0.191650 -0.039795
v -0.361572 -0.187744 -0.043701
v -0.365967 -0.187744 -0.040771
v -0.369385 -0.197510 -0.023193
v -0.364502 -0.191650 -0.025146
v -0.372803 -0.193115 -0.028076
v -0.367432 -0.188232 -0.029053
v -0.374268 -0.197510 -0.001709
v -0.370850 -0.187744 -0.013428
v -0.252197 -0.180908 -0.016357
v -0.256104 -0.177002 -0.019775
v -0.256104 -0.156494 -0.019775
v -0.308838 -0.186768 -0.058350
v -0.308350 -0.182861 -0.062256
v -0.305420 -0.182373 -0.057861
v -0.304932 -0.132568 -0.057861
v -0.308838 -0.130615 -0.062256
v -0.309326 -0.126709 -0.058350
v -0.367432 -0.183838 -0.067139
v -0.371826 -0.183838 -0.063721
v -0.367920 -0.131592 -0.067139
v -0.372314 -0.131592 -0.063721
v -0.368408 -0.127686 -0.063232
v -0.355713 -0.186768 -0.057861
v -0.359619 -0.182861 -0.057861
v -0.374756 -0.183838 -0.014893
v -0.362061 -0.145752 -0.043701
v -0.366455 -0.145752 -0.040771
v -0.355713 -0.133057 -0.057861
v -0.359619 -0.136963 -0.057861
v -0.367920 -0.145752 -0.029541
v -0.367920 -0.145752 -0.029053
v -0.373291 -0.145752 -0.028564
v -0.371338 -0.127686 -0.013428
v -0.377197 -0.200439 -0.003662
v -0.378174 -0.193115 -0.005127
v -0.384521 -0.194580 -0.007568
v -0.378662 -0.145752 -0.005615
v -0.375244 -0.131592 -0.014893
v -0.311768 -0.005615 -0.156494
v -0.311768 -0.009521 -0.152100
v -0.311768 -0.009521 -0.130127
v -0.311768 -0.005615 -0.125732
v -0.343994 -0.031982 -0.217529
v -0.342041 -0.014893 -0.235107
v -0.342041 -0.014893 -0.200439
v -0.345947 -0.014404 -0.232666
v -0.346924 -0.029053 -0.217529
v -0.345947 -0.014404 -0.202881
v -0.329346 -0.057861 -0.155029
v -0.329346 -0.054932 -0.152100
v -0.345459 -0.056396 -0.155029
v -0.345459 -0.053467 -0.152100
v -0.348389 -0.052979 -0.155029
v -0.338623 -0.003662 -0.156494
v -0.324951 -0.008057 -0.152100
v -0.320068 -0.004150 -0.155029
v -0.324951 -0.005127 -0.155029
v -0.339111 -0.007568 -0.152100
v -0.341064 -0.006592 -0.152100
v -0.338623 -0.002686 -0.155029
v -0.341064 -0.003174 -0.155029
v -0.343018 -0.003174 -0.152100
v -0.339111 -0.007568 -0.130127
v -0.338623 -0.003662 -0.125732
v -0.343018 -0.003174 -0.130127
v -0.344482 -0.006104 -0.155029
v -0.374756 -0.097900 -0.008545
v -0.385010 -0.105713 -0.012939
v -0.384033 -0.097900 -0.000244
v -0.384521 -0.091064 -0.013916
v -0.385498 -0.000244 -0.017334
v -0.221924 -0.465576 0.019287
v -0.221924 -0.445068 0.002686
v -0.228760 -0.442627 0.003174
v -0.221924 -0.447510 0.019775
v -0.228760 -0.444580 0.019775
v -0.221924 -0.463623 0.040283
v -0.221924 -0.457764 0.060303
v -0.221924 -0.446045 0.037354
v -0.228760 -0.443115 0.036865
v -0.221924 -0.441162 0.053955
v -0.228760 -0.438721 0.052979
v -0.221924 -0.448486 0.079346
v -0.217529 -0.416748 0.104248
v -0.217529 -0.416748 0.119385
v -0.221924 -0.432861 0.069580
v -0.229248 -0.430908 0.068115
v -0.222412 -0.422119 0.083252
v -0.229248 -0.420166 0.081299
v -0.229248 -0.407471 0.092529
v -0.222412 -0.435303 0.095459
v -0.230713 -0.429932 0.120850
v -0.226807 -0.427002 0.122803
v -0.234131 -0.427002 0.122803
v -0.230713 -0.424072 0.124756
v -0.220459 -0.420654 0.105713
v -0.222412 -0.419189 0.109131
v -0.223389 -0.416748 0.107666
v -0.230713 -0.420654 0.099854
v -0.230713 -0.416748 0.096436
v -0.230713 -0.416748 0.103271
v -0.222412 -0.408936 0.094971
v -0.220459 -0.412842 0.105713
v -0.230713 -0.412842 0.099854
v -0.223389 -0.416748 0.115967
v -0.220459 -0.420654 0.117920
v -0.230713 -0.416748 0.113525
v -0.230713 -0.420654 0.123779
v -0.227783 -0.416748 0.118896
v -0.230713 -0.416748 0.120361
v -0.220459 -0.412842 0.117920
v -0.230713 -0.412842 0.123779
v -0.226807 -0.406494 0.123291
v -0.230713 -0.409912 0.124756
v -0.240479 -0.421143 0.105713
v -0.237549 -0.416748 0.107666
v -0.243896 -0.416748 0.104248
v -0.240967 -0.412842 0.105713
v -0.234619 -0.416748 0.116943
v -0.237549 -0.416748 0.115967
v -0.240479 -0.421143 0.117920
v -0.243896 -0.417236 0.119385
v -0.240967 -0.412842 0.117920
v -0.234619 -0.406982 0.123291
v -0.222900 -0.393311 0.103271
v -0.229736 -0.392334 0.100830
v -0.222900 -0.400635 0.119873
v -0.230713 -0.403564 0.121338
v -0.222900 -0.376709 0.108643
v -0.229736 -0.376221 0.106201
v -0.211182 -0.462646 0.164795
v -0.207764 -0.458740 0.164795
v -0.211182 -0.458740 0.160889
v -0.210693 -0.463135 0.208252
v -0.206787 -0.459229 0.208252
v -0.210693 -0.459229 0.212158
v -0.217041 -0.416260 0.140869
v -0.217529 -0.416748 0.153564
v -0.208740 -0.414307 0.165283
v -0.212646 -0.414307 0.161865
v -0.212646 -0.410400 0.165771
v -0.215576 -0.410889 0.171143
v -0.218506 -0.410889 0.168213
v -0.230713 -0.430420 0.136475
v -0.226807 -0.427002 0.134521
v -0.234131 -0.427002 0.134521
v -0.230713 -0.424072 0.133057
v -0.231201 -0.432373 0.155518
v -0.220947 -0.416748 0.135986
v -0.230713 -0.416748 0.127197
v -0.230713 -0.416748 0.130615
v -0.230713 -0.421143 0.134033
v -0.230713 -0.417236 0.137451
v -0.230713 -0.412842 0.134033
v -0.226807 -0.406982 0.135010
v -0.230713 -0.409912 0.133057
v -0.219482 -0.420654 0.141846
v -0.223389 -0.416748 0.141846
v -0.220459 -0.421143 0.152100
v -0.223389 -0.416748 0.150146
v -0.231201 -0.421631 0.146729
v -0.226807 -0.416748 0.140869
v -0.230713 -0.417236 0.144287
v -0.227295 -0.420654 0.151123
v -0.231201 -0.420166 0.155518
v -0.230713 -0.417236 0.154541
v -0.220459 -0.412842 0.140869
v -0.220459 -0.412842 0.152100
v -0.231689 -0.411377 0.147217
v -0.227295 -0.412354 0.151611
v -0.231689 -0.413330 0.156006
v -0.240479 -0.421143 0.139893
v -0.243896 -0.417236 0.138428
v -0.240967 -0.413330 0.140381
v -0.234619 -0.406982 0.135010
v -0.234619 -0.417236 0.140869
v -0.237549 -0.417236 0.141846
v -0.235596 -0.421143 0.151123
v -0.240479 -0.421143 0.152100
v -0.237549 -0.417236 0.150146
v -0.243896 -0.417236 0.153564
v -0.235596 -0.412354 0.151611
v -0.240967 -0.413330 0.152100
v -0.231201 -0.432373 0.169678
v -0.227295 -0.428467 0.157471
v -0.231201 -0.424561 0.159424
v -0.227295 -0.428467 0.169678
v -0.231201 -0.424561 0.170166
v -0.235596 -0.428467 0.157471
v -0.235596 -0.428467 0.169678
v -0.230713 -0.421143 0.157959
v -0.230713 -0.417236 0.161377
v -0.230713 -0.413330 0.157959
v -0.231689 -0.408936 0.159424
v -0.231689 -0.409424 0.170166
v -0.244385 -0.410889 0.168213
v -0.249756 -0.410889 0.165771
v -0.247314 -0.410889 0.171143
v -0.230713 -0.403564 0.136963
v -0.222900 -0.380615 0.126221
v -0.227783 -0.405029 0.157959
v -0.231689 -0.401123 0.156494
v -0.227783 -0.405029 0.170654
v -0.231689 -0.401123 0.170654
v -0.235596 -0.405029 0.157959
v -0.235596 -0.405518 0.170654
v -0.215088 -0.410889 0.202393
v -0.208252 -0.414307 0.209229
v -0.211670 -0.414795 0.212646
v -0.212158 -0.410889 0.209229
v -0.218018 -0.410889 0.205322
v -0.247803 -0.411377 0.202393
v -0.244873 -0.411377 0.205322
v -0.230225 -0.359131 0.108154
v -0.223389 -0.359131 0.111084
v -0.230713 -0.342041 0.106689
v -0.223389 -0.341064 0.109619
v -0.223877 -0.324463 0.104736
v -0.230713 -0.325439 0.102295
v -0.224365 -0.317627 0.121338
v -0.224854 -0.268799 0.006104
v -0.231689 -0.271240 0.006592
v -0.224854 -0.267334 0.023682
v -0.231689 -0.270264 0.023682
v -0.225342 -0.250732 0.003174
v -0.224854 -0.269287 0.041260
v -0.231689 -0.272217 0.040283
v -0.224854 -0.274658 0.057861
v -0.231689 -0.277100 0.056396
v -0.225342 -0.251709 0.044678
v -0.218506 -0.284912 0.104736
v -0.224854 -0.283447 0.072998
v -0.231689 -0.285400 0.071533
v -0.224365 -0.294678 0.086182
v -0.231201 -0.296631 0.084229
v -0.224365 -0.308350 0.096924
v -0.231201 -0.310303 0.094482
v -0.224365 -0.299072 0.112061
v -0.232178 -0.299072 0.121826
v -0.221924 -0.289307 0.106689
v -0.232178 -0.289307 0.100342
v -0.224854 -0.281982 0.098877
v -0.224854 -0.284912 0.108643
v -0.232178 -0.284912 0.096924
v -0.232178 -0.284912 0.104248
v -0.221924 -0.289307 0.118896
v -0.232178 -0.290283 0.115479
v -0.228760 -0.295654 0.123779
v -0.228760 -0.289307 0.118896
v -0.232178 -0.289795 0.124756
v -0.224854 -0.284912 0.116943
v -0.218994 -0.284912 0.120850
v -0.232178 -0.285400 0.121338
v -0.232178 -0.285400 0.122314
v -0.228760 -0.282471 0.118896
v -0.242432 -0.289795 0.106689
v -0.239502 -0.285400 0.108643
v -0.245361 -0.285400 0.104736
v -0.236084 -0.295654 0.123779
v -0.235596 -0.289795 0.119385
v -0.242432 -0.289795 0.118896
v -0.239502 -0.285400 0.116943
v -0.245361 -0.285400 0.120850
v -0.225342 -0.268311 0.083252
v -0.225342 -0.258057 0.064697
v -0.221924 -0.280518 0.106689
v -0.232178 -0.280518 0.100830
v -0.221924 -0.280518 0.118896
v -0.232178 -0.279541 0.115967
v -0.232178 -0.271240 0.122314
v -0.242432 -0.281006 0.106689
v -0.236084 -0.281006 0.119385
v -0.236084 -0.274658 0.124268
v -0.242432 -0.281006 0.118896
v -0.223389 -0.359131 0.128662
v -0.223877 -0.338135 0.127197
v -0.218018 -0.284912 0.139404
v -0.218018 -0.285400 0.155518
v -0.232178 -0.299072 0.137939
v -0.232178 -0.292725 0.125732
v -0.228760 -0.295654 0.135986
v -0.232178 -0.292725 0.134033
v -0.231689 -0.289795 0.135010
v -0.232178 -0.285400 0.128662
v -0.231689 -0.285400 0.131592
v -0.231689 -0.285400 0.138916
v -0.232178 -0.285400 0.138916
v -0.221436 -0.289307 0.141357
v -0.221436 -0.289795 0.153564
v -0.232666 -0.296143 0.151611
v -0.228760 -0.289795 0.153564
v -0.232666 -0.290771 0.149170
v -0.224365 -0.285400 0.143311
v -0.224365 -0.285400 0.152100
v -0.228271 -0.285400 0.142334
v -0.232178 -0.285400 0.145752
v -0.236084 -0.296143 0.135986
v -0.245361 -0.285400 0.139404
v -0.237061 -0.289795 0.153564
v -0.242432 -0.289795 0.141357
v -0.242432 -0.289795 0.153564
v -0.236084 -0.285400 0.142334
v -0.239014 -0.285400 0.143311
v -0.239014 -0.285400 0.152100
v -0.245361 -0.285400 0.155518
v -0.232666 -0.301025 0.163818
v -0.228760 -0.297119 0.163818
v -0.232666 -0.301514 0.172119
v -0.228760 -0.297119 0.172607
v -0.237061 -0.297119 0.163818
v -0.237061 -0.297119 0.172607
v -0.228760 -0.294678 0.156494
v -0.232666 -0.293213 0.163818
v -0.232666 -0.292236 0.159912
v -0.231689 -0.289795 0.159912
v -0.232666 -0.288818 0.157959
v -0.231689 -0.285400 0.156494
v -0.231689 -0.285400 0.163818
v -0.232666 -0.281982 0.158447
v -0.237061 -0.294678 0.156494
v -0.232178 -0.281006 0.125244
v -0.232178 -0.277588 0.125732
v -0.228271 -0.274658 0.125244
v -0.231689 -0.281006 0.135010
v -0.232178 -0.277588 0.134521
v -0.228271 -0.274658 0.136475
v -0.232178 -0.271240 0.138428
v -0.221436 -0.280518 0.141357
v -0.221436 -0.281006 0.154053
v -0.228760 -0.281006 0.154053
v -0.232666 -0.280029 0.149170
v -0.236084 -0.274658 0.136475
v -0.241943 -0.281006 0.141357
v -0.237061 -0.281006 0.154053
v -0.241943 -0.281006 0.154053
v -0.231689 -0.281006 0.159912
v -0.232666 -0.278076 0.162354
v -0.228760 -0.273682 0.160400
v -0.232666 -0.269775 0.158447
v -0.232666 -0.278076 0.173096
v -0.228760 -0.274170 0.173096
v -0.232666 -0.269775 0.173096
v -0.237061 -0.273682 0.160400
v -0.237061 -0.274170 0.173096
v -0.262451 -0.466064 0.019287
v -0.262451 -0.464111 0.040283
v -0.262451 -0.458740 0.060303
v -0.262451 -0.448975 0.079346
v -0.262451 -0.435791 0.095459
v -0.262939 -0.419678 0.109131
v -0.262939 -0.401123 0.119873
v -0.250244 -0.463135 0.164795
v -0.250244 -0.459229 0.160889
v -0.254150 -0.459229 0.164795
v -0.251221 -0.463623 0.208252
v -0.254639 -0.459717 0.208252
v -0.251221 -0.459717 0.212158
v -0.250244 -0.414795 0.161865
v -0.253662 -0.414795 0.165283
v -0.263428 -0.381104 0.126221
v -0.254639 -0.415283 0.209229
v -0.250732 -0.415283 0.212646
v -0.250732 -0.411377 0.209229
v -0.264404 -0.318604 0.121338
v -0.265869 -0.251709 0.003174
v -0.265869 -0.252197 0.044678
v -0.264893 -0.299561 0.112061
v -0.265381 -0.282959 0.098877
v -0.265381 -0.269287 0.083252
v -0.265869 -0.259033 0.064697
v -0.263916 -0.360107 0.128662
v -0.264404 -0.338623 0.127197
v -0.091064 -0.188721 0.057861
v -0.094482 -0.192139 0.057861
v -0.123291 -0.202393 0.052490
v -0.123291 -0.197510 0.057861
v -0.117432 -0.193115 0.057373
v -0.121338 -0.189697 0.057373
v -0.038330 -0.180420 0.057861
v -0.045654 -0.180420 0.057373
v -0.034912 -0.173096 0.057861
v -0.042725 -0.176514 0.056885
v -0.049072 -0.174072 0.057373
v -0.090576 -0.184814 0.009033
v -0.090576 -0.184814 0.026123
v -0.090576 -0.162354 0.026123
v -0.091064 -0.168701 0.057861
v -0.114502 -0.185791 0.008545
v -0.114502 -0.185791 0.025635
v -0.114990 -0.163330 0.025635
v -0.101807 -0.179443 0.055420
v -0.121338 -0.169678 0.057373
v -0.123779 -0.156006 0.057861
v -0.101807 -0.182861 0.106201
v -0.101807 -0.176025 0.102783
v -0.101807 -0.182861 0.114014
v -0.101807 -0.176025 0.117432
v -0.008545 -0.188232 0.191650
v -0.011475 -0.188232 0.213135
v -0.018799 -0.188721 0.196533
v -0.027100 -0.189209 0.219482
v -0.031494 -0.189209 0.200439
v -0.042236 -0.189697 0.201904
v -0.052979 -0.190186 0.199951
v -0.042236 -0.189697 0.220947
v -0.057373 -0.190674 0.219482
v -0.091064 -0.188721 0.153564
v -0.091064 -0.188721 0.160889
v -0.085693 -0.191650 0.182861
v -0.082764 -0.188232 0.180420
v -0.092041 -0.192139 0.173584
v -0.088623 -0.188232 0.172119
v -0.094482 -0.192139 0.153564
v -0.117432 -0.193115 0.153564
v -0.121338 -0.189697 0.153564
v -0.094482 -0.192139 0.160889
v -0.095947 -0.189697 0.157471
v -0.093994 -0.187744 0.157471
v -0.116455 -0.190674 0.156982
v -0.117432 -0.193115 0.160400
v -0.118896 -0.188721 0.156982
v -0.121338 -0.189697 0.160400
v -0.112549 -0.193115 0.179443
v -0.116455 -0.189697 0.180908
v -0.065674 -0.190674 0.196045
v -0.076416 -0.191650 0.191162
v -0.073975 -0.187744 0.188232
v -0.072998 -0.191162 0.212646
v -0.074951 -0.187744 0.216064
v -0.090576 -0.192139 0.202881
v -0.093018 -0.188721 0.205811
v -0.101318 -0.192627 0.194092
v -0.104248 -0.189209 0.196533
v -0.001709 -0.184326 0.181396
v -0.002197 -0.164795 0.181396
v -0.010498 -0.184814 0.188721
v -0.010010 -0.184814 0.216553
v -0.020264 -0.185303 0.193115
v -0.010986 -0.164795 0.188721
v -0.010010 -0.164795 0.216553
v -0.020752 -0.165283 0.193115
v -0.026123 -0.185303 0.222900
v -0.026611 -0.165771 0.222900
v -0.032471 -0.185791 0.196533
v -0.038818 -0.180420 0.200439
v -0.042236 -0.186279 0.197998
v -0.046631 -0.180420 0.200439
v -0.035400 -0.173096 0.200439
v -0.042725 -0.176514 0.213135
v -0.052490 -0.186768 0.196533
v -0.050049 -0.174072 0.200439
v -0.032471 -0.165771 0.196533
v -0.042725 -0.166260 0.197998
v -0.052490 -0.166748 0.196533
v -0.042236 -0.186279 0.224854
v -0.058350 -0.186768 0.222900
v -0.042725 -0.166260 0.224854
v -0.058838 -0.167236 0.222900
v -0.091064 -0.168701 0.153564
v -0.093018 -0.168701 0.158936
v -0.083252 -0.168213 0.180420
v -0.088623 -0.168213 0.172119
v -0.103760 -0.156494 0.152588
v -0.121338 -0.169678 0.153564
v -0.101318 -0.182861 0.160889
v -0.100342 -0.182861 0.168213
v -0.099854 -0.176025 0.171143
v -0.102783 -0.176025 0.157959
v -0.101807 -0.179443 0.171143
v -0.118896 -0.169678 0.156982
v -0.121338 -0.169678 0.160400
v -0.116455 -0.169678 0.180908
v -0.100830 -0.153564 0.152588
v -0.103760 -0.153564 0.149658
v -0.101318 -0.131592 0.152588
v -0.104248 -0.131592 0.149658
v -0.064209 -0.187256 0.192627
v -0.064697 -0.167236 0.192627
v -0.074463 -0.167725 0.188232
v -0.074951 -0.167725 0.216064
v -0.093018 -0.168701 0.205811
v -0.104248 -0.169189 0.196533
v -0.104248 -0.156494 0.232666
v -0.101318 -0.153564 0.235596
v -0.101318 -0.131592 0.235596
v -0.125732 -0.197510 0.021240
v -0.125244 -0.202393 0.026611
v -0.130615 -0.197510 0.026611
v -0.128662 -0.197510 0.052490
v -0.225342 -0.249268 0.024170
v -0.126221 -0.156006 0.021240
v -0.129150 -0.156006 0.052490
v -0.215576 -0.241943 0.136963
v -0.215576 -0.245850 0.140869
v -0.211670 -0.241943 0.140869
v -0.221924 -0.245850 0.171143
v -0.218994 -0.245850 0.174072
v -0.246338 -0.246338 0.171143
v -0.249268 -0.246338 0.174072
v -0.216064 -0.212646 0.137451
v -0.212646 -0.212646 0.141357
v -0.216064 -0.209229 0.141357
v -0.218506 -0.246338 0.205811
v -0.210205 -0.242432 0.219482
v -0.214111 -0.246338 0.219482
v -0.214111 -0.242432 0.223389
v -0.221436 -0.246338 0.208740
v -0.247314 -0.246338 0.208740
v -0.210693 -0.213135 0.219971
v -0.214600 -0.213135 0.223877
v -0.214600 -0.209229 0.219971
v -0.242432 -0.211182 0.216553
v -0.236572 -0.207275 0.212646
v -0.242920 -0.210205 0.218994
v -0.248779 -0.205811 0.221436
v -0.131592 -0.157471 0.152588
v -0.131592 -0.154053 0.149658
v -0.134521 -0.154053 0.152588
v -0.132080 -0.132568 0.149658
v -0.135010 -0.132568 0.152588
v -0.132080 -0.157471 0.232178
v -0.179932 -0.157959 0.235107
v -0.135010 -0.154053 0.235596
v -0.135010 -0.132568 0.235107
v -0.182373 -0.154541 0.231689
v -0.182373 -0.128174 0.231689
v -0.218506 -0.179932 0.176514
v -0.214600 -0.176025 0.181396
v -0.214600 -0.155518 0.181396
v -0.236572 -0.129150 0.196533
v -0.246826 -0.128174 0.202393
v -0.173096 -0.029541 0.236572
v -0.184814 -0.028076 0.248291
v -0.243896 -0.032471 0.180420
v -0.206299 -0.062256 0.245850
v -0.029053 -0.203369 0.366943
v -0.025635 -0.207275 0.370361
v -0.058350 -0.204346 0.363525
v -0.063232 -0.218994 0.374268
v -0.062744 -0.208740 0.367432
v -0.024170 -0.146240 0.359619
v -0.029053 -0.144775 0.361572
v -0.060791 -0.145752 0.359131
v -0.024658 -0.227783 0.380127
v -0.028076 -0.232178 0.385498
v -0.015869 -0.227783 0.427490
v -0.018799 -0.231689 0.432373
v -0.061768 -0.229248 0.377686
v -0.058350 -0.233154 0.383057
v -0.023682 -0.217529 0.376709
v -0.006104 -0.218506 0.420654
v -0.012451 -0.214600 0.417725
v -0.004639 -0.214111 0.425537
v -0.015869 -0.217529 0.424072
v -0.042725 -0.203857 0.385498
v -0.042725 -0.207764 0.393311
v -0.043213 -0.207764 0.429932
v -0.006104 -0.231201 0.477295
v -0.002197 -0.226807 0.476807
v -0.009033 -0.231201 0.479736
v -0.010010 -0.227295 0.483154
v -0.043701 -0.232666 0.439697
v -0.044189 -0.232666 0.486084
v -0.044189 -0.228271 0.489502
v -0.003174 -0.215576 0.471924
v -0.001709 -0.216553 0.477295
v -0.010010 -0.215576 0.476807
v -0.010010 -0.216553 0.483643
v -0.008057 -0.210205 0.478271
v -0.045654 -0.216064 0.484131
v -0.044678 -0.218018 0.490479
v -0.046143 -0.210693 0.484619
v -0.072510 -0.219482 0.421631
v -0.069580 -0.233643 0.429932
v -0.072510 -0.229736 0.425049
v -0.086182 -0.226807 0.420166
v -0.080322 -0.222412 0.417236
v -0.091553 -0.230225 0.428467
v -0.087158 -0.234131 0.431885
v -0.090576 -0.221436 0.425537
v -0.093018 -0.219971 0.426025
v -0.092529 -0.223389 0.430420
v -0.095947 -0.221436 0.431396
v -0.102783 -0.220947 0.436279
v -0.096436 -0.216553 0.422607
v -0.106689 -0.216064 0.431396
v -0.107666 -0.216064 0.437256
v -0.081787 -0.233643 0.474365
v -0.084717 -0.234131 0.470947
v -0.081299 -0.229736 0.478760
v -0.089111 -0.230225 0.470459
v -0.082275 -0.218994 0.479736
v -0.090576 -0.219482 0.471436
v -0.081299 -0.217041 0.474365
v -0.083740 -0.211670 0.475830
v -0.088135 -0.217529 0.468994
v -0.092529 -0.212158 0.468994
v -0.042725 -0.176514 0.386963
v -0.042725 -0.144775 0.380127
v -0.042725 -0.144775 0.423584
v -0.179443 -0.211182 0.275146
v -0.185303 -0.215088 0.279053
v -0.187256 -0.213623 0.288330
v -0.131104 -0.223389 0.348877
v -0.125244 -0.219482 0.345459
v -0.132568 -0.221436 0.358643
v -0.139893 -0.221924 0.351807
v -0.144775 -0.226807 0.355713
v -0.152588 -0.221924 0.350830
v -0.154541 -0.225830 0.365479
v -0.162354 -0.220947 0.362061
v -0.162842 -0.221436 0.369873
v -0.138916 -0.217529 0.361084
v -0.192627 -0.219482 0.284912
v -0.197510 -0.223877 0.288818
v -0.202393 -0.219971 0.284912
v -0.211182 -0.218994 0.296631
v -0.206299 -0.222900 0.300049
v -0.193115 -0.209229 0.290771
v -0.211670 -0.218018 0.305420
v -0.203857 -0.189209 0.281494
v -0.212158 -0.188721 0.293213
v -0.159912 -0.157471 0.264404
v -0.157471 -0.154053 0.267822
v -0.157959 -0.127686 0.267822
v -0.177002 -0.127197 0.258545
v -0.127686 -0.132568 0.330811
v -0.139404 -0.130615 0.342529
v -0.156006 -0.126709 0.327393
v -0.162354 -0.125732 0.337646
v -0.162354 -0.125244 0.344482
v -0.195068 -0.180420 0.281006
v -0.205322 -0.172607 0.277588
v -0.201904 -0.179932 0.287842
v -0.212158 -0.184814 0.300537
v -0.205322 -0.178955 0.297119
v -0.213135 -0.171631 0.289307
v -0.212646 -0.169678 0.296143
v -0.205811 -0.143311 0.270752
v -0.212158 -0.142334 0.281006
v -0.197510 -0.136963 0.269287
v -0.188232 -0.125732 0.271240
v -0.211182 -0.129639 0.265381
v -0.217529 -0.128662 0.277100
v -0.212158 -0.141357 0.287842
v -0.205811 -0.135010 0.283936
v -0.015381 -0.017334 0.367920
v -0.076416 -0.022705 0.367920
v -0.095459 -0.003662 0.361084
v -0.105225 -0.003174 0.369873
v -0.015381 -0.109619 0.392334
v -0.003662 -0.107666 0.403564
v -0.004150 -0.090576 0.387451
v -0.004639 -0.086670 0.432373
v -0.011475 -0.086670 0.437256
v -0.049072 -0.087646 0.435791
v -0.009521 -0.090576 0.444580
v -0.009033 -0.081299 0.440674
v -0.049072 -0.091553 0.443115
v -0.049072 -0.082764 0.439209
v -0.077393 -0.114014 0.392334
v -0.089111 -0.112061 0.403564
v -0.096436 -0.098389 0.385498
v -0.106689 -0.097900 0.394287
v -0.108154 -0.097412 0.399658
v -0.097900 -0.093994 0.429932
v -0.090576 -0.093506 0.385498
v -0.093018 -0.089600 0.426514
v -0.086670 -0.089111 0.431885
v -0.089111 -0.083740 0.435303
v -0.096436 -0.088623 0.383057
v -0.100830 -0.092529 0.394775
v -0.101318 -0.092529 0.398193
v -0.106689 -0.088135 0.391357
v -0.107666 -0.087646 0.396729
v -0.097900 -0.084717 0.427490
v -0.089111 -0.093018 0.439209
v -0.003662 -0.015381 0.379150
v -0.088135 -0.020752 0.379150
v -0.106689 -0.002686 0.375244
v -0.146240 -0.119873 0.326416
v -0.152588 -0.119385 0.332275
v -0.155029 -0.117920 0.341064
v -0.158936 -0.113037 0.322998
v -0.166260 -0.111572 0.337646
v -0.126709 -0.068115 0.313232
v -0.138428 -0.066162 0.324463
v -0.206299 -0.080811 0.251709
v -0.210693 -0.080322 0.259033
v -0.211182 -0.079346 0.265869
v -0.195068 -0.072998 0.250244
v -0.200439 -0.072021 0.257080
v -0.200439 -0.071045 0.265869
v -0.156006 -0.040283 0.304932
v -0.142822 -0.031494 0.306396
v -0.153076 -0.037354 0.304932
v -0.150635 -0.023682 0.303955
v -0.162842 -0.038818 0.316162
v -0.162842 -0.035400 0.320557
v -0.150146 -0.029541 0.320557
v -0.156494 -0.022217 0.315674
v -0.209717 -0.061768 0.251709
v -0.209717 -0.060303 0.257568
v -0.265869 -0.249756 0.024170
v -0.295654 -0.190674 0.088135
v -0.342529 -0.188232 0.060791
v -0.319092 -0.194092 0.069580
v -0.313232 -0.188232 0.066650
v -0.324463 -0.188232 0.072021
v -0.336182 -0.193604 0.063721
v -0.349854 -0.187744 0.068604
v -0.345459 -0.193115 0.073486
v -0.296143 -0.140381 0.088135
v -0.335205 -0.140869 0.056885
v -0.335693 -0.140869 0.058838
v -0.343506 -0.148193 0.058350
v -0.341553 -0.140381 0.062256
v -0.345947 -0.132080 0.055420
v -0.351807 -0.131592 0.062256
v -0.350830 -0.187256 0.076416
v -0.349854 -0.148193 0.065186
v -0.350830 -0.147705 0.072510
v -0.344482 -0.140381 0.071045
v -0.352783 -0.131592 0.069580
v -0.253174 -0.242432 0.136963
v -0.253174 -0.246338 0.140869
v -0.256592 -0.242432 0.140869
v -0.253174 -0.213135 0.137451
v -0.256592 -0.213135 0.141357
v -0.253174 -0.209229 0.141357
v -0.300537 -0.211182 0.141357
v -0.305420 -0.215576 0.146240
v -0.311768 -0.214600 0.155029
v -0.309814 -0.210693 0.143799
v -0.308838 -0.191650 0.139893
v -0.250244 -0.246338 0.205811
v -0.254639 -0.246826 0.219482
v -0.254639 -0.242920 0.223389
v -0.258545 -0.242920 0.219482
v -0.257568 -0.209717 0.217041
v -0.255127 -0.213623 0.223877
v -0.258545 -0.213623 0.219971
v -0.262451 -0.213623 0.221924
v -0.254639 -0.209717 0.219971
v -0.267334 -0.208740 0.219482
v -0.275146 -0.208252 0.231689
v -0.270752 -0.213135 0.234619
v -0.274170 -0.207764 0.237549
v -0.315186 -0.209717 0.151611
v -0.314209 -0.191162 0.146729
v -0.314209 -0.190186 0.154541
v -0.315186 -0.209229 0.159424
v -0.252197 -0.180908 0.137451
v -0.256104 -0.177002 0.133057
v -0.272705 -0.186768 0.141846
v -0.278564 -0.181396 0.144775
v -0.256104 -0.156494 0.133057
v -0.296143 -0.184326 0.135986
v -0.301025 -0.184326 0.137939
v -0.310303 -0.177002 0.133545
v -0.307373 -0.183838 0.144287
v -0.308350 -0.183350 0.153076
v -0.279053 -0.137451 0.138428
v -0.261963 -0.133545 0.201904
v -0.251221 -0.127197 0.199951
v -0.257568 -0.126709 0.206787
v -0.260010 -0.126221 0.215576
v -0.267822 -0.133057 0.211670
v -0.266846 -0.131104 0.217529
v -0.316162 -0.176514 0.140869
v -0.316650 -0.176025 0.148193
v -0.388428 -0.200439 0.010986
v -0.393799 -0.194580 0.007080
v -0.392334 -0.194092 0.013916
v -0.296631 -0.095459 0.122314
v -0.306396 -0.105225 0.121338
v -0.306396 -0.084717 0.117432
v -0.312256 -0.084229 0.124756
v -0.336670 -0.073486 0.055420
v -0.343018 -0.073486 0.061768
v -0.346436 -0.082275 0.053467
v -0.351807 -0.082275 0.059814
v -0.346436 -0.065674 0.053955
v -0.351318 -0.065674 0.059814
v -0.316162 -0.095947 0.062744
v -0.326416 -0.095947 0.068604
v -0.352783 -0.082275 0.067139
v -0.344971 -0.073486 0.067627
v -0.351807 -0.065674 0.067139
v -0.270752 -0.002686 0.114502
v -0.279053 -0.002197 0.117432
v -0.337158 -0.000732 0.051514
v -0.343506 -0.000732 0.057861
v -0.345947 -0.008057 0.051025
v -0.350830 -0.008057 0.056885
v -0.351807 -0.008057 0.064209
v -0.344971 -0.000732 0.063721
v -0.311768 -0.104736 0.128174
v -0.302979 -0.094971 0.128662
v -0.304932 -0.094482 0.135010
v -0.271240 -0.072998 0.125244
v -0.279053 -0.072510 0.127197
v -0.262451 -0.119873 0.197998
v -0.268799 -0.119385 0.210205
v -0.312744 -0.104248 0.135498
v -0.312744 -0.083252 0.131592
v -0.254150 -0.038818 0.181396
v -0.254150 -0.026123 0.178467
v -0.251221 -0.031494 0.194580
v -0.260498 -0.038330 0.193115
v -0.260010 -0.025635 0.190186
v -0.385010 -0.097412 0.012939
v -0.394287 -0.105713 0.002686
v -0.392822 -0.105713 0.009521
v -0.393799 -0.090576 0.004639
v -0.395264 -0.000244 0.001709
v 0.403076 0.001709 -0.497314
v 0.390869 0.013916 -0.499756
v 0.404053 0.023682 -0.497314
v 0.400146 0.005127 -0.445068
v 0.394287 0.005615 -0.439209
v 0.386475 0.015381 -0.446533
v 0.401611 0.025146 -0.446533
v 0.395264 0.025146 -0.436768
v 0.310303 0.010010 -0.439209
v 0.301514 0.017334 -0.446533
v 0.275635 0.001709 -0.447998
v 0.270264 0.005615 -0.447998
v 0.275635 0.008545 -0.447998
v 0.308350 0.025146 -0.436768
v 0.270264 0.007080 -0.390869
v 0.275635 0.003174 -0.385986
v 0.275635 0.010986 -0.385986
v 0.250244 0.003174 -0.385010
v 0.252686 0.010498 -0.385498
v 0.274170 0.123291 -0.386475
v 0.250732 0.122803 -0.385498
v 0.314209 0.019287 -0.322021
v 0.318115 0.019287 -0.318604
v 0.314209 0.015869 -0.318604
v 0.313721 0.016357 -0.284424
v 0.317139 0.019775 -0.284424
v 0.313721 0.020264 -0.281006
v 0.333252 0.046631 -0.276611
v 0.325928 0.038818 -0.271729
v 0.312744 0.033936 -0.270752
v 0.313721 0.036865 -0.266357
v 0.313232 0.040283 -0.263916
v 0.315186 0.039795 -0.260010
v 0.316162 0.045166 -0.258545
v 0.313721 0.041748 -0.253662
v 0.329834 0.056396 -0.270752
v 0.327881 0.047607 -0.270752
v 0.317139 0.049561 -0.264404
v 0.314209 0.047119 -0.261963
v 0.314697 0.051514 -0.258057
v 0.313721 0.048584 -0.254639
v 0.313232 0.048096 -0.251709
v 0.316650 0.051025 -0.254150
v 0.320557 0.058838 -0.262939
v 0.314697 0.056396 -0.263916
v 0.312744 0.058350 -0.259033
v 0.318115 0.056396 -0.253174
v 0.316162 0.057861 -0.257080
v 0.316162 0.060303 -0.250244
v 0.290771 0.034912 -0.334717
v 0.290771 0.034912 -0.317627
v 0.290771 0.058350 -0.334717
v 0.290771 0.058350 -0.317627
v 0.280029 0.034912 -0.351318
v 0.267334 0.034912 -0.351318
v 0.280029 0.058350 -0.351318
v 0.267334 0.058350 -0.351318
v 0.267334 0.034912 -0.317627
v 0.267334 0.058350 -0.317627
v 0.281982 0.010986 -0.281494
v 0.300049 0.015381 -0.280518
v 0.309326 0.022217 -0.276611
v 0.300537 0.020752 -0.274170
v 0.300049 0.031006 -0.266846
v 0.291260 0.018799 -0.272705
v 0.289307 0.029053 -0.262451
v 0.285889 0.029053 -0.265381
v 0.278564 0.010986 -0.284424
v 0.278564 0.014404 -0.281494
v 0.276611 0.014893 -0.281494
v 0.262451 0.010986 -0.284424
v 0.262451 0.014404 -0.281494
v 0.258057 0.014893 -0.281494
v 0.279541 0.018311 -0.281494
v 0.277588 0.025146 -0.263916
v 0.267334 0.028564 -0.264893
v 0.293701 0.058838 -0.281494
v 0.293701 0.059326 -0.281494
v 0.301025 0.041748 -0.266846
v 0.297119 0.044678 -0.266846
v 0.312256 0.036377 -0.258545
v 0.309326 0.036377 -0.261475
v 0.306396 0.038818 -0.263428
v 0.308838 0.037354 -0.254150
v 0.304932 0.037354 -0.256592
v 0.304443 0.034912 -0.253174
v 0.300537 0.036865 -0.256104
v 0.309326 0.042236 -0.265381
v 0.307373 0.041260 -0.250732
v 0.308350 0.044189 -0.250244
v 0.306396 0.044189 -0.251221
v 0.302979 0.039795 -0.259033
v 0.303467 0.041748 -0.252197
v 0.301514 0.043701 -0.255615
v 0.302490 0.045166 -0.254639
v 0.302490 0.046631 -0.255127
v 0.304443 0.043701 -0.251709
v 0.284912 0.042236 -0.265869
v 0.296631 0.038330 -0.264893
v 0.294678 0.032471 -0.253174
v 0.281494 0.037842 -0.257080
v 0.289795 0.046143 -0.260498
v 0.292725 0.042725 -0.252686
v 0.284912 0.045654 -0.260498
v 0.308838 0.047119 -0.270752
v 0.309326 0.054443 -0.266846
v 0.310791 0.047607 -0.263916
v 0.311279 0.052979 -0.260010
v 0.307861 0.051025 -0.261963
v 0.308350 0.051025 -0.259521
v 0.310303 0.047607 -0.255615
v 0.310303 0.047119 -0.250732
v 0.307373 0.050049 -0.257568
v 0.307373 0.048584 -0.252686
v 0.305908 0.048096 -0.250732
v 0.311768 0.051025 -0.257080
v 0.303955 0.052979 -0.264893
v 0.304443 0.050049 -0.256104
v 0.303955 0.050537 -0.254150
v 0.304932 0.060791 -0.250732
v 0.302002 0.054932 -0.250732
v 0.289795 0.059326 -0.279541
v 0.292725 0.058838 -0.277100
v 0.288818 0.054932 -0.281006
v 0.288818 0.058838 -0.279541
v 0.284912 0.058838 -0.279053
v 0.284912 0.059326 -0.279053
v 0.282471 0.054443 -0.258057
v 0.287842 0.056885 -0.257080
v 0.279541 0.042236 -0.281494
v 0.276611 0.045166 -0.281494
v 0.267334 0.044189 -0.283447
v 0.259521 0.046631 -0.283447
v 0.259033 0.045166 -0.281494
v 0.272705 0.031494 -0.260986
v 0.267334 0.037354 -0.259033
v 0.273193 0.045166 -0.255127
v 0.260986 0.041748 -0.281006
v 0.273682 0.047119 -0.254639
v 0.276123 0.057861 -0.251221
v 0.261475 0.052490 -0.255127
v 0.263428 0.061279 -0.252686
v 0.327393 0.068604 -0.263428
v 0.320068 0.063232 -0.264893
v 0.314209 0.062744 -0.253174
v 0.315186 0.068115 -0.256104
v 0.323486 0.074951 -0.260010
v 0.320068 0.071533 -0.257080
v 0.319580 0.083740 -0.270752
v 0.325928 0.088135 -0.274658
v 0.321533 0.090088 -0.271240
v 0.312744 0.093506 -0.267822
v 0.327881 0.079346 -0.262939
v 0.319580 0.081299 -0.256592
v 0.314697 0.079834 -0.254150
v 0.323486 0.096436 -0.272705
v 0.315186 0.102295 -0.269775
v 0.315674 0.102783 -0.270264
v 0.317627 0.109131 -0.273193
v 0.316162 0.116943 -0.276611
v 0.313232 0.114014 -0.272217
v 0.292236 0.093506 -0.282471
v 0.306396 0.065186 -0.265381
v 0.310791 0.062744 -0.256104
v 0.307373 0.063232 -0.252197
v 0.303955 0.062744 -0.261963
v 0.302979 0.065674 -0.263916
v 0.300049 0.072998 -0.263428
v 0.298584 0.072021 -0.257568
v 0.289307 0.063232 -0.279541
v 0.292236 0.064209 -0.259033
v 0.292236 0.068115 -0.263916
v 0.289795 0.069092 -0.255615
v 0.293213 0.073975 -0.261963
v 0.291748 0.077881 -0.252197
v 0.286377 0.074951 -0.260986
v 0.309814 0.083252 -0.267334
v 0.307861 0.093506 -0.267822
v 0.300537 0.087158 -0.270264
v 0.303955 0.091064 -0.269287
v 0.304932 0.082275 -0.263916
v 0.308838 0.078369 -0.252686
v 0.303955 0.079346 -0.258545
v 0.305420 0.087646 -0.261475
v 0.306885 0.088135 -0.258057
v 0.308838 0.092529 -0.259521
v 0.307373 0.093018 -0.262939
v 0.304932 0.093018 -0.264893
v 0.305908 0.092529 -0.254150
v 0.302979 0.088623 -0.263428
v 0.301025 0.086182 -0.258057
v 0.299072 0.087158 -0.260498
v 0.302979 0.087158 -0.255127
v 0.299072 0.089111 -0.253662
v 0.302002 0.093506 -0.251709
v 0.295166 0.092529 -0.266357
v 0.285889 0.093506 -0.265869
v 0.294678 0.083740 -0.260986
v 0.284424 0.084717 -0.260498
v 0.296631 0.090088 -0.257080
v 0.295654 0.090576 -0.257568
v 0.289307 0.090576 -0.254150
v 0.287354 0.088135 -0.265381
v 0.280518 0.062744 -0.256104
v 0.256592 0.063721 -0.255615
v 0.265381 0.070557 -0.250732
v 0.278564 0.086670 -0.260986
v 0.280518 0.089600 -0.251221
v 0.268799 0.090088 -0.261963
v 0.295166 0.095947 -0.285400
v 0.295654 0.095947 -0.284424
v 0.292236 0.093994 -0.281982
v 0.292725 0.096436 -0.283447
v 0.292725 0.096924 -0.282959
v 0.289307 0.097412 -0.282471
v 0.289307 0.097412 -0.281982
v 0.292725 0.099365 -0.284912
v 0.292236 0.099854 -0.284912
v 0.310303 0.097900 -0.269287
v 0.302979 0.095947 -0.270752
v 0.302979 0.098389 -0.265869
v 0.305908 0.104248 -0.272705
v 0.304932 0.102783 -0.266357
v 0.304932 0.106201 -0.266357
v 0.308350 0.109131 -0.267334
v 0.301025 0.102295 -0.270264
v 0.300537 0.107666 -0.272217
v 0.309814 0.095459 -0.262451
v 0.306396 0.097412 -0.264404
v 0.305420 0.098877 -0.262451
v 0.307373 0.099365 -0.260010
v 0.305908 0.098389 -0.260986
v 0.304932 0.098877 -0.258057
v 0.307373 0.097412 -0.257568
v 0.298096 0.093994 -0.262451
v 0.303467 0.097900 -0.262939
v 0.302490 0.099854 -0.264404
v 0.302490 0.098877 -0.258545
v 0.300537 0.099365 -0.260498
v 0.299561 0.099365 -0.260010
v 0.298096 0.098389 -0.259521
v 0.298096 0.096436 -0.253662
v 0.303955 0.098389 -0.254639
v 0.303467 0.101318 -0.255615
v 0.301514 0.099854 -0.257080
v 0.300049 0.098877 -0.256592
v 0.298584 0.099854 -0.255127
v 0.299561 0.101318 -0.251709
v 0.309326 0.102295 -0.262451
v 0.307861 0.102295 -0.265381
v 0.307861 0.104248 -0.258545
v 0.308838 0.105713 -0.261963
v 0.307373 0.106201 -0.264893
v 0.306885 0.108643 -0.259521
v 0.305420 0.108154 -0.257080
v 0.298584 0.102295 -0.258545
v 0.298584 0.105713 -0.259033
v 0.298584 0.106201 -0.258545
v 0.300537 0.109131 -0.260986
v 0.303467 0.105225 -0.255127
v 0.300537 0.101807 -0.256104
v 0.301025 0.106201 -0.256592
v 0.301025 0.105713 -0.252686
v 0.300537 0.105713 -0.256592
v 0.293701 0.097412 -0.280029
v 0.284424 0.098877 -0.268311
v 0.292725 0.103271 -0.269287
v 0.294189 0.109131 -0.269287
v 0.296631 0.100342 -0.258057
v 0.296143 0.095947 -0.257080
v 0.293213 0.098389 -0.252197
v 0.291748 0.099365 -0.255127
v 0.287842 0.097412 -0.264404
v 0.286865 0.097412 -0.257080
v 0.291748 0.105225 -0.258057
v 0.287354 0.106689 -0.265381
v 0.287842 0.102783 -0.253174
v 0.287842 0.108154 -0.253174
v 0.310791 0.111572 -0.269287
v 0.300537 0.115479 -0.268311
v 0.297607 0.116943 -0.268311
v 0.308838 0.118896 -0.272217
v 0.304932 0.117432 -0.269775
v 0.302490 0.109619 -0.263428
v 0.304443 0.109619 -0.261475
v 0.302979 0.110107 -0.258545
v 0.298096 0.111572 -0.255127
v 0.299072 0.110596 -0.251709
v 0.289795 0.123779 -0.268799
v 0.283936 0.120361 -0.266846
v 0.296143 0.110596 -0.258057
v 0.291260 0.112061 -0.255127
v 0.292725 0.112549 -0.252197
v 0.288818 0.112061 -0.265381
v 0.267334 0.113037 -0.283936
v 0.267334 0.123779 -0.283936
v 0.259521 0.111084 -0.286865
v 0.278564 0.097412 -0.260010
v 0.268799 0.097412 -0.261963
v 0.279541 0.107178 -0.263916
v 0.278564 0.108154 -0.260986
v 0.268799 0.104248 -0.261963
v 0.263428 0.097412 -0.264404
v 0.278076 0.116943 -0.265869
v 0.281006 0.124756 -0.269775
v 0.267334 0.117432 -0.277100
v 0.267334 0.119385 -0.277100
v 0.260986 0.117920 -0.281006
v 0.259521 0.117432 -0.273682
v 0.259521 0.119385 -0.273682
v 0.404053 0.145752 -0.497314
v 0.401611 0.146240 -0.446533
v 0.390869 0.156494 -0.499756
v 0.404053 0.166260 -0.497314
v 0.401611 0.166260 -0.445557
v 0.395264 0.165771 -0.439209
v 0.386963 0.156982 -0.447998
v 0.395264 0.146240 -0.436768
v 0.344971 0.144775 -0.445068
v 0.334229 0.144775 -0.445068
v 0.344482 0.170654 -0.445068
v 0.333740 0.170654 -0.445068
v 0.338623 0.149170 -0.418701
v 0.338623 0.149170 -0.407959
v 0.350342 0.186768 -0.388428
v 0.338623 0.166260 -0.418701
v 0.338623 0.166260 -0.407959
v 0.304932 0.144287 -0.445068
v 0.301514 0.154053 -0.447998
v 0.294189 0.144287 -0.445068
v 0.274170 0.125244 -0.447998
v 0.268311 0.128662 -0.447998
v 0.273193 0.132568 -0.447998
v 0.308350 0.161865 -0.439209
v 0.304443 0.170166 -0.445068
v 0.293701 0.170166 -0.445068
v 0.308350 0.146240 -0.436768
v 0.300049 0.148682 -0.418701
v 0.300049 0.148682 -0.407959
v 0.268311 0.127197 -0.392334
v 0.273193 0.131104 -0.387451
v 0.250732 0.127197 -0.392334
v 0.250244 0.131104 -0.386963
v 0.299561 0.165771 -0.418701
v 0.299561 0.165771 -0.407959
v 0.292725 0.185791 -0.388428
v 0.271240 0.238037 -0.447998
v 0.265869 0.241455 -0.447998
v 0.271240 0.244873 -0.447998
v 0.265869 0.239502 -0.395264
v 0.271240 0.243408 -0.390869
v 0.271240 0.235596 -0.388916
v 0.344971 0.144775 -0.374756
v 0.334229 0.144775 -0.374756
v 0.344482 0.170654 -0.374756
v 0.350342 0.186768 -0.365479
v 0.333740 0.170654 -0.374756
v 0.316162 0.129150 -0.275146
v 0.321045 0.137451 -0.272705
v 0.314697 0.134033 -0.270752
v 0.328857 0.148682 -0.275146
v 0.333740 0.155518 -0.280029
v 0.329834 0.156006 -0.275146
v 0.320557 0.147705 -0.269287
v 0.320068 0.145752 -0.269287
v 0.315186 0.154541 -0.267822
v 0.313232 0.148193 -0.257568
v 0.316650 0.151611 -0.263428
v 0.319092 0.153076 -0.260986
v 0.313232 0.154053 -0.259033
v 0.316650 0.149658 -0.253174
v 0.316162 0.155518 -0.257568
v 0.330811 0.163818 -0.275635
v 0.321533 0.156982 -0.268799
v 0.318115 0.156494 -0.266357
v 0.314209 0.156494 -0.269775
v 0.317627 0.161377 -0.267334
v 0.314697 0.161377 -0.269775
v 0.314697 0.160400 -0.268311
v 0.312744 0.163818 -0.266357
v 0.322510 0.168701 -0.269775
v 0.322021 0.169189 -0.268799
v 0.315674 0.166260 -0.265869
v 0.316162 0.169189 -0.266357
v 0.312744 0.169189 -0.267822
v 0.320068 0.157471 -0.263916
v 0.318604 0.159912 -0.259033
v 0.319580 0.161377 -0.264404
v 0.313232 0.162842 -0.263428
v 0.314697 0.163330 -0.259033
v 0.312744 0.157959 -0.257568
v 0.314697 0.158447 -0.256104
v 0.314697 0.157471 -0.253174
v 0.314697 0.160889 -0.256592
v 0.316650 0.164795 -0.263428
v 0.317627 0.166260 -0.262939
v 0.316650 0.164307 -0.260498
v 0.312744 0.165771 -0.260986
v 0.316162 0.167725 -0.258057
v 0.318115 0.168701 -0.263428
v 0.312744 0.171631 -0.254150
v 0.323486 0.179443 -0.271729
v 0.317627 0.183350 -0.268799
v 0.316650 0.172607 -0.260010
v 0.313232 0.175537 -0.264404
v 0.314209 0.174072 -0.262451
v 0.314697 0.174072 -0.257080
v 0.304932 0.144287 -0.374756
v 0.294189 0.144287 -0.374756
v 0.304443 0.170166 -0.374756
v 0.293701 0.170166 -0.374756
v 0.292725 0.185791 -0.365479
v 0.290771 0.170166 -0.334717
v 0.290771 0.170166 -0.317627
v 0.280029 0.170166 -0.351318
v 0.267334 0.170166 -0.351318
v 0.267334 0.170166 -0.317627
v 0.307861 0.130615 -0.269287
v 0.301025 0.137451 -0.264404
v 0.298096 0.137939 -0.261475
v 0.287842 0.133545 -0.261963
v 0.282471 0.138916 -0.260498
v 0.309326 0.148193 -0.269287
v 0.303467 0.146729 -0.265869
v 0.297119 0.147217 -0.265869
v 0.305908 0.152100 -0.266846
v 0.299072 0.155518 -0.279541
v 0.298584 0.156006 -0.281006
v 0.311279 0.142334 -0.265381
v 0.308838 0.144287 -0.253662
v 0.310791 0.154053 -0.261475
v 0.302002 0.154053 -0.259033
v 0.289795 0.145752 -0.258545
v 0.296631 0.153564 -0.262939
v 0.291748 0.152588 -0.262939
v 0.281982 0.154053 -0.258545
v 0.281982 0.153564 -0.257568
v 0.259521 0.125732 -0.287354
v 0.278076 0.135010 -0.263428
v 0.277100 0.143799 -0.259521
v 0.310303 0.158447 -0.268311
v 0.301514 0.159912 -0.280518
v 0.298096 0.158936 -0.280518
v 0.298096 0.158936 -0.279053
v 0.298096 0.159424 -0.279053
v 0.299072 0.159424 -0.276611
v 0.297119 0.162354 -0.279541
v 0.312256 0.167236 -0.267334
v 0.306885 0.166260 -0.266846
v 0.311279 0.168213 -0.269775
v 0.298584 0.168701 -0.266357
v 0.298096 0.171631 -0.266357
v 0.309326 0.156982 -0.260010
v 0.309326 0.157471 -0.259521
v 0.310303 0.163818 -0.264893
v 0.308838 0.161865 -0.260498
v 0.310791 0.162354 -0.260010
v 0.311279 0.162842 -0.258057
v 0.308350 0.163330 -0.261963
v 0.311279 0.157959 -0.257080
v 0.311279 0.161865 -0.250244
v 0.305420 0.161377 -0.256592
v 0.308350 0.162842 -0.253662
v 0.301025 0.159912 -0.251709
v 0.299072 0.162842 -0.251709
v 0.310791 0.164307 -0.263428
v 0.306885 0.165283 -0.259521
v 0.306396 0.168701 -0.258545
v 0.305908 0.170654 -0.258057
v 0.312256 0.164795 -0.255615
v 0.308838 0.164307 -0.257080
v 0.307373 0.164307 -0.253174
v 0.311768 0.168213 -0.254639
v 0.308838 0.171143 -0.255127
v 0.308350 0.168213 -0.255615
v 0.303955 0.164307 -0.256104
v 0.298096 0.170166 -0.256104
v 0.294678 0.157959 -0.278564
v 0.294189 0.158447 -0.279541
v 0.294189 0.162842 -0.263428
v 0.288818 0.160400 -0.262451
v 0.289307 0.164795 -0.264893
v 0.284424 0.165283 -0.259033
v 0.307373 0.172119 -0.269775
v 0.305908 0.182373 -0.267822
v 0.311279 0.173096 -0.263916
v 0.311768 0.175537 -0.259033
v 0.309326 0.174561 -0.260986
v 0.307373 0.172119 -0.258057
v 0.309326 0.172607 -0.255615
v 0.310303 0.172119 -0.250732
v 0.305908 0.178467 -0.253662
v 0.302979 0.177002 -0.256592
v 0.297607 0.178467 -0.253662
v 0.303467 0.181396 -0.264893
v 0.300049 0.179932 -0.250732
v 0.284424 0.184814 -0.266357
v 0.295654 0.172607 -0.265381
v 0.295654 0.178955 -0.263916
v 0.284912 0.174561 -0.261963
v 0.286377 0.176025 -0.261475
v 0.272705 0.159424 -0.260498
v 0.274170 0.166748 -0.260986
v 0.268311 0.167236 -0.264404
v 0.275635 0.174072 -0.262451
v 0.314209 0.204834 -0.322021
v 0.317627 0.204834 -0.318604
v 0.314209 0.208252 -0.318604
v 0.317139 0.204346 -0.284424
v 0.313721 0.207764 -0.284424
v 0.319580 0.187744 -0.274658
v 0.313721 0.203857 -0.281006
v 0.290771 0.193604 -0.334717
v 0.290771 0.193604 -0.317627
v 0.280029 0.193604 -0.351318
v 0.267334 0.193604 -0.351318
v 0.267334 0.193604 -0.317627
v 0.311279 0.187744 -0.269287
v 0.298096 0.190186 -0.270264
v 0.291260 0.187744 -0.267822
v 0.288330 0.192139 -0.271729
v 0.276611 0.189697 -0.281494
v 0.279541 0.193115 -0.281494
v 0.266846 0.193115 -0.284424
v 0.258545 0.191162 -0.284424
v 0.259033 0.189697 -0.281494
v 0.279541 0.217041 -0.281494
v 0.260986 0.191650 -0.281006
v 0.281982 0.223877 -0.281494
v 0.278564 0.220947 -0.281494
v 0.276611 0.219971 -0.281494
v 0.278564 0.223877 -0.284424
v 0.262451 0.220947 -0.281494
v 0.258057 0.219971 -0.281494
v 0.262451 0.223877 -0.284424
v 0.314697 0.053955 -0.247314
v 0.312744 0.060791 -0.246338
v 0.282471 0.001709 -0.232666
v 0.297607 0.029541 -0.249756
v 0.300537 0.030029 -0.244873
v 0.282471 0.001709 -0.202881
v 0.282471 0.016357 -0.217529
v 0.279053 0.001709 -0.235107
v 0.279053 0.001709 -0.200439
v 0.279053 0.018799 -0.217529
v 0.305908 0.034424 -0.247803
v 0.302979 0.037842 -0.239502
v 0.307861 0.041748 -0.246338
v 0.298096 0.045654 -0.237061
v 0.290771 0.031982 -0.243896
v 0.295166 0.032471 -0.239990
v 0.294189 0.038818 -0.236572
v 0.288818 0.034424 -0.247803
v 0.289795 0.040771 -0.239502
v 0.287354 0.042236 -0.243896
v 0.309326 0.048584 -0.248291
v 0.307861 0.052490 -0.244873
v 0.302002 0.050537 -0.245361
v 0.303955 0.053467 -0.246826
v 0.302490 0.052002 -0.245361
v 0.298584 0.051025 -0.249268
v 0.299561 0.054443 -0.248779
v 0.303955 0.047119 -0.241455
v 0.303955 0.053467 -0.239502
v 0.299072 0.052979 -0.235596
v 0.309326 0.057861 -0.244385
v 0.308350 0.059326 -0.247314
v 0.305420 0.059326 -0.245850
v 0.307373 0.056396 -0.240967
v 0.309326 0.060791 -0.240967
v 0.303467 0.060303 -0.249756
v 0.291748 0.049561 -0.244873
v 0.294189 0.048584 -0.239990
v 0.295166 0.052490 -0.239502
v 0.292725 0.054932 -0.243896
v 0.290283 0.061768 -0.239502
v 0.291748 0.059814 -0.234619
v 0.296631 0.058838 -0.231689
v 0.267334 0.036865 -0.226318
v 0.259521 0.036865 -0.230225
v 0.267334 0.037354 -0.217529
v 0.259521 0.037354 -0.213623
v 0.281982 0.010986 -0.155029
v 0.276611 0.016846 -0.156494
v 0.278564 0.010986 -0.152100
v 0.278564 0.014404 -0.155029
v 0.276611 0.014893 -0.155029
v 0.276611 0.012451 -0.152100
v 0.276611 0.012451 -0.130127
v 0.262451 0.010986 -0.152100
v 0.262451 0.014404 -0.155029
v 0.258057 0.014893 -0.155029
v 0.279541 0.018311 -0.155029
v 0.280518 0.016846 -0.152100
v 0.280518 0.016846 -0.130127
v 0.276611 0.016846 -0.125732
v 0.259521 0.035889 -0.156982
v 0.267334 0.037842 -0.154053
v 0.279541 0.042236 -0.155029
v 0.276611 0.045166 -0.155029
v 0.267334 0.042725 -0.148193
v 0.262939 0.041748 -0.151611
v 0.260010 0.045166 -0.155029
v 0.259521 0.044678 -0.145264
v 0.309814 0.063721 -0.248779
v 0.308350 0.068604 -0.243896
v 0.309814 0.065674 -0.239014
v 0.305420 0.069092 -0.234619
v 0.304443 0.069092 -0.247803
v 0.299561 0.072998 -0.242432
v 0.302490 0.072510 -0.238037
v 0.304443 0.062744 -0.234131
v 0.299072 0.066162 -0.231201
v 0.295654 0.064209 -0.247314
v 0.293213 0.069580 -0.239014
v 0.295166 0.069092 -0.234131
v 0.278564 0.072021 -0.249268
v 0.279053 0.073975 -0.249268
v 0.297119 0.105713 -0.247803
v 0.295166 0.099854 -0.249268
v 0.291748 0.103271 -0.247314
v 0.291748 0.108154 -0.247314
v 0.288818 0.102295 -0.249756
v 0.288818 0.108643 -0.249756
v 0.294678 0.111572 -0.249268
v 0.259521 0.116943 -0.158447
v 0.259521 0.119385 -0.158447
v 0.267334 0.116943 -0.154541
v 0.267334 0.113525 -0.148193
v 0.267334 0.118896 -0.155518
v 0.267334 0.123779 -0.148193
v 0.262939 0.116943 -0.151611
v 0.259521 0.111572 -0.144775
v 0.340088 0.022217 -0.010498
v 0.329346 0.029053 -0.007568
v 0.338135 0.035400 -0.010498
v 0.277588 0.017334 -0.038818
v 0.273682 0.022705 -0.038818
v 0.256104 0.022217 -0.038818
v 0.313232 0.145752 -0.249756
v 0.312744 0.155029 -0.246826
v 0.305420 0.146729 -0.245850
v 0.302490 0.147217 -0.249756
v 0.308838 0.148682 -0.243896
v 0.305908 0.154541 -0.243896
v 0.301514 0.153564 -0.245850
v 0.299561 0.153564 -0.249268
v 0.306885 0.159912 -0.245850
v 0.303467 0.160889 -0.248291
v 0.302002 0.162842 -0.248291
v 0.308838 0.166260 -0.249268
v 0.304443 0.165283 -0.245361
v 0.300537 0.169189 -0.242920
v 0.294678 0.167725 -0.248779
v 0.296631 0.167725 -0.244873
v 0.306885 0.172607 -0.245361
v 0.307861 0.177979 -0.249756
v 0.300049 0.175537 -0.243896
v 0.303467 0.178955 -0.247314
v 0.294189 0.174561 -0.249756
v 0.296143 0.175537 -0.245850
v 0.259521 0.126221 -0.145264
v 0.282471 0.218018 -0.217529
v 0.267334 0.199951 -0.223389
v 0.259521 0.199951 -0.227295
v 0.267334 0.199951 -0.214600
v 0.259521 0.199951 -0.210693
v 0.279053 0.215088 -0.217529
v 0.282471 0.232666 -0.232666
v 0.282471 0.232666 -0.202881
v 0.282471 0.247314 -0.217529
v 0.279053 0.232666 -0.235107
v 0.279053 0.232666 -0.200439
v 0.279053 0.249756 -0.217529
v 0.259521 0.200928 -0.158447
v 0.276611 0.189697 -0.155029
v 0.279541 0.193115 -0.155029
v 0.266846 0.199463 -0.154541
v 0.267334 0.195557 -0.148193
v 0.260010 0.189697 -0.155029
v 0.262939 0.191650 -0.151611
v 0.259521 0.193604 -0.144775
v 0.279541 0.217041 -0.155029
v 0.281982 0.223877 -0.155029
v 0.276611 0.220947 -0.156494
v 0.278564 0.220947 -0.155029
v 0.280518 0.220947 -0.152100
v 0.276611 0.219971 -0.155029
v 0.278564 0.223877 -0.152100
v 0.276611 0.225342 -0.152100
v 0.280518 0.220947 -0.130127
v 0.276611 0.220947 -0.125732
v 0.276611 0.225342 -0.130127
v 0.262451 0.220947 -0.155029
v 0.258057 0.219971 -0.155029
v 0.262451 0.223877 -0.152100
v 0.336670 0.126709 -0.012451
v 0.336182 0.138428 -0.012939
v 0.326904 0.132568 -0.010010
v 0.334717 0.228760 -0.015381
v 0.335693 0.241943 -0.015869
v 0.334229 0.235107 -0.002197
v 0.325439 0.234619 -0.012451
v 0.269775 0.200439 -0.044678
v 0.252197 0.199951 -0.044678
v 0.273682 0.205322 -0.044678
v 0.272705 0.247314 -0.044678
v 0.249756 0.006592 -0.390869
v 0.246826 0.015381 -0.318604
v 0.246826 0.019287 -0.322021
v 0.240479 0.014893 -0.281494
v 0.247803 0.016357 -0.284424
v 0.247803 0.019775 -0.281006
v 0.242432 0.041748 -0.281006
v 0.242432 0.117920 -0.281006
v 0.248779 0.239014 -0.395264
v 0.248779 0.235596 -0.387939
v 0.248291 0.242920 -0.390381
v 0.246826 0.204834 -0.322021
v 0.246826 0.208252 -0.318604
v 0.247803 0.207764 -0.284424
v 0.242432 0.191650 -0.281006
v 0.247803 0.203857 -0.281006
v 0.240479 0.219971 -0.281494
v 0.249268 0.016846 -0.156494
v 0.249268 0.012451 -0.152100
v 0.240479 0.014893 -0.155029
v 0.249268 0.012451 -0.130127
v 0.249268 0.016846 -0.125732
v 0.244385 0.041748 -0.151611
v 0.242432 0.045166 -0.155029
v 0.244385 0.116943 -0.151611
v 0.244385 0.118408 -0.151611
v 0.242432 0.189697 -0.155029
v 0.244385 0.191650 -0.151611
v 0.249268 0.220947 -0.156494
v 0.249268 0.225342 -0.152100
v 0.240479 0.219971 -0.155029
v 0.249268 0.220947 -0.125732
v 0.249268 0.225342 -0.130127
v 0.404053 0.277100 -0.497314
v 0.401611 0.274658 -0.445557
v 0.395264 0.274658 -0.439209
v 0.390869 0.283936 -0.499756
v 0.398682 0.290283 -0.497314
v 0.395752 0.287842 -0.447021
v 0.386475 0.281494 -0.447998
v 0.389893 0.287842 -0.441162
v 0.397217 0.365967 -0.497314
v 0.395264 0.374756 -0.497314
v 0.389404 0.370361 -0.497314
v 0.394287 0.364014 -0.447021
v 0.394287 0.373779 -0.450928
v 0.388428 0.363525 -0.441162
v 0.384033 0.368408 -0.447998
v 0.388916 0.373291 -0.439209
v 0.308350 0.276123 -0.439209
v 0.308350 0.288818 -0.441162
v 0.301514 0.282959 -0.447998
v 0.298584 0.322021 -0.448975
v 0.303467 0.327393 -0.448975
v 0.303467 0.368896 -0.453857
v 0.308350 0.364014 -0.441162
v 0.301514 0.364014 -0.447998
v 0.308838 0.368896 -0.447998
v 0.309814 0.374756 -0.439209
v 0.296631 0.374756 -0.441162
v 0.269775 0.346436 -0.447998
v 0.293701 0.326416 -0.394287
v 0.299072 0.332275 -0.394287
v 0.282959 0.333252 -0.388916
v 0.283936 0.334717 -0.387939
v 0.286865 0.337646 -0.388428
v 0.287842 0.339111 -0.387939
v 0.295654 0.373291 -0.408447
v 0.268799 0.346436 -0.391357
v 0.275635 0.346924 -0.385986
v 0.271729 0.346924 -0.390381
v 0.281982 0.271729 -0.281494
v 0.278564 0.271729 -0.284424
v 0.278564 0.274658 -0.281494
v 0.262451 0.271729 -0.284424
v 0.262451 0.274658 -0.281494
v 0.275635 0.346924 -0.348389
v 0.271240 0.346924 -0.343994
v 0.259033 0.373291 -0.373779
v 0.274170 0.341553 -0.311768
v 0.278076 0.345947 -0.311768
v 0.394775 0.447510 -0.497314
v 0.388428 0.453857 -0.497314
v 0.394287 0.447510 -0.450928
v 0.388428 0.447510 -0.439209
v 0.388428 0.453857 -0.447998
v 0.316162 0.384521 -0.438232
v 0.312744 0.391357 -0.430908
v 0.319092 0.399658 -0.435303
v 0.314209 0.394775 -0.412842
v 0.321045 0.398682 -0.418701
v 0.318115 0.401611 -0.413330
v 0.313232 0.412842 -0.428955
v 0.313232 0.415283 -0.429443
v 0.321533 0.407959 -0.414307
v 0.316650 0.416260 -0.408447
v 0.324951 0.423584 -0.435303
v 0.322998 0.435303 -0.430908
v 0.315186 0.428955 -0.412842
v 0.314697 0.437256 -0.412354
v 0.313232 0.434326 -0.408447
v 0.314697 0.408936 -0.399658
v 0.316650 0.412842 -0.402100
v 0.313721 0.412842 -0.406006
v 0.317139 0.418213 -0.401611
v 0.314697 0.419678 -0.405029
v 0.315674 0.415283 -0.395264
v 0.312744 0.424072 -0.400635
v 0.315674 0.422119 -0.397705
v 0.312744 0.422119 -0.393311
v 0.301514 0.408936 -0.448975
v 0.296143 0.413818 -0.448975
v 0.272705 0.413818 -0.453369
v 0.278564 0.420166 -0.454346
v 0.278564 0.420654 -0.454346
v 0.272217 0.419189 -0.452393
v 0.272705 0.420166 -0.451904
v 0.265869 0.418701 -0.452393
v 0.265869 0.419189 -0.452393
v 0.271729 0.425537 -0.453369
v 0.271240 0.426025 -0.452881
v 0.305908 0.382568 -0.427979
v 0.303467 0.383545 -0.409912
v 0.292725 0.389404 -0.419189
v 0.303955 0.402588 -0.422607
v 0.304932 0.398193 -0.408936
v 0.296631 0.381104 -0.403564
v 0.289307 0.378174 -0.397705
v 0.283447 0.389404 -0.390869
v 0.305908 0.395752 -0.406006
v 0.309814 0.398193 -0.392822
v 0.306885 0.397705 -0.397705
v 0.302490 0.392334 -0.391846
v 0.298584 0.394287 -0.394775
v 0.311768 0.406006 -0.406006
v 0.310791 0.406006 -0.392334
v 0.302490 0.399170 -0.399658
v 0.297607 0.404053 -0.394287
v 0.306396 0.393799 -0.388428
v 0.297607 0.395264 -0.384521
v 0.302490 0.396240 -0.382568
v 0.308838 0.402100 -0.384033
v 0.301514 0.403076 -0.379639
v 0.295166 0.393799 -0.398682
v 0.295654 0.404053 -0.396729
v 0.294678 0.396729 -0.388428
v 0.285400 0.393311 -0.387939
v 0.293701 0.405029 -0.385498
v 0.296631 0.404053 -0.381104
v 0.279541 0.401611 -0.421143
v 0.271240 0.384033 -0.388428
v 0.259033 0.379639 -0.386475
v 0.262939 0.386963 -0.383057
v 0.254639 0.389893 -0.378662
v 0.280518 0.395752 -0.389893
v 0.280518 0.398193 -0.387939
v 0.277100 0.404541 -0.389404
v 0.279053 0.399170 -0.382080
v 0.268311 0.400146 -0.381104
v 0.254639 0.401123 -0.383545
v 0.255127 0.404541 -0.375244
v 0.310303 0.413818 -0.406982
v 0.300537 0.411865 -0.406494
v 0.311768 0.421143 -0.410400
v 0.310791 0.419678 -0.406494
v 0.304932 0.421143 -0.408447
v 0.303467 0.417236 -0.408936
v 0.295654 0.410889 -0.429443
v 0.289307 0.413818 -0.424072
v 0.296631 0.410400 -0.410400
v 0.298096 0.425049 -0.430420
v 0.310791 0.430420 -0.422119
v 0.304932 0.433350 -0.415283
v 0.292725 0.426025 -0.423584
v 0.291748 0.422119 -0.414795
v 0.282471 0.432373 -0.406982
v 0.311279 0.407959 -0.402588
v 0.307861 0.409912 -0.404053
v 0.305908 0.409912 -0.399658
v 0.312256 0.409424 -0.395264
v 0.308350 0.407471 -0.397217
v 0.308350 0.408447 -0.397217
v 0.310791 0.412842 -0.391846
v 0.306885 0.412842 -0.392822
v 0.303955 0.407959 -0.399658
v 0.304443 0.413818 -0.396240
v 0.301514 0.413818 -0.394287
v 0.305908 0.417236 -0.402588
v 0.305420 0.414307 -0.390869
v 0.310791 0.418213 -0.390869
v 0.304932 0.419678 -0.395752
v 0.307373 0.419678 -0.392334
v 0.301514 0.417236 -0.393799
v 0.308350 0.411377 -0.387451
v 0.297119 0.412354 -0.387939
v 0.300049 0.412354 -0.384033
v 0.303955 0.409912 -0.381592
v 0.304932 0.415771 -0.390381
v 0.307861 0.416748 -0.385986
v 0.299561 0.415771 -0.383545
v 0.303467 0.417236 -0.380127
v 0.291748 0.409912 -0.394287
v 0.287842 0.406494 -0.401611
v 0.296631 0.417725 -0.387451
v 0.309814 0.423584 -0.402588
v 0.308838 0.428955 -0.403564
v 0.309814 0.424072 -0.395264
v 0.308838 0.423096 -0.393799
v 0.307373 0.423584 -0.398193
v 0.305420 0.424072 -0.396729
v 0.301025 0.424072 -0.403076
v 0.298096 0.426514 -0.392822
v 0.308350 0.432373 -0.390869
v 0.304932 0.432373 -0.394287
v 0.301514 0.430908 -0.398193
v 0.304443 0.436768 -0.398193
v 0.310791 0.422607 -0.388428
v 0.308350 0.424561 -0.379639
v 0.301025 0.423096 -0.376221
v 0.310303 0.429932 -0.385986
v 0.306885 0.433350 -0.380615
v 0.303955 0.436279 -0.384521
v 0.300537 0.435791 -0.388428
v 0.302490 0.430420 -0.376709
v 0.298096 0.432373 -0.377197
v 0.283447 0.427490 -0.400146
v 0.294189 0.424561 -0.383057
v 0.296631 0.423584 -0.378662
v 0.287842 0.424561 -0.385498
v 0.295654 0.432373 -0.382080
v 0.289307 0.433350 -0.378174
v 0.271240 0.418701 -0.415283
v 0.266357 0.420166 -0.417725
v 0.266357 0.421631 -0.408936
v 0.257568 0.406982 -0.425537
v 0.262451 0.417236 -0.415771
v 0.261963 0.417725 -0.415771
v 0.262451 0.420166 -0.421143
v 0.263428 0.420654 -0.415771
v 0.262939 0.421143 -0.415283
v 0.259521 0.421631 -0.414795
v 0.257568 0.423096 -0.425537
v 0.250732 0.426025 -0.427002
v 0.262939 0.432861 -0.427002
v 0.263916 0.424561 -0.416260
v 0.259521 0.422119 -0.414795
v 0.263916 0.426025 -0.414307
v 0.265381 0.423096 -0.411865
v 0.280518 0.409424 -0.395264
v 0.277588 0.406982 -0.393799
v 0.281006 0.418701 -0.393311
v 0.276123 0.409424 -0.377686
v 0.269775 0.413818 -0.387451
v 0.274658 0.414307 -0.388428
v 0.275146 0.420654 -0.386475
v 0.270752 0.421143 -0.383057
v 0.270264 0.421143 -0.383057
v 0.265381 0.406494 -0.392822
v 0.254150 0.416260 -0.391846
v 0.265381 0.415283 -0.385010
v 0.261963 0.420166 -0.389404
v 0.258057 0.417236 -0.382568
v 0.250732 0.415771 -0.379639
v 0.272217 0.429932 -0.392822
v 0.275146 0.427490 -0.386475
v 0.281006 0.427002 -0.377686
v 0.268311 0.423584 -0.381592
v 0.264893 0.436279 -0.391357
v 0.261963 0.428467 -0.389404
v 0.261475 0.432861 -0.382080
v 0.257080 0.432861 -0.388428
v 0.254639 0.435791 -0.384521
v 0.328369 0.438232 -0.438721
v 0.320557 0.447021 -0.427979
v 0.301514 0.451416 -0.497314
v 0.308350 0.457764 -0.497314
v 0.294678 0.457764 -0.497314
v 0.301514 0.451416 -0.458252
v 0.308350 0.451416 -0.439209
v 0.301514 0.445557 -0.452393
v 0.294678 0.451416 -0.441162
v 0.308350 0.457764 -0.447998
v 0.294678 0.457764 -0.453857
v 0.260010 0.457275 -0.438232
v 0.307861 0.448975 -0.420654
v 0.306885 0.447998 -0.418701
v 0.289307 0.442139 -0.421143
v 0.294189 0.444580 -0.406494
v 0.302490 0.462646 -0.422607
v 0.300537 0.456299 -0.415283
v 0.292725 0.463623 -0.410889
v 0.310303 0.439209 -0.404541
v 0.290283 0.440674 -0.394775
v 0.281982 0.455811 -0.400635
v 0.287842 0.455811 -0.393311
v 0.275635 0.437744 -0.429932
v 0.270264 0.450928 -0.430420
v 0.257080 0.438721 -0.428955
v 0.255615 0.445068 -0.427002
v 0.250732 0.452881 -0.436768
v 0.270752 0.441162 -0.395752
v 0.277588 0.443604 -0.385986
v 0.263916 0.447021 -0.389893
v 0.263916 0.447021 -0.380615
v 0.279541 0.466064 -0.391846
v 0.279541 0.457764 -0.388428
v 0.270752 0.460205 -0.384033
v 0.274170 0.395264 -0.371338
v 0.267822 0.396729 -0.363037
v 0.274658 0.404541 -0.370361
v 0.271729 0.401123 -0.366943
v 0.284424 0.434814 -0.373291
v 0.268311 0.406494 -0.362549
v 0.269775 0.411377 -0.365479
v 0.269775 0.416748 -0.371338
v 0.263428 0.417236 -0.371826
v 0.270264 0.424561 -0.371826
v 0.266357 0.429443 -0.363037
v 0.275146 0.432373 -0.373291
v 0.280029 0.436768 -0.369385
v 0.273193 0.429932 -0.371826
v 0.270264 0.434326 -0.363525
v 0.262451 0.424561 -0.362549
v 0.263916 0.432861 -0.358643
v 0.278564 0.386963 -0.311768
v 0.274658 0.391357 -0.311768
v 0.286377 0.440186 -0.371826
v 0.281982 0.271729 -0.155029
v 0.278564 0.271729 -0.152100
v 0.278564 0.274658 -0.155029
v 0.262451 0.271729 -0.152100
v 0.262451 0.274658 -0.155029
v 0.274170 0.344971 -0.248291
v 0.278076 0.349365 -0.248291
v 0.266357 0.346436 -0.205322
v 0.270264 0.348389 -0.201416
v 0.269775 0.362061 -0.174072
v 0.265869 0.364014 -0.170166
v 0.251709 0.364502 -0.172119
v 0.268799 0.251709 -0.044678
v 0.251221 0.251709 -0.044678
v 0.334717 0.328857 -0.017822
v 0.333252 0.335693 -0.004150
v 0.323975 0.335693 -0.014893
v 0.313232 0.369385 -0.055908
v 0.320068 0.369873 -0.043701
v 0.315186 0.369385 -0.044678
v 0.314697 0.369385 -0.044189
v 0.335205 0.343994 -0.017822
v 0.325439 0.369873 -0.021240
v 0.289307 0.351318 -0.109619
v 0.289795 0.348389 -0.106689
v 0.292725 0.352295 -0.105713
v 0.277100 0.341553 -0.057861
v 0.305908 0.347412 -0.056396
v 0.303467 0.344482 -0.056396
v 0.281494 0.345459 -0.057861
v 0.309326 0.369385 -0.058350
v 0.259033 0.373291 -0.009521
v 0.277100 0.387451 -0.248291
v 0.272705 0.391357 -0.248291
v 0.251221 0.382080 -0.172119
v 0.314209 0.413818 -0.044678
v 0.319092 0.418701 -0.043701
v 0.315674 0.423096 -0.039307
v 0.324463 0.419189 -0.021240
v 0.333740 0.422607 -0.017822
v 0.342041 0.422607 -0.000244
v 0.321045 0.423096 -0.017822
v 0.324951 0.428467 -0.016357
v 0.287842 0.391846 -0.109619
v 0.291748 0.390869 -0.105713
v 0.288330 0.394775 -0.106689
v 0.304443 0.399170 -0.056396
v 0.301514 0.402100 -0.056396
v 0.280029 0.391357 -0.057861
v 0.276123 0.395264 -0.057861
v 0.312256 0.413818 -0.055908
v 0.308350 0.413818 -0.058350
v 0.308838 0.417725 -0.054932
v 0.310791 0.417725 -0.041260
v 0.140381 0.289307 -0.445068
v 0.132568 0.289307 -0.435303
v 0.217041 0.320068 -0.448975
v 0.211670 0.324951 -0.448975
v 0.193115 0.374268 -0.454346
v 0.221924 0.324463 -0.394287
v 0.220947 0.332764 -0.388916
v 0.226318 0.336670 -0.387939
v 0.216064 0.330322 -0.394287
v 0.246338 0.345947 -0.390381
v 0.140869 0.365479 -0.453857
v 0.147705 0.372314 -0.441162
v 0.232178 0.346436 -0.343994
v 0.191650 0.353760 -0.371338
v 0.191650 0.374268 -0.372314
v 0.224365 0.341553 -0.311768
v 0.187256 0.353760 -0.364502
v 0.011963 0.289307 -0.445068
v 0.019287 0.289307 -0.435303
v 0.004150 0.289307 -0.435303
v 0.047607 0.372314 -0.454346
v 0.049561 0.351318 -0.373291
v 0.053955 0.351807 -0.364502
v 0.045166 0.351318 -0.367920
v 0.049072 0.372314 -0.373779
v 0.188721 0.380615 -0.454346
v 0.214600 0.411865 -0.448975
v 0.209229 0.406494 -0.448975
v 0.239502 0.406006 -0.419678
v 0.239990 0.401611 -0.381104
v 0.222412 0.393799 -0.387939
v 0.218994 0.393799 -0.388916
v 0.226318 0.398193 -0.387939
v 0.223389 0.397705 -0.388916
v 0.213623 0.402100 -0.394287
v 0.223389 0.410889 -0.425537
v 0.239014 0.424072 -0.419678
v 0.223389 0.422607 -0.426025
v 0.223389 0.434326 -0.428467
v 0.237061 0.411377 -0.379150
v 0.219482 0.407959 -0.394287
v 0.228760 0.408936 -0.381104
v 0.234131 0.421143 -0.377686
v 0.244873 0.424561 -0.382568
v 0.245850 0.430420 -0.378662
v 0.215088 0.421631 -0.432861
v 0.248291 0.456299 -0.444580
v 0.241943 0.437744 -0.427002
v 0.239014 0.441650 -0.424072
v 0.241455 0.448486 -0.436279
v 0.243408 0.445068 -0.385010
v 0.237061 0.437744 -0.383057
v 0.249756 0.452881 -0.387939
v 0.236572 0.449951 -0.387939
v 0.145752 0.452393 -0.497314
v 0.138916 0.446533 -0.497314
v 0.131104 0.457275 -0.497314
v 0.145752 0.452393 -0.453857
v 0.145752 0.446533 -0.441162
v 0.138916 0.444580 -0.458252
v 0.138916 0.438232 -0.452393
v 0.131104 0.453369 -0.441162
v 0.131104 0.447021 -0.435303
v 0.223877 0.388916 -0.311768
v 0.227783 0.392822 -0.311768
v 0.186768 0.380615 -0.365967
v 0.051025 0.378662 -0.454346
v 0.043213 0.377197 -0.454346
v 0.010986 0.449951 -0.499756
v 0.018311 0.460693 -0.497314
v 0.003174 0.460693 -0.497314
v 0.010986 0.444092 -0.445068
v 0.018311 0.456299 -0.441162
v 0.003174 0.456299 -0.441162
v 0.018311 0.450439 -0.435303
v 0.003174 0.450439 -0.435303
v 0.053467 0.378662 -0.365967
v 0.044678 0.377197 -0.368896
v 0.229248 0.343994 -0.248291
v 0.248779 0.345947 -0.205322
v 0.234131 0.364014 -0.207275
v 0.248779 0.363525 -0.170166
v 0.226807 0.340088 -0.057861
v 0.179443 0.362061 -0.029541
v 0.137451 0.362061 -0.048584
v 0.139404 0.361084 -0.029541
v 0.084717 0.361084 -0.048584
v 0.227783 0.387939 -0.248291
v 0.232178 0.392334 -0.248291
v 0.235596 0.385010 -0.203369
v 0.233643 0.381104 -0.207275
v 0.249268 0.385498 -0.176025
v 0.225830 0.390381 -0.057861
v 0.229736 0.394287 -0.057861
v 0.178955 0.382080 -0.029541
v 0.175537 0.385986 -0.026123
v 0.136963 0.379639 -0.048584
v 0.132568 0.383057 -0.048584
v 0.142334 0.385498 -0.026123
v 0.138916 0.381592 -0.029541
v 0.089600 0.382080 -0.048584
v 0.084717 0.378174 -0.048584
v 0.348389 0.022217 0.010986
v 0.338135 0.029053 0.003174
v 0.337646 0.029053 0.016846
v 0.345459 0.035400 0.012939
v 0.274658 0.030518 0.058350
v 0.269775 0.029541 0.051025
v 0.260498 0.026123 0.060791
v 0.250244 0.026123 0.052979
v 0.300537 0.032959 0.026611
v 0.297607 0.032959 0.023682
v 0.300537 0.032959 0.050537
v 0.297607 0.032959 0.053955
v 0.286377 0.036377 0.053955
v 0.289795 0.039795 0.053955
v 0.289307 0.060303 0.053955
v 0.277100 0.039795 0.050537
v 0.276611 0.043213 0.062256
v 0.269775 0.043213 0.050537
v 0.261963 0.035889 0.052490
v 0.260010 0.035889 0.053955
v 0.277100 0.055908 0.051025
v 0.275146 0.029053 0.065186
v 0.281494 0.055908 0.101807
v 0.281494 0.055908 0.109131
v 0.269287 0.035889 0.064697
v 0.274170 0.055420 0.097900
v 0.274170 0.055420 0.113037
v 0.285889 0.063232 0.053955
v 0.259521 0.062744 0.053955
v 0.272705 0.100342 0.053955
v 0.280029 0.103271 0.053955
v 0.279541 0.109619 0.053955
v 0.272217 0.112061 0.053955
v 0.275146 0.124268 0.059814
v 0.268311 0.124268 0.048096
v 0.303467 0.022705 0.145752
v 0.306885 0.025146 0.148682
v 0.303467 0.027100 0.144775
v 0.304932 0.000732 0.167236
v 0.304443 0.006592 0.157471
v 0.310303 0.011963 0.162354
v 0.303955 0.013428 0.160889
v 0.310791 0.006104 0.172119
v 0.306885 0.017334 0.160400
v 0.289795 0.038330 0.162842
v 0.286865 0.035400 0.162842
v 0.289307 0.054443 0.162842
v 0.286377 0.054443 0.159424
v 0.289307 0.059326 0.162842
v 0.285889 0.062256 0.162842
v 0.289307 0.053955 0.181396
v 0.286377 0.053955 0.184814
v 0.277588 0.037354 0.175537
v 0.260498 0.034912 0.162842
v 0.274170 0.054443 0.156494
v 0.281006 0.056396 0.159424
v 0.281006 0.058838 0.165283
v 0.273682 0.060303 0.167725
v 0.260010 0.053955 0.159424
v 0.259521 0.061768 0.162842
v 0.260010 0.053467 0.184326
v 0.305420 0.055908 0.216064
v 0.305420 0.052979 0.225830
v 0.311279 0.062256 0.222412
v 0.308350 0.061279 0.222900
v 0.311279 0.059326 0.232178
v 0.304932 0.070068 0.214111
v 0.308350 0.068115 0.216064
v 0.305420 0.108643 0.229736
v 0.302002 0.108643 0.224854
v 0.305420 0.109131 0.249756
v 0.275635 0.108154 0.228760
v 0.265869 0.123291 0.245850
v 0.343994 0.136475 0.005615
v 0.343506 0.126709 0.010498
v 0.335693 0.132568 0.000732
v 0.335205 0.132568 0.014404
v 0.342529 0.138428 0.011475
v 0.286865 0.152100 0.053955
v 0.283936 0.149170 0.053955
v 0.267334 0.131592 0.062256
v 0.274658 0.138428 0.059326
v 0.268311 0.138428 0.047607
v 0.251709 0.133545 0.046143
v 0.260498 0.131592 0.049561
v 0.261475 0.133545 0.054443
v 0.274658 0.155518 0.051025
v 0.257568 0.148193 0.053955
v 0.297119 0.182861 0.026611
v 0.293701 0.182861 0.023682
v 0.293701 0.185791 0.026611
v 0.297119 0.182861 0.050537
v 0.286377 0.172607 0.053955
v 0.282959 0.175537 0.053955
v 0.293701 0.182861 0.053955
v 0.293701 0.185791 0.050537
v 0.274170 0.171631 0.050537
v 0.256592 0.175049 0.053955
v 0.278564 0.155518 0.101807
v 0.278564 0.155518 0.109131
v 0.271240 0.155518 0.097900
v 0.271240 0.155518 0.113037
v 0.343994 0.241943 0.005127
v 0.342529 0.230713 0.003174
v 0.341064 0.228760 0.009033
v 0.333740 0.234619 0.011475
v 0.267822 0.229736 0.046143
v 0.274658 0.229736 0.058350
v 0.265869 0.237061 0.054443
v 0.267334 0.237061 0.060791
v 0.275146 0.243896 0.059326
v 0.268311 0.243896 0.047607
v 0.252686 0.235107 0.041260
v 0.262939 0.235107 0.049561
v 0.260010 0.237061 0.047607
v 0.283936 0.150146 0.162354
v 0.286865 0.153564 0.162354
v 0.278564 0.153564 0.166260
v 0.271240 0.152100 0.168701
v 0.257568 0.149658 0.162354
v 0.286865 0.157959 0.162354
v 0.283447 0.157959 0.158936
v 0.286865 0.158447 0.180420
v 0.283447 0.158447 0.183838
v 0.286377 0.174072 0.161865
v 0.282959 0.177002 0.161865
v 0.278564 0.156494 0.160889
v 0.271240 0.157471 0.158447
v 0.257080 0.157471 0.158936
v 0.257080 0.157959 0.183838
v 0.274170 0.174561 0.174561
v 0.256592 0.176514 0.161865
v 0.305908 0.150635 0.213135
v 0.302979 0.148682 0.211182
v 0.269775 0.128662 0.245850
v 0.261963 0.128662 0.245361
v 0.308838 0.158936 0.210205
v 0.302490 0.164795 0.204346
v 0.302490 0.167725 0.218506
v 0.305908 0.157959 0.219482
v 0.308838 0.161865 0.224854
v 0.299072 0.188721 0.139893
v 0.299072 0.193115 0.140381
v 0.302490 0.190674 0.143311
v 0.302002 0.198975 0.154541
v 0.298584 0.202881 0.155029
v 0.304443 0.204834 0.154541
v 0.298584 0.210205 0.149658
v 0.304443 0.210693 0.163818
v 0.298584 0.216064 0.158936
v 0.319092 0.085693 0.250244
v 0.315674 0.084229 0.253662
v 0.318604 0.105713 0.267334
v 0.315186 0.108643 0.265869
v 0.318604 0.101807 0.281006
v 0.318604 0.112061 0.267334
v 0.318604 0.116455 0.280518
v 0.315674 0.099365 0.283936
v 0.318604 0.109131 0.282959
v 0.315674 0.109131 0.286377
v 0.315186 0.118896 0.283447
v 0.271240 0.083252 0.252686
v 0.266846 0.088623 0.252686
v 0.263428 0.082764 0.252197
v 0.302002 0.109131 0.254150
v 0.308350 0.110107 0.255127
v 0.309326 0.118408 0.275146
v 0.266846 0.101318 0.279053
v 0.266846 0.108154 0.280518
v 0.251709 0.097412 0.256104
v 0.252197 0.101807 0.269775
v 0.266357 0.114502 0.278564
v 0.251221 0.117432 0.255615
v 0.270752 0.098389 0.282471
v 0.270752 0.108154 0.284912
v 0.262939 0.098389 0.281982
v 0.262939 0.108154 0.284424
v 0.270264 0.117920 0.281982
v 0.262451 0.117432 0.281494
v 0.248291 0.031982 0.023682
v 0.248291 0.031982 0.053955
v 0.218994 0.010498 0.123291
v 0.219482 0.022705 0.119385
v 0.211670 0.010010 0.107666
v 0.218506 0.011475 0.117432
v 0.211182 0.022705 0.106201
v 0.205322 0.016357 0.109131
v 0.211670 0.016357 0.115479
v 0.213623 0.016357 0.122314
v 0.195557 0.033936 0.114990
v 0.188232 0.033936 0.111084
v 0.137451 0.037842 0.050537
v 0.246826 0.006104 0.158447
v 0.246826 0.000244 0.168213
v 0.240479 0.011475 0.163330
v 0.240479 0.005615 0.173096
v 0.234131 0.005615 0.158447
v 0.249268 0.054443 0.211182
v 0.237061 0.053467 0.209717
v 0.242432 0.060303 0.216064
v 0.249268 0.051514 0.222412
v 0.237061 0.050537 0.220947
v 0.242432 0.057373 0.221436
v 0.242432 0.057373 0.227783
v 0.239502 0.057861 0.219482
v 0.176514 0.008057 0.162354
v 0.176514 0.002197 0.172119
v 0.170166 0.013916 0.167725
v 0.163818 0.008545 0.163330
v 0.163818 0.002686 0.173096
v 0.170166 0.008057 0.177490
v 0.154541 0.012939 0.172119
v 0.145264 0.017334 0.165283
v 0.165283 0.053467 0.166260
v 0.171143 0.053467 0.177490
v 0.162354 0.060303 0.179443
v 0.155029 0.060303 0.165283
v 0.179932 0.046631 0.202881
v 0.179932 0.043701 0.214600
v 0.165771 0.045654 0.201904
v 0.165771 0.042725 0.213623
v 0.172607 0.052490 0.207275
v 0.169678 0.054443 0.216553
v 0.172607 0.049561 0.219482
v 0.239014 0.067139 0.211182
v 0.212158 0.082275 0.248779
v 0.204346 0.081787 0.248291
v 0.207764 0.087646 0.248779
v 0.206787 0.121826 0.248779
v 0.172119 0.066650 0.175049
v 0.166260 0.066650 0.163818
v 0.169189 0.063721 0.208252
v 0.153076 0.081299 0.246826
v 0.145264 0.081299 0.246338
v 0.149170 0.086670 0.246338
v 0.148193 0.120361 0.246338
v 0.093994 0.001709 0.176025
v 0.093506 0.007568 0.166260
v 0.096924 0.046143 0.199463
v 0.096924 0.043213 0.212646
v 0.111572 0.033447 0.230225
v 0.115479 0.033936 0.237061
v 0.115479 0.034912 0.243896
v 0.110107 0.041260 0.242432
v 0.103760 0.040283 0.228760
v 0.109131 0.040771 0.236084
v 0.112061 0.047607 0.227783
v 0.116455 0.048096 0.238525
v 0.094971 0.062256 0.231201
v 0.093506 0.050537 0.214111
v 0.093506 0.059814 0.205811
v 0.083740 0.061279 0.219482
v 0.034912 0.017822 0.150146
v 0.034912 0.022217 0.148682
v 0.034912 0.009033 0.166260
v 0.086182 0.080322 0.243896
v 0.085205 0.124268 0.243896
v 0.027100 0.078369 0.249756
v 0.035400 0.104248 0.220947
v 0.035889 0.104736 0.249268
v 0.244385 0.181885 0.023682
v 0.244385 0.184814 0.026611
v 0.244385 0.181885 0.053955
v 0.244385 0.184814 0.050537
v 0.223389 0.132080 0.108643
v 0.222412 0.133545 0.102295
v 0.226318 0.148193 0.106689
v 0.218506 0.148682 0.092529
v 0.216553 0.133545 0.093994
v 0.194580 0.133545 0.108154
v 0.216553 0.140869 0.102783
v 0.210693 0.140869 0.095947
v 0.218506 0.140869 0.110107
v 0.134033 0.168213 0.050537
v 0.187256 0.133545 0.103271
v 0.225342 0.227783 0.105225
v 0.224854 0.243408 0.104736
v 0.218018 0.228271 0.091064
v 0.217529 0.243896 0.090576
v 0.215576 0.235596 0.100830
v 0.217529 0.235596 0.108154
v 0.209717 0.236084 0.093994
v 0.195557 0.238525 0.105713
v 0.188232 0.238525 0.100342
v 0.237061 0.148193 0.208740
v 0.239990 0.156006 0.209229
v 0.210693 0.127197 0.248779
v 0.202881 0.127197 0.248291
v 0.246338 0.162354 0.203857
v 0.236572 0.157959 0.217041
v 0.233643 0.162842 0.203369
v 0.239990 0.159424 0.218994
v 0.239990 0.159424 0.225830
v 0.246338 0.165771 0.219482
v 0.233643 0.165771 0.219482
v 0.171631 0.144287 0.152588
v 0.156982 0.140869 0.155518
v 0.161377 0.152100 0.152100
v 0.177490 0.144287 0.164307
v 0.168213 0.152100 0.166260
v 0.147217 0.140869 0.148193
v 0.168701 0.158936 0.148682
v 0.176025 0.158936 0.162842
v 0.167236 0.148193 0.206299
v 0.125732 0.148682 0.209229
v 0.152100 0.125732 0.246338
v 0.144287 0.125732 0.246338
v 0.125244 0.133545 0.224365
v 0.130127 0.148682 0.220947
v 0.176514 0.165771 0.201416
v 0.176514 0.168701 0.218506
v 0.162842 0.165771 0.201416
v 0.169678 0.159424 0.206299
v 0.166748 0.157959 0.214600
v 0.169678 0.162354 0.224365
v 0.162842 0.168701 0.218994
v 0.234619 0.201904 0.156006
v 0.240479 0.207764 0.150635
v 0.228271 0.207275 0.151123
v 0.234619 0.207764 0.165283
v 0.240479 0.213623 0.159912
v 0.228271 0.213135 0.160400
v 0.171143 0.201416 0.154541
v 0.158447 0.200439 0.155029
v 0.165283 0.195068 0.159912
v 0.165283 0.200928 0.169189
v 0.171143 0.207275 0.163818
v 0.158447 0.206299 0.164307
v 0.167236 0.233643 0.143311
v 0.176025 0.249268 0.155518
v 0.159424 0.240967 0.145752
v 0.169189 0.249756 0.141357
v 0.174072 0.233643 0.157471
v 0.166748 0.240967 0.159912
v 0.155029 0.231201 0.150635
v 0.145264 0.231689 0.142334
v 0.127686 0.223877 0.216064
v 0.120850 0.133057 0.213135
v 0.113037 0.140869 0.211670
v 0.098389 0.152100 0.217041
v 0.119385 0.141357 0.225342
v 0.091064 0.148193 0.203369
v 0.087158 0.151611 0.204834
v 0.093994 0.160400 0.202881
v 0.093994 0.163330 0.222412
v 0.091064 0.157959 0.211670
v 0.031494 0.181396 0.142822
v 0.031006 0.185303 0.143799
v 0.025635 0.125244 0.248779
v 0.088623 0.197021 0.156006
v 0.088623 0.202881 0.165771
v 0.122803 0.223877 0.204346
v 0.110107 0.232178 0.204834
v 0.096436 0.233643 0.209229
v 0.117432 0.239502 0.201416
v 0.124268 0.239502 0.215576
v 0.116943 0.232178 0.218994
v 0.085693 0.233643 0.197021
v 0.031006 0.195068 0.158936
v 0.212158 0.097412 0.278076
v 0.207764 0.099854 0.265869
v 0.204346 0.096924 0.277588
v 0.207764 0.100342 0.274658
v 0.211670 0.107178 0.280518
v 0.207764 0.106689 0.276123
v 0.203857 0.106689 0.280518
v 0.190674 0.096436 0.262939
v 0.211670 0.116455 0.278076
v 0.207275 0.114502 0.269287
v 0.207275 0.113037 0.274658
v 0.203857 0.115967 0.277588
v 0.190186 0.116455 0.254150
v 0.149170 0.098877 0.272217
v 0.153076 0.096436 0.275635
v 0.145264 0.095947 0.275635
v 0.153076 0.105713 0.278564
v 0.148682 0.105713 0.274170
v 0.145264 0.105713 0.278076
v 0.137939 0.094971 0.260498
v 0.148682 0.111572 0.272217
v 0.152588 0.114990 0.275635
v 0.144775 0.114990 0.275635
v 0.136475 0.109619 0.252197
v 0.137451 0.114990 0.257568
v 0.067627 0.049561 0.298096
v 0.035400 0.043213 0.285889
v 0.046631 0.044678 0.297119
v 0.062256 0.048584 0.286865
v 0.050049 0.056396 0.286865
v 0.056885 0.057861 0.300537
v 0.002197 0.008057 0.359131
v 0.006104 0.004639 0.370850
v 0.006592 0.004639 0.374268
v 0.011963 0.009033 0.367920
v 0.012939 0.009521 0.373291
v 0.096436 0.093506 0.258057
v 0.063721 0.064209 0.295654
v 0.087158 0.095459 0.273193
v 0.087158 0.104736 0.275635
v 0.086670 0.113525 0.273193
v 0.058350 0.063232 0.284424
v 0.028076 0.093506 0.279541
v 0.027588 0.114502 0.279053
v 0.028076 0.104248 0.282471
v 0.003174 0.092041 0.336670
v 0.012939 0.093506 0.345459
v 0.013428 0.106689 0.342529
v 0.003662 0.106201 0.334229
v 0.013916 0.094482 0.350342
v 0.007080 0.099854 0.345459
v 0.007568 0.100342 0.348877
v 0.013916 0.106689 0.347900
v 0.003174 0.098389 0.373779
v 0.003174 0.107178 0.371826
v 0.012939 0.000244 0.375732
v 0.001709 0.002686 0.404053
v 0.001709 0.011475 0.401123
v 0.064697 0.146729 0.279053
v 0.066162 0.131104 0.282471
v 0.062744 0.138428 0.283936
v 0.060303 0.130127 0.271240
v 0.055420 0.137451 0.270264
v 0.057373 0.145752 0.265381
v 0.049561 0.144287 0.277100
v 0.038330 0.143799 0.265869
v 0.013916 0.185791 0.326904
v 0.004150 0.184326 0.318604
v 0.014893 0.186768 0.332275
v 0.065674 0.229248 0.271240
v 0.069092 0.244385 0.268799
v 0.004150 0.195557 0.312256
v 0.059326 0.228760 0.259521
v 0.034912 0.228760 0.255127
v 0.046631 0.229248 0.266846
v 0.051514 0.236572 0.260010
v 0.061768 0.243896 0.254639
v 0.058838 0.237061 0.273682
v 0.008057 0.191162 0.325439
v 0.013916 0.196045 0.321045
v 0.014893 0.196533 0.326416
v 0.008545 0.191650 0.328857
v 0.004150 0.190674 0.356201
v 0.004150 0.198486 0.352783
v 0.343018 0.328857 0.003662
v 0.332764 0.335693 0.009033
v 0.341553 0.343506 0.007080
v 0.343994 0.343994 0.000244
v 0.266846 0.330322 0.045166
v 0.273682 0.330322 0.056885
v 0.265869 0.337158 0.057373
v 0.263428 0.333252 0.044678
v 0.253174 0.333252 0.036377
v 0.258057 0.337158 0.044189
v 0.274658 0.345459 0.042725
v 0.281006 0.345459 0.052490
v 0.339600 0.422119 0.006592
v 0.335693 0.428467 0.002197
v 0.272217 0.420166 0.039307
v 0.277588 0.420166 0.047607
v 0.261963 0.416748 0.041748
v 0.250244 0.416748 0.031982
v 0.257080 0.421631 0.037842
v 0.254639 0.421631 0.035400
v 0.269775 0.426025 0.048584
v 0.263428 0.426025 0.039307
v 0.221436 0.332764 0.102783
v 0.213623 0.333252 0.088623
v 0.204834 0.341064 0.091553
v 0.212646 0.340576 0.105713
v 0.197510 0.335205 0.101318
v 0.189697 0.335205 0.095947
v 0.221436 0.348877 0.102295
v 0.215088 0.349365 0.090088
v 0.179443 0.362061 0.080322
v 0.139404 0.361084 0.121826
v 0.162842 0.326416 0.138428
v 0.170166 0.325439 0.152588
v 0.158447 0.341064 0.138916
v 0.166260 0.340576 0.153076
v 0.159912 0.333252 0.156494
v 0.152100 0.333740 0.142822
v 0.151123 0.336670 0.146729
v 0.140381 0.337158 0.137451
v 0.119385 0.295654 0.041748
v 0.115479 0.295166 0.036377
v 0.113037 0.289795 0.042236
v 0.110596 0.287354 0.108154
v 0.116455 0.292725 0.108154
v 0.111084 0.286865 0.115967
v 0.115479 0.291260 0.115479
v 0.113525 0.294189 0.112549
v 0.109131 0.290283 0.112549
v 0.062744 0.288818 0.114990
v 0.062744 0.283936 0.119873
v 0.047607 0.291260 0.038818
v 0.118408 0.320068 0.042725
v 0.113525 0.323975 0.037354
v 0.117920 0.329346 0.042725
v 0.115479 0.317627 0.108643
v 0.114990 0.326904 0.108643
v 0.114014 0.322510 0.116455
v 0.111084 0.321533 0.113037
v 0.113525 0.336182 0.116455
v 0.113525 0.372803 0.109619
v 0.110107 0.372314 0.114014
v 0.112061 0.372314 0.117432
v 0.111572 0.289795 0.168701
v 0.112549 0.288818 0.177490
v 0.105225 0.284912 0.168701
v 0.107178 0.284912 0.177490
v 0.105225 0.288330 0.173096
v 0.109131 0.292725 0.173096
v 0.101807 0.283447 0.219482
v 0.106689 0.287354 0.218994
v 0.098389 0.287354 0.223877
v 0.100830 0.285400 0.228271
v 0.102295 0.291260 0.223389
v 0.104248 0.291748 0.228271
v 0.040283 0.281006 0.176514
v 0.056885 0.282471 0.166748
v 0.050049 0.281494 0.176514
v 0.045654 0.285889 0.171143
v 0.046631 0.281006 0.222412
v 0.036865 0.280518 0.223389
v 0.016846 0.281006 0.233643
v 0.038818 0.281982 0.232178
v 0.033936 0.284912 0.227783
v 0.028564 0.281494 0.233154
v 0.016846 0.284424 0.228760
v 0.110107 0.321045 0.169189
v 0.111084 0.316650 0.177979
v 0.110596 0.325928 0.177979
v 0.107178 0.320557 0.173584
v 0.109619 0.334229 0.169678
v 0.088135 0.343506 0.137451
v 0.108643 0.370361 0.170166
v 0.106201 0.369873 0.174561
v 0.109131 0.369873 0.178955
v 0.101807 0.374756 0.174561
v 0.087646 0.369385 0.137451
v 0.085205 0.373291 0.140869
v 0.063232 0.343994 0.172607
v 0.065186 0.373291 0.169189
v 0.062744 0.369873 0.172607
v 0.111572 0.318604 0.197510
v 0.118896 0.318115 0.211182
v 0.100342 0.325928 0.200928
v 0.107666 0.325928 0.214111
v 0.114014 0.333252 0.210693
v 0.106689 0.333740 0.197021
v 0.093994 0.329346 0.202881
v 0.105713 0.315186 0.219482
v 0.100342 0.319092 0.223877
v 0.105225 0.324463 0.219482
v 0.102783 0.338135 0.228760
v 0.099365 0.343018 0.223877
v 0.082764 0.329834 0.190674
v 0.102295 0.347412 0.229248
v 0.103760 0.368408 0.219971
v 0.099365 0.367920 0.224365
v 0.094971 0.372803 0.224854
v 0.101318 0.367920 0.229248
v 0.041748 0.374756 0.168213
v 0.042236 0.370361 0.173096
v 0.046631 0.374268 0.177979
v 0.036865 0.374268 0.177979
v 0.059326 0.315674 0.248779
v 0.032959 0.325928 0.245850
v 0.054932 0.330811 0.248291
v 0.042725 0.373291 0.223877
v 0.041260 0.372803 0.233154
v 0.032959 0.372803 0.224365
v 0.037354 0.368896 0.228760
v 0.024658 0.368896 0.234131
v 0.031006 0.371826 0.241455
v 0.206299 0.410889 0.088135
v 0.197998 0.417236 0.091064
v 0.187744 0.421143 0.089111
v 0.190186 0.419189 0.092529
v 0.213135 0.410400 0.100342
v 0.204834 0.416260 0.101807
v 0.195068 0.416260 0.095947
v 0.178955 0.382080 0.080322
v 0.175537 0.385986 0.084229
v 0.142334 0.385498 0.117432
v 0.138916 0.381592 0.121826
v 0.183838 0.416260 0.086182
v 0.162354 0.410400 0.149658
v 0.153564 0.411377 0.135010
v 0.147705 0.417236 0.139893
v 0.146240 0.407471 0.144287
v 0.140869 0.410889 0.140869
v 0.154541 0.416748 0.150635
v 0.136475 0.413330 0.133545
v 0.132568 0.408936 0.131104
v 0.115967 0.375732 0.044189
v 0.111572 0.379150 0.039307
v 0.109131 0.383057 0.044678
v 0.105713 0.377197 0.114502
v 0.106689 0.380127 0.110107
v 0.105225 0.379639 0.117920
v 0.063721 0.377197 0.121826
v 0.055420 0.381104 0.046143
v 0.054443 0.377197 0.040771
v 0.057861 0.377686 0.113525
v 0.101318 0.377686 0.170166
v 0.103271 0.377686 0.178955
v 0.081787 0.413330 0.186768
v 0.077881 0.408447 0.184326
v 0.097900 0.376221 0.220459
v 0.094482 0.375244 0.229736
v 0.101318 0.409424 0.190674
v 0.095459 0.415771 0.195068
v 0.109131 0.408936 0.203857
v 0.101807 0.415283 0.204834
v 0.091064 0.406982 0.197998
v 0.085693 0.410400 0.194580
v 0.051025 0.410400 0.239502
v 0.042725 0.408447 0.249756
v 0.037354 0.411865 0.246338
v 0.045654 0.416748 0.243896
v 0.033447 0.414307 0.238037
v 0.029541 0.409424 0.235596
v 0.095947 0.285889 0.273193
v 0.099854 0.292725 0.272705
v 0.095947 0.292236 0.277588
v 0.094482 0.310791 0.277588
v 0.093994 0.285400 0.282471
v 0.099365 0.289307 0.281982
v 0.098389 0.306885 0.282471
v 0.092041 0.288330 0.277588
v 0.062744 0.289307 0.279541
v 0.062744 0.284424 0.284424
v 0.094971 0.286377 0.322510
v 0.093994 0.304932 0.322510
v 0.089600 0.282471 0.322998
v 0.086670 0.284912 0.327393
v 0.090576 0.288818 0.326904
v 0.089111 0.282471 0.332275
v 0.093018 0.289307 0.331787
v 0.089111 0.308838 0.327393
v 0.004639 0.281006 0.300049
v 0.039307 0.283447 0.276611
v 0.052979 0.283936 0.285400
v 0.036865 0.286865 0.281494
v 0.029541 0.282471 0.277588
v 0.014404 0.281982 0.308838
v 0.008545 0.286865 0.309326
v 0.014404 0.291748 0.307373
v 0.015381 0.292236 0.312256
v 0.004639 0.290771 0.298584
v 0.058838 0.281006 0.324951
v 0.049072 0.280518 0.325928
v 0.028564 0.279053 0.336670
v 0.018799 0.278076 0.344482
v 0.052979 0.284424 0.330322
v 0.023193 0.282471 0.331787
v 0.015381 0.282959 0.313721
v 0.009033 0.287354 0.312744
v 0.004639 0.285889 0.338135
v 0.004639 0.295166 0.336670
v 0.098389 0.336182 0.273193
v 0.097900 0.316162 0.282471
v 0.067139 0.315674 0.262451
v 0.093506 0.341064 0.278076
v 0.062744 0.330811 0.261963
v 0.097900 0.345459 0.273682
v 0.096924 0.365479 0.273682
v 0.096436 0.364990 0.282959
v 0.093506 0.364990 0.278564
v 0.089111 0.369873 0.278564
v 0.090088 0.372803 0.274170
v 0.090576 0.372314 0.283447
v 0.093506 0.314209 0.322998
v 0.091553 0.324463 0.332275
v 0.088135 0.329346 0.327393
v 0.091553 0.333740 0.332275
v 0.092041 0.364502 0.323486
v 0.087646 0.364502 0.327881
v 0.086182 0.372314 0.323975
v 0.090088 0.364014 0.332764
v 0.083252 0.369385 0.328369
v 0.083252 0.371826 0.333252
v 0.048584 0.323486 0.252686
v 0.056396 0.323486 0.265869
v 0.044678 0.325928 0.257568
v 0.054932 0.366455 0.281006
v 0.041748 0.369873 0.277588
v 0.031982 0.369873 0.278076
v 0.058838 0.370361 0.285400
v 0.049072 0.369873 0.286377
v 0.037354 0.365967 0.282471
v 0.054932 0.370361 0.325928
v 0.050537 0.366455 0.330811
v 0.045654 0.370361 0.326904
v 0.020752 0.365967 0.332764
v 0.025635 0.369385 0.337646
v 0.015869 0.369385 0.345459
v 0.095947 0.269775 0.387939
v 0.101807 0.275635 0.387939
v 0.095459 0.275635 0.382080
v 0.095459 0.269775 0.415771
v 0.101318 0.275635 0.415771
v 0.094971 0.275635 0.422119
v 0.084717 0.281006 0.380615
v 0.088623 0.288330 0.380615
v 0.083252 0.285400 0.385010
v 0.079346 0.296631 0.421631
v 0.073486 0.289795 0.421143
v 0.073486 0.290283 0.487061
v 0.071045 0.294189 0.492432
v 0.079346 0.297119 0.487549
v 0.074463 0.298096 0.492432
v 0.028564 0.278076 0.378662
v 0.019287 0.277588 0.379639
v 0.023682 0.281494 0.388916
v 0.050049 0.307373 0.450439
v 0.054932 0.302002 0.494873
v 0.061768 0.310791 0.495361
v 0.050537 0.305908 0.489014
v 0.016846 0.303467 0.450928
v 0.009033 0.309326 0.451416
v 0.001221 0.286377 0.493896
v 0.017822 0.302002 0.489990
v 0.014893 0.297607 0.495850
v 0.006104 0.303955 0.496338
v 0.010010 0.307861 0.490479
v 0.087646 0.322510 0.380615
v 0.082764 0.327393 0.385498
v 0.087158 0.331787 0.381104
v 0.086182 0.362549 0.381592
v 0.082275 0.362061 0.385986
v 0.079346 0.369873 0.382080
v 0.077881 0.366943 0.386475
v 0.070557 0.360596 0.422119
v 0.062744 0.365967 0.422607
v 0.071533 0.358643 0.494873
v 0.067139 0.356201 0.499756
v 0.062744 0.359619 0.499756
v 0.063721 0.364014 0.495361
v 0.021729 0.364014 0.389893
v 0.025635 0.368408 0.385010
v 0.016357 0.368408 0.385498
v 0.055908 0.314697 0.450928
v 0.052490 0.339600 0.452881
v 0.056396 0.313232 0.489502
v 0.057861 0.341553 0.499268
v 0.053467 0.338623 0.492920
v 0.004639 0.334229 0.451904
v 0.010498 0.341553 0.452393
v 0.005615 0.332764 0.490479
v 0.000732 0.335205 0.496826
v 0.011475 0.340088 0.491455
v 0.007568 0.343506 0.497803
v 0.044678 0.345459 0.453369
v 0.048584 0.348389 0.499756
v 0.045654 0.343994 0.493408
v 0.060303 0.410400 0.253662
v 0.052979 0.416748 0.254150
v 0.014404 0.419678 0.290771
v 0.015381 0.420166 0.295654
v 0.004639 0.418213 0.281982
v 0.003662 0.421143 0.284912
v 0.000244 0.414307 0.304443
v 0.010010 0.424561 0.292725
v 0.004150 0.424072 0.287842
v 0.003662 0.431396 0.285400
v 0.000244 0.435303 0.288330
v 0.000732 0.427979 0.319092
v 0.005127 0.423584 0.322021
v 0.098877 0.379150 0.392334
v 0.098389 0.377197 0.420166
v 0.092529 0.379639 0.386475
v 0.092041 0.385010 0.392822
v 0.092041 0.382568 0.420654
v 0.092041 0.376221 0.426514
v -0.341553 0.102295 -0.447998
v -0.347900 0.098877 -0.447998
v -0.346924 0.106201 -0.447998
v -0.315674 0.100342 -0.396240
v -0.312744 0.096924 -0.390381
v -0.316162 0.104248 -0.389893
v -0.341553 0.100830 -0.396729
v -0.347900 0.096924 -0.391846
v -0.346924 0.104736 -0.391357
v -0.295654 0.000732 -0.320557
v -0.296631 0.003662 -0.281006
v -0.306396 0.023682 -0.281006
v -0.364502 0.005127 -0.322021
v -0.364502 0.001709 -0.318604
v -0.367920 0.005127 -0.318604
v -0.341553 0.000732 -0.281494
v -0.320068 0.027100 -0.283447
v -0.319092 0.026123 -0.281494
v -0.328857 0.026123 -0.284424
v -0.340088 0.024658 -0.281494
v -0.336670 0.027588 -0.281494
v -0.324951 0.024658 -0.281006
v -0.363525 0.002197 -0.284424
v -0.367432 0.006104 -0.284424
v -0.363525 0.006104 -0.281006
v -0.303955 0.098389 -0.281006
v -0.320068 0.092529 -0.287354
v -0.327881 0.094971 -0.283936
v -0.319580 0.107178 -0.286865
v -0.327393 0.105713 -0.283936
v -0.320068 0.098389 -0.273682
v -0.320068 0.100830 -0.273682
v -0.322510 0.098877 -0.281006
v -0.327881 0.098877 -0.277100
v -0.327881 0.100830 -0.276611
v -0.341553 0.217041 -0.454346
v -0.346924 0.213623 -0.447998
v -0.347900 0.220459 -0.454346
v -0.316162 0.215088 -0.389893
v -0.341553 0.218506 -0.396240
v -0.346924 0.214600 -0.390869
v -0.316162 0.218994 -0.395752
v -0.316162 0.222900 -0.388916
v -0.347900 0.222900 -0.390381
v -0.301514 0.174561 -0.281006
v -0.318115 0.171631 -0.281494
v -0.318604 0.171631 -0.283447
v -0.325928 0.174072 -0.283447
v -0.335693 0.172119 -0.281494
v -0.338623 0.175049 -0.281494
v -0.320068 0.175049 -0.281006
v -0.297607 0.197510 -0.322021
v -0.297607 0.200928 -0.318604
v -0.298584 0.199951 -0.284424
v -0.298584 0.196533 -0.281006
v -0.364990 0.198975 -0.322021
v -0.364990 0.202393 -0.318604
v -0.368408 0.198975 -0.318604
v -0.316650 0.201904 -0.281494
v -0.321045 0.202881 -0.281494
v -0.335205 0.202393 -0.281494
v -0.338135 0.199463 -0.281494
v -0.321045 0.205811 -0.284424
v -0.337158 0.203369 -0.281494
v -0.337158 0.206299 -0.284424
v -0.340088 0.206299 -0.281494
v -0.364502 0.201416 -0.284424
v -0.367920 0.197998 -0.284424
v -0.364502 0.197998 -0.281006
v -0.308350 0.023682 -0.151611
v -0.321533 0.018311 -0.227295
v -0.329346 0.018799 -0.223389
v -0.340576 0.002686 -0.217529
v -0.321533 0.018311 -0.210693
v -0.329346 0.018799 -0.214600
v -0.344482 0.000244 -0.217529
v -0.321533 0.017334 -0.158447
v -0.341553 0.000732 -0.155029
v -0.320068 0.026123 -0.155029
v -0.321533 0.025146 -0.144775
v -0.329346 0.019775 -0.154541
v -0.329346 0.023682 -0.148193
v -0.340088 0.024658 -0.155029
v -0.336670 0.027588 -0.155029
v -0.305908 0.098389 -0.151611
v -0.320068 0.092041 -0.145264
v -0.320068 0.098877 -0.158447
v -0.320068 0.101318 -0.158447
v -0.323975 0.100342 -0.151611
v -0.327881 0.099854 -0.155518
v -0.327881 0.094971 -0.148193
v -0.319580 0.106689 -0.144775
v -0.327881 0.101807 -0.154541
v -0.327881 0.105225 -0.148193
v -0.385010 0.012939 -0.016846
v -0.376221 0.006592 -0.012939
v -0.385498 0.006592 -0.004150
v -0.386963 0.105713 -0.017822
v -0.387451 0.117432 -0.017822
v -0.378662 0.111572 -0.014404
v -0.387451 0.111572 -0.005127
v -0.395752 0.115479 -0.001221
v -0.303467 0.174561 -0.151611
v -0.318115 0.181396 -0.230225
v -0.325928 0.181396 -0.226318
v -0.318115 0.180908 -0.213623
v -0.325928 0.181396 -0.217529
v -0.318115 0.182373 -0.156982
v -0.319092 0.171631 -0.155029
v -0.318115 0.173096 -0.145264
v -0.322021 0.175537 -0.151611
v -0.325928 0.176025 -0.148193
v -0.325928 0.180908 -0.154053
v -0.335693 0.172119 -0.155029
v -0.338623 0.175049 -0.155029
v -0.307861 0.199463 -0.156494
v -0.307861 0.199463 -0.125732
v -0.307861 0.203857 -0.152100
v -0.307861 0.203857 -0.130127
v -0.337158 0.216064 -0.235107
v -0.341064 0.216064 -0.232666
v -0.337646 0.198486 -0.217529
v -0.341064 0.201416 -0.217529
v -0.337158 0.216064 -0.200439
v -0.341064 0.216064 -0.202881
v -0.337158 0.233154 -0.217529
v -0.340576 0.230713 -0.217529
v -0.334717 0.200439 -0.156494
v -0.316650 0.201904 -0.155029
v -0.321045 0.202881 -0.155518
v -0.335205 0.202393 -0.155029
v -0.338135 0.199463 -0.155029
v -0.339111 0.200928 -0.152100
v -0.334717 0.200439 -0.125732
v -0.339111 0.200928 -0.130127
v -0.321045 0.205811 -0.152100
v -0.334717 0.204834 -0.152100
v -0.337158 0.203369 -0.155518
v -0.337158 0.206299 -0.152100
v -0.340088 0.206299 -0.155518
v -0.334717 0.204834 -0.130127
v -0.388916 0.210205 -0.018799
v -0.380615 0.216553 -0.015381
v -0.389404 0.216553 -0.006104
v -0.397705 0.212158 -0.002197
v -0.390381 0.223389 -0.018799
v -0.120361 0.289307 -0.445068
v -0.112549 0.289307 -0.435303
v -0.082764 0.370361 -0.454346
v -0.120361 0.359619 -0.447998
v -0.038818 0.366943 -0.373779
v -0.079346 0.348877 -0.367920
v -0.083740 0.348877 -0.373779
v -0.088623 0.344482 -0.365967
v -0.084229 0.370361 -0.374756
v -0.127686 0.366943 -0.439209
v -0.248291 0.342529 -0.365967
v -0.078369 0.375732 -0.454346
v -0.086182 0.379639 -0.454346
v -0.120361 0.445557 -0.499756
v -0.112549 0.454346 -0.497314
v -0.120361 0.443604 -0.450928
v -0.120361 0.437744 -0.445068
v -0.112549 0.450928 -0.441162
v -0.112549 0.445068 -0.435303
v -0.089111 0.379639 -0.367432
v -0.127686 0.459229 -0.497314
v -0.127686 0.447998 -0.439209
v -0.127686 0.456299 -0.445557
v -0.248779 0.377686 -0.367432
v -0.037354 0.343506 -0.106689
v -0.037354 0.346436 -0.109619
v -0.036865 0.340576 -0.056396
v -0.165283 0.356689 -0.048584
v -0.165283 0.374268 -0.048584
v -0.216553 0.356201 -0.048584
v -0.217041 0.373291 -0.048584
v -0.207764 0.354248 -0.029541
v -0.207764 0.374268 -0.029541
v -0.248291 0.353271 -0.029541
v -0.248291 0.373779 -0.029541
v -0.037842 0.387451 -0.109619
v -0.037842 0.390381 -0.106689
v -0.037842 0.397705 -0.056396
v -0.170654 0.378174 -0.048584
v -0.212646 0.377197 -0.048584
v -0.211670 0.378174 -0.026123
v -0.244873 0.377686 -0.026123
v -0.257568 0.274170 -0.447998
v -0.263428 0.281006 -0.441162
v -0.281006 0.312256 -0.448975
v -0.326416 0.273193 -0.447998
v -0.333252 0.264893 -0.437256
v -0.275635 0.317627 -0.448975
v -0.263428 0.358154 -0.441162
v -0.254639 0.368408 -0.454346
v -0.259033 0.373291 -0.454346
v -0.257568 0.359619 -0.447998
v -0.252686 0.366943 -0.439209
v -0.261475 0.363525 -0.447998
v -0.266357 0.369385 -0.439209
v -0.280029 0.322510 -0.394287
v -0.253174 0.342041 -0.380615
v -0.257568 0.342041 -0.375244
v -0.285889 0.316650 -0.394287
v -0.288330 0.325928 -0.388916
v -0.290771 0.328369 -0.387939
v -0.253662 0.368408 -0.381592
v -0.258057 0.373291 -0.376709
v -0.362549 0.312744 -0.448975
v -0.367920 0.318115 -0.448975
v -0.348389 0.336182 -0.454346
v -0.342529 0.372803 -0.454346
v -0.316650 0.336670 -0.389893
v -0.338623 0.341553 -0.390381
v -0.342529 0.341553 -0.385986
v -0.342041 0.341064 -0.375244
v -0.357666 0.316650 -0.394287
v -0.349854 0.324951 -0.388916
v -0.349854 0.324951 -0.387939
v -0.363525 0.322510 -0.394287
v -0.347900 0.336182 -0.391357
v -0.354248 0.328857 -0.388428
v -0.353760 0.329346 -0.387939
v -0.342041 0.371826 -0.377197
v -0.320068 0.253174 -0.284424
v -0.320068 0.256104 -0.281494
v -0.336182 0.253662 -0.284424
v -0.339111 0.253662 -0.281494
v -0.336182 0.256592 -0.281494
v -0.299072 0.341064 -0.343994
v -0.292236 0.333740 -0.311768
v -0.338623 0.341553 -0.343994
v -0.342529 0.341553 -0.348389
v -0.318604 0.361084 -0.373779
v -0.342041 0.332764 -0.311768
v -0.345947 0.336670 -0.311768
v -0.399170 0.263428 -0.497314
v -0.383545 0.271729 -0.499756
v -0.396729 0.278564 -0.497314
v -0.398193 0.263428 -0.447021
v -0.379150 0.271729 -0.447998
v -0.387939 0.279053 -0.441162
v -0.393799 0.278564 -0.447021
v -0.389404 0.263428 -0.437256
v -0.396729 0.355225 -0.497314
v -0.388916 0.360107 -0.497314
v -0.396240 0.364990 -0.497314
v -0.387939 0.355225 -0.441162
v -0.393799 0.355225 -0.447021
v -0.384033 0.360107 -0.447998
v -0.389893 0.364990 -0.439209
v -0.395752 0.364990 -0.449951
v -0.251221 0.377686 -0.454346
v -0.275635 0.399170 -0.448975
v -0.281006 0.404541 -0.448975
v -0.280029 0.394287 -0.394287
v -0.287842 0.386475 -0.387939
v -0.288330 0.386963 -0.388916
v -0.285889 0.400635 -0.394287
v -0.292725 0.391357 -0.388916
v -0.292236 0.390869 -0.387939
v -0.362061 0.404541 -0.448975
v -0.367432 0.399170 -0.448975
v -0.347412 0.388916 -0.387939
v -0.348389 0.388916 -0.387939
v -0.352295 0.384033 -0.387939
v -0.353271 0.384033 -0.387939
v -0.357666 0.400635 -0.394287
v -0.363525 0.394775 -0.394287
v -0.259521 0.446533 -0.499756
v -0.252686 0.459229 -0.497314
v -0.266357 0.455322 -0.497314
v -0.259521 0.439209 -0.447998
v -0.252686 0.447998 -0.439209
v -0.266357 0.444580 -0.439209
v -0.266357 0.451904 -0.447998
v -0.252686 0.455811 -0.445557
v -0.293213 0.381104 -0.311768
v -0.297607 0.385010 -0.311768
v -0.347900 0.377686 -0.311768
v -0.343994 0.382080 -0.311768
v -0.386963 0.447998 -0.497314
v -0.393311 0.441650 -0.497314
v -0.386963 0.442139 -0.439209
v -0.386963 0.447998 -0.447998
v -0.392822 0.441650 -0.449951
v -0.320068 0.253174 -0.152100
v -0.320068 0.256104 -0.155518
v -0.339111 0.253662 -0.155518
v -0.336182 0.253662 -0.152100
v -0.336182 0.256592 -0.155518
v -0.298096 0.334229 -0.248291
v -0.301514 0.354248 -0.207275
v -0.302002 0.371826 -0.207275
v -0.342041 0.334229 -0.248291
v -0.345947 0.338135 -0.248291
v -0.319092 0.354248 -0.172119
v -0.319580 0.371826 -0.172119
v -0.294678 0.332275 -0.057861
v -0.347900 0.342041 -0.109619
v -0.348389 0.339111 -0.106689
v -0.351318 0.343018 -0.105713
v -0.344971 0.332275 -0.057861
v -0.349365 0.336182 -0.057861
v -0.361572 0.334717 -0.056396
v -0.364502 0.338135 -0.056396
v -0.318604 0.361084 -0.009521
v -0.366455 0.354248 -0.058350
v -0.370361 0.354248 -0.055908
v -0.371826 0.354248 -0.044189
v -0.372314 0.354248 -0.044678
v -0.382080 0.320557 -0.015381
v -0.391846 0.313721 -0.018799
v -0.390869 0.320557 -0.005615
v -0.393311 0.328369 -0.018799
v -0.402100 0.328369 -0.001709
v -0.377197 0.353760 -0.043701
v -0.383057 0.353760 -0.017334
v -0.299072 0.380615 -0.248291
v -0.303467 0.384521 -0.248291
v -0.303955 0.375732 -0.203369
v -0.342041 0.382568 -0.248291
v -0.346436 0.378174 -0.248291
v -0.317627 0.375244 -0.176025
v -0.294678 0.382080 -0.057861
v -0.299072 0.386475 -0.057861
v -0.347900 0.382568 -0.109619
v -0.351807 0.382080 -0.105713
v -0.348389 0.385986 -0.106689
v -0.349365 0.382080 -0.057861
v -0.344971 0.386475 -0.057861
v -0.364502 0.389893 -0.056396
v -0.361572 0.392822 -0.056396
v -0.366943 0.398193 -0.058350
v -0.370850 0.398193 -0.055908
v -0.367432 0.402100 -0.054932
v -0.372803 0.398193 -0.044678
v -0.369873 0.402100 -0.040771
v -0.374756 0.407471 -0.038818
v -0.378174 0.403076 -0.043701
v -0.384033 0.403076 -0.016846
v -0.380127 0.407471 -0.013428
v -0.386963 0.415283 -0.015381
v -0.394775 0.409424 -0.017334
v -0.404053 0.409424 -0.000732
v -0.173584 0.052002 0.219482
v -0.184814 0.052979 0.231201
v -0.235596 0.040283 0.161377
v -0.245361 0.040771 0.167725
v -0.245361 0.050049 0.165283
v -0.193604 0.031006 0.228760
v -0.201904 0.024658 0.230225
v -0.205811 0.025146 0.237061
v -0.205811 0.026123 0.243408
v -0.201904 0.038818 0.227783
v -0.198975 0.031982 0.236084
v -0.199951 0.032471 0.242432
v -0.206299 0.039795 0.238525
v -0.174072 0.144287 0.204834
v -0.185303 0.144775 0.217041
v -0.234131 0.133057 0.148193
v -0.243896 0.132568 0.155518
v -0.248291 0.142822 0.152100
v -0.199951 0.133545 0.211670
v -0.207764 0.125732 0.213135
v -0.212158 0.141357 0.209229
v -0.212646 0.126221 0.224365
v -0.206299 0.134521 0.225342
v -0.217041 0.141846 0.220947
v -0.170654 0.226807 0.197021
v -0.181396 0.227295 0.209229
v -0.230225 0.223389 0.142334
v -0.240479 0.223389 0.150635
v -0.244873 0.233154 0.145752
v -0.207764 0.216553 0.204346
v -0.213135 0.217041 0.216064
v -0.201904 0.232666 0.201416
v -0.194580 0.224854 0.204834
v -0.209229 0.232666 0.215576
v -0.201904 0.225342 0.218994
v -0.003662 0.003662 0.361572
v -0.003662 0.062256 0.357666
v -0.015381 0.060303 0.346436
v -0.089600 0.001221 0.361572
v -0.094971 0.005615 0.358643
v -0.099365 0.001709 0.370361
v -0.099854 0.002197 0.373779
v -0.105225 0.006104 0.367432
v -0.106201 0.006592 0.372803
v -0.074463 0.056396 0.346436
v -0.086182 0.058350 0.357666
v -0.002686 0.098877 0.336670
v -0.002197 0.102295 0.370361
v -0.093994 0.089600 0.336670
v -0.103760 0.090576 0.345459
v -0.104736 0.091553 0.350342
v -0.088135 0.096924 0.336670
v -0.093506 0.103760 0.334229
v -0.089600 0.100342 0.369385
v -0.103760 0.103760 0.342529
v -0.097900 0.097412 0.345459
v -0.098389 0.097900 0.348877
v -0.104736 0.104248 0.347900
v -0.094971 0.096436 0.372803
v -0.094971 0.104736 0.370850
v -0.003662 0.006592 0.400146
v -0.008057 0.003174 0.411865
v -0.010498 0.007080 0.406494
v -0.008057 0.011963 0.408936
v -0.047607 0.006104 0.405518
v -0.048096 0.002197 0.410889
v -0.047607 0.010986 0.407959
v -0.085205 0.005127 0.403076
v -0.091553 0.004150 0.397217
v -0.087158 0.010010 0.406006
v -0.087646 0.001221 0.408447
v -0.096924 0.000244 0.400635
v -0.096436 0.009033 0.398193
v -0.006592 0.099854 0.384033
v -0.006592 0.107666 0.382568
v -0.009033 0.103271 0.379150
v -0.046143 0.098877 0.383545
v -0.046143 0.102295 0.378662
v -0.046143 0.106689 0.382080
v -0.083252 0.101318 0.377686
v -0.085693 0.097900 0.382568
v -0.085693 0.106201 0.381104
v -0.125244 0.035889 0.285889
v -0.136963 0.037354 0.296631
v -0.152100 0.042236 0.286865
v -0.139404 0.050049 0.286865
v -0.147705 0.057373 0.284424
v -0.153564 0.058350 0.295654
v -0.146729 0.052002 0.300537
v -0.157471 0.043701 0.298096
v -0.147705 0.124756 0.271240
v -0.003662 0.141846 0.340088
v -0.015381 0.140869 0.328857
v -0.072510 0.137939 0.328857
v -0.084229 0.139404 0.340088
v -0.092041 0.181885 0.318604
v -0.102295 0.183350 0.326904
v -0.103271 0.184326 0.332275
v -0.013916 0.241455 0.312256
v -0.001709 0.190186 0.316650
v -0.001221 0.194092 0.351807
v -0.007568 0.194580 0.358643
v -0.005615 0.192139 0.365967
v -0.005615 0.198975 0.360596
v -0.044678 0.194092 0.358643
v -0.044678 0.191162 0.365479
v -0.044189 0.198486 0.360107
v -0.002197 0.241943 0.323486
v -0.092041 0.193115 0.312256
v -0.071045 0.239014 0.312256
v -0.120361 0.223877 0.255127
v -0.086182 0.188232 0.316650
v -0.081299 0.193115 0.357666
v -0.087646 0.192139 0.351318
v -0.093018 0.188721 0.355225
v -0.092529 0.196533 0.351807
v -0.083740 0.190674 0.364990
v -0.083252 0.197510 0.359619
v -0.095947 0.189209 0.325439
v -0.101807 0.193604 0.321045
v -0.102783 0.194092 0.326416
v -0.096436 0.189209 0.328857
v -0.082764 0.239502 0.323486
v -0.125244 0.137939 0.265381
v -0.136963 0.138916 0.277100
v -0.142334 0.132080 0.270264
v -0.148193 0.138428 0.266846
v -0.155518 0.139404 0.280518
v -0.153564 0.125732 0.282471
v -0.149658 0.133545 0.283447
v -0.135986 0.231689 0.260010
v -0.132080 0.224854 0.266846
v -0.144287 0.223877 0.259521
v -0.150635 0.224854 0.271240
v -0.143799 0.232666 0.273682
v -0.146729 0.239014 0.254639
v -0.154541 0.239502 0.268799
v -0.292236 0.039307 0.106201
v -0.298584 0.032959 0.104736
v -0.298096 0.045166 0.103271
v -0.306885 0.032959 0.117432
v -0.298096 0.039307 0.112549
v -0.300537 0.039307 0.119385
v -0.305420 0.043701 0.113037
v -0.305908 0.045166 0.118896
v -0.318115 0.005615 0.053955
v -0.328369 0.005615 0.060791
v -0.344971 0.006592 0.049072
v -0.350342 0.006592 0.055908
v -0.350830 0.006592 0.063232
v -0.269775 0.077881 0.104248
v -0.278076 0.077881 0.108643
v -0.306885 0.124756 0.102295
v -0.307861 0.123291 0.108643
v -0.336182 0.075928 0.047607
v -0.342529 0.075928 0.053955
v -0.343994 0.069580 0.046143
v -0.350342 0.069580 0.060303
v -0.349365 0.070557 0.053467
v -0.343994 0.075928 0.060303
v -0.343994 0.082764 0.045654
v -0.351318 0.082764 0.057861
v -0.320068 0.114014 0.046631
v -0.330322 0.114014 0.053955
v -0.255615 0.043213 0.166260
v -0.261475 0.043701 0.177490
v -0.256104 0.056885 0.163818
v -0.252686 0.050537 0.179443
v -0.261963 0.056885 0.175049
v -0.385986 0.006592 0.009033
v -0.393311 0.012939 0.004150
v -0.395264 0.105713 0.003662
v -0.387939 0.111572 0.008057
v -0.395264 0.117432 0.004639
v -0.302979 0.139893 0.092529
v -0.295166 0.132568 0.095947
v -0.301025 0.125244 0.093994
v -0.301025 0.132568 0.102783
v -0.310791 0.139893 0.106689
v -0.302979 0.132568 0.110107
v -0.269775 0.182373 0.099365
v -0.277588 0.182373 0.104248
v -0.335693 0.179932 0.044678
v -0.342041 0.179932 0.051025
v -0.343506 0.179932 0.057861
v -0.343994 0.172607 0.043213
v -0.344482 0.186768 0.044189
v -0.350830 0.172607 0.054932
v -0.351318 0.186768 0.055420
v -0.309814 0.218506 0.105225
v -0.302002 0.218994 0.091064
v -0.301514 0.234619 0.090576
v -0.293701 0.226807 0.093994
v -0.299561 0.226807 0.100830
v -0.301514 0.226807 0.108154
v -0.308838 0.234131 0.104736
v -0.322510 0.218506 0.041260
v -0.332764 0.218018 0.049072
v -0.259521 0.135010 0.152588
v -0.255615 0.150146 0.148682
v -0.264893 0.135498 0.164307
v -0.255615 0.142822 0.166260
v -0.262939 0.150146 0.162842
v -0.252686 0.225830 0.143311
v -0.254639 0.241455 0.141357
v -0.261963 0.241455 0.155518
v -0.260010 0.225342 0.157471
v -0.252197 0.233154 0.159912
v -0.389893 0.216553 0.007080
v -0.396729 0.210205 0.004150
v -0.399658 0.223389 0.000244
v -0.020264 0.281982 0.046143
v -0.022705 0.287354 0.040771
v -0.026611 0.287354 0.046631
v -0.022217 0.279053 0.112549
v -0.023193 0.278076 0.121826
v -0.021729 0.281982 0.116943
v -0.028564 0.284424 0.112549
v -0.026123 0.285889 0.116943
v -0.030029 0.281494 0.121826
v -0.029541 0.310303 0.113037
v -0.023193 0.318115 0.041748
v -0.027588 0.313232 0.047119
v -0.028076 0.322510 0.047119
v -0.025635 0.374268 0.043213
v -0.030029 0.370850 0.048584
v -0.030029 0.320068 0.113525
v -0.026123 0.315186 0.117920
v -0.031494 0.327393 0.122803
v -0.029541 0.367432 0.118896
v -0.025146 0.372314 0.118896
v -0.027100 0.374756 0.123779
v -0.032959 0.366943 0.123779
v -0.031982 0.367432 0.114502
v -0.024658 0.276123 0.169189
v -0.031006 0.280029 0.169189
v -0.023193 0.279541 0.173584
v -0.024170 0.276123 0.178467
v -0.027588 0.283447 0.174072
v -0.030518 0.281494 0.178955
v -0.023193 0.279053 0.231689
v -0.024170 0.275146 0.226807
v -0.030518 0.280518 0.227295
v -0.025146 0.276611 0.236572
v -0.031494 0.280029 0.237061
v -0.027588 0.282959 0.231689
v -0.028564 0.337158 0.175049
v -0.032471 0.325928 0.170166
v -0.032471 0.331787 0.179932
v -0.032959 0.341064 0.179932
v -0.028076 0.372803 0.170654
v -0.030518 0.365479 0.175537
v -0.026611 0.370361 0.175537
v -0.027588 0.372803 0.180420
v -0.033936 0.365479 0.171143
v -0.033447 0.364990 0.180420
v -0.028564 0.328369 0.232666
v -0.017334 0.343506 0.238037
v -0.023193 0.343018 0.234619
v -0.032471 0.322998 0.237549
v -0.032471 0.330811 0.228271
v -0.032959 0.340576 0.228271
v -0.032959 0.332275 0.237549
v -0.053467 0.342529 0.234619
v -0.059326 0.343018 0.238037
v -0.030518 0.364502 0.233154
v -0.026611 0.369385 0.232666
v -0.027588 0.372314 0.228271
v -0.028076 0.371826 0.237549
v -0.033447 0.364502 0.228760
v -0.034424 0.364502 0.238037
v -0.116943 0.322021 0.245850
v -0.207764 0.354248 0.113037
v -0.207764 0.374268 0.113037
v -0.248291 0.353271 0.072510
v -0.248291 0.373779 0.072510
v -0.142822 0.311279 0.248779
v -0.195557 0.311768 0.197510
v -0.202881 0.312256 0.211182
v -0.181396 0.338623 0.136963
v -0.156494 0.339600 0.172119
v -0.181396 0.364502 0.136963
v -0.178955 0.368408 0.140381
v -0.159424 0.369385 0.168701
v -0.156982 0.365479 0.172119
v -0.137939 0.326416 0.248291
v -0.166260 0.323486 0.190674
v -0.183838 0.320068 0.200928
v -0.177490 0.323975 0.202881
v -0.224365 0.320557 0.136475
v -0.247803 0.318604 0.138428
v -0.236572 0.325928 0.142822
v -0.242920 0.333740 0.138916
v -0.234619 0.329834 0.146729
v -0.244385 0.325928 0.156494
v -0.190674 0.327393 0.197021
v -0.191650 0.320068 0.214111
v -0.197998 0.327393 0.210693
v -0.023682 0.378662 0.048584
v -0.026123 0.375244 0.114502
v -0.024170 0.401123 0.232666
v -0.019775 0.405518 0.236084
v -0.040283 0.401123 0.248779
v -0.054443 0.400635 0.232666
v -0.058838 0.404541 0.236084
v -0.023193 0.419189 0.238525
v -0.023193 0.429443 0.239014
v -0.025635 0.433350 0.242432
v -0.055420 0.419189 0.238525
v -0.055420 0.429443 0.239014
v -0.052979 0.433350 0.242432
v -0.112061 0.405029 0.235596
v -0.115967 0.409912 0.238037
v -0.119873 0.407471 0.246338
v -0.211670 0.378174 0.109131
v -0.244873 0.377686 0.076416
v -0.160889 0.402588 0.184326
v -0.164307 0.407471 0.186768
v -0.125732 0.404541 0.249756
v -0.133545 0.406006 0.239990
v -0.168701 0.405029 0.194580
v -0.174072 0.401611 0.197998
v -0.184326 0.403564 0.190674
v -0.128174 0.412842 0.244385
v -0.178467 0.409912 0.195068
v -0.184814 0.409424 0.204834
v -0.216064 0.401611 0.130615
v -0.224365 0.403564 0.140869
v -0.230225 0.400635 0.143799
v -0.237549 0.404541 0.135010
v -0.246338 0.404053 0.149658
v -0.219971 0.406494 0.133545
v -0.231689 0.410400 0.139893
v -0.238525 0.409912 0.150635
v -0.192627 0.403564 0.203857
v -0.025146 0.277100 0.281006
v -0.023193 0.280029 0.285400
v -0.024170 0.276611 0.290283
v -0.031494 0.280518 0.281494
v -0.001221 0.285889 0.300537
v -0.027588 0.283936 0.285889
v -0.030518 0.281494 0.290771
v -0.027588 0.305908 0.285889
v -0.031494 0.301514 0.291260
v -0.031494 0.310791 0.291260
v -0.025635 0.273193 0.340576
v -0.023193 0.276611 0.335205
v -0.024170 0.273682 0.330811
v -0.030518 0.278564 0.331299
v -0.027588 0.280518 0.335693
v -0.030518 0.280029 0.341064
v -0.000244 0.289795 0.334717
v -0.007080 0.290771 0.340088
v -0.004639 0.295654 0.343506
v -0.027588 0.303955 0.336182
v -0.004639 0.286865 0.344971
v -0.042725 0.289795 0.339600
v -0.042725 0.295166 0.343018
v -0.031494 0.299561 0.331299
v -0.031494 0.308838 0.331787
v -0.042725 0.285889 0.344482
v -0.089600 0.279053 0.300049
v -0.099365 0.280029 0.308838
v -0.083740 0.283936 0.300537
v -0.089111 0.288330 0.298584
v -0.093506 0.284912 0.309326
v -0.099365 0.289307 0.307373
v -0.100342 0.289795 0.312256
v -0.100342 0.280518 0.313721
v -0.093506 0.285400 0.312744
v -0.084717 0.288330 0.333740
v -0.090088 0.284424 0.337158
v -0.078369 0.289307 0.339111
v -0.080322 0.294678 0.342529
v -0.089600 0.293213 0.335693
v -0.080811 0.285400 0.343994
v -0.012939 0.326416 0.302490
v -0.028564 0.326904 0.286377
v -0.039307 0.343018 0.251221
v -0.032471 0.322021 0.281982
v -0.032959 0.331299 0.281982
v -0.039307 0.343506 0.289307
v -0.030518 0.362549 0.286865
v -0.026611 0.367432 0.286377
v -0.028076 0.370361 0.281982
v -0.027588 0.369873 0.291260
v -0.038818 0.366943 0.254150
v -0.034424 0.363037 0.282471
v -0.033447 0.362549 0.291748
v -0.001221 0.326416 0.313721
v -0.028564 0.335205 0.336182
v -0.031982 0.325439 0.341064
v -0.032959 0.339111 0.341553
v -0.030518 0.363037 0.336670
v -0.027588 0.370361 0.331787
v -0.026611 0.367432 0.336182
v -0.027588 0.369873 0.341553
v -0.033447 0.362549 0.332275
v -0.033447 0.362549 0.341553
v -0.070068 0.323975 0.302490
v -0.082275 0.324463 0.313721
v -0.024170 0.272705 0.383057
v -0.029053 0.279053 0.383545
v -0.023682 0.277588 0.391846
v -0.034424 0.271729 0.385986
v -0.033936 0.265869 0.391846
v -0.040283 0.271240 0.392334
v -0.031982 0.265869 0.419678
v -0.038330 0.271240 0.420166
v -0.031494 0.271240 0.426025
v -0.004150 0.281982 0.421143
v -0.011963 0.287354 0.421631
v -0.000244 0.281982 0.489014
v -0.008057 0.287842 0.489502
v -0.003174 0.289795 0.494385
v -0.030518 0.328369 0.387939
v -0.031006 0.337646 0.387939
v -0.026123 0.333252 0.392334
v -0.025635 0.368408 0.387939
v -0.027100 0.364014 0.392822
v -0.015381 0.358643 0.425537
v -0.021240 0.351807 0.425537
v -0.031982 0.361084 0.388428
v -0.043701 0.374756 0.396729
v -0.034424 0.372314 0.430420
v -0.041260 0.372803 0.424561
v -0.012451 0.347900 0.496826
v -0.009033 0.351807 0.496826
v -0.011475 0.356201 0.492432
v -0.017334 0.349365 0.491943
v -0.150635 0.311768 0.262451
v -0.131592 0.319092 0.252686
v -0.128662 0.322510 0.257568
v -0.139893 0.320068 0.265869
v -0.146240 0.326904 0.261963
v -0.040283 0.405029 0.255127
v -0.040283 0.405518 0.285400
v -0.014404 0.421143 0.281006
v -0.012939 0.414795 0.290771
v -0.009033 0.419678 0.292725
v -0.005127 0.417725 0.301025
v -0.001221 0.423584 0.281982
v -0.014404 0.430908 0.281494
v -0.016846 0.435303 0.284424
v -0.039307 0.435303 0.285889
v -0.061768 0.435303 0.284424
v -0.001221 0.422607 0.319092
v -0.006104 0.428467 0.323975
v -0.008545 0.422607 0.324463
v -0.001221 0.432373 0.320068
v -0.005127 0.436279 0.320068
v -0.007568 0.436279 0.322021
v -0.008545 0.432861 0.325439
v -0.004150 0.424561 0.328857
v -0.039307 0.422607 0.324463
v -0.040283 0.427979 0.323486
v -0.039307 0.432373 0.325439
v -0.039307 0.436279 0.322021
v -0.040283 0.424072 0.328369
v -0.064209 0.421143 0.281006
v -0.068604 0.412842 0.290771
v -0.072510 0.417725 0.292725
v -0.076416 0.415771 0.301025
v -0.081299 0.421631 0.281982
v -0.082275 0.421143 0.284912
v -0.087158 0.416260 0.281982
v -0.081787 0.412842 0.304443
v -0.064209 0.430908 0.281494
v -0.086670 0.422119 0.287842
v -0.092529 0.422607 0.292725
v -0.082275 0.431396 0.285400
v -0.078857 0.435303 0.288330
v -0.096924 0.417236 0.290771
v -0.097900 0.418213 0.295654
v -0.070068 0.422607 0.324463
v -0.077393 0.422607 0.319092
v -0.076416 0.423584 0.326904
v -0.074463 0.427979 0.322021
v -0.070068 0.432861 0.325439
v -0.077393 0.432373 0.320068
v -0.073486 0.436279 0.320068
v -0.071045 0.436279 0.322021
v -0.085693 0.422607 0.320068
v -0.081299 0.427002 0.317139
v -0.037842 0.375732 0.390381
v -0.037354 0.380615 0.396729
v -0.035400 0.378662 0.424561
v -0.135986 0.412842 0.254639
v -0.143311 0.406494 0.253662
v -0.269775 0.280029 0.096924
v -0.278076 0.279541 0.101807
v -0.343506 0.272217 0.039795
v -0.335205 0.279053 0.039795
v -0.341064 0.279053 0.046143
v -0.343018 0.279053 0.052979
v -0.350830 0.272217 0.051514
v -0.343018 0.285889 0.036865
v -0.350342 0.285889 0.049072
v -0.297607 0.325439 0.088623
v -0.288330 0.333252 0.091553
v -0.298584 0.341553 0.090088
v -0.305420 0.324951 0.102783
v -0.296631 0.332764 0.105713
v -0.304932 0.341064 0.102295
v -0.323975 0.319092 0.035889
v -0.334229 0.319092 0.044189
v -0.342529 0.371338 0.029541
v -0.349854 0.371338 0.041748
v -0.255615 0.318115 0.152588
v -0.250732 0.333252 0.153076
v -0.391846 0.320068 0.007080
v -0.401123 0.313721 0.000732
v -0.400635 0.328369 0.004639
v -0.261963 0.404053 0.084229
v -0.273682 0.403564 0.093506
v -0.290283 0.402588 0.087646
v -0.297119 0.402100 0.099854
v -0.266357 0.408447 0.086670
v -0.268311 0.406494 0.090576
v -0.281982 0.408936 0.091064
v -0.288818 0.407959 0.101318
v -0.334229 0.377686 0.031006
v -0.343506 0.384033 0.031006
v -0.322998 0.405518 0.028564
v -0.340088 0.377686 0.036377
v -0.342041 0.377686 0.044189
v -0.334717 0.405518 0.037842
v -0.349854 0.384033 0.040771
v -0.327393 0.410889 0.031982
v -0.329834 0.410889 0.034424
v -0.334717 0.413330 0.031982
v -0.343506 0.407471 0.031494
v -0.341553 0.413330 0.040771
v -0.348877 0.407471 0.039307
v -0.402100 0.408936 0.005615
v -0.397705 0.415283 0.001709
f 3 4 5
f 21 8 7
f 21 9 8
f 9 21 22
f 20 22 24
f 19 18 17
f 18 19 25
f 18 25 28
f 31 30 18
f 25 27 28
f 28 32 34
f 33 32 28
f 172 175 293
f 841 842 843
f 848 846 845
f 848 847 846
f 63 62 61
f 62 63 294
f 194 53 51
f 63 64 65
f 2820 2819 2818
f 299 298 297
f 113 114 115
f 152 151 150
f 2874 2882 2883
f 130 129 128
f 2596 135 134
f 2000 1999 1998
f 2596 134 133
f 2596 2005 2001
f 139 138 137
f 397 398 401
f 168 167 166
f 167 168 539
f 3400 3399 3397
f 162 163 572
f 163 571 572
f 573 572 571
f 3448 3449 4006
f 3449 3450 4006
f 582 573 571
f 4006 4005 3448
f 187 188 189
f 217 218 219
f 325 323 321
f 532 325 321
f 201 202 203
f 205 204 203
f 214 205 203
f 1117 1116 1115
f 205 214 215
f 1117 1118 1120
f 212 217 313
f 433 437 438
f 458 440 439
f 461 441 440
f 440 458 461
f 240 260 271
f 240 271 284
f 284 279 240
f 272 266 243
f 285 272 243
f 243 283 285
f 316 320 322
f 434 435 436
f 341 342 405
f 342 343 406
f 406 405 342
f 343 345 406
f 333 341 405
f 405 403 333
f 374 403 405
f 406 345 339
f 339 404 406
f 406 404 379
f 346 347 354
f 382 354 347
f 382 366 364
f 391 393 412
f 348 351 352
f 348 352 533
f 349 350 356
f 355 364 417
f 417 394 355
f 364 366 417
f 389 394 417
f 423 475 476
f 381 384 485
f 485 479 381
f 384 411 485
f 485 481 479
f 411 426 485
f 485 483 481
f 393 396 412
f 407 410 411
f 426 411 410
f 387 386 385
f 520 489 487
f 594 593 592
f 423 476 528
f 484 491 519
f 476 477 528
f 477 494 528
f 494 496 528
f 930 528 495
f 528 496 495
f 519 491 490
f 520 493 489
f 1418 1419 1434
f 1419 1433 1434
f 457 465 469
f 547 548 549
f 547 550 1637
f 547 549 550
f 1638 1425 1423
f 1638 1427 1421
f 1423 1427 1638
f 506 500 498
f 506 502 500
f 502 506 932
f 1474 932 506
f 1543 1474 506
f 505 507 530
f 529 511 508
f 510 511 529
f 507 512 530
f 1479 1480 1481
f 642 527 526
f 644 641 640
f 527 642 645
f 642 643 645
f 551 553 554
f 570 573 582
f 558 559 561
f 566 581 719
f 617 579 562
f 617 618 718
f 718 587 579
f 579 617 718
f 719 581 577
f 4005 4006 4007
f 4005 4007 4011
f 588 590 717
f 4007 4008 4011
f 590 591 717
f 4029 4026 4009
f 4026 4029 4194
f 599 598 595
f 600 597 596
f 607 608 610
f 725 610 608
f 614 616 629
f 725 715 620
f 601 602 603
f 604 605 606
f 727 729 732
f 729 730 732
f 755 754 753
f 734 732 730
f 754 755 795
f 728 731 794
f 616 621 629
f 721 724 726
f 726 724 722
f 632 631 630
f 649 632 630
f 2484 2485 2486
f 2484 2486 2489
f 633 634 635
f 2373 2374 2487
f 2490 2489 2486
f 687 688 693
f 660 661 662
f 697 696 695
f 4192 4191 4190
f 4194 4029 4021
f 4186 4193 4216
f 4216 4193 4187
f 731 733 794
f 739 740 744
f 735 4200 4209
f 4209 4200 4198
f 4199 4201 4229
f 4227 4215 4211
f 740 741 744
f 4219 4220 4253
f 4220 4234 4253
f 746 747 748
f 749 750 751
f 767 768 773
f 769 772 811
f 764 763 762
f 763 764 812
f 774 773 768
f 812 776 774
f 756 757 760
f 787 760 757
f 761 759 758
f 758 760 2549
f 760 787 2549
f 809 803 802
f 2550 2549 787
f 806 810 2650
f 802 808 809
f 809 808 804
f 821 819 808
f 771 778 811
f 811 772 771
f 778 779 811
f 779 793 811
f 779 778 777
f 793 796 798
f 2543 2545 2560
f 785 786 2563
f 2551 790 785
f 2563 2551 785
f 789 788 786
f 2650 810 805
f 798 801 822
f 801 814 822
f 4251 4250 4249
f 805 816 817
f 817 819 824
f 817 824 2676
f 819 821 824
f 4247 4248 4391
f 2676 824 818
f 4389 4394 5163
f 4248 4252 4391
f 840 841 844
f 855 856 857
f 857 861 862
f 862 861 860
f 854 857 858
f 967 968 970
f 1236 1233 1224
f 1099 1100 2346
f 2347 1105 1099
f 1099 2346 2347
f 1100 1101 2345
f 1100 2345 2346
f 1101 2343 2344
f 1101 2344 2345
f 2085 925 924
f 2080 2072 925
f 2085 2080 925
f 2349 1103 1102
f 1102 1105 2348
f 1102 2348 2349
f 2358 1104 1103
f 1103 2349 2358
f 1104 2358 2369
f 1105 2347 2348
f 2087 924 922
f 922 927 2088
f 2088 2087 922
f 2087 2085 924
f 927 929 2124
f 2124 2088 927
f 2078 2074 2072
f 2080 2078 2072
f 933 934 935
f 933 935 1554
f 1520 937 936
f 936 937 938
f 1558 938 937
f 1619 1618 940
f 1482 1473 1471
f 1482 1535 1536
f 1478 1477 1475
f 2365 1109 1108
f 2366 1110 1109
f 1109 2365 2366
f 956 958 2231
f 956 2231 2233
f 958 962 2227
f 958 2227 2231
f 962 2220 2225
f 962 2225 2227
f 2367 1111 1110
f 1110 2366 2367
f 2368 1112 1111
f 1111 2367 2368
f 2220 2222 2225
f 2364 2363 1112
f 2368 2364 1112
f 969 970 971
f 976 977 978
f 975 978 979
f 1086 1085 1084
f 1011 1090 1096
f 1645 998 987
f 1646 1645 987
f 1015 1007 996
f 1015 1013 1007
f 997 1002 1031
f 1031 1030 997
f 1021 1016 999
f 1721 1021 999
f 1016 1021 1027
f 1026 1716 1721
f 1712 1721 1727
f 1730 1721 1716
f 1800 1727 1721
f 1721 1736 1806
f 1806 1801 1721
f 1649 1650 1651
f 1657 1679 1681
f 1672 1040 1006
f 1006 1670 1672
f 1719 1025 1024
f 1719 1656 1025
f 1672 1041 1040
f 1670 1671 1672
f 1041 1672 1745
f 1746 1672 1671
f 1746 1745 1672
f 1014 1018 1057
f 1014 1057 1058
f 1714 1037 1023
f 1033 1037 1714
f 1724 1723 1714
f 1024 1044 1719
f 1748 1719 1044
f 1719 1718 1656
f 1659 1719 1771
f 1659 1717 1719
f 1742 1719 1717
f 1718 1719 1757
f 1719 1742 1758
f 1719 1748 1751
f 1719 1751 1757
f 1719 1758 1759
f 1719 1759 1777
f 1773 1771 1719
f 1777 1773 1719
f 1036 1042 1047
f 1047 1046 1036
f 1043 1048 1050
f 1043 1050 1750
f 1763 1047 1042
f 1046 1047 1052
f 1054 1052 1047
f 1767 1054 1047
f 1047 1763 1767
f 1048 1049 1050
f 1749 1045 1041
f 1041 1745 1749
f 1752 1749 1745
f 1051 1050 1049
f 1050 1051 1765
f 1753 1750 1050
f 1765 1753 1050
f 1095 1097 1098
f 1064 1811 1812
f 1932 1098 1097
f 1813 1812 1811
f 1896 1889 1886
f 2363 2364 2702
f 1136 1127 1119
f 1119 1120 1136
f 1120 1124 1136
f 1275 1129 1126
f 1128 1129 1130
f 1144 1146 1148
f 1399 1400 1401
f 1421 1401 1400
f 1434 1420 1418
f 1421 1398 1396
f 1398 1421 1427
f 1437 1440 1441
f 1285 1284 1283
f 1565 1566 1567
f 1304 1301 1300
f 1290 1291 1292
f 1290 1292 1299
f 1288 1293 1295
f 1297 1294 1289
f 1564 1570 1571
f 1310 1309 1303
f 1305 1292 1291
f 1305 1299 1292
f 1323 1318 1317
f 1314 1319 1321
f 1576 1577 1578
f 1313 1311 1307
f 1587 1586 1582
f 1373 1376 1377
f 1380 1381 1382
f 1327 1325 1316
f 1379 1383 1385
f 1595 1590 1589
f 1601 1598 1597
f 1605 1607 1613
f 1609 1611 1615
f 1460 1462 1553
f 1553 1527 1460
f 1555 1463 1461
f 1461 1533 1555
f 1398 1397 1396
f 1439 1438 1436
f 1462 1465 1553
f 1465 1466 1555
f 1555 1466 1463
f 1525 1527 1553
f 1555 1533 1532
f 1482 1475 1473
f 1475 1482 1485
f 1485 1478 1475
f 1485 1538 1622
f 1623 1538 1485
f 1559 1560 2382
f 2384 2382 1560
f 2386 1562 1561
f 2384 2383 2382
f 1562 2386 2388
f 2386 2387 2388
f 1569 1572 1574
f 1581 1584 1588
f 1599 1593 1591
f 1610 1608 1606
f 1661 1651 1650
f 1653 1664 1667
f 1732 1722 1654
f 1666 1664 1660
f 1664 1666 1667
f 1686 1667 1666
f 1667 1686 1687
f 1667 1687 1822
f 1821 1732 1667
f 1822 1821 1667
f 1722 1732 1735
f 1821 1735 1732
f 1666 1685 1686
f 1687 1686 1685
f 1687 1688 1819
f 1687 1819 1822
f 1673 1675 1678
f 1673 1678 1755
f 1675 1677 1678
f 1680 1678 1677
f 1678 1680 1776
f 1756 1755 1678
f 1775 1756 1678
f 1776 1775 1678
f 1854 1940 1941
f 1734 1701 1699
f 1820 1734 1699
f 1734 1820 1823
f 1724 1737 1739
f 1791 1789 1724
f 1829 1828 1780
f 1778 1760 1738
f 1738 1760 1766
f 1738 1766 1790
f 1782 1778 1738
f 1792 1782 1738
f 1738 1790 1796
f 1796 1792 1738
f 1785 1770 1764
f 1764 1784 1785
f 1770 1785 1794
f 1786 1785 1784
f 1785 1786 1788
f 1785 1788 1798
f 1798 1794 1785
f 1828 1829 1830
f 1934 1933 1834
f 1834 1835 1934
f 1817 1818 1838
f 1818 1837 1838
f 1836 1826 1824
f 1826 1836 1858
f 4794 4793 4790
f 4805 4804 4803
f 1967 1966 1965
f 2049 2050 2051
f 1974 1973 1971
f 2057 2059 2064
f 5025 5022 5021
f 2711 2703 2010
f 2010 2011 2711
f 2017 2016 1997
f 2006 2703 2711
f 2018 2019 2020
f 2065 2067 2068
f 2772 2771 2770
f 2052 2056 2060
f 2061 2062 2063
f 4908 4913 4917
f 4921 4915 4914
f 2813 2068 2067
f 2067 2810 2813
f 4877 4876 2069
f 4875 4876 4877
f 2784 2810 2812
f 2813 2810 2784
f 2069 2814 4877
f 5296 4877 2814
f 2814 5273 5296
f 4875 4877 5297
f 4877 5296 5297
f 2131 2130 2129
f 2132 2133 2134
f 2352 2351 2350
f 2137 2138 2139
f 2355 2354 2353
f 2208 2207 2206
f 2155 2147 2135
f 2135 2147 2165
f 2195 2356 2357
f 2359 2360 2361
f 2253 2252 2247
f 2270 2258 2252
f 2311 2307 2305
f 2486 2487 2490
f 2406 2416 2458
f 2472 2471 2461
f 2516 2515 2514
f 2493 2492 2491
f 2500 2499 2498
f 2723 2724 2725
f 2504 2503 2502
f 2726 2727 2728
f 2509 2508 2507
f 2735 2736 2737
f 2742 2740 2739
f 2510 2511 2512
f 2528 2512 2511
f 2729 2730 2732
f 2528 2756 2773
f 2750 2747 2731
f 2760 2749 2529
f 2769 2760 2529
f 2803 2769 2529
f 2529 2798 2803
f 2804 2798 2529
f 2757 2756 2733
f 2756 2757 2758
f 2776 2804 5267
f 5269 5267 5130
f 5271 5269 5130
f 2624 2601 2599
f 2809 2807 2531
f 2531 2807 2808
f 2802 2765 2640
f 2640 2765 2767
f 5294 5292 5128
f 5295 5294 5128
f 2764 2763 2762
f 2763 2764 2801
f 2555 2554 2535
f 2538 2554 2555
f 2536 2538 2541
f 2560 2547 2543
f 2547 2560 2572
f 2587 2577 2572
f 2572 2586 2587
f 2594 2582 2578
f 2574 2575 2580
f 2659 2580 2575
f 2605 2606 2607
f 2578 2581 2583
f 2585 2584 2582
f 2610 2609 2608
f 2629 2660 2681
f 2683 2681 2660
f 2601 2600 2599
f 2738 2741 2743
f 2744 2745 2746
f 2602 2603 2604
f 2625 2604 2603
f 2612 2613 2614
f 2625 2630 2639
f 2615 2616 2618
f 2679 2680 2682
f 2694 2693 2679
f 2634 2633 2626
f 2636 2634 2626
f 2643 2636 2626
f 2626 2642 2644
f 2644 2643 2626
f 2632 2630 2619
f 2619 2620 2632
f 2641 2642 2687
f 2688 2687 2642
f 2638 2643 2644
f 2691 2688 2685
f 2701 2691 2685
f 2687 2686 2641
f 2693 2694 2698
f 2698 2697 2677
f 2699 2698 2677
f 2697 2696 2683
f 4394 4401 5163
f 2694 2697 2698
f 5172 5214 5215
f 5172 5215 5216
f 5210 5138 5135
f 5210 5139 5138
f 5137 5136 5132
f 2753 2710 2708
f 2708 2712 2753
f 2709 2710 2718
f 2714 2713 2712
f 2712 2713 2716
f 2761 2721 2720
f 2761 2722 2721
f 2800 2786 2785
f 2766 2764 2762
f 2800 2787 2786
f 5264 5265 5268
f 5297 5296 5273
f 2795 2794 2789
f 5276 2795 2789
f 5286 5284 5278
f 5288 5286 5278
f 5281 5282 5287
f 2820 2821 2822
f 3126 3131 3132
f 2836 2837 2838
f 3322 3321 3320
f 2839 2840 2841
f 3323 3324 3326
f 2851 2843 2842
f 2842 2850 2851
f 2875 2876 2877
f 2847 2848 2849
f 2847 2849 2895
f 2906 2902 2897
f 2902 2906 2921
f 2855 2849 2848
f 2849 2855 2926
f 2898 2895 2849
f 2903 2898 2849
f 2904 2903 2849
f 2926 2904 2849
f 2906 2908 2921
f 2856 2857 3350
f 2857 2861 3350
f 2860 2922 2935
f 2922 2927 2933
f 2922 2933 2935
f 2856 3350 3370
f 2861 2863 3350
f 3351 3350 2863
f 3350 3351 3380
f 3371 3370 3350
f 3380 3371 3350
f 2960 2859 2858
f 2858 2957 2962
f 2962 2960 2858
f 2967 2961 2957
f 2957 2961 2962
f 2891 2920 2980
f 2860 2935 3385
f 3385 2978 2860
f 3385 2979 2978
f 2864 2865 2872
f 2869 2868 2864
f 2872 2869 2864
f 2873 2867 2866
f 2875 2877 2879
f 2949 2890 2889
f 2936 2916 2913
f 2890 2949 2950
f 2980 2937 2891
f 2916 2936 2942
f 2918 2936 2943
f 2987 2943 2936
f 2936 2981 2985
f 2917 2909 2901
f 2901 2914 2917
f 3354 3360 3361
f 3362 3361 3360
f 2909 2917 3375
f 3367 2917 2914
f 2917 3367 3369
f 2917 3369 3386
f 3386 3375 2917
f 3361 3362 3377
f 2934 3376 3428
f 3428 3423 2934
f 3376 3389 3428
f 3384 3383 3381
f 3428 3424 3423
f 3389 3390 3428
f 3429 3428 3390
f 3424 3428 3429
f 3414 3417 3545
f 3442 3393 2946
f 3393 3394 3442
f 2955 2956 3019
f 3529 3446 3122
f 3020 3019 2956
f 2961 2967 2968
f 2963 2964 2965
f 2970 2965 2964
f 2973 2974 2975
f 2973 2975 3093
f 3096 2975 2974
f 3027 3041 3081
f 2988 2986 2982
f 2986 2988 2990
f 3088 3016 3015
f 3088 3022 3016
f 2992 3025 3079
f 2992 3035 3043
f 3079 3035 2992
f 3043 3042 2992
f 2999 3000 3003
f 2999 3003 3007
f 3002 3004 3049
f 3004 3006 3049
f 3005 3007 3008
f 3048 3003 3000
f 3002 3049 3050
f 3006 3014 3049
f 3084 3049 3014
f 3054 3050 3049
f 3055 3054 3049
f 3084 3055 3049
f 3008 3009 3056
f 3057 3056 3009
f 3056 3057 3060
f 3057 3059 3060
f 3023 3113 3117
f 3113 3116 3117
f 3072 3038 3037
f 3037 3051 3070
f 3037 3070 3072
f 3038 3072 3073
f 3038 3073 3098
f 3051 3053 3070
f 3044 3045 3047
f 3044 3047 3052
f 3065 3047 3045
f 3045 3063 3065
f 3065 3058 3047
f 3066 3065 3063
f 3058 3065 3074
f 3065 3066 3068
f 3065 3068 3069
f 3065 3069 3074
f 3062 3077 3433
f 3062 3433 3434
f 3071 3083 3089
f 3083 3086 3089
f 3077 3102 3433
f 3439 3433 3102
f 3435 3434 3433
f 3436 3435 3433
f 3439 3436 3433
f 3071 3089 3105
f 3091 3089 3086
f 3089 3091 3092
f 3089 3092 3106
f 3106 3105 3089
f 3119 3104 3103
f 3119 3118 3104
f 3546 3529 3446
f 3446 3529 3547
f 3129 3130 3131
f 3561 3557 3556
f 3172 3173 3174
f 3172 3174 3232
f 3175 3176 3177
f 3187 3177 3176
f 3180 3182 3245
f 3189 3182 3180
f 3260 3193 3180
f 3180 3245 3260
f 3182 3184 3245
f 3191 3193 3194
f 3260 3194 3193
f 3268 3260 3245
f 3194 3260 3280
f 3260 3248 3238
f 3248 3260 3295
f 3260 3268 3270
f 3260 3270 3280
f 3267 3205 3181
f 3181 3244 3246
f 3181 3246 3267
f 3185 3207 3455
f 3455 3454 3185
f 3457 3246 3244
f 3244 3456 3457
f 3276 3267 3246
f 3278 3276 3246
f 3461 3278 3246
f 3246 3457 3461
f 3201 3186 3183
f 3183 3200 3201
f 3186 3201 3206
f 3202 3201 3200
f 3201 3202 3209
f 3208 3206 3201
f 3211 3208 3201
f 3201 3209 3211
f 3207 3275 3455
f 3454 3455 3458
f 3462 3455 3275
f 3459 3458 3455
f 3462 3459 3455
f 3191 3194 3209
f 3209 3202 3191
f 3212 3211 3209
f 3263 3259 3192
f 3259 3263 3266
f 3325 3217 3216
f 3203 3204 3271
f 3204 3210 3213
f 3214 3213 3210
f 3199 3262 3282
f 3262 3269 3281
f 3262 3281 3282
f 3199 3282 3300
f 3213 3214 3218
f 3303 3300 3282
f 3303 3302 3300
f 3204 3213 3284
f 3269 3273 3281
f 3221 3215 3213
f 3213 3215 3287
f 3213 3218 3221
f 3287 3284 3213
f 3217 3325 3332
f 3227 3228 3231
f 3230 3229 3227
f 3231 3230 3227
f 3331 3328 3327
f 3235 3236 3253
f 3254 3253 3236
f 3312 3294 3257
f 3316 3317 3318
f 3291 3290 3279
f 3468 3291 3279
f 3283 3290 3291
f 3283 3291 3307
f 3308 3307 3291
f 3474 3308 3291
f 3291 3468 3474
f 3470 3465 3305
f 3470 3466 3465
f 3471 3470 3305
f 3319 3318 3317
f 3335 3334 3333
f 3470 3467 3466
f 3467 3470 3472
f 3470 3471 3473
f 3473 3472 3470
f 3311 3334 3335
f 3548 3494 3490
f 3343 3344 3346
f 3503 3500 3498
f 3593 3594 3595
f 3354 3361 3365
f 3377 3363 3361
f 3361 3363 3366
f 3366 3365 3361
f 3426 3379 3378
f 3378 3383 3426
f 3426 3392 3379
f 3383 3384 3426
f 3384 3421 3426
f 3392 3426 3427
f 3421 3422 3426
f 3427 3426 3422
f 3408 3402 3398
f 3504 3501 3499
f 3403 3409 3410
f 3507 3506 3505
f 4008 4006 3450
f 4008 4007 4006
f 3511 3513 4080
f 3851 3850 3849
f 4079 4081 4090
f 3515 3516 3517
f 4107 3516 3515
f 3516 4107 4110
f 3863 3864 4448
f 3865 3864 3863
f 4118 4110 4107
f 4109 4110 4118
f 3864 3865 3870
f 3562 3561 3560
f 3569 3568 3566
f 3570 3569 3567
f 3607 3606 3605
f 3576 3579 3580
f 3908 3910 3911
f 3589 3644 3648
f 3589 3648 3649
f 3610 3609 3608
f 3608 3609 3643
f 3611 3612 3613
f 3616 3613 3612
f 3794 3619 3618
f 3684 3687 3759
f 3619 3794 3795
f 3620 3621 3622
f 3813 3622 3621
f 3623 3624 3628
f 3623 3628 3701
f 3624 3626 3628
f 3630 3628 3626
f 3628 3630 3631
f 3628 3631 3711
f 3704 3701 3628
f 3711 3704 3628
f 3709 3686 3683
f 3683 3699 3709
f 3686 3709 3726
f 3730 3726 3709
f 3759 3724 3691
f 3678 3724 3759
f 3759 3724 3684
f 3652 3657 3663
f 3663 3660 3652
f 3715 3663 3657
f 3663 3662 3660
f 3662 3663 3664
f 3718 3664 3663
f 3663 3715 3718
f 3666 3658 3655
f 3658 3666 3706
f 3667 3666 3655
f 3666 3667 3669
f 3666 3669 3716
f 3708 3706 3666
f 3716 3708 3666
f 3674 3673 3672
f 3673 3674 3675
f 3696 3697 3759
f 3822 3759 3697
f 3759 3772 3776
f 3759 3776 3788
f 3775 3771 3755
f 3832 3830 3829
f 3829 3831 3832
f 3932 3942 3944
f 3699 3700 3709
f 3700 3707 3709
f 3712 3709 3707
f 3709 3712 3730
f 3688 3732 3769
f 3732 3736 3769
f 3758 3769 3790
f 3769 3789 3790
f 3806 3810 3811
f 3714 3725 3733
f 3733 3731 3714
f 3748 3733 3725
f 3731 3733 3735
f 3744 3735 3733
f 3751 3744 3733
f 3733 3748 3751
f 3739 3722 3720
f 3720 3738 3739
f 3722 3739 3740
f 3741 3739 3738
f 3745 3740 3739
f 3739 3741 3742
f 3739 3742 3745
f 3848 3833 3752
f 3848 3841 3833
f 3778 3775 3755
f 3755 3777 3781
f 3790 3780 3758
f 3945 3944 3942
f 3956 3954 3953
f 3953 3955 3956
f 3949 3821 3805
f 3821 3949 3952
f 3812 3811 3810
f 3816 3826 3827
f 3828 3827 3826
f 3830 3832 3834
f 3845 3844 3839
f 3839 3843 3845
f 3864 3870 4451
f 4449 4448 3864
f 4448 4449 4455
f 4449 4450 4455
f 3891 4465 4467
f 3899 3900 3901
f 3874 3873 3872
f 3894 3893 3892
f 3890 5120 5123
f 4461 4460 3889
f 5115 5116 5117
f 3977 3975 3974
f 3974 3976 3978
f 4935 4933 4932
f 3938 3940 3948
f 3940 3941 3948
f 4929 4935 4938
f 4081 4082 4090
f 4093 4094 4095
f 4100 4099 4096
f 4076 4057 4020
f 4020 4057 4196
f 4038 4085 4274
f 4091 4101 4135
f 4035 4036 4131
f 4035 4036 4060
f 4131 4060 4035
f 4060 4059 4035
f 4131 4122 4035
f 4132 4131 4036
f 4131 4060 4036
f 4061 4060 4036
f 4132 4131 4059
f 4085 4086 4274
f 4042 4041 4040
f 4043 4047 4069
f 4197 4199 4229
f 4170 4068 4066
f 4202 4170 4066
f 4067 4070 4174
f 4067 4174 4205
f 4170 4070 4068
f 4070 4170 4174
f 4170 4155 4139
f 4170 4142 4141
f 4142 4170 4293
f 4170 4202 4204
f 4204 4203 4170
f 4170 4290 4293
f 4208 4205 4174
f 4174 4206 4208
f 4174 4365 4371
f 4208 4207 4205
f 4146 4147 4148
f 4101 4135 4278
f 4160 4155 4139
f 4161 4160 4139
f 4182 4161 4139
f 4113 4112 4111
f 4112 4113 4114
f 4112 4114 4287
f 4119 4113 4111
f 4119 4116 4113
f 4114 4115 4287
f 4453 4454 4474
f 4144 4153 4154
f 4295 4290 4289
f 4323 4321 4289
f 4289 4321 4322
f 4158 4157 4155
f 4155 4157 4159
f 4160 4158 4155
f 4182 4165 4161
f 4171 4145 4143
f 4298 4297 4177
f 4296 4297 4298
f 4294 4324 4326
f 4325 4324 4294
f 4203 4222 4236
f 4177 4297 4299
f 4376 4373 4177
f 4206 4207 4208
f 4371 4228 4223
f 4299 4297 4296
f 4315 4319 4376
f 4319 4320 4376
f 4187 4190 4270
f 4270 4269 4187
f 4273 4270 4190
f 4269 4277 4301
f 4272 4275 4276
f 4210 4212 4236
f 4222 4226 4236
f 4212 4213 4236
f 4236 4226 4224
f 4214 4215 4227
f 4301 4277 4271
f 4383 4244 4225
f 4303 4304 4344
f 4312 4345 4428
f 4304 4307 4344
f 4280 4282 4284
f 4280 4284 4285
f 4280 4285 4339
f 4286 4284 4282
f 4283 4284 4286
f 4284 4283 4281
f 4285 4284 4281
f 4339 4285 4281
f 4470 4473 4486
f 4454 4459 4474
f 4475 4583 4591
f 4317 4314 4308
f 4308 4316 4317
f 4329 4327 4308
f 4308 4328 4329
f 4331 4330 4318
f 4318 4330 4332
f 4337 4338 4358
f 4428 4345 4313
f 4341 4361 4438
f 4358 4338 4334
f 4481 4484 4555
f 4473 4476 4486
f 4487 4596 4599
f 4438 4361 4360
f 4555 4484 4483
f 4550 4552 4690
f 4561 4612 4613
f 4423 4424 5218
f 5218 4424 4422
f 4433 4441 5234
f 5234 4441 4434
f 4668 4689 5516
f 4572 4626 4627
f 4552 4553 4690
f 4591 4582 4469
f 4591 4583 4582
f 4599 4598 4581
f 4613 4612 4594
f 4596 4598 4599
f 4490 4489 4488
f 4489 4490 4499
f 4499 5338 5339
f 4491 4496 4497
f 5343 5341 4497
f 5340 5339 5338
f 4600 4601 4602
f 4606 4605 4603
f 4528 4531 4533
f 4628 4635 4636
f 4628 4636 4647
f 4557 4558 4560
f 4560 4559 4557
f 4631 4630 4629
f 4666 4631 4629
f 4528 4533 5368
f 4533 5367 5368
f 4529 4532 4650
f 4649 4647 4636
f 4636 4648 4649
f 4627 4626 4617
f 4631 4666 4669
f 4669 4667 4631
f 4667 4669 4673
f 4674 4673 4669
f 4578 4577 4576
f 4577 4578 4579
f 4606 5357 5358
f 5516 4689 4670
f 4691 4692 4696
f 4696 4695 4691
f 5351 5352 5425
f 4625 5565 5566
f 4645 4644 4642
f 4644 4645 4679
f 4645 4678 4680
f 4680 4679 4645
f 4657 4660 4661
f 4661 4660 4658
f 4709 4710 4711
f 4682 4680 4678
f 4680 4682 4683
f 4769 4765 4764
f 5568 4770 4766
f 4698 4699 4700
f 4698 4700 4701
f 5521 4700 4699
f 4700 5521 5522
f 4705 4704 4703
f 4706 4707 4708
f 5531 5532 5533
f 4775 4777 4778
f 5536 5535 5534
f 4776 4779 4780
f 5530 5529 5528
f 5549 5546 5545
f 4770 5568 5582
f 5582 5574 4770
f 5590 5582 5568
f 5582 5590 5595
f 5582 5595 5604
f 4772 5570 5577
f 5571 5570 5434
f 5578 5577 5570
f 5612 5611 5550
f 5613 5552 5551
f 4793 4794 4795
f 4838 4837 4836
f 4847 4848 4849
f 4828 4873 4885
f 4846 4845 4844
f 4918 4919 4920
f 5008 5009 5010
f 4881 4880 4878
f 5298 4881 4878
f 4879 4880 4881
f 4879 4881 4882
f 4881 5298 5299
f 5299 5298 5290
f 4923 4924 4926
f 5300 5299 5290
f 5070 5071 5072
f 5337 4926 4924
f 4924 5335 5337
f 5093 5094 5095
f 5324 5335 5336
f 5337 5335 5324
f 5054 5055 5058
f 5081 5082 5083
f 5108 5109 5110
f 5022 5023 5024
f 4987 4985 4982
f 5031 5030 5029
f 5031 5032 5033
f 5057 5056 5054
f 5065 5066 5067
f 5655 5650 5124
f 5632 5637 5638
f 5639 5637 5632
f 5126 5661 5662
f 5328 5327 5141
f 5329 5328 5141
f 5306 5280 5143
f 5143 5305 5306
f 5251 5149 5148
f 5152 5332 5334
f 5334 5333 5152
f 5301 5302 5304
f 5321 5316 5154
f 5322 5321 5154
f 5251 5150 5149
f 5258 5161 5157
f 5413 5443 5444
f 5636 5421 5415
f 5415 5421 5635
f 5320 5319 5317
f 5318 5319 5320
f 5416 5453 5458
f 5458 5454 5416
f 5320 5317 5316
f 5321 5320 5316
f 5320 5321 5322
f 5318 5320 5322
f 5629 5628 5420
f 5630 5629 5420
f 5160 5161 5258
f 5398 5414 5451
f 5559 5423 5405
f 5221 5254 5256
f 5256 5255 5221
f 5261 5260 5249
f 5263 5261 5249
f 5451 5438 5398
f 5398 5438 5439
f 5451 5439 5398
f 5560 5557 5527
f 5561 5560 5527
f 5559 5424 5423
f 5315 5311 5308
f 5308 5311 5314
f 5309 5310 5313
f 5312 5310 5309
f 5310 5312 5314
f 5314 5311 5310
f 5616 5640 5645
f 5624 5621 5617
f 5617 5621 5622
f 5620 5619 5618
f 5619 5620 5623
f 5469 5471 5504
f 5469 5504 5506
f 5428 5562 5563
f 5563 5562 5431
f 5451 5439 5438
f 5459 5444 5443
f 5646 5458 5453
f 5434 5437 5571
f 5572 5571 5437
f 5588 5587 5450
f 5517 5486 5481
f 5518 5517 5481
f 5486 5517 5524
f 5517 5520 5524
f 5590 5592 5595
f 5596 5599 5600
f 5640 5644 5645
f 5641 5645 5659
f 5634 5641 5652
f 5654 5652 5641
f 5660 5654 5641
f 5641 5659 5660
f 5651 5648 5633
f 5651 5649 5648
f 3 2 1 4
f 38 4 1 35
f 2 3 13 6
f 3 5 14 13
f 43 5 4 38
f 173 14 5 43
f 8 7 6 13
f 7 8 11 10
f 8 9 12 11
f 8 13 14 9
f 20 12 9 22
f 9 14 173 174
f 10 11 17 15
f 11 12 19 17
f 25 19 12 20
f 18 16 15 17
f 28 18 16 26
f 16 18 30 29
f 18 28 34 31
f 20 24 27 25
f 22 23 33 28
f 295 23 22 293
f 309 33 23 295
f 29 30 842 837
f 30 31 843 842
f 31 34 845 843
f 845 34 32 848
f 32 33 849 848
f 33 309 1272 849
f 35 36 39 38
f 36 37 41 39
f 61 41 37 58
f 38 39 40 43
f 42 40 39 41
f 173 43 40 175
f 40 42 176 175
f 62 42 41 61
f 42 62 294 176
f 44 45 48 47
f 44 47 180 177
f 75 48 45 67
f 46 52 190 185
f 47 48 50 49
f 47 49 179 180
f 74 50 48 75
f 49 50 57 56
f 49 56 195 179
f 103 57 50 74
f 51 54 197 194
f 52 78 302 190
f 54 55 198 197
f 55 101 308 198
f 56 57 119 118
f 56 118 314 195
f 57 103 142 119
f 58 59 63 61
f 59 60 64 63
f 2818 64 60 2815
f 63 65 71 70
f 2819 65 64 2818
f 2823 71 65 2819
f 102 81 66 98
f 66 81 3160 3139
f 3170 98 66 3139
f 67 68 76 75
f 298 76 68 291
f 2830 79 69 2825
f 70 71 2823 2824
f 3591 73 72 3592
f 3598 99 73 3591
f 74 75 76 77
f 74 77 104 103
f 299 77 76 298
f 307 104 77 296
f 2832 80 79 2830
f 106 83 82 105
f 82 84 107 105
f 108 85 83 106
f 84 85 108 107
f 86 87 95 94
f 96 88 86 94
f 87 89 97 95
f 97 89 88 96
f 110 91 90 109
f 90 92 111 109
f 112 93 91 110
f 92 93 112 111
f 3226 102 98 3170
f 3599 100 99 3598
f 3915 306 100 3599
f 103 104 143 142
f 531 143 104 307
f 151 114 113 150
f 113 115 2882 2874
f 3397 150 113 2874
f 117 115 114 116
f 153 116 114 151
f 115 117 2885 2882
f 118 119 140 141
f 118 141 399 314
f 164 140 119 142
f 120 123 421 516
f 517 122 120 516
f 170 126 121 3451
f 121 144 3452 3451
f 518 145 122 517
f 123 127 422 421
f 124 126 170 169
f 171 125 124 169
f 127 147 428 422
f 128 129 136 135
f 1999 130 128 1998
f 128 135 2002 1998
f 129 130 156 155
f 159 136 129 155
f 2024 156 130 1999
f 131 132 133 134
f 135 136 131 134
f 158 132 131 157
f 131 136 160 157
f 2001 2002 135 2596
f 401 139 137 397
f 137 138 557 556
f 592 397 137 556
f 138 139 168 166
f 138 166 574 557
f 539 168 139 401
f 142 143 165 164
f 538 165 143 531
f 144 146 3453 3452
f 148 3352 3356 3355
f 148 149 3357 3352
f 3358 149 148 3355
f 3399 152 150 3397
f 151 152 154 153
f 3404 154 152 3399
f 3868 159 155 3866
f 155 156 3879 3866
f 156 2024 5089 3879
f 157 160 3869 3867
f 3871 158 157 3867
f 553 552 161 569
f 555 162 161 552
f 161 162 572 569
f 162 555 565 712
f 3448 163 162 3449
f 162 712 4012 3449
f 4005 571 163 3448
f 166 167 575 574
f 167 539 711 575
f 172 174 173 175
f 294 293 175 176
f 181 178 177 180
f 178 181 297 292
f 181 180 179 182
f 196 182 179 195
f 299 297 181 182
f 307 296 182 196
f 187 184 183 188
f 304 188 183 300
f 184 187 218 211
f 191 186 185 190
f 187 189 219 218
f 305 189 188 304
f 312 219 189 305
f 301 191 190 302
f 192 193 321 323
f 433 216 192 323
f 193 303 532 321
f 315 196 195 314
f 531 307 196 315
f 199 200 202 201
f 199 201 1115 1113
f 213 202 200 210
f 201 203 1117 1115
f 214 203 202 213
f 203 204 1118 1117
f 204 205 207 206
f 204 206 1121 1118
f 222 207 205 215
f 206 207 209 208
f 206 208 1122 1121
f 223 209 207 222
f 208 209 1123 1122
f 209 223 1135 1123
f 217 212 211 218
f 438 220 216 433
f 217 219 312 313
f 544 311 220 438
f 440 223 221 439
f 441 224 223 440
f 545 310 224 441
f 1274 310 224 1134
f 226 227 225 228
f 231 228 225 230
f 226 228 231 232
f 1156 227 226 1154
f 226 232 1160 1154
f 236 237 229 253
f 229 237 238 263
f 256 253 229 257
f 264 257 229 263
f 230 233 232 231
f 232 233 1162 1160
f 248 235 234 246
f 234 236 253 246
f 254 236 234 259
f 234 235 258 259
f 235 248 252 251
f 235 251 261 258
f 255 237 236 254
f 262 238 237 255
f 267 239 238 262
f 287 263 238 239
f 239 267 268 286
f 239 286 288 287
f 240 243 266 260
f 283 243 240 279
f 241 251 252 273
f 261 251 241 274
f 241 242 275 274
f 276 242 241 273
f 242 244 280 275
f 281 244 242 276
f 244 245 269 280
f 290 245 244 281
f 245 286 268 269
f 288 286 245 290
f 246 247 249 248
f 246 253 256 247
f 254 259 247 256
f 247 259 258 249
f 248 249 250 252
f 249 258 261 250
f 273 252 250 277
f 250 261 274 277
f 257 255 254 256
f 255 257 264 262
f 260 266 272 271
f 262 264 265 267
f 265 264 263 287
f 268 267 265 289
f 265 287 288 289
f 270 269 268 289
f 282 280 269 270
f 270 290 281 282
f 288 290 270 289
f 278 276 273 277
f 274 275 278 277
f 275 280 282 278
f 282 281 276 278
f 285 283 279 284
f 291 292 297 298
f 310 545 1636 1274
f 400 315 314 399
f 538 531 315 400
f 316 322 337 335
f 434 320 316 435
f 316 335 452 435
f 319 318 317 324
f 329 324 317 330
f 317 318 340 334
f 343 330 317 334
f 318 319 326 327
f 318 327 342 340
f 319 324 329 326
f 320 532 328 322
f 442 532 320 434
f 322 328 344 337
f 323 325 437 433
f 333 332 331 341
f 334 340 331 336
f 331 332 338 336
f 331 340 342 341
f 377 338 332 402
f 332 333 403 402
f 334 336 345 343
f 335 337 455 454
f 456 452 335 454
f 336 338 339 345
f 337 344 460 455
f 404 339 338 377
f 355 353 346 354
f 346 353 388 390
f 391 347 346 390
f 412 382 347 391
f 348 350 349 351
f 534 350 348 533
f 359 351 349 361
f 349 356 367 361
f 535 356 350 534
f 363 352 351 359
f 352 363 542 533
f 353 355 394 388
f 364 355 354 382
f 543 367 356 535
f 368 358 357 369
f 357 362 370 369
f 357 358 373 372
f 374 362 357 372
f 358 368 375 373
f 1467 363 359 1468
f 359 361 1469 1468
f 360 365 383 380
f 408 365 360 409
f 423 409 360 475
f 360 380 478 475
f 361 367 1470 1469
f 1542 542 363 1467
f 407 383 365 408
f 366 382 412 417
f 367 543 1549 1470
f 368 369 376 375
f 369 370 379 376
f 377 402 371 378
f 371 402 403 374
f 372 373 375 376
f 379 374 372 376
f 379 404 377 378
f 384 381 380 383
f 380 381 479 478
f 411 384 383 407
f 385 386 415 416
f 385 416 424 429
f 431 387 385 429
f 484 415 386 486
f 386 387 487 486
f 387 431 520 487
f 392 390 388 394
f 392 394 389 395
f 389 417 427 541
f 536 395 389 541
f 393 391 390 392
f 392 395 396 393
f 537 396 395 536
f 425 412 396 537
f 593 398 397 592
f 539 401 398 540
f 710 540 398 593
f 407 408 409 410
f 426 410 409 423
f 427 417 412 425
f 413 414 418 419
f 413 419 432 420
f 624 414 413 623
f 413 420 627 623
f 625 418 414 624
f 424 416 415 430
f 519 430 415 484
f 626 419 418 625
f 628 432 419 626
f 434 436 443 442
f 453 436 435 452
f 459 443 436 453
f 544 438 437 442
f 441 461 546 545
f 441 545 1636 1419
f 445 446 444 447
f 449 447 444 448
f 445 447 449 450
f 1404 446 445 1402
f 445 450 1406 1402
f 450 449 448 451
f 450 451 1408 1406
f 457 453 452 456
f 453 457 469 459
f 464 456 454 513
f 454 455 514 513
f 455 460 515 514
f 465 457 456 464
f 462 461 458 463
f 461 462 547 546
f 462 463 470 468
f 462 468 548 547
f 467 465 464 466
f 464 513 521 466
f 465 467 474 469
f 1425 467 466 1424
f 466 521 1539 1424
f 1638 474 467 1425
f 468 470 471 473
f 468 473 549 548
f 472 473 471 1431
f 549 473 472 550
f 472 1431 1432 1430
f 1637 550 472 1430
f 480 476 475 478
f 482 477 476 480
f 477 482 497 494
f 478 479 481 480
f 480 481 483 482
f 482 483 498 497
f 483 485 506 498
f 484 486 488 491
f 486 487 489 488
f 490 491 488 492
f 488 489 493 492
f 490 492 503 505
f 530 519 490 505
f 492 493 508 503
f 493 520 529 508
f 499 496 494 497
f 495 496 499 501
f 495 501 931 930
f 497 498 500 499
f 502 501 499 500
f 501 502 932 931
f 507 505 503 509
f 503 508 511 509
f 507 509 504 512
f 504 509 511 510
f 504 510 1480 1479
f 1483 512 504 1479
f 510 529 1552 1480
f 1551 530 512 1483
f 513 514 522 521
f 514 515 523 522
f 521 522 1540 1539
f 522 523 1541 1540
f 527 525 524 526
f 642 526 524 640
f 524 525 644 640
f 528 930 1472 1548
f 539 540 710 711
f 545 546 1639 1635
f 546 547 1637 1639
f 551 555 552 553
f 551 554 564 563
f 565 555 551 563
f 553 569 570 554
f 582 564 554 570
f 556 557 594 592
f 562 560 558 561
f 566 559 558 568
f 558 560 567 568
f 618 561 559 619
f 559 566 719 619
f 560 562 579 567
f 617 562 561 618
f 566 568 578 581
f 578 568 567 579
f 573 570 569 572
f 4011 582 571 4005
f 578 579 576 580
f 583 580 576 584
f 576 579 587 584
f 577 581 578 580
f 577 580 583 588
f 717 719 577 588
f 583 584 587 589
f 590 588 583 589
f 585 589 587 586
f 590 589 585 591
f 585 586 4010 4009
f 4026 591 585 4009
f 586 587 4023 4010
f 587 718 4195 4023
f 4194 717 591 4026
f 593 594 709 710
f 596 597 595 598
f 595 597 611 613
f 614 599 595 613
f 596 598 608 607
f 610 600 596 607
f 597 600 620 611
f 598 599 609 608
f 629 609 599 614
f 600 610 725 620
f 604 602 601 605
f 727 605 601 729
f 601 603 730 729
f 754 603 602 753
f 602 604 755 753
f 795 730 603 754
f 604 606 752 755
f 728 606 605 727
f 606 728 794 752
f 615 613 611 620
f 615 620 612 622
f 612 620 715 713
f 720 622 612 713
f 616 614 613 615
f 615 622 621 616
f 621 622 720 721
f 726 629 621 721
f 630 631 2485 2484
f 2489 649 630 2484
f 631 632 634 633
f 631 633 2373 2485
f 650 634 632 649
f 633 635 2374 2373
f 651 635 634 650
f 635 651 2391 2374
f 636 637 670 656
f 680 647 636 656
f 637 638 671 670
f 638 639 672 671
f 640 641 643 642
f 646 685 2447 2380
f 681 648 647 680
f 2393 654 652 2392
f 652 653 2394 2392
f 653 655 2395 2394
f 656 670 673 686
f 687 680 656 686
f 657 686 673 674
f 684 658 657 674
f 687 686 657 688
f 657 658 689 688
f 700 659 658 684
f 658 659 2432 689
f 659 700 703 2396
f 659 2396 2434 2432
f 660 662 664 663
f 667 661 660 668
f 660 663 669 668
f 696 662 661 695
f 661 667 706 695
f 698 664 662 696
f 665 666 2520 2523
f 2524 742 665 2523
f 666 780 2621 2520
f 667 668 707 706
f 668 669 708 707
f 670 671 676 673
f 671 672 679 676
f 675 674 673 676
f 674 675 677 684
f 675 676 679 678
f 692 677 675 678
f 700 684 677 701
f 677 692 704 701
f 693 681 680 687
f 682 683 2464 2463
f 2466 690 682 2463
f 683 691 2465 2464
f 688 689 694 693
f 2433 694 689 2432
f 695 706 707 697
f 696 697 699 698
f 697 707 708 699
f 700 701 702 703
f 705 702 701 704
f 2397 703 702 2435
f 702 705 2438 2435
f 2398 2396 703 2397
f 713 715 723 720
f 714 723 715 716
f 714 722 724 723
f 4186 722 714 4189
f 714 716 4188 4189
f 4188 716 715 4191
f 715 725 4217 4191
f 724 721 720 723
f 4216 726 722 4186
f 731 728 727 732
f 736 734 730 738
f 745 738 730 795
f 731 732 734 733
f 733 734 736 739
f 744 794 733 739
f 4199 4200 735 4201
f 4210 4201 735 4211
f 735 4209 4227 4211
f 736 738 740 739
f 740 738 737 741
f 4219 741 737 4218
f 737 738 4221 4218
f 738 745 4256 4221
f 4253 744 741 4219
f 799 800 743 813
f 4246 813 743 4245
f 743 800 4249 4245
f 746 748 750 749
f 746 749 768 767
f 769 747 746 767
f 764 748 747 765
f 811 765 747 769
f 762 750 748 764
f 749 751 774 768
f 763 751 750 762
f 751 763 812 774
f 758 759 756 760
f 756 759 802 803
f 806 757 756 803
f 2650 787 757 806
f 2550 761 758 2549
f 759 761 808 802
f 2649 808 761 2550
f 773 774 766 770
f 766 774 776 775
f 777 770 766 775
f 772 769 767 773
f 772 773 770 771
f 778 771 770 777
f 775 776 779 777
f 793 779 776 792
f 776 800 797 792
f 823 800 776 812
f 780 781 2622 2621
f 781 807 2623 2622
f 782 783 2545 2544
f 2552 784 782 2544
f 2556 783 782 2557
f 782 784 2564 2557
f 2558 2545 783 2556
f 784 2552 2563 2564
f 789 786 785 790
f 786 788 791 2563
f 788 789 828 829
f 835 791 788 829
f 789 790 827 828
f 2565 2563 791 2567
f 791 835 2655 2567
f 796 793 792 797
f 822 811 793 798
f 796 797 800 799
f 801 798 796 799
f 799 813 814 801
f 800 823 4390 4249
f 810 806 803 809
f 810 809 804 805
f 816 805 804 815
f 804 808 819 815
f 2676 2650 805 817
f 2645 821 808 2649
f 4247 814 813 4246
f 4391 822 814 4247
f 817 816 815 819
f 818 824 821 820
f 818 820 4392 4389
f 5163 2676 818 4389
f 820 821 4393 4392
f 821 2645 5164 4393
f 830 826 825 833
f 834 833 825 4419
f 825 4396 4397 4419
f 825 826 5162 4396
f 831 828 827 2651
f 832 829 828 831
f 829 832 2652 835
f 830 833 831 2651
f 831 833 834 832
f 832 834 836 2652
f 834 4419 4420 836
f 835 2652 2653 2655
f 2653 2652 836 2656
f 5188 2656 836 4420
f 841 839 837 842
f 838 839 841 840
f 838 840 855 851
f 840 844 856 855
f 841 843 845 846
f 850 844 841 846
f 844 850 859 856
f 859 850 846 861
f 846 847 860 861
f 847 848 1271 1273
f 1277 860 847 1273
f 848 849 1272 1271
f 857 853 851 855
f 852 853 857 854
f 852 854 967 964
f 854 858 968 967
f 861 857 856 859
f 863 858 857 862
f 858 863 981 968
f 1278 862 860 1277
f 981 863 862 983
f 862 864 984 983
f 1279 864 862 1278
f 1937 984 864 1279
f 869 870 865 879
f 865 866 872 879
f 865 870 1173 1176
f 1177 866 865 1176
f 866 867 873 872
f 1180 867 866 1177
f 867 868 874 873
f 1181 868 867 1180
f 885 874 868 880
f 1209 880 868 1181
f 869 879 875 871
f 871 875 991 980
f 875 879 872 876
f 872 873 877 876
f 873 874 878 877
f 889 878 874 885
f 875 876 988 991
f 876 877 989 988
f 877 878 990 989
f 878 889 1065 990
f 880 882 887 885
f 1212 882 880 1209
f 887 882 881 886
f 881 883 888 886
f 881 882 1212 1211
f 1218 883 881 1211
f 883 884 894 888
f 1219 884 883 1218
f 895 894 884 898
f 1220 898 884 1219
f 885 887 891 889
f 891 887 886 890
f 886 888 892 890
f 893 892 888 894
f 889 891 1067 1065
f 1067 891 890 1066
f 890 892 1068 1066
f 892 893 1070 1068
f 893 894 895 906
f 893 906 1075 1070
f 895 898 899 896
f 907 906 895 896
f 896 899 901 903
f 896 903 908 907
f 904 900 897 902
f 897 900 1234 1233
f 897 1233 1236 1239
f 1257 902 897 1239
f 1221 899 898 1220
f 1235 901 899 1221
f 903 901 900 904
f 900 901 1235 1234
f 909 904 902 905
f 1263 905 902 1257
f 903 904 909 908
f 912 909 905 910
f 1266 910 905 1263
f 906 907 1076 1075
f 907 908 911 1076
f 908 909 912 911
f 1079 912 910 1077
f 1899 1077 910 1266
f 911 912 1079 1078
f 1081 1076 911 1078
f 916 914 913 923
f 913 920 921 923
f 913 914 1100 1099
f 1105 920 913 1099
f 914 915 1101 1100
f 2071 915 914 916
f 2073 2070 915 2071
f 2343 1101 915 2070
f 916 923 924 925
f 916 925 2072 2071
f 921 920 917 926
f 917 918 928 926
f 1103 918 917 1102
f 917 920 1105 1102
f 918 919 941 928
f 1104 919 918 1103
f 944 941 919 943
f 1106 943 919 1104
f 924 923 921 922
f 921 926 927 922
f 929 927 926 928
f 942 929 928 941
f 929 942 2128 2124
f 930 931 1476 1472
f 931 932 1474 1476
f 933 1467 1468 934
f 1542 1467 933 1554
f 938 935 934 936
f 934 1468 1469 936
f 935 938 1558 1554
f 936 1469 1470 1520
f 937 1520 1557 1558
f 1477 940 939 1471
f 1482 1471 939 1535
f 939 1521 1534 1535
f 939 940 1618 1521
f 940 1477 1478 1619
f 945 942 941 944
f 942 945 2212 2128
f 947 944 943 946
f 1107 946 943 1106
f 948 945 944 947
f 945 948 2214 2212
f 950 947 946 949
f 1108 949 946 1107
f 951 948 947 950
f 948 951 2217 2214
f 953 950 949 952
f 1109 952 949 1108
f 954 951 950 953
f 951 954 2235 2217
f 955 953 952 959
f 1110 959 952 1109
f 956 954 953 955
f 954 956 2233 2235
f 958 956 955 957
f 955 959 960 957
f 962 958 957 961
f 957 960 963 961
f 1111 960 959 1110
f 1112 963 960 1111
f 2220 962 961 2219
f 961 963 2223 2219
f 963 1112 2363 2223
f 970 966 964 967
f 965 966 970 969
f 965 969 976 972
f 983 970 968 981
f 969 971 977 976
f 970 983 982 971
f 1008 977 971 982
f 978 974 972 976
f 973 974 978 975
f 973 975 1084 1082
f 975 979 1086 1084
f 1009 978 977 1008
f 1011 979 978 1009
f 979 1011 1096 1086
f 992 986 980 991
f 982 983 1009 1008
f 983 985 1010 1009
f 983 984 1937 1938
f 1939 985 983 1938
f 1947 1010 985 1939
f 986 992 1647 1640
f 992 991 988 993
f 988 989 995 993
f 989 990 994 995
f 1069 994 990 1065
f 992 993 1648 1647
f 993 995 1669 1648
f 1669 995 994 1668
f 994 1069 1871 1668
f 996 1001 1017 1015
f 1652 1000 998 1645
f 1710 1022 1000 1652
f 1028 1017 1001 1711
f 1002 1005 1034 1031
f 1003 1649 1651 1657
f 1716 1026 1003 1657
f 1024 1025 1004 1039
f 1004 1006 1040 1039
f 1004 1025 1656 1655
f 1670 1006 1004 1655
f 1037 1034 1005 1658
f 1012 1011 1009 1696
f 1009 1010 1947 1946
f 1011 1012 1092 1090
f 1012 1696 1945 1948
f 1979 1092 1012 1948
f 1013 1015 1017 1019
f 1059 1019 1017 1028
f 1018 1020 1029 1057
f 1727 1029 1020 1712
f 1706 1027 1021 1721
f 1703 1697 1022 1710
f 1024 1039 1045 1044
f 1028 1711 1700 1702
f 1706 1059 1028 1702
f 1058 1057 1029 1061
f 1800 1061 1029 1727
f 1030 1031 1034 1032
f 1032 1034 1037 1033
f 1042 1036 1035 1744
f 1035 1036 1046 1038
f 1035 1038 1048 1043
f 1035 1043 1750 1744
f 1049 1048 1038 1053
f 1038 1046 1052 1053
f 1039 1040 1041 1045
f 1042 1744 1754 1763
f 1044 1045 1749 1748
f 1049 1053 1055 1051
f 1051 1055 1768 1765
f 1055 1053 1052 1054
f 1768 1055 1054 1767
f 1056 1063 1097 1095
f 1056 1060 1799 1063
f 1060 1698 1703 1799
f 1062 1726 1728 1809
f 1811 1064 1062 1809
f 1063 1799 1804 1802
f 1932 1097 1063 1802
f 1065 1067 1071 1069
f 1071 1067 1066 1072
f 1066 1068 1073 1072
f 1068 1070 1074 1073
f 1069 1071 1873 1871
f 1080 1074 1070 1075
f 1071 1072 1874 1873
f 1072 1073 1876 1874
f 1073 1074 1875 1876
f 1074 1080 1892 1875
f 1075 1076 1081 1080
f 1887 1079 1077 1886
f 1896 1886 1077 1899
f 1078 1079 1887 1888
f 1893 1081 1078 1888
f 1080 1081 1893 1892
f 1085 1083 1082 1084
f 1083 1085 1093 1088
f 1085 1086 1096 1093
f 1087 1088 1093 1091
f 1094 1089 1087 1091
f 1089 1094 1981 1976
f 1093 1096 1090 1091
f 1094 1091 1090 1092
f 1981 1094 1092 1979
f 2370 1106 1104 2369
f 2362 1107 1106 2370
f 2365 1108 1107 2362
f 1116 1114 1113 1115
f 1114 1116 1119 1127
f 1116 1117 1120 1119
f 1124 1120 1118 1121
f 1121 1122 1123 1124
f 1123 1135 1136 1124
f 1125 1126 1129 1128
f 1125 1128 1144 1140
f 1128 1130 1146 1144
f 1138 1130 1129 1275
f 1130 1138 1152 1146
f 1131 1132 1400 1399
f 1437 1145 1131 1399
f 1132 1139 1421 1400
f 1133 1134 1419 1418
f 1420 1137 1133 1418
f 1134 1274 1636 1419
f 1148 1141 1140 1144
f 1153 1143 1141 1148
f 1142 1149 1196 1189
f 1441 1147 1145 1437
f 1153 1148 1146 1152
f 1447 1151 1147 1441
f 1280 1196 1149 1276
f 1150 1170 1923 1859
f 1154 1155 1157 1156
f 1161 1155 1154 1160
f 1159 1157 1155 1158
f 1164 1158 1155 1161
f 1167 1159 1158 1166
f 1158 1164 1168 1166
f 1163 1161 1160 1162
f 1161 1163 1165 1164
f 1164 1165 1169 1168
f 1169 1167 1166 1168
f 1170 1171 1924 1923
f 1171 1172 1925 1924
f 1179 1176 1173 1174
f 1174 1175 1185 1179
f 1191 1185 1175 1198
f 1178 1177 1176 1179
f 1177 1178 1182 1180
f 1178 1179 1185 1184
f 1187 1182 1178 1184
f 1183 1181 1180 1182
f 1181 1183 1210 1209
f 1186 1183 1182 1187
f 1183 1186 1215 1210
f 1184 1185 1191 1192
f 1194 1187 1184 1192
f 1186 1187 1194 1193
f 1186 1193 1242 1215
f 1188 1190 1195 1197
f 1188 1197 1860 1855
f 1195 1190 1189 1196
f 1191 1198 1199 1201
f 1202 1192 1191 1201
f 1203 1194 1192 1202
f 1193 1194 1203 1204
f 1193 1204 1246 1242
f 1195 1196 1280 1281
f 1282 1197 1195 1281
f 1197 1282 1863 1860
f 1205 1201 1199 1200
f 1846 1205 1200 1843
f 1206 1202 1201 1205
f 1208 1203 1202 1206
f 1207 1204 1203 1208
f 1204 1207 1251 1246
f 1847 1206 1205 1846
f 1850 1208 1206 1847
f 1207 1208 1850 1851
f 1905 1251 1207 1851
f 1209 1210 1214 1212
f 1216 1214 1210 1215
f 1211 1212 1214 1213
f 1211 1213 1222 1218
f 1213 1214 1216 1217
f 1213 1217 1229 1222
f 1244 1216 1215 1242
f 1243 1217 1216 1244
f 1245 1229 1217 1243
f 1223 1219 1218 1222
f 1225 1220 1219 1223
f 1226 1221 1220 1225
f 1221 1226 1228 1235
f 1230 1223 1222 1229
f 1231 1225 1223 1230
f 1224 1233 1234 1227
f 1224 1227 1237 1236
f 1232 1226 1225 1231
f 1238 1228 1226 1232
f 1227 1234 1235 1228
f 1227 1228 1238 1237
f 1254 1230 1229 1245
f 1255 1231 1230 1254
f 1256 1232 1231 1255
f 1241 1238 1232 1256
f 1240 1239 1236 1237
f 1237 1238 1241 1240
f 1239 1240 1258 1257
f 1240 1241 1259 1258
f 1241 1256 1262 1259
f 1247 1244 1242 1246
f 1243 1244 1247 1248
f 1249 1245 1243 1248
f 1245 1249 1260 1254
f 1250 1247 1246 1251
f 1252 1248 1247 1250
f 1253 1249 1248 1252
f 1249 1253 1268 1260
f 1250 1251 1905 1910
f 1911 1252 1250 1910
f 1912 1253 1252 1911
f 1918 1268 1253 1912
f 1261 1255 1254 1260
f 1262 1256 1255 1261
f 1257 1258 1264 1263
f 1258 1259 1265 1264
f 1259 1262 1270 1265
f 1269 1261 1260 1268
f 1270 1262 1261 1269
f 1263 1264 1267 1266
f 1264 1265 1914 1267
f 1265 1270 1915 1914
f 1266 1267 1900 1899
f 1901 1900 1267 1914
f 1919 1269 1268 1918
f 1915 1270 1269 1919
f 1283 1284 1287 1286
f 1283 1286 1563 1565
f 1567 1285 1283 1565
f 1302 1287 1284 1300
f 1284 1285 1304 1300
f 1291 1290 1285 1567
f 1285 1290 1299 1304
f 1286 1287 1289 1288
f 1286 1288 1564 1563
f 1303 1289 1287 1302
f 1288 1289 1294 1293
f 1288 1295 1570 1564
f 1309 1297 1289 1303
f 1291 1567 1576 1305
f 1318 1295 1293 1317
f 1293 1294 1319 1317
f 1294 1297 1321 1319
f 1320 1296 1295 1318
f 1295 1296 1573 1570
f 1296 1320 1592 1573
f 1308 1298 1297 1309
f 1297 1298 1322 1321
f 1298 1308 1375 1322
f 1576 1304 1299 1305
f 1300 1301 1306 1302
f 1301 1304 1576 1578
f 1579 1306 1301 1578
f 1307 1303 1302 1306
f 1303 1307 1311 1310
f 1582 1307 1306 1579
f 1586 1313 1307 1582
f 1308 1309 1376 1375
f 1309 1310 1377 1376
f 1310 1311 1380 1377
f 1311 1313 1381 1380
f 1381 1313 1312 1378
f 1312 1313 1586 1585
f 1604 1378 1312 1585
f 1317 1319 1314 1323
f 1314 1315 1324 1323
f 1374 1315 1314 1373
f 1314 1321 1376 1373
f 1315 1316 1325 1324
f 1379 1316 1315 1374
f 1385 1327 1316 1379
f 1592 1320 1318 1589
f 1318 1323 1595 1589
f 1321 1322 1375 1376
f 1323 1324 1596 1595
f 1324 1325 1597 1596
f 1325 1327 1601 1597
f 1386 1328 1326 1385
f 1326 1328 1602 1601
f 1327 1385 1615 1601
f 1328 1329 1344 1602
f 1387 1329 1328 1386
f 1617 1344 1329 1387
f 1336 1331 1330 1332
f 1330 1331 1337 1334
f 1349 1332 1330 1343
f 1330 1334 1358 1343
f 1365 1337 1331 1503
f 1331 1336 1508 1503
f 1332 1335 1338 1336
f 1351 1335 1332 1349
f 1491 1493 1333 1494
f 1495 1494 1333 1499
f 1502 1364 1333 1493
f 1333 1364 1511 1499
f 1338 1335 1334 1337
f 1334 1335 1351 1358
f 1336 1338 1512 1508
f 1512 1338 1337 1365
f 1346 1340 1339 1345
f 1339 1341 1347 1345
f 1339 1340 1352 1353
f 1354 1341 1339 1353
f 1348 1342 1340 1346
f 1340 1342 1355 1352
f 1341 1342 1348 1347
f 1355 1342 1341 1354
f 1367 1356 1343 1358
f 1368 1349 1343 1356
f 1616 1602 1344 1617
f 1388 1346 1345 1390
f 1345 1347 1389 1390
f 1350 1348 1346 1388
f 1347 1348 1350 1389
f 1369 1351 1349 1368
f 1350 1388 1391 1362
f 1392 1389 1350 1362
f 1367 1358 1351 1369
f 1352 1355 1360 1359
f 1363 1353 1352 1359
f 1361 1354 1353 1363
f 1360 1355 1354 1361
f 1370 1357 1356 1367
f 1356 1357 1371 1368
f 1365 1503 1357 1370
f 1357 1503 1508 1371
f 1362 1391 1359 1360
f 1393 1363 1359 1391
f 1392 1362 1360 1361
f 1361 1363 1393 1392
f 1504 1366 1364 1502
f 1364 1366 1513 1511
f 1365 1370 1372 1512
f 1366 1504 1505 1515
f 1516 1513 1366 1515
f 1367 1369 1372 1370
f 1372 1369 1368 1371
f 1371 1508 1512 1372
f 1373 1377 1380 1382
f 1384 1374 1373 1382
f 1383 1379 1374 1384
f 1605 1381 1378 1604
f 1613 1382 1381 1605
f 1614 1384 1382 1613
f 1383 1384 1614 1609
f 1615 1385 1383 1609
f 1616 1386 1385 1615
f 1617 1387 1386 1616
f 1388 1390 1393 1391
f 1393 1390 1389 1392
f 1394 1395 1457 1456
f 1394 1456 1462 1460
f 1394 1460 1527 1526
f 1531 1395 1394 1526
f 1463 1457 1395 1461
f 1533 1461 1395 1531
f 1396 1397 1436 1438
f 1446 1421 1396 1438
f 1397 1398 1427 1426
f 1397 1426 1454 1436
f 1399 1401 1440 1437
f 1402 1403 1405 1404
f 1407 1403 1402 1406
f 1411 1405 1403 1410
f 1403 1407 1412 1410
f 1409 1407 1406 1408
f 1407 1409 1413 1412
f 1415 1411 1410 1414
f 1410 1412 1416 1414
f 1412 1413 1417 1416
f 1417 1415 1414 1416
f 1419 1635 1639 1433
f 1425 1424 1422 1423
f 1422 1426 1427 1423
f 1454 1426 1422 1428
f 1422 1424 1539 1428
f 1428 1429 1455 1454
f 1428 1539 1540 1429
f 1429 1435 1464 1455
f 1429 1540 1541 1435
f 1434 1433 1430 1432
f 1430 1433 1639 1637
f 1436 1454 1455 1439
f 1438 1439 1448 1446
f 1439 1455 1464 1448
f 1447 1441 1440 1449
f 1442 1443 1445 1444
f 1450 1443 1442 1451
f 1442 1444 1452 1451
f 1459 1445 1443 1458
f 1443 1450 1465 1458
f 1444 1445 1453 1452
f 1466 1453 1445 1459
f 1456 1457 1459 1458
f 1456 1458 1465 1462
f 1466 1459 1457 1463
f 1557 1520 1470 1549
f 1471 1473 1475 1477
f 1544 1548 1472 1476
f 1544 1476 1474 1543
f 1622 1619 1478 1485
f 1479 1481 1484 1483
f 1546 1481 1480 1552
f 1545 1484 1481 1546
f 1550 1485 1482 1547
f 1482 1536 1556 1547
f 1483 1484 1545 1551
f 1485 1550 1625 1623
f 1486 1487 1489 1490
f 1523 1487 1486 1522
f 1486 1490 1528 1522
f 1487 1488 1519 1489
f 1525 1488 1487 1523
f 1528 1490 1489 1529
f 1489 1519 1532 1529
f 1491 1494 1496 1492
f 1498 1493 1491 1500
f 1491 1492 1501 1500
f 1493 1498 1507 1502
f 1494 1495 1497 1496
f 1495 1499 1498 1500
f 1495 1500 1501 1497
f 1498 1499 1511 1507
f 1509 1504 1502 1507
f 1510 1505 1504 1509
f 1514 1506 1505 1510
f 1517 1515 1505 1506
f 1507 1511 1513 1509
f 1509 1513 1516 1510
f 1518 1514 1510 1516
f 1518 1516 1515 1517
f 1620 1534 1521 1618
f 1529 1523 1522 1528
f 1532 1525 1523 1529
f 1524 1526 1527 1525
f 1531 1526 1524 1530
f 1533 1531 1530 1532
f 1537 1535 1534 1620
f 1621 1536 1535 1537
f 1624 1556 1536 1621
f 1622 1538 1537 1620
f 1537 1538 1623 1621
f 1562 1560 1559 1561
f 2386 1561 1559 2382
f 1566 1565 1563 1568
f 1563 1564 1569 1568
f 1572 1569 1564 1571
f 1576 1567 1566 1577
f 1566 1568 1580 1577
f 1568 1569 1581 1580
f 1569 1574 1584 1581
f 1590 1571 1570 1589
f 1570 1573 1592 1589
f 1591 1572 1571 1590
f 1593 1574 1572 1591
f 1574 1575 1583 1584
f 1594 1575 1574 1593
f 1603 1583 1575 1594
f 1579 1578 1577 1580
f 1579 1580 1581 1582
f 1587 1582 1581 1588
f 1606 1584 1583 1603
f 1608 1588 1584 1606
f 1585 1586 1605 1604
f 1586 1587 1607 1605
f 1587 1588 1608 1607
f 1590 1595 1599 1591
f 1603 1594 1593 1606
f 1593 1599 1610 1606
f 1595 1596 1600 1599
f 1596 1597 1598 1600
f 1612 1600 1598 1611
f 1598 1601 1615 1611
f 1599 1600 1612 1610
f 1601 1602 1616 1615
f 1610 1613 1607 1608
f 1612 1611 1609 1614
f 1614 1613 1610 1612
f 1618 1619 1622 1620
f 1621 1623 1625 1624
f 1626 1627 1987 1988
f 1991 1628 1626 1988
f 1627 1629 1994 1987
f 1629 1630 1995 1994
f 1630 1633 1996 1995
f 2008 1632 1631 2007
f 1631 1632 2526 2525
f 2751 2007 1631 2525
f 2009 1634 1632 2008
f 1632 1634 2527 2526
f 1662 1641 1640 1647
f 1689 1644 1641 1662
f 1691 1643 1642 1694
f 1940 1694 1642 1935
f 1643 1691 1840 1708
f 1644 1689 1844 1842
f 1645 1646 1665 1652
f 1647 1648 1663 1662
f 1683 1663 1648 1669
f 1679 1657 1651 1661
f 1652 1665 1729 1710
f 1732 1654 1653 1667
f 1671 1670 1655 1740
f 1655 1656 1718 1740
f 1657 1681 1730 1716
f 1724 1714 1658 1720
f 1659 1676 1674 1717
f 1682 1676 1659 1771
f 1662 1663 1690 1689
f 1663 1683 1693 1690
f 1683 1669 1668 1684
f 1872 1684 1668 1871
f 1671 1740 1743 1746
f 1674 1675 1673 1741
f 1747 1741 1673 1755
f 1674 1676 1677 1675
f 1742 1717 1674 1741
f 1680 1677 1676 1682
f 1680 1682 1772 1776
f 1682 1771 1773 1772
f 1683 1684 1692 1693
f 1881 1692 1684 1872
f 1689 1690 1845 1844
f 1690 1693 1848 1845
f 1691 1695 1839 1840
f 1691 1694 1852 1695
f 1848 1693 1692 1849
f 1904 1849 1692 1881
f 1854 1852 1694 1940
f 1695 1852 1920 1921
f 1928 1839 1695 1921
f 1805 1707 1701 1734
f 1703 1710 1729 1705
f 1804 1799 1703 1704
f 1841 1709 1708 1840
f 1709 1841 1951 1942
f 1713 1715 1737 1724
f 1715 1731 1781 1737
f 1743 1740 1718 1757
f 1728 1726 1723 1724
f 1807 1728 1724 1733
f 1810 1725 1724 1789
f 1814 1809 1728 1807
f 1731 1780 1828 1781
f 1832 1805 1734 1823
f 1808 1806 1736 1833
f 1793 1739 1737 1781
f 1758 1742 1741 1747
f 1745 1746 1743 1752
f 1743 1757 1751 1752
f 1744 1750 1753 1754
f 1747 1755 1756 1762
f 1759 1758 1747 1762
f 1748 1749 1752 1751
f 1753 1765 1768 1754
f 1767 1763 1754 1768
f 1779 1762 1756 1775
f 1759 1762 1779 1777
f 1760 1761 1769 1766
f 1774 1761 1760 1778
f 1761 1764 1770 1769
f 1784 1764 1761 1774
f 1766 1769 1795 1790
f 1769 1770 1794 1795
f 1775 1776 1772 1779
f 1772 1773 1777 1779
f 1774 1778 1782 1783
f 1774 1783 1786 1784
f 1830 1793 1781 1828
f 1787 1783 1782 1792
f 1788 1786 1783 1787
f 1787 1792 1796 1797
f 1798 1788 1787 1797
f 1815 1810 1789 1816
f 1789 1791 1831 1816
f 1790 1795 1797 1796
f 1797 1795 1794 1798
f 1808 1803 1801 1806
f 1803 1808 1834 1933
f 1808 1833 1835 1834
f 1813 1811 1809 1814
f 1815 1816 1818 1817
f 1837 1818 1816 1831
f 1824 1823 1820 1825
f 1823 1824 1836 1832
f 1827 1825 1824 1826
f 1857 1827 1826 1858
f 1841 1840 1839 1861
f 1929 1861 1839 1928
f 1841 1861 1869 1951
f 1846 1843 1842 1844
f 1847 1846 1844 1845
f 1850 1847 1845 1848
f 1848 1849 1851 1850
f 1905 1851 1849 1904
f 1852 1853 1922 1920
f 1853 1867 1931 1922
f 1950 1868 1854 1941
f 1856 1865 1960 1954
f 1930 1870 1861 1929
f 1960 1865 1862 1957
f 1864 1866 4996 4995
f 1866 1927 5014 4996
f 1867 1870 1930 1931
f 1951 1869 1868 1950
f 1877 1872 1871 1873
f 1872 1877 1882 1881
f 1873 1874 1879 1877
f 1874 1876 1880 1879
f 1880 1876 1875 1878
f 1894 1878 1875 1892
f 1877 1879 1883 1882
f 1885 1880 1878 1884
f 1903 1884 1878 1894
f 1879 1880 1885 1883
f 1881 1882 1906 1904
f 1882 1883 1907 1906
f 1883 1885 1909 1907
f 1909 1885 1884 1908
f 1884 1903 1917 1908
f 1890 1887 1886 1889
f 1891 1888 1887 1890
f 1888 1891 1895 1893
f 1897 1890 1889 1896
f 1898 1891 1890 1897
f 1902 1895 1891 1898
f 1892 1893 1895 1894
f 1894 1895 1902 1903
f 1896 1899 1900 1897
f 1897 1900 1901 1898
f 1898 1901 1916 1902
f 1901 1914 1915 1916
f 1917 1903 1902 1916
f 1910 1905 1904 1906
f 1911 1910 1906 1907
f 1912 1911 1907 1909
f 1908 1918 1912 1909
f 1919 1918 1908 1917
f 5013 1926 1913 5011
f 1915 1919 1917 1916
f 1984 1921 1920 1985
f 1920 1922 1986 1985
f 1989 1928 1921 1984
f 1922 1931 1992 1986
f 5014 1927 1926 5013
f 1990 1929 1928 1989
f 1993 1930 1929 1990
f 1992 1931 1930 1993
f 1941 1940 1935 1936
f 1950 1941 1936 1943
f 1942 1951 1950 1943
f 1948 1945 1944 1949
f 1948 1949 1980 1979
f 1949 1952 1982 1980
f 5025 1982 1952 4973
f 1953 1954 1960 1959
f 1961 1955 1953 1959
f 1955 1961 4788 4782
f 1960 1957 1956 1959
f 1961 1959 1956 1958
f 4788 1961 1958 4785
f 4794 4790 1962 4803
f 1962 4791 4805 4803
f 1966 1964 1963 1965
f 2049 1965 1963 2047
f 1964 1966 1971 1968
f 2051 1967 1965 2049
f 1966 1967 1974 1971
f 2064 1974 1967 2051
f 1973 1970 1968 1971
f 2058 1972 1969 2054
f 1970 1973 2059 2055
f 1972 2058 4858 4796
f 1973 1974 2064 2059
f 1975 1976 1981 1978
f 1983 1977 1975 1978
f 1977 1983 5021 5018
f 1979 1980 1978 1981
f 1978 1980 1982 1983
f 5021 1983 1982 5025
f 1984 1985 2012 2010
f 2021 1989 1984 2010
f 1985 1986 2013 2012
f 1986 1992 2026 2013
f 2022 1990 1989 2021
f 2027 1993 1990 2022
f 1992 1993 2027 2026
f 2011 2010 1997 2016
f 1997 2006 2023 2017
f 1997 2010 2703 2006
f 2004 2000 1998 2002
f 1999 2000 2025 2024
f 2000 2004 2028 2025
f 2004 2002 2001 2003
f 2033 2003 2001 2005
f 2029 2004 2003 2030
f 2035 2030 2003 2033
f 2752 2008 2007 2751
f 2755 2009 2008 2752
f 2011 2016 2018 2014
f 2020 2015 2014 2018
f 2031 2711 2015 2020
f 2016 2017 2019 2018
f 2036 2019 2017 2023
f 2031 2020 2019 2036
f 2024 2025 5090 5089
f 2025 2028 5092 5090
f 2029 2030 5098 5091
f 2030 2035 5099 5098
f 2032 2034 2066 2065
f 2032 2706 2705 2770
f 2771 2034 2032 2770
f 2032 2065 2783 2706
f 2811 2066 2034 2771
f 2037 2038 2056 2052
f 2037 2052 4908 4896
f 2038 2039 2061 2056
f 2039 2040 2062 2061
f 4914 2062 2040 4897
f 2044 2042 2041 2045
f 2041 2043 2046 2045
f 2042 2044 4856 4853
f 4856 2046 2043 4853
f 2044 2045 2046 4856
f 2047 2048 2050 2049
f 2057 2050 2048 2053
f 2064 2051 2050 2057
f 2052 2060 4913 4908
f 2053 2055 2059 2057
f 2063 2060 2056 2061
f 2060 2063 4915 4913
f 4915 2063 2062 4914
f 2065 2068 2069 4876
f 2065 2066 2811 2067
f 5272 2783 2065 4876
f 2812 2810 2067 2811
f 2814 2069 2068 2813
f 2070 2073 2077 2075
f 2344 2343 2070 2075
f 2071 2072 2074 2073
f 2073 2074 2078 2077
f 2079 2076 2075 2077
f 2345 2344 2075 2076
f 2076 2079 2084 2081
f 2346 2345 2076 2081
f 2077 2078 2080 2079
f 2079 2080 2085 2084
f 2081 2084 2086 2089
f 2347 2346 2081 2089
f 2082 2094 2097 2098
f 2082 2098 2102 2101
f 2082 2083 2104 2094
f 2109 2083 2082 2101
f 2106 2104 2083 2148
f 2083 2109 2110 2148
f 2084 2085 2087 2086
f 2086 2087 2088 2100
f 2095 2089 2086 2100
f 2123 2100 2088 2124
f 2348 2347 2089 2095
f 2107 2091 2090 2105
f 2090 2092 2117 2105
f 2090 2091 2143 2142
f 2144 2092 2090 2142
f 2108 2093 2091 2107
f 2091 2093 2145 2143
f 2092 2093 2108 2117
f 2145 2093 2092 2144
f 2094 2096 2099 2097
f 2103 2096 2094 2104
f 2095 2100 2123 2125
f 2349 2348 2095 2125
f 2096 2101 2102 2099
f 2109 2101 2096 2103
f 2097 2099 2114 2113
f 2115 2098 2097 2113
f 2116 2102 2098 2115
f 2099 2102 2116 2114
f 2103 2104 2106 2108
f 2110 2109 2103 2108
f 2111 2107 2105 2126
f 2105 2117 2122 2126
f 2118 2108 2106 2119
f 2106 2148 2120 2119
f 2112 2108 2107 2111
f 2121 2110 2108 2118
f 2122 2117 2108 2112
f 2120 2148 2110 2121
f 2154 2112 2111 2153
f 2111 2126 2197 2153
f 2173 2122 2112 2154
f 2113 2114 2118 2119
f 2120 2115 2113 2119
f 2114 2116 2121 2118
f 2121 2116 2115 2120
f 2197 2126 2122 2173
f 2123 2124 2128 2127
f 2198 2125 2123 2127
f 2358 2349 2125 2198
f 2127 2128 2212 2213
f 2273 2198 2127 2213
f 2129 2130 2133 2132
f 2351 2131 2129 2350
f 2129 2132 2353 2350
f 2130 2131 2138 2137
f 2206 2133 2130 2137
f 2356 2138 2131 2351
f 2132 2134 2355 2353
f 2207 2134 2133 2206
f 2134 2207 2360 2355
f 2135 2136 2157 2155
f 2166 2136 2135 2165
f 2189 2157 2136 2190
f 2136 2166 2191 2190
f 2137 2139 2208 2206
f 2195 2139 2138 2356
f 2139 2195 2361 2208
f 2140 2141 2494 2495
f 2501 2205 2140 2495
f 2141 2194 2496 2494
f 2142 2143 2160 2161
f 2174 2144 2142 2161
f 2143 2145 2151 2160
f 2151 2145 2144 2174
f 2146 2159 2162 2183
f 2176 2159 2146 2187
f 2185 2182 2146 2183
f 2146 2182 2188 2187
f 2150 2149 2147 2155
f 2147 2149 2152 2165
f 2149 2150 2170 2171
f 2172 2152 2149 2171
f 2150 2155 2156 2151
f 2150 2151 2175 2170
f 2151 2154 2153 2160
f 2151 2156 2165 2152
f 2151 2152 2172 2175
f 2173 2154 2151 2174
f 2153 2197 2161 2160
f 2158 2156 2155 2157
f 2166 2165 2156 2158
f 2164 2158 2157 2189
f 2191 2166 2158 2164
f 2168 2162 2159 2167
f 2180 2167 2159 2176
f 2161 2197 2173 2174
f 2169 2163 2162 2168
f 2184 2183 2162 2163
f 2180 2176 2163 2169
f 2163 2176 2187 2184
f 2164 2189 2177 2178
f 2164 2178 2181 2191
f 2199 2168 2167 2200
f 2167 2180 2203 2200
f 2192 2169 2168 2199
f 2203 2180 2169 2192
f 2170 2175 2178 2177
f 2179 2171 2170 2177
f 2181 2172 2171 2179
f 2178 2175 2172 2181
f 2177 2189 2190 2179
f 2179 2190 2191 2181
f 2183 2184 2186 2185
f 2184 2187 2188 2186
f 2192 2199 2201 2193
f 2192 2193 2204 2203
f 2194 2196 2497 2496
f 2195 2357 2359 2361
f 2196 2210 2734 2497
f 2369 2358 2198 2273
f 2199 2200 2202 2201
f 2200 2203 2204 2202
f 2505 2209 2205 2501
f 2207 2208 2361 2360
f 2506 2211 2209 2505
f 2210 2211 2506 2734
f 2215 2213 2212 2214
f 2213 2215 2274 2273
f 2216 2215 2214 2217
f 2215 2216 2218 2274
f 2216 2217 2235 2234
f 2236 2218 2216 2234
f 2365 2362 2218 2236
f 2370 2274 2218 2362
f 2222 2220 2219 2221
f 2488 2221 2219 2223
f 2225 2222 2221 2224
f 2228 2224 2221 2488
f 2223 2363 2702 2488
f 2227 2225 2224 2226
f 2263 2226 2224 2228
f 2231 2227 2226 2230
f 2262 2230 2226 2263
f 2228 2364 2368 2263
f 2702 2364 2228 2488
f 2229 2238 2239 2242
f 2244 2238 2229 2250
f 2229 2242 2265 2264
f 2266 2250 2229 2264
f 2233 2231 2230 2232
f 2240 2232 2230 2262
f 2235 2233 2232 2234
f 2236 2234 2232 2240
f 2366 2365 2236 2240
f 2237 2245 2247 2246
f 2258 2245 2237 2257
f 2237 2246 2279 2277
f 2295 2257 2237 2277
f 2243 2239 2238 2241
f 2249 2241 2238 2244
f 2239 2243 2255 2254
f 2256 2242 2239 2254
f 2367 2366 2240 2262
f 2241 2264 2265 2243
f 2266 2264 2241 2249
f 2242 2256 2269 2265
f 2269 2255 2243 2265
f 2244 2248 2251 2249
f 2244 2250 2282 2248
f 2253 2247 2245 2267
f 2245 2258 2270 2267
f 2246 2247 2252 2278
f 2246 2278 2280 2279
f 2260 2251 2248 2259
f 2261 2259 2248 2282
f 2249 2251 2319 2266
f 2250 2266 2319 2282
f 2251 2260 2272 2319
f 2252 2258 2257 2278
f 2271 2270 2252 2320
f 2252 2253 2321 2320
f 2253 2267 2268 2321
f 2254 2255 2260 2259
f 2261 2256 2254 2259
f 2272 2260 2255 2269
f 2256 2261 2272 2269
f 2280 2278 2257 2295
f 2261 2282 2319 2272
f 2368 2367 2262 2263
f 2271 2268 2267 2270
f 2324 2321 2268 2325
f 2268 2271 2330 2325
f 2271 2320 2323 2330
f 2370 2369 2273 2274
f 2281 2283 2275 2286
f 2275 2276 2287 2286
f 2275 2283 2322 2326
f 2327 2276 2275 2326
f 2313 2287 2276 2316
f 2334 2316 2276 2327
f 2277 2279 2293 2294
f 2277 2294 2300 2295
f 2279 2280 2285 2293
f 2280 2295 2300 2285
f 2281 2286 2291 2284
f 2296 2283 2281 2298
f 2281 2284 2301 2298
f 2283 2296 2331 2322
f 2326 2322 2284 2291
f 2331 2301 2284 2322
f 2324 2293 2285 2323
f 2330 2323 2285 2300
f 2286 2287 2292 2291
f 2315 2292 2287 2313
f 2288 2290 2289 2310
f 2297 2290 2288 2318
f 2305 2304 2288 2310
f 2288 2304 2308 2318
f 2312 2310 2289 2314
f 2317 2314 2289 2328
f 2289 2290 2329 2328
f 2290 2297 2332 2329
f 2327 2326 2291 2292
f 2334 2327 2292 2315
f 2325 2294 2293 2324
f 2294 2325 2330 2300
f 2296 2298 2299 2303
f 2296 2303 2333 2331
f 2297 2318 2312 2314
f 2297 2314 2317 2332
f 2302 2299 2298 2301
f 2315 2313 2299 2302
f 2316 2303 2299 2313
f 2333 2302 2301 2331
f 2334 2315 2302 2333
f 2303 2316 2334 2333
f 2304 2305 2307 2306
f 2304 2306 2309 2308
f 2305 2310 2312 2311
f 2308 2309 2307 2311
f 2312 2318 2308 2311
f 2317 2328 2336 2335
f 2341 2332 2317 2335
f 2320 2321 2324 2323
f 2328 2329 2337 2336
f 2329 2332 2341 2337
f 2335 2336 2339 2338
f 2335 2338 2342 2341
f 2336 2337 2340 2339
f 2342 2340 2337 2341
f 2354 2352 2350 2353
f 2357 2356 2351 2352
f 2359 2357 2352 2354
f 2354 2355 2360 2359
f 2411 2372 2371 2405
f 2371 2385 2457 2405
f 2412 2375 2372 2411
f 2486 2485 2373 2487
f 2374 2391 2490 2487
f 2413 2376 2375 2412
f 2462 2390 2376 2413
f 2445 2378 2377 2443
f 2377 2379 2446 2443
f 2449 2381 2378 2445
f 2467 2389 2380 2447
f 2382 2383 2387 2386
f 2396 2398 2436 2434
f 2400 2398 2397 2399
f 2397 2435 2440 2399
f 2398 2400 2442 2436
f 2401 2400 2399 2403
f 2453 2403 2399 2440
f 2400 2401 2444 2442
f 2401 2403 2404 2402
f 2401 2402 2448 2444
f 2402 2404 2426 2423
f 2402 2423 2475 2448
f 2454 2404 2403 2453
f 2427 2426 2404 2454
f 2415 2411 2405 2416
f 2458 2416 2405 2457
f 2406 2410 2409 2414
f 2415 2416 2406 2414
f 2460 2410 2406 2458
f 2407 2409 2410 2408
f 2421 2409 2407 2430
f 2407 2408 2425 2424
f 2407 2424 2428 2430
f 2408 2410 2460 2459
f 2477 2425 2408 2459
f 2418 2414 2409 2421
f 2417 2412 2411 2415
f 2419 2413 2412 2417
f 2413 2419 2468 2462
f 2417 2415 2414 2418
f 2417 2418 2420 2419
f 2418 2421 2422 2420
f 2419 2420 2469 2468
f 2420 2422 2470 2469
f 2421 2430 2431 2422
f 2422 2431 2480 2470
f 2423 2424 2425 2475
f 2428 2424 2423 2426
f 2476 2475 2425 2477
f 2426 2427 2429 2428
f 2427 2454 2456 2478
f 2479 2429 2427 2478
f 2431 2430 2428 2429
f 2480 2431 2429 2479
f 2437 2433 2432 2434
f 2434 2436 2439 2437
f 2435 2438 2441 2440
f 2450 2439 2436 2442
f 2440 2441 2455 2453
f 2442 2444 2451 2450
f 2444 2448 2452 2451
f 2476 2452 2448 2475
f 2456 2454 2453 2455
f 2461 2471 2482 2481
f 2515 2472 2461 2514
f 2461 2481 2519 2514
f 2471 2472 2474 2473
f 2471 2473 2483 2482
f 2517 2474 2472 2515
f 2481 2482 2521 2519
f 2482 2483 2522 2521
f 2499 2493 2491 2498
f 2491 2492 2724 2723
f 2726 2498 2491 2723
f 2492 2493 2502 2503
f 2492 2503 2735 2724
f 2493 2499 2507 2502
f 2728 2500 2498 2726
f 2499 2500 2509 2507
f 2742 2509 2500 2728
f 2508 2504 2502 2507
f 2503 2504 2736 2735
f 2504 2508 2739 2736
f 2508 2509 2742 2739
f 2729 2511 2510 2730
f 2510 2512 2731 2730
f 2756 2528 2511 2729
f 2512 2513 2750 2731
f 2513 2529 2749 2750
f 2514 2519 2521 2516
f 2515 2516 2518 2517
f 2516 2521 2522 2518
f 2528 2773 5264 5129
f 5267 2804 2529 5130
f 2763 2532 2530 2624
f 2530 2532 5131 5127
f 2802 2640 2531 2808
f 5292 2809 2531 5128
f 2532 2763 2801 2805
f 2808 2807 2532 2805
f 2532 2807 2809 2806
f 2532 2806 5291 5131
f 2533 2689 2690 2700
f 5132 2689 2533 5133
f 2533 2700 5134 5133
f 2539 2535 2534 2540
f 2534 2535 2554 2553
f 2597 2540 2534 2553
f 2535 2539 2598 2555
f 2536 2553 2554 2538
f 2597 2553 2536 2541
f 2542 2546 2537 2548
f 2537 2571 2552 2548
f 2537 2546 2573 2571
f 2538 2555 2598 2541
f 2542 2544 2545 2543
f 2547 2546 2542 2543
f 2552 2544 2542 2548
f 2545 2558 2561 2560
f 2546 2547 2572 2573
f 2556 2557 2559 2558
f 2566 2559 2557 2564
f 2558 2559 2562 2561
f 2569 2562 2559 2566
f 2560 2561 2586 2572
f 2561 2562 2588 2586
f 2562 2569 2590 2588
f 2566 2564 2563 2565
f 2569 2566 2565 2568
f 2565 2567 2570 2568
f 2657 2570 2567 2655
f 2590 2569 2568 2592
f 2568 2570 2593 2592
f 2675 2593 2570 2657
f 2571 2573 2576 2579
f 2571 2579 2591 2594
f 2576 2573 2572 2577
f 2605 2575 2574 2606
f 2574 2580 2608 2606
f 2575 2605 2679 2659
f 2576 2577 2587 2589
f 2591 2579 2576 2589
f 2578 2582 2584 2583
f 2580 2581 2610 2608
f 2629 2610 2581 2660
f 2582 2594 2595 2585
f 2583 2584 2662 2661
f 2584 2585 2663 2662
f 2585 2595 2664 2663
f 2589 2587 2586 2588
f 2591 2589 2588 2590
f 2590 2592 2594 2591
f 2592 2593 2595 2594
f 2664 2595 2593 2675
f 2599 2600 2741 2738
f 2763 2624 2599 2738
f 2600 2601 2745 2741
f 2601 2617 2746 2745
f 2612 2603 2602 2613
f 2602 2604 2616 2613
f 2603 2612 2630 2625
f 2604 2611 2618 2616
f 2605 2607 2627 2679
f 2609 2607 2606 2608
f 2607 2609 2628 2627
f 2609 2610 2629 2628
f 2633 2618 2611 2626
f 2612 2614 2619 2630
f 2615 2614 2613 2616
f 2614 2615 2620 2619
f 2615 2618 2633 2620
f 2617 2640 2767 2746
f 2634 2632 2620 2633
f 2689 2684 2625 2639
f 2688 2642 2626 2685
f 2680 2679 2627 2628
f 2628 2629 2681 2680
f 2635 2631 2630 2632
f 2630 2631 2637 2639
f 2631 2635 2638 2637
f 2632 2634 2636 2635
f 2635 2636 2643 2638
f 2644 2639 2637 2638
f 2642 2641 2639 2644
f 2686 2689 2639 2641
f 2646 2659 2679 2693
f 2646 2693 5212 5171
f 2672 2648 2647 2669
f 2647 2648 5167 5165
f 2648 2672 2673 2678
f 2648 2678 5168 5167
f 2657 2655 2653 2654
f 2653 2656 2658 2654
f 2654 2658 2668 2667
f 2675 2657 2654 2667
f 5192 2658 2656 5188
f 5197 2668 2658 5192
f 2660 2677 2697 2683
f 2661 2662 2670 2665
f 2662 2663 2671 2670
f 2663 2664 2666 2671
f 2664 2675 2667 2666
f 2672 2669 2665 2670
f 2666 2667 2668 2674
f 2673 2671 2666 2674
f 5198 2674 2668 5197
f 2673 2672 2670 2671
f 5198 2678 2673 2674
f 5216 2699 2677 5172
f 5195 5168 2678 5198
f 2679 2682 2692 2694
f 2680 2681 2683 2682
f 2682 2683 2696 2692
f 2684 2689 5132 5209
f 5135 2701 2685 5210
f 2690 2689 2686 2687
f 2687 2688 2691 2690
f 2701 2700 2690 2691
f 2697 2694 2692 2696
f 2693 2698 2699 2695
f 2693 2695 5211 5212
f 2695 2699 5216 5211
f 2700 2701 5135 5134
f 2704 2708 2710 2709
f 2712 2708 2704 2714
f 2704 2709 2719 2714
f 2772 2770 2705 2707
f 2812 2772 2707 2784
f 2709 2718 2720 2719
f 2754 2718 2710 2753
f 2712 2716 2779 2777
f 2799 2753 2712 2777
f 2713 2715 2717 2716
f 2713 2714 2719 2715
f 2715 2719 2720 2721
f 2722 2717 2715 2721
f 2716 2717 2780 2779
f 2717 2722 2785 2780
f 2761 2720 2718 2754
f 2722 2761 2800 2785
f 2723 2725 2727 2726
f 2737 2725 2724 2735
f 2740 2727 2725 2737
f 2742 2728 2727 2740
f 2729 2732 2733 2756
f 2730 2731 2747 2732
f 2748 2733 2732 2747
f 2733 2748 2759 2757
f 2740 2737 2736 2739
f 2762 2763 2738 2743
f 2744 2743 2741 2745
f 2743 2744 2766 2762
f 2744 2746 2767 2766
f 2747 2750 2749 2748
f 2748 2749 2760 2759
f 2756 2758 2774 2773
f 2768 2758 2757 2759
f 2758 2768 2796 2774
f 2759 2760 2769 2768
f 2767 2765 2764 2766
f 2764 2765 2802 2801
f 2768 2769 2803 2796
f 2771 2772 2812 2811
f 2776 2775 2773 2797
f 2773 2774 2796 2797
f 2773 2775 5265 5264
f 2775 2776 5267 5265
f 2776 2797 2798 2804
f 2777 2779 2780 2778
f 2777 2778 2782 2781
f 2777 2790 2788 2799
f 2777 2781 2792 2790
f 2778 2780 2785 2786
f 2787 2782 2778 2786
f 2781 2782 2793 2792
f 2782 2787 2794 2793
f 2814 2813 2784 5273
f 2787 2800 2789 2794
f 2788 2790 5281 5277
f 5284 5276 2789 5278
f 2790 2792 2793 2791
f 2790 2791 5275 5274
f 2790 5274 5283 5281
f 2791 2793 2794 2795
f 2791 2795 5276 5275
f 2796 2803 2798 2797
f 2801 2802 2808 2805
f 2806 2809 5292 5291
f 2815 2816 2820 2818
f 2816 2817 2821 2820
f 3126 2821 2817 3125
f 2819 2820 2824 2823
f 2828 2824 2820 2822
f 3132 2822 2821 3126
f 3151 2828 2822 3132
f 2824 2828 3151 3143
f 2825 2826 2829 2830
f 2826 2827 2831 2829
f 2834 2831 2827 3145
f 2832 2830 2829 3522
f 2829 2831 2833 3522
f 2835 2833 2831 2834
f 2834 3145 3146 3154
f 3156 2835 2834 3154
f 3321 2837 2836 3320
f 2836 2838 3523 3524
f 3533 3320 2836 3524
f 2839 2838 2837 2840
f 3323 2840 2837 3321
f 2838 2839 3526 3523
f 2839 2841 3527 3526
f 3326 2841 2840 3323
f 2841 3326 3537 3527
f 2852 2845 2843 2851
f 2877 2876 2844 2878
f 2894 2878 2844 2919
f 2845 2852 2931 2893
f 2848 2847 2846 2853
f 2846 2847 2895 2896
f 2846 2896 2897 2902
f 2921 2853 2846 2902
f 2848 2853 2930 2855
f 2852 2851 2850 2958
f 2977 2931 2852 2958
f 2853 2921 2924 2930
f 2854 2857 2856 2925
f 2860 2862 2854 2922
f 2861 2857 2854 2862
f 2927 2922 2854 2925
f 2928 2926 2855 2930
f 2929 2925 2856 3370
f 2980 2920 2859 2960
f 2959 2862 2860 2978
f 2861 2862 2959 2863
f 2863 2959 3419 3351
f 2867 2865 2864 2866
f 2870 2866 2864 2868
f 2866 2870 2871 2873
f 2868 2869 2871 2870
f 2874 2883 3400 3397
f 2877 2878 2881 2879
f 2912 2881 2878 2894
f 2880 2913 2916 2915
f 2949 2889 2880 2915
f 2886 2883 2882 2885
f 2883 2886 3405 3400
f 3406 2887 2884 3401
f 2884 2888 3407 3401
f 2887 3406 3541 3525
f 2888 2944 3413 3407
f 2894 2919 2892 2936
f 2893 2931 2939 2938
f 2940 2912 2894 2936
f 2899 2896 2895 2898
f 2906 2897 2896 2899
f 2907 2899 2898 2903
f 2908 2906 2899 2907
f 2900 2901 2909 2905
f 2914 2901 2900 3353
f 3354 3353 2900 3360
f 2900 2905 3362 3360
f 2903 2904 2911 2907
f 2928 2911 2904 2926
f 2905 2909 3375 3372
f 3377 3362 2905 3372
f 2910 2908 2907 2911
f 2923 2921 2908 2910
f 2924 2923 2910 2932
f 2910 2911 2928 2932
f 2914 3353 3364 3367
f 2915 2916 2942 2953
f 2950 2949 2915 2953
f 2918 2943 2954 2951
f 2928 2930 2924 2932
f 2933 2927 2925 2929
f 2935 2933 2929 3373
f 2929 3370 3371 3373
f 2984 2939 2931 2977
f 3374 3376 2934 3381
f 3420 3381 2934 3423
f 2935 3373 3382 3385
f 3018 2941 2936 2985
f 2937 2980 2983 2984
f 3431 2954 2943 2987
f 2944 2945 3414 3413
f 2945 2948 3417 3414
f 2946 2947 3441 3442
f 2951 2954 2956 2955
f 2952 3122 3446 3416
f 3529 3122 2952 3528
f 2952 3416 3544 3528
f 3020 2956 2954 3431
f 2959 2978 2979 3419
f 2960 2962 2969 2996
f 2983 2980 2960 2996
f 2969 2962 2961 2968
f 2963 2965 2966 2991
f 2972 2966 2965 2970
f 2993 2991 2966 3034
f 2966 2972 3036 3034
f 3040 3033 2971 3039
f 2971 2973 3093 3039
f 3097 3093 2975 3096
f 2976 2993 3034 3027
f 2979 3385 3382 3419
f 2989 2985 2981 2997
f 3012 2988 2982 2995
f 2985 2989 3432 3018
f 3013 2990 2988 3012
f 2989 2997 3015 3016
f 2989 3016 3022 3432
f 3012 2995 2994 3010
f 3028 3010 2994 3024
f 3000 2999 2998 3001
f 3002 3001 2998 3004
f 3006 3004 2998 3005
f 2998 2999 3007 3005
f 3000 3001 3046 3048
f 3001 3002 3050 3046
f 3008 3007 3003 3009
f 3057 3009 3003 3048
f 3014 3006 3005 3008
f 3084 3014 3008 3056
f 3013 3012 3010 3011
f 3029 3011 3010 3028
f 3017 3026 3027 3087
f 3112 3021 3017 3087
f 3113 3023 3021 3112
f 3025 3033 3040 3079
f 3027 3034 3036 3031
f 3080 3030 3027 3081
f 3027 3032 3090 3087
f 3030 3079 3040 3082
f 3044 3051 3037 3064
f 3037 3038 3067 3064
f 3099 3067 3038 3098
f 3039 3094 3082 3040
f 3039 3093 3097 3094
f 3108 3081 3041 3095
f 3053 3051 3044 3052
f 3044 3064 3063 3045
f 3046 3050 3054 3059
f 3057 3048 3046 3059
f 3075 3052 3047 3058
f 3052 3075 3070 3053
f 3060 3059 3054 3055
f 3055 3084 3056 3060
f 3058 3074 3076 3075
f 3071 3078 3061 3083
f 3077 3062 3061 3078
f 3086 3083 3061 3085
f 3061 3062 3434 3085
f 3063 3064 3067 3066
f 3066 3067 3099 3068
f 3100 3069 3068 3099
f 3076 3074 3069 3100
f 3076 3072 3070 3075
f 3101 3078 3071 3105
f 3100 3073 3072 3076
f 3099 3098 3073 3100
f 3077 3078 3101 3102
f 3080 3081 3108 3114
f 3091 3086 3085 3437
f 3085 3434 3435 3437
f 3087 3090 3115 3112
f 3091 3437 3438 3092
f 3107 3106 3092 3438
f 3095 3103 3104 3108
f 3101 3105 3106 3107
f 3439 3102 3101 3107
f 3114 3108 3104 3118
f 3107 3438 3436 3439
f 3411 3111 3109 3412
f 3109 3120 3415 3412
f 3110 3252 3489 3492
f 3493 3121 3110 3492
f 3116 3113 3112 3115
f 3120 3124 3418 3415
f 3496 3123 3121 3493
f 3122 3342 3495 3446
f 3536 3342 3122 3529
f 3131 3126 3125 3127
f 3127 3128 3129 3131
f 3556 3129 3128 3555
f 3557 3130 3129 3556
f 3143 3131 3130 3148
f 3571 3148 3130 3557
f 3151 3132 3131 3143
f 3168 3134 3133 3167
f 3133 3135 3169 3167
f 3171 3136 3134 3168
f 3135 3136 3171 3169
f 3137 3138 3153 3152
f 3158 3140 3137 3152
f 3138 3141 3159 3153
f 3139 3160 3226 3170
f 3159 3141 3140 3158
f 3223 3144 3142 3222
f 3142 3149 3224 3222
f 3143 3148 3571 3573
f 3225 3150 3144 3223
f 3155 3154 3146 3147
f 3166 3155 3147 3161
f 3149 3150 3225 3224
f 3154 3155 3157 3156
f 3531 3157 3155 3166
f 3161 3162 3164 3166
f 3162 3163 3165 3164
f 3590 3165 3163 3582
f 3531 3166 3164 3530
f 3164 3165 3532 3530
f 3912 3532 3165 3590
f 3243 3174 3173 3178
f 3233 3232 3174 3243
f 3175 3177 3188 3179
f 3177 3187 3195 3188
f 3178 3190 3240 3243
f 3179 3188 3255 3237
f 3191 3189 3180 3193
f 3207 3185 3181 3205
f 3181 3185 3454 3244
f 3182 3183 3186 3184
f 3200 3183 3182 3189
f 3184 3186 3206 3274
f 3268 3245 3184 3274
f 3188 3195 3264 3255
f 3189 3191 3202 3200
f 3258 3240 3190 3256
f 3192 3196 3219 3263
f 3212 3209 3194 3280
f 3196 3216 3217 3219
f 3199 3198 3197 3262
f 3204 3203 3197 3210
f 3197 3198 3214 3210
f 3197 3203 3269 3262
f 3218 3214 3198 3220
f 3198 3199 3300 3220
f 3273 3269 3203 3271
f 3285 3271 3204 3284
f 3275 3207 3205 3277
f 3205 3267 3276 3277
f 3272 3274 3206 3208
f 3208 3211 3212 3272
f 3212 3280 3270 3272
f 3289 3287 3215 3304
f 3215 3221 3301 3304
f 3309 3219 3217 3332
f 3218 3220 3301 3221
f 3266 3263 3219 3309
f 3220 3300 3302 3301
f 3328 3228 3227 3327
f 3227 3229 3329 3327
f 3229 3230 3330 3329
f 3233 3243 3240 3239
f 3236 3235 3234 3247
f 3234 3238 3248 3247
f 3236 3247 3251 3254
f 3237 3255 3259 3242
f 3239 3240 3258 3292
f 3294 3249 3241 3257
f 3244 3454 3458 3456
f 3247 3248 3295 3251
f 3297 3250 3249 3294
f 3250 3297 3317 3316
f 3261 3259 3255 3264
f 3265 3258 3256 3298
f 3258 3265 3296 3293
f 3265 3298 3299 3313
f 3314 3296 3265 3313
f 3268 3274 3272 3270
f 3281 3273 3271 3285
f 3275 3277 3463 3462
f 3463 3277 3276 3278
f 3278 3461 3460 3463
f 3279 3290 3286 3464
f 3279 3464 3469 3468
f 3289 3282 3281 3285
f 3282 3289 3304 3303
f 3286 3290 3283 3288
f 3306 3288 3283 3307
f 3289 3285 3284 3287
f 3286 3288 3305 3465
f 3466 3464 3286 3465
f 3471 3305 3288 3306
f 3315 3297 3294 3312
f 3297 3315 3319 3317
f 3334 3313 3299 3333
f 3303 3304 3301 3302
f 3306 3307 3308 3310
f 3306 3310 3473 3471
f 3475 3310 3308 3474
f 3472 3473 3310 3475
f 3311 3314 3313 3334
f 3534 3322 3320 3533
f 3321 3322 3324 3323
f 3535 3324 3322 3534
f 3537 3326 3324 3535
f 3327 3329 3330 3331
f 3336 3337 3491 3490
f 3494 3340 3336 3490
f 3337 3341 3497 3491
f 3440 3339 3338 3444
f 3341 3345 3502 3497
f 3549 3495 3342 3536
f 3500 3344 3343 3498
f 3343 3346 3594 3593
f 3849 3498 3343 3593
f 3349 3346 3344 3347
f 3508 3347 3344 3500
f 3345 3348 3509 3502
f 3346 3349 3596 3594
f 3552 3509 3348 3538
f 3382 3380 3351 3419
f 3359 3356 3352 3357
f 3353 3354 3365 3364
f 3355 3356 3359 3358
f 3368 3366 3363 3387
f 3363 3377 3372 3387
f 3364 3365 3366 3368
f 3369 3367 3364 3368
f 3386 3369 3368 3387
f 3382 3373 3371 3380
f 3372 3375 3386 3387
f 3374 3378 3379 3388
f 3374 3381 3383 3378
f 3389 3376 3374 3388
f 3391 3388 3379 3392
f 3421 3384 3381 3420
f 3390 3389 3388 3391
f 3390 3391 3430 3429
f 3391 3392 3427 3430
f 3443 3395 3393 3442
f 3447 3396 3395 3443
f 3501 3408 3398 3499
f 3398 3402 3540 3539
f 3550 3499 3398 3539
f 3399 3400 3405 3404
f 3409 3403 3402 3408
f 3402 3403 3542 3540
f 3403 3410 3543 3542
f 3505 3409 3408 3501
f 3506 3410 3409 3505
f 3410 3506 3553 3543
f 3422 3421 3420 3425
f 3420 3423 3424 3425
f 3422 3425 3430 3427
f 3424 3429 3430 3425
f 3438 3437 3435 3436
f 3478 3444 3440 3479
f 3480 3445 3444 3478
f 3481 3476 3445 3480
f 3511 3450 3449 3513
f 4088 3513 3449 4012
f 3450 3511 4079 4008
f 3456 3458 3459 3460
f 3461 3457 3456 3460
f 3459 3462 3463 3460
f 3464 3466 3467 3469
f 3475 3469 3467 3472
f 3475 3474 3468 3469
f 3477 3483 3485 3484
f 3477 3482 3486 3483
f 3487 3482 3477 3484
f 3488 3485 3483 3486
f 3484 3485 3488 3487
f 3850 3503 3498 3849
f 3551 3504 3499 3550
f 3500 3503 3510 3508
f 3501 3504 3507 3505
f 3852 3510 3503 3850
f 3554 3507 3504 3551
f 3506 3507 3554 3553
f 4081 4079 3511 4080
f 3512 3513 3517 3514
f 4080 3513 3512 4078
f 3512 3514 4108 4078
f 4117 3517 3513 4088
f 3514 3517 3516 4108
f 3515 3517 3865 3863
f 3515 3863 4448 4107
f 4109 4108 3516 4110
f 4456 3865 3517 4117
f 3857 3520 3518 3856
f 3518 3519 3982 3856
f 3858 3521 3520 3857
f 3521 3858 3859 3861
f 3547 3529 3528 3544
f 3549 3536 3529 3546
f 3561 3556 3555 3558
f 3557 3561 3573 3571
f 3558 3559 3560 3561
f 3566 3560 3559 3563
f 3568 3562 3560 3566
f 3572 3573 3561 3562
f 3562 3568 3577 3572
f 3563 3565 3569 3566
f 3569 3565 3564 3567
f 3605 3567 3564 3603
f 3606 3570 3567 3605
f 3568 3569 3579 3577
f 3569 3570 3580 3579
f 3800 3580 3570 3606
f 3578 3573 3572 3577
f 3574 3575 3584 3583
f 3574 3583 3908 3905
f 3659 3584 3575 3632
f 3576 3580 3800 3801
f 3802 3581 3576 3801
f 3581 3802 3961 3914
f 3583 3584 3588 3586
f 3583 3586 3910 3908
f 3668 3588 3584 3659
f 3585 3587 3602 3601
f 3585 3601 3918 3909
f 3846 3602 3587 3668
f 3593 3595 3851 3849
f 3597 3595 3594 3596
f 3595 3597 3853 3851
f 5513 3880 3600 4931
f 3601 3602 3855 3854
f 3601 3854 3981 3918
f 3602 3846 3881 3855
f 3603 3604 3607 3605
f 3803 3607 3604 3797
f 3606 3607 3803 3800
f 3609 3610 3615 3646
f 3645 3643 3609 3646
f 3611 3613 3656 3651
f 3613 3616 3617 3656
f 3614 3618 3619 3693
f 3695 3689 3614 3693
f 3690 3646 3615 3692
f 3684 3656 3617 3687
f 3807 3693 3619 3795
f 3620 3622 3727 3685
f 3737 3727 3622 3813
f 3625 3624 3623 3698
f 3703 3698 3623 3701
f 3624 3625 3627 3626
f 3686 3627 3625 3683
f 3625 3698 3699 3683
f 3626 3627 3629 3630
f 3726 3629 3627 3686
f 3631 3630 3629 3728
f 3629 3726 3730 3728
f 3713 3711 3631 3728
f 3632 3633 3723 3659
f 3943 3723 3633 3929
f 3634 3689 3695 3638
f 3634 3638 3763 3756
f 3690 3692 3635 3637
f 3765 3637 3636 3817
f 3637 3639 3671 3690
f 3764 3640 3637 3765
f 3808 3641 3638 3695
f 3638 3642 3819 3763
f 3644 3647 3665 3648
f 3645 3646 3690 3671
f 3724 3665 3647 3691
f 3650 3649 3648 3665
f 3650 3665 3724 3678
f 3651 3656 3684 3724
f 3654 3653 3652 3660
f 3652 3653 3702 3657
f 3653 3654 3655 3658
f 3653 3658 3706 3702
f 3654 3660 3662 3661
f 3667 3655 3654 3661
f 3657 3702 3710 3715
f 3677 3668 3659 3723
f 3661 3662 3664 3670
f 3669 3667 3661 3670
f 3717 3670 3664 3718
f 3668 3677 3847 3846
f 3669 3670 3717 3716
f 3680 3674 3672 3676
f 3682 3675 3674 3680
f 3774 3680 3676 3770
f 3677 3723 3943 3935
f 3967 3847 3677 3936
f 3679 3771 3775 3773
f 3679 3773 3831 3829
f 3783 3682 3680 3774
f 3681 3779 3782 3784
f 3681 3784 3942 3932
f 3732 3688 3685 3727
f 3808 3695 3693 3807
f 3697 3696 3694 3809
f 3694 3806 3811 3809
f 3697 3809 3815 3822
f 3700 3699 3698 3703
f 3700 3703 3705 3707
f 3705 3703 3701 3704
f 3702 3706 3708 3710
f 3713 3705 3704 3711
f 3712 3707 3705 3713
f 3708 3716 3717 3710
f 3718 3715 3710 3717
f 3712 3713 3728 3730
f 3714 3719 3721 3725
f 3729 3719 3714 3731
f 3719 3720 3722 3721
f 3738 3720 3719 3729
f 3721 3722 3740 3749
f 3748 3725 3721 3749
f 3736 3732 3727 3737
f 3729 3731 3735 3734
f 3729 3734 3741 3738
f 3742 3741 3734 3743
f 3734 3735 3744 3743
f 3746 3749 3740 3745
f 3742 3743 3746 3745
f 3743 3744 3751 3746
f 3748 3749 3746 3751
f 3760 3753 3747 3785
f 3823 3785 3747 3814
f 3776 3772 3750 3787
f 3750 3752 3833 3787
f 3774 3770 3754 3760
f 3755 3768 3786 3777
f 3756 3763 3939 3931
f 3782 3779 3757 3761
f 3783 3774 3760 3767
f 3760 3785 3791 3762
f 3761 3766 3792 3782
f 3763 3819 3951 3939
f 3764 3765 3820 3950
f 3765 3817 3818 3820
f 3773 3775 3778 3836
f 3835 3831 3773 3836
f 3776 3787 3842 3788
f 3837 3781 3777 3838
f 3777 3786 3840 3838
f 3780 3790 3793 3946
f 3947 3784 3782 3792
f 3945 3942 3784 3947
f 3825 3791 3785 3823
f 3787 3833 3841 3842
f 3793 3790 3789 3824
f 3954 3946 3793 3953
f 3793 3824 3955 3953
f 3803 3797 3796 3799
f 3796 3798 3804 3799
f 3960 3804 3798 3957
f 3799 3801 3800 3803
f 3802 3801 3799 3804
f 3802 3804 3960 3961
f 3820 3818 3805 3821
f 3809 3811 3812 3815
f 3814 3816 3827 3823
f 3952 3950 3820 3821
f 3828 3825 3823 3827
f 3834 3832 3831 3835
f 3837 3838 3839 3844
f 3843 3839 3838 3840
f 3846 3847 3882 3881
f 3991 3882 3847 3967
f 3850 3851 3853 3852
f 3854 3855 3878 3875
f 3854 3875 3985 3981
f 3897 3878 3855 3881
f 3862 3861 3859 3984
f 3860 3883 3999 3987
f 4450 4449 3864 4451
f 3888 3870 3865 3891
f 4465 3891 3865 4456
f 3884 3868 3866 3899
f 3866 3879 3900 3899
f 3867 3869 3884 3885
f 3887 3871 3867 3885
f 3870 3888 3889 4451
f 3893 3874 3872 3892
f 3872 3873 4951 4952
f 4962 3892 3872 4952
f 3873 3874 3876 3877
f 3873 3877 4953 4951
f 3895 3876 3874 3893
f 3896 3877 3876 3895
f 5115 3900 3879 5089
f 3881 3882 3898 3897
f 3996 3898 3882 3991
f 3883 3994 4000 3999
f 3886 3885 3884 3902
f 3884 3899 3901 3902
f 3885 3886 3890 3887
f 3888 3891 4461 3889
f 4450 4451 3889 4460
f 3890 3902 5119 5120
f 4466 4461 3891 4467
f 4963 3894 3892 4962
f 3896 3895 3893 3894
f 4964 3896 3894 4963
f 5117 3901 3900 5115
f 5119 3902 3901 5117
f 3965 3904 3903 3963
f 3977 3921 3904 3965
f 3911 3906 3905 3908
f 3906 3911 3937 3930
f 3968 3917 3907 3928
f 3909 3918 3966 3934
f 3937 3911 3910 3933
f 3913 3914 3961 3963
f 3916 3917 3968 3919
f 3990 3966 3918 3981
f 3979 3925 3919 3968
f 3920 3921 3977 3974
f 3978 3922 3920 3974
f 3922 3978 4945 4928
f 3923 3927 3979 3969
f 3980 3927 3923 3970
f 3924 3925 3979 3927
f 3924 3927 3980 3926
f 3926 3980 4935 4932
f 3979 3968 3928 3969
f 3929 3930 3937 3943
f 3940 3938 3931 3939
f 3933 3935 3943 3937
f 3967 3936 3934 3966
f 3941 3940 3939 3951
f 3957 3958 3962 3960
f 3958 3959 3964 3962
f 3975 3964 3959 3972
f 3963 3961 3960 3962
f 3965 3963 3962 3964
f 3977 3965 3964 3975
f 3991 3967 3966 3990
f 4935 3980 3970 4938
f 3971 3974 3975 3972
f 3976 3974 3971 3973
f 4944 3976 3973 4941
f 4945 3978 3976 4944
f 3981 3985 3995 3990
f 3983 3989 4004 3993
f 3986 3988 4002 3997
f 3986 3997 4587 4478
f 4590 4002 3988 4479
f 3996 3991 3990 3995
f 4000 3994 3992 4003
f 3992 3993 4004 4003
f 4001 3998 3997 4002
f 3997 3998 4588 4587
f 3998 4001 4589 4588
f 4001 4002 4590 4589
f 4090 4011 4008 4079
f 4009 4010 4023 4029
f 4013 4014 4094 4093
f 4096 4015 4013 4093
f 4265 4094 4014 4184
f 4099 4016 4015 4096
f 4016 4099 4267 4185
f 4017 4018 4049 4050
f 4058 4024 4017 4050
f 4018 4019 4053 4049
f 4019 4032 4054 4053
f 4021 4029 4023 4022
f 4021 4022 4039 4038
f 4274 4194 4021 4038
f 4022 4023 4089 4039
f 4279 4089 4023 4195
f 4135 4076 4025 4091
f 4104 4028 4027 4103
f 4027 4030 4105 4103
f 4106 4031 4028 4104
f 4032 4033 4064 4054
f 4034 4035 4122 4123
f 4035 4036 4061 4060
f 4036 4037 4062 4061
f 4122 4035 4036 4131
f 4038 4039 4089 4085
f 4040 4041 4048 4046
f 4258 4042 4040 4257
f 4040 4046 4259 4257
f 4041 4042 4074 4073
f 4075 4048 4041 4073
f 4263 4074 4042 4258
f 4043 4044 4045 4047
f 4197 4044 4043 4198
f 4043 4069 4209 4198
f 4072 4045 4044 4071
f 4229 4071 4044 4197
f 4069 4047 4045 4072
f 4046 4048 4075 4169
f 4046 4169 4264 4259
f 4051 4052 4126 4125
f 4127 4055 4051 4125
f 4052 4063 4133 4126
f 4128 4056 4055 4127
f 4134 4065 4056 4128
f 4132 4131 4060 4059
f 4070 4067 4066 4068
f 4066 4067 4205 4202
f 4073 4074 4146 4148
f 4149 4075 4073 4148
f 4351 4146 4074 4263
f 4150 4169 4075 4149
f 4182 4139 4077 4176
f 4077 4140 4183 4176
f 4081 4080 4078 4082
f 4109 4082 4078 4108
f 4118 4090 4082 4109
f 4120 4084 4083 4121
f 4083 4097 4129 4121
f 4124 4092 4084 4120
f 4085 4089 4087 4086
f 4086 4087 4111 4112
f 4287 4274 4086 4112
f 4087 4089 4119 4111
f 4288 4119 4089 4279
f 4093 4095 4100 4096
f 4266 4095 4094 4265
f 4268 4100 4095 4266
f 4097 4098 4130 4129
f 4098 4102 4136 4130
f 4099 4100 4268 4267
f 4455 4118 4107 4448
f 4115 4114 4113 4116
f 4115 4116 4452 4453
f 4474 4287 4115 4453
f 4116 4119 4457 4452
f 4119 4288 4475 4457
f 4137 4138 4152 4151
f 4153 4144 4137 4151
f 4322 4152 4138 4289
f 4372 4183 4140 4291
f 4141 4142 4143 4145
f 4171 4170 4141 4145
f 4298 4143 4142 4293
f 4177 4171 4143 4298
f 4144 4154 4325 4294
f 4352 4147 4146 4351
f 4149 4148 4147 4150
f 4363 4150 4147 4352
f 4264 4169 4150 4363
f 4151 4152 4154 4153
f 4325 4154 4152 4322
f 4162 4156 4155 4159
f 4156 4162 4178 4166
f 4157 4158 4163 4159
f 4158 4160 4161 4163
f 4164 4162 4159 4163
f 4164 4163 4161 4165
f 4162 4164 4179 4178
f 4164 4165 4182 4179
f 4172 4167 4166 4178
f 4180 4168 4167 4172
f 4168 4180 4364 4230
f 4170 4171 4175 4174
f 4172 4178 4179 4173
f 4172 4173 4181 4180
f 4182 4176 4173 4179
f 4173 4176 4183 4181
f 4223 4206 4174 4371
f 4177 4299 4315 4376
f 4180 4181 4368 4364
f 4181 4183 4372 4368
f 4186 4189 4192 4193
f 4187 4193 4192 4190
f 4301 4216 4187 4269
f 4192 4189 4188 4191
f 4190 4191 4276 4273
f 4191 4217 4305 4276
f 4197 4198 4200 4199
f 4201 4210 4236 4229
f 4207 4204 4202 4205
f 4203 4204 4207 4206
f 4203 4206 4223 4222
f 4210 4211 4215 4212
f 4214 4213 4212 4215
f 4213 4214 4241 4242
f 4255 4236 4213 4242
f 4214 4227 4254 4241
f 4220 4219 4218 4221
f 4220 4221 4235 4234
f 4300 4235 4221 4302
f 4221 4256 4347 4302
f 4222 4223 4228 4226
f 4224 4226 4228 4225
f 4224 4225 4244 4243
f 4400 4236 4224 4243
f 4225 4228 4371 4383
f 4367 4232 4230 4364
f 4231 4232 4367 4366
f 4378 4237 4231 4366
f 4372 4291 4233 4374
f 4233 4292 4375 4374
f 4234 4235 4300 4303
f 4344 4253 4234 4303
f 4377 4239 4237 4378
f 4238 4239 4377 4379
f 4402 4260 4238 4379
f 4385 4310 4240 4384
f 4240 4311 4386 4384
f 4255 4242 4241 4254
f 4243 4244 4383 4400
f 4250 4246 4245 4249
f 4248 4247 4246 4250
f 4248 4250 4251 4252
f 4342 4251 4249 4343
f 4429 4343 4249 4390
f 4312 4252 4251 4342
f 4428 4391 4252 4312
f 4406 4262 4260 4402
f 4386 4311 4261 4404
f 4261 4353 4407 4404
f 4269 4270 4275 4277
f 4270 4273 4276 4275
f 4271 4277 4275 4272
f 4271 4272 4282 4280
f 4339 4301 4271 4280
f 4272 4276 4286 4282
f 4340 4286 4276 4305
f 4281 4283 4471 4470
f 4486 4339 4281 4470
f 4283 4286 4472 4471
f 4286 4340 4487 4472
f 4314 4295 4289 4308
f 4289 4308 4327 4323
f 4298 4293 4290 4296
f 4290 4295 4299 4296
f 4292 4310 4385 4375
f 4331 4318 4294 4326
f 4315 4299 4295 4314
f 4300 4302 4304 4303
f 4307 4304 4302 4306
f 4333 4306 4302 4335
f 4362 4335 4302 4347
f 4337 4307 4306 4333
f 4358 4344 4307 4337
f 4348 4316 4308 4387
f 4354 4328 4308 4346
f 4341 4313 4309 4356
f 4345 4343 4309 4313
f 4309 4343 4357 4356
f 4312 4342 4343 4345
f 4313 4341 4438 4428
f 4319 4315 4314 4317
f 4319 4317 4316 4320
f 4349 4320 4316 4348
f 4318 4332 4355 4350
f 4388 4376 4320 4349
f 4325 4322 4321 4324
f 4321 4323 4326 4324
f 4331 4326 4323 4327
f 4327 4329 4330 4331
f 4330 4329 4328 4332
f 4355 4332 4328 4354
f 4333 4335 4338 4337
f 4334 4338 4335 4336
f 4334 4336 4480 4481
f 4555 4358 4334 4481
f 4480 4336 4335 4485
f 4335 4362 4561 4485
f 4341 4356 4357 4361
f 4437 4357 4343 4429
f 4346 4350 4355 4354
f 4348 4387 4388 4349
f 4360 4361 4357 4359
f 4549 4359 4357 4551
f 4357 4437 4572 4551
f 4550 4360 4359 4549
f 4690 4438 4360 4550
f 4369 4367 4364 4368
f 4366 4367 4369 4370
f 4366 4370 4380 4378
f 4368 4372 4374 4369
f 4369 4374 4375 4370
f 4370 4375 4385 4380
f 4377 4378 4380 4381
f 4382 4379 4377 4381
f 4379 4382 4403 4402
f 4380 4385 4384 4381
f 4381 4384 4386 4382
f 4382 4386 4404 4403
f 4389 4392 4393 4394
f 4401 4394 4393 4405
f 4425 4405 4393 4426
f 5219 4426 4393 5164
f 4396 5162 4395 4398
f 4410 4398 4395 4409
f 4399 4397 4396 4398
f 4420 4419 4397 5187
f 4397 4399 4421 5187
f 4413 4399 4398 4410
f 4399 4413 4417 4421
f 4401 4405 4425 4423
f 5218 5163 4401 4423
f 4402 4403 4408 4406
f 4403 4404 4407 4408
f 4414 4410 4409 5173
f 4415 4413 4410 4414
f 4415 4414 4411 4416
f 4411 4412 4431 4430
f 4432 4416 4411 4430
f 4411 4414 5173 4412
f 4413 4415 5174 4417
f 4415 4416 4418 5174
f 4446 4418 4416 4432
f 5190 4421 4417 5200
f 4417 5174 5202 5200
f 5202 5174 4418 5201
f 4418 4446 5229 5201
f 4420 5187 5189 5188
f 5189 5187 4421 5190
f 4426 4427 4422 4424
f 4422 4427 4436 4433
f 4422 4433 5234 5218
f 4423 4425 4426 4424
f 4436 4427 4426 4439
f 5225 4439 4426 5219
f 4445 4432 4430 4442
f 4430 4431 5226 4442
f 4432 4445 5227 4446
f 4439 4441 4433 4436
f 4434 4441 4439 4440
f 4434 4440 4571 4668
f 5516 5234 4434 4668
f 4442 5226 4435 4443
f 4651 4443 4435 4646
f 4571 4440 4439 4688
f 5503 4688 4439 5225
f 4442 4443 4444 4445
f 4662 4444 4443 4651
f 4664 4447 4444 4662
f 5227 4445 4444 4447
f 4446 5227 5228 5229
f 5228 5227 4447 5230
f 4447 4664 5482 5230
f 4450 4460 4464 4455
f 4454 4453 4452 4457
f 4454 4457 4458 4459
f 4462 4458 4457 4469
f 4591 4469 4457 4475
f 4463 4459 4458 4462
f 4586 4474 4459 4463
f 4460 4461 4466 4464
f 4462 4469 4468 4463
f 4463 4468 4583 4586
f 4468 4469 4582 4583
f 4470 4471 4472 4473
f 4476 4473 4472 4477
f 4580 4477 4472 4581
f 4472 4487 4599 4581
f 4476 4477 4580 4584
f 4595 4486 4476 4584
f 4484 4481 4480 4485
f 4484 4485 4482 4483
f 4592 4483 4482 4593
f 4482 4485 4594 4593
f 4620 4555 4483 4592
f 4485 4561 4613 4594
f 4491 4490 4488 4492
f 4488 4489 4501 4500
f 4503 4492 4488 4500
f 4490 4491 4497 4499
f 4491 4492 4495 4496
f 4506 4495 4492 4503
f 4493 4496 4495 4494
f 4497 4496 4493 4498
f 4493 4494 4511 4513
f 4524 4498 4493 4513
f 4494 4495 4506 4505
f 4494 4505 4534 4511
f 5338 4499 4497 5341
f 4497 4498 5342 5343
f 4498 4524 5361 5342
f 4500 4501 4506 4503
f 4501 4502 4504 4506
f 4600 4502 4501 4601
f 4508 4504 4502 4600
f 4509 4506 4504 4508
f 4505 4506 4537 4534
f 4510 4507 4506 4509
f 4506 4507 4538 4537
f 4507 4510 4540 4538
f 4508 4600 4602 4604
f 4603 4509 4508 4604
f 4605 4510 4509 4603
f 4610 4540 4510 4605
f 4515 4513 4511 4516
f 4511 4534 4537 4516
f 4515 4516 4512 4514
f 4517 4514 4512 4518
f 4512 4516 4537 4535
f 4556 4518 4512 4535
f 4513 4515 4526 4524
f 4526 4515 4514 4525
f 4514 4517 4527 4525
f 4517 4518 4521 4519
f 4517 4519 4531 4527
f 4557 4521 4518 4556
f 4522 4520 4519 4521
f 4519 4520 4530 4531
f 4520 4522 4629 4628
f 4647 4530 4520 4628
f 4559 4522 4521 4557
f 4522 4559 4666 4629
f 4523 4526 4531 4528
f 5363 4526 4523 5364
f 4523 4528 5368 5364
f 4524 4526 5363 5361
f 4531 4526 4525 4527
f 4529 4533 4531 4532
f 5367 4533 4529 5370
f 4529 4650 5462 5370
f 4649 4531 4530 4647
f 4650 4532 4531 4649
f 4535 4537 4557 4556
f 4536 4537 4541 4542
f 4557 4537 4536 4558
f 4536 4542 4563 4558
f 4537 4538 4540 4541
f 5408 4544 4539 5406
f 4543 4541 4540 4610
f 4611 4542 4541 4543
f 4614 4563 4542 4611
f 4543 4610 4567 4568
f 4543 4568 4569 4611
f 5409 4545 4544 5408
f 5410 4547 4545 5409
f 4546 4548 5411 5407
f 5411 4548 4547 5410
f 4549 4551 4552 4550
f 4553 4552 4551 4554
f 4616 4554 4551 4617
f 4551 4572 4627 4617
f 4553 4554 4616 4618
f 4623 4690 4553 4618
f 4564 4560 4558 4563
f 4559 4560 4669 4666
f 4566 4562 4560 4564
f 4560 4562 4671 4669
f 4562 4566 4672 4671
f 4565 4564 4563 4614
f 4564 4565 4615 4566
f 4565 4614 4574 4577
f 4565 4577 4575 4615
f 4566 4615 4676 4672
f 4567 4610 4605 4606
f 4567 4606 5358 5377
f 5379 4568 4567 5377
f 4574 4569 4568 4577
f 4568 4570 4576 4577
f 5380 4570 4568 5379
f 4614 4611 4569 4574
f 5394 4576 4570 5380
f 4689 4668 4571 4688
f 4573 4688 4625 4622
f 4689 4688 4573 4670
f 4573 4622 4762 4670
f 4676 4615 4575 4692
f 4575 4577 4696 4692
f 5393 4578 4576 5394
f 4577 4579 4693 4696
f 5395 4579 4578 5393
f 5511 4693 4579 5395
f 4580 4581 4585 4584
f 4596 4585 4581 4598
f 4596 4595 4584 4585
f 4592 4593 4594 4597
f 4592 4597 4621 4620
f 4621 4597 4594 4612
f 4607 4602 4601 4608
f 4609 4604 4602 4607
f 4603 4604 4609 4606
f 4606 4609 5426 5357
f 4607 4608 5351 5425
f 5426 4609 4607 5425
f 4616 4617 4619 4618
f 4624 4619 4617 4626
f 4618 4619 4624 4623
f 4622 4625 4763 4762
f 4625 4688 5503 5565
f 5567 4763 4625 5566
f 4628 4629 4630 4635
f 4632 4635 4630 4633
f 4630 4631 4634 4633
f 4639 4634 4631 4645
f 4678 4645 4631 4667
f 4636 4635 4632 4637
f 4632 4633 4638 4640
f 4656 4637 4632 4640
f 4633 4634 4639 4638
f 4636 4637 4656 4660
f 4657 4648 4636 4660
f 4641 4640 4638 4642
f 4645 4642 4638 4639
f 4640 4641 4660 4656
f 4641 4642 4644 4643
f 4658 4660 4641 4643
f 4643 4644 4710 4709
f 4718 4658 4643 4709
f 4644 4679 4732 4710
f 4652 4651 4646 5466
f 5463 4649 4648 5464
f 4648 4657 5474 5464
f 5462 4650 4649 5463
f 4651 4652 4663 4662
f 4652 4653 4654 4663
f 4652 5466 4655 4653
f 4765 4654 4653 4764
f 4653 4655 4766 4764
f 4774 4665 4654 4765
f 5478 4663 4654 4665
f 4657 4661 5473 5474
f 4720 4661 4658 4718
f 4659 4661 4720 4719
f 5473 4661 4659 5472
f 4659 4719 5528 5472
f 4662 4663 5478 4664
f 4664 5478 5479 5482
f 5479 5478 4665 5480
f 4665 4774 5580 5480
f 4667 4673 4682 4678
f 4669 4671 4672 4674
f 4670 4762 4768 5516
f 4675 4674 4672 4676
f 4673 4674 4675 4677
f 4673 4677 4684 4682
f 4675 4676 4692 4691
f 4694 4677 4675 4691
f 4697 4684 4677 4694
f 4679 4680 4733 4732
f 4685 4681 4680 4683
f 4680 4681 4734 4733
f 4681 4685 4735 4734
f 4686 4683 4682 4684
f 4687 4685 4683 4686
f 4698 4686 4684 4697
f 4685 4687 4737 4735
f 4701 4687 4686 4698
f 4687 4701 4746 4737
f 4697 4694 4691 4698
f 4691 4695 4699 4698
f 5510 4696 4693 5511
f 4695 4696 5510 5512
f 5521 4699 4695 5512
f 4746 4701 4700 4745
f 4700 4702 4747 4745
f 5523 4702 4700 5522
f 5545 4747 4702 5523
f 4703 4704 4707 4706
f 5531 4705 4703 5532
f 4703 4706 5534 5532
f 4776 4707 4704 4775
f 4704 4705 4777 4775
f 5611 4777 4705 5531
f 4706 4708 5536 5534
f 4780 4708 4707 4776
f 4708 4780 5551 5536
f 4720 4718 4709 4711
f 4710 4732 4733 4711
f 4714 4713 4712 4716
f 4741 4716 4712 4739
f 4713 4714 5539 5537
f 4714 4716 4717 4715
f 4714 4715 4727 5539
f 4715 4717 4723 4722
f 4715 4722 4729 4727
f 4742 4717 4716 4741
f 4751 4723 4717 4742
f 4719 4720 5530 5528
f 4728 4724 4721 4725
f 4721 4748 4749 4759
f 4721 4724 4750 4748
f 4754 4725 4721 4759
f 4722 4724 4728 4729
f 4722 4723 4750 4724
f 4752 4750 4723 4751
f 4725 4726 4731 4728
f 4753 4726 4725 4754
f 4755 4731 4726 4753
f 4727 4729 4730 5541
f 5540 5539 4727 5541
f 4730 4729 4728 4731
f 4730 4731 4755 4756
f 5553 5541 4730 4756
f 4733 4734 4735 4736
f 4738 4736 4735 4737
f 4745 4738 4737 4746
f 4739 4740 4744 4741
f 5555 4744 4740 5547
f 4743 4742 4741 4744
f 4742 4743 4760 4751
f 4758 4760 4743 5554
f 4743 4744 5555 5554
f 4745 4747 5545 5546
f 4752 4749 4748 4750
f 4761 4759 4749 4752
f 4761 4752 4751 4760
f 4753 4754 4757 4755
f 4754 4759 4761 4757
f 4758 4756 4755 4757
f 5554 5553 4756 4758
f 4757 4761 4760 4758
f 4762 4763 5567 4768
f 4764 4766 4770 4769
f 4765 4769 4773 4774
f 5569 4771 4767 5564
f 4767 4771 5576 5573
f 4769 4770 5574 4773
f 5570 4772 4771 5569
f 4771 4772 5577 5576
f 5580 4774 4773 5574
f 4779 4776 4775 4778
f 5612 4778 4777 5611
f 5613 4779 4778 5612
f 5551 4780 4779 5613
f 4781 4782 4788 4787
f 4789 4783 4781 4787
f 4783 4789 4821 4817
f 4788 4785 4784 4787
f 4789 4787 4784 4786
f 4821 4789 4786 4819
f 4790 4793 4836 4832
f 4849 4805 4791 4835
f 4792 4802 4813 4806
f 4792 4806 4865 4850
f 4793 4795 4838 4836
f 4794 4803 4804 4795
f 4795 4804 4848 4838
f 4863 4800 4796 4858
f 4797 4799 4870 4868
f 4798 4801 4864 4859
f 4864 4801 4800 4863
f 4869 4813 4802 4859
f 4804 4805 4849 4848
f 4806 4813 4831 4825
f 4806 4825 4883 4865
f 4861 4808 4807 4857
f 4862 4814 4808 4861
f 4809 4810 4893 4888
f 4810 4815 4892 4893
f 4892 4815 4811 4890
f 4812 4814 4862 4860
f 4891 4831 4813 4869
f 4816 4817 4821 4820
f 4824 4818 4816 4820
f 4818 4824 5002 4992
f 4820 4821 4819 4822
f 4820 4822 4823 4824
f 5002 4824 4823 4994
f 4825 4831 4891 4883
f 4894 4829 4826 4889
f 4873 4828 4827 4867
f 4895 4830 4829 4894
f 4912 4842 4830 4895
f 4837 4833 4832 4836
f 4847 4834 4833 4837
f 4849 4835 4834 4847
f 4837 4838 4848 4847
f 4839 4841 4911 4909
f 4845 4843 4840 4844
f 4918 4844 4840 4910
f 4841 4842 4912 4911
f 4843 4845 5008 5006
f 4920 4846 4844 4918
f 4845 4846 5009 5008
f 4846 4920 5070 5009
f 4870 4868 4851 4852
f 4871 4870 4852 4855
f 4871 4855 4854 4866
f 4867 4873 4885 4884
f 4887 4874 4872 4886
f 4873 4874 4887 4885
f 4880 4876 4875 4878
f 5298 4878 4875 5297
f 4876 4880 5289 5272
f 4923 4880 4879 4922
f 4879 4882 4925 4922
f 4880 4923 5323 5289
f 5300 4882 4881 5299
f 5336 4925 4882 5300
f 4917 4898 4896 4908
f 4897 4899 4921 4914
f 4921 4899 4898 4917
f 4903 4901 4900 4902
f 4900 4901 4907 4906
f 4901 4903 4905 4907
f 4905 4903 4902 4904
f 4904 4906 4907 4905
f 4910 4916 4919 4918
f 4913 4915 4921 4917
f 5071 4919 4916 5068
f 5070 4920 4919 5071
f 4924 4923 4922 4925
f 4923 4926 5094 5093
f 4923 5093 5631 5323
f 4924 4925 5336 5335
f 5638 5094 4926 5337
f 4927 4928 4945 4943
f 4946 4935 4929 4939
f 4930 4943 4948 4936
f 4931 5015 5088 5513
f 4933 4935 4946 4934
f 4950 4937 4934 4946
f 4936 4948 5055 4979
f 4937 4950 4988 4983
f 4950 4946 4939 5034
f 4944 4941 4940 4942
f 4949 4942 4940 4947
f 4945 4944 4942 4943
f 4948 4943 4942 4949
f 5058 4949 4947 5052
f 4948 4949 5058 5055
f 4976 4988 4950 5034
f 5081 4952 4951 5082
f 4951 4953 5086 5082
f 5108 4962 4952 5081
f 5075 4955 4954 5074
f 5102 4965 4955 5075
f 4956 4957 5079 5078
f 4957 4966 5105 5079
f 4961 4959 4958 4960
f 4958 4959 5400 5399
f 4959 4961 4968 4967
f 4959 4967 5441 5400
f 5402 4961 4960 5401
f 5442 4968 4961 5402
f 5110 4963 4962 5108
f 5114 4964 4963 5110
f 5105 4966 4965 5102
f 4967 4968 5442 5441
f 4975 4970 4969 4978
f 4969 4970 5023 5022
f 4970 4975 5029 5023
f 4971 4974 4982 4985
f 4971 4985 4998 4990
f 5025 4973 4972 5022
f 5037 4982 4974 5035
f 4975 4980 5031 5029
f 4989 4988 4976 4977
f 5005 4989 4977 4993
f 5054 4980 4979 5055
f 4980 4981 5032 5031
f 5056 4981 4980 5054
f 5065 5032 4981 5056
f 5038 4987 4982 5037
f 4983 4988 4989 4984
f 4984 4989 5005 4997
f 4985 4987 5000 4998
f 5016 4999 4986 5012
f 5059 5012 4986 5039
f 5001 4991 4990 4998
f 4991 5001 5050 5044
f 4998 5000 5004 5001
f 5017 5003 4999 5016
f 5001 5004 5047 5050
f 5003 5017 5061 5048
f 5010 5007 5006 5008
f 5007 5010 5072 5069
f 5072 5010 5009 5070
f 5076 5016 5012 5073
f 5012 5059 5100 5073
f 5077 5017 5016 5076
f 5104 5061 5017 5077
f 5018 5021 5022 5019
f 5019 5022 5024 5020
f 5020 5024 5030 5026
f 5030 5024 5023 5029
f 5031 5027 5026 5030
f 5027 5031 5033 5028
f 5028 5033 5067 5064
f 5067 5033 5032 5065
f 5035 5036 5040 5037
f 5049 5040 5036 5043
f 5042 5038 5037 5040
f 5039 5041 5060 5059
f 5045 5042 5040 5049
f 5041 5046 5062 5060
f 5043 5044 5050 5049
f 5050 5047 5045 5049
f 5046 5048 5061 5062
f 5057 5054 5051 5053
f 5058 5052 5051 5054
f 5066 5057 5053 5063
f 5056 5057 5066 5065
f 5059 5060 5101 5100
f 5060 5062 5103 5101
f 5103 5062 5061 5104
f 5063 5064 5067 5066
f 5068 5069 5072 5071
f 5084 5076 5073 5080
f 5106 5080 5073 5100
f 5085 5077 5076 5084
f 5077 5085 5111 5104
f 5081 5083 5109 5108
f 5087 5083 5082 5086
f 5083 5087 5113 5109
f 5113 5087 5086 5114
f 5089 5090 5116 5115
f 5090 5092 5118 5116
f 5091 5098 5121 5118
f 5093 5095 5097 5096
f 5093 5096 5125 5124
f 5093 5124 5650 5631
f 5637 5095 5094 5638
f 5639 5097 5095 5637
f 5096 5097 5126 5125
f 5661 5126 5097 5639
f 5098 5099 5122 5121
f 5100 5101 5107 5106
f 5101 5103 5112 5107
f 5103 5104 5111 5112
f 5114 5110 5109 5113
f 5119 5117 5116 5118
f 5120 5119 5118 5121
f 5120 5121 5122 5123
f 5124 5125 5126 5662
f 5656 5655 5124 5662
f 5127 5131 5144 5140
f 5128 5141 5327 5295
f 5302 5142 5129 5264
f 5130 5143 5280 5271
f 5131 5291 5292 5294
f 5131 5294 5295 5293
f 5325 5144 5131 5293
f 5132 5133 5134 5137
f 5132 5136 5146 5145
f 5250 5209 5132 5145
f 5134 5135 5138 5137
f 5136 5137 5138 5139
f 5136 5139 5148 5146
f 5139 5210 5251 5148
f 5140 5144 5155 5151
f 5141 5152 5333 5329
f 5319 5153 5142 5302
f 5143 5154 5316 5305
f 5144 5325 5327 5328
f 5144 5328 5329 5326
f 5330 5155 5144 5326
f 5145 5146 5148 5149
f 5150 5147 5145 5149
f 5145 5147 5156 5159
f 5145 5159 5237 5250
f 5147 5150 5157 5156
f 5258 5157 5150 5251
f 5151 5155 5418 5413
f 5635 5332 5152 5415
f 5153 5319 5626 5416
f 5628 5322 5154 5420
f 5332 5331 5155 5334
f 5155 5330 5333 5334
f 5155 5331 5417 5418
f 5161 5159 5156 5157
f 5158 5159 5161 5160
f 5158 5160 5405 5404
f 5414 5159 5158 5404
f 5398 5237 5159 5414
f 5160 5258 5559 5405
f 5169 5166 5165 5167
f 5166 5169 5176 5175
f 5167 5168 5170 5169
f 5199 5170 5168 5195
f 5169 5170 5177 5176
f 5185 5177 5170 5199
f 5171 5212 5252 5220
f 5255 5214 5172 5221
f 5175 5176 5182 5178
f 5176 5177 5183 5182
f 5180 5183 5177 5185
f 5181 5179 5178 5182
f 5179 5181 5223 5222
f 5184 5183 5180 5186
f 5180 5185 5207 5206
f 5208 5186 5180 5206
f 5181 5182 5183 5184
f 5181 5184 5224 5223
f 5184 5186 5241 5224
f 5185 5199 5196 5207
f 5186 5208 5243 5241
f 5188 5189 5191 5192
f 5189 5190 5193 5191
f 5190 5200 5203 5193
f 5191 5193 5196 5194
f 5197 5192 5191 5194
f 5193 5203 5207 5196
f 5198 5197 5194 5195
f 5199 5195 5194 5196
f 5200 5202 5204 5203
f 5204 5202 5201 5205
f 5232 5205 5201 5229
f 5206 5207 5203 5204
f 5208 5206 5204 5205
f 5243 5208 5205 5232
f 5215 5212 5211 5216
f 5214 5213 5212 5215
f 5212 5213 5217 5252
f 5213 5214 5255 5217
f 5256 5252 5217 5255
f 5257 5236 5220 5252
f 5221 5249 5260 5254
f 5222 5223 5245 5238
f 5223 5224 5248 5245
f 5224 5241 5240 5248
f 5232 5229 5228 5231
f 5228 5230 5233 5231
f 5487 5233 5230 5482
f 5243 5232 5231 5239
f 5231 5233 5244 5239
f 5502 5244 5233 5487
f 5235 5238 5245 5246
f 5235 5246 5489 5488
f 5236 5257 5558 5526
f 5241 5243 5239 5240
f 5242 5240 5239 5244
f 5247 5248 5240 5242
f 5495 5247 5242 5498
f 5242 5244 5502 5498
f 5247 5246 5245 5248
f 5246 5247 5495 5489
f 5557 5263 5249 5527
f 5254 5253 5252 5256
f 5252 5253 5259 5257
f 5253 5254 5260 5259
f 5257 5259 5260 5261
f 5257 5261 5263 5262
f 5257 5262 5403 5558
f 5262 5263 5557 5403
f 5270 5266 5264 5268
f 5264 5266 5303 5302
f 5265 5267 5269 5268
f 5266 5270 5279 5303
f 5268 5269 5271 5270
f 5270 5271 5280 5279
f 5298 5297 5273 5290
f 5274 5275 5285 5283
f 5275 5276 5284 5285
f 5277 5281 5309 5307
f 5314 5288 5278 5308
f 5302 5303 5279 5304
f 5279 5280 5306 5304
f 5281 5283 5285 5282
f 5281 5287 5312 5309
f 5282 5285 5284 5286
f 5282 5286 5288 5287
f 5287 5288 5314 5312
f 5336 5300 5290 5324
f 5293 5295 5327 5325
f 5306 5305 5301 5304
f 5301 5305 5316 5317
f 5319 5302 5301 5317
f 5307 5309 5619 5616
f 5622 5315 5308 5617
f 5309 5313 5618 5619
f 5310 5311 5315 5313
f 5313 5315 5622 5618
f 5626 5319 5318 5625
f 5318 5322 5628 5625
f 5638 5337 5324 5632
f 5326 5329 5333 5330
f 5331 5332 5635 5417
f 5338 5341 5344 5340
f 5339 5340 5349 5348
f 5340 5344 5347 5349
f 5341 5343 5345 5344
f 5345 5343 5342 5346
f 5362 5346 5342 5361
f 5344 5345 5354 5347
f 5345 5346 5355 5354
f 5374 5355 5346 5362
f 5348 5349 5347 5354
f 5352 5351 5348 5350
f 5353 5350 5348 5354
f 5360 5352 5350 5353
f 5426 5425 5352 5360
f 5353 5354 5356 5360
f 5354 5355 5359 5356
f 5381 5359 5355 5374
f 5358 5357 5356 5359
f 5356 5357 5426 5360
f 5381 5377 5358 5359
f 5365 5362 5361 5363
f 5362 5365 5373 5374
f 5363 5364 5366 5365
f 5369 5366 5364 5368
f 5365 5366 5375 5373
f 5366 5369 5387 5375
f 5369 5368 5367 5372
f 5367 5370 5371 5372
f 5369 5372 5383 5387
f 5465 5371 5370 5462
f 5383 5372 5371 5386
f 5506 5386 5371 5465
f 5381 5374 5373 5378
f 5373 5376 5382 5378
f 5373 5375 5387 5383
f 5388 5376 5373 5383
f 5396 5382 5376 5388
f 5378 5379 5377 5381
f 5380 5379 5378 5382
f 5380 5382 5396 5394
f 5396 5388 5383 5392
f 5383 5389 5397 5392
f 5383 5386 5506 5504
f 5507 5389 5383 5504
f 5384 5385 5427 5428
f 5384 5428 5563 5508
f 5429 5427 5385 5505
f 5514 5397 5389 5507
f 5429 5505 5390 5430
f 5390 5391 5431 5430
f 5391 5508 5563 5431
f 5392 5393 5394 5396
f 5395 5393 5392 5397
f 5395 5397 5514 5511
f 5560 5558 5403 5557
f 5404 5405 5423 5414
f 5450 5558 5412 5446
f 5412 5558 5560 5561
f 5615 5446 5412 5561
f 5413 5418 5459 5443
f 5424 5422 5414 5423
f 5438 5398 5414 5451
f 5414 5422 5449 5451
f 5415 5448 5457 5636
f 5646 5453 5416 5626
f 5421 5418 5417 5635
f 5418 5419 5456 5459
f 5418 5421 5636 5419
f 5419 5636 5457 5456
f 5420 5455 5643 5630
f 5422 5424 5461 5449
f 5424 5559 5445 5461
f 5562 5428 5427 5429
f 5429 5430 5431 5562
f 5436 5433 5432 5435
f 5569 5564 5432 5433
f 5432 5564 5586 5435
f 5437 5434 5433 5436
f 5570 5569 5433 5434
f 5594 5436 5435 5586
f 5572 5437 5436 5594
f 5452 5440 5439 5451
f 5440 5452 5461 5445
f 5460 5447 5444 5459
f 5614 5450 5446 5615
f 5457 5448 5447 5460
f 5452 5451 5449 5461
f 5526 5558 5450 5587
f 5589 5588 5450 5614
f 5643 5455 5454 5647
f 5454 5458 5646 5647
f 5460 5459 5456 5457
f 5462 5463 5467 5465
f 5463 5464 5468 5467
f 5475 5468 5464 5474
f 5465 5467 5469 5506
f 5467 5468 5470 5469
f 5485 5470 5468 5475
f 5469 5470 5485 5481
f 5486 5471 5469 5481
f 5509 5504 5471 5515
f 5471 5486 5524 5515
f 5476 5473 5472 5477
f 5529 5477 5472 5528
f 5475 5474 5473 5476
f 5475 5476 5481 5485
f 5518 5481 5476 5477
f 5542 5518 5477 5529
f 5479 5480 5484 5483
f 5487 5482 5479 5483
f 5585 5484 5480 5580
f 5483 5484 5500 5499
f 5502 5487 5483 5499
f 5603 5500 5484 5585
f 5488 5489 5492 5490
f 5496 5492 5489 5495
f 5493 5491 5490 5492
f 5491 5493 5599 5592
f 5494 5493 5492 5496
f 5493 5494 5600 5599
f 5494 5496 5497 5501
f 5494 5501 5609 5600
f 5495 5498 5497 5496
f 5497 5499 5500 5501
f 5497 5498 5502 5499
f 5609 5501 5500 5603
f 5566 5565 5503 5567
f 5514 5507 5504 5509
f 5509 5510 5511 5514
f 5512 5510 5509 5515
f 5512 5515 5524 5521
f 5517 5519 5525 5520
f 5517 5518 5542 5544
f 5543 5519 5517 5544
f 5549 5525 5519 5543
f 5520 5522 5521 5524
f 5523 5522 5520 5525
f 5523 5525 5549 5545
f 5526 5587 5588 5589
f 5615 5561 5527 5593
f 5529 5530 5544 5542
f 5531 5533 5550 5611
f 5535 5533 5532 5534
f 5533 5535 5552 5550
f 5535 5536 5551 5552
f 5540 5538 5537 5539
f 5538 5540 5556 5548
f 5540 5541 5553 5556
f 5543 5544 5546 5549
f 5547 5548 5556 5555
f 5613 5612 5550 5552
f 5553 5554 5555 5556
f 5570 5571 5584 5578
f 5571 5572 5608 5584
f 5572 5594 5597 5598
f 5572 5598 5607 5608
f 5579 5575 5573 5576
f 5585 5580 5574 5582
f 5575 5579 5583 5581
f 5576 5577 5578 5579
f 5583 5579 5578 5584
f 5581 5583 5605 5601
f 5603 5585 5582 5604
f 5583 5584 5608 5605
f 5586 5591 5597 5594
f 5589 5614 5615 5593
f 5606 5597 5591 5602
f 5596 5595 5592 5599
f 5595 5596 5610 5604
f 5596 5600 5609 5610
f 5607 5598 5597 5606
f 5606 5602 5601 5605
f 5603 5604 5610 5609
f 5605 5608 5607 5606
f 5616 5619 5648 5640
f 5634 5624 5617 5641
f 5618 5622 5621 5620
f 5619 5623 5633 5648
f 5620 5621 5624 5623
f 5623 5624 5634 5633
f 5629 5626 5625 5628
f 5626 5629 5630 5627
f 5626 5627 5642 5646
f 5627 5630 5643 5642
f 5661 5639 5632 5653
f 5633 5634 5652 5651
f 5657 5644 5640 5648
f 5647 5646 5642 5643
f 5659 5645 5644 5657
f 5648 5649 5658 5657
f 5649 5651 5652 5654
f 5649 5654 5660 5658
f 5662 5661 5653 5656
f 5660 5659 5657 5658
