v 0.407471 -0.367920 -0.493896
v 0.412354 -0.367432 -0.490479
v 0.405518 -0.374756 -0.490479
v 0.411865 -0.365967 -0.435303
v 0.402100 -0.369385 -0.436768
v 0.404541 -0.365967 -0.427979
v 0.413818 -0.311768 -0.492432
v 0.409912 -0.311768 -0.494385
v 0.407959 -0.256104 -0.493896
v 0.412842 -0.256592 -0.490479
v 0.411377 -0.311768 -0.431396
v 0.408447 -0.311768 -0.429443
v 0.410400 -0.257568 -0.432861
v 0.406494 -0.257568 -0.429443
v 0.345947 -0.373291 -0.490479
v 0.343994 -0.366455 -0.493896
v 0.339600 -0.367432 -0.490479
v 0.329834 -0.367432 -0.492920
v 0.329834 -0.371338 -0.489502
v 0.336670 -0.366943 -0.489990
v 0.337158 -0.363037 -0.437744
v 0.349365 -0.368896 -0.436768
v 0.346924 -0.365479 -0.427979
v 0.328369 -0.368896 -0.435303
v 0.340576 -0.365479 -0.435303
v 0.328369 -0.362061 -0.428955
v 0.342529 -0.311279 -0.494385
v 0.339111 -0.311279 -0.492432
v 0.335693 -0.307861 -0.492432
v 0.328857 -0.306396 -0.495361
v 0.328369 -0.302002 -0.492432
v 0.335205 -0.299561 -0.470947
v 0.335205 -0.305420 -0.464600
v 0.341064 -0.299072 -0.465088
v 0.335693 -0.306885 -0.438721
v 0.341553 -0.298096 -0.441650
v 0.335693 -0.303955 -0.441162
v 0.344971 -0.256104 -0.493896
v 0.340088 -0.256592 -0.490479
v 0.335205 -0.260498 -0.472900
v 0.341064 -0.260010 -0.467041
v 0.336670 -0.256104 -0.460693
v 0.342529 -0.250244 -0.460693
v 0.335205 -0.254150 -0.467041
v 0.341553 -0.259033 -0.443115
v 0.337158 -0.256104 -0.444092
v 0.343018 -0.250244 -0.444092
v 0.335693 -0.252686 -0.443604
v 0.344482 -0.311279 -0.429443
v 0.341553 -0.311279 -0.431396
v 0.335693 -0.297607 -0.434814
v 0.327881 -0.305420 -0.433838
v 0.327881 -0.301025 -0.437256
v 0.346436 -0.257080 -0.429443
v 0.335693 -0.258057 -0.436279
v 0.342529 -0.257080 -0.432861
v 0.337158 -0.250244 -0.437256
v 0.236084 -0.370361 -0.489990
v 0.235596 -0.365967 -0.493408
v 0.219482 -0.369385 -0.490479
v 0.228760 -0.364502 -0.490479
v 0.219482 -0.366943 -0.493896
v 0.226318 -0.366455 -0.490967
v 0.226807 -0.363037 -0.438232
v 0.237061 -0.367920 -0.434326
v 0.237061 -0.360596 -0.427979
v 0.228760 -0.360107 -0.435791
v 0.218506 -0.365967 -0.435791
v 0.218506 -0.362549 -0.429932
v 0.142334 -0.364502 -0.493896
v 0.142334 -0.366943 -0.490479
v 0.125244 -0.369873 -0.490479
v 0.135498 -0.364014 -0.490479
v 0.125732 -0.365479 -0.493896
v 0.132568 -0.363525 -0.490967
v 0.143311 -0.363525 -0.437744
v 0.135498 -0.360596 -0.440186
v 0.143311 -0.360596 -0.431885
v 0.133057 -0.358154 -0.437256
v 0.234619 -0.306396 -0.495850
v 0.234619 -0.302002 -0.492920
v 0.241455 -0.299561 -0.469482
v 0.227783 -0.307861 -0.492432
v 0.225830 -0.302979 -0.492920
v 0.218994 -0.301025 -0.496338
v 0.241943 -0.305420 -0.463135
v 0.235596 -0.299072 -0.463135
v 0.241943 -0.303955 -0.439209
v 0.236084 -0.298096 -0.439697
v 0.232178 -0.298096 -0.459717
v 0.232178 -0.298096 -0.443115
v 0.225830 -0.302979 -0.439209
v 0.238525 -0.292236 -0.459717
v 0.238525 -0.292236 -0.443604
v 0.218506 -0.297119 -0.493408
v 0.241455 -0.260498 -0.470947
v 0.235596 -0.260010 -0.465088
v 0.244385 -0.256592 -0.458740
v 0.238525 -0.250732 -0.458740
v 0.236084 -0.259033 -0.441650
v 0.244873 -0.256592 -0.442627
v 0.241943 -0.252686 -0.441650
v 0.239014 -0.250244 -0.442627
v 0.235596 -0.305420 -0.432373
v 0.242432 -0.297607 -0.432861
v 0.235596 -0.301025 -0.435791
v 0.227783 -0.306885 -0.437256
v 0.232666 -0.292236 -0.436279
v 0.218018 -0.300537 -0.433350
v 0.218018 -0.296631 -0.437256
v 0.242432 -0.258545 -0.434814
v 0.244873 -0.250244 -0.435791
v 0.141846 -0.300537 -0.495850
v 0.141846 -0.297119 -0.492920
v 0.135010 -0.302490 -0.492920
v 0.132080 -0.302979 -0.493896
v 0.125732 -0.301514 -0.497314
v 0.125244 -0.296631 -0.494385
v 0.148193 -0.298096 -0.459229
v 0.148193 -0.298096 -0.443115
v 0.137451 -0.299561 -0.462646
v 0.137451 -0.298096 -0.446045
v 0.135010 -0.302490 -0.441162
v 0.132568 -0.301025 -0.438721
v 0.143311 -0.293701 -0.463135
v 0.141846 -0.292236 -0.459229
v 0.143311 -0.292236 -0.446533
v 0.142822 -0.296631 -0.439209
v 0.141846 -0.292236 -0.443115
v 0.137451 -0.291748 -0.439697
v 0.142822 -0.300049 -0.435303
v 0.148193 -0.292236 -0.436279
v 0.124268 -0.365967 -0.434814
v 0.124268 -0.358643 -0.428467
v 0.000732 -0.369873 -0.490479
v 0.000732 -0.365479 -0.493896
v 0.002197 -0.366455 -0.435303
v 0.001709 -0.358643 -0.428955
v 0.124756 -0.299561 -0.433838
v 0.124756 -0.295166 -0.437256
v 0.000244 -0.296631 -0.494385
v 0.000732 -0.295166 -0.438721
v 0.000732 -0.299561 -0.434814
v 0.406494 -0.246338 -0.492432
v 0.411377 -0.238525 -0.492432
v 0.407959 -0.239014 -0.495361
v 0.410889 -0.237549 -0.443604
v 0.406006 -0.249268 -0.490479
v 0.406006 -0.246338 -0.444092
v 0.406494 -0.237549 -0.435303
v 0.403076 -0.248779 -0.435791
v 0.347412 -0.246338 -0.492432
v 0.346924 -0.248779 -0.490479
v 0.345947 -0.239014 -0.495361
v 0.347900 -0.246338 -0.445068
v 0.342529 -0.238525 -0.492432
v 0.343018 -0.237549 -0.443604
v 0.349365 -0.248779 -0.434814
v 0.347412 -0.237549 -0.436768
v 0.306396 -0.178467 -0.454834
v 0.306396 -0.182861 -0.448975
v 0.311768 -0.177979 -0.448975
v 0.253662 -0.137939 -0.441162
v 0.308350 -0.174561 -0.390869
v 0.302490 -0.179443 -0.390869
v 0.302490 -0.174072 -0.384521
v 0.291260 -0.169678 -0.386963
v 0.295166 -0.165771 -0.386963
v 0.251221 -0.150635 -0.381592
v 0.251221 -0.146240 -0.385986
v 0.250732 -0.151123 -0.344971
v 0.250732 -0.146729 -0.340576
v 0.285889 -0.165283 -0.283447
v 0.289795 -0.161865 -0.283447
v 0.411377 -0.104736 -0.492432
v 0.407959 -0.104736 -0.495361
v 0.406494 -0.097412 -0.492432
v 0.410889 -0.106201 -0.438721
v 0.402100 -0.095947 -0.489502
v 0.404053 -0.097412 -0.441162
v 0.399658 -0.096436 -0.440674
v 0.408936 -0.089111 -0.489502
v 0.409424 -0.087646 -0.439697
v 0.404541 -0.089111 -0.492920
v 0.406494 -0.106201 -0.429932
v 0.402100 -0.087646 -0.432373
v 0.406494 -0.056885 -0.493408
v 0.409912 -0.056885 -0.490967
v 0.408447 -0.056885 -0.437744
v 0.408936 -0.025146 -0.489502
v 0.411377 -0.008545 -0.489014
v 0.406982 -0.009033 -0.491943
v 0.407959 -0.026123 -0.439209
v 0.411865 -0.007080 -0.441650
v 0.404541 -0.024658 -0.492920
v 0.405518 -0.015869 -0.489014
v 0.402100 -0.018311 -0.489502
v 0.403564 -0.015869 -0.442139
v 0.397217 -0.017822 -0.442627
v 0.406006 -0.056885 -0.435303
v 0.403564 -0.026123 -0.435791
v 0.405518 -0.007080 -0.434326
v 0.345947 -0.104736 -0.495361
v 0.347412 -0.097412 -0.492432
v 0.350830 -0.095947 -0.489502
v 0.351318 -0.096436 -0.442627
v 0.347900 -0.097412 -0.439697
v 0.342529 -0.104736 -0.492432
v 0.342529 -0.098877 -0.460693
v 0.336670 -0.094971 -0.459717
v 0.343018 -0.105713 -0.438232
v 0.342529 -0.098877 -0.444092
v 0.336182 -0.094971 -0.443115
v 0.348389 -0.089111 -0.492920
v 0.343506 -0.089111 -0.489502
v 0.336182 -0.093018 -0.460693
v 0.343018 -0.088623 -0.459717
v 0.336670 -0.093018 -0.444092
v 0.342041 -0.088623 -0.443115
v 0.342041 -0.087646 -0.441162
v 0.347412 -0.105713 -0.432373
v 0.336670 -0.098877 -0.437256
v 0.349365 -0.087646 -0.433838
v 0.336182 -0.088623 -0.436279
v 0.304932 -0.097900 -0.454834
v 0.310303 -0.098389 -0.448975
v 0.254639 -0.110107 -0.437744
v 0.260986 -0.103760 -0.438721
v 0.254150 -0.103760 -0.444580
v 0.304932 -0.093506 -0.448975
v 0.294189 -0.111572 -0.386963
v 0.306885 -0.102295 -0.390869
v 0.301514 -0.097412 -0.390869
v 0.301025 -0.102783 -0.384521
v 0.290283 -0.107666 -0.386963
v 0.276123 -0.123779 -0.381592
v 0.271729 -0.123779 -0.385986
v 0.250732 -0.115479 -0.385986
v 0.255615 -0.110107 -0.390381
v 0.262451 -0.103760 -0.390381
v 0.256104 -0.103271 -0.383545
v 0.342529 -0.056885 -0.490967
v 0.343506 -0.056885 -0.438232
v 0.348389 -0.024658 -0.492920
v 0.343994 -0.025146 -0.489502
v 0.350830 -0.018311 -0.489502
v 0.347412 -0.015869 -0.489014
v 0.346436 -0.009033 -0.491943
v 0.344482 -0.025635 -0.440186
v 0.351807 -0.017822 -0.442139
v 0.347900 -0.015869 -0.443604
v 0.342041 -0.008545 -0.489014
v 0.343018 -0.007568 -0.442139
v 0.346924 -0.056885 -0.436279
v 0.351807 -0.040283 -0.437256
v 0.353271 -0.038818 -0.437256
v 0.352783 -0.054932 -0.384521
v 0.352783 -0.057373 -0.382080
v 0.355225 -0.054932 -0.382080
v 0.351807 -0.040283 -0.383057
v 0.353271 -0.038818 -0.383057
v 0.340576 -0.040283 -0.437256
v 0.339111 -0.038818 -0.437256
v 0.340576 -0.034912 -0.413818
v 0.340576 -0.034912 -0.397217
v 0.340576 -0.040283 -0.383057
v 0.339111 -0.038818 -0.383057
v 0.348877 -0.025635 -0.436768
v 0.352783 -0.016846 -0.437256
v 0.351318 -0.015381 -0.437256
v 0.347412 -0.007568 -0.435791
v 0.352783 -0.016846 -0.383057
v 0.351318 -0.015381 -0.383057
v 0.338623 -0.016846 -0.437256
v 0.340576 -0.020752 -0.413818
v 0.340088 -0.015381 -0.437256
v 0.340576 -0.020752 -0.397217
v 0.338623 -0.016846 -0.383057
v 0.340088 -0.015381 -0.383057
v 0.263428 -0.001709 -0.438721
v 0.256592 -0.001709 -0.445068
v 0.310791 -0.039307 -0.437256
v 0.309326 -0.040771 -0.437256
v 0.298096 -0.040771 -0.437256
v 0.307861 -0.034912 -0.413818
v 0.296631 -0.039307 -0.437256
v 0.297119 -0.055420 -0.384521
v 0.297119 -0.057861 -0.382080
v 0.294678 -0.055420 -0.382080
v 0.307861 -0.034912 -0.397217
v 0.310791 -0.039307 -0.383057
v 0.309326 -0.040771 -0.383057
v 0.298096 -0.040771 -0.383057
v 0.296631 -0.039307 -0.383057
v 0.310303 -0.017334 -0.437256
v 0.308838 -0.015869 -0.437256
v 0.297607 -0.015869 -0.437256
v 0.307861 -0.021240 -0.413818
v 0.296143 -0.017334 -0.437256
v 0.307861 -0.020752 -0.397217
v 0.310303 -0.017334 -0.383057
v 0.308838 -0.015869 -0.383057
v 0.297607 -0.015869 -0.383057
v 0.296143 -0.017334 -0.383057
v 0.264404 -0.002197 -0.390869
v 0.258545 -0.001221 -0.384033
v 0.276611 -0.123291 -0.344971
v 0.272217 -0.123291 -0.340576
v 0.250244 -0.116455 -0.340576
v 0.288818 -0.119385 -0.283447
v 0.284912 -0.115479 -0.283447
v 0.352783 -0.057373 -0.359619
v 0.355225 -0.054932 -0.359619
v 0.352783 -0.054932 -0.357178
v 0.297119 -0.057861 -0.359619
v 0.297119 -0.055420 -0.357178
v 0.294678 -0.055420 -0.359619
v 0.281494 -0.042236 -0.270752
v 0.278076 -0.042236 -0.274170
v 0.278076 -0.045166 -0.270752
v 0.267334 -0.042236 -0.274170
v 0.267334 -0.045166 -0.270752
v 0.285400 -0.165771 -0.216553
v 0.289307 -0.161865 -0.216553
v 0.253662 -0.153076 -0.191650
v 0.254150 -0.143799 -0.197510
v 0.256104 -0.147705 -0.193115
v 0.281006 -0.127197 -0.197510
v 0.277100 -0.125244 -0.201904
v 0.258057 -0.125732 -0.201416
v 0.281494 -0.141846 -0.166748
v 0.277588 -0.143799 -0.162354
v 0.270264 -0.147217 -0.161865
v 0.272217 -0.143311 -0.157959
v 0.258545 -0.144287 -0.162842
v 0.318604 -0.172607 -0.049561
v 0.322998 -0.172607 -0.045654
v 0.319092 -0.176514 -0.045166
v 0.329834 -0.165283 -0.041260
v 0.325928 -0.169678 -0.039795
v 0.323975 -0.165283 -0.044678
v 0.336182 -0.179443 -0.001709
v 0.343506 -0.172119 -0.006104
v 0.335693 -0.172607 -0.007568
v 0.339111 -0.169189 -0.010010
v 0.342041 -0.165283 -0.012451
v 0.341064 -0.165283 -0.005615
v 0.328857 -0.167725 -0.014404
v 0.328369 -0.171631 -0.004639
v 0.330811 -0.167725 -0.007080
v 0.329834 -0.167725 -0.000732
v 0.326904 -0.171631 -0.020264
v 0.325439 -0.171631 -0.013428
v 0.318115 -0.156494 -0.009521
v 0.285889 -0.180908 -0.054443
v 0.285889 -0.178955 -0.056396
v 0.287842 -0.178467 -0.054443
v 0.289307 -0.171631 -0.048096
v 0.293213 -0.167725 -0.048096
v 0.285400 -0.169189 -0.056396
v 0.287842 -0.171143 -0.054443
v 0.285889 -0.180908 -0.000244
v 0.287842 -0.178467 -0.000244
v 0.287842 -0.171143 -0.000244
v 0.253662 -0.166260 -0.050537
v 0.288330 -0.121338 -0.216553
v 0.284424 -0.117432 -0.216553
v 0.253662 -0.124756 -0.197021
v 0.271729 -0.124268 -0.157959
v 0.285400 -0.001221 -0.222900
v 0.285400 -0.013916 -0.210205
v 0.285400 -0.002197 -0.197998
v 0.281006 -0.001221 -0.226318
v 0.281006 -0.017822 -0.210205
v 0.281006 -0.002197 -0.194092
v 0.281494 -0.042236 -0.155029
v 0.278076 -0.045166 -0.155029
v 0.278076 -0.042236 -0.152100
v 0.267334 -0.045166 -0.155029
v 0.267334 -0.042236 -0.152100
v 0.328369 -0.123291 -0.041260
v 0.322998 -0.123291 -0.044678
v 0.324463 -0.119385 -0.040283
v 0.341064 -0.122803 -0.012939
v 0.337646 -0.118896 -0.010498
v 0.339600 -0.122803 -0.005615
v 0.344482 -0.078369 -0.008057
v 0.337158 -0.071533 -0.004150
v 0.334229 -0.071045 -0.002686
v 0.330811 -0.071045 -0.004150
v 0.340576 -0.063721 -0.006592
v 0.334717 -0.063721 -0.009521
v 0.292236 -0.121338 -0.048096
v 0.288330 -0.117432 -0.048096
v 0.275146 -0.030029 -0.050537
v 0.279053 -0.025146 -0.050537
v 0.256104 -0.030029 -0.050537
v 0.143311 -0.248779 -0.466553
v 0.143311 -0.235107 -0.463135
v 0.143311 -0.247314 -0.449951
v 0.143311 -0.234619 -0.446533
v 0.136963 -0.242920 -0.467041
v 0.137451 -0.241455 -0.462646
v 0.137451 -0.246338 -0.442627
v 0.130615 -0.244873 -0.447998
v 0.137451 -0.241455 -0.450439
v 0.137451 -0.240479 -0.446533
v 0.135498 -0.238037 -0.445068
v 0.137451 -0.234131 -0.439697
v 0.135986 -0.237061 -0.422119
v 0.130615 -0.243408 -0.421143
v 0.130127 -0.237061 -0.414795
v 0.231689 -0.179932 -0.454834
v 0.232178 -0.184326 -0.448975
v 0.226318 -0.179932 -0.448975
v 0.229248 -0.142822 -0.444092
v 0.235596 -0.180420 -0.390869
v 0.235596 -0.175537 -0.384521
v 0.229736 -0.176025 -0.390869
v 0.238525 -0.171143 -0.386963
v 0.234619 -0.167236 -0.386963
v 0.235107 -0.142334 -0.437256
v 0.228760 -0.146240 -0.437256
v 0.226807 -0.145752 -0.390381
v 0.233643 -0.141846 -0.390381
v 0.226807 -0.141846 -0.384033
v 0.166748 -0.173096 -0.439209
v 0.172119 -0.165771 -0.439209
v 0.166260 -0.167236 -0.444580
v 0.135498 -0.171143 -0.445068
v 0.132568 -0.171143 -0.447998
v 0.175049 -0.147705 -0.438721
v 0.175049 -0.143799 -0.445068
v 0.168213 -0.144287 -0.438721
v 0.172607 -0.164795 -0.385498
v 0.166748 -0.171631 -0.385498
v 0.166260 -0.165771 -0.379639
v 0.157471 -0.159424 -0.381592
v 0.135498 -0.170166 -0.417725
v 0.132568 -0.170166 -0.414795
v 0.129150 -0.160400 -0.381592
v 0.173584 -0.146729 -0.391846
v 0.173096 -0.142822 -0.385010
v 0.166748 -0.142822 -0.391846
v 0.156982 -0.148682 -0.385986
v 0.161377 -0.155029 -0.381592
v 0.156982 -0.153076 -0.381592
v 0.128662 -0.140869 -0.406006
v 0.128174 -0.139404 -0.403564
v 0.244873 -0.166748 -0.283447
v 0.240967 -0.162842 -0.283447
v 0.157471 -0.153564 -0.344971
v 0.157471 -0.149170 -0.340576
v 0.115479 -0.206787 -0.418213
v 0.118896 -0.202881 -0.416748
v 0.115479 -0.205811 -0.400146
v 0.118896 -0.201904 -0.400635
v 0.114990 -0.201904 -0.395752
v 0.118408 -0.169678 -0.416260
v 0.116455 -0.169678 -0.418213
v 0.116455 -0.169189 -0.415283
v 0.123291 -0.173584 -0.385498
v 0.118408 -0.168701 -0.397705
v 0.116455 -0.168701 -0.395752
v 0.124756 -0.167725 -0.379639
v 0.121826 -0.164795 -0.379639
v 0.116455 -0.167236 -0.385498
v 0.124756 -0.156006 -0.381592
v 0.098389 -0.142334 -0.406006
v 0.095947 -0.140869 -0.406006
v 0.093994 -0.142334 -0.406006
v 0.124268 -0.138428 -0.381592
v 0.095459 -0.138916 -0.406006
v 0.063721 -0.143799 -0.406006
v 0.059326 -0.143799 -0.406006
v 0.061279 -0.142334 -0.406006
v 0.061279 -0.140381 -0.406006
v 0.060791 -0.140381 -0.406006
v 0.029053 -0.145264 -0.406006
v 0.024658 -0.145264 -0.406006
v 0.026611 -0.143799 -0.406006
v 0.026611 -0.141846 -0.406006
v 0.068115 -0.146729 -0.344971
v 0.065674 -0.146729 -0.346436
v 0.062744 -0.146729 -0.346924
v 0.067139 -0.142334 -0.348389
v 0.070068 -0.142334 -0.346436
v 0.064209 -0.142334 -0.348877
v 0.070557 -0.146240 -0.340576
v 0.070557 -0.146729 -0.337646
v 0.072510 -0.142334 -0.341064
v 0.072510 -0.142334 -0.337158
v 0.068115 -0.146729 -0.333252
v 0.065674 -0.146729 -0.331787
v 0.062744 -0.146729 -0.331299
v 0.067139 -0.142822 -0.329834
v 0.070068 -0.142334 -0.331787
v 0.064209 -0.142822 -0.329346
v 0.100830 -0.157471 -0.297119
v 0.094971 -0.157959 -0.300537
v 0.104736 -0.156982 -0.291748
v 0.106201 -0.156982 -0.285889
v 0.104736 -0.156982 -0.279541
v 0.100830 -0.156982 -0.274170
v 0.093994 -0.159912 -0.273682
v 0.094482 -0.156982 -0.276123
v 0.094482 -0.157471 -0.270752
v 0.093994 -0.159912 -0.266846
v 0.094482 -0.156982 -0.264404
v 0.087646 -0.157959 -0.302002
v 0.080811 -0.158447 -0.300537
v 0.074463 -0.158936 -0.297119
v 0.070557 -0.158936 -0.291748
v 0.069092 -0.158936 -0.285889
v 0.092041 -0.161377 -0.274170
v 0.092529 -0.157959 -0.277588
v 0.092041 -0.162354 -0.270264
v 0.093506 -0.160889 -0.270264
v 0.092041 -0.161377 -0.265869
v 0.087646 -0.157959 -0.269287
v 0.083252 -0.161865 -0.274170
v 0.081299 -0.160400 -0.273682
v 0.082764 -0.158447 -0.277588
v 0.080811 -0.157959 -0.276123
v 0.083252 -0.162842 -0.270264
v 0.083252 -0.161865 -0.265869
v 0.081787 -0.161377 -0.270264
v 0.081299 -0.160400 -0.266846
v 0.080322 -0.157959 -0.270752
v 0.092529 -0.157471 -0.262939
v 0.082764 -0.158447 -0.262939
v 0.080811 -0.157471 -0.264404
v 0.074463 -0.158447 -0.274170
v 0.070557 -0.158936 -0.279541
v 0.111084 -0.150635 -0.294189
v 0.113037 -0.150635 -0.285889
v 0.105713 -0.151123 -0.301514
v 0.097412 -0.151611 -0.306396
v 0.100830 -0.145264 -0.297119
v 0.094971 -0.145752 -0.300537
v 0.099854 -0.151123 -0.290283
v 0.096924 -0.151611 -0.293701
v 0.100830 -0.151123 -0.285889
v 0.104736 -0.145264 -0.291748
v 0.106201 -0.144775 -0.285889
v 0.111084 -0.150635 -0.277100
v 0.105225 -0.150635 -0.269775
v 0.094971 -0.152588 -0.277100
v 0.099854 -0.151123 -0.281006
v 0.096924 -0.151123 -0.277588
v 0.104736 -0.144775 -0.279541
v 0.100342 -0.145264 -0.274170
v 0.096924 -0.140869 -0.279541
v 0.095459 -0.141357 -0.281006
v 0.094482 -0.145264 -0.270752
v 0.094971 -0.152588 -0.263428
v 0.096924 -0.151123 -0.264893
v 0.096924 -0.140869 -0.260986
v 0.095459 -0.140869 -0.259033
v 0.087646 -0.152100 -0.307861
v 0.087646 -0.152100 -0.297119
v 0.078369 -0.152588 -0.306396
v 0.087646 -0.146240 -0.302002
v 0.080811 -0.146240 -0.300537
v 0.093018 -0.151611 -0.296631
v 0.078369 -0.152588 -0.293701
v 0.082764 -0.152100 -0.296631
v 0.070068 -0.153076 -0.301514
v 0.074463 -0.146729 -0.297119
v 0.075439 -0.152588 -0.290283
v 0.074463 -0.152588 -0.285889
v 0.064209 -0.153076 -0.294189
v 0.070557 -0.146729 -0.291748
v 0.069092 -0.146729 -0.285889
v 0.093506 -0.153076 -0.278564
v 0.092529 -0.151611 -0.275146
v 0.087646 -0.151611 -0.274170
v 0.081787 -0.153564 -0.278564
v 0.082275 -0.152100 -0.275146
v 0.079834 -0.150146 -0.277100
v 0.087158 -0.145752 -0.269287
v 0.079346 -0.142334 -0.281006
v 0.080322 -0.146240 -0.270752
v 0.093506 -0.153076 -0.261475
v 0.087158 -0.151611 -0.263428
v 0.080322 -0.153564 -0.263428
v 0.081787 -0.153564 -0.261475
v 0.079346 -0.141846 -0.259033
v 0.075439 -0.152588 -0.281006
v 0.077881 -0.152100 -0.277588
v 0.064209 -0.153076 -0.277100
v 0.069580 -0.152588 -0.269775
v 0.074463 -0.146240 -0.274170
v 0.070557 -0.146729 -0.279541
v 0.077881 -0.142334 -0.279541
v 0.077881 -0.152100 -0.264893
v 0.077393 -0.142334 -0.260986
v 0.062256 -0.153076 -0.285889
v 0.229248 -0.109619 -0.443604
v 0.238037 -0.107666 -0.459717
v 0.244873 -0.094971 -0.462158
v 0.238037 -0.099365 -0.458740
v 0.238037 -0.107178 -0.443115
v 0.244385 -0.094971 -0.446045
v 0.238525 -0.099365 -0.442139
v 0.232178 -0.101807 -0.459717
v 0.230713 -0.099365 -0.454834
v 0.227295 -0.103271 -0.443115
v 0.231201 -0.094971 -0.448975
v 0.232178 -0.101318 -0.443604
v 0.225830 -0.099854 -0.448975
v 0.244385 -0.093018 -0.458740
v 0.238525 -0.089111 -0.462646
v 0.244385 -0.093018 -0.442627
v 0.243896 -0.089111 -0.439209
v 0.238037 -0.089111 -0.446045
v 0.235107 -0.109131 -0.437256
v 0.244385 -0.098877 -0.435303
v 0.232178 -0.107178 -0.436279
v 0.227295 -0.108643 -0.436768
v 0.240967 -0.124268 -0.385986
v 0.233643 -0.113037 -0.386963
v 0.234619 -0.098877 -0.390869
v 0.237549 -0.109131 -0.386963
v 0.235107 -0.103760 -0.384521
v 0.229248 -0.103760 -0.390869
v 0.233643 -0.108643 -0.390381
v 0.228760 -0.109131 -0.388428
v 0.226807 -0.108643 -0.383545
v 0.229248 -0.102295 -0.382080
v 0.174561 -0.110596 -0.445068
v 0.170654 -0.113525 -0.439209
v 0.168213 -0.110596 -0.438721
v 0.165283 -0.113037 -0.444580
v 0.165283 -0.106689 -0.439209
v 0.143311 -0.108643 -0.466553
v 0.141846 -0.107666 -0.459229
v 0.147705 -0.101807 -0.459229
v 0.143311 -0.108154 -0.450439
v 0.141846 -0.107666 -0.442627
v 0.147705 -0.101807 -0.443115
v 0.137451 -0.107666 -0.443115
v 0.173096 -0.109619 -0.385010
v 0.166748 -0.109619 -0.391846
v 0.156494 -0.117920 -0.385986
v 0.160889 -0.118896 -0.381592
v 0.171631 -0.114502 -0.385498
v 0.166748 -0.115967 -0.379639
v 0.163330 -0.112549 -0.379639
v 0.165283 -0.107666 -0.385498
v 0.147705 -0.107178 -0.435791
v 0.241943 -0.124268 -0.340576
v 0.239990 -0.120361 -0.283447
v 0.243896 -0.116455 -0.283447
v 0.156982 -0.118896 -0.340576
v 0.123779 -0.113525 -0.381592
v 0.121826 -0.114990 -0.379639
v 0.174072 -0.211182 -0.126221
v 0.173584 -0.197021 -0.135986
v 0.176514 -0.194092 -0.133545
v 0.156006 -0.211670 -0.126221
v 0.155518 -0.197510 -0.135986
v 0.152588 -0.195068 -0.133545
v 0.245850 -0.166748 -0.216553
v 0.241943 -0.163330 -0.216553
v 0.173096 -0.173584 -0.199951
v 0.172119 -0.170166 -0.203369
v 0.175537 -0.169678 -0.199951
v 0.156494 -0.170654 -0.208740
v 0.157471 -0.164795 -0.203369
v 0.161377 -0.160400 -0.203369
v 0.152100 -0.175049 -0.208740
v 0.155029 -0.174072 -0.199951
v 0.149658 -0.174561 -0.194580
v 0.126221 -0.174072 -0.209229
v 0.152588 -0.170654 -0.213135
v 0.155029 -0.170654 -0.203369
v 0.152100 -0.170654 -0.199951
v 0.154053 -0.170654 -0.193115
v 0.126221 -0.170166 -0.213135
v 0.129150 -0.165771 -0.203369
v 0.134033 -0.157959 -0.192139
v 0.168213 -0.146240 -0.203369
v 0.158447 -0.146729 -0.203369
v 0.169678 -0.146240 -0.199951
v 0.156982 -0.146729 -0.199951
v 0.128662 -0.140869 -0.209229
v 0.152100 -0.138916 -0.213135
v 0.156006 -0.138916 -0.208740
v 0.153076 -0.138916 -0.193604
v 0.125732 -0.139893 -0.213135
v 0.128174 -0.139404 -0.205811
v 0.173096 -0.174072 -0.182861
v 0.173096 -0.177979 -0.165283
v 0.176025 -0.174561 -0.164307
v 0.175537 -0.170654 -0.182373
v 0.173096 -0.185791 -0.149658
v 0.176025 -0.182373 -0.147705
v 0.155029 -0.174561 -0.182861
v 0.143799 -0.174561 -0.178467
v 0.155029 -0.178467 -0.165283
v 0.152100 -0.175537 -0.164307
v 0.135498 -0.174072 -0.163818
v 0.152100 -0.171143 -0.182373
v 0.147705 -0.170166 -0.177002
v 0.138916 -0.169678 -0.161377
v 0.155029 -0.186279 -0.149658
v 0.152100 -0.183350 -0.147705
v 0.127686 -0.169189 -0.147217
v 0.169678 -0.146240 -0.182373
v 0.156982 -0.146729 -0.182373
v 0.169678 -0.146240 -0.162842
v 0.156982 -0.146729 -0.162842
v 0.169678 -0.146240 -0.147705
v 0.156982 -0.146729 -0.147705
v 0.169678 -0.146240 -0.133545
v 0.156982 -0.146729 -0.133545
v 0.147217 -0.138916 -0.177002
v 0.138428 -0.138916 -0.161377
v 0.127197 -0.139404 -0.147217
v 0.219971 -0.230713 -0.101807
v 0.220459 -0.238525 -0.087646
v 0.224854 -0.230225 -0.090576
v 0.222900 -0.232178 -0.082764
v 0.211182 -0.235107 -0.104248
v 0.215576 -0.239014 -0.098877
v 0.205811 -0.228760 -0.115479
v 0.205322 -0.224854 -0.120361
v 0.209717 -0.224365 -0.116455
v 0.213623 -0.230713 -0.105713
v 0.205811 -0.228760 -0.099854
v 0.209717 -0.224365 -0.100342
v 0.206299 -0.224854 -0.095459
v 0.174561 -0.229248 -0.117432
v 0.177490 -0.224854 -0.117432
v 0.174561 -0.225830 -0.121338
v 0.174561 -0.229248 -0.096436
v 0.177490 -0.225830 -0.096436
v 0.156494 -0.229736 -0.116943
v 0.156494 -0.226318 -0.121338
v 0.156494 -0.229736 -0.096436
v 0.177979 -0.246826 -0.078369
v 0.175537 -0.242432 -0.084717
v 0.172119 -0.239502 -0.083252
v 0.181885 -0.246338 -0.069580
v 0.182373 -0.240479 -0.063721
v 0.174561 -0.240967 -0.067139
v 0.170654 -0.241455 -0.075928
v 0.168213 -0.238037 -0.070557
v 0.167236 -0.237549 -0.077393
v 0.174561 -0.225830 -0.093018
v 0.174561 -0.229248 -0.076416
v 0.175537 -0.230225 -0.069580
v 0.167236 -0.230713 -0.081787
v 0.156494 -0.226318 -0.092529
v 0.170166 -0.232178 -0.064209
v 0.153564 -0.225830 -0.116943
v 0.153564 -0.226318 -0.096436
v 0.133545 -0.231689 -0.093994
v 0.133057 -0.227783 -0.097900
v 0.133057 -0.231689 -0.077881
v 0.133545 -0.227783 -0.073975
v 0.177002 -0.209717 -0.122803
v 0.169678 -0.189697 -0.065674
v 0.158447 -0.192139 -0.077393
v 0.162354 -0.191650 -0.068604
v 0.153076 -0.210205 -0.122803
v 0.213623 -0.180908 -0.103760
v 0.218018 -0.180420 -0.094482
v 0.214111 -0.181885 -0.094482
v 0.210205 -0.182373 -0.102783
v 0.214111 -0.174561 -0.105713
v 0.218506 -0.174072 -0.097412
v 0.207275 -0.175537 -0.101807
v 0.215576 -0.180420 -0.086670
v 0.216553 -0.175537 -0.089111
v 0.211182 -0.175049 -0.092529
v 0.242432 -0.179932 -0.056396
v 0.242432 -0.181885 -0.054443
v 0.249268 -0.174561 -0.051514
v 0.244385 -0.172607 -0.048096
v 0.240479 -0.179443 -0.054443
v 0.239990 -0.172119 -0.054443
v 0.248779 -0.170166 -0.056396
v 0.242432 -0.170166 -0.056396
v 0.240479 -0.168701 -0.048096
v 0.242432 -0.181885 -0.000244
v 0.249268 -0.174561 -0.010010
v 0.240479 -0.179443 -0.000244
v 0.239990 -0.172119 -0.000244
v 0.249756 -0.157471 -0.025635
v 0.248779 -0.170166 -0.005127
v 0.247803 -0.127197 -0.056396
v 0.247803 -0.127197 -0.005127
v 0.172607 -0.182861 -0.063232
v 0.173584 -0.177002 -0.065674
v 0.162354 -0.184326 -0.080322
v 0.166748 -0.183838 -0.071533
v 0.164307 -0.184326 -0.071045
v 0.171143 -0.181885 -0.070557
v 0.168701 -0.183838 -0.062744
v 0.163818 -0.180420 -0.075439
v 0.169678 -0.177002 -0.073975
v 0.162842 -0.175049 -0.069092
v 0.141846 -0.179932 -0.063232
v 0.169678 -0.146240 -0.122803
v 0.169678 -0.146240 -0.117432
v 0.156982 -0.146729 -0.122803
v 0.156982 -0.146729 -0.117432
v 0.169678 -0.146240 -0.096436
v 0.156982 -0.146729 -0.096436
v 0.168213 -0.146240 -0.093018
v 0.158447 -0.146729 -0.093018
v 0.166748 -0.182373 -0.057373
v 0.171631 -0.177979 -0.057373
v 0.164307 -0.175537 -0.062256
v 0.175537 -0.166260 -0.010010
v 0.179443 -0.161865 -0.010010
v 0.148682 -0.184326 -0.051514
v 0.144287 -0.184326 -0.059814
v 0.142822 -0.180420 -0.056396
v 0.142822 -0.185303 -0.053467
v 0.149658 -0.177490 -0.052490
v 0.142334 -0.177490 -0.048584
v 0.143311 -0.185303 -0.045166
v 0.150635 -0.177979 -0.045654
v 0.150146 -0.177979 -0.044189
v 0.144287 -0.179443 -0.038818
v 0.138428 -0.177490 -0.056396
v 0.140869 -0.157471 -0.045166
v 0.134033 -0.158447 -0.045166
v 0.141846 -0.166748 -0.010010
v 0.137939 -0.162842 -0.010010
v 0.178955 -0.142334 -0.010010
v 0.145264 -0.153564 -0.045166
v 0.150146 -0.132568 -0.044189
v 0.148682 -0.125732 -0.046631
v 0.149170 -0.126221 -0.038330
v 0.143311 -0.126221 -0.032471
v 0.140381 -0.132080 -0.045654
v 0.137451 -0.143311 -0.010010
v 0.124268 -0.173584 -0.197021
v 0.122803 -0.170654 -0.209717
v 0.124756 -0.161377 -0.203369
v 0.119873 -0.169189 -0.197998
v 0.124268 -0.143311 -0.203369
v 0.121826 -0.141357 -0.187744
v 0.121338 -0.140381 -0.210205
v 0.119385 -0.140381 -0.197998
v 0.070557 -0.145752 -0.235107
v 0.072510 -0.141846 -0.235596
v 0.067139 -0.141846 -0.242432
v 0.064209 -0.141846 -0.242920
v 0.068115 -0.145752 -0.239014
v 0.065674 -0.146240 -0.240479
v 0.062744 -0.146240 -0.240967
v 0.070068 -0.141846 -0.240479
v 0.070557 -0.145752 -0.231689
v 0.072510 -0.141846 -0.231201
v 0.068115 -0.146240 -0.227783
v 0.065674 -0.146240 -0.226318
v 0.062744 -0.146240 -0.225830
v 0.070068 -0.141846 -0.226318
v 0.067139 -0.141846 -0.224365
v 0.064209 -0.142334 -0.223389
v 0.119873 -0.173096 -0.185791
v 0.113525 -0.172607 -0.174561
v 0.105713 -0.172119 -0.164795
v 0.096436 -0.172119 -0.156494
v 0.115967 -0.168701 -0.187256
v 0.110107 -0.168213 -0.177002
v 0.102295 -0.167725 -0.167725
v 0.124756 -0.173096 -0.150146
v 0.112061 -0.173096 -0.138428
v 0.097412 -0.173096 -0.129150
v 0.114502 -0.168701 -0.135010
v 0.099365 -0.169189 -0.125244
v 0.093506 -0.167725 -0.159912
v 0.085693 -0.172119 -0.149170
v 0.074463 -0.172607 -0.144287
v 0.063232 -0.173096 -0.141357
v 0.083740 -0.167725 -0.153076
v 0.072998 -0.168213 -0.148193
v 0.109619 -0.140869 -0.177002
v 0.111084 -0.141846 -0.169678
v 0.121826 -0.139404 -0.184326
v 0.115479 -0.140381 -0.187256
v 0.101807 -0.140381 -0.167725
v 0.098389 -0.142334 -0.156006
v 0.095947 -0.140869 -0.154053
v 0.095947 -0.140869 -0.153564
v 0.093994 -0.142334 -0.152100
v 0.114014 -0.139404 -0.135010
v 0.098877 -0.139893 -0.125244
v 0.093018 -0.140869 -0.159912
v 0.083252 -0.140869 -0.153076
v 0.079346 -0.143311 -0.141846
v 0.072510 -0.141357 -0.148193
v 0.063721 -0.143799 -0.136475
v 0.093506 -0.139404 -0.150146
v 0.056885 -0.172607 -0.140381
v 0.054443 -0.173584 -0.140381
v 0.035889 -0.174072 -0.140381
v 0.032959 -0.173584 -0.140381
v 0.062256 -0.168701 -0.145264
v 0.056396 -0.168701 -0.144287
v 0.053955 -0.168701 -0.144775
v 0.035889 -0.169678 -0.144775
v 0.033447 -0.169678 -0.144287
v 0.026611 -0.174561 -0.141357
v 0.015381 -0.175049 -0.144287
v 0.004150 -0.175537 -0.149658
v 0.027588 -0.170166 -0.145264
v 0.016846 -0.170654 -0.148193
v 0.006104 -0.171143 -0.153076
v 0.061768 -0.141846 -0.145264
v 0.055908 -0.142334 -0.144287
v 0.052979 -0.142334 -0.144775
v 0.059326 -0.143799 -0.135498
v 0.061279 -0.142334 -0.135498
v 0.035400 -0.142822 -0.144775
v 0.032959 -0.143311 -0.144287
v 0.058838 -0.140381 -0.133057
v 0.027100 -0.143311 -0.145264
v 0.016357 -0.143799 -0.148193
v 0.029053 -0.145264 -0.135498
v 0.024658 -0.145264 -0.136475
v 0.026611 -0.143799 -0.135498
v 0.026611 -0.141846 -0.134033
v 0.009033 -0.146240 -0.141846
v 0.005615 -0.144287 -0.153076
v 0.112549 -0.239990 -0.077393
v 0.113037 -0.240967 -0.070068
v 0.111084 -0.235107 -0.063721
v 0.100342 -0.242920 -0.079346
v 0.107178 -0.235596 -0.078369
v 0.098389 -0.238037 -0.083252
v 0.100342 -0.243896 -0.069580
v 0.107178 -0.236572 -0.068604
v 0.101318 -0.238525 -0.063721
v 0.109619 -0.233643 -0.081787
v 0.102295 -0.234131 -0.082764
v 0.102783 -0.233154 -0.075928
v 0.103271 -0.233643 -0.069092
v 0.077393 -0.188721 -0.055908
v 0.076904 -0.189209 -0.047607
v 0.065186 -0.190674 -0.058350
v 0.064697 -0.191162 -0.050049
v 0.047119 -0.246338 -0.079834
v 0.048096 -0.241455 -0.083740
v 0.047119 -0.247314 -0.070068
v 0.039307 -0.239990 -0.078857
v 0.043701 -0.238037 -0.083252
v 0.034912 -0.239990 -0.082764
v 0.033447 -0.246826 -0.077881
v 0.033447 -0.247314 -0.070068
v 0.040771 -0.239014 -0.077393
v 0.045166 -0.241943 -0.064209
v 0.040771 -0.239502 -0.069580
v 0.038818 -0.240967 -0.069092
v 0.034424 -0.241455 -0.063721
v 0.016357 -0.195557 -0.058838
v 0.015869 -0.195557 -0.050537
v 0.016357 -0.190674 -0.062256
v 0.002686 -0.195557 -0.058350
v 0.002197 -0.196045 -0.050049
v 0.009033 -0.188721 -0.058350
v 0.009521 -0.188232 -0.057861
v 0.008545 -0.189209 -0.050049
v 0.009033 -0.188232 -0.049561
v 0.003174 -0.191162 -0.061768
v 0.014404 -0.189697 -0.044189
v 0.002686 -0.190186 -0.043701
v 0.101807 -0.180908 -0.070068
v 0.096924 -0.180908 -0.074463
v 0.093994 -0.185303 -0.069092
v 0.100830 -0.177490 -0.068115
v 0.081787 -0.173584 -0.121826
v 0.067139 -0.174561 -0.117920
v 0.083252 -0.169678 -0.117920
v 0.068115 -0.170166 -0.113525
v 0.067627 -0.140869 -0.113525
v 0.082764 -0.140381 -0.117920
v 0.101807 -0.184814 -0.056396
v 0.101807 -0.181885 -0.060303
v 0.094482 -0.185791 -0.061768
v 0.095947 -0.182373 -0.054932
v 0.101318 -0.178467 -0.060791
v 0.102295 -0.158936 -0.045166
v 0.077393 -0.184326 -0.058838
v 0.072021 -0.182861 -0.057861
v 0.070557 -0.181885 -0.055420
v 0.071533 -0.183350 -0.049072
v 0.065186 -0.186279 -0.061768
v 0.075439 -0.183350 -0.041260
v 0.065186 -0.185303 -0.043701
v 0.070068 -0.182373 -0.046631
v 0.097412 -0.155518 -0.045166
v 0.096924 -0.133545 -0.045166
v 0.069092 -0.130615 -0.051514
v 0.070068 -0.130615 -0.049072
v 0.074951 -0.130127 -0.034912
v 0.069092 -0.130615 -0.043213
v 0.069580 -0.130615 -0.040771
v 0.062744 -0.131104 -0.037354
v 0.059326 -0.173584 -0.116455
v 0.056885 -0.175049 -0.116455
v 0.033447 -0.176025 -0.116455
v 0.059814 -0.170654 -0.113525
v 0.057373 -0.170654 -0.112061
v 0.032471 -0.171631 -0.112061
v 0.039307 -0.185303 -0.070068
v 0.038818 -0.184814 -0.074951
v 0.034424 -0.185303 -0.070557
v 0.030518 -0.175049 -0.116455
v 0.030029 -0.172119 -0.113525
v 0.022705 -0.176025 -0.117920
v 0.021729 -0.172119 -0.113525
v 0.008057 -0.177002 -0.121826
v 0.006592 -0.173096 -0.117920
v 0.059326 -0.141846 -0.113037
v 0.056396 -0.141357 -0.112061
v 0.031982 -0.142334 -0.112061
v 0.029541 -0.143311 -0.113037
v 0.021240 -0.142822 -0.113525
v 0.005615 -0.143799 -0.117920
v 0.039307 -0.185791 -0.062256
v 0.040283 -0.186279 -0.055420
v 0.034424 -0.186279 -0.060791
v 0.033447 -0.185791 -0.056396
v 0.033936 -0.165771 -0.004639
v 0.030029 -0.165283 -0.008057
v 0.030518 -0.169678 -0.004639
v 0.009521 -0.166260 -0.008057
v 0.009521 -0.170166 -0.004639
v 0.005615 -0.166748 -0.004639
v 0.032959 -0.136963 -0.004639
v 0.008057 -0.135010 -0.052002
v 0.006592 -0.136475 -0.052002
v 0.011963 -0.135986 -0.037842
v 0.006104 -0.136475 -0.043701
v 0.007568 -0.135010 -0.043701
v 0.001221 -0.135010 -0.037354
v 0.029541 -0.136963 -0.008057
v 0.008545 -0.137451 -0.008057
v 0.004639 -0.137939 -0.004639
v 0.244873 -0.118408 -0.216553
v 0.241455 -0.122314 -0.216553
v 0.160889 -0.124268 -0.203369
v 0.204346 -0.121826 -0.104736
v 0.208740 -0.121338 -0.096436
v 0.199463 -0.121826 -0.116455
v 0.195068 -0.122314 -0.120361
v 0.199463 -0.121826 -0.100342
v 0.196045 -0.122314 -0.095459
v 0.206299 -0.121338 -0.088135
v 0.243408 -0.118408 -0.048096
v 0.239502 -0.122314 -0.048096
v 0.166260 -0.123779 -0.072021
v 0.170654 -0.123779 -0.063721
v 0.125732 -0.124756 -0.097900
v 0.126709 -0.124756 -0.073975
v 0.168213 -0.123779 -0.055420
v 0.147217 -0.123779 -0.043701
v 0.135010 -0.124268 -0.054443
v 0.139404 -0.124268 -0.046631
v 0.120850 -0.117432 -0.210205
v 0.123779 -0.113037 -0.210205
v 0.118896 -0.117432 -0.197998
v 0.114990 -0.117920 -0.187256
v 0.109131 -0.117920 -0.177002
v 0.101318 -0.117920 -0.167725
v 0.092529 -0.118408 -0.159912
v 0.082764 -0.118896 -0.153076
v 0.072021 -0.118896 -0.148193
v 0.061279 -0.119385 -0.145264
v 0.055420 -0.119873 -0.143799
v 0.052490 -0.119873 -0.144775
v 0.034912 -0.120850 -0.144775
v 0.032471 -0.120361 -0.143799
v 0.026611 -0.120850 -0.145264
v 0.015869 -0.121338 -0.148193
v 0.005127 -0.121826 -0.153076
v 0.353271 -0.172119 0.010010
v 0.346436 -0.179443 0.014893
v 0.350342 -0.172119 0.018311
v 0.276123 -0.178955 0.061768
v 0.266846 -0.178955 0.052002
v 0.263428 -0.175537 0.053955
v 0.284912 -0.176025 0.078369
v 0.282471 -0.176514 0.086182
v 0.269287 -0.184326 0.070557
v 0.275146 -0.177979 0.064697
v 0.278076 -0.175049 0.064209
v 0.267334 -0.177002 0.063232
v 0.273193 -0.175049 0.063721
v 0.278564 -0.182373 0.084717
v 0.264404 -0.179443 0.066162
v 0.354248 -0.078369 0.008057
v 0.350830 -0.078369 0.015869
v 0.346924 -0.071533 0.011963
v 0.347412 -0.063721 0.009033
v 0.339600 -0.071045 0.012939
v 0.343506 -0.063721 0.016846
v 0.268799 -0.122314 0.056396
v 0.273193 -0.110596 0.058350
v 0.269287 -0.111084 0.057861
v 0.259033 -0.122803 0.056885
v 0.261963 -0.117432 0.059814
v 0.277588 -0.103760 0.053955
v 0.273682 -0.073975 0.054443
v 0.275635 -0.077393 0.056885
v 0.270752 -0.077393 0.056885
v 0.266846 -0.065186 0.055420
v 0.264404 -0.073975 0.044678
v 0.257568 -0.068604 0.043213
v 0.261475 -0.077393 0.047119
v 0.265381 -0.068604 0.052979
v 0.282471 -0.109619 0.069092
v 0.286865 -0.102783 0.065674
v 0.283936 -0.104736 0.072510
v 0.279053 -0.120850 0.070068
v 0.276123 -0.120361 0.077393
v 0.279541 -0.110596 0.071533
v 0.271240 -0.115967 0.074463
v 0.271240 -0.043213 0.046143
v 0.281006 -0.042725 0.057861
v 0.273193 -0.035400 0.061279
v 0.264893 -0.036377 0.050049
v 0.261475 -0.036377 0.049561
v 0.258057 -0.032471 0.052002
v 0.273682 -0.025635 0.060791
v 0.263916 -0.025635 0.047607
v 0.277588 -0.040771 0.064697
v 0.268311 -0.031982 0.064209
v 0.265869 -0.032471 0.066162
v 0.270264 -0.026611 0.068604
v 0.208740 -0.191650 0.121826
v 0.205811 -0.189209 0.123291
v 0.205811 -0.187256 0.118896
v 0.220459 -0.126709 0.119385
v 0.209717 -0.126221 0.118896
v 0.179443 -0.176025 0.099854
v 0.179443 -0.172119 0.094482
v 0.179443 -0.176025 0.119873
v 0.178467 -0.131104 0.094482
v 0.219971 -0.191650 0.133545
v 0.225342 -0.198486 0.152588
v 0.231689 -0.191650 0.145264
v 0.230225 -0.190674 0.154541
v 0.213135 -0.198486 0.140381
v 0.211182 -0.190186 0.132080
v 0.217041 -0.190186 0.133057
v 0.214600 -0.187744 0.135010
v 0.207275 -0.193115 0.135498
v 0.156982 -0.206299 0.208740
v 0.172607 -0.198486 0.202393
v 0.180420 -0.197021 0.218018
v 0.177002 -0.199463 0.212646
v 0.176514 -0.193115 0.205322
v 0.165283 -0.199951 0.201904
v 0.161865 -0.197021 0.190674
v 0.158447 -0.197021 0.198486
v 0.168213 -0.193115 0.206299
v 0.172607 -0.205322 0.221924
v 0.177979 -0.197998 0.225830
v 0.149658 -0.200439 0.202881
v 0.155518 -0.192139 0.191650
v 0.218018 -0.186768 0.135010
v 0.211670 -0.176514 0.126709
v 0.232178 -0.126221 0.130615
v 0.175537 -0.166748 0.130127
v 0.179443 -0.162842 0.126221
v 0.141846 -0.167725 0.164795
v 0.137939 -0.163818 0.168701
v 0.134033 -0.157959 0.167236
v 0.178955 -0.143311 0.126221
v 0.137451 -0.144287 0.168701
v 0.156006 -0.126709 0.184326
v 0.162842 -0.125244 0.190186
v 0.042725 -0.190186 0.023193
v 0.042725 -0.190186 0.048096
v 0.046143 -0.185791 0.023193
v 0.042236 -0.185791 0.018799
v 0.033936 -0.169678 0.021240
v 0.046143 -0.185791 0.048096
v 0.042236 -0.185791 0.052490
v 0.031982 -0.180908 0.052490
v 0.034912 -0.178467 0.052490
v 0.030518 -0.173584 0.021240
v 0.009521 -0.174072 0.021240
v 0.005615 -0.170654 0.021240
v 0.012451 -0.181885 0.052490
v 0.009033 -0.179443 0.052490
v 0.015869 -0.158936 0.048584
v 0.008545 -0.169678 0.051025
v 0.008545 -0.166748 0.049561
v 0.008545 -0.169678 0.058350
v 0.008545 -0.166748 0.061279
v 0.004639 -0.169678 0.049561
v 0.008545 -0.159424 0.061279
v 0.044678 -0.143799 0.023193
v 0.040771 -0.143799 0.018799
v 0.032959 -0.136963 0.021240
v 0.044678 -0.143799 0.048096
v 0.040771 -0.143799 0.052490
v 0.032959 -0.131104 0.052490
v 0.004639 -0.137939 0.021240
v 0.008057 -0.156006 0.052490
v 0.007080 -0.132080 0.052490
v 0.009033 -0.165283 0.098877
v 0.011963 -0.166260 0.107178
v 0.013916 -0.164307 0.105713
v 0.009033 -0.167236 0.101807
v 0.008545 -0.167236 0.107178
v 0.009521 -0.165771 0.108643
v 0.009033 -0.160400 0.098877
v 0.013916 -0.160400 0.105713
v 0.008057 -0.165283 0.110107
v 0.008057 -0.164307 0.110107
v 0.007568 -0.160400 0.110107
v 0.087646 -0.158936 0.153564
v 0.063721 -0.159912 0.153564
v 0.088135 -0.154053 0.148193
v 0.092529 -0.154053 0.152100
v 0.062744 -0.155029 0.148193
v 0.088135 -0.138916 0.148193
v 0.092041 -0.138916 0.152100
v 0.087646 -0.159424 0.233643
v 0.080811 -0.160889 0.232178
v 0.080811 -0.156982 0.227783
v 0.066162 -0.157471 0.233643
v 0.092529 -0.154541 0.233643
v 0.092041 -0.139404 0.233643
v 0.080322 -0.138916 0.227783
v 0.065674 -0.136963 0.233643
v 0.031982 -0.180908 0.140381
v 0.034912 -0.177979 0.140381
v 0.031494 -0.180420 0.147217
v 0.032959 -0.177490 0.143311
v 0.034912 -0.177490 0.146240
v 0.033447 -0.177002 0.158447
v 0.030518 -0.180420 0.146240
v 0.031006 -0.178955 0.143311
v 0.012451 -0.181396 0.139893
v 0.009033 -0.178955 0.139893
v 0.011475 -0.181396 0.146240
v 0.010986 -0.181396 0.154053
v 0.012451 -0.179443 0.143311
v 0.010498 -0.178467 0.143311
v 0.008057 -0.178955 0.146240
v 0.007568 -0.178955 0.153564
v 0.009521 -0.165283 0.147217
v 0.009033 -0.167236 0.150146
v 0.011475 -0.167236 0.154541
v 0.008545 -0.167236 0.155518
v 0.009033 -0.160400 0.147217
v 0.030518 -0.179932 0.157471
v 0.025146 -0.179932 0.170654
v 0.016357 -0.179932 0.183838
v 0.028076 -0.177002 0.172119
v 0.018311 -0.177002 0.186279
v 0.008057 -0.181396 0.162842
v 0.002686 -0.181396 0.171143
v 0.004639 -0.178955 0.161377
v 0.015869 -0.158936 0.177490
v 0.013428 -0.165283 0.156494
v 0.007080 -0.165283 0.157959
v 0.007080 -0.160400 0.157959
v 0.000244 -0.165771 0.178467
v 0.058350 -0.155029 0.152100
v 0.058350 -0.139893 0.148193
v 0.032959 -0.130615 0.140381
v 0.032959 -0.130615 0.146240
v 0.008057 -0.155518 0.143311
v 0.031006 -0.131104 0.143311
v 0.007080 -0.131592 0.139893
v 0.008545 -0.131592 0.143311
v 0.006104 -0.131592 0.145752
v 0.006104 -0.155518 0.156494
v 0.031006 -0.130615 0.158447
v 0.025635 -0.130615 0.172119
v 0.016357 -0.130615 0.185791
v 0.004150 -0.131592 0.156982
v 0.004150 -0.180420 0.195068
v 0.006104 -0.177979 0.197510
v 0.030029 -0.160889 0.233643
v 0.024658 -0.156494 0.233643
v 0.003662 -0.131104 0.197510
v 0.021729 -0.138428 0.233643
v 0.207764 -0.117432 0.106689
v 0.213623 -0.118408 0.123291
v 0.209229 -0.120850 0.123779
v 0.216064 -0.116455 0.115967
v 0.217529 -0.113037 0.117432
v 0.207764 -0.112061 0.120850
v 0.200439 -0.122314 0.111572
v 0.198975 -0.124756 0.114990
v 0.223389 -0.071533 0.121338
v 0.212158 -0.071533 0.111572
v 0.218506 -0.064697 0.124756
v 0.206787 -0.064697 0.115967
v 0.202393 -0.064209 0.117432
v 0.220459 -0.056396 0.122314
v 0.210693 -0.057861 0.111572
v 0.210205 -0.031982 0.108154
v 0.212158 -0.035400 0.110596
v 0.201904 -0.032471 0.098877
v 0.203857 -0.031006 0.109131
v 0.205322 -0.027588 0.111084
v 0.195068 -0.031006 0.099365
v 0.231201 -0.124756 0.139893
v 0.225830 -0.118408 0.135010
v 0.218994 -0.112061 0.130615
v 0.211182 -0.123291 0.126221
v 0.211670 -0.118408 0.135986
v 0.207275 -0.123779 0.125732
v 0.216553 -0.113037 0.137451
v 0.200439 -0.117920 0.126709
v 0.221436 -0.070068 0.127686
v 0.212158 -0.062744 0.128174
v 0.157959 -0.118896 0.176025
v 0.168213 -0.115479 0.183838
v 0.163330 -0.109619 0.181885
v 0.154053 -0.113525 0.186279
v 0.151611 -0.116455 0.184814
v 0.142334 -0.115967 0.176514
v 0.177490 -0.119385 0.189209
v 0.173096 -0.123779 0.198486
v 0.176514 -0.124268 0.204346
v 0.174072 -0.124268 0.213135
v 0.169189 -0.118408 0.189697
v 0.167236 -0.114990 0.197998
v 0.168213 -0.117920 0.207275
v 0.174561 -0.108154 0.192139
v 0.171143 -0.108154 0.199463
v 0.153564 -0.119385 0.195557
v 0.146240 -0.124268 0.188232
v 0.155029 -0.116455 0.188232
v 0.216553 -0.056885 0.129639
v 0.192139 -0.000244 0.168213
v 0.158936 -0.060791 0.178955
v 0.157471 -0.057861 0.177002
v 0.173584 -0.035889 0.182373
v 0.162354 -0.037842 0.172119
v 0.144287 -0.060791 0.167725
v 0.147705 -0.058350 0.168701
v 0.153564 -0.059814 0.177002
v 0.155029 -0.056885 0.178467
v 0.167236 -0.030029 0.183838
v 0.164795 -0.029053 0.187256
v 0.158936 -0.023682 0.173584
v 0.168213 -0.022217 0.184814
v 0.154053 -0.030518 0.176514
v 0.150146 -0.030518 0.179443
v 0.170654 -0.034424 0.189209
v 0.159912 -0.028564 0.190674
v 0.163330 -0.022217 0.192139
v 0.104248 -0.110107 0.249756
v 0.095947 -0.115479 0.243896
v 0.092041 -0.120850 0.242432
v 0.091064 -0.119873 0.247314
v 0.093506 -0.111084 0.240479
v 0.109131 -0.080811 0.245361
v 0.109619 -0.063721 0.236084
v 0.099365 -0.073486 0.249268
v 0.102295 -0.070068 0.242920
v 0.120850 -0.060791 0.247314
v 0.101807 -0.025635 0.233154
v 0.106201 -0.031006 0.238037
v 0.104248 -0.028564 0.235596
v 0.103271 -0.022705 0.234619
v 0.093506 -0.030029 0.226318
v 0.092041 -0.027100 0.223877
v 0.113037 -0.208252 0.278564
v 0.116943 -0.203369 0.281006
v 0.098389 -0.208740 0.264893
v 0.094482 -0.203857 0.261475
v 0.106201 -0.203857 0.277588
v 0.099854 -0.201416 0.274170
v 0.116943 -0.203857 0.288330
v 0.109619 -0.203857 0.281494
v 0.112549 -0.210205 0.297607
v 0.097900 -0.210693 0.283936
v 0.120361 -0.201904 0.293701
v 0.117920 -0.202881 0.301514
v 0.093506 -0.204346 0.266846
v 0.091064 -0.204346 0.278076
v 0.064697 -0.219971 0.357666
v 0.069092 -0.217529 0.363525
v 0.067139 -0.218018 0.372803
v 0.051514 -0.219482 0.344482
v 0.061279 -0.226318 0.368408
v 0.043701 -0.226318 0.352295
v 0.035400 -0.218994 0.344971
v 0.043701 -0.213623 0.335205
v 0.044189 -0.216064 0.340088
v 0.040283 -0.209229 0.331787
v 0.039307 -0.209717 0.337158
v 0.057373 -0.214111 0.349365
v 0.061279 -0.209229 0.352295
v 0.053955 -0.209717 0.352295
v 0.080811 -0.160889 0.254150
v 0.080811 -0.156982 0.259033
v 0.109619 -0.144775 0.253662
v 0.117920 -0.142822 0.266846
v 0.112549 -0.142822 0.275146
v 0.099854 -0.151123 0.260010
v 0.108154 -0.149170 0.273193
v 0.118896 -0.132080 0.276123
v 0.113525 -0.125244 0.281006
v 0.108643 -0.133057 0.267822
v 0.101807 -0.135986 0.265869
v 0.100342 -0.126221 0.272705
v 0.122314 -0.132568 0.281494
v 0.119385 -0.131104 0.288818
v 0.114014 -0.125244 0.283447
v 0.080322 -0.138916 0.259033
v 0.092529 -0.133057 0.269287
v 0.042236 -0.145264 0.311768
v 0.055908 -0.140869 0.323486
v 0.053955 -0.144287 0.322510
v 0.060303 -0.126221 0.332764
v 0.052979 -0.126221 0.333252
v 0.039307 -0.129150 0.316162
v 0.038330 -0.128174 0.321045
v 0.002686 -0.239502 0.423584
v 0.016357 -0.221924 0.428955
v 0.011963 -0.227295 0.426514
v 0.007568 -0.233643 0.422607
v 0.008545 -0.221924 0.429443
v 0.003662 -0.218506 0.419678
v 0.004639 -0.214600 0.419189
v 0.010010 -0.214600 0.424561
v 0.010986 -0.214600 0.432373
v 0.005615 -0.218018 0.426025
v 0.006592 -0.218018 0.432373
v 0.000244 -0.237061 0.482178
v 0.003174 -0.217529 0.445557
v 0.007568 -0.214111 0.447021
v 0.114014 -0.117432 0.259033
v 0.109619 -0.113525 0.254639
v 0.106689 -0.117432 0.260010
v 0.103760 -0.114014 0.256104
v 0.106201 -0.106689 0.250732
v 0.117920 -0.078857 0.258545
v 0.113525 -0.067139 0.254150
v 0.112549 -0.076904 0.265869
v 0.108154 -0.071533 0.262451
v 0.064209 -0.118896 0.340088
v 0.065674 -0.114990 0.336182
v 0.073486 -0.108154 0.327393
v 0.070068 -0.108154 0.336670
v 0.055908 -0.067627 0.309326
v 0.053467 -0.065186 0.306885
v 0.042236 -0.067139 0.296631
v 0.052490 -0.118896 0.323486
v 0.048584 -0.119385 0.322998
v 0.060791 -0.111572 0.315674
v 0.056396 -0.122314 0.328369
v 0.060303 -0.117920 0.333252
v 0.055908 -0.110107 0.340576
v 0.043213 -0.124268 0.317627
v 0.041260 -0.123291 0.320557
v 0.031982 -0.119873 0.323486
v 0.039795 -0.111572 0.327393
v 0.062256 -0.117432 0.348389
v 0.116943 -0.060791 0.255615
v 0.066650 -0.025146 0.309326
v 0.065674 -0.008545 0.304932
v 0.062744 -0.022705 0.317139
v 0.055420 -0.059326 0.307861
v 0.057373 -0.055908 0.309326
v 0.042725 -0.061279 0.298584
v 0.053467 -0.028564 0.297119
v 0.044189 -0.021240 0.301514
v 0.045166 -0.016846 0.300537
v 0.053955 -0.010986 0.293213
v 0.059814 -0.014404 0.309814
v 0.057373 -0.017822 0.314209
v 0.056885 -0.014404 0.313232
v 0.061768 -0.008545 0.312744
v 0.003662 -0.016846 0.368408
v 0.001221 -0.014404 0.365479
v 0.002686 -0.008545 0.363037
v 0.004639 -0.005127 0.364014
v 0.005615 -0.111084 0.388916
v 0.010498 -0.115479 0.394287
v 0.009521 -0.111572 0.391846
v 0.002686 -0.115479 0.394775
v 0.011475 -0.107666 0.392822
v 0.006104 -0.090088 0.389404
v 0.004639 -0.089111 0.389404
v 0.002197 -0.084717 0.390381
v 0.006104 -0.080811 0.386475
v 0.008057 -0.089111 0.396240
v 0.003174 -0.084229 0.394287
v 0.007568 -0.079346 0.393311
v 0.003174 -0.077393 0.406006
v 0.003662 -0.087158 0.409424
v -0.006104 -0.364014 -0.490479
v -0.009033 -0.361572 -0.490967
v -0.015869 -0.362061 -0.493896
v -0.015869 -0.364014 -0.490967
v -0.016846 -0.362061 -0.439209
v -0.009033 -0.359131 -0.441650
v -0.006592 -0.358643 -0.436768
v -0.016846 -0.358643 -0.433350
v -0.110107 -0.361084 -0.493896
v -0.110107 -0.363525 -0.490967
v -0.116943 -0.360596 -0.490967
v -0.120361 -0.364014 -0.490967
v -0.121826 -0.359619 -0.487061
v -0.109131 -0.361084 -0.440186
v -0.119385 -0.360107 -0.439209
v -0.116943 -0.358154 -0.442139
v -0.109131 -0.358154 -0.434326
v -0.000244 -0.301514 -0.497314
v -0.007080 -0.302979 -0.493896
v -0.015381 -0.297119 -0.495361
v -0.009033 -0.299072 -0.491943
v -0.015869 -0.293701 -0.492432
v -0.007080 -0.301025 -0.440186
v -0.009033 -0.300049 -0.441650
v -0.016357 -0.294189 -0.439697
v -0.033936 -0.299561 -0.461182
v -0.045654 -0.298096 -0.460693
v -0.033936 -0.298096 -0.445068
v -0.045654 -0.298096 -0.444092
v -0.040283 -0.293701 -0.461670
v -0.039307 -0.292236 -0.460693
v -0.033936 -0.291748 -0.438721
v -0.039795 -0.292236 -0.445557
v -0.039795 -0.292236 -0.444092
v -0.034424 -0.252686 -0.447998
v -0.016357 -0.297607 -0.436279
v -0.045654 -0.292725 -0.436768
v -0.034424 -0.251709 -0.421143
v -0.117920 -0.301514 -0.494873
v -0.124268 -0.299072 -0.498291
v -0.117432 -0.298584 -0.491943
v -0.110596 -0.296631 -0.495361
v -0.110596 -0.293213 -0.492432
v -0.124756 -0.294678 -0.495361
v -0.117920 -0.302490 -0.441650
v -0.117432 -0.299072 -0.442627
v -0.110107 -0.293701 -0.440674
v -0.109619 -0.297119 -0.436768
v -0.127197 -0.368408 -0.490479
v -0.126709 -0.364014 -0.494385
v -0.128174 -0.365479 -0.436768
v -0.127686 -0.358154 -0.430420
v -0.155029 -0.298584 -0.462646
v -0.155518 -0.298584 -0.446045
v -0.125244 -0.295166 -0.440674
v -0.155518 -0.292725 -0.439209
v -0.165771 -0.300537 -0.463135
v -0.165771 -0.301025 -0.446533
v -0.159424 -0.294678 -0.462646
v -0.161377 -0.292725 -0.462646
v -0.159912 -0.295166 -0.446533
v -0.161377 -0.292725 -0.446045
v -0.165771 -0.295654 -0.439209
v -0.179443 -0.263428 -0.445068
v -0.125244 -0.300049 -0.436768
v -0.154541 -0.251221 -0.392334
v -0.171631 -0.270752 -0.411377
v -0.175049 -0.267334 -0.414307
v -0.157959 -0.250244 -0.411377
v -0.169189 -0.273193 -0.392334
v -0.172119 -0.270752 -0.387451
v -0.196533 -0.274658 -0.445068
v -0.217041 -0.279053 -0.445068
v -0.237549 -0.275146 -0.445068
v -0.192627 -0.284912 -0.411377
v -0.217041 -0.289795 -0.411377
v -0.217041 -0.285400 -0.413818
v -0.191162 -0.288330 -0.392334
v -0.192627 -0.284424 -0.387451
v -0.216553 -0.293701 -0.392334
v -0.216553 -0.289795 -0.387451
v -0.241455 -0.285400 -0.411377
v -0.242920 -0.288818 -0.392334
v -0.240967 -0.284912 -0.387451
v -0.194092 -0.280518 -0.414307
v -0.239502 -0.281006 -0.413818
v -0.155518 -0.250732 -0.364502
v -0.155518 -0.250732 -0.324951
v -0.169678 -0.272705 -0.364502
v -0.169678 -0.272705 -0.324951
v -0.172119 -0.270264 -0.328369
v -0.171631 -0.270752 -0.307861
v -0.174561 -0.267822 -0.305908
v -0.177490 -0.264893 -0.288330
v -0.179443 -0.262939 -0.285889
v -0.177490 -0.251709 -0.294678
v -0.187256 -0.255615 -0.294189
v -0.186768 -0.255615 -0.285889
v -0.191162 -0.287354 -0.364502
v -0.216553 -0.292236 -0.364502
v -0.192627 -0.283936 -0.328369
v -0.191162 -0.287354 -0.324951
v -0.216553 -0.288818 -0.328369
v -0.216553 -0.292725 -0.324951
v -0.242432 -0.287354 -0.364502
v -0.240967 -0.284424 -0.328369
v -0.242432 -0.287842 -0.324951
v -0.192139 -0.284424 -0.307861
v -0.216553 -0.289307 -0.307861
v -0.216553 -0.285400 -0.305908
v -0.240967 -0.284912 -0.307861
v -0.194092 -0.280518 -0.305908
v -0.195557 -0.276611 -0.288330
v -0.196533 -0.274658 -0.285889
v -0.216553 -0.281006 -0.288330
v -0.216553 -0.278564 -0.285889
v -0.216553 -0.268311 -0.294189
v -0.216553 -0.268311 -0.285889
v -0.200439 -0.264893 -0.294189
v -0.200439 -0.264893 -0.285889
v -0.239502 -0.281006 -0.305908
v -0.238037 -0.277100 -0.288330
v -0.237061 -0.274658 -0.285889
v -0.233154 -0.264893 -0.294189
v -0.233154 -0.264893 -0.285889
v -0.246826 -0.256104 -0.294189
v -0.246826 -0.256104 -0.285889
v -0.239014 -0.437744 -0.041748
v -0.233643 -0.446533 -0.002686
v -0.238037 -0.445557 -0.022705
v -0.234619 -0.442627 -0.022217
v -0.237061 -0.449463 -0.002686
v -0.240479 -0.411865 -0.073975
v -0.237061 -0.409912 -0.071533
v -0.240967 -0.394775 -0.085205
v -0.237061 -0.392822 -0.082764
v -0.240967 -0.375732 -0.093018
v -0.236084 -0.386475 -0.071045
v -0.237549 -0.384521 -0.067139
v -0.241943 -0.383545 -0.065186
v -0.239990 -0.426514 -0.059326
v -0.236572 -0.424072 -0.057373
v -0.235596 -0.434814 -0.040771
v -0.234619 -0.423096 -0.034424
v -0.235107 -0.413330 -0.048584
v -0.236572 -0.419678 -0.032471
v -0.237061 -0.410400 -0.046143
v -0.241455 -0.408447 -0.044678
v -0.233643 -0.429443 -0.018311
v -0.232666 -0.432861 -0.001221
v -0.235596 -0.426025 -0.016846
v -0.239990 -0.423584 -0.015869
v -0.234619 -0.428955 -0.000732
v -0.239014 -0.426514 -0.000244
v -0.240479 -0.417725 -0.031006
v -0.235596 -0.401123 -0.061279
v -0.237549 -0.398682 -0.057861
v -0.241943 -0.397217 -0.055908
v -0.234131 -0.383545 -0.044678
v -0.229248 -0.377197 -0.044678
v -0.230713 -0.375732 -0.035889
v -0.231201 -0.375244 -0.034424
v -0.248291 -0.383057 -0.052002
v -0.236572 -0.379150 -0.052002
v -0.241943 -0.382080 -0.052002
v -0.240967 -0.387451 -0.044678
v -0.241455 -0.385010 -0.035889
v -0.241455 -0.384033 -0.034424
v -0.248291 -0.387939 -0.044678
v -0.248291 -0.385986 -0.035889
v -0.248291 -0.384521 -0.034424
v -0.235107 -0.381592 -0.035889
v -0.235596 -0.380615 -0.034424
v -0.040771 -0.254150 -0.073486
v -0.044189 -0.254639 -0.065674
v -0.087158 -0.250732 -0.094482
v -0.237549 -0.355225 -0.094482
v -0.240967 -0.355225 -0.097412
v -0.237549 -0.374756 -0.090576
v -0.236084 -0.370361 -0.077393
v -0.238037 -0.369385 -0.073486
v -0.241943 -0.368408 -0.071045
v -0.236084 -0.353760 -0.080811
v -0.237549 -0.353271 -0.076904
v -0.241943 -0.352783 -0.074463
v -0.237061 -0.335205 -0.094482
v -0.240479 -0.334717 -0.097412
v -0.235596 -0.336182 -0.080811
v -0.237549 -0.336670 -0.076904
v -0.241943 -0.337158 -0.074463
v -0.236572 -0.315674 -0.090576
v -0.239990 -0.314697 -0.093506
v -0.237061 -0.320557 -0.073975
v -0.241455 -0.321533 -0.071045
v -0.235107 -0.319580 -0.077393
v -0.232666 -0.374268 -0.052002
v -0.229736 -0.367432 -0.052002
v -0.228760 -0.360107 -0.052002
v -0.226318 -0.368896 -0.044678
v -0.227783 -0.368408 -0.035889
v -0.228271 -0.367920 -0.034424
v -0.224854 -0.360107 -0.044678
v -0.226318 -0.360107 -0.035889
v -0.227295 -0.360107 -0.034424
v -0.228760 -0.352783 -0.052002
v -0.229248 -0.346436 -0.052002
v -0.224854 -0.352295 -0.044678
v -0.226318 -0.352783 -0.035889
v -0.227295 -0.352783 -0.034424
v -0.225342 -0.346436 -0.044678
v -0.226807 -0.346436 -0.035889
v -0.227295 -0.346436 -0.034424
v -0.238037 -0.345459 -0.000732
v -0.228760 -0.340088 -0.052002
v -0.228760 -0.333252 -0.052002
v -0.224854 -0.340576 -0.044678
v -0.226318 -0.340576 -0.035889
v -0.227295 -0.340088 -0.034424
v -0.224854 -0.332764 -0.044678
v -0.226318 -0.332764 -0.035889
v -0.227295 -0.332764 -0.034424
v -0.229736 -0.325439 -0.052002
v -0.233154 -0.318604 -0.052002
v -0.226318 -0.323975 -0.044678
v -0.227783 -0.324463 -0.035889
v -0.228271 -0.324951 -0.034424
v -0.229736 -0.315674 -0.044678
v -0.231201 -0.317139 -0.035889
v -0.231689 -0.318115 -0.034424
v -0.237549 -0.313721 -0.052002
v -0.230225 -0.326904 -0.016846
v -0.228760 -0.325439 -0.016357
v -0.228760 -0.322998 -0.020752
v -0.228271 -0.322021 -0.016846
v -0.230713 -0.323975 -0.023193
v -0.228760 -0.319580 -0.024170
v -0.233643 -0.320068 -0.027588
v -0.228760 -0.315674 -0.025146
v -0.228271 -0.319092 -0.018799
v -0.228271 -0.316162 -0.019287
v -0.228271 -0.312744 -0.018799
v -0.230225 -0.327393 -0.011963
v -0.228760 -0.326416 -0.012939
v -0.228271 -0.324463 -0.014404
v -0.228760 -0.325928 -0.011963
v -0.230225 -0.326904 -0.010010
v -0.228760 -0.324951 -0.011475
v -0.230225 -0.324951 -0.010498
v -0.228760 -0.323486 -0.012451
v -0.228760 -0.321533 -0.012939
v -0.230713 -0.322021 -0.010986
v -0.228760 -0.319092 -0.012939
v -0.232666 -0.318604 -0.009033
v -0.229248 -0.316162 -0.012939
v -0.229248 -0.313232 -0.012939
v -0.237061 -0.315674 -0.029541
v -0.237549 -0.314209 -0.007080
v -0.236084 -0.297119 -0.082764
v -0.236572 -0.305420 -0.067627
v -0.240967 -0.306396 -0.065186
v -0.234619 -0.303467 -0.071045
v -0.239502 -0.295654 -0.085693
v -0.235107 -0.280029 -0.072021
v -0.238525 -0.278076 -0.073975
v -0.243408 -0.310791 -0.052002
v -0.249268 -0.309814 -0.052002
v -0.235107 -0.309326 -0.044678
v -0.241943 -0.305420 -0.044678
v -0.236084 -0.311279 -0.035889
v -0.236572 -0.312256 -0.034424
v -0.242920 -0.308838 -0.034424
v -0.242432 -0.307861 -0.035889
v -0.249268 -0.306885 -0.035889
v -0.249268 -0.308350 -0.034424
v -0.249268 -0.304443 -0.044678
v -0.234131 -0.288818 -0.061279
v -0.236084 -0.291260 -0.058350
v -0.240479 -0.292725 -0.056396
v -0.239502 -0.281494 -0.044678
v -0.228760 -0.312256 -0.024658
v -0.228760 -0.308350 -0.023682
v -0.228271 -0.309326 -0.018311
v -0.228760 -0.304932 -0.022705
v -0.228271 -0.305908 -0.016846
v -0.228760 -0.301025 -0.021240
v -0.228760 -0.297607 -0.018799
v -0.229248 -0.310303 -0.012451
v -0.229248 -0.307373 -0.011475
v -0.228271 -0.302979 -0.015381
v -0.229248 -0.304443 -0.009521
v -0.228271 -0.299561 -0.012939
v -0.228271 -0.297607 -0.010010
v -0.229248 -0.302002 -0.007080
v -0.229248 -0.300049 -0.004639
v -0.229248 -0.298584 -0.001709
v -0.237061 -0.311768 -0.029053
v -0.237061 -0.307861 -0.028076
v -0.237061 -0.303467 -0.027100
v -0.237061 -0.299561 -0.025146
v -0.237061 -0.312256 -0.009033
v -0.237549 -0.310303 -0.009033
v -0.237549 -0.307861 -0.008057
v -0.237549 -0.305420 -0.006592
v -0.248291 -0.309326 -0.004150
v -0.237549 -0.303467 -0.004150
v -0.237549 -0.301514 -0.001709
v -0.228760 -0.294678 -0.015869
v -0.228760 -0.292236 -0.012451
v -0.228760 -0.290771 -0.008545
v -0.228271 -0.295654 -0.007080
v -0.228271 -0.294189 -0.003662
v -0.228760 -0.289307 -0.003662
v -0.237061 -0.295654 -0.022705
v -0.237061 -0.292236 -0.019287
v -0.237061 -0.289307 -0.015381
v -0.237061 -0.287354 -0.010498
v -0.237061 -0.285889 -0.005127
v -0.233154 -0.276611 -0.049072
v -0.234131 -0.265869 -0.057861
v -0.234131 -0.270264 -0.032471
v -0.232178 -0.266846 -0.034424
v -0.235107 -0.279541 -0.046631
v -0.233154 -0.254639 -0.040771
v -0.237549 -0.263428 -0.059326
v -0.236572 -0.251709 -0.042236
v -0.238525 -0.272217 -0.031006
v -0.237549 -0.265869 -0.016357
v -0.233154 -0.263916 -0.017334
v -0.231201 -0.260010 -0.018311
v -0.232178 -0.260498 -0.001221
v -0.230225 -0.256592 -0.001709
v -0.236572 -0.262939 -0.000732
v -0.251709 -0.362549 -0.494873
v -0.251709 -0.366943 -0.491455
v -0.262939 -0.363037 -0.495850
v -0.258545 -0.360596 -0.491943
v -0.262939 -0.364990 -0.468994
v -0.260010 -0.359131 -0.495850
v -0.258057 -0.359131 -0.468994
v -0.250244 -0.364014 -0.440674
v -0.264404 -0.363525 -0.442139
v -0.259521 -0.357178 -0.442139
v -0.259033 -0.355713 -0.442139
v -0.308838 -0.367920 -0.490479
v -0.303467 -0.363037 -0.495850
v -0.306396 -0.359619 -0.495850
v -0.309814 -0.372803 -0.484131
v -0.304932 -0.367920 -0.484131
v -0.303467 -0.364990 -0.468994
v -0.308350 -0.359619 -0.468994
v -0.309326 -0.372803 -0.439209
v -0.304932 -0.367432 -0.437744
v -0.302490 -0.363525 -0.442139
v -0.306885 -0.357666 -0.442139
v -0.250244 -0.356201 -0.434326
v -0.264404 -0.357178 -0.435303
v -0.309326 -0.367432 -0.432861
v -0.302490 -0.357666 -0.435791
v -0.369873 -0.368408 -0.490479
v -0.364502 -0.363037 -0.487061
v -0.368896 -0.373291 -0.484131
v -0.373779 -0.367920 -0.484131
v -0.366943 -0.373291 -0.440674
v -0.374756 -0.366943 -0.438721
v -0.368896 -0.367432 -0.431396
v -0.252197 -0.297607 -0.499756
v -0.258545 -0.298584 -0.496826
v -0.251709 -0.292725 -0.497314
v -0.265381 -0.306396 -0.460205
v -0.252197 -0.300537 -0.464600
v -0.259033 -0.300537 -0.460205
v -0.259521 -0.307861 -0.442627
v -0.265381 -0.306396 -0.443604
v -0.252197 -0.301025 -0.447998
v -0.251221 -0.297119 -0.441162
v -0.259033 -0.298096 -0.446533
v -0.259033 -0.300537 -0.443604
v -0.258057 -0.294678 -0.464600
v -0.252197 -0.295166 -0.441162
v -0.251221 -0.292725 -0.445068
v -0.258545 -0.295166 -0.447998
v -0.300537 -0.306396 -0.459717
v -0.306396 -0.300049 -0.460205
v -0.300537 -0.306396 -0.443604
v -0.307373 -0.307861 -0.442627
v -0.306396 -0.300049 -0.443604
v -0.260986 -0.262451 -0.492432
v -0.263428 -0.260010 -0.492432
v -0.259521 -0.261963 -0.468994
v -0.263428 -0.258057 -0.468994
v -0.254639 -0.263916 -0.445068
v -0.260986 -0.263428 -0.445557
v -0.264404 -0.259521 -0.445557
v -0.264893 -0.262939 -0.441162
v -0.309814 -0.269775 -0.490479
v -0.305908 -0.269775 -0.484131
v -0.303955 -0.260010 -0.492432
v -0.303955 -0.258057 -0.489502
v -0.306396 -0.262451 -0.492432
v -0.308350 -0.258545 -0.492920
v -0.309814 -0.264893 -0.489502
v -0.303955 -0.258057 -0.468994
v -0.310791 -0.264893 -0.484131
v -0.307861 -0.261963 -0.468994
v -0.306396 -0.270752 -0.437744
v -0.302979 -0.260010 -0.445557
v -0.302490 -0.263428 -0.441162
v -0.306396 -0.263428 -0.445557
v -0.309814 -0.265381 -0.440186
v -0.304932 -0.257080 -0.439209
v -0.263916 -0.307373 -0.437256
v -0.265381 -0.300049 -0.436768
v -0.302979 -0.307373 -0.437256
v -0.300537 -0.300049 -0.436768
v -0.290771 -0.291260 -0.434814
v -0.292725 -0.291748 -0.434326
v -0.289307 -0.290283 -0.434814
v -0.291260 -0.289307 -0.430908
v -0.295166 -0.290283 -0.434326
v -0.294678 -0.290771 -0.431396
v -0.288330 -0.287842 -0.434814
v -0.287842 -0.285400 -0.434326
v -0.288818 -0.288818 -0.431885
v -0.287842 -0.286865 -0.431885
v -0.285889 -0.283447 -0.432373
v -0.285400 -0.284912 -0.429443
v -0.292236 -0.287842 -0.435791
v -0.301025 -0.289307 -0.428955
v -0.302002 -0.288330 -0.431885
v -0.308350 -0.283447 -0.427002
v -0.307373 -0.284424 -0.423584
v -0.265381 -0.269287 -0.430420
v -0.261963 -0.271729 -0.411377
v -0.259033 -0.268311 -0.413818
v -0.277588 -0.274170 -0.427002
v -0.267822 -0.272217 -0.431396
v -0.266357 -0.270752 -0.430908
v -0.271240 -0.271729 -0.431396
v -0.269287 -0.268799 -0.432373
v -0.266357 -0.266357 -0.430420
v -0.268311 -0.270264 -0.427490
v -0.270752 -0.272217 -0.428467
v -0.265869 -0.267334 -0.427979
v -0.278564 -0.273193 -0.429932
v -0.266846 -0.260010 -0.427002
v -0.265869 -0.260986 -0.424072
v -0.281006 -0.260498 -0.429932
v -0.270752 -0.252686 -0.422607
v -0.280518 -0.263428 -0.416748
v -0.270264 -0.254150 -0.419189
v -0.279541 -0.255127 -0.417236
v -0.279541 -0.256592 -0.412842
v -0.276123 -0.251221 -0.411377
v -0.264893 -0.274170 -0.392334
v -0.261963 -0.271240 -0.387451
v -0.279541 -0.252197 -0.392334
v -0.276123 -0.250732 -0.387451
v -0.284424 -0.275146 -0.427979
v -0.284424 -0.276123 -0.424561
v -0.286865 -0.272217 -0.426025
v -0.286377 -0.273193 -0.422607
v -0.293701 -0.268311 -0.424072
v -0.296631 -0.276123 -0.420166
v -0.293213 -0.268799 -0.421143
v -0.312256 -0.276123 -0.425049
v -0.311768 -0.276611 -0.422119
v -0.298096 -0.273193 -0.432861
v -0.311279 -0.270752 -0.430908
v -0.312256 -0.265869 -0.424561
v -0.311768 -0.265869 -0.422607
v -0.312256 -0.279541 -0.419189
v -0.305908 -0.273682 -0.418701
v -0.305420 -0.275146 -0.415283
v -0.302979 -0.267822 -0.416260
v -0.302490 -0.269287 -0.413818
v -0.287842 -0.263916 -0.425537
v -0.287354 -0.264893 -0.422607
v -0.290771 -0.254150 -0.423096
v -0.294678 -0.254150 -0.426025
v -0.294678 -0.257080 -0.425049
v -0.294678 -0.257080 -0.422607
v -0.296631 -0.251709 -0.427979
v -0.288818 -0.255615 -0.418213
v -0.288818 -0.257080 -0.414795
v -0.295166 -0.253174 -0.419189
v -0.298584 -0.261475 -0.424072
v -0.299561 -0.257568 -0.426514
v -0.309326 -0.257080 -0.434326
v -0.305420 -0.256592 -0.429443
v -0.306885 -0.255127 -0.425049
v -0.298584 -0.261475 -0.421631
v -0.303955 -0.259521 -0.420654
v -0.302490 -0.260498 -0.414307
v -0.302979 -0.260498 -0.416260
v -0.308350 -0.260498 -0.409912
v -0.309814 -0.259521 -0.411377
v -0.298584 -0.250732 -0.419678
v -0.299072 -0.251709 -0.417725
v -0.309814 -0.253174 -0.417725
v -0.308838 -0.256104 -0.409912
v -0.289307 -0.266357 -0.396240
v -0.289795 -0.265869 -0.392334
v -0.294678 -0.268311 -0.395752
v -0.295654 -0.265869 -0.397705
v -0.300049 -0.266357 -0.396240
v -0.299072 -0.268799 -0.394287
v -0.302002 -0.268311 -0.392334
v -0.302979 -0.265869 -0.394287
v -0.300049 -0.267822 -0.389893
v -0.305420 -0.266357 -0.388428
v -0.285889 -0.263428 -0.394775
v -0.282959 -0.259521 -0.391846
v -0.286865 -0.260986 -0.396729
v -0.290283 -0.263916 -0.398193
v -0.283936 -0.257568 -0.393799
v -0.292236 -0.255615 -0.391846
v -0.294678 -0.257568 -0.393311
v -0.296143 -0.254639 -0.393311
v -0.294678 -0.252197 -0.391846
v -0.295166 -0.253174 -0.392822
v -0.284912 -0.260986 -0.389404
v -0.292725 -0.259521 -0.387451
v -0.292725 -0.259033 -0.386963
v -0.293701 -0.260498 -0.387939
v -0.295166 -0.260986 -0.387939
v -0.296143 -0.260498 -0.387451
v -0.296631 -0.260010 -0.386475
v -0.294678 -0.259521 -0.386475
v -0.293213 -0.258057 -0.385986
v -0.293213 -0.258057 -0.385498
v -0.294189 -0.258057 -0.385010
v -0.296143 -0.259033 -0.385498
v -0.295654 -0.258545 -0.385010
v -0.282471 -0.255615 -0.387939
v -0.283447 -0.253174 -0.389893
v -0.283936 -0.252686 -0.384033
v -0.284912 -0.250732 -0.385986
v -0.285889 -0.255127 -0.382568
v -0.286377 -0.251221 -0.381104
v -0.292236 -0.253662 -0.389404
v -0.293701 -0.252686 -0.387939
v -0.295654 -0.251709 -0.390381
v -0.296631 -0.251221 -0.389893
v -0.295654 -0.252686 -0.386475
v -0.296631 -0.252686 -0.386475
v -0.296631 -0.255127 -0.377197
v -0.290771 -0.250244 -0.378174
v -0.297119 -0.258545 -0.392822
v -0.299072 -0.258545 -0.391846
v -0.297607 -0.255127 -0.393311
v -0.298584 -0.254639 -0.392822
v -0.299561 -0.254150 -0.391357
v -0.297119 -0.253174 -0.391846
v -0.305420 -0.252686 -0.404541
v -0.302979 -0.260986 -0.380615
v -0.306396 -0.263916 -0.390381
v -0.306885 -0.262939 -0.384033
v -0.307861 -0.260498 -0.385986
v -0.305908 -0.259033 -0.380127
v -0.300049 -0.257080 -0.389893
v -0.300049 -0.255615 -0.387939
v -0.299072 -0.254150 -0.386963
v -0.299072 -0.252686 -0.390381
v -0.297607 -0.251709 -0.389404
v -0.302490 -0.255127 -0.377686
v -0.297119 -0.251709 -0.376709
v -0.303467 -0.252686 -0.379639
v -0.306885 -0.256592 -0.382568
v -0.312744 -0.264893 -0.439209
v -0.370850 -0.269775 -0.490479
v -0.374756 -0.270264 -0.484131
v -0.371826 -0.258545 -0.493408
v -0.370361 -0.265381 -0.489990
v -0.370361 -0.265381 -0.484131
v -0.368408 -0.265869 -0.441650
v -0.370361 -0.265381 -0.438232
v -0.320068 -0.281494 -0.422607
v -0.318604 -0.279541 -0.422607
v -0.322510 -0.281006 -0.422119
v -0.322021 -0.278076 -0.422607
v -0.325928 -0.277588 -0.424072
v -0.324951 -0.276123 -0.427979
v -0.318115 -0.271240 -0.425049
v -0.312744 -0.277588 -0.421631
v -0.317627 -0.280518 -0.420654
v -0.321045 -0.280029 -0.418701
v -0.323975 -0.279053 -0.418213
v -0.324463 -0.280029 -0.421143
v -0.324951 -0.278076 -0.420166
v -0.326904 -0.274170 -0.416260
v -0.326416 -0.275635 -0.413818
v -0.318604 -0.272705 -0.421631
v -0.316650 -0.267334 -0.419189
v -0.314209 -0.271240 -0.407959
v -0.315674 -0.265869 -0.408447
v -0.327393 -0.267822 -0.410889
v -0.326416 -0.269287 -0.407959
v -0.333740 -0.276123 -0.432373
v -0.335205 -0.278076 -0.429443
v -0.341064 -0.273682 -0.434814
v -0.342041 -0.275146 -0.432373
v -0.332275 -0.265869 -0.415771
v -0.312744 -0.263428 -0.423584
v -0.314697 -0.251221 -0.426025
v -0.312744 -0.263428 -0.421143
v -0.323975 -0.261963 -0.406494
v -0.324463 -0.260986 -0.408936
v -0.316650 -0.254639 -0.416260
v -0.318604 -0.254639 -0.410400
v -0.318115 -0.255127 -0.408936
v -0.330811 -0.260498 -0.429443
v -0.343018 -0.254639 -0.416748
v -0.342529 -0.252197 -0.420654
v -0.314697 -0.267822 -0.406006
v -0.321533 -0.269775 -0.402100
v -0.322998 -0.267822 -0.405029
v -0.330322 -0.266846 -0.398682
v -0.316650 -0.259521 -0.393799
v -0.323486 -0.253174 -0.403076
v -0.332275 -0.264404 -0.400635
v -0.335205 -0.261475 -0.398682
v -0.335693 -0.262451 -0.395752
v -0.334717 -0.259521 -0.392334
v -0.336670 -0.261963 -0.397217
v -0.339111 -0.260498 -0.395264
v -0.339111 -0.258057 -0.394287
v -0.336182 -0.256592 -0.396240
v -0.338623 -0.256592 -0.392822
v -0.336182 -0.254150 -0.392334
v -0.334717 -0.255615 -0.390381
v -0.329346 -0.251221 -0.388428
v -0.345459 -0.274170 -0.435791
v -0.347412 -0.271729 -0.435303
v -0.345459 -0.271729 -0.429932
v -0.348877 -0.269775 -0.434326
v -0.343994 -0.268799 -0.434814
v -0.347900 -0.266357 -0.431885
v -0.348389 -0.267334 -0.428955
v -0.370850 -0.270752 -0.432373
v -0.346436 -0.259033 -0.427002
v -0.347412 -0.261475 -0.424072
v -0.370361 -0.257080 -0.432861
v -0.263916 -0.273193 -0.364502
v -0.278564 -0.251709 -0.364502
v -0.261475 -0.270752 -0.328369
v -0.263916 -0.273682 -0.324951
v -0.275146 -0.250732 -0.328369
v -0.278564 -0.252197 -0.324951
v -0.261963 -0.271240 -0.307861
v -0.259033 -0.268311 -0.305908
v -0.256104 -0.265869 -0.287842
v -0.254150 -0.263916 -0.285889
v -0.258057 -0.251221 -0.294678
v -0.275635 -0.250732 -0.307861
v -0.376221 -0.258545 -0.489990
v -0.376709 -0.257080 -0.440186
v -0.375244 -0.270752 -0.437256
v -0.271240 -0.438232 -0.040283
v -0.270264 -0.446045 -0.021240
v -0.269287 -0.449951 -0.001221
v -0.272217 -0.411865 -0.072021
v -0.272705 -0.394775 -0.083740
v -0.273193 -0.375732 -0.091553
v -0.271729 -0.426514 -0.057373
v -0.272705 -0.355713 -0.095459
v -0.272705 -0.334717 -0.095459
v -0.272217 -0.314697 -0.091553
v -0.271240 -0.295654 -0.083740
v -0.270752 -0.278076 -0.072510
v -0.269287 -0.263428 -0.057861
v -0.268311 -0.252197 -0.040771
v -0.034424 -0.242920 -0.465576
v -0.040283 -0.248779 -0.465088
v -0.033936 -0.241455 -0.461670
v -0.040283 -0.235107 -0.461670
v -0.033936 -0.246338 -0.441650
v -0.040283 -0.247314 -0.448975
v -0.039795 -0.246338 -0.445068
v -0.033936 -0.241455 -0.449463
v -0.033936 -0.240479 -0.445068
v -0.039795 -0.234619 -0.445557
v -0.033936 -0.234131 -0.438721
v -0.033936 -0.244873 -0.414795
v -0.039795 -0.245361 -0.421631
v -0.023193 -0.212158 -0.418213
v -0.026611 -0.208740 -0.416260
v -0.023193 -0.211670 -0.400146
v -0.022705 -0.207764 -0.395752
v -0.026611 -0.207764 -0.400146
v -0.039795 -0.178467 -0.447998
v -0.039795 -0.178467 -0.445068
v -0.040771 -0.132568 -0.442627
v -0.025146 -0.175049 -0.418213
v -0.025146 -0.174561 -0.415283
v -0.026611 -0.175049 -0.416260
v -0.025146 -0.174561 -0.395752
v -0.026611 -0.174561 -0.397705
v -0.025635 -0.172607 -0.385498
v -0.030518 -0.171143 -0.379639
v -0.037354 -0.177490 -0.414795
v -0.039795 -0.177490 -0.417725
v -0.031982 -0.179932 -0.385498
v -0.033936 -0.174561 -0.379639
v -0.041748 -0.168213 -0.381592
v -0.037354 -0.163818 -0.381592
v -0.005615 -0.146729 -0.406006
v -0.010010 -0.146729 -0.406006
v -0.008057 -0.145264 -0.406006
v -0.008057 -0.143311 -0.406006
v -0.041748 -0.148193 -0.406006
v -0.037842 -0.144775 -0.381592
v -0.077393 -0.183350 -0.439209
v -0.077393 -0.177490 -0.444580
v -0.082764 -0.176514 -0.439209
v -0.084717 -0.151611 -0.438721
v -0.078857 -0.144775 -0.438232
v -0.084717 -0.145264 -0.445068
v -0.077393 -0.182373 -0.385498
v -0.077393 -0.176514 -0.379639
v -0.083740 -0.176025 -0.385498
v -0.072510 -0.171143 -0.381592
v -0.076416 -0.167236 -0.381592
v -0.069580 -0.160400 -0.381592
v -0.069580 -0.156006 -0.385986
v -0.088135 -0.152100 -0.390869
v -0.081299 -0.145752 -0.390869
v -0.088135 -0.145752 -0.384033
v -0.070068 -0.125244 -0.385986
v -0.077393 -0.126221 -0.381592
v -0.084229 -0.125244 -0.385498
v -0.079346 -0.126221 -0.379639
v -0.004150 -0.149170 -0.346436
v -0.007080 -0.149170 -0.347412
v -0.011475 -0.149170 -0.352295
v -0.013428 -0.149170 -0.352295
v -0.009521 -0.149170 -0.350342
v -0.012939 -0.149170 -0.344971
v -0.003662 -0.144775 -0.348877
v -0.006592 -0.144775 -0.349365
v -0.008545 -0.144775 -0.351807
v -0.010986 -0.144775 -0.354248
v -0.013916 -0.145264 -0.354736
v -0.016357 -0.149170 -0.350830
v -0.019287 -0.149658 -0.350342
v -0.016846 -0.145264 -0.352783
v -0.019775 -0.145264 -0.352295
v -0.004150 -0.149170 -0.331787
v -0.007080 -0.149658 -0.330811
v -0.009521 -0.149658 -0.328369
v -0.012939 -0.149658 -0.333252
v -0.003662 -0.145264 -0.329346
v -0.006592 -0.145264 -0.328857
v -0.011475 -0.149658 -0.325928
v -0.013428 -0.149658 -0.325928
v -0.008545 -0.145752 -0.326416
v -0.010986 -0.145752 -0.323975
v -0.013916 -0.145752 -0.323486
v -0.016357 -0.149658 -0.327393
v -0.019287 -0.150146 -0.327881
v -0.016846 -0.145752 -0.325439
v -0.019775 -0.146240 -0.325928
v -0.040771 -0.150146 -0.350342
v -0.043701 -0.146240 -0.352295
v -0.040771 -0.150635 -0.327881
v -0.043701 -0.146729 -0.325928
v -0.070068 -0.160889 -0.344971
v -0.070068 -0.156494 -0.340576
v -0.070557 -0.126221 -0.340576
v -0.168213 -0.245850 -0.445068
v -0.164307 -0.225830 -0.445068
v -0.168701 -0.205322 -0.445068
v -0.180420 -0.188232 -0.445068
v -0.153564 -0.225342 -0.411377
v -0.149658 -0.225342 -0.392334
v -0.153564 -0.225342 -0.387451
v -0.162354 -0.248291 -0.414307
v -0.158447 -0.225342 -0.414307
v -0.158447 -0.249756 -0.387451
v -0.155029 -0.199463 -0.392334
v -0.162842 -0.202881 -0.414307
v -0.158447 -0.200928 -0.411377
v -0.158936 -0.200928 -0.387451
v -0.154053 -0.153564 -0.442139
v -0.154053 -0.147217 -0.448486
v -0.164795 -0.153076 -0.440186
v -0.158936 -0.146240 -0.440186
v -0.160400 -0.147217 -0.442139
v -0.164795 -0.146729 -0.447021
v -0.176025 -0.183838 -0.414307
v -0.172607 -0.180420 -0.411377
v -0.170166 -0.177979 -0.392334
v -0.172607 -0.180420 -0.387451
v -0.161377 -0.159912 -0.384521
v -0.156982 -0.153564 -0.393799
v -0.167725 -0.153564 -0.392822
v -0.161377 -0.147217 -0.392334
v -0.163330 -0.147217 -0.394287
v -0.161865 -0.156006 -0.388916
v -0.157471 -0.147217 -0.387451
v -0.167725 -0.147217 -0.385986
v -0.197510 -0.177002 -0.445068
v -0.218018 -0.173096 -0.445068
v -0.238037 -0.177490 -0.445068
v -0.195068 -0.171143 -0.414307
v -0.193604 -0.166748 -0.411377
v -0.218018 -0.166748 -0.414307
v -0.218018 -0.162354 -0.411377
v -0.192139 -0.163330 -0.392334
v -0.193604 -0.167236 -0.387451
v -0.218018 -0.158447 -0.392334
v -0.218018 -0.162354 -0.387451
v -0.240479 -0.171631 -0.414307
v -0.242432 -0.167236 -0.411377
v -0.243896 -0.163818 -0.392334
v -0.242432 -0.167236 -0.387451
v -0.151123 -0.225342 -0.364990
v -0.154053 -0.225342 -0.328369
v -0.150635 -0.225342 -0.324951
v -0.158936 -0.249756 -0.328369
v -0.156006 -0.199951 -0.364990
v -0.156006 -0.199951 -0.324951
v -0.159424 -0.201416 -0.328369
v -0.153564 -0.225342 -0.307861
v -0.158447 -0.249756 -0.307861
v -0.161865 -0.248291 -0.305908
v -0.165771 -0.246826 -0.288330
v -0.168213 -0.245850 -0.285889
v -0.177979 -0.241943 -0.294189
v -0.177979 -0.241943 -0.285889
v -0.157959 -0.225342 -0.305908
v -0.161377 -0.225342 -0.288330
v -0.164307 -0.225342 -0.285889
v -0.175049 -0.225342 -0.294189
v -0.175049 -0.225342 -0.285889
v -0.165771 -0.204346 -0.288330
v -0.168213 -0.205322 -0.285889
v -0.178467 -0.209229 -0.294189
v -0.177490 -0.204834 -0.294678
v -0.178467 -0.209229 -0.285889
v -0.158447 -0.200928 -0.307861
v -0.162354 -0.202881 -0.305908
v -0.179932 -0.188232 -0.285889
v -0.187744 -0.195557 -0.294189
v -0.187744 -0.195557 -0.285889
v -0.247314 -0.196045 -0.294189
v -0.247314 -0.196045 -0.285889
v -0.170654 -0.178467 -0.364990
v -0.161377 -0.160400 -0.347900
v -0.170654 -0.178467 -0.324951
v -0.173096 -0.180908 -0.328369
v -0.161377 -0.156494 -0.343506
v -0.161865 -0.126221 -0.343506
v -0.175537 -0.183350 -0.305908
v -0.172607 -0.180420 -0.307861
v -0.177979 -0.186279 -0.288330
v -0.192627 -0.164307 -0.364990
v -0.218018 -0.159424 -0.364990
v -0.193604 -0.167725 -0.328369
v -0.192139 -0.164307 -0.324951
v -0.218018 -0.162842 -0.328369
v -0.218018 -0.159424 -0.324951
v -0.243408 -0.164795 -0.364502
v -0.241943 -0.167725 -0.328369
v -0.243408 -0.164795 -0.324951
v -0.201416 -0.186768 -0.294189
v -0.201416 -0.186768 -0.285889
v -0.197510 -0.177002 -0.285889
v -0.196533 -0.174561 -0.288330
v -0.217529 -0.183838 -0.294189
v -0.217529 -0.183838 -0.285889
v -0.217529 -0.173096 -0.285889
v -0.195068 -0.170654 -0.305908
v -0.193115 -0.166748 -0.307861
v -0.217529 -0.166260 -0.305908
v -0.217529 -0.162354 -0.307861
v -0.217529 -0.170654 -0.288330
v -0.233643 -0.186768 -0.294189
v -0.233643 -0.186768 -0.285889
v -0.237549 -0.177490 -0.285889
v -0.238525 -0.175049 -0.288330
v -0.240479 -0.171143 -0.305908
v -0.241943 -0.167236 -0.307861
v -0.040283 -0.108643 -0.465576
v -0.039795 -0.107666 -0.459717
v -0.033936 -0.107178 -0.441650
v -0.039795 -0.108154 -0.448975
v -0.040283 -0.107666 -0.443115
v -0.046143 -0.107666 -0.436279
v -0.033447 -0.120850 -0.379639
v -0.035889 -0.119385 -0.381592
v -0.077881 -0.122803 -0.444580
v -0.083740 -0.123779 -0.439209
v -0.079834 -0.117920 -0.437744
v -0.084717 -0.117920 -0.444580
v -0.078369 -0.116455 -0.439209
v -0.075928 -0.122314 -0.379639
v -0.081787 -0.118408 -0.389893
v -0.078369 -0.117432 -0.385498
v -0.088623 -0.118408 -0.383545
v -0.155518 -0.119873 -0.447998
v -0.156006 -0.107666 -0.437744
v -0.159424 -0.110107 -0.457764
v -0.159424 -0.119385 -0.439697
v -0.161377 -0.120361 -0.441650
v -0.164307 -0.119385 -0.446045
v -0.159912 -0.110596 -0.441650
v -0.161377 -0.108154 -0.461670
v -0.165771 -0.104248 -0.457764
v -0.161865 -0.108154 -0.445068
v -0.165771 -0.104736 -0.441650
v -0.166260 -0.110596 -0.434814
v -0.161377 -0.119873 -0.391357
v -0.164307 -0.120361 -0.393311
v -0.162354 -0.124756 -0.388916
v -0.158447 -0.120361 -0.386963
v -0.168213 -0.119873 -0.385010
v -0.060791 -0.191162 -0.146240
v -0.060303 -0.202881 -0.132080
v -0.089600 -0.242432 -0.224365
v -0.090088 -0.242432 -0.218994
v -0.092529 -0.239502 -0.229248
v -0.090088 -0.237061 -0.229248
v -0.087158 -0.239990 -0.224365
v -0.087158 -0.239502 -0.218506
v -0.089111 -0.238525 -0.216553
v -0.091064 -0.240967 -0.216553
v -0.092529 -0.239502 -0.217041
v -0.090088 -0.237061 -0.217041
v -0.090088 -0.233154 -0.217041
v -0.091553 -0.231689 -0.217041
v -0.093506 -0.231201 -0.217041
v -0.122314 -0.243408 -0.224365
v -0.119385 -0.240479 -0.229248
v -0.122314 -0.238037 -0.229248
v -0.096436 -0.231201 -0.232666
v -0.098877 -0.233643 -0.232666
v -0.101318 -0.230713 -0.233154
v -0.099365 -0.228760 -0.233154
v -0.111572 -0.231201 -0.233154
v -0.114014 -0.234131 -0.232666
v -0.115967 -0.231689 -0.232666
v -0.113525 -0.229248 -0.233154
v -0.113525 -0.218994 -0.233154
v -0.096436 -0.239990 -0.217041
v -0.097900 -0.238525 -0.217041
v -0.098877 -0.237061 -0.217041
v -0.122314 -0.243408 -0.218506
v -0.115967 -0.240479 -0.217041
v -0.114502 -0.239014 -0.217041
v -0.113525 -0.237061 -0.217041
v -0.119873 -0.240479 -0.217041
v -0.121338 -0.241455 -0.216553
v -0.124268 -0.239990 -0.217529
v -0.123291 -0.239502 -0.216553
v -0.122314 -0.238037 -0.217041
v -0.119385 -0.231689 -0.217041
v -0.122314 -0.234131 -0.217041
v -0.121338 -0.232666 -0.217041
v -0.091064 -0.210205 -0.229248
v -0.093506 -0.207764 -0.229248
v -0.088135 -0.207275 -0.224365
v -0.090576 -0.204346 -0.224365
v -0.093506 -0.216064 -0.217041
v -0.092041 -0.215576 -0.217041
v -0.090576 -0.213623 -0.217041
v -0.088623 -0.207764 -0.217529
v -0.091064 -0.210205 -0.217041
v -0.093506 -0.207764 -0.217041
v -0.092041 -0.206299 -0.216553
v -0.091064 -0.204346 -0.218506
v -0.096924 -0.216064 -0.232666
v -0.099854 -0.218506 -0.233154
v -0.099365 -0.214111 -0.232666
v -0.101807 -0.217041 -0.233154
v -0.112061 -0.217041 -0.233154
v -0.116455 -0.216553 -0.232666
v -0.114502 -0.214600 -0.232666
v -0.122803 -0.211182 -0.229248
v -0.120361 -0.208252 -0.229248
v -0.123291 -0.205322 -0.224365
v -0.097412 -0.207764 -0.217041
v -0.099365 -0.210693 -0.217041
v -0.098877 -0.209229 -0.217041
v -0.114502 -0.211182 -0.217041
v -0.119873 -0.217041 -0.217041
v -0.121338 -0.216064 -0.217041
v -0.122803 -0.214600 -0.217041
v -0.114990 -0.209229 -0.217041
v -0.116943 -0.208252 -0.217041
v -0.120850 -0.208252 -0.217041
v -0.122803 -0.210693 -0.217041
v -0.124268 -0.209717 -0.216553
v -0.121826 -0.207275 -0.216553
v -0.123291 -0.205322 -0.218506
v -0.083740 -0.242920 -0.172607
v -0.086182 -0.245850 -0.172607
v -0.088135 -0.243896 -0.172119
v -0.092041 -0.243896 -0.172119
v -0.093506 -0.242432 -0.172119
v -0.085693 -0.241455 -0.172119
v -0.086182 -0.237549 -0.172119
v -0.087158 -0.236084 -0.172119
v -0.089600 -0.235596 -0.172119
v -0.083740 -0.242920 -0.167725
v -0.084717 -0.242432 -0.164795
v -0.086182 -0.245850 -0.167725
v -0.087158 -0.244873 -0.164795
v -0.093506 -0.234619 -0.153076
v -0.093018 -0.222900 -0.127197
v -0.094482 -0.240479 -0.172119
v -0.120361 -0.244385 -0.172119
v -0.118408 -0.243408 -0.172119
v -0.123779 -0.244873 -0.172119
v -0.117920 -0.240967 -0.172119
v -0.123291 -0.236084 -0.172119
v -0.124756 -0.245850 -0.164795
v -0.095459 -0.236572 -0.153076
v -0.095459 -0.236084 -0.154541
v -0.106201 -0.235107 -0.141357
v -0.116943 -0.236572 -0.154541
v -0.116943 -0.237061 -0.153076
v -0.118896 -0.235107 -0.154541
v -0.118896 -0.235107 -0.153076
v -0.093994 -0.234131 -0.154541
v -0.100830 -0.231201 -0.145752
v -0.098877 -0.229248 -0.145752
v -0.101318 -0.229248 -0.144775
v -0.106201 -0.232666 -0.151123
v -0.103271 -0.229248 -0.150146
v -0.103271 -0.232178 -0.141846
v -0.106689 -0.227783 -0.147217
v -0.106689 -0.229248 -0.142334
v -0.106689 -0.226807 -0.141357
v -0.106689 -0.223389 -0.148682
v -0.106689 -0.223389 -0.144775
v -0.106689 -0.218994 -0.147217
v -0.106689 -0.219971 -0.141357
v -0.097900 -0.226807 -0.137939
v -0.095947 -0.226807 -0.128174
v -0.106201 -0.231201 -0.134033
v -0.103271 -0.228760 -0.135986
v -0.106689 -0.226807 -0.137939
v -0.095459 -0.223389 -0.139893
v -0.100830 -0.223389 -0.135010
v -0.097900 -0.219971 -0.137939
v -0.099854 -0.223389 -0.128662
v -0.095947 -0.219971 -0.127686
v -0.103271 -0.223389 -0.134033
v -0.106689 -0.223389 -0.137451
v -0.106689 -0.223389 -0.136963
v -0.106689 -0.219971 -0.137939
v -0.103760 -0.223389 -0.125244
v -0.106689 -0.223389 -0.131592
v -0.106689 -0.223389 -0.127686
v -0.109619 -0.229736 -0.150146
v -0.112061 -0.231689 -0.145752
v -0.109619 -0.232178 -0.141846
v -0.111572 -0.229248 -0.144775
v -0.114014 -0.229736 -0.145752
v -0.112061 -0.218994 -0.144775
v -0.109619 -0.229248 -0.135986
v -0.115479 -0.227295 -0.137939
v -0.116943 -0.227295 -0.128174
v -0.110107 -0.223389 -0.134033
v -0.112061 -0.223877 -0.135010
v -0.115479 -0.220459 -0.137939
v -0.109619 -0.223389 -0.125244
v -0.113525 -0.223877 -0.128662
v -0.117920 -0.223877 -0.140381
v -0.120361 -0.223877 -0.127686
v -0.117432 -0.220459 -0.128174
v -0.088135 -0.211182 -0.172119
v -0.090088 -0.211670 -0.172119
v -0.084717 -0.203857 -0.172607
v -0.086670 -0.209229 -0.172119
v -0.086670 -0.205811 -0.172119
v -0.089111 -0.203369 -0.172119
v -0.093018 -0.203369 -0.172119
v -0.084717 -0.203369 -0.167725
v -0.085693 -0.204346 -0.164795
v -0.087646 -0.201416 -0.172607
v -0.088135 -0.202393 -0.164795
v -0.087646 -0.200928 -0.167725
v -0.082275 -0.187744 -0.164307
v -0.063232 -0.205811 -0.134521
v -0.081787 -0.206787 -0.134521
v -0.084717 -0.204346 -0.132080
v -0.063721 -0.194580 -0.148193
v -0.082275 -0.195557 -0.148193
v -0.085205 -0.192627 -0.146240
v -0.094971 -0.206787 -0.172119
v -0.094482 -0.204834 -0.172119
v -0.123779 -0.212646 -0.172119
v -0.118896 -0.207275 -0.172119
v -0.119385 -0.205322 -0.172119
v -0.121338 -0.204346 -0.172119
v -0.124756 -0.204346 -0.172119
v -0.094482 -0.213135 -0.154541
v -0.093994 -0.212646 -0.153076
v -0.096436 -0.211182 -0.154541
v -0.099365 -0.218018 -0.145752
v -0.101318 -0.218506 -0.144775
v -0.101318 -0.216064 -0.145752
v -0.103760 -0.217529 -0.150146
v -0.106689 -0.214600 -0.151123
v -0.106689 -0.218018 -0.141846
v -0.103760 -0.214600 -0.141357
v -0.107178 -0.212158 -0.141357
v -0.095947 -0.210693 -0.153076
v -0.103760 -0.218018 -0.135986
v -0.106689 -0.216064 -0.134033
v -0.110107 -0.217529 -0.150146
v -0.112549 -0.216553 -0.145752
v -0.110107 -0.215088 -0.141357
v -0.114502 -0.218506 -0.145752
v -0.119385 -0.213623 -0.154541
v -0.119873 -0.213623 -0.153076
v -0.117432 -0.211670 -0.154541
v -0.117920 -0.211670 -0.153076
v -0.110107 -0.218018 -0.135986
v -0.030029 -0.175049 -0.198486
v -0.035889 -0.180420 -0.209229
v -0.036377 -0.176514 -0.213135
v -0.032959 -0.176514 -0.210205
v -0.041748 -0.173584 -0.203369
v -0.033936 -0.179932 -0.197021
v -0.062256 -0.183350 -0.208740
v -0.059814 -0.182861 -0.194580
v -0.061279 -0.178467 -0.199951
v -0.037842 -0.169189 -0.203369
v -0.004150 -0.148682 -0.240967
v -0.007080 -0.148682 -0.241943
v -0.011475 -0.149170 -0.246826
v -0.009521 -0.148682 -0.244385
v -0.013428 -0.149170 -0.246826
v -0.013428 -0.149170 -0.239502
v -0.003662 -0.144775 -0.242920
v -0.006592 -0.144775 -0.243896
v -0.008545 -0.144775 -0.246338
v -0.010986 -0.144775 -0.248779
v -0.013916 -0.144775 -0.248779
v -0.004150 -0.149170 -0.225830
v -0.007080 -0.149170 -0.225342
v -0.013428 -0.149170 -0.227783
v -0.009521 -0.149170 -0.222412
v -0.011475 -0.149170 -0.220459
v -0.013428 -0.149658 -0.220459
v -0.003662 -0.144775 -0.223877
v -0.006592 -0.145264 -0.222900
v -0.008545 -0.145264 -0.220459
v -0.016357 -0.149170 -0.245361
v -0.019287 -0.149170 -0.244873
v -0.016846 -0.145264 -0.247314
v -0.019775 -0.145264 -0.246826
v -0.016357 -0.149658 -0.221924
v -0.019287 -0.149658 -0.222412
v -0.016846 -0.145752 -0.219482
v -0.019775 -0.145752 -0.219971
v -0.010986 -0.145264 -0.218018
v -0.013916 -0.145264 -0.218018
v -0.030518 -0.146240 -0.197998
v -0.041260 -0.150146 -0.244873
v -0.043701 -0.146240 -0.246826
v -0.041260 -0.150635 -0.222412
v -0.043701 -0.146729 -0.219971
v -0.037842 -0.149658 -0.203369
v -0.036865 -0.146240 -0.213135
v -0.032471 -0.146240 -0.210205
v -0.041748 -0.148193 -0.209229
v -0.034912 -0.149658 -0.188232
v -0.006592 -0.176025 -0.156494
v -0.012939 -0.172607 -0.167725
v -0.020264 -0.173584 -0.177002
v -0.030029 -0.178955 -0.185791
v -0.026123 -0.174561 -0.187256
v -0.023682 -0.178467 -0.174561
v -0.015869 -0.177002 -0.164795
v -0.003662 -0.171631 -0.159912
v -0.007568 -0.177490 -0.129150
v -0.009521 -0.173584 -0.125244
v -0.021729 -0.178467 -0.138428
v -0.024658 -0.174561 -0.135010
v -0.045654 -0.181396 -0.163818
v -0.053955 -0.182373 -0.178955
v -0.061279 -0.179443 -0.181885
v -0.057861 -0.178467 -0.177002
v -0.060791 -0.183350 -0.163330
v -0.049072 -0.177490 -0.161377
v -0.034424 -0.179932 -0.150146
v -0.037842 -0.176025 -0.147217
v -0.004639 -0.144775 -0.159912
v -0.013428 -0.145264 -0.167725
v -0.020752 -0.145752 -0.177002
v -0.026611 -0.145752 -0.187256
v -0.023193 -0.147217 -0.169678
v -0.005615 -0.146729 -0.152100
v -0.010010 -0.146729 -0.156006
v -0.008057 -0.145264 -0.154053
v -0.008057 -0.145264 -0.153564
v -0.008057 -0.143311 -0.151611
v -0.010498 -0.144287 -0.125244
v -0.025146 -0.145264 -0.135010
v -0.058838 -0.147217 -0.177002
v -0.050049 -0.146729 -0.161377
v -0.038818 -0.145752 -0.147217
v -0.062744 -0.178955 -0.213135
v -0.064697 -0.178955 -0.203369
v -0.066650 -0.179443 -0.208740
v -0.072510 -0.176514 -0.203369
v -0.076904 -0.172607 -0.203369
v -0.064209 -0.182373 -0.199951
v -0.064209 -0.179443 -0.193604
v -0.082275 -0.179932 -0.203369
v -0.082764 -0.183350 -0.199951
v -0.085693 -0.179932 -0.199951
v -0.068604 -0.155029 -0.203369
v -0.063232 -0.147217 -0.213135
v -0.067627 -0.147705 -0.208740
v -0.067627 -0.155029 -0.199951
v -0.064697 -0.147705 -0.193604
v -0.078857 -0.155518 -0.203369
v -0.080322 -0.155518 -0.199951
v -0.077393 -0.131592 -0.203369
v -0.108643 -0.142334 -0.194092
v -0.064209 -0.182861 -0.182373
v -0.063721 -0.186768 -0.164307
v -0.082764 -0.183838 -0.182373
v -0.085693 -0.180420 -0.181885
v -0.085693 -0.184326 -0.163330
v -0.067627 -0.155029 -0.181885
v -0.067627 -0.155029 -0.163818
v -0.080322 -0.155518 -0.181885
v -0.080322 -0.155518 -0.164307
v -0.067139 -0.155029 -0.146729
v -0.067139 -0.155029 -0.132080
v -0.080322 -0.155518 -0.146729
v -0.080322 -0.155518 -0.132080
v -0.031006 -0.248291 -0.076416
v -0.038330 -0.238037 -0.093994
v -0.062256 -0.234619 -0.119873
v -0.062256 -0.238037 -0.115967
v -0.062256 -0.238037 -0.096436
v -0.059326 -0.234619 -0.096436
v -0.037842 -0.234131 -0.097900
v -0.059326 -0.234131 -0.115479
v -0.032471 -0.241943 -0.080811
v -0.034912 -0.248291 -0.070557
v -0.037354 -0.248291 -0.077881
v -0.031494 -0.248779 -0.068604
v -0.038330 -0.249268 -0.062744
v -0.038818 -0.240967 -0.074951
v -0.037842 -0.238525 -0.077881
v -0.038330 -0.234619 -0.073975
v -0.039307 -0.241455 -0.067139
v -0.062256 -0.234619 -0.093018
v -0.059814 -0.218506 -0.121338
v -0.035889 -0.197998 -0.073975
v -0.032959 -0.199951 -0.066650
v -0.038330 -0.193115 -0.069092
v -0.040771 -0.188721 -0.065186
v -0.033447 -0.243408 -0.062256
v -0.045654 -0.249756 -0.059814
v -0.036377 -0.200928 -0.058838
v -0.043701 -0.199463 -0.055908
v -0.041748 -0.193604 -0.060791
v -0.044189 -0.188721 -0.056885
v -0.047607 -0.198486 -0.056885
v -0.048096 -0.198486 -0.048584
v -0.047119 -0.193604 -0.059814
v -0.048584 -0.193115 -0.059814
v -0.052002 -0.190186 -0.053955
v -0.055420 -0.191162 -0.055420
v -0.055908 -0.191162 -0.047119
v -0.048584 -0.193604 -0.042236
v -0.051025 -0.191650 -0.041748
v -0.080811 -0.235596 -0.119873
v -0.080811 -0.239014 -0.115967
v -0.083740 -0.235107 -0.115967
v -0.085693 -0.245361 -0.099365
v -0.093018 -0.247314 -0.094482
v -0.091064 -0.242432 -0.099365
v -0.092529 -0.243896 -0.096436
v -0.080811 -0.239014 -0.096436
v -0.083740 -0.235596 -0.096436
v -0.062744 -0.219971 -0.124756
v -0.081299 -0.220947 -0.124756
v -0.084229 -0.219482 -0.121338
v -0.090576 -0.249756 -0.086670
v -0.093506 -0.243408 -0.081299
v -0.084229 -0.241943 -0.092529
v -0.080811 -0.235596 -0.093018
v -0.086182 -0.241943 -0.083740
v -0.118896 -0.240967 -0.117432
v -0.118408 -0.237061 -0.122314
v -0.122803 -0.237061 -0.118408
v -0.118896 -0.243896 -0.105225
v -0.119873 -0.248779 -0.100342
v -0.118896 -0.240967 -0.101807
v -0.122803 -0.237061 -0.102295
v -0.119385 -0.237061 -0.097412
v -0.106201 -0.231201 -0.124756
v -0.103271 -0.229248 -0.122803
v -0.109131 -0.229248 -0.122803
v -0.106201 -0.226807 -0.120850
v -0.106689 -0.226807 -0.118408
v -0.103271 -0.231201 -0.116943
v -0.106201 -0.234131 -0.116943
v -0.109131 -0.231201 -0.116943
v -0.106201 -0.228271 -0.116943
v -0.099854 -0.226318 -0.120850
v -0.097900 -0.223389 -0.118408
v -0.100342 -0.219971 -0.120850
v -0.102295 -0.223389 -0.123291
v -0.106689 -0.223389 -0.122314
v -0.106689 -0.223389 -0.121826
v -0.106689 -0.219971 -0.120361
v -0.106689 -0.219971 -0.118408
v -0.106689 -0.223389 -0.115479
v -0.106689 -0.218994 -0.116455
v -0.113037 -0.226807 -0.120850
v -0.111084 -0.223389 -0.123779
v -0.115479 -0.223877 -0.118408
v -0.113037 -0.220459 -0.120850
v -0.095947 -0.242920 -0.088623
v -0.095459 -0.247314 -0.085693
v -0.095947 -0.241943 -0.079346
v -0.121826 -0.248779 -0.091553
v -0.123779 -0.243408 -0.085693
v -0.089600 -0.198486 -0.095459
v -0.083252 -0.192139 -0.096924
v -0.090576 -0.191650 -0.093994
v -0.086182 -0.198975 -0.088623
v -0.088135 -0.198486 -0.080322
v -0.091553 -0.193115 -0.089600
v -0.093506 -0.190186 -0.092041
v -0.093506 -0.193115 -0.080811
v -0.091064 -0.190186 -0.078857
v -0.103760 -0.217529 -0.122803
v -0.106689 -0.216064 -0.124756
v -0.103760 -0.215576 -0.116455
v -0.106689 -0.212646 -0.116455
v -0.109619 -0.218018 -0.122803
v -0.109619 -0.215576 -0.116455
v -0.094971 -0.189209 -0.098877
v -0.117432 -0.200439 -0.101807
v -0.123779 -0.201416 -0.097412
v -0.118408 -0.188721 -0.105713
v -0.117920 -0.195068 -0.095459
v -0.121338 -0.193604 -0.100830
v -0.093994 -0.196045 -0.087646
v -0.097412 -0.196045 -0.079346
v -0.095947 -0.194092 -0.093506
v -0.093994 -0.190674 -0.086182
v -0.099854 -0.189209 -0.089600
v -0.098389 -0.194092 -0.084717
v -0.099365 -0.187744 -0.078369
v -0.103271 -0.189209 -0.081299
v -0.094482 -0.198486 -0.075439
v -0.100342 -0.190186 -0.073975
v -0.122314 -0.199951 -0.081787
v -0.120361 -0.194580 -0.087158
v -0.123779 -0.193604 -0.092041
v -0.031006 -0.185791 -0.073486
v -0.036865 -0.186768 -0.068115
v -0.033936 -0.131592 -0.097900
v -0.034424 -0.131592 -0.073975
v -0.031494 -0.187256 -0.054932
v -0.036865 -0.187256 -0.060303
v -0.052979 -0.135986 -0.052002
v -0.055908 -0.137939 -0.049561
v -0.051025 -0.137939 -0.035889
v -0.056396 -0.138428 -0.041260
v -0.084717 -0.185791 -0.091064
v -0.088135 -0.185303 -0.083252
v -0.121826 -0.185303 -0.106689
v -0.067139 -0.155029 -0.121338
v -0.067139 -0.155029 -0.116455
v -0.067139 -0.155029 -0.096436
v -0.080322 -0.155518 -0.121338
v -0.080322 -0.155518 -0.116455
v -0.079834 -0.155518 -0.096436
v -0.068604 -0.155029 -0.093018
v -0.078857 -0.155518 -0.093018
v -0.108154 -0.147705 -0.095947
v -0.111572 -0.134033 -0.121338
v -0.115967 -0.134033 -0.117920
v -0.112549 -0.134033 -0.096924
v -0.115967 -0.134033 -0.101318
v -0.122314 -0.135010 -0.106689
v -0.100830 -0.136475 -0.087646
v -0.100342 -0.135498 -0.078369
v -0.104248 -0.136475 -0.079346
v -0.101318 -0.135986 -0.071533
v -0.086670 -0.174072 -0.004639
v -0.083252 -0.170166 -0.004639
v -0.087158 -0.169678 -0.008057
v -0.107666 -0.174561 -0.004639
v -0.107666 -0.170654 -0.008057
v -0.111572 -0.171143 -0.004639
v -0.084229 -0.141357 -0.004639
v -0.087646 -0.141357 -0.008057
v -0.108643 -0.141846 -0.008057
v -0.112549 -0.142334 -0.004639
v -0.125244 -0.240967 -0.224365
v -0.125244 -0.240967 -0.220459
v -0.126221 -0.208252 -0.224365
v -0.126221 -0.208252 -0.218506
v -0.125732 -0.246826 -0.172607
v -0.128174 -0.244385 -0.172607
v -0.126221 -0.242432 -0.172119
v -0.126709 -0.238525 -0.172119
v -0.125244 -0.237061 -0.172119
v -0.125732 -0.246826 -0.167725
v -0.128174 -0.244385 -0.167725
v -0.127197 -0.243408 -0.164795
v -0.125732 -0.212158 -0.172119
v -0.127197 -0.210205 -0.172119
v -0.127197 -0.206787 -0.172119
v -0.129150 -0.204834 -0.172607
v -0.128174 -0.205811 -0.164795
v -0.126221 -0.203369 -0.164795
v -0.129639 -0.204834 -0.167725
v -0.126709 -0.202393 -0.172607
v -0.127197 -0.202393 -0.167725
v -0.125244 -0.243408 -0.100830
v -0.127197 -0.242920 -0.092529
v -0.126221 -0.200928 -0.088623
v -0.231689 -0.246826 -0.022705
v -0.230713 -0.242920 -0.003174
v -0.234131 -0.239990 -0.003174
v -0.235107 -0.243896 -0.023193
v -0.127686 -0.186768 -0.102295
v -0.125732 -0.187256 -0.086182
v -0.129639 -0.186768 -0.093506
v -0.128174 -0.135010 -0.102295
v -0.126709 -0.135010 -0.086182
v -0.130615 -0.135010 -0.093506
v -0.154541 -0.163818 -0.055420
v -0.150146 -0.159912 -0.055420
v -0.150635 -0.136963 -0.055420
v -0.204834 -0.164795 -0.055908
v -0.209229 -0.160889 -0.055908
v -0.201904 -0.173096 -0.011475
v -0.205811 -0.177490 -0.011475
v -0.239502 -0.177979 -0.011475
v -0.243408 -0.174072 -0.011475
v -0.209717 -0.137939 -0.055908
v -0.202393 -0.153564 -0.011475
v -0.243896 -0.154541 -0.011475
v -0.031006 -0.123291 -0.197998
v -0.032959 -0.123291 -0.210205
v -0.035889 -0.119385 -0.210205
v -0.004639 -0.122314 -0.159912
v -0.013428 -0.122803 -0.167725
v -0.021240 -0.123291 -0.177002
v -0.027100 -0.123291 -0.187256
v -0.266357 -0.246826 -0.445068
v -0.270264 -0.226318 -0.445068
v -0.307861 -0.220459 -0.448486
v -0.266357 -0.206299 -0.445068
v -0.255127 -0.188721 -0.445068
v -0.279053 -0.189697 -0.454346
v -0.284912 -0.195068 -0.454346
v -0.284424 -0.190186 -0.460693
v -0.265381 -0.242432 -0.415771
v -0.262939 -0.239014 -0.414795
v -0.262939 -0.236572 -0.414307
v -0.271240 -0.248779 -0.417236
v -0.270752 -0.249756 -0.413330
v -0.271729 -0.249268 -0.413818
v -0.265869 -0.243408 -0.412842
v -0.277100 -0.249268 -0.418213
v -0.277588 -0.248779 -0.421631
v -0.267334 -0.236572 -0.416260
v -0.266357 -0.239014 -0.410400
v -0.263916 -0.233643 -0.412842
v -0.268311 -0.232178 -0.412354
v -0.267334 -0.233154 -0.409912
v -0.274658 -0.228271 -0.408936
v -0.281006 -0.226807 -0.411377
v -0.276611 -0.226318 -0.413818
v -0.273682 -0.229736 -0.405518
v -0.281006 -0.226318 -0.387451
v -0.286865 -0.246338 -0.422119
v -0.286865 -0.246826 -0.420166
v -0.283936 -0.238037 -0.417725
v -0.301025 -0.242920 -0.427979
v -0.301514 -0.242920 -0.427002
v -0.305908 -0.246826 -0.428955
v -0.305908 -0.246338 -0.427979
v -0.307861 -0.247803 -0.424561
v -0.311279 -0.242432 -0.429443
v -0.304443 -0.239990 -0.426025
v -0.303955 -0.238037 -0.425049
v -0.306396 -0.241455 -0.426025
v -0.308838 -0.240967 -0.425537
v -0.306396 -0.236084 -0.424072
v -0.309326 -0.238037 -0.424072
v -0.311279 -0.237549 -0.422119
v -0.299072 -0.248291 -0.421631
v -0.298584 -0.248291 -0.406982
v -0.300537 -0.249756 -0.406982
v -0.302979 -0.242432 -0.412354
v -0.308838 -0.249268 -0.421631
v -0.305420 -0.245850 -0.416260
v -0.305908 -0.245850 -0.417725
v -0.309326 -0.246338 -0.410400
v -0.302979 -0.236572 -0.421143
v -0.293213 -0.227295 -0.406982
v -0.291260 -0.220947 -0.407959
v -0.290771 -0.218994 -0.409912
v -0.304932 -0.231689 -0.426025
v -0.301514 -0.231689 -0.409424
v -0.301025 -0.230225 -0.411865
v -0.298096 -0.219482 -0.411865
v -0.284912 -0.243896 -0.404053
v -0.287354 -0.248779 -0.383057
v -0.291748 -0.248291 -0.380127
v -0.298584 -0.246338 -0.406006
v -0.302979 -0.249268 -0.406006
v -0.303467 -0.246826 -0.405029
v -0.301025 -0.244873 -0.404541
v -0.307861 -0.244385 -0.399658
v -0.309326 -0.243408 -0.400635
v -0.304443 -0.235107 -0.391846
v -0.310303 -0.236572 -0.391846
v -0.298096 -0.249756 -0.378662
v -0.310303 -0.239502 -0.387451
v -0.311768 -0.240967 -0.386475
v -0.307861 -0.237549 -0.389893
v -0.283936 -0.227783 -0.401611
v -0.284912 -0.226807 -0.392334
v -0.293213 -0.228760 -0.403564
v -0.283936 -0.226318 -0.405518
v -0.285889 -0.219971 -0.403564
v -0.302002 -0.230713 -0.392334
v -0.303955 -0.229736 -0.394775
v -0.306885 -0.234131 -0.393799
v -0.300537 -0.225830 -0.391357
v -0.302979 -0.224854 -0.393799
v -0.302979 -0.220947 -0.391846
v -0.310791 -0.226318 -0.392334
v -0.302002 -0.231201 -0.389404
v -0.310791 -0.230713 -0.384033
v -0.307861 -0.226807 -0.384033
v -0.311279 -0.228760 -0.390381
v -0.310791 -0.226807 -0.390381
v -0.308838 -0.228760 -0.385010
v -0.309814 -0.230225 -0.384521
v -0.310303 -0.228760 -0.383545
v -0.311279 -0.230225 -0.383057
v -0.308838 -0.227783 -0.384521
v -0.309326 -0.226807 -0.384033
v -0.311768 -0.229248 -0.382568
v -0.311768 -0.228271 -0.382080
v -0.310791 -0.226807 -0.382568
v -0.301025 -0.221924 -0.389404
v -0.301514 -0.222412 -0.385986
v -0.310791 -0.224365 -0.388916
v -0.309814 -0.226318 -0.383057
v -0.310791 -0.220947 -0.376709
v -0.272217 -0.203857 -0.414307
v -0.276611 -0.201904 -0.411377
v -0.280029 -0.211670 -0.401123
v -0.280518 -0.213623 -0.398193
v -0.278564 -0.208252 -0.394775
v -0.278076 -0.206787 -0.397217
v -0.277588 -0.206299 -0.393311
v -0.281006 -0.203857 -0.390869
v -0.275146 -0.202393 -0.393311
v -0.280029 -0.200439 -0.394775
v -0.277588 -0.199463 -0.391357
v -0.280029 -0.200439 -0.392334
v -0.276123 -0.201904 -0.387451
v -0.284912 -0.218018 -0.406494
v -0.297119 -0.218018 -0.413330
v -0.306885 -0.211182 -0.419189
v -0.308350 -0.214600 -0.415771
v -0.308838 -0.213623 -0.417236
v -0.308350 -0.218018 -0.413818
v -0.312256 -0.216553 -0.406982
v -0.306396 -0.214111 -0.408447
v -0.298584 -0.210693 -0.414307
v -0.305908 -0.210205 -0.420166
v -0.310303 -0.207764 -0.419189
v -0.310791 -0.208740 -0.418213
v -0.307861 -0.207275 -0.408447
v -0.308838 -0.208740 -0.406982
v -0.295166 -0.214600 -0.396240
v -0.291260 -0.206299 -0.405029
v -0.296631 -0.204834 -0.387451
v -0.302002 -0.215576 -0.399658
v -0.301514 -0.214111 -0.401123
v -0.297607 -0.212646 -0.391357
v -0.311279 -0.216553 -0.400635
v -0.303955 -0.203369 -0.401123
v -0.297119 -0.210205 -0.393799
v -0.310791 -0.207275 -0.404053
v -0.304932 -0.204834 -0.398682
v -0.311768 -0.206299 -0.405518
v -0.302979 -0.218018 -0.385986
v -0.304932 -0.217041 -0.388428
v -0.308838 -0.215088 -0.384033
v -0.305908 -0.218506 -0.380615
v -0.306885 -0.218506 -0.379639
v -0.306396 -0.216064 -0.381592
v -0.308838 -0.216553 -0.379639
v -0.311279 -0.215576 -0.381592
v -0.311768 -0.217529 -0.377197
v -0.297119 -0.207275 -0.385010
v -0.310303 -0.209717 -0.385010
v -0.285400 -0.197998 -0.391846
v -0.290771 -0.197998 -0.392334
v -0.288818 -0.191162 -0.391357
v -0.281494 -0.200928 -0.389893
v -0.284912 -0.199463 -0.389893
v -0.291260 -0.199951 -0.389893
v -0.299072 -0.199951 -0.395752
v -0.300049 -0.202393 -0.392822
v -0.309326 -0.200439 -0.393311
v -0.299561 -0.197510 -0.383545
v -0.300537 -0.198975 -0.381104
v -0.303955 -0.192139 -0.380615
v -0.304443 -0.194092 -0.378662
v -0.308350 -0.194092 -0.378174
v -0.311768 -0.192627 -0.379150
v -0.307861 -0.190674 -0.382080
v -0.305420 -0.191162 -0.378662
v -0.307373 -0.190674 -0.378662
v -0.309326 -0.190674 -0.379150
v -0.311768 -0.191162 -0.381104
v -0.314209 -0.231689 -0.452393
v -0.325439 -0.226318 -0.448486
v -0.319092 -0.215576 -0.444580
v -0.326904 -0.209717 -0.447021
v -0.332764 -0.217529 -0.449951
v -0.338135 -0.203369 -0.442139
v -0.343994 -0.211182 -0.445068
v -0.361084 -0.196533 -0.455322
v -0.361572 -0.192139 -0.461670
v -0.366943 -0.191650 -0.455322
v -0.322021 -0.237549 -0.426025
v -0.321533 -0.249268 -0.419678
v -0.327881 -0.248291 -0.419678
v -0.324951 -0.246338 -0.415771
v -0.324951 -0.245361 -0.418213
v -0.326416 -0.244385 -0.419678
v -0.327393 -0.244385 -0.417236
v -0.323486 -0.238525 -0.417725
v -0.324951 -0.238525 -0.414795
v -0.335205 -0.247314 -0.422607
v -0.329346 -0.245850 -0.422607
v -0.340088 -0.243896 -0.424561
v -0.329346 -0.249268 -0.420654
v -0.330322 -0.247314 -0.417725
v -0.332275 -0.249268 -0.421143
v -0.335693 -0.248779 -0.414307
v -0.335205 -0.247314 -0.417725
v -0.331787 -0.245850 -0.417725
v -0.336182 -0.246338 -0.420166
v -0.341064 -0.243896 -0.421631
v -0.315674 -0.226318 -0.422119
v -0.322510 -0.230225 -0.416260
v -0.323975 -0.229736 -0.412842
v -0.314209 -0.224854 -0.410400
v -0.314697 -0.220947 -0.409912
v -0.315674 -0.220459 -0.409912
v -0.316650 -0.219482 -0.411377
v -0.319580 -0.222412 -0.408447
v -0.316650 -0.218994 -0.409424
v -0.319092 -0.219482 -0.408936
v -0.326416 -0.225830 -0.420166
v -0.324463 -0.222900 -0.418701
v -0.325439 -0.222900 -0.415771
v -0.322998 -0.224854 -0.406494
v -0.323486 -0.223389 -0.408447
v -0.331787 -0.233154 -0.427002
v -0.343018 -0.229248 -0.423096
v -0.338135 -0.221924 -0.432861
v -0.337158 -0.218994 -0.433350
v -0.340576 -0.222412 -0.432373
v -0.343506 -0.221924 -0.430908
v -0.342529 -0.220459 -0.431885
v -0.339111 -0.218994 -0.424072
v -0.337646 -0.230713 -0.415771
v -0.343018 -0.229248 -0.421143
v -0.341064 -0.218994 -0.420654
v -0.343506 -0.218994 -0.421631
v -0.313232 -0.244873 -0.391357
v -0.314697 -0.243408 -0.393799
v -0.320557 -0.247314 -0.387451
v -0.322021 -0.245361 -0.390381
v -0.314209 -0.239990 -0.388916
v -0.315674 -0.239502 -0.386963
v -0.313721 -0.240479 -0.384521
v -0.318115 -0.239014 -0.384521
v -0.313721 -0.238525 -0.380615
v -0.316162 -0.239990 -0.382568
v -0.318604 -0.237061 -0.378662
v -0.320557 -0.236084 -0.381104
v -0.330322 -0.249268 -0.390869
v -0.314697 -0.227783 -0.390869
v -0.315186 -0.231201 -0.387939
v -0.315674 -0.228271 -0.390381
v -0.317139 -0.228271 -0.388916
v -0.317627 -0.227295 -0.387939
v -0.316650 -0.229736 -0.385498
v -0.317139 -0.227295 -0.384033
v -0.316162 -0.230713 -0.375244
v -0.319580 -0.232178 -0.375732
v -0.321533 -0.231201 -0.377686
v -0.314209 -0.224854 -0.390381
v -0.316162 -0.225830 -0.389404
v -0.314697 -0.223877 -0.389404
v -0.316162 -0.223877 -0.388428
v -0.316162 -0.224854 -0.384033
v -0.315186 -0.223877 -0.384521
v -0.317627 -0.225830 -0.387451
v -0.316650 -0.224365 -0.387939
v -0.312744 -0.222412 -0.386475
v -0.319092 -0.222412 -0.376709
v -0.317627 -0.219971 -0.377197
v -0.321045 -0.225830 -0.376709
v -0.341064 -0.227295 -0.398682
v -0.343018 -0.226807 -0.396240
v -0.329346 -0.224365 -0.403076
v -0.330322 -0.222412 -0.406006
v -0.336182 -0.218994 -0.401123
v -0.340088 -0.223389 -0.398193
v -0.341553 -0.222900 -0.395264
v -0.339111 -0.220947 -0.397705
v -0.341064 -0.220459 -0.394775
v -0.345459 -0.237549 -0.426514
v -0.346924 -0.237061 -0.423096
v -0.347412 -0.236572 -0.422119
v -0.353271 -0.240967 -0.423584
v -0.347900 -0.236572 -0.419189
v -0.354248 -0.240967 -0.420166
v -0.360107 -0.242432 -0.427979
v -0.361572 -0.242920 -0.425049
v -0.366943 -0.241943 -0.430908
v -0.365479 -0.240967 -0.430908
v -0.369385 -0.241943 -0.431396
v -0.371338 -0.239990 -0.432373
v -0.372314 -0.238525 -0.432373
v -0.368408 -0.238037 -0.432861
v -0.371338 -0.235107 -0.431885
v -0.367432 -0.241455 -0.428955
v -0.370361 -0.238037 -0.428467
v -0.371826 -0.235107 -0.429443
v -0.345947 -0.230225 -0.428467
v -0.347412 -0.229736 -0.426025
v -0.357178 -0.229736 -0.430420
v -0.344482 -0.221436 -0.429443
v -0.345947 -0.218994 -0.429443
v -0.354248 -0.230713 -0.408936
v -0.356201 -0.230713 -0.406494
v -0.357178 -0.227295 -0.411377
v -0.359131 -0.227295 -0.408936
v -0.346924 -0.220459 -0.420654
v -0.345459 -0.222900 -0.408936
v -0.346924 -0.222900 -0.409912
v -0.349365 -0.223389 -0.408447
v -0.344482 -0.220947 -0.407959
v -0.343994 -0.219482 -0.407959
v -0.345947 -0.219971 -0.409424
v -0.347900 -0.221924 -0.410889
v -0.347900 -0.219971 -0.410889
v -0.350830 -0.221924 -0.409424
v -0.351318 -0.219482 -0.409912
v -0.359131 -0.221924 -0.412842
v -0.370361 -0.228271 -0.430420
v -0.371826 -0.228760 -0.427490
v -0.367432 -0.220947 -0.427002
v -0.368408 -0.220947 -0.423584
v -0.360107 -0.229248 -0.418213
v -0.361084 -0.221924 -0.410400
v -0.360596 -0.219482 -0.410400
v -0.343994 -0.230713 -0.401123
v -0.345459 -0.231201 -0.402100
v -0.347412 -0.231201 -0.399658
v -0.350342 -0.232178 -0.405518
v -0.345947 -0.230713 -0.398193
v -0.348877 -0.228760 -0.398193
v -0.352295 -0.232178 -0.403076
v -0.356201 -0.228271 -0.404053
v -0.346924 -0.223389 -0.406006
v -0.344971 -0.221436 -0.404541
v -0.344482 -0.219482 -0.404541
v -0.350342 -0.220947 -0.402100
v -0.349365 -0.218994 -0.401611
v -0.349854 -0.220459 -0.401611
v -0.345459 -0.220459 -0.395264
v -0.351807 -0.221436 -0.403564
v -0.352783 -0.219971 -0.404053
v -0.327881 -0.218018 -0.422607
v -0.313721 -0.210205 -0.413330
v -0.312744 -0.210693 -0.407471
v -0.326416 -0.209717 -0.406494
v -0.327393 -0.207764 -0.407471
v -0.325928 -0.206299 -0.409912
v -0.335205 -0.214111 -0.422119
v -0.338623 -0.218506 -0.432373
v -0.337646 -0.216064 -0.432861
v -0.336670 -0.215088 -0.431396
v -0.339111 -0.216553 -0.432861
v -0.340088 -0.216553 -0.433838
v -0.342041 -0.217529 -0.432373
v -0.336670 -0.214111 -0.432373
v -0.337646 -0.211670 -0.431885
v -0.339111 -0.212646 -0.429932
v -0.342041 -0.214600 -0.433838
v -0.341553 -0.212646 -0.433350
v -0.340088 -0.211182 -0.432861
v -0.340088 -0.212646 -0.431396
v -0.342041 -0.212646 -0.433350
v -0.339600 -0.212646 -0.427979
v -0.342529 -0.207764 -0.428955
v -0.329346 -0.217529 -0.420654
v -0.335693 -0.216553 -0.421143
v -0.328857 -0.211670 -0.415283
v -0.329834 -0.213135 -0.412842
v -0.336182 -0.215088 -0.420654
v -0.342529 -0.218506 -0.420654
v -0.340088 -0.216553 -0.420166
v -0.341064 -0.214600 -0.419678
v -0.343506 -0.214111 -0.420166
v -0.340576 -0.204346 -0.407471
v -0.325439 -0.197998 -0.406982
v -0.335693 -0.197510 -0.416748
v -0.329834 -0.188721 -0.406494
v -0.339600 -0.188232 -0.407959
v -0.319580 -0.211182 -0.401123
v -0.319580 -0.212646 -0.400146
v -0.322510 -0.215576 -0.396729
v -0.315674 -0.203369 -0.396240
v -0.322510 -0.208740 -0.391846
v -0.322510 -0.206787 -0.393799
v -0.322510 -0.203369 -0.393311
v -0.314209 -0.216553 -0.379150
v -0.322021 -0.203857 -0.385498
v -0.336182 -0.217529 -0.404053
v -0.339111 -0.213135 -0.399658
v -0.339600 -0.212158 -0.401611
v -0.341064 -0.211182 -0.399170
v -0.339111 -0.216064 -0.397705
v -0.341064 -0.216064 -0.395264
v -0.330811 -0.204346 -0.394287
v -0.338623 -0.208252 -0.401123
v -0.341553 -0.210693 -0.399658
v -0.341064 -0.208740 -0.398682
v -0.337646 -0.210205 -0.396729
v -0.343506 -0.210693 -0.397217
v -0.340088 -0.207275 -0.397705
v -0.337646 -0.205811 -0.397705
v -0.336670 -0.206787 -0.395752
v -0.316162 -0.202393 -0.398682
v -0.326416 -0.198975 -0.404541
v -0.322998 -0.201416 -0.395752
v -0.327393 -0.191162 -0.405029
v -0.327881 -0.189209 -0.403076
v -0.317627 -0.196533 -0.381104
v -0.322021 -0.201416 -0.387939
v -0.317139 -0.194580 -0.384033
v -0.331299 -0.202881 -0.396729
v -0.328369 -0.192627 -0.403076
v -0.331299 -0.191162 -0.402588
v -0.329346 -0.187744 -0.403076
v -0.333740 -0.188721 -0.403564
v -0.340576 -0.189209 -0.405029
v -0.344482 -0.212158 -0.423584
v -0.345947 -0.212158 -0.422119
v -0.356201 -0.214111 -0.429932
v -0.356689 -0.215088 -0.428467
v -0.353271 -0.214600 -0.425537
v -0.353271 -0.214600 -0.423584
v -0.346436 -0.205811 -0.429443
v -0.351807 -0.204346 -0.422607
v -0.345459 -0.216064 -0.421143
v -0.347412 -0.218506 -0.410889
v -0.344482 -0.218018 -0.408447
v -0.345459 -0.217529 -0.408936
v -0.346436 -0.217529 -0.409912
v -0.350830 -0.217529 -0.409424
v -0.348877 -0.215576 -0.407959
v -0.358643 -0.218018 -0.412842
v -0.358643 -0.215576 -0.412842
v -0.356689 -0.211182 -0.411865
v -0.359131 -0.214600 -0.406982
v -0.358643 -0.211182 -0.409424
v -0.346436 -0.203369 -0.418213
v -0.352295 -0.205811 -0.421143
v -0.353271 -0.207764 -0.408936
v -0.355225 -0.207764 -0.406494
v -0.364990 -0.212646 -0.429932
v -0.361572 -0.216064 -0.425537
v -0.362549 -0.216064 -0.422607
v -0.365967 -0.214111 -0.427490
v -0.371338 -0.208252 -0.429932
v -0.372314 -0.209717 -0.426514
v -0.360596 -0.215576 -0.410400
v -0.364014 -0.203857 -0.417236
v -0.345947 -0.202393 -0.419678
v -0.350342 -0.197998 -0.415771
v -0.351318 -0.198975 -0.413818
v -0.351318 -0.196045 -0.413818
v -0.350342 -0.194580 -0.416260
v -0.346924 -0.192139 -0.410889
v -0.348389 -0.194092 -0.408447
v -0.356689 -0.190186 -0.416260
v -0.358154 -0.191650 -0.413330
v -0.360596 -0.197998 -0.428467
v -0.374756 -0.193115 -0.428467
v -0.373779 -0.191650 -0.423096
v -0.370850 -0.187744 -0.424072
v -0.371826 -0.190186 -0.427490
v -0.371826 -0.189209 -0.422119
v -0.374756 -0.188721 -0.425537
v -0.373779 -0.187744 -0.424561
v -0.364502 -0.187744 -0.420166
v -0.365967 -0.188721 -0.417725
v -0.344971 -0.216553 -0.405029
v -0.346436 -0.215576 -0.406006
v -0.350830 -0.217529 -0.403076
v -0.349854 -0.218018 -0.402100
v -0.346436 -0.211670 -0.397217
v -0.352295 -0.218018 -0.404053
v -0.344971 -0.207764 -0.402588
v -0.346924 -0.207275 -0.400146
v -0.348877 -0.206299 -0.406006
v -0.350830 -0.206299 -0.403076
v -0.354248 -0.209229 -0.403076
v -0.357666 -0.192627 -0.392334
v -0.357666 -0.187744 -0.385986
v -0.363525 -0.188232 -0.392334
v -0.280518 -0.155518 -0.445557
v -0.280518 -0.149170 -0.451904
v -0.286865 -0.149170 -0.445068
v -0.259521 -0.184326 -0.414307
v -0.262939 -0.181396 -0.411377
v -0.265381 -0.178467 -0.392334
v -0.262939 -0.181396 -0.387451
v -0.282959 -0.186279 -0.391357
v -0.288818 -0.186279 -0.385010
v -0.293213 -0.177002 -0.388428
v -0.297119 -0.180908 -0.388428
v -0.283447 -0.156006 -0.397217
v -0.289795 -0.149658 -0.397705
v -0.283447 -0.149658 -0.390381
v -0.307373 -0.135498 -0.388916
v -0.307373 -0.135498 -0.385010
v -0.321045 -0.141357 -0.445557
v -0.330811 -0.186768 -0.403564
v -0.332764 -0.187256 -0.405518
v -0.313232 -0.166748 -0.384521
v -0.313232 -0.162842 -0.388916
v -0.350342 -0.182861 -0.389404
v -0.354736 -0.178955 -0.389404
v -0.314209 -0.132080 -0.388916
v -0.338135 -0.136475 -0.389404
v -0.342529 -0.136475 -0.385498
v -0.355713 -0.125732 -0.388916
v -0.280029 -0.226318 -0.328369
v -0.283936 -0.226318 -0.364502
v -0.283936 -0.226318 -0.324951
v -0.279053 -0.200928 -0.364502
v -0.275635 -0.202393 -0.328369
v -0.279053 -0.200928 -0.324951
v -0.256104 -0.242432 -0.294189
v -0.256104 -0.242432 -0.285889
v -0.271729 -0.249268 -0.305908
v -0.265869 -0.246826 -0.285889
v -0.268311 -0.247803 -0.287842
v -0.259521 -0.226318 -0.294189
v -0.259521 -0.226318 -0.285889
v -0.276611 -0.226318 -0.305908
v -0.281006 -0.226318 -0.307861
v -0.270264 -0.226318 -0.285889
v -0.272705 -0.226318 -0.287842
v -0.256104 -0.210205 -0.294189
v -0.257568 -0.204346 -0.294678
v -0.256104 -0.210205 -0.285889
v -0.272217 -0.203369 -0.305908
v -0.266357 -0.205811 -0.285889
v -0.268799 -0.204834 -0.287842
v -0.255127 -0.188721 -0.285889
v -0.276123 -0.201904 -0.307861
v -0.318604 -0.226807 -0.374268
v -0.316650 -0.223389 -0.374756
v -0.315674 -0.220947 -0.374756
v -0.264893 -0.179443 -0.364502
v -0.261963 -0.181885 -0.328369
v -0.264893 -0.178955 -0.324951
v -0.307861 -0.135498 -0.347900
v -0.307861 -0.135498 -0.343506
v -0.259521 -0.184326 -0.305908
v -0.262451 -0.181396 -0.307861
v -0.257080 -0.186768 -0.287842
v -0.302490 -0.172119 -0.259033
v -0.305420 -0.175537 -0.259033
v -0.302979 -0.132568 -0.259033
v -0.306396 -0.129150 -0.259033
v -0.312744 -0.167236 -0.347900
v -0.312744 -0.163330 -0.343506
v -0.338623 -0.135986 -0.343994
v -0.343018 -0.135986 -0.348389
v -0.313721 -0.133057 -0.343506
v -0.344971 -0.176514 -0.260010
v -0.348389 -0.173584 -0.260010
v -0.349365 -0.134033 -0.260010
v -0.345947 -0.130615 -0.259521
v -0.375732 -0.201416 -0.427002
v -0.375732 -0.193604 -0.426514
v -0.375244 -0.194092 -0.425049
v -0.375244 -0.190186 -0.426514
v -0.258057 -0.111084 -0.460693
v -0.258057 -0.110107 -0.459717
v -0.258057 -0.111084 -0.444092
v -0.258057 -0.110596 -0.443115
v -0.281006 -0.110596 -0.454346
v -0.251709 -0.104248 -0.459229
v -0.263916 -0.105225 -0.460693
v -0.252197 -0.104736 -0.443115
v -0.263916 -0.104736 -0.444092
v -0.304443 -0.114990 -0.489502
v -0.308838 -0.114502 -0.492432
v -0.310303 -0.108154 -0.489502
v -0.307861 -0.100342 -0.486572
v -0.309326 -0.107178 -0.483154
v -0.303467 -0.099854 -0.483154
v -0.286377 -0.110596 -0.460693
v -0.281494 -0.121826 -0.451416
v -0.287354 -0.122314 -0.444580
v -0.305420 -0.111084 -0.460693
v -0.297607 -0.111084 -0.447510
v -0.297607 -0.116455 -0.441162
v -0.305420 -0.115967 -0.440674
v -0.305420 -0.110596 -0.444092
v -0.286865 -0.106201 -0.454346
v -0.299072 -0.104736 -0.460693
v -0.299072 -0.104736 -0.444092
v -0.312256 -0.107666 -0.442627
v -0.309326 -0.107178 -0.439697
v -0.304443 -0.099365 -0.438721
v -0.252686 -0.110596 -0.435791
v -0.263916 -0.111084 -0.437256
v -0.299561 -0.110596 -0.436768
v -0.310791 -0.115967 -0.433838
v -0.308838 -0.099365 -0.433838
v -0.290283 -0.122314 -0.396729
v -0.284912 -0.114502 -0.391357
v -0.295654 -0.115967 -0.393311
v -0.290283 -0.110107 -0.391357
v -0.284424 -0.122314 -0.389893
v -0.294189 -0.123779 -0.387939
v -0.290771 -0.114990 -0.385010
v -0.295654 -0.109619 -0.386475
v -0.298096 -0.119873 -0.387939
v -0.324951 -0.111084 -0.447021
v -0.324463 -0.116943 -0.440674
v -0.331299 -0.111084 -0.440186
v -0.372314 -0.114990 -0.493408
v -0.370850 -0.108154 -0.489990
v -0.368408 -0.100342 -0.487061
v -0.366943 -0.107178 -0.484131
v -0.372803 -0.099854 -0.484131
v -0.362549 -0.112061 -0.461670
v -0.367920 -0.112549 -0.455322
v -0.362549 -0.107666 -0.455322
v -0.364990 -0.107666 -0.441162
v -0.371338 -0.107666 -0.441650
v -0.373291 -0.098877 -0.439697
v -0.322998 -0.116455 -0.392822
v -0.322998 -0.109619 -0.385986
v -0.329346 -0.109619 -0.392334
v -0.371826 -0.115967 -0.435303
v -0.366943 -0.098877 -0.432373
v -0.359131 -0.111572 -0.392334
v -0.351807 -0.121338 -0.388916
v -0.358643 -0.116455 -0.385986
v -0.364502 -0.116455 -0.392334
v -0.307861 -0.040771 -0.486572
v -0.303467 -0.041260 -0.483154
v -0.309326 -0.034424 -0.483154
v -0.309326 -0.033447 -0.483154
v -0.299561 -0.047607 -0.447998
v -0.299561 -0.041748 -0.441162
v -0.304443 -0.042236 -0.439697
v -0.301025 -0.040283 -0.441162
v -0.300537 -0.034912 -0.447510
v -0.309326 -0.033447 -0.440186
v -0.311279 -0.033936 -0.441162
v -0.307861 -0.026611 -0.486572
v -0.303467 -0.026123 -0.483154
v -0.304443 -0.025635 -0.438721
v -0.309326 -0.042236 -0.432861
v -0.297607 -0.047119 -0.386963
v -0.297607 -0.040771 -0.393311
v -0.302002 -0.040771 -0.392822
v -0.302490 -0.033936 -0.385986
v -0.308838 -0.025635 -0.434326
v -0.326904 -0.048584 -0.447510
v -0.332764 -0.049072 -0.440674
v -0.327881 -0.040283 -0.442139
v -0.326904 -0.042725 -0.440674
v -0.327881 -0.033936 -0.448486
v -0.334717 -0.033936 -0.442139
v -0.368408 -0.040771 -0.487061
v -0.372803 -0.041260 -0.484131
v -0.366943 -0.034424 -0.484131
v -0.366943 -0.033447 -0.484131
v -0.372314 -0.042236 -0.439209
v -0.364990 -0.033936 -0.441650
v -0.366943 -0.033936 -0.440186
v -0.368408 -0.026611 -0.487061
v -0.372803 -0.026123 -0.484131
v -0.373291 -0.025146 -0.440186
v -0.324463 -0.048096 -0.385986
v -0.331299 -0.048096 -0.392334
v -0.324951 -0.041748 -0.392822
v -0.329346 -0.040283 -0.394287
v -0.336182 -0.033447 -0.394287
v -0.329834 -0.033936 -0.386963
v -0.367432 -0.042236 -0.434326
v -0.366943 -0.025146 -0.432861
v -0.331787 -0.025146 -0.274170
v -0.331787 -0.028076 -0.270752
v -0.342529 -0.024658 -0.274170
v -0.342529 -0.027588 -0.270752
v -0.345459 -0.024658 -0.270752
v -0.376709 -0.114990 -0.489990
v -0.376221 -0.115967 -0.440674
v -0.301025 -0.175537 -0.162842
v -0.304932 -0.179443 -0.162842
v -0.302002 -0.133057 -0.162842
v -0.305908 -0.129150 -0.162842
v -0.321533 -0.165771 -0.206787
v -0.320068 -0.161865 -0.210693
v -0.320557 -0.142822 -0.210693
v -0.317627 -0.137939 -0.203369
v -0.321045 -0.139893 -0.196045
v -0.336670 -0.138428 -0.203369
v -0.340576 -0.140381 -0.199463
v -0.336182 -0.166260 -0.175537
v -0.338135 -0.162354 -0.171631
v -0.336182 -0.156494 -0.164307
v -0.347412 -0.180420 -0.163330
v -0.351318 -0.177002 -0.163330
v -0.317139 -0.156006 -0.164795
v -0.338623 -0.143311 -0.172119
v -0.340576 -0.154541 -0.168701
v -0.352295 -0.134521 -0.163330
v -0.348877 -0.130615 -0.163330
v -0.267334 -0.243896 -0.021729
v -0.265869 -0.239990 -0.001221
v -0.311768 -0.201416 -0.054932
v -0.311768 -0.197021 -0.059814
v -0.311768 -0.201416 -0.013428
v -0.311768 -0.197021 -0.008545
v -0.304443 -0.183838 -0.055420
v -0.300537 -0.179932 -0.055420
v -0.305420 -0.158936 -0.027588
v -0.301514 -0.133545 -0.055420
v -0.305420 -0.129639 -0.055420
v -0.320557 -0.150146 -0.097900
v -0.350830 -0.184814 -0.055908
v -0.354736 -0.180908 -0.055908
v -0.353760 -0.185791 -0.040771
v -0.351807 -0.181885 -0.044678
v -0.367432 -0.181885 -0.055420
v -0.368896 -0.185791 -0.051025
v -0.372803 -0.181885 -0.052979
v -0.372803 -0.159912 -0.011475
v -0.320557 -0.150146 -0.048584
v -0.313232 -0.147705 -0.059814
v -0.313232 -0.147705 -0.008545
v -0.355713 -0.134521 -0.055908
v -0.351807 -0.130615 -0.055908
v -0.384033 -0.192139 -0.001709
v -0.378662 -0.184814 -0.042236
v -0.377197 -0.180420 -0.046631
v -0.382568 -0.180420 -0.043213
v -0.378662 -0.186279 -0.023193
v -0.377197 -0.186279 -0.015869
v -0.380615 -0.182861 -0.016846
v -0.382568 -0.182861 -0.009521
v -0.380127 -0.186768 -0.007080
v -0.382080 -0.182861 -0.003174
v -0.383545 -0.184814 -0.008057
v -0.391846 -0.184814 -0.012451
v -0.393799 -0.180908 -0.008057
v -0.395264 -0.180908 -0.014893
v -0.391357 -0.184814 -0.006592
v -0.378174 -0.138428 -0.047119
v -0.380127 -0.134521 -0.042236
v -0.383545 -0.138428 -0.043701
v -0.396240 -0.138916 -0.014893
v -0.394775 -0.138916 -0.008057
v -0.392822 -0.134521 -0.012939
v -0.331787 -0.028076 -0.155029
v -0.331787 -0.025146 -0.152100
v -0.342529 -0.027588 -0.155029
v -0.342529 -0.024658 -0.152100
v -0.345459 -0.024658 -0.155029
v -0.321045 -0.041260 -0.052979
v -0.340088 -0.042236 -0.052979
v -0.344482 -0.037842 -0.052979
v -0.386963 -0.090088 -0.011475
v -0.387451 -0.083252 -0.005615
v -0.394287 -0.090576 -0.009521
v -0.391846 -0.081787 -0.009033
v -0.398193 -0.081787 -0.006592
v -0.399658 -0.074463 -0.012939
v -0.403564 -0.074951 -0.009033
v -0.232666 -0.446533 0.017334
v -0.236084 -0.449463 0.017822
v -0.231201 -0.442627 0.036865
v -0.233643 -0.437744 0.056885
v -0.235107 -0.445557 0.037842
v -0.233643 -0.428955 0.015381
v -0.231689 -0.432861 0.015869
v -0.238525 -0.426514 0.015381
v -0.237549 -0.423584 0.031006
v -0.230713 -0.429443 0.032471
v -0.233154 -0.425537 0.031494
v -0.230225 -0.434814 0.055420
v -0.229736 -0.422607 0.048584
v -0.232178 -0.419189 0.047119
v -0.231201 -0.409912 0.060791
v -0.236572 -0.417236 0.046143
v -0.235596 -0.408447 0.059326
v -0.229248 -0.389404 0.031006
v -0.229248 -0.385986 0.031006
v -0.232178 -0.375244 0.028564
v -0.231689 -0.375244 0.030029
v -0.233643 -0.376709 0.030518
v -0.237549 -0.389893 0.031006
v -0.237549 -0.385986 0.030518
v -0.241943 -0.384033 0.028564
v -0.241455 -0.384521 0.030029
v -0.248291 -0.385498 0.030029
v -0.248291 -0.384521 0.028564
v -0.235596 -0.381104 0.030029
v -0.236084 -0.380615 0.028564
v -0.226318 -0.390869 0.040283
v -0.229248 -0.394775 0.035889
v -0.229248 -0.395264 0.038818
v -0.229248 -0.392822 0.032959
v -0.227295 -0.390869 0.034424
v -0.227295 -0.392822 0.036865
v -0.229248 -0.394775 0.042236
v -0.227295 -0.393311 0.039795
v -0.227295 -0.392822 0.042725
v -0.229248 -0.393799 0.044678
v -0.227295 -0.391846 0.045166
v -0.229248 -0.398682 0.058838
v -0.226318 -0.393311 0.058350
v -0.226318 -0.392334 0.055420
v -0.226318 -0.393311 0.061768
v -0.229248 -0.395264 0.051514
v -0.229248 -0.392822 0.047119
v -0.229248 -0.393311 0.049072
v -0.227295 -0.390869 0.047607
v -0.227295 -0.391357 0.050049
v -0.227295 -0.393311 0.052490
v -0.229248 -0.397705 0.054932
v -0.227295 -0.395264 0.054932
v -0.227295 -0.396240 0.058838
v -0.237549 -0.395264 0.035400
v -0.237549 -0.395752 0.038818
v -0.237549 -0.392822 0.032471
v -0.237549 -0.395264 0.042236
v -0.237549 -0.394287 0.044678
v -0.237549 -0.399170 0.058838
v -0.237549 -0.395752 0.051514
v -0.237549 -0.393311 0.047119
v -0.237549 -0.393799 0.049072
v -0.237549 -0.398193 0.054932
v -0.226318 -0.388916 0.036377
v -0.226318 -0.390381 0.038330
v -0.226318 -0.386963 0.035400
v -0.226318 -0.384521 0.034912
v -0.226318 -0.385010 0.038818
v -0.226318 -0.383057 0.038818
v -0.226318 -0.387451 0.040771
v -0.226318 -0.387451 0.042725
v -0.226318 -0.390381 0.043213
v -0.226318 -0.388916 0.045166
v -0.226318 -0.386963 0.044678
v -0.226318 -0.386475 0.039307
v -0.226318 -0.385986 0.046631
v -0.227295 -0.388428 0.032959
v -0.227295 -0.385498 0.032959
v -0.226318 -0.382080 0.035889
v -0.226318 -0.380127 0.037354
v -0.226318 -0.378662 0.038330
v -0.226318 -0.375244 0.035889
v -0.226318 -0.376709 0.037842
v -0.226318 -0.381104 0.039795
v -0.226318 -0.379150 0.041260
v -0.226318 -0.377686 0.042236
v -0.226318 -0.376221 0.041748
v -0.227295 -0.382568 0.033447
v -0.229248 -0.382568 0.031494
v -0.227295 -0.380615 0.034912
v -0.229248 -0.380615 0.032959
v -0.229248 -0.379639 0.033936
v -0.227295 -0.379150 0.035889
v -0.229248 -0.378174 0.033447
v -0.227295 -0.375732 0.033447
v -0.228760 -0.376709 0.031494
v -0.227295 -0.377686 0.035400
v -0.231689 -0.375244 0.035400
v -0.226318 -0.388916 0.050537
v -0.226318 -0.388428 0.048096
v -0.226318 -0.390381 0.052979
v -0.226318 -0.386963 0.053467
v -0.226318 -0.385010 0.049072
v -0.226318 -0.385498 0.051514
v -0.226318 -0.388916 0.055420
v -0.226318 -0.389893 0.057861
v -0.226318 -0.389404 0.060791
v -0.241455 -0.384521 0.035400
v -0.248291 -0.385498 0.035400
v -0.237549 -0.382568 0.031494
v -0.237549 -0.380615 0.032959
v -0.237061 -0.379639 0.033447
v -0.235596 -0.381104 0.035400
v -0.235596 -0.378662 0.032471
v -0.232666 -0.426025 0.073975
v -0.229248 -0.423584 0.072021
v -0.228760 -0.412842 0.063232
v -0.231689 -0.411377 0.088623
v -0.228271 -0.409424 0.086182
v -0.239990 -0.411865 0.090088
v -0.236572 -0.409424 0.091553
v -0.239990 -0.406494 0.086670
v -0.243896 -0.409424 0.091553
v -0.236572 -0.410400 0.096436
v -0.239990 -0.412842 0.096436
v -0.236572 -0.409424 0.100830
v -0.239990 -0.411865 0.102295
v -0.239990 -0.406494 0.106201
v -0.243896 -0.410400 0.096436
v -0.243896 -0.409424 0.100830
v -0.240479 -0.412354 0.113037
v -0.237061 -0.409424 0.115479
v -0.240479 -0.406494 0.118896
v -0.244385 -0.409424 0.115479
v -0.229248 -0.398682 0.063232
v -0.228271 -0.400635 0.075439
v -0.226318 -0.391846 0.064697
v -0.227295 -0.396240 0.062744
v -0.229248 -0.396729 0.067627
v -0.227295 -0.394287 0.066162
v -0.227295 -0.391846 0.068604
v -0.230225 -0.398193 0.072510
v -0.229248 -0.393799 0.070557
v -0.234131 -0.401123 0.093018
v -0.237549 -0.399170 0.063721
v -0.237549 -0.397217 0.067627
v -0.235107 -0.396729 0.071045
v -0.237549 -0.394287 0.070557
v -0.237549 -0.390869 0.072510
v -0.236572 -0.405518 0.088623
v -0.238037 -0.403564 0.092529
v -0.238037 -0.400635 0.092529
v -0.243896 -0.405518 0.088623
v -0.242432 -0.403564 0.092529
v -0.242432 -0.400635 0.092529
v -0.245361 -0.401123 0.092529
v -0.238037 -0.398193 0.093506
v -0.236572 -0.393311 0.093018
v -0.239990 -0.390869 0.092041
v -0.242432 -0.398193 0.093506
v -0.243896 -0.393311 0.093018
v -0.226318 -0.388428 0.062744
v -0.226318 -0.389404 0.066650
v -0.226318 -0.386475 0.064209
v -0.226318 -0.384033 0.065186
v -0.226318 -0.386475 0.068115
v -0.226318 -0.383545 0.068604
v -0.227295 -0.388428 0.070068
v -0.229248 -0.390381 0.072021
v -0.229248 -0.387451 0.072998
v -0.227295 -0.385498 0.071045
v -0.227295 -0.383057 0.072510
v -0.229248 -0.385010 0.074463
v -0.229248 -0.383057 0.077393
v -0.226318 -0.381104 0.065674
v -0.226318 -0.381104 0.070068
v -0.226318 -0.378662 0.066650
v -0.226318 -0.377197 0.069580
v -0.226318 -0.379150 0.072998
v -0.226318 -0.375244 0.072510
v -0.226318 -0.377197 0.076416
v -0.227295 -0.381104 0.075439
v -0.229736 -0.384033 0.081787
v -0.227295 -0.385986 0.085205
v -0.234131 -0.383057 0.079834
v -0.229248 -0.380127 0.081299
v -0.227295 -0.378662 0.078857
v -0.229248 -0.375244 0.084229
v -0.237549 -0.387451 0.072998
v -0.237549 -0.385498 0.074463
v -0.237549 -0.383545 0.077881
v -0.237549 -0.380127 0.081787
v -0.237549 -0.375244 0.084717
v -0.231201 -0.404541 0.098877
v -0.228760 -0.401123 0.096924
v -0.231201 -0.397217 0.098877
v -0.227295 -0.392334 0.096924
v -0.230713 -0.393799 0.100342
v -0.229736 -0.404541 0.110107
v -0.226807 -0.400635 0.110596
v -0.233643 -0.400635 0.109619
v -0.234131 -0.404053 0.117920
v -0.231689 -0.400635 0.120361
v -0.229736 -0.396729 0.110107
v -0.234131 -0.397217 0.117920
v -0.238037 -0.405518 0.093994
v -0.238037 -0.406006 0.096436
v -0.238037 -0.405518 0.098877
v -0.238037 -0.403564 0.099854
v -0.238525 -0.405029 0.095459
v -0.239014 -0.404541 0.097900
v -0.238037 -0.400635 0.100342
v -0.239502 -0.401123 0.100342
v -0.241943 -0.400635 0.100342
v -0.236572 -0.405029 0.103760
v -0.235107 -0.400635 0.102295
v -0.236572 -0.399658 0.104248
v -0.240479 -0.400635 0.108643
v -0.239990 -0.399170 0.106689
v -0.242432 -0.405518 0.093994
v -0.242432 -0.406006 0.096436
v -0.244385 -0.405029 0.095947
v -0.242432 -0.405518 0.098877
v -0.242432 -0.403564 0.099854
v -0.242920 -0.401123 0.100830
v -0.243896 -0.405518 0.103760
v -0.243896 -0.399658 0.104248
v -0.246338 -0.401123 0.102295
v -0.247803 -0.400635 0.109131
v -0.238037 -0.397217 0.096924
v -0.238037 -0.398193 0.099365
v -0.238525 -0.396729 0.095459
v -0.241943 -0.397217 0.094971
v -0.239014 -0.397705 0.097900
v -0.241943 -0.398193 0.099365
v -0.236572 -0.392822 0.097900
v -0.236572 -0.395264 0.102295
v -0.239990 -0.393311 0.103760
v -0.242432 -0.397217 0.096924
v -0.244385 -0.396729 0.095947
v -0.243896 -0.392822 0.097900
v -0.243896 -0.395264 0.102295
v -0.237061 -0.400635 0.112061
v -0.236084 -0.400635 0.114990
v -0.240479 -0.400635 0.116455
v -0.240479 -0.400635 0.116943
v -0.240479 -0.404541 0.120361
v -0.240479 -0.400635 0.123779
v -0.240479 -0.400146 0.123291
v -0.244385 -0.400635 0.112061
v -0.244873 -0.400635 0.114990
v -0.247314 -0.404541 0.117920
v -0.249756 -0.400635 0.120361
v -0.237061 -0.391357 0.115967
v -0.240479 -0.396729 0.120361
v -0.240479 -0.394775 0.118896
v -0.244385 -0.391846 0.115967
v -0.247314 -0.397217 0.117920
v -0.239990 -0.390381 0.098389
v -0.240479 -0.388916 0.113525
v -0.216553 -0.444580 0.150146
v -0.220947 -0.448975 0.150146
v -0.220947 -0.444580 0.145752
v -0.216553 -0.445557 0.192627
v -0.220947 -0.449951 0.192627
v -0.220947 -0.445557 0.197021
v -0.240479 -0.414795 0.126709
v -0.237061 -0.411377 0.126221
v -0.240479 -0.407471 0.125732
v -0.237549 -0.406982 0.134033
v -0.240967 -0.409424 0.136475
v -0.244385 -0.411377 0.126221
v -0.243896 -0.406982 0.134033
v -0.238037 -0.406494 0.153564
v -0.240967 -0.408447 0.153564
v -0.243896 -0.406494 0.153564
v -0.216553 -0.403564 0.151611
v -0.231689 -0.404053 0.130615
v -0.229248 -0.400146 0.128662
v -0.231689 -0.396729 0.131104
v -0.220459 -0.403564 0.147217
v -0.220459 -0.399170 0.151611
v -0.230225 -0.403564 0.141357
v -0.226807 -0.400146 0.142334
v -0.233643 -0.400146 0.140869
v -0.234131 -0.403564 0.149170
v -0.231689 -0.400146 0.152100
v -0.230225 -0.396729 0.141846
v -0.234131 -0.396729 0.149658
v -0.240479 -0.404053 0.127197
v -0.240967 -0.405029 0.131104
v -0.240967 -0.400146 0.131592
v -0.235107 -0.400146 0.134033
v -0.237061 -0.400635 0.136963
v -0.240967 -0.400635 0.133057
v -0.240967 -0.400635 0.139893
v -0.249756 -0.404053 0.130615
v -0.244385 -0.400635 0.136963
v -0.246338 -0.400146 0.134033
v -0.240479 -0.396729 0.127197
v -0.240967 -0.396240 0.131592
v -0.240479 -0.393311 0.126221
v -0.237549 -0.393799 0.134521
v -0.240967 -0.391357 0.136963
v -0.249756 -0.396729 0.131104
v -0.243896 -0.393799 0.134521
v -0.238037 -0.404541 0.148193
v -0.240967 -0.406006 0.146729
v -0.238037 -0.400146 0.146240
v -0.236572 -0.400146 0.146729
v -0.240967 -0.400146 0.144287
v -0.240967 -0.400146 0.148193
v -0.240967 -0.402588 0.150146
v -0.240967 -0.403564 0.151611
v -0.240967 -0.403564 0.153564
v -0.240967 -0.400146 0.149170
v -0.240967 -0.400146 0.155029
v -0.243896 -0.404541 0.148193
v -0.243896 -0.400146 0.146240
v -0.245361 -0.400146 0.146729
v -0.247803 -0.400146 0.140869
v -0.247314 -0.403564 0.149170
v -0.240967 -0.393799 0.146729
v -0.238037 -0.395752 0.148682
v -0.240967 -0.397217 0.150146
v -0.240967 -0.396729 0.152100
v -0.240967 -0.396729 0.154053
v -0.238037 -0.393799 0.154053
v -0.240967 -0.391357 0.154053
v -0.243896 -0.395752 0.148682
v -0.247314 -0.396729 0.149658
v -0.243896 -0.393799 0.154053
v -0.237061 -0.389893 0.126709
v -0.240479 -0.386475 0.127686
v -0.244385 -0.389893 0.126709
v -0.223389 -0.403564 0.160889
v -0.227783 -0.403564 0.156982
v -0.238037 -0.402588 0.160889
v -0.240967 -0.404541 0.162842
v -0.240967 -0.400635 0.159424
v -0.240967 -0.399658 0.159424
v -0.243896 -0.402588 0.160889
v -0.238037 -0.397705 0.161377
v -0.240967 -0.395752 0.162842
v -0.243896 -0.397705 0.161377
v -0.216064 -0.404541 0.194092
v -0.223389 -0.404541 0.188232
v -0.220459 -0.400146 0.194092
v -0.220459 -0.404541 0.198486
v -0.227783 -0.404541 0.192627
v -0.228760 -0.373779 0.030029
v -0.231689 -0.373779 0.029053
v -0.228760 -0.370361 0.029541
v -0.229736 -0.367920 0.028564
v -0.229248 -0.367920 0.030029
v -0.228760 -0.367920 0.030518
v -0.231201 -0.370361 0.028564
v -0.231201 -0.367920 0.029541
v -0.231201 -0.363525 0.030518
v -0.229248 -0.360107 0.028564
v -0.228760 -0.360596 0.029541
v -0.228760 -0.360107 0.030029
v -0.231201 -0.360596 0.028076
v -0.227295 -0.357178 0.031006
v -0.228760 -0.356689 0.028564
v -0.231201 -0.356689 0.027588
v -0.229736 -0.352783 0.028564
v -0.228760 -0.353271 0.029541
v -0.229248 -0.352783 0.030029
v -0.231201 -0.353271 0.028076
v -0.231201 -0.350830 0.030029
v -0.231201 -0.350342 0.031006
v -0.231201 -0.349854 0.031006
v -0.231201 -0.349365 0.031006
v -0.231201 -0.348389 0.030029
v -0.230225 -0.346436 0.028564
v -0.228760 -0.345947 0.030029
v -0.229736 -0.346436 0.030029
v -0.231201 -0.345947 0.028564
v -0.226318 -0.372803 0.034912
v -0.226318 -0.372314 0.038818
v -0.226318 -0.370361 0.034424
v -0.226318 -0.370361 0.038818
v -0.226318 -0.368896 0.035400
v -0.226318 -0.367432 0.036865
v -0.226318 -0.374756 0.039795
v -0.226318 -0.368896 0.039307
v -0.226318 -0.367920 0.040771
v -0.227295 -0.373291 0.031982
v -0.227295 -0.370361 0.031982
v -0.227295 -0.368408 0.032471
v -0.229248 -0.367920 0.035400
v -0.226318 -0.366943 0.038818
v -0.226318 -0.359619 0.034912
v -0.226318 -0.361572 0.036865
v -0.226318 -0.364990 0.040771
v -0.226318 -0.366943 0.044678
v -0.226318 -0.364014 0.044678
v -0.226318 -0.363037 0.039307
v -0.226318 -0.362061 0.041260
v -0.226318 -0.360596 0.039307
v -0.227295 -0.366943 0.034424
v -0.228760 -0.366455 0.032471
v -0.228760 -0.365967 0.034424
v -0.228760 -0.364502 0.033936
v -0.227295 -0.366455 0.036377
v -0.228760 -0.365479 0.035400
v -0.227295 -0.364014 0.036377
v -0.227295 -0.364990 0.037842
v -0.231201 -0.366455 0.031494
v -0.231201 -0.365967 0.033447
v -0.231201 -0.365479 0.034424
v -0.231201 -0.364990 0.032959
v -0.227295 -0.362549 0.033936
v -0.228760 -0.363037 0.031494
v -0.227295 -0.360107 0.031982
v -0.228760 -0.360107 0.035400
v -0.226318 -0.367432 0.054932
v -0.226318 -0.365967 0.047119
v -0.226318 -0.357178 0.034424
v -0.226318 -0.358154 0.038818
v -0.226318 -0.354736 0.035400
v -0.226318 -0.353271 0.037354
v -0.226318 -0.352783 0.038818
v -0.226318 -0.351807 0.038818
v -0.226318 -0.356201 0.039795
v -0.226318 -0.354736 0.042236
v -0.226318 -0.352295 0.042725
v -0.226318 -0.353760 0.043213
v -0.227295 -0.353760 0.031982
v -0.227295 -0.352295 0.034424
v -0.227295 -0.351807 0.035400
v -0.229248 -0.352783 0.035400
v -0.226318 -0.350342 0.038330
v -0.226318 -0.348877 0.036865
v -0.226318 -0.344482 0.034912
v -0.226318 -0.346924 0.035889
v -0.226318 -0.350830 0.041260
v -0.226318 -0.348877 0.040283
v -0.226318 -0.347412 0.039795
v -0.226318 -0.345947 0.040771
v -0.226318 -0.345947 0.046631
v -0.226318 -0.345459 0.044189
v -0.228760 -0.351318 0.031494
v -0.228760 -0.350830 0.032959
v -0.228760 -0.350342 0.032959
v -0.228760 -0.349854 0.032471
v -0.227295 -0.348389 0.033936
v -0.228760 -0.348389 0.031494
v -0.227295 -0.350830 0.035889
v -0.227295 -0.349854 0.035400
v -0.227295 -0.346436 0.032471
v -0.229736 -0.346436 0.035400
v -0.226318 -0.355225 0.062256
v -0.226318 -0.348389 0.051025
v -0.226318 -0.349365 0.053467
v -0.226318 -0.346924 0.049072
v -0.226318 -0.344482 0.049072
v -0.226318 -0.344971 0.051514
v -0.226318 -0.349365 0.055908
v -0.226318 -0.345459 0.055420
v -0.228760 -0.342529 0.029053
v -0.230225 -0.340088 0.028564
v -0.229736 -0.340088 0.030029
v -0.231201 -0.342529 0.027100
v -0.228760 -0.338623 0.029541
v -0.231201 -0.337646 0.026611
v -0.230225 -0.332764 0.028564
v -0.229736 -0.332764 0.030029
v -0.231201 -0.333252 0.027100
v -0.231201 -0.328857 0.028076
v -0.230225 -0.324951 0.030029
v -0.231201 -0.324951 0.028564
v -0.231689 -0.324951 0.029541
v -0.234131 -0.321045 0.030029
v -0.233643 -0.318115 0.028564
v -0.233154 -0.317627 0.030029
v -0.236572 -0.317627 0.030029
v -0.237549 -0.314697 0.030518
v -0.226318 -0.342529 0.036377
v -0.226318 -0.342041 0.040283
v -0.226318 -0.342529 0.043701
v -0.226318 -0.343506 0.046631
v -0.227295 -0.343506 0.031982
v -0.227295 -0.340576 0.032959
v -0.229736 -0.340088 0.035400
v -0.226807 -0.339600 0.037354
v -0.227783 -0.337646 0.037354
v -0.226807 -0.340088 0.041748
v -0.227295 -0.341553 0.045166
v -0.228760 -0.339111 0.043701
v -0.228760 -0.336182 0.043701
v -0.228760 -0.334229 0.031494
v -0.228271 -0.335205 0.037842
v -0.229736 -0.332764 0.035400
v -0.228760 -0.329834 0.032959
v -0.228760 -0.332764 0.045166
v -0.228271 -0.331299 0.039307
v -0.226318 -0.342529 0.052490
v -0.226318 -0.339111 0.052979
v -0.226318 -0.336182 0.053467
v -0.226318 -0.342529 0.055420
v -0.226318 -0.340088 0.055908
v -0.226318 -0.338623 0.056885
v -0.226318 -0.338135 0.062256
v -0.226318 -0.337646 0.059326
v -0.227295 -0.342529 0.048096
v -0.227295 -0.343018 0.050049
v -0.229248 -0.341553 0.047119
v -0.229248 -0.341553 0.049072
v -0.227295 -0.341064 0.051025
v -0.229248 -0.339600 0.049561
v -0.229248 -0.336182 0.050049
v -0.227295 -0.337646 0.051025
v -0.226318 -0.334229 0.055420
v -0.226318 -0.333252 0.058838
v -0.227295 -0.334229 0.052002
v -0.229248 -0.332764 0.051025
v -0.227295 -0.331787 0.054443
v -0.229248 -0.329834 0.053955
v -0.227295 -0.330322 0.058838
v -0.229248 -0.328369 0.058838
v -0.237549 -0.339600 0.046143
v -0.237549 -0.341064 0.047119
v -0.237549 -0.341064 0.048584
v -0.237549 -0.339111 0.049072
v -0.237549 -0.337158 0.047119
v -0.237549 -0.336182 0.049561
v -0.237061 -0.333740 0.049072
v -0.237549 -0.332275 0.050537
v -0.237061 -0.328857 0.050537
v -0.237549 -0.329346 0.053467
v -0.228760 -0.325928 0.034424
v -0.230225 -0.324951 0.035400
v -0.228760 -0.322021 0.034912
v -0.228271 -0.326904 0.040283
v -0.228760 -0.327881 0.046143
v -0.228271 -0.322510 0.041260
v -0.229248 -0.318115 0.035400
v -0.233154 -0.317627 0.035400
v -0.229248 -0.314697 0.035889
v -0.228271 -0.318115 0.041260
v -0.228271 -0.313721 0.041748
v -0.228760 -0.322998 0.047119
v -0.228760 -0.317627 0.047607
v -0.228760 -0.312744 0.047119
v -0.237061 -0.323486 0.051025
v -0.237549 -0.327881 0.058838
v -0.237061 -0.317627 0.051514
v -0.226318 -0.372314 0.074463
v -0.226318 -0.367920 0.075439
v -0.226318 -0.364014 0.074463
v -0.226318 -0.360596 0.072021
v -0.226318 -0.373291 0.078857
v -0.226318 -0.368408 0.079834
v -0.227295 -0.374268 0.081787
v -0.227295 -0.368408 0.082764
v -0.229248 -0.368896 0.085205
v -0.229248 -0.368896 0.088135
v -0.226807 -0.369873 0.091553
v -0.233643 -0.367920 0.086182
v -0.226318 -0.363037 0.078857
v -0.227295 -0.362549 0.081787
v -0.229248 -0.362549 0.084229
v -0.237549 -0.368896 0.085693
v -0.237549 -0.362549 0.084717
v -0.226318 -0.356689 0.065674
v -0.226318 -0.358154 0.068604
v -0.226318 -0.354736 0.069580
v -0.226318 -0.351807 0.069092
v -0.226318 -0.356201 0.072510
v -0.226318 -0.359131 0.075928
v -0.227295 -0.353271 0.072021
v -0.229248 -0.352783 0.073975
v -0.227295 -0.355225 0.074951
v -0.229248 -0.354248 0.077393
v -0.226318 -0.350830 0.064697
v -0.226318 -0.347412 0.067139
v -0.226318 -0.343994 0.067627
v -0.226318 -0.346436 0.070557
v -0.227295 -0.350830 0.072021
v -0.229248 -0.350342 0.073975
v -0.227295 -0.346436 0.072998
v -0.229248 -0.346436 0.074951
v -0.227295 -0.358154 0.078857
v -0.229248 -0.357178 0.081299
v -0.228760 -0.352783 0.091064
v -0.233154 -0.352295 0.089111
v -0.237549 -0.354248 0.077881
v -0.237549 -0.352295 0.074951
v -0.237549 -0.349854 0.074463
v -0.237549 -0.346436 0.075928
v -0.237549 -0.357178 0.081787
v -0.226807 -0.373779 0.104736
v -0.230225 -0.374756 0.108154
v -0.226318 -0.353271 0.094971
v -0.226318 -0.354248 0.108643
v -0.229736 -0.354736 0.112061
v -0.226318 -0.341553 0.067139
v -0.226318 -0.339111 0.065186
v -0.226318 -0.338135 0.070068
v -0.226318 -0.342041 0.071045
v -0.227295 -0.341553 0.073486
v -0.229248 -0.341064 0.075439
v -0.227295 -0.337158 0.072021
v -0.226318 -0.333252 0.063232
v -0.226318 -0.335205 0.067139
v -0.227295 -0.333252 0.068604
v -0.227295 -0.330811 0.064209
v -0.229248 -0.328857 0.064697
v -0.229248 -0.331299 0.070068
v -0.229248 -0.335693 0.073975
v -0.228271 -0.336182 0.091064
v -0.233154 -0.336670 0.089111
v -0.237549 -0.341064 0.075928
v -0.237549 -0.328369 0.064697
v -0.237549 -0.335693 0.074463
v -0.237549 -0.330811 0.070557
v -0.233154 -0.321045 0.086182
v -0.225830 -0.319092 0.091553
v -0.228271 -0.320068 0.088135
v -0.226318 -0.335693 0.094971
v -0.225830 -0.334717 0.108643
v -0.229248 -0.334229 0.112061
v -0.225830 -0.314697 0.104736
v -0.229248 -0.313721 0.107666
v -0.229248 -0.298096 0.000732
v -0.229248 -0.297119 0.003662
v -0.229248 -0.297119 0.007080
v -0.229248 -0.297119 0.010498
v -0.229248 -0.297119 0.014404
v -0.229248 -0.297607 0.018799
v -0.229248 -0.298584 0.022705
v -0.229248 -0.301514 0.029541
v -0.229248 -0.299561 0.026123
v -0.237549 -0.300537 0.000732
v -0.237549 -0.300049 0.002686
v -0.237549 -0.299561 0.005127
v -0.237549 -0.299561 0.008057
v -0.237549 -0.299561 0.010986
v -0.237549 -0.299561 0.014404
v -0.238037 -0.312256 0.028564
v -0.237549 -0.311768 0.030029
v -0.237549 -0.312256 0.031006
v -0.237549 -0.309814 0.031006
v -0.237549 -0.307861 0.030518
v -0.237549 -0.305420 0.029541
v -0.243408 -0.308838 0.028564
v -0.242920 -0.308350 0.030029
v -0.249268 -0.308350 0.028564
v -0.249268 -0.307373 0.030029
v -0.237549 -0.301025 0.021729
v -0.237549 -0.300049 0.018311
v -0.237549 -0.302002 0.025146
v -0.237549 -0.303467 0.027588
v -0.228271 -0.293213 0.000244
v -0.228271 -0.293213 0.004639
v -0.228271 -0.293213 0.009521
v -0.228271 -0.293213 0.014404
v -0.228760 -0.288818 0.002197
v -0.228760 -0.288818 0.008545
v -0.228760 -0.288818 0.014404
v -0.228271 -0.293701 0.019287
v -0.228760 -0.289307 0.019775
v -0.228271 -0.294189 0.024170
v -0.228271 -0.295654 0.028564
v -0.228760 -0.290283 0.025146
v -0.228760 -0.291748 0.030518
v -0.237061 -0.285400 0.001221
v -0.237061 -0.285400 0.008057
v -0.237061 -0.285400 0.014404
v -0.237061 -0.285889 0.020264
v -0.237061 -0.286865 0.026123
v -0.229248 -0.308838 0.034912
v -0.229248 -0.311768 0.035400
v -0.229248 -0.305908 0.033936
v -0.228271 -0.309814 0.041260
v -0.228271 -0.306396 0.039795
v -0.228760 -0.308350 0.046631
v -0.229248 -0.303467 0.031982
v -0.228271 -0.302979 0.038330
v -0.228271 -0.297607 0.032471
v -0.228271 -0.300049 0.035889
v -0.228760 -0.303955 0.045166
v -0.228760 -0.300049 0.042725
v -0.237549 -0.311768 0.035400
v -0.242920 -0.308350 0.035400
v -0.249268 -0.307373 0.035400
v -0.237061 -0.298096 0.045654
v -0.237061 -0.312256 0.051514
v -0.237061 -0.307373 0.050537
v -0.237061 -0.302490 0.048584
v -0.228760 -0.293701 0.035400
v -0.228760 -0.296631 0.039307
v -0.237061 -0.290771 0.037354
v -0.237061 -0.294189 0.042236
v -0.237061 -0.288330 0.031982
v -0.235107 -0.265869 0.031006
v -0.231201 -0.260498 0.015381
v -0.229248 -0.256592 0.015381
v -0.236084 -0.262939 0.015381
v -0.229736 -0.269775 0.046631
v -0.229248 -0.279053 0.060791
v -0.233643 -0.281006 0.059326
v -0.227783 -0.266357 0.048584
v -0.234619 -0.272217 0.045654
v -0.230713 -0.263428 0.031494
v -0.228271 -0.260010 0.032471
v -0.227783 -0.254639 0.054932
v -0.231201 -0.251709 0.056396
v -0.228271 -0.304932 0.081787
v -0.233154 -0.305908 0.079834
v -0.226318 -0.302979 0.085205
v -0.228760 -0.290771 0.072510
v -0.233643 -0.292236 0.070557
v -0.226318 -0.288330 0.075439
v -0.225830 -0.296631 0.096924
v -0.229248 -0.294678 0.099854
v -0.240479 -0.283936 0.095947
v -0.239990 -0.282471 0.114502
v -0.226807 -0.276123 0.062744
v -0.226318 -0.279541 0.085693
v -0.229736 -0.277588 0.088623
v -0.240479 -0.269287 0.077881
v -0.237061 -0.278564 0.084717
v -0.240479 -0.281006 0.082275
v -0.240479 -0.275146 0.087646
v -0.244385 -0.278564 0.084717
v -0.237061 -0.269287 0.081299
v -0.240479 -0.269287 0.085693
v -0.240479 -0.269775 0.092529
v -0.244385 -0.269287 0.081299
v -0.242920 -0.266846 0.090088
v -0.226807 -0.265381 0.071533
v -0.230225 -0.262939 0.073975
v -0.237061 -0.260498 0.085205
v -0.240479 -0.263916 0.088135
v -0.244385 -0.260498 0.085205
v -0.240479 -0.257568 0.082764
v -0.231689 -0.273682 0.099854
v -0.228760 -0.269775 0.097412
v -0.231689 -0.266357 0.100342
v -0.229736 -0.274170 0.111084
v -0.233643 -0.273682 0.118896
v -0.226318 -0.270264 0.111572
v -0.233154 -0.270264 0.110107
v -0.229736 -0.266846 0.111084
v -0.231201 -0.270752 0.121338
v -0.233643 -0.267334 0.118896
v -0.237061 -0.280518 0.095459
v -0.240479 -0.276611 0.094482
v -0.240479 -0.273682 0.095947
v -0.240479 -0.274170 0.100342
v -0.240479 -0.279053 0.105713
v -0.237061 -0.276611 0.103271
v -0.243896 -0.280518 0.095459
v -0.249268 -0.273682 0.099854
v -0.243896 -0.276611 0.103271
v -0.240479 -0.270264 0.100830
v -0.240479 -0.266357 0.096436
v -0.234619 -0.270264 0.103271
v -0.237061 -0.269775 0.105713
v -0.240479 -0.269775 0.101807
v -0.240479 -0.270264 0.109131
v -0.249268 -0.266357 0.099854
v -0.243896 -0.269775 0.105713
v -0.246338 -0.270264 0.102783
v -0.236572 -0.279541 0.116943
v -0.239990 -0.276611 0.120361
v -0.240479 -0.274170 0.121338
v -0.243896 -0.279541 0.116943
v -0.246826 -0.274170 0.118896
v -0.236084 -0.270752 0.115967
v -0.236572 -0.270752 0.113525
v -0.239990 -0.270264 0.110107
v -0.239990 -0.270752 0.117920
v -0.240479 -0.270752 0.117432
v -0.240479 -0.270752 0.124756
v -0.240479 -0.267334 0.121338
v -0.243896 -0.270752 0.113525
v -0.244873 -0.270752 0.115967
v -0.247314 -0.270264 0.110107
v -0.249268 -0.270752 0.121338
v -0.246826 -0.267334 0.118896
v -0.240479 -0.262451 0.094971
v -0.240479 -0.265381 0.100342
v -0.237061 -0.259033 0.095947
v -0.237061 -0.263428 0.103271
v -0.240479 -0.260986 0.106201
v -0.243896 -0.259033 0.095947
v -0.243896 -0.263428 0.103271
v -0.240479 -0.255615 0.096436
v -0.239990 -0.259033 0.114990
v -0.236572 -0.261963 0.117432
v -0.239990 -0.264893 0.120361
v -0.243896 -0.261963 0.117432
v -0.236572 -0.281982 0.128174
v -0.239990 -0.284912 0.128662
v -0.243408 -0.281982 0.128174
v -0.231201 -0.275146 0.132568
v -0.228271 -0.271240 0.130127
v -0.231201 -0.267822 0.132568
v -0.234131 -0.271729 0.135498
v -0.229248 -0.275146 0.143311
v -0.233154 -0.275146 0.151123
v -0.225830 -0.271729 0.144287
v -0.232666 -0.271729 0.142822
v -0.229248 -0.268311 0.143799
v -0.230713 -0.272217 0.154053
v -0.233154 -0.268799 0.151611
v -0.239990 -0.278076 0.127197
v -0.239990 -0.275146 0.128662
v -0.236572 -0.278076 0.135986
v -0.239990 -0.280518 0.138428
v -0.239990 -0.275635 0.133057
v -0.248779 -0.275146 0.132568
v -0.243408 -0.278076 0.135986
v -0.239990 -0.271240 0.125244
v -0.239990 -0.267822 0.128662
v -0.236572 -0.271240 0.138428
v -0.239990 -0.271729 0.133057
v -0.239990 -0.271240 0.135010
v -0.239990 -0.266846 0.133545
v -0.248779 -0.267822 0.132568
v -0.245850 -0.271729 0.135498
v -0.243408 -0.271240 0.138428
v -0.236572 -0.278076 0.155518
v -0.239502 -0.278076 0.148682
v -0.239502 -0.280518 0.155518
v -0.236572 -0.276611 0.150146
v -0.239502 -0.274658 0.152100
v -0.239990 -0.275635 0.154053
v -0.239502 -0.275635 0.155518
v -0.242432 -0.278076 0.155518
v -0.242432 -0.276611 0.150146
v -0.246338 -0.275146 0.151123
v -0.236572 -0.271729 0.148193
v -0.239990 -0.271240 0.141846
v -0.239502 -0.271729 0.145752
v -0.235596 -0.271729 0.148682
v -0.239990 -0.272217 0.150146
v -0.239502 -0.271729 0.151123
v -0.236572 -0.267334 0.150635
v -0.236572 -0.265869 0.156006
v -0.239502 -0.269287 0.152100
v -0.239502 -0.265869 0.148682
v -0.239990 -0.268799 0.154053
v -0.239502 -0.268311 0.156006
v -0.242432 -0.271729 0.148193
v -0.246826 -0.271729 0.142822
v -0.244385 -0.272217 0.148682
v -0.248779 -0.272217 0.154053
v -0.242432 -0.267334 0.150635
v -0.242432 -0.265869 0.156006
v -0.246338 -0.268799 0.151611
v -0.239990 -0.263916 0.127686
v -0.236572 -0.260498 0.128662
v -0.236572 -0.264893 0.136475
v -0.239990 -0.262451 0.138916
v -0.243408 -0.260498 0.128662
v -0.243408 -0.264893 0.136475
v -0.239990 -0.257080 0.129150
v -0.239502 -0.263428 0.156006
v -0.236572 -0.274658 0.163330
v -0.239502 -0.276611 0.164795
v -0.242432 -0.275146 0.163330
v -0.236572 -0.269775 0.163330
v -0.239502 -0.272217 0.157471
v -0.239502 -0.272705 0.161377
v -0.239502 -0.272217 0.161377
v -0.239502 -0.271729 0.161377
v -0.236572 -0.272217 0.164307
v -0.239502 -0.267822 0.165283
v -0.242432 -0.269775 0.163330
v -0.242432 -0.272217 0.164307
v -0.267822 -0.449951 0.019287
v -0.266846 -0.445557 0.039795
v -0.265869 -0.437744 0.058838
v -0.264404 -0.426025 0.075928
v -0.263428 -0.411377 0.090576
v -0.250244 -0.405029 0.098877
v -0.252686 -0.401123 0.096924
v -0.250244 -0.397217 0.098877
v -0.262451 -0.394287 0.101807
v -0.251221 -0.405029 0.110107
v -0.254639 -0.401123 0.110596
v -0.251221 -0.396729 0.110107
v -0.261963 -0.375244 0.109619
v -0.260498 -0.448975 0.150146
v -0.260498 -0.444580 0.145752
v -0.264893 -0.445068 0.150146
v -0.260498 -0.449951 0.192627
v -0.264893 -0.446045 0.192627
v -0.260498 -0.446045 0.197021
v -0.252197 -0.400146 0.128174
v -0.251709 -0.404053 0.141357
v -0.255127 -0.400146 0.142334
v -0.250244 -0.400146 0.152100
v -0.260498 -0.403564 0.147217
v -0.264404 -0.404053 0.151611
v -0.260498 -0.399658 0.151611
v -0.251709 -0.396729 0.141846
v -0.253174 -0.404053 0.156982
v -0.257568 -0.404053 0.160889
v -0.253174 -0.404541 0.192627
v -0.257568 -0.404541 0.188232
v -0.264404 -0.405029 0.194092
v -0.260010 -0.400635 0.194092
v -0.260498 -0.405029 0.198486
v -0.261475 -0.354736 0.113525
v -0.260986 -0.334229 0.113525
v -0.260986 -0.314209 0.109619
v -0.262939 -0.251709 0.058350
v -0.261475 -0.295166 0.101807
v -0.261475 -0.277588 0.090088
v -0.262451 -0.263428 0.075439
v -0.252197 -0.270264 0.097412
v -0.251221 -0.274170 0.110596
v -0.254639 -0.270264 0.111572
v -0.251221 -0.266846 0.111084
v -0.251709 -0.271240 0.130127
v -0.250732 -0.275146 0.143311
v -0.253662 -0.271729 0.144287
v -0.250732 -0.268311 0.143799
v -0.121826 -0.195557 0.022705
v -0.121826 -0.191650 0.018799
v -0.121826 -0.195557 0.047607
v -0.121826 -0.191650 0.052002
v -0.037354 -0.168701 0.050049
v -0.035400 -0.166748 0.048096
v -0.042236 -0.168701 0.052490
v -0.041748 -0.168701 0.052979
v -0.046143 -0.168701 0.050049
v -0.039795 -0.166748 0.054443
v -0.044678 -0.166748 0.054443
v -0.035400 -0.161865 0.048096
v -0.039795 -0.161865 0.054443
v -0.044678 -0.161865 0.054443
v -0.048584 -0.166748 0.048584
v -0.048584 -0.161865 0.048584
v -0.083252 -0.174072 0.021240
v -0.086670 -0.177979 0.021240
v -0.092529 -0.185791 0.052002
v -0.089600 -0.182861 0.052002
v -0.084229 -0.172607 0.049561
v -0.088623 -0.172607 0.051025
v -0.088623 -0.172607 0.058350
v -0.088623 -0.169678 0.049561
v -0.088623 -0.169678 0.060791
v -0.090576 -0.159912 0.052002
v -0.088623 -0.162354 0.060791
v -0.107666 -0.178467 0.021240
v -0.111572 -0.175049 0.021240
v -0.112061 -0.186768 0.052002
v -0.114990 -0.183838 0.052002
v -0.096436 -0.162354 0.048584
v -0.084229 -0.141357 0.021240
v -0.093506 -0.135498 0.052002
v -0.123291 -0.149658 0.018799
v -0.112549 -0.142334 0.021240
v -0.123291 -0.149658 0.052002
v -0.117432 -0.136475 0.052002
v -0.088623 -0.170166 0.096924
v -0.088623 -0.168213 0.093994
v -0.091553 -0.169678 0.101318
v -0.093506 -0.167725 0.099854
v -0.088623 -0.170166 0.102783
v -0.089111 -0.169678 0.103271
v -0.088623 -0.168213 0.105713
v -0.087158 -0.167725 0.104736
v -0.088623 -0.163330 0.093994
v -0.093506 -0.163330 0.099854
v -0.087158 -0.163818 0.104736
v -0.088623 -0.163330 0.105713
v -0.000244 -0.178955 0.169189
v -0.004639 -0.181885 0.178467
v -0.015381 -0.179932 0.180908
v -0.013916 -0.182373 0.184326
v -0.007080 -0.179443 0.175537
v -0.023682 -0.182861 0.187256
v -0.024658 -0.179932 0.184326
v -0.036865 -0.180420 0.185791
v -0.043213 -0.180420 0.185791
v -0.055908 -0.184326 0.187256
v -0.055420 -0.181396 0.183838
v -0.034424 -0.169678 0.186768
v -0.036865 -0.167725 0.185791
v -0.043213 -0.168701 0.186768
v -0.040771 -0.166748 0.185791
v -0.036865 -0.162842 0.185791
v -0.040771 -0.161865 0.185791
v -0.001221 -0.154541 0.170166
v -0.011963 -0.153564 0.179932
v -0.024658 -0.153076 0.185791
v -0.002686 -0.131592 0.169189
v -0.012939 -0.132080 0.177979
v -0.026611 -0.132568 0.184326
v -0.039307 -0.133545 0.185791
v -0.042236 -0.133545 0.187256
v -0.045166 -0.133545 0.185791
v -0.057373 -0.134033 0.183838
v -0.009521 -0.181396 0.203369
v -0.008545 -0.178467 0.206299
v -0.021729 -0.182373 0.207764
v -0.021240 -0.179443 0.210693
v -0.022705 -0.166748 0.191650
v -0.030518 -0.169678 0.188721
v -0.028076 -0.167725 0.190186
v -0.028076 -0.162842 0.190186
v -0.036377 -0.182861 0.188721
v -0.039795 -0.181885 0.190186
v -0.042725 -0.183350 0.188721
v -0.039795 -0.179443 0.187744
v -0.036377 -0.183350 0.209717
v -0.036377 -0.180420 0.213135
v -0.042725 -0.183838 0.209229
v -0.039795 -0.182373 0.208740
v -0.039795 -0.179932 0.211182
v -0.043213 -0.180908 0.212646
v -0.057373 -0.184814 0.206787
v -0.058350 -0.181885 0.210205
v -0.047119 -0.168701 0.188721
v -0.049561 -0.166748 0.190186
v -0.061768 -0.168213 0.189697
v -0.060303 -0.167725 0.191650
v -0.049561 -0.161865 0.190186
v -0.010498 -0.132080 0.205811
v -0.023682 -0.132568 0.210693
v -0.041260 -0.153564 0.188232
v -0.040283 -0.150146 0.190674
v -0.038818 -0.133545 0.212646
v -0.042236 -0.133545 0.211182
v -0.045654 -0.133545 0.212646
v -0.060791 -0.134521 0.210205
v -0.092529 -0.185791 0.138916
v -0.089600 -0.183350 0.138916
v -0.093018 -0.184326 0.142334
v -0.091553 -0.185791 0.145264
v -0.088135 -0.183350 0.144775
v -0.091064 -0.182861 0.142334
v -0.091064 -0.185791 0.152588
v -0.087646 -0.183350 0.152100
v -0.088623 -0.168701 0.144287
v -0.089111 -0.170654 0.147217
v -0.088623 -0.170654 0.152588
v -0.087646 -0.168701 0.155518
v -0.092041 -0.170654 0.150146
v -0.088623 -0.163818 0.144287
v -0.090576 -0.160400 0.142822
v -0.087646 -0.163818 0.155518
v -0.089600 -0.160400 0.153564
v -0.065186 -0.184814 0.182861
v -0.064209 -0.181885 0.179932
v -0.074951 -0.185303 0.177490
v -0.072998 -0.182373 0.174561
v -0.084717 -0.183350 0.159912
v -0.082275 -0.185791 0.170166
v -0.079834 -0.182861 0.168213
v -0.087646 -0.185791 0.161377
v -0.083252 -0.168701 0.171631
v -0.085205 -0.164307 0.181396
v -0.084717 -0.159424 0.176025
v -0.080322 -0.159424 0.179932
v -0.112061 -0.186768 0.138916
v -0.114990 -0.184326 0.138916
v -0.111572 -0.185303 0.141846
v -0.113037 -0.183838 0.141846
v -0.110596 -0.186768 0.144775
v -0.111572 -0.186768 0.145752
v -0.114990 -0.184326 0.144775
v -0.110107 -0.187256 0.156006
v -0.094482 -0.168701 0.151123
v -0.104736 -0.186768 0.168701
v -0.107666 -0.184326 0.170654
v -0.095459 -0.186768 0.182373
v -0.097900 -0.184326 0.184326
v -0.113525 -0.184326 0.156982
v -0.109131 -0.164795 0.181396
v -0.096436 -0.162354 0.177490
v -0.110107 -0.159912 0.176025
v -0.114502 -0.160400 0.179932
v -0.091553 -0.135498 0.138916
v -0.093018 -0.135986 0.142334
v -0.090576 -0.135498 0.144775
v -0.088135 -0.135498 0.156006
v -0.080811 -0.143799 0.179932
v -0.071045 -0.134521 0.177490
v -0.081787 -0.135498 0.168213
v -0.117432 -0.136963 0.138916
v -0.115479 -0.136963 0.141846
v -0.117432 -0.136963 0.144775
v -0.110596 -0.144775 0.176025
v -0.114502 -0.144775 0.179932
v -0.100342 -0.136475 0.184326
v -0.115479 -0.136963 0.156982
v -0.110107 -0.136963 0.170654
v -0.069580 -0.185303 0.201904
v -0.071045 -0.182861 0.205322
v -0.083740 -0.186279 0.193604
v -0.085693 -0.183350 0.196045
v -0.062744 -0.157471 0.187744
v -0.085205 -0.164795 0.232178
v -0.080322 -0.159912 0.232178
v -0.109131 -0.165283 0.232178
v -0.114502 -0.160889 0.232178
v -0.073486 -0.135010 0.205322
v -0.088135 -0.135498 0.196533
v -0.080811 -0.144287 0.232178
v -0.114502 -0.145264 0.232178
v -0.125732 -0.191650 0.022705
v -0.125732 -0.191650 0.047607
v -0.229736 -0.242920 0.016846
v -0.233154 -0.239990 0.017334
v -0.228760 -0.246826 0.036377
v -0.232178 -0.243896 0.037354
v -0.215576 -0.233154 0.123779
v -0.215576 -0.205322 0.124756
v -0.127197 -0.149658 0.022705
v -0.127197 -0.149658 0.047607
v -0.243896 -0.180908 0.104248
v -0.243896 -0.184814 0.109619
v -0.244873 -0.139893 0.104248
v -0.215576 -0.237549 0.128174
v -0.211182 -0.233154 0.128174
v -0.226318 -0.236572 0.163330
v -0.221924 -0.237061 0.167236
v -0.211182 -0.205322 0.129150
v -0.215576 -0.200928 0.129150
v -0.215576 -0.239014 0.207275
v -0.211182 -0.234619 0.207764
v -0.215576 -0.234619 0.212158
v -0.221924 -0.237549 0.194580
v -0.226318 -0.237549 0.198975
v -0.211182 -0.206787 0.208252
v -0.215576 -0.207275 0.212646
v -0.215576 -0.202393 0.208252
v -0.237549 -0.208252 0.214111
v -0.244873 -0.208252 0.207275
v -0.249268 -0.208252 0.203369
v -0.247314 -0.210205 0.210205
v -0.245850 -0.203369 0.213135
v -0.246826 -0.205322 0.211182
v -0.243896 -0.214600 0.220947
v -0.157959 -0.152588 0.165771
v -0.162354 -0.166748 0.232178
v -0.162842 -0.162842 0.227295
v -0.157959 -0.152588 0.233643
v -0.163330 -0.144775 0.227295
v -0.181396 -0.129150 0.241943
v -0.179932 -0.128174 0.246826
v -0.201904 -0.174072 0.177979
v -0.205811 -0.178467 0.174072
v -0.243896 -0.185303 0.129150
v -0.239502 -0.178955 0.136475
v -0.243408 -0.175049 0.132568
v -0.202393 -0.155029 0.177979
v -0.243896 -0.155518 0.132568
v -0.220459 -0.126709 0.173584
v -0.230225 -0.127686 0.181885
v -0.232666 -0.125244 0.183350
v -0.234131 -0.127686 0.185791
v -0.236572 -0.136475 0.197021
v -0.236084 -0.133545 0.201904
v -0.238525 -0.135498 0.200928
v -0.245850 -0.136475 0.200439
v -0.238525 -0.131592 0.195068
v -0.246826 -0.130615 0.188232
v -0.242920 -0.128662 0.192139
v -0.246338 -0.126709 0.195557
v -0.249756 -0.129639 0.204346
v -0.242432 -0.126221 0.206299
v -0.173584 -0.120361 0.239014
v -0.185303 -0.123779 0.243408
v -0.184814 -0.120361 0.248291
v -0.187256 -0.116943 0.249268
v -0.179932 -0.083740 0.247803
v -0.184326 -0.068115 0.245850
v -0.242432 -0.121338 0.179443
v -0.223877 -0.072021 0.165283
v -0.227295 -0.069580 0.166260
v -0.233154 -0.071533 0.174561
v -0.238525 -0.072510 0.177002
v -0.237061 -0.069580 0.174561
v -0.235107 -0.068604 0.176025
v -0.189697 -0.091064 0.243896
v -0.177002 -0.039795 0.224854
v -0.175049 -0.036865 0.222412
v -0.184814 -0.035889 0.232178
v -0.186768 -0.032471 0.233154
v -0.244873 -0.049561 0.169678
v -0.233154 -0.041748 0.177002
v -0.241943 -0.035400 0.171143
v -0.237061 -0.042236 0.174072
v -0.249756 -0.041748 0.181396
v -0.247314 -0.040771 0.185303
v -0.224854 -0.004150 0.157471
v -0.226807 -0.001709 0.157471
v -0.234131 -0.003174 0.166748
v -0.235596 -0.005615 0.168701
v -0.235596 -0.001221 0.165771
v -0.193115 -0.061279 0.239014
v -0.187744 -0.038330 0.234131
v -0.189697 -0.041260 0.236572
v -0.242432 -0.040283 0.188721
v -0.246826 -0.033936 0.189697
v -0.022217 -0.234131 0.373779
v -0.017334 -0.228760 0.372314
v -0.024658 -0.228760 0.368408
v -0.052490 -0.235596 0.372803
v -0.051514 -0.229736 0.367920
v -0.057861 -0.230713 0.371826
v -0.019775 -0.205322 0.370850
v -0.026611 -0.205811 0.367432
v -0.018799 -0.201416 0.369385
v -0.025635 -0.201416 0.365479
v -0.036865 -0.205322 0.355713
v -0.039307 -0.205322 0.357666
v -0.041748 -0.205322 0.355713
v -0.035400 -0.209229 0.360107
v -0.042725 -0.209229 0.360107
v -0.052979 -0.206787 0.366455
v -0.059814 -0.207275 0.369873
v -0.061768 -0.203369 0.368408
v -0.037842 -0.197021 0.352295
v -0.036865 -0.197510 0.355713
v -0.041260 -0.197021 0.352295
v -0.041748 -0.197510 0.355713
v -0.054932 -0.202881 0.364990
v -0.115479 -0.224365 0.343018
v -0.124268 -0.221924 0.338135
v -0.122803 -0.232178 0.350342
v -0.118896 -0.199463 0.326416
v -0.035889 -0.159424 0.359131
v -0.040283 -0.150146 0.356201
v -0.038330 -0.141357 0.356201
v -0.042725 -0.141357 0.356201
v -0.121338 -0.152100 0.310791
v -0.005127 -0.226807 0.410889
v -0.009521 -0.220947 0.406494
v -0.009521 -0.221436 0.412842
v -0.035400 -0.210693 0.422119
v -0.042725 -0.210693 0.422119
v -0.039307 -0.198975 0.414795
v -0.004150 -0.242920 0.480225
v -0.009033 -0.243408 0.483643
v -0.008057 -0.238037 0.488525
v -0.031494 -0.244873 0.481201
v -0.033936 -0.239990 0.486084
v -0.058838 -0.246338 0.472412
v -0.062256 -0.241455 0.476807
v -0.037842 -0.221924 0.473389
v -0.037354 -0.223389 0.480225
v -0.038818 -0.218994 0.477783
v -0.003174 -0.216064 0.476318
v -0.006104 -0.215576 0.470947
v -0.002197 -0.211670 0.473389
v -0.012451 -0.216553 0.475830
v -0.010986 -0.217529 0.482666
v -0.011963 -0.213135 0.479736
v -0.070557 -0.224365 0.405029
v -0.075928 -0.238525 0.421143
v -0.070068 -0.243408 0.422119
v -0.074463 -0.230225 0.409424
v -0.070068 -0.224854 0.411377
v -0.076904 -0.223389 0.418213
v -0.078857 -0.219482 0.417725
v -0.091064 -0.231689 0.425049
v -0.081299 -0.223389 0.424561
v -0.085693 -0.220459 0.422607
v -0.082275 -0.223877 0.430420
v -0.088135 -0.226318 0.427979
v -0.087158 -0.220947 0.430420
v -0.095459 -0.226807 0.427490
v -0.063721 -0.246338 0.467529
v -0.077881 -0.223877 0.446045
v -0.066162 -0.223877 0.465088
v -0.072510 -0.223877 0.459229
v -0.072998 -0.225342 0.463623
v -0.076904 -0.220459 0.461182
v -0.082764 -0.220947 0.446533
v -0.069580 -0.241455 0.468994
v -0.065674 -0.225342 0.471436
v -0.068115 -0.220459 0.468994
v -0.002686 -0.156494 0.401123
v -0.035889 -0.159912 0.402588
v -0.001221 -0.156006 0.408936
v -0.004639 -0.154541 0.423096
v -0.040771 -0.130615 0.381104
v -0.013916 -0.151611 0.448486
v -0.022217 -0.151611 0.454834
v -0.041748 -0.154053 0.452881
v -0.078857 -0.160400 0.398193
v -0.080322 -0.159912 0.406006
v -0.076904 -0.158447 0.423096
v -0.072021 -0.156982 0.437744
v -0.064697 -0.156006 0.445557
v -0.186279 -0.221924 0.282959
v -0.185791 -0.216064 0.264404
v -0.182373 -0.211182 0.260498
v -0.179443 -0.215576 0.277100
v -0.180908 -0.211670 0.265869
v -0.131104 -0.223389 0.334717
v -0.131592 -0.225830 0.342529
v -0.126709 -0.218994 0.336670
v -0.140381 -0.233154 0.366943
v -0.144287 -0.226807 0.355713
v -0.145264 -0.224365 0.348389
v -0.141846 -0.219971 0.351807
v -0.148682 -0.219971 0.351318
v -0.146729 -0.225342 0.370850
v -0.148682 -0.224854 0.361572
v -0.127686 -0.218506 0.331299
v -0.200928 -0.221924 0.296143
v -0.188232 -0.212646 0.273193
v -0.194580 -0.215576 0.276611
v -0.193604 -0.211670 0.279053
v -0.199463 -0.216064 0.277588
v -0.196045 -0.211670 0.280518
v -0.203369 -0.211182 0.280518
v -0.205811 -0.216064 0.286865
v -0.209229 -0.214111 0.292725
v -0.206299 -0.215088 0.300537
v -0.162354 -0.167236 0.253662
v -0.162842 -0.163330 0.258545
v -0.176514 -0.160400 0.258545
v -0.185303 -0.159424 0.272217
v -0.186768 -0.155029 0.252686
v -0.179443 -0.142822 0.268311
v -0.187256 -0.136475 0.271729
v -0.133057 -0.151611 0.321045
v -0.135010 -0.148193 0.322510
v -0.126709 -0.137451 0.316162
v -0.125732 -0.136963 0.321045
v -0.130615 -0.132568 0.317627
v -0.126221 -0.128662 0.319092
v -0.130615 -0.126709 0.322021
v -0.134033 -0.125244 0.321533
v -0.140381 -0.135986 0.333740
v -0.147705 -0.135986 0.333252
v -0.143799 -0.132080 0.328857
v -0.149658 -0.126221 0.338623
v -0.188721 -0.146240 0.264893
v -0.195068 -0.153564 0.265869
v -0.189697 -0.153076 0.273682
v -0.195557 -0.143311 0.266846
v -0.205811 -0.142822 0.275146
v -0.209229 -0.143799 0.280518
v -0.194580 -0.126221 0.260010
v -0.201904 -0.126221 0.259521
v -0.200439 -0.135986 0.280029
v -0.206299 -0.142334 0.287842
v -0.200928 -0.135986 0.282471
v -0.029541 -0.094482 0.340088
v -0.055908 -0.095459 0.339111
v -0.062256 -0.094971 0.342529
v -0.022705 -0.093506 0.343506
v -0.023193 -0.087646 0.342529
v -0.029541 -0.088135 0.338623
v -0.055908 -0.089600 0.337646
v -0.124756 -0.073975 0.295166
v -0.117432 -0.124756 0.322510
v -0.062744 -0.089111 0.341064
v -0.011963 -0.017822 0.355713
v -0.010010 -0.010498 0.353271
v -0.123779 -0.024170 0.300537
v -0.072510 -0.021729 0.351318
v -0.072998 -0.023193 0.354736
v -0.085693 -0.020752 0.361084
v -0.089111 -0.023193 0.366943
v -0.086182 -0.020264 0.364014
v -0.088135 -0.017822 0.362061
v -0.014404 -0.118408 0.375244
v -0.014404 -0.117432 0.381104
v -0.004150 -0.114502 0.381592
v -0.010010 -0.112549 0.376709
v -0.008545 -0.090088 0.382080
v -0.013916 -0.086182 0.383545
v -0.008545 -0.083252 0.380127
v -0.000732 -0.082764 0.406494
v -0.012939 -0.079346 0.428955
v -0.009521 -0.083740 0.433350
v -0.020264 -0.079346 0.433350
v -0.009521 -0.073975 0.429932
v -0.019287 -0.073486 0.435791
v -0.040771 -0.080322 0.431885
v -0.041260 -0.074951 0.434814
v -0.019287 -0.083252 0.439209
v -0.041260 -0.084717 0.437744
v -0.071533 -0.121338 0.375244
v -0.071045 -0.120361 0.380615
v -0.075928 -0.119385 0.380127
v -0.075928 -0.115967 0.376221
v -0.089600 -0.117432 0.389893
v -0.091553 -0.115479 0.388428
v -0.088623 -0.119873 0.394287
v -0.092041 -0.113525 0.390869
v -0.085205 -0.093994 0.385986
v -0.095947 -0.120361 0.393799
v -0.069580 -0.089111 0.380127
v -0.075439 -0.093018 0.379639
v -0.075439 -0.086182 0.377686
v -0.081299 -0.088135 0.386963
v -0.085205 -0.084717 0.383057
v -0.087158 -0.083740 0.389893
v -0.082275 -0.088135 0.391357
v -0.087158 -0.093018 0.392822
v -0.077393 -0.085693 0.406982
v -0.072021 -0.083740 0.420166
v -0.075928 -0.078857 0.420654
v -0.067627 -0.087158 0.430908
v -0.075928 -0.088623 0.423584
v -0.065674 -0.082764 0.425537
v -0.082275 -0.090576 0.409424
v -0.081787 -0.080811 0.406494
v -0.067627 -0.077393 0.427979
v -0.138428 -0.075439 0.308350
v -0.136475 -0.072510 0.305420
v -0.140381 -0.071533 0.306396
v -0.126709 -0.069580 0.297119
v -0.139404 -0.068115 0.306885
v -0.141357 -0.064697 0.308350
v -0.125732 -0.117432 0.326416
v -0.138916 -0.119873 0.314209
v -0.152100 -0.117432 0.325928
v -0.144287 -0.123779 0.334717
v -0.145752 -0.124756 0.332275
v -0.141846 -0.117432 0.339600
v -0.148682 -0.116943 0.334717
v -0.148193 -0.124756 0.346924
v -0.192139 -0.122314 0.255615
v -0.197998 -0.122314 0.255127
v -0.192627 -0.087158 0.264893
v -0.197998 -0.089600 0.257080
v -0.188721 -0.081787 0.261475
v -0.196533 -0.066162 0.258057
v -0.135010 -0.036865 0.296143
v -0.148193 -0.033936 0.307861
v -0.133545 -0.018799 0.291260
v -0.126221 -0.029053 0.301025
v -0.127686 -0.023682 0.297119
v -0.139404 -0.022217 0.307861
v -0.141846 -0.027100 0.309814
v -0.145752 -0.016846 0.302979
v -0.142334 -0.016357 0.311279
v -0.144775 -0.031494 0.315674
v -0.139404 -0.026123 0.313721
v -0.200928 -0.059814 0.258545
v -0.204834 -0.059326 0.250732
v -0.264893 -0.239990 0.019287
v -0.263916 -0.243896 0.039307
v -0.262451 -0.233154 0.123779
v -0.262451 -0.205811 0.124756
v -0.263428 -0.197021 0.120850
v -0.261475 -0.191650 0.117920
v -0.260986 -0.194092 0.122314
v -0.322510 -0.189697 0.051025
v -0.331299 -0.190186 0.061279
v -0.322998 -0.190186 0.069092
v -0.332764 -0.188721 0.083740
v -0.283936 -0.132568 0.120361
v -0.291748 -0.126709 0.114502
v -0.302979 -0.127686 0.124268
v -0.320068 -0.186279 0.053467
v -0.322510 -0.181396 0.062256
v -0.319092 -0.183838 0.064697
v -0.328857 -0.186279 0.063232
v -0.333252 -0.186279 0.063232
v -0.329834 -0.183350 0.063721
v -0.340088 -0.181885 0.077393
v -0.337158 -0.182373 0.085693
v -0.262451 -0.238037 0.128174
v -0.266846 -0.233643 0.128174
v -0.252197 -0.237061 0.163330
v -0.256104 -0.237061 0.167236
v -0.266846 -0.205811 0.129150
v -0.262451 -0.201416 0.129150
v -0.272217 -0.196533 0.132568
v -0.269775 -0.193604 0.134521
v -0.273682 -0.193115 0.134521
v -0.298096 -0.206787 0.148193
v -0.292725 -0.199463 0.140869
v -0.303467 -0.199463 0.140381
v -0.256104 -0.238037 0.194580
v -0.251709 -0.238037 0.198975
v -0.262451 -0.239502 0.207275
v -0.262451 -0.235107 0.212158
v -0.266846 -0.235107 0.207764
v -0.252686 -0.212646 0.207764
v -0.253174 -0.207764 0.215088
v -0.258545 -0.207764 0.218018
v -0.262451 -0.207275 0.212646
v -0.263428 -0.203369 0.218506
v -0.266846 -0.207275 0.208252
v -0.262451 -0.202881 0.208252
v -0.260986 -0.207764 0.225342
v -0.262939 -0.207275 0.226807
v -0.257568 -0.213623 0.235596
v -0.262451 -0.205811 0.239990
v -0.265869 -0.212158 0.220459
v -0.269775 -0.207275 0.222900
v -0.265869 -0.205322 0.232178
v -0.257568 -0.202881 0.221924
v -0.317139 -0.198486 0.150146
v -0.312744 -0.205811 0.158447
v -0.317627 -0.197998 0.159424
v -0.271729 -0.185791 0.126709
v -0.286377 -0.141357 0.130127
v -0.297119 -0.140869 0.128662
v -0.295654 -0.133545 0.129639
v -0.290771 -0.133057 0.134033
v -0.310791 -0.139893 0.138428
v -0.300537 -0.128174 0.131104
v -0.311768 -0.137939 0.147705
v -0.304932 -0.132080 0.143799
v -0.250244 -0.125244 0.190674
v -0.252197 -0.133057 0.203369
v -0.250244 -0.134033 0.209717
v -0.255615 -0.133057 0.205811
v -0.258545 -0.125732 0.209717
v -0.260498 -0.131592 0.213135
v -0.266846 -0.126709 0.207764
v -0.259521 -0.130615 0.225830
v -0.262939 -0.132080 0.218994
v -0.394287 -0.192139 0.014404
v -0.401123 -0.184814 0.009521
v -0.398193 -0.185303 0.017822
v -0.267822 -0.104736 0.107178
v -0.268311 -0.104248 0.106201
v -0.265869 -0.107666 0.111084
v -0.276611 -0.103760 0.115479
v -0.274658 -0.107178 0.122314
v -0.278564 -0.107666 0.122803
v -0.277100 -0.104736 0.119873
v -0.278564 -0.101318 0.117432
v -0.286377 -0.078369 0.113525
v -0.291748 -0.085693 0.109619
v -0.302979 -0.085693 0.118896
v -0.298096 -0.078857 0.122803
v -0.290283 -0.071533 0.109131
v -0.281982 -0.077393 0.114990
v -0.300049 -0.070557 0.119873
v -0.323486 -0.114990 0.054932
v -0.326904 -0.109619 0.057861
v -0.333252 -0.115967 0.054443
v -0.332275 -0.108643 0.055908
v -0.340088 -0.103271 0.050537
v -0.325928 -0.083252 0.046143
v -0.322998 -0.086670 0.048584
v -0.331787 -0.087158 0.058350
v -0.336182 -0.087158 0.058350
v -0.334717 -0.083252 0.055908
v -0.321045 -0.077881 0.041748
v -0.328857 -0.077881 0.051514
v -0.330811 -0.074463 0.053467
v -0.343506 -0.115967 0.068115
v -0.341064 -0.114990 0.075928
v -0.336670 -0.109619 0.072998
v -0.341553 -0.107666 0.068115
v -0.345459 -0.102783 0.070068
v -0.349365 -0.102295 0.062744
v -0.265869 -0.044678 0.099854
v -0.269287 -0.040771 0.096436
v -0.274170 -0.043213 0.109131
v -0.277588 -0.040771 0.106201
v -0.279541 -0.036865 0.108154
v -0.276123 -0.045166 0.111572
v -0.291748 -0.012451 0.104248
v -0.283447 -0.006104 0.109131
v -0.283447 -0.005615 0.111572
v -0.293213 -0.005127 0.120361
v -0.294189 -0.005127 0.121338
v -0.301514 -0.011963 0.115479
v -0.297607 -0.010498 0.122314
v -0.336670 -0.052490 0.046143
v -0.329346 -0.042236 0.046631
v -0.333740 -0.035400 0.041260
v -0.338135 -0.035400 0.043213
v -0.328369 -0.046631 0.050049
v -0.332275 -0.042725 0.047607
v -0.337158 -0.045166 0.062256
v -0.345459 -0.051025 0.057861
v -0.346924 -0.035400 0.057373
v -0.342041 -0.049561 0.065186
v -0.339600 -0.042725 0.062744
v -0.343506 -0.036377 0.065186
v -0.301025 -0.084229 0.125244
v -0.291748 -0.076416 0.126221
v -0.296143 -0.070557 0.127197
v -0.253662 -0.120361 0.189697
v -0.250732 -0.120361 0.197021
v -0.262939 -0.122803 0.203369
v -0.254639 -0.124756 0.219482
v -0.256592 -0.048584 0.179932
v -0.253174 -0.046631 0.186768
v -0.251221 -0.033936 0.182373
v -0.404053 -0.090576 0.006104
v -0.401123 -0.090576 0.014404
v -0.397217 -0.083252 0.010986
v -0.399170 -0.081787 0.008057
v -0.402588 -0.076416 0.010986
v -0.407471 -0.074951 0.004639
v 0.411377 0.029053 -0.489014
v 0.406982 0.029541 -0.491943
v 0.410400 0.027588 -0.441650
v 0.409912 0.045166 -0.489014
v 0.408936 0.046631 -0.440186
v 0.405518 0.036377 -0.489014
v 0.404053 0.038330 -0.489014
v 0.406006 0.045166 -0.491943
v 0.402588 0.036377 -0.443604
v 0.400635 0.038330 -0.441162
v 0.405518 0.027588 -0.434326
v 0.403076 0.046631 -0.432861
v 0.410400 0.093994 -0.438721
v 0.407471 0.093994 -0.436279
v 0.342041 0.029053 -0.489014
v 0.343018 0.028076 -0.441162
v 0.347900 0.038330 -0.489014
v 0.347412 0.036377 -0.489014
v 0.346436 0.045166 -0.491943
v 0.347900 0.036377 -0.442139
v 0.347900 0.038330 -0.440186
v 0.342041 0.045166 -0.489014
v 0.342529 0.038818 -0.459717
v 0.336670 0.042725 -0.459717
v 0.336670 0.045166 -0.459717
v 0.342041 0.038818 -0.443115
v 0.336182 0.042725 -0.443115
v 0.343018 0.046143 -0.439209
v 0.335693 0.045166 -0.443604
v 0.343018 0.049072 -0.459717
v 0.342041 0.049072 -0.443115
v 0.347412 0.028076 -0.436768
v 0.347412 0.046143 -0.434814
v 0.335693 0.038818 -0.436279
v 0.336182 0.049072 -0.436279
v 0.257080 0.004639 -0.439697
v 0.256592 0.004639 -0.438232
v 0.263428 0.011475 -0.440186
v 0.257080 0.010986 -0.446045
v 0.258057 0.004150 -0.391846
v 0.258545 0.005127 -0.390869
v 0.264404 0.010498 -0.391846
v 0.258057 0.010498 -0.385010
v 0.345947 0.093994 -0.437256
v 0.264893 0.124756 -0.391357
v 0.258545 0.124756 -0.384521
v 0.313232 0.019775 -0.308350
v 0.313232 0.019775 -0.280518
v 0.312744 0.022217 -0.266357
v 0.320557 0.030029 -0.269775
v 0.321533 0.030029 -0.266846
v 0.313232 0.029053 -0.266357
v 0.313721 0.029541 -0.262939
v 0.313721 0.030518 -0.257080
v 0.330322 0.034912 -0.272705
v 0.329834 0.033447 -0.272217
v 0.330811 0.036865 -0.272705
v 0.328369 0.036377 -0.269287
v 0.328857 0.039795 -0.273193
v 0.329346 0.039795 -0.270752
v 0.327393 0.036377 -0.273682
v 0.326904 0.032471 -0.271729
v 0.326904 0.032959 -0.269287
v 0.326416 0.045654 -0.271729
v 0.327393 0.045654 -0.268799
v 0.314697 0.040771 -0.273193
v 0.321045 0.038330 -0.258057
v 0.318115 0.033936 -0.258545
v 0.316162 0.035400 -0.260986
v 0.320068 0.037354 -0.255127
v 0.320557 0.044678 -0.258545
v 0.322510 0.043213 -0.256592
v 0.321045 0.045166 -0.251221
v 0.319092 0.039795 -0.260498
v 0.315674 0.041748 -0.261475
v 0.312744 0.040283 -0.251221
v 0.313232 0.041748 -0.250244
v 0.321045 0.051514 -0.269287
v 0.321533 0.052002 -0.265869
v 0.314697 0.054443 -0.266357
v 0.314209 0.053955 -0.268799
v 0.323486 0.058838 -0.266846
v 0.321533 0.048096 -0.253174
v 0.312744 0.048584 -0.265381
v 0.313232 0.048096 -0.262939
v 0.319580 0.052002 -0.265381
v 0.319580 0.051514 -0.261963
v 0.320068 0.049561 -0.255127
v 0.317139 0.052490 -0.251221
v 0.324463 0.058838 -0.263916
v 0.282959 0.031006 -0.343994
v 0.299072 0.031006 -0.321045
v 0.293701 0.031006 -0.332764
v 0.291260 0.028564 -0.331299
v 0.285889 0.031006 -0.343018
v 0.283447 0.028564 -0.341553
v 0.296631 0.028564 -0.320068
v 0.282959 0.046631 -0.343994
v 0.299072 0.046631 -0.321045
v 0.293701 0.046631 -0.332764
v 0.285889 0.046631 -0.343018
v 0.291260 0.049072 -0.331299
v 0.283447 0.049072 -0.341553
v 0.296631 0.049072 -0.320068
v 0.309326 0.016357 -0.308350
v 0.309326 0.019775 -0.312256
v 0.301514 0.031006 -0.310303
v 0.299072 0.028564 -0.310303
v 0.304932 0.005615 -0.270264
v 0.302979 0.004639 -0.269775
v 0.301025 0.004639 -0.268799
v 0.302979 0.007568 -0.266357
v 0.299561 0.006592 -0.265869
v 0.298584 0.006592 -0.267822
v 0.305908 0.009033 -0.271240
v 0.306396 0.008545 -0.268799
v 0.309326 0.014404 -0.270752
v 0.310303 0.013916 -0.268311
v 0.301514 0.008057 -0.270752
v 0.293701 0.010498 -0.265381
v 0.294678 0.010010 -0.262939
v 0.309326 0.016357 -0.281006
v 0.306885 0.015869 -0.279053
v 0.305420 0.016357 -0.277588
v 0.310303 0.019775 -0.275635
v 0.305908 0.019775 -0.273682
v 0.311768 0.022217 -0.269775
v 0.298096 0.021240 -0.271240
v 0.309814 0.029053 -0.269775
v 0.310791 0.029541 -0.267334
v 0.301514 0.022217 -0.260010
v 0.310303 0.029541 -0.255127
v 0.308350 0.031006 -0.257568
v 0.306396 0.031006 -0.255615
v 0.307861 0.029541 -0.253662
v 0.304932 0.030029 -0.250732
v 0.302979 0.031006 -0.253174
v 0.281494 0.023682 -0.270752
v 0.290283 0.016846 -0.259033
v 0.288818 0.016357 -0.261963
v 0.286865 0.023682 -0.261963
v 0.287842 0.023682 -0.259521
v 0.272705 0.024658 -0.282959
v 0.250732 0.018311 -0.311768
v 0.272705 0.021729 -0.279053
v 0.278076 0.023682 -0.274170
v 0.278076 0.026611 -0.270752
v 0.267334 0.023682 -0.274170
v 0.267334 0.026611 -0.270752
v 0.250732 0.016357 -0.277588
v 0.250732 0.019775 -0.273682
v 0.301514 0.046631 -0.310303
v 0.299072 0.049072 -0.310303
v 0.304932 0.034912 -0.270752
v 0.306396 0.031494 -0.265869
v 0.304932 0.035400 -0.269287
v 0.300537 0.037354 -0.268311
v 0.300049 0.037842 -0.266357
v 0.299072 0.041748 -0.270264
v 0.300049 0.041748 -0.268799
v 0.311768 0.031982 -0.259521
v 0.306885 0.031494 -0.263428
v 0.311279 0.031982 -0.251709
v 0.310791 0.038818 -0.250244
v 0.302002 0.036377 -0.258057
v 0.298584 0.036377 -0.260010
v 0.300537 0.037842 -0.260498
v 0.301025 0.035400 -0.257568
v 0.300049 0.036865 -0.253662
v 0.309326 0.039795 -0.256104
v 0.311768 0.042236 -0.256592
v 0.311768 0.039307 -0.250732
v 0.307373 0.039307 -0.254639
v 0.307861 0.042725 -0.257080
v 0.305908 0.041748 -0.257568
v 0.306396 0.042236 -0.256592
v 0.305908 0.041748 -0.254639
v 0.305420 0.042725 -0.255127
v 0.305420 0.040283 -0.252686
v 0.312256 0.044678 -0.255615
v 0.308838 0.044189 -0.257080
v 0.311768 0.046143 -0.254150
v 0.309326 0.045654 -0.256592
v 0.310791 0.046631 -0.252686
v 0.306885 0.044678 -0.255615
v 0.304932 0.044189 -0.254150
v 0.308350 0.046631 -0.255127
v 0.307373 0.046143 -0.255615
v 0.306885 0.046631 -0.254150
v 0.305420 0.043213 -0.250732
v 0.307861 0.046631 -0.250732
v 0.305908 0.045654 -0.253662
v 0.306396 0.045166 -0.250244
v 0.305908 0.045654 -0.250732
v 0.304443 0.043213 -0.260010
v 0.297119 0.046143 -0.255615
v 0.297607 0.043213 -0.250732
v 0.298096 0.044189 -0.250244
v 0.294678 0.035889 -0.273193
v 0.288330 0.036377 -0.266846
v 0.294189 0.045654 -0.276123
v 0.294189 0.045654 -0.275146
v 0.292236 0.043213 -0.271729
v 0.295166 0.033936 -0.258545
v 0.296631 0.035889 -0.264893
v 0.289307 0.036377 -0.265381
v 0.296631 0.032471 -0.256104
v 0.293213 0.031982 -0.253662
v 0.291260 0.033447 -0.256104
v 0.289307 0.032959 -0.250244
v 0.287842 0.031494 -0.265381
v 0.288330 0.031494 -0.263428
v 0.283936 0.035889 -0.259033
v 0.282959 0.036377 -0.261475
v 0.287354 0.034424 -0.252686
v 0.296631 0.043701 -0.265381
v 0.294678 0.042725 -0.256104
v 0.296143 0.041748 -0.250244
v 0.296631 0.042236 -0.250732
v 0.292236 0.041748 -0.255127
v 0.290283 0.042725 -0.253174
v 0.295166 0.043213 -0.256104
v 0.293701 0.046631 -0.257080
v 0.292725 0.045654 -0.257080
v 0.291260 0.045166 -0.256592
v 0.290283 0.045654 -0.255127
v 0.289795 0.046631 -0.254639
v 0.289795 0.044678 -0.251221
v 0.306396 0.053955 -0.270264
v 0.306396 0.053955 -0.268311
v 0.300537 0.047607 -0.274170
v 0.304443 0.048584 -0.266846
v 0.301514 0.047119 -0.265869
v 0.297119 0.051514 -0.266846
v 0.305420 0.047607 -0.258057
v 0.306885 0.047607 -0.254639
v 0.306396 0.050049 -0.252686
v 0.304443 0.048584 -0.264893
v 0.304443 0.051514 -0.255127
v 0.302490 0.054443 -0.251709
v 0.298584 0.052002 -0.250244
v 0.312256 0.060303 -0.256592
v 0.304932 0.060303 -0.250732
v 0.298584 0.054932 -0.261475
v 0.302490 0.054932 -0.251709
v 0.289307 0.048584 -0.276123
v 0.291748 0.049561 -0.276611
v 0.292725 0.052002 -0.276123
v 0.292236 0.053955 -0.274170
v 0.290771 0.053467 -0.274658
v 0.294189 0.047119 -0.265869
v 0.292236 0.053955 -0.272705
v 0.289307 0.051514 -0.267822
v 0.289307 0.052002 -0.269287
v 0.287842 0.050049 -0.274658
v 0.288818 0.052490 -0.273682
v 0.296631 0.057373 -0.269287
v 0.295166 0.050537 -0.264404
v 0.292236 0.051514 -0.262939
v 0.296631 0.048584 -0.254150
v 0.294189 0.048096 -0.256592
v 0.293701 0.049072 -0.255615
v 0.295654 0.049561 -0.252686
v 0.294678 0.050049 -0.251709
v 0.291748 0.047607 -0.255615
v 0.292236 0.049561 -0.254639
v 0.290283 0.048096 -0.253662
v 0.290283 0.047119 -0.250244
v 0.291260 0.049072 -0.253662
v 0.292236 0.049072 -0.250244
v 0.287354 0.047607 -0.254150
v 0.293213 0.057861 -0.262451
v 0.294189 0.057373 -0.260010
v 0.287354 0.060303 -0.259033
v 0.288818 0.059814 -0.256104
v 0.273193 0.043701 -0.282959
v 0.271240 0.045654 -0.282959
v 0.267822 0.036377 -0.274170
v 0.270264 0.039307 -0.274170
v 0.270264 0.043213 -0.274658
v 0.270264 0.043213 -0.270752
v 0.268311 0.043213 -0.267822
v 0.277588 0.038818 -0.258057
v 0.279053 0.038330 -0.255127
v 0.273682 0.044678 -0.253174
v 0.272705 0.044678 -0.256104
v 0.263428 0.036377 -0.274170
v 0.263916 0.043213 -0.267822
v 0.268799 0.047607 -0.274170
v 0.281006 0.049561 -0.263916
v 0.271729 0.050537 -0.253174
v 0.270264 0.051025 -0.254639
v 0.271729 0.054443 -0.257080
v 0.273193 0.053955 -0.252686
v 0.269287 0.053467 -0.254150
v 0.273682 0.057861 -0.255615
v 0.274658 0.057373 -0.253174
v 0.279541 0.059814 -0.257080
v 0.280518 0.059326 -0.254639
v 0.269775 0.055420 -0.254150
v 0.270752 0.056885 -0.254150
v 0.264404 0.047607 -0.274170
v 0.325439 0.065186 -0.266846
v 0.326416 0.068115 -0.266357
v 0.325928 0.070068 -0.266357
v 0.322998 0.068604 -0.267822
v 0.321533 0.072021 -0.265869
v 0.318604 0.075439 -0.265869
v 0.325439 0.064697 -0.264404
v 0.323975 0.068115 -0.263428
v 0.324463 0.071533 -0.265381
v 0.322510 0.071533 -0.263428
v 0.316650 0.073486 -0.260498
v 0.315674 0.073486 -0.263428
v 0.318604 0.076416 -0.262451
v 0.315674 0.077393 -0.253174
v 0.314209 0.076416 -0.252197
v 0.329834 0.087646 -0.271729
v 0.329834 0.089600 -0.271729
v 0.328857 0.091064 -0.272217
v 0.324463 0.080322 -0.269287
v 0.324951 0.081299 -0.266357
v 0.327881 0.085693 -0.271240
v 0.313232 0.085693 -0.273193
v 0.326904 0.088623 -0.273682
v 0.327881 0.086182 -0.268799
v 0.327393 0.089600 -0.268799
v 0.326416 0.092041 -0.272705
v 0.326904 0.092529 -0.270264
v 0.317627 0.081299 -0.255127
v 0.318604 0.085693 -0.257568
v 0.318604 0.082275 -0.252197
v 0.319092 0.084229 -0.252686
v 0.313232 0.087646 -0.261475
v 0.316650 0.091064 -0.259521
v 0.319580 0.087158 -0.254639
v 0.317627 0.092529 -0.256592
v 0.315186 0.093506 -0.253662
v 0.321045 0.095947 -0.271729
v 0.322021 0.096436 -0.268799
v 0.313232 0.098389 -0.269775
v 0.313721 0.098877 -0.266357
v 0.312744 0.095459 -0.260010
v 0.313721 0.096436 -0.257080
v 0.311279 0.062744 -0.268311
v 0.304443 0.074463 -0.265869
v 0.301514 0.069580 -0.260010
v 0.302002 0.069092 -0.257568
v 0.310791 0.073975 -0.265381
v 0.311279 0.073975 -0.262451
v 0.308350 0.072998 -0.260010
v 0.308838 0.072510 -0.257080
v 0.311279 0.074463 -0.250732
v 0.303955 0.075439 -0.263916
v 0.300049 0.076416 -0.264404
v 0.300537 0.076904 -0.262451
v 0.296631 0.064697 -0.262939
v 0.296631 0.063721 -0.260986
v 0.287842 0.069092 -0.261475
v 0.285889 0.069092 -0.260010
v 0.289795 0.071045 -0.261963
v 0.291260 0.076904 -0.261963
v 0.289795 0.076416 -0.263916
v 0.288818 0.073975 -0.260010
v 0.286377 0.073486 -0.258057
v 0.284912 0.071045 -0.258545
v 0.284912 0.074463 -0.259521
v 0.286865 0.074951 -0.256592
v 0.298584 0.080322 -0.272705
v 0.298096 0.091553 -0.269287
v 0.298096 0.091553 -0.267334
v 0.304932 0.081787 -0.258057
v 0.306885 0.083252 -0.259521
v 0.306396 0.082275 -0.259033
v 0.306885 0.084717 -0.260010
v 0.305420 0.085693 -0.260498
v 0.306885 0.081299 -0.255127
v 0.304932 0.081299 -0.254639
v 0.308838 0.082275 -0.256104
v 0.309814 0.084229 -0.257080
v 0.308350 0.085693 -0.251221
v 0.307373 0.085205 -0.250732
v 0.305908 0.085693 -0.250732
v 0.303467 0.081787 -0.258057
v 0.304443 0.083740 -0.259521
v 0.302490 0.083252 -0.258057
v 0.302002 0.084229 -0.258545
v 0.302490 0.085693 -0.259521
v 0.297119 0.083740 -0.265381
v 0.302490 0.082764 -0.254639
v 0.301514 0.084717 -0.255127
v 0.308838 0.087158 -0.258057
v 0.305908 0.089111 -0.258057
v 0.308838 0.087646 -0.252197
v 0.308838 0.086670 -0.251709
v 0.306885 0.087158 -0.251221
v 0.305420 0.086670 -0.250732
v 0.305420 0.087646 -0.251221
v 0.307861 0.088623 -0.252197
v 0.306885 0.089111 -0.252197
v 0.305908 0.088623 -0.251709
v 0.303955 0.086182 -0.260010
v 0.301514 0.086670 -0.256104
v 0.303467 0.088623 -0.257568
v 0.289307 0.081787 -0.276123
v 0.294189 0.080811 -0.268799
v 0.289307 0.079346 -0.273193
v 0.289307 0.079346 -0.271729
v 0.292725 0.080322 -0.269775
v 0.294189 0.082275 -0.266357
v 0.296631 0.085693 -0.268799
v 0.288818 0.080322 -0.275146
v 0.288818 0.083252 -0.276123
v 0.287354 0.085205 -0.274658
v 0.287354 0.079834 -0.272705
v 0.285889 0.081787 -0.271240
v 0.285889 0.084717 -0.272217
v 0.295654 0.089111 -0.274658
v 0.294678 0.089111 -0.275635
v 0.294678 0.087646 -0.267822
v 0.292236 0.086182 -0.264893
v 0.294189 0.086182 -0.250732
v 0.294678 0.091064 -0.252686
v 0.286377 0.087158 -0.255127
v 0.277588 0.075928 -0.256592
v 0.278564 0.076416 -0.253662
v 0.279053 0.084717 -0.263916
v 0.271729 0.078857 -0.254639
v 0.272705 0.079346 -0.252686
v 0.269287 0.079834 -0.252686
v 0.267822 0.081787 -0.252197
v 0.271729 0.082764 -0.251709
v 0.269287 0.082275 -0.255615
v 0.267822 0.083252 -0.252197
v 0.268799 0.085693 -0.253662
v 0.270264 0.086182 -0.251709
v 0.271240 0.091553 -0.255615
v 0.272705 0.091553 -0.253174
v 0.305908 0.096924 -0.269287
v 0.305908 0.097412 -0.266357
v 0.303955 0.095947 -0.271240
v 0.304443 0.095459 -0.269287
v 0.309326 0.102295 -0.269775
v 0.310303 0.102295 -0.266846
v 0.308838 0.096924 -0.259521
v 0.306396 0.097412 -0.259033
v 0.305908 0.097412 -0.252686
v 0.309814 0.097900 -0.256592
v 0.307373 0.098877 -0.256104
v 0.302002 0.097412 -0.257568
v 0.297607 0.094971 -0.255127
v 0.298096 0.096436 -0.252197
v 0.302979 0.098877 -0.254639
v 0.299561 0.109131 -0.259521
v 0.291748 0.094971 -0.273682
v 0.288818 0.096436 -0.267822
v 0.287354 0.095947 -0.269287
v 0.285889 0.098877 -0.266357
v 0.295166 0.094482 -0.265381
v 0.286377 0.098389 -0.264404
v 0.282471 0.098389 -0.262939
v 0.283936 0.098877 -0.260498
v 0.285400 0.106201 -0.260010
v 0.284912 0.106201 -0.262939
v 0.311279 0.110107 -0.265869
v 0.310303 0.110107 -0.269287
v 0.307373 0.117920 -0.270264
v 0.307861 0.118408 -0.267334
v 0.303467 0.123779 -0.269775
v 0.303955 0.123779 -0.267334
v 0.298584 0.123779 -0.270752
v 0.300049 0.124268 -0.265869
v 0.296143 0.110107 -0.271240
v 0.294678 0.124268 -0.268311
v 0.285889 0.113525 -0.262451
v 0.286865 0.113525 -0.259033
v 0.289795 0.120361 -0.265381
v 0.290771 0.121338 -0.262451
v 0.276611 0.096924 -0.258057
v 0.279053 0.096924 -0.255127
v 0.274170 0.116943 -0.274658
v 0.272217 0.114502 -0.276123
v 0.267822 0.114502 -0.276123
v 0.274658 0.122803 -0.275146
v 0.274658 0.119873 -0.272217
v 0.274658 0.121338 -0.271729
v 0.272705 0.124756 -0.277100
v 0.268311 0.124756 -0.277100
v 0.272217 0.117920 -0.270264
v 0.267822 0.117920 -0.270264
v 0.272705 0.123779 -0.269775
v 0.268311 0.123779 -0.269775
v 0.409912 0.143799 -0.489014
v 0.409424 0.142822 -0.441650
v 0.406006 0.144287 -0.491943
v 0.404053 0.151123 -0.489014
v 0.406006 0.153076 -0.484131
v 0.401611 0.151123 -0.443604
v 0.403564 0.152588 -0.438721
v 0.407471 0.159424 -0.487549
v 0.411865 0.159912 -0.484131
v 0.411865 0.161377 -0.437744
v 0.404541 0.142822 -0.434326
v 0.406006 0.161377 -0.430420
v 0.346436 0.144287 -0.491943
v 0.347900 0.151123 -0.489014
v 0.347900 0.153076 -0.484131
v 0.347900 0.151123 -0.442139
v 0.347900 0.152588 -0.439697
v 0.342041 0.143799 -0.489014
v 0.342529 0.125732 -0.459717
v 0.336670 0.132080 -0.459717
v 0.335205 0.131592 -0.460205
v 0.341064 0.137939 -0.460205
v 0.342041 0.126221 -0.443115
v 0.335205 0.131592 -0.443604
v 0.335693 0.132080 -0.443604
v 0.341064 0.137939 -0.443604
v 0.343018 0.143311 -0.441162
v 0.342529 0.159912 -0.484131
v 0.343018 0.160889 -0.438232
v 0.347412 0.143311 -0.435791
v 0.350830 0.146240 -0.437256
v 0.349365 0.144775 -0.437256
v 0.350830 0.146240 -0.383057
v 0.349365 0.144775 -0.383057
v 0.335693 0.125732 -0.436279
v 0.335205 0.137939 -0.436768
v 0.338135 0.144775 -0.437256
v 0.336670 0.146240 -0.437256
v 0.338135 0.150146 -0.413818
v 0.338623 0.150146 -0.397217
v 0.338135 0.144775 -0.383057
v 0.336670 0.146240 -0.383057
v 0.347412 0.160889 -0.433838
v 0.350342 0.168213 -0.437256
v 0.348877 0.169678 -0.437256
v 0.350342 0.168213 -0.383057
v 0.348877 0.169678 -0.383057
v 0.352295 0.184326 -0.382080
v 0.349854 0.184326 -0.384521
v 0.349854 0.186768 -0.382080
v 0.336182 0.168213 -0.437256
v 0.337646 0.169678 -0.437256
v 0.338135 0.163818 -0.413818
v 0.338135 0.164307 -0.397217
v 0.336182 0.168213 -0.383057
v 0.337646 0.169678 -0.383057
v 0.263916 0.125732 -0.439209
v 0.257568 0.125732 -0.445557
v 0.256592 0.132568 -0.441650
v 0.257568 0.132080 -0.439209
v 0.262939 0.139404 -0.442139
v 0.256104 0.138916 -0.447998
v 0.306885 0.144287 -0.437256
v 0.308350 0.145752 -0.437256
v 0.305908 0.149658 -0.413818
v 0.295654 0.144287 -0.437256
v 0.294189 0.145752 -0.437256
v 0.305420 0.149658 -0.397217
v 0.306885 0.144287 -0.383057
v 0.308350 0.145752 -0.383057
v 0.295654 0.144287 -0.383057
v 0.294189 0.145752 -0.383057
v 0.258545 0.131592 -0.391357
v 0.257080 0.131592 -0.393799
v 0.263428 0.137939 -0.393799
v 0.257080 0.137939 -0.386963
v 0.307861 0.167725 -0.437256
v 0.306396 0.169189 -0.437256
v 0.305420 0.163818 -0.413818
v 0.293701 0.167725 -0.437256
v 0.295166 0.169189 -0.437256
v 0.305420 0.163818 -0.397217
v 0.307861 0.167725 -0.383057
v 0.306396 0.169189 -0.383057
v 0.293701 0.167725 -0.383057
v 0.295166 0.169189 -0.383057
v 0.294189 0.183838 -0.384521
v 0.294189 0.186279 -0.382080
v 0.291260 0.183838 -0.382080
v 0.352295 0.184326 -0.359619
v 0.349854 0.186768 -0.359619
v 0.349854 0.184326 -0.357178
v 0.328369 0.150635 -0.271729
v 0.328369 0.151123 -0.269287
v 0.330811 0.152588 -0.272217
v 0.331299 0.154541 -0.273193
v 0.328857 0.155029 -0.269287
v 0.322998 0.146729 -0.269287
v 0.323486 0.147705 -0.266357
v 0.315674 0.144287 -0.266357
v 0.327881 0.154541 -0.273682
v 0.314209 0.156006 -0.273193
v 0.316162 0.144775 -0.262939
v 0.312744 0.153076 -0.256104
v 0.314697 0.152588 -0.253662
v 0.331299 0.156982 -0.273193
v 0.328369 0.158936 -0.273193
v 0.328857 0.158936 -0.270752
v 0.323975 0.163818 -0.271729
v 0.324951 0.164307 -0.269287
v 0.317627 0.168213 -0.269775
v 0.317627 0.168701 -0.266357
v 0.314697 0.157471 -0.261475
v 0.316162 0.157959 -0.254150
v 0.314209 0.158447 -0.256592
v 0.317139 0.163818 -0.253662
v 0.315186 0.164307 -0.256104
v 0.315674 0.168213 -0.251709
v 0.313721 0.168701 -0.253662
v 0.314697 0.175049 -0.268311
v 0.315186 0.183350 -0.270264
v 0.316162 0.183838 -0.266846
v 0.314697 0.175049 -0.264404
v 0.294189 0.186279 -0.359619
v 0.291260 0.183838 -0.359619
v 0.294189 0.183838 -0.357178
v 0.305420 0.128662 -0.265869
v 0.305420 0.129639 -0.268311
v 0.301514 0.126709 -0.269775
v 0.304443 0.125732 -0.267822
v 0.301514 0.125244 -0.267334
v 0.299561 0.127686 -0.269775
v 0.300049 0.125244 -0.266357
v 0.300537 0.128662 -0.268799
v 0.297119 0.127686 -0.268311
v 0.297607 0.127197 -0.265869
v 0.307373 0.135498 -0.268799
v 0.308350 0.135010 -0.265869
v 0.306396 0.131104 -0.265381
v 0.301514 0.128662 -0.263916
v 0.298096 0.128174 -0.263428
v 0.295654 0.125244 -0.265869
v 0.293213 0.131104 -0.261475
v 0.291748 0.131104 -0.263916
v 0.287842 0.137451 -0.258545
v 0.286865 0.136963 -0.261475
v 0.309326 0.143311 -0.268311
v 0.308350 0.144775 -0.265869
v 0.306885 0.150146 -0.268799
v 0.307373 0.150635 -0.266357
v 0.301025 0.148682 -0.268311
v 0.300537 0.149170 -0.266357
v 0.301514 0.155518 -0.270752
v 0.301514 0.156006 -0.269287
v 0.309814 0.143799 -0.264893
v 0.308350 0.145264 -0.262939
v 0.304932 0.147705 -0.250732
v 0.298584 0.143799 -0.259033
v 0.311279 0.149170 -0.251221
v 0.308838 0.149658 -0.253662
v 0.296143 0.140869 -0.270264
v 0.290771 0.155029 -0.273682
v 0.289795 0.155029 -0.274170
v 0.289795 0.155029 -0.273193
v 0.284424 0.151123 -0.265869
v 0.283936 0.143799 -0.262451
v 0.284912 0.144287 -0.259521
v 0.293213 0.156006 -0.264404
v 0.284912 0.152100 -0.264404
v 0.286377 0.156006 -0.265381
v 0.280518 0.156006 -0.258545
v 0.298096 0.158447 -0.274658
v 0.297607 0.159912 -0.273193
v 0.299072 0.158447 -0.266357
v 0.309814 0.168701 -0.269287
v 0.310303 0.168701 -0.268311
v 0.310303 0.169189 -0.266846
v 0.302490 0.165283 -0.269775
v 0.302490 0.166748 -0.270752
v 0.302490 0.164795 -0.267822
v 0.302002 0.166748 -0.268799
v 0.306396 0.157959 -0.252197
v 0.306885 0.159912 -0.252197
v 0.306885 0.163330 -0.251221
v 0.306396 0.163818 -0.250732
v 0.303955 0.156494 -0.250244
v 0.302979 0.159424 -0.253174
v 0.302002 0.158447 -0.252197
v 0.301025 0.158447 -0.251221
v 0.300049 0.159424 -0.250244
v 0.303467 0.160400 -0.253174
v 0.302002 0.160889 -0.251709
v 0.303467 0.162842 -0.252686
v 0.302002 0.163330 -0.250732
v 0.310303 0.168701 -0.265381
v 0.312256 0.170166 -0.252197
v 0.301514 0.165283 -0.263916
v 0.290771 0.158447 -0.276611
v 0.295654 0.160400 -0.273682
v 0.295654 0.162842 -0.276611
v 0.295654 0.162842 -0.275635
v 0.290771 0.160889 -0.277100
v 0.292725 0.156494 -0.265869
v 0.289795 0.163818 -0.273193
v 0.288818 0.156982 -0.275635
v 0.286377 0.156494 -0.274658
v 0.286377 0.156494 -0.273682
v 0.286377 0.158447 -0.275146
v 0.286865 0.160400 -0.275635
v 0.286377 0.161377 -0.275146
v 0.288818 0.162354 -0.276123
v 0.286377 0.159912 -0.272217
v 0.285400 0.156494 -0.266846
v 0.286377 0.160400 -0.273193
v 0.291260 0.169189 -0.273682
v 0.295166 0.171143 -0.268311
v 0.296143 0.170654 -0.266846
v 0.294678 0.157959 -0.263428
v 0.296631 0.158936 -0.264404
v 0.292725 0.158936 -0.262451
v 0.296631 0.161377 -0.264404
v 0.294678 0.162842 -0.263428
v 0.292725 0.160400 -0.265381
v 0.292725 0.161377 -0.262451
v 0.293701 0.168213 -0.265381
v 0.285400 0.167725 -0.254150
v 0.302002 0.181396 -0.272217
v 0.303467 0.179932 -0.260010
v 0.287354 0.176514 -0.267334
v 0.294189 0.176514 -0.260498
v 0.292725 0.177490 -0.262939
v 0.287354 0.175537 -0.265381
v 0.289307 0.183350 -0.264893
v 0.289795 0.183838 -0.261963
v 0.287354 0.180908 -0.259521
v 0.288818 0.179932 -0.256104
v 0.279541 0.156494 -0.260986
v 0.275635 0.159424 -0.254639
v 0.274170 0.160400 -0.257568
v 0.279541 0.170654 -0.263916
v 0.270264 0.167236 -0.256104
v 0.270752 0.167236 -0.253174
v 0.269775 0.173584 -0.253662
v 0.268799 0.174072 -0.255615
v 0.270264 0.177002 -0.257080
v 0.272217 0.176514 -0.252686
v 0.268311 0.177002 -0.254150
v 0.268799 0.178467 -0.254150
v 0.279541 0.181396 -0.257568
v 0.280029 0.180908 -0.254639
v 0.274170 0.179932 -0.253662
v 0.272705 0.180420 -0.255615
v 0.270264 0.179932 -0.254639
v 0.319092 0.216064 -0.308350
v 0.315186 0.215576 -0.312256
v 0.314697 0.190186 -0.270752
v 0.314697 0.190186 -0.268311
v 0.314209 0.193604 -0.271240
v 0.312744 0.195068 -0.271240
v 0.319092 0.215576 -0.280518
v 0.316162 0.216064 -0.275635
v 0.315186 0.219482 -0.308350
v 0.315186 0.219482 -0.281006
v 0.312744 0.219971 -0.279053
v 0.286377 0.192139 -0.343994
v 0.286377 0.207764 -0.343994
v 0.302002 0.192139 -0.321045
v 0.299561 0.189697 -0.320068
v 0.294678 0.189697 -0.331299
v 0.296631 0.192139 -0.332764
v 0.286865 0.189697 -0.341553
v 0.288818 0.192139 -0.343018
v 0.302002 0.207764 -0.321045
v 0.299561 0.210693 -0.320068
v 0.289307 0.207764 -0.343018
v 0.296631 0.207764 -0.332764
v 0.294678 0.210693 -0.331299
v 0.286865 0.210693 -0.341553
v 0.304932 0.192139 -0.310303
v 0.302002 0.189697 -0.310303
v 0.304932 0.208252 -0.310303
v 0.302002 0.210693 -0.310303
v 0.310303 0.192627 -0.272217
v 0.311768 0.192627 -0.267334
v 0.306885 0.195068 -0.270264
v 0.301025 0.193604 -0.267822
v 0.310791 0.196533 -0.270752
v 0.307861 0.195557 -0.267822
v 0.301514 0.194580 -0.264893
v 0.289307 0.198975 -0.274170
v 0.289307 0.196045 -0.270752
v 0.292725 0.198975 -0.270752
v 0.293701 0.190186 -0.264893
v 0.294678 0.189697 -0.261475
v 0.311768 0.216064 -0.273682
v 0.278076 0.190186 -0.282959
v 0.280518 0.192139 -0.282959
v 0.281006 0.210693 -0.282959
v 0.281006 0.213623 -0.287842
v 0.256592 0.217529 -0.311768
v 0.279053 0.191162 -0.274170
v 0.276611 0.188232 -0.274170
v 0.279053 0.194580 -0.274170
v 0.279053 0.192139 -0.269287
v 0.277100 0.192139 -0.266357
v 0.272217 0.188232 -0.274170
v 0.272705 0.192139 -0.266357
v 0.279053 0.198975 -0.274170
v 0.277100 0.197021 -0.274170
v 0.277588 0.199463 -0.274170
v 0.279053 0.196045 -0.270752
v 0.272705 0.197021 -0.274170
v 0.256592 0.215576 -0.273682
v 0.311279 0.219482 -0.277588
v 0.256592 0.219482 -0.277588
v 0.314697 0.047119 -0.245361
v 0.319092 0.051514 -0.248779
v 0.312744 0.052979 -0.247314
v 0.314209 0.051514 -0.245361
v 0.285400 0.010498 -0.211182
v 0.281006 0.014404 -0.211182
v 0.304932 0.034424 -0.245361
v 0.302002 0.032959 -0.246826
v 0.300049 0.034424 -0.248779
v 0.301025 0.037354 -0.242920
v 0.299072 0.038818 -0.245361
v 0.311768 0.040771 -0.249756
v 0.310303 0.039307 -0.249268
v 0.309814 0.040283 -0.248779
v 0.312256 0.042725 -0.249268
v 0.311279 0.042236 -0.248779
v 0.310303 0.041748 -0.248291
v 0.306396 0.042725 -0.241455
v 0.297607 0.045166 -0.249268
v 0.300537 0.043213 -0.243896
v 0.302490 0.041748 -0.241455
v 0.303955 0.045166 -0.240967
v 0.292725 0.033447 -0.249756
v 0.286377 0.035889 -0.246338
v 0.284424 0.037354 -0.248779
v 0.295166 0.042236 -0.249756
v 0.294678 0.042725 -0.248779
v 0.296143 0.043701 -0.249268
v 0.295166 0.044678 -0.248291
v 0.294678 0.043701 -0.248291
v 0.296143 0.045166 -0.248291
v 0.292725 0.045654 -0.242432
v 0.288818 0.039795 -0.243408
v 0.285400 0.040283 -0.243408
v 0.283936 0.041748 -0.245850
v 0.284912 0.046631 -0.243408
v 0.286865 0.045166 -0.240967
v 0.306885 0.051514 -0.243896
v 0.308838 0.050049 -0.241455
v 0.304932 0.047119 -0.240479
v 0.303467 0.048096 -0.242920
v 0.300537 0.050537 -0.248291
v 0.297607 0.049072 -0.246338
v 0.299561 0.050537 -0.244385
v 0.304443 0.052979 -0.249756
v 0.304443 0.053467 -0.249756
v 0.297119 0.050537 -0.241943
v 0.305908 0.057373 -0.245850
v 0.306885 0.058838 -0.248291
v 0.298584 0.056396 -0.247803
v 0.300537 0.054932 -0.245361
v 0.297119 0.060303 -0.246826
v 0.298096 0.062256 -0.245850
v 0.297607 0.057861 -0.240967
v 0.297119 0.057861 -0.240479
v 0.299072 0.059814 -0.240967
v 0.298584 0.058838 -0.241455
v 0.297607 0.059326 -0.239990
v 0.299072 0.060791 -0.240479
v 0.298584 0.061279 -0.239502
v 0.297607 0.061279 -0.238525
v 0.295654 0.050537 -0.248779
v 0.294189 0.048584 -0.243896
v 0.292236 0.050049 -0.246338
v 0.289795 0.050049 -0.243896
v 0.291748 0.048584 -0.241455
v 0.289307 0.049561 -0.240479
v 0.294678 0.053955 -0.241943
v 0.290771 0.051025 -0.240479
v 0.291748 0.052002 -0.236572
v 0.287842 0.051025 -0.242920
v 0.288818 0.052490 -0.242920
v 0.286865 0.052490 -0.239502
v 0.288818 0.051025 -0.237061
v 0.295166 0.058350 -0.246338
v 0.293213 0.055420 -0.244385
v 0.293701 0.057861 -0.244873
v 0.293701 0.061768 -0.246826
v 0.292236 0.061279 -0.246338
v 0.291748 0.058838 -0.242432
v 0.291260 0.061768 -0.244873
v 0.296143 0.058350 -0.239502
v 0.296143 0.059326 -0.238525
v 0.296631 0.060303 -0.238525
v 0.291260 0.061768 -0.240479
v 0.285889 0.056885 -0.235596
v 0.292725 0.060303 -0.231201
v 0.287842 0.055420 -0.233154
v 0.288818 0.059326 -0.231201
v 0.286865 0.060791 -0.233643
v 0.269775 0.044189 -0.218994
v 0.267822 0.044189 -0.221924
v 0.263428 0.044189 -0.221924
v 0.267334 0.038330 -0.218018
v 0.269775 0.041260 -0.217529
v 0.269775 0.044189 -0.213135
v 0.267822 0.044189 -0.210205
v 0.262939 0.038330 -0.218018
v 0.263428 0.044189 -0.210205
v 0.281494 0.023682 -0.155029
v 0.273193 0.011475 -0.148193
v 0.273193 0.011475 -0.130127
v 0.254639 0.011475 -0.148193
v 0.254639 0.011475 -0.130127
v 0.278076 0.015869 -0.148193
v 0.273193 0.015869 -0.153076
v 0.272705 0.022217 -0.150635
v 0.278076 0.026611 -0.155029
v 0.278076 0.023682 -0.152100
v 0.272705 0.025146 -0.150635
v 0.267334 0.026611 -0.155029
v 0.267334 0.023682 -0.152100
v 0.278076 0.015869 -0.130127
v 0.273193 0.015869 -0.125732
v 0.254639 0.015869 -0.153076
v 0.254639 0.015869 -0.125732
v 0.267822 0.043213 -0.159424
v 0.263428 0.043213 -0.159424
v 0.267822 0.036377 -0.151611
v 0.270264 0.039307 -0.151611
v 0.269775 0.043213 -0.156006
v 0.271240 0.046143 -0.152588
v 0.273193 0.043701 -0.150635
v 0.269775 0.043213 -0.150146
v 0.270752 0.046143 -0.151611
v 0.267822 0.043213 -0.147217
v 0.263428 0.036377 -0.151611
v 0.263428 0.043213 -0.147217
v 0.268799 0.049072 -0.151611
v 0.264404 0.049072 -0.151611
v 0.317139 0.079834 -0.249756
v 0.315674 0.078369 -0.249268
v 0.316162 0.085693 -0.249756
v 0.307861 0.063721 -0.246338
v 0.305908 0.065186 -0.247803
v 0.304932 0.069580 -0.243896
v 0.306396 0.065186 -0.240479
v 0.306885 0.068115 -0.241943
v 0.297607 0.064697 -0.243896
v 0.300049 0.065186 -0.234619
v 0.312256 0.075928 -0.247803
v 0.305420 0.074463 -0.248779
v 0.305908 0.075439 -0.245850
v 0.299072 0.076904 -0.248291
v 0.302002 0.072021 -0.239502
v 0.303955 0.070557 -0.237549
v 0.297119 0.071045 -0.236084
v 0.299072 0.069580 -0.233643
v 0.294678 0.063232 -0.246826
v 0.294678 0.064697 -0.245850
v 0.293701 0.065674 -0.244385
v 0.292725 0.063232 -0.245361
v 0.291260 0.062744 -0.243896
v 0.291260 0.063721 -0.243408
v 0.292725 0.065186 -0.243408
v 0.293213 0.064209 -0.239990
v 0.295654 0.065674 -0.241455
v 0.294189 0.065186 -0.240479
v 0.290283 0.062744 -0.230225
v 0.293701 0.066650 -0.230713
v 0.291748 0.068115 -0.232666
v 0.288330 0.064209 -0.232666
v 0.307861 0.078369 -0.245361
v 0.300049 0.078369 -0.245361
v 0.300049 0.083252 -0.244873
v 0.298584 0.092041 -0.248291
v 0.295654 0.081299 -0.248779
v 0.296631 0.082275 -0.245850
v 0.295166 0.087646 -0.247803
v 0.295654 0.092529 -0.249756
v 0.273682 0.113037 -0.151611
v 0.273682 0.114990 -0.149170
v 0.271240 0.110596 -0.151611
v 0.266846 0.110596 -0.151611
v 0.271729 0.114502 -0.146240
v 0.267334 0.114502 -0.146240
v 0.274170 0.118408 -0.151611
v 0.272217 0.121338 -0.151611
v 0.267822 0.121338 -0.151611
v 0.340576 0.022217 -0.008057
v 0.334717 0.021729 -0.010498
v 0.334229 0.029053 -0.004150
v 0.330811 0.029053 -0.005615
v 0.323486 0.031006 -0.005615
v 0.320557 0.031006 -0.007080
v 0.329834 0.038330 -0.009033
v 0.322998 0.043213 -0.017822
v 0.324463 0.038330 -0.011963
v 0.324463 0.043213 -0.010986
v 0.323486 0.043213 -0.005127
v 0.278564 0.022705 -0.050537
v 0.274658 0.027588 -0.050537
v 0.255615 0.027100 -0.050537
v 0.314697 0.157959 -0.249756
v 0.315186 0.166260 -0.248291
v 0.314209 0.170166 -0.249756
v 0.307373 0.147217 -0.248291
v 0.303467 0.147705 -0.244385
v 0.310791 0.150146 -0.247803
v 0.301514 0.148682 -0.246826
v 0.298096 0.151611 -0.242920
v 0.303467 0.152100 -0.240479
v 0.300049 0.151123 -0.240479
v 0.298584 0.156006 -0.238037
v 0.308838 0.159424 -0.247314
v 0.307861 0.157959 -0.246338
v 0.308350 0.158447 -0.246826
v 0.307861 0.159912 -0.245850
v 0.306396 0.158447 -0.244873
v 0.306396 0.159424 -0.244385
v 0.308838 0.160889 -0.246826
v 0.308350 0.161865 -0.246338
v 0.307861 0.161865 -0.245361
v 0.306885 0.161377 -0.244873
v 0.306396 0.160400 -0.244385
v 0.302002 0.156982 -0.247803
v 0.301025 0.157959 -0.247314
v 0.301025 0.160889 -0.246338
v 0.301514 0.162842 -0.246826
v 0.300049 0.160889 -0.249756
v 0.300537 0.162354 -0.249756
v 0.298584 0.159912 -0.237061
v 0.302979 0.161377 -0.238037
v 0.299072 0.162842 -0.237061
v 0.307861 0.169189 -0.240967
v 0.303955 0.164795 -0.248291
v 0.302002 0.171631 -0.242432
v 0.301025 0.167236 -0.237549
v 0.298584 0.167725 -0.239990
v 0.304443 0.171143 -0.239990
v 0.296143 0.156494 -0.239990
v 0.296631 0.160400 -0.239502
v 0.296631 0.163330 -0.239014
v 0.312256 0.172119 -0.247314
v 0.310303 0.172607 -0.249756
v 0.308838 0.172607 -0.243896
v 0.306396 0.173096 -0.245850
v 0.292236 0.204834 -0.210205
v 0.296631 0.208740 -0.210205
v 0.278076 0.191650 -0.215576
v 0.278564 0.194092 -0.211670
v 0.276123 0.191650 -0.218506
v 0.278076 0.191650 -0.209717
v 0.276123 0.191650 -0.206787
v 0.271729 0.191650 -0.218506
v 0.271729 0.191650 -0.206787
v 0.276611 0.196533 -0.211182
v 0.272217 0.196533 -0.211182
v 0.297119 0.221436 -0.222900
v 0.292236 0.221436 -0.226318
v 0.297119 0.233154 -0.211182
v 0.297119 0.220459 -0.197998
v 0.292236 0.220459 -0.194092
v 0.292725 0.237061 -0.211182
v 0.289307 0.196045 -0.155029
v 0.292725 0.198975 -0.155029
v 0.289307 0.198975 -0.152100
v 0.276123 0.192139 -0.157471
v 0.271729 0.192139 -0.157471
v 0.278076 0.190674 -0.152588
v 0.278564 0.190674 -0.151611
v 0.276611 0.187744 -0.151611
v 0.278076 0.192139 -0.154541
v 0.280518 0.192627 -0.150635
v 0.278076 0.192139 -0.148193
v 0.276123 0.192139 -0.145264
v 0.272217 0.187744 -0.151611
v 0.271729 0.192139 -0.145264
v 0.279053 0.196045 -0.155029
v 0.279053 0.196533 -0.151611
v 0.279053 0.198975 -0.152100
v 0.277588 0.199463 -0.151611
v 0.272705 0.199463 -0.151611
v 0.281006 0.211182 -0.150635
v 0.281006 0.214111 -0.150635
v 0.285889 0.221436 -0.148193
v 0.285889 0.221436 -0.130127
v 0.281006 0.221436 -0.153076
v 0.281006 0.225830 -0.148193
v 0.281006 0.221436 -0.125732
v 0.281006 0.225830 -0.130127
v 0.262451 0.221436 -0.153076
v 0.262451 0.225830 -0.148682
v 0.262451 0.221436 -0.125732
v 0.262451 0.225830 -0.130127
v 0.328857 0.125732 -0.010010
v 0.328369 0.135498 -0.009521
v 0.334717 0.135498 -0.006104
v 0.323486 0.125732 -0.012939
v 0.322510 0.133057 -0.006592
v 0.319580 0.133057 -0.008057
v 0.336182 0.143311 -0.012451
v 0.339600 0.142822 -0.008057
v 0.319092 0.201904 -0.020264
v 0.320068 0.201904 -0.013916
v 0.318604 0.201904 -0.008057
v 0.336182 0.230225 -0.009521
v 0.332764 0.229736 -0.013916
v 0.330811 0.237061 -0.008057
v 0.331787 0.245850 -0.013916
v 0.325928 0.245850 -0.016846
v 0.323975 0.237061 -0.010986
v 0.325928 0.238525 -0.010010
v 0.322021 0.238525 -0.011475
v 0.273682 0.200439 -0.050537
v 0.254639 0.199951 -0.050537
v 0.277588 0.204834 -0.050537
v 0.229736 0.000732 -0.443604
v 0.230225 0.004639 -0.438721
v 0.229736 0.010498 -0.445068
v 0.244873 0.042725 -0.462158
v 0.244385 0.044678 -0.462646
v 0.238037 0.038818 -0.446045
v 0.244385 0.042725 -0.446045
v 0.243896 0.044678 -0.446045
v 0.243408 0.039307 -0.438721
v 0.238525 0.048584 -0.462646
v 0.243896 0.048584 -0.439209
v 0.238037 0.048584 -0.446045
v 0.229736 0.006104 -0.437256
v 0.230713 0.003662 -0.390381
v 0.231201 0.006592 -0.388916
v 0.231201 0.000244 -0.382568
v 0.231201 0.010498 -0.384033
v 0.242920 0.030518 -0.343994
v 0.242920 0.028076 -0.341553
v 0.242920 0.046631 -0.343994
v 0.242920 0.049072 -0.341553
v 0.242920 0.028076 -0.310303
v 0.240967 0.045654 -0.282959
v 0.242920 0.049072 -0.310303
v 0.244385 0.117920 -0.282959
v 0.244385 0.131592 -0.462646
v 0.242920 0.131592 -0.459717
v 0.238525 0.125732 -0.462646
v 0.237061 0.137451 -0.459717
v 0.243896 0.131592 -0.446045
v 0.243408 0.126221 -0.438721
v 0.242920 0.131592 -0.443604
v 0.238037 0.125732 -0.446045
v 0.237061 0.137451 -0.443604
v 0.230225 0.126709 -0.444580
v 0.230713 0.132080 -0.438232
v 0.229248 0.132080 -0.440674
v 0.229248 0.137939 -0.447510
v 0.242920 0.137451 -0.436768
v 0.229736 0.131104 -0.392334
v 0.231201 0.125244 -0.383545
v 0.231201 0.132080 -0.389893
v 0.230225 0.137451 -0.385986
v 0.246338 0.192139 -0.343994
v 0.246338 0.207764 -0.343994
v 0.246338 0.189697 -0.341553
v 0.246338 0.210205 -0.341553
v 0.246338 0.189697 -0.310303
v 0.247803 0.190186 -0.282959
v 0.246338 0.210205 -0.310303
v 0.240967 0.045654 -0.152588
v 0.244385 0.118408 -0.152588
v 0.247803 0.190674 -0.152588
v 0.407471 0.261475 -0.487549
v 0.411865 0.261475 -0.484131
v 0.407471 0.277100 -0.483643
v 0.410889 0.260010 -0.438232
v 0.407959 0.278564 -0.437744
v 0.403076 0.276611 -0.487061
v 0.406006 0.268311 -0.484131
v 0.401611 0.269775 -0.483643
v 0.403076 0.268311 -0.440186
v 0.399658 0.269775 -0.438721
v 0.405518 0.260010 -0.430420
v 0.402100 0.278564 -0.430420
v 0.407471 0.348389 -0.484131
v 0.403076 0.348389 -0.487061
v 0.401611 0.355225 -0.484131
v 0.398193 0.355225 -0.482666
v 0.398682 0.359619 -0.485596
v 0.405029 0.361084 -0.482666
v 0.406006 0.346924 -0.439697
v 0.398193 0.355225 -0.441162
v 0.397217 0.356689 -0.437744
v 0.405029 0.362061 -0.439209
v 0.400635 0.346924 -0.431885
v 0.397217 0.361572 -0.429443
v 0.347900 0.268311 -0.484131
v 0.343994 0.269775 -0.483643
v 0.347900 0.268311 -0.439697
v 0.343994 0.269775 -0.440186
v 0.342529 0.261475 -0.484131
v 0.342529 0.276611 -0.487061
v 0.338135 0.277100 -0.483643
v 0.343018 0.260498 -0.438232
v 0.340576 0.271729 -0.460205
v 0.339600 0.281006 -0.459229
v 0.333740 0.275146 -0.458740
v 0.334717 0.277588 -0.460205
v 0.340576 0.271729 -0.444092
v 0.339600 0.281006 -0.442627
v 0.339111 0.277588 -0.438721
v 0.333740 0.275146 -0.442627
v 0.334717 0.277588 -0.444092
v 0.347412 0.260498 -0.434326
v 0.334717 0.271240 -0.436768
v 0.343506 0.277588 -0.433838
v 0.333740 0.281494 -0.435791
v 0.261963 0.273682 -0.440674
v 0.259033 0.278564 -0.441650
v 0.255127 0.273682 -0.447510
v 0.255127 0.279541 -0.440674
v 0.259033 0.284912 -0.448486
v 0.265381 0.284912 -0.442139
v 0.262451 0.272217 -0.393311
v 0.259033 0.277100 -0.394287
v 0.256104 0.279053 -0.392822
v 0.256104 0.272705 -0.385986
v 0.265381 0.283447 -0.393799
v 0.259033 0.283447 -0.386963
v 0.343994 0.355225 -0.484131
v 0.343994 0.355713 -0.440674
v 0.342529 0.348389 -0.487061
v 0.338135 0.348389 -0.484131
v 0.339111 0.359131 -0.459229
v 0.339111 0.347412 -0.439209
v 0.339600 0.359131 -0.443115
v 0.333252 0.364990 -0.459229
v 0.333740 0.364990 -0.443115
v 0.343506 0.347412 -0.435303
v 0.333740 0.359131 -0.435791
v 0.324463 0.374756 -0.428467
v 0.322998 0.372803 -0.427979
v 0.322021 0.371826 -0.426514
v 0.321045 0.372314 -0.422119
v 0.319580 0.371826 -0.424072
v 0.316650 0.372314 -0.416748
v 0.314209 0.372314 -0.419189
v 0.299561 0.327881 -0.442139
v 0.294189 0.327393 -0.447998
v 0.294189 0.322998 -0.442139
v 0.281006 0.355225 -0.483154
v 0.280518 0.359619 -0.486084
v 0.266846 0.367432 -0.486084
v 0.274170 0.361084 -0.483154
v 0.266846 0.363037 -0.482666
v 0.273682 0.368896 -0.482666
v 0.258545 0.348877 -0.447510
v 0.264893 0.348877 -0.440674
v 0.258057 0.355225 -0.440674
v 0.265869 0.364502 -0.437744
v 0.273682 0.369873 -0.439209
v 0.290283 0.326904 -0.386475
v 0.295654 0.331787 -0.386475
v 0.289795 0.331787 -0.380615
v 0.279053 0.342041 -0.387939
v 0.281494 0.356689 -0.436768
v 0.309326 0.374268 -0.412354
v 0.311768 0.374756 -0.409912
v 0.281494 0.361084 -0.429932
v 0.273682 0.361084 -0.437256
v 0.265869 0.369385 -0.431396
v 0.281006 0.346436 -0.387939
v 0.266357 0.356689 -0.381592
v 0.264893 0.346924 -0.392822
v 0.258545 0.353760 -0.392822
v 0.258545 0.346924 -0.385986
v 0.261963 0.356201 -0.385986
v 0.289307 0.264893 -0.274170
v 0.292725 0.264893 -0.270752
v 0.289307 0.267822 -0.270752
v 0.279053 0.264893 -0.274170
v 0.279053 0.267822 -0.270752
v 0.266846 0.356201 -0.344971
v 0.262451 0.356201 -0.340576
v 0.274658 0.346924 -0.308838
v 0.276611 0.350830 -0.309326
v 0.399170 0.428955 -0.485596
v 0.397705 0.431885 -0.487061
v 0.404053 0.430420 -0.483643
v 0.404541 0.429443 -0.439209
v 0.404053 0.396729 -0.436768
v 0.398193 0.396729 -0.429443
v 0.396240 0.431396 -0.429443
v 0.398193 0.438721 -0.483643
v 0.396240 0.438721 -0.438721
v 0.325439 0.378174 -0.426025
v 0.320557 0.375732 -0.427002
v 0.323486 0.378662 -0.427979
v 0.323486 0.375244 -0.423584
v 0.324463 0.385010 -0.426514
v 0.326904 0.384521 -0.424561
v 0.325928 0.390381 -0.421143
v 0.319092 0.385498 -0.411377
v 0.332275 0.394287 -0.424072
v 0.330811 0.393799 -0.426025
v 0.334229 0.398193 -0.429443
v 0.336182 0.399658 -0.430420
v 0.336182 0.401123 -0.430908
v 0.332764 0.401123 -0.430908
v 0.335693 0.402588 -0.430908
v 0.333740 0.404053 -0.430420
v 0.335205 0.398682 -0.427490
v 0.335205 0.401611 -0.427490
v 0.334717 0.404541 -0.428467
v 0.323486 0.392822 -0.423096
v 0.323486 0.402100 -0.422607
v 0.321045 0.401123 -0.425537
v 0.327393 0.391357 -0.418213
v 0.325928 0.392822 -0.420166
v 0.320557 0.390869 -0.415771
v 0.321045 0.398193 -0.417725
v 0.319092 0.390869 -0.418213
v 0.313721 0.392822 -0.415771
v 0.319092 0.397705 -0.420166
v 0.314209 0.393311 -0.413818
v 0.325439 0.402588 -0.415771
v 0.313232 0.382080 -0.400635
v 0.315674 0.386475 -0.401611
v 0.315674 0.386475 -0.398682
v 0.313232 0.387451 -0.403076
v 0.316650 0.392822 -0.400635
v 0.314697 0.393311 -0.402100
v 0.313721 0.397705 -0.399658
v 0.316162 0.396729 -0.398193
v 0.315674 0.397217 -0.391357
v 0.322998 0.405029 -0.393311
v 0.317627 0.402100 -0.394775
v 0.320068 0.400635 -0.393311
v 0.314697 0.400146 -0.394775
v 0.313721 0.398682 -0.392822
v 0.316650 0.397705 -0.387939
v 0.312744 0.396240 -0.387939
v 0.322998 0.404541 -0.390381
v 0.315674 0.405518 -0.384521
v 0.314697 0.405518 -0.383057
v 0.332275 0.408936 -0.425537
v 0.330322 0.408936 -0.427979
v 0.328369 0.416748 -0.422607
v 0.324951 0.412842 -0.423584
v 0.322998 0.417725 -0.423584
v 0.324951 0.411377 -0.418213
v 0.326416 0.412842 -0.420654
v 0.323486 0.411865 -0.420654
v 0.315674 0.409424 -0.418701
v 0.316162 0.408936 -0.416748
v 0.318604 0.412842 -0.420654
v 0.319580 0.412842 -0.418213
v 0.313721 0.411865 -0.408447
v 0.327881 0.417725 -0.419678
v 0.325928 0.417725 -0.421143
v 0.317627 0.420654 -0.407471
v 0.331299 0.425049 -0.422607
v 0.329834 0.424561 -0.425049
v 0.330322 0.431396 -0.423584
v 0.329346 0.431396 -0.425537
v 0.329834 0.433838 -0.425537
v 0.328857 0.435303 -0.425049
v 0.328857 0.433838 -0.421631
v 0.317139 0.424561 -0.422119
v 0.326416 0.433350 -0.425537
v 0.327881 0.436279 -0.424072
v 0.326416 0.436279 -0.422119
v 0.325439 0.435791 -0.423584
v 0.322510 0.422607 -0.411865
v 0.312744 0.424561 -0.418213
v 0.314209 0.424072 -0.415283
v 0.327393 0.435303 -0.421631
v 0.325928 0.436279 -0.420166
v 0.320557 0.436279 -0.419189
v 0.322510 0.436279 -0.416748
v 0.316650 0.431396 -0.419189
v 0.318604 0.431396 -0.415771
v 0.316650 0.433350 -0.410889
v 0.314697 0.433350 -0.413818
v 0.324463 0.409912 -0.391846
v 0.320557 0.406494 -0.394775
v 0.322510 0.411377 -0.393311
v 0.315674 0.413330 -0.406006
v 0.317139 0.417236 -0.405518
v 0.318604 0.420166 -0.405029
v 0.323975 0.412842 -0.385010
v 0.316650 0.406494 -0.384521
v 0.317139 0.408447 -0.384033
v 0.316650 0.408936 -0.383057
v 0.313721 0.407959 -0.389404
v 0.314697 0.409912 -0.389404
v 0.315674 0.406982 -0.383057
v 0.315186 0.412354 -0.387451
v 0.314209 0.413818 -0.385498
v 0.314697 0.407471 -0.381592
v 0.314209 0.406494 -0.382080
v 0.315674 0.408936 -0.382080
v 0.318115 0.413818 -0.377197
v 0.324463 0.414795 -0.387939
v 0.322510 0.416260 -0.389404
v 0.322998 0.417725 -0.383057
v 0.320557 0.419189 -0.385010
v 0.317139 0.417725 -0.376221
v 0.316162 0.417236 -0.375244
v 0.320068 0.418701 -0.379639
v 0.318115 0.420166 -0.381592
v 0.315186 0.419189 -0.378174
v 0.313721 0.418701 -0.377197
v 0.317627 0.427002 -0.404053
v 0.318115 0.428467 -0.406006
v 0.317139 0.431396 -0.401123
v 0.315186 0.431885 -0.399658
v 0.313232 0.432861 -0.399170
v 0.317627 0.433838 -0.402588
v 0.317139 0.435303 -0.400635
v 0.315186 0.434814 -0.402588
v 0.316162 0.435303 -0.400146
v 0.313232 0.434326 -0.401123
v 0.315186 0.435791 -0.399658
v 0.289795 0.405518 -0.447998
v 0.294678 0.402100 -0.438721
v 0.295166 0.405518 -0.442139
v 0.289307 0.409912 -0.442139
v 0.294678 0.411865 -0.439697
v 0.280518 0.434326 -0.487061
v 0.266846 0.434326 -0.487061
v 0.274170 0.432861 -0.484131
v 0.273193 0.432861 -0.483643
v 0.273682 0.430908 -0.439209
v 0.273682 0.431396 -0.439209
v 0.306396 0.379639 -0.406982
v 0.304443 0.379639 -0.409424
v 0.312256 0.385010 -0.421631
v 0.301025 0.387451 -0.409424
v 0.302002 0.387939 -0.407959
v 0.305420 0.404541 -0.425537
v 0.307373 0.394287 -0.410400
v 0.305908 0.393311 -0.411377
v 0.310791 0.395752 -0.412354
v 0.308350 0.397217 -0.413818
v 0.306885 0.396240 -0.409912
v 0.301514 0.396240 -0.416748
v 0.310791 0.400146 -0.418701
v 0.311768 0.400635 -0.417236
v 0.308838 0.403564 -0.414307
v 0.309326 0.400635 -0.412354
v 0.298584 0.403076 -0.421143
v 0.298096 0.405518 -0.419189
v 0.303467 0.401611 -0.406982
v 0.301025 0.404053 -0.408936
v 0.301025 0.403564 -0.407471
v 0.295654 0.401611 -0.422607
v 0.296631 0.403564 -0.418213
v 0.294189 0.404053 -0.416748
v 0.293213 0.406006 -0.416748
v 0.291260 0.405518 -0.415771
v 0.296631 0.399658 -0.412354
v 0.307861 0.379639 -0.399658
v 0.306885 0.381592 -0.399658
v 0.306396 0.377197 -0.394287
v 0.310791 0.380127 -0.395264
v 0.310303 0.379150 -0.398193
v 0.304443 0.381104 -0.402100
v 0.304443 0.378174 -0.396240
v 0.300537 0.377686 -0.394775
v 0.298096 0.377686 -0.396729
v 0.301025 0.379150 -0.391846
v 0.310791 0.383057 -0.402100
v 0.306396 0.386475 -0.406006
v 0.308838 0.386963 -0.404541
v 0.308838 0.388428 -0.392334
v 0.309326 0.388916 -0.392822
v 0.309814 0.390381 -0.392822
v 0.305420 0.387939 -0.396729
v 0.307373 0.390381 -0.397705
v 0.307373 0.387939 -0.390869
v 0.308350 0.389893 -0.391357
v 0.303467 0.389893 -0.397217
v 0.302002 0.389404 -0.395752
v 0.303467 0.386963 -0.394287
v 0.302979 0.386963 -0.393311
v 0.301025 0.390381 -0.394287
v 0.302002 0.388916 -0.391846
v 0.304932 0.380615 -0.387939
v 0.303467 0.378174 -0.389893
v 0.302002 0.379639 -0.387939
v 0.300049 0.380615 -0.389404
v 0.300537 0.382080 -0.385010
v 0.306885 0.388916 -0.390381
v 0.307373 0.390381 -0.389893
v 0.303467 0.384521 -0.384521
v 0.300537 0.384033 -0.383545
v 0.298584 0.383057 -0.386475
v 0.298096 0.384521 -0.385498
v 0.298096 0.388428 -0.383545
v 0.300049 0.387451 -0.382080
v 0.293701 0.377197 -0.392822
v 0.292236 0.377197 -0.391357
v 0.293701 0.389404 -0.400635
v 0.294189 0.377197 -0.390381
v 0.294189 0.377686 -0.389404
v 0.292236 0.376709 -0.389404
v 0.290771 0.377686 -0.387939
v 0.293701 0.380127 -0.387939
v 0.289795 0.379150 -0.390381
v 0.289795 0.379150 -0.386963
v 0.289307 0.381592 -0.387939
v 0.291260 0.382080 -0.386475
v 0.289307 0.388916 -0.388428
v 0.291748 0.388916 -0.386475
v 0.309326 0.391357 -0.392334
v 0.308838 0.391846 -0.391357
v 0.307861 0.392334 -0.397217
v 0.307373 0.394287 -0.395752
v 0.305908 0.395264 -0.393799
v 0.305420 0.395264 -0.392822
v 0.303955 0.391357 -0.397705
v 0.302490 0.391846 -0.395752
v 0.304443 0.392822 -0.397217
v 0.303467 0.394287 -0.395752
v 0.302490 0.391846 -0.392822
v 0.301025 0.391846 -0.393799
v 0.302490 0.392334 -0.390869
v 0.303467 0.393799 -0.390869
v 0.302002 0.393311 -0.393799
v 0.312256 0.401123 -0.396240
v 0.310791 0.402588 -0.390869
v 0.309326 0.403076 -0.391357
v 0.297119 0.406006 -0.402100
v 0.307861 0.391357 -0.389893
v 0.308350 0.391846 -0.390381
v 0.310303 0.397705 -0.389893
v 0.309814 0.396240 -0.384521
v 0.307373 0.397705 -0.386475
v 0.307373 0.398193 -0.380127
v 0.299561 0.394287 -0.383057
v 0.304443 0.392334 -0.382080
v 0.301514 0.393311 -0.381104
v 0.311279 0.402100 -0.389404
v 0.307861 0.402100 -0.386475
v 0.307373 0.401611 -0.385986
v 0.309814 0.406006 -0.386475
v 0.304932 0.402588 -0.387939
v 0.310303 0.399170 -0.379150
v 0.304932 0.398682 -0.382568
v 0.305420 0.399658 -0.382080
v 0.304932 0.401611 -0.379639
v 0.306885 0.400146 -0.378174
v 0.304932 0.405029 -0.376709
v 0.302490 0.399170 -0.384521
v 0.295166 0.405518 -0.403076
v 0.289307 0.401611 -0.390869
v 0.293213 0.403076 -0.394775
v 0.295654 0.403564 -0.392822
v 0.292236 0.402588 -0.397217
v 0.289795 0.403076 -0.398193
v 0.286377 0.402100 -0.392334
v 0.294189 0.397705 -0.387939
v 0.291260 0.397217 -0.389893
v 0.291748 0.402100 -0.386475
v 0.281494 0.405029 -0.387451
v 0.283936 0.404541 -0.385010
v 0.285889 0.401611 -0.380615
v 0.272705 0.400635 -0.426514
v 0.277588 0.391846 -0.387939
v 0.274658 0.396240 -0.387939
v 0.257568 0.397705 -0.391846
v 0.252686 0.398193 -0.394775
v 0.261963 0.399658 -0.390869
v 0.263916 0.403564 -0.392822
v 0.257568 0.398193 -0.389404
v 0.263916 0.401611 -0.389404
v 0.260986 0.398682 -0.389404
v 0.265381 0.404541 -0.389404
v 0.260498 0.405518 -0.389404
v 0.254150 0.404541 -0.377197
v 0.301514 0.408936 -0.422607
v 0.299561 0.406494 -0.423584
v 0.305420 0.416748 -0.426025
v 0.311279 0.409912 -0.416260
v 0.310791 0.410400 -0.418213
v 0.308838 0.406494 -0.406982
v 0.308350 0.406982 -0.408447
v 0.297607 0.407959 -0.419189
v 0.301025 0.409912 -0.412354
v 0.302002 0.409424 -0.410889
v 0.305420 0.414307 -0.418701
v 0.309326 0.414307 -0.411377
v 0.305420 0.420654 -0.411865
v 0.307861 0.419189 -0.407471
v 0.304443 0.419678 -0.414307
v 0.303467 0.420166 -0.416260
v 0.304443 0.421143 -0.413330
v 0.298096 0.421631 -0.409424
v 0.295654 0.409424 -0.418213
v 0.293701 0.408447 -0.417236
v 0.292725 0.407959 -0.417236
v 0.289795 0.415771 -0.414307
v 0.290283 0.414795 -0.413818
v 0.287354 0.416748 -0.414795
v 0.309814 0.428467 -0.411865
v 0.311279 0.427979 -0.409424
v 0.298584 0.425049 -0.407471
v 0.309326 0.434814 -0.406494
v 0.302979 0.436768 -0.416748
v 0.295166 0.423584 -0.424561
v 0.281982 0.433350 -0.429932
v 0.293213 0.423096 -0.415771
v 0.296143 0.422607 -0.407471
v 0.296631 0.425537 -0.408936
v 0.292725 0.428955 -0.408447
v 0.285889 0.424561 -0.406494
v 0.305908 0.407959 -0.403564
v 0.305420 0.410400 -0.403564
v 0.304443 0.406494 -0.402588
v 0.304443 0.407471 -0.403564
v 0.302490 0.406494 -0.401611
v 0.301514 0.408447 -0.401611
v 0.303955 0.411377 -0.403076
v 0.302002 0.410400 -0.402100
v 0.299561 0.411377 -0.403564
v 0.300049 0.410889 -0.402100
v 0.311768 0.418213 -0.398193
v 0.302979 0.419189 -0.402100
v 0.302979 0.421143 -0.399170
v 0.311768 0.406494 -0.388916
v 0.309814 0.409424 -0.389404
v 0.308838 0.408936 -0.387939
v 0.309326 0.406982 -0.384521
v 0.309326 0.409424 -0.383057
v 0.308350 0.409912 -0.386963
v 0.311279 0.410889 -0.389893
v 0.309814 0.411377 -0.387939
v 0.311768 0.412842 -0.388916
v 0.311279 0.413330 -0.387451
v 0.312256 0.413330 -0.383545
v 0.309326 0.412354 -0.385498
v 0.310303 0.413330 -0.386475
v 0.308350 0.410889 -0.385986
v 0.310791 0.411865 -0.382568
v 0.293213 0.406494 -0.404541
v 0.291260 0.406494 -0.405029
v 0.292236 0.413818 -0.404541
v 0.294189 0.412842 -0.390869
v 0.293213 0.418213 -0.397217
v 0.288818 0.416260 -0.401611
v 0.284912 0.414795 -0.404541
v 0.283447 0.414307 -0.395264
v 0.283936 0.421631 -0.396729
v 0.284912 0.421143 -0.396240
v 0.285889 0.406494 -0.386475
v 0.281494 0.412354 -0.381104
v 0.285400 0.420654 -0.384033
v 0.282959 0.421143 -0.385498
v 0.281494 0.416260 -0.381104
v 0.305420 0.426514 -0.398193
v 0.303955 0.424561 -0.400146
v 0.308838 0.431885 -0.401611
v 0.305420 0.430908 -0.404053
v 0.308350 0.430908 -0.400146
v 0.306396 0.437256 -0.399658
v 0.303467 0.432373 -0.406006
v 0.298096 0.430908 -0.391357
v 0.293701 0.422607 -0.403076
v 0.291748 0.422607 -0.403564
v 0.291748 0.428955 -0.404541
v 0.293701 0.425537 -0.395264
v 0.291260 0.425537 -0.396240
v 0.283936 0.427002 -0.390869
v 0.290771 0.429932 -0.406006
v 0.290771 0.436768 -0.398682
v 0.291260 0.424561 -0.388428
v 0.288330 0.425049 -0.390381
v 0.285400 0.426025 -0.388916
v 0.286865 0.431885 -0.384521
v 0.284912 0.433350 -0.386963
v 0.275635 0.411377 -0.432373
v 0.271240 0.415771 -0.434814
v 0.268311 0.421631 -0.432861
v 0.267822 0.408447 -0.410400
v 0.273193 0.417236 -0.410889
v 0.261475 0.414795 -0.427002
v 0.263916 0.409912 -0.421631
v 0.258545 0.413330 -0.414795
v 0.250244 0.419189 -0.420166
v 0.250732 0.419189 -0.412842
v 0.267334 0.422607 -0.423584
v 0.264893 0.433838 -0.431396
v 0.253174 0.422119 -0.413330
v 0.251709 0.423096 -0.412354
v 0.255615 0.426514 -0.410889
v 0.254639 0.426514 -0.407959
v 0.257568 0.433838 -0.410400
v 0.256104 0.434326 -0.406982
v 0.267334 0.408936 -0.392334
v 0.269775 0.419678 -0.395752
v 0.272705 0.419189 -0.393799
v 0.268799 0.421631 -0.396240
v 0.269287 0.418701 -0.391357
v 0.268311 0.421631 -0.390869
v 0.279053 0.407959 -0.384521
v 0.277588 0.409424 -0.383545
v 0.278076 0.412842 -0.384033
v 0.280518 0.407959 -0.382568
v 0.277588 0.409912 -0.380615
v 0.277100 0.412842 -0.380615
v 0.277588 0.414307 -0.380615
v 0.279541 0.416748 -0.382080
v 0.267822 0.415771 -0.387451
v 0.269775 0.418213 -0.387939
v 0.269775 0.420654 -0.387451
v 0.272217 0.419678 -0.385010
v 0.267334 0.421143 -0.383057
v 0.264893 0.406982 -0.392334
v 0.263916 0.413330 -0.395264
v 0.256104 0.407959 -0.404541
v 0.260986 0.417725 -0.399170
v 0.262939 0.419678 -0.400146
v 0.261475 0.420654 -0.399658
v 0.262939 0.417236 -0.398193
v 0.262451 0.414307 -0.392334
v 0.258545 0.418213 -0.397705
v 0.258545 0.421631 -0.397217
v 0.257080 0.420654 -0.396729
v 0.263428 0.408447 -0.389893
v 0.258057 0.411865 -0.388428
v 0.256592 0.406982 -0.383057
v 0.254639 0.407959 -0.383545
v 0.256104 0.412842 -0.388428
v 0.251709 0.406494 -0.378174
v 0.262451 0.417236 -0.386963
v 0.265381 0.416260 -0.385986
v 0.264404 0.418701 -0.385010
v 0.262939 0.418213 -0.385010
v 0.265381 0.421631 -0.385010
v 0.263916 0.421631 -0.383545
v 0.260986 0.419189 -0.380615
v 0.259521 0.420654 -0.380615
v 0.256104 0.420654 -0.389404
v 0.252686 0.416748 -0.376709
v 0.275635 0.423584 -0.395752
v 0.275635 0.425537 -0.392822
v 0.274658 0.426514 -0.393799
v 0.269287 0.426025 -0.392822
v 0.272705 0.431396 -0.395264
v 0.278076 0.425049 -0.390381
v 0.273193 0.422119 -0.389404
v 0.269775 0.422119 -0.385498
v 0.267822 0.422607 -0.385986
v 0.268311 0.423096 -0.386475
v 0.268799 0.427490 -0.383057
v 0.267334 0.428955 -0.383545
v 0.268799 0.428955 -0.378662
v 0.278076 0.433838 -0.390381
v 0.277588 0.433838 -0.377686
v 0.269775 0.433350 -0.379150
v 0.271240 0.431396 -0.376221
v 0.269287 0.432861 -0.376709
v 0.262939 0.422607 -0.399658
v 0.260986 0.424561 -0.398682
v 0.260010 0.423584 -0.397217
v 0.258545 0.423584 -0.397217
v 0.257080 0.423096 -0.406006
v 0.255615 0.424561 -0.404053
v 0.264893 0.423096 -0.388428
v 0.262939 0.422119 -0.390381
v 0.261963 0.424072 -0.389893
v 0.262451 0.424072 -0.383057
v 0.264893 0.422119 -0.375244
v 0.262451 0.423584 -0.375732
v 0.262939 0.429932 -0.385010
v 0.318115 0.440674 -0.417725
v 0.316162 0.440186 -0.420166
v 0.314697 0.447510 -0.419678
v 0.315674 0.447021 -0.417236
v 0.313721 0.448486 -0.414795
v 0.314209 0.450439 -0.418701
v 0.313721 0.451416 -0.418213
v 0.312744 0.451416 -0.417236
v 0.281982 0.438721 -0.437744
v 0.281006 0.438721 -0.484131
v 0.266357 0.438721 -0.484131
v 0.264893 0.439697 -0.438721
v 0.310791 0.448975 -0.419189
v 0.309814 0.450439 -0.415771
v 0.306396 0.448975 -0.408936
v 0.311279 0.449951 -0.413818
v 0.304443 0.448975 -0.411377
v 0.304443 0.438721 -0.402100
v 0.301025 0.444092 -0.403076
v 0.298584 0.444580 -0.406006
v 0.302979 0.444092 -0.395752
v 0.301025 0.445068 -0.398193
v 0.299072 0.447998 -0.391846
v 0.297607 0.449463 -0.393799
v 0.296143 0.437744 -0.402588
v 0.294678 0.437744 -0.405029
v 0.292725 0.448486 -0.392334
v 0.296143 0.451416 -0.391357
v 0.289307 0.440674 -0.385010
v 0.287354 0.441162 -0.387451
v 0.296143 0.447021 -0.388916
v 0.291748 0.446533 -0.386963
v 0.290283 0.447021 -0.388916
v 0.294189 0.451416 -0.390381
v 0.292236 0.450439 -0.388428
v 0.256592 0.442139 -0.413330
v 0.255615 0.443115 -0.410400
v 0.251221 0.448975 -0.418213
v 0.253662 0.448486 -0.415283
v 0.252686 0.450928 -0.415771
v 0.251221 0.451904 -0.416260
v 0.252686 0.448486 -0.413330
v 0.279053 0.438232 -0.386963
v 0.279053 0.442139 -0.383545
v 0.279053 0.445068 -0.383545
v 0.280518 0.443604 -0.382080
v 0.271240 0.438232 -0.384033
v 0.278076 0.449951 -0.377197
v 0.277588 0.452393 -0.378174
v 0.306885 0.403076 -0.374756
v 0.250732 0.406006 -0.370850
v 0.311768 0.406982 -0.373779
v 0.308838 0.408447 -0.372803
v 0.306396 0.409912 -0.374756
v 0.312256 0.413818 -0.372803
v 0.309814 0.415283 -0.374756
v 0.261475 0.411377 -0.374756
v 0.251221 0.410889 -0.364990
v 0.252686 0.413818 -0.363525
v 0.262451 0.419678 -0.369385
v 0.260010 0.419678 -0.372314
v 0.258057 0.421143 -0.373291
v 0.260010 0.421631 -0.369873
v 0.260010 0.421631 -0.365967
v 0.256592 0.416748 -0.365479
v 0.250732 0.414795 -0.364014
v 0.254639 0.418213 -0.366455
v 0.268311 0.424072 -0.368896
v 0.271240 0.433350 -0.369385
v 0.271240 0.436279 -0.373779
v 0.268799 0.435303 -0.370850
v 0.265869 0.436279 -0.364502
v 0.267822 0.434814 -0.363037
v 0.260010 0.426514 -0.360107
v 0.258057 0.428467 -0.361572
v 0.257568 0.423584 -0.366943
v 0.260498 0.430908 -0.371826
v 0.262939 0.436279 -0.359619
v 0.260010 0.435303 -0.359619
v 0.263428 0.432861 -0.358154
v 0.260986 0.431396 -0.357666
v 0.259033 0.432861 -0.358643
v 0.264893 0.434814 -0.358643
v 0.261963 0.435791 -0.357178
v 0.260010 0.433838 -0.356689
v 0.260986 0.435303 -0.356689
v 0.274170 0.387451 -0.309326
v 0.271240 0.391357 -0.308838
v 0.272217 0.439209 -0.371338
v 0.270264 0.440186 -0.372803
v 0.275146 0.450928 -0.368896
v 0.277100 0.452881 -0.370361
v 0.275635 0.452881 -0.368896
v 0.273682 0.452881 -0.370361
v 0.273193 0.447510 -0.369385
v 0.272217 0.448975 -0.370850
v 0.278076 0.453857 -0.372314
v 0.277100 0.456787 -0.372803
v 0.275146 0.456299 -0.371826
v 0.275635 0.453857 -0.370361
v 0.274658 0.454834 -0.369873
v 0.277100 0.457764 -0.370361
v 0.276611 0.457764 -0.369385
v 0.276123 0.457764 -0.368896
v 0.292725 0.264893 -0.155029
v 0.289307 0.264893 -0.152100
v 0.289307 0.267822 -0.155029
v 0.279053 0.264893 -0.152100
v 0.279053 0.267822 -0.155029
v 0.273682 0.347900 -0.246338
v 0.276123 0.351807 -0.246826
v 0.269775 0.353760 -0.196533
v 0.265869 0.351807 -0.200928
v 0.275635 0.345947 -0.182373
v 0.278076 0.350342 -0.182373
v 0.259033 0.359131 -0.167236
v 0.269287 0.367920 -0.165771
v 0.265381 0.370361 -0.161377
v 0.275635 0.345947 -0.130615
v 0.278076 0.349854 -0.131104
v 0.275635 0.253174 -0.050537
v 0.271729 0.257568 -0.050537
v 0.252686 0.257080 -0.050537
v 0.322998 0.327881 -0.016846
v 0.328857 0.328369 -0.013916
v 0.322510 0.334717 -0.010010
v 0.318604 0.334717 -0.011475
v 0.321045 0.338623 -0.014404
v 0.337158 0.345459 -0.001709
v 0.327881 0.345459 -0.017822
v 0.320557 0.345459 -0.020264
v 0.291260 0.346436 -0.101807
v 0.294678 0.350342 -0.102295
v 0.290283 0.350342 -0.105713
v 0.308350 0.346924 -0.055420
v 0.312256 0.350830 -0.055908
v 0.309326 0.350342 -0.051514
v 0.281494 0.344971 -0.052490
v 0.283936 0.349365 -0.052490
v 0.273682 0.386963 -0.246826
v 0.270752 0.390869 -0.246338
v 0.275146 0.388916 -0.182373
v 0.258545 0.378174 -0.166748
v 0.256104 0.382080 -0.171143
v 0.272217 0.392822 -0.182373
v 0.275146 0.388916 -0.131104
v 0.272217 0.393311 -0.130615
v 0.321045 0.381592 -0.026611
v 0.320557 0.381592 -0.019775
v 0.314697 0.417725 -0.044678
v 0.320068 0.412842 -0.026611
v 0.319580 0.412842 -0.019775
v 0.314209 0.418213 -0.023682
v 0.314697 0.418213 -0.017334
v 0.312744 0.418213 -0.011475
v 0.334717 0.427490 -0.001221
v 0.325439 0.427979 -0.017822
v 0.318115 0.427490 -0.019775
v 0.318115 0.434326 -0.013916
v 0.291260 0.392334 -0.102295
v 0.286865 0.391846 -0.105713
v 0.287354 0.395752 -0.101807
v 0.307373 0.381104 -0.049561
v 0.304932 0.381104 -0.048584
v 0.308350 0.377197 -0.045166
v 0.312256 0.381104 -0.046631
v 0.308350 0.392334 -0.055908
v 0.305420 0.392334 -0.051514
v 0.304443 0.395752 -0.055420
v 0.303955 0.386963 -0.011963
v 0.281006 0.389893 -0.052490
v 0.276611 0.394775 -0.055420
v 0.278076 0.394287 -0.052490
v 0.271729 0.394775 -0.060303
v 0.276611 0.394775 -0.018799
v 0.271729 0.394775 -0.013916
v 0.306396 0.412354 -0.049561
v 0.303955 0.412354 -0.049072
v 0.310791 0.417725 -0.048096
v 0.311279 0.412354 -0.046631
v 0.306885 0.416260 -0.045654
v 0.310791 0.421631 -0.044189
v 0.283936 0.417236 -0.045654
v 0.285889 0.421143 -0.041748
v 0.310791 0.422119 -0.023193
v 0.311768 0.422119 -0.015381
v 0.275146 0.426025 -0.055420
v 0.270752 0.426025 -0.060303
v 0.270264 0.430420 -0.055420
v 0.275146 0.426025 -0.018799
v 0.270264 0.430420 -0.018799
v 0.270752 0.426025 -0.013916
v 0.236572 0.271240 -0.460205
v 0.242432 0.277100 -0.460205
v 0.241455 0.274658 -0.457764
v 0.235596 0.280518 -0.457764
v 0.236572 0.271240 -0.443604
v 0.242432 0.277100 -0.443604
v 0.241943 0.274658 -0.441162
v 0.235596 0.281006 -0.441162
v 0.228271 0.274170 -0.446533
v 0.232178 0.278076 -0.441650
v 0.228271 0.279541 -0.440186
v 0.231689 0.283936 -0.447998
v 0.242432 0.271729 -0.436279
v 0.241943 0.281006 -0.434326
v 0.231689 0.276611 -0.393311
v 0.228760 0.279053 -0.391846
v 0.228760 0.272705 -0.385010
v 0.232178 0.282471 -0.386963
v 0.217529 0.326904 -0.447998
v 0.218018 0.322510 -0.442139
v 0.212158 0.326904 -0.442139
v 0.235107 0.358643 -0.458252
v 0.235596 0.355713 -0.443115
v 0.235596 0.358643 -0.441650
v 0.227783 0.344482 -0.446533
v 0.231201 0.349365 -0.447021
v 0.231201 0.354248 -0.440674
v 0.241455 0.364990 -0.458252
v 0.241455 0.364990 -0.441650
v 0.231201 0.368896 -0.440674
v 0.225342 0.368408 -0.447021
v 0.224854 0.374756 -0.440674
v 0.221436 0.326416 -0.386475
v 0.232666 0.341553 -0.391846
v 0.221436 0.331299 -0.380615
v 0.229248 0.341064 -0.387939
v 0.226318 0.341553 -0.385498
v 0.215576 0.330811 -0.386475
v 0.241455 0.359131 -0.434326
v 0.241455 0.353760 -0.388428
v 0.241455 0.353760 -0.384521
v 0.231201 0.347412 -0.385498
v 0.225830 0.345459 -0.387939
v 0.231201 0.355713 -0.385986
v 0.231689 0.368408 -0.392822
v 0.225342 0.374756 -0.392334
v 0.225342 0.368408 -0.385986
v 0.170654 0.339600 -0.447021
v 0.165283 0.339600 -0.440674
v 0.165283 0.339111 -0.439209
v 0.159424 0.338623 -0.446045
v 0.160889 0.367432 -0.486572
v 0.161377 0.363037 -0.483154
v 0.171143 0.366943 -0.447510
v 0.164795 0.365967 -0.439697
v 0.164795 0.366455 -0.440674
v 0.158936 0.365967 -0.446533
v 0.170654 0.373291 -0.440674
v 0.158447 0.372314 -0.440186
v 0.146240 0.367432 -0.486084
v 0.145752 0.363037 -0.482666
v 0.154541 0.368896 -0.483643
v 0.153076 0.368896 -0.482666
v 0.145264 0.364502 -0.437744
v 0.154053 0.368896 -0.438232
v 0.153076 0.369873 -0.439209
v 0.165771 0.339111 -0.390869
v 0.164795 0.339600 -0.392334
v 0.171143 0.339600 -0.385498
v 0.159424 0.339111 -0.384521
v 0.161865 0.364502 -0.436768
v 0.161865 0.368896 -0.431885
v 0.164795 0.366943 -0.392822
v 0.165283 0.365967 -0.391846
v 0.171631 0.373291 -0.392822
v 0.158936 0.372803 -0.391846
v 0.171143 0.366943 -0.385986
v 0.158936 0.366455 -0.385498
v 0.145264 0.369385 -0.431396
v 0.240967 0.353760 -0.347412
v 0.240967 0.353760 -0.343018
v 0.232178 0.355713 -0.340576
v 0.234619 0.346436 -0.302490
v 0.231689 0.350342 -0.302002
v 0.041260 0.337158 -0.447021
v 0.035889 0.337158 -0.440674
v 0.036865 0.336182 -0.438721
v 0.031006 0.335693 -0.445557
v 0.048584 0.367432 -0.486572
v 0.049072 0.363037 -0.483154
v 0.035400 0.367432 -0.486084
v 0.034912 0.363037 -0.482666
v 0.042236 0.368896 -0.483643
v 0.041748 0.368408 -0.482666
v 0.049561 0.364502 -0.437744
v 0.041748 0.364502 -0.447510
v 0.041748 0.366455 -0.441162
v 0.036377 0.363037 -0.439697
v 0.035889 0.364014 -0.441162
v 0.041748 0.368896 -0.438721
v 0.041748 0.369385 -0.437744
v 0.030029 0.363037 -0.446533
v 0.029541 0.369385 -0.440186
v 0.035400 0.337646 -0.392334
v 0.041748 0.337646 -0.385498
v 0.036865 0.336182 -0.390381
v 0.030029 0.336182 -0.384521
v 0.049561 0.368896 -0.432373
v 0.033936 0.364014 -0.436279
v 0.033936 0.369385 -0.429443
v 0.061768 0.348389 -0.386963
v 0.061279 0.374756 -0.386963
v 0.036377 0.363037 -0.391846
v 0.035889 0.364990 -0.393311
v 0.042236 0.371338 -0.393311
v 0.042236 0.364990 -0.386475
v 0.029541 0.369873 -0.391846
v 0.029541 0.363525 -0.385010
v 0.064697 0.348877 -0.341553
v 0.064209 0.374756 -0.342041
v 0.063721 0.374756 -0.342041
v 0.214111 0.405029 -0.447998
v 0.208740 0.405029 -0.442139
v 0.214111 0.409424 -0.442139
v 0.240479 0.380127 -0.388428
v 0.240479 0.384033 -0.384521
v 0.244873 0.399170 -0.399170
v 0.249268 0.398682 -0.392822
v 0.242920 0.401123 -0.396729
v 0.240967 0.401611 -0.405518
v 0.239014 0.403076 -0.403564
v 0.236572 0.400635 -0.392822
v 0.238037 0.401123 -0.392334
v 0.235107 0.401611 -0.390869
v 0.241455 0.403076 -0.390869
v 0.239990 0.404541 -0.388428
v 0.236572 0.402588 -0.389893
v 0.228760 0.401123 -0.399170
v 0.233154 0.399658 -0.395264
v 0.231201 0.401123 -0.393311
v 0.227295 0.402100 -0.397217
v 0.234131 0.406006 -0.390869
v 0.226807 0.406006 -0.396240
v 0.226318 0.404541 -0.403076
v 0.224365 0.406006 -0.401123
v 0.222412 0.390869 -0.387939
v 0.224854 0.395264 -0.387939
v 0.212646 0.401123 -0.386475
v 0.218018 0.406006 -0.386475
v 0.218506 0.401123 -0.380615
v 0.245850 0.409912 -0.422119
v 0.245361 0.410400 -0.427002
v 0.245361 0.410889 -0.423096
v 0.238037 0.415283 -0.425049
v 0.234619 0.418701 -0.426514
v 0.249756 0.413330 -0.419189
v 0.242920 0.410889 -0.418701
v 0.242432 0.410889 -0.416748
v 0.239502 0.408936 -0.417725
v 0.240967 0.406494 -0.413330
v 0.239990 0.407959 -0.412354
v 0.244873 0.418701 -0.420654
v 0.243896 0.417236 -0.413330
v 0.249756 0.419189 -0.411377
v 0.238037 0.416260 -0.415771
v 0.239990 0.419189 -0.414795
v 0.230713 0.408936 -0.417236
v 0.230225 0.408936 -0.419189
v 0.222412 0.410400 -0.417236
v 0.221924 0.410400 -0.414307
v 0.225830 0.410400 -0.406494
v 0.227783 0.415283 -0.407959
v 0.231201 0.419678 -0.407959
v 0.240967 0.424561 -0.425049
v 0.234619 0.424072 -0.419189
v 0.240967 0.426514 -0.419189
v 0.240967 0.426025 -0.417236
v 0.235596 0.422119 -0.406494
v 0.247314 0.435303 -0.419678
v 0.243408 0.434814 -0.408447
v 0.236084 0.433838 -0.417236
v 0.236084 0.433838 -0.414307
v 0.223877 0.424561 -0.423584
v 0.234131 0.424072 -0.417236
v 0.223877 0.424561 -0.410400
v 0.233154 0.433350 -0.418701
v 0.232178 0.433838 -0.416260
v 0.244873 0.407959 -0.390869
v 0.246826 0.412842 -0.392334
v 0.239502 0.409424 -0.402588
v 0.239990 0.407959 -0.401123
v 0.238525 0.407471 -0.401611
v 0.240967 0.408936 -0.400635
v 0.237549 0.407959 -0.403076
v 0.237061 0.408936 -0.403564
v 0.237061 0.406982 -0.398682
v 0.234619 0.407959 -0.401123
v 0.240479 0.411865 -0.402588
v 0.239014 0.411865 -0.403564
v 0.241455 0.410400 -0.401611
v 0.240967 0.413330 -0.399658
v 0.237549 0.410400 -0.404053
v 0.235107 0.412842 -0.403564
v 0.239014 0.407959 -0.397705
v 0.240967 0.410400 -0.397705
v 0.235596 0.411865 -0.395752
v 0.234619 0.411377 -0.396240
v 0.236572 0.413818 -0.396240
v 0.234619 0.412842 -0.397217
v 0.236084 0.412842 -0.395752
v 0.244385 0.421631 -0.399170
v 0.247314 0.414307 -0.397217
v 0.246826 0.418213 -0.395264
v 0.245361 0.419189 -0.393311
v 0.239990 0.414307 -0.401123
v 0.239014 0.414795 -0.401611
v 0.237061 0.414307 -0.403076
v 0.235596 0.414795 -0.397217
v 0.234619 0.414795 -0.398193
v 0.241943 0.420166 -0.393311
v 0.243408 0.408936 -0.388428
v 0.240967 0.411377 -0.388916
v 0.245361 0.414307 -0.389893
v 0.234131 0.410889 -0.403076
v 0.233643 0.411377 -0.396729
v 0.233154 0.411865 -0.397705
v 0.233154 0.412842 -0.398193
v 0.226318 0.407959 -0.405518
v 0.224365 0.409424 -0.403076
v 0.224365 0.411865 -0.404541
v 0.225342 0.413330 -0.402100
v 0.233643 0.414307 -0.398682
v 0.229736 0.421143 -0.406006
v 0.225830 0.416260 -0.406006
v 0.242920 0.423096 -0.396729
v 0.241943 0.422607 -0.402100
v 0.239990 0.424072 -0.399658
v 0.238037 0.422607 -0.404541
v 0.236572 0.424072 -0.402588
v 0.236084 0.422119 -0.398193
v 0.234131 0.423584 -0.404053
v 0.231201 0.422119 -0.401611
v 0.215088 0.413818 -0.417725
v 0.215088 0.414307 -0.413818
v 0.210693 0.421143 -0.420654
v 0.209717 0.421631 -0.417236
v 0.209229 0.427490 -0.422607
v 0.211670 0.431885 -0.424072
v 0.213135 0.436279 -0.422119
v 0.206787 0.431396 -0.422607
v 0.208252 0.433838 -0.423096
v 0.209229 0.435791 -0.422607
v 0.208252 0.428467 -0.420166
v 0.213135 0.436279 -0.419189
v 0.210693 0.432373 -0.418701
v 0.160889 0.434326 -0.487549
v 0.154541 0.432861 -0.484619
v 0.146240 0.434326 -0.487061
v 0.152588 0.432861 -0.483643
v 0.154053 0.430908 -0.440186
v 0.152588 0.431396 -0.439209
v 0.162354 0.433838 -0.430908
v 0.144287 0.433838 -0.431396
v 0.235107 0.441162 -0.418213
v 0.247803 0.449951 -0.417725
v 0.247314 0.450439 -0.415771
v 0.249756 0.451904 -0.416748
v 0.249756 0.449463 -0.413818
v 0.241455 0.447510 -0.418701
v 0.240967 0.447998 -0.415771
v 0.228760 0.437744 -0.417725
v 0.234131 0.441650 -0.414795
v 0.228271 0.437744 -0.413818
v 0.220459 0.437744 -0.420166
v 0.219482 0.438232 -0.417236
v 0.161377 0.438721 -0.484619
v 0.162354 0.438721 -0.438721
v 0.145752 0.438721 -0.484131
v 0.144287 0.439697 -0.438721
v 0.239990 0.384033 -0.347900
v 0.239990 0.380127 -0.343506
v 0.248779 0.407959 -0.372314
v 0.247314 0.409912 -0.367920
v 0.249268 0.408936 -0.366455
v 0.246826 0.410400 -0.364502
v 0.247803 0.411865 -0.363525
v 0.248291 0.413330 -0.366455
v 0.248779 0.412842 -0.363037
v 0.229248 0.386475 -0.302002
v 0.231201 0.390381 -0.302490
v 0.048584 0.434326 -0.487549
v 0.042236 0.432861 -0.484619
v 0.034912 0.433838 -0.487061
v 0.041748 0.432861 -0.483643
v 0.041748 0.430908 -0.440674
v 0.061279 0.378662 -0.383057
v 0.050049 0.433350 -0.431885
v 0.041260 0.431396 -0.437256
v 0.032959 0.433350 -0.429443
v 0.049072 0.438721 -0.484619
v 0.034912 0.438232 -0.484131
v 0.050049 0.438721 -0.439209
v 0.032959 0.439209 -0.436768
v 0.063721 0.378662 -0.346436
v 0.235107 0.346924 -0.238525
v 0.232178 0.350830 -0.238037
v 0.240479 0.358643 -0.205811
v 0.241943 0.349854 -0.194580
v 0.246826 0.351807 -0.200439
v 0.233643 0.345459 -0.182373
v 0.230713 0.349365 -0.182373
v 0.246338 0.369873 -0.161865
v 0.233643 0.344971 -0.124268
v 0.230713 0.348877 -0.123779
v 0.241943 0.345947 -0.054932
v 0.237061 0.344482 -0.052490
v 0.234131 0.348389 -0.052490
v 0.145264 0.360107 -0.054932
v 0.152588 0.373779 -0.015869
v 0.111084 0.372803 -0.015869
v 0.088135 0.359619 -0.054932
v 0.016846 0.364990 -0.018311
v 0.020752 0.364990 -0.014404
v 0.229736 0.385986 -0.238037
v 0.231689 0.389893 -0.238525
v 0.239990 0.377686 -0.206299
v 0.241943 0.381592 -0.201904
v 0.227783 0.387939 -0.182373
v 0.230225 0.391846 -0.182373
v 0.227783 0.388428 -0.123779
v 0.230225 0.392334 -0.124268
v 0.231201 0.389404 -0.052490
v 0.233643 0.393311 -0.052490
v 0.219482 0.391357 -0.028076
v 0.144775 0.379639 -0.054932
v 0.140381 0.383057 -0.054932
v 0.152100 0.393311 -0.015869
v 0.148193 0.397217 -0.015869
v 0.110596 0.392334 -0.015869
v 0.114502 0.396729 -0.015869
v 0.087646 0.379150 -0.054932
v 0.092041 0.383057 -0.054932
v 0.015869 0.393311 -0.018311
v 0.019775 0.393799 -0.014404
v 0.015869 0.397705 -0.014893
v 0.347412 0.021729 0.008057
v 0.343506 0.021729 0.015381
v 0.339600 0.029053 0.011475
v 0.327881 0.031006 0.010010
v 0.335693 0.038330 0.007080
v 0.331299 0.038330 0.014404
v 0.299561 0.029541 0.032471
v 0.299561 0.029541 0.051514
v 0.265381 0.028564 0.032471
v 0.255615 0.025146 0.040771
v 0.265381 0.021729 0.052979
v 0.263428 0.025146 0.050537
v 0.265381 0.028564 0.051514
v 0.263916 0.031006 0.054932
v 0.299561 0.032471 0.029053
v 0.303467 0.032959 0.032471
v 0.303467 0.032959 0.052002
v 0.299561 0.032471 0.055420
v 0.292725 0.034912 0.054932
v 0.288818 0.031494 0.054932
v 0.292236 0.052979 0.054932
v 0.284912 0.053467 0.049561
v 0.282471 0.053467 0.048584
v 0.284912 0.053467 0.056396
v 0.282471 0.053467 0.058838
v 0.284912 0.056885 0.049072
v 0.288330 0.056396 0.054932
v 0.281006 0.042725 0.007568
v 0.277100 0.039307 0.007568
v 0.277100 0.042725 0.004150
v 0.279541 0.041748 0.030029
v 0.265381 0.031982 0.028564
v 0.261475 0.033447 0.046631
v 0.254150 0.033447 0.036865
v 0.262939 0.036865 0.048584
v 0.265381 0.031982 0.054932
v 0.280029 0.053467 0.045654
v 0.276611 0.052979 0.058838
v 0.270752 0.048584 0.056885
v 0.273193 0.056396 0.054932
v 0.260986 0.048096 0.043701
v 0.252197 0.054443 0.046631
v 0.264893 0.054443 0.059326
v 0.262451 0.055420 0.061768
v 0.255127 0.054932 0.047607
v 0.281982 0.052979 0.093506
v 0.281494 0.048584 0.097900
v 0.283447 0.050537 0.099365
v 0.283936 0.052979 0.096436
v 0.283447 0.052979 0.101318
v 0.283936 0.052979 0.101807
v 0.281982 0.054443 0.102783
v 0.281982 0.052979 0.104736
v 0.267334 0.050049 0.064209
v 0.277100 0.052979 0.093506
v 0.277588 0.048584 0.097900
v 0.277588 0.054443 0.102783
v 0.277100 0.052979 0.104736
v 0.282959 0.091553 0.049072
v 0.281006 0.089111 0.047607
v 0.276611 0.089111 0.047607
v 0.281006 0.092529 0.052490
v 0.281006 0.092529 0.053467
v 0.276611 0.092529 0.052490
v 0.276611 0.092529 0.053467
v 0.282959 0.098389 0.046631
v 0.282959 0.094971 0.051025
v 0.282959 0.094971 0.052002
v 0.282959 0.098877 0.049072
v 0.281006 0.100830 0.046631
v 0.276123 0.100830 0.046631
v 0.281006 0.096924 0.053467
v 0.276611 0.096924 0.053467
v 0.281006 0.100830 0.047119
v 0.276123 0.100830 0.047119
v 0.305908 0.008057 0.155518
v 0.302002 0.021729 0.146729
v 0.305420 0.023682 0.148682
v 0.302002 0.026123 0.147217
v 0.308838 0.005127 0.170654
v 0.302979 0.007080 0.157959
v 0.299561 0.007568 0.157471
v 0.302979 0.000244 0.166260
v 0.308838 0.010010 0.157471
v 0.306396 0.008057 0.159912
v 0.305420 0.012939 0.161865
v 0.304932 0.002686 0.172607
v 0.288330 0.030518 0.160889
v 0.265381 0.000732 0.167236
v 0.258545 0.005615 0.170654
v 0.260010 0.006104 0.171631
v 0.252686 0.007568 0.157471
v 0.252686 0.000732 0.167236
v 0.262939 0.008057 0.157959
v 0.258545 0.013428 0.161865
v 0.257568 0.013428 0.162842
v 0.265381 0.003174 0.173096
v 0.258545 0.007568 0.173096
v 0.253174 0.003662 0.173584
v 0.266846 0.031006 0.162354
v 0.266846 0.031006 0.179443
v 0.263428 0.030029 0.160889
v 0.296143 0.034912 0.162354
v 0.292725 0.031494 0.162354
v 0.292236 0.033936 0.160889
v 0.296143 0.034912 0.179443
v 0.292725 0.031494 0.179443
v 0.292725 0.034424 0.182861
v 0.291748 0.052002 0.160889
v 0.282471 0.052002 0.157471
v 0.284912 0.052002 0.160400
v 0.284912 0.052002 0.165771
v 0.282959 0.052002 0.168701
v 0.287842 0.055420 0.160889
v 0.284424 0.056885 0.166260
v 0.282471 0.059814 0.166260
v 0.286377 0.047119 0.177002
v 0.266846 0.033936 0.182861
v 0.278076 0.052002 0.157471
v 0.278076 0.052002 0.168701
v 0.278076 0.059326 0.166260
v 0.272705 0.055420 0.160889
v 0.306885 0.043701 0.218506
v 0.306396 0.048096 0.208740
v 0.309814 0.052979 0.213623
v 0.307861 0.051514 0.215088
v 0.307373 0.060303 0.206299
v 0.311768 0.054932 0.212646
v 0.307861 0.046631 0.224365
v 0.312256 0.049561 0.222900
v 0.272217 0.043213 0.217529
v 0.260498 0.045166 0.216064
v 0.272705 0.047607 0.207764
v 0.267334 0.053955 0.210693
v 0.266846 0.055420 0.210693
v 0.261475 0.049072 0.206787
v 0.258057 0.053467 0.214111
v 0.260986 0.052002 0.215576
v 0.255615 0.053467 0.214600
v 0.252686 0.052002 0.216064
v 0.256592 0.060791 0.206299
v 0.256104 0.060303 0.207275
v 0.271240 0.046143 0.222900
v 0.267334 0.048584 0.220947
v 0.260986 0.049072 0.222412
v 0.265381 0.051514 0.220947
v 0.316162 0.098877 0.229248
v 0.316162 0.104248 0.229248
v 0.312744 0.094482 0.243896
v 0.273193 0.080322 0.247803
v 0.273193 0.085205 0.244873
v 0.269775 0.085693 0.249756
v 0.267822 0.084229 0.249756
v 0.267822 0.093506 0.240479
v 0.267822 0.087158 0.247803
v 0.267822 0.088623 0.246826
v 0.262939 0.080322 0.246826
v 0.262939 0.085693 0.243896
v 0.261963 0.083252 0.248779
v 0.264404 0.084717 0.247803
v 0.265381 0.091553 0.240967
v 0.312256 0.099365 0.224854
v 0.312256 0.103760 0.224854
v 0.311768 0.116455 0.240967
v 0.312256 0.124268 0.248291
v 0.267334 0.116943 0.238037
v 0.267822 0.114502 0.246338
v 0.273682 0.117432 0.243896
v 0.265869 0.119385 0.239990
v 0.267822 0.119385 0.248779
v 0.273193 0.122314 0.246338
v 0.267334 0.124756 0.245361
v 0.262939 0.116943 0.242920
v 0.262939 0.122803 0.245361
v 0.334717 0.125732 0.006104
v 0.330322 0.126221 0.013428
v 0.337158 0.135986 0.007080
v 0.326904 0.133057 0.009033
v 0.342041 0.143311 0.005615
v 0.338623 0.141357 0.011963
v 0.282471 0.140381 0.049072
v 0.291748 0.146240 0.054932
v 0.282471 0.144287 0.049561
v 0.287842 0.142334 0.054932
v 0.282471 0.144287 0.056396
v 0.280518 0.137451 0.048096
v 0.274170 0.137451 0.048096
v 0.259033 0.133545 0.044678
v 0.251709 0.133545 0.034912
v 0.260986 0.130127 0.047119
v 0.280029 0.144287 0.048584
v 0.280029 0.144287 0.058838
v 0.274170 0.144287 0.058838
v 0.272705 0.142334 0.054932
v 0.260010 0.140869 0.045166
v 0.252686 0.140869 0.035400
v 0.261475 0.144287 0.047119
v 0.294189 0.180420 0.029053
v 0.291260 0.163818 0.054932
v 0.287354 0.167725 0.054932
v 0.298096 0.180908 0.032471
v 0.298096 0.180908 0.052002
v 0.294189 0.183838 0.032471
v 0.294189 0.183838 0.051514
v 0.294189 0.180420 0.055420
v 0.277100 0.174561 0.007568
v 0.273193 0.174561 0.004150
v 0.273193 0.177979 0.007568
v 0.275635 0.175537 0.030029
v 0.260010 0.179932 0.028564
v 0.266357 0.166260 0.057373
v 0.257568 0.165283 0.044189
v 0.254639 0.164795 0.043213
v 0.262451 0.167236 0.054932
v 0.272217 0.175049 0.052979
v 0.269287 0.172607 0.060303
v 0.262451 0.173584 0.039795
v 0.260010 0.183350 0.032471
v 0.260010 0.183350 0.051514
v 0.260010 0.179932 0.054932
v 0.281494 0.144287 0.103760
v 0.281494 0.143799 0.109131
v 0.281494 0.146240 0.107666
v 0.279541 0.144287 0.100830
v 0.274658 0.144287 0.100830
v 0.279541 0.148682 0.108154
v 0.274658 0.148682 0.108154
v 0.279541 0.143799 0.112061
v 0.275146 0.143799 0.112061
v 0.338623 0.230225 0.004150
v 0.335205 0.232178 0.010010
v 0.333252 0.237549 0.005615
v 0.331299 0.238525 0.005615
v 0.338623 0.245850 0.001709
v 0.334717 0.245850 0.009521
v 0.260010 0.230713 0.046143
v 0.258545 0.234131 0.043701
v 0.251221 0.234131 0.033936
v 0.258057 0.239502 0.042725
v 0.250244 0.239502 0.032959
v 0.259521 0.242920 0.045166
v 0.282471 0.140381 0.166260
v 0.290283 0.145752 0.160889
v 0.286377 0.141846 0.160889
v 0.282471 0.145264 0.161865
v 0.282471 0.145264 0.167725
v 0.280518 0.137451 0.166260
v 0.276123 0.137451 0.166260
v 0.280518 0.145264 0.158936
v 0.275635 0.145264 0.158936
v 0.280518 0.145264 0.170166
v 0.275635 0.145264 0.170166
v 0.270752 0.141846 0.160889
v 0.300537 0.177979 0.146729
v 0.303955 0.180420 0.148193
v 0.300537 0.182373 0.145752
v 0.289795 0.163818 0.160889
v 0.292236 0.167725 0.162354
v 0.288818 0.167236 0.158936
v 0.285400 0.167236 0.160889
v 0.288330 0.170654 0.162354
v 0.283447 0.156494 0.176514
v 0.292236 0.167725 0.179443
v 0.288330 0.170654 0.179443
v 0.288818 0.167236 0.182861
v 0.262451 0.166748 0.158936
v 0.260498 0.166748 0.160889
v 0.262451 0.170166 0.162354
v 0.262451 0.170166 0.179443
v 0.262451 0.166748 0.182861
v 0.306885 0.143311 0.203857
v 0.309814 0.154053 0.208252
v 0.309326 0.151123 0.211670
v 0.307373 0.152588 0.213135
v 0.310303 0.125732 0.249268
v 0.266357 0.153564 0.208252
v 0.266357 0.155029 0.207275
v 0.256104 0.145752 0.202881
v 0.255615 0.146240 0.203857
v 0.258057 0.153564 0.211182
v 0.260498 0.154541 0.212646
v 0.255127 0.154541 0.211670
v 0.252197 0.156006 0.212646
v 0.269287 0.126221 0.246826
v 0.264404 0.127197 0.246338
v 0.261963 0.128662 0.247314
v 0.310303 0.160889 0.218506
v 0.304443 0.160400 0.204834
v 0.304932 0.166260 0.214600
v 0.306396 0.163330 0.220459
v 0.271729 0.161377 0.203857
v 0.266357 0.161377 0.217529
v 0.271240 0.166748 0.213623
v 0.260986 0.159912 0.204346
v 0.265381 0.158447 0.218506
v 0.260010 0.164307 0.213135
v 0.270264 0.164307 0.219482
v 0.260498 0.160889 0.219971
v 0.304443 0.196045 0.154541
v 0.307373 0.194092 0.156982
v 0.303955 0.191650 0.161377
v 0.304932 0.196533 0.158936
v 0.307373 0.198975 0.171631
v 0.301514 0.197510 0.156982
v 0.298096 0.197510 0.157471
v 0.303955 0.201904 0.173584
v 0.301514 0.204834 0.167236
v 0.257080 0.191650 0.160889
v 0.256104 0.192139 0.161377
v 0.261475 0.197998 0.157471
v 0.258545 0.199951 0.171631
v 0.251221 0.197998 0.156494
v 0.257080 0.200439 0.169678
v 0.263916 0.202393 0.173584
v 0.257080 0.198486 0.172119
v 0.251709 0.202881 0.172607
v 0.263916 0.205322 0.167236
v 0.251221 0.205322 0.166260
v 0.322510 0.084229 0.253174
v 0.322510 0.082764 0.257080
v 0.319580 0.080811 0.251709
v 0.319580 0.079834 0.257080
v 0.318604 0.085205 0.251709
v 0.321045 0.088623 0.252686
v 0.313232 0.087646 0.251221
v 0.322998 0.089600 0.269775
v 0.320068 0.087158 0.271240
v 0.322510 0.099854 0.264893
v 0.322510 0.105225 0.264893
v 0.320068 0.102295 0.259521
v 0.321045 0.100342 0.274658
v 0.322998 0.098877 0.281006
v 0.321045 0.105225 0.274658
v 0.322998 0.109131 0.280518
v 0.321045 0.114990 0.252197
v 0.322998 0.118896 0.252197
v 0.322998 0.120850 0.256104
v 0.318115 0.117920 0.251221
v 0.320068 0.121826 0.250244
v 0.320068 0.124268 0.255615
v 0.322998 0.116455 0.269287
v 0.320068 0.119385 0.270264
v 0.320068 0.097412 0.283447
v 0.322998 0.104248 0.282471
v 0.320068 0.104736 0.285889
v 0.320068 0.111572 0.282959
v 0.310791 0.086670 0.252686
v 0.273193 0.079346 0.253174
v 0.267822 0.083740 0.252197
v 0.268311 0.090576 0.264893
v 0.273193 0.087158 0.267334
v 0.262939 0.079346 0.252197
v 0.262939 0.087158 0.266357
v 0.285400 0.101807 0.251709
v 0.268799 0.099365 0.278564
v 0.268799 0.104248 0.280518
v 0.268799 0.108643 0.278076
v 0.268311 0.115479 0.263916
v 0.268311 0.120361 0.251221
v 0.273193 0.124756 0.251709
v 0.273682 0.119385 0.266357
v 0.262939 0.124756 0.250732
v 0.262939 0.119385 0.265381
v 0.263428 0.111572 0.281006
v 0.273682 0.097412 0.282471
v 0.273682 0.104736 0.284912
v 0.263428 0.097412 0.281494
v 0.263428 0.104736 0.283936
v 0.273682 0.111572 0.281494
v 0.241455 0.038818 0.007568
v 0.241455 0.042236 0.003662
v 0.237549 0.042236 0.007568
v 0.241455 0.038818 0.028076
v 0.237549 0.042236 0.028076
v 0.241455 0.042236 0.031982
v 0.219971 0.002197 0.117432
v 0.210205 0.001221 0.106689
v 0.206787 0.013428 0.108154
v 0.216064 0.003174 0.124268
v 0.212158 0.008545 0.122803
v 0.211182 0.008545 0.121826
v 0.217529 0.014893 0.117920
v 0.215576 0.014404 0.124268
v 0.201416 0.007080 0.111084
v 0.201416 0.007568 0.113037
v 0.202393 0.052979 0.106201
v 0.200439 0.056396 0.103760
v 0.192139 0.055908 0.093994
v 0.172607 0.033447 0.054932
v 0.167236 0.035400 0.057861
v 0.167236 0.035400 0.099854
v 0.135010 0.036377 0.115479
v 0.205322 0.068604 0.103760
v 0.215576 0.069580 0.113525
v 0.213623 0.070068 0.119385
v 0.211182 0.077393 0.114014
v 0.209717 0.074951 0.116943
v 0.198975 0.073975 0.107666
v 0.199951 0.076416 0.105713
v 0.205322 0.082764 0.100830
v 0.216064 0.083740 0.109619
v 0.214600 0.082764 0.115967
v 0.192139 0.006592 0.158447
v 0.191162 0.002686 0.174561
v 0.226807 0.045166 0.212646
v 0.228271 0.048584 0.203369
v 0.221436 0.053467 0.206299
v 0.224854 0.049072 0.218506
v 0.220459 0.049561 0.216553
v 0.220947 0.051514 0.216553
v 0.222412 0.055908 0.206299
v 0.216553 0.046631 0.202393
v 0.215576 0.042725 0.211670
v 0.215576 0.047119 0.218018
v 0.188232 0.052002 0.213135
v 0.179932 0.006592 0.158447
v 0.179932 0.000732 0.167725
v 0.186279 0.004639 0.171631
v 0.185303 0.006104 0.171631
v 0.186279 0.012451 0.162842
v 0.185303 0.012451 0.162354
v 0.179932 0.003174 0.173584
v 0.185791 0.006592 0.173584
v 0.128662 0.024170 0.147217
v 0.153564 0.005615 0.170654
v 0.142822 0.006592 0.158936
v 0.153076 0.010010 0.167725
v 0.151611 0.008057 0.168213
v 0.154541 0.012939 0.168701
v 0.144287 0.009033 0.158936
v 0.132568 0.006104 0.157471
v 0.132080 0.000244 0.166748
v 0.126709 0.005127 0.170166
v 0.126709 0.007080 0.169678
v 0.127197 0.011475 0.160889
v 0.127197 0.011963 0.161865
v 0.126709 0.013428 0.161865
v 0.131592 0.002686 0.172119
v 0.157959 0.036865 0.129150
v 0.171631 0.032471 0.160400
v 0.166748 0.034912 0.157959
v 0.165283 0.042236 0.176514
v 0.160400 0.043701 0.183350
v 0.157471 0.053955 0.162842
v 0.158447 0.049072 0.178955
v 0.166748 0.055420 0.173584
v 0.161865 0.054932 0.180420
v 0.156006 0.040283 0.165283
v 0.146240 0.046631 0.169189
v 0.148682 0.047607 0.168213
v 0.156006 0.048584 0.180420
v 0.166260 0.046143 0.199951
v 0.165283 0.042236 0.209229
v 0.164307 0.046631 0.215576
v 0.160889 0.042725 0.210205
v 0.183838 0.059326 0.200439
v 0.180420 0.051514 0.209229
v 0.183350 0.052979 0.207764
v 0.185791 0.052979 0.211670
v 0.186279 0.060303 0.203857
v 0.161377 0.047607 0.200439
v 0.160889 0.052979 0.202881
v 0.159912 0.049072 0.213135
v 0.156006 0.041260 0.197021
v 0.155518 0.037354 0.205811
v 0.156006 0.040283 0.211670
v 0.126709 0.058350 0.197510
v 0.125244 0.058838 0.197021
v 0.128662 0.050537 0.206299
v 0.126221 0.052002 0.204834
v 0.218994 0.083740 0.244385
v 0.217041 0.085205 0.242920
v 0.216553 0.085205 0.244385
v 0.214111 0.083740 0.245361
v 0.204346 0.085693 0.239502
v 0.203857 0.080811 0.242432
v 0.203857 0.079346 0.247803
v 0.217529 0.091553 0.237061
v 0.218018 0.092041 0.236084
v 0.198975 0.084229 0.244385
v 0.198975 0.083740 0.247314
v 0.193604 0.080811 0.241943
v 0.193604 0.085693 0.238525
v 0.193604 0.079346 0.247314
v 0.198975 0.088623 0.241455
v 0.218506 0.116943 0.234619
v 0.217529 0.118408 0.236572
v 0.217041 0.124268 0.240967
v 0.204346 0.117432 0.238525
v 0.203857 0.122803 0.240967
v 0.198975 0.114990 0.240967
v 0.198975 0.119873 0.243408
v 0.198975 0.120850 0.245850
v 0.193604 0.117432 0.237549
v 0.193604 0.122803 0.240479
v 0.141846 0.070557 0.152588
v 0.142822 0.076416 0.152588
v 0.152100 0.069580 0.163330
v 0.150146 0.072021 0.161377
v 0.151611 0.076904 0.161377
v 0.153076 0.079346 0.162842
v 0.157471 0.119385 0.151611
v 0.164307 0.107666 0.167725
v 0.159912 0.108643 0.174561
v 0.160889 0.114502 0.166748
v 0.167725 0.120850 0.161865
v 0.164795 0.120361 0.168213
v 0.155029 0.106201 0.156494
v 0.149658 0.113037 0.157471
v 0.155518 0.113525 0.171631
v 0.146240 0.112061 0.160889
v 0.158936 0.091064 0.233154
v 0.158936 0.082764 0.241943
v 0.158447 0.084717 0.240479
v 0.156494 0.081299 0.243408
v 0.160889 0.083252 0.242432
v 0.159424 0.089111 0.234619
v 0.134033 0.086670 0.234131
v 0.134033 0.080811 0.239014
v 0.134033 0.085693 0.236084
v 0.134033 0.079346 0.244385
v 0.128662 0.084229 0.241455
v 0.128662 0.083740 0.243896
v 0.128662 0.089111 0.238525
v 0.158936 0.116455 0.232178
v 0.159424 0.117920 0.233154
v 0.158447 0.123779 0.239014
v 0.158936 0.124756 0.239990
v 0.134033 0.116943 0.233643
v 0.128662 0.114990 0.238037
v 0.134033 0.117920 0.235107
v 0.133545 0.123291 0.237549
v 0.128662 0.119873 0.240479
v 0.128662 0.120850 0.242920
v 0.124268 0.022217 0.147705
v 0.124268 0.026611 0.148193
v 0.120361 0.001709 0.165283
v 0.120850 0.003662 0.169189
v 0.124756 0.009521 0.157471
v 0.124756 0.009521 0.161865
v 0.120361 0.008057 0.157959
v 0.102783 0.014404 0.226318
v 0.115479 0.029541 0.233643
v 0.114502 0.016846 0.237549
v 0.110596 0.018799 0.244873
v 0.111572 0.029541 0.240967
v 0.094971 0.021240 0.230225
v 0.097412 0.021729 0.228271
v 0.104736 0.027588 0.222412
v 0.108154 0.023193 0.239502
v 0.106201 0.023682 0.241943
v 0.099854 0.040771 0.196045
v 0.094482 0.046631 0.199463
v 0.099365 0.036377 0.204834
v 0.098877 0.039307 0.210693
v 0.093994 0.041748 0.208740
v 0.123779 0.048096 0.205322
v 0.122314 0.050537 0.204346
v 0.123779 0.047607 0.209717
v 0.124756 0.052002 0.203369
v 0.100342 0.046143 0.224365
v 0.101807 0.053467 0.223389
v 0.098389 0.048584 0.221924
v 0.099854 0.050537 0.221924
v 0.089111 0.046631 0.212158
v 0.091064 0.049072 0.212158
v 0.031982 0.007568 0.154541
v 0.032471 0.008057 0.149658
v 0.036865 0.021240 0.139893
v 0.038818 0.025635 0.140381
v 0.059326 0.001221 0.162842
v 0.058838 0.003174 0.166748
v 0.055908 0.046143 0.200928
v 0.055908 0.045166 0.205322
v 0.058838 0.050049 0.200928
v 0.056396 0.051514 0.199463
v 0.056396 0.057861 0.192627
v 0.123291 0.080811 0.239014
v 0.123291 0.085693 0.235596
v 0.123291 0.079346 0.244385
v 0.094971 0.088135 0.232666
v 0.096924 0.080811 0.241455
v 0.094482 0.081787 0.239990
v 0.104248 0.094482 0.213623
v 0.096924 0.101318 0.217529
v 0.101807 0.106201 0.217041
v 0.107666 0.113037 0.211182
v 0.099365 0.110107 0.216553
v 0.097412 0.112549 0.214600
v 0.100342 0.114502 0.213135
v 0.101807 0.117920 0.214600
v 0.115479 0.095947 0.224365
v 0.111572 0.097900 0.231689
v 0.113525 0.108154 0.228271
v 0.107666 0.103271 0.228271
v 0.119873 0.114990 0.222900
v 0.116943 0.114502 0.230225
v 0.123291 0.117432 0.234619
v 0.123291 0.123291 0.237549
v 0.094482 0.116943 0.231201
v 0.093994 0.123779 0.238037
v 0.080811 0.098877 0.211182
v 0.080811 0.102783 0.211182
v 0.088623 0.110596 0.205322
v 0.090576 0.113525 0.203857
v 0.057861 0.087646 0.233643
v 0.057861 0.081299 0.238037
v 0.057861 0.079834 0.243408
v 0.046143 0.098877 0.249268
v 0.046143 0.104248 0.249268
v 0.057373 0.115479 0.233154
v 0.057861 0.122314 0.237061
v 0.057861 0.124268 0.242432
v 0.237549 0.174072 0.003662
v 0.237549 0.177490 0.007568
v 0.237549 0.177490 0.028076
v 0.233643 0.174072 0.007568
v 0.233643 0.174072 0.028076
v 0.237549 0.174072 0.031982
v 0.206787 0.149658 0.093506
v 0.192627 0.151123 0.090576
v 0.213623 0.138428 0.107178
v 0.212158 0.138916 0.113037
v 0.202881 0.137939 0.097900
v 0.211182 0.143311 0.107666
v 0.217041 0.150146 0.103760
v 0.208252 0.144287 0.111084
v 0.214600 0.149170 0.110107
v 0.200439 0.142822 0.098389
v 0.197021 0.143311 0.102295
v 0.200928 0.152100 0.100342
v 0.202881 0.156006 0.102295
v 0.170654 0.161865 0.054443
v 0.165771 0.159424 0.057861
v 0.164795 0.159424 0.099365
v 0.204346 0.211670 0.092041
v 0.214600 0.212158 0.101807
v 0.212158 0.212646 0.108154
v 0.207764 0.217529 0.105225
v 0.208252 0.218506 0.105713
v 0.197998 0.217041 0.094971
v 0.197510 0.217529 0.095947
v 0.204346 0.223877 0.090576
v 0.214111 0.224365 0.100830
v 0.210693 0.223389 0.107178
v 0.148682 0.195068 0.122803
v 0.130615 0.194092 0.110596
v 0.221924 0.151611 0.203857
v 0.220947 0.154541 0.203857
v 0.218994 0.126221 0.242432
v 0.187744 0.155518 0.209229
v 0.216553 0.125732 0.243408
v 0.214111 0.126709 0.244385
v 0.203857 0.125244 0.246338
v 0.193604 0.125244 0.245850
v 0.227783 0.158936 0.200928
v 0.226318 0.163330 0.210205
v 0.224365 0.159424 0.216064
v 0.220459 0.156494 0.214111
v 0.219971 0.159424 0.214111
v 0.215576 0.160889 0.199951
v 0.215088 0.161865 0.215576
v 0.215088 0.165283 0.209229
v 0.140869 0.138428 0.149170
v 0.149170 0.141846 0.155029
v 0.140869 0.141846 0.146240
v 0.151123 0.136475 0.159424
v 0.149170 0.139404 0.157471
v 0.150635 0.144775 0.156494
v 0.165771 0.182373 0.155518
v 0.168701 0.161377 0.160400
v 0.163818 0.158936 0.157471
v 0.162354 0.183350 0.161865
v 0.155029 0.181396 0.145264
v 0.146729 0.187256 0.149658
v 0.127197 0.177490 0.146240
v 0.185303 0.146240 0.199951
v 0.182861 0.145264 0.198486
v 0.182373 0.152100 0.205811
v 0.185303 0.154053 0.207764
v 0.179443 0.153564 0.207275
v 0.160400 0.156006 0.198975
v 0.159912 0.152588 0.200928
v 0.160400 0.125244 0.240479
v 0.125732 0.144775 0.195557
v 0.125244 0.151611 0.202881
v 0.127686 0.153076 0.204346
v 0.156006 0.126221 0.240967
v 0.133545 0.125244 0.242920
v 0.165283 0.159912 0.197510
v 0.159912 0.161865 0.208252
v 0.158936 0.157471 0.211182
v 0.163330 0.160400 0.212646
v 0.164795 0.164307 0.206787
v 0.154541 0.162354 0.195068
v 0.154053 0.166748 0.203857
v 0.154541 0.164307 0.209717
v 0.190674 0.198486 0.156982
v 0.190674 0.205811 0.166748
v 0.189697 0.203369 0.172607
v 0.160400 0.197021 0.156006
v 0.184814 0.192139 0.160889
v 0.183838 0.191650 0.160400
v 0.183350 0.198975 0.169678
v 0.184814 0.200928 0.169678
v 0.178467 0.197021 0.156982
v 0.178467 0.201416 0.171631
v 0.184326 0.198975 0.172119
v 0.157959 0.188721 0.158936
v 0.157471 0.196045 0.162354
v 0.177979 0.203857 0.166260
v 0.143799 0.189209 0.151123
v 0.150146 0.196045 0.146240
v 0.131104 0.196533 0.156006
v 0.146240 0.214600 0.151611
v 0.147705 0.211670 0.153564
v 0.145264 0.216553 0.150146
v 0.137939 0.213623 0.142822
v 0.136963 0.216064 0.141357
v 0.154053 0.190186 0.160400
v 0.125732 0.190674 0.158936
v 0.125244 0.188721 0.160400
v 0.125732 0.190186 0.160400
v 0.125244 0.195557 0.168213
v 0.125244 0.197998 0.168213
v 0.129639 0.200928 0.170654
v 0.130615 0.203369 0.165283
v 0.146729 0.219482 0.152100
v 0.122803 0.175049 0.147217
v 0.122803 0.179443 0.146729
v 0.124268 0.144287 0.195068
v 0.123779 0.151123 0.201416
v 0.121338 0.152588 0.202393
v 0.122803 0.155029 0.203857
v 0.122803 0.156006 0.208252
v 0.123291 0.125244 0.242920
v 0.096436 0.125244 0.239502
v 0.093506 0.155029 0.197998
v 0.098389 0.161377 0.194580
v 0.097412 0.163330 0.209229
v 0.098389 0.166260 0.203369
v 0.098389 0.184326 0.207275
v 0.096436 0.186768 0.205322
v 0.093018 0.160400 0.207275
v 0.087158 0.184814 0.196533
v 0.037354 0.174561 0.139404
v 0.035400 0.179443 0.138916
v 0.055420 0.143799 0.191162
v 0.057861 0.152100 0.198975
v 0.055420 0.150635 0.197510
v 0.054932 0.156494 0.199951
v 0.054932 0.157471 0.204346
v 0.122803 0.192627 0.156494
v 0.122803 0.193115 0.160889
v 0.118896 0.194092 0.156494
v 0.118896 0.200928 0.163818
v 0.119385 0.198975 0.167725
v 0.113037 0.190186 0.214111
v 0.100342 0.188232 0.202881
v 0.099365 0.189209 0.203369
v 0.101318 0.192139 0.204834
v 0.107178 0.198486 0.213623
v 0.105713 0.196533 0.218018
v 0.104248 0.197998 0.217529
v 0.093994 0.197021 0.204346
v 0.112549 0.204834 0.209229
v 0.109619 0.204346 0.217041
v 0.099854 0.203369 0.198975
v 0.110107 0.191650 0.221436
v 0.089600 0.188232 0.195068
v 0.093506 0.194580 0.206787
v 0.090088 0.196533 0.207275
v 0.057373 0.199951 0.161377
v 0.057373 0.198486 0.165283
v 0.030518 0.193115 0.149170
v 0.030518 0.193115 0.153564
v 0.204346 0.087158 0.261963
v 0.198975 0.090576 0.259521
v 0.194092 0.087158 0.261475
v 0.204346 0.097412 0.276123
v 0.204346 0.104736 0.278564
v 0.199463 0.099854 0.272705
v 0.194092 0.097412 0.275635
v 0.199463 0.108643 0.272217
v 0.199463 0.104248 0.274170
v 0.194092 0.104736 0.278076
v 0.204346 0.119873 0.260498
v 0.204346 0.111572 0.275635
v 0.198975 0.115967 0.258545
v 0.194092 0.119873 0.260010
v 0.194092 0.111572 0.274658
v 0.134033 0.087158 0.259033
v 0.129150 0.090576 0.256592
v 0.134521 0.096924 0.273682
v 0.129150 0.099365 0.270264
v 0.134521 0.104736 0.276611
v 0.129150 0.104248 0.272217
v 0.129150 0.108643 0.269775
v 0.128662 0.115967 0.255615
v 0.134033 0.119873 0.257568
v 0.134521 0.111572 0.273193
v 0.064209 0.055420 0.292725
v 0.038818 0.028564 0.279541
v 0.052490 0.022217 0.295166
v 0.051025 0.029541 0.288818
v 0.050049 0.024658 0.292725
v 0.037842 0.022217 0.283447
v 0.052002 0.052979 0.281006
v 0.052979 0.032959 0.290283
v 0.057861 0.061279 0.294678
v 0.060303 0.057373 0.300049
v 0.054932 0.062256 0.298584
v 0.043213 0.059326 0.285889
v 0.002686 0.006104 0.362061
v 0.004639 0.007080 0.368408
v 0.002686 0.015381 0.359619
v 0.004150 0.016846 0.365967
v 0.123779 0.087158 0.258545
v 0.067627 0.072021 0.283447
v 0.064209 0.072510 0.291260
v 0.124268 0.096924 0.273682
v 0.124268 0.104736 0.276123
v 0.123779 0.119873 0.257568
v 0.123779 0.111572 0.272705
v 0.056396 0.070068 0.273193
v 0.050049 0.064209 0.279053
v 0.058350 0.087158 0.257568
v 0.061279 0.066162 0.288818
v 0.058838 0.096924 0.270264
v 0.058838 0.104248 0.272705
v 0.058350 0.103271 0.265869
v 0.052490 0.105713 0.278076
v 0.050537 0.108154 0.275635
v 0.038330 0.106689 0.266357
v 0.058350 0.118896 0.256592
v 0.058838 0.111084 0.269775
v 0.055420 0.114990 0.278076
v 0.053467 0.111572 0.276611
v 0.042236 0.110596 0.268799
v 0.003174 0.065186 0.348877
v 0.000732 0.067627 0.346436
v 0.001709 0.072021 0.344482
v 0.003662 0.075439 0.345459
v 0.000732 0.108154 0.336670
v 0.002197 0.109619 0.343018
v 0.000244 0.117920 0.334229
v 0.002197 0.119385 0.340576
v 0.000244 0.009521 0.380615
v 0.064209 0.145752 0.273193
v 0.063721 0.159912 0.276123
v 0.052490 0.143311 0.262939
v 0.060303 0.147217 0.280518
v 0.056885 0.152100 0.276123
v 0.045654 0.150146 0.266357
v 0.043701 0.151123 0.270264
v 0.055908 0.153076 0.282471
v 0.051514 0.157959 0.264893
v 0.059814 0.159912 0.283447
v 0.000244 0.153564 0.328857
v 0.000732 0.158936 0.325439
v 0.047607 0.198975 0.263916
v 0.049561 0.202393 0.265381
v 0.051514 0.192627 0.268311
v 0.049072 0.195557 0.266357
v 0.037842 0.193604 0.258057
v 0.034912 0.197998 0.255127
v 0.047607 0.238525 0.255615
v 0.059814 0.240479 0.266846
v 0.055908 0.241943 0.273682
v 0.053467 0.246826 0.268799
v 0.050537 0.247314 0.272217
v 0.041260 0.244873 0.258545
v 0.037354 0.245361 0.260498
v 0.000244 0.209717 0.324463
v 0.000244 0.219482 0.323486
v 0.267334 0.261963 0.050049
v 0.257568 0.260498 0.037354
v 0.264404 0.262939 0.057861
v 0.252197 0.266846 0.040771
v 0.253662 0.278564 0.037354
v 0.261963 0.267822 0.052490
v 0.258545 0.272705 0.052002
v 0.259521 0.268311 0.054932
v 0.263428 0.279053 0.048584
v 0.260986 0.278076 0.054932
v 0.331787 0.327881 0.009521
v 0.335693 0.328369 0.001709
v 0.330322 0.338623 0.002197
v 0.327881 0.334717 0.005127
v 0.333740 0.345459 0.006104
v 0.255615 0.324951 0.043701
v 0.253662 0.328369 0.041260
v 0.258057 0.338135 0.041260
v 0.259521 0.342041 0.043701
v 0.255127 0.341553 0.043213
v 0.257568 0.344971 0.046631
v 0.255127 0.354736 0.038330
v 0.251709 0.354736 0.037842
v 0.255127 0.345947 0.052979
v 0.251221 0.350830 0.050049
v 0.264893 0.355225 0.049561
v 0.262939 0.354736 0.051514
v 0.268799 0.361084 0.047119
v 0.267334 0.360107 0.052490
v 0.258545 0.360596 0.034912
v 0.331299 0.427490 0.006592
v 0.327393 0.434326 0.002686
v 0.254150 0.421631 0.033936
v 0.264404 0.422607 0.046143
v 0.255127 0.425537 0.044189
v 0.250732 0.425537 0.043213
v 0.253662 0.429443 0.041748
v 0.262451 0.423584 0.051514
v 0.258545 0.427979 0.049072
v 0.248779 0.266357 0.040283
v 0.248779 0.272217 0.041748
v 0.190674 0.272705 0.085693
v 0.197021 0.256592 0.097900
v 0.195068 0.260498 0.095459
v 0.198975 0.272705 0.094482
v 0.200439 0.276123 0.096436
v 0.201904 0.287354 0.088623
v 0.194580 0.293213 0.092529
v 0.200928 0.300049 0.089600
v 0.211182 0.287842 0.099365
v 0.208252 0.288330 0.105225
v 0.204346 0.293701 0.102783
v 0.203369 0.294678 0.103760
v 0.201416 0.294189 0.104736
v 0.193115 0.293701 0.094482
v 0.209717 0.300537 0.100342
v 0.205322 0.299561 0.106689
v 0.186768 0.259033 0.085693
v 0.249756 0.338135 0.031006
v 0.245850 0.327881 0.031494
v 0.246338 0.341553 0.032959
v 0.247803 0.343994 0.035889
v 0.241455 0.349854 0.039307
v 0.193604 0.348877 0.092041
v 0.194092 0.350830 0.091553
v 0.198486 0.352783 0.088135
v 0.195068 0.354248 0.093506
v 0.192627 0.353760 0.092529
v 0.190186 0.358154 0.092529
v 0.196045 0.366455 0.086182
v 0.189697 0.360596 0.090088
v 0.207275 0.353271 0.098877
v 0.195557 0.345947 0.093994
v 0.202881 0.354248 0.105225
v 0.200928 0.358643 0.101807
v 0.197998 0.358643 0.103271
v 0.204834 0.366943 0.096436
v 0.198486 0.361084 0.099854
v 0.201416 0.365967 0.102295
v 0.141357 0.333252 0.117920
v 0.126221 0.331787 0.106689
v 0.185791 0.351318 0.081299
v 0.185303 0.347900 0.083252
v 0.153076 0.370361 0.068115
v 0.152588 0.373291 0.080322
v 0.156494 0.262451 0.152588
v 0.157959 0.277100 0.150635
v 0.146240 0.261475 0.142822
v 0.148193 0.276611 0.140381
v 0.151611 0.270752 0.154541
v 0.141846 0.270264 0.144775
v 0.139404 0.267334 0.147217
v 0.153564 0.262939 0.158936
v 0.149658 0.268311 0.156494
v 0.154541 0.276123 0.156982
v 0.143311 0.287354 0.149170
v 0.141846 0.290283 0.147217
v 0.133545 0.289307 0.138428
v 0.131104 0.293701 0.136963
v 0.138916 0.294189 0.146240
v 0.140381 0.296631 0.147705
v 0.145752 0.335693 0.139404
v 0.155029 0.336182 0.149170
v 0.151611 0.336670 0.155518
v 0.147705 0.340576 0.151123
v 0.148193 0.341553 0.153076
v 0.138428 0.340088 0.141846
v 0.138428 0.341064 0.143311
v 0.143311 0.346924 0.137939
v 0.153076 0.347412 0.147705
v 0.150635 0.346436 0.153564
v 0.140381 0.359131 0.139404
v 0.128662 0.353760 0.135010
v 0.137939 0.352295 0.145752
v 0.136475 0.354736 0.143799
v 0.141846 0.362061 0.140869
v 0.132568 0.359619 0.130615
v 0.111084 0.371826 0.120361
v 0.035400 0.373779 0.013916
v 0.031494 0.373779 0.009521
v 0.035400 0.373779 0.038818
v 0.031494 0.373779 0.043213
v 0.020752 0.364990 0.010986
v 0.025146 0.360596 0.042725
v 0.001221 0.359619 0.042725
v 0.110596 0.296631 0.177979
v 0.104736 0.296631 0.171143
v 0.103271 0.289307 0.177490
v 0.096924 0.261963 0.201416
v 0.094971 0.264893 0.199463
v 0.093994 0.271729 0.199463
v 0.109131 0.279541 0.202393
v 0.096436 0.278076 0.192139
v 0.106201 0.280518 0.210205
v 0.085693 0.263916 0.191162
v 0.092529 0.268799 0.197998
v 0.083740 0.268799 0.189209
v 0.093994 0.289795 0.195557
v 0.102783 0.285889 0.205322
v 0.097900 0.284912 0.210693
v 0.100342 0.286377 0.209229
v 0.099365 0.286865 0.215088
v 0.104736 0.290771 0.205322
v 0.106201 0.294189 0.215576
v 0.101318 0.290283 0.212158
v 0.097412 0.286377 0.228760
v 0.104736 0.293213 0.229248
v 0.096924 0.291260 0.221924
v 0.100342 0.294678 0.221924
v 0.088135 0.284912 0.197021
v 0.089111 0.283936 0.199463
v 0.085205 0.283447 0.201904
v 0.058838 0.287354 0.222900
v 0.060303 0.285889 0.231201
v 0.055908 0.292236 0.234131
v 0.055420 0.292725 0.234131
v 0.049072 0.290283 0.229248
v 0.050537 0.285400 0.236084
v 0.056396 0.292236 0.236084
v 0.034424 0.285400 0.246338
v 0.031006 0.281494 0.248291
v 0.080811 0.336670 0.186768
v 0.077881 0.338135 0.185303
v 0.110596 0.371338 0.183350
v 0.104736 0.372314 0.176514
v 0.073486 0.368896 0.139893
v 0.077881 0.368896 0.144287
v 0.103760 0.332275 0.232178
v 0.097412 0.332275 0.224365
v 0.105713 0.339600 0.221436
v 0.096924 0.338135 0.233643
v 0.096924 0.338135 0.234131
v 0.096436 0.338135 0.236084
v 0.091553 0.334717 0.197510
v 0.086670 0.338135 0.193604
v 0.089600 0.337158 0.195557
v 0.088135 0.341064 0.195557
v 0.101318 0.350342 0.202881
v 0.097900 0.350830 0.209229
v 0.095947 0.355225 0.205322
v 0.096436 0.356689 0.205811
v 0.101318 0.361572 0.202393
v 0.099365 0.361084 0.208252
v 0.099365 0.344482 0.229248
v 0.103271 0.344971 0.237061
v 0.098877 0.366455 0.232178
v 0.104736 0.367920 0.225342
v 0.094971 0.369873 0.232666
v 0.102783 0.366943 0.239502
v 0.095459 0.374268 0.239990
v 0.090088 0.348877 0.193115
v 0.084229 0.354248 0.196533
v 0.080811 0.354248 0.198975
v 0.085693 0.355713 0.197021
v 0.093018 0.355713 0.208740
v 0.090576 0.360596 0.193115
v 0.048096 0.368408 0.139893
v 0.043701 0.367920 0.143799
v 0.025146 0.360596 0.131592
v 0.025146 0.360596 0.137451
v 0.023193 0.360596 0.134521
v 0.023193 0.360596 0.149658
v 0.000732 0.359619 0.134521
v 0.017822 0.360107 0.163330
v 0.008057 0.359619 0.177490
v 0.050537 0.330322 0.247314
v 0.031006 0.337158 0.244385
v 0.043701 0.368408 0.203369
v 0.044189 0.346436 0.247314
v 0.042725 0.356689 0.249756
v 0.032471 0.356201 0.241943
v 0.031494 0.353271 0.242920
v 0.050537 0.369873 0.231689
v 0.042236 0.365479 0.230225
v 0.042725 0.367920 0.224365
v 0.042725 0.368408 0.223877
v 0.034424 0.374756 0.225830
v 0.034424 0.369385 0.232178
v 0.242432 0.425537 0.033447
v 0.249268 0.427002 0.037354
v 0.246338 0.427002 0.036377
v 0.245361 0.428955 0.031494
v 0.193604 0.416260 0.084717
v 0.190674 0.420166 0.092041
v 0.188232 0.420654 0.091064
v 0.189209 0.424072 0.089111
v 0.202393 0.416748 0.094971
v 0.198975 0.417236 0.100830
v 0.195557 0.422119 0.098389
v 0.152100 0.401611 0.067627
v 0.152100 0.405518 0.072998
v 0.152100 0.392334 0.080322
v 0.148193 0.396729 0.084229
v 0.152100 0.405518 0.088623
v 0.181396 0.419189 0.079346
v 0.186768 0.421143 0.088623
v 0.182373 0.423096 0.079834
v 0.138428 0.411377 0.117432
v 0.148682 0.413330 0.129639
v 0.149170 0.414795 0.147217
v 0.146729 0.415283 0.152588
v 0.143311 0.420654 0.150146
v 0.139404 0.413818 0.137451
v 0.139404 0.415283 0.139404
v 0.137451 0.417236 0.137451
v 0.129639 0.416260 0.128662
v 0.133545 0.419678 0.140869
v 0.114502 0.395752 0.116455
v 0.110596 0.391357 0.120361
v 0.123291 0.408447 0.105225
v 0.124756 0.411865 0.108643
v 0.019775 0.397705 0.010986
v 0.015869 0.401611 0.010986
v 0.005127 0.387939 0.045654
v 0.033936 0.415771 0.013916
v 0.033936 0.415771 0.038818
v 0.030029 0.415771 0.009521
v 0.030029 0.419678 0.013916
v 0.023193 0.407959 0.042725
v 0.020264 0.410400 0.042725
v 0.030029 0.419678 0.038818
v 0.030029 0.415771 0.043213
v 0.000244 0.409912 0.042725
v 0.002197 0.391357 0.090088
v 0.000244 0.393311 0.091553
v 0.103271 0.378174 0.183838
v 0.072998 0.384033 0.139893
v 0.077393 0.384521 0.143799
v 0.072021 0.388916 0.145264
v 0.067139 0.388428 0.163818
v 0.074951 0.411865 0.183350
v 0.075439 0.415283 0.183350
v 0.097412 0.375244 0.226318
v 0.067139 0.388428 0.195068
v 0.077393 0.385010 0.203369
v 0.072510 0.389404 0.203369
v 0.097412 0.411865 0.201904
v 0.094971 0.412354 0.207764
v 0.086182 0.410400 0.192627
v 0.084717 0.412354 0.193604
v 0.081787 0.413818 0.192139
v 0.082275 0.416260 0.191162
v 0.079834 0.415283 0.197021
v 0.091553 0.416748 0.205322
v 0.047607 0.383545 0.139893
v 0.048584 0.388428 0.145264
v 0.043213 0.383545 0.143799
v 0.003174 0.393799 0.142334
v 0.000732 0.395752 0.140869
v 0.005127 0.387939 0.172607
v 0.023193 0.407959 0.131592
v 0.019775 0.410400 0.131592
v 0.021240 0.407471 0.134521
v 0.023193 0.407959 0.137451
v 0.019287 0.408447 0.134521
v 0.019287 0.410400 0.138428
v 0.018311 0.410400 0.137451
v 0.021240 0.407959 0.149658
v 0.017822 0.410400 0.148682
v 0.000244 0.409424 0.131104
v 0.000732 0.407471 0.134521
v 0.015381 0.407959 0.163330
v 0.012451 0.410400 0.161377
v 0.006104 0.407471 0.177002
v 0.003174 0.409912 0.175049
v 0.048096 0.388916 0.203369
v 0.043213 0.384033 0.203369
v 0.050537 0.375244 0.225342
v 0.041260 0.413330 0.243896
v 0.039795 0.415771 0.248779
v 0.034912 0.419189 0.247314
v 0.029541 0.412354 0.239502
v 0.029541 0.414307 0.240479
v 0.099365 0.291260 0.272705
v 0.097900 0.290771 0.287842
v 0.097412 0.308838 0.289795
v 0.092529 0.284424 0.270752
v 0.090088 0.288818 0.278076
v 0.093506 0.292236 0.280029
v 0.069092 0.284424 0.268799
v 0.069580 0.288330 0.276123
v 0.064697 0.291260 0.268799
v 0.063232 0.291260 0.267334
v 0.091064 0.283447 0.285889
v 0.093018 0.309326 0.281982
v 0.086670 0.281006 0.341064
v 0.094971 0.289307 0.322998
v 0.093994 0.288330 0.338623
v 0.094482 0.307373 0.322021
v 0.087646 0.281982 0.325439
v 0.085693 0.286377 0.333252
v 0.089111 0.289795 0.330811
v 0.085693 0.311768 0.322021
v 0.089111 0.306885 0.328857
v 0.062256 0.257568 0.262939
v 0.050537 0.256592 0.250732
v 0.058350 0.257080 0.270264
v 0.053467 0.250732 0.268799
v 0.042236 0.250244 0.256104
v 0.046143 0.280029 0.259033
v 0.057373 0.283936 0.267822
v 0.058350 0.288330 0.275635
v 0.050537 0.288330 0.277100
v 0.062256 0.292725 0.269287
v 0.043701 0.282959 0.257080
v 0.044678 0.285889 0.254639
v 0.046631 0.288818 0.256104
v 0.039795 0.287842 0.277588
v 0.049561 0.283447 0.284424
v 0.038818 0.282959 0.284912
v 0.045166 0.290283 0.283936
v 0.043701 0.290771 0.283936
v 0.044189 0.290283 0.286377
v 0.035400 0.281006 0.326904
v 0.027100 0.281006 0.343018
v 0.016357 0.280029 0.352295
v 0.032959 0.286377 0.335205
v 0.029053 0.288818 0.326416
v 0.024658 0.281494 0.330811
v 0.027588 0.286865 0.334229
v 0.015869 0.284912 0.343506
v 0.023682 0.286865 0.351807
v 0.022705 0.287354 0.348877
v 0.098389 0.337158 0.275635
v 0.097412 0.320557 0.290771
v 0.091553 0.343018 0.274170
v 0.089600 0.342041 0.276123
v 0.090088 0.313721 0.288330
v 0.090576 0.315674 0.288818
v 0.090088 0.314697 0.290771
v 0.093018 0.321045 0.282959
v 0.093018 0.337646 0.282471
v 0.098389 0.348877 0.276611
v 0.097900 0.364502 0.278564
v 0.096436 0.363525 0.293213
v 0.090576 0.344482 0.275635
v 0.090576 0.371338 0.280518
v 0.092529 0.348877 0.283447
v 0.092041 0.362549 0.285400
v 0.088623 0.365967 0.287842
v 0.088623 0.370361 0.295654
v 0.063721 0.369873 0.296631
v 0.094482 0.319092 0.321533
v 0.087646 0.313232 0.320068
v 0.086670 0.314209 0.321533
v 0.088623 0.316650 0.330811
v 0.088623 0.318604 0.328857
v 0.093018 0.317139 0.338623
v 0.086182 0.323975 0.337158
v 0.085205 0.322021 0.337158
v 0.085693 0.322998 0.339600
v 0.088135 0.328369 0.330811
v 0.093018 0.328857 0.338623
v 0.093506 0.361572 0.322998
v 0.085693 0.368896 0.322998
v 0.087646 0.360107 0.330322
v 0.092041 0.361084 0.338135
v 0.084229 0.363525 0.330322
v 0.084717 0.367920 0.338135
v 0.062256 0.331299 0.259521
v 0.055908 0.337646 0.261963
v 0.052979 0.338135 0.265381
v 0.047607 0.341064 0.261475
v 0.058350 0.332764 0.266846
v 0.041748 0.337158 0.251709
v 0.037842 0.340088 0.251709
v 0.053955 0.347412 0.257568
v 0.050537 0.346924 0.263916
v 0.044189 0.351807 0.253174
v 0.041748 0.354248 0.251221
v 0.044678 0.359131 0.251221
v 0.058350 0.362549 0.294678
v 0.058350 0.363037 0.295654
v 0.054443 0.365479 0.289307
v 0.058838 0.363037 0.297607
v 0.053467 0.369873 0.297119
v 0.055420 0.361572 0.319580
v 0.055908 0.360107 0.321533
v 0.060791 0.363525 0.327881
v 0.053955 0.361084 0.321045
v 0.061279 0.368408 0.321045
v 0.049561 0.368408 0.321533
v 0.049072 0.363037 0.328369
v 0.023682 0.363037 0.330811
v 0.018799 0.359619 0.336670
v 0.017822 0.360107 0.339111
v 0.016846 0.360596 0.337158
v 0.023682 0.367432 0.338135
v 0.011475 0.362549 0.330811
v 0.011475 0.366943 0.338623
v 0.106689 0.270264 0.390381
v 0.100830 0.267334 0.390381
v 0.099365 0.272705 0.385010
v 0.108643 0.275146 0.390381
v 0.101807 0.274170 0.385010
v 0.102783 0.276123 0.385010
v 0.098877 0.276123 0.385010
v 0.104736 0.271240 0.416260
v 0.099365 0.268311 0.416260
v 0.106689 0.275635 0.416260
v 0.099365 0.275146 0.422119
v 0.099854 0.277100 0.422119
v 0.096924 0.274170 0.422119
v 0.096924 0.277100 0.422119
v 0.084717 0.280518 0.378174
v 0.091553 0.287842 0.378174
v 0.084229 0.287354 0.385498
v 0.078369 0.288818 0.422607
v 0.082275 0.291748 0.422607
v 0.083740 0.296143 0.422607
v 0.080322 0.292725 0.491455
v 0.076416 0.290283 0.491455
v 0.069580 0.294678 0.497314
v 0.082275 0.297119 0.491943
v 0.075439 0.300537 0.497803
v 0.073486 0.297119 0.497314
v 0.028564 0.280029 0.381592
v 0.017334 0.280029 0.382080
v 0.028564 0.285400 0.387451
v 0.022705 0.286377 0.380127
v 0.017334 0.285400 0.388428
v 0.022705 0.289307 0.382080
v 0.047607 0.309326 0.450928
v 0.052490 0.304443 0.497314
v 0.058838 0.312256 0.497803
v 0.047607 0.309326 0.491455
v 0.015869 0.306885 0.451416
v 0.009521 0.311768 0.451904
v 0.016357 0.307373 0.490967
v 0.012939 0.302002 0.496338
v 0.010010 0.312256 0.490967
v 0.004639 0.308350 0.496338
v 0.090088 0.320068 0.380615
v 0.084229 0.320068 0.386475
v 0.083252 0.325928 0.379150
v 0.080322 0.325928 0.381104
v 0.089600 0.331299 0.381592
v 0.083740 0.331787 0.387451
v 0.098389 0.374756 0.394287
v 0.096436 0.373779 0.420166
v 0.088623 0.358154 0.384521
v 0.080811 0.357666 0.391846
v 0.080811 0.364990 0.385498
v 0.092529 0.373779 0.388916
v 0.089111 0.373779 0.388916
v 0.071533 0.356201 0.425049
v 0.089600 0.372314 0.426025
v 0.086670 0.372314 0.426025
v 0.088623 0.374268 0.426025
v 0.068115 0.360107 0.425049
v 0.063232 0.362061 0.425537
v 0.068115 0.351318 0.499756
v 0.072998 0.355225 0.494385
v 0.065186 0.354248 0.499756
v 0.070068 0.359131 0.494385
v 0.065186 0.361084 0.494385
v 0.017822 0.355225 0.388428
v 0.017822 0.358154 0.386475
v 0.023682 0.358643 0.394287
v 0.012451 0.358643 0.394775
v 0.023193 0.364502 0.388916
v 0.011963 0.364502 0.389404
v 0.052490 0.315186 0.450928
v 0.049072 0.333740 0.451416
v 0.042236 0.338623 0.451904
v 0.052490 0.315186 0.491943
v 0.049561 0.333740 0.492920
v 0.055420 0.337646 0.498779
v 0.043213 0.338623 0.492920
v 0.006104 0.330811 0.452393
v 0.010986 0.336182 0.452881
v 0.007080 0.330811 0.491943
v 0.000732 0.333740 0.497803
v 0.011963 0.336670 0.492432
v 0.007568 0.341553 0.498291
v 0.060303 0.356201 0.499756
v 0.046631 0.343994 0.499268
v 0.051514 0.414307 0.254150
v 0.047607 0.415771 0.260498
v 0.041748 0.413330 0.250244
v 0.044678 0.420654 0.257080
v 0.095459 0.379639 0.394775
v 0.093994 0.378174 0.420654
v 0.091553 0.375732 0.388916
v 0.088623 0.377197 0.389404
v 0.089600 0.382568 0.395264
v 0.087646 0.381104 0.420654
v 0.086182 0.375244 0.426514
v -0.307861 0.081299 -0.486572
v -0.303467 0.080811 -0.483154
v -0.309326 0.088135 -0.483154
v -0.309326 0.088623 -0.483154
v -0.304443 0.079834 -0.439697
v -0.302002 0.088623 -0.447021
v -0.309326 0.088623 -0.440186
v -0.311279 0.088135 -0.441162
v -0.307861 0.095459 -0.486572
v -0.303467 0.095459 -0.483154
v -0.302002 0.100342 -0.447510
v -0.302490 0.094482 -0.440674
v -0.302002 0.094971 -0.441162
v -0.304443 0.096436 -0.438721
v -0.309326 0.079834 -0.432861
v -0.303467 0.088135 -0.385498
v -0.308838 0.096436 -0.434326
v -0.302490 0.094482 -0.392822
v -0.303467 0.094971 -0.392334
v -0.302979 0.101318 -0.385986
v -0.329346 0.087646 -0.447998
v -0.335693 0.087158 -0.442139
v -0.368408 0.081299 -0.487061
v -0.372803 0.080811 -0.484131
v -0.366943 0.088135 -0.484131
v -0.366943 0.088623 -0.484131
v -0.372314 0.079834 -0.439209
v -0.364990 0.088135 -0.441650
v -0.366943 0.088135 -0.440186
v -0.328857 0.100830 -0.448486
v -0.328857 0.094482 -0.442139
v -0.329346 0.093994 -0.441650
v -0.335693 0.100830 -0.442139
v -0.368408 0.095459 -0.487061
v -0.372803 0.095459 -0.484131
v -0.373291 0.096924 -0.440186
v -0.336670 0.087646 -0.393311
v -0.330811 0.087646 -0.386963
v -0.367432 0.079834 -0.434326
v -0.329834 0.094482 -0.394287
v -0.330322 0.093994 -0.393799
v -0.336670 0.101318 -0.394287
v -0.330322 0.101318 -0.387451
v -0.366943 0.096924 -0.432861
v -0.301025 0.029053 -0.343994
v -0.301025 0.026611 -0.341553
v -0.301025 0.044678 -0.343994
v -0.301025 0.047607 -0.341553
v -0.306885 0.017334 -0.311768
v -0.301025 0.026611 -0.310303
v -0.306885 0.015381 -0.277588
v -0.306885 0.019287 -0.273682
v -0.298096 0.044678 -0.282959
v -0.301025 0.047607 -0.310303
v -0.341064 0.029053 -0.343994
v -0.341553 0.026611 -0.341553
v -0.343994 0.029053 -0.343018
v -0.349365 0.026123 -0.331299
v -0.351318 0.029053 -0.332764
v -0.356689 0.029053 -0.321045
v -0.354248 0.026123 -0.320068
v -0.341064 0.044678 -0.343994
v -0.343506 0.044678 -0.343018
v -0.341553 0.047119 -0.341553
v -0.351318 0.044678 -0.332764
v -0.356689 0.044678 -0.321045
v -0.349365 0.047119 -0.331299
v -0.354248 0.047119 -0.320068
v -0.330322 0.023682 -0.282959
v -0.330322 0.020752 -0.279053
v -0.365479 0.014893 -0.308350
v -0.356689 0.026123 -0.310303
v -0.365479 0.018799 -0.312256
v -0.369385 0.018311 -0.308350
v -0.359619 0.029053 -0.310303
v -0.361572 0.014893 -0.277588
v -0.363037 0.014893 -0.279053
v -0.365479 0.014893 -0.281006
v -0.362061 0.018799 -0.273682
v -0.366455 0.018799 -0.275635
v -0.369385 0.018799 -0.280518
v -0.330811 0.042236 -0.282959
v -0.328857 0.044189 -0.282959
v -0.322021 0.036865 -0.274170
v -0.326416 0.036865 -0.274170
v -0.326904 0.046631 -0.274170
v -0.322510 0.042725 -0.265869
v -0.326904 0.042725 -0.265869
v -0.328857 0.038818 -0.274170
v -0.329346 0.040771 -0.274170
v -0.328857 0.042725 -0.274170
v -0.328857 0.042725 -0.268799
v -0.329346 0.043701 -0.270752
v -0.340088 0.041260 -0.274170
v -0.343018 0.041260 -0.270752
v -0.340088 0.044189 -0.270752
v -0.322510 0.047119 -0.274170
v -0.359619 0.044678 -0.310303
v -0.356689 0.047119 -0.310303
v -0.300049 0.114990 -0.282959
v -0.323486 0.107178 -0.275635
v -0.323486 0.107666 -0.277100
v -0.328369 0.107178 -0.275635
v -0.328369 0.107666 -0.277100
v -0.323486 0.109619 -0.269775
v -0.323975 0.114990 -0.269775
v -0.323975 0.117920 -0.276611
v -0.323975 0.117920 -0.275635
v -0.330322 0.109619 -0.275146
v -0.330322 0.115479 -0.275146
v -0.330322 0.115479 -0.274170
v -0.328369 0.109619 -0.269775
v -0.330322 0.111084 -0.271729
v -0.330322 0.112549 -0.272217
v -0.328369 0.114990 -0.269775
v -0.328369 0.117920 -0.276611
v -0.328369 0.117920 -0.275635
v -0.307861 0.238037 -0.486572
v -0.303467 0.237549 -0.483154
v -0.309326 0.244385 -0.483154
v -0.309326 0.245361 -0.483154
v -0.304443 0.236572 -0.439697
v -0.309326 0.245361 -0.440186
v -0.311279 0.244873 -0.441162
v -0.309326 0.236572 -0.432861
v -0.368408 0.238037 -0.487061
v -0.372803 0.237549 -0.484131
v -0.366943 0.244385 -0.484131
v -0.366943 0.245361 -0.484131
v -0.372314 0.236572 -0.439209
v -0.364990 0.244873 -0.441650
v -0.365479 0.244873 -0.441650
v -0.366943 0.244873 -0.440186
v -0.367432 0.236572 -0.434326
v -0.302002 0.185303 -0.282959
v -0.332764 0.185303 -0.282959
v -0.334717 0.187256 -0.282959
v -0.326416 0.183350 -0.274170
v -0.330811 0.183350 -0.274170
v -0.332764 0.186279 -0.274170
v -0.332764 0.187256 -0.274658
v -0.333252 0.187256 -0.270264
v -0.303467 0.190674 -0.343994
v -0.303467 0.206299 -0.343994
v -0.303467 0.187744 -0.341553
v -0.303467 0.208740 -0.341553
v -0.303467 0.187744 -0.310303
v -0.303467 0.208740 -0.310303
v -0.311279 0.213623 -0.311768
v -0.311279 0.212158 -0.273682
v -0.311279 0.215576 -0.277588
v -0.343506 0.190186 -0.343994
v -0.343506 0.206299 -0.343994
v -0.343994 0.187744 -0.341553
v -0.345947 0.190186 -0.343018
v -0.353760 0.190186 -0.332764
v -0.351807 0.187744 -0.331299
v -0.359131 0.190186 -0.321045
v -0.356689 0.187744 -0.320068
v -0.345947 0.205811 -0.343018
v -0.343994 0.208740 -0.341553
v -0.351318 0.208740 -0.331299
v -0.353760 0.205811 -0.332764
v -0.359131 0.205811 -0.321045
v -0.356689 0.208740 -0.320068
v -0.335205 0.205811 -0.282959
v -0.335205 0.208740 -0.287842
v -0.326416 0.194580 -0.274170
v -0.326416 0.187744 -0.267334
v -0.331299 0.194580 -0.274170
v -0.333252 0.191650 -0.274170
v -0.330811 0.187744 -0.267334
v -0.335205 0.199463 -0.274170
v -0.335205 0.196533 -0.270752
v -0.359131 0.187744 -0.310303
v -0.362061 0.190186 -0.310303
v -0.359131 0.208740 -0.310303
v -0.362061 0.205811 -0.310303
v -0.369873 0.211670 -0.312256
v -0.373779 0.211670 -0.308350
v -0.369873 0.215088 -0.308350
v -0.345947 0.199463 -0.274170
v -0.345947 0.196533 -0.270752
v -0.349365 0.199463 -0.270752
v -0.366455 0.211670 -0.273682
v -0.365967 0.215088 -0.277588
v -0.370850 0.211670 -0.275635
v -0.373779 0.211670 -0.280518
v -0.367432 0.215576 -0.279053
v -0.369873 0.215088 -0.281006
v -0.311768 0.011963 -0.148682
v -0.311768 0.011963 -0.130127
v -0.311768 0.016357 -0.125732
v -0.298096 0.045166 -0.152588
v -0.343994 0.019287 -0.226318
v -0.348389 0.019287 -0.222900
v -0.343994 0.003174 -0.211182
v -0.348877 0.007568 -0.211182
v -0.348389 0.020264 -0.197998
v -0.343994 0.020264 -0.194092
v -0.321533 0.043701 -0.218994
v -0.325928 0.043701 -0.218994
v -0.321533 0.038818 -0.210693
v -0.325928 0.038330 -0.210693
v -0.327881 0.040771 -0.211182
v -0.327881 0.043701 -0.215576
v -0.321533 0.044189 -0.206787
v -0.327881 0.043701 -0.209717
v -0.325928 0.044189 -0.206787
v -0.343506 0.035889 -0.210205
v -0.347900 0.031982 -0.210205
v -0.330322 0.011963 -0.148193
v -0.330322 0.011963 -0.130127
v -0.330322 0.016357 -0.153076
v -0.330322 0.021240 -0.150635
v -0.335205 0.016357 -0.148193
v -0.330322 0.024170 -0.150635
v -0.330322 0.016357 -0.125732
v -0.335205 0.016357 -0.130127
v -0.321533 0.043701 -0.157471
v -0.325928 0.043701 -0.157471
v -0.322021 0.036865 -0.151611
v -0.326416 0.036377 -0.151611
v -0.327881 0.043701 -0.154541
v -0.321045 0.044189 -0.144775
v -0.325928 0.043701 -0.144775
v -0.327881 0.043701 -0.148193
v -0.328369 0.039307 -0.151611
v -0.329346 0.040771 -0.152100
v -0.330811 0.042725 -0.150635
v -0.329346 0.043701 -0.155029
v -0.328857 0.044678 -0.152588
v -0.328857 0.045166 -0.151611
v -0.343018 0.041260 -0.155029
v -0.340088 0.041260 -0.152100
v -0.340088 0.044189 -0.155029
v -0.322021 0.048584 -0.151611
v -0.326904 0.048096 -0.151611
v -0.300049 0.115479 -0.152588
v -0.323486 0.111084 -0.151611
v -0.327881 0.111084 -0.151611
v -0.323975 0.122314 -0.151611
v -0.323486 0.118408 -0.146240
v -0.330322 0.114014 -0.151611
v -0.330322 0.117432 -0.149170
v -0.330322 0.119385 -0.151611
v -0.328369 0.122314 -0.151611
v -0.328369 0.118408 -0.146240
v -0.322998 0.015381 -0.052979
v -0.342529 0.014893 -0.052979
v -0.345947 0.010498 -0.053467
v -0.401611 0.004639 -0.014404
v -0.405518 0.005127 -0.010498
v -0.393799 0.011963 -0.010986
v -0.400146 0.011963 -0.008057
v -0.385986 0.028076 -0.020264
v -0.384521 0.015869 -0.008545
v -0.387451 0.028076 -0.013428
v -0.386475 0.027588 -0.007568
v -0.390869 0.023193 -0.012451
v -0.385498 0.122314 -0.010498
v -0.391357 0.115479 -0.013916
v -0.395752 0.123291 -0.014893
v -0.402588 0.122803 -0.011963
v -0.302002 0.185791 -0.152588
v -0.325928 0.186768 -0.222412
v -0.330322 0.186768 -0.222412
v -0.332275 0.186768 -0.219482
v -0.325928 0.187256 -0.210205
v -0.332275 0.186768 -0.213135
v -0.330322 0.186768 -0.210205
v -0.326416 0.182373 -0.151611
v -0.330811 0.181885 -0.151611
v -0.332764 0.185791 -0.152588
v -0.332764 0.185303 -0.151611
v -0.325928 0.192627 -0.218506
v -0.332764 0.189697 -0.218018
v -0.330811 0.192627 -0.218506
v -0.349365 0.209717 -0.211182
v -0.353760 0.213623 -0.211182
v -0.349365 0.225342 -0.226318
v -0.353760 0.225342 -0.222900
v -0.349365 0.226318 -0.194092
v -0.353760 0.226318 -0.197998
v -0.349365 0.241943 -0.210205
v -0.353760 0.238037 -0.210205
v -0.325928 0.188232 -0.159424
v -0.330322 0.187744 -0.159424
v -0.325439 0.188232 -0.146729
v -0.326416 0.195557 -0.151611
v -0.332275 0.187744 -0.156006
v -0.332275 0.187744 -0.150146
v -0.334717 0.187744 -0.150635
v -0.333252 0.192139 -0.151611
v -0.330322 0.188232 -0.146729
v -0.331299 0.195557 -0.151611
v -0.335205 0.196533 -0.155029
v -0.335205 0.199463 -0.152100
v -0.317139 0.216064 -0.125732
v -0.335205 0.206299 -0.150635
v -0.335205 0.209229 -0.150635
v -0.335693 0.215576 -0.153076
v -0.340576 0.215576 -0.148193
v -0.335693 0.216064 -0.125732
v -0.340576 0.215576 -0.130127
v -0.345947 0.196533 -0.155029
v -0.345947 0.199463 -0.152100
v -0.349365 0.199463 -0.155029
v -0.317139 0.220459 -0.148682
v -0.317139 0.220459 -0.130127
v -0.335693 0.219971 -0.148193
v -0.335693 0.219971 -0.130127
v -0.326416 0.192139 -0.054443
v -0.345459 0.192139 -0.054443
v -0.349365 0.196533 -0.054443
v -0.326904 0.249268 -0.054443
v -0.349854 0.244873 -0.054443
v -0.345947 0.249268 -0.054443
v -0.403564 0.130127 -0.018311
v -0.407471 0.129639 -0.014404
v -0.411377 0.129639 -0.000732
v -0.389404 0.187744 -0.023193
v -0.390381 0.187744 -0.016357
v -0.388916 0.187744 -0.010498
v -0.405029 0.214600 -0.019287
v -0.408936 0.215088 -0.014893
v -0.412354 0.215088 -0.001709
v -0.390381 0.224365 -0.013428
v -0.394287 0.231201 -0.018799
v -0.400146 0.231201 -0.016357
v -0.397217 0.221924 -0.015381
v -0.393799 0.223877 -0.011963
v -0.403564 0.221924 -0.012939
v -0.407959 0.221436 -0.000244
v -0.407471 0.231201 -0.000732
v -0.041260 0.346436 -0.391357
v -0.041748 0.372803 -0.391846
v -0.083740 0.366943 -0.486572
v -0.083252 0.362549 -0.483154
v -0.092041 0.366455 -0.482666
v -0.090576 0.368408 -0.483643
v -0.090576 0.368408 -0.438232
v -0.092529 0.367432 -0.439209
v -0.098877 0.365479 -0.486084
v -0.098877 0.361084 -0.482666
v -0.099854 0.362061 -0.437744
v -0.083252 0.364014 -0.436768
v -0.083252 0.368408 -0.431396
v -0.099854 0.367432 -0.430908
v -0.036865 0.346924 -0.346436
v -0.037354 0.372803 -0.346436
v -0.138428 0.332275 -0.448975
v -0.148193 0.332275 -0.447998
v -0.143799 0.332275 -0.442627
v -0.142822 0.332275 -0.441162
v -0.145752 0.365479 -0.486084
v -0.145752 0.361084 -0.483154
v -0.152588 0.366455 -0.483154
v -0.153564 0.368896 -0.482666
v -0.144287 0.359131 -0.443115
v -0.149170 0.359131 -0.448486
v -0.137939 0.359619 -0.449463
v -0.137939 0.366455 -0.443115
v -0.143311 0.359619 -0.441650
v -0.145264 0.362061 -0.437744
v -0.149170 0.361572 -0.442139
v -0.153076 0.366943 -0.438721
v -0.153564 0.369873 -0.439209
v -0.159912 0.367432 -0.486084
v -0.160400 0.363037 -0.482666
v -0.161377 0.364502 -0.437744
v -0.138428 0.332764 -0.387451
v -0.142822 0.332764 -0.392822
v -0.144775 0.332764 -0.394287
v -0.149658 0.332764 -0.386475
v -0.145264 0.366943 -0.432373
v -0.130615 0.344971 -0.392334
v -0.137939 0.366455 -0.395264
v -0.131104 0.371338 -0.392334
v -0.138428 0.360107 -0.388428
v -0.131592 0.374756 -0.388428
v -0.143799 0.359619 -0.393799
v -0.144775 0.360107 -0.395264
v -0.150146 0.365967 -0.393799
v -0.150146 0.359619 -0.387451
v -0.161377 0.369385 -0.431396
v -0.134033 0.344971 -0.346924
v -0.134521 0.370850 -0.347412
v -0.041260 0.376709 -0.387451
v -0.083740 0.433838 -0.487549
v -0.090576 0.432373 -0.484619
v -0.092529 0.430908 -0.483643
v -0.092529 0.429443 -0.439209
v -0.091064 0.430420 -0.440186
v -0.098877 0.431885 -0.487061
v -0.099365 0.436279 -0.483643
v -0.100830 0.437256 -0.438232
v -0.082764 0.433350 -0.430908
v -0.100830 0.431396 -0.430908
v -0.083740 0.438232 -0.484619
v -0.082764 0.438232 -0.438721
v -0.037842 0.376709 -0.350830
v -0.146240 0.431885 -0.487549
v -0.145752 0.436279 -0.484131
v -0.152588 0.430908 -0.484131
v -0.153564 0.432861 -0.483643
v -0.153076 0.428467 -0.440674
v -0.144775 0.436279 -0.439209
v -0.153564 0.431396 -0.439209
v -0.160400 0.434326 -0.487061
v -0.144775 0.431396 -0.431885
v -0.162354 0.433838 -0.431396
v -0.160400 0.438721 -0.484131
v -0.162354 0.439697 -0.438721
v -0.134033 0.375244 -0.351807
v -0.043213 0.340576 -0.102295
v -0.043213 0.344482 -0.106201
v -0.043213 0.340576 -0.055908
v -0.125244 0.359131 -0.018799
v -0.129150 0.359131 -0.014893
v -0.167236 0.355225 -0.055420
v -0.167725 0.374268 -0.055420
v -0.205322 0.364502 -0.016846
v -0.224365 0.353271 -0.055420
v -0.224854 0.372314 -0.055420
v -0.246826 0.363525 -0.016846
v -0.046143 0.385986 -0.106201
v -0.046631 0.389893 -0.102295
v -0.004639 0.392822 -0.018311
v -0.004639 0.396729 -0.014893
v -0.008545 0.392822 -0.014404
v -0.046631 0.389893 -0.055908
v -0.046143 0.385986 -0.052002
v -0.126221 0.387939 -0.018799
v -0.130127 0.387939 -0.014893
v -0.126221 0.391846 -0.014893
v -0.172119 0.378174 -0.055420
v -0.205811 0.384033 -0.016846
v -0.209717 0.387939 -0.016846
v -0.220459 0.376221 -0.055420
v -0.247314 0.383057 -0.016846
v -0.243408 0.387451 -0.016846
v -0.307861 0.252197 -0.486572
v -0.303467 0.252197 -0.483154
v -0.304443 0.253174 -0.438721
v -0.305420 0.253174 -0.447021
v -0.306396 0.263428 -0.448486
v -0.305908 0.258057 -0.442139
v -0.305908 0.259033 -0.440674
v -0.308838 0.253174 -0.434326
v -0.306885 0.257568 -0.393799
v -0.306885 0.259521 -0.391846
v -0.306885 0.252686 -0.385498
v -0.306885 0.264404 -0.386963
v -0.332764 0.251709 -0.447998
v -0.332764 0.257568 -0.442627
v -0.339111 0.251709 -0.441650
v -0.333252 0.263916 -0.449463
v -0.332764 0.258057 -0.441162
v -0.340088 0.263428 -0.442627
v -0.368408 0.252197 -0.487061
v -0.372803 0.252197 -0.484131
v -0.373291 0.253662 -0.440186
v -0.334229 0.257568 -0.394775
v -0.340088 0.252197 -0.393311
v -0.333740 0.258545 -0.393799
v -0.340576 0.264404 -0.395264
v -0.333740 0.252197 -0.386963
v -0.334229 0.263916 -0.387939
v -0.366943 0.253662 -0.432861
v -0.258057 0.330811 -0.450928
v -0.265381 0.329346 -0.448975
v -0.259521 0.329346 -0.442627
v -0.263428 0.330811 -0.444580
v -0.296143 0.314209 -0.446045
v -0.290283 0.319092 -0.446045
v -0.295654 0.318604 -0.451904
v -0.301514 0.328369 -0.449463
v -0.306885 0.328369 -0.443115
v -0.257568 0.367432 -0.486572
v -0.257080 0.363037 -0.483154
v -0.264404 0.368896 -0.483643
v -0.265381 0.369385 -0.482666
v -0.272217 0.367920 -0.485596
v -0.272705 0.364014 -0.482666
v -0.257568 0.357666 -0.451904
v -0.263428 0.357666 -0.445557
v -0.260498 0.357178 -0.442627
v -0.265869 0.357178 -0.449463
v -0.257568 0.364502 -0.445068
v -0.264404 0.368896 -0.438232
v -0.266357 0.360596 -0.443115
v -0.307861 0.356201 -0.486572
v -0.303467 0.355713 -0.483154
v -0.309326 0.362549 -0.483154
v -0.309326 0.350342 -0.448975
v -0.302002 0.356201 -0.449463
v -0.304443 0.354736 -0.439697
v -0.307861 0.355713 -0.443115
v -0.309814 0.356201 -0.442139
v -0.302002 0.359619 -0.443115
v -0.311279 0.363037 -0.441162
v -0.259521 0.329346 -0.394287
v -0.264404 0.330811 -0.396240
v -0.258057 0.330811 -0.389404
v -0.265869 0.329346 -0.387939
v -0.294189 0.322998 -0.390381
v -0.299561 0.318115 -0.390869
v -0.300049 0.322998 -0.384521
v -0.307861 0.328369 -0.394775
v -0.301514 0.328369 -0.387939
v -0.311768 0.333252 -0.387451
v -0.307861 0.337158 -0.387451
v -0.257080 0.364502 -0.436768
v -0.257080 0.368896 -0.431885
v -0.273193 0.364990 -0.435791
v -0.265869 0.370361 -0.437256
v -0.273193 0.369873 -0.428955
v -0.260498 0.357178 -0.394775
v -0.264404 0.358154 -0.397705
v -0.258057 0.358154 -0.390381
v -0.266846 0.357178 -0.387939
v -0.258057 0.364502 -0.397705
v -0.266846 0.360596 -0.394775
v -0.309326 0.354736 -0.432861
v -0.308350 0.356201 -0.395264
v -0.310303 0.356689 -0.393799
v -0.310303 0.350342 -0.387451
v -0.302002 0.356201 -0.388428
v -0.302002 0.360107 -0.394775
v -0.373291 0.313232 -0.447021
v -0.373291 0.317627 -0.452881
v -0.327881 0.343994 -0.446045
v -0.336182 0.348877 -0.449463
v -0.343018 0.348389 -0.443604
v -0.336670 0.355225 -0.443115
v -0.368408 0.356201 -0.487061
v -0.372803 0.355713 -0.484131
v -0.369873 0.367920 -0.486572
v -0.366943 0.362549 -0.484131
v -0.369385 0.363525 -0.483154
v -0.372314 0.354736 -0.439209
v -0.366943 0.363037 -0.440186
v -0.369385 0.317139 -0.391357
v -0.369385 0.322021 -0.385010
v -0.358643 0.331787 -0.387939
v -0.349365 0.343506 -0.385498
v -0.362549 0.335693 -0.387939
v -0.313721 0.343994 -0.388916
v -0.313721 0.344482 -0.389404
v -0.313721 0.343994 -0.385010
v -0.343506 0.349365 -0.395264
v -0.337158 0.355713 -0.395264
v -0.337158 0.349365 -0.388428
v -0.313232 0.368408 -0.388916
v -0.313232 0.372314 -0.384521
v -0.367432 0.354736 -0.434326
v -0.369385 0.364990 -0.436768
v -0.368896 0.369385 -0.431396
v -0.344971 0.343994 -0.389893
v -0.335205 0.266357 -0.274170
v -0.335205 0.269287 -0.270752
v -0.345947 0.266357 -0.274170
v -0.345947 0.269287 -0.270752
v -0.349365 0.266357 -0.270752
v -0.312256 0.342529 -0.347900
v -0.312256 0.342529 -0.343506
v -0.345459 0.343506 -0.344482
v -0.349854 0.343506 -0.348877
v -0.314697 0.343994 -0.343994
v -0.312744 0.372314 -0.347900
v -0.312744 0.368408 -0.343506
v -0.316162 0.337646 -0.288330
v -0.312744 0.341553 -0.288818
v -0.354736 0.335693 -0.289307
v -0.358643 0.339111 -0.289795
v -0.378662 0.317627 -0.447021
v -0.376221 0.369385 -0.483154
v -0.376709 0.369385 -0.437744
v -0.375244 0.321533 -0.391357
v -0.290771 0.397705 -0.446533
v -0.296143 0.398193 -0.452393
v -0.296631 0.402588 -0.446533
v -0.257568 0.434326 -0.487549
v -0.264404 0.432861 -0.484619
v -0.272217 0.434814 -0.486572
v -0.265869 0.433838 -0.483643
v -0.264893 0.430908 -0.440186
v -0.308350 0.383545 -0.387451
v -0.312256 0.387451 -0.387451
v -0.294678 0.394287 -0.390869
v -0.300049 0.398682 -0.390869
v -0.300537 0.393799 -0.385010
v -0.256592 0.433838 -0.430908
v -0.265869 0.432373 -0.437256
v -0.274170 0.434326 -0.428955
v -0.372803 0.397217 -0.452881
v -0.372314 0.401611 -0.447021
v -0.366943 0.428955 -0.487549
v -0.369873 0.434814 -0.487549
v -0.359131 0.385986 -0.387939
v -0.363037 0.382080 -0.387939
v -0.374756 0.392822 -0.391357
v -0.368896 0.397705 -0.391357
v -0.368896 0.392822 -0.385498
v -0.368408 0.434326 -0.430420
v -0.257568 0.438721 -0.484619
v -0.272705 0.439209 -0.483643
v -0.256592 0.438721 -0.438721
v -0.274170 0.440186 -0.436279
v -0.369385 0.439209 -0.484131
v -0.368408 0.439697 -0.438232
v -0.314697 0.379639 -0.293213
v -0.318604 0.383057 -0.293701
v -0.357178 0.381104 -0.294678
v -0.360596 0.377197 -0.294189
v -0.378174 0.396729 -0.447021
v -0.376221 0.433350 -0.484131
v -0.376709 0.431396 -0.439697
v -0.335205 0.269287 -0.155029
v -0.335205 0.266357 -0.152100
v -0.345947 0.269287 -0.155029
v -0.345947 0.266357 -0.152100
v -0.349365 0.266357 -0.155029
v -0.312256 0.342041 -0.140381
v -0.317139 0.338623 -0.210205
v -0.313721 0.343018 -0.210693
v -0.355225 0.335693 -0.211182
v -0.359131 0.339111 -0.211670
v -0.327881 0.343994 -0.197021
v -0.328857 0.345459 -0.206299
v -0.328369 0.345947 -0.203857
v -0.328857 0.364990 -0.204346
v -0.330811 0.368896 -0.199951
v -0.347900 0.344971 -0.206787
v -0.351807 0.346436 -0.202393
v -0.315674 0.338135 -0.139893
v -0.358643 0.338623 -0.140869
v -0.354736 0.335205 -0.140381
v -0.329346 0.363525 -0.167725
v -0.346436 0.345459 -0.165283
v -0.348389 0.363037 -0.167236
v -0.346924 0.364502 -0.164795
v -0.352295 0.361084 -0.171631
v -0.344971 0.368408 -0.169189
v -0.312256 0.339111 -0.052979
v -0.371826 0.335205 -0.102783
v -0.371338 0.338623 -0.106689
v -0.315674 0.335693 -0.052979
v -0.327881 0.340088 -0.057373
v -0.358154 0.335205 -0.052979
v -0.362061 0.338623 -0.052979
v -0.375732 0.338623 -0.103271
v -0.388916 0.334717 -0.056396
v -0.390381 0.338623 -0.052490
v -0.393311 0.338623 -0.056885
v -0.389404 0.320068 -0.012939
v -0.393311 0.313721 -0.018799
v -0.399170 0.313721 -0.015869
v -0.392822 0.320557 -0.011475
v -0.397705 0.324463 -0.014893
v -0.397217 0.331299 -0.020752
v -0.404541 0.331787 -0.018799
v -0.406494 0.313721 -0.000244
v -0.413818 0.331787 -0.002686
v -0.388916 0.358154 -0.044678
v -0.385986 0.362061 -0.048096
v -0.388428 0.362061 -0.048584
v -0.393311 0.362061 -0.045654
v -0.398682 0.357666 -0.023193
v -0.401611 0.361572 -0.025635
v -0.401123 0.361572 -0.018799
v -0.316650 0.380127 -0.215576
v -0.320557 0.383545 -0.216064
v -0.358643 0.380615 -0.216553
v -0.362061 0.376709 -0.216553
v -0.314697 0.380615 -0.144775
v -0.319092 0.384033 -0.145264
v -0.358154 0.381104 -0.145752
v -0.361572 0.377197 -0.145752
v -0.374756 0.380615 -0.106689
v -0.318604 0.377686 -0.061279
v -0.312744 0.380615 -0.052979
v -0.322998 0.377686 -0.056396
v -0.316162 0.384033 -0.052979
v -0.321045 0.379639 -0.029053
v -0.321045 0.379639 -0.028564
v -0.322998 0.377686 -0.019775
v -0.318604 0.377686 -0.014893
v -0.358643 0.383545 -0.053467
v -0.362549 0.380127 -0.053467
v -0.364990 0.399658 -0.046143
v -0.366943 0.403564 -0.042725
v -0.319580 0.408936 -0.061279
v -0.320068 0.413818 -0.056396
v -0.324463 0.408936 -0.056396
v -0.320068 0.413818 -0.019775
v -0.324463 0.408936 -0.019775
v -0.319580 0.408936 -0.014893
v -0.378662 0.380127 -0.103760
v -0.375244 0.384033 -0.102783
v -0.396240 0.380127 -0.056885
v -0.393311 0.380127 -0.052490
v -0.392334 0.384033 -0.056396
v -0.386475 0.393311 -0.048096
v -0.388916 0.393311 -0.049072
v -0.383545 0.399658 -0.055908
v -0.388428 0.399658 -0.052979
v -0.384521 0.403564 -0.051514
v -0.389404 0.397217 -0.044678
v -0.393799 0.393311 -0.045654
v -0.386475 0.378662 -0.029053
v -0.386475 0.378662 -0.012939
v -0.402100 0.392822 -0.026123
v -0.401611 0.392822 -0.018799
v -0.399170 0.396729 -0.023193
v -0.394287 0.399170 -0.026611
v -0.390869 0.403076 -0.025635
v -0.394287 0.399170 -0.019775
v -0.391357 0.403076 -0.017822
v -0.392334 0.399170 -0.013916
v -0.392334 0.413818 -0.019287
v -0.400146 0.413818 -0.017334
v -0.392822 0.420166 -0.013428
v -0.409424 0.413818 -0.001221
v -0.216553 0.029541 0.113525
v -0.156982 0.030029 0.192139
v -0.162354 0.029541 0.203857
v -0.171631 0.029541 0.207275
v -0.185791 0.013428 0.226318
v -0.181885 0.013428 0.234131
v -0.186279 0.012451 0.231689
v -0.174561 0.037842 0.211182
v -0.176025 0.040283 0.210693
v -0.185791 0.036865 0.222900
v -0.183838 0.039307 0.220459
v -0.185303 0.040771 0.220459
v -0.187256 0.043701 0.221924
v -0.238525 0.029053 0.127197
v -0.237061 0.001709 0.167236
v -0.240479 0.029053 0.162842
v -0.226318 0.059814 0.151123
v -0.231689 0.035889 0.167236
v -0.233643 0.036865 0.166260
v -0.241943 0.042236 0.160400
v -0.241455 0.037354 0.178467
v -0.243408 0.037842 0.176514
v -0.245361 0.031982 0.181396
v -0.247314 0.043701 0.178467
v -0.236572 0.058350 0.161377
v -0.235107 0.060791 0.159424
v -0.192139 0.006592 0.228760
v -0.194580 0.014893 0.245850
v -0.196533 0.014893 0.237061
v -0.199951 0.010010 0.247803
v -0.197998 0.014404 0.242432
v -0.203857 0.008545 0.239990
v -0.193115 0.019287 0.220459
v -0.199951 0.020752 0.239014
v -0.203857 0.020752 0.231689
v -0.187256 0.093018 0.215576
v -0.176025 0.104736 0.202881
v -0.178467 0.096436 0.214111
v -0.186768 0.100342 0.215088
v -0.176025 0.101807 0.203857
v -0.185303 0.102783 0.207764
v -0.184814 0.103271 0.212646
v -0.185791 0.105225 0.211670
v -0.227295 0.065674 0.151123
v -0.236572 0.065674 0.159424
v -0.238037 0.068604 0.160889
v -0.234131 0.101807 0.154541
v -0.241455 0.094971 0.154053
v -0.241943 0.108154 0.148682
v -0.232666 0.101318 0.158447
v -0.246338 0.097412 0.171631
v -0.245850 0.102783 0.161865
v -0.243896 0.102783 0.165283
v -0.242432 0.102295 0.169189
v -0.249268 0.108643 0.165283
v -0.194092 0.086182 0.211670
v -0.201416 0.089111 0.229736
v -0.205322 0.087158 0.222412
v -0.187744 0.108154 0.213135
v -0.192627 0.097900 0.225342
v -0.198486 0.094482 0.226318
v -0.198975 0.104248 0.219482
v -0.196533 0.104248 0.227295
v -0.219971 0.185791 0.108643
v -0.238037 0.185791 0.120850
v -0.175537 0.176025 0.194580
v -0.178467 0.179443 0.193604
v -0.183838 0.178467 0.199463
v -0.179443 0.183350 0.202393
v -0.187256 0.174561 0.205811
v -0.185303 0.177490 0.203857
v -0.175537 0.186279 0.204834
v -0.186279 0.182861 0.204834
v -0.182373 0.187256 0.203369
v -0.227783 0.127686 0.147705
v -0.227783 0.131104 0.144775
v -0.236572 0.128174 0.156006
v -0.236572 0.131104 0.153564
v -0.238037 0.134033 0.155029
v -0.238525 0.125732 0.157959
v -0.242432 0.169678 0.142822
v -0.232178 0.177979 0.149170
v -0.234619 0.176025 0.147217
v -0.246338 0.176514 0.154541
v -0.239014 0.184326 0.144287
v -0.249268 0.184814 0.154053
v -0.249756 0.171631 0.158936
v -0.244385 0.177002 0.157959
v -0.242920 0.178467 0.158936
v -0.246338 0.183838 0.160400
v -0.188232 0.179443 0.201904
v -0.191162 0.187256 0.216064
v -0.197998 0.179932 0.211670
v -0.195557 0.181885 0.218994
v -0.160400 0.188721 0.184326
v -0.165771 0.188721 0.195557
v -0.175049 0.188721 0.199463
v -0.186768 0.187744 0.199951
v -0.147217 0.248779 0.248779
v -0.239014 0.200928 0.152100
v -0.227783 0.205811 0.139893
v -0.228760 0.203369 0.141357
v -0.237061 0.203857 0.150146
v -0.236084 0.205322 0.148682
v -0.238037 0.208252 0.150635
v -0.239502 0.249756 0.141357
v -0.192139 0.193604 0.194580
v -0.199463 0.188232 0.209229
v -0.197021 0.188232 0.213135
v -0.202393 0.194092 0.212646
v -0.205322 0.194580 0.204834
v -0.010986 0.005127 0.355713
v -0.011963 0.012939 0.353271
v -0.001221 0.011475 0.363525
v -0.000244 0.011963 0.366943
v -0.017334 0.009521 0.356689
v -0.069580 0.007568 0.353760
v -0.075439 0.002686 0.353271
v -0.075439 0.010986 0.350830
v -0.085205 0.002686 0.359131
v -0.085205 0.012451 0.356201
v -0.087158 0.004150 0.365479
v -0.081787 0.008545 0.360107
v -0.082275 0.009033 0.364502
v -0.087158 0.013428 0.363037
v -0.074463 0.060791 0.335693
v -0.089600 0.059814 0.347412
v -0.010986 0.070068 0.335205
v -0.011963 0.065674 0.336670
v -0.013916 0.107178 0.329834
v -0.003174 0.113525 0.338135
v -0.002197 0.114502 0.341553
v -0.012939 0.114990 0.328369
v -0.019287 0.111572 0.331299
v -0.002197 0.112549 0.354736
v -0.006592 0.116943 0.352295
v -0.002197 0.122314 0.352783
v -0.018799 0.121826 0.373291
v -0.124756 0.103271 0.267334
v -0.074951 0.066162 0.334229
v -0.088135 0.067627 0.343018
v -0.087158 0.062744 0.344971
v -0.090576 0.070557 0.343994
v -0.077393 0.105225 0.327881
v -0.087158 0.105713 0.333740
v -0.089111 0.107178 0.340088
v -0.077881 0.113525 0.325928
v -0.072021 0.109619 0.328369
v -0.083740 0.111084 0.335205
v -0.084717 0.112061 0.339111
v -0.087646 0.115479 0.331299
v -0.089111 0.116943 0.338135
v -0.068115 0.119873 0.370361
v -0.074463 0.118408 0.365479
v -0.084229 0.110596 0.355225
v -0.079834 0.115479 0.353271
v -0.084717 0.120361 0.353271
v -0.078369 0.114014 0.368408
v -0.078369 0.123779 0.366455
v -0.004150 0.013916 0.378174
v -0.012939 0.013428 0.403076
v -0.000244 0.019287 0.378174
v -0.012939 0.023193 0.400146
v -0.016357 0.017822 0.399170
v -0.023193 0.018311 0.403076
v -0.022705 0.024170 0.405518
v -0.022217 0.013916 0.408447
v -0.042725 0.017334 0.402100
v -0.043213 0.023193 0.404541
v -0.043213 0.012939 0.407471
v -0.077881 0.011475 0.378662
v -0.066162 0.015381 0.396240
v -0.068115 0.010986 0.401611
v -0.076416 0.009521 0.394287
v -0.072510 0.013916 0.390869
v -0.082275 0.007080 0.381104
v -0.068115 0.020752 0.398682
v -0.076416 0.019287 0.391846
v -0.082275 0.016357 0.378174
v -0.015381 0.117432 0.377197
v -0.024658 0.118408 0.382080
v -0.025635 0.122314 0.377197
v -0.045654 0.117432 0.381592
v -0.045166 0.121826 0.376221
v -0.070068 0.115479 0.375244
v -0.126709 0.021240 0.278076
v -0.126709 0.015381 0.281982
v -0.141357 0.014404 0.293701
v -0.138916 0.021729 0.287354
v -0.138916 0.017334 0.291260
v -0.141357 0.025146 0.288330
v -0.134521 0.045166 0.279541
v -0.132080 0.056396 0.276611
v -0.138428 0.061768 0.270752
v -0.126221 0.052490 0.284424
v -0.138428 0.054443 0.297119
v -0.147217 0.047119 0.290771
v -0.141357 0.053467 0.292725
v -0.143799 0.057861 0.286865
v -0.143311 0.049072 0.298584
v -0.150146 0.063232 0.281006
v -0.146729 0.063721 0.288818
v -0.128662 0.099365 0.264893
v -0.133057 0.102295 0.268799
v -0.133545 0.106201 0.267822
v -0.138428 0.104248 0.276611
v -0.142822 0.097412 0.276611
v -0.140869 0.100342 0.274170
v -0.142822 0.102783 0.273682
v -0.143311 0.106689 0.274658
v -0.001221 0.155518 0.323975
v -0.013428 0.153564 0.313721
v -0.014893 0.154053 0.317139
v -0.015381 0.127197 0.374756
v -0.002197 0.156494 0.326416
v -0.124756 0.187256 0.256104
v -0.077393 0.150146 0.312744
v -0.076416 0.149170 0.316162
v -0.091553 0.148193 0.326904
v -0.089111 0.151123 0.324463
v -0.090088 0.151123 0.322510
v -0.092529 0.154541 0.323975
v -0.070068 0.125732 0.373291
v -0.014893 0.206787 0.311768
v -0.015869 0.215088 0.310791
v -0.003174 0.244873 0.312256
v -0.005615 0.247803 0.309814
v -0.017334 0.245850 0.299561
v -0.001221 0.208252 0.318115
v -0.005127 0.213135 0.320068
v -0.001709 0.218018 0.317139
v -0.004150 0.214600 0.323975
v -0.004150 0.213135 0.336182
v -0.008545 0.217529 0.334229
v -0.021240 0.211182 0.313721
v -0.004150 0.222900 0.335205
v -0.017334 0.218994 0.357666
v -0.020752 0.223389 0.354248
v -0.027588 0.224365 0.358154
v -0.017334 0.228760 0.356201
v -0.026611 0.219971 0.363037
v -0.026611 0.230225 0.361572
v -0.047119 0.223389 0.357178
v -0.047607 0.219482 0.362061
v -0.047607 0.229736 0.360596
v -0.073975 0.209717 0.310791
v -0.079346 0.205322 0.309326
v -0.079834 0.213623 0.308350
v -0.079346 0.241943 0.299072
v -0.092041 0.243408 0.308350
v -0.093994 0.240479 0.310791
v -0.089600 0.205811 0.315186
v -0.091064 0.207764 0.321533
v -0.085693 0.211182 0.317139
v -0.089600 0.215576 0.313721
v -0.086670 0.212646 0.321045
v -0.091553 0.217529 0.320557
v -0.082275 0.216553 0.334717
v -0.086670 0.211670 0.336670
v -0.072021 0.217529 0.356201
v -0.080322 0.215576 0.349365
v -0.086670 0.221924 0.335205
v -0.076904 0.219971 0.346924
v -0.070557 0.221436 0.351807
v -0.072510 0.227783 0.354736
v -0.080811 0.225342 0.347900
v -0.025146 0.128662 0.380127
v -0.045654 0.127686 0.379150
v -0.139404 0.134521 0.260498
v -0.147705 0.138428 0.277588
v -0.151123 0.135986 0.270752
v -0.133057 0.141357 0.263916
v -0.139404 0.150146 0.263428
v -0.131104 0.143799 0.269287
v -0.144775 0.143311 0.273682
v -0.143799 0.145264 0.281006
v -0.151611 0.151611 0.274170
v -0.148193 0.151611 0.281494
v -0.140869 0.185791 0.267822
v -0.128174 0.191650 0.253662
v -0.138428 0.188721 0.265869
v -0.140869 0.191162 0.262451
v -0.143311 0.194580 0.263916
v -0.140381 0.230713 0.254150
v -0.153076 0.231689 0.265381
v -0.149170 0.233643 0.272217
v -0.131104 0.238037 0.259033
v -0.135010 0.237061 0.257080
v -0.138428 0.242432 0.254150
v -0.152588 0.242920 0.263916
v -0.144287 0.239502 0.270752
v -0.147217 0.238525 0.267334
v -0.149658 0.242920 0.267334
v -0.155029 0.248779 0.267822
v -0.159424 0.248779 0.260498
v -0.289307 0.000244 0.106689
v -0.299561 0.000732 0.116455
v -0.297607 0.000732 0.122803
v -0.269775 0.060303 0.091553
v -0.278076 0.060303 0.101318
v -0.280029 0.056885 0.103760
v -0.283447 0.060791 0.106201
v -0.289307 0.054932 0.102295
v -0.294189 0.061768 0.115479
v -0.299561 0.055420 0.112061
v -0.297607 0.056396 0.117920
v -0.322998 0.011963 0.039795
v -0.332275 0.008545 0.052002
v -0.330322 0.011963 0.049561
v -0.313232 0.020264 0.039307
v -0.321045 0.020264 0.049072
v -0.322998 0.023682 0.051514
v -0.334229 0.052490 0.037842
v -0.338623 0.052490 0.039795
v -0.329834 0.059814 0.042725
v -0.332764 0.059814 0.043701
v -0.340088 0.060303 0.058350
v -0.347412 0.052979 0.053955
v -0.343994 0.054443 0.061768
v -0.272705 0.069092 0.091553
v -0.281006 0.069092 0.100830
v -0.284424 0.063232 0.104248
v -0.290283 0.069092 0.098877
v -0.282959 0.072510 0.102783
v -0.295654 0.063232 0.112549
v -0.301025 0.069580 0.108154
v -0.299072 0.069092 0.114502
v -0.290283 0.124268 0.096436
v -0.301025 0.124756 0.105225
v -0.334717 0.064697 0.040283
v -0.341064 0.064697 0.042236
v -0.341553 0.072021 0.035889
v -0.345947 0.071533 0.039307
v -0.347900 0.065674 0.052979
v -0.344971 0.065186 0.054932
v -0.349365 0.070068 0.056885
v -0.352295 0.072021 0.051025
v -0.314209 0.121338 0.037354
v -0.323486 0.117920 0.049561
v -0.322021 0.121338 0.047119
v -0.250244 0.030518 0.174072
v -0.251709 0.043701 0.171143
v -0.251221 0.095947 0.164795
v -0.252686 0.108643 0.158936
v -0.404541 0.007080 0.009521
v -0.401123 0.012451 0.006104
v -0.392334 0.015869 0.006104
v -0.394287 0.023193 0.011475
v -0.398682 0.023193 0.003662
v -0.409424 0.005127 0.003174
v -0.395264 0.115479 0.010010
v -0.397217 0.117920 0.003662
v -0.393311 0.122314 0.004639
v -0.400635 0.123291 0.003662
v -0.406494 0.123779 0.000732
v -0.294189 0.135986 0.092041
v -0.284424 0.130127 0.100830
v -0.287842 0.129639 0.096436
v -0.295654 0.130615 0.109619
v -0.298584 0.129639 0.106201
v -0.304443 0.135986 0.101807
v -0.302002 0.135010 0.108154
v -0.299072 0.125244 0.111572
v -0.274658 0.160400 0.088623
v -0.272705 0.164307 0.088623
v -0.281006 0.164307 0.098389
v -0.284424 0.156982 0.100342
v -0.282959 0.160400 0.097900
v -0.282959 0.167725 0.100342
v -0.324463 0.127686 0.032959
v -0.331787 0.127686 0.042725
v -0.333740 0.131104 0.045166
v -0.343018 0.152100 0.033447
v -0.347412 0.152588 0.036865
v -0.350830 0.154541 0.054443
v -0.353760 0.152100 0.048584
v -0.329346 0.162842 0.040771
v -0.332275 0.162842 0.041260
v -0.336182 0.159424 0.037842
v -0.343018 0.159424 0.039307
v -0.337646 0.169678 0.036865
v -0.340576 0.162354 0.055420
v -0.346436 0.159424 0.052490
v -0.349365 0.158936 0.050537
v -0.347900 0.169678 0.050049
v -0.344971 0.168213 0.057861
v -0.295166 0.197998 0.090088
v -0.288818 0.203857 0.093506
v -0.295654 0.210205 0.089111
v -0.302490 0.198975 0.106689
v -0.305420 0.197998 0.100342
v -0.288330 0.204346 0.094482
v -0.298584 0.203857 0.103760
v -0.299072 0.204346 0.104248
v -0.302002 0.209717 0.105713
v -0.304932 0.210205 0.099365
v -0.335205 0.218018 0.044189
v -0.323975 0.226318 0.030518
v -0.325928 0.221436 0.031982
v -0.320068 0.230225 0.033447
v -0.333740 0.221436 0.041748
v -0.329834 0.226807 0.042236
v -0.331299 0.230225 0.044678
v -0.338623 0.249268 0.035400
v -0.348877 0.249268 0.048584
v -0.253174 0.170654 0.152588
v -0.404541 0.128174 0.006104
v -0.406006 0.217041 0.005615
v -0.402100 0.221924 0.002686
v -0.399658 0.223877 0.003174
v -0.403564 0.231201 0.007080
v -0.099365 0.355713 0.042236
v -0.099854 0.373779 0.042236
v -0.024170 0.288818 0.178467
v -0.024170 0.296143 0.172119
v -0.031494 0.295654 0.178467
v -0.030518 0.285400 0.226807
v -0.030029 0.289307 0.234131
v -0.031006 0.311768 0.243896
v -0.037842 0.292236 0.227295
v -0.031494 0.284424 0.240967
v -0.033447 0.292725 0.234619
v -0.038818 0.291260 0.241455
v -0.038818 0.304443 0.242432
v -0.033447 0.304932 0.235107
v -0.000732 0.359131 0.131104
v -0.001709 0.359131 0.137451
v -0.003662 0.359131 0.148682
v -0.010498 0.358643 0.160400
v -0.021240 0.358154 0.169678
v -0.023682 0.371826 0.176514
v -0.034912 0.357666 0.175537
v -0.047119 0.357178 0.177002
v -0.050049 0.357178 0.178955
v -0.053467 0.356689 0.177002
v -0.031494 0.370850 0.183350
v -0.050537 0.371826 0.178955
v -0.030029 0.320068 0.231201
v -0.037842 0.319580 0.238525
v -0.004150 0.359131 0.189209
v -0.018799 0.358643 0.197510
v -0.028564 0.368896 0.233643
v -0.029053 0.374268 0.227295
v -0.030518 0.373291 0.240967
v -0.031494 0.357666 0.202393
v -0.050049 0.357178 0.202393
v -0.047119 0.357178 0.204346
v -0.053467 0.356689 0.204346
v -0.031982 0.365479 0.234131
v -0.036377 0.367432 0.227295
v -0.037842 0.365967 0.240967
v -0.065674 0.356201 0.175537
v -0.079346 0.355713 0.169189
v -0.089600 0.355225 0.159424
v -0.067139 0.371338 0.176514
v -0.079346 0.371338 0.170654
v -0.090576 0.372314 0.160400
v -0.099365 0.355225 0.130615
v -0.098389 0.355225 0.136475
v -0.100830 0.355225 0.133545
v -0.096436 0.355225 0.147705
v -0.123291 0.354248 0.148193
v -0.099854 0.373779 0.133545
v -0.097900 0.373291 0.146729
v -0.108643 0.354248 0.176025
v -0.117920 0.354248 0.161865
v -0.069092 0.356201 0.201416
v -0.081787 0.355225 0.196533
v -0.095947 0.354736 0.187744
v -0.129150 0.359131 0.007080
v -0.125244 0.359131 0.010986
v -0.132568 0.367920 0.009033
v -0.136475 0.367920 0.013428
v -0.125244 0.354736 0.042236
v -0.132568 0.367920 0.042236
v -0.136475 0.367920 0.038330
v -0.222900 0.321533 0.105225
v -0.238037 0.322021 0.115967
v -0.205322 0.363525 0.122803
v -0.246826 0.363037 0.079346
v -0.129150 0.275635 0.246826
v -0.131104 0.278564 0.244873
v -0.178955 0.254639 0.189697
v -0.178467 0.259521 0.187744
v -0.184326 0.271240 0.195068
v -0.183350 0.274658 0.197510
v -0.179932 0.274658 0.199951
v -0.233154 0.256592 0.145752
v -0.243408 0.264893 0.138916
v -0.249756 0.250244 0.151123
v -0.243408 0.256592 0.155029
v -0.236572 0.259033 0.143311
v -0.246338 0.259033 0.153076
v -0.249756 0.264404 0.155518
v -0.228760 0.278564 0.136963
v -0.239014 0.276123 0.147705
v -0.237061 0.279053 0.145752
v -0.246826 0.251221 0.157471
v -0.226807 0.283447 0.135986
v -0.234619 0.282959 0.144775
v -0.236084 0.285889 0.146729
v -0.190674 0.252197 0.199951
v -0.188721 0.255127 0.197998
v -0.192139 0.264404 0.189209
v -0.187744 0.259521 0.196533
v -0.189209 0.262451 0.197998
v -0.205322 0.265381 0.198975
v -0.199463 0.271729 0.202393
v -0.188232 0.280029 0.193115
v -0.199951 0.280518 0.202393
v -0.202393 0.266846 0.206787
v -0.197021 0.272705 0.206299
v -0.192627 0.274658 0.208252
v -0.196533 0.280029 0.209717
v -0.163818 0.324951 0.177979
v -0.179443 0.327393 0.185791
v -0.177490 0.329346 0.183838
v -0.125244 0.354248 0.130615
v -0.125244 0.354248 0.136475
v -0.144775 0.364014 0.137451
v -0.140869 0.364014 0.141846
v -0.170654 0.363525 0.137451
v -0.174561 0.363037 0.141357
v -0.151123 0.322021 0.244873
v -0.132568 0.334229 0.242920
v -0.142822 0.329346 0.249756
v -0.144287 0.338135 0.245850
v -0.169189 0.325928 0.189697
v -0.178467 0.325928 0.193115
v -0.186279 0.328857 0.192627
v -0.140869 0.364502 0.201904
v -0.132080 0.346436 0.241943
v -0.133545 0.349365 0.240479
v -0.142822 0.346924 0.249756
v -0.143799 0.349365 0.248291
v -0.145752 0.351807 0.249756
v -0.179443 0.345459 0.197021
v -0.183350 0.344971 0.194580
v -0.184326 0.346436 0.194580
v -0.174561 0.363525 0.201416
v -0.244385 0.323975 0.137451
v -0.227295 0.343506 0.133545
v -0.237549 0.329346 0.139893
v -0.242920 0.335693 0.136475
v -0.237549 0.329834 0.141846
v -0.247314 0.328857 0.149170
v -0.247314 0.329834 0.151611
v -0.236572 0.341553 0.144287
v -0.230225 0.348877 0.128662
v -0.238525 0.348389 0.137451
v -0.239990 0.351318 0.138916
v -0.235107 0.343994 0.142334
v -0.188721 0.327881 0.194580
v -0.190186 0.324951 0.196533
v -0.188232 0.331787 0.194092
v -0.188232 0.339600 0.190674
v -0.199951 0.340088 0.200439
v -0.196533 0.341064 0.206787
v -0.189209 0.351318 0.190674
v -0.200439 0.351318 0.199951
v -0.194580 0.345459 0.203369
v -0.191650 0.345947 0.206299
v -0.195557 0.346436 0.203369
v -0.198486 0.350830 0.205811
v -0.008545 0.396729 0.010986
v -0.005127 0.401123 0.010986
v -0.001221 0.377686 0.042725
v -0.002686 0.386475 0.050049
v -0.003174 0.393799 0.038818
v -0.007080 0.396729 0.038818
v -0.003174 0.396729 0.039795
v -0.003174 0.393799 0.050049
v -0.003174 0.396729 0.047607
v -0.043213 0.385498 0.036377
v -0.043213 0.390381 0.036377
v -0.047119 0.385498 0.042725
v -0.052002 0.385498 0.042236
v -0.052002 0.390381 0.042236
v -0.056396 0.385498 0.035889
v -0.056396 0.390381 0.035889
v -0.045654 0.392822 0.038330
v -0.053955 0.392334 0.037842
v -0.047119 0.390869 0.042725
v -0.049561 0.392822 0.040771
v -0.049561 0.392822 0.041260
v -0.002686 0.406982 0.042725
v -0.002686 0.387451 0.083740
v -0.003174 0.392334 0.083740
v -0.003174 0.394775 0.086670
v -0.003174 0.394775 0.092529
v -0.003174 0.387451 0.095459
v -0.003662 0.391846 0.094971
v -0.003174 0.392822 0.095459
v -0.123779 0.396240 0.007080
v -0.107666 0.384033 0.045166
v -0.099854 0.383545 0.049561
v -0.096436 0.393799 0.038330
v -0.100342 0.390869 0.038330
v -0.100342 0.393799 0.039307
v -0.101318 0.403076 0.042236
v -0.104248 0.405518 0.042236
v -0.100342 0.390869 0.049561
v -0.100342 0.393799 0.047119
v -0.123779 0.405029 0.042236
v -0.100830 0.384521 0.088135
v -0.100830 0.389404 0.088135
v -0.100830 0.391357 0.091064
v -0.099365 0.384521 0.098877
v -0.100830 0.389893 0.097412
v -0.099365 0.388428 0.098877
v -0.099854 0.389404 0.099854
v -0.105713 0.384521 0.094482
v -0.103271 0.390381 0.095459
v -0.105713 0.388428 0.094482
v -0.100342 0.391846 0.096924
v -0.001221 0.377686 0.134033
v -0.002686 0.388428 0.135010
v -0.003174 0.377686 0.147705
v -0.003662 0.388916 0.146240
v -0.002686 0.393311 0.135010
v -0.002197 0.395264 0.137939
v -0.003662 0.393311 0.146240
v -0.002686 0.395752 0.143311
v -0.010010 0.377197 0.161865
v -0.020264 0.376221 0.172607
v -0.024170 0.377686 0.183838
v -0.008057 0.393799 0.165771
v -0.019287 0.406006 0.166748
v -0.028076 0.405518 0.171631
v -0.029541 0.393311 0.184326
v -0.031006 0.393311 0.186279
v -0.032471 0.375732 0.179443
v -0.041748 0.387939 0.182861
v -0.050537 0.387451 0.178467
v -0.052979 0.387939 0.178955
v -0.061768 0.387939 0.182861
v -0.041748 0.392334 0.182861
v -0.044189 0.394287 0.181396
v -0.036865 0.405029 0.175537
v -0.050537 0.392334 0.178467
v -0.048096 0.394287 0.179443
v -0.052979 0.392822 0.178955
v -0.061768 0.392822 0.182861
v -0.055420 0.394775 0.179932
v -0.059814 0.394775 0.181885
v -0.049072 0.404053 0.177002
v -0.052002 0.403076 0.178955
v -0.052490 0.405029 0.181396
v -0.055420 0.403564 0.177002
v -0.002686 0.406982 0.131104
v -0.001221 0.406494 0.134521
v -0.003662 0.406982 0.137451
v -0.000732 0.409424 0.137451
v -0.001221 0.409424 0.145264
v -0.004150 0.406982 0.144775
v -0.007080 0.406494 0.152588
v -0.004639 0.409424 0.154053
v -0.010010 0.408936 0.162354
v -0.012451 0.406494 0.160400
v -0.008545 0.409424 0.185791
v -0.017334 0.408936 0.169678
v -0.026611 0.407959 0.174561
v -0.036377 0.407471 0.178955
v -0.049072 0.406982 0.180420
v -0.055420 0.406494 0.180420
v -0.051514 0.386963 0.188232
v -0.033936 0.405518 0.201904
v -0.052490 0.403564 0.202393
v -0.052490 0.405518 0.199951
v -0.049072 0.404541 0.204346
v -0.055908 0.404053 0.204346
v -0.049072 0.398193 0.249756
v -0.053955 0.398193 0.249756
v -0.006592 0.406982 0.188721
v -0.022217 0.408936 0.194092
v -0.020752 0.406494 0.197510
v -0.034912 0.407959 0.198975
v -0.049561 0.407471 0.200928
v -0.055908 0.406982 0.200928
v -0.068604 0.391846 0.186279
v -0.067627 0.403564 0.175537
v -0.068604 0.406006 0.178467
v -0.076416 0.403564 0.172119
v -0.077881 0.406006 0.175049
v -0.085205 0.403076 0.166260
v -0.092041 0.402588 0.159912
v -0.087158 0.405518 0.169189
v -0.092041 0.390869 0.172607
v -0.100830 0.385010 0.137939
v -0.098877 0.389893 0.138916
v -0.100830 0.389893 0.137451
v -0.098877 0.385498 0.148682
v -0.098877 0.390381 0.148682
v -0.105225 0.389893 0.146729
v -0.100830 0.392334 0.140381
v -0.101318 0.402588 0.130615
v -0.100342 0.402588 0.136475
v -0.104248 0.405029 0.130615
v -0.102783 0.402100 0.134033
v -0.104736 0.403076 0.134033
v -0.103271 0.405029 0.136963
v -0.099854 0.392334 0.145752
v -0.103271 0.392334 0.145264
v -0.099854 0.402588 0.143799
v -0.096924 0.402588 0.152100
v -0.099854 0.405029 0.153564
v -0.103271 0.405029 0.144775
v -0.124268 0.404541 0.130615
v -0.124756 0.401123 0.133545
v -0.123291 0.402588 0.133545
v -0.122803 0.404053 0.136963
v -0.123291 0.404053 0.137451
v -0.122314 0.403564 0.147705
v -0.107666 0.384033 0.172119
v -0.094482 0.405029 0.161865
v -0.096436 0.404053 0.185791
v -0.108154 0.403564 0.174561
v -0.119873 0.400635 0.162354
v -0.117432 0.403564 0.160889
v -0.110596 0.400635 0.176514
v -0.070557 0.405518 0.198486
v -0.071045 0.403076 0.201904
v -0.082764 0.405029 0.194092
v -0.083740 0.402100 0.197021
v -0.098389 0.401123 0.188232
v -0.066650 0.427490 0.249756
v -0.130127 0.392334 0.007080
v -0.126221 0.392334 0.010986
v -0.126709 0.402100 0.042236
v -0.134033 0.409912 0.009033
v -0.137939 0.409912 0.013428
v -0.134521 0.413818 0.013428
v -0.137939 0.409912 0.038330
v -0.134521 0.413818 0.038330
v -0.134033 0.409912 0.042236
v -0.205811 0.383057 0.122314
v -0.209717 0.387451 0.118408
v -0.247314 0.382080 0.079346
v -0.243408 0.386475 0.083252
v -0.224365 0.398193 0.103271
v -0.225830 0.401611 0.107178
v -0.239502 0.400635 0.115479
v -0.145264 0.379150 0.137451
v -0.141357 0.379639 0.141357
v -0.146729 0.384033 0.142822
v -0.126709 0.401611 0.130615
v -0.126709 0.401123 0.136475
v -0.125244 0.400635 0.148682
v -0.171143 0.378662 0.137451
v -0.170166 0.383545 0.142822
v -0.175049 0.378662 0.141357
v -0.160400 0.381104 0.163330
v -0.179443 0.403076 0.181885
v -0.180420 0.406494 0.181885
v -0.141357 0.380127 0.201904
v -0.146240 0.384521 0.201904
v -0.134033 0.405518 0.238037
v -0.146240 0.406006 0.242432
v -0.146729 0.406006 0.248779
v -0.160400 0.381104 0.194580
v -0.170166 0.384033 0.201416
v -0.175049 0.379150 0.201416
v -0.182373 0.406006 0.194580
v -0.134521 0.407959 0.239014
v -0.138916 0.413330 0.246826
v -0.141846 0.409912 0.246338
v -0.144775 0.408447 0.247314
v -0.187256 0.406982 0.189697
v -0.240479 0.404541 0.137451
v -0.249756 0.402100 0.127686
v -0.243408 0.402588 0.135498
v -0.230713 0.406494 0.127197
v -0.239014 0.406982 0.135498
v -0.238525 0.408447 0.138916
v -0.247803 0.408936 0.148193
v -0.188721 0.401123 0.190186
v -0.188721 0.405029 0.191162
v -0.189209 0.403076 0.192139
v -0.199951 0.401611 0.199463
v -0.197510 0.402588 0.205322
v -0.194092 0.406494 0.203369
v -0.005127 0.255127 0.309326
v -0.003174 0.258545 0.311279
v -0.016846 0.254150 0.298584
v -0.031006 0.306396 0.274658
v -0.015381 0.311768 0.304443
v -0.030518 0.311768 0.292725
v -0.032471 0.282959 0.273193
v -0.031494 0.287354 0.281006
v -0.039795 0.289795 0.274658
v -0.039795 0.299561 0.275146
v -0.032959 0.281982 0.289307
v -0.040283 0.288818 0.290283
v -0.034912 0.290283 0.282471
v -0.033936 0.298584 0.281982
v -0.031982 0.303955 0.281982
v -0.039795 0.303955 0.289307
v -0.038330 0.311768 0.282471
v -0.032959 0.307373 0.294189
v -0.032959 0.308838 0.291260
v -0.033936 0.280029 0.339111
v -0.033936 0.279541 0.355225
v -0.041260 0.286865 0.339600
v -0.041748 0.293701 0.339111
v -0.033936 0.297607 0.339111
v -0.034424 0.299561 0.337158
v -0.033447 0.300049 0.340088
v -0.041748 0.305420 0.337158
v -0.032959 0.284424 0.347412
v -0.036377 0.287842 0.347412
v -0.041748 0.286377 0.355225
v -0.036865 0.292725 0.346924
v -0.042236 0.296143 0.354736
v -0.037354 0.304443 0.344971
v -0.080811 0.250244 0.297607
v -0.092529 0.250244 0.308350
v -0.094971 0.253662 0.310303
v -0.081299 0.310303 0.300537
v -0.092041 0.311279 0.306396
v -0.002197 0.312744 0.310791
v -0.002197 0.322998 0.309814
v -0.016846 0.320068 0.303467
v -0.022217 0.316162 0.306396
v -0.006104 0.340576 0.304443
v -0.004150 0.337646 0.306396
v -0.009033 0.343506 0.301514
v -0.017822 0.339600 0.293213
v -0.018799 0.342529 0.292236
v -0.034424 0.315674 0.286865
v -0.040771 0.314209 0.294189
v -0.007080 0.346924 0.302979
v -0.048096 0.357178 0.250244
v -0.050537 0.357178 0.254639
v -0.052979 0.357178 0.250244
v -0.036377 0.361084 0.292725
v -0.032959 0.364502 0.292725
v -0.040771 0.362549 0.285400
v -0.033936 0.369873 0.285400
v -0.041748 0.361572 0.300049
v -0.034912 0.368896 0.300537
v -0.000244 0.314209 0.317139
v -0.005615 0.318115 0.313232
v -0.005127 0.319092 0.316650
v -0.000244 0.324463 0.316162
v -0.004639 0.327393 0.327881
v -0.009033 0.322021 0.326904
v -0.004639 0.317627 0.328369
v -0.017822 0.322998 0.349365
v -0.021729 0.327881 0.346436
v -0.027588 0.324463 0.354736
v -0.018311 0.333252 0.348877
v -0.028564 0.328857 0.350342
v -0.027588 0.334717 0.353760
v -0.049072 0.323975 0.353271
v -0.048584 0.328369 0.348877
v -0.049561 0.334229 0.352783
v -0.038818 0.358643 0.335205
v -0.044189 0.359131 0.343018
v -0.043213 0.360107 0.327393
v -0.036377 0.367432 0.324951
v -0.035400 0.362061 0.332764
v -0.036865 0.366455 0.340576
v -0.076416 0.315186 0.302490
v -0.082275 0.319092 0.300049
v -0.088623 0.316650 0.308838
v -0.092529 0.321045 0.305908
v -0.084717 0.335205 0.292725
v -0.083252 0.338623 0.291260
v -0.093506 0.339111 0.300537
v -0.093994 0.322510 0.312256
v -0.096436 0.335693 0.302979
v -0.098389 0.332275 0.305420
v -0.095459 0.342041 0.302002
v -0.072998 0.326416 0.343018
v -0.089600 0.317627 0.312744
v -0.089111 0.316650 0.327393
v -0.084717 0.321533 0.325928
v -0.089600 0.326904 0.326904
v -0.083252 0.320068 0.340088
v -0.079346 0.324951 0.338135
v -0.083740 0.330322 0.339600
v -0.074951 0.322021 0.346924
v -0.074951 0.332275 0.346436
v -0.093994 0.312744 0.312744
v -0.039307 0.271729 0.389893
v -0.042236 0.273193 0.389893
v -0.033447 0.279541 0.385986
v -0.039795 0.275146 0.389893
v -0.043701 0.275146 0.389893
v -0.040283 0.266357 0.395264
v -0.046631 0.269287 0.395752
v -0.049561 0.273682 0.395752
v -0.038818 0.267334 0.421143
v -0.044678 0.269775 0.421631
v -0.037354 0.273193 0.427002
v -0.037842 0.275635 0.427002
v -0.039795 0.274170 0.427002
v -0.041260 0.276123 0.427002
v -0.047607 0.274658 0.421631
v -0.008545 0.282471 0.425537
v -0.013428 0.284424 0.425537
v -0.016846 0.288330 0.426025
v -0.041260 0.286377 0.387451
v -0.033447 0.285889 0.393799
v -0.005615 0.284424 0.489502
v -0.010498 0.286377 0.489502
v -0.000244 0.289795 0.495361
v -0.005127 0.291748 0.495361
v -0.013428 0.290283 0.489502
v -0.008057 0.294678 0.495361
v -0.029541 0.348389 0.428467
v -0.027588 0.352783 0.428467
v -0.023682 0.355713 0.428467
v -0.037842 0.356689 0.399170
v -0.045166 0.356689 0.392822
v -0.037842 0.364014 0.392822
v -0.050537 0.373779 0.394287
v -0.054443 0.373779 0.394287
v -0.060303 0.374756 0.400146
v -0.048584 0.372314 0.430908
v -0.051514 0.372314 0.431396
v -0.051025 0.373779 0.431396
v -0.058350 0.373779 0.426025
v -0.009521 0.351318 0.498291
v -0.013916 0.348877 0.498291
v -0.015869 0.345459 0.497803
v -0.022705 0.348877 0.492432
v -0.020752 0.352783 0.492432
v -0.016846 0.355713 0.492920
v -0.144287 0.272705 0.257080
v -0.141846 0.275635 0.255615
v -0.141846 0.278564 0.253174
v -0.144287 0.281006 0.254639
v -0.137939 0.332275 0.250244
v -0.147705 0.332764 0.260010
v -0.154053 0.329834 0.262939
v -0.154541 0.338623 0.255615
v -0.151123 0.338135 0.262451
v -0.162842 0.322510 0.257080
v -0.158936 0.323975 0.264404
v -0.156982 0.328857 0.259521
v -0.144775 0.344482 0.251709
v -0.051514 0.386963 0.253174
v -0.051514 0.398193 0.254150
v -0.048096 0.402100 0.253662
v -0.055420 0.401611 0.253662
v -0.051514 0.388916 0.296143
v -0.048096 0.402100 0.297119
v -0.055420 0.402100 0.297119
v -0.010498 0.419189 0.298096
v -0.022217 0.420654 0.286865
v -0.012451 0.422119 0.296143
v -0.006592 0.435791 0.305420
v -0.008057 0.434814 0.298096
v -0.034424 0.428467 0.254639
v -0.041260 0.427979 0.250732
v -0.039795 0.433838 0.254639
v -0.010498 0.437256 0.317627
v -0.073486 0.427490 0.253174
v -0.068604 0.433350 0.253662
v -0.085205 0.417236 0.286377
v -0.093506 0.432373 0.294678
v -0.095459 0.418213 0.295166
v -0.097412 0.415283 0.297119
v -0.095459 0.433350 0.302002
v -0.092041 0.435303 0.318115
v -0.086670 0.437256 0.331787
v -0.012451 0.441162 0.301514
v -0.015869 0.442627 0.315186
v -0.022705 0.440186 0.340576
v -0.027588 0.445557 0.337158
v -0.033447 0.445557 0.340576
v -0.052490 0.445068 0.339600
v -0.032471 0.440674 0.345947
v -0.053467 0.440186 0.344971
v -0.089600 0.438721 0.298584
v -0.076416 0.443604 0.333740
v -0.086670 0.441162 0.316162
v -0.081787 0.442627 0.328857
v -0.078369 0.438721 0.338623
v -0.051025 0.376709 0.394287
v -0.053467 0.375732 0.394287
v -0.052490 0.382080 0.400146
v -0.058350 0.379150 0.400146
v -0.050537 0.381104 0.426025
v -0.048584 0.375244 0.431396
v -0.056396 0.378174 0.426025
v -0.150146 0.412842 0.255615
v -0.153076 0.407959 0.258545
v -0.156494 0.406494 0.252197
v -0.273682 0.256592 0.086182
v -0.281006 0.260498 0.085205
v -0.296631 0.273193 0.087158
v -0.288330 0.281006 0.093018
v -0.289795 0.279541 0.091553
v -0.283936 0.253174 0.097900
v -0.282471 0.256592 0.095459
v -0.289307 0.260498 0.093994
v -0.291260 0.262939 0.095947
v -0.296143 0.280518 0.103271
v -0.299561 0.280029 0.101318
v -0.302979 0.274170 0.103760
v -0.298584 0.281006 0.102295
v -0.305908 0.273682 0.097900
v -0.296143 0.286377 0.088135
v -0.301025 0.285889 0.104736
v -0.304932 0.286377 0.098877
v -0.330322 0.256104 0.038818
v -0.333740 0.256104 0.039307
v -0.337158 0.260010 0.037354
v -0.336182 0.263916 0.034424
v -0.341553 0.256592 0.053467
v -0.345459 0.260498 0.046631
v -0.345947 0.250732 0.056396
v -0.344482 0.260010 0.050537
v -0.347900 0.264893 0.052979
v -0.343994 0.267334 0.038818
v -0.349854 0.267822 0.047119
v -0.330811 0.312256 0.044189
v -0.279541 0.331299 0.082764
v -0.287842 0.332275 0.091553
v -0.284424 0.337646 0.080811
v -0.292236 0.337158 0.091064
v -0.293701 0.340576 0.093018
v -0.297119 0.339600 0.086670
v -0.289795 0.329346 0.093994
v -0.301514 0.340576 0.103271
v -0.305908 0.339600 0.097412
v -0.250732 0.360107 0.070557
v -0.287354 0.347412 0.088135
v -0.289307 0.345459 0.091064
v -0.293701 0.353271 0.084229
v -0.296143 0.347900 0.097900
v -0.299561 0.344971 0.100342
v -0.297119 0.345459 0.101807
v -0.299561 0.352783 0.100342
v -0.302490 0.353271 0.094482
v -0.321533 0.315674 0.031982
v -0.328857 0.315674 0.042236
v -0.329834 0.324951 0.033936
v -0.333740 0.326904 0.033447
v -0.341553 0.323975 0.038330
v -0.337646 0.324951 0.044678
v -0.326416 0.328369 0.035889
v -0.334717 0.330811 0.036377
v -0.334717 0.328369 0.046143
v -0.342529 0.331299 0.045166
v -0.342529 0.337158 0.037842
v -0.339111 0.328369 0.047119
v -0.341553 0.332275 0.049561
v -0.347412 0.324463 0.046143
v -0.345459 0.327393 0.051514
v -0.345947 0.337158 0.038330
v -0.349365 0.343018 0.034912
v -0.354736 0.336670 0.051025
v -0.358154 0.342041 0.052979
v -0.359619 0.343018 0.047119
v -0.253174 0.264893 0.149170
v -0.254150 0.323975 0.147705
v -0.250732 0.324463 0.154053
v -0.252686 0.335205 0.146240
v -0.250244 0.334229 0.151611
v -0.402588 0.313232 0.007568
v -0.398682 0.320068 0.003662
v -0.406982 0.324463 0.001709
v -0.410400 0.331299 0.005615
v -0.251221 0.391357 0.070068
v -0.251709 0.395264 0.075439
v -0.251709 0.395264 0.091064
v -0.294189 0.403076 0.082764
v -0.302979 0.403564 0.093018
v -0.300049 0.404053 0.098877
v -0.283447 0.409912 0.078857
v -0.284912 0.413330 0.079346
v -0.287842 0.408447 0.086670
v -0.290283 0.410889 0.090088
v -0.292725 0.410400 0.091064
v -0.291260 0.414307 0.088623
v -0.296631 0.408936 0.096436
v -0.322998 0.412354 0.037354
v -0.325439 0.415771 0.035400
v -0.341064 0.413330 0.036377
v -0.333740 0.415771 0.045654
v -0.331299 0.412354 0.047607
v -0.335693 0.412354 0.048096
v -0.348389 0.407959 0.033936
v -0.344482 0.413818 0.037354
v -0.358643 0.408447 0.046143
v -0.356689 0.409424 0.051514
v -0.353271 0.414307 0.049072
v -0.253174 0.403076 0.145264
v -0.250732 0.403564 0.150635
v -0.406006 0.413330 0.007080
v -0.402100 0.420166 0.003174
f 1 2 3
f 17 16 15
f 6 5 4
f 22 23 25
f 148 10 9
f 38 39 153
f 151 14 13
f 158 56 54
f 20 19 18
f 29 30 31
f 61 59 58
f 26 24 21
f 53 52 35
f 65 66 67
f 83 81 80
f 34 33 32
f 44 41 40
f 82 86 87
f 51 37 36
f 45 48 55
f 105 89 88
f 46 47 57
f 112 103 101
f 212 218 222
f 111 102 100
f 104 106 107
f 60 62 63
f 69 68 64
f 70 71 73
f 84 85 95
f 110 109 92
f 78 77 76
f 115 114 113
f 72 74 75
f 134 133 79
f 1501 136 135
f 116 117 118
f 131 128 123
f 140 139 124
f 91 94 108
f 132 129 120
f 603 610 619
f 618 614 605
f 141 1518 1519
f 122 127 130
f 1528 1532 1533
f 406 404 400
f 651 641 640
f 137 138 1507
f 1523 143 142
f 146 145 144
f 150 149 147
f 156 154 152
f 175 176 177
f 178 180 185
f 159 157 155
f 208 204 203
f 207 211 221
f 162 161 160
f 230 226 225
f 413 414 415
f 166 165 164
f 163 449 2192
f 886 692 365
f 232 233 234
f 417 418 419
f 184 182 179
f 181 183 186
f 215 214 205
f 223 220 206
f 190 195 197
f 193 199 201
f 196 192 191
f 202 198 194
f 5317 5318 5322
f 252 248 247
f 5319 5325 5327
f 244 245 246
f 271 253 251
f 268 250 249
f 213 219 224
f 604 615 616
f 5342 5345 5350
f 611 609 607
f 229 228 227
f 239 240 241
f 280 281 5353
f 626 625 623
f 5357 306 305
f 5348 5336 5332
f 259 258 257
f 287 288 289
f 5856 5857 5858
f 312 313 314
f 5897 5896 5895
f 315 316 317
f 5898 5899 5900
f 5932 5933 5934
f 320 319 318
f 378 377 376
f 5454 5462 5463
f 336 337 338
f 336 338 1144
f 336 1144 1236
f 4931 1236 336
f 7270 7266 336
f 352 338 337
f 6310 352 337
f 6417 6310 337
f 7237 6417 337
f 338 352 353
f 338 353 4934
f 1236 1146 1144
f 1236 4931 4950
f 4934 4932 4931
f 4931 4932 4950
f 7237 7266 7269
f 7270 8580 8749
f 353 352 348
f 348 352 6310
f 6417 7237 7240
f 1170 353 349
f 339 340 341
f 345 346 347
f 381 382 383
f 345 347 1145
f 344 343 342
f 1088 344 342
f 1088 388 344
f 1086 1085 1084
f 384 385 386
f 1146 386 385
f 349 350 351
f 349 351 1170
f 8063 4956 1170
f 4948 682 354
f 4948 3662 354
f 5000 4948 354
f 3662 4775 4942
f 3673 4948 5000
f 355 356 357
f 778 779 782
f 6223 6231 6232
f 1146 385 383
f 1101 1100 1099
f 1103 390 389
f 390 1103 1116
f 1104 1103 1102
f 1118 1116 1103
f 409 407 401
f 2179 2177 2176
f 412 411 410
f 2182 2181 2180
f 430 429 427
f 440 439 436
f 1538 2183 2184
f 462 440 436
f 462 461 440
f 416 422 423
f 434 433 432
f 424 425 426
f 442 443 444
f 429 428 427
f 437 436 435
f 632 634 635
f 648 465 437
f 461 462 467
f 657 466 465
f 465 648 657
f 648 649 657
f 2202 2200 2194
f 2218 2201 2200
f 2200 2202 2218
f 687 469 448
f 469 687 847
f 469 847 889
f 456 457 458
f 2187 2188 2189
f 2194 2198 2202
f 2389 2203 2199
f 470 473 900
f 470 890 900
f 900 891 470
f 1232 885 847
f 474 897 899
f 923 477 476
f 476 478 923
f 923 920 476
f 480 927 930
f 2237 2233 2232
f 2247 2237 2232
f 2237 2247 2250
f 2247 2248 2250
f 505 508 518
f 522 527 528
f 6439 6438 6436
f 2231 2389 2396
f 736 735 734
f 757 740 739
f 666 667 668
f 678 677 673
f 669 672 676
f 843 680 675
f 721 730 768
f 722 723 724
f 774 768 730
f 745 746 747
f 777 775 769
f 727 728 729
f 731 732 733
f 737 738 751
f 741 755 758
f 798 766 764
f 749 753 756
f 754 752 750
f 933 934 944
f 943 941 932
f 800 802 804
f 816 814 795
f 977 804 802
f 770 773 776
f 815 801 796
f 3656 3658 3680
f 791 1176 1232
f 791 1232 4665
f 4665 2884 791
f 1209 1232 1275
f 1280 1275 1232
f 4707 1280 1232
f 4665 1232 1209
f 4939 4707 1232
f 4940 4939 1232
f 3674 3665 2884
f 4859 3674 2884
f 4665 4764 4941
f 3699 3698 3676
f 805 820 829
f 826 824 819
f 988 986 984
f 823 822 821
f 992 990 945
f 825 827 828
f 946 995 997
f 2636 2632 2631
f 2642 2636 2631
f 2636 2642 2644
f 2642 2643 2644
f 938 939 940
f 951 958 960
f 994 991 947
f 948 993 996
f 967 964 962
f 972 969 963
f 957 955 954
f 1012 957 954
f 2751 2746 2738
f 956 959 961
f 2761 2754 2749
f 971 968 965
f 966 970 973
f 2770 2769 2767
f 2772 2770 2767
f 2871 2775 2774
f 1033 1032 1031
f 1034 1035 1036
f 1087 1094 1096
f 1090 1091 1097
f 1125 1123 1122
f 1169 1154 1153
f 1095 1098 1108
f 1138 1139 1140
f 1105 1108 1109
f 1113 1112 1111
f 7627 7626 7625
f 1119 1120 1121
f 1119 1121 1124
f 1127 1128 1134
f 1317 1315 1293
f 1128 1129 1130
f 1131 1135 1136
f 1137 1135 1132
f 1137 1136 1135
f 7663 7667 7678
f 7667 7668 7678
f 1141 1142 1292
f 1142 1152 1155
f 1142 1155 1322
f 1322 1292 1142
f 1313 1312 1171
f 1155 1168 1322
f 1332 1323 1322
f 1148 1149 1150
f 1157 1160 1164
f 1387 1378 1377
f 1334 1330 1329
f 1334 1331 1330
f 1332 1328 1323
f 1375 1376 1382
f 1184 1183 1181
f 1182 1186 1187
f 4825 4641 4640
f 4642 4643 4826
f 1200 1197 1196
f 4660 4661 4663
f 1222 1224 1225
f 1271 1226 1223
f 1226 1271 1272
f 4939 4708 4707
f 4939 4709 4708
f 4939 4744 4709
f 4939 4940 4941
f 4940 4721 1270
f 4940 4740 4721
f 4721 4940 4942
f 4942 4941 4940
f 5003 4950 4932
f 1244 1241 1239
f 1239 1243 1244
f 1240 1241 1244
f 1258 1243 1239
f 1248 1247 1243
f 1258 1248 1243
f 1252 1265 1284
f 4724 4723 1267
f 1318 1316 1314
f 1299 1301 1320
f 1340 1321 1304
f 8005 8003 8000
f 1333 1335 1336
f 1444 1442 1360
f 1360 1361 1362
f 1360 1362 1444
f 1341 8028 8042
f 7723 7717 7714
f 8047 8042 8028
f 8047 8044 8042
f 1354 1351 1350
f 1358 1357 1353
f 8075 8067 8066
f 1362 1443 1444
f 1449 1448 1446
f 1468 1447 1368
f 8175 8169 8168
f 1400 1401 1402
f 1399 1398 1396
f 1417 1416 1415
f 1450 1461 1462
f 1450 1462 1467
f 1431 1429 1428
f 4955 4954 4953
f 1425 1426 1463
f 1460 1424 1423
f 1404 1418 5039
f 4868 5038 5039
f 1406 1407 1409
f 1411 1414 1417
f 1430 1432 1439
f 4923 4922 4921
f 4959 4960 4962
f 4959 4962 4989
f 1490 1488 1487
f 1432 1436 1439
f 1436 1437 1439
f 4970 4969 1439
f 4999 1434 1433
f 1433 4929 4999
f 1492 4999 5091
f 1451 1452 1453
f 1480 1471 1469
f 5087 5088 5090
f 1477 1479 1481
f 5091 1493 1492
f 1492 1493 1494
f 1504 1503 1502
f 1505 1506 1508
f 1522 1521 1520
f 1509 1510 1511
f 1517 1516 1514
f 1524 1525 1536
f 1543 1542 1541
f 1512 1549 1550
f 1552 1551 1515
f 1539 1540 1544
f 1545 1555 1565
f 1548 1547 1546
f 1529 1534 1537
f 1554 1556 1562
f 1866 1867 1868
f 1833 1834 1836
f 1855 1843 1840
f 1880 1876 1875
f 1558 1561 1563
f 1874 1879 1881
f 2406 2410 2411
f 2365 1619 1597
f 1597 2343 2365
f 1617 1619 2369
f 1619 2365 2369
f 2328 2333 2337
f 2345 1626 1624
f 2377 2345 1624
f 1626 2345 3480
f 3480 3469 1626
f 3480 3474 3469
f 2158 2159 4593
f 4594 2164 2158
f 2158 4593 4594
f 2159 2160 4592
f 2159 4592 4593
f 2160 4591 4592
f 4599 2162 2161
f 2161 2164 4595
f 2161 4595 4599
f 4603 2163 2162
f 2162 4599 4603
f 4625 2165 2163
f 2163 4603 4625
f 1713 1658 1640
f 1640 1682 1713
f 1648 1658 1713
f 1682 1685 1713
f 1713 1654 1652
f 1654 1713 3722
f 1652 1655 1713
f 1713 1655 1648
f 1685 1690 1713
f 1690 1694 1713
f 1760 1713 1694
f 1713 1760 1778
f 1713 1778 1779
f 1713 1779 1826
f 1713 1826 1827
f 1713 1827 1832
f 1713 1832 4416
f 3723 3722 1713
f 3730 3723 1713
f 3731 3730 1713
f 3862 3731 1713
f 3900 3862 1713
f 4276 3900 1713
f 4303 4276 1713
f 4329 4303 1713
f 4334 4329 1713
f 4427 4334 1713
f 1713 4413 4421
f 4416 4413 1713
f 4421 4419 1713
f 1713 4419 4430
f 4430 4427 1713
f 2164 4594 4595
f 1722 1697 1696
f 1723 1722 1696
f 2748 2747 1674
f 1675 2750 2762
f 2782 2779 1676
f 2788 2789 2824
f 4626 2166 2165
f 2165 4625 4626
f 4627 2167 2166
f 2166 4626 4627
f 4629 2168 2167
f 2167 4627 4629
f 1705 1698 1697
f 1706 1705 1697
f 1722 1706 1697
f 1722 1714 1706
f 1722 1715 1714
f 1749 1750 1751
f 1747 1749 1751
f 1751 1748 1747
f 4630 2169 2168
f 2168 4629 4630
f 4631 2170 2169
f 2169 4630 4631
f 1771 1774 1804
f 1771 1804 4363
f 4365 4363 1804
f 4628 2171 2170
f 4631 4628 2170
f 5165 3654 2171
f 2171 4628 5165
f 1841 1842 1856
f 1858 1854 1853
f 1848 1847 1844
f 1859 1861 1862
f 1903 1896 1895
f 1851 1852 1857
f 1865 1864 1863
f 2069 1968 1905
f 2070 2071 2074
f 2157 2139 2076
f 1873 1877 1912
f 1892 1893 1894
f 1914 1886 1884
f 3518 3524 3546
f 3545 3523 3519
f 1908 1907 1906
f 3547 3541 3538
f 1901 1900 1898
f 1909 1910 1988
f 3525 3526 3527
f 2072 2073 2155
f 2075 2142 2156
f 3537 3542 3548
f 1918 1916 1915
f 1915 1916 1927
f 1927 1917 1915
f 1916 1918 1920
f 1920 1919 1916
f 1916 1919 1927
f 1927 1921 1917
f 1928 1920 1918
f 1918 1926 1963
f 1963 1928 1918
f 1927 1922 1921
f 1922 1927 1967
f 1921 1922 1924
f 1924 1925 1926
f 1926 1959 1963
f 1963 1931 1928
f 1931 1963 1966
f 1977 1963 1959
f 1970 1966 1963
f 1992 1970 1963
f 1929 1930 1967
f 1925 1924 1922
f 1967 1925 1922
f 1967 1958 1925
f 1930 1965 1967
f 1958 1967 1976
f 1969 1967 1965
f 1967 1969 1989
f 1980 1976 1967
f 1989 1980 1967
f 1932 1937 1939
f 1941 1937 1932
f 1932 1939 1940
f 1932 1940 1943
f 1943 1941 1932
f 1939 1937 1936
f 1936 1938 1939
f 1941 1943 1946
f 1941 1946 1949
f 1935 1949 1961
f 1942 1938 1936
f 1960 1947 1944
f 1950 1949 1946
f 1949 1950 2972
f 1964 1961 1949
f 1945 1947 1948
f 2973 1948 1947
f 1947 1960 1962
f 1947 1982 2984
f 2984 2973 1947
f 1982 1986 2990
f 2987 2984 1982
f 2990 2987 1982
f 1985 2985 2988
f 1951 1983 2986
f 2986 2968 1951
f 3016 1984 1952
f 1952 2969 3016
f 2979 2986 3034
f 2986 3009 3034
f 3031 3016 2982
f 3016 3031 3033
f 1986 1991 2990
f 1969 1970 1990
f 1992 1990 1970
f 1981 1990 1992
f 2989 1989 1969
f 1969 1990 2989
f 1980 1989 2989
f 1971 1973 2094
f 2086 2085 1971
f 2094 2086 1971
f 1973 1975 2094
f 1972 2084 2093
f 2077 2078 2085
f 2077 2085 2086
f 2086 2079 2077
f 2091 2094 2097
f 2106 2097 2094
f 2093 1974 1972
f 2093 1994 1974
f 2093 1999 1994
f 2096 2093 2090
f 2093 2096 2107
f 1994 1999 3006
f 3005 2000 1993
f 2990 2988 2987
f 1997 1998 2999
f 1997 2999 3008
f 3003 2999 1998
f 3005 2110 2000
f 1999 2109 3006
f 1995 1996 3000
f 3000 2054 1995
f 3007 3000 1996
f 2054 3000 3023
f 2118 2115 2114
f 3000 3007 3024
f 3024 3023 3000
f 2095 2116 2119
f 2999 3003 3013
f 3014 3008 2999
f 2999 3013 3014
f 2011 2002 2001
f 2001 2002 2003
f 2002 2011 2021
f 2002 2024 2025
f 2011 2012 2021
f 2013 2014 2017
f 2007 2009 2010
f 2034 2021 2012
f 2023 2022 2021
f 2021 2034 2038
f 2028 2024 2022
f 2028 2025 2024
f 2028 2026 2025
f 2056 2058 2060
f 2028 2027 2026
f 2027 2032 2055
f 2059 2057 2055
f 2016 2015 2013
f 2017 2016 2013
f 2034 2036 2038
f 2040 2037 2035
f 2053 2020 2018
f 2019 2020 2053
f 2018 2050 2053
f 2050 2051 2053
f 2053 2042 2019
f 2053 2043 2042
f 2043 2053 2064
f 2051 2052 2053
f 2063 2053 2052
f 2053 2063 2064
f 2022 2023 2028
f 2029 2028 2023
f 2038 2030 2029
f 2039 2038 2036
f 2027 2028 2032
f 2028 2029 2030
f 2028 2030 2031
f 2028 2031 2033
f 2033 2032 2028
f 2046 2033 2031
f 2046 2047 2066
f 2066 2065 2046
f 2061 2062 2063
f 2118 2117 2115
f 2117 2118 2123
f 3191 2131 2118
f 2118 3189 3191
f 3631 3563 3562
f 2080 2078 2077
f 2077 2079 2080
f 2088 2080 2079
f 2080 2088 2089
f 2089 2088 2087
f 2081 2092 2102
f 2102 2099 2081
f 2111 2083 2082
f 2082 2098 2111
f 2134 2101 2099
f 2099 2102 2134
f 2102 2112 2141
f 3157 2112 2102
f 2111 2103 2083
f 2111 2104 2103
f 2104 2111 3146
f 2140 2113 2111
f 2111 2113 3158
f 3158 3146 2111
f 2103 2104 2991
f 3004 2108 2105
f 2120 2119 2116
f 2119 2120 2121
f 2119 2121 2127
f 3192 3190 2119
f 3201 3192 2119
f 2100 2101 2132
f 2100 2132 2136
f 2134 2132 2101
f 2134 2133 2132
f 2132 2133 2136
f 2133 2135 2136
f 2137 2136 2135
f 2108 3004 3145
f 3146 2991 2104
f 2122 2120 2117
f 2123 2122 2117
f 2122 2121 2120
f 2121 2122 2124
f 2122 2123 2125
f 2125 2124 2122
f 2126 2125 2123
f 2128 2126 2123
f 2130 2128 2123
f 2121 2124 2127
f 2128 2127 2126
f 2127 2128 2129
f 2130 2129 2128
f 2138 2137 2135
f 3632 3576 3571
f 5164 3655 3654
f 5165 5164 3654
f 2191 2212 2213
f 2214 2213 2212
f 2218 2219 2220
f 2700 2209 2208
f 2700 2698 2208
f 2208 2699 2700
f 2669 2210 2207
f 2670 2669 2207
f 2695 2670 2207
f 2697 2695 2207
f 2391 2392 2395
f 2217 2216 2215
f 2225 2226 2227
f 2287 2284 2283
f 2299 2297 2294
f 2237 2236 2233
f 2237 2235 2234
f 2235 2237 2243
f 2234 2236 2237
f 2244 2243 2237
f 2259 2244 2237
f 2237 2250 2259
f 2248 2249 2250
f 2253 2250 2249
f 2250 2253 2254
f 2250 2254 2258
f 2250 2258 2259
f 2288 2286 2285
f 2295 2296 2300
f 3438 3437 3436
f 3449 3448 3447
f 2466 2425 2424
f 2469 2426 2425
f 2426 2469 2493
f 2493 2492 2426
f 2447 2452 2453
f 2447 2453 2905
f 2425 2466 2469
f 2470 2469 2466
f 2454 2453 2452
f 2453 2492 2907
f 2453 2454 2492
f 2907 2905 2453
f 2525 2526 2527
f 2556 2558 2559
f 2603 2602 2601
f 2534 2531 2529
f 2604 2534 2529
f 2531 2534 2555
f 2612 2555 2534
f 2534 2536 2612
f 2604 2536 2534
f 2560 2613 2615
f 2622 2623 2624
f 2708 2706 2627
f 2711 2707 2629
f 2636 2634 2632
f 2636 2635 2633
f 2633 2634 2636
f 2635 2636 2651
f 2636 2644 2656
f 2652 2651 2636
f 2656 2652 2636
f 2645 2644 2643
f 2644 2645 2646
f 2644 2646 2647
f 2644 2647 2655
f 2644 2655 2656
f 2713 2714 2715
f 2795 2794 2793
f 2745 2741 2740
f 2776 2777 2778
f 2742 2743 2755
f 2791 2784 2783
f 2759 2758 2757
f 2765 2764 2763
f 2800 2799 2798
f 2830 2831 2873
f 2835 2850 2854
f 2874 2853 2837
f 2859 2857 2851
f 2780 2781 2790
f 2796 2797 2925
f 2826 2825 2792
f 2834 2832 2829
f 2833 2836 2858
f 2845 2846 2848
f 2827 2828 2926
f 2860 2861 2927
f 2862 2933 2934
f 3674 4859 4862
f 4862 4859 4745
f 4949 4862 4859
f 2896 2895 2894
f 2899 2898 2897
f 2962 2963 2964
f 3114 3443 3444
f 3520 3531 3539
f 3141 3140 3139
f 2965 2966 2971
f 2974 2966 2965
f 2966 2967 2975
f 2975 2971 2966
f 2974 2967 2966
f 2967 2974 2976
f 2977 2976 2974
f 2976 2977 2978
f 3089 3015 3010
f 3010 3035 3089
f 3090 3075 3011
f 3082 3077 3015
f 3089 3082 3015
f 3035 3065 3089
f 3089 3088 3082
f 3088 3089 3099
f 3119 3099 3089
f 3089 3117 3119
f 3064 3075 3090
f 3084 3083 3076
f 3090 3067 3064
f 3090 3071 3067
f 3071 3090 3112
f 3090 3096 3118
f 3113 3112 3090
f 3118 3113 3090
f 3043 3030 3025
f 3025 3036 3043
f 3036 3039 3043
f 3046 3038 3026
f 3037 3038 3046
f 3058 3043 3039
f 3043 3045 3052
f 3052 3048 3043
f 3058 3045 3043
f 3203 3046 3026
f 3026 3193 3203
f 3037 3046 3047
f 3042 3046 3165
f 3047 3046 3042
f 3028 3029 3193
f 3193 3194 3203
f 3205 3204 3203
f 3195 3029 3028
f 3028 3044 3197
f 3197 3195 3028
f 3044 3049 3050
f 3044 3050 3051
f 3044 3051 3197
f 3195 3197 3198
f 3199 3198 3197
f 3050 3049 3048
f 3047 3040 3037
f 3039 3057 3058
f 3059 3047 3042
f 3101 3058 3057
f 3045 3058 3104
f 3041 3059 3102
f 3059 3212 3214
f 3059 3214 3220
f 3042 3165 3166
f 3181 3179 3165
f 3053 3052 3045
f 3060 3053 3045
f 3104 3060 3045
f 3052 3050 3048
f 3050 3052 3053
f 3054 3051 3050
f 3050 3053 3060
f 3055 3054 3050
f 3056 3055 3050
f 3060 3056 3050
f 3060 3104 3105
f 3202 3204 3213
f 3213 3212 3202
f 3054 3055 3209
f 3055 3056 3209
f 3056 3061 3209
f 3489 3209 3061
f 3488 3210 3209
f 3489 3488 3209
f 3061 3109 3490
f 3490 3489 3061
f 3212 3213 3214
f 3215 3214 3213
f 3214 3215 3220
f 3220 3108 3103
f 3215 3217 3220
f 3071 3070 3067
f 3066 3068 3069
f 3069 3072 3115
f 3069 3115 3116
f 3070 3071 3072
f 3115 3072 3071
f 3098 3081 3078
f 3078 3081 3167
f 3297 3100 3079
f 3079 3168 3297
f 3100 3297 3299
f 3100 3299 3357
f 3299 3297 3168
f 3168 3176 3299
f 3080 3092 3095
f 3080 3095 3334
f 3333 3298 3080
f 3334 3333 3080
f 3298 3120 3093
f 3335 3226 3175
f 3335 3228 3226
f 3228 3335 3352
f 3335 3336 3339
f 3335 3339 3348
f 3335 3348 3352
f 3091 3097 3120
f 3091 3120 3121
f 3120 3097 3093
f 3094 3110 3111
f 3122 3111 3110
f 3120 3338 3363
f 3120 3363 3364
f 3111 3122 3125
f 3111 3125 3362
f 3341 3337 3111
f 3362 3341 3111
f 3176 3227 3299
f 3342 3299 3227
f 3359 3357 3299
f 3365 3359 3299
f 3217 3222 3340
f 3122 3124 3125
f 3128 3125 3124
f 3130 3126 3125
f 3125 3128 3129
f 3125 3129 3130
f 3125 3126 3362
f 3433 3434 3435
f 3123 3127 3128
f 3129 3128 3127
f 3130 3129 3127
f 3131 3130 3127
f 3128 3124 3123
f 3126 3130 3131
f 3567 3568 3569
f 3144 3147 3148
f 3152 3147 3144
f 3144 3148 3159
f 3154 3152 3144
f 3159 3154 3144
f 3148 3150 3159
f 3159 3156 3154
f 3185 3159 3150
f 3156 3159 3160
f 3177 3163 3149
f 3150 3164 3185
f 3177 3173 3163
f 3233 3177 3153
f 3173 3177 3296
f 3177 3182 3305
f 3251 3182 3177
f 3177 3233 3251
f 3305 3296 3177
f 3164 3174 3185
f 3161 3185 3234
f 3319 3185 3174
f 3252 3234 3185
f 3319 3317 3185
f 3151 3156 3160
f 3308 3180 3179
f 3179 3181 3183
f 3179 3183 3308
f 3308 3306 3180
f 3296 3305 3311
f 3311 3305 3182
f 3178 3235 3253
f 3178 3253 3255
f 3178 3255 3303
f 3260 3186 3184
f 3235 3236 3253
f 3236 3239 3253
f 3375 3255 3253
f 3253 3272 3274
f 3253 3274 3396
f 3396 3375 3253
f 3375 3303 3255
f 3376 3260 3184
f 3276 3238 3237
f 3312 3307 3188
f 3379 3312 3188
f 3379 3316 3312
f 3196 3200 3207
f 3208 3211 3223
f 3204 3205 3213
f 3205 3206 3213
f 3218 3213 3206
f 3219 3215 3213
f 3213 3218 3219
f 3208 3216 3218
f 3219 3217 3215
f 3288 3229 3224
f 3225 3230 3293
f 3284 3283 3225
f 3293 3284 3225
f 3293 3230 3229
f 3347 3293 3232
f 3291 3292 3293
f 3293 3347 3426
f 3352 3343 3228
f 3350 3344 3343
f 3352 3350 3343
f 3356 3352 3348
f 3352 3351 3350
f 3351 3352 3354
f 3356 3354 3352
f 3231 3289 3346
f 3347 3353 3426
f 3276 3240 3238
f 3276 3249 3240
f 3276 3273 3249
f 3276 3275 3273
f 3275 3276 3397
f 3249 3248 3240
f 3241 3242 3248
f 3248 3243 3241
f 3273 3250 3249
f 3243 3244 3246
f 3244 3245 3246
f 3247 3246 3245
f 3250 3247 3245
f 3256 3263 3282
f 3286 3259 3257
f 3257 3285 3286
f 3271 3269 3258
f 3287 3282 3263
f 3280 3282 3287
f 3278 3286 3295
f 3286 3294 3295
f 3261 3262 3266
f 3266 3264 3261
f 3267 3266 3262
f 3266 3265 3264
f 3265 3266 3381
f 3266 3267 3268
f 3266 3268 3380
f 3266 3380 3383
f 3382 3381 3266
f 3383 3382 3266
f 3384 3387 3388
f 3278 3389 3401
f 3427 3295 3294
f 3389 3390 3401
f 3294 3424 3427
f 3429 3426 3353
f 3350 3349 3344
f 3349 3350 3351
f 3349 3351 3354
f 3349 3354 3355
f 3328 3322 3300
f 3358 3328 3300
f 3301 3321 3330
f 3330 3329 3301
f 3328 3358 3367
f 3328 3367 3370
f 3328 3370 3409
f 3409 3405 3328
f 3358 3366 3367
f 3408 3332 3330
f 3330 3404 3408
f 3371 3318 3302
f 3302 3323 3371
f 3318 3371 3378
f 3372 3371 3323
f 3371 3372 3392
f 3392 3378 3371
f 3313 3373 3377
f 3313 3377 3403
f 3402 3374 3315
f 3315 3391 3402
f 3412 3403 3377
f 3412 3407 3403
f 3402 3398 3374
f 3406 3402 3391
f 3402 3400 3398
f 3400 3402 3512
f 3402 3406 3411
f 3402 3411 3421
f 3402 3414 3514
f 3421 3414 3402
f 3514 3512 3402
f 3367 3366 3361
f 3368 3367 3361
f 3367 3369 3370
f 3361 3360 3331
f 3360 3361 3366
f 3368 3361 3331
f 3453 3368 3331
f 3454 3453 3331
f 3369 3453 3454
f 3356 3355 3354
f 3395 3399 3412
f 3413 3412 3399
f 3412 3410 3407
f 3410 3412 3420
f 3412 3413 3416
f 3385 3393 3430
f 3432 3431 3394
f 3515 3416 3413
f 3413 3512 3513
f 3413 3513 3515
f 3514 3513 3512
f 3421 3417 3414
f 3515 3514 3414
f 3414 3418 3515
f 3513 3514 3515
f 3415 3416 3419
f 3416 3418 3419
f 3515 3418 3416
f 3419 3417 3415
f 3581 3580 3578
f 3551 3553 3556
f 3530 3529 3528
f 3564 3565 3566
f 3584 3583 3582
f 3543 3544 3549
f 3559 3560 3561
f 3577 3572 3570
f 3588 3592 3596
f 3573 3574 3575
f 3602 3603 3605
f 3608 3609 3610
f 3624 3613 3612
f 3620 3619 3618
f 3585 3593 3594
f 3591 3595 3601
f 3616 3615 3611
f 3607 3606 3604
f 3625 3617 3614
f 9030 9029 9028
f 9032 9035 9042
f 3623 3622 3621
f 9048 9049 9059
f 9050 9051 9052
f 9066 9055 9054
f 9064 9065 9068
f 3628 3629 3630
f 9121 9122 9123
f 3702 3703 3704
f 3682 3681 3680
f 3680 4835 4836
f 4868 3691 3690
f 3690 3691 3692
f 4942 4775 4739
f 4935 4933 4932
f 4957 4947 4935
f 3683 3671 3668
f 3684 3683 3668
f 9753 4933 3669
f 4951 4933 3669
f 3669 9719 9753
f 3669 9719 10492
f 3669 9753 9754
f 3670 3671 3672
f 3683 3672 3671
f 3672 3683 3685
f 3688 3686 3684
f 5221 3688 3684
f 3684 4947 5221
f 4932 4933 4951
f 4932 4951 5003
f 10492 10229 9719
f 3672 3685 9283
f 9734 9735 9736
f 9744 9735 9349
f 3696 3695 3694
f 3697 3698 3699
f 3679 3687 5171
f 3687 3689 5171
f 5241 5240 5239
f 3689 4835 4836
f 4947 4957 5133
f 4947 5133 5221
f 3710 3709 3708
f 9261 9262 9263
f 5311 5312 5313
f 5314 3712 3711
f 5314 5315 5316
f 9281 9282 10098
f 4133 3786 3785
f 4133 3789 3786
f 4133 3821 3820
f 4133 3822 3821
f 4133 3820 3817
f 4133 3877 3822
f 4133 3790 3783
f 3785 3790 4133
f 3783 3784 4133
f 3784 3799 4133
f 4133 3791 3789
f 4133 3818 3791
f 3799 3800 4133
f 3800 3801 4133
f 3801 3802 4133
f 4133 3819 3818
f 3817 3819 4133
f 4133 3879 3877
f 4133 3880 3879
f 4133 3890 3880
f 4133 3892 3890
f 4133 3893 3892
f 4133 3895 3893
f 3895 4133 4265
f 4096 4098 4133
f 4098 4102 4133
f 3802 4101 4133
f 4133 4101 4096
f 4102 4103 4133
f 4103 4112 4133
f 4134 4133 4112
f 4113 4115 4133
f 4115 4116 4133
f 4136 4133 4116
f 4113 4133 4134
f 4133 4136 4141
f 4133 4141 4142
f 4133 4142 4144
f 4133 4143 4153
f 4144 4143 4133
f 4133 4153 4154
f 4133 4154 4155
f 4133 4155 4156
f 4133 4156 4158
f 4133 4157 4172
f 4158 4157 4133
f 4133 4169 4282
f 4292 4169 4133
f 4133 4170 4171
f 4172 4170 4133
f 4133 4171 4175
f 4133 4175 4217
f 4133 4217 4218
f 4133 4218 4219
f 4133 4219 4221
f 4133 4220 4315
f 4221 4220 4133
f 4266 4265 4133
f 4267 4266 4133
f 4268 4267 4133
f 4283 4268 4133
f 4133 4282 4283
f 4293 4292 4133
f 4294 4293 4133
f 4314 4294 4133
f 4315 4314 4133
f 3926 3923 3922
f 3936 3926 3922
f 3926 3924 3923
f 3926 3936 3938
f 3926 3938 3939
f 3948 3875 3872
f 3872 3945 3948
f 3948 3876 3875
f 3945 3946 3949
f 3954 3948 3945
f 3945 3949 3954
f 3924 3926 3939
f 3950 3949 3946
f 3949 3950 3954
f 3976 3977 3978
f 3981 3980 3979
f 3992 3996 3997
f 4606 4605 4604
f 4061 4063 4064
f 4609 4608 4607
f 4614 4615 4616
f 4624 4623 4622
f 4195 4156 4151
f 4196 4158 4156
f 4156 4195 4196
f 4198 4172 4157
f 4157 4197 4198
f 4292 4285 4169
f 4175 4176 4217
f 4205 4198 4197
f 4197 4204 4205
f 4214 4176 4174
f 4206 4205 4204
f 4448 4447 4445
f 4447 4448 4453
f 4452 4448 4445
f 4448 4452 4453
f 4587 4580 4579
f 4590 4581 4580
f 4580 4587 4588
f 4588 4587 4582
f 4764 4766 4941
f 4766 4816 4941
f 4692 4696 4712
f 4768 4770 4802
f 4738 4741 4787
f 4753 4756 4783
f 4785 4782 4781
f 4781 4783 4784
f 4781 4784 4785
f 4786 4783 4756
f 4786 4784 4783
f 4800 4771 4757
f 4776 4777 4778
f 4796 4795 4793
f 4839 4838 4831
f 4843 4842 4832
f 5166 5186 5187
f 5167 5190 5191
f 4844 4845 4846
f 4851 4850 4849
f 5200 5201 5202
f 5209 5208 5206
f 5013 5014 5016
f 4856 4855 4853
f 4881 4879 4877
f 4877 4882 4883
f 5230 4883 4882
f 5197 5196 5195
f 5217 5207 5205
f 5215 5214 5210
f 9755 4958 4949
f 4949 9754 9755
f 4888 4865 4864
f 4865 4888 5145
f 5145 5063 4865
f 5146 5145 4888
f 5063 5033 5031
f 5177 5224 5227
f 5305 5304 4884
f 5233 5232 4885
f 5222 5223 5225
f 5306 5236 5234
f 5235 5238 5307
f 5307 5238 5237
f 5149 5148 5147
f 5150 5162 5163
f 5256 5302 5303
f 5301 5253 5252
f 4908 4909 4910
f 4919 4920 5310
f 5285 5287 5288
f 10050 10049 5286
f 10093 9775 9773
f 4926 4925 4924
f 4990 4980 4976
f 4996 4990 4976
f 4932 4958 5003
f 9756 5133 4957
f 4938 4981 5007
f 4990 4983 4980
f 4981 4984 5007
f 5007 5112 5115
f 4979 4978 4975
f 4962 4964 4989
f 4996 4993 4990
f 5107 5105 5104
f 4990 4985 4983
f 4993 4992 4990
f 4982 4986 4988
f 5113 5110 5109
f 5027 5019 5017
f 5033 5032 5031
f 5032 5033 5034
f 5057 5044 5043
f 5022 5023 5024
f 5049 5048 5047
f 5142 5141 5056
f 5055 5054 5053
f 5144 5142 5056
f 5044 5057 5060
f 5062 5066 5067
f 5059 5058 5041
f 5044 5065 5067
f 5139 5140 5143
f 5159 5158 5156
f 9783 9782 9780
f 9782 9783 9784
f 5168 5169 5170
f 5192 5193 5194
f 5257 5180 5179
f 5172 5181 5182
f 5185 5184 5174
f 5259 5258 5257
f 5266 5265 5264
f 5270 5271 5272
f 5248 5247 5246
f 5218 5219 5220
f 5226 5228 5229
f 5273 5274 5275
f 5295 5296 5298
f 5299 5294 5290
f 5297 5299 5300
f 10069 10070 10071
f 10097 10098 10102
f 5329 5321 5320
f 5320 5323 5324
f 5809 5329 5320
f 5328 5326 5321
f 5329 5809 5810
f 5809 5811 5812
f 5338 5335 5333
f 5349 5344 5337
f 5344 5349 5360
f 5810 5814 5819
f 5344 5360 5835
f 5838 5835 5360
f 5826 5822 5821
f 5343 5347 5351
f 6437 6441 6442
f 5824 5835 5838
f 5831 5833 5843
f 5355 5354 5352
f 5356 5358 5359
f 5865 5866 5868
f 5881 5362 5361
f 5363 5421 5422
f 5441 5438 5364
f 5460 5422 5421
f 6062 6063 6070
f 5441 5439 5438
f 5441 5440 5439
f 5440 5441 5442
f 5447 5434 5365
f 5365 5446 5447
f 5428 5432 5434
f 5428 5434 5447
f 5444 5443 5433
f 5443 5444 5445
f 5437 5447 5455
f 5458 5455 5447
f 5366 5368 5382
f 5391 5369 5367
f 5471 5382 5368
f 5378 5377 5372
f 5379 5378 5372
f 5380 5382 5394
f 5397 5394 5382
f 5382 5471 5473
f 5369 5391 5478
f 5374 5381 5391
f 5395 5391 5381
f 5391 5395 5396
f 5479 5448 5370
f 5386 5384 5383
f 5385 5477 5486
f 5488 5479 5386
f 5488 5480 5479
f 5371 5372 5377
f 5377 5373 5371
f 5371 5373 5374
f 5376 5374 5373
f 5373 5375 5376
f 5377 5375 5373
f 5374 5376 5381
f 5565 5547 5517
f 5545 5547 5565
f 5388 5386 5383
f 5386 5388 5389
f 5386 5392 5488
f 5399 5389 5388
f 5487 5390 5385
f 5385 5486 5487
f 5389 5399 6125
f 5392 5393 6135
f 6135 5488 5392
f 5480 5488 6135
f 5498 5405 5404
f 5499 5498 5496
f 6138 6135 5393
f 6124 6127 6162
f 6139 6138 6124
f 5549 5518 5474
f 5518 5549 5568
f 5568 5549 5546
f 5480 6135 6136
f 6137 6136 6135
f 6140 6137 6135
f 6135 6138 6139
f 6135 6139 6140
f 5398 5402 5661
f 5661 5402 5400
f 5403 5406 5558
f 5622 5620 5619
f 5619 5620 5625
f 5400 5548 5661
f 5548 5573 5661
f 5630 5661 5667
f 5661 5663 5667
f 5401 5403 5558
f 5548 5570 5573
f 5554 5560 5569
f 5558 5629 5668
f 5668 5664 5558
f 5626 5625 5620
f 5407 5411 5412
f 5419 5417 5414
f 5410 5413 6452
f 5413 5424 6452
f 6454 5420 5418
f 6454 5469 5420
f 6108 6070 6063
f 5425 5426 5435
f 5428 5426 5425
f 5432 5428 5425
f 5435 5431 5425
f 5425 5431 5432
f 5426 5427 5435
f 5427 5430 5435
f 5427 5429 5430
f 5456 5444 5436
f 5444 5456 5457
f 6069 6072 6122
f 6122 6103 6069
f 5470 5515 5519
f 5527 5519 5515
f 5519 5472 5470
f 5472 5519 5521
f 5528 5521 5519
f 5450 5453 5489
f 5452 6130 6131
f 6133 6131 6130
f 6130 6136 6137
f 6130 6137 6141
f 5495 6132 6134
f 5519 5527 5528
f 5475 5516 5606
f 5606 5550 5475
f 5532 5522 5476
f 5574 5532 5476
f 5516 5530 5606
f 5606 5588 5550
f 5530 5599 5606
f 5606 5590 5588
f 5590 5606 5614
f 5599 5602 5606
f 5551 5493 5491
f 5491 5511 5551
f 5482 5533 5538
f 5520 5525 5536
f 5540 5538 5533
f 5511 5512 5551
f 6146 5524 5523
f 6151 5535 5513
f 5534 5535 6151
f 6146 5526 5524
f 6149 6146 5534
f 5490 5492 5501
f 5501 5497 5490
f 5501 5499 5497
f 5492 5494 5501
f 5502 5501 5494
f 5499 5501 5503
f 5501 5502 5508
f 5505 5503 5501
f 5508 5505 5501
f 5510 5552 5553
f 5510 5553 6168
f 6168 6167 5510
f 5513 5514 6151
f 5562 5567 5571
f 5572 5571 5567
f 5575 5571 5567
f 5566 5572 5575
f 5514 6142 6151
f 6167 6154 6142
f 6167 6168 6174
f 6167 6174 6191
f 5539 5540 5581
f 5581 5577 5539
f 6151 6149 5534
f 6154 6151 6142
f 6151 6150 6149
f 6150 6151 6153
f 6151 6152 6153
f 6154 6152 6151
f 5529 5587 5600
f 6148 5537 5531
f 6147 6156 6157
f 5587 5589 5591
f 5587 5591 5615
f 5601 5600 5587
f 5610 5601 5587
f 5540 5541 5581
f 5541 5542 5581
f 5542 5543 5581
f 5581 5578 5577
f 5583 5581 5543
f 5578 5581 5582
f 5585 5582 5581
f 5581 5583 5585
f 5673 5573 5570
f 5674 5569 5560
f 5557 6185 6198
f 5559 5561 6175
f 6170 6166 6165
f 5682 6198 6201
f 5620 5621 5626
f 5559 6175 6176
f 5559 6176 6258
f 6172 6171 6169
f 6171 6172 6257
f 6272 6176 6175
f 5586 6195 6199
f 6155 6153 6152
f 6160 6156 6155
f 6190 6160 6155
f 5610 5607 5601
f 5607 5610 5611
f 5616 5611 5610
f 6482 6383 6245
f 6245 6481 6482
f 5595 5596 6218
f 6248 6218 5596
f 6295 6218 6214
f 6248 6243 6218
f 6300 6218 6214
f 6109 6111 6364
f 6109 6364 6384
f 6300 6295 6214
f 5611 5608 5607
f 5611 5609 5608
f 5609 5611 5616
f 5617 5612 5609
f 5609 5616 5617
f 5617 5613 5612
f 5622 5621 5620
f 5628 5627 5623
f 5640 5637 5624
f 5665 5640 5624
f 5631 5638 5650
f 5631 5650 5666
f 5657 5655 5640
f 5755 5657 5640
f 5656 5650 5643
f 5650 5656 5658
f 5650 5658 5756
f 5670 5666 5650
f 5705 5670 5650
f 5695 5646 5632
f 6254 5649 5632
f 5632 5649 5695
f 5696 5647 5646
f 5646 5695 5696
f 6255 5695 5649
f 5649 6254 6256
f 6256 6255 5649
f 5633 5693 5695
f 5633 5695 6255
f 6256 6254 5648
f 5633 5669 5693
f 6255 6256 6286
f 6286 6264 6255
f 5641 5635 5634
f 5634 5639 5641
f 5642 5639 5634
f 5635 5636 5643
f 5641 5636 5635
f 5636 5641 5644
f 5645 5643 5636
f 5636 5644 5645
f 5643 5645 5656
f 5723 5685 5662
f 5723 5686 5685
f 5648 5652 6256
f 5708 5659 5651
f 6256 5711 5697
f 5670 5705 5724
f 5724 5705 5687
f 5660 5654 5653
f 5715 5710 5654
f 5712 5711 5710
f 5715 5712 5710
f 5712 5715 5716
f 5763 5717 5716
f 5717 5763 6289
f 5763 5765 5769
f 6286 6266 6264
f 5694 6265 6267
f 5724 5758 5775
f 5724 5775 5776
f 5729 5672 5671
f 5671 5728 5729
f 5727 5726 5672
f 5726 5727 5737
f 5680 5677 5675
f 6201 5682 5676
f 6188 5682 5676
f 5681 5682 6201
f 6187 6188 6200
f 6188 6190 6196
f 6188 6189 6190
f 6188 6196 6203
f 6203 6200 6188
f 5680 5681 6201
f 5678 5722 5736
f 5679 5683 5743
f 5743 5725 5679
f 5684 5740 5742
f 5722 5734 5736
f 5772 5736 5734
f 5683 5741 5743
f 5743 5735 5725
f 5735 5743 5773
f 5743 5753 5795
f 5777 5773 5743
f 5795 5777 5743
f 6201 6202 6275
f 6275 6272 6201
f 5796 5754 5740
f 5740 5778 5796
f 5701 5690 5688
f 5688 5700 5701
f 5689 5690 5701
f 5702 5701 5700
f 5701 5691 5689
f 5701 5692 5691
f 5692 5701 5718
f 5701 5702 5703
f 5701 5703 5704
f 5701 5704 5718
f 6267 5706 5694
f 5706 6267 6290
f 5712 5698 5697
f 5697 5711 5712
f 5712 5699 5698
f 5699 5712 5713
f 5714 5713 5712
f 5717 5714 5712
f 5712 5716 5717
f 5699 5713 6288
f 6287 6288 6291
f 5719 5704 5703
f 5703 5707 5719
f 5767 5766 5720
f 5714 5717 6289
f 6293 6292 6289
f 6293 6289 5768
f 5771 5757 5721
f 5774 5771 5721
f 5748 5746 5745
f 5748 5747 5746
f 5747 5748 5750
f 5752 5750 5748
f 5744 5745 5746
f 5750 5749 5747
f 5749 5750 5751
f 5752 5751 5750
f 5789 5782 5759
f 5781 5770 5760
f 5789 5783 5782
f 5791 5789 5780
f 5789 5791 5793
f 5792 5779 5770
f 5770 5781 5784
f 5770 5784 5788
f 5794 5792 5770
f 5784 5786 5788
f 5937 5788 5786
f 5788 5937 5940
f 5788 5940 5943
f 5788 5943 5950
f 5937 5786 5785
f 5785 5787 5937
f 5787 5790 5943
f 5940 5937 5787
f 5943 5940 5787
f 5950 5943 5790
f 6393 6384 6364
f 5813 5816 5817
f 5815 5818 5820
f 5851 5837 5825
f 6490 6485 6484
f 6487 6492 6494
f 5832 5834 5844
f 6469 6464 6462
f 6463 6461 6460
f 6520 6524 6526
f 6510 6515 6525
f 5870 5869 5867
f 5882 5883 5884
f 6529 6531 6532
f 6535 6537 6538
f 5903 5902 5901
f 5909 5903 5901
f 5902 5903 5905
f 5903 5904 5905
f 5909 5904 5903
f 5906 5908 5910
f 5904 5909 5914
f 5915 5914 5909
f 5921 5911 5907
f 5914 5915 5916
f 5911 5921 5964
f 5918 5920 5921
f 5985 5921 5920
f 5956 5910 5908
f 5919 5917 5910
f 5983 5919 5910
f 5910 5956 5959
f 5910 5959 5980
f 5959 5971 5980
f 5987 5980 5971
f 5912 5968 5990
f 5913 5922 6317
f 5994 5968 5965
f 5994 5990 5968
f 5922 5924 6317
f 6322 6320 5967
f 6318 6317 5924
f 6330 6322 6317
f 6317 6328 6330
f 5982 5972 5960
f 5972 5982 5989
f 5924 5926 6318
f 5992 5927 5925
f 6318 6319 6357
f 6335 6334 6318
f 6357 6348 6318
f 6001 5993 5992
f 5992 5993 6004
f 6035 5929 5928
f 5928 5984 6035
f 6036 5931 5930
f 6036 6003 5931
f 5984 5986 6035
f 5986 6023 6035
f 6035 6041 6101
f 6101 6094 6035
f 6092 6036 5930
f 5930 6065 6092
f 6066 6065 6064
f 6091 6066 6064
f 6102 6042 6036
f 6036 6092 6097
f 6036 6097 6102
f 6065 6066 6092
f 6066 6067 6092
f 6092 6096 6097
f 5938 5936 5935
f 5935 5936 5947
f 5935 5947 5948
f 5936 5938 5942
f 5938 5939 5942
f 5948 5941 5939
f 5941 5948 5949
f 5939 5941 5942
f 5944 5942 5941
f 5969 5955 5945
f 5949 5944 5941
f 5952 5954 5969
f 5974 5969 5954
f 5969 5957 5955
f 5969 5961 5957
f 5961 5969 5970
f 5973 5970 5969
f 5974 5973 5969
f 5946 5963 5966
f 5966 5963 5958
f 5966 5953 5951
f 5953 5966 5975
f 6009 5962 5961
f 6005 5976 5962
f 6007 6005 5962
f 6009 6007 5962
f 5970 5973 6014
f 6007 6009 6017
f 6009 6014 6017
f 5976 6005 6007
f 5976 6007 6011
f 6017 6011 6007
f 6330 6329 6322
f 5978 5981 6031
f 5979 6034 6046
f 5981 6025 6031
f 6021 6012 6008
f 6034 6038 6044
f 6034 6044 6058
f 6050 6046 6034
f 6054 6050 6034
f 6045 6047 6048
f 6008 6012 6024
f 5986 6022 6023
f 6033 6020 5988
f 6037 6023 6022
f 6020 6033 6040
f 5995 5996 6000
f 6000 5999 5995
f 5999 6000 6001
f 6358 6004 5993
f 6002 6001 6000
f 6349 6350 6360
f 5996 5997 6000
f 5997 5998 6000
f 6343 6000 5998
f 6344 6002 6000
f 6000 6343 6344
f 6354 6340 6324
f 6048 6043 6039
f 6043 6048 6057
f 6049 6048 6047
f 6054 6051 6050
f 6051 6054 6055
f 6056 6055 6054
f 6091 6067 6066
f 6067 6091 6095
f 6091 6093 6095
f 6055 6053 6052
f 6053 6055 6056
f 6053 6056 6061
f 6061 6060 6053
f 6055 6052 6051
f 6059 6060 6061
f 6096 6095 6093
f 6080 6079 6073
f 6086 6083 6074
f 6478 6077 6076
f 6076 6088 6478
f 6082 6085 6480
f 6480 6090 6082
f 6100 6099 6098
f 6591 6590 6589
f 6378 6379 6380
f 6383 6482 6483
f 6137 6140 6141
f 6145 6144 6141
f 6160 6157 6156
f 6197 6196 6190
f 6166 6170 6186
f 6170 6177 6178
f 6171 6179 6180
f 6171 6257 6260
f 6181 6178 6177
f 6177 6180 6181
f 6178 6181 6205
f 6211 6197 6193
f 6181 6180 6179
f 6182 6181 6179
f 6261 6260 6257
f 6260 6183 6182
f 6260 6261 6269
f 6269 6263 6260
f 6275 6273 6272
f 6181 6182 6183
f 6181 6183 6184
f 6181 6184 6207
f 6206 6205 6181
f 6207 6206 6181
f 6206 6207 6210
f 6210 6263 6283
f 6263 6269 6271
f 6263 6271 6283
f 6209 6203 6196
f 6209 6208 6203
f 6283 6282 6210
f 6210 6282 6285
f 6208 6209 6213
f 6202 6204 6275
f 6276 6275 6204
f 6275 6274 6273
f 6274 6275 6278
f 6275 6276 6277
f 6275 6277 6278
f 6285 6284 6279
f 6363 6295 6214
f 6365 6363 6295
f 6229 6228 6224
f 6225 6236 6237
f 6399 6401 6402
f 6404 6403 6400
f 6305 6306 7627
f 7628 6308 6307
f 6308 7628 7658
f 7628 7629 7630
f 7628 7657 7658
f 6331 6330 6328
f 6334 6331 6328
f 6329 6330 6331
f 6331 6334 6335
f 6331 6335 6336
f 6348 6337 6336
f 6346 6348 6351
f 6353 6351 6348
f 6359 6353 6348
f 6348 6357 6359
f 6321 6325 6326
f 6327 6326 6325
f 6346 6327 6325
f 6329 6331 6332
f 6346 6345 6327
f 6333 6332 6331
f 6333 6338 6346
f 6351 6347 6346
f 6338 6333 6331
f 6331 6336 6337
f 6331 6337 6338
f 7194 7193 7192
f 6413 6414 7802
f 7802 7800 7799
f 6410 6411 7801
f 7820 6415 6410
f 7801 7803 7804
f 7862 6425 6421
f 7273 7242 7241
f 7242 7273 8737
f 8737 8579 7242
f 7242 8737 8738
f 6422 6425 7856
f 7856 7855 7854
f 7857 6427 6426
f 7857 7858 7859
f 6427 7857 7864
f 7857 7863 7864
f 7292 7285 7284
f 6491 6489 6486
f 6495 6493 6488
f 6496 6497 6498
f 6502 6503 6506
f 6514 6513 6509
f 6527 6522 6511
f 6541 6543 6544
f 6499 6500 6501
f 6602 6505 6501
f 6501 6600 6602
f 6504 6505 6507
f 6565 6563 6562
f 6605 6600 6599
f 6600 6601 6602
f 6542 6546 6550
f 6603 6580 6507
f 6577 6580 6581
f 6580 6603 6923
f 6603 6604 6923
f 6528 6523 6521
f 6547 6549 6551
f 7293 7287 7286
f 6530 6533 6534
f 6536 6539 6540
f 6570 6569 6568
f 6585 6586 6587
f 7318 7308 7303
f 6552 6553 6608
f 6609 6607 6552
f 6552 6608 6609
f 6610 6554 6553
f 6553 6554 6608
f 6612 6610 6607
f 6554 6556 6608
f 6554 6555 6556
f 6610 6555 6554
f 6610 6612 6614
f 6614 6579 6557
f 6558 6578 6749
f 6579 6614 6747
f 6630 6614 6612
f 6614 6630 6632
f 6578 6748 6749
f 6749 6626 6611
f 6749 6635 6626
f 6635 6749 6759
f 6750 6749 6748
f 6749 6750 6758
f 6749 6758 6759
f 6561 6560 6559
f 6573 6574 6575
f 6739 6738 6736
f 7298 7299 7300
f 6741 6743 7097
f 6567 6566 6564
f 7098 6744 6742
f 7331 7332 7341
f 6571 6572 6582
f 7344 7350 7351
f 7099 7004 6746
f 7312 7314 7317
f 6967 6879 6876
f 6745 6923 7096
f 6606 6604 6601
f 6628 6616 6613
f 6633 6628 6613
f 6620 6617 6616
f 6628 6620 6616
f 6628 6633 6634
f 6628 6634 6763
f 6660 6658 6628
f 6667 6660 6628
f 6897 6667 6628
f 6628 6763 6897
f 6637 6629 6615
f 6637 6631 6629
f 6751 6757 6902
f 6757 6760 6902
f 6617 6618 6623
f 6657 6637 6624
f 6637 6657 6663
f 6637 6663 6668
f 6620 6618 6617
f 6620 6619 6618
f 6619 6620 6621
f 6622 6621 6620
f 6619 6621 6624
f 6621 6622 6625
f 6625 6624 6621
f 6624 6625 6657
f 6843 6761 6627
f 6661 6895 6961
f 6661 6752 6895
f 6761 6755 6752
f 6761 6843 6961
f 6755 6761 6843
f 6895 6761 6752
f 6755 6761 6961
f 6755 6843 6961
f 6634 6636 6756
f 6634 6756 6763
f 6772 6763 6756
f 6763 6772 6897
f 6772 6896 6897
f 6762 6756 6636
f 6893 6760 6759
f 6760 6893 6901
f 6760 6901 6902
f 6756 6762 6772
f 6893 6759 6758
f 6896 6772 6762
f 6638 6639 6640
f 6642 6640 6639
f 6640 6642 6645
f 6640 6645 6650
f 6789 6788 6640
f 6778 6777 6776
f 6641 6784 6791
f 6790 6784 6774
f 6784 6790 6791
f 6828 6827 6650
f 6787 6788 6793
f 6788 6789 6793
f 6827 6793 6789
f 6644 6830 6842
f 6835 6830 6829
f 6646 6652 6653
f 6654 6649 6647
f 6652 6655 6656
f 6652 6656 6860
f 6696 6654 6647
f 6707 6698 6697
f 6948 6707 6706
f 6793 6827 6828
f 6793 6828 6847
f 6847 6855 6856
f 6848 6850 6858
f 6708 6656 6655
f 6655 6703 6708
f 6656 6708 6712
f 6860 6851 6849
f 6705 6704 6702
f 6702 6715 6717
f 6703 6704 6708
f 6704 6705 6708
f 6713 6708 6705
f 6708 6711 6712
f 6713 6711 6708
f 7139 6712 6711
f 6659 6664 6680
f 6674 6671 6659
f 6680 6674 6659
f 6664 6665 6680
f 6671 6670 6662
f 6670 6671 6673
f 6674 6673 6671
f 6681 6676 6674
f 6674 6680 6681
f 6903 6680 6665
f 6695 6690 6680
f 6917 6695 6680
f 6922 6895 6740
f 6895 6922 7057
f 7057 6961 6895
f 6755 6961 7057
f 6662 6670 6685
f 6665 6666 6913
f 6666 6904 6913
f 6670 6673 6685
f 6673 6679 6685
f 6689 6685 6679
f 6685 6689 6691
f 6685 6691 6694
f 6685 6694 6918
f 6913 6903 6665
f 6913 6909 6903
f 6904 6905 6913
f 6905 6909 6913
f 6906 6672 6669
f 6669 6672 6700
f 6700 6699 6669
f 6669 6899 6906
f 6701 6700 6672
f 6906 6726 6672
f 6699 6700 6939
f 6700 6701 6939
f 6906 6899 6766
f 6906 6732 6726
f 6732 6906 6974
f 6937 6906 6766
f 6906 6937 6940
f 6906 6940 6973
f 6906 6973 6974
f 6673 6675 6679
f 6701 6725 6939
f 6732 6730 6726
f 6675 6676 6677
f 6679 6688 6689
f 6681 6677 6676
f 6681 6678 6677
f 6678 6681 6682
f 6684 6682 6681
f 6684 6683 6682
f 6682 6683 6688
f 6689 6688 6683
f 6683 6684 6689
f 6921 6692 6686
f 6686 6908 6921
f 6687 6693 6920
f 6692 6921 7089
f 6924 6921 6908
f 7107 7104 6921
f 7113 7107 6921
f 7088 6920 6693
f 6907 6910 6915
f 6920 7092 7102
f 6920 7102 7106
f 6920 7106 7112
f 6718 6716 6709
f 6767 6898 6932
f 6976 6939 6728
f 6976 6972 6939
f 6721 6719 6714
f 6949 6948 6943
f 6948 6949 6950
f 6709 6710 6718
f 6722 6718 6710
f 6951 6950 6949
f 6954 6951 6949
f 7137 7139 7140
f 7142 7140 7139
f 6727 6730 6731
f 6732 6731 6730
f 6731 6732 6733
f 6735 6733 6732
f 6974 6734 6732
f 6732 6734 6735
f 6728 6729 6976
f 6735 6734 6729
f 7401 7402 7403
f 6737 6752 6768
f 6737 6768 6880
f 6993 6922 6740
f 6752 6755 6768
f 6996 6880 6768
f 6997 6996 6768
f 6922 6993 6997
f 7535 7536 7555
f 6901 6758 6750
f 6901 6893 6758
f 6753 6754 6894
f 6894 6765 6753
f 6754 6773 6894
f 6894 6845 6765
f 6775 6786 6837
f 6773 6867 6894
f 6894 6867 6845
f 6773 6815 6867
f 6815 6785 6779
f 7057 6997 6996
f 6837 6781 6775
f 6837 6820 6781
f 6826 6837 6874
f 6837 6870 6874
f 6767 6932 6938
f 6996 7011 7036
f 6779 6782 6815
f 6782 6813 6815
f 6821 6815 6813
f 6815 6825 6875
f 6869 6867 6815
f 6875 6869 6815
f 6780 6783 6796
f 6817 6816 6781
f 6820 6817 6781
f 6801 6800 6783
f 6793 6792 6787
f 6797 6796 6783
f 6803 6797 6783
f 6795 6796 6797
f 6816 6814 6813
f 6814 6816 6818
f 6816 6817 6818
f 6820 6818 6817
f 6820 6819 6818
f 6813 6814 6821
f 6792 6793 6805
f 6806 6805 6793
f 6846 6806 6793
f 6847 6846 6793
f 6794 6795 6834
f 6834 6833 6794
f 6833 6834 6835
f 6806 6846 6853
f 6846 6847 6853
f 6856 6853 6847
f 6795 6798 6834
f 6838 6834 6798
f 6836 6835 6834
f 6841 6836 6834
f 6834 6838 6841
f 6809 6807 6799
f 6799 6810 6811
f 6799 6811 6839
f 6812 6808 6807
f 6804 6807 6809
f 6853 6812 6807
f 6852 6839 6811
f 6812 6853 6854
f 6861 6854 6853
f 6853 6856 6857
f 6853 6857 6861
f 6822 6821 6819
f 6821 6822 6823
f 6824 6823 6822
f 6836 6832 6831
f 6859 6857 6856
f 6943 6944 6949
f 6944 6947 6949
f 7141 6946 6865
f 6868 6871 6960
f 6960 6878 6868
f 6872 6873 6964
f 6873 6877 6964
f 6878 6960 6968
f 6878 6968 7020
f 6988 6969 6960
f 6960 6983 6988
f 6959 6957 6914
f 6914 6957 6958
f 6958 6916 6914
f 6916 6964 6981
f 6964 6970 6989
f 6984 6981 6964
f 6989 6984 6964
f 7017 7018 7019
f 7021 7020 6968
f 7022 7021 6968
f 7429 7428 7427
f 6883 6884 7032
f 6886 6885 6883
f 7032 6886 6883
f 7406 7032 6884
f 6885 6886 6888
f 6885 6888 6891
f 6891 6889 6885
f 6890 6888 6886
f 7030 6890 6886
f 6887 6889 6891
f 6887 6891 7407
f 7031 7032 7035
f 7079 7035 7032
f 7032 7406 7409
f 7032 7409 7439
f 7439 7435 7032
f 7491 7407 6891
f 7491 7408 7407
f 6888 6890 6891
f 7030 6891 6890
f 6891 7030 7041
f 7037 7039 7491
f 7039 7080 7491
f 7491 7410 7408
f 6892 7043 7144
f 7144 7138 6892
f 7044 7046 7056
f 7561 7056 7046
f 7138 7144 7145
f 7138 7145 7563
f 7147 7144 7085
f 7144 7147 7152
f 6940 6941 6973
f 6982 6915 6910
f 6986 6924 6915
f 6915 6982 6986
f 6980 6959 6914
f 6919 6925 6926
f 6963 6926 6925
f 6925 6962 6963
f 6979 6962 6925
f 6926 6927 6978
f 6963 6927 6926
f 6975 6977 6979
f 7092 7094 7095
f 7092 7095 7103
f 7103 7102 7092
f 7100 7093 7090
f 7100 7094 7093
f 7100 7095 7094
f 7095 7100 7101
f 6966 6963 6962
f 6963 6928 6927
f 6928 6963 6965
f 6966 6965 6963
f 7108 6979 6977
f 6991 6990 6979
f 7116 6991 6979
f 6979 7108 7118
f 7118 7116 6979
f 6927 6928 6987
f 6992 6987 6985
f 6987 6992 7117
f 7109 7105 6987
f 6955 6949 6947
f 6949 6953 6954
f 6955 6953 6949
f 7019 7022 7023
f 7019 7023 7024
f 7024 7023 6971
f 7108 7110 7118
f 7116 7118 7119
f 7110 7115 7118
f 7121 7118 7115
f 7122 7119 7118
f 7118 7121 7122
f 7111 7114 7115
f 7121 7115 7114
f 6998 6995 6994
f 6999 6998 6994
f 6995 6998 7003
f 6999 7000 7438
f 7003 7000 6999
f 7047 7036 7011
f 7063 7047 7011
f 7036 7047 7087
f 7087 7061 7036
f 7047 7063 7087
f 7434 7438 7453
f 7001 7002 7436
f 7001 7436 7454
f 7458 7009 7007
f 7458 7123 7009
f 7458 7465 7543
f 7458 7543 7548
f 7437 7443 7445
f 7539 7541 7556
f 7435 7432 7005
f 7006 7441 7442
f 7432 7435 7439
f 7442 7441 7440
f 7008 7010 7459
f 7010 7124 7459
f 7547 7459 7124
f 7551 7466 7459
f 7459 7547 7549
f 7459 7549 7551
f 7124 7129 7547
f 7058 7013 7012
f 7012 7013 7015
f 7012 7014 7058
f 7013 7058 7062
f 7014 7016 7060
f 7060 7058 7014
f 7070 7062 7058
f 7069 7064 7028
f 7071 7069 7028
f 7062 7070 7071
f 7066 7060 7016
f 7069 7071 7157
f 7130 7071 7070
f 7071 7130 7131
f 7071 7131 7133
f 7071 7133 7135
f 7176 7157 7071
f 7182 7176 7071
f 7187 7182 7071
f 7029 7053 7081
f 7081 7067 7029
f 7053 7054 7081
f 7081 7068 7067
f 7164 7081 7054
f 7068 7081 7164
f 7156 7155 7073
f 7155 7151 7148
f 7151 7155 7161
f 7155 7156 7160
f 7167 7161 7155
f 7042 7045 7077
f 7082 7050 7042
f 7042 7077 7082
f 7056 7045 7044
f 7056 7055 7045
f 7045 7055 7077
f 7082 7052 7050
f 7083 7077 7055
f 7083 7082 7077
f 7150 7086 7056
f 7154 7150 7056
f 7084 7083 7055
f 7054 7149 7164
f 7149 7163 7164
f 7164 7074 7068
f 7164 7158 7074
f 7164 7159 7158
f 7164 7163 7162
f 7153 7566 7567
f 7562 7564 7566
f 7564 7565 7566
f 7567 7566 7565
f 7134 7132 7070
f 7177 7134 7072
f 7132 7134 7136
f 7186 7136 7134
f 7134 7177 7183
f 7134 7181 7186
f 7183 7181 7134
f 7157 7176 7177
f 7131 7132 7133
f 7178 7182 7187
f 7187 7179 7178
f 7093 7091 7090
f 7095 7101 7103
f 7110 7111 7115
f 7122 7120 7119
f 7127 7126 7125
f 7126 7127 7129
f 7547 7129 7127
f 7127 7128 7547
f 7128 7546 7547
f 7547 7546 7545
f 7549 7547 7545
f 7128 7127 7125
f 7546 7128 7125
f 7125 7544 7546
f 7544 7545 7546
f 7186 7185 7136
f 7188 7186 7181
f 7185 7186 7189
f 7190 7189 7186
f 7191 7190 7186
f 7186 7188 7191
f 7184 7185 7189
f 7562 7563 7564
f 7146 7153 7567
f 7161 7167 7168
f 7172 7168 7167
f 7173 7172 7167
f 7171 7170 7165
f 7172 7169 7168
f 7166 7169 7172
f 7166 7172 7173
f 7178 7179 7180
f 7191 7180 7179
f 7179 7190 7191
f 7191 7188 7180
f 7213 7214 8513
f 8510 8511 8513
f 7218 7217 7215
f 8514 8512 7216
f 8531 8530 7243
f 7244 7245 7246
f 8721 7246 7245
f 7221 7220 7219
f 7222 7223 7224
f 7222 7224 9445
f 7247 7248 7249
f 9682 9681 9445
f 7256 7255 7254
f 7235 7236 7252
f 7235 7252 7253
f 10384 7252 7236
f 10370 10368 7236
f 10384 10370 7236
f 7252 7251 7250
f 7251 7252 8580
f 7253 7252 7250
f 7252 8580 8583
f 10368 10319 7257
f 7594 10319 10368
f 10370 10376 10384
f 10189 10207 10384
f 10207 10208 10384
f 10384 10209 10208
f 10384 10216 10209
f 10215 10216 10384
f 10376 10377 10384
f 7269 7271 7272
f 7268 7267 7264
f 7264 7265 7268
f 7273 7272 7271
f 8706 8580 8579
f 8750 8737 7271
f 7251 8580 8583
f 7594 10165 10319
f 7274 7275 7276
f 7277 7278 7279
f 9723 9722 9721
f 9724 9725 9726
f 9677 9657 9560
f 7310 7309 7304
f 7309 7310 7311
f 7324 7325 7326
f 7333 7335 7337
f 7356 7354 7352
f 7334 7336 7338
f 7353 7355 7357
f 7378 7376 7375
f 7342 7340 7339
f 7368 7369 7372
f 7557 7538 7537
f 7343 7345 7358
f 7387 7379 7374
f 7558 7542 7540
f 7395 7394 7393
f 7377 7381 7382
f 7570 7571 7579
f 7373 7371 7370
f 7580 7573 7572
f 9365 9366 9368
f 7389 7388 7380
f 7392 7396 7397
f 7574 7576 7581
f 7582 7578 7577
f 9390 9389 9387
f 9369 9374 9375
f 9410 9407 9405
f 7411 7418 7475
f 7412 7475 7483
f 7483 7414 7412
f 7422 7420 7419
f 7421 7485 7486
f 7501 7485 7421
f 7415 7500 7501
f 7484 7468 7467
f 7502 7501 7500
f 7501 7489 7485
f 7417 7423 7476
f 7420 7422 7424
f 7422 7504 7505
f 7488 7486 7485
f 7489 7488 7485
f 7486 7488 7504
f 7505 7504 7488
f 7506 7505 7488
f 7509 7510 7513
f 7430 7431 7456
f 7430 7444 7446
f 7456 7444 7430
f 7447 7433 7431
f 7431 7433 7455
f 7431 7455 7456
f 7522 7462 7448
f 7460 7462 7550
f 7462 7522 7524
f 7553 7550 7462
f 7437 7445 7463
f 7449 7464 7523
f 7552 7464 7461
f 7525 7523 7464
f 7534 7525 7464
f 7464 7552 7554
f 7451 7452 7482
f 7521 7520 7512
f 7496 7495 7478
f 7529 7527 7526
f 7531 7528 7527
f 7527 7529 7530
f 7527 7530 7531
f 7534 7532 7525
f 7469 7470 7471
f 7472 7470 7469
f 7469 7471 7473
f 7479 7472 7469
f 7469 7473 7474
f 7469 7474 7481
f 7478 7477 7469
f 7469 7477 7479
f 7481 7478 7469
f 7490 7494 7515
f 7497 7488 7487
f 7487 7488 7489
f 7488 7497 7498
f 7488 7498 7511
f 7511 7506 7488
f 7519 7498 7497
f 7514 7499 7493
f 7516 7518 7519
f 7532 7529 7526
f 7528 7531 7533
f 9417 9418 9427
f 9421 9425 9428
f 9714 9677 7594
f 7594 9714 10165
f 10215 9714 9677
f 9714 10165 10215
f 7624 7623 7622
f 9713 8769 7613
f 10379 8769 7613
f 7613 9713 10442
f 10695 8773 8769
f 10504 10442 9713
f 10379 10382 10695
f 10440 10442 10504
f 9458 9457 9456
f 7631 7639 7640
f 7632 7641 7642
f 7827 7825 7822
f 7826 7828 7829
f 7646 7647 7650
f 7815 7807 7805
f 7655 7653 7652
f 7653 7655 7997
f 7997 7994 7653
f 7999 7997 7655
f 7830 7832 7833
f 7996 7995 7994
f 7999 7998 7997
f 7741 7886 7978
f 8240 7833 7832
f 7833 8240 8243
f 7675 7866 7871
f 7686 7866 7871
f 7703 7702 7701
f 7705 7709 8164
f 8048 8159 8160
f 7711 7707 7704
f 8061 8142 8164
f 7721 7715 7713
f 8142 8061 7955
f 8233 8142 7955
f 7714 7720 7722
f 7714 7722 7723
f 7732 7731 7730
f 7883 7882 7727
f 7882 7883 7885
f 7887 7888 7889
f 7754 7753 7747
f 7755 7767 7768
f 7770 7769 7756
f 8029 8032 8034
f 7880 7879 7878
f 7911 7913 7914
f 7921 7917 7916
f 7832 8239 8240
f 8241 8239 8238
f 8240 8242 8243
f 7837 7836 7835
f 7835 7839 7840
f 8300 8353 8354
f 8377 7928 7923
f 7931 7930 7927
f 7919 7920 7922
f 7932 7937 7939
f 7935 7938 7941
f 7940 7939 7937
f 7942 7940 7937
f 8283 8282 8281
f 7957 8153 8234
f 8346 8153 7957
f 8329 8324 8323
f 8324 8329 8332
f 7954 7944 7943
f 7943 7948 7954
f 7954 7950 7944
f 7950 7954 7956
f 7968 7956 7954
f 7965 7958 7954
f 7954 7958 7968
f 7954 7959 7960
f 7954 7960 7961
f 7954 7961 7965
f 8198 8183 8142
f 8233 8198 8142
f 8376 8234 8153
f 8153 8359 8376
f 8004 8006 8007
f 8021 8019 8018
f 8065 8015 8014
f 8020 8025 8026
f 8251 8247 8246
f 8038 8037 8033
f 8077 8078 8087
f 8041 8043 8046
f 8062 8057 8056
f 8162 8161 8058
f 8069 8070 8071
f 8134 8128 8127
f 8090 8089 8079
f 8178 8179 8180
f 8129 8130 8131
f 8333 8297 8294
f 8316 8317 8318
f 8315 8320 8321
f 8196 8199 8200
f 8167 8170 8174
f 8219 8217 8216
f 8218 8220 8221
f 8382 8387 8393
f 8364 8365 8368
f 8451 8453 8455
f 8460 8459 8455
f 8249 8250 8252
f 8264 8262 8261
f 8258 8259 8296
f 8263 8268 8269
f 8551 8550 8549
f 8550 8551 8553
f 8287 8286 8284
f 8332 8329 8326
f 8335 8331 8328
f 8349 8350 8351
f 8325 8334 8344
f 8593 8592 8585
f 8348 8380 8381
f 8398 8374 8373
f 8391 8388 8386
f 8386 8390 8391
f 8437 8436 8434
f 8443 8444 8452
f 8477 8476 8473
f 8453 8454 8455
f 8460 8455 8454
f 8482 8480 8474
f 8506 8508 8509
f 8524 8523 8520
f 8517 8518 8519
f 8536 8535 8534
f 8564 8567 8581
f 8564 8566 8567
f 8538 8537 8533
f 8720 8719 8532
f 8538 8719 8720
f 8720 8734 8736
f 8725 8724 8723
f 8554 8553 8551
f 8552 8555 8556
f 8574 8573 8571
f 8573 8574 8575
f 8575 8574 8568
f 8578 8577 8576
f 8728 8727 8726
f 10700 10699 8706
f 8594 8589 8586
f 8605 8603 8602
f 8604 8609 8610
f 8741 8740 8739
f 8754 8756 8757
f 8755 8760 8761
f 8627 8626 8625
f 8663 8664 8765
f 8686 8669 8663
f 10168 10167 10166
f 8641 8647 8652
f 8641 8652 10169
f 8651 8640 8638
f 8638 8649 8651
f 8639 8642 8644
f 8652 8653 8654
f 8652 8654 8656
f 8652 8656 10169
f 10170 10169 8656
f 8668 8669 8683
f 8658 8654 8653
f 8667 8668 8671
f 8667 8671 8672
f 8824 8818 8813
f 8863 8824 8813
f 8683 8670 8668
f 8668 8670 8671
f 8654 8655 8656
f 8658 8655 8654
f 8657 8656 8655
f 8658 8657 8655
f 8819 8820 8821
f 8819 8821 8822
f 8843 8840 8822
f 8840 8841 8842
f 8843 8841 8840
f 8840 8842 8847
f 8843 8822 8821
f 8716 8765 10378
f 8807 8772 8765
f 8807 8765 8716
f 10183 10188 10378
f 8768 8767 8766
f 8683 8671 8670
f 8684 8672 8671
f 8671 8683 8684
f 8824 8863 8870
f 8863 8865 8866
f 8863 8866 8871
f 8871 8870 8863
f 8875 8866 8865
f 8865 8872 8875
f 8781 8780 8779
f 8680 8681 8682
f 8783 8777 8776
f 8877 8875 8872
f 8712 8689 8687
f 8689 8712 8717
f 8689 8717 10196
f 8714 8713 8712
f 8807 8714 8712
f 8712 8713 8717
f 8713 8714 8717
f 8714 8716 8717
f 8717 10194 10196
f 8913 8879 8876
f 8786 8785 8784
f 8796 8795 8793
f 8904 8901 8900
f 10701 10699 10696
f 8902 8906 8907
f 8714 8715 8716
f 8807 8715 8714
f 8807 8716 8715
f 10378 10195 8716
f 10424 10696 10697
f 10482 10483 10484
f 10487 10486 10485
f 8763 10326 10327
f 10382 10383 10695
f 10383 10418 10695
f 10418 10432 10695
f 10432 10440 10695
f 10504 10512 10695
f 10440 10504 10695
f 10389 10385 8787
f 8795 8796 8798
f 10406 8798 8796
f 8796 10405 10406
f 9020 9018 9017
f 8815 8824 8867
f 8815 8867 8869
f 8823 8820 8817
f 8820 8823 8841
f 8867 8868 8869
f 8869 8868 8864
f 8842 8848 8850
f 8852 8850 8848
f 8864 8868 8870
f 8864 8870 8871
f 8827 8831 8833
f 8859 8856 8854
f 8944 8945 8946
f 8885 8833 8832
f 8889 8887 8885
f 8887 8889 8890
f 8832 8883 8884
f 8884 8883 8882
f 8886 8884 8882
f 8834 8836 8837
f 8851 8849 8847
f 8852 8851 8850
f 8849 8851 8852
f 8859 8858 8857
f 8864 8871 8874
f 8877 8874 8871
f 8874 8877 8878
f 8891 8886 8882
f 8893 8891 8882
f 8881 8880 8879
f 8891 8893 8895
f 8913 8881 8879
f 8913 8911 8881
f 8881 8911 8912
f 8881 8912 8914
f 8915 8914 8912
f 8916 8917 8920
f 8917 8918 8920
f 8891 8888 8886
f 8888 8891 8892
f 8890 8889 8888
f 8892 8890 8888
f 8918 8898 8897
f 8898 8918 8922
f 8898 8922 8927
f 8982 8981 8980
f 8923 8922 8921
f 8919 8921 8922
f 8922 8923 8927
f 8923 8924 8927
f 8924 8925 8927
f 8919 8917 8916
f 8921 8919 8916
f 8928 8923 8921
f 10612 8928 8921
f 8926 8928 8929
f 8928 10612 10613
f 8926 8925 8924
f 8925 8926 8929
f 8936 8934 8932
f 8936 8935 8934
f 10637 10638 10640
f 8983 8984 9023
f 9024 9023 8984
f 10641 10640 10638
f 8940 8941 8943
f 8943 8942 8940
f 8988 8987 8986
f 10647 10648 10649
f 8987 8988 9027
f 10650 10649 10648
f 8952 8955 8963
f 8964 8955 8954
f 8964 8963 8955
f 10660 10659 8969
f 8991 8993 9007
f 10656 10655 10639
f 8969 8971 10660
f 9016 9007 8993
f 10662 10660 8971
f 9012 9014 10677
f 9012 10677 10678
f 10669 10670 10734
f 10734 10733 10669
f 10674 10673 10672
f 10738 10674 10672
f 8993 9015 9016
f 10668 10667 10666
f 9014 10676 10677
f 9031 9036 9037
f 9034 9041 9044
f 9062 9061 9053
f 9071 9063 9056
f 9147 9146 9145
f 9057 9058 9060
f 9149 9151 9152
f 9070 9069 9067
f 9482 9484 9486
f 9153 9154 9155
f 9495 9493 9492
f 9082 9083 9084
f 9088 9085 9077
f 9099 9088 9077
f 9089 9090 9091
f 9081 9094 9095
f 9081 9095 9126
f 9076 9098 9100
f 9101 9100 9098
f 9107 9105 9104
f 9176 9206 9208
f 9221 9259 9266
f 9105 9107 9108
f 9206 9207 9208
f 9212 9213 9214
f 9217 9215 9214
f 9214 9216 9217
f 9216 9214 9213
f 9301 9266 9259
f 9232 9118 9116
f 9231 9136 9130
f 9118 9232 9260
f 9232 9255 9260
f 9272 9233 9229
f 9275 9272 9233
f 9301 9292 9266
f 9167 9271 9272
f 9167 9302 9304
f 9304 9198 9167
f 9167 9271 9304
f 9321 9304 9302
f 9148 9470 9471
f 9150 9472 9477
f 9489 9488 9156
f 9497 9490 9160
f 9179 9181 9182
f 9180 9187 9188
f 9186 9184 9174
f 9202 9186 9174
f 9175 9189 9192
f 9175 9192 9204
f 9209 9210 9211
f 9592 9591 9590
f 9333 9334 9335
f 9243 9241 9239
f 9240 9245 9246
f 9329 9330 9338
f 9339 9332 9331
f 10099 10100 10101
f 9350 9351 9746
f 9350 9351 9740
f 9748 9746 9350
f 10105 10104 10103
f 9651 9650 9649
f 10160 9361 9354
f 9748 9747 9746
f 9361 10160 10161
f 9355 9356 10150
f 10162 9359 9355
f 9355 10150 10154
f 9355 10154 10162
f 10152 10150 9356
f 9362 10162 10163
f 9691 10815 10816
f 9372 9371 9367
f 9376 9373 9370
f 9419 9422 9423
f 9420 9424 9426
f 9383 9384 9385
f 9403 9394 9392
f 9393 9391 9388
f 9432 9431 9430
f 9397 9396 9386
f 9413 9398 9395
f 9433 9437 9440
f 9513 9514 9517
f 9409 9411 9412
f 9438 9435 9434
f 9441 9439 9436
f 9507 9508 9509
f 9518 9541 9542
f 9547 9548 9550
f 9611 9612 9634
f 9615 9621 9636
f 9680 9675 9674
f 9681 9682 9683
f 9461 9462 9463
f 9708 9727 9728
f 9729 9730 9731
f 10346 10479 10480
f 9522 9521 9520
f 9525 9529 9552
f 9487 9485 9483
f 9496 9494 9491
f 9561 9562 9563
f 9564 9565 9567
f 9584 9570 9569
f 9581 9580 9579
f 9515 9516 9519
f 9504 9503 9502
f 9536 9535 9534
f 9604 9559 9558
f 9608 9609 9610
f 9524 9526 9528
f 9512 9511 9510
f 9543 9544 9545
f 9635 9614 9613
f 9566 9568 9605
f 9551 9549 9546
f 9553 9556 9557
f 9618 9619 9620
f 9571 9572 9607
f 9585 9586 9606
f 9637 9623 9622
f 9644 9625 9624
f 9645 9638 9627
f 9632 9631 9630
f 9633 9639 9646
f 9684 9687 10816
f 9690 9689 9688
f 9688 9689 10792
f 9692 10817 10818
f 9749 9750 9751
f 9749 9751 10833
f 9752 10845 10846
f 9693 9694 10229
f 9695 9694 9693
f 9696 9695 9693
f 10781 9697 9693
f 9699 9698 9697
f 10781 9699 9697
f 10586 10267 10229
f 9732 9733 9737
f 9738 9737 9733
f 9741 9742 9743
f 10821 9743 9742
f 9720 9736 9745
f 9720 9745 10494
f 10494 10493 9720
f 9745 9747 10494
f 9748 10230 10281
f 9781 9786 9787
f 9774 9776 10094
f 9803 9806 10095
f 10056 10057 10058
f 9813 9810 9809
f 9805 9804 9799
f 9815 9814 9812
f 10079 10078 10077
f 9956 9958 9961
f 9962 9961 9958
f 9844 9845 9846
f 9835 9836 9840
f 9844 9824 9821
f 9838 9841 9842
f 10115 10111 10081
f 10114 10113 10112
f 10250 10243 10242
f 10045 10042 10041
f 10146 10143 10142
f 10145 10147 10148
f 9950 9948 9947
f 9954 9953 9951
f 10027 10023 10022
f 10030 10029 10028
f 10067 10068 10069
f 10086 10087 10088
f 10086 10088 10089
f 10136 10128 10127
f 10127 10135 10136
f 10134 10130 10129
f 10138 10137 10134
f 10766 10764 10157
f 10752 10753 10754
f 10756 10754 10753
f 10760 10761 10764
f 10172 10174 10177
f 10172 10177 10190
f 10172 10190 10202
f 10177 10176 10171
f 10190 10177 10171
f 10191 10190 10171
f 10190 10201 10202
f 10537 10548 10550
f 10408 10407 10180
f 10381 10380 10182
f 10552 10550 10548
f 10437 10435 10205
f 10213 10456 10457
f 10270 10461 10498
f 10237 10260 10264
f 10238 10239 10265
f 10262 10265 10266
f 10245 10246 10810
f 10299 10811 10812
f 10753 10752 10746
f 10755 10758 10759
f 10309 10310 10313
f 10314 10313 10310
f 10497 10496 10495
f 10503 10502 10501
f 10693 10688 10278
f 10690 10689 10687
f 10696 10698 10701
f 10814 10813 10298
f 10312 10315 10316
f 10783 10786 10787
f 10786 10780 10779
f 10787 10786 10779
f 10785 10788 10789
f 10530 10529 10520
f 10531 10532 10533
f 10321 10322 10323
f 10349 10350 10351
f 10388 10395 10446
f 10698 10696 10425
f 10463 10459 10453
f 10464 10463 10462
f 10459 10463 10465
f 10463 10464 10465
f 10478 10616 10711
f 10478 10711 10712
f 10708 10707 10574
f 10707 10708 10709
f 10742 10741 10740
f 10527 10843 10844
f 10823 10824 10831
f 10552 10551 10539
f 10549 10551 10552
f 10564 10557 10556
f 10556 10557 10558
f 10559 10558 10557
f 10655 10565 10563
f 10564 10559 10557
f 10667 10610 10565
f 10565 10655 10667
f 10705 10706 10720
f 10714 10717 10728
f 10731 10725 10723
f 10731 10729 10725
f 10725 10724 10723
f 10769 10763 10762
f 10767 10765 10762
f 10793 10794 10797
f 10797 10799 10802
f 10807 10805 10800
f 10807 10808 10809
f 10830 10829 10828
f 10795 10798 10801
f 10837 10836 10835
f 10834 10838 10839
f 10840 10841 10842
f 10834 10826 10825
f 10834 10839 10842
f 7 2 1 8
f 1 3 15 16
f 5 3 2 4
f 11 4 2 7
f 3 5 22 15
f 12 6 4 11
f 5 6 23 22
f 6 12 49 23
f 7 8 9 10
f 7 10 13 11
f 9 38 153 148
f 151 13 10 148
f 14 12 11 13
f 12 14 54 49
f 158 54 14 151
f 25 17 15 22
f 16 17 28 27
f 17 25 50 28
f 29 20 18 30
f 18 19 58 59
f 19 20 21 24
f 19 24 65 58
f 35 21 20 29
f 52 26 21 35
f 50 25 23 49
f 24 26 66 65
f 26 52 104 66
f 39 38 27 28
f 56 39 28 50
f 29 31 53 35
f 81 31 30 80
f 106 53 31 81
f 41 34 32 40
f 32 33 86 82
f 33 34 36 37
f 33 37 88 86
f 45 36 34 41
f 36 45 55 51
f 37 51 105 88
f 39 56 158 153
f 41 44 48 45
f 42 43 47 46
f 42 46 101 98
f 212 47 43 209
f 46 57 112 101
f 222 57 47 212
f 111 55 48 102
f 56 50 49 54
f 51 55 111 105
f 52 53 106 104
f 618 112 57 222
f 67 61 58 65
f 59 61 83 80
f 60 63 64 68
f 70 62 60 71
f 60 68 76 71
f 61 67 107 83
f 84 63 62 85
f 92 64 63 84
f 109 69 64 92
f 107 67 66 104
f 68 69 78 76
f 131 78 69 109
f 70 73 115 113
f 77 73 71 76
f 72 75 79 133
f 136 74 72 135
f 72 133 137 135
f 73 77 123 115
f 116 75 74 117
f 124 79 75 116
f 77 78 131 123
f 79 124 139 134
f 81 83 107 106
f 82 87 97 96
f 110 92 84 95
f 114 95 85 113
f 89 87 86 88
f 87 89 100 97
f 89 105 111 100
f 94 91 90 93
f 90 91 120 119
f 91 108 132 120
f 603 94 93 600
f 619 108 94 603
f 128 110 95 114
f 103 99 98 101
f 99 103 605 602
f 103 112 618 605
f 651 132 108 619
f 109 110 128 131
f 114 115 123 128
f 116 118 140 124
f 141 118 117 1518
f 142 140 118 141
f 119 120 129 126
f 127 122 121 125
f 121 122 1528 1526
f 122 130 1532 1528
f 400 127 125 398
f 126 129 640 637
f 404 130 127 400
f 129 132 651 640
f 130 404 2176 1532
f 133 134 138 137
f 143 138 134 139
f 135 137 1507 1501
f 136 1501 1519 1518
f 138 143 1523 1507
f 139 140 142 143
f 1523 142 141 1519
f 144 145 147 149
f 154 146 144 152
f 144 149 155 152
f 145 146 176 175
f 178 147 145 175
f 185 150 147 178
f 158 151 148 153
f 149 150 159 155
f 221 159 150 185
f 152 155 157 156
f 154 156 208 203
f 156 157 211 208
f 157 159 221 211
f 226 162 160 225
f 160 161 414 413
f 161 162 164 165
f 161 165 417 414
f 232 164 162 226
f 163 365 692 449
f 234 166 164 232
f 165 166 418 417
f 166 234 625 418
f 167 168 174 173
f 167 173 450 420
f 310 174 168 231
f 445 170 169 447
f 169 171 452 447
f 645 238 170 445
f 171 172 453 452
f 172 309 655 453
f 173 174 324 323
f 173 323 664 450
f 174 310 366 324
f 175 177 180 178
f 204 177 176 203
f 207 180 177 204
f 183 181 179 182
f 179 181 206 205
f 214 184 179 205
f 221 185 180 207
f 181 186 223 206
f 182 184 187 188
f 189 183 182 188
f 200 186 183 189
f 186 200 254 223
f 190 188 187 195
f 193 189 188 190
f 189 193 201 200
f 199 193 190 197
f 191 194 198 196
f 191 192 5318 5317
f 5319 194 191 5317
f 192 196 247 248
f 5327 202 194 5319
f 246 197 195 244
f 196 198 251 247
f 250 199 197 246
f 198 202 271 251
f 268 201 199 250
f 200 201 268 254
f 5348 271 202 5327
f 204 208 211 207
f 205 206 220 215
f 218 212 209 216
f 219 213 210 217
f 210 213 604 601
f 213 224 615 604
f 215 220 243 242
f 614 218 216 612
f 5342 219 217 5339
f 618 222 218 614
f 5350 224 219 5342
f 220 223 254 243
f 6439 615 224 5350
f 609 230 225 607
f 226 230 233 232
f 227 228 240 239
f 608 229 227 620
f 227 239 628 620
f 228 229 281 280
f 305 240 228 280
f 623 233 230 609
f 231 235 311 310
f 625 234 233 623
f 654 311 235 624
f 236 237 6588 6584
f 6594 307 236 6584
f 237 621 7323 6588
f 239 241 630 628
f 306 241 240 305
f 241 306 6446 630
f 242 243 249 245
f 243 254 268 249
f 250 246 245 249
f 247 251 253 252
f 252 253 5332 5331
f 253 271 5348 5332
f 255 256 261 260
f 255 260 266 262
f 272 261 256 269
f 257 258 288 287
f 5856 259 257 5857
f 257 287 5895 5857
f 258 259 313 312
f 315 288 258 312
f 5898 313 259 5856
f 267 263 262 266
f 263 267 278 274
f 264 265 290 285
f 298 275 264 285
f 265 277 300 290
f 269 270 273 272
f 279 273 270 276
f 279 276 274 278
f 300 277 275 298
f 5357 305 280 5353
f 6443 5353 281 6431
f 292 283 282 291
f 301 291 282 295
f 293 284 283 292
f 294 286 284 293
f 286 294 304 299
f 287 289 5897 5895
f 317 289 288 315
f 289 317 5933 5897
f 295 296 302 301
f 296 297 303 302
f 297 299 304 303
f 306 5357 6445 6446
f 6595 308 307 6594
f 7361 652 308 6595
f 310 311 367 366
f 1047 367 311 654
f 312 314 316 315
f 5900 314 313 5898
f 5934 316 314 5900
f 5933 317 316 5934
f 377 320 318 376
f 318 319 5462 5454
f 6223 376 318 5454
f 319 320 322 321
f 319 321 5464 5462
f 379 322 320 377
f 323 324 359 358
f 323 358 781 664
f 393 359 324 366
f 325 327 831 989
f 998 326 325 989
f 999 368 326 998
f 327 333 830 831
f 396 331 328 6314
f 328 329 6315 6314
f 329 330 6316 6315
f 395 332 331 396
f 397 335 332 395
f 333 334 835 830
f 334 369 840 835
f 336 338 4934 4931
f 7237 337 336 7266
f 345 340 339 346
f 339 341 382 381
f 384 346 339 381
f 1144 341 340 1143
f 340 345 1145 1143
f 341 1144 1146 382
f 342 343 1084 1085
f 342 1085 1087 1088
f 343 344 388 387
f 343 387 1099 1084
f 386 347 346 384
f 349 353 348 350
f 348 6310 6312 350
f 6313 351 350 6312
f 8063 1170 351 6313
f 353 1170 4956 4934
f 355 357 363 362
f 778 356 355 779
f 355 362 787 779
f 361 357 356 360
f 785 360 356 778
f 357 361 364 363
f 366 367 394 393
f 1057 394 367 1047
f 372 371 370 6128
f 370 371 374 373
f 370 373 6129 6128
f 371 372 375 374
f 372 6128 6129 375
f 6232 378 376 6223
f 377 378 380 379
f 6235 380 378 6232
f 381 383 385 384
f 387 388 1101 1099
f 1111 1101 388 1115
f 389 390 392 391
f 389 391 1102 1103
f 391 392 6304 6303
f 7625 1102 391 6303
f 406 400 398 402
f 399 401 407 403
f 639 401 399 636
f 642 409 401 639
f 404 406 2179 2176
f 405 408 410 411
f 430 408 405 431
f 405 411 1538 1535
f 407 409 2182 2180
f 439 410 408 430
f 409 642 2385 2182
f 440 412 410 439
f 411 412 2183 1538
f 412 440 2200 2183
f 413 415 611 607
f 419 415 414 417
f 415 419 626 611
f 416 423 432 433
f 617 422 416 599
f 626 419 418 625
f 451 421 420 450
f 421 451 653 622
f 424 423 422 425
f 627 425 422 617
f 423 424 442 432
f 424 426 443 442
f 629 426 425 627
f 643 443 426 629
f 427 428 435 436
f 439 430 427 436
f 428 429 634 632
f 647 435 428 632
f 444 434 432 442
f 433 434 633 631
f 434 444 644 633
f 648 437 435 647
f 436 437 465 462
f 438 446 671 670
f 681 441 438 670
f 844 468 441 681
f 644 444 443 643
f 446 646 1049 671
f 665 451 450 664
f 1048 653 451 665
f 454 455 457 456
f 459 455 454 460
f 454 456 2187 2185
f 2193 460 454 2185
f 463 457 455 459
f 456 458 2188 2187
f 464 458 457 463
f 458 464 2196 2188
f 461 467 2198 2194
f 462 465 466 467
f 2198 467 466 2199
f 466 657 2389 2199
f 846 472 468 844
f 890 470 469 889
f 892 471 470 891
f 897 474 471 892
f 920 476 474 899
f 475 476 920 919
f 926 479 475 919
f 928 481 479 926
f 480 481 928 927
f 480 930 2696 2206
f 929 482 481 928
f 483 484 486 487
f 483 489 490 493
f 483 487 491 489
f 494 484 483 493
f 484 485 488 486
f 495 485 484 494
f 2238 488 485 2232
f 485 495 2247 2232
f 492 490 489 491
f 497 493 490 492
f 496 494 493 497
f 498 495 494 496
f 495 498 2251 2247
f 535 501 499 537
f 499 500 538 537
f 499 501 541 542
f 565 500 499 542
f 500 510 560 538
f 561 510 500 565
f 536 502 501 535
f 501 502 543 541
f 546 503 502 536
f 502 503 549 543
f 547 504 503 546
f 503 504 550 549
f 557 507 504 547
f 504 507 576 550
f 505 506 509 508
f 516 506 505 515
f 517 515 505 518
f 556 509 506 548
f 506 516 575 548
f 507 520 577 576
f 585 520 507 557
f 517 518 508 519
f 508 509 530 519
f 584 530 509 556
f 510 511 562 560
f 567 511 510 561
f 566 512 511 567
f 511 512 568 562
f 570 513 512 566
f 512 513 572 568
f 571 514 513 570
f 513 514 598 572
f 589 534 514 571
f 514 534 591 598
f 523 516 515 521
f 515 517 525 521
f 516 523 578 575
f 517 519 526 525
f 531 526 519 530
f 520 529 579 577
f 596 529 520 585
f 521 522 524 523
f 527 522 521 525
f 532 524 522 528
f 523 524 580 578
f 524 532 586 580
f 525 526 528 527
f 532 528 526 531
f 529 533 590 579
f 592 533 529 596
f 587 531 530 584
f 586 532 531 587
f 533 534 589 590
f 591 534 533 592
f 535 537 539 544
f 545 536 535 544
f 536 545 551 546
f 537 538 540 539
f 563 540 538 560
f 539 542 541 544
f 565 542 539 540
f 561 565 540 563
f 541 543 545 544
f 551 545 543 549
f 552 547 546 551
f 547 552 555 557
f 554 553 548 575
f 548 553 558 556
f 549 550 552 551
f 555 552 550 576
f 554 575 578 582
f 555 576 577 581
f 585 557 555 581
f 556 558 559 584
f 587 584 559 588
f 560 562 564 563
f 561 563 564 567
f 569 564 562 568
f 566 567 564 569
f 566 569 573 570
f 573 569 568 572
f 574 571 570 573
f 571 574 594 589
f 574 573 572 598
f 574 598 591 594
f 577 579 583 581
f 578 580 595 582
f 593 583 579 590
f 580 586 597 595
f 596 585 581 583
f 592 596 583 593
f 586 587 588 597
f 593 590 589 594
f 591 592 593 594
f 610 603 600 606
f 601 604 616 613
f 602 605 614 612
f 641 610 606 638
f 609 611 626 623
f 651 619 610 641
f 6436 616 615 6439
f 654 624 622 653
f 632 635 650 647
f 641 638 637 640
f 649 648 647 650
f 1047 654 653 1048
f 2952 1068 656 2390
f 658 659 660 763
f 662 659 658 661
f 735 736 658 763
f 740 661 658 736
f 698 660 659 697
f 659 662 707 697
f 660 698 714 716
f 806 763 660 716
f 663 662 661 767
f 661 740 757 767
f 662 663 708 707
f 715 708 663 717
f 663 767 808 717
f 786 665 664 781
f 665 786 1058 1048
f 677 667 666 673
f 666 668 696 693
f 699 673 666 693
f 667 677 684 683
f 685 668 667 683
f 668 685 710 696
f 674 672 669 679
f 669 676 688 689
f 690 679 669 689
f 672 675 680 676
f 672 674 842 675
f 704 678 673 699
f 674 679 705 700
f 674 700 866 842
f 675 842 845 843
f 676 680 691 688
f 677 678 686 684
f 711 686 678 704
f 679 690 718 705
f 848 691 680 843
f 682 354 5000 4948
f 695 694 693 696
f 693 694 701 699
f 698 697 694 695
f 694 697 707 701
f 695 696 710 712
f 714 698 695 712
f 699 701 702 704
f 706 703 700 705
f 700 703 867 866
f 701 707 708 702
f 711 704 702 713
f 702 708 715 713
f 703 706 709 873
f 868 867 703 873
f 719 706 705 718
f 720 709 706 719
f 874 873 709 876
f 709 720 893 876
f 721 723 722 726
f 721 726 725 730
f 769 723 721 768
f 742 726 722 745
f 722 724 746 745
f 775 724 723 769
f 764 746 724 775
f 725 726 742 743
f 744 730 725 743
f 727 729 732 731
f 760 728 727 759
f 727 731 761 759
f 1052 729 728 1053
f 728 760 1061 1053
f 1054 732 729 1052
f 730 744 797 774
f 731 733 762 761
f 1055 733 732 1054
f 1062 762 733 1055
f 734 735 738 737
f 740 736 734 739
f 734 737 741 739
f 735 763 806 807
f 810 738 735 807
f 755 741 737 751
f 812 751 738 810
f 739 741 758 757
f 744 743 742 748
f 742 745 747 748
f 744 748 765 797
f 766 747 746 764
f 765 748 747 766
f 749 750 752 753
f 932 750 749 933
f 749 756 934 933
f 941 754 750 932
f 813 755 751 812
f 795 753 752 800
f 752 754 802 800
f 814 756 753 795
f 977 802 754 941
f 811 758 755 813
f 756 814 984 934
f 808 767 757 809
f 757 758 811 809
f 2744 760 759 2739
f 759 761 2752 2739
f 761 762 2753 2752
f 762 1062 2866 2753
f 764 775 777 798
f 798 797 765 766
f 777 769 768 774
f 770 771 772 773
f 799 771 770 801
f 770 776 815 801
f 1051 773 772 1050
f 1056 776 773 1051
f 774 797 798 777
f 836 815 776 1056
f 778 782 783 785
f 789 782 779 787
f 3657 784 780 3656
f 780 788 3658 3656
f 790 783 782 789
f 3675 793 784 3657
f 788 792 3659 3658
f 792 794 3676 3659
f 795 800 804 816
f 796 801 799 803
f 796 803 1059 1060
f 1063 815 796 1060
f 799 801 819 820
f 801 815 826 819
f 988 816 804 977
f 814 816 988 984
f 1064 826 815 1063
f 817 818 1173 1172
f 1174 832 817 1172
f 818 834 1177 1173
f 829 820 819 824
f 821 822 945 990
f 822 823 827 825
f 822 825 946 945
f 838 827 823 837
f 824 826 1064 1066
f 1065 829 824 1066
f 825 828 995 946
f 839 828 827 838
f 828 839 1002 995
f 1175 833 832 1174
f 1178 841 833 1175
f 870 845 842 866
f 843 845 849 848
f 887 849 845 870
f 848 849 1069 1067
f 849 887 1070 1069
f 857 851 850 854
f 850 851 859 858
f 860 854 850 858
f 852 857 854 855
f 856 853 852 855
f 853 856 2631 2637
f 861 855 854 860
f 862 856 855 861
f 856 862 2642 2631
f 858 859 863 860
f 864 861 860 863
f 865 862 861 864
f 862 865 2648 2642
f 866 867 871 870
f 867 868 872 871
f 868 873 874 869
f 868 869 878 872
f 869 874 875 879
f 882 878 869 879
f 870 871 884 887
f 871 872 888 884
f 872 878 895 888
f 874 876 877 875
f 880 879 875 978
f 875 877 980 978
f 894 877 876 893
f 877 894 983 980
f 878 882 896 895
f 879 880 883 882
f 880 881 905 883
f 880 978 979 881
f 881 901 906 905
f 1006 901 881 979
f 882 883 898 896
f 916 898 883 905
f 1070 887 884 1071
f 884 888 1072 1071
f 888 895 1073 1072
f 895 896 1074 1073
f 896 898 1075 1074
f 898 916 1076 1075
f 901 902 907 906
f 1007 902 901 1006
f 902 903 908 907
f 1008 903 902 1007
f 903 904 909 908
f 1015 904 903 1008
f 913 909 904 910
f 1017 910 904 1015
f 905 906 917 916
f 906 907 918 917
f 907 908 921 918
f 908 909 922 921
f 909 913 924 922
f 910 911 914 913
f 1019 911 910 1017
f 911 912 915 914
f 2679 912 911 1019
f 2678 915 912 2671
f 2681 2671 912 2679
f 913 914 925 924
f 914 915 931 925
f 2691 931 915 2678
f 916 917 1077 1076
f 917 918 1078 1077
f 918 921 1079 1078
f 921 922 1080 1079
f 922 924 1081 1080
f 924 925 1082 1081
f 925 931 1083 1082
f 2953 1083 931 2691
f 932 933 944 943
f 986 944 934 984
f 935 936 939 938
f 942 936 935 937
f 950 937 935 949
f 935 938 951 949
f 936 942 975 974
f 985 939 936 974
f 953 942 937 950
f 938 940 958 951
f 987 940 939 985
f 1028 958 940 987
f 941 943 976 977
f 942 953 1013 975
f 943 944 986 976
f 945 946 997 992
f 947 948 963 962
f 947 962 964 994
f 993 948 947 991
f 972 963 948 996
f 953 950 949 952
f 949 951 960 952
f 1013 953 952 1014
f 952 960 1029 1014
f 954 955 2738 2746
f 2863 1012 954 2746
f 959 956 955 957
f 955 956 2749 2738
f 956 961 2761 2749
f 1027 959 957 1012
f 1029 960 958 1028
f 1030 961 959 1027
f 961 1030 2867 2761
f 962 963 969 967
f 970 966 965 968
f 965 966 2768 2767
f 2769 971 965 2767
f 966 973 2774 2768
f 967 969 1041 1039
f 1042 970 968 1038
f 969 972 1040 1041
f 1043 973 970 1042
f 972 996 1005 1040
f 973 1043 2871 2774
f 988 977 976 986
f 981 979 978 980
f 979 981 1009 1006
f 982 981 980 983
f 981 982 1021 1009
f 1003 993 991 1000
f 992 997 1004 1001
f 1005 996 993 1003
f 1004 997 995 1002
f 1010 1007 1006 1009
f 1011 1008 1007 1010
f 1008 1011 1016 1015
f 1022 1010 1009 1021
f 1023 1011 1010 1022
f 1024 1016 1011 1023
f 1015 1016 1018 1017
f 1025 1018 1016 1024
f 1017 1018 1020 1019
f 1026 1020 1018 1025
f 1019 1020 2680 2679
f 1020 1026 2701 2680
f 1031 1032 1044 1037
f 1190 1033 1031 1185
f 1031 1037 1204 1185
f 1032 1033 1035 1034
f 1032 1034 1045 1044
f 1191 1035 1033 1190
f 1034 1036 1046 1045
f 1192 1036 1035 1191
f 1208 1046 1036 1192
f 1047 1048 1058 1057
f 1100 1086 1084 1099
f 1085 1086 1094 1087
f 1112 1094 1086 1100
f 1089 1088 1087 1096
f 1089 1096 1113 1117
f 1092 1093 1090 1097
f 1090 1093 1105 1122
f 1123 1091 1090 1122
f 1153 1097 1091 1169
f 1091 1123 1315 1169
f 1095 1093 1092 1098
f 1140 1098 1092 1138
f 1092 1097 1153 1138
f 1093 1095 1108 1105
f 1113 1096 1094 1112
f 1297 1108 1098 1140
f 1100 1101 1111 1112
f 7626 1104 1102 7625
f 1103 1104 1114 1118
f 7635 1114 1104 7626
f 1125 1122 1105 1109
f 1106 1110 1120 1119
f 1124 1107 1106 1119
f 1107 1124 1294 1291
f 1293 1125 1109 1297
f 1127 1120 1110 1126
f 1111 1115 1117 1113
f 1134 1121 1120 1127
f 1294 1124 1121 1295
f 1121 1134 1307 1295
f 1123 1125 1293 1315
f 1128 1127 1126 1129
f 1307 1134 1128 1306
f 1128 1130 1308 1306
f 1131 1133 1132 1135
f 1131 1136 1309 1311
f 1132 1133 7665 7663
f 7678 1137 1132 7663
f 1136 1137 1310 1309
f 8010 1310 1137 7678
f 1154 1139 1138 1153
f 1297 1140 1139 1298
f 1139 1154 1317 1298
f 1149 1147 1141 1171
f 1152 1142 1141 1147
f 1313 1171 1141 1292
f 1147 1149 1148 1151
f 1155 1152 1147 1151
f 1148 1150 1160 1157
f 1162 1151 1148 1157
f 1149 1171 1312 1150
f 1328 1160 1150 1312
f 1168 1155 1151 1162
f 1154 1169 1315 1317
f 1156 1161 1159 1165
f 1163 1161 1156 1167
f 1156 1165 1375 1377
f 1378 1167 1156 1377
f 1168 1162 1157 1164
f 1158 1166 1165 1159
f 1158 1159 1329 1330
f 1331 1166 1158 1330
f 1159 1161 1180 1329
f 1332 1164 1160 1328
f 1161 1163 1179 1180
f 1163 1167 1338 1179
f 1322 1168 1164 1332
f 1165 1166 1376 1375
f 1166 1331 1441 1376
f 1361 1338 1167 1378
f 1337 1180 1179 1338
f 1334 1329 1180 1337
f 1186 1182 1181 1183
f 4641 1184 1181 4640
f 1181 1182 4642 4640
f 1182 1187 4643 4642
f 1183 1184 1203 1202
f 1205 1186 1183 1202
f 4674 1203 1184 4641
f 1206 1187 1186 1205
f 1187 1206 4676 4643
f 1188 1189 1238 1237
f 1245 1193 1188 1237
f 1189 1207 1273 1238
f 1246 1194 1193 1245
f 1277 1210 1194 1246
f 1195 1266 4794 4671
f 4660 1200 1196 4661
f 1196 1198 4662 4661
f 1198 1199 4664 4662
f 1199 1201 4666 4664
f 1211 1214 4678 4679
f 4686 1217 1211 4679
f 4645 1213 1212 4644
f 1212 1256 4646 4644
f 4651 1218 1213 4645
f 1214 1215 4682 4678
f 1215 1219 4684 4682
f 4702 1220 1216 4701
f 1219 1221 4689 4684
f 4705 1221 1220 4702
f 1222 1223 1226 1224
f 1222 1225 1233 1229
f 1287 1223 1222 1229
f 1288 1271 1223 1287
f 1228 1225 1224 1227
f 1224 1226 1272 1227
f 1225 1228 1234 1233
f 4861 1231 1230 4860
f 1230 1403 5038 4860
f 4863 1235 1231 4861
f 1237 1238 1240 1244
f 1237 1244 1249 1245
f 1276 1240 1238 1273
f 1239 1241 1242 1258
f 1274 1241 1240 1276
f 1281 1242 1241 1274
f 1259 1258 1242 1261
f 1282 1261 1242 1281
f 1249 1244 1243 1247
f 1250 1246 1245 1249
f 1246 1250 1278 1277
f 1250 1249 1247 1251
f 1247 1248 1252 1251
f 1248 1258 1259 1263
f 1265 1252 1248 1263
f 1250 1251 1279 1278
f 1251 1252 1284 1279
f 1253 1254 4759 4758
f 4763 1257 1253 4758
f 4722 4701 1254 1255
f 1255 1267 4723 4722
f 1256 1268 4650 4646
f 1259 1261 1262 1260
f 1264 1263 1259 1260
f 1260 1262 1286 1285
f 4691 1264 1260 1285
f 1283 1262 1261 1282
f 1262 1283 1289 1286
f 1263 1264 4690 1265
f 4694 4690 1264 4691
f 4710 1284 1265 4690
f 1268 1269 4653 4650
f 1290 1272 1271 1288
f 4693 4691 1285 4717
f 1285 1286 4718 4717
f 1286 1289 4742 4718
f 1323 1313 1292 1322
f 1293 1297 1298 1317
f 1296 1300 1299 1314
f 1296 1314 1316 1319
f 1299 1300 1302 1301
f 1318 1314 1299 1320
f 1342 1320 1301 1343
f 1301 1302 1347 1343
f 1303 1305 1304 1321
f 1303 1321 1348 1346
f 1304 1305 8001 8000
f 8003 1340 1304 8000
f 1312 1313 1323 1328
f 1316 1318 1325 1326
f 1327 1319 1316 1326
f 1318 1320 1342 1325
f 1321 1340 1349 1348
f 1324 1335 1333 1339
f 1344 1335 1324 1345
f 1331 1334 1442 1441
f 1363 1339 1333 1359
f 1333 1336 1445 1359
f 1334 1337 1360 1442
f 1356 1336 1335 1344
f 1336 1356 1370 1445
f 1337 1338 1361 1360
f 8049 1349 1340 8003
f 7716 7717 1341 8027
f 1341 7717 7723 8028
f 8044 8027 1341 8042
f 1344 1350 1351 1356
f 1344 1345 1354 1350
f 1370 1356 1351 1371
f 1351 1354 1373 1371
f 1352 1353 1357 1355
f 8066 1353 1352 8072
f 8067 1358 1353 8066
f 1355 1357 1369 1374
f 1357 1358 1372 1369
f 8185 1372 1358 8067
f 1361 1378 1387 1362
f 1362 1387 1382 1443
f 1406 1405 1364 1446
f 1364 1366 1449 1446
f 1447 1367 1365 1368
f 8168 1368 1365 8166
f 1455 1449 1366 1456
f 1367 1447 1472 1474
f 8169 1468 1368 8168
f 1387 1377 1375 1382
f 1376 1441 1443 1382
f 1379 1381 1383 1384
f 1388 1380 1379 1384
f 1410 1381 1379 1412
f 1379 1380 1413 1412
f 1380 1388 1419 1413
f 1386 1383 1381 1385
f 1415 1385 1381 1410
f 1396 1384 1383 1400
f 1383 1386 1401 1400
f 1398 1388 1384 1396
f 1416 1386 1385 1415
f 1423 1401 1386 1416
f 1388 1398 1425 1419
f 1389 1390 1391 1393
f 1394 1392 1389 1393
f 1450 1390 1389 1461
f 1389 1392 1458 1461
f 1467 1391 1390 1450
f 1429 1393 1391 1428
f 1488 1428 1391 1467
f 1392 1394 1395 1397
f 1392 1397 1464 1458
f 4953 1394 1393 1429
f 4954 1395 1394 4953
f 1464 1397 1395 1465
f 5087 1465 1395 4954
f 1396 1400 1402 1399
f 1398 1399 1426 1425
f 1399 1402 1424 1426
f 1424 1402 1401 1423
f 1403 1404 5039 5038
f 1405 1406 1409 1408
f 1406 1446 1448 1407
f 1422 1409 1407 1421
f 1454 1421 1407 1448
f 1408 1409 1422 1420
f 1410 1412 1414 1411
f 1410 1411 1417 1415
f 1412 1413 1419 1414
f 1414 1419 1425 1463
f 1460 1417 1414 1463
f 1416 1417 1460 1423
f 1463 1426 1424 1460
f 1427 1430 1438 4959
f 4922 1430 1427 4921
f 4924 4921 1427 4977
f 1427 4959 4989 4977
f 1490 1431 1428 1488
f 1429 1431 4955 4953
f 4927 1432 1430 4922
f 4969 1438 1430 1439
f 1431 1490 5088 4955
f 1432 1433 1434 1436
f 4929 1433 1432 4927
f 1437 1436 1434 1435
f 5001 1435 1434 4999
f 1439 1437 1435 1440
f 5002 1440 1435 5001
f 4960 4959 1438 4961
f 4973 4961 1438 4969
f 1439 1440 4971 4970
f 5004 4971 1440 5002
f 1441 1442 1444 1443
f 1447 1468 1473 1472
f 1448 1449 1455 1454
f 1459 1452 1451 1457
f 1451 1453 1491 1489
f 5089 1457 1451 1489
f 1471 1453 1452 1469
f 1452 1459 1475 1469
f 1453 1471 1483 1491
f 1462 1461 1458 1466
f 1465 1466 1458 1464
f 1488 1467 1462 1487
f 1462 1466 5090 1487
f 5090 1466 1465 5087
f 8428 1473 1468 8169
f 1469 1475 1476 1480
f 1477 1478 1470 1479
f 1481 1479 1470 1482
f 1470 1478 8432 8426
f 8435 1482 1470 8426
f 1471 1480 1484 1483
f 1484 1480 1476 5078
f 1477 1481 1485 5079
f 1481 1482 1486 1485
f 8464 1486 1482 8435
f 5088 1490 1487 5090
f 1492 1494 1497 1496
f 5001 4999 1492 1496
f 5092 1494 1493 5091
f 1494 1495 1498 1497
f 5093 1495 1494 5092
f 8439 1498 1495 8438
f 1495 5093 9864 8438
f 5002 5001 1496 1500
f 1496 1497 5094 1500
f 1497 1498 1499 5094
f 8472 1499 1498 8439
f 5095 5094 1499 5098
f 9913 5098 1499 8472
f 5004 5002 1500 5096
f 1500 5094 5095 5096
f 1501 1507 1523 1519
f 1505 1504 1502 1506
f 1502 1503 1520 1521
f 1524 1506 1502 1521
f 1503 1504 1510 1509
f 1504 1505 1514 1510
f 1505 1508 1517 1514
f 1536 1508 1506 1524
f 1548 1517 1508 1536
f 1509 1511 1541 1542
f 1516 1511 1510 1514
f 1511 1516 1546 1541
f 1540 1539 1512 1550
f 1545 1515 1512 1539
f 1512 1515 1551 1549
f 9626 1860 1513 6598
f 1515 1545 1565 1552
f 1516 1517 1548 1546
f 1543 1522 1520 1542
f 1521 1522 1525 1524
f 1547 1525 1522 1543
f 1548 1536 1525 1547
f 1526 1528 1533 1530
f 1534 1529 1527 1531
f 1527 1529 1554 1553
f 1529 1537 1556 1554
f 1530 1533 2177 2173
f 2387 1534 1531 2384
f 2177 1533 1532 2176
f 2388 1537 1534 2387
f 1535 1538 2184 2178
f 1535 2178 2191 2190
f 2401 1556 1537 2388
f 1539 1544 1555 1545
f 1868 1544 1540 1866
f 1547 1543 1541 1546
f 1880 1555 1544 1868
f 1833 1550 1549 1834
f 1549 1551 1840 1834
f 1551 1552 1855 1840
f 1552 1565 1875 1855
f 1553 1554 1562 1560
f 1875 1565 1555 1880
f 2409 1562 1556 2401
f 1561 1558 1557 1559
f 1557 1558 1874 1870
f 1558 1563 1879 1874
f 2406 1561 1559 2402
f 1560 1562 2409 2407
f 2411 1563 1561 2406
f 3545 1879 1563 2411
f 1564 1568 1585 1572
f 2276 1568 1564 2269
f 1567 1569 1566 1570
f 1571 1570 1566 2278
f 1566 1569 2273 2274
f 1566 2274 2275 2278
f 1567 1570 1578 1575
f 1585 1568 1567 1575
f 1567 1568 2276 1569
f 2277 2273 1569 2276
f 1570 1571 1579 1578
f 1571 2278 1587 1589
f 1599 1579 1571 1589
f 1577 1573 1572 1585
f 1586 1574 1573 1577
f 1574 1586 1934 1891
f 1577 1585 1575 1576
f 1580 1576 1575 1578
f 1576 1580 1583 1582
f 1586 1577 1576 1582
f 1578 1579 1581 1580
f 1600 1581 1579 1599
f 1580 1581 1584 1583
f 1605 1584 1581 1600
f 1934 1586 1582 1933
f 1582 1583 1954 1933
f 1583 1584 1955 1954
f 1584 1605 2143 1955
f 1591 1589 1587 2319
f 1587 2278 2275 2316
f 1587 2316 2317 2319
f 1591 2319 1588 1590
f 1592 1590 1588 2324
f 1588 2319 2317 2318
f 1588 2318 2323 2324
f 1589 1591 1601 1599
f 1601 1591 1590 1602
f 1590 1592 1608 1602
f 1592 1593 1612 1608
f 1592 2324 2325 1593
f 1593 1594 1613 1612
f 2326 1594 1593 2325
f 1594 1595 1614 1613
f 2327 1595 1594 2326
f 1595 1598 1620 1614
f 2329 1598 1595 2327
f 3481 2153 1596 2338
f 1620 1598 1597 1619
f 1597 1598 2329 2328
f 1597 2328 2337 2343
f 1603 1600 1599 1601
f 1600 1603 1606 1605
f 1601 1602 1604 1603
f 1609 1604 1602 1608
f 1603 1604 1607 1606
f 1611 1607 1604 1609
f 1605 1606 2145 2143
f 1606 1607 2146 2145
f 1607 1611 2149 2146
f 1610 1609 1608 1612
f 1609 1610 1621 1611
f 1610 1612 1613 1615
f 1610 1615 1622 1621
f 1611 1621 2150 2149
f 1613 1614 1616 1615
f 1618 1616 1614 1620
f 1615 1616 1623 1622
f 1616 1618 1625 1623
f 1620 1619 1617 1618
f 1625 1618 1617 1624
f 2377 1624 1617 2369
f 1621 1622 2151 2150
f 1622 1623 2152 2151
f 1623 1625 1627 2152
f 1627 1625 1624 1626
f 3470 1627 1626 3469
f 3472 2152 1627 3470
f 1631 1630 1628 1643
f 1628 1641 1642 1643
f 1628 1630 2159 2158
f 2164 1641 1628 2158
f 1630 1631 1629 1632
f 1629 1631 1649 1650
f 3716 1632 1629 3715
f 1629 1650 3721 3715
f 1630 1632 2160 2159
f 1631 1643 1644 1649
f 4591 2160 1632 3716
f 1636 1634 1633 1635
f 1642 1641 1633 1634
f 2162 1635 1633 2161
f 1633 1641 2164 2161
f 1634 1636 1638 1656
f 1645 1642 1634 1656
f 1679 1636 1635 1637
f 2163 1637 1635 2162
f 1680 1638 1636 1679
f 1637 1678 1677 1679
f 2165 1678 1637 2163
f 1657 1656 1638 1639
f 1681 1639 1638 1680
f 1639 1640 1658 1657
f 1682 1640 1639 1681
f 1644 1643 1642 1645
f 1644 1645 1647 1646
f 1651 1649 1644 1646
f 1645 1656 1657 1647
f 1646 1647 1648 1655
f 1652 1651 1646 1655
f 1647 1657 1658 1648
f 1653 1650 1649 1651
f 1650 1653 3720 3721
f 1651 1652 1654 1653
f 1653 1654 3722 3720
f 1659 1660 1661 1672
f 1665 1664 1659 1666
f 1667 1666 1659 1672
f 1696 1660 1659 1664
f 1660 1696 1697 1699
f 1700 1661 1660 1699
f 1673 1672 1661 1662
f 1701 1662 1661 1700
f 3744 1673 1662 3734
f 1662 1701 4069 3734
f 1663 1665 1666 1669
f 1765 1665 1663 1766
f 1723 1696 1664 1730
f 1664 1665 1765 1730
f 1666 1667 1670 1669
f 1667 1668 1671 1670
f 1667 1672 1673 1668
f 3742 1671 1668 3739
f 1668 1673 3744 3739
f 2750 1675 1674 2747
f 1674 1676 2779 2748
f 1674 1675 2788 1676
f 1675 2762 2789 2788
f 2824 2782 1676 2788
f 1680 1679 1677 1683
f 1677 1678 1687 1686
f 1688 1683 1677 1686
f 2166 1687 1678 2165
f 1684 1681 1680 1683
f 1685 1682 1681 1684
f 1689 1684 1683 1688
f 1690 1685 1684 1689
f 1686 1687 1692 1691
f 1695 1688 1686 1691
f 2167 1692 1687 2166
f 1693 1689 1688 1695
f 1694 1690 1689 1693
f 1761 1695 1691 1758
f 1691 1692 1762 1758
f 2168 1762 1692 2167
f 1760 1694 1693 1759
f 1693 1695 1761 1759
f 1702 1699 1697 1698
f 1707 1702 1698 1705
f 1703 1700 1699 1702
f 1704 1701 1700 1703
f 1701 1704 4075 4069
f 1708 1703 1702 1707
f 1709 1704 1703 1708
f 1704 1709 4082 4075
f 1705 1706 1710 1707
f 1716 1710 1706 1714
f 1711 1708 1707 1710
f 1712 1709 1708 1711
f 1709 1712 4091 4082
f 1717 1711 1710 1716
f 1718 1712 1711 1717
f 1712 1718 4178 4091
f 1714 1715 1719 1716
f 1715 1722 1724 1719
f 1720 1717 1716 1719
f 1721 1718 1717 1720
f 1718 1721 4183 4178
f 1725 1720 1719 1724
f 1726 1721 1720 1725
f 1721 1726 4188 4183
f 1722 1723 1727 1724
f 1723 1730 1767 1727
f 1728 1725 1724 1727
f 1729 1726 1725 1728
f 1726 1729 4191 4188
f 1769 1728 1727 1767
f 1770 1729 1728 1769
f 1729 1770 4357 4191
f 1730 1765 1768 1767
f 1733 1732 1731 1735
f 1731 1732 1743 1742
f 1732 1733 1734 1744
f 1745 1743 1732 1744
f 1733 1735 1737 1736
f 1739 1734 1733 1736
f 1749 1744 1734 1750
f 1734 1739 1752 1750
f 1736 1738 1740 1739
f 1736 1737 1756 1738
f 1741 1740 1738 1780
f 1738 1756 1796 1780
f 1739 1740 1754 1752
f 1740 1741 1755 1754
f 1741 1780 1781 1782
f 1787 1755 1741 1782
f 1742 1743 1745 1746
f 1747 1745 1744 1749
f 1748 1746 1745 1747
f 1753 1751 1750 1752
f 1757 1753 1752 1754
f 1754 1755 1800 1757
f 1755 1787 1801 1800
f 1758 1762 1764 1763
f 1776 1761 1758 1763
f 1759 1761 1776 1777
f 1778 1760 1759 1777
f 2169 1764 1762 2168
f 1818 1776 1763 1819
f 1763 1764 1824 1819
f 2170 1824 1764 2169
f 1765 1766 1775 1768
f 1767 1768 1772 1769
f 1773 1772 1768 1775
f 1771 1770 1769 1772
f 1770 1771 4363 4357
f 1771 1772 1773 1774
f 1822 1777 1776 1818
f 1779 1778 1777 1822
f 1779 1822 1820 1826
f 1797 1781 1780 1796
f 1784 1782 1781 1783
f 1798 1783 1781 1797
f 1782 1784 1788 1787
f 1789 1784 1783 1785
f 1799 1785 1783 1798
f 1790 1788 1784 1789
f 1785 1786 1791 1789
f 1813 1786 1785 1799
f 1792 1791 1786 1807
f 1814 1807 1786 1813
f 1787 1788 1802 1801
f 1788 1790 1803 1802
f 1793 1790 1789 1791
f 1790 1793 1805 1803
f 1791 1792 1794 1793
f 1795 1794 1792 1810
f 1792 1807 1808 1810
f 1793 1794 1806 1805
f 1794 1795 4351 1806
f 1795 1810 1811 4342
f 1795 4342 4352 4351
f 1815 1808 1807 1814
f 1811 1810 1808 1809
f 1816 1809 1808 1815
f 1817 1812 1809 1816
f 4371 1811 1809 1812
f 4343 4342 1811 4371
f 4372 4371 1812 4375
f 1812 1817 4384 4375
f 1818 1821 1820 1822
f 1818 1819 1823 1821
f 1825 1823 1819 1824
f 1827 1826 1820 1828
f 1820 1821 1829 1828
f 1821 1823 2928 1829
f 1823 1825 2931 2928
f 2171 1825 1824 2170
f 1825 2171 3654 2931
f 1827 1828 1830 1832
f 1828 1829 1831 1830
f 2929 1831 1829 2928
f 1830 1831 4415 4414
f 4416 1832 1830 4414
f 1831 2929 4827 4415
f 1867 1866 1833 1836
f 1843 1836 1834 1840
f 1839 1837 1835 1838
f 1835 1837 1849 1845
f 1836 1843 1876 1867
f 1837 1839 1842 1841
f 1837 1841 1853 1849
f 1858 1853 1841 1856
f 1911 1856 1842 1872
f 1843 1855 1875 1876
f 1844 1847 1861 1859
f 1896 1848 1844 1895
f 1850 1846 1845 1849
f 1847 1848 1852 1851
f 1847 1851 1863 1861
f 1905 1852 1848 1896
f 1854 1850 1849 1853
f 1851 1857 1865 1863
f 1968 1857 1852 1905
f 1854 1858 1913 1885
f 1913 1858 1856 1911
f 2139 1865 1857 1968
f 1859 1862 2071 2070
f 1864 1862 1861 1863
f 1862 1864 2157 2071
f 1864 1865 2139 2157
f 1880 1868 1867 1876
f 1869 1871 1877 1873
f 1869 1873 1884 1882
f 1870 1874 1881 1878
f 3518 1877 1871 3516
f 1872 1892 1894 1911
f 1914 1884 1873 1912
f 3546 1912 1877 3518
f 1878 1881 3519 3517
f 3519 1881 1879 3545
f 1886 1883 1882 1884
f 1883 1886 3538 3534
f 1907 1908 1885 1913
f 1886 1914 3547 3538
f 1887 1888 1890 1889
f 1902 1890 1888 1897
f 1893 1892 1889 1890
f 1906 1893 1890 1902
f 1891 1934 2970 2957
f 1907 1894 1893 1906
f 1913 1911 1894 1907
f 2074 1903 1895 2070
f 1896 1903 2069 1905
f 1897 1899 1904 1902
f 1909 1901 1898 1910
f 1898 1900 3526 3525
f 3537 1910 1898 3525
f 1900 1901 2073 2072
f 1901 1909 2075 2073
f 1908 1906 1902 1904
f 2076 2069 1903 2074
f 1909 1988 2142 2075
f 3548 1988 1910 3537
f 3547 1914 1912 3546
f 1915 1917 1923 1918
f 1917 1921 1924 1923
f 1918 1923 1924 1926
f 1919 1920 1928 1929
f 1967 1927 1919 1929
f 1959 1926 1925 1958
f 1930 1929 1928 1931
f 1930 1931 1966 1965
f 1956 1953 1933 1954
f 2970 1934 1933 1953
f 1938 1942 1935 1944
f 1941 1949 1935 1942
f 1960 1944 1935 1961
f 1936 1937 1941 1942
f 1947 1939 1938 1944
f 1945 1940 1939 1947
f 1946 1943 1940 1945
f 1950 1946 1945 1948
f 1947 1962 1986 1982
f 2972 1950 1948 2973
f 1991 1964 1949 1985
f 2985 1985 1949 2972
f 1951 1952 1984 1983
f 2969 1952 1951 2968
f 2981 2970 1953 2980
f 1953 1956 3032 2980
f 1954 1955 1957 1956
f 2144 1957 1955 2143
f 1956 1957 2983 3032
f 1957 2144 3464 2983
f 1977 1959 1958 1976
f 1960 1961 1964 1962
f 1962 1964 1991 1986
f 1963 1977 1981 1992
f 1965 1966 1970 1969
f 1968 2069 2076 2139
f 1972 1973 1971 2084
f 2078 2084 1971 2085
f 1975 1973 1972 1974
f 1993 1975 1974 1994
f 2000 2094 1975 1993
f 1981 1977 1976 1980
f 1987 1979 1978 3143
f 1978 1979 2992 3012
f 1978 3012 3162 3143
f 1979 1987 3142 2992
f 1980 2989 1990 1981
f 1983 1984 1998 1997
f 1983 1997 3008 2986
f 3003 1998 1984 3016
f 2990 1991 1985 2988
f 1987 3143 3162 3142
f 3576 2142 1988 3548
f 1993 1994 3006 3005
f 2095 1996 1995 2114
f 1995 2054 2118 2114
f 1996 2095 2119 3007
f 1999 2093 2107 2109
f 2106 2094 2000 2110
f 2001 2003 2004 2014
f 2013 2011 2001 2014
f 2006 2003 2002 2009
f 2002 2021 2022 2024
f 2026 2009 2002 2025
f 2005 2004 2003 2006
f 2017 2014 2004 2048
f 2004 2005 2049 2048
f 2005 2006 2009 2049
f 2049 2009 2007 2008
f 2056 2008 2007 2010
f 2060 2049 2008 2056
f 2009 2026 2027 2055
f 2057 2010 2009 2055
f 2058 2056 2010 2057
f 2015 2012 2011 2013
f 2012 2015 2035 2034
f 2015 2016 2040 2035
f 2016 2017 2018 2020
f 2016 2020 2019 2040
f 2017 2048 2050 2018
f 2041 2040 2019 2042
f 2029 2023 2021 2038
f 2030 2038 2046 2031
f 2046 2055 2032 2033
f 2034 2035 2037 2036
f 2036 2037 3017 2039
f 2037 2040 2041 3017
f 2038 2039 2047 2046
f 3018 2047 2039 3017
f 2041 2042 2043 2044
f 3018 3017 2041 2044
f 2045 2044 2043 2064
f 2044 2045 3027 3018
f 2045 2064 2063 2062
f 2045 2062 2067 3027
f 2059 2055 2046 2065
f 2047 3018 3027 2066
f 2048 2049 2051 2050
f 2052 2051 2049 2060
f 2052 2060 2061 2063
f 3189 2118 2054 3023
f 2068 2058 2057 2059
f 2061 2060 2058 2068
f 2059 2065 2067 2068
f 2067 2062 2061 2068
f 2065 2066 3027 2067
f 2076 2074 2071 2157
f 2072 2155 3631 3562
f 2073 2075 2156 2155
f 2093 2084 2078 2080
f 2079 2086 2087 2088
f 2090 2093 2080 2089
f 2081 2082 2083 2092
f 2098 2082 2081 2099
f 2105 2092 2083 2103
f 2091 2087 2086 2094
f 2090 2089 2087 2091
f 2090 2091 2097 2096
f 2108 2102 2092 2105
f 2095 2114 2115 2116
f 2096 2097 2106 2107
f 2098 2099 2101 2100
f 2098 2100 2136 2111
f 2138 2134 2102 2141
f 2102 2108 3145 3157
f 3004 2105 2103 2991
f 2109 2107 2106 2110
f 3005 3006 2109 2110
f 2111 2136 2137 2140
f 2112 2113 2140 2141
f 3158 2113 2112 3157
f 2120 2116 2115 2117
f 2130 2123 2118 2131
f 2119 2127 2129 3201
f 3024 3007 2119 3190
f 2126 2127 2124 2125
f 2129 2130 2131 3201
f 2131 3191 3192 3201
f 2133 2134 2138 2135
f 2137 2138 2141 2140
f 3632 2156 2142 3576
f 2147 2144 2143 2145
f 2144 2147 3463 3464
f 2145 2146 2148 2147
f 2154 2148 2146 2149
f 2147 2148 3465 3463
f 2148 2154 3477 3465
f 2149 2150 3471 2154
f 2150 2151 3473 3471
f 2151 2152 3472 3473
f 2154 3471 3476 3477
f 2155 2156 3632 3631
f 2177 2179 2172 2173
f 2174 2180 2181 2175
f 2175 2181 2386 2383
f 2178 2184 2201 2191
f 2181 2182 2385 2386
f 2201 2184 2183 2200
f 2189 2186 2185 2187
f 2185 2186 2195 2193
f 2186 2189 2197 2195
f 2197 2189 2188 2196
f 2191 2201 2218 2212
f 2192 2724 3641 3452
f 2198 2199 2203 2202
f 2202 2203 2219 2218
f 2203 2389 2231 2219
f 2204 2205 2630 2625
f 2709 2221 2204 2625
f 2205 2211 2666 2630
f 2699 2208 2206 2696
f 2207 2208 2698 2697
f 2220 2214 2212 2218
f 2213 2214 2392 2391
f 2214 2220 2230 2392
f 2215 2216 2226 2225
f 2284 2217 2215 2283
f 2215 2225 2294 2283
f 2216 2217 2394 2393
f 2397 2226 2216 2393
f 2230 2220 2219 2231
f 2710 2222 2221 2709
f 2723 2229 2222 2710
f 2298 2224 2223 2293
f 2223 2266 2348 2293
f 2414 2228 2224 2298
f 2225 2227 2299 2294
f 2399 2227 2226 2397
f 2415 2299 2227 2399
f 2395 2392 2230 2398
f 2230 2231 2396 2398
f 2232 2233 2239 2238
f 2233 2236 2240 2239
f 2240 2236 2234 2241
f 2234 2235 2242 2241
f 2245 2242 2235 2243
f 2243 2244 2246 2245
f 2263 2246 2244 2262
f 2244 2259 2264 2262
f 2252 2248 2247 2251
f 2255 2249 2248 2252
f 2256 2253 2249 2255
f 2257 2254 2253 2256
f 2254 2257 2260 2258
f 2261 2259 2258 2260
f 2259 2261 2265 2264
f 2266 2267 2351 2348
f 2267 2268 2352 2351
f 2269 2270 2277 2276
f 2270 2271 2280 2277
f 2271 2272 2289 2280
f 2304 2289 2272 2301
f 2279 2274 2273 2281
f 2273 2277 2280 2281
f 2282 2275 2274 2279
f 2320 2316 2275 2282
f 2279 2281 2290 2291
f 2292 2282 2279 2291
f 2290 2281 2280 2289
f 2282 2292 2347 2320
f 2297 2287 2283 2294
f 2284 2287 2404 2400
f 2285 2286 2296 2295
f 3437 2288 2285 3436
f 2285 2295 3447 3436
f 2286 2288 2405 2403
f 2412 2296 2286 2403
f 2287 2297 2413 2404
f 2305 2290 2289 2304
f 2308 2291 2290 2305
f 2309 2292 2291 2308
f 2292 2309 2356 2347
f 3456 2298 2293 3455
f 2293 2348 3503 3455
f 2295 2300 3449 3447
f 2416 2300 2296 2412
f 2297 2299 2415 2413
f 3459 2414 2298 3456
f 2300 2416 3554 3449
f 2301 2302 2306 2304
f 2302 2303 2312 2306
f 3439 2312 2303 2961
f 2307 2305 2304 2306
f 2305 2307 2310 2308
f 2313 2307 2306 2312
f 2314 2310 2307 2313
f 2311 2309 2308 2310
f 2309 2311 2357 2356
f 2315 2311 2310 2314
f 2311 2315 2362 2357
f 3440 2313 2312 3439
f 3441 2314 2313 3440
f 3442 2315 2314 3441
f 3491 2362 2315 3442
f 2322 2317 2316 2320
f 2321 2318 2317 2322
f 2318 2321 2340 2323
f 2350 2322 2320 2347
f 2321 2322 2350 2349
f 2354 2340 2321 2349
f 2325 2324 2323 2330
f 2341 2330 2323 2340
f 2331 2326 2325 2330
f 2332 2327 2326 2331
f 2334 2329 2327 2332
f 2328 2329 2334 2333
f 2335 2331 2330 2341
f 2336 2332 2331 2335
f 2339 2334 2332 2336
f 2333 2334 2339 2337
f 2342 2336 2335 2355
f 2335 2341 2353 2355
f 2344 2339 2336 2342
f 2344 2343 2337 2339
f 2353 2341 2340 2354
f 2366 2344 2342 2367
f 2342 2355 2368 2367
f 2343 2344 2366 2365
f 2378 2346 2345 2377
f 2345 2346 3482 3480
f 2346 2378 2379 3486
f 3484 3482 2346 3486
f 2358 2350 2347 2356
f 2348 2351 3504 3503
f 2349 2350 2358 2359
f 2373 2354 2349 2359
f 2351 2352 3507 3504
f 2368 2355 2353 2372
f 2353 2354 2373 2372
f 2356 2357 2360 2358
f 2363 2360 2357 2362
f 2361 2359 2358 2360
f 2359 2361 2375 2373
f 2364 2361 2360 2363
f 2361 2364 2382 2375
f 3492 2363 2362 3491
f 3493 2364 2363 3492
f 3497 2382 2364 3493
f 2365 2366 2370 2369
f 2366 2367 2371 2370
f 2367 2368 2376 2371
f 2368 2372 2374 2376
f 2378 2377 2369 2370
f 2379 2378 2370 2371
f 2371 2376 2380 2379
f 2372 2373 2375 2374
f 2380 2376 2374 2381
f 2374 2375 2382 2381
f 3498 3486 2379 2380
f 2380 2381 3496 3498
f 2381 2382 3497 3496
f 2410 2406 2402 2408
f 3523 2410 2408 3521
f 3545 2411 2410 3523
f 2417 2418 2585 2588
f 2417 2588 2726 2687
f 2417 2687 2731 2734
f 2735 2418 2417 2734
f 2785 2585 2418 2756
f 2418 2735 2876 2756
f 2419 2421 2422 2423
f 2424 2420 2419 2423
f 2433 2421 2419 2432
f 2419 2420 2447 2432
f 2420 2424 2425 2426
f 2420 2426 2452 2447
f 2435 2422 2421 2436
f 2421 2433 2440 2436
f 2461 2423 2422 2459
f 2422 2435 2471 2459
f 2466 2424 2423 2461
f 2454 2452 2426 2492
f 2498 2444 2427 2497
f 2427 2428 2500 2497
f 2428 2429 2501 2500
f 2429 2430 2502 2501
f 2430 2431 2503 2502
f 2431 2463 2573 2503
f 2434 2433 2432 2904
f 2432 2447 2905 2904
f 2433 2434 2441 2440
f 2476 2441 2434 2478
f 2434 2904 2906 2478
f 2435 2436 2437 2438
f 2435 2438 2472 2471
f 2439 2437 2436 2440
f 2472 2438 2437 2474
f 2437 2439 2475 2474
f 2439 2440 2441 2442
f 2439 2442 2443 2475
f 2443 2442 2441 2476
f 2477 2475 2443 2476
f 2499 2445 2444 2498
f 2510 2446 2445 2499
f 2514 2450 2446 2510
f 2448 2449 2512 2511
f 2513 2451 2448 2511
f 2449 2450 2514 2512
f 2910 2455 2451 2513
f 2911 2457 2455 2910
f 2593 2485 2456 2515
f 2456 2458 2912 2515
f 2912 2458 2457 2911
f 2459 2460 2462 2461
f 2473 2460 2459 2471
f 2460 2473 2477 2479
f 2480 2462 2460 2479
f 2461 2462 2470 2466
f 2494 2470 2462 2480
f 2463 2464 2572 2573
f 2464 2465 2575 2572
f 2465 2467 2576 2575
f 2467 2468 2577 2576
f 2468 2481 2578 2577
f 2469 2470 2494 2493
f 2474 2473 2471 2472
f 2473 2474 2475 2477
f 2476 2478 2479 2477
f 2480 2479 2478 2906
f 2480 2906 2907 2494
f 2481 2483 2592 2578
f 2592 2483 2482 2591
f 2482 2484 2594 2591
f 2484 2488 2595 2594
f 2916 2486 2485 2593
f 2917 2487 2486 2916
f 2918 2491 2487 2917
f 2488 2489 2596 2595
f 2489 2490 2597 2596
f 2490 2491 2918 2597
f 2492 2493 2494 2907
f 2506 2496 2495 2504
f 2579 2504 2495 2574
f 2495 2496 2581 2574
f 2496 2506 2913 2908
f 2923 2581 2496 2908
f 2504 2505 2507 2506
f 2580 2505 2504 2579
f 2518 2507 2505 2524
f 2598 2524 2505 2580
f 2506 2507 2516 2913
f 2520 2516 2507 2518
f 2518 2524 2508 2517
f 2525 2517 2508 2526
f 2508 2524 2598 2599
f 2601 2526 2508 2599
f 2509 2539 2538 2543
f 2509 2543 2545 2547
f 2810 2539 2509 2811
f 2509 2547 2812 2811
f 2516 2520 2522 2915
f 2914 2913 2516 2915
f 2520 2518 2517 2521
f 2556 2521 2517 2525
f 2519 2528 2529 2530
f 2519 2530 2541 2540
f 2555 2528 2519 2557
f 2519 2540 2561 2557
f 2520 2521 2523 2522
f 2559 2523 2521 2556
f 2522 2523 2617 2616
f 2920 2915 2522 2616
f 2523 2559 2615 2617
f 2525 2527 2558 2556
f 2602 2527 2526 2601
f 2560 2558 2527 2602
f 2532 2530 2529 2531
f 2530 2532 2542 2541
f 2531 2555 2557 2532
f 2532 2557 2561 2542
f 2543 2538 2533 2535
f 2533 2538 2544 2549
f 2533 2549 2565 2562
f 2569 2535 2533 2562
f 2545 2543 2535 2537
f 2566 2537 2535 2569
f 2536 2604 2607 2606
f 2536 2606 2614 2612
f 2537 2549 2544 2545
f 2565 2549 2537 2566
f 2538 2539 2546 2544
f 2813 2546 2539 2810
f 2540 2541 2548 2553
f 2540 2553 2564 2561
f 2541 2542 2550 2548
f 2564 2550 2542 2561
f 2547 2545 2544 2546
f 2812 2547 2546 2813
f 2548 2550 2551 2610
f 2611 2553 2548 2610
f 2620 2551 2550 2564
f 2551 2606 2607 2610
f 2614 2606 2551 2620
f 2801 2554 2552 2802
f 2804 2802 2552 2815
f 2816 2815 2552 2838
f 2552 2554 2839 2838
f 2620 2564 2553 2611
f 2803 2567 2554 2801
f 2554 2567 2842 2839
f 2615 2559 2558 2560
f 2560 2602 2603 2613
f 2568 2563 2562 2565
f 2562 2563 2570 2569
f 2563 2568 2821 2820
f 2822 2570 2563 2820
f 2565 2566 2571 2568
f 2566 2569 2570 2571
f 2804 2815 2567 2803
f 2567 2815 2816 2842
f 2568 2571 2823 2821
f 2823 2571 2570 2822
f 2583 2579 2574 2581
f 2582 2580 2579 2583
f 2580 2582 2600 2598
f 2924 2583 2581 2923
f 2618 2600 2582 2921
f 2582 2583 2924 2921
f 2588 2589 2584 2726
f 2584 2589 2590 2729
f 2725 2726 2584 2727
f 2728 2727 2584 2729
f 2589 2588 2585 2586
f 2786 2586 2585 2785
f 2590 2589 2586 2587
f 2787 2587 2586 2786
f 2736 2590 2587 2737
f 2879 2737 2587 2787
f 2733 2729 2590 2736
f 2609 2599 2598 2600
f 2603 2601 2599 2609
f 2619 2609 2600 2618
f 2619 2613 2603 2609
f 2604 2605 2608 2607
f 2605 2612 2614 2608
f 2611 2610 2607 2608
f 2620 2611 2608 2614
f 2617 2615 2613 2619
f 2616 2617 2619 2618
f 2616 2618 2921 2920
f 2622 2624 2621 2626
f 2621 2624 2668 2661
f 2674 2626 2621 2675
f 2621 2661 2694 2675
f 2622 2626 2628 2627
f 2706 2623 2622 2627
f 2668 2624 2623 2667
f 2717 2667 2623 2706
f 2684 2628 2626 2674
f 2627 2628 2712 2708
f 2628 2684 2686 2712
f 2629 2707 2716 2719
f 2629 2685 2725 2711
f 2730 2685 2629 2719
f 2638 2637 2631 2632
f 2632 2634 2639 2638
f 2639 2634 2633 2640
f 2633 2635 2641 2640
f 2653 2641 2635 2651
f 2649 2643 2642 2648
f 2650 2645 2643 2649
f 2659 2646 2645 2650
f 2660 2647 2646 2659
f 2657 2655 2647 2660
f 2651 2652 2654 2653
f 2663 2654 2652 2662
f 2652 2656 2664 2662
f 2658 2656 2655 2657
f 2656 2658 2665 2664
f 2661 2668 2951 2950
f 2956 2694 2661 2950
f 2671 2677 2672 2678
f 2689 2677 2671 2681
f 2672 2677 2676 2673
f 2691 2678 2672 2692
f 2672 2673 2693 2692
f 2674 2675 2673 2676
f 2673 2675 2694 2693
f 2674 2676 2683 2684
f 2676 2677 2689 2683
f 2679 2680 2682 2681
f 2702 2682 2680 2701
f 2681 2682 2690 2689
f 2705 2690 2682 2702
f 2686 2684 2683 2688
f 2683 2689 2690 2688
f 2685 2687 2726 2725
f 2731 2687 2685 2730
f 2686 2688 2704 2703
f 2720 2712 2686 2703
f 2688 2690 2705 2704
f 2691 2692 2954 2953
f 2692 2693 2955 2954
f 2693 2694 2956 2955
f 2706 2708 2718 2717
f 2707 2711 2714 2713
f 2707 2713 2721 2716
f 2708 2712 2720 2718
f 2727 2714 2711 2725
f 2713 2715 2722 2721
f 2714 2727 2728 2715
f 2732 2722 2715 2728
f 2724 2884 3665 3641
f 2728 2729 2733 2732
f 2738 2749 2754 2751
f 2794 2744 2739 2793
f 2739 2752 2798 2793
f 2740 2785 2756 2745
f 2740 2741 2777 2776
f 2786 2785 2740 2776
f 2743 2742 2741 2745
f 2741 2742 2783 2777
f 2742 2755 2791 2783
f 2743 2745 2877 2878
f 2882 2755 2743 2878
f 2744 2794 2885 2865
f 2745 2756 2876 2877
f 2746 2751 2864 2863
f 2747 2748 2757 2758
f 2763 2750 2747 2758
f 2830 2757 2748 2779
f 2764 2762 2750 2763
f 2751 2754 2868 2864
f 2752 2753 2800 2798
f 2887 2800 2753 2866
f 2754 2761 2867 2868
f 2883 2791 2755 2882
f 2873 2759 2757 2830
f 2758 2759 2765 2763
f 2874 2765 2759 2873
f 2760 2766 2851 2850
f 2762 2764 2837 2789
f 2764 2765 2874 2837
f 2766 2771 2859 2851
f 2767 2768 2773 2772
f 2775 2773 2768 2774
f 2893 2859 2771 2869
f 2772 2773 2872 2870
f 2773 2775 2871 2872
f 2787 2786 2776 2778
f 2784 2778 2777 2783
f 2879 2787 2778 2880
f 2778 2784 2881 2880
f 2779 2782 2831 2830
f 2780 2790 2792 2825
f 2796 2781 2780 2797
f 2827 2797 2780 2825
f 2832 2790 2781 2829
f 2781 2796 2845 2829
f 2782 2824 2853 2831
f 2784 2791 2883 2881
f 2853 2824 2789 2837
f 2833 2792 2790 2832
f 2858 2826 2792 2833
f 2799 2795 2793 2798
f 2794 2795 2886 2885
f 2795 2799 2888 2886
f 2846 2845 2796 2925
f 2797 2827 2926 2925
f 2799 2800 2887 2888
f 2801 2802 2806 2807
f 2808 2803 2801 2807
f 2802 2804 2809 2806
f 2809 2804 2803 2808
f 2805 2810 2811 2818
f 2813 2810 2805 2814
f 2805 2820 2821 2814
f 2822 2820 2805 2818
f 2811 2812 2817 2818
f 2812 2813 2814 2817
f 2814 2821 2823 2817
f 2816 2838 2840 2819
f 2843 2842 2816 2819
f 2822 2818 2817 2823
f 2825 2826 2828 2827
f 2860 2828 2826 2858
f 2828 2860 2927 2926
f 2848 2834 2829 2845
f 2874 2873 2831 2853
f 2836 2833 2832 2834
f 2861 2836 2834 2848
f 2860 2858 2836 2861
f 2838 2839 2841 2840
f 2839 2842 2843 2841
f 2849 2847 2844 2852
f 2861 2848 2846 2927
f 2846 2925 2926 2927
f 2847 2849 2932 2875
f 2849 2852 2855 2862
f 2849 2862 2934 2932
f 2850 2851 2857 2854
f 2854 2857 2892 2890
f 2933 2862 2855 2856
f 2856 2891 2936 2933
f 2857 2859 2893 2892
f 2935 2889 2875 2932
f 2898 2896 2894 2897
f 2894 2895 4656 4657
f 4667 2897 2894 4657
f 2895 2896 2901 2900
f 2895 2900 4672 4656
f 2896 2898 2902 2901
f 4668 2899 2897 4667
f 2898 2899 2903 2902
f 4675 2903 2899 4668
f 2904 2905 2907 2906
f 2914 2909 2908 2913
f 2908 2909 2919 2923
f 2909 2914 2922 2919
f 2914 2915 2920 2922
f 2924 2923 2919 2922
f 2920 2921 2924 2922
f 2930 2929 2928 2931
f 2929 2930 4828 4827
f 2930 2931 3654 3655
f 2930 3655 5164 4828
f 2932 2934 2937 2935
f 2937 2934 2933 2936
f 3638 2939 2938 3637
f 2938 2941 3644 3637
f 3639 2940 2939 3638
f 2941 2942 3645 3644
f 2942 2947 3650 3645
f 4867 2944 2943 4866
f 2943 2948 4871 4866
f 4869 2945 2944 4867
f 4870 2946 2945 4869
f 4872 2949 2946 4870
f 2981 2958 2957 2970
f 3062 2960 2958 2981
f 2959 3012 2992 3132
f 3162 3012 2959 3134
f 3439 2961 2960 3062
f 3114 2963 2962 3443
f 2962 2964 3531 3520
f 3551 3443 2962 3520
f 3140 2964 2963 3139
f 2963 3114 3433 3139
f 2969 2968 2965 2971
f 2965 2968 2986 2974
f 2978 2975 2967 2976
f 2969 2971 2975 3016
f 2972 2973 2984 2985
f 2974 2986 2979 2977
f 2982 3016 2975 2978
f 2982 2978 2977 2979
f 3031 2982 2979 3034
f 3062 2981 2980 3063
f 2980 3032 3073 3063
f 3073 3032 2983 3074
f 3466 3074 2983 3464
f 2988 2985 2984 2987
f 2986 3008 3014 3009
f 3145 3004 2991 3146
f 3133 3132 2992 3142
f 3002 2995 2993 3001
f 2993 2994 3019 3001
f 2994 2997 3022 3019
f 3020 2996 2995 3002
f 3021 2998 2996 3020
f 2997 2998 3021 3022
f 3022 3002 3001 3019
f 3021 3020 3002 3022
f 3003 3016 3033 3013
f 3013 3033 3009 3014
f 3031 3034 3009 3033
f 3010 3011 3075 3035
f 3076 3011 3010 3015
f 3011 3076 3083 3090
f 3084 3076 3015 3077
f 3190 3189 3023 3024
f 3025 3030 3026 3038
f 3037 3036 3025 3038
f 3026 3030 3028 3193
f 3028 3030 3049 3044
f 3194 3193 3029 3195
f 3030 3043 3048 3049
f 3064 3065 3035 3075
f 3036 3037 3040 3039
f 3039 3040 3041 3057
f 3059 3041 3040 3047
f 3101 3057 3041 3102
f 3170 3059 3042 3166
f 3169 3165 3046 3202
f 3204 3202 3046 3203
f 3209 3197 3051 3054
f 3056 3060 3105 3061
f 3058 3101 3106 3104
f 3103 3102 3059 3220
f 3059 3170 3171 3212
f 3061 3105 3107 3109
f 3440 3439 3062 3063
f 3441 3440 3063 3073
f 3066 3065 3064 3067
f 3069 3089 3065 3066
f 3066 3067 3070 3068
f 3072 3069 3068 3070
f 3117 3089 3069 3116
f 3116 3115 3071 3112
f 3442 3441 3073 3074
f 3491 3442 3074 3466
f 3085 3084 3077 3086
f 3077 3082 3088 3086
f 3078 3079 3100 3098
f 3168 3079 3078 3167
f 3093 3092 3080 3298
f 3175 3167 3081 3335
f 3081 3098 3336 3335
f 3083 3084 3085 3087
f 3096 3090 3083 3087
f 3085 3086 3088 3087
f 3087 3088 3099 3096
f 3094 3097 3091 3110
f 3122 3110 3091 3121
f 3092 3093 3097 3094
f 3092 3094 3111 3095
f 3095 3111 3337 3334
f 3096 3099 3119 3118
f 3098 3100 3357 3336
f 3101 3102 3103 3106
f 3107 3106 3103 3108
f 3107 3105 3104 3106
f 3340 3109 3107 3108
f 3108 3220 3217 3340
f 3109 3340 3222 3490
f 3117 3116 3112 3113
f 3119 3117 3113 3118
f 3434 3433 3114 3444
f 3123 3121 3120 3127
f 3131 3127 3120 3364
f 3120 3298 3333 3338
f 3124 3122 3121 3123
f 3364 3362 3126 3131
f 3133 3142 3162 3134
f 3155 3136 3135 3172
f 3135 3137 3320 3172
f 3324 3138 3136 3155
f 3137 3138 3324 3320
f 3435 3141 3139 3433
f 3140 3141 3568 3567
f 3141 3435 3581 3568
f 3158 3157 3145 3146
f 3150 3148 3147 3149
f 3177 3149 3147 3152
f 3164 3150 3149 3163
f 3151 3152 3154 3156
f 3161 3153 3151 3160
f 3177 3152 3151 3153
f 3153 3161 3234 3233
f 3155 3172 3320 3324
f 3161 3160 3159 3185
f 3174 3164 3163 3173
f 3180 3166 3165 3179
f 3165 3169 3183 3181
f 3306 3170 3166 3180
f 3176 3168 3167 3175
f 3169 3202 3212 3171
f 3169 3171 3308 3183
f 3308 3171 3170 3306
f 3319 3174 3173 3296
f 3227 3176 3175 3226
f 3184 3186 3178 3303
f 3178 3186 3237 3235
f 3182 3251 3252 3254
f 3182 3254 3317 3311
f 3184 3303 3375 3376
f 3254 3252 3185 3317
f 3276 3237 3186 3260
f 3187 3188 3307 3304
f 3187 3304 3309 3325
f 3189 3190 3192 3191
f 3194 3195 3198 3196
f 3207 3203 3194 3196
f 3196 3198 3199 3200
f 3210 3199 3197 3209
f 3211 3200 3199 3210
f 3208 3207 3200 3211
f 3206 3205 3203 3207
f 3206 3207 3208 3218
f 3221 3216 3208 3223
f 3223 3211 3210 3488
f 3219 3218 3216 3217
f 3222 3217 3216 3221
f 3488 3489 3221 3223
f 3221 3489 3490 3222
f 3230 3225 3224 3229
f 3224 3225 3283 3279
f 3224 3279 3287 3288
f 3342 3227 3226 3228
f 3344 3342 3228 3343
f 3229 3231 3232 3293
f 3289 3231 3229 3288
f 3347 3232 3231 3346
f 3233 3234 3252 3251
f 3238 3236 3235 3237
f 3236 3238 3240 3239
f 3246 3253 3239 3242
f 3239 3240 3248 3242
f 3246 3242 3241 3243
f 3243 3248 3249 3244
f 3244 3249 3250 3245
f 3272 3253 3246 3247
f 3247 3250 3273 3272
f 3256 3257 3259 3258
f 3256 3258 3269 3263
f 3285 3257 3256 3282
f 3258 3259 3277 3271
f 3278 3277 3259 3286
f 3397 3276 3260 3376
f 3263 3262 3261 3287
f 3288 3287 3261 3264
f 3262 3263 3269 3267
f 3289 3288 3264 3265
f 3422 3289 3265 3381
f 3267 3269 3270 3268
f 3268 3270 3384 3380
f 3386 3270 3269 3271
f 3387 3384 3270 3386
f 3271 3277 3278 3386
f 3272 3273 3275 3274
f 3274 3275 3397 3396
f 3387 3386 3278 3401
f 3278 3295 3427 3389
f 3279 3283 3284 3287
f 3280 3287 3284 3281
f 3285 3282 3280 3281
f 3281 3284 3286 3285
f 3292 3290 3284 3293
f 3294 3286 3284 3290
f 3345 3346 3289 3422
f 3290 3292 3291 3425
f 3424 3294 3290 3425
f 3291 3293 3426 3425
f 3296 3311 3317 3319
f 3299 3342 3344 3349
f 3299 3349 3355 3365
f 3321 3301 3300 3322
f 3300 3301 3329 3358
f 3302 3321 3322 3323
f 3330 3321 3302 3318
f 3326 3325 3309 3310
f 3310 3314 3327 3326
f 3313 3315 3374 3373
f 3391 3315 3313 3403
f 3314 3316 3379 3327
f 3404 3330 3318 3378
f 3372 3323 3322 3328
f 3392 3372 3328 3405
f 3329 3330 3331 3360
f 3366 3358 3329 3360
f 3454 3331 3330 3332
f 3332 3370 3369 3454
f 3409 3370 3332 3408
f 3333 3334 3337 3338
f 3336 3357 3359 3339
f 3363 3338 3337 3341
f 3339 3359 3365 3348
f 3341 3362 3364 3363
f 3347 3346 3345 3353
f 3345 3422 3423 3428
f 3429 3353 3345 3428
f 3348 3365 3355 3356
f 3367 3368 3453 3369
f 3373 3374 3398 3395
f 3412 3377 3373 3395
f 3397 3376 3375 3396
f 3405 3404 3378 3392
f 3385 3383 3380 3384
f 3381 3382 3423 3422
f 3382 3383 3385 3423
f 3393 3385 3384 3388
f 3428 3423 3385 3430
f 3387 3401 3390 3388
f 3388 3390 3394 3393
f 3394 3390 3389 3432
f 3389 3427 3424 3432
f 3391 3403 3407 3406
f 3393 3394 3431 3430
f 3395 3398 3400 3399
f 3399 3400 3512 3413
f 3404 3405 3409 3408
f 3406 3407 3410 3411
f 3421 3411 3410 3420
f 3412 3416 3415 3420
f 3414 3417 3419 3418
f 3415 3417 3421 3420
f 3424 3425 3426 3432
f 3426 3429 3431 3432
f 3431 3429 3428 3430
f 3434 3444 3556 3580
f 3581 3435 3434 3580
f 3448 3438 3436 3447
f 3437 3438 3533 3532
f 3438 3448 3550 3533
f 3556 3444 3443 3551
f 3500 3446 3445 3499
f 3501 3499 3445 3555
f 3508 3457 3446 3500
f 3448 3449 3554 3550
f 9578 3451 3450 9577
f 3450 3460 9587 9577
f 9593 3494 3451 9578
f 3509 3458 3457 3508
f 3510 3462 3458 3509
f 3460 3461 9574 9587
f 3461 3506 9596 9574
f 3462 3510 3511 3579
f 3466 3464 3463 3467
f 3463 3465 3468 3467
f 3487 3468 3465 3477
f 3492 3491 3466 3467
f 3493 3492 3467 3468
f 3497 3493 3468 3487
f 3475 3470 3469 3474
f 3478 3472 3470 3475
f 3471 3473 3479 3476
f 3479 3473 3472 3478
f 3474 3480 3482 3475
f 3475 3482 3484 3478
f 3476 3479 3485 3483
f 3487 3477 3476 3483
f 3485 3479 3478 3484
f 3483 3496 3497 3487
f 3498 3496 3483 3485
f 3484 3486 3498 3485
f 3494 3641 9200 6118
f 9595 3505 3495 9597
f 3634 3500 3499 3633
f 3499 3501 3635 3633
f 3647 3508 3500 3634
f 3501 3555 3558 3502
f 3501 3502 3636 3635
f 3502 3558 3579 3511
f 3502 3511 3653 3636
f 9596 3506 3505 9595
f 3648 3509 3508 3647
f 3652 3510 3509 3648
f 3653 3511 3510 3652
f 3524 3518 3516 3522
f 3517 3519 3523 3521
f 3520 3539 3553 3551
f 3541 3524 3522 3540
f 3547 3546 3524 3541
f 3525 3527 3542 3537
f 3563 3527 3526 3562
f 3571 3542 3527 3563
f 3528 3529 3565 3564
f 3583 3530 3528 3582
f 3529 3530 3544 3543
f 3529 3543 3570 3565
f 3588 3544 3530 3583
f 3569 3539 3531 3567
f 3534 3538 3541 3540
f 3535 3536 3560 3559
f 3536 3552 3573 3560
f 3578 3553 3539 3569
f 3576 3548 3542 3571
f 3543 3549 3577 3570
f 3596 3549 3544 3588
f 3624 3577 3549 3596
f 3552 3557 3574 3573
f 3580 3556 3553 3578
f 3618 3574 3557 3597
f 3559 3561 3603 3602
f 3575 3561 3560 3573
f 3561 3575 3619 3603
f 3563 3631 3632 3571
f 3564 3566 3609 3608
f 3572 3566 3565 3570
f 3566 3572 3612 3609
f 3578 3569 3568 3581
f 3572 3577 3624 3612
f 3619 3575 3574 3618
f 3610 3584 3582 3608
f 3583 3584 3592 3588
f 3613 3592 3584 3610
f 3595 3591 3585 3594
f 3585 3591 3614 3611
f 3615 3593 3585 3611
f 3586 3602 3605 3587
f 3620 3598 3587 3605
f 3606 3590 3589 3604
f 3589 3599 3621 3604
f 3591 3601 3625 3614
f 3624 3596 3592 3613
f 9029 3594 3593 9028
f 9032 3595 3594 9029
f 9042 3601 3595 9032
f 3597 3598 3620 3618
f 3599 3600 3623 3621
f 9065 3623 3600 9043
f 9066 3625 3601 9042
f 3620 3605 3603 3619
f 3622 3607 3604 3621
f 3606 3607 9049 9048
f 3607 3622 9064 9049
f 3613 3610 3609 3612
f 3611 3614 3617 3616
f 3615 3616 9051 9050
f 3616 3617 9054 9051
f 3617 3625 9066 9054
f 3622 3623 9065 9064
f 3626 3627 3629 3628
f 3626 3628 9121 9117
f 3702 3629 3627 3700
f 3628 3630 9122 9121
f 3704 3630 3629 3702
f 3630 3704 9261 9122
f 3660 3634 3633 3661
f 3633 3635 3663 3661
f 3666 3647 3634 3660
f 3635 3636 3664 3663
f 3636 3653 3678 3664
f 3640 3642 9277 9276
f 3642 3643 9278 9277
f 3643 3651 3707 9278
f 3646 3649 3705 3706
f 3707 3651 3646 3706
f 3667 3648 3647 3666
f 3677 3652 3648 3667
f 3678 3653 3652 3677
f 3681 3657 3656 3680
f 3694 3675 3657 3681
f 3658 3659 3690 3680
f 3659 3676 3698 3690
f 3662 354 5000 4948
f 3670 3669 3668 3671
f 4933 4935 3668 3669
f 3668 4935 4947 3684
f 3669 3670 9734 9719
f 3670 3672 9735 9734
f 3672 9283 9349 9735
f 3689 3687 3679 3693
f 3679 5171 5172 5239
f 5240 3693 3679 5239
f 3692 3682 3680 3690
f 4868 3690 3680 4836
f 3681 3682 3696 3694
f 3682 3692 3697 3696
f 3683 3684 3686 3685
f 3685 3686 9285 9283
f 3686 3688 9286 9285
f 3688 5221 9766 9286
f 3689 3693 3710 3708
f 3689 3708 4837 4835
f 3691 3698 3697 3692
f 5311 3710 3693 5240
f 3697 3699 3695 3696
f 3700 3701 3703 3702
f 9262 3703 3701 9256
f 9261 3704 3703 9262
f 5266 5262 3709 5313
f 3709 3710 5311 5313
f 3711 3712 3714 3713
f 3711 5267 5268 5314
f 3711 3713 9279 9281
f 10059 5267 3711 9281
f 5316 3714 3712 5314
f 3713 3714 9280 9279
f 3714 5316 10102 9280
f 3719 3716 3715 3717
f 3724 3717 3715 3721
f 4592 4591 3716 3719
f 3718 3719 3717 3726
f 3717 3724 3727 3726
f 3718 3726 3831 3830
f 3718 4593 4592 3719
f 4594 4593 3718 3830
f 3720 3722 3723 3725
f 3724 3721 3720 3725
f 3728 3725 3723 3730
f 3724 3725 3728 3727
f 3726 3727 3832 3831
f 3727 3728 3729 3832
f 3728 3730 3731 3729
f 3851 3832 3729 3857
f 3729 3731 3862 3857
f 3738 3733 3732 3737
f 3749 3748 3732 3792
f 3771 3737 3732 3748
f 3732 3733 3793 3792
f 3803 3793 3733 3804
f 3733 3738 3825 3804
f 3734 3735 3743 3744
f 4070 3735 3734 4069
f 3828 3743 3735 3813
f 4107 3813 3735 4070
f 3736 3811 3809 3829
f 4066 3811 3736 4067
f 3739 3740 3741 3742
f 3739 3744 3743 3740
f 3824 3741 3740 3823
f 3740 3743 3828 3823
f 3745 3752 3750 3780
f 3753 3752 3745 3787
f 3745 3780 3785 3786
f 3745 3786 3789 3787
f 3746 3748 3749 3750
f 3752 3747 3746 3750
f 3746 3747 3770 3769
f 3771 3748 3746 3769
f 3747 3752 3753 3751
f 3747 3751 3772 3770
f 3780 3750 3749 3779
f 3749 3792 3781 3779
f 3751 3753 3755 3754
f 3751 3754 3773 3772
f 3753 3787 3788 3755
f 3754 3755 3763 3761
f 3754 3761 3776 3773
f 3815 3763 3755 3788
f 3756 3766 3767 3768
f 3778 3766 3756 3774
f 3756 3768 3853 3850
f 3860 3774 3756 3850
f 3757 3768 3767 3758
f 3757 3758 3820 3821
f 3822 3759 3757 3821
f 3853 3768 3757 3759
f 3758 3767 3765 3816
f 3758 3816 3817 3820
f 3759 3852 3855 3853
f 3759 3822 3877 3852
f 3760 3762 3764 3765
f 3767 3766 3760 3765
f 3777 3762 3760 3775
f 3760 3766 3778 3775
f 3764 3762 3761 3763
f 3761 3762 3777 3776
f 3814 3764 3763 3815
f 3816 3765 3764 3814
f 3779 3781 3783 3790
f 3785 3780 3779 3790
f 3781 3782 3784 3783
f 3781 3792 3793 3782
f 3799 3784 3782 3794
f 3782 3793 3803 3794
f 3791 3788 3787 3789
f 3788 3791 3818 3815
f 3794 3795 3800 3799
f 3805 3795 3794 3803
f 3795 3796 3801 3800
f 3808 3796 3795 3805
f 3796 3798 3802 3801
f 3812 3798 3796 3808
f 3802 3798 3797 4101
f 3797 3798 3812 3810
f 3797 4095 4096 4101
f 3797 3810 4104 4095
f 3803 3804 3806 3805
f 3826 3806 3804 3825
f 3805 3806 3807 3808
f 3827 3807 3806 3826
f 3812 3808 3807 3809
f 3829 3809 3807 3827
f 3809 3811 3810 3812
f 3810 3811 4066 4104
f 3817 3816 3814 3819
f 3814 3815 3818 3819
f 3830 3831 3834 3833
f 4595 4594 3830 3833
f 3831 3832 3851 3834
f 3833 3834 3912 3913
f 4599 4595 3833 3913
f 3834 3851 3899 3912
f 3835 3836 3839 3840
f 3844 3838 3835 3840
f 3865 3836 3835 3837
f 3868 3837 3835 3838
f 3836 3865 3866 3921
f 3922 3839 3836 3921
f 3869 3868 3838 3935
f 3838 3844 3936 3935
f 3842 3840 3839 3841
f 3923 3841 3839 3922
f 3840 3842 3845 3844
f 3843 3842 3841 3930
f 3841 3923 3924 3930
f 3842 3843 3941 3845
f 3843 3930 3932 3934
f 3843 3934 3942 3941
f 3844 3845 3938 3936
f 3939 3938 3845 3941
f 3958 3847 3846 3933
f 3846 3849 3965 3933
f 3846 3847 3983 3982
f 3987 3849 3846 3982
f 3960 3848 3847 3958
f 3847 3848 3984 3983
f 3965 3849 3848 3960
f 3848 3849 3987 3984
f 3850 3853 3855 3854
f 3850 3854 3861 3860
f 3851 3857 3898 3899
f 3856 3855 3852 3878
f 3852 3877 3879 3878
f 3854 3855 3856 3858
f 3854 3858 3863 3861
f 3856 3878 3881 3883
f 3884 3858 3856 3883
f 3857 3862 3900 3898
f 3864 3863 3858 3884
f 3859 3910 3909 3925
f 3911 3910 3859 3947
f 3937 3871 3859 3925
f 3859 3871 3955 3947
f 3864 3884 3885 3904
f 3866 3867 3870 3869
f 3935 3921 3866 3869
f 3875 3870 3867 3872
f 3871 3937 4596 4597
f 4598 3955 3871 4597
f 3872 3873 3951 3945
f 3873 3874 3974 3951
f 3874 3876 3956 3974
f 3876 3948 3954 3956
f 3878 3879 3880 3881
f 3882 3881 3880 3890
f 3886 3883 3881 3882
f 3887 3886 3882 3891
f 3882 3890 3892 3891
f 3885 3884 3883 3886
f 3885 3886 3887 3888
f 3905 3904 3885 3888
f 3889 3888 3887 3897
f 3887 3891 3894 3897
f 3888 3889 3906 3905
f 3889 3897 3902 3901
f 3889 3901 3907 3906
f 3891 3892 3893 3894
f 3896 3894 3893 3895
f 3902 3897 3894 3896
f 4269 3896 3895 4265
f 4271 3902 3896 4269
f 4275 3899 3898 4274
f 3898 3900 4276 4274
f 4309 3912 3899 4275
f 3901 3903 3908 3907
f 3901 3902 4271 3903
f 3903 4271 4272 4273
f 4280 3908 3903 4273
f 3909 3910 3915 3914
f 3909 3914 3916 3931
f 3928 3925 3909 3931
f 3910 3911 3919 3915
f 3911 3931 3916 3919
f 3911 3947 3928 3931
f 4310 3913 3912 4309
f 4603 4599 3913 4310
f 3914 3915 3918 3917
f 3959 3916 3914 3917
f 3920 3918 3915 3919
f 3920 3919 3916 3959
f 3961 3959 3917 3962
f 3917 3918 3963 3962
f 3918 3920 3970 3963
f 3920 3959 3961 3970
f 3936 3922 3921 3935
f 3929 3927 3924 3939
f 3932 3930 3924 3927
f 3925 3928 3940 3937
f 3927 3929 3950 3946
f 3952 3932 3927 3946
f 3928 3947 3955 3940
f 3929 3939 3941 3942
f 3929 3942 3957 3950
f 3953 3934 3932 3952
f 3969 3958 3933 3975
f 3933 3965 3972 3975
f 3957 3942 3934 3953
f 3937 3940 3943 4596
f 3940 3955 4598 3943
f 4600 4596 3943 3944
f 4602 3944 3943 4598
f 3944 3966 3967 4600
f 3973 3966 3944 4602
f 3952 3946 3945 3951
f 3956 3954 3950 3957
f 3953 3952 3951 3974
f 3953 3974 3956 3957
f 3971 3960 3958 3969
f 3972 3965 3960 3971
f 3961 3962 3967 3966
f 3973 3970 3961 3966
f 3962 3963 3968 3967
f 3973 3968 3963 3970
f 3964 3994 3993 4005
f 3995 3994 3964 4015
f 3964 4005 4012 4610
f 4020 4015 3964 4610
f 4601 4600 3967 3968
f 4602 4601 3968 3973
f 4017 3971 3969 4048
f 3969 3975 4049 4048
f 4050 3972 3971 4017
f 4049 3975 3972 4050
f 3980 3977 3976 3979
f 3976 3978 3996 3992
f 4061 3979 3976 3992
f 4605 3978 3977 4604
f 3977 3980 4607 4604
f 4614 3996 3978 4605
f 4064 3981 3979 4061
f 3980 3981 4609 4607
f 3981 4064 4624 4609
f 3982 3983 3985 3986
f 3982 3986 3988 3987
f 3983 3984 4006 3985
f 3984 3987 3988 4006
f 3985 4006 4010 4009
f 4011 3986 3985 4009
f 4013 3988 3986 4011
f 4010 4006 3988 4013
f 3989 3990 4023 4022
f 3989 4022 4028 4030
f 4054 3990 3989 4053
f 3989 4030 4055 4053
f 3990 3991 4033 4023
f 4057 3991 3990 4054
f 3991 4030 4028 4033
f 4055 4030 3991 4057
f 3992 3997 4063 4061
f 3993 3994 3999 3998
f 3993 3998 4000 4008
f 4007 4005 3993 4008
f 3994 3995 4003 3999
f 3995 4008 4000 4003
f 3995 4015 4007 4008
f 4616 3997 3996 4614
f 4623 4063 3997 4616
f 3998 3999 4002 4001
f 4025 4000 3998 4001
f 4004 4002 3999 4003
f 4004 4003 4000 4025
f 4027 4025 4001 4029
f 4001 4002 4032 4029
f 4002 4004 4041 4032
f 4004 4025 4027 4041
f 4005 4007 4014 4012
f 4007 4015 4020 4014
f 4009 4010 4016 4018
f 4019 4011 4009 4018
f 4010 4013 4021 4016
f 4021 4013 4011 4019
f 4012 4014 4036 4611
f 4612 4610 4012 4611
f 4014 4020 4617 4036
f 4016 4017 4048 4018
f 4050 4017 4016 4021
f 4018 4048 4049 4019
f 4019 4049 4050 4021
f 4020 4610 4612 4617
f 4022 4023 4026 4024
f 4022 4024 4031 4028
f 4034 4026 4023 4033
f 4024 4026 4038 4039
f 4040 4031 4024 4039
f 4026 4034 4045 4038
f 4027 4029 4037 4035
f 4046 4041 4027 4035
f 4034 4033 4028 4031
f 4029 4032 4613 4037
f 4045 4034 4031 4040
f 4032 4041 4046 4613
f 4611 4036 4035 4037
f 4035 4036 4617 4046
f 4612 4611 4037 4613
f 4043 4039 4038 4044
f 4047 4044 4038 4045
f 4042 4040 4039 4043
f 4040 4042 4047 4045
f 4042 4043 4058 4056
f 4060 4047 4042 4056
f 4043 4044 4059 4058
f 4044 4047 4060 4059
f 4046 4617 4612 4613
f 4051 4052 4840 4841
f 4847 4062 4051 4841
f 4052 4618 5188 4840
f 4848 4065 4062 4847
f 4624 4064 4063 4623
f 5199 4620 4065 4848
f 4066 4067 4072 4068
f 4105 4104 4066 4068
f 4073 4071 4068 4072
f 4068 4071 4106 4105
f 4077 4070 4069 4075
f 4070 4077 4132 4107
f 4117 4106 4071 4118
f 4071 4073 4125 4118
f 4074 4078 4076 4130
f 4120 4128 4074 4130
f 4084 4077 4075 4082
f 4076 4080 4079 4131
f 4076 4078 4081 4080
f 4129 4130 4076 4131
f 4077 4084 4148 4132
f 4079 4080 4083 4145
f 4109 4131 4079 4135
f 4137 4135 4079 4145
f 4080 4081 4085 4083
f 4093 4084 4082 4091
f 4083 4085 4086 4159
f 4146 4145 4083 4159
f 4084 4093 4168 4148
f 4160 4159 4086 4087
f 4087 4088 4161 4160
f 4088 4089 4162 4161
f 4089 4090 4164 4162
f 4090 4094 4092 4164
f 4179 4093 4091 4178
f 4163 4164 4092 4167
f 4092 4094 4180 4177
f 4199 4167 4092 4177
f 4201 4168 4093 4179
f 4098 4096 4095 4097
f 4095 4104 4105 4097
f 4102 4098 4097 4099
f 4097 4105 4106 4099
f 4099 4100 4103 4102
f 4099 4106 4117 4100
f 4112 4103 4100 4108
f 4121 4108 4100 4117
f 4124 4111 4108 4121
f 4108 4111 4134 4112
f 4115 4110 4109 4116
f 4129 4131 4109 4110
f 4109 4135 4136 4116
f 4113 4114 4110 4115
f 4110 4114 4123 4129
f 4111 4114 4113 4134
f 4123 4114 4111 4124
f 4117 4118 4119 4121
f 4126 4119 4118 4125
f 4124 4121 4119 4122
f 4127 4122 4119 4126
f 4124 4122 4120 4123
f 4127 4128 4120 4122
f 4120 4130 4129 4123
f 4141 4136 4135 4137
f 4142 4141 4137 4138
f 4137 4145 4146 4138
f 4144 4142 4138 4139
f 4147 4139 4138 4146
f 4143 4144 4139 4140
f 4165 4140 4139 4147
f 4153 4143 4140 4149
f 4166 4149 4140 4165
f 4146 4159 4160 4147
f 4147 4160 4161 4165
f 4154 4153 4149 4150
f 4163 4150 4149 4166
f 4155 4154 4150 4152
f 4150 4163 4167 4152
f 4155 4152 4151 4156
f 4151 4152 4167 4199
f 4200 4195 4151 4199
f 4157 4158 4196 4197
f 4161 4162 4166 4165
f 4162 4164 4163 4166
f 4284 4282 4169 4285
f 4174 4171 4170 4173
f 4170 4172 4198 4173
f 4171 4174 4176 4175
f 4173 4198 4205 4222
f 4223 4174 4173 4222
f 4226 4214 4174 4223
f 4215 4217 4176 4214
f 4177 4180 4182 4181
f 4177 4181 4200 4199
f 4184 4179 4178 4183
f 4179 4184 4210 4201
f 4181 4182 4185 4208
f 4202 4200 4181 4203
f 4209 4203 4181 4208
f 4187 4184 4183 4188
f 4184 4187 4249 4210
f 4211 4208 4185 4186
f 4186 4189 4248 4211
f 4187 4188 4191 4192
f 4187 4192 4255 4249
f 4189 4190 4250 4248
f 4190 4193 4254 4250
f 4358 4192 4191 4357
f 4401 4255 4192 4358
f 4193 4194 4256 4254
f 4390 4256 4194 4359
f 4202 4196 4195 4200
f 4204 4197 4196 4202
f 4202 4203 4206 4204
f 4207 4206 4203 4209
f 4224 4222 4205 4206
f 4239 4224 4206 4238
f 4206 4207 4242 4238
f 4207 4209 4213 4212
f 4207 4212 4244 4242
f 4213 4209 4208 4211
f 4251 4213 4211 4248
f 4246 4244 4212 4252
f 4212 4213 4251 4252
f 4229 4215 4214 4226
f 4218 4217 4215 4216
f 4232 4216 4215 4229
f 4219 4218 4216 4230
f 4234 4230 4216 4232
f 4231 4221 4219 4230
f 4220 4221 4231 4321
f 4322 4315 4220 4321
f 4225 4223 4222 4224
f 4223 4225 4227 4226
f 4240 4225 4224 4239
f 4241 4227 4225 4240
f 4226 4227 4228 4229
f 4243 4228 4227 4241
f 4232 4229 4228 4233
f 4245 4233 4228 4243
f 4236 4231 4230 4234
f 4324 4321 4231 4236
f 4232 4233 4235 4234
f 4247 4235 4233 4245
f 4234 4235 4237 4236
f 4263 4237 4235 4247
f 4236 4237 4325 4324
f 4237 4263 4331 4325
f 4246 4252 4259 4262
f 4248 4250 4253 4251
f 4257 4253 4250 4254
f 4259 4252 4251 4253
f 4253 4257 4260 4259
f 4254 4256 4258 4257
f 4392 4258 4256 4390
f 4257 4258 4261 4260
f 4394 4261 4258 4392
f 4264 4262 4259 4260
f 4260 4261 4405 4264
f 4261 4394 4406 4405
f 4265 4266 4270 4269
f 4266 4267 4277 4270
f 4267 4268 4287 4277
f 4268 4283 4286 4287
f 4269 4270 4272 4271
f 4278 4272 4270 4277
f 4279 4273 4272 4278
f 4273 4279 4281 4280
f 4274 4276 4303 4302
f 4311 4275 4274 4302
f 4312 4309 4275 4311
f 4300 4278 4277 4287
f 4301 4279 4278 4300
f 4308 4281 4279 4301
f 4286 4283 4282 4284
f 4290 4286 4284 4288
f 4284 4285 4296 4288
f 4285 4292 4293 4295
f 4285 4295 4298 4296
f 4300 4287 4286 4290
f 4288 4289 4291 4290
f 4297 4289 4288 4296
f 4304 4291 4289 4305
f 4289 4297 4306 4305
f 4301 4300 4290 4291
f 4308 4301 4291 4304
f 4293 4294 4317 4295
f 4294 4314 4316 4317
f 4318 4298 4295 4317
f 4299 4297 4296 4298
f 4297 4299 4307 4306
f 4319 4299 4298 4318
f 4330 4307 4299 4319
f 4302 4303 4329 4328
f 4337 4311 4302 4328
f 4313 4310 4309 4312
f 4625 4603 4310 4313
f 4338 4312 4311 4337
f 4339 4313 4312 4338
f 4626 4625 4313 4339
f 4314 4315 4322 4316
f 4318 4317 4316 4320
f 4323 4320 4316 4322
f 4327 4319 4318 4320
f 4319 4327 4332 4330
f 4320 4323 4326 4327
f 4323 4322 4321 4324
f 4323 4324 4325 4326
f 4333 4326 4325 4331
f 4332 4327 4326 4333
f 4328 4329 4334 4336
f 4328 4336 4335 4337
f 4426 4336 4334 4427
f 4338 4337 4335 4340
f 4335 4336 4426 4428
f 4432 4340 4335 4428
f 4341 4339 4338 4340
f 4627 4626 4339 4341
f 4433 4341 4340 4432
f 4629 4627 4341 4433
f 4342 4343 4353 4352
f 4343 4344 4354 4353
f 4343 4371 4372 4344
f 4344 4345 4355 4354
f 4373 4345 4344 4372
f 4345 4346 4356 4355
f 4374 4346 4345 4373
f 4346 4347 4368 4356
f 4378 4347 4346 4374
f 4347 4348 4367 4368
f 4380 4348 4347 4378
f 4348 4350 4369 4367
f 4381 4350 4348 4380
f 4362 4370 4349 4395
f 4369 4350 4349 4370
f 4349 4350 4381 4397
f 4398 4395 4349 4397
f 4364 4358 4357 4363
f 4358 4364 4402 4401
f 4359 4360 4389 4390
f 4360 4361 4391 4389
f 4361 4362 4395 4391
f 4366 4364 4363 4365
f 4364 4366 4403 4402
f 4372 4375 4376 4373
f 4377 4374 4373 4376
f 4374 4377 4379 4378
f 4385 4376 4375 4384
f 4386 4377 4376 4385
f 4387 4379 4377 4386
f 4378 4379 4382 4380
f 4388 4382 4379 4387
f 4383 4381 4380 4382
f 4408 4397 4381 4383
f 4412 4383 4382 4388
f 4410 4408 4383 4412
f 4392 4390 4389 4393
f 4389 4391 4396 4393
f 4391 4395 4398 4396
f 4392 4393 4399 4394
f 4393 4396 4400 4399
f 4394 4399 4407 4406
f 4396 4398 4409 4400
f 4409 4398 4397 4408
f 4399 4400 4404 4407
f 4411 4404 4400 4409
f 4411 4409 4408 4410
f 4413 4416 4414 4422
f 4417 4421 4413 4422
f 4414 4415 4423 4422
f 4829 4423 4415 4827
f 4419 4421 4417 4418
f 4417 4422 4423 4420
f 4436 4418 4417 4420
f 4430 4419 4418 4429
f 4431 4429 4418 4436
f 4420 4424 4449 4436
f 4420 4423 4829 4424
f 4424 4425 4450 4449
f 4830 4425 4424 4829
f 4425 4628 4631 4450
f 5165 4628 4425 4830
f 4426 4427 4430 4429
f 4431 4428 4426 4429
f 4428 4431 4437 4432
f 4431 4436 4449 4437
f 4438 4433 4432 4437
f 4630 4629 4433 4438
f 4434 4441 4440 4465
f 4443 4441 4434 4471
f 4434 4465 4470 4469
f 4434 4469 4473 4471
f 4489 4483 4435 4490
f 4435 4486 4495 4490
f 4435 4483 4512 4513
f 4514 4486 4435 4513
f 4437 4449 4450 4438
f 4631 4630 4438 4450
f 4440 4441 4439 4444
f 4439 4441 4443 4447
f 4451 4444 4439 4454
f 4439 4447 4453 4454
f 4440 4444 4445 4442
f 4466 4465 4440 4442
f 4447 4443 4442 4445
f 4471 4466 4442 4443
f 4452 4445 4444 4451
f 4446 4456 4455 4467
f 4457 4456 4446 4475
f 4446 4467 4472 4632
f 4480 4475 4446 4632
f 4500 4452 4451 4502
f 4451 4454 4507 4502
f 4505 4453 4452 4500
f 4507 4454 4453 4505
f 4455 4456 4460 4458
f 4455 4458 4461 4476
f 4474 4467 4455 4476
f 4456 4457 4462 4460
f 4457 4476 4461 4462
f 4457 4475 4474 4476
f 4463 4459 4458 4460
f 4458 4459 4488 4461
f 4459 4485 4492 4488
f 4459 4463 4493 4485
f 4460 4462 4464 4463
f 4464 4462 4461 4488
f 4463 4464 4494 4493
f 4464 4488 4492 4494
f 4465 4466 4468 4470
f 4466 4471 4473 4468
f 4482 4472 4467 4474
f 4477 4470 4468 4478
f 4468 4473 4481 4478
f 4469 4470 4477 4479
f 4481 4473 4469 4479
f 4472 4482 4497 4633
f 4634 4632 4472 4633
f 4474 4475 4480 4482
f 4477 4478 4501 4503
f 4504 4479 4477 4503
f 4478 4481 4506 4501
f 4506 4481 4479 4504
f 4497 4482 4480 4635
f 4480 4632 4634 4635
f 4491 4484 4483 4489
f 4483 4484 4526 4512
f 4495 4486 4484 4491
f 4484 4486 4514 4526
f 4485 4487 4496 4492
f 4498 4487 4485 4493
f 4487 4633 4497 4496
f 4634 4633 4487 4498
f 4489 4490 4508 4509
f 4510 4491 4489 4509
f 4490 4495 4511 4508
f 4511 4495 4491 4510
f 4499 4494 4492 4496
f 4493 4494 4499 4498
f 4496 4497 4635 4499
f 4635 4634 4498 4499
f 4500 4502 4503 4501
f 4500 4501 4506 4505
f 4504 4503 4502 4507
f 4504 4507 4505 4506
f 4572 4509 4508 4577
f 4508 4511 4575 4577
f 4571 4510 4509 4572
f 4575 4511 4510 4571
f 4529 4513 4512 4528
f 4512 4526 4530 4528
f 4532 4514 4513 4529
f 4530 4526 4514 4532
f 4515 4516 4521 4519
f 4522 4518 4515 4519
f 4533 4516 4515 4527
f 4515 4518 4536 4527
f 4516 4517 4523 4521
f 4534 4517 4516 4533
f 4517 4518 4522 4523
f 4536 4518 4517 4534
f 4524 4520 4519 4521
f 4519 4520 4555 4522
f 4520 4547 4556 4555
f 4520 4524 4583 4547
f 4521 4523 4525 4524
f 4525 4523 4522 4555
f 4524 4525 4562 4583
f 4525 4555 4556 4562
f 4540 4531 4527 4536
f 4527 4531 4636 4533
f 4528 4530 4537 4535
f 4553 4529 4528 4535
f 4541 4532 4529 4553
f 4530 4532 4541 4537
f 4531 4540 4565 4637
f 4638 4636 4531 4637
f 4539 4534 4533 4636
f 4540 4536 4534 4539
f 4535 4537 4538 4573
f 4574 4553 4535 4573
f 4576 4538 4537 4541
f 4538 4571 4572 4573
f 4575 4571 4538 4576
f 4565 4540 4539 4639
f 4539 4636 4638 4639
f 4541 4553 4574 4576
f 4542 4544 4543 4545
f 4542 4545 4546 4548
f 4580 4544 4542 4579
f 4542 4548 4584 4579
f 4543 4544 4549 4550
f 4552 4545 4543 4554
f 4543 4550 4564 4554
f 4581 4549 4544 4580
f 4557 4546 4545 4552
f 4549 4548 4546 4550
f 4564 4550 4546 4557
f 4547 4551 4566 4556
f 4567 4551 4547 4583
f 4548 4549 4581 4584
f 4551 4637 4565 4566
f 4638 4637 4551 4567
f 4560 4557 4552 4558
f 4552 4554 4561 4558
f 4568 4561 4554 4564
f 4570 4562 4556 4566
f 4557 4560 4568 4564
f 4558 4559 4563 4560
f 4578 4559 4558 4561
f 4586 4563 4559 4582
f 4559 4578 4588 4582
f 4560 4563 4569 4568
f 4561 4568 4569 4578
f 4567 4583 4562 4570
f 4589 4569 4563 4586
f 4565 4639 4570 4566
f 4567 4570 4639 4638
f 4588 4578 4569 4589
f 4572 4577 4574 4573
f 4574 4577 4575 4576
f 4579 4584 4585 4587
f 4580 4588 4589 4590
f 4585 4584 4581 4590
f 4585 4586 4582 4587
f 4589 4586 4585 4590
f 4601 4597 4596 4600
f 4602 4598 4597 4601
f 4608 4606 4604 4607
f 4605 4606 4615 4614
f 4606 4608 4622 4615
f 4608 4609 4624 4622
f 4623 4616 4615 4622
f 4618 4619 5189 5188
f 4619 4621 5198 5189
f 5198 4621 4620 5199
f 4640 4642 4826 4825
f 4833 4674 4641 4825
f 4643 4676 4834 4826
f 4680 4648 4647 4760
f 4647 4649 4761 4760
f 4681 4654 4648 4680
f 4649 4652 4765 4761
f 4687 4655 4654 4681
f 4658 4659 4751 4750
f 4779 4669 4658 4750
f 4659 4673 4797 4751
f 4780 4670 4669 4779
f 4804 4677 4670 4780
f 4683 4685 4704 4703
f 4683 4703 4737 4762
f 4685 4688 4706 4704
f 4690 4694 4711 4710
f 4691 4693 4692 4694
f 4692 4693 4695 4696
f 4711 4694 4692 4712
f 4693 4717 4719 4695
f 4697 4696 4695 4725
f 4695 4719 4729 4725
f 4696 4697 4713 4712
f 4714 4713 4697 4728
f 4697 4725 4726 4728
f 4699 4700 4698 4727
f 4714 4728 4698 4715
f 4698 4700 4716 4715
f 4698 4728 4726 4727
f 4699 4727 4731 4735
f 4768 4700 4699 4767
f 4699 4735 4812 4767
f 4802 4716 4700 4768
f 4717 4718 4720 4719
f 4743 4720 4718 4742
f 4719 4720 4730 4729
f 4746 4730 4720 4743
f 4732 4726 4725 4729
f 4731 4727 4726 4732
f 4729 4730 4733 4732
f 4747 4733 4730 4746
f 4731 4732 4733 4734
f 4736 4735 4731 4734
f 4748 4734 4733 4747
f 4749 4736 4734 4748
f 4735 4736 4813 4812
f 4736 4749 4821 4813
f 4787 4762 4737 4738
f 4744 4939 4941 4816
f 4750 4751 4755 4752
f 4750 4752 4781 4779
f 4798 4755 4751 4797
f 4754 4753 4752 4755
f 4752 4753 4783 4781
f 4753 4754 4757 4756
f 4754 4755 4798 4799
f 4800 4757 4754 4799
f 4756 4757 4771 4774
f 4756 4774 4788 4786
f 4770 4768 4767 4769
f 4814 4769 4767 4812
f 4773 4770 4769 4772
f 4790 4772 4769 4814
f 4803 4802 4770 4773
f 4772 4774 4771 4773
f 4803 4773 4771 4800
f 4788 4774 4772 4790
f 4795 4777 4776 4793
f 4776 4778 4818 4817
f 4819 4793 4776 4817
f 4778 4801 4823 4818
f 4782 4780 4779 4781
f 4780 4782 4805 4804
f 4782 4785 4806 4805
f 4784 4786 4792 4785
f 4785 4792 4810 4806
f 4786 4788 4789 4792
f 4788 4790 4791 4789
f 4789 4791 4809 4811
f 4810 4792 4789 4811
f 4790 4814 4815 4791
f 4822 4809 4791 4815
f 4820 4796 4793 4819
f 4795 4796 4808 4807
f 4824 4808 4796 4820
f 4812 4813 4815 4814
f 4822 4815 4813 4821
f 4825 4826 4834 4833
f 4827 4828 4830 4829
f 4828 5164 5165 4830
f 4831 4832 4842 4839
f 5167 4832 4831 5166
f 4831 4838 5186 5166
f 5191 4843 4832 5167
f 4860 4836 4835 4861
f 4863 4861 4835 4837
f 4836 4860 5038 4868
f 4838 4839 4845 4844
f 4838 4844 5200 5186
f 4839 4842 4849 4845
f 4842 4843 4851 4849
f 5209 4851 4843 5191
f 4844 4846 5201 5200
f 4850 4846 4845 4849
f 4846 4850 5206 5201
f 4850 4851 5209 5206
f 4852 4878 4864 5014
f 4852 4857 4880 4878
f 5013 4858 4852 5014
f 5204 4857 4852 4858
f 4879 4856 4853 4877
f 4853 4854 4882 4877
f 5203 4854 4853 4855
f 5195 5196 4854 5203
f 5222 4882 4854 5196
f 5214 5203 4855 5210
f 4855 4856 5217 5205
f 4856 4879 5232 5217
f 5231 4880 4857 5204
f 4858 5013 5032 5212
f 5211 5204 4858 5212
f 4864 4878 4886 4888
f 5016 5014 4864 4865
f 5031 5016 4865 5063
f 4873 4874 5224 5175
f 4874 4876 5227 5224
f 4889 4884 4875 4887
f 4875 4884 5304 4893
f 4876 4897 5301 5227
f 4878 4880 5231 4886
f 4879 4881 4885 5232
f 4882 5222 5225 5230
f 4883 5230 5306 5234
f 4884 4889 4890 5305
f 5146 4888 4886 5307
f 4886 5231 5235 5307
f 5309 5305 4890 4918
f 5132 5075 4891 5149
f 4891 4900 5148 5149
f 4892 5134 5135 5150
f 5163 4916 4892 5150
f 5308 4905 4893 5304
f 4894 4896 5302 5255
f 5253 4898 4895 5250
f 4896 4899 5303 5302
f 4897 4898 5253 5301
f 4899 4914 5288 5303
f 4900 5042 5058 5148
f 4901 4908 4910 4917
f 4902 4903 4919 4906
f 4903 4904 4920 4919
f 9775 4920 4904 9762
f 4909 4908 4905 5308
f 5310 4907 4906 4919
f 4907 5310 10093 9768
f 4909 5308 5309 4910
f 4918 4917 4910 5309
f 5285 4913 4911 5283
f 4912 4915 5286 5284
f 5288 4914 4913 5285
f 10050 5286 4915 9767
f 4916 5163 9784 9779
f 10093 5310 4920 9775
f 4925 4923 4921 4924
f 4922 4923 4928 4927
f 4923 4925 4936 4928
f 4924 4977 4976 4926
f 4925 4926 4937 4936
f 4980 4937 4926 4976
f 4927 4928 4930 4929
f 4943 4930 4928 4936
f 4929 4930 5068 5071
f 5091 4999 4929 5071
f 4930 4943 5069 5068
f 4932 4934 4956 4958
f 4957 4935 4932 4958
f 4936 4937 4938 4943
f 4981 4938 4937 4980
f 5069 4943 4938 5070
f 4938 5007 5115 5070
f 4978 4946 4944 4975
f 5018 4945 4944 4946
f 4944 4945 5050 5076
f 5104 4975 4944 5076
f 4945 5018 5052 5050
f 4946 4978 4982 5020
f 5021 5018 4946 5020
f 4950 4932 4958 5003
f 4958 4932 4951 5003
f 5041 5040 4952 5045
f 4954 4955 5088 5087
f 4957 4958 9755 9756
f 4960 4961 4963 4962
f 4967 4963 4961 4973
f 4962 4963 4965 4964
f 4997 4965 4963 4967
f 4996 4989 4964 4965
f 4993 4996 4965 4997
f 4966 4967 4973 4972
f 4974 4968 4966 4972
f 4997 4967 4966 4991
f 4966 4968 4998 4991
f 4968 4974 5005 5006
f 5011 4998 4968 5006
f 4969 4970 4972 4973
f 4970 4971 4974 4972
f 5005 4974 4971 5004
f 5105 4979 4975 5104
f 4976 4977 4989 4996
f 4978 4979 4986 4982
f 5110 4986 4979 5105
f 4984 4981 4980 4983
f 5025 5020 4982 4988
f 4987 4984 4983 4985
f 5008 5007 4984 4987
f 4985 4990 4995 4987
f 5113 4988 4986 5110
f 4987 4995 5009 5008
f 5144 5025 4988 5113
f 4990 4992 4994 4995
f 4993 4997 4991 4992
f 4994 4992 4991 4998
f 5009 4995 4994 5010
f 4994 4998 5011 5010
f 5004 5096 5102 5005
f 5103 5006 5005 5102
f 5125 5011 5006 5103
f 5007 5008 5121 5112
f 5008 5009 5128 5121
f 5009 5010 5126 5128
f 5010 5011 5125 5126
f 5012 5017 5022 5028
f 5012 5015 5027 5017
f 5029 5015 5012 5030
f 5012 5028 5035 5030
f 5013 5016 5031 5032
f 5047 5027 5015 5043
f 5015 5029 5057 5043
f 5017 5019 5023 5022
f 5018 5021 5141 5052
f 5019 5027 5047 5048
f 5053 5023 5019 5048
f 5026 5021 5020 5025
f 5021 5026 5056 5141
f 5037 5028 5022 5024
f 5054 5024 5023 5053
f 5066 5037 5024 5054
f 5056 5026 5025 5144
f 5036 5035 5028 5037
f 5029 5030 5060 5057
f 5030 5035 5061 5060
f 5213 5212 5032 5034
f 5033 5063 5064 5034
f 5034 5064 5237 5213
f 5035 5036 5062 5061
f 5036 5037 5066 5062
f 5058 5042 5040 5041
f 5041 5045 5046 5059
f 5043 5044 5049 5047
f 5055 5049 5044 5067
f 5044 5060 5061 5065
f 5147 5059 5046 5131
f 5048 5049 5055 5053
f 5137 5076 5050 5052
f 5051 5106 5108 5140
f 5139 5138 5051 5140
f 5142 5137 5052 5141
f 5067 5066 5054 5055
f 5147 5148 5058 5059
f 5061 5062 5067 5065
f 5063 5145 5146 5064
f 5064 5146 5307 5237
f 5072 5071 5068 5073
f 5068 5069 5074 5073
f 5069 5070 5077 5074
f 5114 5077 5070 5115
f 5092 5091 5071 5072
f 5107 5104 5076 5137
f 5085 5082 5080 5161
f 5080 5154 5157 5161
f 5081 5083 5156 5155
f 5083 5086 5159 5156
f 5143 5111 5084 5160
f 5084 5085 5161 5160
f 9952 5159 5086 9879
f 5095 5098 5099 5097
f 5102 5096 5095 5097
f 5097 5099 5101 5100
f 5103 5102 5097 5100
f 9919 5099 5098 9913
f 9922 5101 5099 9919
f 5125 5103 5100 5127
f 5100 5101 5130 5127
f 9925 5130 5101 9922
f 5105 5107 5109 5110
f 5107 5137 5142 5109
f 5143 5140 5108 5111
f 5144 5113 5109 5142
f 5114 5115 5112 5117
f 5120 5117 5112 5121
f 5118 5116 5114 5117
f 5116 5118 9872 9870
f 5119 5118 5117 5120
f 5118 5119 9874 9872
f 5119 5120 5122 5129
f 5119 5129 9928 9874
f 5120 5121 5128 5122
f 5124 5129 5122 5123
f 5122 5128 5126 5123
f 5123 5126 5125 5127
f 5123 5127 5130 5124
f 5124 5130 9925 9926
f 9928 5129 5124 9926
f 5149 5147 5131 5132
f 9766 5221 5133 9756
f 5162 5150 5135 5136
f 9782 5162 5136 9940
f 5138 5139 5152 5151
f 5139 5143 5160 5152
f 5157 5154 5151 5152
f 5152 5160 5161 5157
f 5153 5155 5156 5158
f 5153 5158 9949 9944
f 5158 5159 9952 9949
f 9784 5163 5162 9782
f 5190 5167 5166 5187
f 5174 5173 5168 5192
f 5180 5169 5168 5173
f 5168 5170 5193 5192
f 5244 5170 5169 5242
f 5169 5180 5257 5242
f 5246 5193 5170 5244
f 5181 5172 5171 5178
f 5241 5239 5172 5182
f 5179 5180 5173 5183
f 5173 5174 5184 5183
f 5174 5192 5194 5185
f 5177 5176 5175 5224
f 5176 5177 5252 5251
f 5177 5227 5301 5252
f 5264 5181 5178 5263
f 5179 5183 5259 5257
f 5265 5182 5181 5264
f 5312 5241 5182 5265
f 5183 5184 5270 5259
f 5184 5185 5271 5270
f 5185 5194 5247 5271
f 5202 5187 5186 5200
f 5208 5190 5187 5202
f 5209 5191 5190 5208
f 5247 5194 5193 5246
f 5195 5203 5214 5219
f 5218 5197 5195 5219
f 5196 5197 5223 5222
f 5197 5218 5226 5223
f 5208 5202 5201 5206
f 5204 5211 5235 5231
f 5207 5217 5232 5233
f 5236 5215 5210 5234
f 5211 5212 5213 5216
f 5211 5216 5238 5235
f 5238 5216 5213 5237
f 5220 5219 5214 5215
f 5228 5220 5215 5236
f 5218 5220 5228 5226
f 5229 5225 5223 5226
f 5306 5230 5225 5229
f 5228 5236 5306 5229
f 5240 5241 5312 5311
f 5246 5244 5242 5248
f 5272 5248 5242 5258
f 5243 5245 5273 5260
f 5245 5249 5274 5273
f 5272 5271 5247 5248
f 5298 5274 5249 5281
f 5250 5251 5252 5253
f 5254 5256 5287 5282
f 5254 5255 5302 5256
f 5256 5303 5288 5287
f 5258 5259 5270 5272
f 5275 5261 5260 5273
f 5261 5275 5296 5289
f 5264 5263 5262 5266
f 5265 5266 5313 5312
f 5315 5314 5268 5269
f 10097 5315 5269 10060
f 5296 5275 5274 5298
f 5295 5278 5276 5293
f 5277 5279 5299 5290
f 5298 5281 5278 5295
f 5279 5280 5300 5299
f 10071 5300 5280 10053
f 5285 5283 5282 5287
f 5284 5286 10049 10048
f 5295 5293 5289 5296
f 5292 5291 5290 5294
f 5291 5292 10066 10065
f 5292 5294 5299 5297
f 5292 5297 10070 10066
f 5297 5300 10071 10070
f 5304 5305 5309 5308
f 10102 5316 5315 10097
f 5325 5319 5317 5322
f 5320 5321 5326 5323
f 5320 5324 5811 5809
f 5330 5328 5321 5329
f 5336 5325 5322 5334
f 5335 5324 5323 5333
f 5323 5326 5337 5333
f 5348 5327 5325 5336
f 5326 5328 5349 5337
f 5328 5330 5360 5349
f 5819 5330 5329 5810
f 5838 5360 5330 5819
f 5331 5332 5336 5334
f 5333 5337 5344 5338
f 5335 5338 5826 5821
f 5338 5344 5835 5826
f 5339 5341 5345 5342
f 5347 5343 5340 5346
f 5340 5343 6437 6434
f 6438 5345 5341 6435
f 5343 5351 6441 6437
f 6439 5350 5345 6438
f 5831 5347 5346 5827
f 5843 5351 5347 5831
f 5351 5843 6461 6441
f 5352 5354 5358 5356
f 6433 5355 5352 6432
f 5352 5356 6444 6432
f 6445 5357 5353 6443
f 5361 5358 5354 5865
f 5354 5355 5866 5865
f 5356 5359 6447 6444
f 5362 5359 5358 5361
f 5359 5362 6471 6447
f 5361 5865 5868 5881
f 5362 5881 6472 6471
f 5363 5364 5438 5421
f 5363 5422 6063 6062
f 6068 5364 5363 6062
f 6069 5441 5364 6068
f 5365 5434 5433 5443
f 5365 5443 5445 5446
f 5366 5367 5369 5368
f 5377 5378 5366 5382
f 5379 5367 5366 5378
f 5367 5379 5374 5391
f 5368 5369 5478 5471
f 5385 5384 5370 5477
f 5370 5384 5386 5479
f 5370 5448 5449 5477
f 5379 5372 5371 5374
f 5381 5376 5375 5380
f 5375 5377 5382 5380
f 5395 5381 5380 5394
f 5382 5473 5517 5547
f 5545 5397 5382 5547
f 5383 5384 5385 5390
f 5387 5388 5383 5390
f 5386 5389 5393 5392
f 5399 5388 5387 5404
f 5387 5390 5487 5496
f 5498 5404 5387 5496
f 6127 6124 5389 6125
f 6138 5393 5389 6124
f 5474 5478 5391 5549
f 5391 5396 5546 5549
f 5396 5395 5394 5397
f 5396 5397 5545 5546
f 5403 5402 5398 5406
f 5622 5619 5398 5661
f 5625 5406 5398 5619
f 5399 5404 5405 6125
f 5400 5402 5403 5401
f 5400 5401 5554 5548
f 5560 5554 5401 5558
f 5405 5498 5500 6126
f 6127 6125 5405 6126
f 5626 5558 5406 5625
f 5417 5411 5407 5414
f 5407 5412 6449 6448
f 6450 5414 5407 6448
f 5410 5409 5408 5413
f 5408 5409 5416 5415
f 5424 5413 5408 5423
f 5408 5415 5468 5423
f 5412 5411 5409 5410
f 5409 5411 5417 5416
f 6449 5412 5410 6452
f 6451 5419 5414 6450
f 5415 5416 5418 5420
f 5415 5420 5469 5468
f 5416 5417 5419 5418
f 5418 5419 6451 6454
f 5421 5438 5439 5460
f 5422 5460 6108 6063
f 5429 5427 5426 5428
f 5428 5447 5437 5429
f 5436 5430 5429 5437
f 5444 5435 5430 5436
f 5431 5433 5434 5432
f 5444 5433 5431 5435
f 5436 5437 5455 5456
f 5466 5460 5439 5440
f 5440 5442 5467 5466
f 6103 5442 5441 6069
f 6121 5467 5442 6103
f 5470 5445 5444 5515
f 5444 5457 5527 5515
f 5472 5446 5445 5470
f 5521 5447 5446 5472
f 5528 5458 5447 5521
f 5489 5449 5448 5479
f 5486 5477 5449 5489
f 5450 5451 5452 5453
f 5450 5489 5479 5451
f 5451 5479 6130 5452
f 6132 5453 5452 6131
f 5495 5489 5453 6132
f 5454 5463 6231 6223
f 5457 5456 5455 5458
f 5457 5458 5528 5527
f 6230 5461 5459 6233
f 5459 5592 6246 6233
f 5465 5463 5462 5464
f 5463 5465 6234 6231
f 5474 5473 5471 5478
f 5473 5474 5518 5517
f 5475 5476 5522 5516
f 5574 5476 5475 5550
f 5479 5480 6136 6130
f 5493 5485 5481 5491
f 5481 5483 5511 5491
f 5538 5483 5481 5485
f 5482 5538 5485 5484
f 5482 5484 5523 5520
f 5482 5520 5536 5533
f 5512 5511 5483 5538
f 5484 5485 6146 5523
f 5485 5493 5513 5535
f 5485 5535 5534 6146
f 5486 5489 5492 5490
f 5497 5487 5486 5490
f 5499 5496 5487 5497
f 5494 5492 5489 5495
f 5493 5510 5514 5513
f 5552 5510 5493 5551
f 5562 5563 5493 5567
f 5564 5504 5493 5563
f 5493 5504 5575 5567
f 5494 5495 5506 5502
f 6143 5506 5495 6134
f 5498 5499 5503 5500
f 5500 5503 5505 5507
f 6161 6126 5500 5507
f 5502 5506 5509 5508
f 5504 5564 5566 5575
f 5509 5507 5505 5508
f 6164 5509 5506 6143
f 5507 5509 6164 6161
f 6142 5514 5510 6167
f 5512 5538 5540 5539
f 5555 5551 5512 5576
f 5512 5539 5577 5576
f 5516 5522 5529 5530
f 5517 5518 5568 5565
f 5520 5523 5524 5525
f 5587 5529 5522 5532
f 5531 5525 5524 5526
f 5525 5531 5537 5536
f 6148 5531 5526 6147
f 5526 6146 6156 6147
f 5599 5530 5529 5600
f 5532 5574 5589 5587
f 5533 5536 5541 5540
f 5536 5537 5542 5541
f 5543 5542 5537 5544
f 6158 5544 5537 6148
f 5543 5544 5584 5583
f 6159 5584 5544 6158
f 5568 5546 5545 5565
f 5548 5554 5569 5570
f 5589 5574 5550 5588
f 5553 5552 5551 5555
f 5553 5555 5556 6168
f 5555 5576 5579 5556
f 5556 5579 5580 6173
f 6174 6168 5556 6173
f 5557 6165 6166 6185
f 5557 5561 6169 6165
f 6175 5561 5557 6198
f 5558 5626 5628 5629
f 5674 5560 5558 5664
f 6169 5561 5559 6172
f 6257 6172 5559 6258
f 5673 5570 5569 5674
f 5663 5661 5573 5673
f 5576 5577 5578 5579
f 5580 5579 5578 5582
f 5580 5582 5585 5586
f 6199 6173 5580 5586
f 5583 5584 5586 5585
f 6194 5586 5584 6159
f 6190 6155 5586 6194
f 5586 6155 6192 6195
f 5613 5610 5587 5615
f 5591 5589 5588 5590
f 5615 5591 5590 5614
f 5592 5593 6245 6246
f 6481 6245 5593 6453
f 5594 5595 6218 6217
f 6221 5603 5594 6217
f 6112 5597 5596 6109
f 5596 5605 6252 6248
f 5596 5605 6301 6300
f 6113 5598 5597 6112
f 6115 5604 5598 6113
f 5599 5600 5601 5602
f 5608 5602 5601 5607
f 5609 5606 5602 5608
f 5605 5618 6253 6252
f 5605 5618 6302 6301
f 5606 5609 5612 5614
f 5617 5616 5610 5613
f 5615 5614 5612 5613
f 5621 5622 5623 5627
f 5628 5626 5621 5627
f 5622 5661 5630 5623
f 5629 5628 5623 5630
f 5638 5631 5624 5637
f 5624 5631 5666 5665
f 5629 5630 5667 5668
f 5632 5646 5648 6254
f 6264 5669 5633 6255
f 5634 5635 5643 5642
f 5641 5639 5637 5640
f 5642 5638 5637 5639
f 5638 5642 5643 5650
f 5644 5641 5640 5655
f 5640 5665 5662 5685
f 5640 5685 5686 5755
f 5656 5645 5644 5655
f 5646 5647 5652 5648
f 5647 5651 5653 5652
f 5708 5651 5647 5696
f 5687 5705 5650 5756
f 5660 5653 5651 5659
f 5652 5653 5654 6256
f 5711 6256 5654 5710
f 5716 5715 5654 5763
f 5654 5660 5764 5763
f 5658 5656 5655 5657
f 5756 5658 5657 5755
f 5659 5708 5709 5761
f 5764 5660 5659 5761
f 5662 5665 5666 5670
f 5662 5670 5724 5723
f 5663 5664 5668 5667
f 5674 5664 5663 5673
f 5694 5693 5669 6265
f 5669 6264 6266 6265
f 5671 5672 5731 5728
f 5730 5727 5672 5729
f 5672 5726 5732 5731
f 5683 5679 5678 5684
f 5678 5679 5725 5722
f 5740 5684 5678 5736
f 6198 5680 5681 6201
f 5683 5684 5742 5741
f 5686 5723 5724 5687
f 5756 5755 5686 5687
f 5688 5693 5694 5700
f 5695 5693 5688 5690
f 5695 5690 5689 5696
f 5708 5696 5689 5691
f 5709 5708 5691 5692
f 5720 5709 5692 5718
f 5702 5700 5694 5706
f 6286 6256 5697 5698
f 5698 5699 6288 6286
f 5702 5706 5707 5703
f 5720 5718 5704 5719
f 5738 5707 5706 6290
f 5739 5719 5707 5738
f 5709 5763 5764 5761
f 5765 5763 5709 5762
f 5709 5720 5766 5762
f 5713 5714 6289 6288
f 5767 5720 5719 5739
f 5758 5724 5721 5757
f 5721 5724 5776 5774
f 5722 5725 5735 5734
f 5733 5732 5726 5737
f 5727 5730 5733 5737
f 5734 5735 5773 5772
f 5778 5740 5736 5772
f 5738 6290 6291 6292
f 6293 5739 5738 6292
f 5768 5767 5739 6293
f 5745 5742 5740 5748
f 5752 5748 5740 5754
f 5741 5742 5745 5744
f 5749 5743 5741 5744
f 5743 5749 5751 5753
f 5744 5746 5747 5749
f 5751 5752 5754 5753
f 5753 5754 5796 5795
f 5760 5758 5757 5759
f 5789 5759 5757 5771
f 5758 5760 5770 5775
f 5781 5760 5759 5782
f 5769 5765 5762 5766
f 5763 5769 5768 6289
f 5766 5767 5768 5769
f 5776 5775 5770 5779
f 5770 5788 5950 5794
f 5771 5774 5780 5789
f 5772 5773 5777 5778
f 5774 5776 5779 5780
f 5796 5778 5777 5795
f 5791 5780 5779 5792
f 5781 5782 5783 5784
f 5786 5784 5783 5785
f 5783 5789 5787 5785
f 5787 5789 5793 5790
f 5790 5793 5794 5950
f 5791 5792 5794 5793
f 5797 6218 6217 5798
f 6219 6218 5797 5802
f 5798 6217 6221 5799
f 6366 5801 5800 6364
f 5800 5803 6370 6364
f 6367 5805 5801 6366
f 5802 5807 6220 6219
f 5803 5804 6371 6370
f 6369 5806 5805 6367
f 5807 5808 6222 6220
f 5814 5810 5809 5812
f 5822 5812 5811 5821
f 5824 5814 5812 5822
f 5818 5815 5813 5817
f 5813 5815 5825 5823
f 5838 5819 5814 5824
f 5815 5820 5851 5825
f 6485 5817 5816 6484
f 6487 5818 5817 6485
f 6494 5820 5818 6487
f 6525 5851 5820 6494
f 5822 5826 5835 5824
f 5823 5825 5837 5836
f 5827 5828 5833 5831
f 6460 5833 5828 6456
f 5829 5830 5834 5832
f 5829 5832 6462 6457
f 6520 5834 5830 6516
f 5832 5844 6469 6462
f 6461 5843 5833 6460
f 6526 5844 5834 6520
f 5836 5837 6515 6512
f 5837 5851 6525 6515
f 5842 5840 5839 5841
f 5854 5841 5839 5852
f 5840 5842 5849 5845
f 7292 6469 5844 6526
f 5850 5846 5845 5849
f 5846 5850 5863 5859
f 5847 5848 5876 5873
f 5887 5861 5847 5873
f 5848 5862 5890 5876
f 5852 5853 5855 5854
f 5864 5855 5853 5860
f 5856 5858 5899 5898
f 5896 5858 5857 5895
f 5858 5896 5932 5899
f 5864 5860 5859 5863
f 5890 5862 5861 5887
f 6466 5868 5866 6465
f 5867 5869 5883 5882
f 6468 5870 5867 6467
f 5867 5882 6470 6467
f 6472 5881 5868 6466
f 5869 5870 6531 6529
f 6535 5883 5869 6529
f 5871 5872 5878 5877
f 5879 5874 5871 5877
f 5891 5878 5872 5885
f 5880 5875 5874 5879
f 5875 5880 5893 5888
f 5882 5884 6473 6470
f 6538 5884 5883 6535
f 7296 6473 5884 6538
f 5885 5886 5892 5891
f 5886 5889 5894 5892
f 5894 5889 5888 5893
f 5896 5897 5933 5932
f 5934 5900 5899 5932
f 5901 5902 5907 5906
f 5901 5906 5910 5909
f 5902 5905 5921 5907
f 5916 5905 5904 5914
f 5905 5916 5918 5921
f 5906 5907 5911 5908
f 5908 5911 5964 5956
f 5909 5910 5917 5915
f 5910 5980 5987 5983
f 5922 5913 5912 5923
f 5912 5913 5967 5968
f 5991 5923 5912 5990
f 6322 5967 5913 6317
f 5918 5916 5915 5917
f 5920 5918 5917 5919
f 5985 5920 5919 5983
f 5960 5964 5921 5982
f 5989 5982 5921 5985
f 5922 5923 5925 5924
f 5992 5925 5923 5991
f 5924 5925 5927 5926
f 5926 5927 5992 6318
f 5928 5929 5930 5931
f 5928 5931 6003 5984
f 6065 5930 5929 6064
f 5929 6035 6091 6064
f 5939 5938 5935 5948
f 5936 5945 5946 5947
f 5936 5942 5969 5945
f 5942 5944 5952 5969
f 5944 5949 5951 5952
f 5963 5946 5945 5955
f 5948 5947 5946 5966
f 5951 5949 5948 5966
f 5954 5952 5951 5953
f 5974 5954 5953 5975
f 5955 5957 5958 5963
f 5960 5959 5956 5964
f 5962 5958 5957 5961
f 5976 5966 5958 5962
f 5959 5960 5972 5971
f 5961 5970 6014 6009
f 5965 5968 5967 6320
f 5965 6320 6321 6323
f 6339 5994 5965 6323
f 5977 5975 5966 5976
f 5971 5972 5989 5987
f 5973 5974 5975 5977
f 5973 5977 6015 6014
f 6015 5977 5976 6011
f 6008 5981 5978 6021
f 6034 5979 5978 6031
f 5978 5979 6045 6021
f 6047 6045 5979 6046
f 5981 6008 6024 6025
f 5989 5985 5983 5987
f 5988 5986 5984 6003
f 5986 5988 6020 6022
f 5988 6003 6036 6033
f 5990 5994 5996 5995
f 5999 5991 5990 5995
f 6001 5992 5991 5999
f 6319 6318 5992 6004
f 5993 6001 6002 6349
f 5993 6349 6360 6358
f 5997 5996 5994 6339
f 5997 6339 6340 5998
f 5998 6340 6341 6343
f 6342 6349 6002 6344
f 6357 6319 6004 6358
f 6026 6013 6006 6027
f 6006 6010 6029 6027
f 6010 6019 6030 6029
f 6011 6017 6014 6015
f 6039 6024 6012 6048
f 6012 6021 6045 6048
f 6028 6016 6013 6026
f 6032 6018 6016 6028
f 6030 6019 6018 6032
f 6037 6022 6020 6040
f 6041 6035 6023 6037
f 6038 6025 6024 6039
f 6034 6031 6025 6038
f 6033 6036 6042 6040
f 6059 6054 6034 6058
f 6093 6091 6035 6094
f 6037 6040 6042 6041
f 6038 6039 6043 6044
f 6041 6042 6102 6101
f 6058 6044 6043 6057
f 6049 6047 6046 6050
f 6048 6049 6052 6053
f 6048 6053 6060 6057
f 6049 6050 6051 6052
f 6061 6056 6054 6059
f 6059 6058 6057 6060
f 6071 6068 6062 6070
f 6096 6092 6067 6095
f 6072 6069 6068 6071
f 6070 6108 6072 6071
f 6072 6108 6123 6122
f 6073 6074 6083 6080
f 6475 6074 6073 6474
f 6073 6079 6476 6474
f 6477 6086 6074 6475
f 6075 6076 6077 6078
f 6075 6078 6084 6081
f 6088 6076 6075 6087
f 6075 6081 6089 6087
f 6077 6079 6080 6078
f 6476 6079 6077 6478
f 6078 6080 6083 6084
f 6085 6082 6081 6084
f 6081 6082 6090 6089
f 6085 6084 6083 6086
f 6085 6086 6477 6480
f 6093 6094 6097 6096
f 6102 6097 6094 6101
f 6098 6099 6119 6116
f 6590 6100 6098 6589
f 6098 6116 6592 6589
f 6099 6100 6379 6378
f 6392 6119 6099 6378
f 7192 6379 6100 6590
f 6123 6121 6103 6122
f 6104 6105 6387 6383
f 6104 6383 6483 6479
f 6105 6106 6397 6387
f 6106 6107 6398 6397
f 9328 6398 6107 9194
f 6296 6110 6109 6294
f 6385 6110 6109 6384
f 6297 6114 6110 6296
f 6390 6114 6110 6385
f 6370 6364 6111 6117
f 6371 6370 6117 6120
f 6140 6139 6124 6141
f 6163 6141 6124 6162
f 6162 6127 6126 6161
f 6144 6133 6130 6141
f 6134 6132 6131 6133
f 6143 6134 6133 6144
f 6164 6145 6141 6163
f 6143 6144 6145 6164
f 6146 6149 6150 6156
f 6158 6148 6147 6157
f 6155 6156 6150 6153
f 6152 6154 6167 6155
f 6155 6167 6191 6192
f 6159 6158 6157 6160
f 6159 6160 6190 6194
f 6163 6162 6161 6164
f 6165 6169 6171 6170
f 6187 6185 6166 6186
f 6170 6171 6180 6177
f 6189 6186 6170 6193
f 6170 6178 6205 6193
f 6182 6179 6171 6260
f 6191 6174 6173 6199
f 6259 6258 6176 6262
f 6273 6262 6176 6272
f 6183 6260 6263 6184
f 6210 6207 6184 6263
f 6185 6187 6200 6198
f 6188 6187 6186 6189
f 6197 6190 6189 6193
f 6195 6192 6191 6199
f 6193 6205 6206 6210
f 6193 6210 6212 6211
f 6196 6197 6211 6209
f 6198 6200 6202 6201
f 6204 6202 6200 6203
f 6276 6204 6203 6208
f 6277 6276 6208 6279
f 6208 6213 6285 6279
f 6209 6211 6212 6213
f 6213 6212 6210 6285
f 6214 6215 6365 6363
f 6215 6216 6368 6365
f 6217 6218 6243 6242
f 6250 6221 6217 6242
f 6217 6218 6295 6298
f 6299 6221 6217 6298
f 6224 6225 6227 6226
f 6236 6225 6224 6228
f 6224 6226 6238 6229
f 6239 6227 6225 6237
f 6400 6236 6228 6399
f 6228 6229 6401 6399
f 6229 6238 6405 6401
f 6235 6232 6231 6234
f 6403 6237 6236 6400
f 6407 6239 6237 6403
f 6240 6241 6382 6381
f 6386 6244 6240 6381
f 6388 6247 6244 6386
f 6387 6246 6245 6383
f 6389 6249 6247 6388
f 6391 6251 6249 6389
f 6257 6258 6259 6261
f 6269 6261 6259 6268
f 6259 6262 6280 6268
f 6262 6273 6274 6280
f 6265 6266 6287 6267
f 6266 6286 6288 6287
f 6267 6287 6291 6290
f 6271 6269 6268 6270
f 6281 6270 6268 6280
f 6270 6281 6279 6284
f 6283 6271 6270 6284
f 6281 6280 6274 6278
f 6277 6279 6281 6278
f 6282 6283 6284 6285
f 6288 6289 6292 6291
f 6294 6109 6364 6295
f 6303 6304 6306 6305
f 6303 6305 7627 7625
f 7636 7627 6306 7634
f 6307 6308 6311 6309
f 6307 6309 7629 7628
f 6309 6311 6412 6409
f 6309 6409 7799 7629
f 6418 6312 6310 6417
f 6419 6313 6312 6418
f 6313 6419 8270 8063
f 6317 6318 6334 6328
f 6336 6335 6318 6348
f 6325 6321 6320 6322
f 6324 6323 6321 6326
f 6332 6325 6322 6329
f 6340 6339 6323 6324
f 6324 6326 6327 6354
f 6325 6332 6333 6346
f 6355 6354 6327 6345
f 6337 6348 6346 6338
f 6355 6341 6340 6354
f 6344 6343 6341 6342
f 6345 6346 6341 6355
f 6341 6346 6347 6356
f 6352 6342 6341 6356
f 6350 6349 6342 6352
f 6352 6356 6347 6351
f 6350 6352 6351 6353
f 6350 6353 6359 6360
f 6357 6358 6360 6359
f 6372 6362 6361 6373
f 6361 6362 6375 6376
f 6362 6372 6374 6375
f 6364 6370 6395 6393
f 6370 6371 6396 6395
f 6372 6373 6377 6374
f 6376 6375 6374 6377
f 6378 6380 6394 6392
f 7193 6380 6379 7192
f 7195 6394 6380 7193
f 6404 6400 6399 6402
f 6406 6402 6401 6405
f 6408 6404 6402 6406
f 6403 6404 6408 6407
f 6409 6412 6414 6413
f 6409 6413 7802 7799
f 6416 6411 6410 6415
f 6410 7801 7819 7820
f 6411 6416 7803 7801
f 7812 7802 6414 7813
f 6420 6416 6415 6421
f 7862 6421 6415 7820
f 6416 6420 7854 7803
f 7241 6418 6417 7240
f 7242 6419 6418 7241
f 6419 7242 8579 8270
f 6420 6421 6425 6422
f 6420 6422 7856 7854
f 6427 6424 6423 6426
f 6423 6424 7211 7212
f 7857 6426 6423 7858
f 6423 7212 8511 7858
f 7861 7856 6425 7862
f 7199 6430 6428 7200
f 6428 6429 7588 7200
f 6430 7199 7204 7208
f 6434 6437 6442 6440
f 6440 6442 6463 6458
f 6463 6442 6441 6461
f 6482 6481 6453 6455
f 6455 6479 6483 6482
f 6456 6458 6463 6460
f 6464 6459 6457 6462
f 6459 6464 7284 7280
f 6464 6469 7292 7284
f 6492 6487 6485 6490
f 6486 6488 6493 6491
f 6486 6489 6497 6496
f 6502 6488 6486 6496
f 6506 6495 6488 6502
f 6489 6491 6509 6513
f 6510 6492 6490 6508
f 6491 6493 6511 6509
f 6525 6494 6492 6510
f 6493 6495 6527 6511
f 6495 6506 6550 6527
f 6496 6498 6503 6502
f 6541 6498 6497 6543
f 6542 6503 6498 6541
f 6499 6501 6505 6504
f 6563 6500 6499 6562
f 6499 6504 6577 6562
f 6600 6501 6500 6599
f 6550 6506 6503 6542
f 6504 6507 6580 6577
f 6603 6507 6505 6602
f 6508 6512 6515 6510
f 6509 6511 6522 6514
f 6513 6514 6544 6543
f 6514 6522 6546 6544
f 6516 6519 6524 6520
f 6523 6518 6517 6521
f 6547 6521 6517 6545
f 6518 6523 7286 7282
f 7285 6524 6519 7281
f 6551 6528 6521 6547
f 6522 6527 6550 6546
f 6523 6528 7293 7286
f 7292 6526 6524 7285
f 6528 6551 7318 7293
f 6529 6532 6537 6535
f 6530 6534 6539 6536
f 7291 6533 6530 7289
f 6530 6536 7294 7289
f 7290 6532 6531 7288
f 7295 6537 6532 7290
f 6569 6534 6533 6568
f 6585 6539 6534 6569
f 6536 6540 7297 7294
f 7296 6538 6537 7295
f 6587 6540 6539 6585
f 6540 6587 7321 7297
f 6546 6542 6541 6544
f 6549 6547 6545 6548
f 7308 6549 6548 7307
f 7318 6551 6549 7308
f 6610 6553 6552 6607
f 6558 6556 6555 6557
f 6555 6610 6614 6557
f 6749 6608 6556 6558
f 6578 6558 6557 6579
f 6573 6561 6559 6574
f 6559 6560 6736 6738
f 6876 6574 6559 6738
f 6560 6561 7299 7298
f 6561 6573 7312 7299
f 6581 6565 6562 6577
f 6563 6565 6743 6741
f 6744 6567 6564 6742
f 6564 6566 7332 7331
f 6565 6581 6745 6743
f 6566 6567 6572 6571
f 6566 6571 7350 7332
f 6746 6572 6567 6744
f 7306 6570 6568 7305
f 6569 6570 6586 6585
f 6571 6582 7351 7350
f 7004 6582 6572 6746
f 6573 6575 7314 7312
f 6879 6575 6574 6876
f 6575 6879 7429 7314
f 6576 6583 6597 6596
f 6576 6596 7362 7315
f 6578 6579 6747 6748
f 6745 6581 6580 6923
f 6582 7004 7541 7351
f 7174 6597 6583 6881
f 6593 6591 6589 6592
f 6590 6591 7194 7192
f 6591 6593 7196 7194
f 6596 6597 7198 7197
f 6596 7197 7584 7362
f 6597 7174 7227 7198
f 7097 6605 6599 6741
f 6606 6601 6600 6605
f 6603 6602 6601 6604
f 7096 6923 6604 6606
f 7096 6606 6605 7097
f 6607 6609 6611 6612
f 6611 6609 6608 6749
f 6630 6612 6611 6626
f 6613 6616 6615 6629
f 6613 6629 6631 6633
f 6751 6747 6614 6757
f 6614 6632 6760 6757
f 6615 6616 6617 6623
f 6615 6623 6624 6637
f 6624 6623 6618 6619
f 6620 6628 6658 6622
f 6657 6625 6622 6658
f 6632 6630 6626 6635
f 6895 6661 6627 6761
f 6634 6633 6631 6636
f 6631 6637 6762 6636
f 6632 6635 6759 6760
f 6637 6668 6896 6762
f 6641 6639 6638 6784
f 6638 6778 6774 6784
f 6638 6640 6777 6778
f 6639 6641 6643 6642
f 6787 6777 6640 6788
f 6640 6650 6827 6789
f 6829 6643 6641 6791
f 6642 6643 6644 6645
f 6830 6644 6643 6829
f 6650 6645 6644 6842
f 6648 6649 6646 6651
f 6646 6649 6654 6652
f 6848 6651 6646 6653
f 6647 6649 6648 6697
f 6698 6696 6647 6697
f 6707 6697 6648 6706
f 6648 6651 6942 6706
f 6650 6842 6844 6855
f 6847 6828 6650 6855
f 6651 6848 6858 6942
f 6652 6654 6703 6655
f 6849 6653 6652 6860
f 6850 6848 6653 6849
f 6654 6702 6704 6703
f 6654 6696 6715 6702
f 6656 6712 7139 6860
f 6657 6658 6660 6663
f 6662 6664 6659 6671
f 6668 6663 6660 6667
f 6843 6627 6661 6961
f 6665 6664 6662 6666
f 6904 6666 6662 6685
f 6896 6668 6667 6897
f 6669 6699 6898 6899
f 6725 6701 6672 6726
f 6673 6674 6676 6675
f 6675 6677 6678 6679
f 6688 6679 6678 6682
f 6684 6681 6680 6690
f 6680 6903 6909 6917
f 6691 6689 6684 6690
f 6905 6904 6685 6918
f 6693 6687 6686 6692
f 6686 6687 6907 6908
f 6910 6907 6687 6920
f 6694 6691 6690 6695
f 7088 6693 6692 7089
f 6694 6695 6917 6918
f 6696 6698 6716 6715
f 6698 6707 6709 6716
f 6932 6898 6699 6939
f 6713 6705 6702 6714
f 6721 6714 6702 6717
f 6706 6942 6943 6948
f 6950 6709 6707 6948
f 6951 6710 6709 6950
f 6723 6722 6710 6952
f 6710 6951 6954 6952
f 6711 6713 6714 7139
f 6714 6719 6723 6952
f 6724 6720 6714 6952
f 6714 6720 7142 7139
f 6715 6716 6718 6717
f 6717 6718 6722 6721
f 6719 6721 6722 6723
f 6720 6724 7143 7142
f 6724 6952 6956 7143
f 6728 6939 6725 6727
f 6725 6726 6730 6727
f 6733 6728 6727 6731
f 6735 6729 6728 6733
f 6729 6734 6974 6976
f 7403 6739 6736 7401
f 6737 6740 6895 6752
f 6993 6740 6737 6880
f 6738 6739 6967 6876
f 7428 6967 6739 7403
f 7555 7098 6742 7535
f 6743 6745 7096 7097
f 7099 6746 6744 7098
f 6750 6748 6747 6751
f 6750 6751 6902 6901
f 6785 6754 6753 6786
f 6753 6765 6837 6786
f 6815 6773 6754 6785
f 6764 6900 6930 6929
f 6931 6769 6764 6929
f 6870 6837 6765 6845
f 6766 6899 6898 6767
f 6766 6767 6938 6937
f 6768 6755 7057 6997
f 6933 6770 6769 6931
f 6934 6771 6770 6933
f 6936 6912 6771 6934
f 6774 6778 6776 6780
f 6774 6780 6796 6790
f 6782 6779 6775 6781
f 6785 6786 6775 6779
f 6783 6780 6776 6801
f 6776 6777 6800 6801
f 6777 6787 6792 6800
f 6813 6782 6781 6816
f 6783 6800 6802 6803
f 6795 6794 6790 6796
f 6833 6791 6790 6794
f 6835 6829 6791 6833
f 6807 6800 6792 6805
f 6795 6797 6799 6798
f 6809 6799 6797 6803
f 6798 6799 6839 6838
f 6799 6807 6808 6810
f 6804 6802 6800 6807
f 6809 6803 6802 6804
f 6805 6806 6853 6807
f 6811 6810 6808 6812
f 6811 6812 6854 6852
f 6814 6818 6819 6821
f 6815 6821 6823 6825
f 6819 6820 6824 6822
f 6820 6837 6826 6824
f 6826 6825 6823 6824
f 6825 6826 6874 6875
f 6836 6831 6830 6835
f 6830 6831 6844 6842
f 6831 6832 6859 6844
f 6832 6836 6841 6840
f 6832 6840 6866 6859
f 6838 6839 6840 6841
f 6866 6840 6839 6852
f 7057 6755 6843 6961
f 6856 6855 6844 6859
f 6845 6867 6869 6870
f 6862 6850 6849 6851
f 6945 6858 6850 6862
f 6851 6860 6945 6862
f 6852 6854 6861 6866
f 6857 6859 6866 6861
f 6943 6942 6858 6944
f 6947 6944 6858 6945
f 6860 6864 6863 6945
f 7137 6864 6860 7139
f 6946 6945 6863 6865
f 6863 6864 7137 6865
f 6865 7137 7140 7141
f 6872 6871 6868 6873
f 6877 6873 6868 6878
f 6869 6875 6874 6870
f 6871 6872 6958 6957
f 6871 6957 6959 6960
f 6916 6958 6872 6964
f 7019 6964 6877 7017
f 6877 6878 7020 7017
f 6879 6967 7428 7429
f 6997 6993 6880 6996
f 6881 6882 7175 7174
f 7569 7175 6882 7426
f 6883 6885 6889 6887
f 7407 6884 6883 6887
f 7408 7406 6884 7407
f 7031 7030 6886 7032
f 6891 7041 7037 7491
f 7044 7043 6892 7046
f 7561 7046 6892 7138
f 6900 6911 6935 6930
f 6917 6909 6905 6918
f 6924 6908 6907 6915
f 6910 6920 7112 6982
f 6911 6912 6936 6935
f 6914 6916 6981 6980
f 6919 6926 6978 6975
f 6979 6925 6919 6975
f 6920 7088 7091 7092
f 6921 6924 6986 7113
f 7090 7089 6921 7100
f 7101 7100 6921 7104
f 7105 6978 6927 6987
f 6928 6965 6985 6987
f 6932 6939 6941 6938
f 6937 6938 6941 6940
f 6939 6972 6973 6941
f 6945 6946 6955 6947
f 6953 6955 6946 6956
f 7143 6956 6946 7141
f 6953 6956 6952 6954
f 6983 6960 6959 6980
f 6971 6968 6960 6969
f 6990 6966 6962 6979
f 7024 6970 6964 7019
f 6965 6966 6990 6985
f 6968 6971 7023 7022
f 6989 6970 6969 6988
f 6969 6970 7024 6971
f 6972 6976 6974 6973
f 7105 6977 6975 6978
f 6977 7105 7109 7108
f 6980 6981 6984 6983
f 7113 6986 6982 7112
f 6983 6984 6989 6988
f 6985 6990 6991 6992
f 7111 7109 6987 7114
f 7120 7114 6987 7117
f 7117 6992 6991 7116
f 6994 6995 7003 6999
f 7061 6997 6996 7036
f 6996 6997 7063 7011
f 6997 7061 7059 7063
f 6998 6999 7438 7434
f 7453 7003 6998 7434
f 7000 7003 7453 7438
f 7007 7002 7001 7458
f 7001 7454 7465 7458
f 7002 7007 7008 7443
f 7437 7436 7002 7443
f 7004 7099 7556 7541
f 7032 7435 7005 7079
f 7005 7006 7080 7079
f 7441 7006 7005 7432
f 7006 7442 7491 7080
f 7010 7008 7007 7009
f 7445 7443 7008 7459
f 7124 7010 7009 7123
f 7016 7014 7012 7015
f 7064 7015 7013 7028
f 7071 7028 7013 7062
f 7066 7016 7015 7064
f 7017 7020 7021 7018
f 7022 7019 7018 7021
f 7034 7026 7025 7033
f 7038 7033 7025 7048
f 7075 7027 7026 7034
f 7076 7065 7027 7075
f 7029 7067 7073 7155
f 7148 7053 7029 7155
f 7030 7031 7037 7041
f 7031 7035 7039 7037
f 7035 7079 7080 7039
f 7038 7048 7049 7040
f 7040 7049 7051 7078
f 7042 7043 7044 7045
f 7144 7043 7042 7050
f 7085 7144 7050 7052
f 7051 7065 7076 7078
f 7052 7082 7083 7084
f 7052 7084 7086 7085
f 7149 7054 7053 7148
f 7055 7056 7086 7084
f 7153 7154 7056 7566
f 7056 7561 7562 7566
f 7058 7060 7134 7070
f 7059 7061 7087 7063
f 7060 7066 7072 7134
f 7072 7066 7064 7069
f 7067 7068 7074 7073
f 7177 7072 7069 7157
f 7131 7130 7070 7132
f 7071 7135 7184 7187
f 7073 7074 7158 7156
f 7085 7086 7150 7147
f 7088 7089 7090 7091
f 7094 7092 7091 7093
f 7556 7099 7098 7555
f 7102 7103 7101 7104
f 7102 7104 7107 7106
f 7106 7107 7113 7112
f 7108 7109 7111 7110
f 7114 7120 7122 7121
f 7120 7117 7116 7119
f 7123 7458 7125 7126
f 7129 7124 7123 7126
f 7125 7458 7548 7544
f 7135 7133 7132 7136
f 7135 7136 7185 7184
f 7562 7561 7138 7563
f 7140 7142 7143 7141
f 7146 7145 7144 7152
f 7564 7563 7145 7565
f 7145 7146 7567 7565
f 7146 7152 7154 7153
f 7147 7150 7154 7152
f 7163 7149 7148 7151
f 7151 7161 7162 7163
f 7155 7160 7170 7167
f 7156 7158 7159 7160
f 7159 7164 7166 7165
f 7170 7160 7159 7165
f 7169 7162 7161 7168
f 7166 7164 7162 7169
f 7165 7166 7173 7171
f 7167 7170 7171 7173
f 7174 7175 7228 7227
f 7604 7228 7175 7569
f 7183 7177 7176 7182
f 7183 7182 7178 7181
f 7188 7181 7178 7180
f 7179 7184 7189 7190
f 7193 7194 7196 7195
f 7197 7198 7202 7201
f 7197 7201 7589 7584
f 7229 7202 7198 7227
f 7201 7202 7207 7206
f 7201 7206 7592 7589
f 7233 7207 7202 7229
f 7203 7230 7614 7597
f 7209 7208 7204 7205
f 7210 7209 7205 7591
f 7206 7207 7226 7225
f 7206 7225 7595 7592
f 7258 7226 7207 7233
f 7213 7212 7211 7214
f 7212 7213 8513 8511
f 8516 8513 7214 8559
f 7215 7217 7216 8512
f 7215 8512 8517 8558
f 8560 7218 7215 8558
f 7216 7217 7244 7243
f 7216 7243 8530 8514
f 7217 7218 7245 7244
f 8721 7245 7218 8560
f 7219 7220 7223 7222
f 9444 7221 7219 9443
f 7219 7222 9445 9443
f 7220 7221 7248 7247
f 7254 7223 7220 7247
f 9454 7248 7221 9444
f 7255 7224 7223 7254
f 7224 7255 9460 9445
f 7227 7228 7232 7229
f 7608 7232 7228 7604
f 7229 7232 7234 7233
f 7230 7231 7615 7614
f 7231 7606 7621 7615
f 7610 7234 7232 7608
f 7233 7234 7260 7258
f 7612 7260 7234 7610
f 7239 7236 7235 7238
f 7267 7238 7235 7253
f 7272 7240 7237 7269
f 7268 7239 7238 7267
f 7239 7268 8730 8733
f 7273 7241 7240 7272
f 7243 7244 7246 8531
f 8536 8531 7246 8721
f 7247 7249 7256 7254
f 9455 7249 7248 9454
f 9459 7256 7249 9455
f 7250 7251 7265 7264
f 7267 7253 7250 7264
f 8729 7265 7251 8583
f 7255 7256 9459 9460
f 7259 7261 7275 7274
f 7277 7262 7259 7274
f 9709 7261 7259 9711
f 9721 7275 7261 9709
f 7279 7263 7262 7277
f 7263 7279 9726 9716
f 8730 7268 7265 8729
f 7271 7269 7266 7270
f 8750 7271 7270 8749
f 8738 7242 7273 8737
f 7274 7276 7278 7277
f 9722 7276 7275 9721
f 9724 7278 7276 9722
f 9726 7279 7278 9724
f 7285 7281 7280 7284
f 7287 7283 7282 7286
f 7283 7287 7303 7301
f 7287 7293 7318 7303
f 7298 7300 7402 7401
f 7317 7300 7299 7312
f 7300 7317 7427 7402
f 7308 7307 7301 7303
f 7359 7320 7302 7587
f 9657 7587 7302 9560
f 7309 7311 7325 7324
f 7337 7311 7310 7333
f 7354 7325 7311 7337
f 7313 7324 7326 7316
f 7427 7317 7314 7429
f 7363 7322 7315 7362
f 7316 7326 7356 7348
f 7319 7390 7391 7404
f 7322 7363 7568 7425
f 7356 7326 7325 7354
f 7335 7333 7327 7328
f 7352 7335 7328 7347
f 7329 7330 7336 7334
f 7329 7334 7353 7346
f 7331 7341 7536 7535
f 7344 7341 7332 7350
f 7334 7338 7355 7353
f 7354 7337 7335 7352
f 7376 7338 7336 7375
f 7394 7355 7338 7376
f 7339 7340 7369 7368
f 7538 7342 7339 7537
f 7340 7342 7345 7343
f 7340 7343 7374 7369
f 7341 7344 7539 7536
f 7540 7345 7342 7538
f 7343 7358 7387 7374
f 7344 7351 7541 7539
f 7542 7358 7345 7540
f 7357 7349 7346 7353
f 7347 7348 7356 7352
f 7349 7357 7395 7384
f 7395 7357 7355 7394
f 7576 7387 7358 7542
f 7359 9593 9657 7587
f 7399 7398 7360 7560
f 7585 7363 7362 7584
f 7603 7568 7363 7585
f 7378 7375 7364 7365
f 7393 7378 7365 7383
f 7366 7367 7381 7377
f 7366 7377 7392 7385
f 7368 7372 7571 7570
f 7379 7372 7369 7374
f 7573 7373 7370 7572
f 7370 7371 9366 9365
f 7371 7373 7380 7388
f 7371 7388 9374 9366
f 7372 7379 7574 7571
f 7577 7380 7373 7573
f 7376 7378 7393 7394
f 7377 7382 7396 7392
f 7379 7387 7576 7574
f 7578 7389 7380 7577
f 9390 7382 7381 9389
f 9405 7396 7382 9390
f 7383 7384 7395 7393
f 7397 7386 7385 7392
f 7386 7397 9407 9399
f 7388 7389 9375 9374
f 7389 7578 9425 9375
f 9364 7391 7390 9363
f 7405 7404 7391 7575
f 9416 7575 7391 9364
f 9407 7397 7396 9405
f 7398 7400 9378 9377
f 7399 7560 7559 7583
f 7400 7583 9429 9378
f 7428 7403 7402 7427
f 7405 7575 7583 7559
f 7406 7408 7410 7409
f 7409 7410 7440 7439
f 7410 7491 7442 7440
f 7411 7413 7419 7418
f 7421 7413 7411 7475
f 7412 7414 7415 7416
f 7421 7475 7412 7416
f 7422 7419 7413 7421
f 7484 7467 7414 7483
f 7500 7415 7414 7467
f 7421 7416 7415 7501
f 7417 7418 7419 7420
f 7417 7420 7424 7423
f 7475 7418 7417 7476
f 7504 7422 7421 7486
f 7422 7505 7506 7510
f 7508 7424 7422 7510
f 7503 7476 7423 7507
f 7423 7424 7508 7507
f 7569 7426 7425 7568
f 7447 7431 7430 7446
f 7432 7439 7440 7441
f 7433 7447 7448 7462
f 7460 7455 7433 7462
f 7436 7437 7463 7454
f 7449 7446 7444 7464
f 7444 7456 7461 7464
f 7445 7459 7466 7463
f 7448 7447 7446 7449
f 7448 7449 7523 7522
f 7450 7451 7482 7503
f 7510 7509 7450 7503
f 7513 7451 7450 7509
f 7512 7452 7451 7513
f 7452 7457 7496 7482
f 7520 7457 7452 7512
f 7454 7463 7466 7465
f 7461 7456 7455 7460
f 7495 7496 7457 7517
f 7518 7517 7457 7520
f 7552 7461 7460 7550
f 7462 7524 7526 7527
f 7462 7527 7528 7553
f 7533 7534 7464 7554
f 7465 7466 7551 7543
f 7467 7468 7502 7500
f 7468 7484 7480 7492
f 7468 7492 7493 7502
f 7470 7483 7475 7471
f 7484 7483 7470 7472
f 7471 7475 7476 7473
f 7480 7484 7472 7479
f 7473 7476 7503 7474
f 7474 7503 7482 7481
f 7480 7479 7477 7494
f 7477 7478 7495 7494
f 7482 7496 7478 7481
f 7490 7492 7480 7494
f 7487 7489 7501 7499
f 7519 7497 7487 7499
f 7493 7492 7490 7514
f 7516 7514 7490 7515
f 7493 7499 7501 7502
f 7517 7515 7494 7495
f 7521 7511 7498 7519
f 7499 7514 7516 7519
f 7508 7510 7503 7507
f 7521 7510 7506 7511
f 7512 7513 7510 7521
f 7515 7517 7518 7516
f 7518 7520 7521 7519
f 7522 7523 7525 7524
f 7524 7525 7532 7526
f 7554 7553 7528 7533
f 7529 7532 7534 7530
f 7530 7534 7533 7531
f 7556 7555 7536 7539
f 7579 7557 7537 7570
f 7558 7540 7538 7557
f 7542 7558 7581 7576
f 7549 7548 7543 7551
f 7544 7548 7549 7545
f 7554 7552 7550 7553
f 7581 7558 7557 7579
f 7604 7569 7568 7603
f 7571 7574 7581 7579
f 9427 7580 7572 9417
f 7582 7577 7573 7580
f 9429 7583 7575 9416
f 7578 7582 9428 9425
f 9428 7582 7580 9427
f 7590 7585 7584 7589
f 7585 7590 7607 7603
f 7586 7600 7620 7605
f 9677 7594 7587 9657
f 7593 7590 7589 7592
f 7590 7593 7609 7607
f 7596 7593 7592 7595
f 7593 7596 7611 7609
f 7598 7616 8731 8584
f 8748 7618 7599 8617
f 7623 7602 7601 7622
f 7602 7623 8751 8622
f 7608 7604 7603 7607
f 7621 7606 7605 7620
f 7610 7608 7607 7609
f 7612 7610 7609 7611
f 7613 9713 10695 10379
f 7616 7617 8732 8731
f 7617 7619 8747 8732
f 8747 7619 7618 8748
f 9457 7624 7622 9456
f 7623 7624 8752 8751
f 10318 8752 7624 9457
f 7626 7627 7636 7635
f 7628 7630 7659 7657
f 7800 7630 7629 7799
f 7814 7659 7630 7800
f 7631 7632 7637 7633
f 7641 7632 7631 7640
f 7631 7633 7656 7639
f 7660 7637 7632 7642
f 7638 7644 7712 7726
f 7638 7726 8064 8013
f 7825 7640 7639 7822
f 7639 7656 7834 7822
f 7826 7641 7640 7825
f 7829 7642 7641 7826
f 7844 7660 7642 7829
f 7712 7644 7643 7729
f 7643 7645 7733 7729
f 7645 7651 7738 7733
f 7646 7650 7805 7807
f 7809 7648 7646 7807
f 7816 7649 7648 7809
f 7817 7662 7649 7816
f 7650 7661 7811 7810
f 7815 7805 7650 7810
f 7651 7664 7746 7738
f 7833 7655 7652 7830
f 7995 7654 7653 7994
f 8238 7831 7654 7995
f 7886 7741 7655 7833
f 7655 7833 8243 7999
f 7663 7665 7669 7667
f 7667 7669 7666 7668
f 8011 7668 7666 8012
f 8010 7678 7668 8011
f 7845 7673 7670 7848
f 7670 7679 7849 7848
f 7683 7672 7671 7684
f 7671 7680 7685 7684
f 7692 7674 7672 7683
f 7870 7736 7673 7845
f 7694 7676 7674 7690
f 7674 7676 7740 7739
f 7852 7677 7675 7846
f 7697 7681 7676 7696
f 7676 7681 7745 7740
f 7853 7682 7677 7852
f 7872 7688 7686 7871
f 7687 7691 7846 7852
f 7687 7852 7853 7689
f 7847 7846 7691 7693
f 7693 7698 7850 7847
f 7697 7696 7694 7695
f 7698 7699 7851 7850
f 7700 7701 7702 7708
f 7709 7705 7700 7708
f 8159 7701 7700 8163
f 7700 7705 8164 8163
f 8048 7703 7701 8159
f 7702 7703 7786 7771
f 7952 7708 7702 7771
f 8226 7786 7703 8048
f 7704 7707 7706 7710
f 7750 7711 7704 7749
f 7704 7710 7751 7749
f 7706 7707 7713 7718
f 7707 7711 7721 7713
f 7955 7709 7708 7952
f 7709 7955 8061 8164
f 7762 7721 7711 7750
f 7719 7718 7713 7715
f 7714 7717 7716 7720
f 7715 7721 7762 7761
f 7765 7719 7715 7761
f 7763 7722 7720 7766
f 7764 7723 7722 7763
f 8039 8028 7723 7764
f 7731 7725 7724 7728
f 7725 7731 7732 7742
f 7731 7728 7727 7730
f 7887 7730 7727 7882
f 7889 7732 7730 7887
f 7894 7742 7732 7889
f 7869 7735 7734 7873
f 7734 7743 7874 7873
f 7870 7736 7735 7869
f 7875 7737 7736 7870
f 7876 7744 7737 7875
f 7747 7748 7752 7754
f 7757 7748 7747 7755
f 7747 7753 7767 7755
f 7949 7754 7752 7773
f 7776 7767 7753 7971
f 7753 7754 7949 7971
f 7758 7757 7755 7768
f 7756 7760 7759 7770
f 8030 7760 7756 8029
f 7756 7769 8032 8029
f 7758 7768 7779 7778
f 7784 7770 7759 7785
f 7779 7768 7767 7776
f 7769 7770 7784 7783
f 7769 7783 8095 8032
f 7787 7772 7771 7786
f 7771 7772 7953 7952
f 7772 7787 7878 7879
f 7772 7879 7924 7953
f 7780 7775 7774 7777
f 7774 7945 7946 7972
f 7774 7775 7947 7945
f 7973 7777 7774 7972
f 7782 7780 7777 7781
f 7976 7781 7777 7973
f 8099 7782 7781 8100
f 7781 7976 8101 8100
f 8227 7787 7786 8226
f 8300 7878 7787 8227
f 7911 7789 7788 7896
f 7914 7899 7789 7911
f 7790 7796 7916 7901
f 7795 7792 7791 7794
f 7798 7794 7791 7797
f 7792 7795 7963 7962
f 7793 7900 7919 7909
f 7984 7795 7794 7983
f 7794 7798 7986 7983
f 7964 7963 7795 7984
f 7796 7908 7921 7916
f 8114 7798 7797 8113
f 8278 7986 7798 8114
f 7800 7802 7812 7814
f 7801 7804 7821 7819
f 7855 7804 7803 7854
f 7860 7821 7804 7855
f 7868 7808 7806 7867
f 7806 7823 7881 7867
f 7877 7818 7808 7868
f 7842 7827 7822 7834
f 7823 7824 7884 7881
f 7824 7838 7891 7884
f 7828 7826 7825 7827
f 7843 7828 7827 7842
f 7844 7829 7828 7843
f 8239 7832 7831 8238
f 7835 7836 7841 7839
f 8245 7837 7835 8255
f 7835 7840 8256 8255
f 8295 7891 7838 8257
f 7839 7841 8501 8500
f 8502 7840 7839 8500
f 8542 8256 7840 8502
f 7855 7856 7861 7860
f 7857 7859 7865 7863
f 8510 7859 7858 8511
f 8515 7865 7859 8510
f 8354 7880 7878 8300
f 7879 7880 7923 7924
f 8377 7923 7880 8354
f 7882 7885 7888 7887
f 7892 7885 7883 7890
f 7893 7888 7885 7892
f 7894 7889 7888 7893
f 7927 7897 7895 7925
f 7913 7911 7896 7912
f 7930 7898 7897 7927
f 7938 7905 7898 7930
f 7921 7908 7899 7914
f 7900 7918 7920 7919
f 7917 7915 7901 7916
f 7902 7904 7935 7933
f 7939 7906 7903 7932
f 7904 7905 7938 7935
f 7940 7907 7906 7939
f 7907 7940 8324 8275
f 7922 7910 7909 7919
f 7910 7922 8282 8274
f 7917 7913 7912 7915
f 7921 7914 7913 7917
f 8281 7920 7918 8280
f 8282 7922 7920 8281
f 7926 7924 7923 7928
f 7957 7953 7924 7926
f 7931 7927 7925 7929
f 8346 7957 7926 8378
f 7926 7928 8377 8378
f 7941 7931 7929 7934
f 7930 7931 7941 7938
f 7932 7936 7942 7937
f 7941 7934 7933 7935
f 8323 7942 7936 8322
f 7940 7942 8323 8324
f 7946 7945 7943 7944
f 7943 7945 7947 7948
f 7951 7946 7944 7950
f 7975 7972 7946 7951
f 7967 7951 7950 7956
f 7951 7967 7989 7975
f 7952 7953 7957 7955
f 7955 7957 8234 8233
f 7969 7967 7956 7968
f 7958 7965 7966 7970
f 7969 7968 7958 7970
f 7959 7962 7963 7960
f 7960 7963 7964 7961
f 7961 7964 7966 7965
f 7964 7984 7985 7966
f 7993 7970 7966 7985
f 7967 7969 7990 7989
f 7969 7970 7993 7990
f 7974 7973 7972 7975
f 7973 7974 7977 7976
f 7974 7975 7989 7979
f 7991 7977 7974 7979
f 7976 7977 8401 8101
f 7977 7991 8404 8401
f 7979 7989 7990 7980
f 7979 7980 7992 7991
f 7980 7981 7988 7992
f 7980 7990 7993 7981
f 7981 7993 7985 7982
f 7981 7982 7987 7988
f 7984 7983 7982 7985
f 7982 7983 7986 7987
f 8411 7987 7986 8278
f 8412 7988 7987 8411
f 8405 7992 7988 8412
f 7991 7992 8405 8404
f 7998 7996 7994 7997
f 7995 7996 8241 8238
f 7996 7998 8242 8241
f 7998 7999 8243 8242
f 8000 8001 8008 8005
f 8002 8006 8004 8009
f 8018 8006 8002 8017
f 8003 8005 8052 8049
f 8004 8007 8053 8051
f 8054 8009 8004 8051
f 8005 8008 8050 8052
f 8019 8007 8006 8018
f 8007 8019 8122 8053
f 8065 8014 8013 8064
f 8016 8063 8270 8271
f 8021 8018 8017 8022
f 8019 8021 8123 8122
f 8020 8023 8024 8025
f 8121 8023 8020 8124
f 8020 8026 8125 8124
f 8021 8022 8120 8123
f 8246 8025 8024 8248
f 8247 8026 8025 8246
f 8291 8125 8026 8247
f 8028 8039 8083 8047
f 8035 8030 8029 8034
f 8031 8033 8037 8036
f 8097 8033 8031 8102
f 8096 8034 8032 8095
f 8098 8038 8033 8097
f 8103 8035 8034 8096
f 8036 8037 8077 8076
f 8037 8038 8078 8077
f 8140 8078 8038 8098
f 8043 8041 8040 8045
f 8040 8041 8056 8055
f 8041 8046 8062 8056
f 8043 8045 8080 8082
f 8081 8046 8043 8082
f 8044 8047 8083 8084
f 8093 8062 8046 8081
f 8055 8056 8057 8059
f 8091 8059 8057 8094
f 8057 8062 8093 8094
f 8058 8060 8092 8184
f 8165 8060 8058 8161
f 8182 8162 8058 8184
f 8066 8072 8073 8075
f 8067 8075 8187 8185
f 8068 8070 8069 8074
f 8127 8070 8068 8132
f 8069 8071 8186 8188
f 8190 8074 8069 8188
f 8128 8071 8070 8127
f 8071 8128 8212 8186
f 8187 8075 8073 8189
f 8076 8077 8087 8086
f 8138 8087 8078 8140
f 8088 8085 8079 8089
f 8139 8090 8079 8137
f 8079 8085 8141 8137
f 8086 8087 8138 8136
f 8088 8089 8178 8176
f 8089 8090 8179 8178
f 8090 8139 8206 8179
f 8092 8181 8197 8201
f 8099 8100 8104 8109
f 8100 8101 8105 8104
f 8402 8105 8101 8401
f 8107 8109 8104 8106
f 8104 8105 8108 8106
f 8403 8108 8105 8402
f 8144 8107 8106 8143
f 8106 8108 8145 8143
f 8416 8145 8108 8403
f 8110 8112 8283 8272
f 8111 8273 8284 8276
f 8112 8274 8282 8283
f 8116 8114 8113 8115
f 8114 8116 8117 8278
f 8119 8116 8115 8118
f 8279 8117 8116 8119
f 8411 8278 8117 8413
f 8117 8279 8414 8413
f 8156 8119 8118 8155
f 8119 8156 8313 8279
f 8126 8130 8129 8133
f 8294 8130 8126 8298
f 8127 8132 8135 8134
f 8128 8134 8213 8212
f 8129 8131 8215 8214
f 8229 8133 8129 8214
f 8297 8131 8130 8294
f 8366 8215 8131 8297
f 8134 8135 8228 8213
f 8191 8164 8142 8233
f 8143 8145 8147 8146
f 8148 8144 8143 8146
f 8417 8147 8145 8416
f 8203 8148 8146 8202
f 8146 8147 8204 8202
f 8442 8204 8147 8417
f 8149 8151 8316 8307
f 8315 8152 8150 8306
f 8151 8308 8317 8316
f 8321 8312 8152 8315
f 8153 8378 8400 8234
f 8156 8155 8154 8157
f 8223 8157 8154 8222
f 8156 8157 8158 8313
f 8360 8158 8157 8223
f 8424 8313 8158 8423
f 8158 8360 8447 8423
f 8159 8163 8192 8193
f 8194 8160 8159 8193
f 8161 8162 8196 8195
f 8162 8182 8199 8196
f 8163 8164 8191 8192
f 8175 8168 8166 8171
f 8172 8173 8167 8174
f 8167 8173 8208 8216
f 8217 8170 8167 8216
f 8169 8175 8430 8428
f 8429 8174 8170 8433
f 8170 8217 8456 8433
f 8430 8175 8171 8431
f 8172 8174 8429 8427
f 8180 8177 8176 8178
f 8177 8180 8207 8205
f 8207 8180 8179 8206
f 8181 8183 8198 8197
f 8230 8203 8202 8231
f 8202 8204 8232 8231
f 8451 8232 8204 8442
f 8219 8216 8208 8209
f 8457 8219 8209 8458
f 8210 8211 8220 8218
f 8210 8218 8462 8463
f 8382 8220 8211 8383
f 8217 8219 8457 8456
f 8218 8221 8461 8462
f 8393 8221 8220 8382
f 8221 8393 8487 8461
f 8236 8223 8222 8235
f 8223 8236 8237 8360
f 8224 8225 8368 8362
f 8225 8361 8364 8368
f 8447 8360 8237 8459
f 8242 8240 8239 8241
f 8244 8250 8249 8253
f 8261 8250 8244 8260
f 8246 8248 8254 8251
f 8247 8251 8292 8291
f 8290 8253 8249 8289
f 8249 8252 8293 8289
f 8262 8252 8250 8261
f 8251 8254 8288 8292
f 8252 8262 8340 8293
f 8257 8258 8296 8295
f 8264 8261 8260 8266
f 8262 8264 8339 8340
f 8263 8265 8267 8268
f 8343 8265 8263 8341
f 8263 8269 8352 8341
f 8264 8266 8342 8339
f 8549 8268 8267 8546
f 8550 8269 8268 8549
f 8595 8352 8269 8550
f 8270 8579 8580 8271
f 8281 8280 8272 8283
f 8287 8284 8273 8285
f 8332 8304 8275 8324
f 8286 8277 8276 8284
f 8317 8308 8277 8286
f 8279 8313 8424 8414
f 8318 8287 8285 8314
f 8286 8287 8318 8317
f 8294 8298 8299 8333
f 8297 8333 8367 8366
f 8367 8333 8299 8369
f 8301 8304 8332 8326
f 8328 8303 8302 8327
f 8331 8305 8303 8328
f 8350 8311 8305 8331
f 8320 8315 8306 8319
f 8318 8314 8307 8316
f 8309 8310 8349 8345
f 8310 8311 8350 8349
f 8312 8321 8364 8361
f 8365 8320 8319 8363
f 8364 8321 8320 8365
f 8329 8323 8322 8326
f 8336 8337 8325 8344
f 8325 8337 8587 8585
f 8592 8334 8325 8585
f 8335 8328 8327 8330
f 8351 8335 8330 8338
f 8331 8335 8351 8350
f 8384 8344 8334 8385
f 8628 8385 8334 8592
f 8336 8344 8384 8394
f 8338 8345 8349 8351
f 8347 8348 8356 8355
f 8380 8348 8347 8379
f 8357 8356 8348 8381
f 8371 8354 8353 8370
f 8354 8371 8399 8377
f 8375 8358 8355 8372
f 8357 8381 8398 8373
f 8376 8359 8358 8375
f 8365 8363 8362 8368
f 8400 8378 8377 8399
f 8398 8381 8380 8397
f 8382 8383 8395 8387
f 8386 8389 8392 8390
f 8386 8388 8396 8389
f 8487 8393 8387 8488
f 8387 8395 8489 8488
f 8388 8391 8486 8485
f 8490 8396 8388 8485
f 8390 8392 8632 8631
f 8633 8391 8390 8631
f 8839 8486 8391 8633
f 8406 8402 8401 8404
f 8407 8403 8402 8406
f 8403 8407 8418 8416
f 8404 8405 8409 8406
f 8405 8412 8408 8409
f 8410 8407 8406 8409
f 8407 8410 8420 8418
f 8410 8409 8408 8415
f 8408 8412 8411 8413
f 8408 8413 8414 8415
f 8410 8415 8425 8420
f 8425 8415 8414 8424
f 8419 8417 8416 8418
f 8417 8419 8445 8442
f 8421 8419 8418 8420
f 8419 8421 8446 8445
f 8422 8421 8420 8425
f 8421 8422 8448 8446
f 8424 8423 8422 8425
f 8422 8423 8447 8448
f 8426 8434 8436 8435
f 8426 8432 8437 8434
f 8435 8436 8465 8464
f 8436 8437 9881 8465
f 9867 8439 8438 9866
f 8438 9864 9868 9866
f 9912 8472 8439 9867
f 8469 8441 8440 8468
f 9867 9866 8440 8441
f 8440 9866 9868 9865
f 9882 8468 8440 9865
f 8441 8469 9887 9914
f 9912 9867 8441 9914
f 8442 8445 8453 8451
f 8450 8449 8443 8452
f 8443 8449 8475 8473
f 8476 8444 8443 8473
f 8466 8452 8444 8467
f 8483 8467 8444 8476
f 8445 8446 8454 8453
f 8446 8448 8460 8454
f 8447 8459 8460 8448
f 8450 8452 8466 9880
f 9884 8469 8468 9883
f 8468 9882 9886 9883
f 8469 9884 9888 9887
f 8498 8471 8470 9981
f 9884 9883 8470 8471
f 8470 9883 9886 9885
f 8470 9885 9976 9981
f 9888 9884 8471 9889
f 8471 8498 9985 9889
f 8472 9912 9916 9913
f 8473 8475 8478 8477
f 8474 8480 8479 8481
f 8474 8481 8491 8492
f 8493 8482 8474 8492
f 8476 8477 9967 8483
f 8477 8478 9965 9967
f 8479 8480 9963 9964
f 8480 8482 8484 9963
f 9978 8484 8482 8493
f 8494 8492 8491 8496
f 8495 8493 8492 8494
f 8493 8495 9979 9978
f 8494 8496 8497 8495
f 8495 8497 9980 9979
f 8498 9981 9982 9984
f 8498 9984 9986 9985
f 8499 9984 9982 9983
f 9986 9984 8499 9988
f 8499 9983 10572 10593
f 10599 9988 8499 10593
f 8500 8501 8503 8505
f 8507 8502 8500 8505
f 8502 8507 8543 8542
f 8507 8505 8503 8539
f 8504 8508 8506 8540
f 8520 8508 8504 8561
f 8541 8540 8506 8544
f 8506 8509 8545 8544
f 8507 8539 8557 8543
f 8523 8509 8508 8520
f 8509 8523 8572 8545
f 8510 8513 8516 8515
f 8512 8514 8518 8517
f 8534 8518 8514 8530
f 8560 8558 8517 8519
f 8535 8519 8518 8534
f 8718 8560 8519 8535
f 8520 8561 8562 8524
f 8526 8522 8521 8525
f 8527 8525 8521 8529
f 8522 8526 8564 8581
f 8523 8524 8563 8572
f 8524 8562 8582 8563
f 8528 8526 8525 8527
f 8526 8528 8566 8564
f 8527 8529 8532 8533
f 8537 8528 8527 8533
f 8528 8537 8723 8566
f 8530 8531 8536 8534
f 8538 8533 8532 8719
f 8721 8718 8535 8536
f 8537 8538 8725 8723
f 8538 8720 8736 8725
f 8551 8549 8546 8554
f 8547 8548 8555 8552
f 8547 8552 8599 8598
f 8571 8555 8548 8565
f 8550 8553 8596 8595
f 8552 8556 8600 8599
f 8553 8554 8597 8596
f 8573 8556 8555 8571
f 8556 8573 8613 8600
f 8565 8568 8574 8571
f 8724 8567 8566 8723
f 8614 8575 8568 8612
f 8577 8570 8569 8576
f 8726 8576 8569 8722
f 8570 8577 8611 8616
f 8573 8575 8614 8613
f 8727 8578 8576 8726
f 8577 8578 8615 8611
f 8743 8615 8578 8727
f 10700 8706 8579 8737
f 10424 8749 8580 10584
f 8585 8587 8591 8593
f 8590 8588 8586 8589
f 8586 8588 8601 8602
f 8603 8594 8586 8602
f 8589 8594 8630 8635
f 8636 8590 8589 8635
f 8629 8593 8591 8634
f 8592 8593 8629 8628
f 8594 8603 8673 8630
f 8605 8602 8601 8607
f 8603 8605 8675 8673
f 8604 8606 8608 8609
f 8662 8606 8604 8674
f 8604 8610 8676 8674
f 8605 8607 8661 8675
f 8739 8609 8608 8742
f 8740 8610 8609 8739
f 8779 8676 8610 8740
f 8755 8620 8618 8754
f 8618 8619 8756 8754
f 10482 8756 8619 10224
f 8761 8621 8620 8755
f 8621 8761 10487 10227
f 8790 8698 8623 8758
f 8624 10178 10402 10338
f 8641 8627 8625 8643
f 8625 8626 8664 8663
f 8669 8643 8625 8663
f 8626 8627 10166 10167
f 10183 8664 8626 10167
f 8627 8641 10169 10166
f 8640 8633 8631 8638
f 8631 8632 8649 8638
f 8633 8640 8844 8839
f 8637 8642 8639 8650
f 8677 8642 8637 8690
f 8659 8650 8639 8845
f 8639 8644 8846 8845
f 8640 8651 8660 8844
f 8641 8643 8648 8647
f 8678 8644 8642 8677
f 8668 8648 8643 8669
f 8644 8678 8908 8846
f 8645 8647 8648 8646
f 8652 8647 8645 8653
f 8645 8646 8813 8816
f 8819 8653 8645 8816
f 8646 8648 8668 8667
f 8646 8667 8863 8813
f 8822 8658 8653 8819
f 8656 8657 10173 10170
f 8657 8658 8822 8840
f 8657 8840 10540 10173
f 8772 8686 8663 8765
f 10378 8765 8664 10183
f 8767 8666 8665 8766
f 8665 8696 8784 8766
f 8667 8672 8865 8863
f 8685 8683 8669 8686
f 8672 8684 8872 8865
f 8677 8690 8691 8679
f 8694 8678 8677 8679
f 8678 8694 8909 8908
f 8679 8691 8692 8694
f 8695 8681 8680 8693
f 8710 8693 8680 8709
f 8680 8682 8910 8709
f 8777 8682 8681 8776
f 8681 8695 8778 8776
f 8682 8777 9019 8910
f 8688 8684 8683 8685
f 8684 8688 8873 8872
f 8685 8687 8689 8688
f 8685 8686 8772 8687
f 8807 8712 8687 8772
f 8688 8689 8876 8873
f 10590 8876 8689 10196
f 8909 8694 8692 8711
f 8696 8697 8786 8784
f 8697 8707 8806 8786
f 8792 8700 8698 8790
f 8699 8700 8792 8793
f 8797 8701 8699 8793
f 8801 8703 8701 8797
f 10402 10178 8702 10403
f 8702 10179 10404 10403
f 8803 8704 8703 8801
f 8704 8803 10426 10192
f 8834 8835 8705 8899
f 8900 8899 8705 8904
f 8902 8905 8708 8906
f 8708 8808 9017 8906
f 10194 8717 8716 10195
f 8728 8726 8722 8735
f 8724 8725 8736 8734
f 8727 8728 8744 8743
f 8728 8735 8745 8744
f 8737 8750 10697 10700
f 8739 8742 8746 8741
f 8740 8741 8781 8779
f 8741 8746 8771 8781
f 8771 8746 8742 8770
f 10697 8750 8749 10424
f 10466 8789 8753 10347
f 8760 8755 8754 8757
f 10484 8757 8756 10482
f 10486 8760 8757 10484
f 8758 8759 8791 8790
f 8759 8762 8799 8791
f 10487 8761 8760 10486
f 8762 10338 10402 8799
f 10333 8764 8763 10327
f 8764 10333 10336 10375
f 8764 10344 10392 10393
f 8785 8768 8766 8784
f 8767 8768 8775 8774
f 8805 8775 8768 8785
f 8781 8771 8770 8780
f 8776 8778 8782 8783
f 8777 8783 8809 9019
f 8812 8782 8778 8811
f 8809 8783 8782 8812
f 8785 8786 8806 8805
f 8787 8788 10390 10389
f 8788 10373 10393 10390
f 8790 8791 8794 8792
f 8800 8794 8791 8799
f 8796 8793 8792 8794
f 8793 8795 8798 8797
f 10405 8796 8794 8800
f 8797 8798 8802 8801
f 10409 8802 8798 10406
f 8799 10402 10403 8800
f 8800 10403 10404 10405
f 8801 8802 8804 8803
f 10410 8804 8802 10409
f 8803 8804 10412 10426
f 8804 10410 10413 10412
f 8808 8810 9020 9017
f 10704 9020 8810 10703
f 8817 8816 8813 8818
f 8817 8818 8814 8823
f 8814 8818 8824 8815
f 8814 8815 8828 8826
f 8829 8823 8814 8826
f 8883 8828 8815 8869
f 8816 8817 8820 8819
f 8843 8821 8820 8841
f 8842 8841 8823 8848
f 8823 8829 8853 8848
f 8868 8867 8824 8870
f 8831 8827 8825 8830
f 8856 8830 8825 8854
f 8825 8827 8945 8944
f 8956 8854 8825 8944
f 8830 8829 8826 8831
f 8826 8828 8833 8831
f 8827 8833 8885 8887
f 8827 8887 8972 8945
f 8832 8833 8828 8883
f 8829 8830 8856 8853
f 8832 8884 8886 8885
f 8838 8835 8834 8837
f 8834 8899 8903 8836
f 10534 8837 8836 10535
f 8836 8903 10577 10535
f 10536 8838 8837 10534
f 8840 8847 10541 10540
f 8851 8847 8842 8850
f 8847 8849 10544 10541
f 8857 8852 8848 8853
f 8849 8852 8857 8858
f 8849 8858 10553 10544
f 8853 8856 8859 8857
f 8862 8859 8854 8861
f 8959 8861 8854 8956
f 8862 8861 8855 8860
f 8855 8861 8959 8957
f 10561 8860 8855 10554
f 8855 8957 10639 10554
f 8858 8859 8862 8860
f 8858 8860 10561 10553
f 8883 8869 8864 8882
f 8864 8874 8893 8882
f 8877 8871 8866 8875
f 8872 8873 8878 8877
f 8873 8876 8879 8878
f 8874 8878 8879 8880
f 8874 8880 8894 8893
f 10588 8913 8876 10590
f 8880 8881 8920 8894
f 8881 8914 8916 8920
f 8885 8886 8888 8889
f 8887 8890 8974 8972
f 8890 8892 8976 8974
f 8896 8892 8891 8895
f 8892 8896 8980 8976
f 8893 8894 8897 8895
f 8918 8897 8894 8920
f 8898 8896 8895 8897
f 8896 8898 8982 8980
f 8898 8927 9000 8982
f 8899 8900 8901 8903
f 10577 8903 8901 10576
f 8901 8904 10579 10576
f 10580 8905 8902 10578
f 8902 8907 10583 10578
f 9018 8907 8906 9017
f 8907 9018 10702 10583
f 8911 8913 8915 8912
f 10592 8915 8913 10588
f 8914 8915 8921 8916
f 10612 8921 8915 10592
f 8922 8918 8917 8919
f 8926 8924 8923 8928
f 9000 8927 8925 8997
f 8925 8929 9001 8997
f 10614 8929 8928 10613
f 10668 9001 8929 10614
f 8930 8931 8932 8934
f 8935 8933 8930 8934
f 8938 8931 8930 8937
f 8930 8933 8939 8937
f 10637 8932 8931 10642
f 8931 8938 10645 10642
f 10640 8936 8932 10637
f 8979 8939 8933 8978
f 8933 8935 8983 8978
f 8935 8936 8984 8983
f 10669 8984 8936 10640
f 8937 8939 8941 8940
f 8942 8938 8937 8940
f 8938 8942 10647 10645
f 8986 8941 8939 8979
f 8987 8943 8941 8986
f 8942 8943 10648 10647
f 8943 8987 10672 10648
f 8944 8946 8958 8956
f 8973 8946 8945 8972
f 8947 8948 8950 8951
f 8947 8951 10657 10652
f 8948 8949 8953 8950
f 8992 8953 8949 8985
f 8952 8951 8950 8955
f 8950 8953 8954 8955
f 8951 8952 10659 10657
f 8952 8963 8969 10659
f 8991 8954 8953 8992
f 9007 8964 8954 8991
f 8956 8958 8961 8959
f 8957 8959 8961 8960
f 8957 8960 10656 10639
f 8968 8965 8962 8966
f 8962 9002 9003 9004
f 8962 8965 9005 9002
f 9010 8966 8962 9004
f 8963 8965 8968 8969
f 8963 8964 9005 8965
f 9006 9005 8964 9007
f 8966 8967 8970 8968
f 9009 8967 8966 9010
f 9011 8970 8967 9009
f 8971 8969 8968 8970
f 9012 8971 8970 9011
f 8971 9012 10678 10662
f 8975 8973 8972 8974
f 8977 8975 8974 8976
f 8981 8977 8976 8980
f 9022 8979 8978 9021
f 8978 8983 9023 9021
f 8988 8986 8979 9022
f 8981 8982 9000 8998
f 10733 9024 8984 10669
f 8985 8989 8994 8992
f 8987 9027 10738 10672
f 8988 9022 9026 9027
f 8989 8990 8995 8994
f 10681 8995 8990 10665
f 8991 8992 8994 8993
f 8993 8994 8995 9015
f 10676 9015 8995 10681
f 9000 8997 8996 8998
f 8996 8997 9001 8999
f 8999 9001 10668 10666
f 9006 9003 9002 9005
f 9008 9004 9003 9006
f 9004 9008 9013 9010
f 9006 9007 9016 9008
f 9008 9016 9014 9013
f 9009 9010 9013 9011
f 9014 9012 9011 9013
f 9014 9016 9015 10676
f 9018 9020 10704 10702
f 9021 9023 9024 9025
f 9026 9022 9021 9025
f 10735 9025 9024 10733
f 10737 9026 9025 10735
f 10738 9027 9026 10737
f 9052 9030 9028 9050
f 9029 9030 9035 9032
f 9055 9035 9030 9052
f 9041 9034 9031 9037
f 9031 9034 9056 9053
f 9061 9036 9031 9053
f 9033 9048 9059 9039
f 9034 9044 9071 9056
f 9066 9042 9035 9055
f 9146 9037 9036 9145
f 9149 9041 9037 9146
f 9038 9040 9058 9057
f 9068 9046 9039 9059
f 9040 9045 9067 9058
f 9152 9044 9041 9149
f 9043 9046 9068 9065
f 9161 9071 9044 9152
f 9045 9047 9070 9067
f 9495 9070 9047 9480
f 9068 9059 9049 9064
f 9055 9052 9051 9054
f 9053 9056 9063 9062
f 9057 9060 9484 9482
f 9069 9060 9058 9067
f 9060 9069 9492 9484
f 9061 9062 9154 9153
f 9062 9063 9157 9154
f 9063 9071 9161 9157
f 9069 9070 9495 9492
f 9072 9073 9083 9082
f 9089 9074 9072 9082
f 9073 9077 9085 9083
f 9091 9075 9074 9089
f 9094 9081 9075 9091
f 9076 9078 9103 9104
f 9105 9098 9076 9104
f 9076 9100 9206 9176
f 9078 9079 9106 9103
f 9212 9106 9079 9177
f 9080 9110 9259 9221
f 9266 9127 9080 9221
f 9082 9084 9090 9089
f 9086 9084 9083 9085
f 9084 9086 9092 9090
f 9087 9086 9085 9088
f 9086 9087 9093 9092
f 9087 9088 9099 9102
f 9125 9093 9087 9102
f 9094 9091 9090 9092
f 9095 9094 9092 9093
f 9126 9095 9093 9125
f 9096 9097 9242 9244
f 9257 9109 9096 9244
f 9108 9101 9098 9105
f 9100 9101 9207 9206
f 9101 9108 9215 9207
f 9107 9104 9103 9106
f 9214 9107 9106 9212
f 9215 9108 9107 9214
f 9259 9110 9109 9257
f 9231 9112 9111 9230
f 9232 9116 9112 9231
f 9113 9118 9260 9265
f 9264 9124 9113 9265
f 9269 9124 9113 9274
f 9113 9118 9273 9274
f 9199 9115 9114 9196
f 9169 9119 9115 9199
f 9123 9120 9117 9121
f 9118 9119 9169 9168
f 9120 9123 9263 9258
f 9263 9123 9122 9261
f 9292 9162 9127 9266
f 9128 9230 9231 9130
f 9229 9131 9129 9228
f 9130 9231 9232 9136
f 9131 9229 9233 9136
f 9298 9139 9132 9296
f 9133 9142 9236 9234
f 9134 9143 9294 9293
f 9135 9144 9305 9303
f 9136 9232 9235 9141
f 9294 9143 9137 9295
f 9137 9272 9319 9295
f 9138 9140 9297 9304
f 9305 9144 9138 9304
f 9297 9140 9139 9298
f 9236 9142 9141 9235
f 9155 9147 9145 9153
f 9146 9147 9151 9149
f 9158 9151 9147 9155
f 9148 9150 9160 9156
f 9472 9150 9148 9471
f 9148 9156 9488 9470
f 9497 9160 9150 9477
f 9161 9152 9151 9158
f 9159 9155 9154 9157
f 9156 9160 9490 9489
f 9157 9161 9158 9159
f 9301 9163 9162 9292
f 9320 9164 9163 9301
f 9327 9193 9164 9320
f 9268 9166 9165 9267
f 9300 9166 9165 9299
f 9271 9167 9166 9268
f 9302 9167 9166 9300
f 9180 9171 9170 9179
f 9170 9172 9181 9179
f 9188 9173 9171 9180
f 9172 9174 9184 9181
f 9189 9175 9173 9188
f 9213 9178 9176 9216
f 9176 9208 9217 9216
f 9177 9178 9213 9212
f 9187 9180 9179 9182
f 9183 9182 9181 9184
f 9182 9183 9190 9187
f 9183 9184 9186 9185
f 9183 9185 9191 9190
f 9185 9186 9202 9203
f 9205 9191 9185 9203
f 9189 9188 9187 9190
f 9189 9190 9191 9192
f 9204 9192 9191 9205
f 9328 9194 9193 9327
f 9305 9303 9195 9197
f 9197 9198 9304 9305
f 9200 9201 9210 9209
f 9200 9209 9590 9588
f 9333 9210 9201 9324
f 9217 9208 9207 9215
f 9209 9211 9592 9590
f 9335 9211 9210 9333
f 9211 9335 9651 9592
f 9218 9219 9240 9239
f 9219 9220 9245 9240
f 9331 9245 9220 9326
f 9225 9223 9222 9224
f 9222 9223 9238 9237
f 9223 9225 9226 9238
f 9226 9225 9224 9227
f 9226 9227 9237 9238
f 9272 9229 9228 9275
f 9250 9231 9230 9249
f 9275 9231 9230 9270
f 9255 9232 9231 9250
f 9273 9118 9233 9272
f 9239 9240 9246 9243
f 9241 9243 9330 9329
f 9243 9246 9332 9330
f 9332 9246 9245 9331
f 9247 9248 9315 9314
f 9248 9251 9318 9315
f 9251 9254 9319 9318
f 9322 9253 9252 9316
f 9319 9254 9253 9322
f 9256 9258 9263 9262
f 9301 9259 9257 9320
f 9282 9281 9279 9280
f 10098 9282 9280 10102
f 10061 10059 9281 10098
f 9283 9285 9350 9349
f 9284 9287 9289 9288
f 9284 10062 10063 10099
f 9284 9288 10090 10062
f 10101 9287 9284 10099
f 9285 9286 9351 9350
f 9817 9351 9286 9766
f 10104 9289 9287 10101
f 10092 10090 9288 10105
f 9288 9289 10104 10105
f 9290 9291 9347 9346
f 9290 9346 9352 9358
f 10107 9291 9290 10106
f 10123 10106 9290 10122
f 9290 9358 10151 10122
f 9348 9347 9291 10107
f 9303 9305 9323 9317
f 9323 9305 9304 9321
f 9306 9307 9309 9308
f 9311 9307 9306 9310
f 9313 9309 9307 9311
f 9308 9309 9313 9312
f 9313 9311 9310 9312
f 9324 9325 9334 9333
f 9650 9334 9325 9648
f 9339 9331 9326 9337
f 9330 9332 9339 9338
f 9651 9335 9334 9650
f 9339 9337 9336 9338
f 9340 9341 9662 9658
f 9341 9342 9663 9662
f 9342 9344 9671 9663
f 9669 9345 9343 9667
f 9344 9345 9669 9671
f 9346 9347 9353 9352
f 9347 9348 9354 9353
f 9348 10107 10106 10159
f 10160 9354 9348 10159
f 9349 9350 9746 9744
f 10230 9740 9351 9817
f 9360 9358 9352 9353
f 9353 9354 9361 9360
f 9357 9356 9355 9359
f 9356 9357 9686 9685
f 9357 9362 9691 9686
f 9357 9359 10162 9362
f 9358 9360 9361 10161
f 10153 10151 9358 10161
f 10815 9691 9362 10163
f 9406 9364 9363 9404
f 9364 9406 9408 9416
f 9365 9368 9418 9417
f 9369 9368 9366 9374
f 9367 9370 9373 9372
f 9420 9370 9367 9419
f 9367 9371 9422 9419
f 9368 9369 9421 9418
f 9369 9375 9425 9421
f 9426 9376 9370 9420
f 9371 9372 9384 9383
f 9372 9373 9392 9384
f 9373 9376 9403 9392
f 9438 9403 9376 9426
f 9377 9378 9415 9414
f 9442 9415 9378 9429
f 9387 9389 9379 9381
f 9391 9382 9380 9388
f 9410 9387 9381 9401
f 9382 9391 9409 9400
f 9383 9385 9432 9430
f 9394 9385 9384 9392
f 9385 9394 9434 9432
f 9386 9395 9398 9397
f 9436 9395 9386 9433
f 9386 9396 9437 9433
f 9405 9390 9387 9410
f 9517 9393 9388 9513
f 9391 9393 9411 9409
f 9550 9411 9393 9517
f 9394 9403 9438 9434
f 9439 9413 9395 9436
f 9396 9397 9508 9507
f 9397 9398 9541 9508
f 9398 9413 9542 9541
f 9410 9401 9399 9407
f 9412 9402 9400 9409
f 9402 9412 9548 9532
f 9582 9406 9404 9576
f 9583 9408 9406 9582
f 9429 9416 9408 9442
f 9598 9442 9408 9583
f 9548 9412 9411 9550
f 9413 9439 9621 9542
f 9414 9415 9599 9594
f 9415 9442 9598 9599
f 9428 9427 9418 9421
f 9424 9420 9419 9423
f 9431 9423 9422 9430
f 9435 9424 9423 9431
f 9438 9426 9424 9435
f 9431 9432 9434 9435
f 9441 9436 9433 9440
f 9634 9440 9437 9611
f 9439 9441 9636 9621
f 9636 9441 9440 9634
f 9675 9444 9443 9674
f 9443 9445 9681 9674
f 9708 9454 9444 9675
f 9445 9460 9730 9682
f 9446 9447 9462 9461
f 10479 9462 9447 10222
f 9660 9449 9448 9659
f 9661 9464 9449 9660
f 9450 9465 10488 10231
f 9451 9452 9670 9668
f 9452 9467 9672 9670
f 10490 9468 9453 10232
f 9728 9455 9454 9708
f 9731 9459 9455 9728
f 9457 9458 10317 10318
f 9730 9460 9459 9731
f 10346 9463 9462 10479
f 9672 9467 9464 9661
f 9465 9466 10489 10488
f 9466 9469 10491 10489
f 10491 9469 9468 10490
f 9521 9471 9470 9520
f 9525 9472 9471 9521
f 9552 9477 9472 9525
f 9473 9482 9486 9476
f 9474 9475 9483 9485
f 9475 9478 9491 9483
f 9493 9479 9476 9486
f 9584 9497 9477 9552
f 9478 9481 9496 9491
f 9495 9480 9479 9493
f 9581 9496 9481 9555
f 9494 9487 9483 9491
f 9493 9486 9484 9492
f 9485 9487 9562 9561
f 9487 9494 9579 9562
f 9488 9489 9565 9564
f 9489 9490 9569 9565
f 9490 9497 9584 9569
f 9494 9496 9581 9579
f 9514 9513 9498 9501
f 9515 9500 9499 9516
f 9499 9505 9524 9516
f 9547 9514 9501 9531
f 9502 9503 9534 9535
f 9559 9504 9502 9558
f 9502 9535 9571 9558
f 9503 9504 9609 9608
f 9618 9534 9503 9608
f 9505 9506 9526 9524
f 9507 9509 9612 9611
f 9518 9509 9508 9541
f 9509 9518 9615 9612
f 9543 9512 9510 9544
f 9510 9511 9613 9614
f 9622 9544 9510 9614
f 9511 9512 9568 9566
f 9512 9543 9585 9568
f 9550 9517 9514 9547
f 9515 9519 9551 9546
f 9528 9519 9516 9524
f 9518 9542 9621 9615
f 9519 9528 9557 9551
f 9567 9522 9520 9564
f 9521 9522 9529 9525
f 9570 9529 9522 9567
f 9523 9561 9563 9527
f 9557 9528 9526 9553
f 9580 9554 9527 9563
f 9584 9552 9529 9570
f 9530 9546 9549 9533
f 9531 9532 9548 9547
f 9556 9538 9533 9549
f 9620 9536 9534 9618
f 9535 9536 9572 9571
f 9632 9572 9536 9620
f 9556 9553 9537 9538
f 9539 9540 9601 9600
f 9602 9573 9539 9600
f 9640 9601 9540 9616
f 9543 9545 9586 9585
f 9623 9545 9544 9622
f 9633 9586 9545 9623
f 9549 9551 9557 9556
f 9581 9555 9554 9580
f 9558 9571 9607 9604
f 9559 9604 9644 9624
f 9580 9563 9562 9579
f 9570 9567 9565 9569
f 9566 9605 9645 9627
f 9568 9585 9606 9605
f 9630 9607 9572 9632
f 9603 9575 9573 9602
f 9575 9603 9643 9629
f 9646 9606 9586 9633
f 9591 9589 9588 9590
f 9589 9591 9649 9647
f 9591 9592 9651 9649
f 9600 9601 9654 9653
f 9655 9602 9600 9653
f 9601 9640 9700 9654
f 9656 9603 9602 9655
f 9703 9643 9603 9656
f 9604 9607 9630 9644
f 9605 9606 9646 9645
f 9608 9610 9619 9618
f 9625 9610 9609 9624
f 9631 9619 9610 9625
f 9636 9634 9612 9615
f 9613 9627 9638 9635
f 9637 9622 9614 9635
f 9616 9617 9641 9640
f 9617 9628 9642 9641
f 9632 9620 9619 9631
f 9639 9633 9623 9637
f 9625 9644 9630 9631
f 9628 9629 9643 9642
f 9639 9637 9635 9638
f 9638 9645 9646 9639
f 9640 9641 9701 9700
f 9641 9642 9702 9701
f 9642 9643 9703 9702
f 9650 9648 9647 9649
f 9653 9654 9652 9664
f 9676 9664 9652 9673
f 9652 9654 9700 9704
f 9710 9673 9652 9704
f 9666 9655 9653 9664
f 9665 9656 9655 9666
f 9656 9665 9707 9703
f 9678 9666 9664 9676
f 9665 9666 9678 9679
f 9665 9679 9718 9707
f 9683 9680 9674 9681
f 9675 9680 9727 9708
f 9680 9683 9729 9727
f 9729 9683 9682 9730
f 9684 9685 9686 9687
f 10791 10790 9684 10816
f 10816 9687 9686 9691
f 9692 9690 9688 10817
f 9688 10792 10795 10817
f 9689 9690 9750 9749
f 9689 9749 10833 10792
f 9690 9692 9752 9750
f 10845 9752 9692 10818
f 9698 9696 9693 9697
f 9694 9695 9733 9732
f 9694 9732 10819 10229
f 9695 9696 9738 9733
f 9696 9698 9741 9738
f 9698 9699 9742 9741
f 9700 9701 9705 9704
f 9701 9702 9706 9705
f 9702 9703 9707 9706
f 9704 9705 9712 9710
f 9705 9706 9717 9712
f 9706 9707 9718 9717
f 9709 9711 9723 9721
f 9711 9715 9725 9723
f 9715 9716 9726 9725
f 9736 9720 9719 9734
f 9719 9720 10493 10492
f 9722 9723 9725 9724
f 9731 9728 9727 9729
f 9732 9737 10820 10819
f 9745 9736 9735 9744
f 9737 9738 9741 9743
f 9737 9743 10821 10820
f 9739 9740 10230 10281
f 9747 9745 9744 9746
f 10522 10494 9747 9748
f 10846 9751 9750 9752
f 10835 10833 9751 10846
f 9847 9754 9753 9816
f 9848 9755 9754 9847
f 9849 9756 9755 9848
f 9817 9766 9756 9849
f 9757 9781 9787 9785
f 9941 9781 9757 9938
f 9758 9759 9783 9780
f 9758 9780 9942 9939
f 9759 9779 9784 9783
f 9773 9763 9760 9770
f 9761 9764 9774 9771
f 9762 9763 9773 9775
f 9764 9765 9776 9774
f 9803 9776 9765 9791
f 9767 9777 10058 10050
f 9773 9770 9768 10093
f 10056 9778 9769 10054
f 10094 9772 9771 9774
f 10095 9800 9772 10094
f 9776 9803 10095 10094
f 9777 9778 10056 10058
f 9780 9782 9940 9942
f 9943 9786 9781 9941
f 9785 9787 9810 9808
f 9810 9787 9786 9809
f 9959 9809 9786 9943
f 9788 9808 9810 9813
f 9788 9813 9960 9955
f 9789 9795 9805 9799
f 9814 9793 9790 9812
f 9961 9812 9790 9891
f 9791 9794 9806 9803
f 9806 9794 9792 9802
f 9793 9814 9845 9820
f 9807 9805 9795 9811
f 9796 9797 10077 10074
f 9797 9798 10079 10077
f 9798 9832 10115 10079
f 10096 9801 9799 9804
f 9806 9802 9800 10095
f 10158 9833 9801 10096
f 9804 9805 9807 10096
f 9807 9811 9822 9839
f 10158 10096 9807 9839
f 9960 9813 9809 9959
f 9962 9815 9812 9961
f 9814 9815 9846 9845
f 10031 9846 9815 9962
f 9816 10229 10267 9847
f 9817 9849 10281 10230
f 9840 9823 9818 9835
f 9841 9834 9819 9843
f 9844 9821 9820 9845
f 9840 9839 9822 9823
f 9824 9844 10033 9968
f 9841 9843 9825 9842
f 10250 9842 9825 10254
f 9860 9850 9826 9861
f 10034 9861 9826 10032
f 10111 9829 9827 10109
f 9828 9830 10112 10110
f 10115 9832 9829 10111
f 9830 9831 10114 10112
f 9831 9852 10142 10114
f 9836 9835 9833 10158
f 9838 9837 9834 9841
f 9839 9840 9836 10158
f 9837 9838 10242 9858
f 9838 9842 10250 10242
f 9844 9846 10031 10033
f 10280 9848 9847 10267
f 10281 9849 9848 10280
f 9863 9859 9850 9860
f 9851 10041 10042 10047
f 9851 10047 10691 10276
f 9852 9855 10146 10142
f 9853 9856 10145 10140
f 10146 9855 9854 10144
f 9856 9857 10147 10145
f 10754 10147 9857 10248
f 10243 10240 9858 10242
f 9859 9863 10259 10256
f 9860 9861 9862 9863
f 10035 9862 9861 10034
f 10259 9863 9862 10263
f 9862 10035 10682 10263
f 9869 9870 9872 9875
f 9873 9871 9869 9875
f 9871 9873 9897 9896
f 9872 9874 9876 9875
f 9873 9875 9876 9877
f 9873 9877 9898 9897
f 9923 9876 9874 9928
f 9931 9877 9876 9923
f 9907 9898 9877 9931
f 9948 9894 9878 9947
f 9879 9894 9948 9952
f 9887 9888 9890 9932
f 9915 9914 9887 9932
f 9888 9889 9966 9890
f 9989 9966 9889 9985
f 9933 9932 9890 9934
f 10019 9934 9890 9966
f 9892 9893 9951 9945
f 9893 9895 9954 9951
f 10022 9954 9895 9971
f 9896 9897 9901 9900
f 9897 9898 9902 9901
f 9908 9902 9898 9907
f 9899 9900 9901 9903
f 9899 9903 10004 9999
f 9901 9902 9904 9903
f 9909 9904 9902 9908
f 9903 9904 10005 10004
f 9904 9909 10011 10005
f 9905 9906 9910 9937
f 9911 9906 9905 9975
f 9935 9936 9905 9937
f 9905 9936 10020 9975
f 9906 9908 9907 9910
f 9909 9908 9906 9911
f 9907 9931 9930 9910
f 9909 9911 10013 10011
f 9929 9937 9910 9930
f 9911 9975 10012 10013
f 9912 9914 9915 9916
f 9913 9916 9917 9919
f 9917 9916 9915 9918
f 9915 9932 9933 9918
f 9917 9918 9921 9920
f 9922 9919 9917 9920
f 9935 9921 9918 9933
f 9925 9922 9920 9924
f 9920 9921 9929 9924
f 9937 9929 9921 9935
f 9923 9928 9926 9927
f 9930 9931 9923 9927
f 9926 9925 9924 9927
f 9924 9929 9930 9927
f 9933 9934 9936 9935
f 10020 9936 9934 10019
f 9950 9947 9944 9949
f 9953 9946 9945 9951
f 9946 9953 10023 10021
f 9949 9952 9948 9950
f 9953 9954 10022 10023
f 9956 9957 9962 9958
f 9966 9989 9993 10019
f 9969 9973 10028 10026
f 10027 9972 9970 10024
f 9971 9972 10027 10022
f 9973 9974 10030 10028
f 9974 10003 10038 10030
f 9996 10012 9975 10020
f 9982 9981 9976 9987
f 9977 9983 9982 9987
f 10572 9983 9977 10538
f 9985 9986 9990 9989
f 9986 9988 9992 9990
f 10600 9992 9988 10599
f 9989 9990 9991 9993
f 9994 9991 9990 9992
f 9996 9993 9991 9995
f 9991 9994 9997 9995
f 10602 9994 9992 10600
f 10020 10019 9993 9996
f 10606 9997 9994 10602
f 10012 9996 9995 10016
f 9995 9997 10017 10016
f 10634 10017 9997 10606
f 9998 9999 10004 10006
f 10007 10000 9998 10006
f 10000 10007 10571 10570
f 10043 10002 10001 10039
f 10038 10003 10002 10043
f 10004 10005 10008 10006
f 10010 10008 10005 10011
f 10009 10007 10006 10008
f 10007 10009 10636 10571
f 10014 10009 10008 10010
f 10009 10014 10628 10636
f 10010 10011 10013 10015
f 10018 10014 10010 10015
f 10015 10013 10012 10016
f 10014 10018 10631 10628
f 10015 10016 10017 10018
f 10631 10018 10017 10634
f 10021 10023 10027 10024
f 10025 10026 10028 10029
f 10025 10029 10037 10036
f 10029 10030 10038 10037
f 10036 10037 10044 10040
f 10037 10038 10043 10044
f 10039 10040 10044 10043
f 10568 10045 10041 10567
f 10046 10047 10042 10045
f 10569 10046 10045 10568
f 10046 10569 10624 10692
f 10691 10047 10046 10692
f 10048 10049 10057 10055
f 10049 10050 10058 10057
f 10069 10052 10051 10067
f 10071 10053 10052 10069
f 10054 10055 10057 10056
f 10098 10097 10060 10061
f 10100 10099 10063 10064
f 10064 10091 10103 10100
f 10065 10066 10068 10067
f 10066 10070 10069 10068
f 10072 10073 10087 10082
f 10073 10076 10088 10087
f 10078 10075 10074 10077
f 10075 10078 10081 10080
f 10127 10088 10076 10119
f 10078 10079 10115 10081
f 10111 10109 10080 10081
f 10082 10083 10085 10084
f 10086 10083 10082 10087
f 10089 10085 10083 10086
f 10084 10085 10126 10125
f 10085 10089 10128 10126
f 10128 10089 10088 10127
f 10091 10092 10105 10103
f 10104 10101 10100 10103
f 10106 10123 10124 10159
f 10108 10110 10112 10113
f 10108 10113 10143 10139
f 10113 10114 10142 10143
f 10135 10120 10116 10131
f 10117 10118 10134 10129
f 10118 10121 10138 10134
f 10119 10120 10135 10127
f 10766 10138 10121 10748
f 10160 10159 10124 10149
f 10125 10126 10132 10131
f 10126 10128 10136 10132
f 10130 10134 10137 10133
f 10131 10132 10136 10135
f 10133 10137 10157 10156
f 10137 10138 10766 10157
f 10146 10144 10139 10143
f 10148 10141 10140 10145
f 10141 10148 10756 10745
f 10756 10148 10147 10754
f 10161 10160 10149 10153
f 10163 10162 10154 10155
f 10815 10163 10155 10771
f 10156 10157 10764 10761
f 10448 10210 10164 10352
f 10172 10168 10166 10169
f 10167 10168 10188 10183
f 10168 10172 10202 10188
f 10169 10170 10174 10172
f 10170 10173 10175 10174
f 10171 10176 10543 10537
f 10550 10191 10171 10537
f 10542 10175 10173 10540
f 10176 10177 10174 10175
f 10543 10176 10175 10542
f 10179 10180 10407 10404
f 10180 10181 10411 10408
f 10181 10182 10380 10411
f 10182 10184 10391 10381
f 10184 10185 10398 10391
f 10185 10186 10399 10398
f 10186 10187 10401 10399
f 10187 10204 10433 10401
f 10195 10378 10188 10202
f 10190 10191 10203 10201
f 10589 10203 10191 10550
f 10428 10193 10192 10426
f 10419 10197 10193 10428
f 10194 10195 10202 10201
f 10203 10196 10194 10201
f 10196 10203 10589 10590
f 10422 10199 10197 10419
f 10198 10199 10422 10420
f 10423 10200 10198 10420
f 10474 10219 10200 10423
f 10204 10205 10435 10433
f 10205 10206 10438 10437
f 10206 10213 10457 10438
f 10451 10212 10210 10448
f 10211 10212 10451 10449
f 10456 10213 10211 10449
f 10214 10218 10470 10500
f 10499 10271 10214 10500
f 10470 10218 10217 10472
f 10217 10221 10477 10472
f 10476 10220 10219 10474
f 10477 10221 10220 10476
f 10222 10223 10480 10479
f 10224 10225 10483 10482
f 10225 10228 10485 10483
f 10226 10270 10498 10481
f 10485 10228 10227 10487
f 10229 10492 10425 10586
f 10233 10237 10264 10683
f 10265 10239 10234 10684
f 10235 10240 10243 10255
f 10245 10244 10236 10257
f 10237 10256 10259 10260
f 10262 10261 10238 10265
f 10241 10244 10245 10810
f 10811 10293 10241 10810
f 10243 10250 10254 10255
f 10245 10257 10258 10246
f 10246 10258 10306 10812
f 10811 10810 10246 10812
f 10752 10249 10247 10746
f 10248 10249 10752 10754
f 10251 10252 10755 10747
f 10252 10253 10758 10755
f 10253 10300 10779 10758
f 10259 10263 10264 10260
f 10261 10262 10309 10308
f 10262 10266 10310 10309
f 10263 10682 10683 10264
f 10265 10684 10685 10266
f 10694 10310 10266 10685
f 10699 10277 10267 10280
f 10268 10297 10299 10305
f 10269 10282 10298 10295
f 10270 10271 10499 10461
f 10496 10273 10272 10495
f 10272 10274 10501 10495
f 10507 10283 10273 10496
f 10274 10275 10503 10501
f 10275 10292 10514 10503
f 10693 10278 10276 10691
f 10623 10619 10278 10688
f 10279 10686 10687 10689
f 10742 10510 10279 10689
f 10280 10699 10701 10281
f 10814 10298 10282 10307
f 10314 10286 10284 10289
f 10285 10287 10315 10291
f 10286 10314 10310 10694
f 10287 10288 10316 10315
f 10532 10316 10288 10511
f 10289 10290 10313 10314
f 10290 10308 10309 10313
f 10312 10311 10291 10315
f 10299 10297 10293 10811
f 10787 10304 10294 10783
f 10813 10296 10295 10298
f 10843 10523 10296 10813
f 10299 10812 10306 10305
f 10300 10304 10787 10779
f 10301 10302 10785 10782
f 10302 10303 10788 10785
f 10303 10521 10824 10788
f 10307 10530 10844 10814
f 10311 10312 10531 10528
f 10312 10316 10532 10531
f 10320 10324 10354 10348
f 10351 10323 10322 10349
f 10355 10325 10323 10351
f 10324 10325 10355 10354
f 10328 10335 10445 10444
f 10374 10330 10329 10371
f 10330 10374 10375 10336
f 10366 10332 10331 10364
f 10365 10334 10332 10366
f 10454 10337 10334 10365
f 10335 10337 10454 10445
f 10358 10340 10339 10357
f 10359 10341 10340 10358
f 10367 10342 10341 10359
f 10363 10345 10342 10367
f 10343 10345 10363 10360
f 10392 10344 10343 10386
f 10352 10353 10450 10448
f 10353 10356 10460 10450
f 10356 10481 10498 10460
f 10360 10362 10394 10387
f 10394 10362 10361 10396
f 10397 10396 10361 10455
f 10443 10372 10369 10441
f 10447 10373 10372 10443
f 10410 10411 10380 10413
f 10380 10381 10414 10413
f 10381 10391 10415 10414
f 10391 10398 10416 10415
f 10395 10397 10455 10446
f 10398 10399 10400 10416
f 10417 10400 10399 10401
f 10430 10416 10400 10421
f 10400 10417 10431 10421
f 10434 10417 10401 10433
f 10406 10405 10404 10407
f 10406 10407 10408 10409
f 10410 10409 10408 10411
f 10412 10413 10414 10427
f 10428 10426 10412 10427
f 10414 10415 10429 10427
f 10415 10416 10430 10429
f 10473 10431 10417 10434
f 10419 10428 10427 10429
f 10430 10422 10419 10429
f 10430 10421 10420 10422
f 10420 10421 10431 10423
f 10423 10431 10473 10474
f 10424 10584 10585 10696
f 10425 10492 10493 10698
f 10585 10586 10425 10696
f 10436 10434 10433 10435
f 10434 10436 10475 10473
f 10439 10436 10435 10437
f 10436 10439 10468 10475
f 10437 10438 10467 10439
f 10438 10457 10458 10467
f 10439 10467 10469 10468
f 10448 10450 10452 10451
f 10449 10451 10452 10453
f 10449 10453 10459 10456
f 10462 10452 10450 10460
f 10463 10453 10452 10462
f 10458 10457 10456 10459
f 10458 10459 10465 10471
f 10469 10467 10458 10471
f 10460 10498 10461 10462
f 10464 10462 10461 10499
f 10500 10465 10464 10499
f 10465 10500 10470 10471
f 10472 10477 10468 10469
f 10476 10475 10468 10477
f 10470 10472 10469 10471
f 10476 10474 10473 10475
f 10574 10616 10478 10708
f 10709 10708 10478 10712
f 10486 10484 10483 10485
f 10493 10494 10701 10698
f 10502 10497 10495 10501
f 10496 10497 10508 10507
f 10497 10502 10513 10508
f 10502 10503 10514 10513
f 10505 10506 10520 10529
f 10505 10523 10526 10506
f 10527 10520 10506 10526
f 10509 10528 10515 10516
f 10740 10517 10510 10742
f 10511 10519 10533 10532
f 10518 10516 10515 10533
f 10515 10528 10531 10533
f 10715 10713 10517 10740
f 10844 10530 10520 10527
f 10521 10525 10831 10824
f 10527 10526 10523 10843
f 10831 10525 10524 10827
f 10537 10543 10547 10548
f 10594 10572 10538 10575
f 10539 10581 10550 10552
f 10539 10551 10582 10581
f 10540 10541 10546 10542
f 10541 10544 10545 10546
f 10547 10543 10542 10546
f 10555 10545 10544 10553
f 10547 10546 10545 10549
f 10556 10549 10545 10555
f 10552 10548 10547 10549
f 10558 10551 10549 10556
f 10550 10581 10587 10589
f 10551 10558 10560 10582
f 10562 10555 10553 10561
f 10562 10561 10554 10563
f 10655 10563 10554 10639
f 10564 10556 10555 10562
f 10558 10559 10566 10560
f 10559 10564 10565 10566
f 10591 10582 10560 10611
f 10560 10566 10609 10611
f 10562 10563 10565 10564
f 10609 10566 10565 10610
f 10570 10571 10617 10615
f 10627 10617 10571 10636
f 10595 10593 10572 10594
f 10573 10594 10575 10574
f 10595 10594 10573 10596
f 10705 10596 10573 10706
f 10573 10574 10707 10706
f 10615 10616 10574 10575
f 10581 10582 10591 10587
f 10587 10588 10590 10589
f 10592 10588 10587 10591
f 10612 10592 10591 10611
f 10593 10595 10598 10599
f 10595 10596 10597 10598
f 10710 10597 10596 10705
f 10601 10598 10597 10603
f 10722 10603 10597 10710
f 10600 10599 10598 10601
f 10600 10601 10604 10602
f 10601 10603 10605 10604
f 10602 10604 10607 10606
f 10726 10605 10603 10722
f 10604 10605 10608 10607
f 10727 10608 10605 10726
f 10606 10607 10626 10634
f 10607 10608 10635 10626
f 10732 10635 10608 10727
f 10612 10611 10609 10613
f 10614 10613 10609 10610
f 10668 10614 10610 10667
f 10618 10616 10615 10617
f 10616 10618 10714 10711
f 10622 10618 10617 10627
f 10618 10622 10717 10714
f 10687 10686 10620 10621
f 10621 10625 10690 10687
f 10622 10627 10629 10630
f 10622 10630 10718 10717
f 10692 10624 10623 10688
f 10741 10690 10625 10716
f 10631 10634 10626 10632
f 10633 10632 10626 10635
f 10627 10636 10628 10629
f 10628 10631 10632 10629
f 10633 10630 10629 10632
f 10630 10633 10719 10718
f 10633 10635 10732 10719
f 10637 10642 10643 10638
f 10644 10641 10638 10643
f 10640 10641 10670 10669
f 10641 10644 10671 10670
f 10646 10643 10642 10645
f 10651 10644 10643 10646
f 10644 10651 10675 10671
f 10649 10646 10645 10647
f 10646 10649 10650 10651
f 10673 10650 10648 10672
f 10675 10651 10650 10673
f 10658 10653 10652 10657
f 10661 10654 10653 10658
f 10654 10661 10679 10663
f 10655 10656 10666 10667
f 10657 10659 10660 10658
f 10658 10660 10662 10661
f 10661 10662 10678 10679
f 10680 10664 10663 10679
f 10681 10665 10664 10680
f 10670 10671 10736 10734
f 10671 10675 10739 10736
f 10673 10674 10739 10675
f 10674 10738 10737 10739
f 10676 10681 10680 10677
f 10679 10678 10677 10680
f 10691 10692 10688 10693
f 10689 10690 10741 10742
f 10696 10699 10700 10697
f 10721 10710 10705 10720
f 10706 10707 10709 10720
f 10709 10712 10728 10720
f 10710 10721 10723 10722
f 10728 10712 10711 10714
f 10715 10740 10741 10716
f 10717 10718 10730 10728
f 10718 10719 10731 10730
f 10729 10731 10719 10732
f 10730 10721 10720 10728
f 10721 10730 10731 10723
f 10722 10723 10724 10726
f 10727 10726 10724 10725
f 10732 10727 10725 10729
f 10733 10734 10736 10735
f 10735 10736 10739 10737
f 10764 10749 10743 10760
f 10744 10750 10767 10762
f 10753 10746 10745 10756
f 10747 10755 10759 10757
f 10764 10766 10748 10749
f 10750 10751 10768 10767
f 10804 10768 10751 10778
f 10757 10759 10780 10777
f 10780 10759 10758 10779
f 10762 10765 10770 10769
f 10763 10769 10794 10793
f 10765 10767 10768 10770
f 10803 10770 10768 10804
f 10769 10770 10803 10794
f 10816 10815 10771 10791
f 10802 10773 10772 10797
f 10804 10778 10773 10802
f 10774 10775 10807 10800
f 10775 10776 10808 10807
f 10841 10808 10776 10829
f 10786 10783 10777 10780
f 10789 10784 10782 10785
f 10784 10789 10823 10822
f 10823 10789 10788 10824
f 10798 10795 10792 10796
f 10832 10796 10792 10833
f 10799 10797 10794 10803
f 10818 10817 10795 10801
f 10836 10798 10796 10832
f 10837 10801 10798 10836
f 10804 10802 10799 10803
f 10845 10818 10801 10837
f 10805 10807 10809 10806
f 10806 10809 10840 10838
f 10840 10809 10808 10841
f 10813 10814 10844 10843
f 10831 10827 10822 10823
f 10825 10826 10830 10828
f 10842 10830 10826 10834
f 10829 10830 10842 10841
f 10832 10833 10835 10836
f 10835 10846 10845 10837
f 10838 10840 10842 10839
